10000 25000
1269 6130 40
1269 3837 98
1269 3570 1
1269 4013 89
1269 300 32
6130 3096 4
6130 8382 87
6130 5463 89
6130 4772 54
4710 7343 84
4710 8514 13
4710 5205 54
4710 9850 50
4710 1915 40
7343 2541 46
7343 5063 10
7343 5186 99
7343 951 9
8332 8402 50
8332 3958 97
8332 3594 57
8332 7064 26
8332 9325 8
8402 3802 43
8402 477 74
8402 6626 31
8402 1767 59
904 9415 47
904 4707 58
904 4505 35
904 6136 12
904 4186 74
9415 8636 2
9415 2246 66
9415 8490 76
9415 4809 94
4591 6897 7
4591 8252 35
4591 9872 59
4591 2010 51
4591 809 57
6897 2319 66
6897 2811 79
6897 8811 83
6897 4869 91
7158 7354 75
7158 120 69
7158 2101 26
7158 6687 56
7158 4602 39
7354 6668 50
7354 817 90
7354 7964 63
7354 7105 64
4133 9991 16
4133 4048 29
4133 6354 10
4133 5575 93
4133 9072 24
9991 593 41
9991 7617 24
9991 1842 76
9991 7743 17
351 4513 78
351 3563 46
351 181 5
351 1465 36
351 3763 31
4513 1238 31
4513 8956 4
4513 5366 28
4513 8810 65
3845 8770 32
3845 2949 90
3845 7405 65
3845 9042 70
3845 7676 49
8770 5131 87
8770 6577 49
8770 8928 58
8770 9441 29
96 3240 16
96 3908 70
96 315 29
96 7642 1
96 7850 5
3240 7165 58
3240 3412 19
3240 6666 21
3240 4415 23
873 7069 9
873 999 1
873 688 62
873 3627 90
873 7056 87
7069 6559 46
7069 5177 75
7069 3370 60
7069 4446 13
1474 9164 59
1474 6970 69
1474 8564 10
1474 1828 60
1474 9631 14
9164 6817 37
9164 84 61
9164 6811 17
9164 4688 6
4368 7764 86
4368 6309 67
4368 4411 87
4368 4383 71
4368 9173 40
7764 2879 44
7764 1436 23
7764 8521 69
7764 8904 24
4442 7713 1
4442 3399 40
4442 5255 39
4442 9099 85
4442 7184 10
7713 8459 34
7713 672 70
7713 4236 81
7713 523 22
1350 9128 33
1350 4884 31
1350 9365 30
1350 9821 57
1350 2293 74
9128 5278 94
9128 2682 23
9128 8082 100
9128 2899 35
1360 3400 6
1360 1421 66
1360 6126 80
1360 429 73
1360 1109 10
3400 6785 58
3400 883 46
3400 1880 45
3400 5778 6
7841 8700 22
7841 3568 8
7841 5216 17
7841 3239 22
7841 496 92
8700 4740 86
8700 6839 36
8700 3803 46
8700 8670 51
119 2850 36
119 4274 94
119 8954 58
119 8111 16
119 951 35
2850 1388 18
2850 6272 27
2850 5545 31
2850 5426 67
5390 5947 85
5390 6974 60
5390 6848 99
5390 893 20
5390 5971 34
5947 1245 56
5947 1265 67
5947 8609 22
5947 4670 86
163 678 93
163 6729 80
163 4656 47
163 5202 79
163 8379 19
678 5488 77
678 6476 70
678 5269 14
678 5518 31
1604 2979 38
1604 9237 73
1604 8944 80
1604 1039 79
1604 5629 69
2979 1666 62
2979 5756 29
2979 5253 43
2979 5340 89
2675 8221 88
2675 9571 80
2675 6119 44
2675 4554 3
2675 4373 100
8221 2140 23
8221 5792 66
8221 3450 43
8221 2630 95
490 8620 71
490 1917 12
490 3987 24
490 7061 55
490 9050 86
8620 6789 30
8620 1146 43
8620 7676 13
8620 5266 4
209 8378 65
209 144 88
209 456 10
209 9878 100
209 799 82
8378 2883 91
8378 8612 73
8378 5544 69
8378 8726 6
2518 4073 82
2518 5188 38
2518 4977 34
2518 1740 71
2518 9468 76
4073 8544 73
4073 5035 56
4073 8614 20
4073 48 60
6095 6113 63
6095 1505 75
6095 4409 42
6095 7721 87
6095 7921 55
6113 1879 82
6113 9528 94
6113 4456 1
6113 3259 63
2601 9211 97
2601 1392 68
2601 3060 29
2601 4538 58
2601 8588 43
9211 1050 92
9211 4059 97
9211 984 86
9211 657 36
3628 6799 48
3628 1049 87
3628 8869 14
3628 6109 90
3628 9041 29
6799 4410 25
6799 8729 43
6799 8589 100
6799 7553 94
4206 6281 1
4206 3195 48
4206 5986 61
4206 1774 7
4206 5350 36
6281 897 79
6281 5565 49
6281 8027 47
6281 2595 74
341 9436 19
341 1114 27
341 6058 95
341 9632 3
341 5741 39
9436 5646 59
9436 3648 7
9436 617 10
9436 3141 6
4747 6605 10
4747 1305 92
4747 1235 79
4747 4307 97
4747 1844 64
6605 8057 39
6605 7297 46
6605 3309 63
6605 641 88
7543 8834 6
7543 1815 2
7543 7055 19
7543 7165 57
7543 4150 11
8834 7963 85
8834 7897 57
8834 1334 61
8834 9499 73
2006 9001 78
2006 3955 34
2006 6204 16
2006 2248 96
2006 8244 80
9001 6043 26
9001 3926 18
9001 6692 83
9001 7193 72
4843 7067 29
4843 3636 40
4843 5674 11
4843 4026 100
4843 114 54
7067 4473 92
7067 5308 59
7067 3254 1
7067 1547 82
4087 8252 2
4087 3662 74
4087 5275 3
4087 7552 26
4087 1847 61
8252 1959 28
8252 6692 35
8252 8771 79
1329 4063 2
1329 4673 94
1329 8410 82
1329 9900 27
1329 4895 5
4063 8206 79
4063 3402 50
4063 7403 38
4063 4102 9
2072 8308 11
2072 8467 23
2072 1415 20
2072 2777 51
2072 24 3
8308 5362 91
8308 5718 72
8308 6885 79
8308 6156 49
2066 6019 5
2066 4650 55
2066 9005 66
2066 7533 42
2066 9233 14
6019 6497 46
6019 7774 1
6019 3083 66
6019 1913 85
798 3646 45
798 8615 27
798 9364 84
798 6583 58
798 3022 2
3646 6865 19
3646 3882 11
3646 7758 11
3646 8584 52
952 7496 60
952 6488 40
952 2605 26
952 4366 20
952 269 9
7496 3321 85
7496 2926 89
7496 8709 12
7496 8055 66
1292 7564 73
1292 8777 82
1292 6701 64
1292 9369 39
1292 4604 76
7564 1203 13
7564 8851 92
7564 5671 83
7564 1617 22
1385 4345 16
1385 527 77
1385 4952 20
1385 5692 46
1385 127 68
4345 270 5
4345 7898 73
4345 5689 63
4345 9402 70
3726 6179 96
3726 4712 47
3726 4725 4
3726 8112 17
3726 6792 74
6179 1409 78
6179 7530 63
6179 4533 56
6179 4671 35
467 2728 66
467 9199 34
467 8406 29
467 2845 52
467 8615 79
2728 6039 24
2728 8130 23
2728 2723 26
2728 5098 93
1461 4340 16
1461 2426 19
1461 2399 91
1461 1177 64
1461 8592 59
4340 9106 62
4340 3733 83
4340 2106 63
4340 9501 62
3355 7175 60
3355 2525 51
3355 2526 67
3355 1021 4
3355 2498 96
7175 8750 75
7175 7193 31
7175 8507 59
7175 4077 39
2141 7482 98
2141 539 31
2141 127 21
2141 807 6
2141 6209 95
7482 5012 83
7482 9637 9
7482 1252 100
7482 2475 41
725 9560 57
725 9849 98
725 3633 94
725 3395 91
725 757 21
9560 2124 17
9560 188 95
9560 5250 27
9560 6349 18
7478 9132 12
7478 3606 60
7478 6960 54
7478 1853 28
7478 8549 64
9132 720 64
9132 4104 21
9132 9030 71
9132 569 44
2779 3982 17
2779 2539 19
2779 8005 58
2779 1699 18
2779 8807 67
3982 9672 62
3982 5037 50
3982 311 65
3982 3648 79
2890 3032 37
2890 4618 76
2890 5139 55
2890 5701 59
2890 4917 60
3032 7714 95
3032 9081 77
3032 2057 22
3032 7505 85
133 8867 3
133 7262 15
133 2794 4
133 67 16
133 9798 15
8867 6721 36
8867 3256 78
8867 8068 59
8867 5618 74
2343 3802 68
2343 3436 15
2343 9893 54
2343 2746 30
2343 6822 63
3802 6329 61
3802 3310 33
3802 8003 33
3236 4608 14
3236 6762 51
3236 2855 46
3236 8283 32
3236 2844 10
4608 3735 43
4608 3333 51
4608 7876 2
4608 253 51
4761 5856 26
4761 7251 17
4761 8577 58
4761 8563 70
4761 7043 62
5856 201 74
5856 1440 30
5856 9251 65
5856 5173 89
2624 4983 10
2624 7569 59
2624 5321 74
2624 8977 24
2624 5214 5
4983 8982 2
4983 8434 16
4983 7439 91
4983 4207 64
4647 6508 7
4647 2193 74
4647 3541 58
4647 3911 13
4647 1728 61
6508 2727 91
6508 7658 96
6508 9688 9
6508 3586 99
5708 9342 30
5708 1102 33
5708 5234 56
5708 6803 69
5708 2404 95
9342 7234 92
9342 2321 30
9342 3312 18
9342 5702 77
2389 9812 8
2389 3755 75
2389 7516 19
2389 7181 54
2389 4660 60
9812 2233 91
9812 9475 10
9812 4818 58
9812 922 12
3508 9618 3
3508 8366 56
3508 4147 89
3508 6839 38
3508 5998 14
9618 8820 69
9618 9121 22
9618 2325 49
9618 4337 47
2534 5440 30
2534 5872 83
2534 8947 92
2534 2263 93
2534 6846 32
5440 7479 97
5440 8176 43
5440 6908 56
5440 4356 17
1481 4187 48
1481 3301 52
1481 6118 7
1481 6252 41
1481 4984 90
4187 6134 47
4187 2769 69
4187 3002 34
4187 2296 31
5035 5277 21
5035 1104 77
5035 1798 57
5035 7468 26
5277 5080 72
5277 4276 40
5277 5760 71
5277 6712 17
3082 8463 86
3082 3704 100
3082 935 65
3082 5104 67
3082 1118 21
8463 9801 11
8463 5496 24
8463 5572 77
8463 9023 14
3430 4450 21
3430 2947 47
3430 1913 29
3430 2842 57
3430 6731 37
4450 1077 16
4450 8299 55
4450 5014 17
4450 6913 12
1943 9321 15
1943 8651 96
1943 6736 20
1943 1213 18
1943 3108 39
9321 8886 24
9321 2936 69
9321 1207 72
9321 8109 31
308 5434 42
308 7314 79
308 3050 90
308 7568 10
308 218 44
5434 515 66
5434 945 44
5434 0 95
5434 9702 25
8472 9939 53
8472 8992 54
8472 5546 7
8472 8482 42
8472 3183 22
9939 2086 87
9939 7323 56
9939 6812 31
9939 9563 6
3307 5548 43
3307 8118 42
3307 8647 35
3307 4871 65
3307 5567 70
5548 8876 78
5548 4597 91
5548 9007 74
5548 221 82
7811 7978 43
7811 4787 24
7811 1771 18
7811 1306 53
7811 9218 33
7978 1521 65
7978 4269 51
7978 9689 18
7978 813 97
6496 9923 33
6496 3993 1
6496 6269 46
6496 9573 38
6496 6042 90
9923 9385 5
9923 3388 80
9923 9777 78
9923 3231 16
6076 8583 83
6076 4775 62
6076 3138 70
6076 1505 89
6076 5916 71
8583 4677 94
8583 6984 73
8583 7371 59
8583 8664 89
1435 7575 87
1435 7909 30
1435 8910 77
1435 3661 71
1435 3987 66
7575 263 12
7575 7231 97
7575 7617 61
7575 3574 68
4119 6365 20
4119 3191 12
4119 9425 45
4119 7849 61
4119 4600 69
6365 2144 12
6365 3260 100
6365 2113 5
6365 6279 98
1018 4254 50
1018 2786 17
1018 6129 88
1018 8683 33
1018 4736 24
4254 3929 63
4254 4726 59
4254 5995 81
4254 3291 64
6080 7012 1
6080 5294 82
6080 2490 73
6080 3177 48
6080 3166 14
7012 7689 24
7012 4619 67
7012 4547 85
7012 7358 31
1376 7934 34
1376 7483 49
1376 3647 92
1376 4863 12
1376 5725 85
7934 6557 84
7934 9594 13
7934 2655 99
7934 8758 57
2396 6795 27
2396 6150 84
2396 5703 29
2396 3545 3
2396 9030 37
6795 56 6
6795 8193 38
6795 2418 38
6795 9166 88
5553 7495 39
5553 366 77
5553 9014 31
5553 1793 72
5553 5093 26
7495 5047 41
7495 7772 39
7495 5261 73
7495 9627 85
1325 5902 11
1325 8403 60
1325 1427 64
1325 8491 91
1325 1718 38
5902 8367 25
5902 8588 27
5902 1489 61
5902 6817 65
935 7410 54
935 6614 75
935 786 2
935 4149 83
7410 7665 26
7410 3968 86
7410 287 74
7410 652 18
3491 9398 2
3491 4873 2
3491 2022 83
3491 371 10
3491 5909 64
9398 6931 24
9398 6229 98
9398 7895 59
9398 7722 75
1380 3330 3
1380 9320 73
1380 8816 19
1380 8399 2
1380 7127 64
3330 4394 12
3330 3362 62
3330 8628 62
3330 6055 78
1699 4773 84
1699 7559 82
1699 874 74
1699 6862 49
4773 6806 16
4773 5339 84
4773 9287 98
4773 2172 73
889 2689 31
889 1766 1
889 7204 75
889 5612 99
889 8393 66
2689 8851 90
2689 5274 65
2689 4832 34
2689 1339 76
813 3633 82
813 2841 66
813 2557 77
813 5469 54
3633 9445 64
3633 3255 82
3633 3456 64
1196 5091 72
1196 1770 65
1196 2148 61
1196 3865 98
1196 1479 44
5091 6720 45
5091 5989 1
5091 6800 100
5091 6024 2
3066 9784 70
3066 5596 36
3066 8512 31
3066 9375 100
3066 6665 12
9784 2715 50
9784 8808 34
9784 5120 44
9784 5101 78
6319 7536 69
6319 1234 96
6319 3595 64
6319 9314 2
6319 5842 26
7536 5241 72
7536 5843 83
7536 9544 50
7536 1133 49
2771 8146 95
2771 3678 41
2771 1128 75
2771 1084 87
2771 9044 100
8146 6433 69
8146 4510 51
8146 1542 45
8146 3873 88
7659 9785 96
7659 1781 1
7659 7071 83
7659 9624 97
7659 1287 56
9785 2680 74
9785 4205 30
9785 2193 38
9785 9158 15
6568 8240 100
6568 1831 87
6568 5762 63
6568 5794 11
6568 5684 38
8240 2870 3
8240 6038 52
8240 3247 65
8240 3316 75
4914 8275 98
4914 5784 9
4914 358 77
4914 3603 83
4914 9401 84
8275 4018 94
8275 6862 61
8275 7528 55
8275 1626 66
1137 4861 24
1137 4556 60
1137 9685 67
1137 8251 72
1137 6788 67
4861 3380 20
4861 9558 12
4861 2122 97
4861 6587 40
1107 1986 69
1107 3950 35
1107 5938 81
1107 2069 32
1107 6722 4
1986 8591 9
1986 5432 46
1986 5245 17
1986 6222 73
5111 6695 82
5111 1316 13
5111 7380 98
5111 104 72
5111 3009 96
6695 1046 34
6695 8058 46
6695 8921 46
6695 1891 20
5596 274 5
5596 6878 85
5596 6846 82
5596 9355 93
443 4049 68
443 6226 99
443 9906 21
443 9301 93
443 3695 28
4049 1133 75
4049 2082 67
4049 5445 62
4049 2511 97
16 6456 54
16 3029 91
16 7819 69
16 6032 26
16 3190 90
6456 6682 65
6456 3850 68
6456 3488 84
6456 1057 98
9 1313 88
9 1363 6
9 7382 26
9 9200 5
9 4435 88
1313 596 36
1313 4823 20
1313 3386 57
1313 800 10
2885 6689 33
2885 9255 21
2885 4551 47
2885 227 69
2885 2891 24
6689 7283 30
6689 816 38
6689 6545 1
6689 6466 13
3042 5360 84
3042 340 52
3042 6176 15
3042 8929 24
3042 8499 22
5360 95 16
5360 9626 19
5360 8138 3
5360 3554 96
3324 4292 68
3324 4780 90
3324 7961 28
3324 4510 81
3324 2720 50
4292 5732 57
4292 8578 72
4292 8065 33
4292 1317 58
2461 7300 10
2461 9451 49
2461 8923 36
2461 2813 52
2461 6003 7
7300 5689 73
7300 3828 28
7300 983 40
7300 4276 4
5136 8980 78
5136 3264 46
5136 7287 80
5136 5222 54
5136 462 53
8980 2244 21
8980 1909 88
8980 1266 52
8980 6025 63
6411 8390 46
6411 2277 91
6411 192 24
6411 3089 4
6411 5079 53
8390 4731 10
8390 9185 5
8390 1344 65
8390 7916 15
273 9091 6
273 5147 16
273 8200 77
273 8688 90
273 8676 43
9091 7266 70
9091 2120 3
9091 8166 60
9091 520 40
5577 9103 28
5577 2593 35
5577 7994 32
5577 2320 92
5577 4053 62
9103 1000 47
9103 7264 75
9103 9934 54
9103 9265 45
3526 5530 55
3526 2714 48
3526 8963 96
3526 7387 28
3526 138 43
5530 5246 99
5530 8982 64
5530 1659 86
5530 3568 13
1419 1833 31
1419 6371 89
1419 4847 77
1419 1924 98
1419 4150 100
1833 4199 19
1833 5391 57
1833 9470 99
1833 6116 22
920 4364 26
920 2670 53
920 4550 23
920 5221 38
920 6547 79
4364 9938 72
4364 4291 82
4364 5732 88
4364 9672 39
995 7921 22
995 355 41
995 5166 60
995 9899 45
995 8603 36
7921 4896 97
7921 2546 85
7921 5403 16
647 8901 32
647 5219 41
647 9822 50
647 9932 12
647 3655 14
8901 3636 1
8901 4121 2
8901 9277 1
8901 346 75
6056 7236 45
6056 3858 25
6056 4828 37
6056 5196 20
6056 8756 100
7236 4184 24
7236 1138 86
7236 3209 29
7236 4130 37
3716 5812 3
3716 4991 53
3716 4902 34
3716 4673 99
3716 887 36
5812 7531 85
5812 7691 56
5812 8634 66
5812 2742 78
505 1089 70
505 439 81
505 4575 94
505 1872 41
505 5507 35
1089 706 80
1089 363 82
1089 6164 68
1089 7437 16
3423 4247 16
3423 1354 99
3423 6708 63
3423 8974 53
3423 4933 100
4247 9750 75
4247 8547 41
4247 7045 54
4247 7220 29
1071 1500 54
1071 5290 80
1071 7153 42
1071 9231 82
1071 8939 60
1500 4669 70
1500 3588 30
1500 4823 16
1500 5925 74
6263 9966 71
6263 2908 36
6263 1925 14
6263 6779 9
6263 3597 4
9966 7762 84
9966 7063 53
9966 3256 42
9966 9019 99
1779 4970 36
1779 7561 37
1779 7903 8
1779 7579 5
1779 5226 14
4970 7454 58
4970 2158 37
4970 6720 98
4970 8363 10
3431 6582 48
3431 5062 28
3431 2880 27
3431 9963 90
3431 1977 77
6582 755 60
6582 8018 43
6582 7454 54
6582 5463 15
8138 9341 16
8138 2839 22
8138 3373 34
8138 6477 48
9341 4885 17
9341 4270 80
9341 1256 13
9341 8800 60
215 1515 36
215 7444 49
215 6493 86
215 6999 78
215 319 35
1515 6122 69
1515 1299 50
1515 1274 39
1515 4876 84
240 8927 24
240 1463 55
240 7502 10
240 8723 98
240 1250 59
8927 6620 16
8927 9058 32
8927 9981 87
8927 6036 20
2583 8178 19
2583 9264 44
2583 2410 26
2583 2362 8
2583 3961 84
8178 1188 18
8178 3109 100
8178 7616 33
8178 5592 58
3148 6644 59
3148 9682 44
3148 2209 20
3148 388 77
3148 4139 34
6644 4299 43
6644 7998 30
6644 2322 3
6644 6860 2
870 3846 50
870 1200 41
870 782 93
870 524 48
870 1588 93
3846 5127 1
3846 4985 16
3846 6071 97
3846 6250 96
792 6407 41
792 5806 59
792 3241 58
792 8698 56
792 6634 38
6407 3883 3
6407 4817 100
6407 5722 14
6407 3737 49
5131 6555 72
5131 2252 39
5131 9136 10
5131 1326 70
8161 8951 54
8161 9626 67
8161 5997 2
8161 759 12
8161 6923 6
8951 9142 34
8951 152 52
8951 7044 68
8951 8294 57
5941 7821 94
5941 7777 62
5941 6542 11
5941 9352 91
5941 7332 42
7821 638 32
7821 8376 6
7821 371 92
7821 7219 15
5839 9988 94
5839 5316 28
5839 5288 21
5839 6014 86
5839 3840 59
9988 3095 51
9988 6059 31
9988 8853 6
9988 6228 15
5469 8765 68
5469 9401 57
5469 3013 21
5469 8211 23
8765 7135 73
8765 5823 27
8765 3944 40
8765 9674 78
1654 7311 26
1654 9344 23
1654 8983 21
1654 6040 48
1654 354 71
7311 3269 70
7311 1113 32
7311 8122 84
7311 1111 59
5819 7831 73
5819 2113 24
5819 7680 19
5819 6822 14
5819 3878 17
7831 6185 18
7831 8570 90
7831 2362 90
7831 4870 61
8563 9116 32
8563 9353 58
8563 6775 94
8563 6068 57
9116 2991 72
9116 3439 68
9116 3970 87
9116 4922 54
2427 2538 45
2427 5447 96
2427 5439 31
2427 9737 21
2427 4314 32
2538 7143 19
2538 2031 95
2538 8886 62
2538 5101 21
1580 3605 28
1580 8360 72
1580 4461 21
1580 7137 80
1580 4088 85
3605 7324 15
3605 6533 20
3605 9750 96
3605 4302 36
2197 7711 93
2197 4759 1
2197 6000 94
2197 2973 63
2197 3986 89
7711 8882 86
7711 2730 11
7711 2568 3
7711 2191 71
2591 4632 22
2591 5292 100
2591 5423 38
2591 7920 40
2591 1322 85
4632 3256 60
4632 1463 52
4632 385 70
4632 4508 16
1154 4894 15
1154 2243 60
1154 3345 86
1154 8074 38
1154 645 3
4894 9569 94
4894 2492 80
4894 7689 89
4894 4216 38
2365 4289 16
2365 8225 47
2365 3489 71
2365 5064 56
2365 9403 29
4289 714 4
4289 4842 68
4289 8969 79
4289 7664 90
3454 5007 100
3454 1391 82
3454 1112 98
3454 2521 31
3454 8031 100
5007 6811 41
5007 8842 33
5007 266 45
5007 2037 95
4873 7549 90
4873 3552 15
4873 7346 11
4873 8400 50
7549 1926 13
7549 3824 36
7549 9847 73
7549 1668 2
5172 8370 63
5172 9299 37
5172 7323 21
5172 5482 50
5172 8418 70
8370 4343 63
8370 5808 8
8370 9210 66
8370 7282 13
7283 9133 98
7283 1828 34
7283 2678 42
7283 2034 12
1861 6449 25
1861 1209 38
1861 8737 86
1861 5367 9
1861 9376 30
6449 6165 43
6449 3378 86
6449 2843 37
6449 7267 11
1664 9318 75
1664 3968 48
1664 4631 23
1664 3664 54
1664 4016 24
9318 6698 69
9318 5411 79
9318 5122 17
9318 1078 74
5918 9099 80
5918 5760 38
5918 2287 91
5918 7519 67
5918 6585 45
9099 2968 84
9099 5428 37
9099 6631 99
5833 8237 89
5833 9852 84
5833 5164 76
5833 6043 32
5833 3139 63
8237 6459 82
8237 2161 63
8237 3551 31
8237 8685 77
3006 4443 2
3006 909 89
3006 5375 96
3006 7434 81
3006 7561 30
4443 6349 14
4443 4197 65
4443 9120 16
4443 8210 53
656 8158 58
656 5358 15
656 5623 98
656 488 15
656 2933 53
8158 2626 90
8158 9805 29
8158 2081 49
8158 2228 96
703 1588 91
703 2637 82
703 1825 13
703 774 96
703 9577 56
1588 6886 18
1588 5366 13
1588 4840 72
3509 3751 57
3509 9297 55
3509 559 62
3509 1810 35
3509 9804 26
3751 6754 2
3751 4685 38
3751 6674 26
3751 7054 95
2083 5865 11
2083 3031 74
2083 8197 35
2083 2590 58
2083 6283 13
5865 1052 72
5865 9544 90
5865 2938 37
5865 7703 88
3955 2185 99
3955 6845 79
3955 3523 69
3955 4228 82
3875 5013 95
3875 4456 77
3875 6469 56
3875 2797 69
3875 2312 77
5013 9631 69
5013 5887 33
5013 1037 97
5013 3133 9
5038 9844 28
5038 1278 23
5038 5657 58
5038 8056 94
5038 439 80
9844 7959 3
9844 6709 97
9844 5655 15
9844 3567 14
1468 2559 100
1468 6621 89
1468 7786 2
1468 4782 46
1468 996 86
2559 2781 53
2559 4756 2
2559 5244 70
2559 2874 91
3233 9710 84
3233 7519 23
3233 4771 40
3233 6524 21
3233 1028 82
9710 1832 4
9710 2558 86
9710 401 67
9710 3945 19
5222 5989 92
5222 4019 33
5222 3369 99
5222 230 18
5989 7735 22
5989 3075 69
5989 1114 52
4075 6764 13
4075 6939 100
4075 8457 92
4075 7555 34
4075 1539 56
6764 8622 43
6764 9350 47
6764 674 18
6764 8082 66
3207 7708 40
3207 2983 45
3207 9906 14
3207 1946 44
3207 4922 60
7708 6861 51
7708 1735 82
7708 8177 19
7708 9553 33
3088 8016 46
3088 3826 79
3088 7092 30
3088 5116 15
3088 8052 35
8016 570 66
8016 7534 100
8016 9261 89
8016 1760 43
6754 9347 24
6754 8789 16
6754 1639 59
6754 4651 17
9347 3579 99
9347 9189 20
9347 4769 54
9347 474 7
6091 9003 10
6091 6247 20
6091 2307 29
6091 9515 88
6091 9023 85
9003 5294 16
9003 9045 38
9003 5583 47
9003 9815 61
5203 6097 30
5203 7050 35
5203 3589 99
5203 5909 26
5203 3926 97
6097 3553 94
6097 5781 87
6097 6116 31
6097 2804 69
8982 6012 50
8982 9915 66
8982 6473 31
4317 4957 39
4317 2061 26
4317 8735 3
4317 6626 55
4317 8238 81
4957 2178 96
4957 4233 32
4957 9421 96
4957 1881 11
2754 4356 94
2754 9232 72
2754 6465 40
2754 3981 24
2754 8503 52
4356 214 90
4356 4925 69
4356 1766 35
135 1265 57
135 5946 54
135 6898 54
135 7952 81
135 1789 46
1265 8580 94
1265 7492 32
1265 359 84
1757 8862 70
1757 6008 34
1757 863 83
1757 4326 87
1757 4039 68
8862 1676 40
8862 7004 17
8862 4779 60
8862 7093 59
7266 5764 46
7266 5936 29
7266 9880 9
7266 8259 88
554 660 65
554 4316 77
554 9285 80
554 9773 11
554 2273 60
660 7205 6
660 8866 25
660 5289 36
660 331 27
1139 3565 68
1139 8152 28
1139 1375 12
1139 6767 35
1139 9736 47
3565 1177 75
3565 5795 6
3565 3925 72
3565 3779 61
918 8292 76
918 338 11
918 5838 97
918 3086 45
918 1082 92
8292 9215 19
8292 3397 94
8292 7124 54
8292 9430 54
1561 4197 97
1561 7580 15
1561 7561 48
1561 4029 58
1561 8355 89
4197 3343 77
4197 5476 58
4197 734 32
2108 6810 45
2108 3754 50
2108 5369 72
2108 5747 47
2108 8533 42
6810 7794 95
6810 1737 100
6810 1421 40
6810 63 89
4479 7355 8
4479 3027 28
4479 284 14
4479 1698 70
4479 68 100
7355 7275 94
7355 7985 8
7355 1527 16
7355 1728 11
1456 6655 3
1456 8717 100
1456 6928 55
1456 3473 88
1456 8805 51
6655 2656 44
6655 7996 68
6655 5905 6
6655 6725 46
2057 8750 44
2057 9377 91
2057 9650 79
2057 4739 70
8750 4540 77
8750 7545 51
8750 8418 18
200 2010 11
200 8155 76
200 178 86
200 7912 78
200 3449 12
2010 5155 46
2010 596 5
2010 3986 89
3851 4753 68
3851 2688 22
3851 9276 3
3851 6968 100
3851 9815 35
4753 150 22
4753 6902 95
4753 7016 49
4753 6623 92
3238 3772 25
3238 8078 33
3238 2403 86
3238 3700 13
3238 1900 24
3772 7095 70
3772 6576 50
3772 6743 11
3772 6654 48
973 8349 24
973 4885 31
973 8340 9
973 8779 73
973 4331 11
8349 2775 38
8349 2612 84
8349 8220 83
8349 7490 77
5493 6586 38
5493 7640 53
5493 929 4
5493 1106 45
5493 9855 34
6586 5133 33
6586 9139 55
6586 8522 88
6586 357 7
5068 5656 42
5068 3663 15
5068 9207 54
5068 8623 79
5068 766 30
5656 8782 84
5656 8827 43
5656 4842 33
5656 1138 54
5398 9732 23
5398 1973 59
5398 4380 74
5398 4980 17
5398 4941 1
9732 7820 67
9732 4847 77
9732 6851 43
9732 8795 58
6067 6858 55
6067 2124 55
6067 2435 84
6067 4954 52
6067 9541 39
6858 4135 62
6858 4832 80
6858 7068 79
6858 2349 98
4525 9578 69
4525 6155 63
4525 3167 5
4525 548 90
4525 8756 40
9578 8257 81
9578 2175 79
9578 1554 44
9578 3811 98
2105 4418 58
2105 3443 91
2105 4010 88
2105 5259 61
2105 3962 93
4418 3669 28
4418 4677 29
4418 2001 26
4418 5789 81
2003 4141 96
2003 5093 68
2003 3418 67
2003 5067 48
2003 5409 6
4141 2034 18
4141 4523 64
4141 7115 88
4141 6493 99
671 3473 59
671 1396 44
671 3840 11
671 1765 48
671 5030 96
3473 3062 38
3473 9109 67
3473 9492 77
4769 9157 35
4769 2686 87
4769 9461 53
4769 6404 92
9157 7020 40
9157 7454 55
9157 5638 74
9157 2848 67
1357 7184 97
1357 9873 53
1357 7247 3
1357 390 35
1357 1450 21
7184 5159 43
7184 6142 64
7184 1591 15
491 1785 85
491 8763 88
491 9072 15
491 7613 51
491 4520 46
1785 4003 40
1785 1246 76
1785 6270 1
1785 9495 82
4059 8997 98
4059 4322 35
4059 4470 48
4059 6541 47
8997 5036 39
8997 7939 78
8997 8774 11
8997 227 54
8394 9898 66
8394 7447 54
8394 5734 22
8394 2464 20
8394 1361 1
9898 6048 95
9898 7798 27
9898 8330 49
9898 8423 30
4211 9768 15
4211 8313 46
4211 9978 6
4211 289 99
4211 8279 39
9768 8604 5
9768 4111 34
9768 1502 26
9768 4338 71
1296 1431 37
1296 9446 42
1296 2144 92
1296 640 80
1296 6070 45
1431 1624 10
1431 7579 2
1431 5811 80
1431 3343 95
1703 5727 61
1703 1869 24
1703 7274 41
1703 2953 45
1703 4905 33
5727 3460 28
5727 934 41
5727 3945 21
5727 8244 34
2614 5584 68
2614 4543 80
2614 5484 11
2614 1120 75
2614 6429 80
5584 3543 93
5584 4629 25
5584 4494 25
5584 742 93
4794 8813 90
4794 7684 45
4794 3501 54
4794 4677 100
4794 5706 22
8813 6783 26
8813 3808 42
8813 6981 72
8813 7970 7
2994 9023 40
2994 5942 60
2994 3641 1
2994 3190 40
2994 5000 100
9023 6393 45
9023 2896 88
5046 6782 1
5046 2524 39
5046 7007 25
5046 8861 42
5046 7016 27
6782 4548 35
6782 2493 53
6782 9696 59
6782 2692 66
1992 6769 30
1992 583 50
1992 9267 58
1992 7999 62
1992 5975 15
6769 4409 63
6769 1749 33
6769 646 9
6769 4115 98
2379 4963 1
2379 3943 21
2379 8078 99
2379 2524 99
2379 7877 28
4963 423 87
4963 18 10
4963 3232 83
4963 3830 23
3795 3824 100
3795 4403 25
3795 5444 41
3795 4998 70
3795 7251 53
3824 2229 25
3824 323 32
3824 3874 10
4032 5457 36
4032 2198 20
4032 688 19
4032 3831 58
4032 409 75
5457 3275 38
5457 5504 46
5457 4460 41
5457 8908 29
8149 8939 81
8149 6733 94
8149 7133 17
8149 2680 69
8149 5760 73
8939 4504 26
8939 1035 16
8939 366 26
3291 5230 36
3291 5114 26
3291 6888 33
3291 1587 1
5230 3697 91
5230 8186 78
5230 294 43
5230 7188 28
911 7605 48
911 5061 15
911 6221 37
911 2660 40
911 468 79
7605 8449 69
7605 2170 88
7605 365 61
7605 9954 46
1563 9480 65
1563 5 75
1563 3545 49
1563 6290 30
1563 9301 50
9480 9015 31
9480 5675 97
9480 5178 97
9480 9506 49
1686 7601 34
1686 7139 6
1686 172 15
1686 9129 29
1686 1742 2
7601 5126 19
7601 5154 33
7601 225 19
7601 2692 17
7205 3595 27
7205 4887 30
7205 4499 84
7205 5945 95
1103 8714 97
1103 2856 5
1103 4980 6
1103 9425 64
1103 1781 63
8714 1302 85
8714 8590 51
8714 7544 50
8714 4335 82
4313 9240 6
4313 7907 97
4313 3854 5
4313 9881 63
4313 3286 79
9240 9230 26
9240 4594 35
9240 4305 5
9240 270 26
4965 6951 12
4965 1498 63
4965 4394 1
4965 3494 18
4965 2757 60
6951 7031 32
6951 8333 47
6951 7650 45
6951 1133 64
4581 6022 2
4581 7799 12
4581 942 38
4581 7304 98
4581 5749 86
6022 4060 20
6022 9463 63
6022 6349 29
6022 3870 95
7489 8492 40
7489 7285 10
7489 1794 17
7489 9581 20
7489 6245 19
8492 60 73
8492 1282 42
8492 9955 7
8492 1839 87
2662 6540 53
2662 8110 61
2662 8298 73
2662 336 8
2662 4611 18
6540 9600 11
6540 2411 90
6540 2643 17
6540 6524 66
6925 9847 7
6925 196 72
6925 9384 30
6925 4069 73
6925 681 92
9847 3546 1
9847 3110 97
9847 1892 38
228 8864 72
228 5811 2
228 6373 41
228 242 3
228 7432 14
8864 2370 24
8864 6994 41
8864 6720 17
8864 5202 44
5419 8060 48
5419 4684 51
5419 5688 50
5419 4186 61
5419 2845 60
8060 8086 46
8060 8814 92
8060 6840 26
8060 5825 27
773 4234 38
773 9069 42
773 9846 12
773 9701 15
773 748 93
4234 8818 62
4234 6753 98
4234 8231 43
4234 5991 40
4274 9662 21
4274 7374 35
4274 1396 46
4274 8181 70
9662 8409 3
9662 971 17
9662 2974 13
9662 6468 87
7956 9806 35
7956 3290 55
7956 274 19
7956 7324 41
7956 211 55
9806 2030 45
9806 4678 86
9806 2220 24
9806 3595 48
1578 2941 42
1578 5329 53
1578 1845 40
1578 3615 7
1578 4010 34
2941 9334 80
2941 9314 69
2941 9237 38
2941 7969 96
887 8685 31
887 1151 68
887 4975 74
887 6220 59
8685 4862 56
8685 1352 75
8685 1568 2
8800 9407 44
8800 414 4
8800 3488 78
8800 7443 75
9407 6279 63
9407 3063 75
9407 6891 30
9407 9942 23
7220 7671 37
7220 6598 87
7220 3684 53
7220 71 77
7671 1848 29
7671 7280 53
7671 8990 26
7671 3152 70
2645 5031 48
2645 9559 64
2645 7010 40
2645 5994 58
2645 5002 99
5031 8771 86
5031 212 33
5031 4982 42
5031 2088 76
2051 6544 74
2051 5215 82
2051 5724 73
2051 7307 13
2051 1409 71
6544 1616 99
6544 4719 91
6544 5228 67
6544 369 57
6373 9492 3
6373 2210 53
6373 9994 77
6373 764 76
9492 1712 85
9492 2161 72
9492 6289 31
5719 8702 82
5719 278 70
5719 8956 31
5719 6685 6
5719 7238 84
8702 6833 47
8702 4732 99
8702 2112 2
8702 3632 67
2350 2639 89
2350 8710 19
2350 9011 69
2350 2555 25
2350 3577 17
2639 2783 96
2639 1767 46
2639 2615 50
2639 6112 41
1638 2433 28
1638 6963 5
1638 5780 79
1638 5212 20
1638 7568 98
2433 3274 9
2433 1502 21
2433 3109 10
2433 9623 60
3974 8619 31
3974 306 38
3974 8405 22
3974 7088 39
3974 3169 85
8619 7875 70
8619 1060 41
8619 9824 71
8619 520 56
8151 8180 41
8151 5018 33
8151 4809 84
8151 974 41
8151 932 99
8180 7131 28
8180 9605 73
8180 4665 3
8180 4906 85
1162 8331 9
1162 4196 53
1162 4660 88
1162 4714 92
1162 2699 100
8331 4755 44
8331 4012 36
8331 9776 70
8331 6488 65
59 3551 98
59 4633 22
59 2718 82
59 1239 11
59 7449 7
3551 4115 12
3551 4439 42
3551 4387 33
7619 9073 27
7619 6127 62
7619 2749 6
7619 2597 48
7619 4348 79
9073 7334 9
9073 2919 59
9073 7819 57
9073 5322 1
2553 6381 79
2553 6740 55
2553 2202 99
2553 4628 57
2553 4299 31
6381 6132 63
6381 3133 52
6381 5911 62
6381 8710 39
3096 5088 9
3096 6118 93
3096 7331 94
3096 9677 27
5088 5228 100
5088 5663 16
5088 2805 99
5088 866 33
1167 3198 58
1167 1031 95
1167 1924 87
1167 9442 31
1167 5234 65
3198 8148 98
3198 9201 40
3198 6790 79
3198 8612 98
3883 1652 41
3883 3469 4
3883 9714 49
3883 4039 54
296 9506 9
296 6340 41
296 3222 81
296 5536 36
296 7322 94
9506 6346 54
9506 8270 92
9506 4696 71
1951 8383 17
1951 4228 51
1951 3684 88
1951 7929 100
1951 3215 93
8383 9478 43
8383 844 48
8383 1383 52
8383 4946 49
7766 9658 86
7766 7186 26
7766 5163 6
7766 9926 46
7766 3582 98
9658 1261 22
9658 3520 10
9658 3937 5
9658 4927 39
3763 6463 32
3763 4427 61
3763 7477 94
3763 1576 17
6463 7122 28
6463 8029 22
6463 2033 19
6463 7661 58
5663 6834 14
5663 5520 64
5663 4228 97
5663 9458 47
6834 740 56
6834 2489 60
6834 6290 59
6834 924 36
5921 9344 32
5921 3104 53
5921 1349 72
5921 8094 99
5921 122 83
9344 563 55
9344 8961 58
9344 6510 100
583 8925 54
583 7547 13
583 9442 6
583 4605 83
3669 8117 99
3669 8223 53
3669 3131 8
3669 4555 9
8117 4559 6
8117 839 25
8117 2354 85
8117 5156 45
5766 9591 6
5766 9450 64
5766 5330 43
5766 1827 28
5766 4629 57
9591 1535 28
9591 9071 86
9591 737 44
9591 7058 70
381 1484 44
381 3160 28
381 3621 74
381 393 27
381 157 71
1484 5150 50
1484 4899 87
1484 8880 50
1484 7881 4
5764 7116 5
5764 1594 52
5764 5667 36
5764 6078 54
7431 9156 72
7431 1020 66
7431 368 31
7431 5539 47
7431 7874 70
9156 2788 37
9156 162 9
9156 4867 55
9156 7307 45
15 2824 71
15 865 46
15 590 49
15 5832 80
15 339 40
2824 4499 71
2824 732 60
2824 8265 28
2824 6823 73
6448 9396 80
6448 4128 61
6448 6666 21
6448 6139 95
6448 955 50
9396 3285 80
9396 3545 11
9396 2113 51
9396 4643 98
4975 7749 95
4975 7132 9
4975 1287 58
4975 2603 21
7749 5042 11
7749 4238 6
7749 9874 56
7749 6598 67
2198 4072 66
2198 5534 18
2198 7718 62
2198 6178 91
4072 7000 34
4072 1235 20
4072 853 79
4072 3067 98
2977 3810 50
2977 117 98
2977 9924 92
2977 533 97
2977 4301 29
3810 3728 2
3810 1238 87
3810 3998 29
3810 7902 52
827 5893 86
827 268 77
827 5977 2
827 2562 2
827 7360 63
5893 3018 10
5893 4758 30
5893 6188 55
5893 5691 39
523 786 87
523 6292 4
523 2106 91
523 5815 97
786 3612 82
786 3158 29
786 7002 94
3399 2736 81
3399 3940 96
3399 9983 17
3399 7731 51
553 4570 40
553 3514 79
553 9890 98
553 6601 69
553 1080 61
4570 178 87
4570 4466 57
4570 377 20
4570 1909 50
4839 7861 38
4839 4826 69
4839 9726 86
4839 7209 15
4839 6808 93
7861 25 27
7861 6513 5
7861 3020 73
7861 8057 14
5801 9935 62
5801 6581 74
5801 1957 7
5801 4967 59
5801 4425 84
9935 4102 13
9935 878 56
9935 413 61
9935 4701 3
4220 7065 82
4220 7229 61
4220 9979 54
4220 770 62
4220 1575 87
7065 1174 92
7065 1963 57
7065 8942 61
7065 5537 1
2497 6741 17
2497 7026 99
2497 7386 61
2497 5154 18
2497 8420 54
6741 8246 96
6741 860 74
6741 1044 17
6741 4683 50
9136 9409 23
9136 8816 37
9136 1958 42
9136 1880 40
9409 8795 38
9409 5973 32
9409 6887 64
9409 8452 39
2605 6274 99
2605 4720 65
2605 3944 66
2605 713 19
6274 2992 87
6274 8339 97
6274 3313 82
6274 8708 26
764 6483 49
764 2955 98
764 2822 84
764 1509 17
6483 6504 29
6483 9889 94
6483 2920 36
6483 7796 37
4759 8043 45
4759 8828 99
4759 1716 52
4759 6064 77
1352 2681 64
1352 7341 56
1352 2503 57
1352 7348 36
2681 9624 99
2681 6661 11
2681 7301 48
2681 6724 71
590 6330 48
590 7583 17
590 5519 48
590 1670 76
6330 395 29
6330 4518 52
6330 4067 72
6330 7014 22
5201 9381 79
5201 9927 65
5201 1727 50
5201 9474 50
5201 9535 13
9381 4226 43
9381 1746 47
9381 2301 44
9381 9757 28
6185 557 55
6185 7728 86
6185 5515 84
6185 4334 87
6671 7724 92
6671 291 54
6671 8259 58
6671 3960 74
6671 8268 17
7724 8522 77
7724 4614 18
7724 5185 22
7724 4554 98
485 4035 65
485 675 83
485 1712 57
485 8364 2
485 4966 33
4035 6176 37
4035 2275 24
4035 3145 22
4035 826 29
7353 9973 95
7353 1291 48
7353 934 11
7353 883 56
7353 1579 72
9973 6476 67
9973 5020 44
9973 1192 4
9973 8145 29
1620 6818 49
1620 9608 69
1620 3254 16
1620 1596 17
1620 6041 46
6818 5915 10
6818 9839 84
6818 5532 53
6818 631 54
1297 1469 97
1297 2129 50
1297 1504 64
1297 9873 86
1297 1831 26
1469 3055 22
1469 5744 25
1469 195 92
1469 1615 20
753 2537 25
753 7808 95
753 6812 94
753 2166 60
753 3736 53
2537 5734 57
2537 5581 70
2537 5797 71
2537 114 71
1888 3600 18
1888 8632 42
1888 5347 24
1888 8974 93
1888 2867 76
3600 2846 44
3600 3561 79
3600 8966 6
3600 8365 35
6948 9695 14
6948 4980 91
6948 3012 38
6948 4996 87
6948 6106 59
9695 2962 22
9695 8293 95
9695 1715 20
9695 905 19
514 5904 26
514 6693 46
514 6362 93
514 2032 68
514 7257 65
5904 4533 27
5904 755 32
5904 6517 79
5904 1714 29
3654 7943 70
3654 3184 32
3654 4701 7
3654 7657 31
3654 7364 58
7943 2915 80
7943 4665 48
7943 9473 60
7943 6905 61
2878 9442 19
2878 5690 9
2878 4012 77
2878 4000 57
2878 6677 86
9442 6529 48
9442 3966 49
6837 8366 45
6837 6249 25
6837 5076 44
6837 2162 65
6837 5773 37
8366 2120 69
8366 2166 4
8366 7444 61
396 9066 15
396 6464 73
396 3078 88
396 5592 78
396 6272 19
9066 8557 34
9066 8905 38
9066 1430 70
9066 3049 62
3446 5927 66
3446 9810 29
3446 1520 40
3446 6344 76
3446 76 16
5927 6717 33
5927 3365 62
5927 6260 53
5927 1657 67
2539 73 42
2539 3057 56
2539 1449 83
2539 9406 17
6295 7036 66
6295 927 36
6295 9697 77
6295 7217 61
6295 998 68
7036 5218 87
7036 3847 52
7036 4319 53
7036 4291 48
1735 8646 59
1735 441 100
1735 2606 67
1735 8478 50
8646 710 29
8646 865 27
8646 7075 20
8646 404 39
3937 8416 78
3937 9056 78
3937 4441 47
3937 4341 10
8416 3843 94
8416 8585 40
8416 4150 57
8416 7408 17
692 2419 22
692 7120 86
692 459 26
692 6554 40
692 2167 74
2419 1962 22
2419 1160 5
2419 8199 17
2419 7590 99
6784 8890 47
6784 5845 48
6784 8074 75
6784 4207 33
6784 2170 56
8890 1769 90
8890 9183 16
8890 2969 95
8890 4661 51
7723 8351 49
7723 9014 11
7723 6999 34
7723 8324 12
7723 9558 13
8351 2184 10
8351 6306 3
8351 8572 52
8351 4199 64
3848 4402 30
3848 9953 32
3848 2930 16
3848 5186 7
3848 5479 28
4402 1315 69
4402 9333 40
4402 8586 10
4402 914 43
933 2481 7
933 436 22
933 368 79
933 6225 57
933 1797 78
2481 3992 82
2481 1864 23
2481 236 9
2481 5821 66
4397 6307 16
4397 644 26
4397 9700 6
4397 8200 4
4397 447 11
6307 2443 52
6307 264 73
6307 3150 47
6307 1274 33
3887 4515 55
3887 4606 59
3887 9071 11
3887 6604 79
3887 7483 45
4515 5284 70
4515 2080 86
4515 5822 77
4515 5877 53
669 2785 69
669 4298 74
669 2936 92
669 719 97
669 1150 4
2785 4295 38
2785 9286 79
2785 8603 73
2785 8937 77
5732 7098 37
5732 6139 81
5732 4447 30
2167 2210 65
2167 4695 11
2167 6033 46
2167 1691 24
2210 3161 76
2210 8004 98
2210 5703 14
4101 5383 80
4101 5807 4
4101 2204 43
4101 8301 47
4101 3139 10
5383 2502 66
5383 5487 46
5383 8480 91
5383 2844 29
1132 4919 88
1132 1859 42
1132 9434 94
1132 9098 82
1132 1942 91
4919 5269 82
4919 2670 24
4919 7321 96
4919 6781 19
3116 8401 81
3116 1941 34
3116 3678 49
3116 4195 48
3116 706 68
8401 7190 9
8401 6990 25
8401 8675 16
8401 6738 100
6199 9152 41
6199 7161 77
6199 2987 37
6199 3527 32
6199 3176 3
9152 6814 92
9152 9579 35
9152 5782 87
9152 2568 68
4509 5558 26
4509 4741 39
4509 2139 5
4509 6567 31
4509 4044 77
5558 8029 41
5558 9770 2
5558 2250 28
5558 654 71
2064 6030 85
2064 4164 2
2064 6491 41
2064 5423 77
2064 8945 93
6030 613 91
6030 7072 58
6030 5407 76
6030 6570 64
7733 8234 96
7733 9576 32
7733 6217 70
7733 9220 18
7733 6399 14
8234 5141 41
8234 9917 71
8234 4460 9
8234 1524 38
25 4534 73
25 4060 99
25 1365 88
25 9294 52
4534 6988 67
4534 5516 79
4534 3267 3
4534 1127 90
8591 7055 63
8591 7815 25
8591 5877 85
8591 2877 71
1968 3289 35
1968 7474 19
1968 6218 45
1968 3719 60
1968 7383 97
3289 8008 48
3289 6985 5
3289 3688 22
3289 1799 1
2126 6881 23
2126 9101 12
2126 5841 44
2126 4042 54
2126 3392 43
6881 6273 29
6881 948 38
6881 4657 36
6881 7927 29
2366 9751 19
2366 6930 61
2366 7044 75
2366 3825 58
2366 2524 54
9751 3121 31
9751 2509 87
9751 2963 99
9751 6542 75
3995 9659 90
3995 5191 36
3995 7911 34
3995 3024 40
3995 2327 96
9659 8490 60
9659 6396 43
9659 3202 9
9659 6967 8
628 8395 43
628 8432 63
628 7132 9
628 395 82
628 7784 65
8395 5105 74
8395 9386 1
8395 9428 44
8395 7635 38
4726 7663 88
4726 2231 11
4726 2351 49
4726 5020 45
7663 9576 24
7663 9910 85
7663 880 39
7663 7674 21
156 2923 5
156 5343 83
156 7714 53
156 4799 36
156 1185 25
2923 6128 52
2923 5524 55
2923 3788 3
2923 5497 50
2712 4911 29
2712 2581 51
2712 1644 82
2712 5824 78
2712 3035 67
4911 6879 94
4911 9416 97
4911 5730 90
4911 8337 41
1586 9761 99
1586 3879 81
1586 2818 83
1586 9104 56
1586 9149 16
9761 758 77
9761 2264 88
9761 9630 66
9761 2981 28
2596 4736 80
2596 6547 32
2596 4026 60
2596 7930 31
2596 4805 85
4736 461 99
4736 4961 7
4736 8832 17
1159 4998 14
1159 9471 48
1159 4389 71
1159 3983 100
1159 9948 76
4998 335 74
4998 7174 47
4998 788 48
1369 2364 72
1369 4735 43
1369 7163 21
1369 7155 96
1369 5588 54
2364 7824 21
2364 3487 79
2364 5772 27
2364 3158 24
376 4360 80
376 4740 2
376 4260 88
376 4822 63
376 2456 100
4360 9843 34
4360 2829 80
4360 9987 31
4360 7394 8
4491 4763 44
4491 9647 5
4491 2554 80
4491 9376 7
4491 6786 92
4763 529 62
4763 2085 34
4763 9065 28
4763 7541 16
6427 7043 56
6427 3685 70
6427 1802 3
6427 8321 11
6427 4549 4
7043 2884 68
7043 5261 73
7043 1012 98
5908 9861 48
5908 4541 71
5908 5098 35
5908 3939 63
5908 5758 86
9861 5066 86
9861 8909 38
9861 3262 50
9861 8419 21
3852 5944 53
3852 7927 56
3852 2921 61
3852 9566 57
3852 8005 50
5944 8374 24
5944 837 36
5944 1742 1
5944 8929 8
3817 9895 68
3817 7440 2
3817 6936 73
3817 4871 79
3817 8047 40
9895 8891 44
9895 7582 92
9895 8716 43
9895 9629 9
4135 7171 23
4135 9892 58
4135 414 74
4135 8777 28
7171 967 37
7171 6064 19
7171 7638 94
7171 8582 94
1270 2893 84
1270 5476 49
1270 7074 71
1270 3522 21
1270 8015 69
2893 539 22
2893 6807 98
2893 1695 50
2893 6920 84
4410 4932 25
4410 3010 43
4410 723 54
4410 1944 49
4932 2316 3
4932 7296 60
4932 4321 14
4932 8572 3
5147 1719 61
5147 3004 75
5147 701 100
5147 3976 55
481 8294 87
481 9913 58
481 757 27
481 5783 66
481 450 48
8294 5903 16
8294 5465 64
8294 2699 14
5710 7782 60
5710 3786 73
5710 7868 70
5710 4728 46
5710 6479 31
7782 8795 25
7782 4699 44
7782 6835 100
7782 2233 12
1902 5055 81
1902 8456 18
1902 7757 80
1902 6213 17
1902 1565 56
5055 5901 94
5055 691 79
5055 406 83
5055 6704 25
2597 6785 68
2597 1361 40
2597 8059 8
2597 1444 18
6785 6452 8
6785 7214 67
6785 252 68
4078 4543 81
4078 1017 76
4078 3873 78
4078 6656 44
4078 747 19
4543 7630 76
4543 2849 88
4543 2618 56
5726 6191 35
5726 7517 60
5726 4857 17
5726 1354 34
5726 9711 37
6191 1842 99
6191 3821 44
6191 3053 38
6191 201 44
2512 6677 37
2512 2705 95
2512 1243 63
2512 7428 6
2512 6099 24
6677 4153 81
6677 6442 16
6677 390 24
8697 9175 10
8697 5407 86
8697 8929 10
8697 2964 34
8697 8476 100
9175 3699 93
9175 3963 34
9175 5322 74
9175 9271 69
2637 2082 5
2637 6747 28
2637 2401 32
2637 8396 7
5695 8009 50
5695 8277 26
5695 6403 30
5695 4473 62
5695 7394 38
8009 624 46
8009 747 5
8009 6717 53
8009 2163 29
4582 7644 14
4582 2115 56
4582 3129 72
4582 3709 99
4582 7562 89
7644 1635 10
7644 8600 1
7644 9259 39
7644 8572 1
5753 6674 26
5753 78 41
5753 9457 79
5753 8140 72
5753 726 100
6674 8656 95
6674 6950 79
6674 4862 72
1393 7406 29
1393 1175 91
1393 4098 71
1393 56 89
1393 6625 27
7406 3644 41
7406 3811 51
7406 2860 21
7406 6063 100
364 1077 57
364 1806 5
364 1274 78
364 1507 16
364 3097 67
1077 6957 51
1077 1494 16
1077 5317 98
80 1318 45
80 2107 87
80 4933 11
80 6735 32
80 2326 34
1318 7672 5
1318 4819 8
1318 3173 19
1318 8231 93
901 3911 63
901 3131 44
901 2013 95
901 6825 95
901 263 82
3911 9827 92
3911 5775 17
3911 9829 90
8399 8555 40
8399 3801 75
8399 6088 28
8399 6539 27
8555 3409 71
8555 9358 64
8555 8069 56
8555 7363 96
3230 7428 98
3230 2621 49
3230 288 46
3230 5662 74
3230 636 67
7428 4739 62
7428 6310 26
7428 7417 59
5200 6875 64
5200 8372 74
5200 8576 95
5200 6667 78
5200 9306 36
6875 5463 19
6875 1195 54
6875 2686 82
6875 3117 84
5234 6459 36
5234 6093 71
5234 564 67
6459 2376 90
6459 6896 52
6459 7307 74
5246 283 54
5246 3773 60
5246 8943 50
5246 54 74
1646 8202 30
1646 4251 18
1646 9903 72
1646 2460 24
1646 3436 64
8202 3341 30
8202 5634 14
8202 5926 82
8202 8036 71
5134 9261 24
5134 8058 2
5134 2103 10
5134 6942 80
5134 6715 63
9261 2732 94
9261 8586 52
9261 528 61
1676 2217 93
1676 5141 99
1676 1171 22
1676 1895 71
2217 682 10
2217 5621 99
2217 9257 10
2217 8562 35
8008 1384 21
8008 7825 75
8008 211 47
8008 9776 56
4607 9744 95
4607 3323 74
4607 3948 47
4607 578 69
4607 4349 73
9744 1704 94
9744 8662 36
9744 6988 31
9744 5660 65
9089 9941 63
9089 6417 43
9089 6268 35
9089 4708 85
9089 9262 21
9941 4897 100
9941 6003 3
9941 3932 6
9941 4799 16
2035 8162 65
2035 926 6
2035 8830 54
2035 2204 66
2035 4526 73
8162 1980 66
8162 8299 58
8162 8917 61
8162 1965 11
970 1422 79
970 2131 77
970 2469 58
970 9573 67
970 9155 75
1422 4286 74
1422 1871 57
1422 2 87
1422 7367 34
2954 7156 50
2954 6560 98
2954 8773 23
2954 1938 88
2954 8924 39
7156 5773 46
7156 7778 16
7156 8913 27
7156 6563 79
913 4271 85
913 5617 68
913 4280 17
913 6074 45
913 4697 96
4271 9401 11
4271 5030 50
4271 1117 12
4271 7534 67
8578 2181 44
8578 2028 55
8578 4553 13
8578 7076 58
1907 5883 69
1907 716 18
1907 9510 32
1907 8663 35
1907 2394 59
5883 3914 100
5883 3283 19
5883 6903 87
5883 252 43
1002 3562 68
1002 6441 78
1002 6277 21
1002 7302 70
1002 781 9
3562 9058 14
3562 6647 99
3562 2718 73
3562 1403 89
4527 9384 6
4527 5661 64
4527 3300 47
4527 9692 54
4527 9412 92
9384 8645 96
9384 9287 8
9384 4635 53
2474 2732 63
2474 7091 100
2474 7344 63
2474 9541 47
2474 5272 24
2732 2576 83
2732 2906 66
2732 2274 86
4045 6607 58
4045 1652 15
4045 5800 78
4045 5415 27
4045 7273 7
6607 5121 81
6607 9787 78
6607 6364 88
6607 347 9
1323 5081 87
1323 7726 58
1323 674 33
1323 1412 90
1323 9699 67
5081 6252 97
5081 5561 82
5081 6672 99
5081 3078 20
4468 6710 68
4468 9406 10
4468 9789 14
4468 8550 50
4468 7608 100
6710 1987 91
6710 5813 77
6710 3040 42
6710 7598 91
8141 9212 95
8141 4926 14
8141 3476 62
8141 1533 81
8141 8658 51
9212 3935 9
9212 199 35
9212 7337 32
9212 4183 11
139 1093 66
139 2805 53
139 9963 36
139 2413 9
139 2962 17
1093 8605 24
1093 8536 15
1093 8451 48
1093 7687 1
3757 5386 21
3757 989 56
3757 5953 62
3757 9186 89
3757 1749 34
5386 7430 90
5386 5414 15
5386 4148 3
5386 2053 97
4545 4678 82
4545 5378 47
4545 3335 21
4545 769 54
4545 1070 68
4678 5420 19
4678 5083 53
4678 358 72
29 4116 43
29 8947 4
29 5996 99
29 4859 72
29 3957 64
4116 7878 80
4116 3602 86
4116 6908 41
4116 8494 79
801 9291 41
801 9264 76
801 5381 79
801 5064 27
801 1450 49
9291 142 51
9291 2412 19
9291 4334 91
9291 4434 68
4246 5550 100
4246 6152 60
4246 5665 74
4246 4495 36
4246 650 38
5550 2088 47
5550 6464 5
5550 1916 8
5550 118 79
2865 9127 96
2865 1526 36
2865 5749 93
2865 7584 30
2865 1394 55
9127 711 31
9127 3458 28
9127 5679 60
9127 2866 54
2333 9266 25
2333 8681 91
2333 7083 65
2333 1739 4
2333 9094 22
9266 8949 75
9266 5810 100
9266 9562 23
9266 3868 35
1044 6016 67
1044 1212 35
1044 1025 90
1044 8870 99
6016 4954 82
6016 5761 82
6016 9331 14
6016 6567 15
5177 6059 96
5177 172 88
5177 6253 64
5177 3064 46
6059 5130 47
6059 6337 38
6059 2445 8
2552 7095 87
2552 1082 68
2552 2113 86
2552 5528 67
2552 8790 95
7095 55 78
7095 4159 21
7095 5209 98
9451 9953 76
9451 9670 36
9451 5182 94
9451 6018 87
5083 7363 78
5083 6873 56
5083 4956 18
5083 2195 45
7363 3003 26
7363 7029 92
7363 2901 19
4976 5022 47
4976 6093 71
4976 151 42
4976 6008 16
4976 4217 98
5022 6046 77
5022 5042 16
5022 7612 90
5022 7243 80
4559 3336 13
4559 1173 69
4559 8843 43
4559 9522 50
4793 6069 52
4793 365 19
4793 6310 90
4793 7555 72
4793 9308 30
6069 8446 66
6069 3560 30
6069 1382 24
6069 7851 59
770 3188 15
770 9516 26
770 2861 53
770 7042 93
3188 1674 45
3188 4853 31
3188 4788 31
3188 6094 82
83 4702 11
83 9699 88
83 5821 94
83 3683 93
83 1904 80
4702 3200 17
4702 8564 23
4702 570 96
4702 1856 87
172 8157 48
172 8922 67
172 3870 18
8157 5014 23
8157 372 2
8157 549 58
8157 9489 20
8277 264 28
8277 9404 44
8277 576 99
8277 1572 77
6550 8791 27
6550 2610 84
6550 1867 10
6550 3949 47
6550 5875 81
8791 5053 88
8791 5156 15
8791 1640 72
8791 7488 91
3171 6177 1
3171 3580 15
3171 2768 82
3171 561 67
3171 1837 8
6177 7864 40
6177 2029 58
6177 2950 67
6177 6392 84
5770 8801 72
5770 9997 42
5770 7026 81
5770 2041 74
5770 361 30
8801 9476 33
8801 2952 4
8801 915 67
8801 6197 47
1836 7655 14
1836 4639 97
1836 9913 76
1836 5002 98
1836 6958 82
7655 7651 83
7655 2992 76
7655 6609 93
7655 8656 26
2314 5186 80
2314 3401 70
2314 1470 82
2314 7957 77
2314 8719 27
5186 9886 91
5186 2837 32
7389 8371 66
7389 8343 92
7389 422 77
7389 993 84
7389 9590 55
8371 9013 47
8371 3421 23
8371 1615 98
8371 4687 93
4945 8287 67
4945 8918 55
4945 760 39
4945 519 57
4945 7006 60
8287 7119 2
8287 2193 80
8287 4575 94
8287 7436 7
9272 9327 86
9272 3379 51
9272 9118 6
9272 2177 6
9272 9322 19
9327 7151 76
9327 4739 16
9327 4249 50
9327 8306 50
4437 9012 23
4437 4756 22
4437 8636 34
4437 5534 3
4437 2765 40
9012 2071 9
9012 464 38
9012 4423 85
9012 4979 90
2470 4386 30
2470 2594 91
2470 234 69
2470 992 34
2470 1905 62
4386 4969 28
4386 5129 60
4386 9810 51
4386 218 80
1674 4452 60
1674 1899 50
1674 8568 85
1674 8243 73
4452 9489 76
4452 3306 66
4452 7145 90
4452 9764 31
7276 8844 80
7276 7922 41
7276 9752 72
7276 188 56
7276 8140 25
8844 1061 5
8844 1775 4
8844 7820 96
8844 5870 6
607 7465 77
607 4440 73
607 8819 73
607 7528 12
607 772 58
7465 4309 21
7465 9196 74
7465 6995 82
7465 9467 63
7121 8741 99
7121 1755 17
7121 9836 1
7121 7299 44
7121 472 38
8741 2744 7
8741 1032 30
8741 7972 27
8741 2815 71
7177 8084 87
7177 613 92
7177 5282 84
7177 8376 68
7177 6060 39
8084 2047 59
8084 6342 53
8084 9527 53
8084 3513 72
6464 4842 45
6464 3392 85
6464 3334 94
5019 8586 61
5019 2227 42
5019 5745 35
5019 5733 8
5019 637 59
8586 6904 9
8586 5857 67
812 3898 73
812 7297 29
812 2174 17
812 8453 12
812 4091 47
3898 7199 93
3898 7488 28
3898 9241 63
3898 1637 20
2854 3221 37
2854 6995 73
2854 9033 26
2854 2199 26
2854 5537 68
3221 2622 30
3221 3147 45
3221 4343 74
3221 9679 43
1666 6439 15
1666 3823 37
1666 9260 76
1666 5637 8
6439 4955 7
6439 8772 40
6439 910 20
6439 5657 59
2667 6778 35
2667 7825 77
2667 3280 31
2667 3537 36
2667 1095 58
6778 552 86
6778 9410 78
6778 5917 74
6778 7471 74
2020 2995 97
2020 1114 48
2020 149 37
2020 1295 73
2020 8504 95
2995 4003 49
2995 6269 8
2995 2704 39
2995 8425 76
6889 8556 35
6889 7471 57
6889 5648 74
6889 5797 61
6889 9855 18
8556 6371 69
8556 1636 87
8556 6332 79
8556 7327 43
5853 6718 6
5853 902 29
5853 361 48
5853 8225 79
5853 3426 50
6718 4598 36
6718 6029 85
6718 5599 27
6718 1865 23
7040 7971 93
7040 126 52
7040 5052 29
7040 6622 13
7040 5958 61
7971 6737 12
7971 3258 96
7971 5185 4
7971 9210 47
502 3857 5
502 9383 57
502 1780 83
502 1898 9
502 3591 85
3857 434 80
3857 7150 31
3857 687 48
3857 8059 5
1408 9032 48
1408 4947 37
1408 8530 38
1408 9555 81
1408 8079 42
9032 2096 21
9032 7395 32
9032 8609 71
9032 7990 10
1442 6172 82
1442 9304 82
1442 4604 68
1442 2008 82
1442 5513 34
6172 8425 77
6172 4544 20
6172 9976 28
6172 283 59
3145 4309 81
3145 1290 57
3145 8839 61
3145 7166 8
4309 7145 70
4309 1213 67
4309 6447 99
2671 8590 11
2671 5789 35
2671 7017 18
2671 2856 67
2671 2730 41
8590 9603 72
8590 9544 65
8590 6749 69
2432 3878 80
2432 3175 2
2432 7896 44
2432 5477 47
2432 6702 24
3878 3732 2
3878 345 93
3878 8039 69
1843 9899 17
1843 3553 39
1843 2851 85
1843 6303 76
1843 8878 76
9899 8 16
9899 8201 96
9899 5534 46
456 9524 43
456 9903 24
456 3341 41
456 2087 51
9524 5620 3
9524 3334 61
9524 2987 16
9524 2483 15
258 1403 67
258 3074 99
258 400 37
258 2856 66
258 2060 35
1403 5525 3
1403 7134 40
1403 5040 60
2622 2969 51
2622 4528 59
2622 5431 42
2622 6506 48
2235 2775 51
2235 6008 51
2235 5549 76
2235 9705 25
2235 1179 63
2775 4259 58
2775 1365 55
2775 6286 10
5900 6133 45
5900 2531 73
5900 8315 11
5900 9551 5
5900 1205 89
6133 5016 16
6133 3185 76
6133 3867 19
6133 1494 44
3553 3730 5
3553 8680 86
3553 1199 66
3730 8406 74
3730 7101 63
3730 6085 11
3730 8550 34
774 3390 90
774 3407 84
774 2702 82
774 5126 88
3390 3314 12
3390 517 70
3390 6323 96
3390 7181 32
8817 9820 59
8817 7223 65
8817 1950 73
8817 4388 17
8817 3889 90
9820 3820 30
9820 6049 92
9820 959 89
9820 6070 8
3130 6256 18
3130 7554 61
3130 8824 4
3130 4950 96
3130 4267 25
6256 6978 24
6256 478 21
6256 229 45
6256 8786 63
3950 6075 72
3950 6990 8
3950 1109 13
3950 5308 42
3679 6471 54
3679 3979 1
3679 7506 6
3679 2104 22
3679 6910 36
6471 2817 89
6471 6433 46
6471 1395 57
6471 2757 16
4596 7863 86
4596 4631 34
4596 6721 38
4596 2705 55
4596 6300 4
7863 2505 12
7863 1732 72
7863 8098 23
7863 7788 63
6576 8752 54
6576 8488 52
6576 8783 14
6576 5297 59
8752 6015 92
8752 4852 10
8752 9808 87
8752 9866 89
2710 6609 27
2710 6215 77
2710 5211 44
2710 2201 27
2710 5523 51
6609 9510 92
6609 718 5
6609 6665 100
5867 8063 70
5867 2541 97
5867 7942 56
5867 7048 51
5867 7347 30
8063 437 39
8063 2060 96
8063 7062 3
8063 5153 30
2802 9581 8
2802 3170 71
2802 5602 1
2802 6473 67
2802 8231 97
9581 6480 80
9581 8648 45
9581 9731 86
434 6139 19
434 9644 77
434 6953 77
434 8431 77
8782 9945 46
8782 2949 32
8782 28 39
8782 530 13
7227 7931 71
7227 469 1
7227 644 83
7227 6803 61
7227 7658 32
7931 7947 92
7931 1224 71
7931 9727 2
7931 5214 37
2792 9243 31
2792 6590 20
2792 7310 2
2792 6168 36
2792 8547 35
9243 8933 18
9243 1161 56
9243 4156 30
9243 7108 82
6147 8238 14
6147 6397 40
6147 2616 65
6147 2661 73
6147 7721 38
8238 8674 76
8238 4339 65
8238 5715 61
488 7476 54
488 4960 11
488 4875 67
488 1895 13
7476 5740 87
7476 7945 76
7476 3512 86
7476 204 88
8136 8681 2
8136 6368 9
8136 7675 24
8136 7261 51
8136 1373 87
8681 3674 65
8681 9797 89
8681 6189 19
107 1368 70
107 8956 34
107 2395 70
107 8575 97
107 383 86
1368 9649 95
1368 2253 22
1368 8527 13
1368 186 94
3689 3752 30
3689 2398 99
3689 2751 15
3689 8695 77
3689 5341 27
3752 4112 53
3752 631 70
3752 4338 99
3752 4737 94
450 8123 69
450 6647 20
450 8368 25
450 6484 57
8123 6872 52
8123 7513 42
8123 2454 18
8123 3258 57
5878 8952 31
5878 9298 44
5878 1516 11
5878 5767 22
5878 8898 87
8952 3360 1
8952 6585 13
8952 9273 92
8952 7196 67
5991 8075 51
5991 7031 72
5991 631 26
5991 2843 61
8075 2752 60
8075 420 53
8075 4634 63
8075 8923 82
3229 7150 21
3229 8919 77
3229 327 21
3229 8135 12
3229 890 44
7150 1847 37
7150 7259 2
7150 4137 21
2205 3417 73
2205 4069 27
2205 8205 59
2205 7945 44
2205 8860 40
3417 987 24
3417 720 10
3417 7062 25
3417 4618 52
1566 7631 46
1566 8140 38
1566 9868 25
1566 4546 59
1566 8902 51
7631 897 23
7631 8577 21
7631 892 44
7631 5998 90
5637 6796 62
5637 8878 22
5637 7941 34
5637 4184 31
6796 2884 19
6796 6090 66
6796 7550 21
6796 5886 72
2457 5358 10
2457 2131 63
2457 8386 87
2457 307 92
2457 369 36
5358 9780 26
5358 7400 6
5358 2557 68
190 6856 98
190 9752 61
190 7207 3
190 4378 93
190 3773 11
6856 4554 98
6856 3224 66
6856 6304 48
6856 9366 42
2919 2945 49
2919 5052 48
2919 1802 4
2919 732 70
2945 5891 33
2945 6083 99
2945 5128 18
2945 6535 36
3163 5749 22
3163 7473 53
3163 557 14
3163 3368 20
3163 4280 98
5749 2163 54
5749 7216 59
7008 7577 67
7008 7838 20
7008 5335 69
7008 2953 17
7008 3798 4
7577 7211 76
7577 865 63
7577 8020 80
7577 2874 70
4969 1051 89
4969 594 84
4969 363 43
4969 809 80
6581 9230 56
6581 2424 76
6581 126 12
6581 5190 19
9230 1543 64
9230 2338 8
9230 7675 78
564 2344 37
564 8148 46
564 2253 98
564 928 7
2344 4682 12
2344 5418 78
2344 9086 35
2344 6839 4
1216 8191 84
1216 976 25
1216 1273 61
1216 4026 92
1216 9362 27
8191 1850 86
8191 5590 77
8191 7417 16
8191 8343 2
570 7455 100
570 2403 58
570 5916 13
6905 7075 18
6905 2769 63
6905 1812 91
6905 6681 64
7075 5541 78
7075 1249 18
7075 8652 66
6048 7769 87
6048 4091 91
6048 3989 32
6048 1356 22
8553 9477 54
8553 7039 83
8553 2547 96
8553 2024 33
8553 6444 60
9477 6787 60
9477 6520 78
9477 6429 8
9477 2448 46
2825 4414 44
2825 7858 48
2825 1818 35
2825 3988 83
2825 5377 24
4414 325 26
4414 6402 31
4414 5060 69
4414 6638 47
9626 5099 51
9626 5579 84
9626 5814 14
2727 8522 45
2727 4717 26
2727 6315 18
2727 852 21
3019 8602 85
3019 6197 26
3019 2705 24
3019 3572 16
3019 5910 77
8602 2533 36
8602 6663 41
8602 2651 16
8602 153 86
2852 3012 85
2852 5339 61
2852 8580 20
2852 7037 43
2852 2943 32
3012 115 75
3012 6163 47
3012 7876 79
123 507 88
123 5793 1
123 5594 5
123 2573 100
123 910 66
507 6466 91
507 8276 34
507 2255 23
507 7895 1
2178 8925 22
2178 5340 38
2178 9185 47
2178 6018 18
8925 2223 23
8925 3470 68
8925 8145 25
7483 5108 89
7483 2746 64
7483 8767 33
2482 5364 94
2482 6116 26
2482 7866 68
2482 8034 75
2482 1123 58
5364 808 45
5364 1388 56
5364 1719 80
5364 9791 94
5810 7639 96
5810 1859 99
5810 4174 60
5810 5734 79
7639 5291 26
7639 1477 10
7639 198 81
7639 963 97
4533 7693 76
4533 1547 20
4533 3923 88
11 2144 38
11 4705 65
11 151 56
11 8145 50
11 2701 21
2144 1903 55
2144 749 93
1289 2761 52
1289 9214 66
1289 9105 95
1289 2462 62
1289 858 28
2761 9720 30
2761 2959 79
2761 9449 24
2761 9958 44
6151 7151 1
6151 3556 84
6151 7843 74
6151 8852 66
6151 2094 48
7151 7926 25
7151 9020 65
7151 8359 44
2119 9634 42
2119 5752 100
2119 4939 2
2119 2281 24
2119 4257 14
9634 1584 38
9634 1261 92
9634 5206 93
9634 6763 2
7550 9980 21
7550 8541 74
7550 2242 45
7550 1179 49
9980 2576 53
9980 9131 69
9980 3062 60
9980 9422 92
5103 9625 70
5103 2851 85
5103 2965 69
5103 6253 64
5103 8726 18
9625 6727 72
9625 7448 85
9625 7657 33
9625 175 99
2708 6242 47
2708 2819 11
2708 3418 92
2708 3813 9
2708 7843 10
6242 7273 19
6242 2408 45
6242 4024 54
6242 4054 90
1997 4918 21
1997 2041 60
1997 3912 57
1997 540 27
1997 6239 7
4918 6121 44
4918 4031 39
4918 9840 89
4918 1744 83
1169 9233 100
1169 2443 75
1169 8535 99
1169 668 4
1169 9501 64
9233 110 22
9233 4584 52
9233 1713 42
9388 9473 8
9388 5687 62
9388 2976 25
9388 3409 9
9388 4796 32
9473 9720 31
9473 6415 30
9473 8825 77
8796 9561 48
8796 615 8
8796 2985 26
8796 859 13
8796 6064 28
9561 2491 30
9561 3814 4
9561 9830 41
9561 7420 26
2036 2402 58
2036 394 38
2036 9596 36
2036 4742 99
2036 4471 26
2402 2777 8
2402 6650 37
2402 1576 87
2402 5105 28
1814 3521 100
1814 3741 81
1814 2913 70
1814 4552 26
1814 8061 28
3521 1689 57
3521 8675 97
3521 9067 30
3521 6526 65
1381 3639 47
1381 5050 52
1381 1436 98
1381 9996 44
1381 2722 5
3639 4980 75
3639 4927 52
3639 1782 28
3639 8055 11
1720 3105 69
1720 2000 50
1720 9209 71
1720 9743 80
1720 2360 85
3105 8794 35
3105 1080 55
3105 2124 17
3105 5161 27
1871 3274 53
1871 4307 12
1871 3735 85
1871 9160 34
3274 5421 27
3274 1026 8
3274 5198 11
2678 2808 31
2678 8229 7
2678 8815 9
2678 8487 41
2808 1802 3
2808 2319 17
2808 4783 61
2808 3031 44
3942 9943 35
3942 3653 72
3942 250 77
3942 2525 15
3942 7458 76
9943 9439 79
9943 7464 9
9943 7709 58
9943 8967 55
4778 6243 69
4778 7366 59
4778 1804 52
4778 6619 56
4778 8823 84
6243 6977 64
6243 142 27
6243 419 38
6243 2904 42
1056 9706 79
1056 6007 49
1056 2397 78
1056 5020 97
1056 1976 71
9706 2859 4
9706 2415 35
9706 5466 11
9706 1865 99
5478 7408 96
5478 5240 79
5478 55 14
5478 4043 67
5478 6525 2
7408 6213 77
7408 8520 29
7408 6580 26
5646 9790 14
5646 7542 98
5646 5547 48
5646 7297 12
1964 6848 7
1964 619 71
1964 4935 72
1964 9530 2
1964 8348 53
6848 8879 66
6848 3377 27
6848 8080 7
923 3700 9
923 7091 90
923 1649 77
923 6943 49
923 4952 57
3700 7456 1
3700 7091 24
3700 5095 68
7519 9704 61
7519 195 43
7519 3515 69
9704 8203 64
9704 1212 25
9704 4659 47
9704 5935 73
2961 7977 15
2961 9150 57
2961 9118 88
2961 7126 98
2961 2983 95
7977 41 37
7977 3468 82
7977 438 29
7977 1445 69
6753 7727 19
6753 6302 72
6753 5395 79
6753 1906 80
7727 1978 82
7727 3100 82
7727 4268 95
7727 1967 71
1386 8305 100
1386 735 97
1386 3076 20
1386 777 99
1386 5426 37
8305 6064 98
8305 2584 41
8305 1256 48
8305 4672 55
2219 2644 94
2219 927 100
2219 3610 20
2219 6262 85
2219 6169 11
2644 9194 89
2644 9609 65
2644 8314 90
2644 3179 38
1709 9712 62
1709 2521 65
1709 2855 4
1709 6532 60
1709 6699 20
9712 4081 71
9712 4992 58
9712 3589 81
9712 8485 19
2058 7422 63
2058 6788 7
2058 1200 89
2058 3118 26
2058 7591 6
7422 7207 22
7422 5540 98
7422 8728 84
7422 3208 7
206 9162 76
206 7866 9
206 2695 47
206 1443 13
206 9823 80
9162 5238 77
9162 6469 55
9162 1214 15
9162 35 94
4741 9185 69
4741 1737 81
4741 9432 62
4741 9465 54
9185 0 21
9185 7664 8
374 8746 47
374 2745 10
374 6880 11
374 6980 89
374 1784 9
8746 2323 34
8746 4082 50
8746 2017 55
8746 5301 93
5348 5433 48
5348 9017 94
5348 8408 48
5348 9010 12
5348 4638 63
5433 5229 98
5433 332 17
5433 5769 39
5433 4140 67
6351 8097 68
6351 1869 94
6351 846 4
6351 3586 30
6351 9483 25
8097 6760 68
8097 5273 95
8097 310 16
8097 3988 78
6106 8266 12
6106 3484 18
6106 7212 82
6106 2528 64
8266 4022 14
8266 5322 45
8266 1974 37
8266 7910 51
2968 7993 42
2968 8071 10
2968 3091 12
2968 539 83
7993 4920 85
7993 9320 80
7993 9914 3
7993 4912 65
1398 8665 36
1398 5693 94
1398 2632 40
1398 9631 17
1398 165 15
8665 3651 28
8665 3828 53
8665 9974 62
8665 701 68
496 3609 5
496 4955 53
496 9311 81
496 1123 75
3609 5334 75
3609 8751 88
3609 5397 7
3609 8891 19
6813 7754 80
6813 7486 51
6813 1771 51
6813 9715 39
6813 6537 18
7754 1246 25
7754 5319 20
7754 9829 10
7754 1081 27
6647 5408 61
6647 7042 55
6647 5170 11
1797 7623 53
1797 8023 42
1797 2038 40
1797 1176 86
7623 2987 55
7623 3011 28
7623 9890 83
7623 9232 44
38 3670 68
38 5566 23
38 1423 35
38 4974 89
38 3783 65
3670 8604 34
3670 1657 19
3670 6681 13
3670 8686 17
4780 6838 45
4780 8803 1
4780 9077 23
4780 1890 50
5564 9006 59
5564 3659 10
5564 4055 94
5564 5336 32
5564 9713 58
9006 3759 66
9006 7134 4
9006 1683 24
9006 9328 59
2185 2255 50
2185 4695 55
2185 6945 73
2185 3827 39
2255 6278 4
2255 2826 63
2255 9122 54
9918 9957 97
9918 154 81
9918 1874 100
9918 7936 88
9918 2747 64
9957 3127 66
9957 8317 65
9957 8405 80
9957 8795 27
42 2099 22
42 1079 12
42 5308 79
42 3511 22
42 4666 20
2099 884 48
2099 8328 46
2099 2787 97
2099 1243 70
6270 9397 81
6270 859 73
6270 6476 64
6270 1336 88
9397 5873 70
9397 9249 38
9397 2014 75
9397 8735 28
1388 7358 72
1388 6305 24
1388 4716 89
8996 9352 1
8996 3537 100
8996 2930 31
8996 5639 57
8996 280 44
9352 5359 21
9352 6661 95
9352 3629 10
2196 7490 14
2196 3933 90
2196 8293 95
2196 974 27
2196 3013 7
7490 6656 67
7490 503 61
7490 2188 69
2550 4046 15
2550 3099 61
2550 7170 44
2550 22 30
2550 5623 54
4046 1698 8
4046 686 3
4046 3833 5
4046 43 68
8222 9177 61
8222 1215 59
8222 4568 6
8222 1240 31
8222 9936 38
9177 2697 47
9177 791 60
9177 7748 7
9177 9468 37
508 4908 69
508 9919 4
508 6415 18
508 4249 22
508 3985 39
4908 7105 42
4908 3494 45
4908 50 73
4908 6336 18
609 5714 12
609 482 63
609 3577 22
609 1061 47
609 6026 87
5714 3712 3
5714 1690 13
5714 8469 35
5714 2934 20
5430 7851 14
5430 8592 94
5430 7470 55
5430 7032 1
5430 8448 45
7851 6831 44
7851 5620 67
7851 5032 12
6878 7159 70
6878 9129 50
6878 5858 44
6878 3896 70
7159 8906 3
7159 2521 3
7159 2937 98
7159 2261 63
175 534 75
175 2214 25
175 765 54
175 9946 46
534 4703 16
534 9204 23
534 5659 61
534 161 75
1073 1684 11
1073 1412 60
1073 6190 24
1073 6 46
1073 150 24
1684 7853 4
1684 717 22
1684 3655 6
1684 963 39
3636 3604 16
3636 2451 11
3636 1891 85
4210 5115 8
4210 407 72
4210 3070 84
4210 2743 60
4210 1454 86
5115 532 67
5115 9514 73
5115 7571 18
5115 3954 65
1421 6531 33
1421 425 11
1421 9612 32
6531 8960 7
6531 9912 53
6531 334 86
6531 1543 87
13 5087 69
13 9151 84
13 9192 93
13 3081 39
13 9319 18
5087 9423 54
5087 2619 39
5087 7505 64
5087 6149 28
8531 8592 14
8531 9293 22
8531 191 57
8531 5211 37
8531 4297 28
8592 6740 6
8592 9977 25
8261 8731 4
8261 5755 28
8261 9854 12
8261 789 6
8261 2820 41
8731 7952 79
8731 6477 44
8731 5199 47
8731 2835 17
3104 8560 72
3104 6206 55
3104 6922 20
3104 4205 67
313 4790 82
313 9109 94
313 7109 78
313 3528 62
313 4395 86
4790 6233 54
4790 4840 86
4790 997 35
4790 36 14
362 4682 62
362 9688 5
362 6549 50
362 6143 21
362 8328 41
4682 7752 80
4682 7081 95
4682 9572 72
5823 7149 9
5823 7163 78
5823 9884 53
5823 1908 1
7149 7630 20
7149 722 79
7149 4546 74
7149 632 97
966 1413 14
966 4642 74
966 515 99
966 5706 99
966 7617 28
1413 4743 65
1413 9476 28
1413 3693 56
1413 7865 40
6918 9567 20
6918 4016 14
6918 2691 73
6918 4996 23
6918 8822 39
9567 9161 30
9567 9584 99
9567 601 12
9567 2940 74
3070 9693 19
3070 5864 27
3070 4742 93
3070 1471 9
9693 1115 27
9693 5501 75
9693 5357 33
9693 9887 53
3383 7938 76
3383 1048 42
3383 7565 47
3383 7058 72
3383 2561 79
7938 4232 55
7938 3920 59
7938 3191 82
7938 4553 39
2719 8712 67
2719 5804 40
2719 955 61
2719 730 6
2719 7874 56
8712 4034 15
8712 9977 3
8712 8624 78
8712 2804 5
2005 2953 7
2005 3254 8
2005 4341 13
2005 4329 14
2005 3563 93
2953 8914 86
2953 4460 29
6898 9100 40
6898 9906 84
6898 5880 13
6898 195 31
9100 2357 1
9100 4446 90
9100 1546 96
9100 9691 19
4226 5450 93
4226 1520 41
4226 4483 22
4226 8860 38
1731 2384 27
1731 7528 96
1731 2356 35
1731 3190 17
1731 4109 3
2384 8475 66
2384 8398 29
2384 9835 73
2384 9462 26
4232 8637 21
4232 8040 100
4232 9522 77
4232 6481 5
8637 2984 2
8637 6408 61
8637 6186 86
8637 5017 90
8211 8213 70
8211 1894 95
8211 81 25
8211 8821 8
8213 3610 13
8213 6189 80
8213 369 23
8213 4977 11
367 2932 16
367 4641 5
367 8850 70
367 9510 97
367 5977 100
2932 1832 31
2932 6584 25
2932 3592 54
2932 4477 77
4895 5948 53
4895 5408 79
4895 89 39
4895 5906 30
5948 4565 69
5948 4423 63
5948 169 5
5948 5393 73
1765 8569 61
1765 5872 47
1765 9881 14
1765 756 42
8569 8043 18
8569 7856 32
8569 9114 58
8569 8903 37
3711 4212 17
3711 6225 26
3711 6312 78
3711 494 71
3711 2031 45
4212 9441 51
4212 4806 19
4212 4867 73
4212 5262 49
6931 4692 37
6931 6505 66
6931 7709 73
6931 2263 26
4722 5239 37
4722 1847 64
4722 4704 14
4722 2309 42
4722 556 14
5239 6170 24
5239 4294 69
5239 5138 85
5239 233 2
888 5263 85
888 1718 69
888 1478 32
888 3003 76
888 2549 10
5263 4615 33
5263 5154 24
5263 6488 61
5263 604 86
3976 7112 67
3976 2749 67
3976 8276 52
3976 9713 16
7112 276 11
7112 4093 66
7112 7665 90
7112 7610 11
2581 5538 24
2581 1662 58
2581 6093 75
2581 1841 72
4695 7765 8
4695 4567 98
4695 9745 28
7765 5552 17
7765 5293 42
7765 3101 8
7765 4261 45
6116 5895 17
6116 7107 45
147 9200 18
147 4248 28
147 9482 35
147 4445 23
147 9138 74
9200 5389 9
9200 5338 98
9200 7694 20
2957 8072 4
2957 877 95
2957 5813 81
2957 8457 30
2957 5245 94
8072 4884 42
8072 7052 8
8072 9845 18
8072 1098 62
4115 7111 74
4115 3805 26
4115 8808 26
244 7039 97
244 8504 18
244 7387 35
244 4180 32
244 4961 36
7039 1556 33
7039 7210 24
7039 4381 1
265 7327 28
265 5315 90
265 7959 26
265 2256 75
265 4204 73
7327 7045 3
7327 1411 14
7327 1170 12
645 1317 33
645 3773 20
645 1830 9
645 9869 55
1317 1223 94
1317 6218 51
1317 3979 19
4464 5896 72
4464 6166 22
4464 657 93
4464 4610 5
4464 9075 71
5896 6688 32
5896 528 59
5896 6845 69
5896 6272 64
2929 9787 80
2929 292 18
2929 4849 70
2929 1208 88
2929 1406 27
9787 109 1
9787 2607 37
9787 285 11
2096 4068 83
2096 3871 54
2096 3518 93
2096 648 8
4565 4583 9
4565 5189 85
4565 8264 97
4565 7451 70
2491 1136 19
2491 3959 34
2491 58 83
2491 3335 40
3918 7268 21
3918 4170 54
3918 6777 23
3918 3567 15
3918 6087 65
7268 9048 43
7268 2121 10
7268 1706 40
7268 8762 15
716 1062 55
716 9468 23
716 4646 58
716 1122 32
3119 3653 39
3119 4182 90
3119 711 8
3119 9287 78
3119 2406 47
3653 1429 42
3653 8282 16
3653 124 9
830 4638 98
830 4179 36
830 6157 57
830 7804 80
830 4767 2
4638 5999 38
4638 2245 13
4638 4258 90
5950 7566 86
5950 5271 26
5950 2354 100
5950 580 23
5950 4568 59
7566 6537 57
7566 7281 50
7566 599 83
7566 6011 9
1038 5341 20
1038 7745 95
1038 4684 41
1038 6174 86
1038 8073 53
5341 1229 13
5341 5847 17
5341 3774 81
2473 4444 40
2473 4306 3
2473 5636 67
2473 2412 66
2473 3533 91
4444 4231 52
4444 536 19
4444 9767 86
4444 7117 61
4417 5676 86
4417 4432 7
4417 828 67
4417 8671 81
4417 2378 12
5676 3577 80
5676 3071 47
5676 5241 34
5676 3806 20
8066 9282 1
8066 3957 68
8066 2575 78
8066 4898 86
8066 3722 83
9282 1904 9
9282 1898 5
9282 6157 83
9282 3635 99
8 3618 85
8 9176 24
8 992 38
8 1143 70
7665 6369 49
7665 4104 89
7665 177 88
2613 8396 6
2613 8120 21
2613 947 83
2613 1839 46
2613 8802 82
8396 2943 6
8396 4883 90
8396 8643 2
1395 1414 15
1395 520 59
1395 3928 65
1395 2658 71
1414 6972 61
1414 2756 20
1414 4671 13
1414 5371 62
7979 8347 17
7979 8767 29
7979 2247 82
7979 6404 95
7979 9424 49
8347 7571 16
8347 2611 3
8347 3894 82
8347 2558 97
5589 9280 7
5589 9903 30
5589 4110 76
5589 6094 91
5589 6651 47
9280 772 96
9280 4660 71
9280 1924 31
9280 6961 66
3773 6513 8
3773 6360 4
6513 6916 45
6513 6461 15
6513 4199 18
2195 3160 87
2195 529 39
2195 8021 55
2195 4127 86
3160 3260 26
3160 8299 2
3160 4551 91
4396 9121 44
4396 1396 33
4396 3208 52
4396 8127 36
4396 5339 77
9121 1979 90
9121 6181 56
9121 7775 70
8551 8923 36
8551 4554 38
8551 3616 92
8551 278 46
8551 2946 49
8923 6604 8
8923 9596 40
2226 8108 74
2226 8922 75
2226 4105 73
2226 7928 79
2226 4550 29
8108 924 3
8108 5874 81
8108 4943 46
8108 3671 19
4956 8182 40
4956 4467 38
4956 1268 60
4956 4544 78
8182 305 96
8182 8547 44
8182 57 20
8182 3844 35
3837 5343 73
3837 8495 83
3837 2698 83
3837 1828 58
5343 2897 83
5343 9324 27
5343 5040 14
2026 6892 86
2026 7405 21
2026 5149 28
2026 4336 43
2026 8200 50
6892 3527 52
6892 3801 18
6892 2795 97
6892 8065 72
5522 5560 68
5522 5496 99
5522 8322 18
5522 5718 72
5522 6499 63
5560 7439 41
5560 7212 58
5560 8794 75
5560 2493 7
3159 7350 51
3159 829 100
3159 4083 40
3159 6320 25
3159 3425 78
7350 8521 65
7350 2441 81
7350 9389 70
7350 1931 46
4587 5282 59
4587 8572 5
4587 6013 40
4587 8384 77
4587 9059 76
5282 2000 43
5282 9494 29
5282 3959 78
7291 9420 80
7291 8847 41
7291 6196 11
7291 6489 3
7291 8135 98
9420 8707 45
9420 5409 6
9420 862 46
9420 211 48
32 820 89
32 3764 45
32 9770 28
32 8430 6
32 2352 63
820 7602 3
820 9249 1
820 4798 33
820 3018 97
2685 7467 35
2685 6781 14
2685 5968 9
2685 3293 87
2685 6966 17
7467 1941 43
7467 6447 65
7467 7499 40
7467 5978 80
7702 8954 40
7702 4164 57
7702 6447 90
7702 2435 57
7702 5996 59
8954 9781 89
8954 2013 81
8954 7210 48
8254 9467 71
8254 8154 61
8254 1392 94
8254 1181 8
8254 1036 28
9467 6178 27
9467 8362 79
9467 1827 70
492 8914 37
492 161 44
492 4481 13
492 9336 75
492 3941 51
8914 5859 36
8914 977 25
8914 8417 37
1937 6261 87
1937 5591 70
1937 7235 82
1937 3569 99
1937 5610 57
6261 9095 61
6261 7005 49
6261 7361 70
6261 8004 72
1443 2720 59
1443 3762 22
1443 1233 51
1443 5053 49
2720 4122 7
2720 6391 68
2720 3741 10
982 2133 5
982 4744 72
982 6250 6
982 3962 48
982 7492 58
2133 2429 88
2133 7086 7
2133 4481 8
2133 61 89
7864 9275 20
7864 1365 71
7864 3616 14
7864 5311 92
6789 5535 11
6789 6597 7
6789 6055 68
6789 5772 28
365 6410 86
365 328 14
365 9615 55
623 7303 30
623 6612 55
623 8780 98
623 1067 81
623 7066 83
7303 2249 62
7303 8387 28
7303 9035 61
7303 1577 96
5047 9374 75
5047 9509 52
5047 6273 4
5047 212 64
47 9587 53
47 2834 23
47 2665 84
47 3532 79
47 4077 5
9587 1805 21
9587 2809 34
9587 4758 77
9587 5423 35
761 8176 18
761 7473 92
761 8201 36
761 1438 94
761 6887 55
8176 3369 41
8176 3212 41
8176 7787 2
5411 8711 100
5411 5858 15
5411 4475 6
5411 6530 65
8711 5877 62
8711 237 73
8711 5338 8
8711 8080 45
5507 8419 14
5507 8644 83
5507 1886 84
5507 6093 12
8419 7893 48
8419 6333 69
8419 4093 68
968 7688 54
968 3293 75
968 8327 9
968 788 30
968 7098 19
7688 5549 9
7688 6223 3
7688 5004 13
7688 413 93
3203 6652 70
3203 6112 85
3203 9285 50
3203 9777 49
3203 9330 38
6652 4940 73
6652 4095 63
6652 9445 25
6652 361 94
1610 4711 71
1610 5102 49
1610 7611 36
1610 5311 26
1610 9411 50
4711 5920 89
4711 6835 21
4711 8616 3
4711 5800 52
5303 6145 10
5303 6711 76
5303 9334 60
5303 1024 75
5303 1679 86
6145 9087 100
6145 7946 6
6145 8090 22
6145 1052 48
5793 9944 26
5793 8798 60
5793 4227 64
5793 7167 25
9944 5399 49
9944 7470 64
9944 26 84
9944 1039 76
366 426 83
366 7690 65
366 3807 18
3793 4616 56
3793 4136 75
3793 7780 23
3793 6666 64
3793 8859 65
4616 1266 34
4616 985 62
4616 3571 91
4616 8816 98
2415 6801 46
2415 7180 99
2415 1531 29
2415 4231 43
6801 4467 12
6801 9705 45
6801 994 99
6801 8280 44
5938 4403 29
5938 7345 14
5938 5916 20
5938 9743 82
787 4270 52
787 6260 66
787 3252 9
787 5932 46
787 8994 9
4270 4767 86
4270 1826 13
4270 766 31
1939 7222 62
1939 3378 40
1939 6815 36
1939 2794 57
1939 1217 81
7222 9401 63
7222 111 42
7222 2202 21
7222 652 30
4860 5925 8
4860 6864 76
4860 4471 33
4860 8868 34
4860 8494 74
5925 7491 8
5925 5179 57
5925 3577 8
7756 9324 37
7756 1758 66
7756 4423 29
7756 9540 15
7756 8635 84
9324 343 39
9324 2486 64
9324 2836 10
264 5626 66
264 3426 54
264 8226 80
5626 7677 27
5626 1910 1
5626 7309 81
5626 7294 64
5860 6039 87
5860 3056 75
5860 4346 33
5860 4732 80
5860 2361 97
6039 4025 96
6039 2575 46
6039 4259 34
1949 8849 14
1949 8651 25
1949 2960 56
1949 2741 72
1949 192 74
8849 2588 37
8849 6833 90
8849 9854 35
8849 7304 96
6864 8478 73
6864 4603 65
6864 6453 57
6864 8444 59
426 9747 19
426 5376 69
426 994 18
426 8785 2
4127 5027 60
4127 7692 83
4127 3365 59
4127 9450 51
5027 7240 60
5027 2459 23
5027 6454 51
5027 3059 97
4531 5642 87
4531 9692 29
4531 9421 9
4531 4207 91
4531 7699 36
5642 6831 5
5642 769 43
5642 5185 27
5642 6904 67
4018 9536 72
4018 6255 47
4018 5748 85
4018 9978 20
2751 8948 77
2751 7553 33
2751 9300 53
2751 6394 83
8948 6280 22
8948 1451 94
8948 5472 16
8948 522 35
1211 5887 40
1211 2033 65
1211 7331 71
1211 4412 19
1211 1948 56
5887 8541 88
5887 7001 66
5887 710 41
3835 4626 28
3835 4181 68
3835 3043 52
3835 1430 50
3835 5585 79
4626 4676 86
4626 1130 57
4626 3791 56
4626 9244 36
7606 9915 3
7606 984 62
7606 533 58
7606 1749 37
7606 1295 32
9915 2468 6
9915 8099 47
9915 126 57
2443 9250 9
2443 695 93
2443 6781 98
1958 4589 29
1958 377 85
1958 4579 67
1958 1518 40
4589 4665 96
4589 6617 46
4589 1794 8
4589 4824 84
423 6036 13
423 1324 11
423 3830 50
423 6088 85
6036 5641 22
6036 5260 91
6036 8529 95
3342 8076 27
3342 1558 68
3342 6346 14
3342 3992 59
3342 5387 14
8076 1647 40
8076 5178 27
8076 2229 25
8076 9938 26
1482 1627 76
1482 8511 96
1482 6129 59
1482 624 56
1482 1642 7
1627 3505 49
1627 7201 14
1627 718 84
1627 1682 24
1526 1228 18
1526 5359 83
1526 2222 59
1526 2844 11
1355 9399 44
1355 8200 90
1355 4021 41
1355 6275 97
1355 5686 52
9399 8001 21
9399 7674 66
9399 5053 32
9399 4108 69
26 334 37
26 2921 10
26 227 94
26 4037 85
334 8036 5
334 4955 67
334 9229 55
287 8777 66
287 2610 78
287 4552 75
287 5008 45
8777 983 30
8777 7470 10
1549 4138 8
1549 355 14
1549 1538 58
1549 2348 44
1549 6032 87
4138 2038 50
4138 2973 47
4138 6543 99
4138 2234 25
5920 6224 28
5920 9279 94
5920 2446 2
5920 7455 37
6224 6499 53
6224 9168 82
6224 8859 15
6224 3758 61
3054 6639 71
3054 9531 65
3054 8698 7
3054 4153 24
3054 271 68
6639 1232 17
6639 4848 36
6639 780 54
6639 7232 49
1885 8409 3
1885 1615 64
1885 4252 83
1885 5521 63
1885 62 34
8409 2194 4
8409 3541 72
8409 8436 40
1330 6844 96
1330 876 81
1330 6532 30
1330 7371 19
1330 8612 14
6844 2286 12
6844 1409 35
6844 1989 42
6844 5831 95
4339 5956 30
4339 661 20
4339 3215 68
4339 2871 6
5956 1090 52
5956 9853 7
5956 5876 77
5956 3619 22
1491 5257 56
1491 3013 58
1491 2360 71
1491 767 97
1491 9754 5
5257 8979 38
5257 7955 11
5257 8330 17
5257 3748 91
3787 6382 21
3787 7810 64
3787 9209 6
3787 9483 88
3787 2610 13
6382 3594 55
6382 9757 3
6382 9802 77
6382 2654 35
3420 4868 31
3420 1832 1
3420 2442 64
3420 6182 50
3420 3945 9
4868 3087 17
4868 6418 97
4868 7805 36
4868 3106 26
9603 1410 46
9603 7223 2
9603 2227 20
9603 1095 28
2668 2789 17
2668 3940 73
2668 6356 88
2668 836 79
2668 1121 52
2789 7248 2
2789 5928 45
2789 1595 92
2789 4555 5
9750 7165 39
9750 7371 36
9750 8446 58
606 3753 93
606 5962 21
606 7198 73
606 9630 3
606 7692 59
3753 1614 90
3753 4186 65
3753 3211 14
3753 6993 31
6517 8900 16
6517 6560 38
6517 592 95
6517 1186 36
8900 6072 10
8900 9731 32
8900 1756 51
8900 6857 8
4053 9884 49
4053 1367 97
4053 2545 42
4053 9574 12
9884 4988 83
9884 1793 14
9884 5757 48
105 8840 58
105 3217 90
105 5857 53
105 1687 95
105 5265 8
8840 3093 11
8840 5039 76
8840 1098 10
8840 1864 30
8751 9147 49
8751 4818 40
8751 8613 95
8751 5668 44
9147 9412 50
9147 7132 99
9147 2421 3
9147 4749 46
8257 4855 12
8257 3933 22
8257 2931 92
8257 3619 2
4179 9242 7
4179 7572 8
4179 5703 65
4179 1335 32
9242 5889 42
9242 8650 46
9242 9345 34
9242 4815 58
279 1264 79
279 49 38
279 4080 79
279 2788 93
279 2040 22
1264 5796 10
1264 7537 51
1264 3195 91
1264 3443 21
2053 3805 75
2053 8975 56
2053 8447 44
2053 5930 68
3805 1147 92
3805 9235 11
3805 5169 50
9095 3170 43
9095 6902 8
9095 7423 84
9095 4168 98
1978 3631 46
1978 724 36
1978 5890 57
1978 3833 95
3631 3792 92
3631 6783 48
3631 19 26
3631 392 44
6667 7504 4
6667 6924 6
6667 3488 37
6667 2652 32
7504 7865 69
7504 697 10
7504 6985 19
7504 836 49
3759 5449 49
3759 5365 47
3759 2595 69
3759 5029 56
1643 9010 69
1643 1912 45
1643 9241 98
1643 5338 94
1643 4277 42
9010 8529 65
9010 8627 24
9010 8244 58
6668 7914 89
6668 5871 70
6668 7401 29
6668 7991 99
7914 6757 84
7914 7280 89
7914 5025 44
7914 9645 70
6267 7570 33
6267 3263 97
6267 8893 68
6267 8625 88
6267 3385 98
7570 231 39
7570 7060 25
7570 2086 82
7570 4881 4
1041 9319 19
1041 2265 59
1041 9869 9
1041 8385 99
1041 4771 67
9319 7521 92
9319 1337 93
9319 8122 56
468 8491 36
468 6041 76
468 8713 55
468 7246 82
8491 7130 51
8491 885 12
8491 657 23
3271 8693 41
3271 9698 42
3271 1865 19
3271 2360 33
3271 4972 26
8693 6320 80
8693 3532 76
8693 1476 43
8693 1165 77
9571 962 65
9571 3449 11
9571 417 67
9571 5487 61
2262 7712 4
2262 593 83
2262 3025 22
2262 4600 49
2262 594 17
7712 9879 17
7712 964 39
7712 358 22
7712 7529 84
1164 7440 90
1164 1732 76
1164 7103 16
1164 1070 97
1164 4502 97
7440 7822 34
7440 392 92
7440 8689 53
7455 1190 28
7455 5486 43
7455 1504 56
5126 5529 50
5126 2078 58
5126 3694 7
1045 1332 13
1045 6648 64
1045 2623 19
1045 3534 22
1045 1392 53
1332 3313 2
1332 1460 4
1332 5498 25
1332 605 47
2030 7525 31
2030 769 14
2030 7803 65
2030 9043 8
895 2327 37
895 6044 77
895 1532 64
895 4066 97
895 4140 88
2327 8575 3
2327 2849 68
2327 325 60
4237 5224 12
4237 5798 52
4237 9051 71
4237 3658 89
4237 4896 80
5224 8219 95
5224 2039 71
5224 2272 52
5224 3558 35
7397 7915 37
7397 9803 80
7397 7905 91
7397 479 41
7397 3816 20
7915 9034 12
7915 2266 45
7915 9917 19
7915 8671 35
8949 3518 96
8949 6514 5
8949 3086 36
8949 6283 60
5036 6355 72
5036 8080 77
5036 6353 18
5036 1652 9
5362 9921 21
5362 2917 13
5362 2230 30
5362 7845 96
9921 1473 43
9921 48 77
9921 9511 51
9921 6238 16
3708 9202 25
3708 6210 67
3708 6992 25
3708 2840 34
3708 9656 9
9202 6939 93
9202 3470 85
9202 393 2
9202 741 21
8124 9533 35
8124 9135 67
8124 4224 37
8124 9054 27
8124 7645 59
9533 8070 63
9533 8919 13
9533 1791 4
9533 7730 31
361 2928 18
361 6241 19
2928 9046 87
2928 9453 18
2928 5965 35
2928 9800 14
6814 9378 65
6814 9911 11
6814 4374 44
6814 8802 69
9378 7299 92
9378 6700 49
9378 2330 68
9378 4624 35
1418 9026 76
1418 7449 78
1418 7588 45
1418 6715 68
1418 5752 20
9026 7096 6
9026 9613 91
9026 9256 74
9026 7850 10
1708 5567 62
1708 7800 85
1708 8733 19
1708 6436 44
1708 4363 40
5567 7747 64
5567 3408 15
5567 7147 20
1123 6634 17
1123 9131 64
1123 9821 43
6634 5788 98
6634 7388 32
6634 8596 75
4285 8432 45
4285 4412 16
4285 9296 15
4285 4365 80
4285 8427 1
8432 9911 30
8432 1083 51
8432 8562 6
8667 9179 41
8667 8595 83
8667 7016 4
8667 3599 23
8667 1768 9
9179 7859 26
9179 2326 16
9179 2688 92
9179 921 9
680 2092 15
680 2040 43
680 9888 98
680 7287 72
680 9304 1
2092 8086 32
2092 2008 73
2092 4327 85
2092 4518 85
7963 3677 12
7963 7803 62
7963 9036 89
7963 1898 95
4611 9356 93
4611 2831 56
4611 4621 99
4611 6879 76
9356 371 78
9356 9039 94
9356 1219 49
9356 6587 45
7798 975 95
7798 9439 49
7798 3682 58
7798 3216 30
5573 9178 40
5573 9679 61
5573 1066 66
5573 4915 70
5573 4779 20
9178 5942 86
9178 9222 55
9178 8373 74
9178 7169 33
4940 5101 23
4940 7661 62
4940 9447 67
4940 1637 18
5101 756 30
5101 5543 32
5099 9295 100
5099 5113 17
5099 1851 13
5099 3498 86
9295 1892 3
9295 3876 21
9295 1195 95
9295 5677 85
4428 8336 4
4428 382 34
4428 9138 13
4428 4642 99
4428 6579 98
8336 5344 14
8336 9170 16
8336 9805 74
8336 6511 39
6774 7104 87
6774 4530 44
6774 9350 23
6774 7058 60
6774 1080 49
7104 7700 8
7104 3193 32
7104 6428 73
7104 3768 80
2870 8833 61
2870 767 3
2870 6362 44
2870 4742 66
8833 3386 65
8833 2200 96
8833 8232 8
8833 3948 42
2279 7611 13
2279 9469 73
2279 1193 36
2279 4191 17
2279 440 44
7611 1725 48
7611 7061 5
7611 6866 9
3129 8720 11
3129 2490 70
3129 3713 31
3129 1340 86
8720 5428 39
8720 7552 28
8720 9013 99
8720 7928 96
1935 2324 41
1935 4337 6
1935 6441 91
1935 4506 12
1935 7081 95
2324 1067 61
2324 9755 53
2324 7157 55
2324 2702 64
4556 5461 25
4556 6442 86
4556 2435 49
4556 150 83
5461 2531 87
5461 6259 34
5461 4382 15
5461 577 48
31 7846 11
31 6339 78
31 9714 72
31 8934 50
31 3975 97
7846 6024 15
7846 4489 7
7846 9285 45
7846 7437 17
3215 9403 90
3215 2507 64
3215 3546 81
9403 5651 42
9403 5707 13
9403 4516 5
1049 8398 45
1049 6367 8
1049 6335 71
1049 3863 75
1828 3366 19
1828 8991 34
3366 4258 81
3366 4901 90
3366 27 19
3366 5205 61
9699 333 61
9699 9154 52
9699 1131 76
6272 77 25
6272 8508 47
2490 3485 1
2490 547 86
2490 6637 76
3485 5483 64
3485 6050 88
3485 6628 42
3485 2243 25
114 152 1
114 3780 35
114 2760 69
152 5544 52
152 2321 11
152 9816 34
5750 6380 24
5750 8707 67
5750 86 1
5750 3545 71
5750 7168 6
6380 5503 28
6380 3292 80
6380 585 97
6380 7361 4
1921 9192 81
1921 4561 1
1921 8388 49
1921 4548 21
1921 314 15
9192 454 56
9192 336 12
9192 1644 93
5018 1832 97
5018 8965 76
5018 7554 40
5018 9804 23
516 7487 88
516 5304 18
516 2946 23
516 4459 51
516 7445 22
7487 2204 79
7487 4421 2
7487 8742 99
7487 4412 46
7865 8895 16
7865 6004 44
7865 3886 7
5262 7730 45
5262 5253 75
5262 5934 5
5262 5758 92
7730 9778 87
7730 4796 9
7730 3888 3
3049 5327 99
3049 4804 84
3049 6988 34
3049 6896 49
5327 1961 83
5327 6169 93
5327 7271 22
5327 9483 52
1383 4039 11
1383 3328 83
1383 3435 54
1383 4318 56
4039 767 34
4039 6322 91
4419 7418 30
4419 5987 81
4419 595 49
4419 811 48
4419 1953 17
7418 9122 62
7418 8935 54
7418 7859 3
7418 5668 88
463 8011 79
463 22 68
463 9306 81
463 6680 27
463 9889 36
8011 5342 72
8011 7542 68
8011 4056 5
8011 5058 72
1222 2401 3
1222 8197 34
1222 8295 27
1222 2400 6
1222 945 74
2401 9053 27
2401 567 14
2401 3394 43
6127 1286 72
6127 4275 10
6127 3993 27
6127 7716 77
1851 8988 48
1851 5363 86
1851 3542 93
1851 355 91
8988 2246 15
8988 7522 6
8988 560 23
8988 7202 64
1135 3156 67
1135 3282 18
1135 5613 36
1135 9411 51
1135 263 37
3156 5405 56
3156 4532 41
3156 6150 78
3156 5789 84
779 1831 66
779 509 94
779 922 13
779 7420 37
779 4204 75
1831 9145 84
1831 503 31
1133 825 84
1133 319 70
2978 6965 2
2978 9483 77
2978 6484 54
2978 612 90
2978 5704 44
6965 5369 45
6965 9133 53
6965 8243 47
6965 1354 42
3255 9717 94
3255 9510 14
3255 2019 95
3255 2180 3
9717 6202 74
9717 1537 77
9717 2142 93
9717 7887 37
4977 5652 8
4977 444 86
4977 3836 5
5652 6248 35
5652 4296 100
5652 7738 3
5652 421 63
1437 6877 57
1437 4096 5
1437 640 45
1437 8768 100
1437 3011 27
6877 343 9
6877 8289 94
6877 1913 25
6877 9503 76
2531 3243 48
2531 3964 19
2531 4503 51
3243 2574 86
3243 9205 45
3243 328 12
3243 7612 31
3360 8246 86
3360 566 31
3360 4462 29
3360 3252 47
1551 4912 11
1551 4458 63
1551 8874 59
1551 9009 49
1551 550 53
4912 9413 67
4912 7033 91
4912 6017 58
50 9885 43
50 4357 56
50 2273 36
50 6087 12
9885 1343 77
9885 1860 77
9885 7234 66
9885 214 64
9631 9348 7
9631 4252 82
2243 3941 1
2243 2259 74
2243 20 66
983 1574 92
983 7959 83
983 3694 23
4974 5704 3
4974 8481 82
4974 2288 61
4974 7201 6
5704 5995 39
5704 9217 51
5704 4541 25
3721 6083 100
3721 4958 85
3721 6182 4
3721 9168 48
3721 4054 94
6083 1347 66
6083 9862 33
6083 5744 58
1656 4332 12
1656 8325 34
1656 5252 59
1656 58 72
1656 77 97
4332 4071 16
4332 2807 26
4332 2910 37
4332 7790 29
1122 6842 73
1122 6102 24
1122 4012 7
1122 8600 12
6842 2440 6
6842 2122 55
6842 370 4
6842 2202 99
6403 7438 89
6403 3737 26
6403 7883 42
6403 6542 99
4836 9153 58
4836 1079 83
4836 1984 57
4836 6024 46
4836 410 2
9153 9316 77
9153 1349 37
9153 9681 17
9153 1397 47
841 8320 47
841 4346 53
841 7164 76
841 9726 65
841 1928 73
8320 9540 31
8320 7024 49
8320 735 68
8320 4900 6
1008 5050 63
1008 6213 7
1008 3512 39
1008 4244 40
1008 8570 92
5050 512 9
5050 2269 33
5050 1547 59
4017 5852 52
4017 5344 95
4017 3419 8
4017 1734 88
4017 3265 78
5852 7079 32
5852 5063 58
5852 8677 24
5852 8519 39
1626 9004 40
1626 5333 18
1626 823 49
1626 7125 31
9004 1274 45
9004 1630 18
9004 6424 88
9004 3681 98
4456 7814 30
4456 2515 88
4456 2227 27
3169 7448 75
3169 8538 8
3169 9858 6
3169 1106 87
7448 4068 73
7448 9478 86
7448 2636 55
8421 9741 30
8421 7253 84
8421 8950 95
8421 6422 24
8421 5932 90
9741 1009 93
9741 3657 88
9741 6950 55
9741 2974 6
4286 8150 60
4286 8046 13
4286 3668 94
4286 6974 29
2962 5657 43
2962 6780 64
2962 819 55
5657 7141 31
5657 3321 91
2525 8285 92
2525 512 20
2525 7356 44
8285 5536 28
8285 8129 80
8285 6029 99
8285 6854 27
3397 8214 88
3397 8812 29
3397 8975 39
3397 8228 13
8214 2254 49
8214 6219 19
8214 6988 21
8214 9148 54
5291 6034 13
5291 743 42
5291 5090 15
5291 2973 7
7525 7857 67
7525 1571 100
7525 4079 2
7525 5216 21
60 2628 14
60 2629 40
60 3414 70
60 349 51
2628 2661 25
2628 5024 32
2628 7883 29
2628 6013 49
2007 7541 12
2007 9786 66
2007 6700 33
2007 1677 97
2007 4003 3
7541 3166 86
7541 2600 10
7541 7729 51
754 3948 89
754 4294 49
754 529 51
754 5983 4
754 2142 97
3948 8706 84
3948 4218 26
1497 8193 74
1497 1258 4
1497 94 44
1497 5632 64
1497 676 95
8193 4223 9
8193 5213 92
8193 9773 25
859 6216 70
859 6994 46
859 2380 73
6216 7381 13
6216 5649 30
6216 2039 76
6216 8892 20
6978 2660 36
6978 2776 49
6978 187 87
6978 1938 67
1600 2464 10
1600 8356 40
1600 4717 100
1600 129 79
1600 95 54
2464 8446 27
2464 9817 7
2464 4483 94
4915 5258 49
4915 9575 65
4915 2016 86
4915 4712 65
5258 6203 54
5258 1621 37
5258 6 85
5258 2725 36
3437 8902 2
3437 8315 47
3437 8559 68
3437 8633 21
3437 2694 74
8902 1043 19
8902 1301 26
8902 1819 72
5044 9051 68
5044 6092 62
5044 4961 79
5044 3090 87
5044 2409 18
9051 7916 10
9051 2322 50
9051 3328 92
4844 9929 92
4844 8694 58
4844 5970 83
4844 6638 93
4844 9208 10
9929 7369 36
9929 1512 2
9929 3501 49
9929 2830 91
7807 8134 22
7807 2658 92
7807 3580 91
7807 3569 76
7807 5249 60
8134 3011 63
8134 3002 45
8134 5240 68
8134 3964 10
5450 6706 6
5450 3783 31
5450 746 56
5450 6575 88
6706 7049 41
6706 4547 34
6706 1975 3
6706 9588 89
1558 7725 68
1558 8194 13
1558 9313 56
1558 7744 48
1382 8778 12
1382 8107 7
1382 3517 79
1382 9256 26
8778 3279 41
8778 1470 8
8778 7891 43
8778 9288 14
6676 9607 55
6676 4842 87
6676 7884 39
6676 1608 18
6676 8464 38
9607 2996 74
9607 5194 75
9607 1079 81
9607 3581 2
2888 7532 22
2888 4865 27
2888 132 58
2888 8087 62
2888 8926 50
7532 1319 25
7532 8781 61
7532 7318 66
7532 6489 63
2703 9472 75
2703 9887 28
2703 7298 28
2703 6237 45
2703 9234 58
9472 7869 24
9472 9660 21
9472 7669 10
9472 7840 59
3614 9329 41
3614 8057 48
3614 8106 63
3614 6246 59
3614 2022 79
9329 6536 42
9329 6777 52
9329 7582 78
9329 5674 29
1974 4344 27
1974 9997 95
1974 8749 62
1974 9343 53
4344 4862 64
4344 6538 83
4344 8544 6
4344 5255 63
945 4431 77
945 3956 93
945 1660 65
4431 836 84
4431 9235 26
4431 5951 63
4431 7013 48
7113 7514 45
7113 9857 44
7113 6206 7
7113 4391 25
7113 8648 35
7514 9810 18
7514 9865 76
7514 7946 39
7514 4783 83
2476 8877 35
2476 5375 31
2476 4505 54
2476 4245 81
2476 5079 87
8877 3775 52
8877 3867 94
8877 9872 51
8877 7093 82
6688 9967 45
6688 7776 73
6688 3903 36
6688 601 6
9967 4319 56
9967 4657 19
9967 2756 78
9967 4074 95
6132 9520 100
6132 8297 56
6132 7839 97
6132 5119 14
9520 7944 80
9520 3499 22
9520 1155 85
9520 9310 17
2234 3867 11
2234 8288 97
2234 5329 87
2234 8818 20
3867 7710 70
3867 5540 53
4233 8970 77
4233 9187 49
4233 7691 29
4233 2308 6
8970 9290 26
8970 727 69
8970 9207 75
8970 4890 5
3199 4549 30
3199 1058 97
3199 1229 92
3199 9255 81
3199 4740 45
4549 3865 47
4549 2914 49
4549 2772 52
4336 8159 73
4336 9852 3
4336 8792 9
4336 2098 55
8159 5513 59
8159 1267 67
8159 9382 97
8159 9974 72
7011 9839 98
7011 7725 26
7011 87 28
7011 9260 97
7011 6759 11
9839 542 5
9839 1866 63
9839 6360 41
430 4897 12
430 9386 50
430 6357 50
430 1149 46
430 6252 79
4897 2496 98
4897 4260 80
4897 4501 40
5722 8309 58
5722 6817 15
5722 985 7
5722 3246 33
8309 8688 81
8309 8595 46
8309 3262 20
8309 8946 40
3285 6502 15
3285 1966 99
3285 6345 6
3285 7468 11
3438 9638 83
3438 7411 53
3438 1088 42
3438 1032 56
3438 4229 62
9638 4774 57
9638 3789 86
9638 8632 63
9638 8386 82
3939 5490 8
3939 8663 2
3939 1314 83
3939 5232 66
5490 2305 34
5490 3697 49
5490 7720 55
5490 5503 96
1525 1865 72
1525 2948 94
1525 2408 68
1525 3552 27
1525 1001 23
1865 4300 39
1688 3549 23
1688 8766 73
1688 5588 60
1688 131 57
1688 6773 76
3549 3361 91
3549 5485 22
3549 7885 24
3549 3272 59
3227 6193 51
3227 8276 45
3227 6410 91
3227 9083 15
3227 6916 16
6193 3257 42
6193 2515 47
6193 7242 9
6193 3157 86
9048 9168 39
9048 6934 3
9048 1582 96
9048 8769 3
9168 2383 37
9168 6021 45
4920 7025 8
4920 7469 47
4920 7059 98
4920 2475 89
7025 2867 34
7025 8725 4
7025 4373 73
7025 5331 8
4258 2270 55
4258 4738 36
4258 2182 44
1181 4657 72
1181 3967 38
1181 1312 1
1181 3083 57
4657 9694 2
4657 7889 37
93 6793 58
93 6419 74
93 2435 35
93 7568 96
93 7252 25
6793 8985 92
6793 2307 12
6793 6412 96
6793 9601 30
2672 6321 2
2672 9338 49
2672 6090 97
2672 7697 41
2672 2625 67
6321 4454 17
6321 2839 52
6321 5580 68
6321 9822 81
1446 2107 29
1446 3897 39
1446 6622 36
1446 2768 70
1446 939 9
2107 2875 47
2107 7673 5
2107 1976 21
3257 4153 35
3257 7573 7
3257 6610 10
3257 8884 15
6886 4114 50
6886 2084 62
6886 5407 8
6886 5183 50
7553 4691 61
7553 4118 84
7553 8440 90
5999 7679 38
5999 7941 24
5999 1308 67
5999 8926 19
3062 7421 16
3062 1838 94
3062 3576 49
4249 5665 49
4249 3353 34
4249 6363 94
5665 2496 4
5665 7862 15
5665 6815 100
2244 6409 23
2244 4422 4
2244 6622 67
2244 5376 90
6409 8133 10
6409 2627 16
6409 2372 93
6409 8526 100
776 8112 83
776 171 47
776 3226 74
776 7057 68
776 4301 83
8112 7741 7
8112 8296 34
8112 2847 86
5428 7770 58
5428 1633 6
5428 8377 12
1118 8815 74
1118 960 53
1118 7780 81
1118 3231 85
8815 3323 61
8815 7173 81
8815 6317 93
698 1813 21
698 5914 51
698 3365 47
698 4341 100
698 7599 48
1813 3740 43
1813 857 18
1813 5640 97
1813 276 72
3602 5265 98
3602 2340 32
3602 9117 76
3602 6944 7
5265 9423 87
5265 5143 11
5265 3779 59
484 6957 72
484 4588 6
484 8407 92
484 7842 85
484 9221 71
6957 465 1
6957 5520 25
6957 4869 45
8107 9651 84
8107 7828 13
8107 9775 33
8107 7894 88
4840 8735 86
4840 7451 40
4840 1562 88
8735 1116 80
8735 9471 24
7569 1746 19
7569 2704 73
7569 700 53
7569 6291 21
3501 7842 79
3501 4672 13
3501 2478 73
7842 9263 89
7842 9853 71
7842 1998 64
731 1172 30
731 3295 59
731 8313 6
731 6146 79
731 8171 21
1172 3449 20
1172 5645 68
1172 8028 16
1172 7521 76
3426 2564 20
3426 5227 28
3426 4487 4
4016 9227 69
4016 7833 15
4016 1971 60
9227 1366 86
9227 849 77
9227 9422 67
9227 3712 49
1027 9801 16
1027 8330 79
1027 9180 43
1027 9747 22
1027 4811 42
9801 5326 30
9801 7586 50
9801 9390 23
2304 5120 18
2304 3873 21
2304 4801 23
2304 8344 41
2304 6063 88
5120 8073 41
5120 1826 49
5120 3235 53
4093 4721 74
4093 9654 76
4093 4675 43
4721 2332 17
4721 8113 82
4721 4821 79
4721 8616 90
4485 7985 82
4485 9584 98
4485 1426 79
4485 9517 40
4485 624 44
7985 9570 28
7985 4422 68
7985 2187 33
1085 6773 89
1085 8574 38
1085 7794 98
1085 6730 2
1085 1783 75
6773 4385 9
6773 4174 75
6773 7584 73
5240 6575 22
5240 5609 68
5240 3462 37
6575 6035 18
6575 9343 100
6575 6104 21
6522 9408 93
6522 7058 53
6522 6010 80
6522 1531 7
6522 4440 35
9408 7980 88
9408 9041 79
9408 7443 80
9408 4762 41
6064 7776 87
7776 346 90
7776 821 19
7776 977 32
8684 9025 24
8684 1550 10
8684 7691 32
8684 5683 71
8684 2084 79
9025 6033 87
9025 4426 74
9025 6873 3
9025 6455 48
270 2358 21
270 3192 72
270 6345 58
3345 8916 15
3345 7684 45
3345 4387 76
3345 2085 82
4273 8479 27
4273 8723 18
4273 8435 54
4273 7278 97
4273 1344 41
8479 9984 35
8479 1326 42
8479 4719 100
8479 2927 65
5355 5774 31
5355 2579 47
5355 90 64
5355 8689 72
5355 6453 36
5774 2155 43
5774 6277 7
5774 9140 88
5774 5549 91
6419 8125 56
6419 1630 67
6419 4434 10
6419 2077 70
8125 9976 34
8125 6594 52
8125 6725 61
8125 7560 99
385 5988 44
385 6977 87
385 1066 11
385 5206 65
5988 5661 54
5988 6628 38
5988 7010 30
5988 3377 57
180 2358 22
180 5070 48
180 5286 48
180 1476 27
180 7923 28
2358 1232 91
2358 6399 9
2358 1592 87
3177 5809 35
3177 537 20
3177 6657 82
3177 3136 41
5809 6819 70
5809 4779 22
5809 4602 91
5809 9180 45
6694 7017 24
6694 1261 80
6694 7588 58
6694 6820 72
6694 5903 30
7017 3872 73
7017 3965 86
7017 9007 94
5128 5179 98
5128 3179 78
5128 8912 54
5128 9612 99
5179 14 46
5179 1448 68
5179 3541 92
5534 7587 93
5534 8776 28
7587 6650 55
7587 284 100
7587 1210 33
7587 1155 18
3436 8894 56
3436 9183 97
3436 7379 48
8894 8515 23
8894 7157 32
8894 8892 100
8894 4733 45
5681 6294 14
5681 5182 97
5681 2184 31
5681 5975 32
5681 5320 44
6294 2387 55
6294 8359 96
6294 323 82
6294 4239 35
2642 9033 8
2642 976 81
2642 8005 55
2642 6123 74
2642 1473 57
9033 4685 74
9033 7761 9
9033 8116 64
1947 8242 38
1947 76 50
1947 4731 86
1947 5378 15
1947 8306 63
8242 2480 13
8242 8500 18
8242 9635 71
8242 5287 14
3380 6518 14
3380 5636 36
3380 6584 16
3380 7347 98
6518 589 70
6518 1835 34
6518 1201 34
6518 2981 87
6045 7510 3
6045 3843 67
6045 6417 47
6045 6783 9
6045 9760 86
7510 9687 77
7510 5827 91
7510 2477 32
7510 5659 60
6585 8705 30
6585 8760 39
6585 3634 32
1675 2801 81
1675 1642 17
1675 7654 27
1675 354 37
1675 1074 67
2801 8224 62
2801 1294 62
2801 6379 72
2801 5583 60
837 9838 3
837 7485 17
837 5822 98
837 5721 79
9838 7131 97
9838 120 97
9838 2894 23
9838 5264 98
6368 8474 8
6368 8779 7
6368 9251 9
6368 5741 95
218 5070 94
218 5674 79
218 5910 29
5070 3997 67
5070 1163 92
5070 5709 11
2958 9619 53
2958 5606 23
2958 8184 36
2958 4765 11
2958 2572 11
9619 5389 18
9619 4953 61
9619 1405 75
9619 3076 99
1733 7882 87
1733 7932 12
1733 1047 23
1733 7729 93
1733 6969 90
7882 732 24
7882 6316 72
7882 2791 95
7882 7744 36
4015 6103 100
4015 1777 15
4015 545 50
4015 2098 97
4015 1983 6
6103 1472 85
6103 9117 33
6103 1990 13
6103 7649 51
3478 4178 45
3478 8798 45
3478 1852 9
3478 1884 55
3478 1433 32
4178 2353 23
4178 1776 65
4178 9464 2
4178 743 15
6089 6627 33
6089 756 29
6089 9886 42
6089 6996 64
6089 3447 61
6627 1236 100
6627 7249 37
6627 7164 34
6627 7461 85
7443 8020 77
7443 649 72
7443 5314 14
8020 9621 21
8020 1808 41
8020 4200 2
4829 6027 30
4829 6211 49
4829 7244 24
4829 5164 20
4829 1761 31
6027 3831 21
6027 1033 49
6027 1294 65
6027 8192 90
959 6394 37
959 9067 26
959 4757 33
959 1673 37
6394 2499 8
6394 6680 35
6394 7031 100
1579 5321 71
1579 7416 69
1579 2627 75
1579 6719 52
5321 2211 97
5321 791 27
5321 4262 43
2375 8638 32
2375 7411 7
2375 591 29
2375 1969 75
2375 2160 79
8638 5668 80
8638 8998 32
8638 9962 99
8638 7785 3
398 5014 39
398 8653 58
398 7421 2
398 1022 86
398 8327 42
5014 6722 84
5014 5886 89
441 5650 7
441 1475 7
441 7879 73
441 1496 43
5650 6945 67
5650 5072 47
5650 2109 43
5650 8603 87
5287 9507 67
5287 6474 29
5287 300 4
5287 1517 42
9507 7306 94
9507 337 17
9507 8198 58
9507 6974 77
1179 3135 22
1179 9932 60
1179 653 6
3135 979 18
3135 1504 37
3135 9193 55
3135 1147 60
3341 5467 81
3341 3906 84
3341 5664 17
3936 7099 3
3936 6458 93
3936 3577 67
3936 1639 62
3936 5952 71
7099 2876 66
7099 9146 39
7099 6084 90
7099 3305 92
6621 3232 90
6621 2080 46
6621 3742 33
6621 1465 25
1328 8304 69
1328 6141 93
1328 5304 25
1328 6229 80
1328 4205 73
8304 5209 100
8304 5417 91
8304 6539 21
8304 4191 34
2510 2797 91
2510 3595 3
2510 6645 63
2510 3173 11
2510 6914 49
2797 5895 49
2797 3781 52
2797 9395 16
5107 8758 98
5107 4866 86
5107 5661 94
5107 8434 8
5107 9505 57
8758 3564 67
8758 387 54
8758 2158 7
3108 5375 44
3108 2388 2
3108 8809 36
3108 130 56
5375 9236 44
5375 744 5
1225 7802 57
1225 78 100
1225 5905 87
1225 752 63
1225 6065 98
7802 5943 25
7802 7836 53
7802 8548 73
7802 7997 89
4492 4698 51
4492 6601 34
4492 5574 13
4492 5631 88
4492 9433 80
4698 8092 69
4698 2040 98
4698 9830 19
4698 6879 44
82 4377 61
82 3389 42
82 1198 42
82 7594 75
82 4100 4
4377 650 17
4377 3572 54
4377 5641 75
4377 5381 16
5689 9113 92
5689 7683 28
5689 1298 93
9113 1310 52
9113 2331 80
9113 4771 80
9113 1863 16
3571 6570 62
3571 1537 29
3571 7469 34
3571 4420 71
6570 1834 75
6570 2630 84
6570 4874 10
1759 9429 44
1759 3583 73
1759 2120 27
1759 1033 74
1759 5305 100
9429 2140 24
9429 8154 54
9429 9671 50
9429 6566 4
5919 9575 65
5919 5552 70
5919 951 92
5919 3930 26
5919 3798 42
9575 1433 78
9575 929 85
9575 8501 3
9273 5337 58
9273 6326 46
9273 7426 97
9273 6230 36
726 7108 7
726 3621 28
726 8541 1
726 890 90
7108 7918 37
7108 9644 59
7108 6536 26
6720 3788 26
6720 5061 27
3981 9851 32
3981 3246 98
3981 840 6
3981 8919 27
9851 1700 36
9851 9452 46
9851 2247 73
9851 7699 26
5344 9364 31
5344 8438 16
5344 8251 35
2786 2686 35
2786 9523 5
2786 4347 12
2786 6181 39
5483 5255 78
5483 9697 23
5483 7661 41
5483 727 54
7473 9309 52
7473 242 93
7473 3010 33
9309 9021 54
9309 5437 24
9309 3970 47
9309 1777 72
1573 9424 3
1573 8676 61
1573 6567 83
1573 8669 62
1573 7857 4
9424 2453 82
9424 63 42
9424 6539 82
5952 6490 21
5952 7511 99
5952 936 49
5952 893 56
6490 7703 71
6490 319 45
6490 5003 96
6490 9284 1
3579 5118 75
3579 7383 8
3579 8365 55
3579 8443 74
5118 6833 53
5118 8469 55
5118 1613 54
5118 9927 60
4904 5581 94
4904 3439 91
4904 6481 12
4904 587 60
4904 1523 79
5581 9765 43
5581 8960 36
5581 2456 99
7290 7912 15
7290 3944 77
7290 1864 21
7290 5110 70
7290 6942 64
7912 5961 16
7912 8837 90
7912 6363 18
1046 8217 14
1046 5579 12
1046 7063 99
1046 6402 71
8217 5089 82
8217 2543 23
8217 7935 34
8217 8471 1
5939 7194 90
5939 1506 42
5939 2714 47
5939 1716 8
5939 6794 86
7194 6761 96
7194 2420 64
7194 5380 22
7194 5180 3
7045 4776 33
7045 3611 21
7045 9716 45
4817 7090 86
4817 5631 25
4817 1424 8
4817 7105 32
7090 6476 42
7090 5064 9
7090 4566 20
7090 3736 62
9672 8687 48
9672 8804 78
9672 2202 73
6046 9508 92
6046 9173 85
6046 6006 91
6046 6962 42
9508 3499 25
9508 9641 93
9508 4433 85
9508 3287 84
6760 6341 17
6760 2018 47
6760 7444 80
6760 4263 41
5421 1074 57
5421 6391 1
5421 7209 37
5421 9183 56
3014 3804 65
3014 8342 71
3014 3591 28
3014 3222 5
3014 4365 93
3804 5424 86
3804 6344 21
3804 8532 21
3804 6975 47
3865 3416 84
3865 6619 71
3865 2595 94
643 7581 25
643 8453 90
643 6847 53
643 5644 77
643 9840 19
7581 436 25
7581 6454 20
7581 9373 25
7581 944 5
3564 6011 12
3564 3350 17
3564 8920 1
3564 5171 15
5143 6105 33
5143 5510 21
5143 8906 32
5143 5568 57
6105 7539 22
6105 8015 35
6105 8772 72
6105 1487 15
3750 4195 38
3750 1043 13
3750 4411 63
3750 7620 6
3750 7118 38
4195 4730 48
4195 2540 40
4195 4517 68
157 9758 92
157 4391 18
157 3294 14
157 9987 80
9758 2013 6
9758 229 77
9758 4504 64
9758 8476 99
2429 9543 41
2429 4880 30
2429 2651 62
2429 7457 17
9543 204 20
9543 1249 21
9543 4259 40
9543 315 99
6928 9909 63
6928 9163 76
6928 3581 21
6928 3009 20
9909 3667 80
9909 9729 25
9909 2423 94
9909 8732 40
762 1237 92
762 6031 66
762 1165 25
762 3137 19
762 5911 10
1237 1622 41
1237 2232 63
1237 9519 36
1237 3717 7
6451 6537 8
6451 7429 27
6451 283 35
6451 9671 77
6451 6606 16
6537 7361 22
6537 3540 46
1830 2798 93
1830 1279 62
1830 86 50
1830 9189 78
2798 9400 26
2798 1026 19
2798 1327 21
2798 1870 8
4706 6454 97
4706 2492 38
4706 3248 47
4706 567 91
4706 3416 34
6454 6750 35
6454 2247 51
576 7648 16
576 455 45
576 7186 63
576 475 94
7648 3047 67
7648 1062 64
7648 4250 98
7648 5635 86
1505 8111 82
1505 9551 72
1505 6728 54
8111 822 4
8111 1963 89
8111 7710 62
772 5442 26
772 1203 22
772 5721 44
3065 8414 20
3065 7789 56
3065 4687 39
3065 2609 30
3065 7417 94
8414 5836 55
8414 1190 67
8414 4618 26
8414 9349 59
2749 5302 88
2749 4502 97
2749 2444 45
1281 6124 34
1281 1100 56
1281 8594 44
1281 1589 93
1281 2013 77
6124 2148 38
6124 3770 100
6124 6401 16
6124 7503 50
1568 7120 18
1568 3998 91
1568 289 58
1568 3720 85
7120 6110 66
7120 3389 47
7120 281 55
4642 6819 65
4642 9107 45
4642 4789 18
6819 3881 7
6819 9305 14
6819 810 3
767 3506 65
767 1145 93
416 1889 1
416 9952 13
416 6740 30
416 6989 42
416 3080 99
1889 3739 26
1889 1809 58
1889 1267 90
1889 7053 31
2752 7097 81
2752 8317 19
2752 9236 59
2752 1282 5
991 2763 51
991 4349 40
991 6976 63
991 3334 24
991 7701 63
2763 6973 85
2763 624 9
2763 7974 57
2763 7430 39
3344 9118 77
3344 9379 70
3344 7086 44
3344 1988 58
3344 7513 30
9118 5489 41
9118 4654 9
4161 6896 35
4161 4522 4
4161 8959 21
4161 4756 89
4161 4744 77
6896 3821 2
6896 8518 55
6121 6734 94
6121 7373 14
6121 7305 22
6121 191 59
6359 9176 2
6359 1650 75
6359 5197 29
6359 369 68
6359 3038 19
9176 7219 10
9176 6534 60
9176 8601 97
7959 7053 93
7959 2438 72
1895 8804 63
1895 5073 99
1895 4272 2
8804 3346 3
8804 3996 88
8804 2832 56
1007 1926 31
1007 8143 29
1007 8391 5
1007 6790 76
1007 6552 16
1926 5910 96
1926 1928 37
1926 2896 7
5909 7435 88
5909 2735 64
5909 815 98
7435 4266 82
7435 260 88
7435 5039 63
7435 3152 98
1040 1874 33
1040 1858 22
1040 6852 93
1040 8012 45
1040 8054 100
1874 4735 6
1874 7468 75
1874 3554 90
826 7772 81
826 4544 25
826 1595 84
826 2494 56
7772 9065 96
7772 6228 57
7772 9416 82
473 3712 15
473 8812 66
473 7129 52
473 8861 61
473 2726 46
3712 6494 55
3712 6276 86
1099 6618 47
1099 165 30
1099 1707 73
1099 760 81
1099 154 28
6618 2089 22
6618 9430 99
6618 309 50
6618 599 20
3457 4457 67
3457 5594 91
3457 6123 73
3457 1028 27
3457 8559 44
4457 4092 73
4457 9411 36
4457 3713 14
4457 8527 78
814 3224 22
814 65 76
814 4661 31
814 7828 11
814 1319 87
3224 1083 33
3224 4174 84
3224 8139 16
5442 408 72
5442 1148 84
5442 808 79
5442 745 53
2372 6110 53
2372 2823 44
2372 914 53
2372 6324 60
6110 3904 24
6110 4546 45
6110 9621 71
2193 1914 13
2193 3914 56
4164 2517 21
4164 1724 33
4164 8860 3
4050 8354 49
4050 2081 54
4050 8373 50
4050 6816 88
4050 2599 96
8354 958 5
8354 9135 8
8354 6345 37
8354 2650 74
1624 5658 79
1624 4497 92
1624 8357 22
1624 1339 80
5658 7796 44
5658 5389 89
5658 2391 43
5658 9458 99
2649 5829 26
2649 4207 47
2649 7656 16
2649 9730 63
2649 9348 48
5829 1160 40
5829 127 48
5829 6192 54
5829 7136 56
5080 7179 14
5080 6600 39
5080 7218 16
5080 2385 47
7179 7359 34
7179 6000 76
7179 6318 96
7179 9361 21
3882 9709 56
3882 151 31
3882 2707 24
3882 9666 98
9709 12 80
9709 9640 72
9709 6184 82
9709 95 47
1704 1590 68
1704 580 39
1704 1969 22
1704 7263 96
7898 957 19
7898 7526 65
7898 9633 12
7898 9687 36
4980 9353 49
5850 6050 35
5850 5366 1
5850 1184 82
5850 4994 49
5850 4114 50
6050 1504 65
6050 2161 29
6050 3915 15
1455 3755 44
1455 5971 42
1455 1140 1
1455 9037 53
1455 4569 40
3755 8201 58
3755 482 18
3755 1518 10
2952 3544 36
2952 8014 77
2952 8787 9
2952 7874 99
3544 1454 60
3544 8121 15
3544 681 51
3544 1105 29
2939 5002 16
2939 6637 49
2939 2586 76
2939 4064 93
2939 6265 87
5002 6386 71
5002 5163 55
3935 6687 88
3935 5533 84
3935 6296 32
3935 2256 39
6687 8865 47
6687 6964 79
6687 6646 71
1378 7480 86
1378 8648 99
1378 8434 52
1378 4007 7
1378 9277 84
7480 1324 66
7480 718 81
7480 9857 52
7480 1543 79
1192 1840 78
1192 3181 69
1192 4950 46
1192 9016 3
1840 3186 37
1840 6057 2
1840 4728 32
1840 1989 14
3210 9437 93
3210 9137 22
3210 832 23
3210 1621 48
3210 8298 8
9437 3262 99
9437 5197 17
9437 6047 19
9437 5768 68
2024 4622 32
2024 5123 52
2024 3453 77
2024 4506 96
4622 7218 2
4622 6413 56
4622 1254 80
4622 6468 95
5668 3184 8
5668 179 22
5108 7822 61
5108 9450 56
5108 3785 15
5108 2536 3
2914 7574 63
2914 7477 18
2914 8963 62
2914 9459 57
7574 4757 1
7574 44 18
7574 8978 4
7574 3451 96
3232 4473 61
3232 254 82
3232 2118 92
4473 1156 74
4473 304 100
4966 6087 98
4966 5693 56
4966 125 99
4966 9021 1
6087 1490 46
6087 6690 81
5958 6118 69
5958 617 72
5958 87 40
5958 1864 89
6118 4185 28
6118 23 17
7071 9142 70
7071 1741 6
7071 2104 71
7071 6532 81
9142 1230 71
9142 5532 32
9142 3486 94
4173 7390 47
4173 4117 22
4173 4756 88
4173 1682 25
4173 2516 42
7390 2237 73
7390 9596 53
7390 4323 77
7390 4586 19
1258 3058 72
1258 5276 91
1258 6851 85
1258 851 75
7668 8085 38
7668 4718 54
7668 6366 22
7668 6450 1
7668 7484 85
8085 8511 3
8085 4620 77
8085 7228 47
8085 9466 62
4136 5569 17
4136 7767 31
4136 9487 7
4136 3222 91
8973 9559 76
8973 4091 70
8973 990 19
8973 5024 13
8973 6911 73
9559 7127 100
9559 4658 28
9559 166 31
5225 9357 6
5225 3107 38
5225 7717 51
5225 4095 55
5225 4321 39
9357 963 38
9357 1088 63
9357 7799 86
9357 9749 36
5687 2359 38
5687 7645 66
5687 2892 62
5687 4821 59
3779 7621 53
3779 2810 28
3779 5806 18
7621 2568 50
7621 7136 82
7621 6369 58
7621 1285 8
8001 409 81
8001 4599 42
8001 906 40
8001 5591 34
892 2086 68
892 9759 10
892 2201 49
892 6150 82
2086 1764 100
2086 250 36
8606 8984 34
8606 3632 40
8606 1090 76
8606 3280 37
8606 8369 35
8984 9708 34
8984 7847 15
8984 8225 52
8984 929 72
582 4489 77
582 684 37
582 5738 45
582 6865 4
582 3686 57
4489 8272 25
4489 6223 81
4489 3140 8
4681 6611 5
4681 4900 37
4681 7202 96
4681 6109 74
4681 2129 80
6611 3709 58
6611 4669 79
6611 176 100
6611 6640 96
1987 4689 99
1987 1113 46
1987 2292 37
1987 9363 8
4689 3681 47
4689 6183 80
4689 9745 83
4689 3570 42
7421 4524 13
7421 2874 32
7421 595 34
333 752 50
333 993 63
333 2042 29
333 5403 83
752 6756 65
752 8643 71
752 299 55
295 4432 89
295 4412 54
295 802 34
295 3377 10
295 6684 32
4432 7843 37
4432 9206 59
4432 4866 56
1261 8469 15
1261 6852 61
6414 8562 9
6414 1156 80
6414 3425 2
6414 1867 64
6414 3832 70
8562 9553 42
8562 2138 62
2872 4264 96
2872 670 67
2872 3931 99
2872 2640 77
2872 8622 66
4264 7189 29
4264 1294 69
4264 6348 11
4264 6297 38
4213 9367 62
4213 5151 18
4213 5460 14
4213 151 54
4213 189 75
9367 4931 1
9367 7981 78
9367 7330 40
9367 6290 85
2339 6430 75
2339 3354 36
2339 4042 35
2339 3612 87
2339 4714 28
6430 4488 81
6430 8946 90
6430 8439 13
6430 1224 8
3652 8576 69
3652 7308 100
3652 7857 72
3652 3964 30
3652 6705 46
8576 7313 100
8576 2472 37
8576 8924 60
1372 7395 99
1372 8558 87
1372 475 48
1372 1826 49
1372 4987 77
7395 2740 73
7395 3349 98
7395 8641 93
2117 8303 20
2117 4719 33
2117 5468 20
2117 5582 19
2117 6758 24
8303 9600 74
8303 6949 57
8303 7118 93
8303 6945 91
2588 7888 54
2588 8093 79
2588 7232 4
2588 5842 77
7888 1763 87
7888 5001 66
7888 3350 48
7888 7685 57
4224 5769 36
4224 7917 90
4224 2498 17
4224 2296 83
5769 5915 26
5769 9432 95
5769 9878 85
2382 6507 22
2382 6597 81
2382 8847 26
2382 994 44
2382 6254 12
6507 5510 24
6507 2091 14
6507 3686 29
6507 4576 36
1483 7384 31
1483 3543 51
1483 4816 3
1483 2917 83
1483 2309 76
7384 1365 69
7384 2098 71
7384 1898 5
7384 6514 70
3265 9978 70
3265 378 98
3265 1516 10
3265 6159 56
9978 1506 7
9978 5465 43
4387 4420 41
4387 5742 78
4387 4351 45
4420 8784 62
4420 8740 49
4420 5261 34
650 2532 47
650 5587 9
650 4652 53
1472 8915 54
1472 8363 83
1472 2665 78
1472 5674 7
8915 4312 37
8915 71 22
8915 627 89
8915 8250 44
1959 7098 71
1959 2862 46
1959 5104 24
1959 8256 84
106 7138 27
106 3381 7
106 6606 18
106 8835 20
106 8654 47
7138 1080 7
7138 7137 38
7138 7551 90
7138 9548 91
8039 9236 95
8039 954 16
8039 5588 84
8039 5489 86
9236 4838 68
9236 6385 36
3466 6477 15
3466 4425 62
3466 5251 60
3466 5171 21
3466 8965 6
6477 4333 13
6477 7759 35
8457 9749 20
8457 4064 30
8457 2121 36
9749 1134 61
9749 6231 7
9749 3629 47
4973 5456 29
4973 7848 27
4973 2471 8
4973 4795 86
4973 7972 3
5456 8144 25
5456 5742 53
5456 9009 81
5456 6903 54
1364 8042 84
1364 6278 33
1364 183 24
1364 7271 99
1364 2288 76
8042 6206 100
8042 1780 20
8042 6911 13
8042 2326 66
104 3278 7
104 249 59
104 7929 52
104 7535 30
3278 1575 63
3278 2528 31
3278 9186 75
3278 9602 96
7423 9677 90
7423 3943 65
7423 5834 51
7423 597 18
9677 9786 59
9677 2428 25
9677 2940 69
9886 9548 17
9886 7450 18
9886 3507 71
7852 9036 88
7852 860 93
7852 851 9
7852 8035 96
7852 7682 14
9036 1760 69
9036 188 59
9036 8271 52
2988 4573 17
2988 9123 62
2988 5184 91
2988 3986 46
2988 7293 22
4573 1400 8
4573 4478 8
4573 1234 90
4573 9075 17
1876 6123 65
1876 2368 16
1876 5271 88
1876 6219 22
1876 472 38
6123 140 73
6123 9859 81
3869 8937 1
3869 8002 12
3869 4263 48
3869 8911 96
3869 3476 55
8937 2897 79
8937 3972 56
8937 2159 72
6398 9102 26
6398 4528 90
6398 8635 8
6398 1848 16
6398 9226 70
9102 5289 68
9102 8393 92
9102 8740 55
9102 8405 10
6768 7881 50
6768 5747 51
6768 8333 79
6768 6536 10
6768 3023 39
7881 6154 62
7881 7645 94
7881 4507 51
1050 1062 12
1050 4917 90
1050 2116 53
1050 5138 25
1062 9053 5
1062 6829 29
3319 6026 97
3319 2800 63
3319 4308 29
3319 5309 92
3319 1100 32
6026 4370 20
6026 2951 96
6026 8828 37
4029 7879 81
4029 5424 42
4029 2819 82
4029 8204 24
7879 8737 82
7879 1247 47
7879 8686 19
8329 9725 65
8329 9302 23
8329 2305 54
8329 3455 30
8329 1013 61
9725 581 3
9725 4630 42
9725 9673 93
9725 957 17
793 9515 28
793 8842 61
793 6716 42
793 572 61
793 8327 44
9515 4971 75
9515 7527 54
9515 1298 82
9021 2038 19
9021 4125 22
9021 3916 99
6739 7301 3
6739 5605 49
6739 3162 96
6739 4043 27
6739 4204 51
7301 4613 14
7301 9723 83
7301 6686 28
896 1534 19
896 7768 40
896 898 95
896 8530 97
896 3363 59
1534 3745 61
1534 4725 79
1534 4144 59
1534 6657 22
4352 7751 16
4352 5096 54
4352 2533 90
4352 8413 22
4352 7893 84
7751 8218 98
7751 6160 97
7751 254 55
7751 8571 82
144 3808 53
144 5875 78
144 557 56
144 1587 73
2900 6981 68
2900 4913 36
2900 5897 89
2900 9419 77
2900 6374 96
6981 7217 63
6981 3433 100
6981 8155 15
3416 808 86
3416 4392 2
3416 6934 43
1522 9516 68
1522 3251 57
1522 413 3
1522 3261 4
1522 6445 39
9516 3836 63
9516 8587 83
9516 124 22
207 4291 36
207 5284 61
207 9368 84
207 338 38
207 5608 90
4291 7313 98
4291 9017 11
3254 8197 46
3254 5378 41
2061 2444 13
2061 9789 51
2061 2186 81
2061 132 92
5206 6700 56
5206 7088 80
5206 3083 7
6700 9229 71
6700 4867 28
115 6623 54
115 5993 32
115 4033 22
115 4631 77
2921 5175 78
2921 8495 78
2921 8358 84
5175 4484 66
5175 2831 51
5175 9912 94
5175 8477 47
1009 2700 4
1009 3279 3
1009 8379 17
1009 3175 46
2700 6488 22
2700 2715 53
2700 3359 16
2700 7088 43
7538 9734 40
7538 9763 38
7538 232 9
7538 7370 47
7538 2151 36
9734 1195 28
9734 8793 27
9734 4855 18
9734 1957 37
2177 5431 35
2177 6078 9
2177 5767 54
2177 1944 97
5431 9326 6
5431 9879 14
5431 2907 86
6233 202 26
6233 6334 41
6233 9669 10
6233 5458 89
621 8253 19
621 2265 36
621 4871 82
621 8974 36
621 235 94
8253 1221 10
8253 3038 27
8253 4826 71
8253 7987 57
280 7960 6
280 2136 45
280 8313 74
280 1682 29
7960 1967 82
7960 4278 41
7960 7383 8
7960 9097 70
2871 6751 99
2871 8062 18
2871 1130 67
2871 8649 29
6751 3482 42
6751 9593 66
6751 5233 16
6751 6228 52
8517 8971 88
8517 9647 31
8517 1816 31
8517 9197 67
8517 1171 47
8971 2908 66
8971 1343 21
8971 2493 55
8971 8543 26
4095 8825 87
4095 3456 52
4095 7196 42
8825 1298 63
8825 531 9
8825 782 74
829 8367 31
829 4674 92
829 7695 41
829 5215 4
8367 651 67
8367 6135 77
8367 954 73
6154 7563 98
6154 3760 34
6154 7769 80
6154 6940 68
7563 9683 91
7563 7854 43
7563 3566 2
7563 964 19
7721 9037 61
7721 1322 4
7721 2729 58
9037 1554 77
9037 8631 5
9037 5455 4
6488 340 89
735 7951 41
735 6859 58
735 4795 67
7951 811 53
7951 3427 78
7951 6908 42
7951 2176 18
5370 9144 47
5370 8323 73
5370 1082 48
5370 1559 51
5370 2286 57
9144 328 91
9144 4757 99
9144 6680 40
9144 6600 72
4000 8938 22
4000 5783 50
4000 4503 79
4000 1026 95
8938 4055 95
8938 6283 87
8938 2221 88
8938 271 29
4158 7080 25
4158 1594 31
4158 3980 43
4158 7396 6
4158 8165 20
7080 5089 100
7080 4563 62
7080 8028 48
7080 2431 53
6761 7211 49
6761 323 41
6761 421 29
6761 7860 81
5432 7413 24
5432 2709 58
5432 7560 25
5432 384 13
8670 9371 46
8670 6052 27
8670 5678 87
8670 4978 45
9371 3405 73
9371 7695 56
9371 2777 5
9371 4169 64
3074 2040 23
3074 5724 33
3074 5659 30
3074 1817 88
8723 3994 27
8723 340 20
8723 2422 82
66 2315 10
66 5645 13
66 7627 2
66 1452 92
66 6649 6
2315 3637 6
2315 1148 2
2315 2410 41
2315 1540 88
1781 5233 32
1781 7922 62
1781 7520 7
7219 7664 68
7219 5524 61
7219 5794 94
4563 6203 100
4563 8617 68
4563 2965 86
4563 640 1
6203 5835 9
6203 2186 88
6203 286 60
1151 2869 69
1151 6207 91
1151 9656 4
1151 7958 90
7517 8991 98
7517 77 91
7517 3836 76
7517 4690 48
8991 7546 71
8991 5943 34
8991 315 16
8960 9160 30
8960 8805 12
8960 5015 53
9316 9542 32
9316 1092 10
9316 673 62
9316 9556 46
4991 6559 81
4991 2729 85
4991 5622 54
4991 6196 73
8762 8936 1
8762 5607 55
8762 9252 69
8762 5720 87
8936 1546 87
8936 3429 24
8936 1134 32
8936 7229 7
7034 9022 83
7034 259 61
7034 449 45
7034 9210 87
7034 8504 67
9022 7188 58
9022 8127 75
9022 2608 26
9022 599 94
745 7110 74
745 1650 57
745 5800 13
745 3340 1
7110 3809 20
7110 3336 71
7110 2139 42
7110 6390 17
7486 8365 93
7486 8109 16
7486 1347 19
7486 3382 88
8365 9454 17
8365 7704 63
5342 5911 47
5342 3102 42
5342 8246 95
5342 6986 69
1842 1399 83
1842 4014 69
1842 5280 95
574 7228 70
574 2134 34
574 5643 44
574 1827 68
574 8381 87
7228 8088 57
7228 2370 40
7228 0 28
6843 8673 8
6843 3493 25
6843 9418 13
6843 182 33
6843 6432 40
8673 1607 53
8673 5028 96
8673 4361 69
8673 2276 43
7005 3617 33
7005 2206 7
7005 305 24
7005 6989 68
4884 4358 64
4884 7742 34
4884 4079 57
3568 3965 19
3568 2759 11
3568 297 15
3965 3953 70
3965 2724 9
3965 5190 70
685 9661 94
685 1517 98
685 3469 12
685 528 57
685 2853 26
9661 3947 24
9661 4864 76
9661 6001 48
9661 1533 22
5885 8411 89
5885 9880 69
5885 6006 3
5885 7161 19
5885 3113 51
8411 8152 29
8411 6013 44
8411 2316 89
8411 2310 79
8233 9696 16
8233 407 86
8233 7031 18
8233 9866 45
8233 2156 81
9696 3601 21
9696 3949 44
9696 1705 63
1913 2809 82
1913 1642 38
2809 6967 38
2809 7324 88
2809 1565 22
5097 6086 24
5097 1304 62
5097 6636 12
5097 8126 92
5097 2983 64
6086 4848 55
6086 2536 25
6086 5580 75
6086 3302 2
2831 64 92
2831 6324 4
2831 4786 50
274 7198 71
274 3699 28
274 7420 2
4577 7548 74
4577 4723 14
4577 1476 78
4577 3364 52
4577 257 9
7548 5139 86
7548 5494 8
7548 7424 39
7548 3578 40
706 9831 79
706 4290 51
706 2145 72
8510 9223 97
8510 6808 6
8510 1878 40
8510 7866 6
8510 460 79
9223 4148 15
9223 9088 40
9223 7117 68
9223 8053 67
391 9564 88
391 965 16
391 461 52
391 2171 55
391 8018 1
9564 9842 35
9564 1685 10
9564 7999 63
9564 1268 50
7576 9547 18
7576 4424 3
7576 1991 26
7576 3718 40
7576 1485 13
9547 3149 10
9547 1736 73
9547 9997 50
9547 7728 14
7980 5112 77
7980 8064 89
7980 9455 40
7980 9094 57
1165 2542 25
1165 2027 80
1165 8941 3
2542 6933 92
2542 1890 67
2542 2355 50
2542 2337 40
3353 4134 79
3353 4813 90
3353 360 15
3353 495 28
4134 3843 63
4134 1856 13
4134 7209 2
4134 9340 58
1928 3467 8
1928 6737 92
1928 8406 21
3467 3351 48
3467 2902 61
3467 1660 41
3467 2388 62
2818 3975 27
2818 64 27
2818 6564 60
2818 1933 67
3975 2277 38
3975 8552 46
3975 4459 90
5825 8114 24
5825 8883 14
5825 8302 28
5825 5012 14
8114 1399 51
8114 3498 53
8114 5510 32
8114 9084 30
1725 8019 69
1725 9577 71
1725 4214 39
1725 949 95
8019 1946 85
8019 6880 92
8019 953 77
8019 9258 22
317 1105 64
317 2562 9
317 8979 62
317 3722 35
317 6748 89
1105 6288 22
1105 3394 40
1105 9611 80
4699 8268 1
4699 2208 75
4699 6159 72
4699 538 49
8268 5413 8
8268 5886 13
8268 4716 7
2629 4453 49
2629 2393 39
2629 452 90
2629 7415 24
4453 7905 57
4453 882 66
4453 8975 46
4453 401 92
8406 4324 26
8406 7324 89
3522 5259 13
3522 613 46
3522 6583 20
3522 5986 55
5259 9448 59
5259 5219 18
5259 3056 29
8175 8721 53
8175 8311 99
8175 1343 40
8175 3419 28
8175 8489 88
8721 4098 45
8721 1622 98
8721 1933 74
8721 6441 40
4251 6573 86
4251 1076 1
4251 2607 85
4251 7169 82
6573 4279 19
6573 5502 6
6573 1976 97
6573 4824 23
790 9057 90
790 8334 68
790 7887 77
790 8604 38
790 8207 60
9057 9986 61
9057 8423 93
9057 9831 50
9057 7009 98
1149 8209 69
1149 4266 16
1149 5459 20
1149 7537 46
8209 5152 93
8209 5917 11
8209 7620 1
8209 9825 19
7019 9383 45
7019 6062 68
7019 7986 1
7019 9793 49
7019 7630 25
9383 5244 78
9383 1308 92
9383 482 83
4391 8283 45
4391 4325 41
4391 6955 90
2772 9992 92
2772 3771 51
2772 8618 21
2772 6192 38
9992 7695 97
9992 940 53
9992 3053 97
9992 7294 76
3527 1687 51
3527 2562 49
3527 1898 33
927 7507 39
927 413 62
927 9077 84
9145 8499 26
9145 2980 34
9145 6078 37
9145 1810 86
565 1183 48
565 3985 50
565 9015 62
565 5052 84
565 6712 70
1183 3219 5
1183 6364 2
1183 7958 18
1183 5624 61
8574 5165 85
8574 476 19
8574 6293 43
8574 8003 79
4503 9803 7
4503 8824 37
4503 5369 26
9803 4278 82
9803 1751 20
9803 4490 65
9229 8133 32
9229 9962 76
9229 6356 16
1342 5197 2
1342 8761 67
1342 8655 68
1342 868 69
1342 5086 76
5197 7033 3
5197 6945 58
3790 7652 90
3790 8734 32
3790 1712 84
3790 1751 79
3790 6617 92
7652 8855 41
7652 6940 93
7652 1680 93
7652 7153 2
3595 9628 72
9628 8754 18
9628 9621 63
9628 670 98
9628 8135 3
483 777 30
483 2015 45
483 3219 52
483 4423 98
483 1537 93
777 5408 27
777 1934 76
777 922 5
8908 9753 10
8908 2284 54
8908 2857 96
8908 637 71
9753 3777 16
9753 3182 27
9753 2360 71
9753 9194 26
8078 775 37
8078 3281 1
8078 9720 57
3504 4033 55
3504 7941 98
3504 9897 1
3504 9373 10
3504 8631 33
4033 3103 39
4033 7531 35
4033 5625 18
4775 8397 27
4775 3656 40
4775 6326 92
4775 6457 41
8397 8359 97
8397 9531 33
8397 587 2
8397 9675 25
8216 9610 32
8216 9354 30
8216 9964 52
8216 5417 78
8216 5346 80
9610 2206 94
9610 956 7
9610 3496 94
9610 7669 43
3052 8827 55
3052 673 54
3052 6835 4
3052 7088 73
3052 9074 95
8827 5899 74
8827 6969 34
8827 4789 5
318 1060 42
318 5587 33
318 9141 93
318 1982 21
318 7378 27
1060 532 1
1060 3523 42
1060 8660 97
9423 8324 50
9423 2619 42
9423 4036 53
8636 9875 62
8636 687 45
8636 2087 26
1048 9981 92
1048 6501 83
1048 1640 54
1048 5638 25
9981 7148 38
9981 681 59
9981 4193 41
3997 6802 75
3997 3926 50
3997 8064 48
3997 5285 70
3871 5897 53
3871 7685 41
3871 4770 35
3871 8206 86
5897 1173 100
5897 4100 54
5897 2931 59
724 1189 67
724 4240 71
724 2069 38
724 4465 25
1189 2896 24
1189 6239 25
1189 7524 98
1189 7262 5
5245 2572 53
5245 2385 58
5245 3901 70
599 5624 78
599 8678 50
5624 2714 6
5624 5815 19
5624 183 75
7598 8635 84
7598 2966 54
7598 6776 45
7598 4225 6
8635 263 27
8635 6340 43
6504 9757 79
6504 8058 37
6504 8006 56
6504 7645 27
3630 8659 41
3630 987 47
3630 4705 87
3630 8666 91
3630 9955 94
8659 5575 74
8659 807 96
8659 1991 22
8659 3486 45
3649 8709 62
3649 6900 48
3649 1811 15
3649 7261 18
3649 92 82
8709 8743 58
8709 9723 48
8709 5907 46
710 4772 98
710 7339 8
710 3474 76
6840 8993 9
6840 89 68
6840 2011 14
6840 1694 35
8993 5923 35
8993 6170 15
8993 5713 85
8993 2590 37
3184 978 41
3184 8321 19
3184 5731 92
2769 3412 39
2769 8594 78
2769 8920 6
3412 1228 67
3412 6542 14
3412 1530 49
6215 8340 84
6215 6401 36
6215 4791 23
6215 4571 22
6811 4424 45
6811 4474 99
6811 8433 52
2936 3525 40
2936 7768 44
2936 9501 4
3525 8968 51
3525 6225 20
3525 7007 30
3525 8037 58
871 8190 28
871 9627 85
871 9721 66
871 2260 65
871 7884 76
8190 3079 96
8190 4416 20
8190 2004 4
8190 5529 2
5492 9485 84
5492 9583 24
5492 4668 64
5492 1640 87
5492 1995 69
9485 8950 71
9485 6249 53
9485 5482 16
9485 3270 61
7858 9931 34
7858 5976 4
7858 6137 6
7858 9933 47
5604 5754 81
5604 6214 27
5604 1940 2
5604 3441 77
5604 4788 2
5754 4495 6
5754 2758 50
5754 4351 37
5754 2073 31
5244 4057 94
5244 2846 79
5244 535 40
891 4870 33
891 9763 44
891 4636 93
891 2095 91
891 7484 24
4870 8874 29
4870 8444 60
4870 7547 41
4295 2738 99
4295 4001 50
4295 6976 91
4295 1771 28
204 3940 22
204 9857 45
204 6001 88
3940 2320 32
3940 4874 31
5636 7592 54
5636 8631 17
5636 7062 33
9264 1582 45
9264 4572 41
9264 6220 95
242 1199 1
242 5679 84
242 8025 36
1199 253 12
1199 3932 20
1199 6144 40
775 3831 94
775 3881 35
775 9728 25
775 4792 35
529 4536 78
529 6443 17
7436 8061 68
7436 7989 74
7436 2877 67
7436 4997 77
8061 677 98
8061 1427 20
8061 8706 36
4538 6309 19
4538 7689 55
4538 3134 7
4538 2282 12
6309 8435 10
6309 2925 12
6309 7340 83
6205 6509 62
6205 2029 8
6205 9544 93
6205 4684 42
6205 2529 46
6509 109 15
6509 3375 73
6509 189 71
6509 49 52
3640 6098 60
3640 7579 64
3640 272 18
3640 9239 13
3640 6276 53
6098 7586 60
6098 5720 31
6098 2575 99
6098 2332 1
9087 4784 45
9087 4314 69
9087 4256 93
9087 5806 71
1219 7718 96
1219 3352 46
1219 7737 93
1219 838 49
7718 5268 42
7718 2034 61
7718 2810 91
9976 5614 45
9976 4165 13
9976 2659 68
5289 7899 74
5289 8262 82
5289 4928 14
1361 6081 16
1361 2312 97
1361 8645 33
6081 9018 73
6081 7380 72
6081 6014 74
6081 4518 79
8518 9678 53
8518 4150 100
8518 9339 31
8518 5728 71
9678 9781 70
9678 7884 19
9678 2942 23
9678 5328 26
5133 7808 65
5133 4877 67
5133 740 11
5133 5936 96
7808 4806 89
7808 6376 20
7808 850 96
37 3776 39
37 2849 58
37 3493 17
37 196 37
37 1637 93
3776 4687 76
3776 8753 53
3776 729 52
3776 8262 18
2948 8207 10
2948 8793 62
2948 2245 51
2948 5034 56
8207 3692 8
8207 252 99
8207 2009 14
3381 1984 100
3381 6500 28
3381 6167 24
3381 7143 31
7116 1597 67
7116 6469 4
7116 2765 29
7116 2391 8
1187 9311 28
1187 6262 13
1187 8630 88
1187 501 43
1187 3122 64
9311 7243 6
9311 4568 56
9311 6682 12
7334 2221 46
7334 2704 93
7334 2913 66
7334 256 32
5645 4907 97
5645 9562 88
5645 8941 78
7146 7332 65
7146 3498 7
7146 1632 44
7146 6248 18
7146 1509 28
7332 4612 37
7332 9303 44
7332 3398 94
2999 7391 41
2999 6326 17
2999 6616 22
2999 3015 12
2999 4162 80
7391 543 76
7391 2655 81
7391 575 40
7391 203 4
1490 7734 34
1490 5929 72
1490 9733 78
1490 1508 100
4117 4343 53
4117 9183 85
4117 6533 65
4117 5229 76
4343 940 28
4343 7420 67
630 8612 69
630 1412 44
630 3507 9
630 7382 97
630 548 17
8612 5756 10
4760 8357 63
4760 9595 26
4760 9673 33
4760 6571 51
4760 34 90
8357 7286 65
8357 9489 97
8357 3393 76
5538 466 2
5538 5868 59
5538 1377 26
5538 3452 40
6841 6854 88
6841 3213 26
6841 3567 13
6841 9405 81
6841 5484 83
6854 868 80
6854 1400 31
6854 3358 64
2880 8049 24
2880 9334 95
2880 1255 81
2880 8446 16
8049 4628 79
8049 1170 55
8049 224 72
8049 7653 56
1274 9064 49
9064 9234 64
9064 8430 60
9064 8802 73
9064 9933 69
6535 7686 84
6535 2194 20
6535 6445 84
6535 1942 19
7686 4822 10
7686 9519 94
7686 8707 25
7686 5599 45
4487 7794 13
4487 5326 25
4487 8775 54
4487 9184 31
7794 6082 13
7794 6461 37
1230 996 64
1230 5468 84
1230 7136 96
1230 4425 75
5634 6238 4
5634 160 66
5634 965 76
5634 4139 60
6238 550 18
6238 748 15
6238 4482 41
634 1914 54
634 1784 76
634 5293 61
634 2641 17
634 8557 68
1914 7624 62
1914 7666 72
1914 4877 94
4544 7547 27
4544 1415 14
7547 9728 13
7547 1919 51
1774 5041 100
1774 5220 62
1774 6574 37
1774 8898 66
5041 6503 2
5041 5707 79
5041 4390 11
5041 555 54
8037 8950 89
8037 4955 10
8037 6031 7
8037 4902 6
8950 6580 54
8950 5786 92
6693 7377 78
6693 4167 29
6693 2918 79
6693 8550 31
4440 3594 80
4440 9818 36
4440 1312 64
5693 1272 50
5693 9950 58
5693 721 16
6724 8497 53
6724 906 79
6724 7516 54
6724 1426 73
8497 2634 31
8497 6572 84
8497 4813 19
8497 907 44
4500 8379 10
4500 2074 40
4500 2393 79
4500 4656 87
4500 7068 28
8379 9908 51
8379 5416 58
2743 9225 10
2743 3675 28
2743 9987 58
2743 6492 2
9225 5871 88
9225 5862 13
9225 5174 57
9225 958 46
498 2403 34
498 9382 45
498 5032 29
498 5870 30
498 2114 17
2403 2150 75
2403 3371 48
6468 7753 57
6468 4879 43
6468 8597 46
7753 578 23
7753 9665 75
7753 771 59
7753 1204 72
1102 403 36
1102 2726 99
1102 639 18
1102 8541 47
1609 8922 3
1609 4283 94
1609 3450 61
1609 7376 81
1609 1541 24
8922 94 55
8922 1191 19
375 7823 10
375 72 62
375 3637 75
375 7272 37
375 7940 94
7823 2726 57
7823 2788 14
7823 4283 91
7823 2413 54
6273 9500 80
6273 6927 64
6273 1792 42
232 9989 91
232 3045 49
232 3697 6
232 6434 40
9989 2903 47
9989 3003 56
9989 7221 97
9989 5889 35
8676 1952 78
8676 5784 32
8676 4953 66
6612 5895 94
6612 6337 67
6612 1687 33
6612 1810 89
1920 4061 66
1920 5059 56
1920 1471 65
1920 2254 1
1920 7752 96
4061 6557 92
4061 7892 12
4061 3138 85
4061 4160 92
4688 9904 95
4688 2821 26
4688 49 56
4688 4588 54
9904 4081 15
9904 7215 75
9904 7314 62
9904 8290 12
6780 7062 50
6780 5295 81
6780 219 60
6780 9736 81
7062 4395 6
226 2223 82
226 3325 55
226 7249 40
226 9246 50
226 1156 92
2223 7030 85
2223 7307 3
2223 3675 82
1340 2439 44
1340 1692 66
1340 622 26
1340 2571 50
2439 48 94
2439 9303 16
2439 8503 2
2439 8297 68
2207 8440 70
2207 7855 100
2207 5294 23
2207 8227 23
2207 1343 12
8440 8783 77
8440 527 19
8440 1492 87
908 3748 24
908 1366 59
908 4871 44
908 9447 70
908 1084 41
3748 1115 62
3748 3173 48
3748 3698 87
6745 9700 77
6745 4153 79
6745 1153 95
6745 979 79
6745 7992 79
9700 7139 58
9700 1476 94
9700 5495 19
2574 6921 44
2574 611 75
2574 4252 60
2574 4992 7
6921 6721 30
6921 2351 60
6921 4560 26
6921 2042 77
822 3956 53
822 8206 33
822 2523 68
822 506 82
1275 2229 14
1275 9971 58
1275 7296 3
1275 4357 94
1275 2049 51
2229 6184 38
2229 6474 59
5731 8375 80
5731 7091 34
5731 9198 37
5731 8462 70
8375 6574 43
8375 7827 64
8375 6998 60
8375 7362 74
2501 9826 10
2501 7037 4
2501 8485 48
2501 4542 91
2501 3068 24
9826 2578 1
9826 6733 20
9826 1658 49
9826 2836 68
1869 5864 29
1869 168 88
1869 6716 77
8086 471 45
8086 3305 17
8086 4253 55
3081 9354 87
3081 8423 49
3081 1867 91
3081 1715 35
9354 5032 52
9354 8345 54
9354 6966 91
6825 7370 69
6825 919 79
6825 9893 76
6825 9126 56
7370 3956 79
7370 6511 47
7370 6982 90
142 6173 25
142 5425 76
142 9611 11
5510 9315 43
5510 9325 13
9315 9748 74
9315 5220 9
9315 5361 96
9315 7426 78
5042 6562 87
5042 269 41
5042 7198 80
487 8013 99
487 577 78
487 525 11
487 9694 4
487 6007 90
8013 424 85
8013 7556 33
8013 1977 59
8013 2441 37
7608 7981 23
7608 8686 75
7608 1136 33
7608 7122 45
7981 9805 37
7981 3204 18
7981 3211 13
3256 5592 99
3256 1532 51
4325 9047 87
4325 2123 32
4325 7653 27
4325 4088 30
9047 4967 72
9047 7895 31
9047 7901 37
9047 1750 43
2147 2666 44
2147 5643 85
2147 8051 44
2147 5320 87
2147 2056 49
2666 8621 46
2666 5279 24
2666 5585 4
2666 9924 74
1331 3800 51
1331 8338 97
1331 4838 93
1331 3667 61
1331 5290 19
3800 18 33
3800 6109 82
3800 9683 76
3800 9191 90
395 9494 90
395 2989 77
395 6378 100
1406 7357 46
1406 3968 81
1406 5192 6
1406 1415 65
7357 2547 33
7357 3365 96
7357 6916 57
7357 8597 61
8560 3015 28
8560 1900 33
8560 3694 96
8560 7367 69
5570 5932 11
5570 6400 45
5570 2976 88
5570 220 53
5570 1537 90
5932 5834 96
5932 7379 81
2593 8297 69
2593 9124 63
2593 9828 7
2593 9614 15
4067 7826 5
4067 2545 1
4067 7542 71
4067 8872 44
7826 3440 70
7826 7770 16
7826 97 7
7826 2211 31
182 3189 10
182 778 62
182 6648 74
182 5144 25
3189 4784 19
3189 4040 65
3189 5758 55
3189 6323 9
3031 6970 26
3031 1923 64
3031 2766 91
2838 6347 44
2838 7994 8
2838 6072 19
2838 7252 55
2838 1678 80
6347 5942 76
6347 3573 86
6347 743 90
6347 1683 64
7196 489 2
7196 3727 46
7196 2102 69
418 6849 51
418 7687 59
418 9729 21
418 1053 65
418 5620 21
6849 7832 26
6849 5707 4
6849 4216 18
6849 2509 96
462 2425 19
462 8943 39
462 1185 66
462 6776 12
2425 5149 66
2425 5536 57
2425 4886 32
2425 2695 88
3797 5871 49
3797 7274 85
3797 2150 83
3797 8643 28
3797 4996 32
5871 2866 92
5871 5231 80
4735 1503 38
4735 304 60
4735 8977 6
3336 7913 82
3336 3408 98
3336 6288 13
7913 916 62
7913 4938 97
7913 7078 29
7913 811 11
5886 6703 42
5886 4077 46
6703 4931 47
6703 197 31
6703 8618 32
6703 6625 78
9122 4180 56
9122 4795 63
9122 7629 40
2129 2975 6
2129 863 7
2129 4856 34
2975 7 13
2975 4652 95
2975 6571 64
2975 1121 39
3534 7339 60
3534 9336 85
3534 335 70
3534 4658 81
7339 7119 21
7339 5598 15
7339 166 73
1493 8426 76
1493 474 22
1493 7762 16
1493 5587 93
1493 2034 4
8426 3178 39
8426 8895 64
8426 1467 21
8426 5418 59
3798 6631 9
3798 3888 14
3798 9963 31
6631 4188 6
6631 5707 45
6631 2984 65
1303 1886 57
1303 6156 82
1303 6579 23
1303 7947 71
1303 7232 16
1886 6873 38
1886 1144 60
1886 6391 47
1535 9502 69
1535 6555 43
1535 3657 95
1535 5964 68
3293 8274 38
3293 960 38
3293 192 75
4311 4937 8
4311 6390 15
4311 1215 39
4311 3870 62
4311 1950 23
4937 3495 52
4937 6011 60
4937 4803 17
4937 1097 74
7872 9450 9
7872 9475 77
7872 3702 94
7872 9594 74
7872 3196 100
9450 3812 47
439 7824 21
439 2990 9
439 2676 15
2044 6435 77
2044 7404 46
2044 353 23
2044 1190 5
2044 9650 83
6435 2362 40
6435 6610 44
6435 4304 86
6435 7827 79
1076 9427 67
1076 6602 28
1076 6340 53
1076 2905 61
9427 3407 92
9427 6207 91
9427 9954 48
9427 4803 34
5408 1492 55
5408 5423 19
6252 8653 31
6252 7251 98
2393 9972 42
2393 603 19
2393 3047 65
9972 3677 92
9972 988 71
9972 3419 35
9972 5267 59
3305 4604 61
3305 2971 11
3305 3022 60
4604 2240 39
4604 3552 33
1550 3833 39
1550 8554 10
1550 9790 17
1550 6740 24
3833 6350 26
3833 6301 9
2181 7837 25
2181 9866 44
2181 5174 84
2181 9908 26
7837 5526 89
7837 7153 52
7837 8081 11
7837 5600 88
5096 6043 99
5096 6820 6
5096 3206 53
5096 8321 67
2543 8226 96
2543 245 73
2543 6699 29
2543 9096 27
8226 9204 92
8226 2565 10
8226 1852 94
6015 1288 24
6015 7741 18
6015 9824 64
6015 39 53
3931 9203 22
3931 9720 37
3931 9777 58
3931 3667 77
9203 4272 14
9203 5048 38
9203 6997 66
9203 6298 57
7091 974 20
4495 7983 17
4495 2582 18
4495 9612 72
7416 8429 38
7416 7783 74
7416 5299 100
7416 1036 88
8429 7779 53
8429 6871 50
8429 9549 37
8429 6744 34
6093 548 53
1063 9730 85
1063 6336 77
1063 7800 59
1063 6853 77
1063 4448 99
9730 4782 8
9730 9340 93
9730 5798 61
378 9627 46
378 6893 81
378 2750 73
378 7666 35
9627 1758 69
9627 6100 95
9469 3228 41
9469 5212 33
9469 4047 81
9469 2002 61
2702 3910 97
2702 2935 27
2702 8278 12
3910 291 66
3910 5937 52
3910 7466 47
3910 1316 9
4374 8618 35
4374 4986 22
4374 6519 68
4374 6556 78
8618 3597 15
8618 4462 49
5630 9476 23
5630 3280 30
5630 5185 31
5630 3510 69
5630 4329 52
9476 7468 80
9476 489 92
550 9330 28
550 9404 96
550 8946 54
9330 5740 69
9330 584 63
9330 5555 22
4511 6637 95
4511 4719 55
4511 7809 48
4511 5615 55
4511 5310 45
6637 4925 25
6637 394 25
3296 9752 51
3296 704 1
3296 572 91
3296 8469 89
3296 5669 83
9752 3566 28
9752 8648 1
2991 5613 28
2991 1320 76
2991 3276 10
2991 4338 37
1790 7965 51
1790 1055 69
1790 3580 10
1790 2089 83
1790 4411 45
7965 4455 89
7965 2832 3
7965 6543 31
7965 234 82
272 691 55
272 3033 69
272 8179 4
272 8468 37
691 2855 51
691 5982 7
691 6092 5
4981 8249 41
4981 7286 74
4981 1826 81
4981 4831 76
4981 3127 92
8249 1427 93
8249 1929 59
8249 6660 34
8249 985 76
1565 8786 35
1565 3567 86
1565 231 49
8786 2023 83
8786 8653 55
8786 2828 28
2981 7647 69
2981 832 56
2981 3165 34
7647 3406 15
7647 2089 95
7647 2971 77
7647 6431 28
4378 9676 10
4378 1911 63
4378 9837 4
4378 4470 58
9676 6701 41
9676 9061 2
9676 5495 50
9676 9850 14
4744 9999 23
4744 1496 69
4744 7014 9
9999 2056 64
9999 2982 7
9999 6125 33
9999 1034 17
2165 8027 79
2165 5145 35
2165 5248 84
2165 8408 10
2165 8774 50
8027 8690 4
8027 4788 97
8027 7374 74
9386 2203 88
9386 9595 2
9386 4572 93
2137 5979 34
2137 3487 49
2137 8163 76
2137 5061 82
2137 3144 89
5979 5304 35
5979 5700 21
5979 1238 70
5979 9101 12
2169 2484 52
2169 1127 85
2169 2904 13
2169 4979 56
2169 9294 39
2484 8017 100
2484 7115 57
2484 3208 30
2484 3782 4
352 835 46
352 3015 37
352 4163 15
352 3720 39
352 5498 84
835 8289 7
835 988 16
835 6591 38
835 2253 78
2669 2807 36
2669 8203 36
2669 2780 46
2669 8810 80
2669 164 82
2807 1714 6
2807 4163 23
2807 1492 33
1409 4208 12
1409 4192 88
1126 5302 53
1126 2916 40
1126 3282 15
1126 2388 38
1126 850 59
5302 618 57
5302 8167 81
5302 9823 95
3325 3026 75
3325 3250 26
3325 729 69
3325 3594 35
4121 8680 88
4121 688 77
4121 1256 65
4121 2966 100
8680 8931 55
8680 531 75
8680 4284 97
3310 9404 24
3310 7481 33
3310 6392 47
3310 8753 12
9404 5780 100
9404 2980 33
5392 5874 66
5392 580 17
5392 7076 63
5392 9589 42
5392 980 45
5874 8195 25
5874 1582 32
5874 1923 97
3217 6961 40
3217 5973 8
3217 3482 74
3217 2780 75
6961 1729 69
6961 8362 22
6961 6452 52
2697 9345 14
2697 5267 74
2697 6314 25
2697 2960 87
4394 1980 65
4394 3806 36
4394 4606 45
3586 8521 14
3586 85 55
3586 6613 100
8521 9716 96
8521 7540 67
9986 3061 16
9986 9326 36
9986 1679 52
9986 2173 29
3279 5717 54
3279 6060 61
3279 8627 24
7630 9582 94
7630 7887 2
5278 4586 79
5278 9463 45
5278 3328 85
5278 1896 26
3812 8460 85
3812 5610 13
3812 8865 32
3812 5365 11
8460 7920 85
8460 6208 8
8460 6704 47
8460 6253 68
4800 6874 39
4800 4350 91
4800 5236 30
4800 4280 9
4800 7746 82
6874 6148 37
6874 5435 74
6874 8869 49
6874 4664 47
5980 6956 32
5980 8430 88
5980 3650 25
5980 7769 87
5980 2152 78
6956 329 29
6956 9297 3
6956 8797 17
6956 2974 20
1896 2079 65
1896 5641 29
1896 5504 29
1896 2150 4
2079 5499 33
2079 2054 53
2079 5667 1
2079 1058 36
5724 6212 43
5724 6189 35
5724 7698 3
6212 6749 85
6212 7844 25
6212 9532 30
6212 7609 72
4371 8050 1
4371 5216 64
4371 254 15
4371 7833 94
4371 7976 99
8050 7097 71
8050 8260 71
8050 3064 30
8050 2404 47
640 7263 47
640 1698 91
7263 4994 57
7263 9452 75
7263 3137 100
9653 9993 79
9653 8000 88
9653 3678 9
9653 2616 90
9653 5672 70
9993 769 8
9993 1599 16
9993 8398 82
9993 5400 72
2886 4107 1
2886 9195 43
2886 1514 1
2886 149 34
2886 3732 22
4107 642 1
4107 1820 36
4107 8846 46
4107 5394 89
568 7360 14
568 2347 8
568 9548 77
568 3601 3
568 712 77
7360 3666 29
7360 2650 39
7360 9308 47
2833 6166 14
2833 1966 63
2833 7627 54
2833 5669 51
2833 4787 73
6166 6187 59
6166 7323 54
6166 1124 24
5832 6280 28
5832 2544 66
5832 8054 48
5832 5873 17
6280 3705 99
6280 7460 18
6280 1287 92
2817 9605 37
2817 1307 50
2817 9920 83
2817 2148 25
9605 1791 42
9605 1884 63
9605 3028 58
1272 8644 19
1272 5697 44
1272 315 40
1272 7089 1
8644 8826 92
8644 1476 59
8644 2899 67
5105 4615 78
5105 5377 62
5105 7992 86
9263 4400 22
9263 108 90
9263 5226 58
9263 2902 28
4724 8703 15
4724 8439 37
4724 8594 56
4724 8745 23
4724 5590 31
8703 4713 51
8703 4922 2
8703 33 92
8703 1603 21
5994 6049 64
5994 134 55
5994 1428 70
5994 2076 14
6049 5945 42
6049 5447 67
6049 4130 56
8935 2289 58
8935 1821 78
8935 8677 16
8935 7125 48
150 8690 11
150 36 100
9780 2737 91
9780 9919 98
9780 248 95
9780 9131 97
3080 6982 52
3080 8333 94
3080 9960 6
3080 7461 7
6982 275 33
6982 8312 97
6982 8630 4
1404 3286 62
1404 4625 94
1404 9359 47
1404 1605 68
1404 4147 62
3286 4598 86
3286 5409 66
3286 6418 33
1758 2691 59
1758 3842 52
1758 4952 70
1962 6997 21
1962 9714 100
1962 5767 87
1962 125 80
6997 1634 91
6997 6171 2
6997 3040 48
2884 4181 83
2884 1081 33
2884 5890 31
8099 9454 58
8099 2316 18
8099 6944 80
8099 5075 3
9454 5911 24
9454 6972 26
9454 925 57
6375 7030 51
6375 480 64
6375 7580 91
6375 5422 77
6375 4011 7
7030 5049 4
7030 5208 25
7030 2746 79
1082 9809 55
1082 8570 21
9809 9035 80
9809 6457 4
9809 4154 66
9809 4362 27
6361 8852 49
6361 4060 51
6361 3068 10
6361 1202 52
6361 4964 38
8852 3927 62
8852 4628 19
8852 2055 88
7589 7662 19
7589 4891 5
7589 3056 35
7589 6277 45
7589 1013 85
7662 7479 78
7662 6726 66
7662 7474 48
7662 6691 98
5273 6824 18
5273 1416 16
5273 9970 93
5273 8446 81
6824 1506 20
6824 1441 26
6824 1680 22
6824 2723 80
2277 4183 32
2277 6051 18
2277 9870 84
3545 6910 36
6910 3434 95
6910 6525 53
6910 8573 64
5326 2252 87
5326 3675 75
5326 392 3
5755 2646 98
5755 617 6
5755 7453 26
5755 5797 81
187 447 57
187 4229 13
187 5453 67
187 9997 15
447 8732 42
447 8965 89
447 7599 74
9421 9592 12
9421 853 25
9421 8353 54
9592 3387 68
9592 1644 38
9592 5151 99
9592 6927 94
3258 3847 94
3258 8857 57
3258 5609 34
3847 4597 57
3847 1208 43
3847 5424 21
917 5396 19
917 7084 88
917 9813 96
917 8269 11
917 1174 27
5396 1659 70
5396 9364 13
5396 9360 9
5396 5628 67
41 573 28
41 7234 34
41 3445 78
41 7125 4
751 3414 54
751 2349 72
751 5667 55
751 1277 59
751 8910 51
3414 8540 27
3414 6855 42
3414 7580 12
3892 8307 95
3892 5085 86
3892 6159 56
3892 1718 5
3892 1717 72
8307 3827 38
8307 6514 46
8307 7434 58
8307 4853 4
9406 5798 46
9406 2166 51
9406 2630 90
872 4872 28
872 5780 91
872 9883 39
872 5586 73
872 201 23
4872 8526 4
4872 5076 99
4872 6829 11
4872 9338 34
3778 5926 34
3778 863 14
3778 5740 13
3778 1290 36
3778 6149 30
5926 5437 29
5926 6332 74
5926 208 45
1751 6911 39
1751 2423 53
1751 513 90
6911 9995 17
6911 5387 72
4727 6075 16
4727 1145 49
4727 7320 50
4727 6194 9
4727 5298 11
6075 3691 55
6075 7041 30
6075 2684 23
196 3372 23
196 6625 48
196 642 4
5844 9218 27
5844 6884 81
5844 2799 3
5844 4745 38
5844 9300 85
9218 6903 18
9218 9769 84
9218 8872 79
2853 8995 58
2853 2027 56
2853 6899 22
2853 7571 86
8995 5905 47
8995 3364 73
8995 4906 59
8995 8077 46
6152 6616 82
6152 525 27
6152 6235 31
6152 2458 58
3678 4399 30
3678 1572 5
5873 1326 66
5873 6822 76
5873 9864 7
1496 4298 19
1496 3542 80
1496 1440 58
4298 2472 25
4298 868 67
4298 5316 42
5527 8006 18
5527 3374 60
5527 9044 75
5527 8480 85
5527 4097 87
8006 3302 80
8006 5694 55
8006 8322 50
7328 7432 82
7328 2652 72
7328 5971 40
7328 8484 47
7328 1679 60
7432 6257 54
7432 1879 19
7432 4434 47
1977 8543 22
1977 7982 73
1977 4333 94
8543 7221 4
8543 6474 55
8543 7208 38
3556 8334 23
3556 7281 53
3556 6895 10
3556 2623 11
8334 7975 61
8334 3373 88
8334 5077 78
6062 8515 34
6062 2154 18
6062 7870 98
6062 7720 73
8515 474 16
8515 1279 11
8515 1747 100
1209 6870 85
1209 1996 7
1209 5221 32
1209 8999 82
6870 5372 37
6870 3001 19
6870 9193 26
6870 8177 97
3175 5609 88
3175 1872 64
3175 2411 25
5609 6404 38
5609 7785 76
1339 6162 94
1339 4390 60
1339 7567 1
6162 9323 5
6162 6697 13
6162 9060 54
6162 3587 70
5167 5569 50
5167 2423 28
5167 9937 89
5167 9063 34
5167 8100 47
5569 9140 48
5569 7778 63
5569 780 7
5418 6908 98
5418 2236 50
5418 5972 34
6908 5210 86
3389 9582 49
3389 7221 73
3389 7546 3
28 4092 72
28 1966 48
28 4704 69
28 6705 1
4092 6821 50
4092 4002 63
4092 9417 59
6788 3181 3
6788 5782 83
6788 3603 73
1094 7270 69
1094 9084 71
1094 9702 71
1094 5250 69
1094 5474 94
7270 6187 65
7270 1529 95
7270 7404 52
7270 6246 87
8812 8537 69
8812 9395 4
8812 919 88
4455 5535 35
4455 7260 37
4455 9111 54
4455 4964 49
8541 6479 31
3874 9905 59
3874 1823 58
3874 9224 1
3874 9119 4
9905 4624 4
9905 2407 50
9905 864 95
9905 213 59
2320 6715 6
2320 2263 25
2320 8994 83
6783 3710 41
6783 5869 56
1411 2530 65
1411 9314 1
1411 592 61
1411 4009 99
425 7296 77
425 3596 26
425 7195 56
425 3611 51
7296 3242 23
7296 1236 33
5877 3744 39
5877 8730 88
1259 5243 74
1259 2267 5
1259 131 22
1259 7118 43
1259 6355 89
5243 6806 42
5243 6408 43
5243 9598 64
5243 9883 7
6659 9686 51
6659 4142 91
6659 3017 15
6659 2770 53
6659 5385 69
9686 7885 48
9686 8985 94
9686 5535 5
9686 957 82
6846 9512 51
6846 6001 64
6846 3428 42
9512 9620 98
9512 6021 98
9512 5702 27
9512 4539 53
5369 9783 18
5369 266 67
9792 9965 43
9792 7829 5
9792 2514 37
9792 4746 86
9792 5931 39
9965 4375 95
9965 7464 55
9965 158 81
9965 3923 74
962 9608 61
962 4664 97
962 252 24
962 4154 42
8455 9707 90
8455 3608 65
8455 6058 1
8455 4261 27
8455 3794 82
9707 1810 3
9707 3756 97
9707 3244 2
9707 3136 11
673 7449 88
673 8059 2
673 4076 8
3460 7862 48
3460 9790 20
3460 5149 28
3460 3714 18
6744 8454 53
6744 7967 30
6744 8248 23
6744 8071 17
8454 6470 92
8454 9092 37
8454 1215 54
8454 5003 44
4188 9849 73
4188 8054 16
4188 3839 90
4188 8999 46
9849 4936 62
9849 9669 41
9849 9705 80
4494 6923 87
4494 9075 11
4494 601 20
4494 2018 40
6923 3819 100
6923 7818 65
6923 140 16
1696 8785 13
1696 406 57
1696 7111 20
1696 7046 89
1696 3657 9
8785 3173 80
8785 3337 58
8785 8648 73
6939 6207 11
6939 7022 14
6939 6335 66
6503 1657 37
6503 4268 3
6503 2123 89
6503 2283 56
2340 7046 57
2340 771 31
2340 6231 2
2340 1146 39
1894 3687 100
1894 4118 6
1894 7725 84
1894 9283 92
8002 9534 29
8002 9916 35
8002 2431 62
8002 7634 44
249 3850 3
249 3958 68
249 3853 60
249 1971 19
3970 6364 15
3970 384 9
3970 7310 75
6364 7643 5
6364 6173 76
3992 8690 19
3992 5959 95
3992 2047 72
482 7941 49
482 7637 46
326 6485 77
326 248 1
326 3047 5
326 9566 36
326 8424 52
6485 8739 35
6485 1212 58
6485 6914 79
6485 1801 57
4459 6528 88
4459 2986 8
4459 3635 44
6528 5412 78
6528 2056 76
6528 5061 100
6528 1788 5
2176 5049 51
2176 1000 63
2176 6239 87
2176 524 84
5049 7670 28
5049 3813 88
5049 4108 87
546 4916 74
546 1945 23
546 3642 35
546 7818 16
546 7501 30
4916 2039 47
4916 9249 29
4916 8265 45
4916 1017 37
160 6452 17
160 54 17
160 6901 59
160 1267 65
3951 9855 86
3951 7700 88
3951 8733 52
3951 4590 17
3951 6645 52
9855 9670 97
9855 129 8
4926 6529 1
4926 5033 44
4926 5574 66
4926 4925 11
6529 1447 53
6529 2438 85
6529 3622 19
5468 8798 19
5468 1669 30
5468 5256 44
8798 8888 49
8798 3069 92
1020 921 78
1020 8483 8
1020 2563 46
1020 5475 14
120 5454 26
120 7338 31
120 6791 74
5454 3154 64
5454 7089 50
5454 1191 20
5454 2454 95
494 5106 4
494 2647 99
494 6002 69
494 9837 80
5106 9828 48
5106 3622 26
5106 7786 60
5106 9002 14
3058 8708 21
3058 3765 37
3058 454 4
3058 7137 12
4423 2199 67
8296 9380 39
8296 3281 10
8296 4124 23
8296 3387 28
9380 6244 55
9380 2586 88
9380 579 46
9380 6642 67
1527 6831 72
1527 9065 96
1527 2194 30
1527 5521 93
6831 9765 98
6831 2694 14
445 676 48
445 2811 98
445 3468 58
445 1822 74
445 6913 51
676 8385 37
676 1351 4
676 1823 13
7369 4219 57
7369 9405 1
7369 9086 68
7369 1912 9
2579 5415 7
2579 9453 64
2579 4648 15
2579 9081 48
5415 1786 37
5415 5966 97
5415 7703 39
4081 690 31
4081 8291 68
4081 1681 10
2876 7905 28
2876 2426 40
2876 7256 33
2876 1618 40
2716 9850 10
2716 2784 83
2716 7909 33
2716 6771 71
2716 288 67
9850 3352 64
9850 347 48
2452 4327 26
2452 9276 96
2452 5830 28
2452 3419 72
2452 1544 57
4327 9500 14
4327 4606 40
4327 9312 19
1068 4223 36
1068 9063 87
1068 9170 52
1068 4429 17
1068 8768 57
4223 9275 79
4223 8679 45
4223 8183 76
6227 6325 44
6227 3449 3
6227 5957 63
6227 5074 78
6227 1641 5
6325 8633 35
6325 1034 13
6325 3218 99
6325 1698 82
965 8417 92
965 5382 51
965 4501 86
8417 5502 35
8417 1053 87
8417 9632 41
9255 9433 52
9255 5705 82
9255 6108 29
6838 8476 66
6838 5923 61
6838 1241 10
6838 8316 54
1524 7068 16
1524 6072 26
1524 2127 26
1524 815 61
7068 8594 48
7068 2346 36
1665 6549 16
1665 3626 9
1665 4978 94
1665 3182 63
1665 1356 19
6549 8747 74
6549 5682 30
6549 9019 77
9569 4720 8
9569 6300 34
9569 2821 6
9569 5439 72
6833 2799 52
6833 4928 86
713 6102 68
713 3675 94
713 2879 81
713 9072 85
6102 5057 15
6102 7907 13
6102 8677 6
2275 6478 83
2275 3514 39
2275 9288 53
2275 9313 9
6478 7614 75
6478 4672 8
6478 3228 34
6478 2103 69
6714 7732 43
6714 7168 28
6714 1773 54
6714 8820 36
6714 6730 91
7732 3907 34
7732 7424 56
7732 1487 11
7732 7506 25
130 4182 7
130 3849 25
130 3813 43
130 3599 56
4182 9076 85
4182 3644 4
4182 1180 43
4707 3893 66
4707 5739 90
4707 3949 37
4707 174 14
5666 7173 42
5666 7284 79
5666 6821 91
5666 712 72
5666 3123 81
7173 8090 70
7173 1356 80
7173 2646 9
2500 7885 57
2500 2276 78
2500 3707 70
2500 9889 79
2500 3770 14
7885 2300 68
7885 2731 24
4838 721 17
4838 3731 26
4838 2736 39
134 7560 39
134 6731 1
134 8856 26
134 293 28
4690 6140 47
4690 5405 84
4690 7278 56
4690 5562 66
6140 3985 24
6140 4099 42
6140 3047 2
6140 5738 86
595 4137 30
595 8822 33
595 7892 92
4137 9665 81
4137 3769 21
4137 9375 22
2341 7074 21
2341 2911 38
2341 8156 91
2341 9901 6
2341 3103 66
7074 6591 87
7074 5498 20
7074 4390 8
1940 7669 36
1940 4435 21
1940 7701 8
1940 4481 40
7669 9864 16
7669 5818 24
5737 7763 10
5737 4036 31
5737 4599 24
5737 3343 90
5737 5379 65
7763 5788 79
7763 437 2
7763 587 40
7763 6009 93
7758 8653 51
7758 2643 3
7758 6187 51
7758 8579 6
8653 7967 86
528 9681 9
528 9602 37
9681 6747 28
9681 6158 43
9681 452 93
8968 4086 61
8968 9819 5
8968 9998 76
8968 3448 65
4370 4822 1
4370 6967 18
4370 9566 10
4370 961 24
4822 6719 40
4822 5439 63
3850 4036 66
3850 3907 51
3850 2212 29
635 4825 56
635 5545 85
635 9363 18
635 4883 26
635 7515 39
4825 7122 94
4825 7310 28
4825 1752 62
4825 1619 65
2285 9774 46
2285 8465 6
2285 2090 20
2285 1608 97
2285 5439 12
9774 9056 60
9774 5500 45
9774 7021 88
9774 5655 66
2756 5195 84
2756 9889 72
2756 5836 81
5195 472 32
5195 7878 71
5195 6493 10
5195 2412 48
7725 6608 4
7725 9350 63
3786 7875 47
3786 2447 49
3786 8461 20
3786 1622 83
5030 8251 59
5030 7267 54
5030 7672 14
8251 6836 89
8251 181 37
3617 8907 60
3617 3529 38
3617 7685 14
3617 3502 64
8907 8698 79
8907 8588 12
8907 8431 66
8907 8269 51
2564 3682 19
2564 9835 36
2564 6558 3
2564 655 34
3682 8048 41
3682 6395 38
3682 7859 55
2098 6915 27
2098 701 84
6915 7597 10
6915 9793 9
6915 5467 21
6915 5997 45
8820 522 53
8820 8000 4
8820 6350 94
217 6005 14
217 7799 90
217 2737 7
217 2136 2
217 8272 48
6005 3034 6
6005 1585 23
6005 8224 33
6005 899 56
6749 9550 88
6749 5301 39
6749 9041 91
9550 1857 59
9550 5034 44
9550 3004 55
9550 5011 68
3724 5771 31
3724 8744 18
3724 4712 88
3724 4717 45
3724 2248 68
5771 9293 65
5771 7415 89
5771 9302 99
5771 7552 34
8819 2657 72
8819 2938 84
8819 6286 99
8819 1917 64
2246 531 47
2246 8774 15
2246 1805 24
2495 3703 54
2495 4858 48
2495 2907 37
2495 1117 38
2495 3027 17
3703 9220 72
3703 1441 68
3703 4978 50
3703 4629 16
629 3855 80
629 5193 41
629 5690 46
629 5085 22
629 9249 22
3855 722 56
3855 3395 82
3855 2228 20
3855 9133 67
3462 7814 24
3462 5192 68
3462 3510 65
3462 8687 47
7814 5716 67
7814 9660 97
7814 5736 31
7119 2145 79
7119 1769 89
7119 2156 64
3667 3094 66
3667 8095 79
2091 7383 67
2091 8340 16
2091 5690 97
2091 6976 81
7383 7690 13
1501 8106 72
1501 6972 50
1501 7887 76
1501 2903 93
1501 3440 72
8106 9756 40
8106 1723 78
8106 3384 23
5317 8442 26
5317 2136 3
5317 7974 18
5317 3774 2
8442 1782 89
8442 2696 45
8442 8467 94
8442 639 21
2405 8482 92
2405 7000 28
2405 6183 86
2405 7273 88
2405 4496 62
8482 648 52
8482 5391 71
8482 5831 52
4105 4658 33
4105 4159 13
4105 2101 19
4105 7507 92
4658 4310 6
4658 4609 30
8057 7372 52
8057 2520 21
1849 2373 32
1849 8330 19
1849 2517 79
1849 4104 98
1849 8955 20
2373 1555 13
2373 51 90
2373 7602 87
2373 560 52
519 2532 72
519 785 57
519 1867 6
519 6707 94
2532 5078 68
2532 8776 39
2532 8447 39
1875 6977 8
1875 4697 28
1875 3900 75
1875 2449 90
1875 4594 26
6977 9084 81
6977 4215 8
3277 3688 90
3277 3030 61
3277 4445 80
3277 9069 45
3277 1571 7
3688 9392 96
3688 6356 11
3688 8956 69
7703 9767 66
7703 2951 6
2274 7625 73
2274 4617 45
2274 8911 49
2274 2395 90
7625 7378 26
7625 1220 4
7625 1844 64
7625 8859 49
560 9107 47
560 5039 6
560 8069 44
9107 6645 51
9107 6341 32
9107 4240 5
1144 6125 94
1144 8276 4
1144 3727 37
1144 2297 65
6125 8931 12
6125 1753 90
6125 1217 37
5029 6066 97
5029 5188 67
5029 6287 93
5029 5763 81
6066 3594 7
6066 8942 22
6066 7341 31
6066 7326 93
8575 851 77
8575 2199 38
8575 7016 68
3559 5629 77
3559 9065 43
3559 5488 75
3559 6583 80
3559 2546 37
5629 9859 58
5629 6993 7
5629 6798 60
7098 838 3
7098 5547 98
4782 7284 85
4782 4156 32
4782 9583 76
202 5992 83
202 1960 10
202 8905 21
202 9460 15
5992 9460 25
5992 1520 2
5992 8470 54
5992 8572 18
7020 3180 91
7020 6505 21
7020 5879 61
7020 782 85
702 8759 64
702 532 30
702 1730 46
702 19 100
702 241 61
8759 2793 15
8759 9484 43
8759 3866 43
8759 7719 28
3760 3818 69
3760 2912 31
3760 3962 76
3760 8245 57
3818 9928 94
3818 6047 64
3818 237 1
3818 3164 51
2245 4951 62
2245 6422 61
2245 5739 55
4951 5562 83
4951 1841 31
4951 8882 50
4951 7342 51
1227 6136 74
1227 696 89
1227 2239 43
1227 1621 7
1227 8587 96
6136 7246 31
6136 9562 15
6136 934 99
4907 5743 4
4907 8012 22
4907 4263 51
4907 9881 88
2467 4771 86
2467 6869 53
2467 3877 23
2467 3206 3
2467 1747 99
4771 3861 92
478 2076 43
478 4085 2
478 4537 17
478 392 51
2076 5817 68
2076 9355 58
2076 7322 15
8514 1999 6
8514 4027 13
8514 8005 94
8514 8957 62
5413 6190 62
5413 6264 92
5413 4278 50
5413 6729 63
6190 2475 92
6190 1841 35
6190 7674 10
3150 5178 15
3150 9029 10
3150 681 85
3150 2128 78
5178 7084 29
5178 4796 41
2976 7277 61
2976 110 45
2976 1206 52
7277 3539 92
7277 8458 93
7277 4700 83
7277 5632 10
6213 4675 80
6213 7975 71
4392 6138 46
4392 5006 75
4392 3398 40
4392 2406 56
6138 4369 46
6138 5694 72
6138 1273 11
6138 6072 71
1953 2456 88
1953 9377 76
1953 3260 59
1953 4623 18
2456 1207 18
2456 3396 32
259 449 65
259 5267 47
259 5337 34
259 6989 100
5813 6282 20
5813 6829 7
5813 3927 34
6282 5268 79
6282 9169 64
6282 8186 42
6282 6715 18
8511 9936 16
8511 8904 23
8511 581 82
2610 3894 27
2610 4446 58
3894 7719 57
3894 1366 97
3894 6636 24
4096 5214 44
4096 3560 71
4096 3410 51
4096 5697 41
5214 1655 15
5214 9606 67
916 1815 31
916 9158 51
916 1035 60
916 1190 25
1783 3334 7
1783 8121 34
1783 3185 26
1783 805 16
3334 2000 81
6995 8480 8
6995 6352 35
6995 1371 61
8480 2212 75
8480 2677 25
6884 7247 78
6884 4407 79
6884 3164 96
6884 1616 31
6661 9358 45
6661 5618 19
6661 9985 86
9358 7225 4
9358 971 90
9358 8032 77
1784 6305 64
1784 6590 100
1784 194 50
4 7804 44
4 4145 16
4 2214 97
4 5306 22
4 3461 95
7804 5512 76
7804 399 25
7804 3966 88
8073 8477 6
8073 5448 10
8073 7540 48
8477 1850 53
8477 7984 43
8477 278 84
1205 5922 59
1205 3788 79
1205 2549 52
1205 6111 81
5922 4504 24
5922 2220 17
5922 2604 54
5922 3842 27
8622 8692 72
8622 9893 12
8622 9527 13
8692 2082 15
8692 958 6
8692 2110 6
8692 64 87
5826 7217 3
5826 4733 93
5826 8283 65
5826 1711 6
5826 6158 21
7217 7358 94
7217 4787 54
5943 784 19
5943 3315 73
5943 420 82
432 6938 59
432 414 20
432 6025 3
432 8896 65
432 6909 56
6938 2250 76
6938 3912 75
6938 8420 88
6938 6930 9
979 9834 41
979 2455 26
979 7306 43
1374 8360 59
1374 3337 52
1374 3077 22
1374 4200 44
1374 9868 57
8360 7520 31
8360 8168 66
8360 1005 33
4650 4810 37
4650 5790 33
4650 8842 33
4650 3674 80
4810 1773 99
4810 3091 92
4810 2168 73
4810 9065 52
1052 9167 44
1052 6826 11
1052 6356 40
2440 8025 72
2440 736 5
2440 6636 79
2440 5462 56
8505 9046 88
8505 7995 4
8505 5798 31
8505 4008 89
8505 7649 25
9046 9018 54
9046 1636 38
9046 2271 52
7 6065 18
7 3151 21
7 4530 81
7 1128 26
184 393 95
184 27 14
184 411 50
184 627 71
184 3941 22
393 556 77
393 651 94
4826 6729 71
4826 1231 99
4826 2407 16
6729 9345 61
6729 9817 96
3719 8623 7
3719 4331 44
3719 3742 82
3719 1379 64
8623 7613 16
8623 2241 39
8623 7498 24
1341 6907 17
1341 6533 39
1341 8807 69
1341 711 80
1341 5526 22
6907 8014 64
6907 7002 94
6907 8490 33
6907 969 55
4982 9871 19
4982 8160 32
4982 8024 4
4982 5528 3
9871 2826 66
9871 9948 33
9871 8483 17
9871 7004 7
3284 5662 75
3284 8139 34
3284 1175 56
3284 8766 9
3284 6628 70
5662 6073 43
5662 9502 68
5662 9340 29
328 6184 40
328 694 47
6184 758 65
6184 7102 41
1517 5820 5
1517 4883 63
1517 3123 30
5820 6994 31
5820 3946 53
5820 8447 97
5820 6460 16
637 7693 11
637 7588 7
637 8074 100
7693 8384 57
7693 5606 58
7693 5008 41
4483 7679 79
4483 2762 85
4483 2982 83
7679 7278 46
7679 1150 8
7679 4066 7
532 1799 12
532 2608 34
2745 5190 58
2745 578 1
2745 1079 66
2745 4924 46
1516 2535 69
1516 9652 28
1516 5700 66
2535 6287 100
2535 1471 16
2535 8098 41
2535 6358 38
4518 7152 17
4518 4875 41
3260 5616 83
3260 1955 44
1486 7796 19
1486 275 12
1486 5350 94
1486 549 24
1486 3510 30
7796 5363 70
7796 8488 83
3405 6719 89
3405 1860 59
3405 6641 21
3405 5824 23
6719 3839 67
6719 6297 67
1314 8443 32
1314 3321 8
1314 1599 64
1314 7568 7
8443 6171 58
8443 1613 10
8443 6553 3
422 8047 62
422 8629 76
422 9546 7
422 7006 46
8047 1702 95
8047 8611 43
8047 9418 49
6417 8169 86
6417 4530 67
6417 2146 34
8169 88 66
8169 7004 55
8169 9070 56
8169 5780 65
2908 4809 10
2908 3477 57
2908 3900 43
1860 5354 100
1860 2183 24
1860 1649 39
5354 5854 94
5354 471 96
5354 7848 65
5354 7028 4
6588 8990 8
6588 8353 11
6588 6134 10
6588 1075 72
6588 5009 63
8990 3863 79
8990 6641 34
8990 1197 14
3133 3299 32
3133 8882 8
3133 6437 31
3013 3273 31
3013 7624 70
221 3977 93
221 1432 98
221 9213 73
221 8713 16
3977 5555 63
3977 5043 92
3977 79 18
3977 5969 77
7218 7394 22
7218 8062 24
7218 9982 41
9297 6722 60
9297 9385 78
9297 8855 2
1262 4846 4
1262 4579 84
1262 2608 64
1262 1917 79
1262 7427 100
4846 1890 23
4846 3050 55
4846 3204 40
4846 360 16
8405 9299 26
8405 4388 25
9299 4183 8
9299 4385 93
9299 314 13
3840 4149 55
3840 85 77
3840 5319 70
4149 1694 58
4149 5635 35
4149 9365 20
9050 9222 23
9050 1597 22
9050 2832 13
9050 6797 7
9222 6223 73
9222 8529 99
9222 5713 99
7982 9333 78
7982 2794 60
7982 4621 98
7982 8803 34
5191 6632 84
5191 9174 96
5191 5500 99
5191 460 59
72 5924 21
72 412 44
72 6772 38
72 8875 19
5924 9216 11
5924 6916 41
5924 428 57
5924 3727 11
2033 2924 65
2033 1748 55
2033 9777 32
158 7950 82
158 8350 52
158 7692 44
158 284 60
7950 8392 63
7950 1146 38
7950 5288 28
7950 5954 4
8342 9135 63
8342 3126 14
8342 5591 6
8342 2418 93
9135 7868 91
9135 6495 51
4393 5237 96
4393 3769 17
4393 6983 89
4393 8525 13
4393 3964 51
5237 6413 70
5237 4522 29
5237 3816 39
5237 5690 77
893 6827 89
893 2517 39
893 5997 26
6827 8165 36
6827 4627 38
6827 4862 21
6827 5916 78
169 380 14
169 7610 37
169 4961 2
169 277 3
380 3464 46
380 6815 89
380 6466 12
380 6316 67
159 7771 5
159 8387 80
159 8281 71
159 7884 27
159 1818 53
7771 5379 45
7771 9857 28
7771 1202 52
7771 1370 48
7535 8288 78
7535 7558 36
7535 6954 57
7535 2151 74
8288 9945 55
8288 459 40
8288 5803 15
3035 4287 39
3035 9130 39
3035 5678 77
3035 3249 6
4287 9390 67
4287 4609 100
4287 7330 14
4287 4399 5
6713 7133 88
6713 6029 38
6713 9867 5
6713 5235 11
6713 4235 59
7133 504 8
7133 7049 15
7133 8821 18
3884 9682 75
3884 5840 46
3884 9655 75
3884 5024 19
3884 1904 26
9682 7918 11
9682 8147 4
9682 2081 85
6413 5153 59
6413 1892 36
6413 6189 49
45 9362 19
45 6919 3
45 1602 65
45 1807 52
45 5235 34
9362 2216 42
9362 7315 89
9362 8126 11
1597 1141 74
1597 4877 11
1597 2625 37
2985 5863 5
2985 4242 43
2985 9428 29
2985 7147 8
5863 705 70
5863 409 19
5863 4575 66
5863 411 45
5715 5752 34
5715 8453 2
5715 1606 90
5715 8715 98
5752 5712 67
5752 6009 57
3351 7906 16
3351 6772 43
3351 7497 25
3351 116 21
7906 5318 61
7906 3264 88
7906 2295 21
7906 3259 30
6043 9914 83
6043 4669 87
1766 1671 48
1766 8897 43
1766 1864 69
1883 5822 35
1883 5961 96
1883 223 47
1883 5069 32
1883 6358 76
5822 7377 100
5822 6683 91
4307 2287 37
4307 2698 81
4307 1730 90
7122 2901 61
7122 5168 55
5079 8170 81
5079 3729 50
5079 9279 30
8170 7897 9
8170 4752 26
8170 44 80
8170 6357 60
3957 9953 81
3957 921 75
3957 9968 90
4599 5089 77
4599 4277 53
4599 857 71
5089 8657 3
5089 1855 97
8225 6131 26
8225 1302 75
458 6094 65
458 1464 28
458 3051 77
458 9447 16
458 8663 38
6094 8640 8
6094 2837 63
2387 6872 42
2387 6051 36
2387 8976 95
2387 1120 56
48 5884 29
48 9285 15
2747 3015 25
2747 7249 2
2747 6225 11
2747 3494 23
3015 3001 76
5150 12 4
5150 5140 99
5150 7404 39
5150 4217 98
651 8311 56
651 8236 40
651 946 78
1506 2465 87
1506 3186 4
2465 5376 30
2465 7141 29
2465 8728 48
2465 3016 41
4283 5409 1
4283 795 51
4283 1254 13
1115 4635 67
1115 2400 5
1115 1678 64
403 6171 60
403 894 26
403 2883 69
403 2409 44
6171 9984 87
6171 3157 57
7031 5367 74
1202 2589 84
1202 3197 76
1202 9325 39
2589 3692 17
2589 5158 6
2589 4854 72
2589 6826 84
7189 4401 35
7189 6615 64
7189 6210 39
7189 9883 56
1021 2019 31
1021 5802 68
1021 9771 22
1021 3637 78
2019 2209 78
2019 6804 18
2019 525 68
2065 5438 40
2065 6691 13
2065 236 16
2065 4566 96
2065 4673 33
5438 9925 35
5438 1104 75
5438 3999 87
5438 9643 71
241 5062 98
241 1316 71
241 8598 26
241 5228 34
5062 6486 68
5062 8484 56
5062 3007 64
88 1033 93
88 846 94
88 2615 14
88 4208 87
1033 6548 6
1033 1878 92
4709 6492 26
4709 7135 40
4709 3959 81
4709 6055 87
4709 9602 35
6492 3228 72
6492 9061 93
6492 8924 7
3819 8090 35
3819 1489 81
3819 4196 56
3819 3868 25
4641 5045 58
4641 3715 70
4641 9149 49
4641 3661 61
5045 4757 54
5045 3498 79
5045 8199 67
5045 9762 96
3340 6696 92
3340 1661 21
3340 4938 67
3340 6947 52
6696 5228 90
6696 1693 96
6696 6372 28
6696 5851 17
8133 2241 99
8133 6197 23
8133 1359 62
3038 8051 75
3038 4646 68
3038 7472 89
8051 75 12
8051 486 49
8051 6425 54
1857 3580 10
1857 8338 77
1857 7368 4
1857 3111 55
3580 9422 51
7966 9466 71
7966 1351 51
7966 6304 66
7966 4474 65
7966 6061 6
9466 8945 36
9466 8462 61
9466 847 22
3298 9853 81
3298 5125 71
3298 348 88
3298 4476 59
3298 1363 24
9853 7258 51
9853 9493 14
5895 8649 39
5895 3048 67
1792 2404 2
1792 2368 3
1792 9797 21
1792 46 19
2404 6962 87
2404 9486 98
6880 4357 99
6880 2068 78
6880 4668 94
1460 4294 5
1460 2612 67
1460 1215 68
1460 4931 13
4294 2211 32
4294 5261 85
2739 8519 57
2739 6523 79
2739 312 24
2739 8972 2
2739 9875 23
8519 1234 3
8519 3743 37
8519 6003 36
8771 5271 32
8771 5905 75
8771 7474 31
5010 7894 38
5010 5544 76
5010 5379 80
5010 3536 65
5010 6722 45
7894 2097 55
7894 6239 63
7894 4227 55
5517 6944 96
5517 5034 4
5517 684 13
5517 2514 14
5517 2489 81
6944 3234 59
6944 8856 44
4558 9490 95
4558 3535 26
4558 6405 57
4558 4026 96
4558 3051 88
9490 552 86
9490 2774 53
9490 728 33
9490 5962 79
1449 3354 16
1449 9697 75
1449 330 61
1449 7853 87
3354 3890 40
3354 8058 32
3354 8689 44
4399 8679 50
4399 4193 97
4399 5169 48
8679 880 67
8679 5285 28
8679 1427 37
552 5474 24
552 6670 67
552 6728 57
9302 3733 17
9302 6422 82
9302 5816 43
2827 6245 12
2827 3151 46
2827 996 15
2827 8913 88
2827 3036 18
6245 2912 57
6245 1769 71
6245 7103 52
2698 3391 73
2698 4303 77
2698 5048 40
3391 6041 88
3391 124 20
3391 8096 42
3391 2560 89
2713 6143 29
2713 2606 12
2713 6397 37
2713 6829 82
2713 8289 79
6143 7962 63
6143 5256 91
6143 197 16
7124 8382 45
7124 2869 95
7124 3832 23
7124 9800 60
8382 5039 40
8382 4887 40
8382 2686 65
4882 7493 1
4882 4335 68
4882 2100 42
4882 3146 60
4882 4145 94
7493 1983 86
7493 1776 31
7493 9950 70
7493 297 83
610 690 60
610 3213 28
610 199 67
610 8516 74
610 4605 51
690 4620 27
690 2494 61
690 7610 36
665 4561 98
665 7141 50
665 8845 22
665 7996 83
665 1153 83
4561 5716 36
4561 2081 66
4561 5768 87
6850 7059 89
6850 4398 64
6850 9479 15
6850 8034 51
6850 7961 41
7059 1976 41
7059 1086 34
7059 8121 51
921 2272 76
921 5880 76
2272 5554 1
2272 6425 27
2272 6114 21
9348 1945 93
9348 7761 12
9348 3489 53
3401 3266 58
3401 98 3
3401 5892 62
3401 9182 56
1660 2611 98
1660 8025 55
1660 6542 54
2611 4055 27
2611 9426 40
2611 1717 22
2267 6232 11
2267 9722 62
2267 2940 71
2267 1672 91
4586 9794 52
4586 4020 20
4586 8893 97
9794 1492 40
9794 9859 85
9794 5380 56
9794 4203 74
4156 8520 95
4156 7555 18
4156 1034 28
8520 5142 31
8520 4057 28
8520 9728 35
4334 8792 62
4334 4934 72
4334 1384 19
8792 6287 90
8792 5973 66
8792 6653 49
332 9232 45
332 1788 15
332 1829 51
332 5274 52
9232 8866 85
9232 5176 24
243 1835 12
243 8512 22
243 3113 37
243 7728 81
243 9782 84
1835 3378 14
1835 6311 30
1835 8955 32
6357 5116 40
6357 2869 33
6357 8539 87
5388 8203 55
5388 8447 67
5388 3807 18
5388 2063 34
5388 652 96
8203 3529 85
8203 3620 75
1750 8139 45
1750 2882 99
1750 4120 58
1750 7386 8
8139 3099 3
8139 6614 39
5217 8321 21
5217 5325 26
5217 9395 51
5217 323 66
5217 6926 93
8321 7322 37
600 6953 1
600 9150 74
600 477 46
600 5135 80
600 5664 77
6953 1548 48
6953 8534 18
6953 1630 33
2573 9115 63
2573 8729 92
2573 2612 67
2573 2155 94
9115 4694 18
9115 216 96
9115 2762 70
9115 5331 58
778 2933 57
778 5336 17
778 7166 6
778 1991 68
4901 9024 53
4901 3165 39
4901 219 62
4901 1307 4
9024 8224 32
9024 7083 2
9024 3152 95
9024 9537 61
5772 6099 22
5772 2895 52
5772 2073 94
6099 6287 20
6099 4408 58
6099 6816 46
1260 3027 81
1260 208 67
1260 4968 49
1260 3578 76
1260 4030 88
3027 4097 73
3027 276 98
3839 2434 81
3839 6183 79
3839 7351 47
1160 7767 34
1160 4177 87
1160 113 88
6393 7880 50
6393 8361 73
6393 1207 78
6393 9952 68
7880 2626 96
7880 2488 70
7880 9593 89
7880 383 63
5698 7089 4
5698 405 90
5698 5345 74
5698 3841 83
5698 3592 4
7089 2213 74
7089 3541 29
3893 6955 7
3893 2653 28
3893 5220 86
3893 2052 26
6955 9224 56
6955 4713 30
6955 4502 30
7026 3132 11
7026 7745 7
7026 2111 43
1428 4308 23
1428 4089 65
1428 6317 47
1428 8818 85
4272 9374 43
4272 2189 38
4272 3984 44
6615 7700 79
6615 2641 15
6615 5762 1
6615 3474 86
7700 2810 15
7700 5578 70
1938 8725 54
1938 100 23
1938 5005 38
8725 7459 39
8725 5976 69
8725 2032 20
7544 8163 52
7544 9848 44
7544 2480 73
7544 9902 19
8163 3814 66
8163 2249 65
8163 2889 88
3120 3218 9
3120 854 97
3120 4603 85
3120 5372 60
3120 3860 9
3218 9435 91
3218 4654 20
3218 2480 54
4357 7998 27
4357 7312 17
7998 2733 1
7998 9742 78
7998 7317 69
3872 8604 36
3872 638 61
3872 2998 71
3872 1293 11
978 2001 91
978 9645 80
978 9078 73
978 1976 32
2001 9532 58
2001 2381 22
2001 4656 20
3985 5854 36
3985 4866 30
237 5157 1
237 6635 98
237 5506 8
5157 330 11
5157 9000 34
5157 828 61
5157 6859 22
6596 9528 92
6596 3666 54
6596 4557 35
6596 7070 14
6596 4723 2
9528 3598 99
9528 3720 34
9528 1399 27
845 6733 87
845 2225 90
845 2416 57
845 1548 77
845 6924 45
6733 4490 29
6733 1984 42
3408 5300 74
3408 6284 62
3408 810 62
9401 2448 12
1618 8346 45
1618 3280 91
1618 4841 65
1618 9173 5
8346 2617 41
8346 8118 9
8346 4631 39
8346 7890 18
2190 3849 69
2190 7891 65
2190 1540 7
2190 8339 5
2190 682 47
3849 2901 67
3849 2093 5
3849 9199 34
3480 5981 80
3480 6051 32
3480 7873 73
3480 2584 6
3480 8398 18
5981 2992 36
5981 8768 41
5981 1134 39
5981 9387 85
8299 9735 41
8299 4354 22
9735 7152 87
9735 9539 11
9735 2179 27
9735 8772 45
6533 8325 8
6533 4807 53
7839 8030 37
7839 8055 8
7839 9456 63
7839 1197 66
8030 6872 97
8030 659 36
8030 3117 94
8030 2721 96
440 6805 89
440 1012 21
440 7917 80
440 6601 34
6805 8873 48
6805 3862 75
6805 1746 89
6805 7233 73
846 644 98
846 4637 21
846 9509 64
1559 9994 100
1559 7193 11
1559 7402 35
1559 9843 79
9994 6779 15
9994 5965 2
9994 2891 48
4623 4841 75
4623 9160 81
4623 3749 45
4623 2252 51
4841 3895 83
4841 5425 50
4841 8858 84
6119 2555 53
6119 1655 76
6119 7084 29
6119 1125 2
1324 3050 23
1324 1916 46
1324 1263 59
9071 5268 30
9071 3598 98
9071 4557 7
7987 9217 62
7987 5078 52
7987 2964 72
7987 4685 5
9217 4376 96
9217 7773 71
9217 3287 52
6385 7722 43
6385 2840 6
6385 2654 75
6385 1148 29
7722 6131 73
7722 2139 37
7722 356 57
9952 3552 98
9952 5611 88
9952 8004 44
7224 9231 36
7224 269 82
7224 5426 69
7224 3117 51
7224 1371 70
9231 8756 100
9231 9301 15
9231 4796 27
2241 6766 84
2241 5198 86
2241 4076 71
6766 6370 21
6766 2679 48
6766 5705 100
6766 5458 15
723 9880 98
723 2555 70
723 8736 95
723 7167 93
9880 2138 40
9880 8930 62
7944 648 29
7944 2112 99
7944 4103 1
7944 6750 36
4700 6377 90
4700 3395 69
4700 9493 37
4700 4827 50
6377 103 24
6377 8459 20
6377 1254 56
6377 833 34
1812 5313 70
1812 9684 70
1812 3696 40
1812 9171 30
5313 7139 46
5313 9405 81
5313 7742 1
5313 513 95
4454 2748 17
4454 1969 17
4454 7893 51
4454 4625 90
464 2422 4
464 5843 84
464 472 13
464 1335 95
2422 3853 81
2422 5443 50
2422 1980 10
111 7653 8
111 4438 32
111 9419 65
111 1593 89
5284 879 41
5284 7707 2
5284 480 8
1832 639 36
238 3018 6
238 3604 81
238 4260 72
238 1906 67
238 7107 17
3018 1140 97
3018 9632 62
697 5252 29
697 8188 27
697 9896 68
697 2335 72
2113 5314 47
2074 6602 21
2074 903 44
2074 1531 38
2074 5223 52
6602 8205 85
6602 7690 11
6602 9394 50
4989 8708 79
4989 5778 12
4989 8934 92
4989 1847 23
4989 8614 68
8708 1868 41
8708 9461 28
3661 6284 100
3661 9228 70
3661 526 77
6284 5866 62
6284 7174 21
6284 4664 25
5942 663 1
5942 9159 50
4691 6489 37
4691 6165 52
4691 1614 18
4691 9959 29
3541 4025 67
4910 5382 21
4910 3314 71
4910 5301 29
4910 1877 90
4910 6467 31
5382 6906 12
5382 6960 63
5382 8372 32
5180 6963 9
5180 3132 45
5180 9742 51
5180 7271 80
6963 9775 96
6963 3216 59
6963 1583 21
7284 9608 12
7284 3909 87
7284 286 44
9608 615 36
9608 1366 87
4008 6742 98
4008 1795 29
4008 4004 21
4008 2397 21
6742 4551 23
6742 372 80
6742 3109 41
6742 4999 66
7244 8489 35
7244 5365 66
7244 1682 38
7244 9090 38
8489 9798 21
8489 9412 22
8489 7245 73
9338 1465 23
9338 9337 98
9338 2595 43
1390 7259 7
1390 9500 80
1390 2882 76
1390 2289 27
1390 3570 55
7259 5595 89
7259 192 23
7259 1803 42
6412 6646 46
6412 9724 40
6412 3864 82
6412 51 11
6646 247 54
6646 7737 44
6646 6823 6
2547 6536 11
2547 2142 49
2547 2399 65
8992 7401 34
8992 4936 65
8992 9771 30
8992 9015 15
2696 4447 76
2696 9657 71
2696 7593 74
2696 9765 28
4447 5373 45
4447 8874 23
4447 7833 89
2346 8764 40
2346 5540 84
2346 1206 1
2346 91 57
8764 4124 22
8764 9789 63
8764 3061 2
8764 6343 83
8318 8525 44
8318 5972 16
8318 3102 48
8318 3356 40
8318 2620 29
8525 4877 59
8525 1353 48
8525 4585 42
8558 530 26
8558 3984 22
8558 6564 42
8558 2334 2
2576 8286 44
2576 8494 79
2576 171 41
1925 4413 14
1925 6207 13
1925 638 46
1925 1464 74
7628 9017 64
7628 102 70
7628 7853 14
7628 5566 14
7628 579 87
9017 3168 97
9017 3212 49
969 1910 82
969 9736 81
969 4284 90
969 7614 87
1910 9647 51
1910 3715 32
1910 3627 29
8878 8986 64
8878 769 55
8878 4221 58
6756 1772 7
6756 6967 50
6756 5623 32
6756 8582 62
2337 3174 25
2337 2299 16
2337 214 62
2337 3388 93
3174 6117 81
3174 4069 31
3174 5384 58
3174 7706 31
8025 2565 47
8025 931 63
7345 9079 89
7345 136 46
7345 6994 71
7345 7651 12
9079 5114 71
9079 6640 10
9079 3538 37
9079 5385 34
252 9816 11
9816 3836 23
9816 6144 69
9816 9268 65
684 6063 92
684 85 50
684 5009 51
6063 1552 83
6063 5879 95
4532 6122 22
4532 5598 28
4532 5236 73
4532 9845 54
6122 619 78
6122 1131 17
6122 8989 56
1006 9497 63
1006 9859 46
1006 3612 44
1006 5345 32
1006 1072 6
9497 9588 19
9497 7936 39
9497 1145 28
9497 8669 64
2907 9339 4
2907 7107 98
2907 5209 20
9339 2664 84
9339 5631 8
9339 7461 21
657 2173 15
657 9504 12
2173 4465 60
2173 6084 48
2173 666 85
7057 8797 54
7057 3996 59
7057 2585 25
7057 7511 9
8797 3597 93
8797 7618 16
8797 1210 88
7494 9552 6
7494 8857 5
7494 1247 54
7494 53 18
7494 8380 99
9552 5110 37
9552 4099 3
9552 3619 77
9552 9040 85
1642 1979 31
1642 2059 22
1979 1732 37
1979 4151 41
1979 5712 43
263 9400 47
4673 3830 98
4673 5635 29
6578 9701 83
6578 9198 53
6578 3598 94
6578 5946 91
6578 738 55
9701 4383 92
9701 8113 4
9701 6662 95
284 6479 84
284 476 81
6479 7654 20
6479 9252 91
8224 7783 56
8224 4767 74
297 8404 87
297 3290 70
297 5836 39
8404 1170 87
8404 7557 25
8404 3072 80
8404 7377 46
5973 9088 97
5973 9532 76
784 8522 25
784 6599 34
784 4227 74
784 2142 93
8522 4537 37
222 905 92
222 2078 64
222 8206 41
222 5474 22
222 3055 66
905 4801 6
905 708 86
905 1420 95
1171 6716 57
1171 2736 52
1171 6832 33
6716 1994 37
6716 7308 41
5114 4057 21
5114 6832 96
5114 9802 47
8118 7481 68
8118 408 16
8118 6952 81
1807 2204 9
1807 4547 32
1807 9220 39
1807 99 53
2204 2359 47
8276 3092 88
1101 1224 87
1101 2633 92
1101 1536 81
1101 5476 35
1101 4785 69
1224 7336 21
1224 9208 57
1577 5125 86
1577 7325 14
1577 5349 10
1577 6572 31
5125 4326 13
5125 7063 5
5125 3826 88
2487 5346 3
2487 7917 92
2487 292 32
2487 2523 68
2487 9830 43
5346 9555 40
5346 4303 14
5346 1901 76
5404 7313 73
5404 3766 6
5404 3222 23
5404 6010 63
5404 2321 77
7313 6673 91
7313 2634 74
799 9180 29
799 4037 36
799 8986 36
799 3406 93
9180 6251 88
9180 3783 95
9778 5709 97
9778 7015 61
9778 7388 42
9778 7602 80
6992 7597 7
6992 5613 20
6992 6293 3
6992 1023 31
7597 8912 40
7597 6406 54
7597 3348 79
4184 1736 62
4184 4875 13
4184 4111 96
6260 8587 53
6260 7183 51
6260 6333 42
8587 3098 55
8587 5783 12
666 3524 93
666 9258 34
666 9479 97
666 6202 1
3524 9519 58
3524 3427 5
3524 9614 29
3524 7252 62
1273 6188 5
1273 5306 24
1273 9606 70
6188 3097 25
6188 145 42
6188 7947 34
5 18 8
5 1051 7
5 9733 14
5 5135 61
8726 9369 24
8726 6900 95
8726 3329 71
9369 7106 21
9369 4880 76
9369 8524 98
8783 4315 13
8783 1713 71
8783 1854 74
737 1745 72
737 4384 16
737 2701 34
737 7317 20
6008 578 11
6008 7174 48
3771 1756 1
3771 5846 67
3771 7241 29
3771 6869 97
6421 8131 96
6421 2055 69
6421 7433 22
6421 1502 74
6421 9146 20
8131 7991 82
8131 943 28
8131 7590 25
8131 1095 26
1952 3443 64
1952 1838 12
1952 7164 18
1952 3692 8
3443 1856 85
3443 7797 83
9204 2972 17
9204 7084 89
9204 9940 39
2723 8955 97
2723 7745 82
2723 7953 82
8955 663 49
8955 9788 19
6817 7400 56
6817 8931 65
4248 3862 17
4248 7101 23
4248 2899 94
4248 6017 48
719 8611 34
719 2111 58
719 4909 90
719 4569 14
8611 4708 39
8611 9827 92
8611 8128 33
4612 8413 80
4612 4230 52
4612 1434 75
4612 9876 27
8413 2318 98
8413 6082 91
8413 7097 99
338 4755 13
338 1401 34
338 262 36
4755 1695 69
4755 7984 59
4755 3880 52
6329 579 99
6329 9683 54
6329 8341 25
6329 8793 54
4813 8100 60
4813 4655 62
4813 6318 95
6935 7197 24
6935 1445 37
6935 4496 74
6935 9664 34
6935 6034 51
7197 40 85
7197 6946 37
7197 727 51
7197 9977 66
1799 8462 68
1799 3861 25
1799 4403 75
8462 7592 23
8462 1175 25
7571 5307 15
7571 2236 92
1029 9187 50
1029 6269 7
1029 5351 91
1029 1826 32
1029 4693 7
9187 3181 72
9187 7917 58
9187 1311 68
577 1738 20
577 639 29
577 4201 22
1738 2580 59
1738 9606 83
1738 1333 18
1738 3761 28
3596 5009 40
3596 8880 100
3596 3270 3
3596 7130 66
2039 415 35
2039 5725 55
3979 4686 19
3979 3775 70
3979 5168 57
4686 8232 100
4686 1800 82
4686 4268 56
4686 8857 36
7211 8943 68
7211 3339 71
7211 700 89
8943 1640 85
8943 6370 16
615 1934 86
615 2634 75
615 1593 6
7274 4748 16
7274 7347 32
7274 9452 95
573 8156 91
573 2635 87
573 300 45
573 3890 32
4514 6134 51
4514 7529 43
4514 662 49
4514 5786 29
4514 1615 86
6134 2972 32
6134 9059 86
6520 9964 27
6520 2093 40
6520 8247 93
6520 4006 56
9964 7047 10
9964 8810 78
9964 9446 84
2043 3695 95
2043 7314 73
2043 5627 83
2043 7856 40
2043 1819 78
3695 6275 11
3695 6194 31
3695 3425 2
2034 8023 58
7661 9529 62
7661 3663 4
9529 8053 29
9529 2529 7
9529 5601 71
9529 311 98
1343 1226 55
4631 3518 12
6065 7201 38
6065 4615 44
6065 5957 48
5598 7824 85
5598 8884 89
5598 6937 75
7824 3472 35
7824 7144 53
539 894 86
539 705 38
4193 8173 61
4193 216 19
4193 1158 19
6432 9154 70
6432 5401 63
6432 9351 90
6432 6077 2
9154 3933 13
9154 4913 72
9154 744 61
3675 2829 28
8356 8932 45
8356 8408 87
8356 4111 39
8356 4630 98
1903 5913 88
1903 4720 29
1903 5586 11
1903 5945 58
5913 3844 33
5913 604 37
5913 6333 59
5913 8053 17
3142 8110 89
3142 5367 1
3142 4005 90
3142 4266 89
3142 4031 8
8110 7673 58
8110 7143 11
8110 78 41
5184 9877 90
5184 2334 29
5184 8074 15
5184 5721 97
9877 5533 61
9877 3231 62
9877 8243 11
9877 946 67
6187 9009 95
6187 1773 78
2530 6950 92
2530 8944 29
2530 8449 12
2530 8080 30
6950 330 25
6950 6137 60
4593 9594 51
4593 7033 63
4593 8444 26
4593 419 8
4593 4562 75
9594 9184 82
9594 5622 47
555 7344 2
555 7886 91
555 2598 39
555 6758 1
7344 239 2
7344 2897 29
7344 7286 62
5241 3742 99
5241 6675 58
5241 4403 9
5311 6023 14
5311 4114 12
5311 5684 42
6023 2560 27
6023 4086 9
6023 404 34
6023 186 56
9810 906 1
9810 5315 41
1892 537 82
1892 4890 1
1268 3429 24
1268 677 26
1268 4319 9
3429 2188 18
3429 7461 46
3429 3204 46
1240 7797 76
1240 8469 16
1240 4009 28
1240 2701 80
7797 5296 15
7797 2748 3
7797 5968 34
8989 9808 66
8989 5712 1
8989 9343 83
8989 4670 86
9808 9913 62
9808 350 88
9808 6705 3
1043 4250 44
1043 8766 75
1043 8868 58
4250 1064 90
4250 4305 6
4250 9270 81
4536 5653 90
4536 3625 40
4536 2768 55
4536 7103 83
5653 8828 6
5653 4421 55
5653 448 48
5653 6353 99
9887 3642 37
9887 5987 45
9887 8683 14
3057 4723 40
3057 2904 65
3057 6941 14
3057 5137 96
4723 8424 4
4723 3715 61
8640 8873 64
8640 7902 85
8640 5481 72
8640 2545 38
8873 3154 84
8873 4052 65
8873 2471 71
1677 3075 86
1677 9557 69
1677 5768 56
1677 7261 25
3075 477 21
3075 2172 33
3075 1039 10
7653 3612 74
7653 5572 77
4875 8502 72
4875 9290 60
8502 132 4
8502 2906 58
8502 7738 96
8502 5866 59
8481 2572 16
8481 461 26
8481 6860 5
8481 8228 34
1488 9969 58
1488 5489 84
1488 2290 73
1488 5474 57
1488 8854 80
9969 8343 44
9969 3361 45
9969 7633 46
9969 3483 13
2240 9604 37
2240 8478 46
2240 2514 70
2240 1185 84
9604 5359 91
9604 4275 29
9604 4229 54
9604 2621 65
1401 2861 65
1401 7128 84
1401 7458 29
1401 9292 85
9220 6862 82
9220 3023 14
3033 5139 3
3033 7542 2
3033 2803 37
3033 3523 33
40 3464 81
40 2413 29
40 7997 9
40 2569 56
3464 8957 34
3464 9819 67
3464 2045 77
5494 7958 64
5494 2587 34
5494 7103 45
5494 9372 74
7958 173 19
7958 1177 16
999 6021 34
999 804 58
999 964 76
999 6305 46
6021 1726 63
6021 3570 65
1858 3121 99
1858 1110 61
1858 8263 14
1858 5970 81
3663 8493 17
3663 2916 8
3663 6112 86
5854 3306 49
5854 6608 61
5854 6629 79
7152 4562 26
7152 6852 28
7152 2714 35
663 9455 82
663 5720 77
663 5033 93
9455 6642 36
9455 4131 41
9455 7204 28
4933 1732 8
4933 2309 25
4933 2860 48
5356 7620 95
5356 3947 12
5356 7780 86
5356 4770 54
5356 8164 59
7620 1055 37
7620 4924 68
1394 2736 79
1394 1194 71
1394 2319 87
1394 6269 14
2736 4472 62
1722 3733 10
1722 8552 49
1722 7447 75
1722 2972 40
1722 4696 81
3733 6633 99
3733 9760 93
2563 4349 7
2563 3829 30
2563 4163 18
2563 7869 80
4349 1283 67
4349 5474 17
429 2993 84
429 460 68
429 5084 59
429 2154 86
2993 1320 1
2993 5207 31
2993 5021 31
2993 2257 51
4978 5166 80
4978 8456 63
5166 4218 78
5166 9713 87
5166 9622 54
7013 9926 52
7013 4568 55
7013 2040 39
7013 2363 5
9926 2599 72
9926 7616 4
9926 2090 98
5514 6866 31
5514 7078 50
5514 9620 25
5514 5701 93
5514 4102 14
6866 4931 29
6866 5890 68
6866 7895 92
8447 7161 22
4694 8790 69
4694 9043 5
4694 8899 32
4694 3747 38
8790 6226 3
8790 6003 11
8790 2814 29
6580 7600 69
6580 4190 90
6580 1929 16
7600 8093 36
7600 7319 77
7600 7911 54
7600 8229 42
4995 5520 69
4995 9241 40
4995 9148 16
4995 3060 77
4995 689 33
5520 2913 100
5520 2604 92
3379 8291 1
3379 3555 63
3379 5458 61
3379 6826 97
8291 4204 78
8291 5644 21
8291 345 67
2892 9893 75
2892 7064 80
2892 3484 70
2892 541 60
9893 4477 42
6579 8129 98
6579 7289 75
6579 6587 65
8129 2131 27
8129 8313 78
8129 1596 2
1465 1301 67
1465 9882 66
2810 5515 96
2810 869 87
5515 4041 75
5515 7130 70
5515 2695 60
4219 2966 81
4219 2097 83
4219 5545 58
4219 2627 85
6595 8258 27
6595 5330 9
6595 8699 55
6595 742 14
6595 7419 61
8258 8568 88
8258 4944 12
8258 5934 87
8258 9551 68
6869 4663 34
6869 4864 20
6869 7128 29
7052 8884 2
7052 1661 90
7052 149 5
7052 8736 21
8884 68 1
8884 9858 10
6 7747 80
6 5267 91
6 3402 26
7747 212 34
7747 4167 69
7747 8737 68
3645 7255 49
3645 3002 11
3645 8672 7
3645 5603 92
3645 4144 62
7255 5571 14
7255 6032 41
7255 7258 76
7255 3136 64
2225 6932 100
2225 7929 86
2225 8494 42
2225 2174 86
6932 3275 63
6932 3587 91
6932 3539 54
6932 9932 70
3206 4175 81
3206 8088 85
3206 3413 41
4175 547 49
4175 8040 90
4175 4938 73
4175 7366 48
6326 1028 96
6326 8893 71
8150 8567 8
8150 9669 79
8150 2904 63
8150 2300 87
8567 5199 21
8567 3780 15
8567 1834 28
8567 2182 45
6902 1235 35
6902 8719 82
6902 7362 51
679 7439 15
679 3536 13
679 6712 33
679 1252 50
679 9449 24
7439 9244 66
7439 1514 29
675 9949 64
675 8250 47
675 9011 66
675 5211 24
9949 7427 2
9949 6958 92
9949 6441 25
9949 3990 65
2363 4021 72
2363 2647 69
2363 4571 27
2363 6334 87
4021 9483 93
4021 8064 20
4021 3496 52
3493 8904 75
3493 7047 26
3493 8474 62
8904 2408 38
8904 5482 59
275 8536 74
275 1544 5
275 390 82
2969 4574 38
2969 5406 17
2969 4959 82
1919 9642 8
1919 454 45
1919 6234 74
1919 5531 23
9642 6283 90
9642 5686 91
9642 2665 2
9642 7282 59
3131 6229 7
3131 4603 2
3131 2846 57
6229 4191 85
6229 632 31
6141 9684 18
6141 5718 35
6141 8824 34
6141 4717 50
2188 6999 93
2188 9817 29
2188 1936 7
6999 7801 42
6999 2521 11
4598 6735 24
4598 7180 35
4598 6757 34
6501 6511 59
6501 3754 92
6501 7778 91
6501 4502 38
6204 3988 59
6204 5020 81
6204 8848 3
6204 6498 60
2458 5547 76
2458 3901 71
2458 9703 3
2458 9005 4
5547 8870 25
5547 525 32
875 7512 6
875 6940 25
875 2208 12
875 8775 1
875 1278 22
7512 7247 33
7512 4109 37
7512 4261 66
7512 5586 61
9504 3915 26
9504 2412 1
9504 3368 41
9504 5034 1
1808 4684 88
1808 9565 36
1808 4276 5
1808 54 56
4684 8859 46
2305 2268 45
2305 3866 71
2305 405 47
1458 9755 4
1458 2469 48
1458 4171 68
1458 3358 15
1458 1915 24
9755 7180 61
9755 6651 57
9755 3567 37
6470 8373 16
6470 3026 3
6470 6847 100
6470 127 23
8747 928 14
8747 4811 48
8747 3788 84
8747 121 87
8478 1276 29
8478 3242 13
9014 7908 40
9014 7452 75
9014 5845 5
9018 8087 74
9018 3514 45
9018 7160 6
3980 6682 99
3980 1206 89
3980 8656 32
3980 4388 61
6682 1567 30
6682 8262 40
4659 6970 46
4659 1788 5
4659 5446 80
4659 2266 54
6970 7216 16
6970 3608 96
2778 3808 51
2778 2436 67
2778 3244 89
2778 7491 68
2778 408 79
3808 3315 18
3808 4112 91
2665 7314 79
2665 8044 97
7314 7585 59
6701 8081 40
6701 2328 74
6701 2032 52
5443 5739 38
5443 1242 68
5443 9141 67
5443 4269 91
5739 3318 64
5739 7048 16
2023 1113 66
2023 531 87
2023 9748 88
2023 6891 7
5295 9452 96
5295 4749 56
5295 3143 56
5295 2615 56
5789 7123 84
5789 8282 48
7430 8738 8
7430 7787 2
7430 6779 6
8738 5223 32
8738 9648 25
8738 6092 51
8738 2630 77
2249 7786 50
2249 277 94
2249 2454 89
7786 4831 39
7786 7399 29
6862 390 35
6862 3465 52
7734 1186 57
7734 7003 14
7734 1334 66
7734 4507 5
12 7995 96
12 5597 80
12 7791 18
7995 4496 59
7995 2046 13
7995 2967 85
955 4192 21
955 1739 12
955 7790 48
4192 8279 84
4192 9568 45
4192 8316 67
622 6234 51
622 9098 62
622 3000 2
622 7221 15
6234 7310 57
6234 1547 91
6234 5334 82
914 1158 18
914 2014 19
914 7385 100
1158 293 69
1158 2356 39
1158 6010 82
2744 4732 62
2744 7123 79
2744 4426 63
2744 9484 88
4732 9038 72
4732 6169 59
7297 9474 53
7297 7414 9
2118 3546 28
2118 343 32
2118 8835 4
2118 1984 48
3546 7024 12
3546 6336 41
7058 5283 15
1523 8032 60
1523 2902 51
1523 7281 99
1523 538 90
8032 6389 30
8032 884 77
8032 6453 69
2377 3248 55
2377 2835 51
2377 849 75
2377 9756 80
2377 3458 2
3248 4855 94
3248 5917 43
3248 848 91
6232 9174 69
6232 46 38
6232 9925 43
6232 2688 26
9174 4433 19
9174 7338 11
9174 6353 35
4852 5806 97
4852 6847 59
4852 2261 97
4852 75 83
5806 6547 92
6206 2122 69
6206 5073 90
3888 6288 17
3888 5615 45
3888 1873 89
6288 3566 49
6288 2115 44
8654 8718 35
8654 1553 60
8654 2777 5
8654 3725 49
8718 5612 82
8718 4006 32
8718 3624 34
8718 2437 27
14 1251 32
14 128 15
14 4320 90
14 9244 31
1251 4942 36
1251 1990 27
1251 6342 25
1251 4297 18
7331 9267 97
7331 1650 8
7331 4902 29
9267 2450 60
9267 1772 40
9267 3738 53
1794 9434 63
1794 861 66
1794 377 88
9434 397 61
9434 4925 97
9434 8310 43
3396 9239 63
3396 4540 95
3396 9970 59
3396 2950 81
9239 1457 28
9239 6312 48
9239 431 8
4595 9563 44
4595 8311 25
4595 58 65
4595 3811 32
4595 1485 78
9563 7736 34
9563 7450 2
9563 5580 60
1336 6112 97
1336 6527 39
1336 6057 84
1336 9649 5
6112 225 19
4497 8439 87
4497 1242 13
4497 7781 95
4497 6871 78
8439 9000 72
8439 5403 74
3823 4738 31
3823 8581 79
3823 3854 42
3823 5148 18
4738 4056 79
4738 3418 61
4738 4692 33
4122 1252 97
4122 469 77
4122 8393 27
4122 7381 38
4413 8704 58
4413 8546 18
4413 5933 19
4413 7531 83
1847 8772 63
77 8713 88
77 5067 10
7759 9313 21
7759 3448 11
7759 7646 34
7759 7029 19
9313 3064 54
9313 6987 79
3941 3714 96
3941 2609 81
5555 5162 66
5555 2139 77
5555 6198 49
2714 4001 80
5463 1553 86
5463 6836 14
8246 3101 32
8246 5509 87
8423 181 37
8423 6230 64
1255 4968 25
1255 5824 93
1255 6930 52
1255 3987 58
4968 170 31
4968 4166 60
4968 5561 71
6328 9770 38
6328 715 36
6328 3550 13
6328 6678 96
6328 9834 26
9770 476 51
9770 4225 7
3 4229 76
3 8368 81
3 9333 29
3 4047 70
3 1108 16
4229 3452 92
588 7134 72
588 7843 68
588 862 79
588 6396 41
588 2269 61
7134 6497 82
7134 3086 82
2424 3483 43
2424 8094 33
2424 7048 6
2424 8947 26
7329 7635 100
7329 7969 77
7329 709 49
7329 9061 32
7329 9940 52
7635 1936 35
7635 1306 50
7635 5984 28
1719 6765 41
1719 1014 70
1719 3641 65
6765 844 15
6765 4304 96
6765 3079 7
6765 9428 54
6369 6546 99
6369 7169 60
6369 5003 94
6546 7279 54
6546 9133 100
6546 3500 51
6546 8029 11
4151 4553 16
4151 4091 81
4151 2548 55
4151 5675 53
4553 2028 38
4553 4077 70
2148 2132 79
2148 2297 15
4036 6859 26
4036 3231 70
5586 6285 48
5586 6657 97
6285 7918 99
6285 1134 70
6285 73 10
6285 9076 28
4889 7111 71
4889 9518 17
4889 4024 23
4889 6653 11
4889 2256 79
7111 5694 77
7111 7757 28
4170 1438 32
4170 6301 9
4170 8189 57
4170 4766 73
3902 7609 80
3902 9679 26
3902 7367 70
3902 8652 17
3902 9193 90
7609 2264 55
7609 9038 68
7609 9189 17
1234 9305 25
1234 7281 69
8465 4521 49
8465 7849 36
8465 9703 22
8465 7649 41
7988 9499 27
7988 4815 92
7988 9565 4
7988 6557 52
7988 4331 22
9499 8007 60
9499 6228 33
9499 4241 29
4380 5140 32
4380 3495 81
4380 5697 27
4380 2632 96
5140 7304 20
5140 4376 67
5140 6562 21
1432 6867 83
1432 5717 97
1432 3290 75
1432 469 17
6291 8144 74
6291 219 8
6291 3856 95
6291 4241 33
8144 4262 13
8144 8312 68
8144 5838 57
5747 136 37
5747 6494 61
5747 1945 9
4439 5720 47
4439 446 31
4439 4028 82
4439 7976 22
5720 3922 39
4649 7250 19
4649 1629 29
4649 2349 64
4649 5881 1
4649 7902 97
7250 3558 33
7250 9058 30
7250 4987 1
7250 5574 92
6096 7676 9
6096 1723 40
6096 9869 7
6096 993 2
6096 6557 1
7676 7949 6
7676 1900 63
1141 4815 23
1141 842 61
1141 655 97
1141 5476 53
4815 2528 54
4815 2828 93
2303 7701 32
2303 7994 47
2303 9848 36
2303 7293 35
2303 7822 95
7701 205 52
7701 2653 83
266 3834 81
266 1204 70
266 143 52
3834 2635 65
3834 9865 81
3834 4451 76
3834 4333 23
937 2541 47
937 3208 55
937 5603 37
937 1982 57
937 8260 2
2541 749 63
2541 9139 92
325 397 20
325 8616 52
325 8966 90
3143 6402 22
3143 9360 76
3143 7470 42
3143 3392 26
6402 8655 63
6402 63 14
7101 1321 46
7101 8262 7
7101 2648 28
5740 3187 21
5740 9129 76
9188 9270 54
9188 8428 9
9188 1236 26
9188 8657 52
9188 9475 89
9270 2153 75
9270 7118 60
9270 8301 53
98 5539 42
98 7715 29
98 78 56
98 1663 60
5539 9166 96
5539 451 94
5539 2182 23
165 2571 66
165 5182 44
165 3908 15
5376 1129 75
5376 9289 2
8313 4881 19
1346 8199 33
1346 8821 47
1346 9630 69
1346 8781 37
1346 4779 38
8199 7488 70
8199 3263 55
1528 3517 97
1528 2292 56
1528 4614 36
1528 7204 24
1528 3447 35
3517 4094 43
3517 7638 52
3517 4752 24
9101 3572 9
9101 2447 8
9101 2228 99
5983 6994 50
5983 571 78
5983 8893 82
5983 9219 15
198 1397 86
198 4521 57
198 1931 54
198 701 86
1397 9268 34
1397 5086 43
1397 8799 99
5033 349 33
5033 4685 97
5033 63 57
877 9599 32
877 7141 100
877 1319 93
877 6366 82
9599 9123 61
9599 5194 12
9599 2349 93
9599 5718 98
3497 6876 47
3497 2822 18
3497 8881 32
3497 4913 40
3497 5371 30
6876 1223 16
6876 8917 96
6876 6737 91
6876 6860 59
7994 7235 15
7994 874 56
627 3008 77
627 9868 12
627 4745 94
3008 7307 82
3008 3900 82
3008 3637 8
3008 87 93
8717 834 13
8717 2353 46
8717 3938 77
8717 1375 10
2569 5325 50
2569 7903 31
2569 4445 41
2569 1644 11
5325 8316 80
5325 2653 55
5325 5353 77
547 4028 17
547 2560 3
547 7907 15
6389 3922 30
6389 320 65
6389 6445 12
6389 9186 89
7542 1853 87
1195 81 16
1195 3146 47
2215 3292 5
2215 4594 86
2215 7551 29
2215 56 45
2215 6446 69
3292 9831 97
3292 7294 81
3292 9080 23
3242 1504 41
3242 1541 20
3242 9052 11
2896 6209 99
2896 154 10
7140 7442 22
7140 8386 58
7140 1083 62
7140 100 17
7140 5410 70
7442 8887 53
7442 2008 75
7442 9819 67
7442 6241 17
7479 6743 56
7479 4597 1
7479 6265 88
1454 4191 5
1454 5112 3
1454 9020 100
2793 3010 56
2793 1744 76
2793 2664 31
2793 5003 89
3608 8154 45
3608 5406 54
3608 2811 71
8154 6137 18
8154 7460 83
1459 8210 75
1459 3665 8
1459 2254 61
1459 6395 5
1459 9616 93
8210 1142 88
8210 2203 64
8210 4302 65
4094 8967 32
4094 1782 92
4094 4588 33
4094 7213 56
545 8055 27
545 7580 75
545 8284 82
545 5654 20
8055 7054 87
2067 5622 1
2067 8418 13
2067 6629 23
2067 9195 38
2067 9671 19
5622 5063 26
5622 9996 40
1017 70 50
1017 8372 42
1017 9308 84
310 7599 28
310 4941 8
310 122 100
310 780 29
7599 3385 92
7599 9474 23
9971 3295 65
9971 9557 60
9971 2618 60
9971 7210 8
8297 8223 65
8297 4636 54
3147 9361 32
3147 7633 70
3147 518 46
3147 844 66
4208 6055 17
4208 39 56
4208 2796 39
6055 7813 80
3079 8597 65
3079 5427 47
3079 2300 48
1678 3945 11
1678 4268 69
1678 7502 52
3945 8977 3
2208 9889 51
2208 193 82
2208 5588 48
5641 7714 56
5641 5219 53
7714 8579 14
7714 8345 93
1778 9252 75
1778 9558 58
1778 7741 83
1778 2813 3
1778 866 10
9252 6883 78
9252 5864 84
3449 6679 30
9440 9574 26
9440 8806 67
9440 3489 74
9440 5410 29
9440 3083 42
9574 8377 10
9574 2336 99
9574 6247 42
8855 8422 68
8855 5765 23
8855 1651 29
9708 7209 16
9708 5675 54
9708 5276 67
9708 7762 86
4278 268 97
4278 9278 36
3299 9796 12
3299 6991 58
3299 5816 96
3299 5414 47
3535 8941 77
3535 453 89
3535 2922 28
3535 7188 89
8941 4230 12
8941 8441 55
4333 162 25
4333 1729 32
5312 5337 41
5312 4583 64
5312 282 31
5312 6339 78
5312 4617 16
5337 8220 74
5337 2636 48
732 1599 92
732 3967 23
1599 406 57
1599 3789 18
5110 8204 98
5110 2418 19
5110 8710 48
7046 3959 62
7046 1950 51
7046 281 18
2830 9125 44
2830 6808 9
2830 6198 21
2830 7636 63
9125 2381 73
9125 4627 89
9125 3282 21
9125 9159 28
3996 1740 26
3996 2417 33
3996 8459 13
6163 4764 93
6163 2313 84
6163 6591 56
6163 3705 80
7306 5149 38
7306 1837 70
7306 6515 10
1882 7107 96
1882 618 46
1882 980 87
1882 2934 28
1882 3053 81
7107 986 93
5251 6000 1
5251 8998 79
5251 8247 77
5251 7292 27
6000 8105 60
6000 2009 18
1749 9207 85
1749 7937 9
9207 1669 32
9207 4155 20
4583 2232 69
4583 4851 25
4583 291 87
7719 7590 32
7719 7874 13
7719 4643 98
3095 6548 76
3095 2209 4
3095 3134 86
3095 8857 54
6548 9258 27
6548 3044 99
6548 3137 4
9687 2582 71
9687 611 20
9687 5933 57
5842 9070 33
5842 3505 17
5842 4108 75
9070 8629 4
9070 8386 52
9070 9633 77
2781 2106 14
2781 4795 74
2781 8614 43
2781 7683 53
4203 5441 37
4203 4405 54
4203 4670 38
4203 9554 27
5441 4888 66
5441 9517 99
5441 3624 71
5441 8892 23
6787 6516 10
6787 1884 89
6787 2471 33
6787 6302 40
5608 8839 56
5608 466 49
5608 1266 15
5608 4445 99
8839 2873 97
8839 2168 61
8839 5071 40
3158 8967 55
3158 6651 10
3158 7425 51
8967 6372 97
8967 2214 38
2349 354 31
804 5393 81
804 2031 72
804 2280 60
804 6444 2
5393 3322 84
5393 4160 88
5393 8087 67
5451 8101 91
5451 7736 7
5451 1589 70
5451 4486 36
5451 7844 32
8101 902 82
8101 6543 71
8101 862 72
8101 1743 23
8529 9262 20
8529 4082 6
9262 4733 43
9262 148 81
9262 4421 21
2316 4890 99
2316 5846 51
5307 7584 81
5307 869 62
5307 3516 42
5307 8152 5
1351 2879 79
1351 6360 2
1351 9374 13
2879 4003 36
2879 7870 83
8885 9432 18
8885 597 89
8885 9068 17
8885 6941 80
8885 89 15
9432 1546 54
9432 6757 83
6148 2132 87
6148 9303 32
6148 1244 44
6148 941 87
4071 3620 36
4071 9205 21
4071 1090 3
4071 1816 57
7130 8661 18
7130 2735 57
8661 7940 77
8661 977 47
8661 4406 67
8661 360 79
7209 6731 45
4637 4743 9
4637 2660 11
4637 1607 92
4637 1672 36
4743 7299 32
4743 7617 29
4743 9317 67
3246 9322 54
3246 3488 25
3246 4643 18
9322 8671 42
9322 7433 35
9322 2858 56
783 7498 93
783 9588 71
783 248 55
783 5671 82
783 8160 34
7498 8400 5
7498 4221 98
7498 5279 93
6476 1156 74
768 7375 59
768 3529 37
768 4064 56
768 5776 8
768 7488 18
7375 7187 18
7375 2505 88
7375 8854 28
7375 5051 100
3149 1315 65
3149 1035 4
3149 755 90
3149 2048 22
2192 4784 39
2192 3484 83
2192 659 38
2192 1441 34
2192 9890 25
4784 9911 17
4784 3349 45
1569 3115 44
1569 8682 73
1569 7243 74
1569 3239 77
1569 5403 30
3115 7970 80
3115 3098 51
3115 2300 33
3115 4463 54
1890 6139 7
1890 5012 94
6139 4668 72
7992 8410 44
7992 8172 48
7992 9462 94
8410 740 39
8410 3045 64
8410 722 1
5702 6541 7
5702 5209 20
5702 3367 73
6541 2522 6
6541 5574 51
6541 7469 82
8621 9335 82
8621 8079 67
8621 1424 74
8621 6071 21
9335 1712 86
9335 7690 93
9335 1818 44
9335 8338 92
7096 699 75
7096 5671 4
7096 1277 57
7096 213 77
1433 9054 43
1433 4484 60
1433 1069 63
9054 3969 71
9054 1226 33
9054 1605 51
5814 6947 47
5814 1603 92
5814 1544 83
5814 4124 70
6947 633 1
6947 7340 59
6947 5875 88
2617 3638 47
2617 3444 28
2617 6251 33
2617 6512 20
2056 649 95
2056 7603 64
1042 2258 71
1042 1478 63
1042 9277 26
1042 7809 62
1042 4643 34
2258 3091 14
2258 9674 11
2258 6584 72
2258 5903 11
5606 5712 71
5606 2414 58
5606 6209 3
8784 4284 70
8784 110 53
8784 6738 38
8784 2982 43
520 4792 1
520 8643 56
1930 8547 75
1930 9417 97
1930 6740 66
1930 7883 31
1930 4082 27
8547 885 15
5233 7352 98
5233 5221 16
5233 486 92
7352 9141 83
7352 4376 20
7352 1098 73
7352 3973 84
9475 9782 67
9475 2442 40
9782 9317 5
9782 2025 76
9782 5401 34
6223 2164 31
6223 3191 57
4857 6314 9
4857 2097 6
4857 2094 58
4857 9729 29
6314 5181 62
6314 377 63
6314 3901 30
543 1223 92
543 2931 77
543 51 96
543 1742 9
1233 3896 16
1233 3083 6
1233 6058 45
1233 2070 67
3896 4476 86
3896 3252 98
3896 7793 91
5734 8669 59
5734 173 95
126 5790 91
126 3126 80
5790 1511 2
5790 9078 77
5790 2413 22
2158 2705 73
2158 5037 1
2158 3469 82
2705 626 93
3947 7511 71
3947 9061 80
3947 5500 48
1732 394 57
596 2679 79
596 203 67
596 3304 91
2679 8564 43
2679 8552 44
2679 3856 58
7803 8083 85
7803 521 43
7803 5685 92
8083 4168 55
8083 7403 45
8083 8300 9
8083 5673 41
64 1091 70
64 256 80
1170 7115 16
1170 5741 52
7115 7707 96
7115 5775 35
5299 7948 51
5299 9148 2
5299 1349 12
5299 9120 44
7948 4716 71
7948 695 69
7948 1003 51
7948 661 4
548 4328 70
548 7860 4
4328 2909 42
4328 8017 12
4328 3954 21
4328 9495 52
2318 3331 70
2318 6157 99
2318 1092 90
2318 6111 71
4551 9556 36
4551 5627 64
8391 9946 44
8391 4282 82
8391 8098 85
8391 382 94
9946 6028 99
9946 5395 15
9946 3707 24
8847 2446 65
8847 4942 11
8847 8719 50
900 3440 52
900 561 69
900 7154 40
900 5000 52
900 5480 18
3440 1354 56
3440 477 16
4062 9210 44
4062 4653 34
4062 127 10
4062 5781 4
4062 1513 79
9210 118 57
3864 4499 21
3864 1373 6
3864 2920 4
3864 8730 86
4499 1197 51
4499 3510 60
5447 6506 66
5447 2455 75
5447 9796 70
6506 7477 89
6506 4042 49
6506 5682 83
1653 5929 42
1653 431 60
1653 285 3
1653 5987 89
1653 1412 90
5929 1371 57
5929 5156 89
5929 541 73
2821 1690 58
2821 5484 83
2821 7424 85
9400 7214 3
9400 9580 77
9400 7161 7
947 2505 49
947 9340 72
947 7154 50
947 3671 3
2505 5875 53
2505 5127 74
1026 807 76
1026 9146 75
3904 4837 61
3904 6728 19
3904 9737 45
3904 5803 48
4837 6800 1
4837 3854 42
4837 8513 36
4837 3548 94
7481 9814 30
7481 9615 27
7481 9011 4
9234 9726 90
9234 8807 30
9234 4528 61
4427 7214 23
4427 7503 20
4427 1981 7
4427 9332 84
7214 5423 51
7214 8433 16
3582 9108 49
3582 3876 44
3582 1130 38
3582 7488 3
9108 707 48
9108 5647 8
9108 6428 72
9108 8241 23
4845 5475 11
4845 3492 52
4845 9123 17
4845 9908 30
4845 8999 67
5475 4614 71
5475 1037 73
5475 1965 56
5716 9462 18
5716 8926 26
5716 4663 6
9123 3532 40
9123 7492 84
2171 2485 100
2171 427 63
2171 5946 94
2171 1754 37
2485 9464 100
2485 2947 3
2485 8608 20
2485 9410 69
3101 271 83
3101 8675 7
3101 6195 9
940 5067 84
940 6633 79
940 4619 63
5067 1634 42
5067 2842 9
2251 5632 100
2251 5132 69
2251 8015 73
2251 3856 78
2251 9635 33
5632 8337 28
5632 5784 88
3475 3734 53
3475 5466 10
3475 213 58
3475 3424 3
3475 5843 18
3734 3364 40
3734 7445 26
3734 5498 86
3734 2724 21
5928 6563 96
5928 6458 51
5928 2368 30
5928 8486 62
6563 1691 3
6563 9464 56
6563 4088 36
661 4820 78
661 3592 39
661 4398 38
1755 990 56
1755 460 90
1755 730 26
1755 5669 3
5188 5281 62
5188 3625 30
5188 4120 39
9041 7415 2
9041 2270 28
4807 5526 90
4807 8068 48
4807 4421 70
4807 8026 64
5526 4808 43
5526 2028 100
8538 8348 32
8538 9260 35
8538 5023 24
8538 9363 8
3764 9221 42
3764 8868 18
3764 8763 48
3764 8963 30
1188 3455 15
1188 7705 88
1188 7949 39
1188 5449 14
8109 2102 72
8109 7491 56
8109 5974 16
8727 9598 76
8727 6230 96
8727 1146 57
8727 696 45
8727 3886 4
9598 6912 49
9598 5541 100
9598 4268 87
4909 6183 41
4909 739 24
4909 9052 29
4909 5466 45
6183 4106 98
6623 9883 21
6623 8153 62
6623 5690 51
5330 9623 64
5330 7275 55
5330 7840 83
9623 7166 99
9623 8774 82
9623 9766 42
4409 4103 2
4409 922 53
4409 2935 20
7460 7827 33
7460 5532 99
7460 6339 27
7827 5488 14
7827 2483 16
5783 3634 50
5783 8173 64
3807 3843 80
3807 2434 38
3807 8896 83
7716 8921 94
7716 2847 38
7716 1714 68
7716 4618 100
8921 3433 83
8921 2120 79
8921 2663 6
840 8003 38
840 5759 20
840 4382 47
840 4697 47
8003 9947 3
8003 8281 97
5785 7170 27
5785 4196 72
5785 7916 100
5785 2049 73
5785 5840 44
7170 3722 6
7170 7627 85
7170 3067 20
4181 6101 92
4181 413 51
4181 797 4
8467 1499 37
8467 7378 91
8467 1124 14
442 4924 64
442 4314 16
442 6645 19
442 3780 51
442 8428 87
4924 7168 4
4924 4451 90
414 4630 87
414 1228 13
449 1025 50
449 2770 62
449 7414 64
2684 5998 23
2684 8831 46
2684 5619 95
2684 9181 58
5998 2868 63
5998 6820 22
7947 1353 4
7947 1402 23
1400 4812 83
1400 695 34
1400 7385 52
4812 1452 32
4812 8875 41
4812 6416 27
4812 4461 2
7969 8239 65
7969 608 36
7969 2674 71
8239 3598 74
8239 2590 53
8239 17 71
8239 5252 6
6400 4818 32
6400 9565 20
6400 8431 53
6400 231 71
730 5741 36
730 8650 98
730 1178 91
5741 883 53
113 8024 87
113 1092 16
113 4833 84
113 3132 64
8024 8981 46
8024 7127 32
8024 2618 3
6512 9727 95
6512 5385 66
6512 4783 37
6512 1734 49
9727 5611 48
9727 2504 33
9727 9059 50
6371 8192 1
6371 6395 24
6371 9190 91
3781 8554 13
3781 9416 56
3781 6900 34
3781 8137 93
269 3634 61
269 1359 60
3926 4958 22
3926 420 41
2128 2868 75
2128 7471 53
2128 4521 77
2128 7591 49
2868 3938 57
2868 371 100
2868 7126 33
2016 6599 91
2016 7990 1
2016 8832 90
2016 5557 33
6599 340 6
6599 4324 27
6599 4892 79
7402 9646 87
7402 749 97
7402 4864 23
7402 5173 77
9646 5843 24
9646 6820 77
9646 9228 97
9646 720 45
4157 7032 35
4157 3704 74
4157 8526 78
4157 9811 87
4157 349 35
7032 7595 64
7032 8767 100
7032 8841 29
7429 8998 87
7429 4996 86
7429 386 27
7429 2462 90
8998 7231 27
8998 122 23
2805 7387 70
2805 2302 54
2805 7777 23
5572 9640 67
5572 6555 49
5572 1028 87
9640 9544 18
9640 3512 20
9640 6672 47
3312 8145 36
3312 3591 69
3312 3949 98
3312 8613 15
8145 1065 37
7925 9579 69
7925 6246 36
7925 2109 29
7925 9728 60
7925 4434 90
9579 7529 40
9579 7346 32
9579 7677 33
7529 9392 21
7529 7264 24
9446 9954 42
9446 2844 90
9446 23 48
9954 7491 74
9954 9063 78
2101 3273 40
2101 6812 92
2101 5743 75
3273 9675 81
3273 495 8
3273 3717 93
3099 3687 30
3099 618 95
3099 8544 77
3853 2841 39
3853 639 53
3853 6482 56
3060 5830 74
3060 8344 79
3060 6250 71
5830 6962 1
5830 75 56
5830 479 42
6363 8799 15
6363 3053 5
6363 7503 52
8799 1392 30
8799 4120 79
8799 763 7
5016 6219 5
5016 4009 1
5016 1745 1
5016 9296 74
6584 7697 100
6584 7240 8
3515 6410 70
3515 9903 86
3515 7092 45
3515 9927 36
6410 2986 33
6410 4831 8
6117 1596 63
6117 5773 48
6117 9459 95
6117 6906 88
6792 8912 72
6792 7182 33
6792 3999 60
6792 465 42
8912 2631 29
8912 1629 14
5701 7367 34
5701 4832 71
5701 5692 86
7367 2187 45
8476 8527 91
8476 9275 27
8527 95 43
8527 1922 66
4465 8094 23
4465 5736 65
4465 8639 8
4041 9085 75
4041 1533 23
4041 1478 38
4041 2312 31
9085 4805 66
9085 9539 4
9085 2766 97
9085 6711 16
5467 8634 32
5467 7037 70
5467 8710 56
8634 2956 88
8634 6867 99
8634 8488 4
4012 8507 98
4012 1156 3
8120 1147 79
8120 6458 53
8120 6340 1
8120 9644 6
2300 3459 96
3459 2012 51
3459 2438 8
3459 5436 43
3459 6249 67
898 1271 21
898 3638 14
898 3139 18
898 49 44
1271 1631 98
1271 707 85
1271 3183 32
1271 5123 16
5372 7434 97
5372 8719 23
5372 509 41
7434 876 46
7434 2519 92
246 6943 58
246 9611 86
246 36 2
246 2095 26
246 4194 15
6943 9754 27
6943 8348 29
6943 5426 62
3413 4389 63
3413 4971 58
3413 8461 55
3413 6673 82
4389 5297 95
4389 2317 49
4389 9275 19
5436 5914 35
5436 1900 49
5436 3111 29
5436 3782 79
5914 4528 33
5914 6524 34
5914 1110 3
6085 9743 35
6085 1614 39
6085 8701 98
6085 5970 60
9743 4290 85
9743 1809 16
257 312 95
257 8909 92
257 7320 22
257 6296 50
312 5841 55
312 1064 34
312 3394 61
9928 8080 51
9928 734 57
9928 8185 7
9928 4542 50
5915 4701 6
5915 3607 11
5915 9457 24
2955 8772 89
2955 9665 88
2955 5352 26
2955 1280 25
4252 3415 63
4252 5869 33
4842 943 46
8274 9843 49
8274 4406 75
8274 6310 28
8274 5464 33
9843 8506 100
9843 5159 77
2202 6244 82
56 7182 72
56 8506 94
401 3043 68
401 9488 44
401 9656 27
3043 8267 40
3043 5043 94
3043 448 27
1729 3777 25
1729 6457 6
1729 4113 80
3777 5504 20
3777 5379 75
3777 5869 17
2926 7438 49
2926 5951 93
2926 9643 12
2926 4876 74
7438 4079 71
7438 1753 90
7438 2307 74
5612 7242 80
5612 8282 44
5612 2376 48
9484 3041 42
9484 8617 61
9484 3402 26
712 6318 9
712 4930 62
712 4902 48
6318 9841 2
6318 3239 6
9831 5525 13
9831 9320 21
3895 8589 76
3895 5052 58
3895 8716 1
3895 4750 96
8589 6433 35
8589 4526 66
8589 7318 59
6031 4783 27
6031 6967 42
6031 3826 49
4099 8333 51
4099 6663 79
4099 7050 28
2607 7854 16
2607 2972 79
2607 7937 76
7135 5647 99
7135 7704 50
7135 4848 9
2782 5006 87
2782 3421 15
2782 6362 12
2782 247 94
2782 5310 74
5006 3620 80
5006 4068 83
5006 8811 57
3513 9426 46
3513 6759 68
3513 255 26
3513 3659 68
9426 3930 13
9426 2125 95
9426 6142 51
3427 3990 94
3427 4185 5
3427 9862 67
3990 1991 75
3990 6972 100
3990 6423 44
3093 7984 53
3093 7928 55
3093 3338 28
3093 4928 32
2021 3373 48
2021 9823 100
2021 233 45
2021 8132 11
2021 8803 88
3373 5616 67
3373 9086 82
788 1186 72
788 5005 96
788 5933 62
1186 2334 77
1186 2562 73
8561 9253 5
8561 6829 75
8561 267 17
8561 9632 77
8561 1969 94
9253 3089 85
9253 7900 58
9253 5898 58
9253 8314 99
758 8891 53
758 5496 97
758 941 76
8891 5901 24
8891 3953 60
2336 3384 86
2336 818 59
2336 33 99
2336 4899 45
3384 2753 44
3384 7641 55
3384 2687 4
9548 1016 69
9548 541 49
4930 5664 94
4930 4449 17
4930 5691 29
4930 8095 34
5664 2836 2
5664 1441 78
649 192 94
649 1140 81
649 9443 95
9726 368 99
9726 5242 57
708 1607 78
708 4191 10
708 4301 100
708 9791 14
1607 162 12
1607 363 10
2149 3908 35
2149 2082 52
2149 5165 87
2149 4988 18
2149 5500 30
3908 5435 46
3908 2268 26
5971 8887 4
5971 6653 64
4493 6013 87
4493 5907 31
4493 1498 31
4493 5961 25
4493 7500 5
6013 7336 48
4754 5788 84
4754 6658 10
4754 8814 37
4754 2004 51
4754 7792 31
5788 2335 63
5788 3511 89
9392 4005 25
9392 6415 51
9392 9043 6
3604 9536 56
3604 9680 98
3604 3858 37
1821 7233 11
1821 3844 57
1821 8508 38
1821 8033 92
7233 8031 37
7233 6007 82
7233 771 99
1929 6012 88
1929 1721 92
1929 2529 23
6012 9542 76
6012 3421 53
6012 2163 49
5901 9577 70
5901 4786 65
5901 5367 61
4802 7707 32
4802 7317 100
4802 4260 59
4802 1543 21
4802 5315 81
7707 1377 97
7707 569 38
109 7092 29
109 1603 14
109 6771 13
1086 7952 63
1086 5488 7
1086 4502 85
1086 298 27
7952 8666 83
7952 6474 50
2139 6554 86
2674 5607 21
2674 4921 22
2674 9431 32
2674 9439 4
5607 6777 58
5607 2686 81
5607 7234 51
4266 8077 44
4266 3632 100
8077 3907 49
8077 3613 71
8077 5568 43
5338 7128 75
5338 5968 66
7128 174 3
7128 1652 66
9334 5857 13
9334 1846 13
9697 5066 75
9697 7740 71
2894 7044 78
2894 8826 71
2894 1562 40
2894 6990 15
7044 572 56
7044 3879 57
2849 6322 50
2849 8652 27
3899 7502 69
3899 5168 48
3899 3859 27
3899 6553 100
3899 972 39
7502 9858 74
7502 6946 65
8340 5541 46
8340 4293 1
7911 9470 17
7911 1763 61
7911 3533 60
9470 5025 44
9470 7294 69
9470 6770 86
70 8624 16
70 1936 50
70 3658 34
70 409 94
8624 511 51
8624 9841 51
8624 6002 35
3216 7445 98
3216 9970 45
3216 3665 92
7445 9518 93
7445 5093 96
1762 5848 71
1762 4905 27
1762 8353 30
1762 1761 62
1762 603 51
5848 3483 100
5848 7901 52
5848 4523 80
5848 4716 59
2799 4043 9
2799 696 71
2799 9214 90
3419 2290 4
8732 4792 97
8732 8688 16
8732 5543 93
1510 5223 54
1510 2080 12
1510 4569 82
1510 9093 48
1510 3100 41
5223 2088 63
5223 5816 52
5304 1031 81
5304 2410 78
1142 4640 49
1142 1552 76
1142 5098 2
1142 7876 75
9137 9496 33
9137 5700 82
9137 4381 86
9137 584 79
9496 3211 7
9496 323 55
9496 7658 66
9496 3472 36
7251 5424 46
7251 5292 84
1507 5864 86
1507 4222 65
1507 7351 53
1507 3176 36
5864 3185 49
922 2959 47
2959 1904 18
2959 533 69
2959 1415 79
5502 4425 28
5502 1705 10
5502 5429 81
212 8461 7
212 2180 72
8461 1655 72
8461 4124 50
3371 4326 98
3371 1379 16
3371 7817 42
3371 3597 23
4326 530 75
4326 6920 100
1829 2882 24
1829 9925 99
1829 9637 59
1829 7524 7
2882 6809 38
2882 4874 18
7242 4244 97
7242 976 43
7242 91 20
562 1111 11
562 3584 4
562 3862 43
562 3496 63
562 8823 55
1111 9688 35
1111 5094 27
1111 4887 26
3337 4715 25
3337 4786 18
3337 5620 84
4715 7513 66
4715 7083 82
4715 3333 80
4715 5283 49
8143 6569 82
8143 100 92
8143 4132 9
8143 9557 33
924 8699 89
924 9724 80
924 99 94
7267 1692 95
7267 9719 83
7267 3204 36
2600 9525 86
2600 646 60
2600 7302 13
2600 9551 47
9525 3444 84
9525 4488 37
9525 9872 1
9525 2231 21
7949 9307 1
7949 8056 34
7949 8545 98
9307 5499 26
9307 3623 9
9307 9439 87
9307 9138 87
339 6142 74
339 5516 5
339 1064 94
339 2963 28
6142 5993 23
6142 9722 99
733 5315 99
733 6450 46
733 5025 64
733 7042 12
733 7815 49
5315 6426 68
8931 7595 49
8931 3178 35
6355 9393 34
6355 2811 45
6355 1748 52
9393 1897 18
9393 9372 8
9393 4159 21
9393 1359 89
791 3041 80
791 1641 64
791 6399 3
3041 8903 100
3041 8035 55
3041 8487 36
6279 6601 49
6279 7269 40
6279 9807 96
586 3575 79
586 444 11
586 5422 37
586 2153 14
586 311 35
3575 1909 60
3575 3268 10
3575 7830 26
3575 8595 51
2414 7076 38
2414 858 79
2414 8846 87
2414 9395 51
7076 5391 12
7076 2351 79
5574 4152 82
1213 3673 51
1213 4539 85
1213 7750 96
3673 3659 8
3673 3723 5
3673 8830 32
3673 4070 44
1245 8846 19
1245 9119 34
1245 2504 79
1245 1583 58
8846 8302 42
8846 2104 88
4669 5162 16
4669 3920 12
8597 7640 45
8597 363 11
4865 1868 30
4865 8031 38
4865 5048 35
4865 1915 23
1560 2441 51
1560 5487 89
1560 2690 67
1560 886 58
1560 9068 11
2441 6495 4
2441 6638 87
670 8195 54
670 9387 50
670 8729 29
4774 7812 34
4774 8674 51
4774 4300 54
4774 9495 63
7812 5509 55
7812 4803 7
7812 6845 51
7812 998 82
3741 7935 23
3741 3991 42
3741 9530 11
7935 2693 17
7935 8753 2
7935 5647 40
100 5472 37
100 7876 12
1839 7868 59
1839 6266 99
1839 9283 18
7868 7761 8
7868 857 40
1870 3017 76
1870 3091 2
1870 1244 65
1870 9448 75
3017 4666 78
3017 3854 28
3017 4098 17
2174 5546 97
2174 283 90
2174 3531 40
8490 7308 69
8490 5389 83
6806 2580 55
6806 5965 41
6806 7373 90
2748 8181 78
2748 2009 81
2748 6592 26
2082 3479 84
1737 8189 69
1737 3201 78
1737 5056 2
8197 5670 33
8197 3659 28
8298 9595 6
8298 4235 22
8298 7241 29
9595 9916 72
9595 5945 52
3666 9131 82
3666 7180 98
3666 6038 7
644 884 51
644 4462 78
1511 2683 74
1511 1916 29
1511 3861 25
1511 8919 60
2683 4162 89
2683 6561 53
2683 3471 65
2683 9580 91
6901 9636 2
6901 7083 32
6901 5974 55
6901 1595 91
9636 9535 39
9636 6909 60
9636 6526 89
9636 7424 24
2334 3533 55
2334 5119 14
1407 4962 81
1407 2454 97
1407 1544 41
1407 5509 89
1407 2688 19
4962 1681 12
4962 6335 47
4962 9657 37
4962 2819 71
1367 5563 58
1367 4406 22
1367 897 71
1367 3500 44
5563 9060 75
5563 1760 58
5563 1705 97
5563 1212 43
527 3492 36
527 6387 54
527 2094 65
6722 3607 53
5435 2753 66
5435 8105 61
5435 7845 13
509 3495 83
509 7554 9
509 9112 24
932 2602 97
932 929 93
932 6622 53
932 6196 94
2602 8965 8
2602 9112 11
2602 1315 21
2602 7866 95
7454 7731 45
7454 8886 60
7835 9288 76
7835 1961 69
7835 6691 88
7835 5026 95
7835 1710 22
9288 5898 27
9288 3648 45
3280 8918 95
1846 2915 30
1846 638 32
1846 7986 20
1846 2621 16
2915 7675 13
2915 2796 86
2915 4903 73
2434 3470 89
2434 5995 96
2434 9858 80
2143 7073 68
2143 5651 37
2143 7518 56
2143 2806 25
2143 9235 81
7073 9888 83
7073 424 77
7073 2846 58
7073 3660 70
8506 1427 4
8506 5501 32
8506 345 29
506 6523 13
506 6182 56
506 5455 100
506 6704 70
6523 1592 26
6523 4350 2
6523 6264 11
8609 3928 88
8609 1631 25
8609 5808 66
2145 5940 84
2145 7654 71
2145 890 78
5694 1299 69
5694 1988 63
1650 1424 35
1650 5678 97
4640 5489 1
4640 9897 50
4640 7890 93
4640 3536 62
5216 4194 75
5216 2360 41
7739 8021 16
7739 4478 23
7739 7288 41
7739 1818 70
7739 5729 80
8021 1444 61
8021 4541 70
8021 7761 97
17 7806 74
17 7603 5
17 2200 36
17 8486 75
7806 1748 2
7806 9585 44
7806 551 92
7806 1667 52
3843 291 28
2055 3943 11
2055 8705 44
2055 9864 9
5987 176 80
5987 1452 79
368 9405 91
368 5949 11
2963 3563 60
2963 5955 49
2963 8273 37
3563 6429 69
3563 2540 64
6617 8267 2
6617 4567 10
6617 654 58
8267 57 46
8267 4923 100
8267 8168 77
7188 1518 38
7188 6855 10
1553 8260 42
1553 1031 18
1553 4276 27
6547 4441 98
6547 6657 36
7077 9191 87
7077 2398 60
7077 3100 52
7077 986 37
7077 7376 24
9191 2847 18
9191 1961 31
9191 8301 45
1623 4697 83
1623 9800 48
1623 4202 44
1623 3838 25
1623 8380 64
4697 1694 32
9903 1697 85
1074 8179 80
1074 7180 83
1074 5765 64
3598 5242 44
5242 3078 17
5242 2757 82
5242 1740 85
1462 5503 55
1462 5996 25
1462 7590 93
1462 1663 2
1462 7795 26
5503 3984 29
5503 714 58
5509 7388 1
5509 1711 88
466 415 72
466 4519 6
466 6894 65
3301 8573 21
3301 8748 57
3301 2577 82
3301 9444 76
268 3519 42
268 5818 48
268 3164 8
2944 3671 61
2944 2395 67
2944 304 17
2944 7962 89
2944 633 28
3671 4257 31
3671 4002 51
143 6201 48
143 9729 60
143 8985 58
143 6985 84
6201 2503 65
6201 4950 11
6201 781 86
6201 8775 82
717 9671 59
717 8704 68
717 682 31
717 5644 33
9671 7832 85
1687 3788 79
1687 1786 11
6802 3890 96
6802 3792 86
6802 9639 19
6802 4281 11
3881 2964 59
3881 9500 56
3881 3991 55
6598 5600 26
6598 6711 80
6598 6376 94
2071 4806 84
2071 3481 72
2071 7114 22
2071 7875 55
4806 8845 37
4806 2734 43
1658 2947 49
1658 6391 19
1658 7840 100
1658 5028 38
2947 526 3
2947 1963 85
2795 6557 61
2795 809 89
2795 1512 85
2795 5076 66
5620 5578 52
9970 7816 38
9970 4367 30
1247 7927 56
1247 8974 92
1247 1595 56
7927 9596 73
7927 148 80
1838 9377 47
1838 766 79
1838 3736 1
3539 5146 95
3539 8928 64
3539 9742 93
5146 5556 23
5146 8610 70
5146 3946 51
5146 1800 20
2823 5730 88
2823 709 64
2823 1032 42
2823 457 12
5730 6268 38
5730 3643 54
5730 633 88
1625 5227 28
1625 809 77
1625 3537 64
1625 5855 16
1625 9670 66
5227 8534 92
5227 1327 13
5227 727 86
4216 7990 93
4216 8425 38
4216 7640 1
7990 1589 68
7990 7472 45
4238 7973 35
4238 7312 8
4238 5954 91
4238 8033 22
4267 6235 56
4267 2135 65
4267 856 33
4267 2548 38
6235 3359 34
6235 9160 16
6235 3245 57
3991 8811 28
3991 6919 26
3991 3794 93
8811 1595 47
8811 9775 61
3691 9007 26
3691 9613 58
3691 6708 9
3691 1583 75
8368 6035 16
8368 6155 5
8368 84 10
7942 9722 6
7942 7889 20
7942 81 89
7942 9078 92
9722 897 40
9722 8310 20
8795 7908 36
1058 2527 2
1058 4383 6
1058 6258 89
2527 4404 69
2527 230 7
2527 6352 16
2527 1606 46
4571 5306 33
4571 3118 3
4571 6353 37
5306 8657 47
5306 2049 40
8821 5782 79
8821 9841 100
9405 46 29
6779 7340 11
6779 681 30
7820 8744 2
7820 3886 77
7820 8633 78
2398 4372 34
2398 9719 43
2398 7760 82
4372 794 47
4372 2688 27
4372 2604 47
4372 1402 68
405 7193 13
405 5978 1
405 1649 39
7193 7385 92
302 3308 43
302 2507 26
302 2655 94
302 1745 32
302 3860 34
3308 344 38
3308 7833 61
3308 3410 80
3308 7830 98
852 6192 70
852 6108 80
852 5776 89
852 3020 64
6192 9215 59
6192 2676 17
3266 6651 70
3266 4996 93
3266 9896 87
3266 239 29
9130 7386 71
9130 1326 75
9130 2757 96
9130 4159 89
5141 1257 57
5141 5363 17
5141 4944 35
1789 8236 69
1789 1817 13
1789 2927 75
1789 2753 73
8236 9864 63
8236 2834 38
8236 1121 40
3282 5000 78
3282 1295 14
3745 7382 65
3745 9554 40
3745 2584 5
3745 5969 94
1470 8456 83
1470 2508 53
1470 7886 33
8456 5373 13
8456 8763 90
1544 1989 79
1989 1 52
1989 8596 76
427 5639 51
427 185 48
427 6304 96
427 4947 37
5639 7315 87
5639 8263 47
5639 4615 61
1662 8626 51
1662 7399 81
1662 388 55
1662 3356 1
8626 9684 61
8626 8957 69
8626 9027 17
8626 3664 67
8218 575 21
8218 6120 5
8218 9771 86
8218 2157 42
2123 4314 68
2123 8104 9
2123 7462 36
9092 6107 14
9092 3247 63
9092 1457 20
9092 3672 16
755 782 27
755 6593 35
782 5787 30
3714 7358 26
3714 9286 16
3714 7295 7
7016 2598 70
3029 3838 15
3029 4997 50
3029 7178 96
3029 8094 77
3838 8832 48
3838 1011 98
3838 8172 17
912 1897 84
912 4106 92
912 8831 11
912 9897 92
912 9609 85
1897 6692 24
1897 9583 6
1897 3743 56
7079 7761 31
7079 4463 8
7079 5209 59
7079 7801 81
3540 3761 52
3540 7279 29
3540 880 51
3540 5256 29
3761 3182 94
3761 3134 71
3761 4054 48
3900 1955 18
3900 9779 81
408 3303 40
408 9881 68
3303 981 36
3303 9759 78
3303 7125 16
3303 2857 27
2102 2293 23
2102 6255 38
2102 5995 13
2293 3127 91
2293 3193 27
2293 4714 16
544 9206 14
544 4471 48
544 6890 27
544 2784 78
544 9486 78
9206 1617 19
9206 6759 30
9206 6266 57
5559 9866 17
5559 6114 49
5559 7144 83
5559 9055 12
5559 6673 16
9866 694 74
153 7106 97
153 9140 89
153 7705 90
153 4466 30
7106 2540 87
7106 7976 29
7106 166 57
2369 6020 100
2369 5488 53
2369 5546 90
2369 7678 47
2369 8036 16
6020 3499 92
6020 9845 66
6020 736 26
6020 7603 34
5907 5975 3
5907 7461 77
5907 2699 84
5168 4074 50
5168 3251 65
7346 3971 67
7346 7010 23
7346 6322 58
4103 1680 29
4103 5888 59
4103 2018 33
3743 8038 79
3743 5189 76
3743 8540 14
8038 1194 41
8038 2587 35
8038 5109 3
8038 9020 20
5121 2970 55
5121 9617 100
5121 2815 20
5121 4006 73
2447 6061 51
2447 7822 37
2447 1067 69
6061 3677 32
6061 1128 38
6061 785 28
322 6511 65
322 747 43
322 1727 34
322 4834 52
322 8437 91
6511 1825 34
193 1405 82
193 4472 14
193 557 11
193 5153 94
1405 4746 24
1405 6882 43
1405 6460 18
5401 6165 69
5401 7260 27
5401 5204 81
349 1918 38
349 9120 15
1918 4231 27
1918 3674 45
1918 1879 73
1918 1739 73
7477 7783 55
7477 8435 16
7783 6562 57
7783 6984 37
3612 9379 11
2179 7185 82
2179 9723 72
2179 857 53
2179 9083 92
7185 750 7
7185 7829 77
7185 5183 9
7185 5437 68
4546 6268 44
4546 2904 86
6268 8385 63
6268 321 29
3890 3137 20
3890 8585 47
3998 8933 19
3998 8352 22
3998 759 93
6635 7100 60
6635 9505 59
6635 6317 80
6635 3195 15
7100 8192 3
7100 8920 42
7100 2546 40
7100 9304 88
2546 9049 58
2546 4718 74
9049 3394 62
9049 3533 81
9049 4848 74
9049 3251 56
695 1100 80
695 2236 72
806 9310 19
806 1467 66
806 7770 37
806 8808 1
806 3388 95
9310 3825 5
9310 149 86
9310 1119 73
2146 2699 12
2146 2237 23
2146 1584 59
2146 1498 91
2699 5545 65
6498 6987 79
6498 7366 26
6498 9331 7
6498 2104 70
6987 9522 17
6987 2513 52
6987 4148 46
3463 4964 80
3463 2533 76
3463 6058 100
3463 2996 44
3463 3114 67
4964 6641 60
4964 6625 91
9624 5400 61
9624 4408 83
9624 2175 87
110 7909 91
110 2323 30
3692 1010 83
3692 6018 83
8223 6587 34
8223 7234 79
8223 850 79
1850 2910 32
1850 2062 80
1850 6040 59
4979 5345 92
4979 6457 85
4979 7743 44
5345 2970 47
5345 7215 69
4885 6247 34
4885 4259 3
4885 2112 91
8325 9815 98
8325 7202 96
8325 6251 4
2509 4040 45
2509 4578 98
2509 5123 86
4040 9281 39
4040 3094 78
4040 9698 87
4830 9194 5
4830 99 32
4830 3622 3
4830 3506 6
4830 8966 79
9194 2200 91
9194 9410 56
3739 8403 30
3739 2578 21
3739 8779 99
3739 5072 32
8403 3026 32
8403 3376 39
8403 3455 17
8475 9226 82
8475 6594 21
8475 2435 15
8475 2951 2
7248 6037 91
7248 6308 33
7248 558 10
7248 9902 74
1129 4085 100
1129 3825 81
1129 3126 2
1129 3801 9
4085 9931 35
4085 2329 82
4085 6554 41
1899 6466 5
1899 8228 2
1899 7968 87
1899 5696 53
1521 6006 37
1521 1726 54
1521 9985 32
1521 824 26
6006 9968 45
6006 8579 91
5144 8953 40
5144 1912 65
5144 4987 96
5144 1591 11
8953 7694 36
8953 2502 33
8953 3738 25
8953 2659 41
7388 7855 72
7388 886 82
431 71 66
431 8230 37
431 5990 33
1972 3434 66
1972 7240 89
1972 470 36
1972 5324 89
1972 7902 7
3434 9461 29
3434 7924 22
3434 8449 49
9374 4601 78
9374 1193 30
2290 5406 55
2290 3357 61
2290 7054 94
5406 7970 93
5406 5305 11
1242 5579 83
1242 7817 80
1242 8830 41
3943 8678 49
3943 9286 2
796 2690 58
796 9281 42
796 8854 78
796 3740 21
796 4712 38
2690 2189 74
2690 6973 51
2690 8067 58
5847 9985 58
5847 2078 98
5847 7475 58
5847 3451 55
9985 4038 38
9985 9570 16
9298 4201 43
9298 4728 64
9298 3124 30
9298 5949 12
5211 4312 96
5211 9124 5
2288 7962 72
2288 9460 50
2288 6895 78
7962 7142 26
7962 4569 67
6610 8816 10
6610 3655 95
6610 9375 5
8816 8289 6
7829 35 13
7829 1616 85
7829 2227 53
2361 6346 52
2361 9359 16
2361 7604 25
2361 5076 80
6346 8755 15
6346 4566 59
1824 8393 74
1824 8605 99
1824 3616 39
1824 8545 42
1824 1016 53
8393 989 5
5437 8809 38
5437 1512 50
8947 5462 23
8947 5738 61
3728 8121 45
3728 2025 11
3728 9306 52
3728 3404 38
125 549 31
125 7799 36
125 6303 17
549 9983 18
549 9565 80
3583 7593 42
3583 1358 60
3583 9060 26
3583 4811 75
7593 8658 41
7593 7953 59
7593 7203 23
9800 9109 49
9800 9155 62
4200 6249 66
4200 9181 40
4200 1448 24
6249 6401 56
480 4190 20
480 7337 76
480 1503 90
3735 8364 47
3735 330 39
3735 9553 21
8364 3547 61
8364 2515 16
8364 8836 37
6900 7081 3
6900 5495 41
5940 1334 63
5940 3317 30
5940 8607 23
5940 667 59
3767 6367 74
3767 8775 75
3767 8206 76
3767 5792 78
3767 8887 11
6367 4476 16
6367 7006 54
6367 6038 44
6692 5951 25
6692 4355 25
1147 7973 17
1147 1200 28
9015 2899 20
9015 5357 93
1412 4750 99
452 6397 71
452 9586 98
452 1032 25
6397 7682 37
6397 5040 89
3552 6949 11
1010 2261 93
1010 3237 65
1010 251 65
1010 3348 79
853 7680 6
853 9645 100
853 807 52
7680 9527 79
7680 7974 20
7680 7678 85
6237 9900 92
6237 3756 85
6237 4451 94
6237 8818 99
9900 8295 5
9900 5777 47
9900 6208 51
4265 7374 58
4265 5253 40
4265 1229 20
4265 6343 35
4265 8067 32
7374 7830 14
7374 493 61
6737 9882 27
6737 7117 66
3732 5476 36
3732 3398 49
3732 9833 85
8919 967 14
1057 3107 71
1057 3343 15
1057 1125 21
1057 8843 70
3107 2332 56
3107 8348 66
3107 177 77
1518 8420 26
1518 8533 10
8420 2726 96
8420 8755 44
8319 8972 29
8319 5090 99
8319 2347 81
8319 8526 36
8319 1304 7
8972 8962 28
8972 3347 61
8972 3152 51
1647 7000 47
1647 5444 89
1647 6721 24
1647 879 48
471 6010 85
471 5633 22
471 358 43
2881 7805 96
2881 664 74
2881 9702 51
2881 8775 93
2881 6296 53
7805 4522 66
7805 9106 84
7805 7035 91
8806 5537 18
8806 6746 9
8806 9221 82
8806 6424 69
9413 5077 91
9413 8290 13
9413 9788 7
9413 3489 98
3618 5065 15
3618 4639 67
3618 5619 98
3618 5672 77
5065 8781 48
5065 9196 92
5065 1554 11
5065 6816 91
1961 6903 7
1961 8932 77
4449 4993 63
4449 6613 73
4449 6732 20
4449 5256 12
4993 636 28
4993 3785 54
4993 5387 28
4993 6986 28
2201 8985 82
2201 305 71
2201 5686 66
8985 7629 27
3637 2037 39
131 2918 97
131 8876 78
131 6129 40
2918 3219 21
2918 4281 26
2918 2211 4
7862 9072 2
7862 4944 2
7862 7117 76
9984 1250 69
9984 5673 60
9984 6871 78
6709 3593 86
6709 1370 78
6709 2670 75
6709 994 81
1321 219 30
1321 9639 70
1321 8651 70
1321 8487 71
2233 7003 70
2233 1015 1
2233 2773 24
2420 3442 54
2420 3195 71
2420 9067 52
2420 5985 73
3932 5763 45
3932 6150 51
3932 3635 37
5763 2877 66
5763 8810 5
5763 3125 23
6029 7237 73
6029 9370 20
7237 6968 23
7237 9008 4
7237 251 27
7237 5906 29
5647 6079 82
5647 7667 16
2362 854 39
2362 7333 18
9237 3709 51
9237 4243 58
9237 8283 4
8070 4123 72
8070 7362 100
8070 7399 62
8070 2412 42
585 7568 98
585 652 25
585 5255 58
585 6704 70
4196 6969 84
4196 7633 98
8615 4878 22
8615 3039 72
8615 5881 56
8674 6891 48
8674 9350 39
8674 7144 48
856 5587 96
856 4312 56
856 1617 94
856 7066 74
5587 8096 73
2312 1787 62
2312 3411 93
4636 9649 11
4636 3016 72
4636 4120 49
9649 2832 10
9649 1863 54
4168 7162 56
4168 8000 97
4168 2390 8
4486 8392 31
4486 874 53
4486 2911 45
4486 9546 61
8392 79 24
8392 1096 93
8392 3048 51
4618 6958 74
4994 8102 90
4994 3187 23
4994 3554 20
6747 6632 96
6747 3841 79
6747 3276 14
5009 3863 67
5009 4381 66
1120 8642 39
1120 1276 100
1120 2122 68
8642 8486 66
8642 5680 25
8642 9796 9
8642 8466 34
1787 7385 83
1787 616 98
1787 327 40
1787 8660 34
7385 1822 63
2811 2153 36
986 7583 86
986 6683 18
986 6964 63
1194 8034 33
1194 4385 75
1194 8448 41
8869 1166 54
8869 6748 10
8869 4498 100
6591 8528 53
6591 7285 96
7922 9769 31
7922 9513 34
7922 4696 27
9769 4729 68
9769 5649 11
9769 9031 17
9583 9045 16
9583 6734 68
7147 7706 93
7147 1485 25
7147 8183 31
7706 195 46
7706 3201 65
7706 8934 62
6499 4935 59
6499 3643 15
6499 9830 97
4306 2180 43
4306 335 92
4306 5339 13
4306 956 2
1669 470 83
1669 4566 41
1669 9129 88
8842 9365 95
8842 928 46
9365 3657 48
9365 7178 61
4902 9368 59
3363 7258 23
3363 7433 63
3363 6958 85
3363 8745 18
7258 7964 83
7258 1994 42
6378 7316 43
6378 3338 75
6378 566 67
6378 9958 43
7316 1241 43
7316 9094 81
7316 6401 68
7316 4235 64
1290 4603 57
1290 9731 69
1290 3994 70
8343 4603 80
8343 5703 72
5028 6042 47
5028 2017 16
5028 4348 12
6042 1416 79
6042 2266 70
6042 2004 25
2492 5073 42
2492 3662 19
2492 8286 61
7580 1088 9
9754 1990 15
9754 2027 14
9754 6976 36
2863 9537 65
2863 7070 88
2863 4277 74
2863 3453 75
2863 5531 70
9537 1444 37
9537 8358 57
9537 6335 90
319 3587 62
319 5505 69
3587 1256 59
3587 1973 54
3253 8187 33
3253 5155 89
3253 4083 32
3253 6730 18
3253 2025 70
8187 7200 41
8187 3891 43
8187 4478 4
8187 5215 24
1584 9326 77
1584 6297 99
1584 9303 100
6226 8773 11
6226 5063 27
6226 5845 24
8773 3983 50
8773 9990 67
8773 597 19
2692 5117 16
2692 5557 99
2692 6502 36
5117 5283 26
5117 7996 48
5117 8302 34
5117 4941 54
1246 7545 67
1246 4972 69
1246 235 3
7545 387 63
7545 501 11
7545 9370 68
7377 6649 80
7377 7781 15
6405 9647 25
6405 1001 97
6405 2521 89
6405 3375 9
9647 3089 94
407 6975 8
407 6108 81
407 1908 97
6975 9163 20
6975 6052 80
6975 5387 35
78 2566 24
8300 9674 89
8300 9068 4
8300 941 21
8300 1136 48
9674 9389 86
9674 1942 10
9183 3989 71
2946 5459 68
2946 3914 18
2946 1180 12
1612 2391 66
1612 2753 15
1612 7055 44
1612 9186 96
1612 5279 42
2391 9545 96
2391 4365 52
1055 4163 52
1055 2291 14
1055 4878 56
4163 4613 41
2638 9553 10
2638 4467 84
2638 882 30
2638 5453 36
2638 4961 56
9553 2514 15
4350 4805 50
4350 1253 98
4350 8361 62
2770 6474 25
2770 1728 21
2770 8722 100
9883 7129 15
1652 9797 14
4797 6428 35
4797 3971 32
4797 9679 29
4797 3588 72
4797 2858 27
6428 8165 3
6428 5328 51
1614 4942 74
1614 3584 82
9692 1557 2
9692 8015 61
9692 4351 89
5778 8744 54
5778 5654 53
5778 7775 32
8744 8928 76
8744 4488 50
1299 8064 95
1299 1771 10
1299 2845 50
8064 6444 66
8754 869 89
8754 9975 38
8754 956 36
8754 1683 67
10 6534 75
10 2294 85
10 501 56
10 8089 76
10 5512 77
6534 7508 88
6534 3494 10
6534 8205 14
9576 3094 16
9576 2306 7
9576 5405 52
2974 4375 75
2974 261 78
4375 5557 53
4375 7208 77
4375 2796 9
5153 6044 46
5153 5215 76
8220 5272 25
8220 6333 10
8220 5400 21
1810 6170 97
7240 8850 44
7240 235 47
6040 6650 7
6040 5946 87
6040 7230 58
6650 6600 99
6650 8787 71
1900 3809 73
3009 7937 4
3009 6327 93
3009 2469 13
7937 2059 71
7937 5706 53
1113 3934 85
1113 5649 74
2183 6663 25
2183 410 45
2183 1942 91
2183 4922 26
6663 9027 32
6663 8046 69
6959 9027 21
6959 6681 70
6959 5866 69
6959 7160 56
6959 6469 44
9027 5192 69
9027 1545 82
4701 1950 55
4701 3506 93
6536 6728 16
9582 4335 8
9582 6847 92
9582 3122 95
9684 6037 61
9684 8081 28
337 1786 92
337 9711 26
337 5296 65
337 4322 69
3415 8448 52
3415 7010 84
3415 7182 60
3415 8585 32
1334 4448 25
1334 5855 79
3585 8046 53
3585 2313 20
3585 8194 24
3585 4108 28
3585 3938 80
8046 5970 87
8046 8487 14
2513 6551 42
2513 7223 51
2513 1927 45
2513 3167 64
6551 1081 74
6551 2814 92
6551 4859 90
6551 3901 43
35 682 43
35 4635 67
35 8836 49
8428 6770 70
8428 3297 22
8428 9289 56
7939 7900 49
7939 7153 30
7939 4114 35
7939 6909 48
7246 9377 34
7246 5963 45
7246 9663 61
6808 8053 67
6808 6980 71
8053 4986 36
5078 7312 28
5078 9293 83
5078 4177 85
7312 5575 10
7312 2301 37
4752 9771 32
4752 3172 2
4752 3046 27
9771 5238 10
8629 848 94
8629 3350 58
8629 7072 89
4384 6342 80
4384 1023 81
4384 5465 54
4384 4475 51
6342 6422 58
6342 4718 60
810 7983 62
810 7347 36
810 8079 3
7983 6515 38
7983 9143 27
7983 8205 45
1223 2247 21
1223 2709 37
9911 6194 94
9911 4855 27
1136 8964 92
1136 4654 29
377 9821 40
9821 7085 67
9821 2302 38
9748 5000 18
9748 6525 19
9748 1845 75
5366 5124 73
5366 3039 24
4037 4948 95
4037 1796 48
4037 9968 64
2867 9811 34
2867 3314 19
2867 1663 37
5060 8961 87
5060 3452 86
5060 941 98
5060 1466 56
8961 1116 31
8961 866 13
8961 9167 71
9577 7280 21
9577 7304 82
5631 9716 66
5631 5912 24
9716 2606 6
9716 2815 12
6327 7691 70
6327 4903 24
6327 3245 51
6327 2826 15
2557 4705 9
2557 5331 100
2557 5986 4
4705 167 86
4705 4076 28
4685 7546 9
2038 3205 9
2038 438 71
1140 6879 85
1140 4082 78
7198 1659 89
7198 6303 70
2517 2651 45
2517 5397 37
7308 7056 52
7308 3532 100
1315 3369 14
1315 9888 50
19 9308 69
19 4425 2
19 5208 57
9308 5479 21
8043 9093 39
8043 8831 68
8043 7060 20
2428 6173 49
2428 9284 57
2428 4621 44
2428 1956 40
6173 4601 44
6173 9502 58
6608 2022 98
6608 844 90
6608 6211 77
4376 4448 89
4376 5320 99
9542 1834 9
9542 6736 95
9542 674 57
1177 211 26
1177 5109 35
4303 9870 21
4303 7579 4
4303 9776 69
9870 794 22
9870 8716 33
9870 7004 80
5827 2156 69
5827 7910 52
5827 2788 65
5827 3197 24
8945 9009 54
8945 5585 43
8945 1611 13
9009 7899 52
3132 1389 16
3132 9862 16
8201 993 4
8201 8882 32
2332 4893 91
2332 2095 12
2655 7626 27
2655 9471 47
7626 1771 56
7626 9171 8
7626 2901 91
7626 3519 90
2371 7867 45
2371 5238 75
2371 5796 52
2371 4052 80
2371 6297 34
7867 3842 81
7867 2386 31
7867 1932 67
7867 8749 42
2652 3885 81
2652 5556 76
2652 8380 46
2788 8155 47
8155 1452 35
8155 65 63
7464 9349 50
7464 2776 50
7464 7790 76
9349 3056 58
9349 535 31
9349 1178 51
4954 4639 49
4954 8881 80
4954 1680 44
293 5026 7
293 5323 77
293 1429 80
2357 314 32
2357 2228 27
2357 9166 28
2357 255 96
1712 4506 47
1718 7907 19
1718 5290 97
571 7516 72
571 9539 71
571 789 74
571 4030 7
5544 1148 97
5544 2463 13
987 6670 23
987 4768 2
987 3574 55
5332 8978 58
5332 3554 43
5332 8682 26
5332 5113 28
5332 1480 70
8978 7595 35
8978 4482 6
8978 6983 60
3179 879 26
3179 8436 82
3179 5281 59
6033 5064 73
6033 6379 15
6033 6574 1
2136 2843 7
2136 2592 80
6554 2161 18
6554 9846 5
486 9443 2
486 2454 78
486 6904 99
9443 9159 83
9443 1295 27
9443 8607 23
6292 2041 81
6292 7523 1
6292 8694 89
6292 5779 67
8090 1993 68
8090 8373 65
8311 7326 9
8311 8757 52
1176 6857 73
1176 7452 86
1176 7989 33
1176 977 40
6857 958 35
6857 8100 43
6857 8672 24
8142 8230 33
8142 4560 59
8142 9459 35
8142 4633 89
8142 6374 99
8230 2606 4
8230 1191 75
8230 2383 84
831 9828 37
831 4584 21
831 8585 38
831 7902 14
831 285 20
9828 3068 35
9828 8599 12
3914 5673 50
3914 419 89
6616 7696 38
6616 3547 18
6616 1764 16
7696 4098 64
7696 495 21
7696 6920 60
7696 3561 25
4069 9979 76
4069 1748 88
2933 3917 83
2933 304 10
2933 802 11
3917 8789 64
3917 8509 79
3917 4614 46
3917 7636 70
3125 8059 99
3125 9275 30
3125 3250 21
3125 8082 16
8059 4913 75
7889 4042 10
7889 1370 15
7889 7627 99
3211 3907 79
3211 4627 23
4823 9235 15
4823 9882 61
4823 7582 6
9235 9932 97
8918 8986 83
8918 8026 41
8918 4293 99
8986 9479 28
8986 4010 76
9244 9910 3
9244 6443 60
9910 3978 69
9910 1157 97
9910 2486 72
6262 6767 66
6262 9197 18
6262 3530 29
6767 7984 69
6767 2742 41
6767 1423 27
2966 7269 43
2966 276 56
3026 4462 45
3026 998 46
2730 9573 96
2730 1075 4
2730 9556 36
9573 4703 100
9573 5380 6
7437 9888 38
7437 3704 87
7437 9721 52
9888 6310 12
4243 4580 54
4243 8528 89
4243 653 85
4243 5213 55
4580 3799 19
4580 9379 93
4580 2463 65
4580 8339 82
3801 8523 15
3801 5104 48
5220 1215 15
5220 6482 61
6101 8512 40
6101 3816 25
6101 4106 58
6101 7018 54
8512 186 2
8512 2990 29
7221 6526 83
7247 1878 90
7247 7641 3
4523 8542 57
4523 9620 29
4523 4282 68
8542 4717 1
8542 6388 70
8542 2032 48
8542 1003 90
3495 3593 34
3495 5183 46
2122 7957 17
2682 5001 80
2682 3876 65
2682 709 50
2682 8326 71
170 7063 56
170 9332 23
170 6068 15
170 8028 58
7309 9679 37
7309 626 7
7309 9172 47
7309 9511 45
696 3830 87
696 1065 24
3634 9894 80
3634 4585 63
6320 9350 1
6320 9772 9
6320 5491 95
3087 459 45
3087 2851 40
3087 4984 27
3087 6461 98
3854 5535 53
5535 2062 43
7954 9602 49
7954 9554 100
7954 1494 86
7954 5723 81
7954 9585 53
9602 4905 11
3499 5525 54
3499 7425 34
2186 7392 54
2186 7398 27
2186 3862 53
7392 4108 94
7392 2549 52
7392 8757 29
7392 4171 95
9630 9683 80
9630 3796 82
9293 4720 30
9293 9718 73
2309 7957 21
2309 515 72
7957 4058 33
7957 825 28
7660 8566 56
7660 9867 73
7660 1587 47
7660 6589 86
7660 3560 51
8566 6258 88
8566 6583 95
8566 2937 33
8566 8696 54
4315 5371 41
4315 4997 80
4315 8625 56
4315 2950 53
5371 2291 85
5371 7583 14
3378 1866 86
3378 3000 58
9502 3030 9
9502 433 28
1538 4323 28
1538 5808 54
1538 7294 10
1538 223 61
4323 6726 86
4323 9150 22
4323 9907 96
5192 5718 58
5192 324 95
4066 5017 36
4066 5742 67
4066 9479 23
5017 5967 12
5017 5248 19
5017 7441 24
5936 2910 75
5936 1673 1
5936 4696 78
6879 3629 74
6480 7784 43
6480 7769 59
6480 7787 58
6480 3627 26
2206 5361 11
2206 5051 20
2206 9186 3
5361 6265 45
5361 4748 62
5361 8573 58
7190 4703 24
7190 3326 49
7190 57 1
7190 9514 1
5808 8171 5
5808 4833 35
1498 7254 27
1498 3328 22
4082 4217 29
4896 9042 44
4896 9104 49
4896 8870 77
9042 3183 66
9042 2755 90
9042 1692 88
8614 8843 39
8614 9246 87
8843 9742 88
8843 746 5
3836 6988 46
4102 4126 39
4102 715 65
3339 5977 89
3339 6929 38
3339 8389 64
3339 2587 38
5977 2604 6
5977 833 61
4997 5954 20
4997 957 68
2846 8677 17
1820 2450 90
1820 6919 27
1820 4433 63
1820 9325 51
2450 3003 28
2450 3999 71
2450 2829 60
9759 5274 1
9759 6196 95
9759 1239 21
1673 3154 32
1673 7903 57
1673 7900 91
3154 881 29
3154 9069 62
2247 4180 68
4180 8470 99
4180 9739 76
2472 5779 31
2472 8312 70
2472 9892 62
5378 4110 27
5378 1391 76
741 4113 30
741 5736 19
741 1239 58
741 5795 76
4113 1701 68
4113 2152 29
4113 1556 93
2660 7302 23
2660 2468 31
3064 7061 9
3064 2506 82
1079 9482 83
5455 6538 23
5455 9126 71
5455 4222 75
6538 5452 27
6538 5996 41
6538 3972 96
3219 9601 17
3219 1032 9
9601 8103 36
9601 5210 31
9601 1570 48
118 363 59
118 4597 93
118 4240 10
1096 7845 19
1096 5841 86
1096 7380 77
1096 4892 71
7845 5011 98
7845 9836 48
6443 8858 35
6443 4791 37
6443 7615 18
612 5931 3
612 6078 36
612 8363 6
612 5616 55
5931 3973 55
5931 9942 51
5931 348 93
2549 3740 68
2549 996 36
3740 8245 85
3740 8424 5
2507 1011 39
2507 33 34
2507 5250 3
1229 8994 68
1229 5933 78
3395 9764 81
3395 8554 56
9281 9790 2
9281 9068 41
9281 7726 85
9790 2296 85
6750 3616 19
6750 1911 43
6750 5661 13
5256 6836 24
6836 2078 53
6836 2054 32
397 8540 57
397 2577 46
397 7396 93
3813 9535 92
3813 137 52
9535 5368 80
9535 5385 2
384 7393 49
384 9656 59
384 2416 26
7393 593 100
7393 5471 47
7393 5759 1
7393 6809 76
2980 4084 24
2980 7890 78
2980 4300 52
4084 9998 40
4084 8352 86
4084 2448 56
4084 1311 52
9998 9209 70
9998 2826 54
9998 3220 2
5290 6257 63
5290 7253 42
6246 5593 68
6246 4342 32
3514 6903 11
3514 1734 96
7694 5717 78
7694 2338 68
7694 1143 4
6225 2762 79
8944 2075 52
8944 8468 88
8944 224 81
981 9120 5
981 2115 24
981 3404 1
981 1855 41
7592 5363 29
7592 5735 37
7592 3252 16
18 316 56
18 3223 32
2524 5511 6
2524 3458 93
9536 3479 89
9536 8219 27
9536 4777 61
7836 8255 48
7836 5837 17
7836 406 83
7836 992 72
8255 5751 47
8255 4190 75
8255 1185 98
8255 2283 52
3782 9259 81
3782 9418 76
3782 7919 52
9259 1039 41
9259 7632 26
9259 2774 42
3512 8617 58
3512 6914 30
8617 5794 42
8617 6521 42
4718 1837 23
4718 7501 40
9131 3297 1
497 9498 93
497 7376 53
497 4929 14
497 3531 55
497 1800 60
9498 614 54
9498 636 14
9498 7264 64
9498 3870 4
3490 5071 51
3490 7878 92
3490 8610 64
3490 465 76
3490 1477 29
5071 6516 97
5071 6807 80
5071 834 33
4314 7629 5
809 2905 9
6128 4524 18
6128 1603 77
6128 8845 28
6128 4745 32
2533 4488 33
2533 2935 2
174 9813 91
174 8407 49
174 3297 94
3844 5949 48
3844 8688 81
5949 9959 11
5949 155 29
4079 6755 68
4079 6816 91
6755 6354 90
6755 6214 31
6755 7800 50
6755 4125 99
729 5660 57
729 3916 32
729 9829 80
5660 2875 31
5660 7320 79
5660 183 44
129 188 42
129 9029 68
129 1495 34
188 5394 87
7097 128 13
7097 8219 32
3560 8270 19
3560 3385 50
4426 6462 92
4426 7658 70
4426 4172 41
6462 6254 82
6462 6942 23
6462 2556 41
6462 1973 46
1423 8858 8
1423 6587 22
1423 6315 35
8858 8957 60
8858 1993 31
3685 2916 40
3685 6306 18
3685 6555 44
3685 9549 20
2308 4296 96
2308 7586 73
2308 1583 10
2308 5889 54
4296 9517 43
4296 4359 40
4296 3315 50
1741 1970 84
1741 4516 80
1741 3452 28
1741 8018 70
1970 9549 4
1970 8789 55
1970 5459 14
1970 5012 61
5516 5688 54
5516 6392 66
5516 7964 17
5688 8779 71
5688 1557 1
5688 5862 48
9859 8776 53
3796 9799 33
3796 1375 15
3796 7260 30
3796 2998 53
9799 4670 79
9799 116 86
9799 9124 80
9799 5420 44
6109 9585 30
6109 9775 64
9585 6305 17
9585 8473 76
7602 9663 51
7602 3841 72
593 7596 38
593 3958 42
7596 2806 48
7596 3476 57
7596 4764 37
7596 7689 21
2840 9248 62
2840 4369 12
2840 6429 55
353 9829 88
353 7053 78
353 3085 83
353 2931 33
9829 5270 43
7081 292 74
7081 8672 98
421 5799 85
421 2640 74
421 3520 48
5799 2511 63
5799 3275 11
5799 4893 33
5799 3994 31
990 1322 26
990 8235 92
990 4466 95
138 2478 12
138 2009 12
138 8694 62
138 1611 21
2478 446 15
2478 5452 60
2478 9453 36
1478 7387 80
1478 4279 96
2287 5816 25
2287 7875 55
2287 1743 39
477 1293 34
8127 9044 100
8127 5410 91
8127 5160 97
997 4804 35
997 5640 21
997 8389 35
997 73 16
4804 2059 54
4804 7857 73
4804 6593 36
9864 5845 5
7784 3715 86
7784 1203 2
7784 1184 72
2462 5247 54
2462 926 77
2462 8863 72
5247 3707 6
5247 8004 11
5247 9655 7
5247 9827 37
963 9402 99
963 2558 79
9277 9834 27
9277 5464 66
9834 2742 33
9834 8189 53
7275 7651 100
7275 1685 41
7275 465 53
7651 5351 84
7651 3077 57
1557 2410 6
1557 4535 30
1557 3885 10
8933 2651 16
8933 6804 92
8933 8322 58
8425 7365 21
8425 5603 48
8528 7238 61
8528 1003 57
8528 6560 85
5165 6198 12
5165 6312 37
5165 1168 25
1217 9250 12
1217 2250 80
1217 4405 56
9250 8905 43
9250 8565 73
9250 7208 86
3055 7955 65
3055 2861 41
3055 9807 5
4185 2992 58
4185 805 83
4185 7834 43
7123 9300 35
7123 2330 29
7123 6945 54
9300 6600 59
9300 4484 14
1698 8940 91
493 5405 13
493 2218 3
493 4304 87
493 5460 71
5405 1005 88
2438 7239 1
2438 1084 13
7239 3234 1
7239 3484 49
7239 4869 1
7239 1693 18
3828 4879 53
3828 8389 19
3828 9869 57
4879 1 45
4879 9458 48
4879 5043 54
7891 3791 26
7891 4652 67
7891 7531 49
567 8737 54
567 6571 57
567 3047 13
8737 4362 35
4925 1728 38
1628 5155 56
1628 7860 54
1628 5124 5
1628 324 45
1628 5536 22
5155 8582 4
5155 5059 79
6853 9597 30
6853 2816 84
6853 3328 66
6853 2095 84
9597 2964 50
9597 948 78
9597 915 34
9597 2338 89
9767 894 15
9767 5152 90
9767 2800 97
521 2477 85
521 6486 25
521 811 79
521 6306 65
836 7526 23
836 8608 92
5592 7847 60
5592 8495 81
2987 7143 1
2987 4749 69
7516 9016 45
7516 2913 19
4539 9945 13
4539 1844 99
4539 2502 99
5269 6515 8
5269 4027 39
5269 5075 25
438 7926 12
438 7282 29
438 4554 94
7926 7457 47
7926 5633 38
7926 4401 24
4362 7795 57
4362 7687 95
4362 9652 100
7795 1214 47
7795 7932 29
7795 7078 82
6486 4507 28
6486 3903 92
6486 1519 69
2784 8010 39
2784 5804 93
2784 6159 33
8010 7748 21
8010 8381 53
8010 8065 72
8010 2257 90
1266 4900 25
1266 8377 19
4900 7850 11
4900 5156 86
2451 6214 76
2451 6313 18
2451 3382 100
2451 2047 16
2191 4463 32
2191 6545 88
2191 6731 95
2191 3698 5
4463 9906 81
4463 3194 13
2560 4480 76
2560 8119 68
8964 8363 16
8964 1152 57
8964 3124 42
8964 4302 43
1000 4948 44
1000 6465 41
1000 6299 22
3367 8940 92
3367 5465 64
3367 7735 86
3367 5328 17
8940 9257 57
8940 5682 30
8940 5858 35
1927 9493 38
1927 8824 66
1927 2839 26
1927 8647 35
9493 4118 70
9493 1218 20
5296 7407 95
5296 6998 19
5296 4416 2
2558 8650 74
2558 6727 17
6835 1143 39
6835 4768 87
6293 6482 99
6293 5272 90
6293 1030 60
6482 1429 76
6482 8768 2
3180 3078 6
3180 581 15
3180 4147 12
3180 2764 77
2701 8483 14
2701 3234 92
8483 7386 55
8483 92 16
1605 7348 33
1605 2216 42
1605 8616 52
7348 5075 99
7348 3472 37
7348 3139 12
7970 8501 24
7970 128 28
8501 2724 79
8501 3196 16
8501 3680 6
2088 5374 67
2088 9613 85
8540 4999 68
8540 3294 57
3794 8761 23
3794 1904 53
3794 4462 48
8761 9449 44
8761 7989 89
8761 5804 74
6527 2898 25
6527 7425 64
6527 9097 55
6527 7381 30
6214 3891 66
6214 5851 9
1957 2673 35
1957 4109 50
1957 765 58
2673 5075 42
2673 3746 25
2673 6475 28
2673 9554 88
5219 8728 70
5219 6933 88
2323 4716 86
2323 3863 29
2323 6980 55
1338 8293 65
1338 3036 30
1338 2585 88
1338 7087 91
1338 5412 29
8293 3806 13
8293 5533 57
9882 3765 9
9882 2331 4
5575 9096 75
5575 4762 7
214 1198 9
214 934 4
869 3859 43
869 3022 72
3418 7319 38
3418 8212 25
7319 1286 46
7319 5040 1
7319 2319 72
6601 7869 56
9510 3214 34
2041 512 86
2041 3971 21
1770 8260 39
1770 9586 59
1770 1556 28
1770 8701 57
2971 9609 77
2971 7229 97
2971 4363 90
9609 3343 50
9609 3927 12
3318 8377 83
3318 1969 15
3318 2351 2
3318 5831 82
8377 4585 75
5565 7166 84
5565 6936 47
5565 8026 84
5565 9323 20
7166 7591 97
7468 6028 61
9257 5635 33
9257 5448 15
9257 1389 54
3226 6344 39
3226 5462 56
3226 1853 25
3226 1819 12
6344 7781 76
6344 9822 40
9720 6494 10
1399 7155 61
1399 4517 67
2829 9613 35
2829 2289 31
984 8838 84
984 2841 65
984 8140 82
8838 6685 21
8838 8317 6
8838 179 92
8838 2000 43
6491 9960 8
6491 3333 16
6491 1310 19
6491 3686 56
9960 5057 34
9960 9214 8
9960 2859 93
6883 3964 50
6883 5190 79
6883 9045 64
6883 3690 15
5132 8496 78
5132 2256 53
5132 3433 17
5132 6912 14
7748 5218 26
7748 6169 53
7748 9629 16
518 7318 33
518 4297 33
518 5391 27
518 6386 80
7318 9666 91
7318 8227 84
8882 5791 72
4337 7509 33
4337 4548 15
4337 1439 42
8156 6946 39
8156 4645 24
8156 9589 35
1015 1893 5
1015 3532 39
1015 4628 14
1015 6153 63
1893 4526 7
1893 5978 37
1893 8969 54
1893 6867 39
2155 3701 44
2155 3262 84
2155 7687 66
1796 5841 55
1796 9667 36
1796 7027 19
1796 311 37
5841 5261 17
1489 9366 22
1489 4305 60
1489 3500 72
4467 7028 40
4467 5473 75
7028 5960 20
7028 2289 89
7028 7918 13
4929 8779 4
4929 971 63
4929 2812 52
4929 9124 34
39 6313 51
39 4928 72
39 8767 96
6313 6781 42
6313 8486 58
6313 4139 93
8205 7752 90
1671 9724 94
1671 5679 80
1671 8054 82
1671 3574 76
9540 5077 59
9540 7212 3
9540 6180 82
7117 5193 3
101 8295 33
101 9491 61
101 1282 11
101 8306 99
101 9977 42
8295 8584 57
8295 5542 85
5554 6258 15
5554 5828 71
5554 2599 72
5554 3502 66
7738 9119 90
7738 5054 92
7738 136 1
9119 664 85
9119 6890 53
3674 655 48
3674 5086 16
3110 6653 33
3110 8928 72
3110 6220 14
3110 6823 24
6653 3968 62
6562 5329 81
6562 3247 99
6219 7127 48
6219 3651 9
7127 2342 47
2905 6888 65
2905 6396 8
2905 1280 59
6481 8036 55
6481 281 91
6481 2100 36
8036 1611 50
8415 8580 19
8415 1691 64
8415 2084 62
8415 1311 70
8415 5700 65
8580 8273 64
8580 5811 94
4098 2738 31
7131 7050 93
7131 6434 31
7131 5803 1
8789 166 66
8789 4898 8
7582 3738 56
7582 7860 28
1685 2437 85
1685 8749 28
1685 216 1
5759 591 82
5759 8326 46
5759 5112 28
3860 4498 83
3860 6074 42
3860 6445 87
4498 7419 27
4498 5102 70
4498 864 20
6391 6980 75
2528 9657 84
2528 8883 94
9657 8668 74
9657 8388 98
6469 69 57
3024 6828 48
3024 1291 98
3024 5439 72
3024 251 37
6828 709 32
6828 5207 98
6828 239 15
6828 2570 98
7918 2997 47
7799 9360 76
5997 6660 14
5997 3983 86
6660 5876 12
6660 3001 98
6660 8760 26
4834 5993 11
4834 2836 29
4834 84 42
4834 8215 84
5993 1649 52
5993 4342 21
1451 2506 73
1451 1471 78
1451 5148 48
1451 3924 13
2506 2661 9
2506 9305 12
2506 410 16
848 9825 79
848 2816 61
848 659 56
3877 2816 9
3877 8866 25
3877 320 23
3877 99 1
3533 4490 99
1811 2260 85
1811 4505 2
1811 9337 56
1811 1880 58
2260 3288 11
2260 2317 1
2260 1335 86
2209 604 33
2209 1059 90
4730 4257 8
4730 3906 90
4730 4712 93
4730 2647 39
1661 5884 72
1661 8610 32
1661 1590 15
5884 3558 46
5884 201 87
5884 7709 95
3181 8171 57
3181 8441 64
2737 7365 25
2737 3482 84
2737 3453 7
5617 7901 69
5617 6352 59
5617 4633 74
5617 3409 42
551 9173 91
551 1619 71
551 9975 77
551 1764 94
9173 74 58
1349 9979 71
1349 2269 78
2634 1591 91
2634 1955 49
2236 5402 85
2236 9111 95
453 2599 70
453 6129 57
453 7508 10
453 2479 89
2599 667 86
8879 1966 89
8879 9306 39
8879 1637 33
8879 1054 27
6670 4653 35
6670 3090 7
6670 5513 46
6830 6960 58
6830 7269 97
6830 4620 6
6830 1110 80
6830 4814 60
6960 3710 49
6960 3200 89
6452 4617 27
6452 4776 79
3106 3365 2
3106 7206 11
3106 3510 7
3106 9683 7
3934 7452 43
3934 3621 54
3934 8632 4
3934 9974 97
8729 3707 33
8729 3357 18
5891 7682 63
5891 9825 57
5891 9737 100
5891 7042 84
6728 1668 61
3569 5691 28
3569 8613 10
3569 8280 97
5691 7376 81
5691 4023 38
2937 8632 64
2937 2367 88
2937 2970 89
8632 9974 57
3591 136 51
3591 2445 39
8058 4576 55
2400 6707 52
2400 9818 6
2400 9811 97
6707 2271 69
6707 8316 89
6707 6176 35
3387 8824 59
3387 9019 44
3387 8805 99
803 860 15
803 7887 69
803 3557 97
803 9458 96
803 1152 33
860 7953 24
860 4788 8
7405 7174 5
7405 7974 70
7405 8280 2
9417 6748 20
9417 8695 56
9417 1445 100
412 8559 88
412 867 6
412 7056 34
412 4150 36
8559 3913 12
8559 6665 90
5518 9337 94
5518 1487 12
5518 3973 36
5518 9945 88
9337 4950 12
9337 1621 71
9522 3706 42
9522 4674 93
5506 7822 90
5506 4369 4
5506 6699 55
5506 7382 63
6266 5937 52
6266 3922 72
6266 1739 20
2875 6645 36
2875 2430 86
2875 3809 11
6311 9158 72
6311 87 84
6311 6350 55
6311 1531 38
9158 2015 6
9158 3168 1
4228 6972 10
4228 9947 40
7501 8430 38
7501 7890 5
7501 8913 84
8430 3317 77
3114 8278 84
3114 3192 58
3114 5300 7
3114 4833 82
8278 4438 75
8278 359 33
8278 4990 84
2943 7595 16
2943 5323 36
2943 1533 76
5400 4833 77
5400 5963 57
479 5593 47
479 8306 100
479 6725 58
5593 6160 93
5593 1878 89
5593 4851 83
4277 5159 34
4277 8689 97
7365 2659 34
7365 7168 63
7365 8917 89
276 5394 42
9665 8809 55
9665 7325 78
298 5373 97
298 2861 35
298 1345 97
298 3386 76
5373 3698 2
5373 8977 53
1592 7472 36
1592 9062 99
1592 5855 73
8384 7650 58
8384 8810 11
8384 2636 1
3170 2045 89
3170 261 43
3170 1025 22
4660 3573 36
4660 4227 44
4145 2536 46
4145 5717 70
4145 2264 92
1163 286 22
1163 9028 54
1163 7061 56
1163 7427 87
4476 7790 25
4476 8215 27
2059 5093 64
2059 6240 84
5039 2640 49
3468 6658 7
3468 8017 89
3468 7359 36
6658 7333 23
6658 4014 89
6658 5537 9
7033 879 61
7033 5912 74
5543 8373 2
5543 3076 39
5543 699 64
6566 8471 56
6566 9746 4
6566 2325 6
6566 6276 24
8471 1529 97
8471 9441 28
8471 2631 22
5174 9226 27
5174 828 26
5174 7767 61
6170 3425 42
6170 3090 22
2816 5164 60
2816 3656 94
2520 8962 22
2520 178 11
2520 3482 78
2520 1530 100
8962 5292 96
8962 6251 86
8962 7698 33
1594 5094 65
1594 1178 92
1594 8272 45
5616 9511 62
5616 7622 41
1185 1906 77
2526 2711 54
2526 8871 82
2526 2114 52
2526 1570 80
2711 8243 54
2711 2646 19
2711 7634 90
2711 1282 97
3597 4160 64
9086 7271 43
9086 744 58
5334 3377 60
5334 306 9
5334 885 93
8400 5546 84
8400 2469 44
8400 4776 64
2903 9795 71
2903 167 16
2903 6906 9
346 5316 84
346 4610 93
346 4892 87
2851 4656 75
2851 489 15
6872 4058 64
6872 1887 77
2992 5703 93
3780 5566 46
3780 344 61
5566 8017 9
5566 3506 42
5130 306 50
5130 5984 35
5130 5100 31
5130 2218 41
451 6257 93
451 3619 69
451 6446 81
451 1466 14
6257 4214 53
6257 9613 53
7387 3094 31
382 1956 60
382 2796 53
382 5252 32
1956 1440 27
1956 7790 91
1956 8177 82
4086 9278 30
4086 1025 55
4086 1917 42
3377 7561 82
2650 7449 59
2650 4905 28
2650 9959 68
7449 7524 66
4745 5158 27
4745 9000 36
4731 5946 83
4731 2949 15
4731 1598 15
8981 2764 25
8981 5614 35
8981 6160 33
8981 930 96
2160 8753 87
2160 4891 99
2160 402 38
2160 5352 14
8753 6271 58
8809 8153 93
8809 2295 38
5119 9346 93
5119 8513 28
5119 3167 25
9448 1391 9
9448 9419 72
9448 536 35
5811 9228 39
5811 2578 25
5353 9083 94
5353 1848 61
5353 3458 4
5353 5746 10
9083 356 91
9083 2175 17
121 3470 23
121 4768 8
121 7717 1
121 3989 31
3470 9513 8
360 9902 75
360 821 44
9902 3347 55
9902 9447 18
704 6009 79
704 9933 22
704 7462 3
704 1384 40
4967 3172 41
4967 3402 36
4967 3439 68
2631 8496 21
2631 1108 73
2631 2640 48
8496 350 19
8496 6717 56
8496 4646 22
1966 6962 60
1358 2773 6
1358 5963 79
1358 6919 40
1358 5781 49
2773 9738 80
2773 6593 14
2773 756 53
8488 5521 62
8488 9304 83
3749 5448 41
3749 4131 60
3749 7288 24
3749 886 45
5448 6971 8
5448 4535 74
4055 6625 32
4055 5619 15
8851 4458 15
8851 6934 9
8851 2063 92
1980 4342 89
1980 9690 68
2052 5032 79
2052 4675 14
2052 8229 70
2052 5501 59
5032 3376 81
8554 3313 64
8554 4144 64
4235 4560 50
4235 4331 81
4560 500 36
4560 6794 4
971 3450 79
971 4719 84
7590 3362 16
3825 4985 67
3825 181 22
2187 2224 35
2187 8593 82
2187 3561 98
2224 1717 68
2224 2050 13
2224 9444 43
2224 7643 71
1485 2706 55
1485 4683 31
2706 4644 10
2706 7946 28
2706 2449 57
2706 9538 87
5643 9572 76
5643 6752 30
5643 7326 23
9572 9538 32
9572 247 24
9572 6730 68
58 94 36
58 2353 98
5151 6815 64
5151 7092 98
5151 5817 78
7633 9459 20
7633 5623 67
9459 4934 4
5951 2499 21
5951 8983 92
7281 3311 67
4025 734 74
4025 6156 9
4025 3349 92
5513 9894 2
5513 7520 48
5293 230 54
5293 9058 90
5293 6571 95
1644 1081 95
2561 4104 40
2561 7646 11
2561 3690 78
2561 7500 60
4104 3863 38
116 1166 98
116 2842 11
116 9860 31
1166 858 84
1166 7854 72
1166 4537 100
572 5122 42
572 6356 8
4955 7565 94
4042 8436 65
8436 1075 75
8436 9549 45
3264 2764 78
3264 9691 67
3264 8530 55
7450 8524 45
7450 4070 12
7450 9891 35
614 3680 34
614 1013 54
614 4385 27
614 5162 27
3744 4433 46
3744 3471 33
3744 5615 42
3744 1845 73
4433 5654 72
1479 6004 83
1479 220 8
1479 3815 91
1479 8137 30
6004 1028 56
6004 176 22
6004 9251 68
1948 4762 1
1948 3953 21
1948 2648 73
1948 2157 24
4762 6440 23
4762 7087 94
6082 9093 49
6082 2592 31
6082 8513 54
84 823 88
84 817 79
823 9038 12
823 1960 12
823 411 77
5760 3010 57
5760 8323 7
2100 9478 42
2100 1429 48
2100 4407 30
9478 7342 51
9478 1253 2
3053 6702 15
5453 7838 9
5453 6597 40
5453 4720 93
7838 5266 16
7838 4645 81
7838 4517 65
3606 2989 27
3606 9805 10
3606 4605 44
3606 8876 31
882 2873 99
882 3448 48
882 4275 25
2873 1786 6
2873 3615 75
2873 5551 92
4366 2453 74
4366 1104 73
4366 3403 71
4366 5628 45
3302 6868 84
3302 4347 61
3302 5319 82
7777 4003 19
7777 3815 19
7777 3822 66
1692 9279 88
1692 44 89
9279 976 98
9279 8595 36
420 5444 14
420 1701 60
5444 3566 49
5444 3502 22
6727 8484 12
6727 2984 63
6727 6158 82
9377 8045 63
3153 8822 91
3153 9746 43
3153 4824 30
3153 619 45
3153 7394 1
8822 8987 34
8822 1288 24
1226 8865 42
1226 4602 75
1226 6379 29
559 5116 80
559 7366 96
559 6057 5
559 6167 40
9228 8091 30
9228 1499 82
7118 3144 85
4507 7936 73
4507 6738 88
7936 2800 93
7936 9080 28
5899 6211 97
5899 8029 86
5899 6358 79
5899 4236 67
6211 7781 82
6211 211 44
136 8660 36
342 5911 24
342 5765 83
342 7506 71
342 3929 13
342 3048 96
5610 223 25
5610 3953 84
5610 7945 19
4430 7874 9
4430 9464 27
4430 4809 100
4430 7819 64
4430 9890 87
1294 2131 96
1294 9545 17
3829 2544 3
3829 173 61
3829 2488 76
3829 4022 34
976 5286 70
4555 4728 1
4555 1502 20
4555 510 59
4728 1714 43
1348 1467 89
1348 8014 5
1348 592 8
1348 975 9
1348 641 36
1467 7051 55
1467 6592 73
7511 5797 15
7511 2261 41
4633 4798 50
4633 6104 21
6632 2951 19
6632 1740 86
6632 9456 67
6927 8881 91
6927 6186 10
6927 1436 65
8881 3069 43
8881 6278 80
7833 5098 44
5462 2989 17
5462 6349 90
7710 1582 38
7710 542 78
7710 6721 77
1001 2298 60
1001 4401 76
1001 8452 46
2298 3503 58
2298 4939 51
2298 6472 80
2298 5692 14
3542 4944 27
3542 4023 61
3542 2687 45
4944 251 99
2619 8433 99
2619 3388 51
2619 7533 76
8433 5985 31
8433 3615 24
1619 7006 26
1619 7409 70
1619 1998 85
7006 2676 42
4528 6559 71
5319 7167 9
5319 8899 13
7167 7320 62
7167 9635 2
9724 6450 61
9724 4255 49
7770 1996 85
7770 7094 10
1146 8664 27
8664 1975 77
8664 2806 55
8664 5161 1
4927 5781 5
4927 8608 75
4927 9013 47
5781 3613 17
3536 446 18
3536 876 70
5159 7070 14
5159 4290 51
7070 8029 86
7070 9457 16
6441 3357 65
8219 9219 94
8219 4671 37
5286 1942 2
5286 7961 59
5286 902 63
4030 8424 13
4030 7299 84
4030 6642 2
8424 7975 93
542 936 81
542 2551 64
542 6240 5
1253 8130 68
1253 6338 100
1253 2347 92
8130 7903 56
8130 2172 94
8130 2239 54
33 6929 71
33 7093 66
6929 8328 82
6929 9353 49
6929 7968 6
4353 6798 11
4353 3677 97
4353 1221 42
4353 6300 8
4353 3803 32
6798 6732 46
6798 6017 36
6798 2282 55
86 3557 9
86 8689 48
86 8707 95
3557 4787 2
3557 3295 20
3557 5684 11
3295 3738 96
3295 8089 28
5791 9390 21
5791 2087 74
5791 563 6
5791 1841 9
9390 3411 87
9390 7471 93
2116 3809 74
2116 2874 50
2116 4310 12
2116 3921 14
3809 800 84
3561 6545 100
3561 305 3
4615 6354 4
504 7453 85
504 797 64
504 7295 27
504 653 69
7453 8438 11
7453 7002 20
7453 5335 95
4411 6686 37
4411 2015 85
3270 7746 83
3270 6685 6
3270 5765 70
7746 8186 42
7746 6505 4
7746 415 50
2469 2325 85
608 4019 5
608 2138 29
608 4322 11
608 389 40
4019 8324 32
4019 4592 25
4019 4068 86
4952 6726 74
4952 6164 82
6726 2804 18
6726 3925 41
5798 563 61
954 2213 9
954 3442 31
954 6073 62
8508 1036 9
8508 281 41
8508 1080 6
7907 4358 41
7302 7333 16
7302 1241 12
7333 4547 23
7333 1078 88
7945 9654 86
7945 7604 70
9654 3963 8
9654 5495 3
9654 1311 67
1087 2152 65
1087 9117 35
1087 5008 75
1087 9875 74
1087 3696 68
2152 569 75
2152 3474 40
6772 282 1
6772 3178 78
6772 5618 28
5267 1440 50
7317 2212 19
7317 6865 50
3109 4850 66
3109 1203 89
5861 7072 85
5861 2189 62
5861 9651 17
5861 225 86
5861 9372 95
7072 5379 29
7072 305 18
8034 7164 59
8034 9721 69
4022 2368 29
4022 7212 80
4022 6899 71
3953 760 15
3237 7932 75
3237 6619 65
3237 942 47
3237 5129 39
7932 1983 1
7932 1845 97
7810 8942 67
7810 7286 53
7810 2544 84
7810 3139 34
1946 8756 76
1946 6444 16
1946 1300 52
2572 3611 45
2572 7272 80
5525 8459 63
5525 7282 39
1761 9205 33
1761 1030 54
1761 2861 4
9205 9874 61
9205 1514 80
2577 5792 28
2577 205 46
2577 6913 17
5792 4828 39
5792 8372 61
2189 2677 9
2189 9438 98
2677 3410 42
2677 1512 35
2677 5464 46
4231 9813 18
4231 4906 26
7704 236 17
7704 3304 73
7704 4056 46
3483 8686 19
3483 1286 96
173 151 77
173 1852 33
3036 1257 31
3036 2759 65
3036 1054 49
2203 299 34
2203 1730 1
2203 4013 38
262 833 56
262 9494 71
262 9930 52
262 9719 79
833 4772 53
833 1220 9
5545 9351 12
7201 9894 100
7201 8724 38
561 868 63
561 949 64
561 3731 72
4056 1286 80
4056 3672 66
7539 1520 99
7539 5314 46
7539 3921 66
7539 97 27
8647 6628 14
8647 7578 75
8647 9937 18
5260 9433 58
5260 7226 98
5260 3040 71
5260 4470 88
9433 2780 30
9433 4007 62
7877 9445 58
7877 3489 82
7877 9738 55
7877 3097 39
9445 4849 37
9445 3822 18
7603 4165 27
7603 5605 55
4438 865 77
4438 9694 27
4438 2612 97
1681 7697 93
1681 5059 82
1681 705 34
7697 2248 23
7697 689 80
219 199 77
5275 6708 92
5275 3897 67
5275 369 46
5275 7114 30
6708 8888 11
6708 2998 34
2620 6404 51
2620 9596 51
2620 4892 55
2620 2284 65
6404 994 98
7673 239 56
7673 2934 13
7673 2089 37
8874 6717 32
8874 9414 48
6186 6565 100
6186 3766 23
6186 3137 81
6565 7398 37
6565 5300 32
6565 4028 96
6565 5849 12
6167 6323 57
6167 9922 98
6167 693 6
6323 8662 10
6323 9959 86
2791 9669 97
2791 4878 88
2791 5374 33
2791 1593 40
9669 4054 2
2964 4625 48
2704 8734 57
2704 1250 61
8734 4242 84
8734 3187 6
8734 7379 38
4696 5661 36
5496 383 75
5496 9489 36
1633 4027 71
1633 6984 65
1633 6374 76
1633 8310 29
4027 855 69
4027 4921 62
7295 9224 26
7295 9245 57
7295 9465 56
9224 6664 28
9224 7904 35
780 1307 97
780 5501 77
1307 6195 23
1307 4118 13
4541 4167 66
4541 8649 94
8669 300 50
8669 6590 78
7286 8358 98
2983 800 39
2983 6983 4
3146 4891 26
3146 2725 32
3146 3441 70
4891 6487 97
4891 355 5
8965 9274 33
57 849 18
57 7656 74
3500 3699 35
3500 618 82
3699 1035 11
3699 8608 55
1805 1091 56
1805 2540 58
1805 5923 26
4152 5229 80
4152 4644 96
4152 4143 91
4152 8691 100
7843 1581 11
4676 4562 29
4676 2587 94
4676 3283 54
4676 2707 72
9842 8613 94
9842 1370 45
9842 1567 84
9842 4742 14
3161 7616 33
3161 8889 79
3161 2489 40
3161 4751 77
7616 2766 50
7616 854 98
1116 8327 44
1116 7755 79
1116 1844 44
909 21 15
909 5414 3
909 3784 12
909 1825 55
950 6979 47
950 5601 70
950 5163 20
950 5204 20
950 8361 90
6979 122 20
6979 8065 60
6979 7773 52
6979 3167 36
2584 7231 23
2584 1201 43
7231 6711 90
7231 6800 26
292 4535 50
292 7378 18
4535 8956 69
4535 4401 99
7869 7048 17
7869 897 57
2877 1090 12
2877 5659 28
1392 5213 9
4590 6308 7
4590 2516 29
4590 517 100
4590 3799 9
6308 746 68
6308 9546 1
6308 6003 96
2307 3166 69
2307 6009 79
3166 936 62
3166 8739 36
3916 5051 72
3916 7285 77
3916 3676 24
5051 972 28
5051 4111 65
6070 7813 84
6070 4351 73
6070 3272 31
7813 5699 89
7813 4435 34
7813 9723 23
2140 3403 63
2140 7323 90
2140 7361 82
3403 1402 42
3403 1 92
3403 5187 80
460 6210 92
738 8385 5
738 2299 55
738 5621 80
738 1508 44
8385 5986 55
8448 832 35
8448 7632 49
3912 9254 10
3912 4645 48
3912 4194 25
9254 9740 29
9254 1078 23
9254 8905 51
9254 8672 93
2721 6539 47
2721 8272 31
2721 1891 54
2721 6924 33
6539 7082 86
7041 8660 84
7041 9942 28
7041 824 54
7041 3370 2
8660 5621 47
5466 683 41
5466 1207 1
7909 3656 14
7909 9055 65
2248 3502 97
2248 3907 54
7394 6912 21
3151 9541 31
3151 6553 75
3151 7176 67
7531 1439 27
2758 4512 78
2758 5903 43
2758 4899 64
2758 6372 9
4512 7109 49
4512 960 82
4512 4922 97
4512 5232 52
3000 7243 89
3000 7642 22
3000 5305 59
7243 6202 20
3578 5005 37
3578 5711 69
3578 3100 9
5005 9199 98
5005 6240 41
3885 9097 98
3885 5556 92
3885 9181 46
9097 5154 47
9097 5074 21
1710 7740 31
1710 6175 24
1710 4257 39
1710 1933 16
7740 5248 59
7740 2595 21
7740 9274 3
4091 5890 12
5193 6624 59
5193 3486 36
5193 942 16
2972 7183 29
6386 1022 99
6386 6763 62
6386 6630 51
2138 2421 76
2138 329 64
849 3624 45
849 6487 76
3624 1545 8
3624 1621 88
4236 5540 44
4236 8696 94
4236 6664 4
5540 1736 27
4960 5571 87
4960 3648 82
4960 3290 51
4960 1994 38
5571 6620 50
5571 9106 80
5571 6415 33
8686 2046 98
4526 6807 38
4526 3444 98
6807 7399 35
6807 9247 47
4679 7049 92
4679 584 63
4679 329 1
4679 818 61
4679 653 3
7049 8875 75
7049 1499 6
7378 3346 68
8227 9822 77
8227 5232 73
8227 2938 36
9822 9641 21
2281 3368 6
2281 2329 86
2281 3993 66
2281 9165 77
3368 74 88
3368 3919 98
355 7014 8
3376 6797 77
3376 760 74
3376 9894 82
4097 1267 29
4097 7816 95
4097 7634 93
2163 9715 58
2163 2735 14
1736 9114 81
1736 7456 42
2899 9746 33
5678 5113 8
5678 8166 13
9555 7584 60
9555 8733 10
9555 1934 37
236 5625 5
236 7484 6
5625 1591 84
5625 4302 55
5625 8582 63
330 3660 96
3592 4256 57
3592 5194 89
4256 4893 58
4256 3519 85
4256 1124 16
5001 3709 9
5001 8863 19
5001 3069 74
9645 7083 59
9645 6885 61
6917 8704 100
6917 9428 65
6917 3704 80
6917 3077 77
6917 5786 93
8704 7292 6
8704 1707 4
9588 6656 14
9588 6861 86
5667 3821 73
5667 9256 54
6990 5882 93
6990 5183 38
2442 2028 66
2442 3659 12
2442 8022 35
71 20 24
71 4899 15
652 742 61
4415 4858 86
4415 7815 53
4415 2765 15
4415 2380 23
4858 8174 69
4858 4319 93
4858 7919 91
5486 8380 94
5486 736 52
5486 6100 82
5486 765 11
8380 1221 40
5075 4367 96
9416 3856 53
9416 9385 8
7024 8924 31
7024 1555 56
7024 8876 7
8924 303 18
5057 1244 28
5057 4990 37
5057 6104 71
6922 8593 42
6922 513 76
6922 3023 24
6922 5894 77
1867 2395 45
2680 2299 29
2680 5249 88
2680 2998 22
7174 9807 81
9807 3176 7
9807 6348 65
3558 939 24
3558 6241 97
4757 9077 15
7207 9166 30
7207 6202 39
7207 5008 19
9166 9165 17
6577 7181 22
6577 3537 15
6577 6461 87
6577 321 92
8250 1487 27
8250 1679 97
8250 5264 29
22 7870 73
22 5713 52
22 444 1
7870 3187 76
7870 2967 32
2463 3492 25
2463 843 81
2463 8552 43
3492 3516 99
3492 2483 37
6619 5104 92
6619 6425 41
2299 1598 1
2299 3891 85
1283 7736 13
1283 8355 64
1283 655 6
1283 714 78
3664 5582 20
3664 1466 90
3664 5784 95
5582 1659 26
5582 1775 2
5582 5696 77
286 4883 5
286 1377 82
4883 843 50
6287 1252 74
3523 5333 51
3523 4077 32
3503 6388 84
3503 3665 17
3503 2565 21
3503 3589 17
6388 239 45
6388 7018 4
6388 7145 60
9346 9711 97
9346 7729 40
9346 1877 51
9346 6530 19
9711 842 65
9711 6867 68
1276 9005 96
1276 6592 66
1276 5316 44
9005 454 92
9005 4230 33
6685 8335 69
6685 5000 66
8600 9332 3
8600 5685 36
8600 7612 14
9332 2820 28
9332 3309 61
6521 7683 42
6521 1905 26
6521 3717 40
6521 4358 47
7683 980 65
7683 3020 26
797 2284 82
797 633 61
797 948 66
4448 3924 18
4448 5285 99
3183 2508 4
3183 8793 67
3359 7305 69
3359 5142 57
3359 1724 20
5717 2950 95
87 1798 36
1798 3704 12
1798 6662 18
1798 4142 99
2643 4461 42
2643 162 22
2643 9221 86
2841 4011 53
2841 1887 40
2750 7066 31
2750 9336 66
2750 1572 87
2750 5962 62
7066 9317 75
7066 2654 27
4504 9069 27
4504 7459 63
7492 9819 71
7492 4988 57
9819 2273 55
9061 2311 54
1776 7210 75
1776 8507 90
1776 128 11
7210 5074 67
9249 2135 85
112 4083 88
112 1848 23
112 4089 80
112 7497 51
112 3989 57
4083 6299 73
4083 4405 80
1280 9258 90
1280 1335 67
1280 6723 94
9258 878 4
5331 8958 66
5331 7285 77
3862 6502 29
9034 9169 48
9034 7472 58
9034 7078 87
9034 5324 86
9169 3718 44
9169 6018 67
9169 4768 52
1909 1879 63
1909 4606 14
6620 1982 27
6620 3197 25
6620 185 30
1138 2385 65
1138 4522 30
1138 4819 28
2385 4801 10
2385 6954 33
6555 9078 85
9763 7056 36
9763 2430 11
9763 4567 96
2115 1655 13
2115 1345 79
967 1145 15
967 3406 60
967 3785 45
7893 5066 68
7893 7178 76
1124 6624 59
1124 4634 41
6624 3085 80
6624 6197 10
6624 2741 9
7595 722 78
3638 6996 12
3638 5699 6
3638 6489 37
6816 8264 75
4014 9804 45
4014 6954 18
4014 7955 93
9804 7298 12
9804 7744 99
3479 2515 28
3479 3272 4
3479 8899 8
3966 7289 99
3966 2562 53
3966 7186 77
7289 2111 97
7289 4496 89
7289 5640 82
5236 9055 84
5236 2554 73
5236 6597 5
1429 9622 84
8595 668 73
5479 7022 47
5479 3349 15
5479 1480 2
7022 9172 58
7022 8376 68
7022 245 36
4034 6642 7
4034 2029 19
4034 4547 75
4034 4661 42
6642 3374 48
8100 1241 82
8100 8641 65
3092 8603 5
3092 7672 85
3092 3045 41
3092 3746 68
8603 5069 42
5779 7664 63
5779 7674 63
5779 2199 90
7664 5968 39
1866 2130 7
1866 6054 83
1866 611 91
794 2331 89
794 5446 98
794 8769 6
9340 3297 73
8022 8374 53
8022 5377 63
8022 9652 16
8022 9105 21
8374 4653 6
8374 1804 63
8374 7923 38
357 9474 83
357 3641 73
357 2 15
357 7920 64
9474 4310 73
7235 7567 47
7235 3372 89
7235 2566 16
8330 5966 46
4748 4888 26
4748 9301 27
4748 7834 46
7322 9868 73
7322 6684 15
9868 386 81
4424 8116 93
4424 6942 9
4424 5959 93
8116 6863 45
8116 6317 51
8116 3519 2
699 728 13
699 6324 66
699 9680 95
728 1529 89
728 8079 44
728 556 76
6120 9246 20
6120 1641 7
6120 1632 9
6120 1981 9
9246 9195 15
9246 2783 69
533 5249 13
533 5054 7
1473 8128 31
1473 3039 49
1473 8668 72
6181 9872 7
6181 4524 5
6181 9566 27
9872 2172 72
617 2766 42
617 5420 83
2766 3967 8
613 5613 18
613 4484 54
2180 3112 47
2180 5967 78
3071 5231 40
3071 6338 41
3071 9779 47
3071 5026 97
5231 5751 79
5231 103 39
5231 4634 66
8074 5471 19
6343 8887 12
6343 2901 55
6343 74 5
8887 260 39
2911 4888 45
2911 6913 14
2911 6800 54
1726 1693 34
1726 6966 5
1726 6052 85
6072 2982 23
2124 7252 21
2124 2264 37
3498 1993 22
1786 2182 75
1257 9865 82
1257 6446 91
1257 4663 49
9865 3588 5
9865 2897 1
9765 8244 38
9765 4318 62
1769 7007 56
1769 4358 84
7007 9651 37
7007 9274 43
6078 3304 9
5512 3004 68
5512 2164 100
5512 3660 48
6195 7989 38
6195 6552 36
6195 4592 84
9518 1541 35
9518 8451 21
9518 5449 38
6893 8549 81
6893 3262 11
6893 5381 25
6893 5266 25
8549 6354 64
8549 9326 63
8549 7288 22
9925 8860 43
9925 5777 88
1320 5059 12
1320 344 58
1320 1593 11
3665 8733 75
3665 1347 15
8733 1106 21
4065 9606 1
4065 9777 74
4065 3306 52
4065 4297 72
4065 8863 88
9606 8829 16
7552 4946 62
7552 8172 78
9798 5170 92
9798 2722 68
9798 7523 68
2265 2254 79
2265 3313 18
2265 7213 26
3662 5402 66
3662 6505 17
3662 1204 5
5402 2250 8
5402 7293 88
5402 5815 82
44 1109 17
44 2069 35
1109 5605 41
1109 4540 24
9931 9283 32
9931 1466 80
9931 5274 44
5093 3635 28
3762 9955 61
3762 6556 82
3762 6032 71
3762 2942 89
9955 9951 63
9955 1514 78
2310 5021 39
2310 668 10
2310 2725 86
2310 6169 69
5021 6007 33
5021 347 16
5021 6680 88
81 5352 15
81 171 69
3472 4808 75
3472 4126 66
907 1110 10
907 2002 4
907 3946 16
907 3858 93
1110 1988 42
5139 1288 37
5139 7433 51
6156 1651 61
6156 6442 100
1203 8958 19
8958 4758 68
8958 225 55
8958 4241 70
7183 9314 23
7183 1651 3
7183 2866 89
5903 5170 17
953 3333 6
953 4322 90
953 6794 32
953 7014 99
3333 8137 85
2342 3754 71
2342 4060 90
2342 8696 25
2342 1353 1
3754 2085 9
3754 7897 81
5845 9995 18
3338 5102 79
3338 2266 34
3338 6852 22
2042 5340 99
2042 6914 78
2042 2800 64
5340 5384 62
5340 8568 74
5218 1112 77
5218 1210 37
5218 9802 68
6561 8802 58
6561 9461 55
6561 1841 80
6561 7612 1
8802 8160 40
186 9590 52
186 8473 1
9590 1529 69
9590 4766 74
9590 3811 23
7565 4949 19
7565 688 75
7565 8152 31
1232 7278 92
1232 2586 90
1232 1014 32
8338 9705 85
8338 2488 48
4725 8473 59
4725 3756 22
4725 5323 41
4708 5594 50
4708 6473 32
4708 2997 69
5594 9487 80
5594 8983 18
2640 288 64
3056 3138 8
9641 2216 64
9641 4941 51
9641 4064 93
6743 6926 83
6743 5314 60
6743 9328 64
9361 1801 62
9361 5124 57
9361 1302 78
5048 6200 15
5048 5254 42
4005 7060 40
4005 2909 42
4005 4276 84
3518 4578 17
3518 1936 38
4578 7372 48
4578 5205 61
4578 3157 9
9783 7809 34
9783 9791 68
9783 3168 59
9783 7815 23
1236 7085 52
1236 9062 100
5840 6556 2
5840 672 51
5840 4729 90
8875 3222 85
8875 2707 87
1291 2390 52
1291 1235 59
1291 6969 63
4605 9922 42
4605 6519 62
9922 4028 6
9922 4230 61
9922 5579 33
5464 5482 4
5464 8532 14
5482 345 1
3554 5723 21
4877 6074 16
7085 4100 42
7085 9067 91
7085 8376 58
5199 3791 43
5199 499 66
5199 2726 5
3112 9501 31
3112 2598 91
3112 5881 12
3112 3954 87
9501 6176 57
167 1954 74
167 3385 27
167 1016 37
1301 4634 29
1301 4936 36
1301 8671 38
4634 5528 16
208 3016 89
208 6290 68
208 4474 92
3016 6472 84
3016 2370 48
638 7793 72
6107 5189 6
6107 4006 45
6107 1363 70
6107 3698 35
5333 5085 91
5333 7163 86
5333 2381 33
6466 6487 74
1537 371 43
6041 9620 42
6041 4734 97
1878 3960 55
2790 4131 83
2790 5221 72
2790 3687 54
2790 4305 68
2790 2134 15
4131 6954 68
4131 9773 39
1520 8807 9
9532 3456 100
9532 9216 30
5318 8235 46
5318 9736 36
5318 7497 56
5318 213 34
8235 2374 52
8235 2828 62
8235 2740 84
6155 526 4
6155 8033 34
6155 3803 24
7336 3710 70
7336 9797 22
7336 3421 78
2874 1475 54
2475 5426 36
2475 6752 17
9513 3706 8
9513 9182 89
9513 359 70
271 8976 42
271 2409 48
8976 9331 53
8976 399 11
8976 7103 97
4620 6305 15
4620 3323 80
1430 4239 3
1430 9961 30
1430 9213 30
4239 3372 68
4239 5004 36
4239 744 48
5063 6111 59
4758 6983 45
4758 3089 56
3529 7825 15
3529 6197 74
1241 8850 19
3331 9908 76
3331 9181 87
3331 3194 53
3331 1410 96
210 944 27
210 290 75
210 6146 20
210 7497 94
210 5578 17
944 9685 55
944 8450 95
944 3897 96
5481 9703 53
5481 6895 70
5481 97 20
5481 7335 20
9703 3906 88
9703 7779 72
34 5599 63
34 8499 5
34 5889 9
34 616 82
5599 8168 91
5599 7341 33
3124 5831 28
3124 9088 39
3124 1302 91
5831 1125 64
247 2093 50
247 8513 27
3944 7641 33
3944 6614 57
9068 6200 11
1125 9011 9
1125 5374 36
6606 5026 28
6606 2522 28
6606 7800 50
285 146 9
285 6034 79
6920 9837 5
6920 6590 13
9837 8341 7
9837 2860 59
8486 1075 62
5215 4312 72
424 194 81
424 8104 11
424 4010 37
3868 5551 19
3868 1760 58
3868 4308 11
5551 7371 39
5551 9917 78
5551 8905 25
795 3044 27
795 2162 16
795 1817 68
795 7672 81
3044 4928 94
3044 476 43
3044 9382 100
6776 4379 21
6776 3007 20
6776 3469 87
1634 5497 42
1634 4221 46
1634 8023 33
9214 6851 29
9214 8095 54
148 5862 91
148 1248 65
148 2380 98
5862 4949 68
5862 948 23
8865 288 35
8865 1100 54
4257 3134 61
722 9589 94
9875 4205 54
9875 5735 3
3020 5053 100
3020 5250 49
5053 1819 86
8893 277 69
7264 7750 53
7264 9195 27
2910 6736 46
2910 7469 58
6736 5541 46
6736 5316 54
3775 9215 8
3775 9546 27
3775 8859 40
7223 8794 54
7223 1753 1
1777 1932 14
1777 7257 84
1777 1752 90
1932 2130 18
1932 2200 22
1932 5148 61
1694 1345 23
1694 2455 56
1081 2008 32
21 9481 9
21 513 43
21 8458 63
21 5804 36
5112 6770 13
5112 3725 100
2800 3471 89
3173 3268 6
8473 4288 16
8473 9983 77
2330 7342 64
2330 2069 6
2330 3680 12
7342 9962 23
7342 6758 68
705 2691 79
705 975 16
283 1444 77
1444 1631 8
9464 343 56
1667 5685 81
1667 6882 45
1667 5024 40
1667 3866 63
5685 6277 26
5685 5576 90
1541 938 26
1541 8264 85
1200 6973 24
1200 3068 89
6973 535 63
6973 4089 16
6149 9265 98
6149 1249 36
6149 6164 67
9265 3028 34
9265 3186 64
9265 658 56
2949 4480 59
2949 1818 26
2753 7192 83
6759 4655 47
6759 9764 35
7857 6888 3
5412 4329 76
5412 191 99
5412 4398 26
1690 7253 8
1690 3392 65
1690 6589 19
261 6643 65
261 8470 71
261 2014 75
8200 6129 63
2045 4764 66
2045 7729 49
2045 4750 45
4074 6395 28
4074 1801 79
4074 6890 6
6395 4160 91
6996 1711 1
6996 3629 86
6996 8639 37
9080 9975 84
9080 4245 81
9080 4869 13
9975 575 15
9975 4100 14
6370 6218 19
6370 4388 57
6370 7000 96
2031 4550 88
2031 1387 64
2615 8215 68
2615 789 2
3933 7853 34
3933 9412 88
7853 4058 47
3138 3448 75
3138 5173 92
3448 5163 72
2523 8248 80
2523 8604 96
2523 3445 62
8248 9376 34
8248 4562 84
8248 7172 34
2132 2494 46
2132 5975 16
2132 3398 23
6847 7848 58
3386 6933 10
3386 4821 67
6933 1070 13
6933 4819 38
7507 9652 45
7507 4776 13
7507 3223 68
7414 8091 58
7414 9411 74
7414 2819 68
8091 6396 22
8091 3335 2
8091 7021 31
4791 8264 96
4791 1613 65
4791 8453 22
8264 6983 38
8434 4401 93
8434 7356 87
6017 6247 15
6017 2214 25
6247 30 57
7567 9919 58
7567 1855 20
7567 4404 40
1691 8102 62
1691 1767 7
5697 6543 16
5697 1308 22
340 4656 40
2120 1 86
2063 1263 64
2063 3927 13
2063 9689 54
8850 5389 24
8850 4176 2
4002 4024 82
4002 117 77
4002 4572 42
4024 1636 82
4024 6416 75
536 4827 25
536 4132 60
536 8788 74
2647 1252 49
2647 1872 78
1745 3766 39
1745 931 42
3766 5210 35
3766 4222 52
594 2170 41
594 3063 62
594 5735 71
2170 2499 15
2170 9379 75
4126 4999 58
4126 7315 19
4126 6336 89
4999 1119 7
4999 5310 90
1631 2276 12
1631 1912 57
1542 2094 23
1542 8069 93
1542 7325 1
1542 7818 2
2094 934 26
8756 4342 56
3505 7540 2
3505 9762 27
3505 43 35
7540 569 73
7540 1711 53
7105 4165 38
7105 7452 84
4004 7638 1
4004 2571 82
4004 6436 10
4004 5351 92
7638 3428 69
7638 3821 77
6315 8132 84
6315 972 95
6315 4985 93
8132 993 20
8132 6296 3
8132 2625 74
6574 8835 9
6574 5768 9
9668 9848 98
9668 3228 91
9668 9869 9
9668 4171 66
9668 3465 65
9848 331 1
9848 1529 70
4190 8932 4
4190 8613 16
8932 6690 16
8932 785 97
5399 4469 80
5399 2417 15
5399 1683 9
5399 8548 98
7433 8601 85
409 5960 64
3909 9040 47
3909 3356 76
3909 4972 51
3909 6636 72
9040 6408 44
9040 201 85
9040 1844 92
1104 3531 66
1104 1753 6
3450 2359 20
3450 3162 51
3269 4923 48
3269 9449 79
3269 8694 9
3269 1715 54
4923 765 40
4923 6812 9
4923 5859 3
91 6564 14
91 4472 35
91 513 36
6564 1815 66
6564 4972 98
7037 6424 73
7037 7559 11
5212 5930 2
5212 7997 78
5212 2445 16
5930 7818 6
5930 9514 77
5930 5711 45
5802 7681 45
5802 1657 79
5802 1581 39
5802 5034 17
7681 146 46
7681 802 2
7681 8872 75
7681 9385 81
399 7848 15
399 79 60
399 943 2
7848 7929 19
5743 8040 83
5743 2806 87
5743 8412 44
8040 9387 26
8040 3402 100
9167 6937 26
9167 7556 28
9167 2780 23
2263 5529 3
2263 2734 77
5529 765 77
5529 9930 60
5623 9786 78
9786 2515 40
9786 7904 15
3603 7778 24
3603 9238 33
3603 3225 78
7778 1019 41
5984 6567 46
5984 6791 69
5984 9201 29
6567 8977 48
6919 9901 45
1803 2511 34
1803 4346 62
1803 4574 3
1803 7084 58
2511 8453 70
2511 975 19
4482 7373 7
4482 4751 59
4482 3710 31
7373 6332 54
7373 5590 34
2783 6182 80
2783 511 10
2783 4899 1
2214 5196 70
5052 7789 12
3091 303 40
4610 9221 55
4610 1191 83
4610 7187 95
3994 6791 69
3994 5746 68
7029 9248 87
7029 2508 89
7029 9615 5
9248 7038 65
9248 7905 86
9248 6408 42
8524 1988 40
8524 9956 17
8524 7670 77
8836 9428 25
8836 2106 74
8836 3204 27
7736 299 15
7736 7484 96
235 2855 9
235 5787 19
2855 7622 67
1967 5894 30
1967 7984 92
1967 2862 74
5894 2110 17
5894 1572 50
5894 3573 2
7787 9987 19
7787 3205 51
9987 2759 66
1453 9056 95
1453 3441 74
1453 8780 73
1453 707 54
1453 3196 66
9056 6349 5
9056 4947 66
1198 2121 21
1198 4215 59
1198 6111 82
2121 4886 61
2121 2411 68
9363 7340 61
9363 7986 33
6135 9314 23
6135 9615 90
6135 3506 30
6135 7417 10
715 8568 57
715 9304 36
715 1740 45
8568 9698 39
8975 8173 38
8975 2417 53
771 4713 96
771 6614 49
4713 7854 4
4713 1546 69
3949 8168 88
5187 9740 62
5187 9151 34
5187 8742 49
5187 8458 12
9740 2151 75
9740 1337 73
9740 1495 49
7640 3971 94
7640 8035 4
1475 9195 15
1475 5266 41
1475 8987 24
6258 4284 67
6258 9795 55
5537 9881 45
1693 2259 81
1693 2498 62
278 5673 40
278 6332 78
2606 1308 52
4118 9633 47
8633 6422 82
8633 7466 52
1657 7349 50
1994 8605 65
1994 9074 90
8605 1312 56
8605 3644 69
7279 9126 63
7279 1153 81
7279 3986 45
9126 3960 61
9126 2014 94
3511 7518 98
3511 4737 13
3511 7048 38
7518 589 83
7518 230 98
7518 3922 100
4786 5208 61
4786 3742 65
5208 9890 20
5208 8054 100
4848 3039 10
1441 3538 52
2664 8458 75
2664 8706 86
2664 7991 70
3729 6465 29
3729 8999 39
3729 5084 79
3729 6930 54
6465 8701 51
6465 7792 73
2075 9990 3
2075 6254 71
2075 3656 73
2075 168 80
3097 5074 69
3097 7742 11
7899 5709 36
7899 9391 11
7899 6331 46
3314 2835 48
3314 2695 33
2211 4739 43
7216 3259 25
7216 6426 64
7216 8608 17
6851 8232 26
6851 9814 95
9688 9856 35
9688 8895 18
8015 8412 78
1747 4540 60
1747 1539 7
1747 4209 64
4540 7528 81
7503 4260 23
7503 4663 17
1220 1873 20
1220 4395 61
1220 220 32
1035 3879 100
5975 8012 99
4880 7359 52
4880 4592 81
4880 2764 62
6887 9292 76
6887 3906 12
6887 6283 23
6559 8863 96
6559 9644 97
122 3321 98
1908 4592 11
1908 3784 40
1908 3696 56
4592 6131 22
1540 3442 68
1540 4142 72
1540 2927 66
3442 2459 87
3442 3244 38
2028 653 100
1248 5485 46
1248 757 6
1248 7604 34
1248 538 29
5485 108 52
5485 9020 81
5485 9098 81
2738 6906 94
2738 6220 33
2738 7168 80
9500 1682 56
4484 6275 86
8707 5084 4
9867 3629 47
9867 3690 89
9867 4517 63
8668 7256 100
8668 9245 96
8668 2077 78
1286 7847 13
718 5109 64
718 5745 74
9621 6484 20
9621 4594 42
2693 7154 46
2693 6002 51
2693 8153 64
2693 3986 61
7154 6510 75
7154 5680 1
2889 4814 86
2889 1117 39
2889 4198 53
2889 255 11
4814 103 67
4814 1564 39
4814 9140 51
1184 2374 91
1184 8763 76
1184 4849 82
2134 4751 35
2134 5849 56
2134 7562 13
94 197 82
94 7780 89
8766 5072 89
8766 6164 61
664 4279 32
664 2471 97
664 4566 54
4279 9062 10
4279 4363 15
4412 4765 96
7741 1608 93
7741 961 92
1051 8444 2
1051 9934 94
1051 781 92
1601 7427 83
1601 4048 60
1601 3304 92
1601 7559 12
1601 6746 16
7427 839 76
3588 8987 71
3588 331 64
1768 6786 67
1768 5074 15
1768 3963 15
1768 2548 1
6786 6384 94
6786 3693 87
6786 1639 63
8979 6431 54
8979 335 65
8979 178 98
7737 603 4
7737 5955 91
7737 2335 86
8435 1724 51
8435 5807 30
7253 4574 40
7253 3528 93
9781 9639 24
9781 4792 64
9781 9296 62
3030 2326 59
3030 3404 66
3030 2423 77
1092 5160 33
1092 8913 59
8776 8516 34
8776 9296 34
4214 1924 23
4214 8105 36
4214 8691 75
3482 2567 77
8854 108 52
8854 6763 46
2503 8499 52
2503 8841 59
2503 1804 64
4302 1548 27
6176 742 14
4680 5160 88
4680 9580 72
4680 9182 85
4680 3925 18
4680 7359 74
5160 9208 91
5160 1602 35
2571 1880 34
2571 517 45
5104 4435 84
9962 372 37
9962 6545 27
205 2909 6
205 9509 17
205 9737 57
2909 7082 32
2909 1999 63
1396 4936 74
1396 5092 81
6278 7752 88
6278 3433 83
2819 6231 21
7325 3572 91
7325 388 18
3471 4651 94
3471 8449 32
8601 5906 6
8601 8341 36
8601 9846 57
9317 1585 71
9317 1859 37
903 6068 52
903 7715 20
903 781 91
903 2114 22
6068 5696 50
6068 5397 41
694 8598 50
694 862 63
694 4501 28
3208 7878 68
958 2742 18
2742 2516 72
9698 8829 92
9698 5784 83
6906 1072 14
1723 7685 7
1723 6334 50
1723 1809 84
7685 5347 75
4820 9088 10
4820 6669 60
4820 8853 29
4820 9648 34
9088 8701 5
2162 6222 64
2162 5043 93
2162 3202 85
4520 6352 53
4520 2935 35
4520 6662 24
4520 894 34
6352 9891 96
2017 9825 13
2017 6971 2
2017 1632 56
9825 8523 35
8315 9756 68
8315 4677 14
8315 1100 52
9756 51 86
9756 6100 26
5837 1337 95
5837 2767 71
5837 757 97
5837 489 14
7341 6873 25
7341 8444 1
7855 4795 48
7855 7094 40
7855 6516 75
2508 4047 52
2508 9353 54
9997 9114 47
2095 4416 61
4416 7757 48
4416 191 29
3084 8128 9
3084 8856 84
3084 7356 49
3084 6178 96
3084 1420 18
8128 5158 86
8128 9172 31
2834 7834 14
2834 6350 54
2834 936 44
2114 5597 49
2114 5294 35
5597 2691 97
5597 4906 68
5597 4664 36
6090 89 17
6090 8093 25
6090 1218 29
171 3004 47
171 2917 63
9556 8069 89
9556 2301 16
3487 7523 67
3487 2289 69
3487 4129 84
8215 4183 93
8215 2787 62
3306 6863 39
3306 5323 47
7249 7396 35
7249 5349 99
7524 8896 38
7524 4947 27
3010 9289 36
972 6861 61
972 9457 74
5521 7176 53
5521 5953 3
2776 4051 4
2776 7508 42
2776 2388 74
9283 8536 10
9283 1362 56
6001 9565 93
6001 9305 32
8105 9491 83
8105 7854 88
9491 9074 43
9491 461 12
9491 1756 8
5301 5425 11
5301 3710 47
3004 459 58
9013 1670 63
9013 7699 51
4320 6374 54
4320 7456 57
4320 5037 28
4320 5995 63
6374 9617 80
3626 8231 27
3626 2319 25
3626 910 100
3626 8265 71
3361 7200 32
3361 7452 99
3361 1574 100
7200 5185 92
7200 8917 83
7200 5387 76
603 6217 87
603 9117 58
6401 9039 46
7677 4619 2
7677 9718 45
7677 642 51
865 9370 67
808 4876 46
808 9691 13
4125 9289 70
4125 1746 74
4125 3627 48
9289 7463 92
6044 8186 15
6044 3196 29
6044 8516 82
132 5011 41
132 636 29
714 3192 33
714 4280 65
9069 2489 14
5519 6832 88
5519 4953 17
5519 6899 3
5519 7745 94
6832 102 80
6832 6640 53
619 3128 64
619 309 9
1950 2725 60
1575 8450 81
1575 8241 10
1575 1175 48
3963 6699 55
3963 5838 25
4153 7257 11
3718 5127 100
3718 8641 74
3718 9395 17
5127 5746 20
5127 6458 11
2916 7078 93
2916 5696 31
5102 6894 17
5102 2047 89
6894 6331 65
6894 8179 73
6894 8241 32
3001 7930 74
3001 2368 57
7930 3905 22
7930 5615 80
7930 7534 62
2354 8119 18
2354 124 85
2354 199 11
8119 2912 26
8119 5194 25
8119 2395 10
1070 9950 82
1070 3034 22
3352 3747 20
3352 8570 69
3352 8196 56
9652 3684 100
7165 3045 100
7165 1031 24
7687 6826 98
4165 9163 46
4165 8916 99
5748 9112 95
5748 8588 8
5748 9438 14
5748 2046 81
9112 1689 29
9112 8135 67
1410 2707 15
1410 4354 48
1410 8323 48
7847 5501 30
7847 1153 4
216 763 46
216 3516 82
763 3905 87
763 7558 8
763 2480 44
832 2335 13
832 8715 14
8928 489 61
3956 3358 16
3956 6445 63
6088 5782 8
6088 437 26
6088 4687 23
4172 9373 30
4172 1054 56
4172 6821 39
4172 6460 96
9373 522 96
9373 2345 60
3357 3961 7
3357 3625 83
8048 8092 71
8048 2603 3
8048 3122 38
8048 9664 79
589 3530 50
589 540 18
589 2291 51
2806 5787 53
7398 5285 27
7398 743 55
7398 6289 96
5541 3905 20
9648 928 53
9648 2632 49
9648 4990 87
185 1426 70
185 154 75
185 6524 92
1426 1416 64
1426 6812 65
4654 4893 27
4654 9663 51
437 8474 11
437 6467 65
1182 2555 23
1182 9517 5
1182 2296 5
1182 9879 50
1182 1985 78
2555 1356 78
4821 5473 90
4821 2222 82
5473 9505 36
5473 2352 37
5473 428 98
9038 5417 20
9038 5602 49
6867 7203 83
3234 7280 85
3234 7380 44
7459 746 97
7459 1536 85
7459 3623 63
8570 5347 15
6686 6762 67
6686 9650 11
6686 3702 83
6762 938 38
6762 7002 20
6762 6084 12
5966 7604 39
5966 709 49
5966 6210 59
7604 6809 55
3235 8244 86
3235 7094 47
3235 9673 40
3235 6331 77
8596 9541 73
8596 1804 77
8596 6420 11
9541 750 94
1416 8212 35
1416 8322 80
8212 8289 53
8212 5974 91
8212 9196 61
3971 3272 82
6457 5270 59
387 4648 20
387 8768 46
387 7203 8
1744 9271 8
1744 5523 12
1744 3332 64
6962 9375 17
7471 5367 8
5780 9934 81
3968 5807 18
2646 4621 17
2646 1640 6
1683 9845 45
9845 9141 60
329 5446 52
329 6345 21
5446 8115 66
5446 4850 16
4324 7999 30
4324 4939 94
4324 9465 40
7999 3128 48
7999 7760 31
1702 7643 45
1702 8173 50
1702 1030 99
1702 9488 93
7643 1965 29
7643 6126 92
2931 2545 35
2002 6592 16
2002 7426 8
2002 2291 69
6592 3100 98
1366 7586 60
5037 4568 24
5037 759 64
9471 3866 37
9471 3453 12
5043 3245 19
6384 7497 30
6384 7254 20
6384 3128 81
6384 7272 95
2271 4888 33
2271 5838 31
2271 6684 4
4888 4893 17
2883 9616 13
2883 4209 29
2883 3768 98
9616 7572 39
9616 3250 32
9616 7750 50
1379 8656 68
1379 9031 21
1379 5264 24
8656 1 41
6597 3317 32
74 620 95
74 9209 5
4054 6552 54
6552 5305 62
6552 8963 55
291 2844 76
1298 8386 77
1298 4943 87
3488 9742 23
6543 90 81
5576 8468 38
5576 838 32
5576 6348 13
5576 4948 11
8468 1546 89
8468 4124 67
1853 677 26
1853 8422 16
9058 4552 66
975 1556 61
9271 9948 79
9271 1983 40
9271 36 19
9948 1284 10
9948 4469 19
5271 386 88
5271 4942 34
3548 9201 86
3548 4770 94
3548 9435 98
3548 54 53
9201 687 9
9201 5449 5
579 4011 95
579 1130 83
4011 4044 100
4011 7262 84
5109 1090 48
5109 9481 1
5859 3866 18
5859 3641 58
5859 7656 29
4297 5775 45
7583 5073 50
7583 6312 54
626 3076 25
626 5603 100
626 6348 39
3076 1333 79
6510 9614 62
6510 5288 45
6510 500 97
5906 7417 73
5906 7760 57
6360 3098 99
6360 6690 80
85 8579 15
85 9650 74
8579 517 80
1659 307 10
2125 3103 5
2125 4959 10
2125 8724 63
2125 3126 51
3103 1463 45
3103 3220 1
495 2477 52
495 2397 97
2586 7924 82
2586 9093 4
9974 9873 64
2345 9643 62
2345 1911 99
2345 3713 1
2345 7556 10
9643 4010 98
9643 9600 6
1581 8493 68
1581 2859 68
1581 3701 36
8493 4668 34
8493 9932 57
8493 9856 73
5077 9008 71
5077 8179 10
9527 867 95
9527 4321 18
8171 1128 2
8171 8911 33
7819 1981 44
7819 6672 10
5308 6679 89
5308 3648 79
8126 9055 87
8126 6053 87
8126 2657 35
9055 6126 60
2261 5357 84
4282 9896 33
4282 5765 100
4282 3329 97
1756 8598 65
1756 7409 74
4990 5445 56
4990 7304 38
5445 6974 39
5445 8832 26
5445 602 4
7612 9104 23
9817 8959 45
9817 9402 42
7509 2253 17
7509 3570 87
7509 3102 13
7509 6168 75
8174 8722 47
8174 5982 80
8174 7515 14
8174 906 4
8722 4293 35
8722 8350 45
8722 8910 30
7051 9772 42
7051 9833 83
7051 5849 40
7051 2755 85
7559 233 76
7559 6032 86
1310 6286 27
1310 9325 96
1310 4569 68
6286 6968 64
6286 9076 95
9913 1463 47
9913 1695 31
3601 9863 87
3601 4985 80
3601 8503 60
7109 9278 28
7109 5196 12
7109 2069 34
7457 6312 68
7457 1960 13
7457 9738 68
4855 3651 74
6519 7321 52
6519 1214 5
6519 5669 13
5982 9589 72
5982 1905 84
5982 929 47
9589 8166 35
3263 3727 52
3263 4557 45
3263 8994 87
5773 2625 94
5773 53 68
636 8196 1
8196 4729 27
8196 6316 58
8196 5310 89
1780 5757 63
1780 8649 54
1780 7499 39
7195 2111 80
7195 6440 56
7195 1713 3
7195 4934 45
3407 9111 18
3407 4903 2
3407 7364 24
1119 6071 28
1119 4474 15
1119 4805 30
6071 7172 98
6071 1602 36
7114 7886 86
7114 943 42
7114 3410 95
7886 1793 4
7886 8324 80
2029 7396 83
2029 5935 91
7396 6157 59
2273 8695 87
2273 861 38
8695 597 24
8695 3021 82
5751 7825 19
5751 6362 64
5751 194 3
842 3486 91
842 1150 30
842 8177 62
854 3593 51
854 8794 47
6525 9719 63
6525 1973 32
9719 1293 56
8372 9238 36
3469 1571 27
6058 5276 71
4128 2348 48
4128 5145 93
4128 5202 50
4128 7585 31
6859 4359 19
6859 6690 48
469 3946 96
469 1047 48
9894 1819 99
2657 4803 87
2657 1173 99
2657 5849 53
6712 7451 15
6712 9930 3
7451 4379 42
7451 5459 80
2276 7407 55
2276 5969 11
7407 3722 5
7407 5137 86
7407 6131 78
6545 9840 40
5213 7774 70
5213 7933 57
7774 4051 8
7774 3768 3
7774 1817 58
668 3392 96
668 591 32
749 5882 93
749 7139 50
8871 2997 38
8871 2407 55
8871 3329 70
8871 8625 73
1941 9938 78
1941 9286 26
1941 6839 38
9938 75 69
9938 5638 84
2089 9104 14
7526 8499 72
7526 2934 83
7526 8326 62
5561 7743 86
5561 4186 34
5561 6175 66
2087 1019 13
2087 598 41
7896 5585 58
7896 1238 35
7896 7513 54
7896 2257 16
4988 9488 66
4988 9846 71
526 6175 81
526 8987 56
6175 9568 81
6175 7617 29
5680 7933 65
5680 7657 71
5680 6028 63
7933 5736 75
7933 8837 40
7933 9655 15
3321 8179 55
3326 8523 84
3326 1859 62
3326 3613 73
3326 1004 36
8523 6493 90
8523 1464 23
1064 436 37
1064 61 21
7172 8509 10
7172 9702 82
7172 6487 74
8509 7752 69
8509 8687 58
8509 5959 18
8719 8335 41
2621 9655 48
2621 6553 30
306 9410 64
306 61 98
9410 6299 72
3045 7594 79
8500 9593 77
8500 3022 10
8500 3193 8
8500 3859 96
9593 9526 49
9593 7527 38
8507 314 69
8507 9982 45
537 7064 48
537 7456 100
537 7961 93
7064 8705 6
7064 253 96
8186 301 59
1936 5058 73
3832 9391 75
3832 6553 43
3832 3231 71
9391 231 47
9391 6937 81
9391 2566 58
4801 7505 100
4801 428 58
5252 8069 53
2302 4766 97
2302 5508 87
2302 3756 36
4766 2869 77
4766 3961 84
863 2835 90
863 2496 9
902 2942 95
902 4204 19
3118 2157 92
3118 6952 62
3118 1545 61
8322 7278 73
4619 2803 80
4619 3140 28
2313 5744 100
2313 9482 73
2313 3249 20
1539 9196 90
1539 3642 44
1539 2895 51
7672 6222 54
2068 8103 99
2068 8323 76
2068 7148 11
2068 6589 45
8103 1477 89
8103 282 15
8103 2565 29
9667 1700 57
9667 8358 29
9667 3348 27
9667 141 95
3655 7785 51
3655 3870 90
7785 5828 90
7785 6974 12
6497 2787 37
6497 4051 1
6497 8087 32
2839 5309 71
2839 4359 75
2347 6034 73
2347 6304 56
4949 6455 86
4949 30 79
4949 1285 87
6157 3435 45
2856 9511 41
2856 1922 96
883 6941 70
883 3209 51
7528 7366 52
9031 9713 92
9031 6236 1
9031 8241 77
9713 2925 35
2080 5238 38
2080 1877 94
5238 3370 31
4819 2294 10
4819 1477 7
9333 3783 18
9333 1191 6
7055 4284 42
7055 7462 43
3358 3576 95
3358 383 20
3576 404 51
3576 7991 64
3576 5954 85
7257 8706 12
7257 9000 88
2568 6572 69
2568 8582 8
4388 2493 25
5611 8464 45
5611 5349 28
5611 6339 27
9908 9614 52
2477 8607 58
2477 9673 84
1204 2445 13
1204 1417 69
8698 3239 94
8698 9328 65
370 3247 33
370 7573 15
370 8283 28
370 5181 64
3247 1279 60
2250 1024 33
4048 3059 64
4048 701 60
4048 925 24
1499 8026 36
1499 1365 29
6210 3672 81
4905 6264 13
2924 3621 21
2924 6074 5
2924 8079 89
2924 988 92
3543 8345 93
3543 7050 12
3543 1632 92
3192 55 19
3192 1036 74
231 9854 89
9854 8743 38
9854 3555 21
5026 5113 73
400 6630 62
400 4480 12
400 3891 90
400 4348 39
6630 1763 68
6630 839 10
6630 224 32
7269 7163 75
7269 1906 53
5309 9523 84
5309 974 14
5309 6333 38
9523 4739 88
9523 2259 59
9523 3086 40
2990 8387 31
2990 1877 77
2990 1519 66
8387 9294 8
8387 3707 4
5990 7413 84
5990 2466 77
5990 3432 51
5990 8546 61
7413 9226 72
7413 2292 35
7413 3826 2
1228 9481 94
1228 8335 31
9133 2159 41
9615 2374 12
1308 1053 28
2062 2648 52
2062 8546 43
2062 919 88
2648 7425 39
2648 9797 96
8265 540 35
8265 5955 12
7691 4666 16
2659 8007 21
2659 7903 78
8007 166 5
8007 4704 90
8007 9815 31
2325 8780 56
2325 5320 74
1254 1576 31
1254 1039 97
1576 4625 41
1576 4984 30
1975 8198 16
1975 2633 88
1975 5020 50
2231 8095 13
2231 4218 56
2231 3658 31
8095 7142 14
8857 8745 71
3281 2359 49
3281 4269 8
3281 4347 4
327 4953 14
327 3404 29
327 2857 40
2862 8312 63
2862 3162 57
2862 6891 32
8312 9110 98
5986 4827 92
4781 9487 34
4781 7613 33
4781 530 77
4781 7192 9
4781 2367 46
9487 2085 10
9487 141 67
2156 7015 35
2156 6011 87
1168 8167 66
1168 8445 73
1168 3322 60
1168 1782 74
8167 6180 2
8167 7920 62
8167 1375 86
6936 2280 46
6936 654 22
6936 6594 64
7469 1884 100
3687 448 27
3687 3683 45
2545 1670 82
1552 2466 43
1552 4346 77
1552 1606 23
2566 8327 6
2566 7446 20
2540 3028 14
9117 3880 59
7136 8344 9
7136 3822 59
8344 4198 77
8344 1615 53
7401 8677 77
7401 6558 25
7401 2351 62
8323 7245 6
5817 2694 62
5817 6697 32
5817 2411 98
3830 4114 36
4441 683 35
4441 720 6
4441 6472 45
1285 1531 78
1285 5351 14
1285 2168 65
6861 5226 19
6861 4240 97
1130 315 90
7403 9977 47
7403 1564 84
7403 3650 65
2376 1630 48
2376 1300 35
2376 2338 73
6681 294 59
6681 4080 85
3484 7340 58
4385 3185 24
3241 9539 21
3241 5881 36
3241 6723 67
3241 8033 21
9539 9660 96
3632 1519 82
3632 4242 80
8459 46 14
2906 6954 77
2906 4080 3
2906 2295 44
5834 4047 1
5834 8987 12
5834 6532 7
868 3858 68
2707 2367 84
7832 8539 88
7832 2216 16
7832 3784 72
667 2902 48
667 6940 10
667 6684 67
6804 8089 66
6804 2142 55
6804 2502 25
8089 9584 17
8089 7315 20
9074 9060 60
9074 2166 57
8832 9290 42
1450 4176 25
1450 8658 16
1450 5198 24
4176 457 87
4176 4031 50
4176 9062 35
3891 3660 52
1075 3287 22
406 6220 48
6985 7141 69
6985 4038 85
2317 3919 34
2317 2858 82
2317 4471 83
3919 4859 84
3919 740 29
3919 8362 7
6372 9863 88
6372 6871 38
5523 7709 31
5523 1417 3
5523 5866 45
7709 7789 9
879 8682 9
8682 4796 67
8682 3706 33
5648 6657 66
5648 5775 77
5648 3037 59
5648 1630 96
1911 3581 10
1911 8185 77
3581 1097 29
3581 5524 52
4043 1161 36
4043 6475 82
1288 8328 9
1288 7666 42
8328 1004 20
9336 3516 62
9336 4652 8
3625 5699 95
3625 4692 25
9651 8310 74
9651 9160 41
1973 5100 86
5460 8498 21
5460 7750 22
5460 1954 61
3474 8504 37
3474 4630 19
8504 5024 6
3792 8841 4
3792 2590 77
3792 7047 100
1084 3021 18
1084 457 4
3021 5728 38
3021 7615 92
3021 53 5
512 9247 57
512 2328 31
4617 6758 9
4617 3572 80
5137 8181 39
5137 6255 20
5137 2154 15
8181 6949 76
8181 658 30
3165 4379 9
3165 5579 29
3165 5892 10
3978 5189 48
3978 6084 13
3978 5796 89
3978 1447 27
5189 7556 50
9912 7666 13
9912 943 87
9912 6302 19
1715 4177 9
1715 7178 72
4177 7245 51
4177 1214 75
648 9705 41
648 8014 41
5603 1212 17
6790 9614 29
6790 6641 40
6790 8438 63
2548 9979 42
2548 350 14
4469 5542 25
4469 7515 23
4469 7463 19
1603 3694 89
1545 4166 15
1545 7001 92
9979 3929 100
6515 9917 67
6515 2278 54
9917 6697 13
789 4146 65
789 7054 66
4146 4367 44
4146 2090 24
4146 3335 75
4146 5198 56
9402 5869 59
9402 5210 51
3831 2266 89
3831 6725 15
7974 6296 41
7356 9570 95
7356 6569 39
9570 1863 19
9570 5683 75
687 5158 93
687 6217 39
5158 8407 13
4322 9190 24
9276 8763 36
9276 3701 78
9276 1802 74
3859 9430 56
3859 8427 76
2544 267 36
2544 6691 1
3249 6560 80
3249 5777 33
3249 3611 50
6560 8650 81
3317 1837 83
3317 5508 1
6556 6144 60
6556 8916 67
8096 6863 46
8096 7126 77
8096 6310 70
960 9035 92
960 9081 75
2651 5298 39
5298 1679 57
5298 8808 72
5298 4575 9
4613 7684 57
4613 838 38
4613 3425 47
3481 9138 35
3481 7614 97
3481 3736 22
3481 3461 64
9138 9823 24
7560 1061 82
7560 5368 31
1145 1024 12
6748 4777 92
6748 9796 94
3486 1362 25
7053 9789 11
7053 3814 69
8000 8412 1
8000 2891 40
8412 6053 97
8412 7262 72
4262 5152 70
4262 2522 21
4262 8041 47
575 9053 49
575 2381 78
2216 2502 21
736 6823 56
736 3288 57
6823 816 96
1632 8546 63
6640 7522 41
6640 7137 8
6865 5758 35
6865 4490 10
7230 7632 60
7230 4070 71
7230 1304 56
7230 6341 11
7632 3034 27
7632 7919 85
9449 1448 21
4655 4351 41
4655 2895 77
4655 9568 88
8184 301 72
8184 9746 74
8184 5619 76
8184 5888 85
8152 2338 7
2242 2352 49
2242 8273 98
2242 5728 78
2242 6383 53
2352 5504 51
2352 8339 47
3372 8716 87
3372 6514 20
1175 7009 36
7534 5281 96
7534 1611 94
4319 7094 29
4398 1800 81
4398 5380 5
2238 8245 8
2238 5761 10
2238 8339 44
2238 3025 59
2238 2494 66
8245 8585 55
8245 5590 5
3697 8503 100
3697 6406 56
9035 1471 30
9035 5855 45
4057 220 91
4057 7755 72
7102 9675 7
7102 4304 14
7102 2938 5
7102 8259 36
9675 2328 37
9675 2813 29
6891 7500 38
3059 8082 3
3059 179 25
3059 3774 71
8581 1574 18
8581 2037 78
8581 2618 1
8581 711 86
8899 7924 8
8899 2970 83
5424 7245 11
3362 7412 71
3362 3428 62
3362 6803 93
7143 1097 62
2935 5533 89
2774 5937 83
2774 4942 38
2774 1834 21
5709 6514 98
5709 618 41
8474 4166 3
8474 9431 40
6791 350 72
6791 9190 57
3028 8273 21
3028 8104 79
7324 4734 78
267 4519 81
267 7728 51
267 6447 7
4519 5470 97
4519 8195 66
4519 7155 39
2942 7919 6
2942 1635 57
7919 8326 60
5855 8270 46
919 5613 8
919 4878 37
850 7728 56
850 1670 12
996 7400 9
6458 1197 37
7371 9394 72
9394 5953 64
9394 8539 95
9394 7458 99
9215 2418 56
9215 7615 26
2529 9793 65
2529 3435 2
9793 6966 98
9793 3547 12
4522 8755 60
866 1923 72
866 1420 66
3350 2397 63
3350 3193 7
1689 6218 78
1689 9219 81
1689 540 25
1859 7904 62
7904 4777 2
7904 9811 7
6868 3620 14
6868 2168 30
6868 9292 82
6868 748 45
688 8310 65
9953 1067 32
9953 9916 35
1354 8911 66
316 3202 78
316 4853 20
316 6986 64
316 4051 68
3202 2264 80
3202 7411 57
9600 4609 78
9600 2468 86
4809 8341 31
6926 6949 9
6926 250 88
6926 5011 10
1589 2135 60
1589 8818 34
2135 9268 51
2135 4557 86
2938 2436 25
448 2166 77
448 9933 42
4934 9278 5
4934 7425 28
8398 7537 94
3528 6002 64
3528 2898 79
3528 6337 89
6002 8198 84
7924 2898 95
7924 7955 72
7890 4106 7
2367 2609 2
2367 6114 69
5889 7191 66
1854 6324 99
1854 3988 22
1854 7424 19
1854 3920 48
6324 4147 65
2504 7372 78
2504 8259 21
2504 245 44
7372 8724 99
7372 864 43
1585 4667 89
1585 7762 92
1585 7527 60
1114 4429 87
1114 1587 70
2027 7972 44
2027 587 88
7972 8466 38
7972 4703 80
890 7745 87
890 8868 71
6516 5836 78
6516 5161 6
4205 5602 44
6895 446 17
6895 3858 71
5546 3349 10
4764 2390 77
4764 2998 78
4776 7743 10
177 4281 51
177 8909 20
177 6913 37
4281 7182 17
4281 3011 57
6934 6153 32
6934 0 51
277 9184 15
277 4946 87
9184 1608 84
9184 5169 23
9538 2997 97
9538 7546 70
9538 6431 56
7692 8848 29
7692 3643 74
8848 4827 74
8848 6108 57
8848 6890 47
1477 8625 69
9439 1078 23
2567 654 9
2567 7801 8
2567 3658 98
2567 5403 10
1309 5961 16
1309 3713 63
1309 611 76
1309 5978 94
1309 5671 82
5961 9170 66
3094 5628 64
5628 8028 38
5628 8164 87
3821 303 68
2556 8204 100
2556 1606 56
2556 8495 27
2556 2917 12
8204 1971 76
8204 3067 50
3922 7530 61
1263 9534 77
1263 7409 33
1263 5272 29
9534 9216 9
9534 1754 40
9534 558 94
2536 6126 55
2536 9892 75
6656 5374 31
6656 8696 98
6255 4874 63
6255 6111 56
7781 1359 60
9011 4824 47
2448 1098 89
2448 7272 30
4207 9639 42
1072 2194 80
1072 9159 15
1072 700 21
6845 9546 72
6845 781 25
942 7358 20
942 8631 72
7573 9879 48
7573 3346 1
7573 642 40
2410 6771 98
3988 2940 93
5882 9039 99
5882 5449 13
5882 7731 59
9039 79 93
9039 1754 32
8232 7368 72
8232 6600 21
1672 7086 88
1672 6723 82
1672 7191 94
7086 9366 25
7086 2085 10
4471 5138 67
176 417 30
176 9438 44
6418 9773 25
6418 1157 3
6418 1440 32
9773 5397 47
4936 8012 100
9284 7415 40
9284 5787 47
9284 7063 43
9453 5745 50
9453 3228 27
9488 1963 97
9488 9274 55
6354 748 60
2000 946 5
6683 8916 70
6683 5023 9
6683 4478 30
8916 7015 49
5805 6698 26
5805 2150 32
5805 2127 85
5805 3784 95
5805 5985 83
6698 2378 94
6698 2408 20
6698 117 81
1278 9995 20
1278 117 91
1278 7793 52
9430 5254 73
9430 7558 35
55 4505 18
55 2388 20
4505 7379 71
8666 5499 62
8666 3409 59
8666 3320 12
8645 6376 56
8645 2594 42
8645 7742 21
5684 9562 84
5684 1547 18
9562 2715 35
8451 6037 27
8451 7717 19
8451 2812 7
9551 503 94
5294 602 5
1091 1326 64
1091 5868 15
1091 9143 45
7164 5649 25
9951 282 72
9951 825 47
9951 4255 46
9951 6079 25
515 3335 75
515 4139 36
1019 383 14
1019 4458 86
1019 8431 15
3647 8115 80
3647 5562 34
3647 3393 100
3647 9110 31
8115 2970 23
8115 8148 98
8115 8690 30
4230 6221 73
6221 7607 3
6221 8880 36
6221 5828 63
1244 5588 54
1244 4466 93
5268 7087 80
5268 5384 78
4429 6057 57
4429 303 66
4429 309 3
6057 5762 79
6436 8769 4
6436 6241 35
6436 8243 72
8769 1011 47
8769 5314 32
2453 7021 51
2453 7015 54
2453 759 18
5533 6180 93
8121 8281 51
1466 9835 42
7941 7636 91
5123 3897 99
5123 3327 86
4917 7441 43
4917 9190 25
4917 7515 1
1965 6236 14
1965 3785 79
6236 4088 42
6236 8314 96
6236 1030 73
103 2733 20
103 6362 90
8643 3876 39
4404 9171 93
4404 7923 33
4404 9611 92
6930 8464 81
1249 6416 50
1249 7293 24
6416 2836 15
6416 5923 33
2356 5276 63
2356 4110 70
2356 8892 61
3960 4750 21
3960 5824 29
4750 9007 49
1802 9198 32
5196 5619 46
5196 5721 84
6131 4831 47
9278 9629 79
6259 6331 42
6259 336 25
6259 7446 65
6259 5777 93
6331 8306 77
3003 8450 42
5614 2322 16
5614 470 14
5614 2768 17
6415 4225 5
7900 4474 12
7900 197 17
3039 7157 20
7157 9106 6
7157 857 25
1022 4667 95
1022 7298 49
1022 6100 55
1706 7018 66
1706 2392 4
1706 6569 53
1706 7622 10
7018 4639 1
7018 6855 13
8651 3025 6
8651 9364 97
7254 2286 23
7254 7834 97
7254 6024 60
4703 2488 75
7729 1825 45
1651 2322 24
1651 2394 65
5618 6654 31
5618 1078 31
930 9779 88
930 9134 76
930 1567 72
930 7834 61
9779 9355 20
9779 3051 100
140 992 32
140 3952 13
140 3205 100
992 6797 67
8841 7743 23
8841 248 85
1457 8892 16
1457 9760 48
1457 2812 68
5082 6250 6
5082 1284 83
5082 4365 80
5082 5138 39
5082 3441 69
6250 8739 61
9077 6666 54
9077 1319 16
8005 9030 36
2070 7779 90
2070 1108 64
2070 386 14
2070 677 72
7779 2430 86
7779 6675 64
3251 7530 54
3251 1150 34
7554 2421 24
7554 9818 19
4403 3167 59
6350 8407 88
8407 1629 34
926 7238 44
926 8279 41
926 9247 7
7908 5677 84
7908 6337 43
7908 4746 31
5377 6946 39
5377 6198 54
1788 1250 39
1788 5828 6
6092 8052 84
6092 9151 7
5198 1998 60
260 6025 21
260 5204 11
260 3684 6
4733 5640 62
4733 2050 27
9789 5531 24
6781 1425 12
4805 2654 8
4737 76 98
4737 250 61
4737 9914 10
5835 7910 65
5835 5963 77
5835 9120 69
5835 4506 72
7910 9016 36
7910 8004 33
1464 6009 96
1464 2430 81
1106 6301 59
1106 7690 89
6301 2407 40
6301 5953 52
4670 7682 51
957 7330 40
7271 7446 63
1856 6240 25
1856 9376 8
6240 1371 86
8588 7657 21
373 2370 26
373 5100 13
373 5056 16
373 4341 63
373 3300 16
2370 5711 52
4347 8548 9
4347 9846 37
5352 3954 81
5352 1023 65
3651 161 92
3651 1190 27
5872 8485 30
5872 3822 78
5872 8045 69
8485 7000 39
8485 3411 62
2580 3294 11
2580 9479 24
2580 5280 82
9461 6037 62
1025 256 90
4887 6777 71
4887 7940 34
6777 4475 9
5255 7203 98
9029 5876 85
9029 8896 51
9029 838 49
335 2803 77
501 3063 68
501 9287 70
3063 7654 17
3063 5745 98
2718 7323 43
2718 4189 67
2718 6114 94
6244 7744 37
6244 1852 54
6244 3701 59
7895 1868 86
2623 9670 87
2623 8081 30
2623 3987 93
9670 580 2
4876 3309 45
4876 7986 14
1014 3127 89
1014 4023 7
1014 7093 10
4953 4475 24
6569 251 21
6569 2084 1
79 7873 92
5380 9090 68
9379 3913 35
4369 4677 35
4369 5866 81
459 1611 20
3005 4436 88
3005 4567 95
3005 5585 99
3005 3239 44
3005 3186 85
4436 2331 85
4436 8868 36
4436 7735 20
4436 7654 18
7964 1901 89
7964 6146 37
8675 6914 26
8675 3141 1
9000 5912 38
9196 4478 97
744 7523 68
178 1924 2
876 7474 13
876 8743 59
2106 4939 46
4939 9503 71
844 8208 72
8208 76 38
8208 9521 83
8208 3002 73
8208 2411 36
5349 7642 98
5349 3705 57
6633 9982 66
6633 7023 26
6633 379 93
9982 4646 87
9982 5964 77
1772 3025 1
1772 5729 94
1772 3550 8
2765 6423 62
2765 4348 78
6423 3329 5
6423 6161 9
6423 444 92
5601 9833 80
5601 5336 46
5601 8359 21
5226 6200 34
5226 5204 26
8883 3590 66
8883 9660 11
8883 2582 66
3201 7892 54
3201 1210 37
3201 7816 76
7892 4542 81
7892 1373 11
472 6502 49
314 5846 42
7485 8104 71
7485 1037 11
7485 8897 25
7485 9457 99
8104 9494 76
894 433 31
8071 2493 71
8071 5562 42
8071 1697 56
3709 8361 97
8290 7775 21
8290 3693 79
8290 7364 33
433 6734 53
433 5580 17
433 5324 77
7780 4530 60
8616 4597 28
662 9320 62
662 818 73
662 1180 38
662 2329 61
4227 9795 73
4859 5807 91
4859 9008 37
8705 9343 49
8705 3815 7
2847 3411 17
2847 5176 92
3168 1069 22
3168 646 33
4044 6993 41
4044 6494 84
4044 4263 61
1279 4112 33
1279 3841 12
3616 2283 51
2913 5465 88
3406 6316 99
3406 939 7
5425 1852 58
5425 2109 55
3023 8262 64
3023 8532 96
9950 8427 2
9950 5477 51
2081 3921 90
7674 9241 63
4160 510 79
9418 2479 27
9418 7731 8
8302 9907 15
8302 2221 92
9907 7176 96
9907 2012 61
9907 3952 5
5363 9766 78
1003 8324 96
1003 6524 99
5190 4408 79
5655 2239 1
5655 301 97
5655 419 73
2239 9637 68
2239 7791 19
9320 6583 33
1302 2912 33
3128 3309 1
3128 7298 80
3309 1131 62
1596 8437 100
1596 1069 36
8437 7871 5
8437 2392 1
8437 601 79
3903 8920 4
3903 1434 98
3903 6746 80
3304 5699 73
8532 8959 1
8532 389 31
6073 8946 8
6073 2380 42
6073 2757 16
1436 1153 83
1436 9818 4
343 1567 15
3756 5427 88
108 4648 70
108 9082 84
2777 3507 45
4772 3765 44
4772 9387 20
2869 1775 28
4068 3441 67
8140 1117 24
7203 2297 7
6984 8281 81
6984 7148 35
8281 558 17
8333 5004 51
9084 4070 95
9084 3447 73
2826 9930 42
4548 9189 9
4548 7273 3
9189 9301 86
3225 8829 12
3225 4090 65
3225 1887 8
3225 2717 84
8829 2967 98
8829 8639 93
1117 2278 63
2278 6636 58
2278 9824 16
2278 1809 82
7757 8658 37
7757 8269 19
2301 2479 92
2301 825 96
2479 2253 18
2479 9772 55
9412 7976 44
949 3983 45
949 2658 53
949 8445 66
3983 5477 88
4365 7768 98
7768 9002 81
7768 1800 73
2459 6047 30
2459 1243 63
2459 7192 64
6047 2296 36
6047 1218 47
2046 3599 95
2046 3701 36
3599 5336 36
3599 220 46
6251 7169 22
5504 5960 40
5221 4856 44
350 6763 58
7973 9629 70
7973 2294 82
7973 7624 86
9629 7557 48
4076 8173 40
4076 2920 28
102 9517 51
102 6297 72
102 7578 82
7682 344 59
8188 7520 91
8188 8823 64
8188 1716 75
8188 6863 29
4943 3424 55
4943 5549 36
4943 2804 92
7376 1514 18
2895 1083 81
2895 686 67
5910 1954 80
5910 7828 87
1721 3034 7
1721 2486 3
1721 604 76
1721 4407 51
3034 2740 9
5336 4147 69
5557 7337 19
5557 5008 18
6980 2603 68
3275 6150 34
3275 417 58
5145 6495 98
5145 8256 36
5145 4166 67
9702 2378 67
569 3051 65
6194 8045 94
6194 2812 97
8503 1004 33
802 8172 3
802 6450 24
183 7162 22
183 2930 84
7162 7940 86
7162 4564 76
7162 7001 73
7508 6697 9
7508 4244 1
3288 6467 51
3288 8736 1
3288 7614 9
3816 1668 89
3816 3803 72
5511 7760 35
5511 6447 78
5511 4244 18
5511 4856 20
7760 5677 46
2374 1530 19
2374 7636 35
3706 5532 81
3706 282 59
5532 5651 20
2359 2037 97
4001 4023 19
4001 9762 38
4001 4310 36
3144 7456 49
3144 137 89
3144 1981 86
4629 2820 88
4629 4217 74
1645 7441 22
1645 90 82
1645 2200 33
1645 3705 96
1645 2060 31
7441 5329 53
7441 4537 69
3061 6302 80
3061 3190 40
3061 7252 35
6302 2950 70
2996 8160 9
2996 5957 72
2996 4672 55
3806 8930 95
3806 8748 88
8930 2780 20
8930 3924 78
8930 5821 51
7594 7186 65
7594 1345 8
7594 4646 2
2480 6638 33
3186 4466 93
444 1306 77
910 6820 77
910 946 28
7050 8260 76
2408 4653 73
4557 2050 72
4143 9208 7
4143 878 73
4143 8755 21
4143 7092 37
9208 6968 65
8094 1945 21
73 9878 15
73 7187 42
7347 9832 62
2328 8740 63
2328 4788 21
2221 7769 60
2221 5621 79
1714 5162 61
7262 3593 19
2153 2077 82
2153 8793 96
5322 9795 71
5322 1707 40
9795 8724 53
9422 1088 39
9422 1494 20
3820 9385 16
3820 7755 31
3820 8194 70
3820 6289 82
9519 5359 8
9519 6453 50
7629 8690 34
7629 1717 92
7182 3723 2
1809 62 8
2820 3461 19
2820 862 75
5471 5164 6
5471 3261 91
5471 8335 19
404 8263 72
404 6387 7
8263 92 27
8263 5674 70
5733 7578 84
5733 689 56
5733 843 3
5733 6711 10
7578 4174 82
7578 3220 93
2078 824 40
3213 8630 56
3213 2386 24
3213 9495 12
8630 3140 6
8630 1344 73
6084 9919 49
2822 8031 23
2822 7809 26
2822 3642 35
9852 4986 28
9852 2073 34
9852 2676 54
9216 7905 25
9216 5384 28
8539 8537 81
8539 9924 54
5407 4601 54
5407 7830 76
7989 9530 95
2956 7634 77
2956 8805 49
2956 7351 31
2956 7791 27
7634 3098 100
1773 861 17
1773 843 65
5699 2864 58
2626 727 60
2626 9805 71
2626 1590 30
2228 2270 38
4354 9762 6
4354 7047 20
4354 2011 76
9171 6669 38
9171 5347 50
646 3958 12
646 7215 1
3958 2715 18
7415 7610 80
2322 3102 23
3913 7572 43
3913 9419 5
3913 2796 5
956 5745 71
956 2635 15
6182 7850 25
4070 7520 45
95 7967 36
9906 9059 77
1724 3212 36
1724 592 8
8438 4367 97
8438 7705 19
2635 5094 14
2635 2292 19
5094 9936 33
5094 8794 9
24 1305 63
24 9458 31
24 3250 80
24 9996 57
1305 689 95
1305 8301 58
1305 6558 3
6277 2437 60
5090 2004 76
5090 3642 74
5090 8147 62
4827 8639 22
5470 5795 63
5470 7088 18
5470 9764 66
5470 53 29
3048 4458 13
3048 4644 9
4458 6338 66
288 9197 82
3347 6969 76
3347 7670 30
3347 2986 71
9353 2920 43
8780 51 1
8780 5795 90
1377 2329 13
1377 3164 37
5675 4645 74
5675 4675 42
1598 8056 68
1598 1767 77
1598 1131 88
8056 8534 13
8056 1880 87
8195 1047 33
8195 989 67
4931 7161 99
4300 7412 70
4300 8593 97
9007 6473 34
6450 7871 14
2986 6158 58
2986 1439 30
6158 3123 21
2060 8736 68
2060 805 50
3876 4740 53
8678 8724 65
8678 8280 84
8678 4159 25
535 3619 22
535 7675 43
1519 4110 36
1519 3803 91
4110 2227 45
3610 141 27
3610 874 93
3610 980 13
9841 8284 85
9841 3424 21
8876 2498 58
4666 5324 53
4666 3452 89
6909 8969 44
6909 155 13
8969 9637 55
8969 6052 16
2764 3439 89
3439 7793 81
3433 9193 40
8466 7003 67
8466 9197 65
8466 3214 62
4408 8742 41
4408 6735 27
2252 4984 12
2252 3195 69
4984 7475 47
5283 5276 94
5283 4661 86
8710 5888 34
5015 6669 82
5015 8564 1
5015 4130 71
5015 5329 84
6669 8788 79
6669 5235 62
1591 6993 64
4316 9788 94
4316 9833 61
4316 821 84
4316 5004 46
7850 1306 82
1347 3952 43
1347 5686 17
3952 604 61
3952 5723 99
9663 5092 3
9663 3356 2
4090 9738 43
4090 9958 80
4090 3690 37
4090 3613 73
9738 1256 97
3121 7015 58
3121 4600 2
3121 9219 1
4472 9251 95
4472 230 28
9251 3194 27
3742 7789 37
2455 9766 27
2455 7678 97
2294 9044 29
2294 4767 10
4692 2973 59
4692 6160 82
3516 6941 57
5744 3686 56
5744 878 45
2297 2767 45
2297 3573 24
2767 9531 47
2767 1333 81
2767 6337 32
5590 8431 25
3727 616 96
3069 4089 33
3069 6379 41
9916 2717 75
9916 8516 13
3774 6603 15
3774 5821 62
6603 5381 82
6603 541 12
6603 5085 91
6603 1445 87
76 6472 65
3329 9370 91
9370 7901 21
6028 289 84
6028 9862 32
2413 5170 2
5170 1243 19
2222 1622 12
2222 631 10
2222 1822 34
3827 1730 70
3827 1532 98
3827 52 8
5591 8888 71
5591 5171 47
2254 4162 94
4847 3245 52
4847 5627 10
4847 8271 16
938 2578 84
938 3723 2
938 1763 60
3073 9134 51
3073 2483 79
3073 677 17
3073 2 72
3073 4481 100
9134 1739 70
9134 1387 32
9134 4346 24
2551 8271 10
2551 1629 24
2551 8284 6
2551 3300 8
8271 4253 6
8271 5054 31
4756 4828 78
1034 8498 74
1034 4672 83
2604 8282 28
8282 5800 41
7646 7409 90
7646 4155 86
7646 5967 65
3445 8898 90
3445 2814 6
3445 1327 83
8898 4667 89
8898 7788 3
6949 847 74
4488 6431 27
9181 4665 67
3369 6809 85
3369 8352 15
6809 6406 83
1670 2446 13
8694 4850 32
8353 3375 59
8353 8350 84
6153 3880 38
6153 301 46
6153 2864 60
1201 3590 14
1201 1793 43
1201 4089 21
3590 4129 38
3590 499 35
3590 9364 46
141 1155 84
141 4299 44
9611 2012 94
8198 9936 33
8198 4460 36
2381 9747 57
8906 245 45
8906 5851 26
8906 625 64
2496 2608 87
2496 6390 86
2984 881 39
2984 7561 74
7061 1822 46
5892 2232 4
5892 8548 71
5892 8068 86
2729 5270 80
2729 1238 69
2729 4130 23
5270 4971 96
5270 1384 5
1037 6678 61
1037 7878 31
3519 2575 52
8920 7726 33
4948 2127 25
4948 9995 23
9632 4451 6
1983 4060 53
1088 5086 67
5124 5970 6
5124 8557 38
2654 67 44
4183 8388 46
2084 6794 67
6794 6222 78
3011 436 85
6053 5505 92
6053 2282 34
6053 8571 16
2353 435 96
2353 1387 32
1131 5868 68
7717 9718 35
7717 3496 23
9718 8358 2
9718 4255 24
5365 6971 32
5365 1495 20
6971 6018 70
6971 7585 44
6863 6218 1
8017 63 30
4832 4038 74
4832 2283 100
5183 5395 83
5395 1243 68
5395 6855 23
4594 4013 92
1795 1996 100
1795 8730 64
1795 9731 46
1795 6613 31
4864 7335 32
4864 1752 50
7335 2378 9
7335 9063 35
7335 693 5
8352 3668 49
8352 6426 77
7238 5804 88
7238 69 85
6353 9303 30
5061 8337 34
5250 8536 6
5500 5069 70
8880 1004 94
8880 8183 23
1637 8279 52
8279 2259 54
4871 3693 60
1425 3111 43
1425 3477 82
1425 3323 76
1425 4959 64
3111 8337 21
3111 5204 94
9620 6024 68
6392 6271 62
6392 9355 5
6976 9151 63
6684 8441 97
8983 3193 75
8983 4645 43
4898 6649 83
4898 9052 80
4898 9959 19
6649 2570 1
6649 8713 60
9435 5229 3
9435 4330 48
9435 1587 86
3187 5452 39
3126 9481 65
4683 9878 71
4683 4946 17
4683 3077 71
9878 3693 93
988 4584 76
988 3276 52
4584 3332 68
4584 1982 30
9580 1293 24
9580 874 38
5967 3676 2
5967 390 52
3973 8355 80
3973 6426 22
9874 2194 82
9874 6500 23
9874 6678 5
7584 7844 76
2306 8363 33
2306 9149 40
2306 1663 51
2306 4202 50
415 1108 70
415 5347 82
3961 4051 24
3961 2090 65
3573 6991 44
9452 5729 86
1981 7260 99
7260 5232 44
9359 6271 11
9359 4854 93
9359 3287 28
1793 2989 93
757 4785 100
4785 8774 6
4785 9856 56
4785 6437 10
8189 6271 51
8189 4552 31
8052 2641 58
8052 9360 3
8052 2283 9
1231 5738 86
1231 2335 76
1231 8044 25
1231 4218 55
7199 8787 70
7199 7527 53
7199 475 48
7199 5794 2
8787 1053 23
8787 1013 5
9901 2859 7
9901 8445 13
9901 7916 69
2047 5762 24
5762 4361 23
1059 8102 84
1059 3737 84
1059 3530 41
1059 7381 88
8102 6986 95
8102 7208 59
633 7446 71
5787 3037 72
584 8748 21
584 4734 57
8748 2616 77
8748 2355 65
2575 1066 32
1370 5058 30
6691 9860 14
3555 9323 29
3555 8316 53
3555 229 74
2499 7009 94
2499 3842 44
4777 686 19
4777 6051 13
6239 743 60
1775 818 59
1775 899 54
6348 7326 41
8028 8272 69
8740 3311 11
8740 3432 94
8557 3046 49
8557 379 45
4913 4863 75
1763 8715 85
8715 7521 72
8715 4058 54
6614 2109 66
2858 3404 24
2858 203 32
2554 8012 35
2554 3046 53
2554 9149 12
8577 816 18
8577 1502 30
8577 9664 54
9494 2460 34
1567 4435 4
1616 2212 46
1616 7226 67
5205 3432 52
5205 9495 20
4567 5729 64
2423 5794 86
461 8092 46
6264 8701 22
6264 2812 95
4946 5385 74
4729 2951 13
4729 8388 10
27 2392 63
27 7695 97
27 674 69
2321 5480 40
2321 8730 19
7917 9111 52
5898 9245 16
5898 1955 19
5898 4779 28
5066 2843 61
5066 8755 83
5600 8160 54
5600 805 50
5600 9584 100
36 7225 38
2130 5880 18
2130 7466 80
2130 6434 97
6303 1121 16
6303 5280 68
9241 4154 67
1564 9733 7
1564 1590 93
1564 4299 82
8165 8035 39
8165 819 9
3676 4529 56
3676 4651 25
3676 964 88
1635 7054 82
1635 7181 85
1635 3477 69
855 3681 86
855 7699 10
855 8065 27
855 2658 23
3681 3346 15
3681 9566 13
8092 9827 30
8092 1206 70
3861 5905 8
3861 7056 50
5725 9063 49
5725 598 19
5725 5962 58
7191 7287 4
7191 9715 16
7191 7500 29
7287 4564 9
7287 3320 6
834 7126 67
834 8655 53
834 354 71
7126 2866 100
734 2803 30
734 1990 93
828 4867 66
828 1353 83
4867 6054 56
5072 6675 14
5072 1069 19
1555 2348 97
1555 179 61
1555 8830 82
2348 2848 29
2348 5138 4
8450 2633 9
8450 6763 62
3185 9028 20
5965 2709 82
5965 2891 37
5761 7362 67
5761 9082 80
5761 1728 99
4564 4601 15
4564 5142 100
4564 3507 75
7940 2392 1
4088 6420 27
3451 9366 80
3451 7773 11
3451 7767 72
9366 1905 8
2565 5480 97
4798 9813 79
4798 3348 43
4798 7148 82
1312 5723 47
1312 7261 57
3178 1816 16
3178 1016 60
6937 689 78
6937 6489 1
3921 6440 37
3921 2460 75
6440 7411 85
6440 3954 100
4201 9463 78
4201 4886 74
4201 6998 19
9463 6855 57
9463 2112 84
6014 7206 45
6014 6732 46
6014 766 68
7206 9312 10
7206 9419 26
7206 5498 84
4783 4662 97
1295 8389 18
4986 3584 61
4986 6340 18
8828 7027 10
8828 5098 66
9927 224 19
9927 4958 4
92 5818 40
92 7379 92
5818 9247 66
5818 2466 48
7967 23 47
7967 6442 28
2416 2760 15
2416 1884 24
2416 5194 58
2760 2237 95
2760 3072 10
2760 5427 2
2694 7585 2
2694 4906 63
7585 1530 69
5728 4304 32
5728 592 39
6180 3072 63
6180 5683 40
7720 9940 17
7720 7618 71
7720 8571 97
3905 6502 25
3905 9296 30
4130 6108 18
9737 6178 41
6060 8573 24
6060 7618 88
6060 6558 71
8573 389 78
556 8688 99
556 2417 67
3747 1915 8
3747 6271 92
3747 9345 62
6433 7444 48
6433 5627 34
4144 4851 24
4144 4112 19
4851 4524 29
4851 5800 97
3283 8464 76
3283 8627 84
3283 1363 1
8464 7225 64
2466 5417 55
2466 4947 69
8888 3531 18
8888 5536 24
1711 2150 55
5152 9165 61
5152 6604 52
2960 3465 38
2960 3209 36
2960 1384 69
3465 3889 31
3465 7533 44
5816 4714 81
843 7871 57
9685 8536 22
9685 4869 38
9685 2032 47
4693 8045 82
4693 3999 84
4693 1536 13
4693 9666 100
8045 8662 66
5487 7618 34
5487 5323 99
7148 1767 47
3223 4225 12
3223 3388 12
3223 8683 19
4225 3746 84
3677 9968 83
9796 5142 18
470 6530 88
470 9486 34
245 5583 6
1933 6011 1
1933 5484 7
7622 9059 39
7622 5633 33
540 7844 95
2013 7315 59
6230 8498 28
6230 9096 63
8498 52 29
8498 3611 95
168 8148 87
168 4359 54
168 2794 15
8662 1705 71
8662 1743 25
511 7788 49
511 5264 98
511 3967 40
7003 1917 86
7003 4789 39
2326 1804 45
5562 8699 95
436 9389 53
9389 2449 25
9389 2292 42
8088 9747 59
8088 3037 24
8088 4971 56
9747 5937 28
4129 7859 7
4129 8706 43
4129 2218 90
7042 5452 45
8823 8317 86
8823 5880 9
1906 4614 31
3090 9791 55
3090 9082 15
9791 1452 63
884 6115 39
884 4120 13
6115 1922 13
6115 7533 76
6115 625 29
6115 2018 66
818 9444 77
6322 6077 4
6322 1353 74
164 4863 82
164 8023 92
164 563 30
164 3332 8
4863 6038 43
4863 9689 12
4765 8889 40
4765 5972 39
4765 7607 37
8889 9238 85
8889 2925 65
8889 254 43
5659 7285 97
4853 1554 25
4853 1995 87
336 8362 18
336 6460 23
3842 1362 18
1815 9968 68
1815 6399 52
6593 1934 39
6593 5795 51
9489 4171 69
1707 8183 41
1707 1764 47
5059 5422 60
2012 7272 86
2012 1221 12
2237 9655 83
2237 128 70
7800 9053 18
2866 989 17
1991 5644 99
5644 1214 97
941 4100 78
946 4734 5
816 8535 79
816 3593 97
8535 1174 100
8535 2406 84
8535 6651 35
977 3915 12
3915 9622 19
3915 1827 86
1746 7558 53
3393 9306 79
3393 4470 39
3393 503 51
1127 8671 7
1127 6675 21
1127 6379 63
1999 3409 10
1999 9996 59
1999 2845 70
2632 1636 39
2632 5531 25
8957 7849 27
4280 7282 58
4651 3267 37
4651 5350 84
4112 9170 32
3686 899 77
8594 2213 79
3901 5757 21
1373 3113 31
1373 8628 76
9892 8044 40
9892 1327 28
454 9140 87
8337 7208 46
6248 2582 77
6248 8896 91
6248 1316 96
3574 4348 32
3574 6530 26
1235 9942 23
9942 2184 26
294 5712 31
294 1985 90
294 4662 75
7856 7897 62
7856 4849 21
7856 9689 48
7897 6738 9
3815 7793 55
3815 2286 49
392 9788 39
9788 4245 68
7386 9290 67
7695 8895 70
7400 6738 64
7400 3155 87
4621 1359 95
3461 5350 10
3461 2049 60
2259 8194 92
654 7380 60
6265 6912 4
6265 9129 36
4373 7292 85
4373 1764 96
4373 6079 90
7292 5670 82
7292 3725 67
2218 3172 85
2218 8691 12
410 7572 89
410 2519 69
162 3157 19
8348 605 58
1791 4241 13
1791 2803 64
1791 1193 40
4241 3826 88
2331 3993 63
8458 3791 32
6034 524 66
1988 6648 42
9290 8545 79
3089 5254 41
6455 5458 40
6455 9098 70
6455 1806 48
3311 6434 22
3311 1760 46
3311 9824 30
6434 161 18
7825 6664 90
6054 4342 29
6054 5324 33
6054 2436 51
9072 683 83
1873 2687 22
1873 8270 96
1873 7735 84
2687 8631 3
2687 9961 61
7513 5888 54
1112 1250 69
1112 5248 99
1112 6387 62
8593 8445 65
8593 721 25
475 6888 10
475 2965 27
5391 6702 64
9762 8545 19
1748 2934 62
8781 1054 52
8781 2695 93
2514 3924 58
2151 693 48
2151 6746 82
1801 9635 93
1801 2609 31
5735 7474 97
5735 2213 26
4950 4263 9
8033 8861 82
7215 1445 14
7215 8835 86
1053 5095 25
5095 1371 63
5095 386 72
5095 9835 18
455 1389 57
455 2967 63
455 6208 33
455 9995 92
1389 1700 83
1389 8657 77
3620 2446 87
7021 9285 37
7021 3656 83
9650 5228 29
5836 2394 34
9729 3117 41
2097 9269 49
2097 7997 78
6178 3432 76
2733 7546 54
2733 1207 3
2733 6052 1
9209 880 41
5707 2431 18
9002 9930 13
9002 3696 51
9002 9082 95
811 9891 22
7155 9680 68
7155 6852 87
1532 7684 20
1532 7337 31
7684 6664 40
3770 4667 72
3770 3650 44
3770 3122 37
4667 538 18
229 1855 16
229 8280 68
2864 8537 27
2864 4671 26
2864 839 32
8537 5505 50
8537 6666 39
5556 4148 96
5556 281 36
4574 1012 5
4574 2311 65
1387 4835 61
1387 1863 66
4835 8803 99
4835 9312 45
4835 7187 44
4835 189 10
2172 8599 36
1067 5796 94
5796 3140 22
2663 5756 90
2663 9143 25
2663 8185 85
2663 6771 34
5756 4506 59
5756 5069 35
4142 2498 65
4142 8571 42
3959 5182 90
4390 6899 6
4390 7330 8
2578 3322 60
5429 7338 53
5429 985 51
5429 8530 86
5429 4600 19
7338 3880 84
7338 290 89
2982 4704 21
4704 1701 61
5229 8625 1
1512 4312 47
885 3623 4
885 6526 25
7139 2417 28
4866 8362 56
4866 9509 83
1916 7137 59
1916 8837 98
8041 9584 12
8041 5417 50
8041 7499 65
8041 7530 44
8068 4517 63
8068 6429 60
3176 620 7
3176 9431 52
3214 4446 12
3214 915 81
3214 5410 21
721 1582 13
721 379 26
2641 2018 27
2641 9045 35
9045 3315 92
1108 7288 48
5552 9531 13
5552 6437 84
5552 5368 97
1530 5164 72
1881 9505 11
1881 5757 74
1881 3424 41
1881 2104 59
9505 2653 62
1161 8627 18
1161 672 100
1161 4202 81
8627 3428 95
1713 6888 23
1713 5171 74
9060 8093 20
3294 5849 87
3294 3422 62
6051 8853 83
5292 2449 45
5292 2386 2
9568 7035 22
9568 5459 43
620 2912 78
620 5414 75
620 5777 14
9639 9554 70
3946 9937 36
4862 2436 12
9148 8929 11
9148 1174 97
1304 7789 81
1304 256 43
7186 9165 46
3531 3268 54
6472 4537 90
1590 8691 24
936 4635 53
7830 1931 91
9093 5746 7
2715 4202 72
2392 5368 80
8743 6338 24
8743 4816 94
1047 8247 13
1047 7828 71
1574 5092 61
1574 1508 54
5092 7337 25
5092 1420 19
1701 6437 29
1701 711 23
8687 9521 52
8687 8641 22
9521 3220 77
9521 1995 59
9521 9110 28
1197 5711 100
4361 6989 4
4361 6420 27
4361 867 79
6989 2444 82
598 9557 73
598 9862 88
598 1210 85
2213 8168 8
4971 6613 91
1905 9764 89
6207 8177 94
2630 145 47
7579 4321 42
2164 5935 55
2164 6968 54
2164 3972 94
1434 3209 28
1434 6300 92
1434 2446 41
9757 8663 60
9757 7293 82
740 9020 5
9680 9802 64
9680 5472 29
372 817 9
372 6144 62
817 3496 12
817 2383 3
3051 6306 42
5279 9460 87
5279 6037 42
6993 7817 92
7817 2828 5
7817 7001 6
1825 6664 86
5960 880 62
5960 6298 62
8607 2468 72
8607 6594 58
7658 4850 51
5495 4363 57
8389 5633 69
1121 7232 8
6366 4668 86
6366 3768 18
6366 7409 55
2386 1700 39
2386 9114 50
5736 9840 56
739 5671 98
739 3374 4
739 2110 97
739 658 16
2048 2516 38
2048 67 82
2048 4358 73
2048 7226 86
248 8544 63
2585 4959 83
2585 7997 59
2585 234 39
6334 4202 42
6334 3930 67
4746 5615 55
4746 7735 26
1174 7368 56
3259 9287 58
3259 5148 17
6826 8137 77
8137 23 59
531 3252 75
7310 8229 30
4740 9141 80
7873 9760 47
7873 2656 25
7873 1608 31
9760 5677 92
3969 4881 24
3969 3925 34
3969 9933 55
3969 6998 62
4881 3268 63
4881 8530 46
7411 1420 51
8897 8550 86
8897 6815 25
8897 1863 16
9193 3155 90
580 2488 76
199 1806 93
8495 566 96
2175 2516 24
2175 2460 97
2746 402 32
2746 4310 29
980 4167 13
2184 4734 72
2184 9190 67
5253 8749 93
5253 4155 78
223 7213 66
223 8035 63
3566 4935 33
7004 4106 5
1447 672 73
1447 7412 25
1447 8044 1
7615 9612 2
7615 7775 72
9612 3117 51
3643 191 1
3643 800 73
2008 8259 41
7484 2131 46
3680 3212 41
3680 500 35
6675 4524 82
1327 9062 15
4461 1570 70
4461 602 97
1743 6648 52
1743 6803 18
6648 1641 46
9387 9690 8
2268 1417 58
2268 4123 26
2268 8487 87
6505 2891 48
8172 9664 86
9664 6209 61
7588 5963 97
7588 6335 51
4496 5310 58
8113 1375 75
8113 8147 8
8113 881 80
1173 4609 34
1173 348 66
3025 9482 40
3313 5746 51
7178 700 45
4215 4329 93
4215 7533 66
4215 747 72
3078 6146 37
2093 2815 52
2093 9139 47
2815 8381 46
3502 6332 18
5742 3658 71
5742 6702 35
3374 7265 100
3374 1862 72
611 8164 46
8164 3799 54
8164 8736 72
1031 224 7
8273 6952 95
3212 5357 46
5357 4824 81
6425 2897 10
6425 1363 29
9219 428 98
90 7916 23
90 867 55
8345 4189 4
8345 1960 34
9096 2519 42
9096 7641 71
8185 4109 15
8185 7129 6
2426 7349 96
2426 3930 73
2426 1463 75
2787 3635 91
2787 7698 77
5782 8860 29
4792 674 13
9075 4406 20
9075 9876 86
7505 9876 84
7505 632 93
8742 402 55
8742 2755 43
7298 3928 44
4714 839 85
3098 8959 64
4663 5477 57
5477 7650 32
6873 3702 79
2378 8228 75
7650 8087 97
7650 465 11
5154 7321 72
2232 5416 94
2232 6168 69
5416 5129 92
5416 1098 48
5416 8229 94
5595 6746 26
5595 5142 61
5595 1649 94
5595 7321 24
5497 1639 80
5497 624 96
5497 3209 23
9644 8966 65
1562 5129 23
1562 6679 85
1562 3046 90
417 8135 53
417 5156 77
1267 311 52
253 4886 53
253 4194 64
4886 5673 14
1402 3615 26
1402 8716 71
3799 2077 37
3799 6725 21
4958 5505 32
4958 53 5
5505 3007 88
1284 2284 58
1284 2570 68
1284 402 91
9323 2731 91
9323 3758 14
5351 5583 39
402 1311 100
5073 5969 73
1533 3455 72
3455 1583 3
4635 3140 9
9331 5723 47
9331 5870 4
3856 6202 28
5627 4935 7
46 3657 86
5422 5912 61
5422 2860 98
2636 8369 96
2636 7923 54
8369 7082 68
8369 7955 92
8369 4606 93
707 3746 90
707 3999 80
5605 9956 82
5605 6797 11
9714 8628 29
9714 9739 95
4367 3962 18
9268 2813 7
9268 5113 69
137 7773 57
137 747 92
137 9019 17
7773 6991 79
6168 5729 5
6168 9343 61
3928 2973 21
3928 6942 3
4222 9438 14
4222 6126 58
9438 7801 84
4209 7698 30
4209 3320 38
4209 2592 60
7698 1868 16
3769 124 25
3769 7968 50
3769 5281 1
5248 9456 65
1700 4186 14
7412 359 6
7412 428 5
8803 4245 66
4166 6628 65
304 1157 56
2658 344 91
1955 3007 85
1054 61 80
5978 1912 90
8526 756 56
7586 3086 62
2842 4290 7
2842 3205 8
3715 1570 5
2431 5858 51
2431 7225 61
5414 7762 26
1487 4562 12
867 6406 43
9896 1648 42
9896 7466 17
8866 7726 5
8866 9104 44
1287 4261 78
1287 5320 56
4261 9557 98
2436 4653 55
9919 8044 63
189 5682 88
189 68 45
5682 7229 36
9511 9165 85
3323 1931 41
6775 9813 10
6775 2627 9
6775 9530 59
6775 7404 5
3385 1023 22
2653 4255 72
7169 7996 29
7996 6298 74
6572 7305 90
6572 6475 77
503 7265 81
7265 1438 46
7265 3182 20
7265 4383 43
3435 2159 40
3435 7144 21
2661 7419 30
2661 5843 46
8946 1322 97
309 9372 100
309 1277 50
6487 5686 66
7027 6114 5
7027 2460 7
7027 851 31
2110 5670 22
2110 6253 37
5670 3627 38
5670 6731 56
4006 7288 44
4253 9182 85
4253 9617 36
4253 5162 88
9182 7667 51
2917 8942 72
2161 5100 78
7775 155 80
5232 8757 98
7426 1503 84
7426 8470 16
250 4174 43
974 7923 55
2112 4542 20
9723 7082 24
5876 3398 72
5876 3621 17
6189 4628 2
9876 4020 20
9876 1901 44
4664 7382 52
7047 389 98
1923 1754 8
1923 4451 68
4639 203 95
7362 3962 39
700 2570 74
2570 6200 74
6100 7767 99
301 8062 64
7491 6383 85
925 3889 20
925 8699 26
925 6231 43
1316 7657 75
1705 4132 19
4132 5638 96
4132 8247 19
1570 1823 9
4445 9155 47
6986 62 75
8845 65 16
8845 9873 39
4407 7791 92
4407 6715 51
1629 6289 48
5339 345 46
5272 3141 41
8564 2406 22
1300 4338 55
1300 6424 47
1300 6882 8
4338 9772 97
8147 9961 67
8147 1005 14
9961 3713 77
9961 6860 18
5409 9622 26
9622 9514 48
720 3477 64
2762 5851 8
2762 3196 46
3422 4529 37
3422 2676 69
3422 8917 29
3422 3897 85
4529 6679 36
4529 4477 56
4529 6298 70
8513 2394 38
6396 2656 47
8856 5568 43
8856 1206 50
2691 7975 88
4330 7656 80
4330 9689 50
4330 3102 56
4330 1622 88
7656 4064 22
5821 8026 13
9052 8192 36
9052 8814 18
2722 9914 31
2722 1221 12
2722 3287 68
9914 8683 35
6358 1887 17
6358 3327 86
8805 7176 64
5499 4687 86
5499 6946 59
2483 3886 99
8767 8713 92
9857 9447 3
6198 9172 100
2212 1356 29
766 9745 89
9745 4383 19
9745 8484 15
3873 2009 79
3873 2843 64
3880 9690 92
5163 4588 83
7871 4477 51
7871 5954 21
4148 1901 89
7163 9161 97
4751 5235 19
4751 6253 17
878 1155 5
255 4355 65
255 5996 41
928 6532 81
985 7009 64
8835 1716 87
3155 7381 61
3155 68 19
3155 9155 27
3290 7144 69
1817 1891 90
7986 2887 8
7094 7530 53
8963 4576 22
9159 6137 5
97 1344 14
97 1362 40
1344 8749 100
3050 1417 35
3050 9150 19
5957 7815 63
5957 8023 69
7901 2835 47
9897 6882 48
9897 4542 52
5374 6558 50
5100 5161 76
5161 1985 11
1134 1848 16
3644 5181 48
3644 5933 34
5181 146 39
5181 3784 48
5807 8381 14
9811 2755 20
7715 3190 23
7715 9053 6
7715 819 46
6316 7241 91
6735 8926 2
6735 8359 74
4749 6758 53
4749 1012 30
2814 6275 99
2814 2670 90
6958 2603 5
1012 3164 21
530 3157 48
5677 3920 94
4052 2329 12
4052 9666 4
4052 8546 64
2598 233 23
2598 8081 1
5489 9326 3
3421 915 5
3547 321 57
3547 7321 38
6839 2390 79
3444 9067 42
3444 499 14
7975 5879 75
1963 5280 94
7444 8760 7
2522 8728 39
2522 3929 28
8728 8814 1
989 4400 27
3723 9879 80
3723 1934 59
881 1239 70
881 4123 86
1239 3538 14
602 5207 97
602 1727 23
5207 9633 57
5207 4007 24
5056 9213 35
5056 3200 13
5056 7755 12
9213 9823 7
9213 6174 14
7866 9766 45
7929 4481 89
5003 3123 53
951 4987 32
951 4329 23
4987 1879 29
9836 4446 8
9836 6010 17
9836 5972 98
825 2 7
8449 7038 84
5182 5881 24
394 4382 26
394 524 40
65 2295 92
65 8760 49
1752 3458 52
1752 234 91
2468 7875 64
3690 6821 38
68 8014 51
581 5176 2
581 5148 68
4992 4661 67
4992 6306 69
4992 8361 35
5923 5964 21
6338 7792 30
1417 5879 7
4013 3989 46
4013 2282 42
6144 7202 70
7320 9691 78
8388 356 74
5064 5004 73
1636 4031 73
1180 8256 83
1180 1862 76
5858 9934 35
194 2997 45
194 7613 68
7522 9105 46
7522 1727 100
7522 8672 85
4828 6217 74
4828 4674 2
6217 2409 91
5738 5955 11
2397 7849 69
7849 9514 52
2922 7670 74
2922 8533 23
2922 4890 45
2922 3297 15
7670 3085 93
6408 2073 87
9694 1503 32
9694 759 25
3972 5427 97
3972 9146 31
5427 6752 42
1345 5846 24
3720 9691 24
3720 3182 47
3456 4355 8
3456 7678 44
4355 2399 63
4355 8628 18
2022 4242 27
2022 8256 51
3477 682 93
6341 9558 74
6341 3889 6
5281 6680 66
6035 6461 44
6035 9956 97
6035 6289 12
861 1984 5
861 4892 7
4255 4290 82
8166 9586 37
8166 5452 9
411 7009 19
411 8408 81
9936 5696 3
2759 4194 72
2759 9835 62
3134 9110 69
9110 5285 26
4154 8910 54
4154 2486 77
8910 9081 66
2220 1543 47
2220 324 94
2220 9161 76
9531 3172 67
8683 4890 31
3929 3162 25
1036 1887 5
7610 1823 61
8494 9486 49
8696 6952 63
1868 1922 33
1508 3191 58
1508 2311 49
3191 435 86
5651 2832 93
5651 290 57
2418 299 55
1996 4421 73
1996 1606 54
3250 4155 63
807 5249 14
8999 1208 88
3244 8018 86
3244 1734 65
8018 289 100
7470 7607 40
99 2311 65
9019 7627 21
8830 5602 36
6717 5528 32
4020 8534 83
4020 5700 59
4020 43 25
8534 3072 41
9863 7364 80
9863 5328 44
9863 3789 92
9617 6770 21
9617 2291 14
9351 3791 31
9351 1754 92
9351 1415 44
4400 4787 15
4400 4516 68
4400 9656 38
4630 227 34
8652 9937 93
8652 7160 39
9937 578 52
2989 61 34
7132 4080 19
7132 4849 97
6209 5635 7
3348 5169 46
7809 7462 8
4275 7226 70
4275 4624 50
1513 5202 20
1513 3930 6
1513 1509 71
1513 4789 66
5202 9830 76
4023 155 23
4850 2837 51
9238 939 35
9238 289 82
3684 155 29
4675 7153 97
6871 5775 59
1503 3394 76
3550 659 79
3550 5528 45
3550 4818 50
4833 6643 93
1960 6673 100
3923 4600 62
3923 6231 80
3923 1995 12
4516 6734 77
4516 7142 22
9824 7420 100
7859 4490 85
9294 7349 32
9294 2857 72
75 2741 38
5846 3924 6
5768 7142 30
7142 1178 56
8408 7666 71
4609 6104 20
7572 1697 97
7613 8942 30
1448 3538 50
1448 2965 3
658 4501 8
658 3920 41
4501 4240 53
939 8903 43
9431 9814 81
9431 819 67
9814 7618 57
9814 8228 2
1069 3789 54
3789 6383 100
4009 9832 20
4009 3411 35
1613 6885 18
1613 6924 3
4550 7187 31
4550 6526 82
2394 9328 65
9328 6885 15
9078 6146 96
906 2925 17
858 3327 24
858 1148 23
3584 2380 25
3584 5912 65
4477 3316 88
7801 5335 80
5976 8837 92
5976 6025 20
5976 9486 60
8837 5491 19
1438 7562 63
1438 4155 36
3520 510 9
3520 517 9
3520 5985 54
8913 2168 58
6336 6467 82
1554 3322 30
6770 6165 87
5359 6446 47
62 8739 47
62 4259 69
7225 3141 37
324 49 52
324 9146 44
2445 4808 16
4808 9414 26
4808 605 34
3268 9411 88
2437 5122 34
2437 1024 38
8959 7678 50
9109 2633 67
9109 9833 70
3410 750 29
9368 8599 19
9368 4941 23
9368 3668 97
4028 6991 52
8872 9016 46
8872 5297 81
9016 1495 83
1837 9731 79
6339 693 94
4652 4405 18
8658 7591 94
9772 1333 16
3085 3261 71
3085 3530 6
3261 9382 22
3261 6678 7
5638 9924 82
3650 4742 50
3650 435 2
8657 5767 21
4218 4321 87
4767 9441 52
7087 1492 4
7087 3722 73
6159 9860 77
9860 2230 4
9860 5713 42
500 2735 58
500 89 74
7884 1208 15
1065 9526 53
1065 9739 94
1065 2270 34
320 2734 2
320 3316 85
320 9082 84
2859 1023 95
2930 7458 64
2930 1668 54
7458 7204 25
9673 3113 73
3530 8533 48
2015 4799 15
2015 8886 29
4799 2449 98
4799 3113 100
7002 9827 65
1734 2848 51
2925 2845 29
5692 9733 56
5692 4318 47
6446 5654 79
3615 4662 74
4662 8814 20
4662 20 71
672 4530 53
6484 3738 47
6484 4480 46
7399 6077 26
9733 4601 21
557 1834 36
7229 4301 13
23 7551 58
7551 3841 36
7551 6822 40
8082 4031 10
5335 7176 89
5335 7840 98
2073 7976 89
3537 7557 74
2486 1509 61
524 4288 33
4288 6475 18
4288 290 92
4288 1536 70
7226 9360 33
3077 234 5
2725 5711 82
6594 1742 93
5542 8870 16
5542 6390 39
5542 9226 54
2270 3037 43
3037 6890 100
9043 3672 37
9043 5869 22
9044 2004 26
9873 8427 93
659 7614 21
290 3364 31
8628 7928 11
2898 4508 100
2898 3220 6
6757 7499 38
6757 8284 76
7499 4552 67
5953 7160 90
3698 9963 73
9963 6899 30
9245 686 4
9245 7299 71
9818 7555 78
6604 6626 79
6604 683 70
6160 161 66
8870 6672 70
3494 8545 32
7232 3152 75
4625 2633 12
5491 5683 13
5491 8863 5
5491 915 97
5683 6964 48
2284 4140 33
6797 7928 82
9558 9090 66
2927 587 69
2927 5815 88
2616 9139 92
2616 3447 26
9715 4162 28
9715 3889 47
9509 9990 87
5972 6387 10
3641 5410 19
4242 8098 68
5381 9920 72
9920 7883 54
9920 631 86
9920 8284 31
522 2603 41
522 6665 96
7349 6345 57
7349 2286 65
7645 8826 69
5458 2717 79
6800 195 50
8974 2049 50
7001 5917 98
5917 3346 9
760 4572 10
1872 7744 35
1872 3879 91
9163 5721 79
9163 4038 50
7755 4470 4
7818 52 17
7181 6643 44
4972 961 40
9292 8584 81
9292 5129 88
6473 1391 17
1480 9690 89
1480 4162 27
1480 8314 86
9690 4382 51
2157 9151 80
2157 8548 5
9305 785 16
4627 7537 70
4627 9456 41
6387 3622 4
2109 4811 77
4405 6702 29
1806 5934 87
1806 2519 70
9081 9090 51
6732 5176 60
6732 1208 81
1945 5084 21
9802 7446 87
8552 3702 36
347 8350 31
347 2103 8
5149 1083 80
2967 8639 8
7705 4422 74
7705 179 55
1922 8861 81
4422 2837 55
4422 4269 28
9545 7192 29
9545 7035 89
9545 683 93
8903 7261 17
8903 1944 62
8826 7035 25
8826 6431 43
8192 9149 27
356 2054 39
356 6613 15
1013 1954 41
1782 5767 17
43 3267 8
43 5964 85
3267 9143 46
3267 4624 3
6734 5524 87
7642 6406 71
7642 4575 8
4382 6444 54
1362 8314 69
7305 9161 77
7305 1816 49
3172 5480 66
1571 7213 83
1571 605 25
5776 6074 24
5776 3613 8
5776 7791 55
9161 8831 78
6222 4026 3
9660 6495 42
3382 5679 32
3382 1004 50
3382 2406 90
5679 1157 94
8655 2902 33
8655 4671 77
30 2444 28
30 5266 69
30 9832 38
2444 886 85
4123 8269 70
4123 499 16
616 7204 97
616 4460 100
7359 8122 19
1424 2920 43
1424 5934 85
1730 6438 17
6174 8808 86
6174 6589 59
6174 6025 1
5964 655 28
4921 3765 5
4921 5968 15
4921 3623 22
9460 1218 14
1990 9990 60
6376 4140 50
6376 5328 10
3432 1602 77
7816 7326 75
7816 3668 97
2587 1915 71
7527 7860 22
8807 6460 13
446 9530 21
474 558 28
474 4199 13
5934 1016 28
3622 7557 100
7557 6383 75
2154 5786 76
2154 5959 49
6077 5300 90
6077 7840 94
5758 4816 72
4789 388 22
7038 4198 28
7038 8610 49
7038 5580 83
1816 9832 38
5879 6276 66
6803 8470 34
7624 632 3
7624 5713 24
2594 8355 44
2594 7404 32
2594 2717 9
4109 899 55
7472 538 78
1306 566 99
8926 750 40
6420 864 22
6420 824 8
6690 7463 91
7463 9030 72
7463 2494 60
181 2280 85
6007 9098 73
149 7023 19
7023 7160 11
7023 1891 14
7023 4167 21
7035 3967 9
4644 4624 83
4644 847 62
2090 9503 80
8641 2399 21
1548 8031 13
1548 9666 90
591 7060 15
591 457 40
2740 7241 8
2740 3737 72
5955 8757 37
9775 7145 11
9958 117 73
9958 3375 86
4768 1024 67
389 321 13
1753 8098 13
1648 6453 21
1648 5705 33
1648 9739 74
1648 3320 53
6940 9008 6
8610 9956 63
4299 4475 45
931 3327 34
931 3067 8
931 2311 13
6493 5890 15
8533 4938 53
3364 8418 94
8270 8565 79
8598 4379 43
8598 5012 76
8445 2608 90
686 7637 41
5621 1333 40
6752 7462 28
6752 3370 58
9736 7475 2
9260 3136 69
9260 7637 68
8663 8153 46
6290 601 90
9150 3811 4
2269 6304 51
2269 6438 79
9956 419 12
8062 9990 86
8062 9028 42
8861 9776 52
785 2857 59
9105 4585 27
9105 4508 68
8911 7828 10
2230 2731 43
2230 5025 87
2230 1061 57
2731 6699 92
2731 8452 1
9143 1993 66
5549 1337 84
4199 9114 96
2 3783 29
2837 3007 89
7742 2717 69
4831 8831 30
6571 5815 25
7419 6904 52
7419 3927 39
821 9312 4
821 3315 6
9312 2054 77
52 9172 31
52 2257 61
303 864 16
6941 2887 82
525 6438 11
1337 5508 25
388 8422 20
9891 5868 55
9891 3758 72
1293 3375 25
2734 4171 16
2734 2612 93
9832 8934 23
6424 5472 68
7202 6500 97
5888 7515 9
948 4816 42
7607 9996 14
7607 2280 63
1011 7667 6
1011 6254 21
6665 8929 58
0 6629 13
7844 2383 69
457 8122 53
5962 805 52
558 8599 22
8649 5578 77
1066 8452 90
1066 9637 82
5531 6705 100
6705 3822 4
7475 7750 98
7475 1931 16
6679 5122 93
7082 1322 32
1128 625 90
2182 4510 60
1218 6104 7
354 7699 63
4038 6638 82
6924 8452 38
9549 5069 3
4643 4359 8
8355 6399 27
5937 5084 80
6275 9345 16
2407 4811 25
9256 379 7
9256 3672 52
4959 6426 45
6390 1095 1
9815 6038 66
3356 9028 66
9028 6241 65
5264 8886 44
2127 7883 34
2127 7946 45
6300 1954 18
2489 1030 35
7129 8317 5
7129 1536 72
9945 1639 37
9776 4198 60
8301 7649 93
8194 9444 80
5116 5122 81
5116 2471 85
7876 9465 17
7447 9947 95
7447 9858 17
7447 7010 99
9947 961 13
9947 9008 12
5472 3987 100
1985 2430 92
1985 819 43
2656 3736 43
2656 9076 84
9355 9840 24
2519 3141 35
7961 5171 52
1391 3200 88
6991 2627 9
9456 7792 72
4770 5824 50
4770 2111 49
693 8326 93
3162 3507 87
8335 2741 61
4816 4293 1
9482 3123 100
3785 8599 77
566 2592 84
8153 632 28
7953 4406 6
7953 3717 10
4576 9170 10
4576 2887 86
8381 7273 89
6079 851 20
6079 7060 32
7667 5786 46
7667 5568 78
20 4308 5
20 4602 48
3022 5350 55
4244 6998 74
7788 9468 23
7788 8286 40
6299 2054 98
6299 3072 75
2409 3607 53
9375 8067 94
3607 5025 27
3607 625 46
1617 1655 35
1617 6589 18
7506 3696 75
7506 5086 47
6254 1727 25
2794 6912 22
6165 1717 90
1901 5420 85
7991 5838 7
3327 7241 80
6137 9030 40
5085 1095 18
5578 3906 38
9746 4878 47
8757 1157 84
5023 9155 78
5023 1982 99
5023 4648 65
256 9503 6
3002 5916 81
510 8966 75
510 6673 43
6916 7280 76
1155 5484 89
4938 5803 86
748 8895 64
3316 2582 35
3316 7500 88
1005 6590 58
1005 7649 72
3702 641 90
7466 5058 35
641 7014 85
641 9983 71
7212 5959 47
2199 5669 77
3040 8422 92
3040 7093 79
8422 2709 59
3765 2355 94
8183 9526 99
3538 7256 32
5173 145 97
5173 2103 59
4140 6622 36
9111 6276 39
2813 8650 35
300 8441 3
9076 3476 100
3731 1282 43
3731 1150 19
3731 1877 63
69 7591 81
69 5054 66
69 9382 38
6442 5368 67
2280 4217 42
5935 3768 64
5935 54 35
2735 9199 82
1143 6822 36
1143 7361 10
6697 8699 51
9094 4301 62
9094 8550 87
233 9372 19
1695 203 7
1695 8691 89
9481 9198 54
1319 307 30
5969 5135 27
4341 3589 63
3705 7125 35
6643 2025 47
6643 3814 6
815 1827 34
815 4308 77
815 8269 20
7364 4139 24
6494 9425 37
2670 5797 100
5602 3925 19
8853 2037 10
8853 7521 37
5757 4935 1
7946 5524 88
7689 9139 86
145 5870 79
145 5274 15
5870 3814 21
5135 9856 99
5135 7145 53
9856 307 45
4648 2159 27
1944 5384 9
1944 1097 45
8441 541 10
8739 3879 31
2804 9090 88
5828 4111 47
3993 5640 45
9198 3453 68
6208 3717 24
6208 8427 74
7920 4007 57
4588 6662 47
146 4169 69
146 8544 72
2828 642 24
3746 5880 77
6821 9924 50
5210 7562 60
7562 8745 1
1641 6723 78
299 7521 87
6269 3370 40
5420 1097 43
3737 9269 27
9269 3938 18
9269 6662 41
9269 1572 45
4047 8376 57
1845 6641 68
2724 5297 90
2724 6298 43
5297 1152 48
5568 597 53
4379 6530 49
8745 1152 85
6885 6500 2
2625 8934 8
8909 4381 35
8909 3205 67
8247 4510 84
1742 5974 95
6467 7556 61
8516 6438 89
4579 6730 93
4579 379 96
4579 7537 87
4198 2709 65
6200 8241 94
4269 9633 38
4293 2609 50
9934 7636 91
746 1593 76
3127 2887 18
5857 1862 74
5857 3276 9
5851 5672 89
4221 1439 9
4221 2282 80
4335 7256 7
4335 9441 30
7256 1556 25
1823 7968 43
4803 6626 91
6672 2848 27
1822 476 94
6626 9468 47
3683 2592 94
3683 9124 90
3683 3200 10
5280 4007 40
4521 4381 22
4521 9983 70
6860 9586 95
9586 886 24
2077 8565 96
3623 4169 73
197 4854 63
359 5672 29
2355 1494 21
2355 7368 57
4480 1152 96
1971 3320 60
1971 8565 10
7726 4395 34
1061 4331 50
499 5672 30
1716 6475 94
9106 3046 24
1993 3136 1
750 6771 48
3194 9728 6
3194 1439 65
5868 5705 100
6495 5394 90
3984 6629 27
3984 8565 40
6629 3322 50
4818 4856 79
2256 5649 76
5054 7351 47
2848 3300 34
3300 4856 93
7523 3668 88
2295 3276 11
2025 5654 28
9465 9247 21
7558 9286 25
1178 2887 58
1495 8067 96
8067 227 26
307 5249 11
5040 6196 68
8350 3332 6
2103 154 40
9444 1998 78
4874 4363 93
5176 9739 44
7555 8286 48
5235 5011 26
3660 9274 19
3938 3272 8
2421 9721 64
2421 2014 29
5633 9503 92
4674 5076 12
4674 4189 28
7968 6161 19
4903 2383 90
4903 5803 59
5480 3758 86
7792 625 80
3428 2618 35
2390 7245 85
9197 67 33
2159 4585 20
8093 1697 46
1602 435 6
1855 5985 32
1697 7637 10
1995 2590 72
7731 4508 18
5254 9414 73
5254 742 25
6438 4189 29
8286 2011 73
7641 3725 59
4665 1193 4
6654 9425 51
6654 4510 40
6654 9414 85
9425 2011 34
2768 847 81
225 6966 83
1862 7330 32
1862 9766 6
5974 4305 79
6704 6723 43
3245 7213 6
3067 331 90
4245 5508 43
6500 8584 25
8584 2741 34
7675 3068 87
8148 435 38
8571 8122 65
348 4169 54
348 961 33
254 5945 74
5058 5583 11
67 6964 48
6952 213 29
1998 6882 48
4080 9462 41
8484 1193 49
358 8231 54
9376 8760 68
5508 2050 92
3332 5288 59
331 3758 15
1277 5705 1
1277 6161 8
5394 3476 75
3424 5706 57
5706 1509 92
9414 1680 86
8418 3694 4
3725 6437 80
4189 6161 70
321 9635 12
9199 7351 41
7192 2755 69
2011 3122 27
6164 4395 50
899 9526 13
563 6678 48
9526 3589 92
5288 7368 2
847 4854 50
5305 4434 65
6904 6317 61
4985 4318 42
6964 4602 68
7637 5397 54
4854 2050 34
1335 4318 29
3447 6161 30
8788 6383 74
8788 6228 61
8788 2399 12
5875 5300 43
9721 2257 37
9940 800 10
9940 8994 94
964 824 83
3197 8730 40
3197 998 97
2965 1663 69
9462 4058 67
1668 4508 18
8256 2860 61
3886 2940 54
605 8341 100
5169 998 27
4169 4572 84
