10000 25000
3234 5233 86
3234 1134 79
3234 9609 40
3234 57 38
3234 768 7
5233 6876 51
5233 1853 98
5233 1401 32
5233 1390 94
1572 3687 40
1572 3631 45
1572 7937 24
1572 5709 88
1572 1157 51
3687 232 55
3687 5632 16
3687 6560 44
3687 5972 73
7208 9161 94
7208 1920 22
7208 7470 14
7208 3266 95
7208 6535 28
9161 4898 49
9161 6500 35
9161 7094 89
9161 8937 76
4431 5484 88
4431 8827 83
4431 4697 34
4431 4754 55
4431 4966 80
5484 8123 43
5484 4529 100
5484 1553 6
5484 3465 13
3044 5109 76
3044 6245 44
3044 1155 58
3044 829 44
3044 4300 85
5109 5214 46
5109 2949 19
5109 7547 59
5109 5925 47
4387 4623 70
4387 5172 18
4387 372 90
4387 8176 8
4387 9847 45
4623 676 83
4623 2256 59
4623 2267 83
4623 8219 81
1553 6828 97
1553 6658 22
1553 654 13
1553 8824 80
6828 281 90
6828 444 40
6828 6980 52
6828 4909 47
4140 5685 94
4140 2397 31
4140 9475 14
4140 8639 48
4140 8059 66
5685 5446 92
5685 6494 14
5685 3144 56
5685 7792 15
2097 8389 74
2097 8337 43
2097 4694 57
2097 9493 72
2097 4504 47
8389 5335 31
8389 6113 55
8389 8917 62
8389 9643 34
1636 5550 32
1636 4471 46
1636 3943 3
1636 162 36
1636 7339 15
5550 286 61
5550 6850 23
5550 8847 54
5550 3001 68
4177 8950 81
4177 6486 56
4177 6670 67
4177 3930 46
4177 533 78
8950 5015 29
8950 4814 33
8950 8171 40
8950 292 75
3509 7508 65
3509 8604 87
3509 6446 100
3509 25 80
3509 5743 36
7508 998 79
7508 5580 59
7508 8638 25
7508 7813 90
8867 9850 79
8867 7827 55
8867 5262 64
8867 3084 36
8867 6700 1
9850 1299 14
9850 8585 1
9850 6192 30
9850 9575 68
2519 4325 41
2519 4366 81
2519 4973 56
2519 6845 67
2519 2440 8
4325 1726 13
4325 9780 5
4325 5991 37
4325 7502 36
5576 8581 35
5576 7858 9
5576 4543 22
5576 3568 54
5576 131 75
8581 3495 2
8581 1744 73
8581 5446 93
8581 3253 16
3795 4869 96
3795 3719 18
3795 4018 32
3795 2379 5
3795 4645 52
4869 2740 8
4869 9488 85
4869 9037 65
4869 9162 65
1587 9980 90
1587 5417 75
1587 2400 92
1587 9581 62
1587 8402 50
9980 7533 58
9980 5796 13
9980 3634 28
9980 782 81
9217 9825 18
9217 9569 99
9217 2175 10
9217 663 3
9217 7603 71
9825 3925 22
9825 5365 71
9825 557 30
9825 8558 67
1898 5146 59
1898 3849 66
1898 5301 28
1898 4648 88
1898 2913 24
5146 5658 58
5146 2178 52
5146 3564 34
5146 9446 11
3966 8134 66
3966 5094 100
3966 6685 60
3966 3123 69
3966 6226 37
8134 6719 58
8134 9052 30
8134 7083 76
8134 9505 24
4918 9520 85
4918 5817 32
4918 1260 18
4918 3642 91
4918 1965 18
9520 6845 16
9520 3656 15
9520 7608 28
9520 8295 91
1456 8184 5
1456 5624 17
1456 7043 30
1456 6158 89
1456 9716 13
8184 2069 94
8184 3714 84
8184 3860 42
8184 5928 42
5940 6764 39
5940 1771 48
5940 6917 97
5940 1506 6
5940 9390 67
6764 9106 74
6764 2288 56
6764 2341 64
6764 6822 39
3232 4355 61
3232 8040 53
3232 1956 60
3232 9615 44
3232 3476 89
4355 6148 54
4355 8409 22
4355 1436 50
4355 3422 1
2175 8056 83
2175 1935 31
2175 8869 35
2175 3864 99
8056 5025 8
8056 3205 54
8056 3570 72
8056 8382 57
1062 6752 79
1062 2500 22
1062 3074 87
1062 3375 31
1062 9231 59
6752 5430 59
6752 8003 43
6752 1736 3
6752 8243 9
2813 4371 15
2813 4018 94
2813 2835 6
2813 5076 91
2813 3942 41
4371 88 78
4371 2197 63
4371 1772 30
4371 6602 79
8574 8793 25
8574 8372 91
8574 3942 32
8574 3677 72
8574 2166 35
8793 8373 84
8793 2137 10
8793 2064 100
8793 4586 40
761 4545 98
761 5404 55
761 9714 47
761 4381 52
761 2686 91
4545 9659 38
4545 6415 68
4545 5067 92
4545 4264 1
2010 7430 94
2010 1600 83
2010 1423 55
2010 797 98
2010 8922 49
7430 7334 18
7430 957 71
7430 3602 89
7430 1015 82
1462 9288 24
1462 5096 62
1462 5570 74
1462 5855 72
1462 5002 92
9288 7292 96
9288 6857 96
9288 1024 52
9288 8381 97
3786 5291 19
3786 7300 58
3786 9683 76
3786 3152 19
3786 371 56
5291 7322 94
5291 56 28
5291 3989 44
5291 4290 77
2664 5187 41
2664 6692 93
2664 5013 70
2664 9027 47
2664 3186 78
5187 4750 44
5187 4916 2
5187 1188 77
5187 7811 10
1802 7666 46
1802 2639 69
1802 679 24
1802 8751 90
1802 9540 58
7666 5406 12
7666 8680 65
7666 8117 67
7666 1990 28
95 3903 14
95 3607 72
95 4642 79
95 3947 3
95 7127 86
3903 7509 26
3903 2153 95
3903 1001 95
3903 7817 22
7030 9373 14
7030 4575 40
7030 5231 52
7030 6255 50
7030 7665 83
9373 4533 99
9373 8901 8
9373 3050 48
9373 5914 83
2852 7867 69
2852 4578 24
2852 8275 23
2852 9317 9
2852 2283 35
7867 8507 58
7867 5112 85
7867 8281 4
7867 501 69
2685 9447 18
2685 6366 89
2685 2327 96
2685 9368 40
2685 8914 40
9447 5876 36
9447 3520 10
9447 5502 32
9447 4421 78
1917 6835 34
1917 7612 18
1917 9332 65
1917 6503 27
1917 6231 21
6835 3649 14
6835 8424 16
6835 7375 66
6835 8384 15
1822 5285 30
1822 9140 69
1822 5104 36
1822 415 48
1822 5277 54
5285 5834 1
5285 7323 60
5285 9346 48
5285 808 50
244 1932 77
244 1677 81
244 1837 30
244 7977 68
244 3172 31
1932 9325 86
1932 4533 39
1932 4903 66
1932 9096 32
5388 5446 62
5388 2434 57
5388 5343 2
5388 8258 75
5388 649 5
5446 833 56
5446 4426 64
1051 7101 45
1051 4446 54
1051 7403 98
1051 2545 35
1051 4751 10
7101 5009 51
7101 6052 100
7101 9011 90
7101 6715 74
385 7240 71
385 9583 12
385 886 98
385 6546 86
385 296 5
7240 3839 41
7240 3041 18
7240 234 64
7240 2821 82
1109 6517 74
1109 7717 45
1109 3432 37
1109 8415 58
1109 3479 66
6517 9835 15
6517 5182 70
6517 8193 31
6517 8891 20
2822 4618 29
2822 8596 10
2822 2383 41
2822 3304 46
2822 1079 42
4618 5851 27
4618 9199 39
4618 6045 19
4618 3356 5
3327 3787 65
3327 3409 40
3327 685 16
3327 598 33
3327 6645 91
3787 6423 60
3787 5407 68
3787 8596 73
3787 3572 44
7234 7459 65
7234 7329 11
7234 2171 96
7234 6949 91
7234 2663 67
7459 2915 87
7459 5953 32
7459 7244 92
7459 5538 14
5995 6016 79
5995 4328 17
5995 7615 78
5995 4711 45
5995 448 61
6016 6322 1
6016 3309 46
6016 7425 47
6016 6218 26
4873 5158 79
4873 7140 55
4873 3572 78
4873 4771 50
4873 844 23
5158 7728 39
5158 74 98
5158 4463 32
5158 3524 20
2543 2924 46
2543 1602 39
2543 4575 57
2543 5531 64
2543 213 23
2924 5002 46
2924 4784 25
2924 2213 61
2924 2568 68
1144 3478 54
1144 739 44
1144 5472 16
1144 8893 70
1144 2030 36
3478 8496 81
3478 7362 59
3478 3770 84
3478 9020 2
4948 8715 10
4948 5540 24
4948 589 2
4948 6730 38
4948 5149 98
8715 9501 46
8715 2389 96
8715 719 43
8715 7264 23
597 4248 55
597 5469 26
597 9531 3
597 9967 84
597 8776 18
4248 1927 13
4248 184 93
4248 1912 36
4248 2352 90
6677 9204 7
6677 2713 13
6677 6166 88
6677 1027 78
6677 4829 31
9204 6722 26
9204 7647 75
9204 831 57
9204 2767 15
225 6362 34
225 5306 39
225 6848 36
225 6466 43
225 38 64
6362 1905 27
6362 7901 61
6362 5785 5
6362 2682 17
82 2112 33
82 8281 80
82 8428 44
82 4798 33
82 6425 59
2112 8126 58
2112 5858 44
2112 5840 58
2112 1533 88
2055 4274 41
2055 5632 37
2055 9626 30
2055 607 57
2055 9001 31
4274 5019 65
4274 7127 57
4274 186 35
4274 1192 74
4338 8382 57
4338 7773 8
4338 6815 31
4338 6975 36
4338 3875 97
8382 3723 80
8382 6130 91
8382 219 50
4883 6226 18
4883 2292 80
4883 2337 41
4883 6562 43
4883 8803 44
6226 2927 82
6226 7422 32
6226 5328 78
4370 8859 47
4370 7680 9
4370 1 56
4370 9163 14
4370 1057 54
8859 5367 87
8859 9553 23
8859 3699 32
8859 7858 24
5935 7254 33
5935 7766 34
5935 8852 78
5935 3416 91
5935 5982 11
7254 9674 7
7254 4550 16
7254 5322 54
7254 6869 100
7499 8265 23
7499 6573 51
7499 8900 100
7499 5546 37
7499 895 78
8265 2305 27
8265 235 32
8265 3974 2
8265 5408 15
1423 4182 43
1423 4408 36
1423 1497 24
1423 8418 47
4182 8640 6
4182 9429 19
4182 4616 90
4182 5252 52
2498 4470 13
2498 4397 5
2498 2517 55
2498 6734 5
2498 8491 74
4470 1029 89
4470 3261 91
4470 8634 26
4470 5085 12
1147 6004 43
1147 8160 62
1147 3033 25
1147 2745 40
1147 5030 55
6004 1214 32
6004 3632 100
6004 8829 2
6004 3224 2
557 2755 58
557 6992 50
557 4429 76
557 9740 3
2755 2848 98
2755 1205 100
2755 8463 2
2755 4006 87
656 9150 73
656 9941 53
656 5139 30
656 356 4
656 9409 74
9150 6664 3
9150 6307 70
9150 8249 11
9150 1965 88
1458 4176 92
1458 7409 74
1458 523 23
1458 8418 12
1458 1226 98
4176 8539 30
4176 9389 70
4176 5612 42
4176 4711 81
6676 7639 34
6676 2147 1
6676 3103 87
6676 1871 20
6676 1111 38
7639 9149 77
7639 5611 93
7639 3984 40
7639 1102 22
8546 9888 61
8546 9628 100
8546 8280 95
8546 6250 56
8546 1060 58
9888 4530 88
9888 1068 91
9888 6433 26
9888 7988 66
1827 2730 1
1827 4040 71
1827 4874 96
1827 2314 96
1827 6535 92
2730 1732 24
2730 7801 63
2730 8202 44
2730 6279 100
2820 4871 5
2820 2747 95
2820 9239 27
2820 3487 12
2820 1846 79
4871 4121 5
4871 2361 60
4871 4837 52
4871 173 64
4953 8254 51
4953 5494 94
4953 3013 73
4953 1437 93
4953 8087 37
8254 8467 92
8254 7266 99
8254 4261 10
8254 1738 68
6307 7957 51
6307 3518 7
6307 1788 75
6307 3134 6
7957 7553 51
7957 5878 81
7957 609 49
7957 2204 73
3975 6586 43
3975 6911 47
3975 8783 96
3975 6344 22
3975 5191 86
6586 7665 83
6586 3469 80
6586 6334 52
6586 1821 28
6609 9985 97
6609 7779 14
6609 3558 37
6609 2798 93
6609 6561 68
9985 5366 27
9985 7203 1
9985 851 54
9985 9102 86
5934 8126 95
5934 6936 36
5934 8665 47
5934 6409 14
5934 8109 50
8126 493 67
8126 1676 80
8126 180 57
9698 9992 46
9698 258 18
9698 8474 75
9698 4785 48
9698 1267 8
9992 6186 46
9992 1840 60
9992 8563 88
9992 5769 7
1166 5091 90
1166 5897 9
1166 738 76
1166 6928 57
1166 1322 74
5091 4766 61
5091 2983 63
5091 3648 30
5091 6580 39
6872 9806 1
6872 6345 13
6872 3828 77
6872 373 27
6872 1083 67
9806 3710 70
9806 80 25
9806 6915 88
9806 8211 74
745 4280 65
745 6566 81
745 4603 47
745 7357 24
745 885 36
4280 7418 3
4280 1399 48
4280 6679 97
4280 7554 29
1104 7596 41
1104 3766 32
1104 3624 25
1104 1563 15
1104 5716 11
7596 7355 51
7596 9513 77
7596 6971 72
7596 2276 26
4215 4733 23
4215 4478 34
4215 9292 77
4215 4158 55
4215 3613 11
4733 1534 97
4733 2316 41
4733 3166 15
4733 7695 31
4551 5591 94
4551 2862 21
4551 863 43
4551 2698 50
4551 246 77
5591 1287 67
5591 9989 24
5591 463 79
5591 2196 38
437 3346 43
437 5377 23
437 6772 48
437 7935 74
437 5073 69
3346 859 77
3346 6003 18
3346 6691 84
3346 838 100
24 7903 65
24 9884 44
24 4547 17
24 8463 12
24 7585 73
7903 4555 25
7903 4460 27
7903 9858 31
7903 78 21
43 8145 35
43 9707 22
43 7495 84
43 5455 69
43 6554 83
8145 8853 46
8145 4977 17
8145 3368 40
8145 5219 26
2174 9203 45
2174 7252 63
2174 9636 59
2174 4571 17
2174 3229 21
9203 9594 73
9203 5905 28
9203 2889 47
9203 7745 46
7595 8861 44
7595 1695 70
7595 3027 37
7595 7795 71
7595 422 57
8861 322 53
8861 3967 66
8861 914 89
8861 3811 91
950 8068 69
950 1092 69
950 8549 70
950 6545 29
950 6278 72
8068 4690 36
8068 5036 92
8068 1145 44
8068 2857 88
2464 3300 32
2464 9278 81
2464 5673 55
2464 8601 81
2464 1794 17
3300 2105 21
3300 7576 77
3300 8113 47
3300 3982 99
4646 7521 51
4646 8332 79
4646 8308 64
4646 1876 36
4646 2231 53
7521 2092 96
7521 8050 70
7521 8913 5
7521 1825 38
7781 8462 7
7781 3430 92
7781 8894 6
7781 2534 42
7781 7353 23
8462 1179 26
8462 3216 65
8462 3166 27
8462 6125 26
2884 8023 37
2884 4576 41
2884 8521 15
2884 7574 37
2884 5465 26
8023 7624 70
8023 3620 80
8023 5640 94
8023 2999 72
8489 9488 3
8489 9732 41
8489 7173 68
8489 7930 45
8489 1119 9
9488 3560 24
9488 8689 57
9488 9540 100
13 3176 43
13 1070 31
13 1726 78
13 4577 98
13 8970 34
3176 4547 33
3176 7146 84
3176 5430 84
3176 7358 96
2065 8105 12
2065 5885 96
2065 3451 80
2065 9900 34
2065 7445 58
8105 9032 58
8105 2085 99
8105 9623 55
8105 3521 15
1652 5492 85
1652 4521 38
1652 8742 49
1652 637 23
1652 5373 68
5492 6261 9
5492 3089 66
5492 3420 39
5492 3206 49
3220 9820 7
3220 8846 82
3220 1686 15
3220 6582 16
3220 9531 39
9820 8498 53
9820 8644 41
9820 1754 63
9820 6890 6
9192 9581 69
9192 8751 77
9192 4856 96
9192 4511 41
9192 5084 24
9581 5327 53
9581 2463 91
9581 5778 48
4121 8989 31
4121 4961 97
4121 519 34
4121 2531 32
8989 2453 76
8989 5627 65
8989 1940 19
8989 971 44
1150 1309 71
1150 9983 50
1150 2506 82
1150 2934 44
1150 368 26
1309 644 2
1309 9975 31
1309 3417 14
1309 1267 54
2794 3003 66
2794 3898 83
2794 1084 38
2794 2377 60
2794 5414 12
3003 825 29
3003 7522 59
3003 1954 71
3003 6328 69
2496 7510 74
2496 9040 36
2496 3807 32
2496 2083 34
2496 5060 86
7510 6588 15
7510 3029 60
7510 8350 47
7510 8868 20
15 1909 16
15 7924 99
15 5863 84
15 7022 47
15 5889 1
1909 4193 94
1909 7820 100
1909 9671 32
1909 3065 75
1042 5913 98
1042 3392 4
1042 2226 99
1042 7862 78
1042 8838 23
5913 2336 7
5913 6091 7
5913 7474 9
5913 6117 27
2428 6063 33
2428 1743 5
2428 1116 82
2428 2006 44
2428 6195 93
6063 7045 43
6063 3914 86
6063 3586 87
6063 2159 82
2066 2449 66
2066 4373 45
2066 8204 90
2066 6497 30
2066 7457 75
2449 7385 86
2449 6031 79
2449 4511 57
2449 8115 57
3012 3081 92
3012 591 6
3012 5566 96
3012 9409 49
3012 8533 3
3081 5333 89
3081 8711 44
3081 1558 50
3081 9004 63
1575 3151 21
1575 9948 43
1575 1045 5
1575 7652 60
1575 7953 28
3151 3393 42
3151 8055 99
3151 8588 2
3151 4258 24
981 2412 52
981 1213 12
981 3990 97
981 2040 38
981 525 62
2412 9909 51
2412 8808 44
2412 3413 29
2412 1915 83
3430 6223 50
3430 3914 47
3430 73 3
3430 4047 18
6223 7014 48
6223 1313 62
6223 1 54
6223 9473 50
4782 9795 23
4782 2953 36
4782 481 76
4782 3337 35
4782 9952 29
9795 3612 72
9795 8768 44
9795 4415 30
9795 2710 94
8168 8857 31
8168 8593 85
8168 9016 82
8168 3189 31
8168 6781 32
8857 8992 70
8857 5305 52
8857 1742 72
8857 9953 20
525 9716 6
525 1146 64
525 8576 80
525 608 73
9716 9324 18
9716 9278 39
9716 4061 56
1976 8009 24
1976 1542 84
1976 1131 83
1976 9536 93
1976 6654 11
8009 5732 94
8009 5871 76
8009 7671 18
8009 8983 41
7974 8991 32
7974 6332 44
7974 9075 26
7974 3931 69
7974 3365 75
8991 1343 38
8991 358 31
8991 427 74
8991 5624 98
274 2900 12
274 4511 49
274 1366 5
274 4237 17
274 6388 95
2900 8309 32
2900 8399 95
2900 9221 96
2900 7192 8
397 1021 95
397 7100 38
397 4673 83
397 6972 2
397 5041 62
1021 4540 97
1021 4085 36
1021 9502 93
1021 7274 97
1635 2239 63
1635 7649 79
1635 1884 25
1635 1182 53
1635 3117 9
2239 5390 64
2239 9213 63
2239 2415 43
2239 6725 40
5948 9797 78
5948 5042 43
5948 3732 42
5948 2696 25
5948 4737 61
9797 7564 49
9797 9742 61
9797 1135 74
9797 5769 67
8448 9032 20
8448 1584 22
8448 5775 41
8448 1831 6
8448 3357 53
9032 7109 59
9032 4332 25
9032 6940 33
3613 6465 99
3613 7571 44
3613 975 17
3613 3777 13
6465 1961 32
6465 6400 72
6465 2324 22
6465 8325 29
5793 6476 54
5793 9063 48
5793 1981 59
5793 985 69
5793 3578 80
6476 2439 8
6476 5622 54
6476 2126 8
6476 4478 6
246 1791 56
246 775 48
246 8791 82
246 6950 52
1791 169 76
1791 8401 5
1791 2868 66
1791 5350 89
5485 6131 82
5485 6363 48
5485 9963 100
5485 4047 78
5485 5410 41
6131 9266 25
6131 3573 88
6131 8416 77
6131 1674 14
3396 8682 21
3396 8394 32
3396 535 18
3396 796 55
3396 9474 7
8682 5758 53
8682 44 44
8682 2997 65
8682 2460 26
899 7274 3
899 4196 84
899 9683 53
899 6918 57
899 3902 37
7274 8306 90
7274 7872 80
7274 7797 49
1133 4472 78
1133 806 89
1133 3147 32
1133 7377 40
1133 1750 53
4472 7388 33
4472 8418 34
4472 4556 69
4472 5540 7
1298 6791 88
1298 8163 32
1298 5744 82
1298 1140 29
1298 3522 88
6791 7488 10
6791 2060 27
6791 7798 27
6791 1672 93
1867 9163 95
1867 6939 31
1867 23 21
1867 7937 77
1867 2151 82
9163 411 91
9163 7371 30
9163 9751 99
7102 9597 71
7102 874 13
7102 33 70
7102 212 89
7102 7263 46
9597 9438 65
9597 2319 80
9597 63 22
9597 3180 9
8169 8304 35
8169 5921 52
8169 6747 49
8169 6230 95
8169 2624 78
8304 7794 56
8304 6068 10
8304 4991 95
8304 4392 3
1851 7906 38
1851 9311 9
1851 1130 40
1851 8771 58
1851 6287 27
7906 5147 80
7906 8944 28
7906 582 80
7906 9478 54
5716 6414 23
5716 9273 7
5716 5397 17
5716 7225 95
6414 8026 78
6414 3875 29
6414 8097 74
6414 9265 14
2736 4098 51
2736 2960 41
2736 9544 67
2736 3793 52
2736 7664 56
4098 9924 41
4098 1334 61
4098 700 95
4098 6512 9
492 3136 27
492 4350 68
492 2025 27
492 1485 39
492 4246 36
3136 1367 9
3136 6981 13
3136 333 100
3136 8178 97
3445 4006 6
3445 5348 8
3445 7178 92
3445 3379 73
3445 7931 44
4006 8717 42
4006 1111 69
4006 9773 41
5343 9057 69
5343 5712 98
5343 6596 43
5343 7740 27
9057 6846 72
9057 7425 46
9057 5750 75
9057 419 23
2739 6998 64
2739 4401 100
2739 6983 66
2739 7911 47
2739 6603 76
6998 6431 19
6998 3819 85
6998 2996 8
6998 6200 81
3214 8045 86
3214 3459 37
3214 9580 51
3214 529 64
3214 7284 9
8045 9114 49
8045 7332 35
8045 2761 57
8045 9905 50
4496 9535 98
4496 9532 65
4496 6194 6
4496 9367 73
4496 5432 68
9535 3009 97
9535 1549 26
9535 6885 28
9535 4853 41
1516 9471 52
1516 9313 93
1516 8578 33
1516 811 48
1516 3725 100
9471 4202 15
9471 8501 7
9471 1197 66
9471 8000 83
247 9317 92
247 675 33
247 5762 24
247 2920 13
247 3730 76
9317 7804 52
9317 515 89
9317 451 46
2687 3051 70
2687 6624 45
2687 4103 69
2687 1063 15
2687 7243 79
3051 3727 90
3051 5915 73
3051 8758 83
3051 9002 34
2038 4857 82
2038 2243 5
2038 6360 17
2038 6649 76
2038 9927 69
4857 7469 53
4857 537 94
4857 2350 22
4857 5300 31
5754 7995 2
5754 915 30
5754 1061 24
5754 410 87
5754 6685 30
7995 7774 8
7995 2574 38
7995 6192 31
7995 6260 37
5875 9453 97
5875 3552 50
5875 8407 3
5875 8806 92
5875 8814 49
9453 277 20
9453 2414 60
9453 7976 48
9453 2234 24
765 3271 96
765 8696 87
765 1333 61
765 6477 49
765 8946 54
3271 6823 30
3271 8820 78
3271 807 72
3271 2931 1
3746 9195 6
3746 6077 12
3746 5927 69
3746 9584 38
3746 8930 20
9195 4303 33
9195 3135 7
9195 7891 63
9195 9130 61
7956 8704 65
7956 3563 85
7956 73 80
7956 3025 19
7956 8366 52
8704 1424 87
8704 5211 29
8704 1825 13
8704 9069 23
1098 1202 46
1098 8224 76
1098 2977 33
1098 6575 75
1098 7576 81
1202 5728 51
1202 6310 73
1202 2037 53
1202 1440 77
1665 4467 66
1665 6257 59
1665 2634 27
1665 2737 14
1665 8125 17
4467 2863 35
4467 3403 76
4467 5977 30
4467 6267 57
499 9918 2
499 1331 2
499 3926 44
499 3186 62
499 2402 6
9918 9811 34
9918 5874 24
9918 4108 15
9918 4011 4
865 9487 93
865 3140 68
865 5993 73
865 9559 93
865 4693 33
9487 8190 94
9487 9345 55
9487 9899 23
9487 7158 66
447 868 11
447 2966 43
447 7887 23
447 6965 22
447 1664 93
868 3694 17
868 1285 17
868 4250 58
868 8349 56
3583 7861 93
3583 1620 97
3583 138 54
3583 8393 53
3583 718 38
7861 238 80
7861 9461 87
7861 4817 78
7861 6050 24
2141 5335 39
2141 5486 65
2141 6276 21
2141 3068 89
2141 7980 95
5335 5192 37
5335 2357 100
5335 270 36
229 9276 8
229 8321 5
229 2426 36
229 1049 47
229 5839 99
9276 6355 31
9276 5880 82
9276 2876 2
9276 3333 73
1961 7619 70
1961 2179 75
1961 9125 60
1961 8627 36
7619 379 41
7619 7814 53
7619 2725 39
7619 7549 38
1175 6121 89
1175 266 79
1175 9115 32
1175 1947 90
1175 7665 88
6121 2507 85
6121 7600 52
6121 9406 33
6121 3508 93
4845 4942 78
4845 6798 48
4845 3906 34
4845 7950 9
4845 5401 22
4942 3900 59
4942 4761 93
4942 5968 73
4942 1010 36
1985 2728 2
1985 2338 75
1985 7243 70
1985 5747 29
1985 1421 3
2728 3627 78
2728 7771 67
2728 1080 70
2728 392 31
8233 9712 9
8233 8111 26
8233 9812 99
8233 1398 60
8233 2831 15
9712 7447 95
9712 8303 60
9712 2031 82
9712 7 65
1464 7163 84
1464 4776 13
1464 4321 43
1464 6774 100
1464 5573 18
7163 4617 32
7163 2189 19
7163 183 40
7163 1590 31
3957 9391 83
3957 444 88
3957 7433 50
3957 8667 75
3957 7862 71
9391 7086 2
9391 4538 33
9391 7815 49
9391 3652 37
574 1178 68
574 1012 6
574 9015 7
574 6833 81
574 2438 95
1178 5358 14
1178 788 48
1178 7136 87
1178 1229 69
5985 9947 10
5985 8862 40
5985 3778 79
5985 2669 79
5985 312 22
9947 8681 24
9947 8848 3
9947 6982 65
9947 2815 43
935 2096 20
935 8626 57
935 9884 39
935 7186 4
935 7296 41
2096 5914 12
2096 5370 38
2096 4134 72
2096 2456 60
2994 9694 71
2994 7344 70
2994 7320 35
2994 8521 34
2994 8818 22
9694 3103 48
9694 3331 24
9694 7118 74
9694 6682 52
3384 9879 49
3384 2797 16
3384 3005 82
3384 1733 35
3384 6842 71
9879 8611 6
9879 7766 72
9879 9632 41
9879 7167 11
1300 3914 45
1300 6315 83
1300 8182 35
1300 2620 10
1300 521 48
3914 995 12
3914 8337 86
660 1110 47
660 9889 83
660 1119 7
660 837 60
660 1106 42
1110 8036 98
1110 6320 86
1110 1031 84
1110 6522 23
897 2743 65
897 975 86
897 8107 61
897 9470 97
897 1933 53
2743 8164 78
2743 7668 95
2743 9799 81
2743 8296 52
470 4396 34
470 3010 4
470 1926 28
470 5972 19
470 8669 67
4396 10 69
4396 6886 67
4396 7970 89
4396 5937 100
4874 7908 99
4874 918 24
4874 8330 21
4874 133 50
7908 2324 40
7908 3730 22
7908 1693 56
7908 2908 52
2307 7451 95
2307 3865 84
2307 9506 61
2307 6157 56
2307 6877 100
7451 2400 92
7451 3035 60
7451 9069 74
7451 4384 18
798 1983 16
798 2122 12
798 2057 57
798 8177 86
798 3825 8
1983 977 26
1983 2463 37
1983 455 39
1983 3352 7
4316 6826 24
4316 2710 90
4316 8990 6
4316 6002 30
4316 392 83
6826 512 92
6826 9003 69
6826 6108 81
6826 383 53
5202 8905 78
5202 4024 15
5202 2158 86
5202 5061 2
5202 4734 57
8905 1262 20
8905 7210 2
8905 5631 32
8905 6024 58
217 3923 48
217 3541 35
217 6563 52
217 3193 21
217 2150 18
3923 1395 42
3923 3933 84
3923 1283 8
3923 7679 17
705 2923 96
705 6497 96
705 8681 64
705 1087 48
705 1291 16
2923 4832 79
2923 4154 76
2923 6082 31
2923 8928 7
1869 4192 36
1869 9124 8
1869 2281 68
1869 5914 81
1869 7890 84
4192 1471 7
4192 130 47
4192 7544 97
4192 5695 1
123 8610 63
123 1106 63
123 8628 46
123 8999 62
123 5657 56
8610 1911 22
8610 2103 65
8610 4598 27
8610 3844 21
4663 8977 79
4663 9530 30
4663 8165 86
4663 1113 50
4663 2480 92
8977 3555 85
8977 465 79
8977 6869 88
8977 2956 65
4059 5830 43
4059 7149 42
4059 5637 70
4059 9216 9
4059 2113 75
5830 2409 54
5830 9516 25
5830 8240 87
5830 9477 33
874 4048 98
874 3796 77
874 6942 24
874 6349 96
4048 6662 2
4048 60 89
4048 4455 59
4048 1251 77
9338 9754 45
9338 7232 100
9338 6317 34
9338 3008 82
9338 3719 31
9754 7041 84
9754 260 2
9754 5628 92
9754 9198 30
2231 3268 74
2231 8580 12
2231 3405 91
2231 8468 86
3268 430 40
3268 655 43
3268 7427 14
3268 7488 7
2046 5932 91
2046 8282 51
2046 7087 41
2046 4954 5
2046 2561 66
5932 6455 6
5932 8176 87
5932 8620 60
5932 1995 55
8914 9426 74
8914 7190 36
8914 1355 2
8914 4508 98
9426 7099 84
9426 7934 26
9426 3367 55
9426 393 87
5791 7556 14
5791 9370 12
5791 9856 22
5791 5832 100
5791 5511 48
7556 9662 90
7556 965 62
7556 4083 80
7556 9763 81
6172 8187 12
6172 7079 56
6172 1625 29
6172 5419 91
6172 5032 62
8187 7844 9
8187 2206 99
8187 8929 96
8187 7736 59
6669 8993 42
6669 4687 81
6669 8230 34
6669 420 87
6669 1835 95
8993 7775 3
8993 5651 94
8993 1545 67
8993 2907 17
3158 9670 2
3158 1376 88
3158 3536 55
3158 5203 98
3158 3281 56
9670 2657 45
9670 3231 63
9670 6671 84
9670 69 55
3815 8479 6
3815 336 80
3815 1542 64
3815 4737 100
3815 424 2
8479 1524 23
8479 9822 77
8479 5051 93
8479 9767 19
890 4150 3
890 457 31
890 7863 18
890 1858 82
890 2148 11
4150 2778 88
4150 6789 14
4150 5358 84
4150 5879 97
2896 4008 3
2896 5208 24
2896 5730 54
2896 7003 24
2896 929 27
4008 7909 49
4008 5410 11
4008 6516 43
4008 71 20
3988 8407 86
3988 7599 63
3988 973 46
3988 3291 68
3988 6584 57
8407 5487 30
8407 794 81
8407 1877 85
191 1897 90
191 2462 88
191 9838 64
191 9360 72
191 1956 92
1897 2280 10
1897 5281 72
1897 3468 72
1897 5766 51
3606 5107 99
3606 2331 86
3606 4345 34
3606 7135 48
3606 4708 10
5107 5169 28
5107 6007 67
5107 7634 25
5107 7330 67
1857 8288 42
1857 5134 27
1857 7562 92
1857 3924 33
1857 792 11
8288 276 14
8288 7259 91
8288 7803 60
8288 6552 61
4935 5477 50
4935 1748 10
4935 5048 75
4935 3912 58
4935 9498 54
5477 8347 22
5477 4220 90
5477 5490 30
5477 6373 93
2929 7339 85
2929 1977 67
2929 702 35
2929 727 36
2929 1546 96
7339 7128 12
7339 168 18
7339 7145 62
902 9987 20
902 4870 73
902 670 36
902 190 49
902 9596 72
9987 8505 42
9987 365 55
9987 8786 27
9987 4784 91
2678 6939 74
2678 7617 59
2678 6076 70
2678 2024 46
2678 750 98
6939 1056 75
6939 569 70
6939 1836 5
7496 8748 48
7496 6483 83
7496 5328 74
7496 2057 68
7496 7045 38
8748 1290 31
8748 2536 95
8748 6054 82
8748 7056 54
7392 7644 78
7392 6847 74
7392 6381 20
7392 2182 62
7392 9249 46
7644 823 24
7644 7590 88
7644 8694 39
7644 2110 92
391 1554 36
391 8133 42
391 4283 79
391 9054 72
391 6485 19
1554 2304 71
1554 3749 59
1554 3810 9
1554 8840 59
4998 7115 27
4998 3689 5
4998 4207 44
4998 1758 87
4998 5333 82
7115 39 39
7115 9303 54
7115 9336 16
7115 2806 59
2517 8684 66
2517 9160 65
2517 6924 28
2517 8205 38
8684 6946 97
8684 5599 85
8684 4412 62
8684 4328 34
6706 7316 21
6706 1278 34
6706 9737 92
6706 8729 14
6706 7726 12
7316 1683 66
7316 8033 39
7316 505 73
7316 1938 11
226 8842 34
226 6254 11
226 4710 60
226 188 22
226 3056 68
8842 8836 51
8842 155 41
8842 4231 95
8842 7848 50
4978 7402 38
4978 9334 38
4978 3472 2
4978 9965 85
4978 8730 99
7402 2796 68
7402 9265 59
7402 5677 51
7402 7281 38
3383 3880 88
3383 521 89
3383 164 30
3383 9429 1
3383 4811 36
3880 5920 31
3880 6949 92
3880 5799 57
3880 2133 24
2832 6975 53
2832 3714 33
2832 824 10
2832 8148 52
2832 7787 72
6975 4767 98
6975 7105 87
6975 1534 98
1029 6235 10
1029 9179 55
1029 355 54
1029 864 34
3372 3721 99
3372 4823 71
3372 3762 82
3372 9704 69
3372 9828 19
3721 2790 17
3721 1293 58
3721 8534 97
3721 8892 41
6802 8717 65
6802 4656 25
6802 8024 5
6802 1489 7
6802 1204 65
8717 9165 68
8717 6984 82
8717 8740 92
4375 5796 59
4375 873 26
4375 254 74
4375 2980 99
4375 3155 3
5796 9206 79
5796 9133 7
5796 5758 80
4584 9353 28
4584 5515 54
4584 8341 23
4584 7559 92
4584 2355 38
9353 9410 65
9353 7874 100
9353 1046 92
9353 8877 66
2695 5549 9
2695 8458 5
2695 6231 22
2695 1296 53
2695 6549 59
5549 2214 68
5549 5665 46
5549 3684 98
5549 3797 28
6532 6762 2
6532 1454 55
6532 916 58
6532 8732 86
6532 5361 14
6762 5953 22
6762 3533 28
6762 7669 83
6762 3219 14
802 5568 75
802 9814 13
802 5786 54
802 4376 11
802 9044 84
5568 1107 34
5568 1114 73
5568 3960 87
5568 9020 99
482 9562 41
482 1733 96
482 8247 23
482 5161 45
482 4829 99
9562 4724 89
9562 8115 11
9562 9346 37
9562 139 27
2793 2859 93
2793 8784 56
2793 9855 43
2793 9278 21
2793 7705 47
2859 3574 81
2859 8381 39
2859 7634 95
2859 4683 96
6084 7511 34
6084 879 35
6084 1294 21
6084 8970 61
6084 9247 68
7511 8768 41
7511 4968 7
7511 1590 69
7511 5893 90
2481 7468 97
2481 4086 13
2481 8132 88
2481 5636 96
2481 461 77
7468 2617 56
7468 2819 15
7468 3939 64
7468 9123 78
4952 5965 35
4952 7962 26
4952 5309 47
4952 7017 71
4952 7717 71
5965 6127 4
5965 6807 30
5965 9821 80
5965 2738 28
404 3428 66
404 4985 42
404 2316 79
404 9871 9
404 8562 92
3428 5494 91
3428 8235 50
3428 8386 5
3428 337 61
1505 6627 64
1505 7978 88
1505 3767 72
1505 735 62
1505 1345 92
6627 1866 67
6627 6473 26
6627 9084 64
6627 9320 77
1818 9598 2
1818 4813 65
1818 3456 64
1818 706 85
1818 8283 70
9598 9810 64
9598 8241 97
9598 8199 36
9598 1511 79
3137 3800 13
3137 8968 81
3137 4294 55
3137 7011 40
3137 3714 57
3800 2765 23
3800 1804 30
3800 6892 32
3800 2988 38
6072 9379 15
6072 954 16
6072 1425 73
6072 1881 78
6072 130 54
9379 2788 96
9379 8679 85
9379 1745 93
9379 9455 41
258 4542 34
258 2218 72
258 2646 38
258 6091 66
4542 7113 75
4542 8130 62
4542 5520 97
4542 5199 26
7680 3647 54
7680 3623 46
7680 2042 82
7680 6137 44
4534 5802 99
4534 23 25
4534 5860 42
4534 6775 34
4534 8273 43
5802 8283 91
5802 9328 26
5802 355 19
5802 5837 78
2249 8249 9
2249 7315 26
2249 8832 38
2249 6568 50
2249 1107 34
8249 4414 27
8249 6348 49
8249 6455 44
1495 2125 65
1495 4842 2
1495 6237 68
1495 9067 37
1495 2904 6
2125 8934 75
2125 4630 42
2125 993 8
2125 3976 73
7319 9370 24
7319 6161 23
7319 3735 46
7319 4554 8
7319 864 74
9370 548 61
9370 7414 80
9370 9527 84
2922 7002 89
2922 704 16
2922 4509 87
2922 8620 97
2922 5721 14
7002 8428 78
7002 9824 82
7002 9666 15
7002 7715 54
4885 7722 81
4885 1349 52
4885 8472 2
4885 3500 31
4885 2245 46
7722 3860 5
7722 6470 66
7722 5182 57
7722 5845 58
5394 7599 45
5394 7750 74
5394 3768 78
5394 3937 1
5394 2897 37
7599 3760 88
7599 8673 11
7599 167 60
5515 1469 78
5515 8147 79
5515 8701 67
5515 7971 20
924 996 69
924 8235 98
924 4800 77
924 3593 37
924 5281 74
996 1518 11
996 5163 24
996 183 36
996 6518 33
3656 3964 51
3656 3673 83
3656 8964 98
3656 9863 29
3964 7050 77
3964 8880 46
3964 4587 39
3964 1380 81
846 9973 89
846 6457 86
846 8540 81
846 3296 23
846 3760 48
9973 3385 96
9973 2962 50
9973 7429 57
9973 7740 72
5694 8241 22
5694 8135 59
5694 4207 49
5694 4012 75
5694 8943 42
8241 9307 58
8241 8758 2
8241 8719 29
4536 5474 9
4536 8780 66
4536 8870 55
4536 276 40
4536 9104 27
5474 9764 99
5474 8675 63
5474 3331 50
5474 3545 74
2113 2295 65
2113 9894 9
2113 9468 77
2113 4262 89
2295 2142 65
2295 3584 57
2295 1550 8
2295 5204 13
7842 8714 61
7842 6213 71
7842 4410 76
7842 9298 25
7842 3356 69
8714 1100 84
8714 6937 73
8714 7859 60
8714 2939 35
2784 7603 39
2784 6075 32
2784 8040 36
2784 8798 50
2784 5594 13
7603 347 20
7603 4557 36
7603 9926 46
1863 9475 19
1863 8309 9
1863 3435 100
1863 993 34
1863 9502 41
9475 786 87
9475 5293 57
9475 6217 37
5944 7076 32
5944 6879 73
5944 6188 81
5944 4615 71
5944 9450 87
7076 8722 89
7076 3415 86
7076 461 100
7076 6712 9
5756 7025 26
5756 7583 10
5756 176 19
5756 7247 47
5756 706 95
7025 702 97
7025 9898 40
7025 8093 14
7025 3766 25
3863 7044 33
3863 1009 77
3863 6529 86
3863 2509 56
3863 7600 20
7044 4924 44
7044 3953 10
7044 948 24
7044 4114 76
4685 5166 34
4685 4239 86
4685 2453 55
4685 4126 7
4685 7239 45
5166 2396 52
5166 5961 48
5166 8698 45
5166 9484 43
1366 5636 41
1366 8397 81
1366 5154 79
1366 1569 51
5636 9604 71
5636 3307 23
5636 2400 36
3017 9467 55
3017 2200 6
3017 7476 69
3017 5903 49
3017 608 22
9467 6504 50
9467 8524 62
9467 4982 30
9467 2734 10
7568 9269 84
7568 7306 60
7568 8319 16
7568 4578 88
7568 7125 98
9269 9833 44
9269 7060 71
9269 9619 58
9269 8645 64
6186 5163 34
6186 9196 77
6186 4271 63
6186 7353 84
3507 9102 85
3507 3695 85
3507 1292 41
3507 9599 26
3507 568 35
9102 4862 61
9102 6688 80
9102 7151 33
4527 7209 58
4527 3297 48
4527 6719 45
4527 4788 70
4527 7318 39
7209 4852 36
7209 5987 90
7209 5134 32
7209 5371 18
647 9332 16
647 5872 73
647 1400 84
647 3889 17
647 1911 8
9332 4137 64
9332 4189 64
9332 633 18
5600 9114 95
5600 6074 2
5600 7607 99
5600 8413 5
5600 271 49
9114 4125 22
9114 8090 21
9114 1467 8
3212 6710 32
3212 2401 49
3212 68 28
3212 4526 25
3212 4071 10
6710 7994 40
6710 9134 86
6710 6373 21
6710 516 66
1126 4082 20
1126 3749 87
1126 122 78
1126 1544 25
1126 1231 75
4082 2825 27
4082 6156 46
4082 1219 48
4082 2666 46
166 6026 18
166 2763 6
166 8903 64
166 4191 20
166 398 77
6026 4846 10
6026 1096 68
6026 7467 8
6026 8492 6
4680 9144 83
4680 2589 77
4680 8727 90
4680 8260 16
4680 282 55
9144 9725 4
9144 6157 100
9144 1483 54
9144 9593 25
79 365 44
79 422 62
79 2615 20
79 6193 2
79 5971 36
365 3484 3
365 4578 28
365 4546 84
4750 2731 19
4750 312 51
4750 9092 47
4750 9558 25
1206 2506 88
1206 2059 57
1206 4524 37
1206 5358 66
1206 6525 25
2506 5116 14
2506 2309 75
2506 1563 33
330 5087 82
330 6494 6
330 940 53
330 5739 48
330 7026 96
5087 8330 58
5087 6785 20
5087 4029 93
5087 603 37
2246 8435 35
2246 9436 51
2246 7587 100
2246 4721 98
2246 7112 31
8435 1143 16
8435 3615 29
8435 2403 16
8435 9417 13
3958 6126 3
3958 2643 49
3958 7649 6
3958 2450 100
3958 4409 54
6126 7996 37
6126 5915 48
6126 6973 45
6126 8368 52
6807 9679 72
6807 88 37
6807 2501 41
6807 4791 93
9679 9463 34
9679 8600 90
9679 8885 28
9679 4337 12
5130 6347 85
5130 2082 52
5130 8743 50
5130 3443 98
5130 9896 60
6347 242 58
6347 8273 11
6347 9181 22
6347 3025 59
4088 9390 7
4088 5955 38
4088 1050 41
4088 8997 58
4088 901 6
9390 576 71
9390 5261 14
9390 2099 89
534 7711 34
534 738 77
534 9120 41
534 9425 52
534 8372 82
7711 5596 10
7711 3495 96
7711 5749 16
7711 4740 45
1804 5057 53
1804 819 72
1804 8515 27
1804 9024 38
5057 9566 71
5057 8225 8
5057 4319 58
5057 514 95
693 3799 56
693 8552 14
693 7322 86
693 1488 10
693 9258 32
3799 7809 47
3799 1920 53
3799 2873 18
3799 2314 31
268 6279 64
268 1908 35
268 288 98
268 8445 96
268 2842 85
6279 3301 72
6279 4131 61
6279 7351 51
4987 8109 45
4987 8033 49
4987 5952 44
4987 8193 32
4987 9255 32
8109 6967 76
8109 141 70
8109 3904 97
8784 8957 16
8784 804 64
8784 7486 10
8784 6962 45
8957 3511 25
8957 6879 48
8957 9673 75
8957 8307 79
639 4502 4
639 2353 25
639 6834 56
639 7399 1
639 4639 14
4502 9669 85
4502 4465 49
4502 4697 11
4502 2950 32
207 1839 100
207 1926 62
207 2256 90
207 2435 10
207 5774 67
1839 8140 64
1839 2981 27
1839 2792 29
1839 7883 99
4992 6763 20
4992 8170 34
4992 7853 99
4992 7540 18
4992 9613 96
6763 8424 43
6763 8843 46
6763 6243 11
6763 6211 85
2361 4601 88
2361 9493 92
2361 7898 28
2361 8935 32
4601 5290 97
4601 8764 42
4601 760 23
4601 7106 28
3845 7538 96
3845 7351 9
3845 5414 12
3845 8330 98
3845 7716 62
7538 8551 39
7538 7604 98
7538 9386 10
7538 6241 63
4446 2937 7
4446 1101 18
4446 7304 75
4446 4160 95
5827 6810 47
5827 7881 16
5827 3893 47
5827 2120 91
5827 8436 94
6810 5400 88
6810 3292 28
6810 8885 88
6810 3104 40
469 2778 48
469 8179 99
469 3972 89
469 2407 70
469 5046 91
2778 4732 97
2778 6469 17
2778 1618 13
300 2003 81
300 8021 98
300 5554 44
300 8974 75
300 3335 70
2003 9066 6
2003 9498 22
2003 4559 29
2003 4486 33
8599 9362 64
8599 8212 63
8599 4469 2
8599 7721 75
8599 5302 98
9362 3394 69
9362 736 30
9362 7174 40
9362 7926 60
5939 6462 71
5939 6434 36
5939 9151 35
5939 529 89
5939 2549 46
6462 3823 35
6462 3455 57
6462 1937 68
6462 9528 64
6993 8125 38
6993 5810 17
6993 3993 35
6993 626 42
6993 4783 96
8125 1402 31
8125 9466 74
8125 2562 45
3111 5449 72
3111 2310 64
3111 4837 19
3111 3313 48
3111 1560 10
5449 134 36
5449 9504 40
5449 448 71
5449 5575 40
1031 7362 25
1031 7438 4
1031 6125 64
1031 3426 83
7362 1632 60
7362 7984 83
7362 8399 87
4985 527 21
4985 8286 4
4985 5127 25
4985 3761 57
182 6104 37
182 4402 79
182 6907 80
182 3130 71
182 2944 32
6104 8392 31
6104 2381 88
6104 2744 48
6104 3359 13
3118 7559 5
3118 7056 72
3118 1189 23
3118 1876 67
3118 4566 54
7559 4555 54
7559 2281 86
7559 1745 89
1702 9452 79
1702 7305 1
1702 2556 24
1702 2483 91
1702 1657 96
9452 1556 23
9452 6657 31
9452 4744 61
9452 6099 13
2970 9381 6
2970 8064 94
2970 1957 26
2970 1986 18
2970 8832 38
9381 8959 61
9381 6595 85
9381 4903 84
9381 5745 36
2475 8621 71
2475 4913 57
2475 7558 75
2475 9527 45
2475 6059 38
8621 4621 76
8621 5276 56
8621 272 47
8621 2310 2
5782 6636 26
5782 3796 35
5782 2723 1
5782 626 1
5782 6981 8
6636 9000 85
6636 1766 85
6636 9611 18
6636 5497 48
2232 6419 74
2232 672 79
2232 1710 86
2232 7695 77
2232 9960 24
6419 2383 25
6419 8375 19
6419 1598 86
6419 6978 92
5 9036 32
5 1039 96
5 3895 47
5 3607 45
5 6604 92
9036 7420 64
9036 3965 87
9036 1215 57
9036 8983 72
5598 7458 44
5598 4678 16
5598 7822 72
5598 4533 80
5598 784 95
7458 2458 71
7458 234 49
7458 2565 68
7458 8536 37
512 8086 73
512 2184 14
512 4026 37
512 275 53
8086 7360 68
8086 1799 80
8086 5717 9
8086 3371 49
4650 8473 17
4650 503 93
4650 2833 19
4650 9155 33
4650 2658 37
8473 2749 73
8473 2586 10
8473 6805 59
8473 1335 42
3876 8298 16
3876 5403 29
3876 6531 49
3876 1354 84
3876 236 7
8298 6599 11
8298 5086 36
8298 6331 71
8298 9001 25
9732 5582 40
9732 9019 43
9732 9483 22
9732 5221 97
4823 7007 63
4823 5171 90
4823 425 14
4823 5729 73
2955 7918 61
2955 3593 88
2955 7310 26
2955 732 73
2955 412 32
7918 3080 16
7918 8650 44
7918 2751 55
7918 1703 15
5063 5609 75
5063 4755 13
5063 1509 44
5063 7483 57
5063 2554 54
5609 4489 54
5609 553 22
5609 7792 55
5609 2627 75
9835 2593 38
9835 1052 13
9835 6434 2
9835 6581 92
6493 9249 36
6493 6034 89
6493 3802 89
6493 3636 13
6493 210 76
9249 59 55
9249 4573 18
9249 8392 36
3716 8955 35
3716 4808 86
3716 9286 46
3716 7230 1
3716 7580 16
8955 4914 22
8955 3315 30
8955 7737 20
8955 2618 54
6610 7555 18
6610 3817 1
6610 3696 91
6610 9187 15
6610 4596 8
7555 1767 27
7555 2917 60
7555 175 15
7555 3103 77
3470 5516 76
3470 5379 44
3470 1984 6
3470 2703 93
3470 2253 96
5516 6506 24
5516 2762 89
5516 4596 63
5516 9749 89
297 1085 25
297 8018 31
297 880 85
297 2918 66
297 6838 96
1085 2135 16
1085 7657 74
1085 5864 73
1085 9688 28
3127 8560 44
3127 9289 4
3127 1509 76
3127 3028 44
3127 3095 29
8560 1745 46
8560 9685 56
8560 2155 78
8560 5669 89
4861 6010 44
4861 4211 85
4861 2168 9
4861 40 88
4861 3930 13
6010 7477 100
6010 8823 84
6010 2502 18
6010 6600 62
369 5125 46
369 9187 49
369 5082 91
369 4709 68
369 8653 71
5125 1081 84
5125 2320 15
5125 4115 31
5125 8710 3
3188 9967 54
3188 9949 34
3188 8624 100
3188 5360 66
3188 9556 27
9967 8296 12
9967 4026 71
9967 6156 43
6947 7325 57
6947 2500 96
6947 2995 45
6947 5946 4
6947 774 91
7325 9411 84
7325 1261 49
7325 7624 55
7325 7388 98
233 6927 64
233 4993 36
233 7010 36
233 4522 41
233 2534 82
6927 4528 84
6927 7475 22
6927 7049 20
6927 6093 90
7766 2694 14
7766 6501 71
7766 1165 98
4206 4244 90
4206 988 29
4206 1910 80
4206 5918 34
4206 3514 25
4244 4915 94
4244 704 67
4244 625 73
4244 2985 77
7840 8481 62
7840 5332 39
7840 4827 80
7840 6653 16
7840 8647 47
8481 567 25
8481 4669 78
8481 5690 85
8481 3489 81
1431 2303 83
1431 5450 79
1431 6862 66
1431 9376 6
1431 6133 55
2303 562 15
2303 20 28
2303 3634 31
2303 977 39
7655 8701 88
7655 5126 53
7655 871 93
7655 384 33
7655 7968 27
8701 7775 42
8701 3096 27
8701 1613 92
5851 5470 62
5851 2440 89
5851 7991 50
5851 8919 27
907 4777 38
907 9259 11
907 9895 88
907 9058 21
907 9721 73
4777 4402 45
4777 6106 7
4777 1678 66
4777 3411 66
6097 8444 11
6097 717 66
6097 5563 51
6097 4698 37
6097 3641 93
8444 4616 27
8444 5256 13
8444 4830 67
8444 4896 8
4227 5471 24
4227 7912 61
4227 8894 13
4227 1457 34
4227 7630 37
5471 4034 82
5471 8247 93
5471 9298 57
5471 9896 91
720 1918 19
720 375 83
720 4323 31
720 5157 97
720 3438 55
1918 8322 26
1918 6850 86
1918 5230 15
1918 2990 74
8140 2936 49
8140 974 89
8140 6146 69
8140 8342 51
3198 4023 23
3198 3261 74
3198 4981 56
3198 9889 32
3198 9308 22
4023 8270 100
4023 2241 83
4023 6772 68
4023 1045 39
3889 5826 39
3889 6963 48
3889 1200 89
3889 7382 96
5826 1768 42
5826 859 7
5826 302 71
5826 5889 54
7041 9188 83
7041 5713 71
7041 6965 2
7041 406 49
9188 7445 78
9188 9251 100
9188 9240 8
9188 9729 55
4360 7663 46
4360 5053 74
4360 2889 15
4360 1355 90
4360 803 19
7663 7733 15
7663 3386 54
7663 8683 66
7663 3286 92
3794 8972 91
3794 1924 35
3794 6969 96
3794 3508 44
3794 3475 67
8972 510 6
8972 3365 24
8972 4488 22
8972 9785 19
331 1584 82
331 5321 37
331 6671 67
331 4245 17
331 3749 81
1584 7812 59
1584 4130 91
1584 9949 75
2051 5552 90
2051 7516 68
2051 6741 3
2051 5027 34
2051 4169 51
5552 3778 78
5552 1095 3
5552 5835 60
5552 7340 34
8677 9513 15
8677 4752 73
8677 581 94
8677 5373 5
8677 3629 2
9513 4089 96
9513 2381 21
9513 944 8
3344 9675 85
3344 5951 22
3344 4028 72
3344 8477 3
3344 1969 29
9675 5976 61
9675 5155 36
9675 7244 9
9675 2037 59
7716 8014 30
7716 701 30
7716 8826 57
7716 8888 77
8014 7137 55
8014 5222 62
8014 8916 28
8014 7542 42
4605 8433 27
4605 6962 33
4605 2855 98
4605 4106 39
4605 5957 9
8433 1535 55
8433 7124 78
8433 8961 97
8433 6945 87
4286 6401 27
4286 5832 5
4286 5462 18
4286 1365 97
4286 8429 99
6401 3148 93
6401 6166 87
6401 69 75
6401 718 77
53 8406 94
53 2264 72
53 3009 79
53 3213 99
53 237 35
8406 2627 39
8406 1355 79
8406 1929 95
8406 9546 86
2259 3222 65
2259 5191 65
2259 3849 3
2259 7213 83
2259 7527 24
3222 7268 70
3222 3625 60
3222 3842 37
3222 6286 32
6977 9553 51
6977 7309 5
6977 4200 12
6977 7920 14
6977 4792 39
9553 1625 55
9553 5070 56
9553 5459 99
2077 2427 8
2077 1269 37
2077 8910 70
2077 934 29
2077 1358 85
2427 8153 77
2427 5332 96
2427 4251 49
2427 2906 72
8575 9586 12
8575 1975 62
8575 7237 90
8575 9823 64
8575 9983 67
9586 3690 5
9586 6502 6
9586 8222 91
9586 8652 14
3195 4075 71
3195 5747 49
3195 9472 21
3195 2251 70
3195 7201 14
4075 4399 86
4075 3609 62
4075 2170 72
4075 9731 47
1420 9253 71
1420 8584 49
1420 796 28
1420 7374 71
1420 3308 25
9253 1013 55
9253 1720 40
9253 8981 12
9253 9788 85
4135 8110 96
4135 6822 12
4135 2152 19
4135 9568 51
4135 8426 54
8110 5436 88
8110 9921 95
8110 1275 25
8110 7467 71
2359 4742 40
2359 5040 19
2359 8330 90
2359 6464 45
2359 5525 56
4742 4822 50
4742 2134 18
4742 4807 87
4742 9215 7
1381 9490 5
1381 3481 55
1381 9137 78
1381 172 65
1381 5650 46
9490 9359 79
9490 1014 90
9490 5258 69
9490 8252 38
6794 6813 35
6794 4174 42
6794 2708 55
6794 5659 39
6794 3186 39
6813 6087 74
6813 6410 36
6813 3078 46
6813 6384 4
426 5362 23
426 9717 89
426 2801 12
426 9380 85
426 9295 37
5362 6673 53
5362 632 60
5362 9809 5
5362 3775 75
5154 6746 81
5154 7958 81
5154 9501 25
5154 3317 29
6746 5207 92
6746 5235 76
6746 8357 26
6746 3963 92
2060 9778 14
2060 6696 9
2060 2651 99
2060 4780 85
9778 472 36
9778 243 59
9778 3210 76
9778 3644 39
5274 7602 11
5274 2992 53
5274 8988 22
5274 5943 57
5274 1226 33
7602 4314 88
7602 8603 73
7602 4749 57
7602 6377 99
2008 7144 11
2008 5567 34
2008 5926 50
2008 2812 32
2008 685 88
7144 1068 69
7144 4391 15
7144 2260 2
7144 3543 68
3691 8978 15
3691 6073 3
3691 1903 83
3691 9920 53
3691 3419 18
8978 7462 39
8978 8902 72
8978 4293 35
8978 4031 9
2462 1479 66
2462 3991 36
2462 818 60
2462 9702 53
566 1585 57
566 4057 87
566 1734 11
566 2596 38
566 2772 68
1585 8467 1
1585 9561 31
1585 4919 32
1585 5639 35
1362 7154 33
1362 5776 80
1362 2564 51
1362 4741 6
1362 7121 16
7154 1060 10
7154 8781 32
7154 1877 98
7154 5407 73
560 5712 71
560 4582 29
560 430 23
560 8154 43
560 7000 64
5712 1013 82
5712 9282 59
5712 8051 35
1216 2633 24
1216 1870 96
1216 7112 69
1216 9889 54
1216 2039 80
2633 7631 30
2633 7819 73
2633 8825 6
2633 1611 9
8063 8256 33
8063 8988 37
8063 4622 49
8063 4165 77
8063 3977 82
8256 7851 8
8256 3149 100
8256 8759 86
8256 5748 42
7351 1982 25
7351 4716 1
7351 3225 1
3517 5041 7
3517 4550 21
3517 3395 52
3517 7628 74
3517 4958 73
5041 7606 55
5041 4700 27
5041 8916 23
7491 8969 35
7491 9832 34
7491 9646 44
7491 922 23
7491 4241 100
8969 6694 57
8969 11 79
8969 3851 41
8969 7028 6
6025 8301 98
6025 8208 14
6025 4971 15
6025 5792 15
6025 3765 39
8301 8643 54
8301 1094 73
8301 2528 50
8301 8049 64
3060 7017 45
3060 9538 38
3060 6928 62
3060 8324 61
3060 8911 98
7017 3239 32
7017 9380 60
7017 3227 82
7246 8384 30
7246 5222 48
7246 3230 50
7246 7751 91
7246 5128 53
8384 3367 40
8384 5415 81
8384 813 23
668 9567 38
668 5426 25
668 3710 91
668 2959 69
668 8595 26
9567 7723 43
9567 1680 89
9567 292 37
9567 9245 4
3633 4435 59
3633 3485 45
3633 2274 75
3633 3149 40
3633 9548 2
4435 7796 32
4435 3940 22
4435 3219 20
4435 8689 60
3392 7176 60
3392 1650 70
3392 440 56
3392 6227 15
6504 3066 30
6504 3435 2
6504 6705 77
6504 1463 38
3400 7085 93
3400 5619 84
3400 2447 100
3400 52 55
3400 4047 58
7085 3059 54
7085 5706 87
7085 2574 61
7085 7396 61
2538 6154 67
2538 6041 34
2538 4294 52
2538 5828 11
2538 7207 65
6154 7227 15
6154 7553 96
6154 8053 25
6154 5013 73
4439 5996 37
4439 5852 72
4439 1453 50
4439 7349 84
4439 6321 12
5996 418 17
5996 6205 4
5996 6666 61
5996 5933 49
6216 8246 9
6216 3190 42
6216 2788 12
6216 6873 5
6216 2898 70
8246 9654 33
8246 3654 55
8246 3771 16
8246 1059 78
2988 3357 45
2988 9067 67
2988 2301 9
2988 8292 3
3357 8722 52
3357 4644 88
3357 1141 86
7283 9555 72
7283 1132 47
7283 8065 98
7283 547 53
7283 6804 5
9555 8506 59
9555 1989 4
9555 9479 43
9555 1004 49
943 2982 15
943 7235 49
943 1161 54
943 9412 36
943 7855 23
2982 4748 11
2982 2837 31
2982 1311 8
2982 3832 50
3790 9872 79
3790 3138 9
3790 5828 98
3790 2190 63
3790 1679 32
9872 7778 16
9872 3237 42
9872 9571 28
9872 3985 18
7429 9380 27
7429 8531 14
7429 5415 7
7429 850 46
9380 4776 3
9380 4246 55
3179 3302 5
3179 1891 26
3179 6060 91
3179 7512 48
3179 726 69
3302 7584 21
3302 1927 9
3302 2021 87
3302 7821 33
8397 9017 22
8397 5533 25
8397 9101 66
8397 1097 47
9017 1648 75
9017 8091 37
9017 8739 22
9017 7098 57
3693 9939 54
3693 5601 85
3693 4318 76
3693 2493 71
3693 495 96
9939 9374 42
9939 31 41
9939 984 64
9939 5234 5
1958 2438 70
1958 2199 59
1958 6908 30
1958 9547 99
1958 31 74
2438 2374 65
2438 7859 27
2438 4945 98
3897 6736 91
3897 1631 89
3897 9067 27
3897 9012 69
3897 5890 41
6736 1880 78
6736 6639 65
6736 939 96
6736 1006 6
638 3285 11
638 6408 3
638 5002 11
638 5348 43
638 1524 28
3285 342 33
3285 9707 24
3285 134 77
3285 9127 79
1956 5775 27
1956 3475 61
1956 5440 7
5775 7446 82
5775 1404 33
5775 9403 82
1861 8921 52
1861 502 1
1861 4848 76
1861 9412 69
1861 2013 1
8921 9821 40
8921 3425 1
8921 7024 54
8921 9275 88
3287 8470 11
3287 2103 92
3287 8251 89
3287 3305 14
3287 984 1
8470 892 16
8470 8191 26
8470 7864 98
8470 3289 100
1532 7699 1
1532 7484 20
1532 5065 69
1532 9714 63
1532 1936 57
7699 2707 28
7699 9715 100
7699 6925 74
7699 5964 23
1262 7838 54
1262 7534 91
1262 6007 81
1262 8980 74
7838 1311 44
7838 2802 66
7838 5309 33
7838 4029 88
1843 9281 29
1843 9072 73
1843 1826 28
1843 9756 85
1843 6467 57
9281 2927 84
9281 8002 70
9281 3196 25
9281 8746 97
3603 7952 3
3603 2256 63
3603 8962 99
3603 8862 16
3603 5829 35
7952 9003 73
7952 3825 41
7952 1741 52
7952 7546 30
833 7248 73
833 1036 64
833 8416 82
833 6547 16
2321 3429 57
2321 6305 74
2321 3837 61
2321 6631 33
2321 6912 80
3429 1287 56
3429 573 72
3429 8287 7
3429 3314 68
387 441 85
387 8696 35
387 3315 71
387 1327 56
387 9817 3
441 8655 85
441 1625 41
441 7464 58
441 9382 39
624 8490 56
624 8369 1
624 1953 29
624 7625 7
624 9577 4
8490 4827 29
8490 1624 96
8490 352 57
8490 8499 1
2890 3707 88
2890 2067 34
2890 3554 64
2890 6796 53
2890 5601 49
3707 581 38
3707 8516 76
3707 9941 81
3707 9811 94
1735 4621 41
1735 5105 43
1735 9771 57
1735 5433 53
1735 4714 63
4621 4553 73
4621 5373 15
4621 7337 46
4739 5833 69
4739 7261 2
4739 7282 25
4739 3843 45
4739 2508 20
5833 9510 18
5833 4843 87
5833 2883 32
5833 8208 7
1877 9400 62
1877 5383 14
1877 3858 45
9400 3034 20
9400 6900 28
9400 5625 52
9400 589 23
2087 6766 10
2087 8654 37
2087 976 29
2087 1059 91
2087 8311 55
6766 6797 77
6766 3812 98
6766 401 92
6766 5744 37
5894 9268 28
5894 4576 39
5894 4089 22
5894 8700 21
5894 6781 31
9268 762 87
9268 8778 27
9268 5586 75
9268 982 95
5950 8611 43
5950 2628 86
5950 8210 23
5950 2457 82
5950 9777 89
8611 6919 27
8611 7993 18
8611 3750 36
2818 8907 5
2818 1204 27
2818 6428 73
2818 9356 28
2818 3881 36
8907 2088 21
8907 5706 68
8907 9845 64
8907 637 23
9750 9942 93
9750 1972 57
9750 7218 22
9750 9309 33
9750 3305 50
9942 8032 12
9942 2850 72
9942 8820 90
9942 9485 73
1421 1428 1
1421 4004 5
1421 6721 6
1421 3566 91
1428 4107 77
1428 1494 18
1428 7695 1
1428 3611 62
3320 7613 40
3320 7276 7
3320 2722 35
3320 975 85
3320 9747 31
7613 2639 5
7613 1043 46
7613 7386 27
7613 405 46
7305 9136 60
7305 6311 14
7305 1235 20
7305 6175 93
1302 9815 33
1302 3193 86
1302 6527 93
1302 8719 29
1302 1715 27
9815 2306 5
9815 6643 29
9815 3836 83
9815 7337 54
6973 9648 74
6973 5895 16
6973 7548 60
6973 5045 23
9648 9573 76
9648 4194 17
9648 4163 57
9648 5137 93
804 3580 22
804 5910 33
804 3997 86
804 6352 75
718 7320 60
718 8630 40
718 5033 61
7320 4867 64
7320 9824 26
7320 7077 88
5848 6240 33
5848 2132 27
5848 6079 10
5848 6043 85
5848 8220 47
6240 649 52
6240 6041 32
6240 3108 8
6240 4500 69
6876 7221 8
6876 3058 11
6876 6994 10
6876 3079 20
6911 6503 99
6911 6224 47
6911 3047 51
6911 7359 57
7816 8997 19
7816 6836 8
7816 7236 90
7816 6800 57
7816 2540 5
8997 2286 42
8997 4776 55
8997 4882 23
7329 2662 83
7329 6564 98
7329 8650 39
7329 5367 67
6470 6933 16
6470 2993 45
6470 1971 5
6470 7514 52
6933 7257 15
6933 3146 35
6933 7853 94
6933 8960 33
112 5416 41
112 828 71
112 4142 77
112 4907 29
112 6550 60
5416 7059 54
5416 3223 23
5416 8350 35
5416 3526 33
2254 9107 80
2254 8917 10
2254 4779 30
2254 3817 8
2254 5915 37
9107 4378 7
9107 4965 50
9107 5528 60
9107 7454 25
2935 7748 21
2935 3194 11
2935 1928 17
2935 1793 46
2935 6434 16
7748 2956 45
7748 4526 81
7748 327 29
7748 1884 93
2362 7886 68
2362 5204 6
2362 8 41
2362 9141 20
2362 7784 1
7886 570 26
7886 8635 9
7886 7195 50
7886 9549 47
911 9004 7
911 1714 27
911 4103 1
911 3473 79
911 9255 33
9004 3266 68
9004 9035 41
9004 5216 82
3066 5198 93
3066 2790 95
3066 6163 8
3066 6450 36
5198 3824 7
5198 6332 55
5198 3556 58
5198 4196 1
8552 8061 94
8552 4603 22
8552 3020 45
8552 7370 85
1417 9549 4
1417 3834 46
1417 9299 6
1417 2262 33
1417 6251 61
9549 276 92
9549 5633 90
9549 2865 59
3108 6363 56
3108 8445 70
3108 1213 88
3108 5673 65
6363 8482 27
6363 6430 84
6363 7081 46
1521 5176 28
1521 7539 54
1521 6027 38
1521 6646 16
1521 8464 26
5176 5728 78
5176 3370 16
5176 2487 53
5176 9789 51
5105 5805 39
5105 408 25
5105 51 38
5105 7877 65
4438 7143 79
4438 2521 30
4438 4145 85
4438 1921 85
4438 4330 77
7143 3275 31
7143 5360 6
7143 2033 55
7143 2828 44
5747 7073 66
5747 8567 18
5747 1617 18
7073 8807 2
7073 5603 16
7073 2520 57
7073 1621 96
1738 7096 72
1738 9174 71
1738 3513 98
1738 325 57
7096 7485 89
7096 1963 24
7096 72 39
7096 2423 8
8618 8695 51
8618 9554 9
8618 9779 19
8618 321 14
8618 5439 91
8695 9885 35
8695 2322 81
8695 8300 6
8695 6478 84
7642 9352 78
7642 1967 58
7642 8016 33
7642 4749 7
7642 6854 59
9352 102 31
9352 3173 5
9352 8190 75
9352 398 23
3763 8667 91
3763 5972 91
3763 7294 25
3763 1264 66
3763 4648 1
8667 1416 88
8667 5988 90
8667 9358 34
267 5303 57
267 8933 12
267 1586 49
267 3631 100
267 3774 44
5303 6174 12
5303 8606 82
5303 1705 4
5303 4933 9
3859 8375 25
3859 8641 40
3859 9963 71
3859 485 57
3859 615 65
8375 5522 10
8375 8965 54
8375 78 25
7203 9655 40
7203 7626 41
7203 4010 21
7203 4188 28
9655 6334 97
9655 5525 66
9655 3001 7
9655 2094 91
4732 9468 41
4732 256 51
4732 7544 92
4732 150 75
9468 8373 100
9468 3806 47
9468 8521 94
6716 8813 42
6716 393 5
6716 4748 41
6716 103 4
6716 4346 67
8813 6597 30
8813 3820 84
8813 444 53
8813 2105 55
7445 3439 81
7445 9779 60
7445 1236 87
3221 5085 60
3221 2233 84
3221 8888 69
3221 2989 53
3221 5462 43
5085 2431 56
5085 8675 15
5085 5376 3
740 5900 21
740 6937 62
740 6539 56
740 5666 74
740 2861 47
5900 917 48
5900 7032 77
5900 5943 27
5900 847 92
1923 4001 6
1923 351 17
1923 1307 83
1923 3076 60
1923 2707 41
4001 6364 85
4001 5795 51
4001 5336 52
4001 83 26
7184 8100 52
7184 6877 83
7184 6160 43
7184 2429 69
7184 4632 14
8100 7683 38
8100 9303 77
8100 5692 38
8100 1476 66
111 2696 68
111 8210 93
111 1075 69
111 5357 6
111 4484 45
2696 240 66
2696 8970 49
2696 7523 90
4892 5404 5
4892 551 35
4892 3206 84
4892 302 10
4892 316 36
5404 1234 90
5404 2069 40
5404 1795 66
6079 7411 17
6079 5307 65
6079 1194 55
6079 4699 84
7411 1740 70
7411 9526 95
7411 4109 80
7411 4261 22
4309 8961 56
4309 8563 75
4309 1703 56
4309 4571 80
4309 8013 96
8961 2796 6
8961 302 33
8961 6108 16
1019 7917 32
1019 8464 84
1019 6928 33
1019 6424 27
1019 7880 67
7917 2821 100
7917 6342 15
7917 1929 67
7917 7131 6
4641 5004 86
4641 4915 11
4641 9376 60
4641 409 88
4641 5386 59
5004 6668 89
5004 231 99
5004 7735 82
5004 2194 26
1057 1793 100
1057 2176 58
1057 3572 95
1057 9371 42
1793 2522 51
1793 1395 20
1793 539 35
1252 6398 76
1252 7069 32
1252 9194 18
1252 6242 44
1252 2124 5
6398 284 89
6398 7476 36
6398 4065 86
6398 1433 7
1454 6717 48
1454 5266 55
1454 5250 37
1454 2616 53
4776 4217 73
4776 5452 57
2609 8247 11
2609 1322 71
2609 2042 64
2609 6655 76
2609 9238 98
8247 3 44
8247 6019 52
8593 7651 33
8593 7928 1
8593 8205 47
8593 6003 94
8135 6750 100
8135 7780 6
8135 2062 20
8135 4479 76
4216 8396 36
4216 8658 9
4216 7777 10
4216 6468 69
4216 3497 29
8396 3255 86
8396 827 45
8396 5108 57
8396 3824 64
3615 8930 14
3615 6776 83
3615 6239 38
3615 2718 2
8930 3659 67
8930 6038 50
8930 625 11
141 5325 7
141 4057 50
141 1005 2
141 8114 5
5325 6067 86
5325 5340 68
5325 9419 52
5325 637 23
5741 9644 62
5741 9097 96
5741 6203 55
5741 3258 28
5741 8188 47
9644 938 41
9644 5988 49
9644 4344 94
9644 9845 96
2495 5866 50
2495 8436 49
2495 168 87
2495 9506 78
2495 8979 71
5866 3622 4
5866 3713 13
5866 3087 44
5866 4611 80
6197 9106 20
6197 1258 13
6197 7752 36
6197 1086 8
6197 6409 60
9106 5014 60
9106 9178 15
9106 6451 52
3103 6378 42
3103 6220 49
1962 2370 11
1962 5152 43
1962 5860 27
1962 221 7
1962 7658 15
2370 9645 98
2370 1455 42
2370 5255 14
2370 5350 76
7280 7757 60
7280 1090 43
7280 7648 42
7280 9718 39
7280 3177 40
7757 7311 48
7757 6295 31
7757 9616 31
7757 6065 44
4658 7401 39
4658 6958 65
4658 538 94
4658 3814 70
4658 7677 40
7401 3319 46
7401 8838 88
7401 9595 79
7401 2811 12
3312 9279 96
3312 9751 45
3312 1943 31
3312 3490 29
3312 7444 79
9279 9860 32
9279 8116 16
9279 6389 65
9279 3513 91
55 1959 21
55 1760 81
55 5456 54
55 1265 83
55 3481 47
1959 4024 40
1959 2549 44
1959 7006 97
1959 4632 32
3824 3977 67
3824 6428 18
3824 6721 96
3977 7524 99
3977 2632 60
3977 4106 55
9894 5816 99
9894 1056 96
9894 2289 16
9894 3801 96
5148 9665 58
5148 6006 4
5148 6451 26
5148 9112 72
5148 763 16
9665 7941 91
9665 3382 64
9665 4993 25
9665 9874 81
334 593 18
334 772 82
334 683 43
334 2404 49
334 6443 13
593 5587 98
593 6383 34
593 1805 41
593 2163 95
8866 9466 94
8866 2717 85
8866 1724 35
8866 9703 1
8866 8777 95
9466 5387 30
9466 5650 40
9466 9804 94
4132 6015 78
4132 6333 92
4132 7679 57
4132 4712 7
4132 8735 46
6015 1236 10
6015 5080 69
6015 4027 69
6015 308 81
2356 4367 42
2356 5327 77
2356 6047 35
2356 4393 50
2356 3264 24
4367 2299 4
4367 2137 43
4367 7475 99
4367 1630 95
5618 7335 40
5618 2082 46
5618 9496 59
5618 3867 35
5618 3462 22
7335 6321 5
7335 2277 61
7335 5814 72
7335 3601 51
1562 6758 30
1562 6661 48
1562 2093 94
1562 2398 90
1562 4923 72
6758 7674 43
6758 1000 57
6758 8635 81
6758 8509 40
9604 9258 72
9604 9873 62
9604 5328 95
9604 6272 97
5183 9070 57
5183 1662 71
5183 2248 61
5183 8927 39
5183 3090 8
9070 2941 12
9070 9802 34
9070 9115 62
9070 1422 84
3310 5045 56
3310 6567 42
3310 3664 33
3310 6433 32
3310 9878 89
5045 2942 67
5045 1073 42
5045 7973 26
1251 9690 29
1251 305 89
1251 4801 80
1251 3313 15
9690 422 49
9690 7051 18
9690 1289 21
9690 6784 94
9429 9929 19
9429 4460 52
9429 5574 13
9929 201 29
9929 8782 49
9929 6873 84
9929 6130 81
4321 5402 38
4321 2034 73
4321 2196 53
4321 6644 10
8628 9651 90
8628 7472 66
8628 7984 41
8628 167 1
9651 160 49
9651 9838 37
9651 433 73
9651 9867 31
3006 8956 63
3006 6570 25
3006 4452 41
3006 9746 21
3006 5389 3
8956 3521 7
8956 3907 87
8956 8511 83
8956 5055 7
7268 4877 87
7268 2721 63
7268 2296 57
7268 8933 77
3694 7737 53
3694 9185 66
3694 2964 29
3694 4841 49
393 3401 99
393 9724 57
393 4332 80
3401 8644 89
3401 2777 77
3401 8480 50
3401 2873 72
962 1077 21
962 5843 67
962 4718 7
962 7670 19
962 5281 62
1077 4684 20
1077 8189 43
1077 8348 45
1077 8622 62
1799 4957 11
1799 934 89
1799 1238 91
1799 9331 74
4957 8477 27
4957 8608 66
4957 3462 31
4957 9970 30
7406 9693 45
7406 7860 99
7406 678 3
7406 4928 5
7406 5742 69
9693 2945 92
9693 5019 39
9693 9326 56
9693 406 16
3672 6915 7
3672 5579 2
3672 2197 46
3672 354 46
3672 282 36
6915 7072 28
6915 4729 18
6915 2469 61
1043 1416 86
1043 2503 15
1043 9505 5
1043 928 70
1416 1179 67
1416 774 22
1416 5409 16
1669 9048 81
1669 8536 89
1669 7040 70
1669 9477 26
1669 607 49
9048 5237 13
9048 7598 4
9048 1709 60
9048 1780 23
3692 4157 60
3692 9248 34
3692 4814 8
3692 6184 44
3692 9141 16
4157 6601 4
4157 3128 86
4157 1068 50
4157 5637 38
395 8550 38
395 6139 74
395 2785 96
395 1883 13
395 723 42
8550 4679 70
8550 6119 46
8550 4383 44
8550 1552 67
4077 5688 74
4077 2191 53
4077 8804 18
4077 7581 51
4077 1948 19
5688 9275 81
5688 1277 77
5688 1942 46
5688 1489 43
591 1207 56
591 3684 50
591 8280 32
591 76 45
2502 4296 86
2502 3709 69
2502 7357 27
2502 2836 46
4296 7333 73
4296 724 23
4296 3705 37
4296 8291 27
2103 8751 3
2103 5228 100
2103 895 35
8751 2006 70
8751 4910 7
1846 9095 67
1846 3184 34
1846 1045 33
1846 3284 80
9095 6956 74
9095 3422 25
9095 7373 46
9095 7479 83
9410 9663 99
9410 1725 70
9410 9236 8
9410 9186 66
9663 6436 67
9663 6369 56
9663 5622 38
9663 549 9
848 4331 36
848 8066 20
848 8314 81
848 108 50
848 5765 46
4331 3002 29
4331 2597 24
4331 2417 56
4331 8896 4
6497 5797 70
6497 896 94
6497 5543 76
4373 7901 79
4373 9999 63
4373 3321 14
4373 7607 47
7901 9917 26
7901 5959 31
7901 1245 2
2796 2082 55
2796 9074 54
2796 7281 73
8095 9514 67
8095 3105 37
8095 3855 55
8095 7473 84
8095 136 71
9514 366 44
9514 2074 64
9514 539 78
9514 9053 94
1481 3870 85
1481 9717 7
1481 5379 76
1481 4105 1
1481 7582 11
3870 9908 91
3870 7794 74
3870 6661 42
3870 1535 56
2921 7289 43
2921 7359 16
2921 8060 91
2921 822 70
2921 612 35
7289 9383 1
7289 3546 97
7289 9709 62
7289 5231 29
3949 7731 84
3949 8122 18
3949 6687 23
3949 2874 11
3949 7580 82
7731 7070 37
7731 8670 41
7731 7543 8
7731 4585 9
1074 2957 4
1074 4824 46
1074 6667 16
1074 5700 12
1074 8104 45
2957 654 66
2957 3381 66
2957 5797 55
2957 1472 36
5953 686 57
5953 2908 80
5953 3714 61
934 4640 35
934 9862 7
934 4980 20
4640 7395 60
4640 70 73
4640 7988 53
4640 6545 30
5151 6074 89
5151 4639 87
5151 2013 68
5151 5295 47
5151 3016 78
6074 3980 64
6074 6865 48
6074 9545 28
3121 3378 82
3121 8790 72
3121 5798 15
3121 438 32
3121 5560 5
3378 6525 74
3378 2386 11
3378 471 84
3378 7701 6
4067 5508 30
4067 1306 40
4067 5521 93
4067 1491 58
4067 29 39
5508 448 55
5508 4662 51
5508 219 37
5508 3841 39
5029 8363 47
5029 2471 63
5029 8385 86
5029 6167 21
5029 7110 61
8363 2829 14
8363 1617 33
8363 8896 38
8363 5082 9
1964 9881 30
1964 7293 71
1964 1338 77
1964 9287 54
1964 51 78
9881 6727 91
9881 782 63
9881 2990 76
9881 4395 52
130 681 13
130 703 28
130 7742 46
681 3531 68
681 3665 25
681 368 17
681 9227 68
8353 9930 61
8353 2364 21
8353 1782 34
8353 5662 36
8353 9548 100
9930 8987 30
9930 9001 91
9930 8262 35
9930 3243 29
8496 6372 70
8496 7409 94
8496 7965 82
8496 9840 36
6429 7630 35
6429 9331 68
6429 3788 34
6429 7446 93
6429 2761 21
7630 2875 8
7630 9153 93
7630 9401 64
3442 6587 99
3442 5847 30
3442 3218 88
3442 1674 21
3442 7355 73
6587 1651 53
6587 1618 1
6587 1143 52
6587 9242 56
4345 8081 7
4345 8111 1
4345 7481 90
4345 709 42
8081 5828 37
8081 4803 28
8081 3322 62
8081 7922 98
5513 9846 75
5513 3437 90
5513 6271 56
5513 6499 9
5513 5865 32
9846 7131 87
9846 8881 60
9846 407 55
9846 1088 91
3770 4174 78
3770 3185 36
3770 3054 86
3770 7973 89
4174 9415 13
4174 5931 85
4174 1466 77
341 2032 24
341 9908 49
341 1545 69
341 4270 59
341 6565 83
2032 1938 97
2032 7039 87
2032 4466 57
2032 8887 94
242 7688 100
242 5436 7
242 7255 42
242 552 17
7688 3145 2
7688 4616 60
7688 577 27
7688 1212 35
4803 8932 92
4803 9851 93
4803 2296 64
4803 1044 96
8932 987 52
8932 773 26
8932 2844 98
8932 6834 45
3073 5185 19
3073 4982 99
3073 1510 46
3073 7537 37
3073 8092 17
5185 4858 19
5185 5800 20
5185 1973 41
5185 1694 7
1746 5615 34
1746 5528 1
1746 2898 34
1746 8542 66
1746 6538 24
5615 796 8
5615 790 82
5615 1424 60
5615 2429 11
1914 2947 76
1914 3086 74
1914 6372 44
1914 9125 46
1914 2083 10
2947 5705 2
2947 2000 50
2947 5728 99
2947 6530 27
5872 6000 47
5872 2563 12
5872 8447 60
5872 701 34
6738 7045 94
6738 8387 6
6738 7261 22
6738 9115 14
6738 3449 88
7045 1856 35
7045 9887 97
3924 5930 66
3924 1721 31
3924 5221 43
3924 4543 25
5930 6288 75
5930 6353 50
5930 8261 11
5930 8507 14
2785 5657 37
2785 3397 77
2785 8595 67
2785 7095 77
5657 9571 39
5657 4169 7
5657 7830 37
1012 1274 67
1012 938 5
1012 8577 54
1012 1233 2
1274 464 76
1274 6424 43
1274 9274 72
1274 563 47
3701 7578 35
3701 3911 64
3701 869 100
3701 7580 57
3701 8361 64
7578 4842 47
7578 3570 18
7578 4397 58
7578 5162 38
7145 8308 23
7145 9012 100
7145 9472 43
7145 8958 31
8308 299 62
8308 6703 69
8308 590 26
820 4487 66
820 1476 72
820 3761 15
820 1265 59
820 364 86
4487 9616 34
4487 6917 35
4487 1940 20
4487 6653 69
411 9842 28
411 7038 1
411 6811 46
411 22 93
2159 2347 64
2159 4862 6
2159 3000 51
2159 2301 67
2347 5838 73
2347 7815 70
2347 5567 17
2347 8541 41
6445 9802 100
6445 1154 89
6445 8808 98
6445 7435 41
6445 7960 86
9802 7530 29
9802 2182 6
9802 1931 28
1646 5734 59
1646 342 41
1646 6739 70
1646 6931 95
1646 9331 64
5734 8275 87
5734 433 60
5734 4849 79
5734 3809 40
2919 6007 33
2919 8032 72
2919 6276 57
2919 8675 98
2919 7828 77
6007 8642 19
6007 9620 70
2966 9706 70
2966 1743 23
2966 7706 78
2966 7829 47
2227 8897 3
2227 3657 73
2227 3462 16
2227 9022 15
2227 156 42
8897 2029 52
8897 7391 70
8897 1315 33
8897 2732 69
3667 4180 4
3667 1774 65
3667 1055 93
3667 4369 62
3667 7501 5
4180 9254 76
4180 479 92
4180 8144 49
4180 7015 36
5406 1161 24
5406 2289 93
5406 3431 6
5406 6499 42
1894 4523 23
1894 2779 38
1894 3251 51
1894 9537 93
1894 1326 19
4523 7888 81
4523 7433 8
4523 6743 48
4523 6170 67
1906 3594 72
1906 1294 74
1906 6299 32
1906 2624 22
1906 2516 93
3594 9111 46
3594 425 40
3594 3595 47
3594 9508 90
2497 9697 55
2497 767 45
2497 7894 94
2497 1106 45
2497 292 79
9697 7810 64
9697 4002 89
9697 7706 44
9697 4820 22
2927 4155 24
2927 9937 75
2927 7797 27
7798 8499 91
7798 6486 56
7798 5081 40
7798 9450 38
8499 2342 48
8499 5581 61
8499 9231 60
3854 4945 48
3854 3395 34
3854 4494 41
3854 3483 34
3854 5794 16
4945 1542 62
4945 3981 72
4945 2484 3
2170 6269 15
2170 5777 29
2170 56 8
2170 5702 8
6269 7397 43
6269 8472 65
6269 3830 9
6269 4759 44
6805 7462 10
6805 672 42
6805 4984 12
6805 2207 77
7462 1316 50
7462 1185 81
7462 1780 30
3751 5197 37
3751 5624 19
3751 6901 82
3751 2452 41
3751 2644 72
5197 4920 35
5197 4422 26
5197 8434 25
5197 4608 41
301 4430 68
301 3423 84
301 3171 45
301 4249 51
301 4576 71
4430 2127 57
4430 7868 74
4430 758 27
4430 8906 31
480 6647 7
480 1448 21
480 2189 9
480 7939 36
480 4931 96
6647 2880 1
6647 9210 20
6647 4099 88
6647 7870 28
6321 9335 88
6321 4010 96
6321 1180 49
9335 85 75
9335 7954 76
9335 5156 7
9335 3465 91
4604 4884 23
4604 5235 8
4604 7130 95
4604 5704 45
4604 3446 21
4884 9294 85
4884 9782 30
4884 1758 66
4884 7624 4
4862 7394 9
4862 9457 68
4862 7849 41
7394 5123 17
7394 5472 92
7394 5053 10
7394 2333 31
1219 6986 68
1219 7386 3
1219 8522 45
1219 3818 38
6986 4111 21
6986 1656 45
6986 2571 83
6986 6101 31
905 2100 41
905 2349 76
905 6529 78
905 9600 41
905 1685 18
2100 4009 25
2100 7547 40
2100 8142 44
2100 6866 3
2104 2424 3
2104 3543 60
2104 8268 13
2104 933 65
2104 3056 62
2424 6597 42
2424 8594 13
2424 2566 39
2424 4706 7
6656 8278 50
6656 7059 16
6656 4624 93
6656 8158 73
6656 2693 20
8278 9171 33
8278 7807 34
8278 4314 5
8278 3265 88
1363 8805 54
1363 2817 50
1363 3907 61
1363 1687 52
1363 1492 98
8805 467 2
8805 1054 32
8805 6182 12
8805 4483 81
2872 4447 5
2872 250 87
2872 7660 35
2872 5530 92
2872 5084 99
4447 6473 73
4447 8685 2
4447 5616 90
4447 3473 84
29 8064 16
29 2177 49
29 7723 99
29 7185 24
8064 8954 71
8064 3070 40
8064 3201 80
1631 2812 8
1631 5142 97
1631 5783 94
1631 3588 13
3258 8832 74
3258 2616 47
3258 342 84
3258 5790 77
8832 8709 18
8832 3542 92
4165 5372 53
4165 6889 64
4165 4478 89
4165 1250 50
5372 5726 69
5372 7609 92
5372 3985 47
5372 1700 16
5465 6502 53
5465 5422 71
5465 9091 61
5465 2001 58
6502 1248 62
6502 841 87
6502 7079 91
422 8962 79
422 7979 91
1832 8502 33
1832 8580 66
1832 5385 23
1832 2340 52
1832 1645 48
8502 7197 94
8502 5521 33
8502 8438 32
8502 8152 90
8153 4694 14
8153 5354 36
8153 4267 79
8153 5992 75
160 6187 57
160 3345 5
160 5888 91
160 4507 29
1452 6002 77
1452 5761 77
1452 994 33
1452 879 82
1452 51 78
6002 7892 34
6002 2740 50
6002 4809 13
2780 9180 31
2780 7579 51
2780 2026 60
2780 8589 93
2780 5967 80
9180 8919 87
9180 7290 97
9180 7631 52
9180 3573 3
6192 8709 55
6192 8161 43
6192 3483 14
8709 1157 33
8709 8741 34
8709 1397 49
7941 3364 31
7941 665 45
7941 8077 3
7941 5351 35
993 2455 35
993 7353 72
993 711 45
2455 4691 93
2455 2222 32
2455 6070 71
2455 6509 44
7897 8612 43
7897 7751 26
7897 4114 97
7897 861 63
7897 1812 88
8612 7081 67
8612 48 74
8612 4149 40
8612 5235 53
6486 6028 55
6486 8466 74
6486 9196 76
8223 9536 30
8223 2585 16
8223 1699 19
8223 358 29
8223 6190 78
9536 1336 4
9536 269 1
9536 8107 37
2731 4974 70
2731 8106 21
2731 828 34
2731 3351 85
9674 5434 99
9674 3077 28
9674 140 14
9674 697 97
6768 7714 66
6768 6435 46
6768 5707 33
6768 927 84
6768 9417 65
7714 6059 25
7714 9869 36
7714 5459 52
7714 3662 70
1353 9564 55
1353 5906 61
1353 2641 66
1353 6553 56
1353 6929 69
9564 1697 85
9564 308 80
9564 4760 50
9564 7626 5
1082 8512 25
1082 241 33
1082 8309 35
1082 7818 54
1082 3245 8
8512 3614 68
8512 4878 51
8512 3171 53
8512 6375 59
1218 9339 18
1218 5696 20
1218 5669 47
1218 7751 59
1218 6147 73
9339 287 78
9339 3444 75
9339 9234 33
9339 8973 36
903 8015 39
903 5726 71
903 5603 57
903 445 92
903 1261 6
8015 6488 19
8015 6441 22
8015 4971 43
8015 3570 29
1838 1850 35
1838 5071 8
1838 4039 10
1838 6480 22
1838 6859 98
1850 2775 55
1850 8146 23
1850 7310 22
1850 5627 46
6213 2262 42
6213 9511 74
6213 3406 76
6213 3956 38
3866 5439 96
3866 7997 83
3866 3738 91
3866 4064 39
3866 9179 81
5439 851 62
5439 2413 75
5439 785 86
3133 4356 2
3133 5159 47
3133 1859 38
3133 6189 73
3133 5518 88
4356 1235 44
4356 4633 74
4356 3107 29
4356 2252 46
6099 8494 5
6099 4657 18
6099 1451 52
6099 8571 98
8494 3899 39
8494 7399 17
8494 6534 35
8494 5573 11
5825 9423 92
5825 9350 83
5825 963 58
5825 9051 37
5825 1233 81
9423 1655 28
9423 7356 44
9423 9196 48
9423 5314 15
6553 8664 41
6553 8856 77
6553 347 62
6553 5191 53
8664 8018 29
8664 7435 46
8664 4265 100
8664 8758 41
2041 5592 25
2041 8248 61
2041 7497 24
2041 6989 59
2041 5652 84
5592 3342 14
5592 3720 19
5592 6962 77
5592 9744 82
2657 7810 49
2657 2242 13
2657 2173 92
2657 6393 62
7810 4172 69
7810 3007 23
7810 7980 26
2688 2959 88
2688 7530 10
2688 8706 29
2688 6743 73
2688 3808 9
2959 3674 69
2959 2283 97
2959 8157 96
4014 9474 78
4014 5941 34
4014 2753 93
4014 921 20
4014 2035 65
9474 4647 2
9474 4606 54
9474 7913 76
2680 4007 20
2680 3023 16
2680 2703 93
2680 7933 3
2680 7796 36
4007 19 96
4007 4090 29
4007 8136 76
4007 1960 47
6845 9223 4
6845 5410 78
6845 2052 74
9223 5797 1
9223 5308 31
9223 8987 16
9223 2835 79
5212 5409 36
5212 6443 31
5212 2344 65
5212 8725 69
5212 1668 11
5409 2360 66
5409 4353 83
5409 5907 8
5728 6457 62
5728 7881 38
6457 9252 89
6457 1913 41
6457 1260 55
4420 7129 7
4420 7516 86
4420 8079 91
4420 2382 1
4420 7868 1
7129 2637 52
7129 8939 13
7129 4111 6
7129 5241 84
4057 8255 34
4057 6344 74
4057 1596 62
5238 7761 40
5238 4561 64
5238 5136 100
5238 1223 95
5238 6423 59
7761 3014 42
7761 9178 43
7761 6324 52
7761 5376 77
3741 7780 95
3741 6423 63
3741 4741 24
3741 7417 97
3741 1963 96
7780 8817 49
7780 7973 74
7780 9275 53
3980 6076 68
3980 2293 47
3980 7725 62
3980 9270 40
6076 2389 55
6076 1899 65
6076 1145 84
4219 6092 18
4219 1068 38
4219 8545 21
4219 9412 17
4219 8251 96
6092 3998 58
6092 6280 67
6092 3112 64
6092 8738 87
1612 7522 64
1612 1753 18
1612 2348 14
1612 7228 21
1612 9343 100
7522 6257 52
7522 8442 12
7522 5612 39
2713 4305 98
2713 5981 98
2713 8783 80
2713 1581 83
4305 4521 57
4305 864 20
4305 9995 12
4305 6182 75
1214 1999 35
1214 2971 36
1214 4655 13
1214 4999 31
1999 9202 13
1999 275 72
1999 1496 62
1999 4089 19
1592 5742 47
1592 7853 22
1592 5936 23
1592 5969 50
1592 2940 54
5742 5604 43
5742 6500 79
5742 9603 100
4734 7827 70
4734 1723 43
4734 5642 28
4734 8306 42
7827 6533 81
7827 8417 33
7827 4660 52
4164 9926 75
4164 5630 95
4164 4809 8
4164 2089 71
4164 5891 74
9926 729 46
9926 8615 91
9926 4802 91
7571 6908 35
7571 5885 53
7571 4515 9
7571 3581 41
388 7676 66
388 2602 19
388 7075 40
388 3465 53
388 348 22
7676 6793 12
7676 9173 99
7676 803 94
7676 8220 40
8325 8984 42
8325 3143 99
8325 7675 80
8325 4933 2
8984 2956 87
8984 7727 86
8984 9022 50
8984 3541 81
2848 9202 28
2848 59 78
2848 4024 2
2848 472 72
9202 1392 16
9202 1407 100
9202 1079 95
7850 8876 43
7850 2185 21
7850 4631 52
7850 5690 65
7850 6215 8
8876 1984 25
8876 1035 98
8876 4031 67
8876 5257 45
6520 9789 32
6520 6559 31
6520 4530 63
6520 2386 21
6520 5135 6
9789 4550 85
9789 8771 6
9789 9344 30
978 3196 9
978 7354 58
978 5626 72
978 1902 55
978 7696 12
3196 5816 43
3196 3520 32
3196 8908 23
1655 5101 86
1655 8505 53
1655 2009 96
1655 1236 73
5101 5676 26
5101 6555 6
5101 5929 16
5101 3440 87
8642 9041 87
8642 3290 77
8642 7866 41
8642 4380 13
9041 8739 29
9041 4441 79
9041 6198 95
9041 5486 97
2830 4839 90
2830 6873 99
2830 2942 69
2830 2577 42
2830 299 58
4839 8224 30
4839 3843 43
4839 107 69
4839 2670 99
686 5239 18
686 5788 75
686 8847 19
686 5836 100
5239 2021 44
5239 6017 27
5239 8010 55
5239 8486 15
2600 7760 15
2600 349 80
2600 6942 9
2600 5454 45
2600 9309 58
7760 8004 14
7760 7077 95
7760 3493 82
7760 6769 74
613 5700 15
613 1944 50
613 8836 38
613 3556 49
613 8778 71
5700 8783 32
5700 7410 47
5700 5247 16
4876 5035 74
4876 8142 7
4876 6732 43
4876 6049 34
4876 6729 60
5035 8990 20
5035 5434 71
5035 4019 86
5035 7183 20
722 8087 62
722 198 91
722 4766 22
722 6962 55
722 3055 60
8087 2727 57
8087 7756 15
8087 8504 62
8322 9975 65
8322 2694 14
8322 8742 63
8322 9336 79
9975 4107 6
9975 9956 80
9975 8769 44
2513 9454 37
2513 7230 18
2513 8300 68
2513 3173 84
2513 254 8
9454 4975 78
9454 1488 26
9454 9724 33
9454 6692 39
7360 7 1
7360 8874 60
7360 1530 82
7360 4317 99
837 2560 32
837 7888 92
837 734 1
837 405 67
2560 8468 96
2560 2172 89
2560 289 55
2560 1526 8
7137 7201 88
7137 4619 14
7137 7715 17
7137 4504 57
6944 8373 85
6944 2757 19
6944 4620 25
6944 1756 76
6944 8908 33
8373 3919 25
8373 4005 96
4303 5523 6
4303 1708 20
4303 6083 1
4303 4620 29
5523 9323 7
5523 8390 56
5523 4655 84
5523 7858 35
304 5480 42
304 9912 41
304 9592 45
304 7134 53
304 9509 26
5480 4964 48
5480 193 20
5480 7529 10
5480 6343 33
1663 7971 21
1663 8874 59
1663 3910 34
1663 8778 61
1663 203 51
7971 8425 83
7971 1045 69
7971 8016 66
1040 4582 81
1040 8754 63
1040 9266 58
1040 3674 91
1040 6615 89
4582 7218 15
4582 923 17
4582 2009 56
5054 7377 9
5054 403 69
5054 7600 71
5054 1008 93
5054 276 51
7377 6664 44
7377 8162 38
7377 1044 80
7070 7834 37
7070 9892 63
7070 429 33
7070 2241 2
64 7713 19
64 428 80
64 9358 98
64 4715 32
64 8729 100
7713 6670 30
7713 4336 56
7713 2789 35
7713 1205 4
1273 8725 61
1273 6314 2
1273 101 19
1273 6803 100
1273 7593 93
8725 5958 70
8725 3655 80
8725 2349 32
1070 1980 18
1070 4664 95
1070 8320 12
1070 4320 72
1980 5231 6
1980 9745 51
1980 6822 12
1980 5758 28
4340 8973 67
4340 2877 44
4340 2480 91
4340 7199 59
4340 2787 26
8973 5354 23
8973 2764 58
8973 7533 98
1626 5056 43
1626 5003 44
1626 7687 92
1626 7103 53
1626 5421 33
5056 5175 84
5056 9686 68
5056 4493 51
5056 6243 100
2214 5980 56
2214 3758 16
2214 6219 4
2214 9029 74
5980 7933 32
5980 602 42
5980 8443 27
5980 8822 52
3229 7715 35
3229 3488 78
3229 271 72
3229 9617 85
7715 2682 57
7715 4989 9
455 5999 32
455 9250 1
455 9356 89
455 7226 30
5999 9496 45
5999 3792 3
5999 9088 86
5999 9357 52
5770 6951 56
5770 1730 83
5770 3935 45
5770 2451 58
5770 769 23
6951 9602 52
6951 1675 62
6951 1706 95
6951 5066 7
4163 5112 56
4163 286 16
4163 2123 2
4163 9431 86
5112 3838 72
5112 5720 7
5112 2102 53
1341 1662 51
1341 8042 95
1341 3912 84
1341 1352 37
1341 2162 85
1662 5448 86
1662 214 88
1662 2476 3
664 9556 49
664 7171 70
664 2463 51
664 1435 58
664 6514 13
9556 923 45
9556 9100 79
9556 7466 44
1127 5116 71
1127 4068 58
1127 4492 71
1127 9233 94
1127 7161 31
5116 4844 82
5116 930 69
5116 6501 34
4144 6001 16
4144 8250 29
4144 698 13
4144 8658 17
4144 307 26
6001 9018 63
6001 4002 72
6001 8730 20
6001 6303 61
4600 9435 41
4600 7618 92
4600 6224 71
4600 3155 46
4600 7327 84
9435 5110 60
9435 614 76
9435 9829 13
9435 929 44
473 8648 55
473 1232 17
473 826 4
473 836 2
473 4106 49
8648 2742 61
8648 6707 29
8648 5896 87
8648 5837 38
6704 9047 18
6704 983 68
6704 4105 47
6704 3329 42
6704 2598 14
9047 273 42
9047 1195 22
9047 6153 43
9047 8585 31
2653 4872 68
2653 9503 26
2653 1342 52
2653 2039 6
2653 7457 22
4872 9676 1
4872 5106 36
4872 429 25
4872 6992 27
7812 4410 72
7812 7983 41
7812 9037 14
7812 8533 94
5068 9661 65
5068 9130 28
5068 7557 35
5068 7118 77
5068 7164 12
9661 4964 36
9661 489 57
9661 4211 88
9661 5992 95
4455 4708 84
4455 2973 77
4455 4730 70
4455 4677 30
4708 4793 92
4708 7775 84
4708 8662 66
6119 8020 95
6119 5278 88
6119 9007 81
6119 5433 76
8020 9507 70
8020 9540 67
8020 4369 46
8020 8846 38
3347 4687 65
3347 2343 34
3347 3301 46
3347 2102 86
3347 4372 55
4687 1881 81
4687 430 50
4687 158 82
926 2335 32
926 7707 17
926 5093 73
926 5855 20
926 9259 23
2335 2892 58
2335 8753 84
2335 3447 78
2335 62 2
2556 3528 29
2556 3688 71
2556 5323 84
2556 1288 67
3654 7813 9
3654 3538 27
3654 4835 55
3654 4198 52
7813 380 18
7813 6435 100
7813 1727 12
5390 2505 96
5390 6648 20
5390 9341 51
5390 1122 95
7399 9437 94
7399 3833 40
7399 4670 79
9437 3618 93
9437 741 20
9437 1174 46
9437 7409 47
5047 6690 47
5047 2691 45
5047 4473 10
5047 7120 25
5047 1292 92
6690 5877 20
6690 6415 34
6690 8115 13
6690 6612 90
5067 9786 86
5067 8737 2
5067 5277 74
5067 5730 9
9786 4376 65
9786 3402 55
9786 2839 95
9786 8607 54
3226 9995 43
3226 5288 87
3226 9822 97
3226 372 16
3226 703 16
9995 3776 91
9995 2504 52
9995 1409 95
1351 4204 65
1351 5644 51
1351 968 43
1351 8821 87
1351 8765 69
4204 3197 40
4204 2150 60
4204 4225 96
4204 7450 5
9924 3951 84
9924 5966 1
9924 9809 91
9924 4804 22
644 8750 44
644 9443 2
644 641 4
644 9766 96
8077 8719 79
8077 7821 80
8077 1466 20
8077 6840 67
8719 3745 3
8719 5541 3
3645 7885 58
3645 5161 68
3645 8951 99
3645 5658 5
3645 4292 91
7885 6167 91
7885 5649 66
7885 4864 59
7885 6830 47
3091 4293 38
3091 2960 10
3091 5755 55
3091 323 40
3091 2529 31
4293 8819 16
4293 6681 24
4293 4045 41
5253 6916 89
5253 5287 89
5253 356 6
5253 5877 32
5253 1467 32
6916 8831 87
6916 7652 17
6916 6650 84
6916 5300 81
403 5569 2
403 3374 79
403 4013 67
403 4706 79
5569 5781 40
5569 4724 54
5569 5929 37
5569 3364 39
2445 7336 77
2445 7943 86
2445 8321 17
2445 3062 48
2445 9336 64
7336 7031 46
7336 7893 5
7336 936 65
7336 8333 12
8853 6849 38
8853 4923 7
8853 2416 47
8853 9366 86
7792 9489 91
7792 2489 65
7792 1649 48
9489 1160 73
9489 9377 88
9489 6982 74
9489 4155 14
3826 7142 68
3826 4674 59
3826 5106 17
3826 1321 78
3826 5588 10
7142 1198 1
7142 1052 62
7142 1335 50
7142 3043 5
429 6201 54
429 6983 36
429 7712 32
6201 1860 86
6201 9880 70
6201 4297 40
6201 3164 16
3242 5401 64
3242 3096 81
3242 682 32
3242 866 11
3242 8796 3
5401 4366 90
5401 5014 76
5401 8790 10
2968 6330 79
2968 9470 98
2968 9800 10
2968 9883 47
2968 9696 93
6330 4190 44
6330 1611 47
6330 1308 94
6330 6720 76
294 3532 37
294 18 50
294 5059 79
294 6040 91
294 6589 16
3532 1153 98
3532 3600 20
3532 3657 82
3532 8646 86
2479 7859 5
2479 3485 79
2479 2539 19
2479 2124 66
2479 6228 70
7859 4062 78
7859 7808 95
6463 7779 38
6463 6921 26
6463 189 65
6463 9794 100
6463 8132 56
7779 3153 48
7779 7673 11
7779 1329 83
4395 8174 75
4395 4482 10
4395 7741 83
4395 126 66
8174 609 24
8174 3910 97
8174 8542 66
8174 6412 85
5023 5299 34
5023 398 42
5023 7704 76
5023 6623 65
5023 9193 23
5299 6712 96
5299 6090 63
5299 9104 85
5299 7849 38
3887 8707 58
3887 2085 41
3887 9790 71
3887 4273 16
3887 3662 69
8707 1121 40
8707 9710 17
8707 3571 62
8707 4911 15
3227 5628 33
3227 3228 16
3227 1340 72
3227 6103 30
5628 4063 79
5628 3569 90
5628 1515 95
173 3363 6
173 5653 21
173 8902 35
173 9138 81
3363 2381 64
3363 999 37
3363 2073 82
3363 3801 99
7055 9761 48
7055 1026 88
7055 2434 84
7055 3752 51
7055 4364 43
9761 9394 34
9761 5993 16
9761 4519 70
9761 6277 64
5551 8801 37
5551 6923 98
5551 7176 51
5551 6640 81
5551 3740 99
8801 8480 57
8801 7256 74
8801 8050 41
8801 9636 81
2834 6865 4
2834 3035 36
2834 8219 16
2834 3727 3
2834 3591 33
6865 5612 14
6865 536 21
6865 3835 56
1660 8291 87
1660 2937 75
1660 6382 13
1660 8240 18
1660 9042 68
8291 4541 41
8291 6260 100
8291 178 84
7662 9392 60
7662 6565 21
7662 1691 33
7662 9228 49
7662 99 81
9392 8902 42
9392 6948 17
9392 67 57
9392 4434 59
4198 8195 1
4198 9396 14
4198 5461 42
4198 9158 58
8195 8039 74
8195 7773 100
8195 6239 76
8195 9878 76
5834 7032 1
5834 6662 34
5834 9321 52
5834 6650 85
4407 8534 18
4407 1371 99
4407 2604 78
4407 5815 70
4407 2581 58
8534 7413 24
8534 8171 50
8534 4659 62
536 5293 60
536 222 96
536 4181 41
536 5467 88
5293 2941 45
5293 8850 73
5293 3564 15
4037 6557 39
4037 2866 29
4037 6773 53
4037 5222 6
4037 104 20
6557 7202 41
6557 4822 19
6557 167 10
6557 9062 42
4448 8343 36
4448 6652 68
4448 8132 64
4448 2879 72
4448 5781 20
8343 6640 40
8343 8660 52
8343 3764 76
8343 2005 70
682 1146 69
682 4681 8
682 172 26
682 2869 96
1146 4277 60
1146 5128 69
1146 2937 15
4617 8529 4
4617 1809 72
4617 3161 68
4617 3609 42
8529 6008 6
8529 562 12
8529 7516 32
8529 6894 76
7516 2926 76
7516 4580 67
1201 9066 21
1201 6846 64
1201 4659 15
1201 4200 41
1201 4660 42
9066 3476 98
9066 7674 13
9066 3686 88
6094 8797 54
6094 6260 85
6094 1188 92
6094 9938 26
6094 8943 15
8797 5781 64
8797 7983 74
8797 3388 48
8797 8605 84
1357 3163 33
1357 9941 87
1357 9198 75
1357 9748 15
1357 6301 18
3163 6526 3
3163 5144 56
3163 2946 57
3163 4606 100
216 6227 67
216 7057 4
216 9383 73
216 237 19
216 5060 46
6227 6997 69
6227 5757 62
6227 8865 95
1329 5279 54
1329 5402 68
1329 9297 28
1329 4106 27
5279 4426 58
5279 2024 33
5279 9462 35
5279 7372 46
1477 1767 86
1477 2741 71
1477 8890 42
1477 2222 12
1477 9988 30
1767 5757 93
1767 2815 34
1767 5857 100
8806 8854 63
8806 1469 64
8806 12 25
8806 2200 28
8854 3860 11
8854 7549 36
8854 856 43
8854 1293 2
714 9887 10
714 6883 5
714 7473 71
714 3152 62
714 937 25
9887 8386 77
9887 5705 85
9887 147 8
358 4590 21
358 9572 86
358 9794 73
4590 3620 38
4590 4310 9
4590 9730 91
4590 6575 51
7080 9013 24
7080 7188 10
7080 7343 68
7080 7441 44
7080 1139 19
9013 3270 25
9013 4673 11
9013 553 23
9013 9734 80
836 2902 33
836 1372 77
836 3772 42
836 5329 33
2902 5370 66
2902 3040 29
2902 9925 36
2902 7754 20
1899 2399 86
1899 228 81
1899 6418 35
1899 7387 80
2399 6085 23
2399 2407 59
2399 1717 89
2399 3771 36
1507 6490 92
1507 7146 65
1507 8732 83
1507 3505 25
1507 6815 100
6490 7321 6
6490 8693 22
6490 6633 86
6490 6751 22
2631 4950 22
2631 5280 6
2631 8358 3
2631 9998 40
2631 1530 99
4950 9982 14
4950 4667 34
4950 3704 45
4950 3177 16
3291 6686 33
3291 3785 56
3291 7872 87
3291 3579 53
6686 9462 32
6686 6185 95
6686 6345 40
6686 710 24
1667 9596 47
1667 3213 26
1667 8850 46
1667 5334 57
1667 7542 6
9596 6136 19
9596 6475 28
9596 7691 46
1450 4643 74
1450 9671 84
1450 9175 15
1450 1792 20
1450 262 34
4643 8414 70
4643 9728 13
4643 7199 7
4643 6602 55
3337 5341 56
3337 6968 34
3337 4257 8
3337 4466 30
5341 7332 6
5341 8708 21
5341 3789 90
5341 3680 15
7738 8582 76
7738 2122 31
7738 2819 86
7738 6899 92
7738 8585 29
8582 959 28
8582 4901 55
8582 4056 8
8582 2791 10
3829 5803 86
3829 3153 50
3829 3352 31
3829 7911 22
3829 7664 67
5803 3148 77
5803 2744 49
5803 6410 44
5803 577 24
792 8615 14
792 5594 69
792 5705 25
792 5075 55
8615 9263 47
8615 6185 61
8615 979 81
3099 3483 95
3099 4891 17
3099 6543 11
3099 7966 66
3099 6340 22
3483 6161 11
3483 931 63
18 1115 83
18 599 11
18 1171 32
18 7177 98
1115 630 23
1115 7913 93
1115 7028 84
1115 9891 62
2993 6024 11
2993 2803 45
2993 1360 35
2993 7023 39
2451 7584 58
2451 264 82
2451 6919 9
2451 3171 64
7584 2207 19
7584 8780 62
7584 2423 50
1355 5695 74
1355 1548 66
5695 6484 19
5695 9625 94
5695 5452 55
6220 7350 93
6220 4329 71
6220 5036 47
6220 5709 24
7350 6569 67
7350 789 75
7350 6334 80
7350 3084 20
5220 8175 18
5220 8948 8
5220 6871 53
5220 9642 67
5220 4394 30
8175 5946 78
8175 2612 60
8175 467 48
8175 6817 89
3021 5670 75
3021 9347 92
3021 4278 39
3021 2853 45
3021 2164 36
5670 8710 31
5670 2637 16
5670 6665 63
5670 47 1
4397 1364 51
4397 9851 22
4397 567 92
1757 6614 56
1757 1644 64
1757 4944 38
1757 4124 36
1757 2019 53
6614 6806 40
6614 5735 6
6614 2047 94
6614 1845 44
107 3385 51
107 6086 52
107 3932 89
107 2827 59
3385 9616 79
3385 8946 98
3385 7231 58
5403 665 80
5403 2928 93
5403 1520 27
5403 9588 15
2604 5732 100
2604 3724 43
2604 269 83
2604 6101 31
5732 6541 77
5732 9274 60
5732 5120 3
8409 8763 43
8409 6898 85
8409 9441 84
8409 6473 71
8763 8474 98
8763 6065 67
8763 8303 8
8763 6756 65
1721 6958 50
1721 4747 71
1721 7089 66
1721 5512 64
2576 8410 4
2576 6655 80
2576 8657 63
2576 6059 36
2576 6352 89
8410 3505 43
8410 9928 33
8410 6184 78
8410 6282 90
669 9689 22
669 3145 38
669 2666 29
669 8635 13
669 6456 71
9689 9365 78
9689 263 46
9689 5286 3
9689 3417 19
5624 6134 54
5624 7150 36
6134 4692 5
6134 2459 34
6134 2899 17
6134 8999 58
6510 6523 91
6510 9008 9
6510 1269 81
6510 1069 81
6510 9803 2
6523 2242 45
6523 1446 72
6523 3332 89
6523 7198 5
5003 787 85
5003 4745 32
5003 101 59
5003 2294 92
8212 9677 10
8212 8300 68
8212 4673 29
8212 4486 34
4764 6215 17
4764 9001 59
4764 9994 73
4764 7758 22
4764 7487 33
6215 8178 60
6215 1310 15
6215 4684 64
5359 8310 2
5359 8542 33
5359 497 78
5359 1122 75
5359 324 39
8310 140 68
8310 8614 70
8310 4947 41
8310 19 16
2311 9243 83
2311 7999 88
2311 5724 21
2311 201 35
2311 8945 54
9243 8476 6
9243 6638 85
9243 1020 9
9243 727 42
2899 9413 63
2899 6238 47
2899 4671 74
2899 4793 68
9413 3820 9
9413 1241 73
9413 1385 95
9413 2011 23
3587 9033 99
3587 948 34
3587 6879 7
3587 985 90
3587 8085 92
9033 4994 78
9033 5533 53
9033 8856 19
9033 6787 21
2748 6019 42
2748 9138 13
2748 929 80
2748 4719 43
2748 5429 55
6019 8339 31
6019 7807 40
6019 7478 86
0 9688 92
0 3595 56
0 2510 18
0 9772 18
0 4654 35
9688 8421 20
9688 5676 7
9688 7066 66
1225 2565 31
1225 5021 28
1225 514 95
1225 1086 24
1225 2133 14
2565 3270 58
2565 9776 14
2565 5605 22
555 1050 99
555 8747 88
555 2458 87
555 5309 61
555 2305 97
1050 2019 84
1050 386 61
1050 199 41
2669 9109 59
2669 9256 22
2669 1701 89
2669 9753 91
9109 4359 40
9109 4094 89
9109 5527 84
9109 7674 92
5532 6144 45
5532 8272 83
5532 2644 15
5532 6590 71
5532 6107 53
6144 293 92
6144 7056 92
6144 8903 27
6144 120 7
5384 7212 6
5384 3564 22
5384 3237 35
5384 5581 87
5384 2171 24
7212 425 67
7212 5078 38
7212 6386 2
7212 9021 27
674 6599 56
674 8514 95
674 518 28
674 1307 87
674 9664 39
6599 180 85
6599 5089 75
6599 2983 42
1763 4311 12
1763 67 28
1763 1591 35
1763 3969 87
1763 4888 47
4311 6151 94
4311 2116 45
4311 967 99
4311 52 99
8626 8012 57
8626 3575 44
8626 3254 73
8626 4220 56
2775 1578 83
2775 839 18
2775 2526 48
2775 2879 45
4441 5538 26
4441 501 55
4441 5811 21
4441 8676 38
5538 7573 11
5538 8587 72
5538 9284 73
915 8159 86
915 8925 46
915 1025 95
915 5604 18
8159 666 41
8159 5174 48
8159 1234 71
8159 3270 37
623 2123 11
623 2030 53
623 6430 53
623 3947 86
623 9054 2
2123 5696 88
2123 333 78
2123 3632 1
3895 5779 50
3895 2549 3
3895 3491 88
3895 7197 12
5779 6364 66
5779 8878 18
5779 2208 23
5779 7968 37
6522 7233 59
6522 528 87
6522 6633 2
6522 2230 66
7233 8614 48
7233 3324 38
7233 8157 75
7233 662 6
3033 5040 76
3033 3740 33
3033 2229 50
3033 5344 12
5040 4506 62
5040 1948 85
5040 1528 87
7895 8676 37
7895 1934 89
7895 7618 27
7895 7034 75
7895 5114 87
8676 4725 41
8676 9897 38
8676 313 28
795 8996 18
795 1403 25
795 5522 94
795 8210 25
795 642 1
8996 6009 28
8996 7985 17
8996 8913 29
8996 7479 72
770 1769 90
770 2355 86
770 2072 81
770 5857 42
770 4630 89
1769 3490 89
1769 2076 1
1769 9781 84
1769 882 21
7617 9836 37
7617 6255 8
7617 4853 36
7617 8323 33
9836 5097 16
9836 2368 59
9836 3042 29
9836 8438 64
248 9766 93
248 2396 45
248 4405 82
248 4706 40
248 9460 81
9766 944 90
9766 5518 42
9766 8067 26
6367 7480 51
6367 3189 89
6367 6381 98
6367 8947 47
6367 4899 39
7480 4413 28
7480 127 92
7480 545 96
7480 2457 74
3720 9511 34
3720 1129 98
3720 6849 79
3720 662 60
9511 6974 9
9511 2185 86
9511 7224 43
5788 6083 23
5788 9519 32
5788 5307 70
5788 5711 63
6083 4578 90
6083 5398 81
6083 7118 50
4988 9440 26
4988 1368 46
4988 6990 49
4988 5942 52
4988 3132 29
9440 2367 7
9440 5447 87
9440 4820 33
9440 6182 4
98 558 15
98 5498 71
98 7089 38
98 9108 42
98 1261 41
558 2106 74
558 5511 30
558 5675 72
558 825 63
785 7123 84
785 1248 80
785 4347 11
785 2656 13
7123 7162 17
7123 5318 40
7123 5539 31
7123 156 48
2693 6446 31
2693 6789 95
2693 4746 25
2693 8267 55
6446 1760 4
6446 9365 86
6446 990 71
3527 3639 42
3527 8296 17
3527 266 23
3527 3772 53
3527 6265 4
3639 6760 100
3639 3793 21
3639 6257 63
3639 1530 10
862 2647 38
862 7925 13
862 5799 51
862 3292 51
862 6740 98
2647 4707 17
2647 2590 64
2647 260 18
2647 1489 1
4378 2329 59
4378 6519 66
4378 2436 31
4378 9594 39
1908 6535 44
1908 7683 35
1908 8811 49
1908 4863 19
663 717 29
663 3409 59
663 2279 6
663 6893 11
717 211 93
717 2211 60
717 9388 94
936 4259 91
936 946 59
936 5419 82
936 7567 76
4259 8468 84
4259 7220 40
4259 4268 27
4259 324 43
6459 8358 44
6459 8814 100
6459 8644 63
6459 568 83
6459 2285 46
8358 5869 73
8358 1508 2
8358 6034 15
793 6425 26
793 4958 1
793 2466 28
793 3147 30
793 8754 84
6425 7537 78
6425 8452 58
6425 2979 3
3737 4388 9
3737 1543 66
3737 1711 68
3737 6945 61
3737 1824 67
4388 1143 44
4388 7612 26
4388 2724 3
4388 3079 46
6304 9009 95
6304 5635 70
6304 6098 87
6304 8211 41
6304 3972 48
9009 7520 29
9009 2608 29
9009 3414 23
9009 9404 5
5877 3435 4
5877 4727 51
5877 4546 45
5509 6294 88
5509 1323 65
5509 3685 21
5509 687 80
5509 1453 99
6294 9402 29
6294 186 39
6294 4056 27
6294 738 34
5912 9128 76
5912 1491 7
5912 1607 22
5912 5316 84
5912 1028 44
9128 1463 16
9128 1059 97
9128 854 74
9128 8549 38
4102 8650 79
4102 9416 90
4102 1342 22
4102 1855 61
4102 7560 34
8650 2894 63
8650 9291 94
822 9233 91
822 8142 59
822 5475 35
822 1291 98
9233 6701 82
9233 8069 81
9233 6576 31
134 9849 59
134 3130 4
134 3167 35
7334 2781 64
7334 9234 19
7334 3611 19
7334 930 25
494 9367 14
494 910 45
494 1960 78
494 9907 71
494 7577 58
9367 6389 83
9367 3157 54
9367 9582 90
1590 1642 81
1590 4003 42
1590 3536 93
1642 1879 55
1642 3152 92
1642 2023 24
1642 2011 42
2242 8508 79
2242 7947 31
2242 3131 32
6436 6516 20
6436 2615 98
6436 2230 90
6436 7471 91
3991 6725 33
3991 4689 94
3991 6338 54
3991 8920 6
6725 7502 91
6725 8226 86
6725 595 65
6145 8733 79
6145 4794 95
6145 673 63
6145 2734 1
6145 1547 59
8733 7295 95
8733 8726 83
8733 2868 87
8733 675 40
1891 4199 15
1891 8103 57
1891 7892 69
1891 7272 85
4199 8156 39
4199 264 83
4199 1901 24
4199 4698 31
733 7848 92
733 4462 47
733 2893 79
733 332 18
733 554 62
7848 6515 91
7848 7869 36
7848 9512 34
1112 2017 100
1112 8088 67
1112 2238 22
1112 2727 46
1112 8151 37
2017 9235 58
2017 589 25
2017 1952 91
2017 6730 98
2001 8531 75
2001 7328 64
2001 4454 16
2001 3191 82
8531 2726 40
8531 9415 48
8531 7493 12
4707 8362 10
4707 6740 29
4707 559 83
4707 6380 37
6499 8672 82
6499 1103 48
6499 6910 80
8672 8263 61
8672 6344 11
8672 9395 25
8672 4110 63
5289 5715 8
5289 7691 90
5289 3369 33
5289 5326 11
5289 7023 80
5715 3551 66
5715 4929 77
5715 8791 65
5715 4363 67
9711 9833 68
9711 2940 18
9711 5448 14
9711 8554 58
9711 8333 88
9833 5487 26
9833 812 38
9833 2136 96
466 5225 37
466 7783 15
466 2750 22
466 3971 90
466 2301 81
5225 8061 64
5225 6907 68
5225 6724 98
5225 9266 46
1023 6082 67
1023 8538 65
1023 4168 33
1023 3067 40
1023 2868 22
6082 3825 96
6082 4692 44
6082 3236 84
2735 3773 75
2735 5310 33
2735 2220 72
2735 5755 42
2735 5808 13
3773 1922 64
3773 3106 73
3773 9357 55
3773 6602 100
8347 9792 65
8347 3732 42
8347 1529 5
8347 8364 42
9792 5438 51
9792 9071 16
9792 2635 45
9792 8178 88
431 7109 91
431 6914 93
431 7847 36
431 9357 92
431 9219 33
7109 2298 22
7109 6617 66
7109 4228 56
4550 1296 69
4550 420 37
2191 5780 47
2191 1347 73
2191 5765 45
2191 2774 48
5780 3778 92
5780 2437 7
5780 3274 56
5780 489 80
6921 7011 76
6921 7182 53
6921 5680 32
6921 6886 14
3627 7737 56
3627 713 56
3627 5541 78
3627 7773 83
7737 3456 14
7737 7912 31
1858 7068 12
1858 999 12
1858 6378 19
1858 4241 88
7068 8696 75
7068 6350 22
7068 90 10
7068 144 18
3160 9025 4
3160 5236 99
3160 8221 30
3160 1842 44
3160 2058 53
9025 2392 4
9025 6628 49
9025 2380 29
9025 2511 17
1713 6155 4
1713 2622 28
1713 4400 17
1713 6211 32
1713 8070 25
6155 5490 14
6155 5768 94
6155 1079 19
6155 10 27
971 5518 49
971 7370 18
971 653 47
971 3907 59
5518 2897 68
5518 4921 25
1311 4436 91
1311 8259 98
1311 7235 30
9628 9018 98
9628 2143 41
9628 7224 28
9628 8703 53
2319 2932 31
2319 203 34
2319 3882 33
2319 4362 31
2932 4319 65
2932 6267 84
2932 7155 12
2932 9010 57
692 9486 30
692 2030 61
692 738 34
692 278 4
692 2244 79
9486 4125 38
9486 4444 74
9486 7712 70
9486 835 78
5726 9790 14
5726 7013 40
5726 9590 82
5838 7219 16
5838 6623 29
5838 6729 19
5838 988 31
7219 8318 97
7219 3264 88
7219 249 18
7219 3555 42
67 9434 16
67 8837 91
67 2085 83
9434 4172 61
9434 6191 85
9434 7155 23
9434 1778 96
1243 4112 85
1243 5829 28
1243 9554 26
1243 2228 38
1243 2530 76
4112 6423 42
4112 1879 96
4112 9287 40
4112 1176 31
4706 9056 30
4706 4291 4
9056 5318 88
9056 519 24
9056 285 27
9056 9167 36
8292 9869 23
8292 5743 82
8292 3797 29
8292 2163 57
9869 3029 87
9869 4285 88
9869 4173 59
1751 4703 78
1751 9819 63
1751 7705 81
1751 7881 14
1751 2958 45
4703 8738 20
4703 1680 90
4703 8013 85
4703 1224 73
4944 8066 48
4944 9759 42
4944 4832 67
4944 7686 85
8066 5469 98
8066 9238 12
8066 3871 20
6919 9079 91
6919 383 5
6919 5907 73
2124 3753 54
2124 5767 18
2124 8607 39
3753 8137 1
3753 4970 12
3753 3491 19
3753 3536 21
9912 982 11
9912 4457 98
9912 3386 93
9912 2473 21
1775 4508 82
1775 5118 51
1775 4261 82
1775 4315 73
1775 2766 99
4508 5847 16
4508 6416 60
4508 3100 18
6930 8211 93
6930 5852 95
6930 4526 83
6930 4930 50
6930 914 85
8211 3578 91
8211 3712 100
433 6350 66
433 1121 31
433 5308 99
6350 3630 14
6350 2973 25
6350 1785 7
1281 5693 86
1281 8503 61
1281 6052 58
1281 4924 96
1281 3920 62
5693 5633 24
5693 8385 40
5693 9089 84
5693 7756 97
1888 8357 95
1888 8935 25
1888 3757 53
1888 9409 11
1888 2660 30
8357 2985 32
8357 2812 57
8357 7312 16
7160 8673 46
7160 8141 85
7160 5787 62
7160 360 59
7160 3526 4
8673 2634 4
8673 9681 100
8673 8238 65
842 1859 93
842 6914 51
842 7026 87
842 4806 56
842 9499 86
1859 5357 76
1859 8216 99
1859 5752 19
4322 9416 6
4322 7056 26
4322 2616 14
4322 1599 16
4322 20 20
9416 9076 65
9416 4022 60
9416 1937 96
6732 9135 88
6732 169 69
6732 8746 53
6732 5008 6
9135 9196 36
9135 9717 1
9135 1266 89
9135 212 4
6976 9495 83
6976 8870 59
6976 6357 11
6976 8203 63
6976 7669 30
9495 8012 88
9495 5898 6
9495 6492 44
9495 2552 26
5921 350 41
5921 8919 12
5921 618 75
5921 3144 53
152 4795 1
152 1282 75
152 9054 86
152 8871 11
152 6266 46
4795 5687 94
4795 8668 88
4795 5918 83
4795 8553 13
3543 4201 97
3543 9724 90
3543 6964 17
4201 7637 46
4201 3039 56
4201 7037 97
4201 6663 60
5498 2629 77
5498 2750 67
5498 6681 54
5498 4924 21
1099 8281 26
1099 1524 16
1099 6741 41
1099 5871 89
1099 3900 44
8281 3972 28
8281 6593 26
625 8398 30
625 7286 18
625 5364 75
8398 6643 77
8398 4257 63
8398 746 42
8398 8522 93
380 1520 5
380 390 77
380 2270 11
380 5129 14
4895 6460 59
4895 3998 37
4895 171 13
4895 1659 6
4895 6090 66
6460 5437 77
6460 5644 88
6460 73 65
6460 7677 2
4674 579 82
4674 2 54
4674 3230 18
4674 6529 82
4000 8210 36
4000 2774 50
4000 6536 10
4000 2257 56
4000 8998 45
8210 7372 6
1997 7337 62
1997 2186 4
1997 7180 50
1997 2468 31
1997 5006 59
7337 6108 26
7337 1734 85
2554 4222 13
2554 9205 17
2554 7306 63
2554 9499 74
4222 4522 91
4222 4462 77
4222 9886 1
4222 8557 92
3376 8760 70
3376 8138 76
3376 3341 79
3376 4292 59
3376 9083 65
8760 7736 98
8760 5975 99
8760 1644 65
8760 3153 77
1439 2845 42
1439 2089 53
1439 9364 28
1439 122 60
1439 5861 58
2845 9116 51
2845 9938 24
2845 6820 39
2845 5874 87
4240 4664 25
4240 323 7
4240 4103 36
4240 1490 37
4240 9079 41
4664 7328 79
4664 285 31
4664 8513 73
1213 3982 24
1213 3016 59
1213 6856 61
3083 5505 38
3083 4310 22
3083 8376 41
3083 7258 96
3083 6533 60
5505 2821 84
5505 7435 24
5505 7299 98
5505 6474 73
5865 7082 56
5865 3366 25
5865 3921 26
5865 8643 16
7082 922 90
7082 9950 4
7082 7301 37
7082 7562 16
2821 628 50
2821 5209 98
100 417 98
100 9854 29
100 1696 86
100 9621 8
100 6064 57
417 5375 36
417 7872 28
417 2128 64
417 5178 59
3276 6085 96
3276 451 75
3276 5805 25
3276 5008 52
3276 6836 22
6085 2666 66
6085 6545 75
6085 2200 84
425 7532 69
425 9509 39
7532 7689 1
7532 4481 19
7532 8136 31
7532 5398 87
196 8234 94
196 700 66
196 945 74
196 4214 83
196 3182 78
8234 5138 69
8234 948 77
8234 8835 38
8234 779 61
4376 1644 49
4376 1808 70
4376 9812 66
570 2611 26
570 6417 38
570 8979 14
570 2998 52
6696 7700 48
6696 4946 68
6696 4922 37
6696 460 97
2648 9118 18
2648 3093 39
2648 3993 73
2648 913 71
2648 1291 78
9118 3945 81
9118 6153 90
9118 1830 57
9118 8348 20
451 7730 87
451 8072 65
451 8960 98
3255 9530 2
3255 7824 56
3255 204 7
3255 3731 23
9530 8475 69
9530 9331 49
9530 28 75
4698 6050 93
4698 4809 66
4698 563 86
6050 4973 25
6050 8820 33
6050 2391 2
8551 2912 42
8551 8743 5
8551 2018 99
8551 9528 60
917 9503 7
917 5857 86
917 17 44
917 781 11
4766 6184 89
4766 7348 50
4766 5206 98
6184 3061 80
6184 7849 100
7728 5534 61
7728 3540 68
7728 3602 21
7728 2292 85
643 4385 68
643 1759 3
643 6236 51
643 3891 91
643 1285 29
4385 5660 97
4385 208 68
4385 379 66
4385 5097 13
202 4642 81
202 2268 31
202 9436 37
202 4342 95
202 6103 20
4642 4909 54
4642 8886 30
4642 3551 100
6012 8017 39
6012 9620 43
6012 8913 65
6012 559 21
6012 1815 24
8017 4081 82
8017 3368 95
8017 4072 20
8017 8590 33
3096 9325 45
3096 2816 91
3096 2991 83
6261 4548 48
6261 4118 53
6261 382 17
6261 3426 24
2870 3653 98
2870 2858 85
2870 3406 25
2870 4563 29
2870 5795 75
3653 1292 73
3653 7833 75
3653 9801 46
3653 2624 96
1245 4426 64
1245 2325 17
1245 8477 84
1245 1750 14
4426 9355 65
4426 5330 53
329 3636 57
329 4125 58
329 8374 66
329 5074 39
329 952 51
3636 7506 61
3636 7614 52
3636 2751 68
5885 9444 98
5885 3744 69
5885 7553 52
2417 9720 65
2417 3879 88
2417 1806 15
2417 1465 10
9720 1383 86
9720 5117 72
9720 5191 50
9720 3967 95
631 5664 85
631 7640 72
631 1583 36
631 8 48
631 1886 97
5664 1249 78
5664 8276 59
5664 854 93
5664 361 49
1290 2856 98
1290 2723 19
1290 553 14
1290 17 9
2856 6642 35
2856 7805 24
2856 9718 83
2856 1332 56
2759 7205 6
2759 9624 75
2759 8484 3
2759 1318 96
2759 4342 27
7205 8899 48
7205 7651 17
7205 5269 68
7205 9042 1
1486 3734 86
1486 3421 28
1486 4662 28
1486 9920 87
1486 8149 38
3734 8927 32
3734 2213 3
3734 1080 81
3734 994 17
8455 8788 7
8455 4208 62
8455 4462 100
8455 9677 3
8455 8483 63
8788 401 8
8788 8694 83
8788 7417 46
8788 9868 4
2613 8319 17
2613 277 35
2613 6767 93
2613 3519 16
2613 4003 90
8319 5616 4
8319 359 94
8319 245 34
942 8939 36
942 9179 57
942 951 11
942 7576 61
942 9162 92
8939 925 32
8939 3736 46
8939 4175 40
7743 9491 64
7743 5102 56
7743 3052 73
7743 1795 73
7743 2583 75
9491 8865 33
9491 1375 4
9491 1919 31
9491 4815 55
1726 2720 83
1726 8144 12
1726 3201 72
1810 4962 100
1810 3641 85
1810 6484 39
1810 8035 95
1810 7291 27
4962 6979 58
4962 6374 67
4962 9148 10
4962 262 68
5215 6518 52
5215 991 35
5215 7381 40
5215 5209 35
5215 3837 77
6518 3225 65
6518 3506 37
6518 9844 94
5784 8890 25
5784 4801 57
5784 8443 13
5784 5444 83
5784 2000 5
8890 5086 44
8890 4330 1
8890 1392 34
4036 9290 72
4036 6070 82
4036 8542 18
4036 1711 21
4036 3256 21
9290 6474 27
9290 9451 99
9290 599 22
9290 1173 9
2740 809 24
2740 4469 17
2740 955 51
7215 8059 27
7215 5031 16
7215 188 44
7215 7371 39
7215 4501 18
8059 181 92
8059 3436 26
8059 3048 73
2769 3355 3
2769 4223 76
2769 4833 74
2769 7692 43
2769 4143 11
3355 2404 30
3355 4432 9
3355 1960 90
3355 6540 7
5009 7581 14
5009 6585 4
5009 201 54
5009 3288 7
7581 9472 17
7581 2833 21
7581 3318 69
7601 9034 38
7601 8869 10
7601 1868 47
7601 7881 85
7601 9050 44
9034 8724 89
9034 1048 93
9034 4111 79
9034 5193 27
7631 3872 51
7631 2531 36
7631 6578 83
5310 7694 97
5310 4683 23
5310 2831 12
5310 2674 55
7694 2275 28
7694 8035 53
7694 7614 89
7694 1710 8
2142 3607 30
2142 5583 88
2142 7338 93
2142 3379 76
3607 9094 80
3607 2754 53
9999 8273 88
9999 3323 62
9999 2809 87
9999 3871 48
5173 6642 35
5173 3544 19
5173 2667 80
5173 2720 89
5173 8824 95
6642 881 78
6642 4649 66
6642 2610 8
4863 9634 81
4863 9143 84
4863 427 67
4863 7165 92
9634 5092 29
9634 7768 70
9634 8049 63
9634 5118 32
1045 2247 95
2247 3335 87
2247 5138 55
2247 5301 72
2247 8180 43
5852 8565 39
5852 3649 9
5852 9184 95
5528 6052 40
5528 5994 7
5528 4672 48
6052 7673 60
6052 7493 26
2632 8345 63
2632 5337 37
2632 4276 85
2632 2241 70
8345 8043 74
8345 2563 19
8345 5143 25
8345 509 36
5493 6997 69
5493 3053 38
5493 9068 53
5493 8923 37
5493 2202 31
6997 6954 66
6997 5566 16
6997 1111 95
3766 4281 32
3766 3643 22
3766 3156 17
7673 7947 31
7673 7839 68
7673 9759 59
7947 1418 70
7947 2705 90
7947 8800 67
2201 8509 74
2201 408 98
2201 5789 2
2201 6688 45
2201 8858 33
8509 2306 40
8509 6508 86
8509 535 57
1844 9403 2
1844 4260 44
1844 9721 21
1844 3412 97
1844 4323 22
9403 9818 38
9403 8001 28
9403 3492 83
6471 6571 5
6471 803 26
6471 5750 32
6471 9533 69
6471 1819 99
6571 941 88
6571 4725 15
6571 4238 74
6571 4607 48
810 4982 35
810 5348 1
810 3218 62
810 5737 81
810 8828 97
4982 9306 35
4982 827 58
1013 1369 60
1013 4838 44
1013 5292 2
1369 4902 48
1369 9228 16
1369 6603 67
1369 4771 47
2482 3274 6
2482 4726 58
2482 2093 37
2482 3438 37
2482 4009 27
3274 7572 59
3274 5886 54
3274 7176 44
912 3946 28
912 1991 76
912 2358 8
912 2546 13
912 1172 6
3946 5478 66
3946 8500 42
3946 2408 73
3946 4615 11
2286 77 21
2286 7724 71
2286 9635 83
2286 1250 32
4299 5862 91
4299 9953 15
4299 9494 52
4299 2293 94
4299 3057 61
5862 2099 46
5862 3365 51
5862 3336 15
5862 3161 56
8421 1157 46
8421 5128 35
8421 976 18
8421 9027 5
4374 9419 64
4374 3624 34
4374 6135 73
4374 9230 7
4374 747 3
9419 1451 58
9419 6890 42
9419 9344 87
5450 6800 94
5450 477 44
5450 6611 4
5450 9779 39
3070 6046 40
3070 1086 68
3070 1342 37
3070 8652 27
6046 327 38
6046 2364 55
6046 7248 55
6046 7869 85
738 6055 56
2394 5497 14
2394 1633 63
2394 2986 27
2394 7235 75
2394 4076 70
5497 9470 5
5497 6616 19
5497 2630 74
3402 8505 54
3402 2264 57
3402 3560 100
3402 5764 61
8505 2843 58
8505 1564 65
5284 6607 84
5284 4887 68
5284 9864 86
5284 7708 42
5284 1044 54
6607 2372 2
6607 161 60
6607 3341 68
6607 2318 87
1982 6492 10
1982 7388 16
1982 1606 69
1982 2799 72
6492 6619 52
6492 8820 68
6492 6887 55
1321 4531 64
1321 420 1
1321 5422 70
1321 5642 99
4531 5687 3
4531 575 6
4531 1009 18
4531 3542 78
5436 9630 71
5436 9256 80
5436 5418 42
9630 9518 54
9630 7548 3
9630 450 83
9630 8038 38
3947 7258 80
3947 8360 83
3947 6643 54
7258 9444 80
7258 539 43
7258 916 96
5678 6130 50
5678 3512 20
5678 8103 4
5678 2768 23
5678 5168 77
6130 6091 75
6130 5773 39
4444 6751 17
4444 8321 91
4444 1485 79
4444 7832 94
6751 6207 26
6751 167 49
6751 5156 91
306 6364 47
306 3686 29
306 3589 50
306 7732 37
306 5428 34
6364 511 66
6364 7590 94
879 3782 37
879 1022 21
879 4393 32
3782 7788 20
3782 6040 74
3782 3987 89
3782 563 97
5629 7931 45
5629 9578 62
5629 3611 100
5629 7186 70
5629 5751 22
7931 5349 64
7931 3998 14
7931 3804 99
3979 4702 47
3979 3075 44
3979 8679 13
3979 1801 6
3979 6888 62
4702 9209 5
4702 5876 81
4702 3842 26
4702 6796 12
6484 4459 61
6484 4972 64
6484 9895 47
4253 7156 70
4253 3332 14
4253 2744 27
4253 356 53
4253 479 18
7156 2814 68
7156 5963 28
7156 5800 59
7156 2708 69
4012 4061 80
4012 8786 23
4012 7059 6
4012 4758 83
4061 5633 93
4061 7846 59
4061 3182 33
4017 8377 11
4017 6495 80
4017 255 45
4017 2846 88
4017 941 13
8377 4755 57
8377 7474 9
8377 7506 91
8377 4197 55
290 6770 83
290 4954 18
290 9753 95
290 605 77
290 6029 6
6770 71 40
6770 4327 82
6770 5952 54
6770 6906 20
3246 6248 46
3246 9940 1
3246 6750 6
3246 7856 93
3246 5292 58
6248 3822 60
6248 8651 39
6248 7307 32
6248 1659 9
6391 8631 62
6391 7627 4
6391 4095 78
6391 9101 62
6391 8732 7
8631 6224 34
8631 4317 10
8631 5153 16
8631 321 54
9266 7684 15
9266 8927 94
2918 6190 63
2918 8021 88
2918 4591 4
2918 5571 38
6190 700 91
6190 458 9
6190 1512 24
7197 6305 94
7197 8883 100
7197 1469 99
3561 8511 58
3561 39 16
3561 6390 75
3561 801 15
3561 1102 20
8511 4148 72
8511 1599 89
8511 8789 86
4304 6340 98
4304 6263 99
4304 4535 63
4304 747 53
4304 8482 63
6340 1816 33
6340 5671 87
6340 7352 78
2629 2766 2
2629 7439 53
2629 1490 86
2629 1920 24
2288 5205 23
2288 5259 32
2288 9748 42
2288 6882 43
5205 9949 83
5205 8449 42
5205 7387 41
5205 1367 31
1739 5929 42
1739 8837 49
1739 9082 55
1739 7395 66
1739 6481 7
5929 5955 30
5929 2965 1
2504 7489 94
2504 4611 12
2504 3568 3
2504 6399 66
7489 9132 99
7489 6922 24
7489 513 37
7489 1770 35
1246 9968 4
1246 1833 62
1246 1687 27
1246 3542 54
1246 1790 7
9968 4173 52
9968 8083 27
9968 7161 84
9968 9798 67
5853 9113 10
5853 3846 10
5853 5710 63
5853 2091 49
5853 6323 57
9113 8850 59
9113 1388 47
9113 450 22
9113 2183 61
4063 7567 25
4063 8727 32
4063 5170 20
4063 8541 68
7567 4844 78
7567 2904 11
7567 2563 57
4575 5463 41
4575 2360 23
4575 8877 19
5463 1339 46
5463 1824 22
5463 5053 50
5463 5719 5
908 1463 81
908 5529 29
908 2903 60
908 7116 73
908 8431 93
1463 7632 87
1463 1718 83
6047 6885 39
6047 9517 43
6047 5206 67
6047 5555 33
6885 9948 8
6885 8547 3
6885 4066 71
3695 4138 17
3695 2723 1
3695 4494 36
3695 8638 54
4138 5681 73
4138 322 26
4138 7248 23
4138 6626 6
4822 1208 20
4822 2649 42
4822 6407 44
2875 8132 33
2875 5677 32
2875 4203 80
2875 9977 21
8132 737 40
2345 4934 58
2345 3446 30
2345 1283 72
2345 3097 77
2345 6689 18
4934 4406 97
4934 1339 4
4934 6867 4
4934 4967 13
6139 8800 64
6139 35 20
6139 4535 58
6139 3062 85
4147 4770 11
4147 673 50
4147 1282 45
4147 9071 18
4147 6855 4
4770 4656 72
4770 2928 29
4770 394 71
4770 5633 87
8146 913 99
8146 3559 77
8146 4727 62
8146 6779 81
5290 9134 60
5290 4027 72
5290 3260 47
5290 7751 83
9134 2005 4
9134 7153 92
9134 6881 43
1228 2326 54
1228 9421 94
1228 4389 70
1228 6861 15
1228 6638 24
2326 5420 83
2326 8240 49
2326 3353 71
2326 5387 28
237 9121 100
237 4572 44
237 405 59
9121 1295 19
9121 7226 6
9121 1027 92
9121 9641 94
8194 9361 81
8194 7914 53
8194 7997 87
8194 2991 30
8194 6892 58
9361 7701 55
9361 2635 22
9361 5978 35
9361 5924 34
1375 9169 12
1375 286 31
1375 1808 53
1375 6655 74
9169 3679 52
9169 1981 24
9169 3554 53
9169 7013 27
4752 4159 30
4752 1022 84
4752 2779 99
4752 716 73
3322 8420 74
3322 1210 17
3322 1657 82
3322 9483 3
8420 991 81
8420 9970 13
8420 4427 77
8420 2659 33
2909 5807 22
2909 3669 68
2909 4596 100
2909 5150 12
2909 4591 58
5807 5882 99
5807 4224 73
5807 1254 49
5807 1493 9
6412 7898 44
6412 9969 54
6412 3485 62
6412 7043 20
7898 4033 88
7898 5787 36
7898 3678 99
696 4158 35
696 6383 21
696 7368 73
696 7828 21
696 6178 56
4158 3777 9
4158 571 100
4158 2700 62
5102 4972 33
5102 3187 67
5102 4754 35
5102 6404 72
1315 5893 41
1315 3670 88
1315 7700 86
1315 2761 12
5893 6638 21
5893 8457 55
5893 9307 18
125 370 24
125 4302 67
125 6988 83
125 6346 67
125 8461 23
370 5740 10
370 5708 75
370 1008 15
370 4509 81
3860 4537 80
3860 3679 87
2571 3718 23
2571 5297 78
2571 2642 38
2571 2610 2
3718 5733 62
3718 2939 36
3718 6588 68
3718 5626 16
7723 6541 95
7723 3677 26
7723 7357 11
1797 8461 95
1797 3042 45
1797 9572 90
1797 3884 34
1797 5899 27
8461 5268 29
8461 610 6
8461 27 45
88 1427 72
88 6024 4
88 223 68
1427 4558 69
1427 4867 100
1427 8629 19
1427 1445 43
9885 8484 16
9885 2665 68
9885 9145 17
9885 2413 21
181 5001 11
181 5160 23
181 991 40
181 4919 42
5001 2764 88
5001 298 67
5001 8872 89
5001 4031 51
5182 9363 29
5182 2885 96
5182 2047 18
5246 5778 97
5246 4921 98
5246 3178 35
5246 4943 86
5246 7900 89
5778 3912 96
5778 2584 10
5778 7389 72
8201 9727 14
8201 7922 41
8201 9969 80
8201 3499 90
8201 4660 5
9727 5106 40
9727 4589 75
9727 1651 37
9727 543 68
6844 9756 57
6844 2377 91
6844 8567 47
6844 9686 2
6844 7503 90
9756 7417 78
9756 4787 26
9756 2903 6
707 5232 87
707 9117 75
707 7987 9
707 4130 20
707 7147 19
5232 3377 67
5232 3069 90
5232 8437 86
5232 7799 8
4359 6651 38
4359 362 76
4359 6014 81
4359 7027 81
2155 5294 69
2155 6649 21
2155 9020 16
2155 7894 36
5294 3085 41
5294 4042 33
5294 6651 64
5294 2862 49
1160 8183 51
1160 9213 47
1160 1777 46
1160 3180 40
8183 4552 21
8183 3708 58
8183 8920 13
8183 8348 87
3010 7447 68
3010 4512 92
3010 2091 70
3010 5266 71
2433 8456 57
2433 1036 23
2433 6168 82
2433 5967 42
2433 6569 6
8456 3324 90
8456 6978 84
8456 4403 35
8456 8331 44
3431 7558 6
3431 1236 18
3431 1615 74
3431 9587 54
7558 6562 27
7558 3173 53
7558 2282 97
1063 8250 31
1063 4637 93
1063 1194 33
1063 757 34
8250 7772 3
8250 3730 81
8250 2117 46
1143 5735 34
1143 1589 41
5735 5876 52
5735 1488 19
5735 805 26
4790 8514 88
4790 2889 50
4790 2548 21
4790 5207 64
4790 9773 5
8514 1334 43
8514 6245 60
8514 4379 93
5666 9905 68
5666 7178 41
5666 4256 16
5666 1689 89
9905 251 4
9905 8004 16
9905 3025 82
751 3410 59
751 6574 13
751 28 17
751 4384 80
751 1620 28
3410 9584 65
3410 3055 83
3410 6652 58
3410 7404 32
1998 7188 89
1998 2553 56
1998 7823 87
1998 5917 57
1998 9830 61
7188 7128 3
7188 9108 65
7188 8781 64
220 7157 47
220 2490 9
220 8199 75
220 504 81
220 8632 38
7157 9100 67
7157 279 84
7157 3569 80
7157 5753 70
101 7465 34
101 1661 54
101 1129 43
7465 8769 44
7465 2798 76
7465 4381 4
7465 7238 67
8865 7191 100
8865 9448 89
8865 2224 67
1779 4791 94
1779 105 3
1779 9485 54
1779 2252 55
1779 6924 16
4791 7081 83
4791 4955 38
4791 3340 22
6624 7514 17
6624 9285 65
6624 76 98
6624 9428 26
7514 7697 39
7514 4672 36
7514 6644 34
249 6582 71
249 5326 92
249 2253 43
249 1181 32
6582 6243 92
6582 1865 70
6582 7993 90
7230 8872 84
7230 9116 51
7230 5674 40
2133 7763 69
2133 8525 68
2133 148 78
7763 8297 32
7763 4788 73
7763 1648 97
7763 4886 58
42 3071 41
42 4559 20
42 4828 5
42 8723 50
42 5621 53
3071 6765 67
3071 4120 96
3071 3616 57
3071 7552 78
8988 5597 25
8988 5843 64
8988 9287 17
947 2948 37
947 7324 61
947 7955 31
947 4268 55
947 7753 70
2948 6491 24
2948 8740 16
2948 9558 24
2948 6665 62
8360 4425 13
8360 2054 49
8360 4941 59
8360 8697 22
50 4652 56
50 9326 26
50 894 51
50 5261 53
50 1187 20
4652 791 72
4652 2562 15
4652 6420 42
4652 4049 99
4740 7996 82
4740 3314 73
4740 2452 65
4740 6742 35
7996 6405 57
7996 5968 89
7996 3336 81
1371 7046 98
1371 1708 84
1371 90 13
1371 9326 41
3150 7292 53
3150 5686 27
3150 7976 32
3150 1306 62
3150 6621 22
7292 9899 59
7292 4139 29
7292 9640 97
3208 6708 83
3208 6324 20
3208 8463 31
3208 9736 60
3208 9228 87
6708 7330 19
6708 9782 100
6708 9849 66
6708 5557 29
3743 7806 10
3743 6180 25
3743 5811 21
3743 5353 19
3743 1907 56
7806 317 13
7806 9876 97
7806 7759 89
7806 2760 57
6349 9911 26
6349 7464 84
6349 4968 87
6349 7397 24
9911 6941 22
9911 8090 96
9911 5743 10
9911 6376 99
7577 8721 9
7577 176 43
7577 7126 25
7577 8940 50
8721 6212 25
8721 7172 58
8721 4723 40
8721 4860 35
6775 7279 97
6775 2684 38
6775 5204 70
6775 9246 22
7279 4690 20
7279 4974 71
7279 9164 82
7279 4105 71
2179 6576 71
2179 1974 53
2179 6245 66
2179 7481 11
6415 6744 43
6415 3809 97
6415 7544 92
6744 960 86
6744 8167 16
6744 3404 66
6744 5882 84
2750 6769 56
2750 488 73
2750 4516 3
6769 8753 94
6769 3685 87
6769 7767 28
904 6634 75
904 189 1
904 9050 72
904 8885 16
904 1782 80
6634 5071 24
6634 5638 39
6634 6992 46
6634 4231 99
5064 6780 81
5064 7919 85
5064 8912 33
5064 6400 18
5064 4686 38
6780 8307 26
6780 2708 60
6780 6152 82
6780 7805 43
4840 7072 74
4840 298 79
4840 5767 96
4840 514 90
4840 9629 50
7072 3872 23
7072 2323 21
7072 9337 46
3892 4115 54
3892 5392 90
3892 9910 42
3892 9875 49
3892 8139 56
4115 2057 21
4115 8787 83
4115 9349 77
1173 6270 12
1173 2058 94
1173 4667 51
1173 9136 81
6270 2047 16
6270 6005 38
6270 5128 67
6270 1134 48
1006 1434 22
1006 7347 68
1006 4564 6
1006 8269 51
1434 4285 43
1434 5050 96
1434 1145 59
1434 9768 61
5226 5795 25
5226 3664 44
5226 8522 56
5226 4624 54
5226 5380 63
5795 63 46
5795 3135 30
2509 4613 40
2509 195 97
2509 6713 73
2509 7539 65
4613 4149 28
4613 9049 78
4613 9480 24
4613 219 2
666 9807 99
666 4343 95
666 1588 91
666 6341 78
1524 1774 91
1524 3668 38
1774 1880 47
1774 324 62
1774 5808 72
684 2322 50
684 5039 39
684 3796 80
684 543 3
684 7460 17
2322 3642 84
2322 5713 52
2322 8222 46
4196 255 35
4196 2446 93
4196 7134 24
2280 2282 16
2280 708 67
2280 7620 49
2280 7433 100
2282 4568 51
2282 44 66
2282 6147 64
5587 8405 24
5587 4052 95
5587 6629 96
5587 8530 82
2439 5590 6
2439 264 1
2439 1360 16
2439 2173 100
1895 8483 90
1895 5231 58
1895 8765 53
1895 1338 40
1895 5575 36
8483 3250 9
8483 3861 85
8483 2593 49
2057 423 54
2057 6989 78
149 8929 30
149 1279 79
149 9464 85
149 4528 44
149 349 28
8929 6113 74
8929 3944 59
8929 8388 100
4173 7948 80
4173 9619 23
4173 5884 53
3713 8263 6
3713 3550 16
3713 9784 52
3713 4308 63
8263 8287 74
8263 984 22
8263 4320 70
8156 3126 45
8156 5395 85
8156 6596 35
8156 6403 42
4562 5764 42
4562 3781 43
4562 2524 29
4562 2787 65
4562 4928 55
5764 1911 91
5764 1004 23
5764 1893 16
3906 6591 88
3906 2330 17
3906 8202 89
3906 4751 92
6591 5988 82
6591 3477 79
6591 7824 70
6591 4717 86
2182 7385 32
2182 6801 93
2182 3997 75
7385 1808 94
7385 5691 42
7385 8791 59
3942 6056 52
3942 4810 70
3942 255 88
6056 3809 93
6056 6 5
6056 2223 58
6056 3393 45
4616 4002 20
4616 9874 74
5058 6345 25
5058 4864 58
5058 6254 92
5058 702 61
5058 9077 82
6345 7038 82
6345 9854 42
6174 9640 65
6174 7831 70
6174 4332 60
6174 3586 27
9640 4300 61
9640 6550 91
9640 8637 11
6862 7008 100
6862 2553 84
6862 4053 89
6862 8333 19
7008 3986 75
7008 9998 40
7008 992 59
7008 4184 78
6643 9030 29
6643 8453 62
92 824 58
92 6293 9
92 6580 57
92 5897 67
92 7825 69
824 231 87
824 5772 44
824 61 33
5962 8414 44
5962 158 37
5962 4581 22
5962 4910 80
5962 4423 94
8414 9222 72
8414 5527 2
8414 4278 22
6657 7515 62
6657 9687 69
6657 8342 74
6657 6945 84
7515 9307 89
7515 1368 35
7515 9420 20
7515 6235 33
6545 8240 50
6545 7920 93
8240 2229 40
8614 7501 71
8614 8428 79
8614 2410 15
764 9740 69
764 5646 85
764 1988 74
764 3237 35
764 977 27
9740 3213 27
9740 2390 87
9740 9433 28
3145 4557 60
3145 9595 58
3145 8858 10
4557 3688 28
4557 8422 94
4557 9215 53
7914 4932 24
7914 9829 83
7914 4427 100
7914 2226 7
9764 5610 82
9764 6259 12
9764 8180 29
9764 1741 47
5844 8543 90
5844 8173 77
5844 671 34
5844 262 43
5844 9322 86
8543 4162 38
8543 9038 59
8543 2348 34
8543 434 3
1370 5763 6
1370 9736 36
1370 4679 91
1370 5301 60
1370 9137 67
5763 9745 81
5763 4509 71
5763 5321 19
5763 195 5
757 9700 61
757 5309 91
757 4107 46
757 1664 51
9700 3362 20
9700 3717 91
9700 4611 72
9700 866 80
9363 4237 69
9363 8497 20
9363 4133 36
9363 4558 16
5354 5683 98
5354 7167 69
5354 9165 84
5683 619 37
5683 6727 7
5683 4597 43
5683 5611 64
5467 5560 93
5467 2655 39
5467 3144 28
5467 4246 33
5560 4847 13
5560 8968 97
5560 9900 34
2971 4612 79
2971 2619 5
2971 1389 69
2971 4257 82
6285 6946 65
6285 7255 54
6285 3819 32
6285 8431 82
6285 646 85
6946 4738 32
6946 2598 71
6946 4209 31
2940 5441 48
2940 8162 89
2940 1794 44
5441 6987 93
5441 7284 90
5441 2355 14
5441 1803 15
5096 9030 47
5096 3822 37
5096 1755 48
5096 1367 84
9030 550 44
9030 6489 40
9030 3301 14
3155 7315 31
3155 19 79
3155 8359 49
7315 1118 25
7315 5773 59
7315 3616 14
4271 9856 70
4271 709 79
4271 3650 97
4271 9895 43
9856 5880 48
9856 5030 93
9856 9977 44
2712 6745 20
2712 7075 73
2712 4746 94
2712 9772 48
2712 51 74
6745 8334 58
6745 4361 15
6745 4924 23
6745 3241 18
9187 6156 21
9187 6090 14
9187 5330 60
2105 2308 9
2105 7845 32
2105 1287 4
4842 1090 5
4842 401 45
4842 8293 79
8338 8498 95
8338 7770 19
8338 1748 85
8338 3885 35
8338 3725 29
8498 5099 61
8498 4756 56
8498 2243 52
786 227 15
786 4537 22
786 960 47
786 1233 6
3040 4517 29
3040 2965 14
3040 6374 78
3040 3797 96
4517 2614 32
4517 3933 92
4517 1684 41
4517 2015 82
1204 1328 55
1204 8302 34
1204 5241 5
5094 6109 87
5094 8057 23
5094 3733 31
5094 6995 12
6109 2973 4
6109 3908 53
6109 4821 94
6109 7883 69
3497 8368 36
3497 4904 27
3497 4315 93
3497 4234 19
8368 8024 55
8368 9261 73
8368 958 69
1398 6067 16
1398 2880 17
1398 6585 88
1398 6508 30
6067 9937 44
6067 6233 8
6067 3085 27
9256 3174 85
9256 12 92
9256 9988 10
3939 7023 19
3939 9073 27
3939 6644 8
3939 444 41
7023 7369 41
7023 1488 25
6483 6273 27
6483 586 65
6483 1544 9
6483 8515 69
6135 8476 63
6135 1673 55
6135 4423 13
6135 2977 62
8476 7069 58
8476 8538 43
8476 3333 66
4442 4611 78
4442 4692 62
4442 8966 87
4442 9752 92
4442 185 34
4611 9762 15
1938 2878 9
1938 314 59
1938 3343 6
3605 8840 2
3605 1376 13
3605 8659 27
3605 3631 29
3605 7449 86
8840 4835 57
8840 1192 82
8840 4731 67
3573 9302 51
3573 8644 62
3573 2997 14
9302 91 37
9302 7152 68
9302 1986 44
9302 1046 41
3688 5842 32
3688 9983 60
3688 2654 17
5842 6940 99
5842 204 82
5842 7382 6
5842 992 80
3015 4810 98
3015 9860 100
3015 8124 28
3015 4390 29
3015 7818 49
4810 9901 66
4810 1259 83
4810 8617 39
1267 6149 15
1267 1384 27
1267 8079 32
6149 9871 69
6149 2405 68
6149 6883 40
6149 9828 90
6619 542 99
6619 1989 10
6619 2216 9
6619 9 36
1068 9621 26
9851 5869 52
9851 3861 32
9851 8901 36
2814 8654 98
2814 3974 88
2814 9517 78
2814 1786 16
2310 5179 14
2310 427 21
2310 2746 80
5179 434 98
5179 4886 64
5179 2283 67
5179 2605 27
2296 9445 6
2296 5311 41
2296 8780 75
9445 8798 88
9445 2270 82
9445 5483 88
9445 7031 10
6314 7108 49
6314 4526 4
6314 2623 50
6314 9282 39
9000 5155 100
9000 8024 26
9000 208 20
9000 5994 17
3460 5052 81
3460 2457 38
3460 2371 1
3460 6551 88
3460 4421 89
5052 949 82
5052 4968 17
5052 6992 86
5052 9701 65
5901 6336 16
5901 7650 50
5901 4083 23
5901 3284 97
5901 1889 42
6336 3844 26
6336 8457 95
6336 6861 35
6336 7423 20
3502 6217 55
3502 9177 4
3502 1684 36
3502 9873 9
3502 5260 73
6217 3030 67
6217 5531 41
6217 4324 18
4210 8933 59
4210 3185 17
4210 1419 57
4210 9427 57
4210 1368 18
8933 9951 12
8933 673 46
2059 695 49
2059 7561 40
2059 8119 51
2059 6164 67
6597 6934 92
6597 1714 17
6597 7161 94
3808 6674 83
3808 3175 62
3808 7765 75
3808 2211 20
6674 5596 90
6674 212 38
6674 1139 44
6674 6373 90
1118 9039 37
1118 9654 81
1118 5768 30
1118 569 14
3783 5863 16
3783 336 71
3783 8613 27
3783 1048 86
3783 7667 61
5863 543 91
5863 8270 74
5863 6950 55
6086 7405 87
6086 4153 40
6086 61 81
6086 788 36
7405 9830 48
7405 9274 37
7405 901 43
7405 9035 48
7573 9841 6
7573 9799 28
7573 6825 77
7573 3563 1
617 5986 96
617 3681 79
617 4597 33
617 8327 9
617 7079 29
5986 4507 37
5986 7400 75
5986 8279 87
5986 9149 76
7506 2238 85
7506 6057 9
7506 7450 25
1373 4050 23
1373 983 52
1373 5271 93
1373 5393 38
1373 1613 42
4050 6233 99
4050 8799 24
4050 3451 68
4050 5365 34
4588 4920 96
4588 1957 97
4588 7486 28
4588 3178 76
4588 6516 97
4920 3626 61
4920 157 58
4920 4463 13
2849 4093 3
2849 8595 67
2849 4143 12
2849 3978 17
2849 8495 44
4093 1038 56
4093 6894 92
4093 8846 70
4093 7989 1
5346 6440 88
5346 719 7
5346 9482 16
5346 4592 79
5346 2466 75
6440 5949 30
6440 650 83
6440 2738 39
6440 8790 36
4107 2068 33
4107 7623 100
5369 9807 8
5369 1693 10
5369 9647 6
5369 6464 25
5369 240 30
9807 2225 33
9807 8185 14
9807 9442 47
7356 491 51
7356 6011 48
7356 4538 16
7356 4631 88
2962 4909 50
2962 5086 25
2962 3245 36
2962 2836 91
4909 6539 64
4909 1209 65
5327 8386 4
5327 5911 57
5327 2573 7
1116 9847 82
1116 9729 31
1116 6957 14
1116 3316 42
9847 5421 74
9847 8766 52
9847 886 63
2914 8810 19
2914 3016 81
2914 1044 80
2914 315 16
2914 4194 80
8810 2579 40
8810 4805 49
8810 2574 2
8810 4069 7
524 5771 91
524 3616 56
524 1372 97
524 3292 46
524 3709 7
5771 5257 90
5771 8469 5
5771 1989 33
5771 2004 22
1984 5665 16
1984 278 38
1984 5313 95
5797 9320 88
5797 5377 17
5172 6940 79
5172 2376 4
5172 2358 71
5172 2557 78
830 6228 33
830 2541 8
830 6286 33
830 5316 85
830 2177 75
6228 1238 34
6228 1240 70
6228 6948 12
3170 7460 29
3170 8756 83
3170 4398 19
3170 109 30
3170 239 2
7460 9853 82
7460 8931 34
7460 2885 54
1506 9251 99
1506 4183 67
1506 6013 20
1506 6087 94
9251 8367 1
9251 5817 71
9251 1905 98
3008 7132 97
3008 9271 39
3008 3708 95
3008 6668 57
7132 4633 96
7132 6711 9
7132 8269 57
7132 4970 8
1602 5931 65
1602 3504 67
1602 8344 5
1602 4189 14
7616 9131 29
7616 4284 30
7616 9954 80
7616 7343 47
7616 7691 38
9131 6837 33
9131 2076 24
9131 374 58
9131 6618 24
9510 5943 46
9510 5556 7
9510 794 93
9510 3124 29
4552 7841 95
4552 3481 50
4552 6514 49
4552 2309 82
7841 1701 40
7841 6765 80
7841 5817 58
7841 3592 62
357 8640 81
357 3168 64
357 1619 47
357 709 6
357 1198 34
8640 3230 10
8640 9347 85
8640 3157 75
3555 7651 20
3555 7452 5
3555 65 100
7651 6637 88
7651 4577 9
5448 6851 74
5448 8548 34
5448 4612 2
6851 2229 11
6851 8533 50
6851 9956 33
6851 4959 71
8555 8942 29
8555 8706 82
8555 6277 42
8555 1094 6
8555 6590 39
8942 1831 60
8942 7307 41
8942 8523 20
8942 6018 51
2650 8713 57
2650 4737 57
2650 612 75
2650 4095 8
2650 8882 27
8713 1470 88
8713 8844 89
8713 6169 2
8713 5699 68
6533 2470 66
6533 4070 68
6533 4889 6
2718 7127 28
2718 6379 58
2718 5928 25
2718 4263 11
7127 4800 99
7127 6961 90
219 8302 93
219 7051 26
8302 3524 23
8302 1811 61
8302 3954 73
9262 9743 56
9262 2340 16
9262 106 20
9262 6061 48
9262 3836 17
9743 6806 89
9743 7379 84
9743 5320 1
9743 4693 60
4675 8032 71
4675 4030 59
4675 3959 62
4675 155 45
4675 2236 54
8032 1986 99
8032 5149 44
2106 9505 65
2106 1719 88
2106 9790 58
2106 2628 31
2216 9360 20
2216 5217 78
2216 6905 84
2216 572 56
9360 3487 47
9360 1 31
9360 7036 75
3702 4264 31
3702 4122 89
3702 3443 26
3702 8762 70
3702 1696 22
4264 6987 81
4264 4049 34
4264 8705 28
1026 7921 59
1026 4153 34
1026 8236 75
1026 7119 6
3984 6579 81
3984 31 93
3984 7474 94
3984 9874 7
6579 3387 79
6579 4020 59
6579 7269 90
6579 7310 53
7689 2053 32
7689 8919 84
7689 9050 66
7689 2079 39
3290 9212 18
3290 3825 57
3290 1672 98
3290 9523 43
3485 8860 96
3485 8535 24
6444 9798 4
6444 4136 81
6444 7494 40
6444 2607 24
6444 4498 33
9798 2485 95
9798 8454 95
9798 1668 29
9569 9653 21
9569 2963 41
9569 4100 48
9569 556 22
4503 9803 52
4503 6771 26
4503 7560 86
4503 9717 96
4503 7400 85
9803 9061 68
9803 1685 83
9803 4612 67
1479 3655 26
1479 2115 30
1479 3027 41
1479 7650 39
628 9298 18
628 9230 18
628 9934 11
628 843 80
1383 6137 81
1383 7098 79
1383 1569 36
1383 3102 64
6137 6260 12
6137 527 10
6137 5411 87
6133 9532 38
6133 5673 26
6133 392 71
6133 2699 76
9532 1041 87
9532 8987 77
9532 4483 45
7124 7463 76
7124 2610 30
7124 8986 89
7124 7853 70
7463 1803 6
7463 7817 90
7463 6369 75
7463 1061 23
3822 3982 60
3822 8935 7
3822 8823 21
1162 7831 22
1162 5534 28
1162 5164 29
1162 2572 36
1162 4813 33
7831 1303 5
7831 4538 59
7831 4567 33
353 5218 98
353 5088 9
353 86 29
353 1124 72
353 8527 67
5218 5195 76
5218 5305 89
5218 2883 74
5218 9359 91
6034 9758 8
6034 5011 97
6034 346 74
4580 4896 8
4580 9293 14
4580 2440 7
4580 5648 43
4896 6200 32
4896 9578 3
4896 8273 2
1061 6244 35
1061 6604 38
1061 1689 80
6244 1911 78
6244 3917 78
6244 230 24
6244 3328 26
7485 5731 82
7485 6987 23
7485 3252 26
7485 2861 60
776 7014 17
776 8576 76
776 3459 65
776 343 86
776 3708 33
7014 883 83
7014 9922 73
7014 9570 4
84 1014 48
84 2719 84
84 1996 32
84 313 37
84 944 27
1014 6009 20
1014 4855 79
1014 8654 39
2021 2240 84
2021 1703 19
2021 8864 76
9183 9934 59
9183 5395 29
9183 4666 79
9183 9305 76
9183 9819 59
9934 443 86
9934 3750 19
9934 11 90
6898 1760 22
6898 9769 89
6898 194 65
6898 3995 62
3982 442 47
3982 3283 22
3761 8361 80
3761 823 11
3761 4972 64
8361 1591 27
8361 3265 22
8361 1852 41
2474 5184 10
2474 6237 1
2474 1896 66
2474 9500 33
2474 1798 31
5184 2138 38
5184 2430 65
5184 6232 59
5184 1476 98
7484 8506 52
7484 4624 57
7484 4917 62
7484 7191 75
8506 2027 27
8506 1058 63
8506 80 95
2575 3546 35
2575 3567 57
2575 6747 4
2575 1664 53
2575 1974 92
3546 7618 74
3546 9636 71
3546 2052 64
6136 9779 25
6136 8547 99
6136 1033 81
6136 4540 30
9779 5413 72
3712 3931 14
3712 9084 32
3712 2274 81
3712 6687 10
3931 5911 26
3931 2677 91
3931 2204 24
1275 9182 38
1275 1323 45
1275 8887 98
1275 6498 62
9182 1759 37
9182 327 83
9182 8376 30
9182 6158 99
6008 7500 99
6008 6578 6
6008 2299 77
6008 8524 76
7500 2028 87
7500 4185 76
7500 389 51
7500 3959 7
4236 6560 62
4236 9477 31
4236 8583 45
4236 7022 95
4236 1790 53
6560 2854 25
6560 7719 55
6560 5375 47
7628 9574 22
7628 381 47
7628 5108 59
7628 2396 38
9574 6728 29
9574 8340 8
9574 4533 44
9574 5237 50
1289 1883 98
1289 6478 34
1289 1047 77
1289 2825 14
1883 6160 47
1883 1307 96
1883 6179 43
3484 7456 86
3484 7741 55
3484 7323 57
3484 4377 65
1755 6239 26
1755 6265 29
1755 6241 55
1755 5164 45
3143 6044 85
3143 8655 32
3143 3204 78
3143 6189 8
5278 4179 99
5278 7844 66
5278 6649 24
5278 3297 27
5557 8917 22
5557 5640 85
5557 5902 95
5557 7444 30
8917 8826 66
8917 2168 53
806 3256 62
806 2460 6
806 5298 57
806 1807 42
6263 6999 42
6263 8573 80
6263 6761 70
6263 5699 20
1282 4824 8
1282 7586 13
1282 8432 3
3202 6811 46
3202 5356 79
3202 8662 92
3202 2766 43
3202 3375 89
6811 2139 25
6811 7052 71
6811 556 20
5420 9960 45
5420 8488 2
5420 9209 26
5420 1227 63
1168 9069 5
1168 8569 16
1168 5691 52
1168 9599 74
1168 7530 87
9069 633 46
9069 7604 63
5039 9112 24
5039 8312 56
5039 1140 34
5039 652 46
9112 3834 66
9112 4638 56
9112 192 9
4692 3115 1
4692 280 35
4208 7494 52
4208 8206 81
4208 6702 6
4208 4911 84
7494 3210 27
7494 8504 86
7494 1638 57
3865 941 92
3865 2022 21
3865 821 45
3865 4699 56
9624 6370 78
9624 7024 52
9624 7899 62
9624 9083 20
4237 4716 86
4237 7091 68
4237 8951 24
1107 3468 67
1107 9742 18
1107 162 9
474 1683 1
474 6832 51
474 25 82
474 9248 100
474 1841 15
1683 7422 24
1683 3873 21
1683 7273 3
1800 4034 53
1800 2235 53
1800 7440 42
1800 6566 3
1800 9238 58
4034 109 55
4034 5423 23
4034 2221 43
913 6292 31
913 2284 8
913 1790 85
2835 3203 9
2835 800 45
2835 1876 23
3203 1379 67
3203 5818 12
3203 2906 6
3203 3899 25
567 1093 43
567 2989 3
567 5559 9
1093 4943 96
1093 7586 4
1093 2611 95
1093 2580 77
298 3368 26
298 8334 29
298 188 92
8811 9499 39
8811 2851 31
8811 7641 41
8811 9527 47
9499 6222 57
9499 6406 22
621 7745 91
621 9026 3
621 6863 33
621 4701 83
621 2467 81
7745 9079 33
7745 8705 21
7745 1903 85
1570 7894 61
1570 2015 10
1570 1480 39
1570 488 37
1570 704 74
7894 4908 31
7894 1241 13
3325 3969 75
3325 5746 34
3325 5840 48
3325 1831 66
3325 6680 56
3969 5300 72
3969 1540 29
3969 7161 79
3011 7751 81
3011 1567 63
3011 6765 22
3011 777 47
3011 185 24
251 4398 36
251 80 9
251 5245 61
251 188 97
4887 5456 24
4887 4452 11
4887 6648 30
4887 6841 94
3283 9378 56
3283 4597 14
3283 2946 83
3283 1875 69
9378 3522 45
9378 3595 21
9378 4910 57
9378 5374 87
3075 7169 80
3075 2952 57
3075 89 41
3075 2034 9
7572 7821 36
7572 1238 71
7572 8779 52
7572 2803 94
5222 2 9
5222 6268 97
3962 9666 30
3962 1731 7
3962 2659 4
3962 6360 87
3962 1571 32
9666 5635 79
9666 6893 55
9666 7456 15
3711 5883 71
3711 6127 17
3711 8170 57
3711 6606 4
3711 7135 2
5883 8638 29
5883 9086 53
5883 1131 38
5883 9498 90
8318 6077 4
8318 9970 88
8318 8143 10
8318 9728 51
49 5425 88
49 6727 76
49 9351 44
49 7412 36
49 1826 58
5425 8698 44
5425 9605 20
5425 5881 90
5425 4528 23
1436 2602 24
1436 7437 16
1436 6365 47
1436 9826 56
2602 3530 50
2602 9715 19
2602 1469 37
1836 5919 36
1836 1413 10
1836 9517 13
1836 9708 33
5919 8486 1
5919 1762 11
5919 4738 6
5919 6468 50
3789 6705 11
3789 6839 41
3789 3577 39
3789 8758 44
6705 1691 43
6705 7104 40
6705 5867 65
2213 5677 11
2213 691 8
2213 224 6
5677 9348 74
5677 3848 6
2197 3454 31
2197 2342 3
2197 2290 63
3454 7244 21
3454 8924 44
3454 5261 39
3454 6511 10
3625 9626 15
3625 8488 95
3625 702 30
3625 5144 76
3748 9333 77
3748 608 62
3748 1754 70
3748 9892 27
3748 1025 2
9333 2414 50
9333 9986 96
9333 3739 97
9333 9301 7
635 8151 40
635 6138 1
635 8274 47
635 9287 53
635 8772 44
8151 7944 33
8151 7548 8
8151 132 3
6065 7363 71
6065 5792 4
6065 3415 65
7363 3426 14
7363 5118 12
7363 4058 75
7363 5248 93
1753 2659 100
1753 319 84
1753 8671 98
1753 6159 37
2659 9748 74
2659 9286 98
2385 9517 48
2385 1271 50
2385 7108 71
2385 5649 22
2385 154 48
9517 1787 67
8738 6461 69
8738 9580 49
8738 6666 56
1796 6678 86
1796 5841 22
1796 888 88
1796 1530 50
1796 5564 27
6678 7497 14
6678 5216 31
6678 6306 24
6678 338 92
1733 6329 58
1733 9404 28
1733 9450 92
6329 485 78
6329 8307 9
6329 3281 90
6329 3640 12
8197 8242 31
8197 1790 99
8197 153 69
8197 8785 79
8197 3126 87
8242 620 53
8242 8039 51
8242 6443 28
8242 6891 10
3612 3318 34
3612 8491 34
3612 891 15
3612 9810 69
2774 4289 27
2774 1025 61
2774 7776 88
6011 9355 79
6011 1211 68
6011 3896 72
6011 3237 17
9355 9103 97
9355 7977 39
9355 3738 25
6432 7133 27
6432 5548 51
6432 1550 68
6432 3544 90
6432 4905 71
7133 552 70
7133 8289 45
7133 4205 59
7133 5790 69
2357 4062 100
2357 4851 67
2357 2270 37
2357 6953 41
4062 3293 67
4062 8807 94
4062 7563 54
9350 4745 26
9350 1391 6
9350 2395 4
9350 6406 99
3760 1732 54
3760 74 93
3760 3124 44
6839 9610 26
6839 103 24
6839 4344 98
6839 6982 62
9626 8098 100
9626 3722 46
9626 7545 30
69 6211 13
69 8591 1
69 6396 68
6211 9607 93
6211 5315 7
4456 5582 51
4456 4781 80
4456 5839 67
4456 4404 51
4456 374 13
5582 2526 1
5582 1673 91
5582 9617 55
3503 8697 52
3503 616 25
3503 4230 60
3503 6942 15
3503 5255 61
8697 8412 36
8697 7435 60
8697 2458 73
1816 4804 83
1816 8537 7
1816 9257 47
1816 775 29
1927 3138 49
1927 8192 96
1927 9236 94
3138 6534 71
3138 7492 41
3138 8554 60
7800 7801 21
7800 3861 16
7800 9060 39
7800 4951 40
7800 2099 35
7801 2130 90
7801 9073 50
7801 7927 36
7322 1945 4
7322 3173 90
7322 6324 4
1258 3575 61
1258 7389 39
1258 1795 12
1258 7461 2
3371 4232 83
3371 6665 37
3371 1673 94
3371 7883 69
4232 7796 59
4232 6906 83
4232 4495 19
4232 2871 89
7471 9962 39
7471 6935 75
7471 5960 20
7471 1180 44
9962 9300 29
9962 1674 77
9962 1627 14
9962 4809 91
4366 7744 18
4366 3397 71
4366 8116 47
9077 9886 27
9077 7845 64
9077 3303 12
9077 2803 22
9886 573 5
9886 4361 86
9886 4637 2
4772 7107 37
4772 7994 3
4772 2205 9
4772 3280 76
4772 9691 40
7107 5831 80
7107 2260 41
7107 4328 78
7107 3898 58
6494 296 25
6494 2573 58
6494 2430 13
1482 9446 9
1482 9206 87
1482 7372 72
1482 4424 46
1482 8165 51
9446 5904 35
9446 3740 76
9446 5783 62
1334 2270 10
1334 1020 82
1334 9191 92
2717 6983 50
2717 2697 36
2717 576 75
2717 6671 47
6983 1408 79
6983 8231 16
1134 5730 54
1134 8507 59
1134 2029 56
5730 8666 53
5730 2768 66
4453 5260 81
4453 3364 28
4453 9402 50
4453 1072 99
4453 6394 12
5260 4630 51
5260 475 68
5260 3810 62
5648 8848 20
5648 4027 34
5648 998 77
5648 8518 2
8848 7592 96
8848 3567 45
8848 2847 92
2338 1930 98
2338 6964 26
2338 4730 68
2338 887 55
9594 284 68
9594 9541 19
9594 8665 52
6044 7185 19
6044 1974 42
6044 1567 49
6044 7700 68
8170 8085 74
8170 6199 12
8170 2432 19
1080 4339 96
1080 2403 57
1080 9364 97
4339 320 85
4339 1975 79
4339 2996 99
4339 315 32
1067 5043 52
1067 9988 24
1067 3556 38
1067 8216 21
1067 4053 22
5043 1722 51
5043 1783 4
5043 6071 56
5043 6059 18
9842 7365 11
9842 398 51
9842 224 27
9842 3030 82
1120 8841 32
1120 7183 32
1120 5012 2
1120 7891 30
1120 4651 84
8841 4410 27
8841 2675 1
8841 8577 82
8841 4166 49
2176 9611 59
2176 9375 61
2176 3726 70
2176 75 68
9611 3074 39
9611 4976 94
9611 9003 2
400 1547 46
400 6683 47
400 9087 37
400 5364 20
400 2278 40
1547 779 73
1547 4049 17
1547 402 61
4039 4465 24
4039 6251 65
4039 3813 40
4039 8627 79
4465 9460 8
4465 2863 85
4465 4009 10
983 386 53
983 5737 41
983 8035 41
7309 9996 87
7309 7452 96
7309 2156 57
7309 5247 53
2167 8744 6
2167 1297 3
2167 7600 4
2167 2465 21
2167 4137 29
8744 4963 78
8744 5574 70
8744 1873 14
8744 8862 3
5400 520 38
5400 542 29
5400 1648 95
5400 6829 19
5663 9664 79
5663 6798 48
5663 7742 19
5663 9787 77
5663 3796 83
9664 5460 29
9664 7027 28
9664 8352 100
7151 8778 3
7151 8889 14
7151 5758 45
7151 9078 57
8778 4025 70
2545 6071 68
2545 3416 27
2545 4247 24
2545 390 6
6071 600 97
6071 350 47
6071 6057 91
5383 4493 97
5383 4238 23
5383 8722 67
5383 3004 10
5514 8228 65
5514 382 50
5514 1137 47
5514 1929 63
5514 8097 94
8228 4570 32
8228 7750 49
8228 1770 12
8228 8082 75
2551 7579 24
2551 2757 68
2551 3249 47
2551 276 60
2551 1907 12
7579 2857 85
7579 6982 25
7579 1977 79
452 3026 99
452 8085 41
452 3568 33
452 8082 55
452 8912 26
3026 1607 22
3026 7221 88
3026 1966 28
3026 8816 14
887 8616 33
887 7071 31
887 9524 80
887 3358 93
8616 3494 14
8616 9229 74
8616 6225 57
8616 1591 83
3311 8206 67
3311 1848 64
3311 8337 64
3311 70 60
3311 9950 24
8206 2180 56
8206 8688 78
8206 3102 50
3438 4783 100
3438 4893 19
3438 1971 57
4783 8597 36
4783 3317 71
4783 4624 10
6588 6856 31
6588 1088 100
6588 4477 66
9948 7746 76
9948 8279 100
9948 7267 37
486 6178 93
486 5350 72
486 4301 37
486 7022 82
486 7762 63
6178 6222 8
6178 3225 20
6178 7777 78
6148 33 2
6148 8945 12
6148 5658 50
6148 1537 51
6834 7916 58
6834 6531 78
6834 1009 46
7916 4563 44
7916 7187 34
7916 507 42
7916 2954 43
7530 9871 16
7530 3938 42
9871 2192 45
9871 8251 32
3659 5132 57
3659 1287 63
3659 4040 64
3659 7207 39
5132 2332 28
5132 5773 46
5132 8225 17
5132 4870 63
157 8339 43
157 1725 66
157 3328 13
157 174 69
8339 4255 63
8339 8403 99
8339 5350 13
3090 4423 2
3090 9091 57
3090 2328 47
3090 4804 16
4423 3904 16
4423 3277 47
6000 8735 50
6000 6641 88
6000 2136 37
6000 8043 57
8886 9620 42
8886 1879 69
8886 1185 85
8886 6575 69
9620 3934 32
9620 9398 60
861 9623 44
861 61 71
861 4245 12
861 7828 46
9623 4118 26
9623 2754 50
9623 9309 53
7879 8712 22
7879 2324 85
7879 4529 70
7879 145 6
7879 6680 43
8712 6644 28
8712 5931 78
8712 6478 36
8712 7376 65
7344 5117 78
7344 5534 72
7344 313 99
7344 7554 78
5696 3774 10
5696 3805 26
5696 4530 25
2116 6846 25
2116 9559 89
2116 4530 43
2116 6564 35
6846 2208 30
6846 9736 32
1514 7909 38
1514 3207 46
1514 604 88
1514 9111 9
1514 6753 67
7909 3386 53
7909 4938 11
7909 6890 35
1688 9782 79
1688 3104 37
1688 697 39
1688 38 31
1688 7646 44
9782 2076 5
9782 8580 35
3437 5820 100
3437 1807 69
3437 6029 46
3437 8791 97
5820 4769 62
5820 367 86
5820 3604 16
5820 758 15
2483 2660 94
2483 4894 78
2483 5553 33
2483 2570 38
5881 6843 57
5881 2628 74
5881 1453 98
5881 4875 42
6843 1873 25
6843 6737 65
6843 8623 64
6843 2762 12
495 7179 100
495 4500 85
495 4705 81
495 5674 43
7179 5684 98
7179 2721 29
7179 7791 74
7179 1095 25
7618 1138 35
7618 30 18
1568 2668 11
1568 418 35
1568 578 84
1568 9473 77
1568 9417 68
2668 8868 66
2668 3733 57
2668 9482 34
2668 2961 5
8331 9344 34
8331 3875 52
8331 9415 88
8331 1731 85
9344 1589 76
9344 5669 78
4358 9024 13
4358 7227 55
4358 4727 70
4358 1819 25
4358 8899 93
9024 6790 43
9024 7984 34
9024 5583 33
616 2221 14
616 1149 66
616 4728 37
616 9787 50
2221 2248 13
2221 8949 13
2221 1670 30
8112 8482 80
8112 6276 19
8112 9430 19
8112 5661 27
8112 2212 30
8482 1659 4
8482 7982 33
3408 5240 22
3408 4313 50
3408 526 50
3408 4113 15
3408 5711 68
5240 826 30
5240 1319 20
5240 7863 72
5240 2907 33
2134 2766 73
2134 7113 45
2134 8098 87
2134 5282 50
5126 7849 61
5126 7028 9
5126 3801 98
5126 4574 75
7849 1224 13
351 7221 74
351 5075 93
351 3455 92
351 2943 48
7845 2595 71
7845 4168 37
7845 6630 77
9860 4337 62
9860 9726 11
9860 2257 23
4477 6622 50
4477 8949 58
4477 2578 28
4477 755 65
6622 1564 79
6622 7637 83
6622 2320 43
6622 2641 42
6368 9913 80
6368 3722 68
6368 6199 55
6368 5460 69
6368 1615 53
9913 5680 54
9913 9340 17
9913 5697 26
9913 7245 86
898 2442 63
898 3228 45
898 2826 35
898 8166 29
898 838 32
2442 6100 87
2442 8430 42
2442 6341 37
2442 5890 94
1783 5050 20
1783 3042 29
1783 9241 96
1783 5456 22
5050 5810 99
5050 1847 67
5050 6788 41
6630 7065 58
6630 1792 42
6630 4796 73
6630 7349 41
7065 1100 27
7065 4637 56
7065 5937 42
7065 1184 98
4974 7900 9
4974 9364 56
4974 8475 99
932 9758 91
932 4875 40
932 5650 88
932 7570 43
932 6960 22
9758 5181 53
9758 4744 64
9758 2598 49
3191 5898 94
3191 8968 50
3191 1484 94
3191 7944 59
5898 7235 59
5898 4070 90
5898 7457 52
6546 9811 20
6546 4848 80
6546 678 77
6546 709 87
9811 5065 4
9811 7006 69
8084 9601 8
8084 8598 99
8084 852 88
8084 1860 70
8084 2454 45
9601 9213 82
9601 5619 99
9601 9900 46
9601 1950 89
6053 7434 27
6053 379 70
6053 4194 22
6053 807 82
6053 2691 83
7434 1545 3
7434 1692 53
7434 2976 80
7434 7333 13
1280 1581 45
1280 6558 75
1280 2082 75
1280 7364 25
1280 4544 85
1581 4878 64
1581 827 10
1581 831 44
1125 4676 87
1125 7010 34
1125 1284 43
1125 2524 77
1125 6452 37
4676 8965 63
4676 4761 93
4676 7347 9
4676 189 99
3323 6956 44
3323 7453 99
3323 6625 43
3323 5422 68
6956 4608 35
6956 2567 97
6956 1387 69
498 7961 75
498 5546 8
498 4152 47
498 2172 73
498 1349 48
7961 2330 13
7961 332 8
7961 5917 57
7961 2188 70
9584 1114 96
9584 5938 24
9584 4428 56
6957 8749 13
6957 8001 43
6957 6693 25
6957 7297 64
8749 6792 77
8749 7935 100
8749 1405 68
8749 8791 71
8927 1259 71
8927 5818 93
969 6765 21
969 9242 58
969 2147 62
969 4266 91
969 2762 41
6765 7330 98
3579 5606 86
3579 2806 49
3579 2620 77
3579 919 97
5606 6073 13
5606 3228 67
5606 910 23
5606 8524 99
3811 6895 76
3811 6684 55
3811 9084 18
3811 612 23
6895 3057 14
6895 7324 18
6895 7439 26
6895 6175 56
571 1242 35
571 176 3
571 670 44
571 2325 91
1242 2184 19
1242 4392 62
1242 2795 59
1242 8252 69
1605 3973 85
1605 7271 4
1605 1747 20
1605 6830 43
1605 5623 44
3973 4123 10
3973 6498 90
3973 2810 49
3973 3298 84
2028 4076 63
2028 293 93
2028 2332 1
2028 2188 100
4076 2568 87
4076 27 98
4076 2466 93
2855 8958 55
2855 7657 77
2855 9910 41
2855 7455 99
8958 4162 51
8958 9953 93
8958 6394 95
6974 9103 90
6974 9591 35
6974 6929 27
6974 2715 6
9103 1378 24
9103 7487 96
9103 8041 48
7005 8416 99
7005 489 75
7005 6210 34
7005 3888 47
7005 2404 73
8416 6177 7
8416 8937 81
264 1499 73
264 1027 23
1499 7117 43
1499 594 48
1499 9387 59
1499 9469 73
3500 6252 26
3500 6115 90
3500 377 61
3500 5368 30
6252 8730 94
6252 9882 93
6252 3277 27
6252 7265 13
9818 1911 90
9818 1254 81
9818 3590 31
9818 7083 63
6138 9950 20
6138 2157 33
6138 7407 57
6138 2751 16
1208 7720 75
1208 8562 43
1208 698 93
1208 2376 44
7720 9504 26
7720 1623 12
7720 6617 75
7720 3340 95
2639 8391 4
2639 8440 86
2639 5972 45
96 7550 23
96 2374 73
96 5814 41
96 778 13
96 3366 88
7550 532 76
7550 8022 76
7550 3079 93
7550 1405 24
1803 4897 48
1803 7196 92
1803 7893 14
4897 1387 14
4897 5681 13
4897 2446 26
4897 8362 99
6541 1294 77
6541 3682 69
6541 8799 73
2986 2998 42
2986 602 50
2986 6195 21
2986 2030 79
2998 8313 16
2998 1557 28
2998 6452 19
4964 7224 32
4964 9068 95
4964 1180 56
7224 6221 4
7224 328 39
3020 3548 71
3020 2004 19
3020 8027 92
3020 4560 77
3548 1624 22
3548 9152 97
3548 2027 75
3548 4461 25
8852 9656 55
8852 4529 28
8852 1237 81
8852 9239 96
4518 5602 64
4518 4332 55
4518 3014 76
4518 4266 74
4518 1500 2
5602 2461 84
5602 9418 6
5602 7272 36
5602 2861 24
4924 3130 45
449 5574 98
449 2192 75
449 3441 66
449 4836 78
449 2771 38
5574 576 54
5574 9275 18
1930 8994 78
1930 6860 6
1930 197 51
1930 6789 81
8994 1326 64
8994 1091 61
8994 6458 93
8994 8564 31
2711 9559 81
2711 7709 22
2711 9181 16
2711 8096 49
2711 2064 65
9559 7526 3
9559 313 2
7332 3994 100
7332 9647 5
7332 355 27
293 1394 29
293 6955 34
293 7541 72
938 3519 43
938 9854 56
938 6549 77
3448 9071 94
3448 7564 98
3448 4653 41
3448 2529 55
3448 8692 67
9071 102 89
9071 1386 96
3685 4288 29
3685 5224 15
3685 9621 25
4288 8454 21
4288 9117 72
4288 8227 2
4288 4540 2
586 6222 39
586 4189 40
586 2596 35
586 8293 36
6222 653 66
6222 1123 56
612 1027 20
612 93 60
1027 6950 73
9174 1671 26
9174 3976 98
9174 8724 90
9174 2129 35
1596 5334 85
1596 9976 88
1596 5719 4
1596 8164 28
5334 527 84
5334 3840 44
5334 6237 35
3409 5818 67
3409 508 67
3409 9016 93
3932 5104 41
3932 1411 38
3932 16 5
3932 6467 75
5104 6542 24
5104 9512 61
5104 8537 87
7858 8052 8
7858 8863 88
8052 6023 1
8052 1176 47
8052 2582 30
8052 3679 69
941 9771 32
941 6175 48
5079 6958 24
5079 2527 36
5079 3618 51
5079 7140 5
5079 4805 37
6958 3885 40
6958 1639 24
3194 8884 42
3194 2823 39
3194 119 19
3194 5922 69
5044 6937 73
5044 7381 48
5044 2878 13
5044 8037 67
5044 4191 45
6937 6714 83
6937 3228 70
3377 6684 97
3377 2459 5
3377 7141 88
3377 1526 26
1539 9122 53
1539 7583 49
1539 235 49
1539 4965 42
1539 9427 54
9122 2599 99
9122 9891 38
9122 7291 2
9122 7793 100
1551 1777 86
1551 4900 18
1551 6422 82
1551 4800 16
1551 8602 76
1777 8072 8
1777 1072 6
1777 4781 37
2049 5437 17
2049 5366 36
2049 7200 99
2049 5164 52
2049 6209 56
5437 6598 76
5437 6078 45
5437 8104 83
9003 4025 93
9003 4194 76
6265 6646 19
6265 1432 15
6265 4221 52
6646 5133 2
6646 3908 57
6646 204 46
828 8737 15
828 8219 27
828 16 68
8737 964 47
8737 1613 28
8737 7949 66
843 3353 39
843 514 44
843 6981 31
843 2636 26
3353 4285 16
3353 4347 57
3353 3240 68
1071 7152 39
1071 6859 70
1071 923 71
1071 2210 94
1071 8111 88
7152 3447 42
7152 8460 28
7152 6382 18
6023 4301 75
6023 7440 77
6023 7855 29
6023 7795 56
74 5242 54
74 4744 50
74 9831 36
5242 8728 48
5242 2064 100
5242 5311 14
5242 9398 52
3486 5525 83
3486 5011 52
3486 2594 71
3486 6907 49
3486 3382 88
5525 5984 22
5525 5440 7
2373 7604 16
2373 6409 73
2373 8029 17
2373 1008 97
2373 3768 24
7604 5447 21
7604 7793 98
335 5956 43
335 4346 54
335 1236 67
335 7186 69
335 8826 20
5956 7896 33
5956 2460 59
5956 9931 57
5956 6870 91
3872 3705 44
3872 6421 4
3872 169 6
9908 6507 78
9908 9704 44
9908 5765 14
6681 7621 61
6681 194 25
6681 5190 97
7621 3233 78
7621 5145 18
7621 6337 35
7621 5654 91
5214 5468 48
5214 6351 60
5214 4626 15
5214 8670 2
8001 5903 5
8001 8061 53
8001 7492 16
4826 9063 72
4826 1512 59
4826 4170 15
4826 3938 99
4826 5338 33
9063 7213 63
9063 7122 17
9063 7966 33
3024 8446 95
3024 3186 79
3024 3658 72
3024 2187 27
3024 6335 39
8446 4124 61
8446 6114 55
8446 6152 29
8446 346 19
1966 2877 72
1966 1198 45
1966 1377 9
1966 7958 83
2877 1152 11
2877 5016 48
2877 8619 14
7185 1142 90
7185 3094 16
7185 41 47
1882 2240 9
1882 3635 24
1882 9991 79
1882 8728 8
1882 4882 42
2240 5519 90
2240 4255 1
2240 3885 100
7276 6712 89
7276 4785 94
7276 4913 44
7276 2493 46
5546 1010 79
5546 7775 6
5546 3837 58
4330 5634 65
4330 9546 58
4330 2291 43
5634 2121 71
5634 2592 53
5634 1951 87
5634 1658 52
3998 1263 65
3998 2252 25
4540 4512 46
4540 2892 50
3601 4670 76
3601 2770 63
3601 9307 18
3601 5571 25
4670 7985 64
4670 1285 57
4670 8093 65
3332 998 81
3332 3074 30
3332 124 63
9140 5245 38
9140 8203 92
9140 6296 97
9140 9960 38
4319 8594 22
4319 8708 59
4319 8530 94
741 6593 49
741 2862 80
741 1712 71
741 9650 41
6593 5156 93
6593 405 77
6593 9903 27
1608 2014 13
1608 5479 21
1608 2723 38
1608 5813 65
1608 8060 66
2014 5915 33
2014 671 47
2014 2606 88
2014 8592 59
322 3925 22
322 9346 81
322 8177 28
9841 9153 72
9841 5588 77
9841 7950 46
9841 5330 34
6127 1828 55
6127 1372 22
6127 2080 46
2135 2847 39
2135 8008 18
2135 4480 85
2135 2721 27
2847 9411 36
2847 4152 37
2847 4327 12
7021 7823 36
7021 3699 20
7021 2768 51
7021 9197 64
7021 5377 72
7823 9848 51
7823 8158 3
7823 1824 1
164 3175 76
164 3367 31
164 8403 65
164 8647 39
3175 2911 65
3175 7391 39
3175 5653 31
1121 5736 16
1121 6177 97
1121 2587 42
1129 9684 7
1129 959 19
1129 9099 59
9684 3917 29
9684 9271 50
9684 4226 33
9684 1759 97
2054 8493 3
2054 6615 11
2054 1400 41
2054 8484 58
8493 2378 25
8493 960 60
8493 7851 97
8493 3101 70
5686 762 55
5686 1808 12
5686 1498 23
5686 7439 11
6491 4669 37
6491 3148 56
6491 5408 58
6491 8121 85
604 7769 70
604 5318 61
604 85 25
604 1064 56
7769 5081 13
7769 4110 20
7769 5046 69
7769 8785 9
7235 6552 47
7227 6945 85
7227 6146 42
7227 3959 52
9306 3684 91
9306 8872 69
9306 3806 35
9306 5751 67
619 4105 32
619 9212 40
619 3342 89
619 2302 53
4105 9788 34
5326 3842 69
5326 9235 47
5326 6979 51
4346 3756 97
4346 7150 63
4346 3735 76
9206 3161 79
9206 9522 56
9206 1905 25
1081 1692 39
1081 8215 20
1081 8497 60
1081 8042 25
1692 8231 52
1692 9097 76
1692 8061 70
585 4494 36
585 260 74
585 1947 50
585 227 87
585 9356 57
4494 4712 69
4494 5690 95
6379 4668 39
6379 3683 83
6379 4277 68
6379 1637 90
4230 8920 7
4230 6735 10
4230 6370 85
4230 1485 82
8920 2467 34
8920 8200 48
3440 3516 1
3440 620 2
3440 8563 43
3440 6613 61
3516 3564 77
3516 4032 85
3516 2567 29
3516 2827 89
8547 7198 98
8547 4220 74
8547 4947 2
3498 7658 53
3498 2620 75
3498 1563 92
3498 9828 30
3498 4096 24
7658 3219 31
7658 6733 16
7658 5813 21
4921 9964 66
4921 7103 89
4921 2072 16
6556 8352 71
6556 2809 72
6556 5938 94
6556 7398 39
6556 7498 27
8352 8408 70
8352 6776 78
8352 8316 91
4808 8752 17
4808 1352 43
4808 3343 79
4808 4599 39
8752 6283 37
8752 3674 99
8752 9149 48
8752 1320 15
2346 5645 40
2346 7953 28
2346 7148 54
2346 8681 9
2346 2298 2
5645 965 35
5645 689 57
5645 8275 54
5645 9816 27
5507 7972 45
5507 3256 93
5507 1466 50
5507 8259 49
5507 9613 94
7972 1005 93
7972 8349 28
7972 3172 51
7972 5554 64
3762 2683 53
3762 5295 17
3762 8054 60
3762 9966 56
9676 4514 56
9676 3436 80
9676 2853 18
9676 5175 43
163 6090 94
163 7787 59
163 2526 26
163 7475 60
163 9708 74
6090 2341 13
3898 9470 63
3898 9641 50
3898 8858 82
9470 3419 93
8968 1960 58
8968 5196 19
4997 9563 4
4997 9653 95
4997 1887 32
4997 278 75
4997 9343 28
9563 7382 42
9563 596 88
9563 4831 32
9563 1601 89
3297 2045 17
3297 479 92
3297 1475 13
4976 6242 77
4976 4402 56
4976 8967 6
4976 7049 86
6242 1824 9
6242 3671 45
6242 8839 12
9653 1264 96
9653 7687 97
9653 2230 9
4899 5241 44
4899 3306 26
4899 811 83
4899 1182 61
5241 9293 17
5241 9019 33
7949 8518 68
7949 1177 6
7949 2826 2
7949 6543 73
8518 9296 61
8518 7657 53
8518 2178 83
3888 7597 83
3888 8874 23
3888 8940 37
3888 2440 66
7597 2219 35
7597 3619 26
7597 2569 40
7597 2594 22
3023 6961 50
3023 4937 12
3023 8452 52
3023 8143 59
608 9715 92
608 7497 18
9715 3837 34
9715 8106 21
5669 8276 79
5669 5103 46
8276 8297 20
8276 1921 23
8276 4996 14
2006 8936 94
2006 3651 94
2006 4015 49
8936 9590 53
8936 8022 21
8936 1946 9
8936 4602 23
2163 5887 29
2163 3481 85
2163 4799 6
5887 9314 46
5887 8013 32
5887 2441 23
5887 5503 48
4587 6258 52
4587 870 9
4587 7387 66
4587 4079 29
6258 1853 38
6258 9385 10
6258 3405 12
6258 956 46
5506 7696 44
5506 5907 32
5506 23 41
5506 5258 50
5506 5224 2
7696 4382 15
7696 4868 42
7696 3449 98
4683 6905 3
4683 4238 59
4683 1397 84
6905 9007 11
6905 3244 91
6905 314 85
2358 5015 47
2358 4044 93
2358 6653 58
5015 3169 27
5015 2524 58
5015 3105 53
145 9028 51
145 3963 58
145 1597 29
145 5083 75
9028 9566 75
9028 375 63
9028 5344 62
9028 9125 100
4893 3343 3
4893 204 1
4893 4254 8
4893 679 32
1600 4619 59
1600 3913 18
1600 9542 70
1600 1862 97
4619 6229 23
4619 5319 9
4619 155 26
1925 2689 56
1925 2492 93
1925 6306 59
1925 5363 4
1925 1604 84
2689 2404 40
2689 6884 58
2689 7785 31
2689 9696 20
4060 4647 60
4060 6409 2
4060 7341 28
4060 9647 55
4060 7704 50
4647 4532 64
4647 2787 36
4647 7575 19
2172 2566 51
2172 3604 87
2172 9449 76
2566 4013 98
2566 3449 66
2566 5421 48
2330 7528 81
2330 476 81
2330 118 77
5349 7116 15
5349 6718 99
5349 7159 90
5349 8155 32
7116 9837 20
7116 9469 40
7116 3853 93
4241 6910 45
4241 8661 26
4241 5405 15
6910 3967 14
6910 7873 30
6910 673 29
4179 7470 69
4179 3204 79
4179 2550 53
4179 8579 34
3531 5781 64
3531 6648 15
3531 7759 2
3531 9784 39
1130 9773 78
1130 3968 66
1130 4668 3
1130 6051 4
9773 4837 31
9773 5922 91
6699 7609 4
6699 7293 53
6699 3554 52
6699 799 22
6699 8019 5
7609 7854 5
7609 1536 33
7609 32 64
997 3767 8
997 4817 94
997 2390 43
997 8034 58
997 6042 11
3767 436 10
3767 9829 29
3767 2109 4
6823 3704 59
6823 340 49
6823 2470 33
6823 5258 19
6548 9133 82
6548 5224 23
6548 5160 29
6548 2776 45
6548 4678 39
9133 8019 31
9133 7318 23
9133 7865 59
1165 6734 19
1165 710 63
1165 506 60
1165 8366 34
6734 9316 19
6734 1191 77
6734 261 44
3035 3153 20
3035 5086 44
3035 5595 21
3599 7039 44
3599 7902 62
3599 9964 32
3599 4459 14
3599 3911 32
7039 4581 24
7039 9105 83
7039 6652 13
7890 8422 26
7890 9329 11
7890 7588 69
7890 3986 8
8422 6505 5
8422 8515 100
8422 5785 56
6116 9853 90
6116 678 26
6116 1108 66
6116 1709 65
6116 2045 50
9853 7410 64
9853 27 68
9853 2765 93
8334 5490 79
8334 3491 66
8334 7291 11
2309 8290 11
2309 2905 69
2309 5577 71
8290 2874 52
8290 8047 63
8290 9752 64
8290 2079 17
2858 3257 99
2858 3379 33
2858 3676 36
2858 2578 100
3838 6274 15
3838 6113 58
3838 5895 80
3838 5257 37
6274 6868 97
6274 9007 62
6274 2570 81
6274 554 24
5941 3978 77
5941 8895 49
5941 3354 96
5941 2692 41
5370 9632 50
5370 5977 5
5370 46 55
9632 2801 66
9632 9734 35
9632 6177 67
563 3259 91
563 4292 67
3259 1400 56
3259 657 35
3259 2056 70
3259 2897 81
2185 407 81
2185 1878 12
2185 1124 92
930 1740 49
930 7959 54
930 1588 34
1740 1132 79
1740 2522 66
1740 8678 66
7326 8622 3
7326 7517 76
7326 8027 22
7326 3455 96
7326 2139 97
8622 9111 8
8622 6386 89
8622 1473 55
3665 9062 27
3665 2561 8
3665 4712 15
3665 9606 87
1690 8029 51
1690 2156 16
1690 4401 87
1690 5320 53
1690 1664 57
8029 2117 71
8029 730 9
8029 4951 93
4923 6095 11
4923 6755 83
4923 2387 36
6095 1217 36
6095 955 58
6095 4726 8
6095 8798 30
521 140 35
521 2491 61
521 7830 72
4717 7158 61
4717 2234 47
4717 5989 16
4717 9685 48
7158 16 20
7158 4391 15
7158 2727 98
36 5031 21
36 8906 79
36 132 21
36 8114 92
36 8266 76
5031 3698 99
5031 7248 81
5031 2789 13
1161 6793 12
1161 5818 99
1161 7709 67
1438 8158 7
1438 5382 37
1438 7749 94
1438 1948 61
1438 7177 34
8158 4925 73
8158 2220 2
982 7915 64
982 6111 58
982 398 56
7915 2997 66
7915 875 97
7915 8099 36
7915 3115 17
3965 9216 18
3965 3223 21
3965 6717 94
3965 5718 25
9216 5667 14
9216 8503 4
9216 1189 83
7626 4313 32
7626 4413 49
7626 9201 70
2270 4524 56
4524 1849 97
4524 3000 91
4524 3616 53
5611 8539 81
5611 2529 53
5611 3341 49
8539 2029 40
8539 6893 27
8539 878 35
826 4369 18
826 7622 44
826 6378 45
4369 4821 70
4369 1737 84
3558 4139 37
3558 742 24
3558 3304 98
3558 7635 54
4139 7062 72
4139 6319 20
4139 2763 35
4851 8262 55
4851 7701 94
4851 4834 36
4851 2880 17
8262 5938 94
8262 8523 66
8262 8166 58
5088 5476 75
5088 1344 29
5088 9583 35
5088 3534 50
3416 2773 29
3416 62 24
3416 7937 80
6405 8179 19
6405 392 86
6405 3294 82
6405 3261 55
940 5638 91
940 9289 27
940 8277 72
940 114 45
2360 320 71
2360 3723 60
2360 9384 37
1582 8445 84
1582 3351 69
1582 2579 82
1582 5206 98
1582 4463 29
8445 2508 22
8445 1823 70
5949 6166 60
5949 4901 83
5949 4171 49
5949 4148 4
21 4507 83
21 3113 56
21 5639 73
21 1651 100
21 4868 48
4507 9318 56
4507 409 94
5142 8037 63
5142 131 45
5142 9639 43
5142 7981 94
8037 561 71
8037 817 54
8037 8004 94
5481 7503 18
5481 2641 50
5481 4568 79
5481 1885 75
5481 1977 12
7503 2595 60
7503 4152 82
7503 6840 18
2064 4432 45
2064 2638 37
4432 5859 58
4432 2274 4
4432 6382 73
1033 3225 2
1033 3457 94
1033 7015 9
1033 9481 28
5632 5859 81
5632 241 14
5632 9322 36
3009 1352 39
3009 445 40
3009 6863 56
1641 5992 96
1641 9787 21
1641 4161 23
1641 6991 98
1641 8963 13
5992 5315 98
5992 241 64
5447 5640 96
5447 5466 50
5447 9005 1
5640 4649 17
5640 2791 73
7267 8526 32
7267 3983 24
7267 174 70
7267 1354 52
8526 6513 89
8526 2355 57
8526 253 47
8526 5703 10
8224 3972 43
8224 9123 25
8224 3501 39
2960 9643 79
2960 2561 39
2960 6972 78
3778 2958 13
3778 7303 39
758 2117 15
758 4078 98
758 1691 64
2117 394 33
2117 2943 68
957 7091 89
957 4737 53
957 4351 11
957 6112 39
6819 6831 3
6819 5022 69
6819 9707 45
6819 3793 94
6819 4054 26
6831 6536 53
6831 2171 35
6831 6635 41
6831 289 4
3649 2724 1
3649 1545 72
3649 6578 99
5099 9625 31
5099 1681 84
5099 6906 40
5099 8878 88
1556 4016 11
1556 7181 37
1556 8243 52
1556 5511 58
1764 3739 10
1764 4053 82
1764 9356 23
1764 6576 84
1764 3677 27
3739 4960 70
3739 3698 85
3739 1207 97
7395 6645 86
7395 1994 8
7395 3349 51
2601 2893 68
2601 2829 36
2601 7627 16
2601 5306 11
2601 1716 96
2893 7925 17
2893 2961 51
2893 636 48
8002 3882 81
8002 7863 4
8002 5486 33
8002 2315 37
1199 9565 60
1199 5926 43
1199 4556 94
1199 1784 61
1199 8759 75
9565 7375 33
9565 8669 92
9565 262 8
9565 8257 8
6782 7299 69
6782 3139 100
6782 17 2
6782 3055 52
6782 3660 89
7299 8166 24
7299 9224 80
7299 9449 83
8754 7012 64
8754 5923 26
8754 5597 59
8967 9374 90
8967 44 99
8967 2114 100
8967 2911 88
9374 114 66
9374 7653 73
9374 9502 8
980 6259 66
980 8419 83
980 1065 85
980 6969 67
980 956 61
6259 3847 85
6259 453 34
6259 5547 65
880 4335 54
880 8085 41
880 6817 92
880 8404 92
4335 7296 72
4335 968 49
4335 9529 15
4335 8912 97
815 1496 44
815 9608 97
815 762 92
815 282 35
815 9432 31
1496 1163 22
1496 650 50
1496 4753 37
3261 6322 32
3261 8960 75
6322 2379 71
6322 5819 58
6322 6209 14
5119 9500 94
5119 6850 48
5119 9295 13
5119 7612 13
5119 513 32
9500 5140 40
9500 994 47
9500 7273 56
1915 9920 34
1915 443 3
1915 7778 10
1915 2697 18
9920 849 14
9920 9273 99
1949 9504 98
1949 9642 23
1949 4349 24
1949 9018 98
1949 5954 17
9504 9463 39
9504 2386 9
3016 1286 9
3016 9639 90
7032 2189 20
7032 7746 82
7032 4579 60
2043 4443 8
2043 7570 19
2043 9876 69
2043 7368 83
2043 2107 9
4443 1904 20
4443 688 59
4443 1412 69
4443 5856 74
5781 7340 38
7340 3279 5
7340 3370 77
7340 4579 13
4960 5656 100
4960 7242 26
4960 8700 2
4960 9977 28
5656 1541 3
5656 423 55
5656 3189 96
5656 1885 32
3334 7739 30
3334 2109 91
3334 6334 50
3334 7746 93
3334 4266 97
7739 1671 45
7739 7369 41
7739 2491 53
7739 3119 38
3356 8437 51
3356 9337 90
3356 3423 34
8437 8588 71
8437 609 70
8437 1065 54
6250 7037 22
6250 2102 18
6250 9742 97
6250 3810 17
7037 99 76
7037 4704 41
7037 2193 1
706 2061 26
706 8652 26
706 8316 32
2061 9404 11
2061 2667 67
2061 9319 82
2061 2547 97
4801 8925 13
4801 2770 53
4801 5230 9
2375 3088 68
2375 6475 41
2375 2508 66
2375 2336 38
2375 7735 29
3088 2738 39
3088 5245 82
3088 6689 14
3088 3084 72
8282 2023 60
8282 7923 86
8282 8679 100
8282 840 36
5081 8053 6
5081 4746 75
5081 6713 24
8053 8465 82
8053 218 87
8053 7413 61
4033 9671 88
4033 6713 6
4033 4961 25
4033 3537 20
7359 9538 96
7359 2944 20
7359 2597 88
9538 648 72
9538 9425 13
9538 2165 29
7271 9691 60
7271 8102 85
7271 8639 68
7271 6787 18
9691 7200 59
9691 6856 36
9691 5998 53
5559 9748 53
5559 2913 7
5559 5835 99
5559 5186 63
9748 6631 38
3714 7364 30
377 9325 46
377 6183 36
377 849 83
377 2533 52
9325 5371 52
9325 2727 62
3063 4778 33
3063 9938 68
3063 886 49
3063 636 11
3063 7611 67
4778 7959 84
4778 3094 34
4778 3655 37
4778 1468 75
1356 7431 68
1356 6468 3
1356 1947 68
1356 2384 34
1356 2108 68
7431 2083 22
7431 4574 26
7431 7415 87
7431 5315 7
3732 9074 7
3732 7753 52
3732 8351 48
9074 1131 2
9074 6869 75
9074 662 75
8208 7544 90
8208 7222 20
8208 7725 20
867 2544 33
867 7790 64
867 2476 33
867 6392 55
867 7702 22
2544 4620 40
2544 2901 55
2544 6306 4
2544 2944 87
7778 6577 29
7778 8577 16
7778 4805 79
3674 7311 6
3674 1 69
734 2954 57
734 9326 52
734 3461 3
734 5271 33
2954 7222 52
2954 1787 70
2954 9943 3
6549 8393 81
6549 6303 26
6549 1677 42
8393 1583 37
8393 7229 17
8393 1471 3
8412 3230 24
8412 9978 13
8412 7172 42
8412 2523 16
65 8457 12
65 8597 67
65 7703 18
65 1731 59
8457 2577 23
8457 6709 7
7709 4662 87
7709 4714 82
7709 87 69
4350 8305 77
4350 3036 44
4350 3525 21
4350 3904 13
8305 5914 79
8305 9291 89
8305 3547 14
8305 9334 98
4673 4794 37
4673 1190 30
4794 3047 26
4794 2488 47
4794 4497 27
2033 4798 20
2033 727 67
2033 708 10
2033 3358 62
4798 7150 4
4798 6809 52
4798 2663 63
1278 9591 55
1278 8953 77
1278 1197 88
1278 7126 27
9591 6684 49
9591 2298 29
9591 2936 9
1491 3802 49
1491 5975 99
1491 9184 69
8173 7888 8
8173 3912 13
8173 6576 12
8173 4412 50
245 1046 66
245 9301 38
245 4042 66
245 3432 76
1046 368 9
1046 6309 17
4162 6160 98
4162 2623 44
4162 3022 35
6160 4301 78
6160 3369 80
1324 4459 53
1324 4463 42
1324 2305 14
1324 5131 45
1324 549 33
4459 5033 19
4459 8024 73
783 7518 62
783 8653 29
783 7015 72
783 8312 52
783 5943 43
7518 1766 96
7518 505 88
7518 9704 59
7518 9151 82
6055 1157 26
6055 870 53
6055 4913 95
6055 7608 29
6210 6402 27
6210 7504 80
6210 2617 84
6210 7381 15
6402 3635 19
6402 7331 36
6402 2611 31
6402 2952 31
1142 7047 94
1142 9312 36
1142 9142 85
1142 699 43
7047 590 13
7047 8990 99
7047 6009 8
7047 5017 71
3884 9198 39
3884 4925 62
3884 3917 9
3884 2313 62
9198 8070 43
9198 8510 66
1379 8851 40
1379 8770 16
1379 3754 6
1379 7633 99
5847 2985 2
5847 8924 6
5847 6800 55
4424 8388 3
4424 5689 20
4424 4109 57
4424 3496 40
8388 5577 10
8388 7312 58
8388 2654 47
5864 7835 53
5864 9612 35
5864 3495 28
5864 4609 85
7835 4454 76
7835 4754 65
7835 4762 84
7835 9625 14
7438 9534 90
7438 4066 27
7438 2836 100
7438 464 75
9534 9931 45
9534 7228 3
9534 8143 5
9534 1480 19
8475 6822 27
8475 9543 12
8475 1695 33
1957 8320 18
1957 364 39
1957 4784 52
8320 5049 38
8320 3074 93
8320 6784 62
921 9680 5
921 3660 53
921 2400 85
921 3056 1
9680 1896 39
9680 6185 35
9680 8770 90
9680 6718 62
565 4383 100
565 5860 16
565 1916 45
565 2320 38
565 552 50
4383 7423 68
4383 5451 75
4383 9595 38
3875 3970 99
3875 2384 5
9671 6519 61
9671 5062 24
1094 3192 16
1094 2754 93
1094 4154 32
3192 6759 84
3192 7923 85
3192 6667 86
3192 1244 54
939 5533 19
939 5903 93
939 1330 84
939 5178 44
5533 1253 57
5533 4629 53
2381 2619 48
2381 2095 56
805 3089 7
805 5066 9
805 2193 62
805 9907 64
3089 7963 85
3089 1995 58
3089 1286 13
3140 8963 96
3140 4743 61
3140 3858 59
3140 9205 14
2243 4072 22
2243 9746 96
2243 6091 96
990 8504 71
990 3585 6
990 4981 93
990 1277 56
8504 3565 40
8504 4081 13
4474 8101 78
4474 2622 62
4474 4855 72
4474 2037 100
4474 2580 2
8101 1987 58
8101 6969 64
8101 1220 98
8101 9608 37
1960 3169 89
9210 9346 33
9210 5077 62
9210 1919 31
9210 7231 90
9346 3236 3
4406 9709 29
4406 6339 38
4406 7978 30
4406 8820 61
5312 8419 40
5312 787 81
5312 9482 2
5312 9451 93
5312 131 38
8419 9660 83
8419 4295 24
8419 1922 43
4656 7408 87
4656 9996 94
4656 5625 28
5652 8487 52
5652 2393 76
5652 2700 87
5652 1072 100
8487 3504 64
8487 7260 8
8487 6335 21
8487 1604 100
4925 8687 9
4925 4298 75
4925 8645 85
9039 4705 45
9039 1872 69
9039 4736 54
9039 677 50
8039 2443 46
8039 8908 75
8039 5621 74
5871 4412 74
5871 2584 73
5871 4537 4
4864 7855 76
4864 419 89
4864 7007 22
7855 8775 45
7855 4038 98
1132 8637 7
1132 7832 68
1132 6670 70
4019 9749 56
4019 2925 89
4019 8108 67
4019 8661 55
9749 4341 61
9749 3867 28
9749 7042 57
2949 6326 21
2949 1195 3
2949 1017 98
2949 8349 69
3847 7207 23
3847 7948 59
3847 8327 87
3847 8214 16
2764 5329 8
2764 2679 9
2764 1705 4
5329 7029 6
5329 5454 98
5329 5414 36
4068 7167 56
4068 2824 87
4068 6551 99
4068 4787 95
7167 2737 55
7167 3874 1
7635 8519 95
7635 8858 25
7635 6774 50
7635 5897 90
8519 9834 100
8519 5752 12
8519 8875 26
8519 5304 5
140 9494 51
140 1503 61
3706 8471 16
3706 1762 70
3706 9359 21
3706 768 65
3706 8653 14
8471 1892 49
8471 5438 49
8471 2426 10
8471 4119 29
1440 6996 82
1440 1502 16
1440 291 34
1440 780 57
6996 6868 79
6996 5766 33
6996 8680 63
6996 877 99
1397 6360 89
1397 7641 79
1397 4972 20
6360 5727 15
6360 1870 69
2811 4394 66
2811 47 37
2811 6524 74
2811 1704 9
4394 8649 26
4394 1359 55
4394 4763 94
2272 5806 49
2272 6359 68
2272 5177 59
2272 3113 92
2272 7875 50
5806 6755 3
5806 9817 36
5806 6296 69
5806 2129 1
603 7253 29
603 7759 63
603 9902 18
603 448 75
7253 6800 38
7253 5143 2
7253 578 72
7253 583 18
6903 9509 86
6903 1921 75
6903 7139 97
6903 5856 3
6903 9959 83
9509 1386 33
9509 9236 78
129 200 31
129 615 23
129 556 58
129 2276 84
129 5103 13
200 6247 22
200 6524 55
200 958 59
200 8802 12
3945 7706 17
3945 5385 14
3945 2903 100
3945 2382 54
7706 6632 53
7706 1833 55
581 5959 41
581 4898 1
581 3643 8
5959 7865 27
5959 1598 52
5959 1024 46
4009 1903 46
4009 8527 37
3710 9529 83
3710 6027 62
3710 1782 54
9529 6334 98
9529 6096 43
9529 8359 25
228 884 99
228 4511 35
228 3967 53
228 5375 10
1666 6935 13
1666 8566 39
1666 1684 66
1666 3575 93
1666 5584 85
6935 587 77
6935 7422 97
6935 611 51
83 5682 36
83 6089 33
83 3174 96
83 1569 16
5682 7727 73
5682 6749 36
5682 9990 6
5682 1177 67
7029 9081 7
7029 8386 10
7029 6859 53
7029 2967 69
3851 9010 24
3851 3934 34
3851 1089 68
3851 9790 58
9010 4262 72
9010 471 17
9010 1569 94
4866 6773 4
4866 3061 96
4866 8916 86
4866 8787 65
4866 5418 87
6773 5711 42
6773 132 87
6773 596 91
5543 8678 86
5543 6922 56
5543 1497 94
5543 7789 11
8678 8500 33
8678 6733 22
8678 496 57
2702 3296 8
2702 1531 36
2702 1868 20
2702 3867 73
2702 8918 84
3296 6115 26
3296 9389 62
3296 4860 37
2437 3779 64
2437 2649 29
2437 5927 15
2437 9747 13
3779 5259 90
3779 8802 82
3779 6786 82
3779 1648 84
6660 8411 87
6660 7968 17
6660 4190 24
6660 5723 82
6660 5379 63
8411 9952 12
8411 840 85
8411 8799 92
8411 7585 64
5617 7846 58
5617 7298 91
5617 5717 66
5617 5496 50
5617 3317 91
7846 4212 9
7846 4287 2
7846 9972 80
7257 4809 8
7257 4297 21
7257 4994 100
7257 6262 2
305 8885 50
305 2287 90
305 5626 54
305 7936 15
8885 5545 86
1945 4256 44
1945 4275 35
1945 1185 22
1945 4548 12
4256 3249 43
4256 5272 5
4256 3981 20
396 1833 97
396 5152 33
396 8055 13
396 9971 26
396 564 50
1833 5373 88
1833 363 3
4781 2716 59
4781 4713 13
4781 252 68
2202 7295 36
2202 572 72
2202 9541 89
2202 9737 55
7295 7306 3
7295 9706 23
7295 9813 36
5526 8108 54
5526 5738 4
5526 7523 89
5526 816 56
5526 8654 27
8108 598 17
8108 1470 46
8108 8054 19
3996 8179 41
3996 6293 31
3996 694 88
3996 8722 10
3996 8365 17
8179 6496 57
8179 6299 99
6107 9551 84
6107 9311 53
6107 2901 76
6107 5990 16
9551 7771 13
9551 7090 43
9551 3696 50
9551 7149 67
2666 2676 10
2666 7523 53
2676 661 62
2676 7016 80
2676 7172 41
2676 7380 2
3368 9937 9
3368 8764 28
2522 5631 19
2522 472 18
2522 9832 29
1881 8004 68
1881 7732 87
1881 7820 78
8004 7945 26
1185 5268 83
1185 1535 54
5268 7436 77
5268 888 31
5268 3985 83
5622 2897 86
5622 4298 21
5622 4530 15
9864 1503 93
9864 120 95
9864 3784 33
9864 7539 42
9324 4449 73
9324 8120 100
9324 4610 52
9324 2621 48
4184 8765 84
4184 2187 47
4184 4291 62
4184 3116 79
8765 6952 36
8765 6631 25
5705 7262 34
5705 755 33
6859 2453 64
6859 6447 66
97 9097 75
97 4003 29
97 6158 87
97 90 16
97 817 69
9097 685 46
9097 4347 22
771 6567 86
771 3562 24
771 7413 54
771 2854 41
771 348 87
6567 6430 92
6567 4231 32
6567 8889 22
2805 7692 77
2805 523 20
2805 2196 28
2805 3141 23
2805 7834 70
7692 6278 11
7692 5457 18
7692 7437 59
1217 3046 12
1217 1588 58
1217 679 84
1217 6180 54
3056 9031 96
3056 2468 97
9031 7833 78
9031 1656 82
9031 6682 97
9031 9610 99
6320 6410 34
6320 1065 74
6320 3868 3
6320 1812 64
6410 9385 96
6410 8598 94
9830 6938 56
9830 8835 42
9830 6664 68
1395 850 52
1395 9130 30
1395 2434 76
6790 8776 39
6790 4926 97
6790 9891 85
6790 9823 93
8776 2018 85
8776 7825 98
8776 5759 41
4954 7077 33
4954 2995 98
4954 6836 28
7077 1337 16
7077 7625 83
1406 3523 60
1406 5768 77
1406 3512 39
1406 2589 57
1406 8568 64
3523 2189 33
3523 1979 36
3523 2951 11
3523 4262 74
4747 6784 45
4747 937 25
4747 8588 81
4747 5275 70
6784 9744 23
6784 7591 54
7844 3803 86
7844 7627 81
7844 3305 71
6299 6472 84
6299 2984 92
6299 7930 11
6472 8186 19
6472 2333 88
6472 7412 42
6472 4603 24
1432 8127 28
1432 5562 87
1432 1009 71
1432 4718 43
8127 7140 18
8127 9593 93
8127 3114 9
8127 2742 53
773 2075 74
773 2523 74
773 9907 62
773 2236 62
2075 6501 68
2075 723 12
2075 9366 55
2075 6723 90
9258 6230 82
9258 8078 89
9258 2314 84
70 9502 76
70 8665 86
70 8003 33
9502 9354 93
3597 9735 91
3597 523 57
3597 3629 39
3597 7346 62
3597 1675 68
9735 3575 63
9735 310 74
9735 547 61
9735 5358 33
1198 390 8
1198 135 26
5706 6308 7
5706 6720 63
5706 7050 29
6308 4148 37
6308 7930 4
6308 2294 100
6308 5228 18
7877 8485 17
7877 7754 58
7877 3634 36
7877 6528 48
8485 1424 83
8485 8911 37
8485 8952 99
8485 5717 85
5141 7061 27
5141 8046 8
5141 143 15
5141 1197 88
5141 3764 13
7061 7764 26
7061 537 66
7061 3513 76
7061 9177 92
9659 1332 74
9659 407 88
9659 6559 4
9659 9991 66
4555 7759 6
4555 1192 60
4555 4071 87
1953 7425 42
1953 4721 74
1953 2494 64
1953 3927 66
7425 6421 27
7425 2160 21
5131 9002 50
5131 9763 45
5131 4329 35
5131 6180 24
9002 6786 54
9002 9955 54
9002 7272 50
5473 6487 33
5473 2674 64
5473 725 17
5473 2614 85
5473 9723 46
6487 3236 83
6487 7749 18
6487 891 77
6487 3299 95
7582 9476 5
7582 4233 2
7582 1241 92
7582 7414 28
9476 7223 76
9476 2289 97
9476 9235 94
9476 6029 60
9421 6454 30
9421 9545 16
9421 5453 99
9421 8237 39
8868 8372 82
8868 4521 26
8868 7866 75
1058 2035 17
1058 9168 36
1058 9132 85
1058 3628 89
2035 933 43
2035 1892 90
2035 6027 43
2749 5265 61
2749 814 50
2749 6096 20
2749 6508 90
5265 6337 32
5265 9286 48
5265 5351 9
5265 9312 42
8706 972 73
8706 6841 44
8706 2972 31
4329 5790 60
4329 7307 93
4329 2846 76
2434 9576 100
2434 4830 4
9576 1944 25
9576 6777 46
9576 5667 65
9576 547 54
3421 6552 83
3421 1545 6
3421 7712 84
3421 3238 47
4328 9783 86
4328 5221 15
6721 7053 2
6721 7343 63
6721 6239 33
7053 1407 4
7053 3359 63
7053 4775 30
7053 4285 48
3796 9369 29
700 4855 93
700 5140 17
2016 3586 12
2016 4877 54
2016 6735 6
2016 3821 65
2016 2691 42
3586 309 73
3586 7011 86
3206 6830 95
3206 8739 39
3206 1024 29
6830 6667 31
6830 4595 76
7853 2262 79
711 8878 45
711 9610 59
711 8359 4
711 8962 27
8878 2383 56
8878 6970 75
7095 9492 82
7095 5517 2
7095 6665 18
7095 7560 39
9492 4522 44
9492 9631 67
9492 4867 71
9492 6230 97
9578 9821 40
9578 7269 55
9578 3774 36
5089 5692 51
5089 6900 1
5089 7303 41
5089 5565 91
5692 2048 46
5692 5395 77
5692 8661 55
519 2642 36
519 9283 50
519 7348 24
2642 8781 79
2642 6327 34
2642 2913 12
2622 8995 57
2622 3257 3
2622 9145 93
3395 7786 57
3395 2351 100
3395 8646 4
3443 9752 16
3443 428 43
3443 9092 69
9752 4963 91
9752 8734 53
2724 4207 59
2724 951 73
2724 6519 23
8451 9241 60
8451 3724 90
8451 1148 20
8451 6478 20
8451 2967 18
9241 6118 88
9241 6543 31
9241 5084 36
1176 344 100
1176 634 84
1176 8230 32
3877 9455 55
3877 4052 62
3877 3529 100
3877 221 78
3877 3927 6
9455 1451 60
9455 7043 79
9455 184 63
1561 6173 22
1561 5527 7
1561 378 69
1561 1698 59
1561 1342 69
6173 5727 10
6173 9936 69
6173 7444 64
6173 362 36
198 9277 70
198 2090 12
198 8970 41
198 4986 24
6889 3031 21
6889 1784 98
6889 9765 22
6889 6413 44
2501 4516 28
2501 2425 62
2501 7547 91
2501 4445 88
4516 6945 95
4516 4913 61
4516 6021 60
6666 6726 54
6666 6128 91
6666 3850 81
6726 1937 23
6726 8919 69
6726 3879 76
6726 694 60
3499 3803 80
3499 1515 37
3499 7552 65
3499 767 27
3803 6673 78
3803 968 64
3803 5488 95
3333 4265 89
3333 5100 4
3333 4223 73
4265 3525 35
4265 4197 48
4265 5491 96
5702 8147 97
5702 4021 95
5702 8031 11
5702 2510 54
8147 4362 48
8147 3820 91
8147 5895 19
407 1889 65
407 5970 21
9177 6966 13
9177 5180 75
9177 2645 37
4016 9398 63
4016 4983 82
4016 8092 71
4016 9308 18
9398 683 17
9398 4586 79
3849 9172 51
3849 360 89
3849 94 19
171 6789 26
171 3916 54
171 3515 48
171 4471 96
6789 2714 51
988 4567 40
988 7194 87
988 4005 98
4567 6874 98
4567 376 48
4567 4880 59
5333 4521 14
5333 2715 91
5333 7774 95
844 4788 90
844 3304 65
844 1638 64
844 9526 87
4788 4645 9
4788 667 30
2530 5230 33
2530 756 59
2530 5947 74
2530 1284 34
5230 3128 77
5230 8533 57
3925 9810 9
3925 8442 15
3925 1408 94
3061 4505 95
3061 3139 11
3061 2334 21
991 9826 93
991 1904 15
3668 6032 1
3668 4615 29
3668 3676 8
3668 578 23
6032 4799 14
6032 9145 95
6032 3193 79
6032 4354 47
1025 8771 11
1025 4212 11
8771 3614 56
8771 414 15
7346 7932 34
7346 9579 38
7346 5562 24
7346 3248 80
7932 891 20
7932 1403 97
7932 5188 35
7932 7541 84
4416 7423 9
4416 142 97
4416 8058 86
4416 8466 17
4416 966 5
7423 4279 88
7423 2365 39
2860 6273 75
2860 7448 70
2860 1792 92
2860 854 24
2860 8949 46
6273 4599 32
6273 2171 1
6273 7592 27
3197 3414 41
3197 7734 71
3197 6722 55
3197 7390 28
3414 6525 62
3414 4318 15
3414 333 45
6237 8124 40
6237 1707 42
7527 7943 53
7527 4298 59
7527 6598 17
7527 3576 6
7943 2350 84
7943 8160 29
7943 4213 94
2719 6041 67
2719 564 75
2719 3473 4
2719 6759 42
6041 2233 53
6041 5175 48
6454 7250 31
6454 3085 2
6454 3927 73
6454 9961 68
4281 3362 65
4281 2168 87
4281 1676 78
4281 3940 37
7701 6776 65
7701 8785 44
1558 2976 42
1558 2277 27
1558 5429 96
1558 8245 60
2976 9575 90
2976 1346 8
2976 2164 43
1022 8069 13
1022 484 40
1022 8231 82
8069 1640 20
8069 7378 66
8069 8756 46
2655 6147 8
2655 9709 55
2655 6787 3
2655 5478 4
6488 9190 3
6488 3041 49
6488 4745 77
6488 4625 74
9190 9406 33
9190 1088 90
9190 976 45
9190 6395 77
5540 3744 10
5540 1459 96
5540 487 72
78 4480 19
78 8982 45
78 7598 2
4480 6168 62
4480 2692 2
4480 9110 54
1448 1653 7
1448 3944 50
1448 5668 3
1448 5718 16
1653 8401 78
1653 6691 33
1653 8879 67
1653 8962 96
8219 5371 79
8219 5470 76
3122 6407 80
3122 2351 83
3122 8654 19
3122 9781 70
3122 5280 2
6407 8328 50
6407 3018 37
6407 9533 73
3492 8569 37
3492 7001 54
3492 3850 52
3492 2127 83
8569 1049 53
8569 2782 68
8569 9668 75
2149 6022 99
2149 858 18
2149 4384 24
2149 7243 73
2149 2572 41
6022 954 45
6022 9084 5
6022 6767 70
6022 1943 85
3754 7788 53
3754 2776 27
3754 6448 49
3754 8775 86
7788 909 23
7788 7424 67
7788 1443 46
3620 6344 14
3620 3669 97
3620 5138 49
5846 8918 51
5846 4811 1
5846 4041 12
5846 114 1
5846 1541 82
8918 3598 57
8918 5671 53
8918 7991 73
8962 8798 35
1171 1910 77
1171 2603 6
1171 1555 80
1171 8517 62
1910 6547 15
1910 1794 79
1910 7648 13
568 2371 35
568 6792 4
568 4243 8
2371 2094 54
2371 5196 1
2371 5055 20
2352 3348 68
2352 6797 56
2352 8181 24
2352 7970 63
3348 2853 20
3348 3533 34
3348 8162 38
3348 1842 8
2391 8938 81
2391 6861 86
2391 6093 9
2391 9319 89
8938 4254 37
8938 961 82
8938 5134 73
8938 3894 40
1880 7189 93
1880 5880 89
1880 1873 49
4402 135 51
4402 359 6
9283 9608 49
9283 218 75
9283 5723 23
9283 4272 66
9608 9990 14
9608 2225 30
6537 8627 44
6537 1841 94
6537 1105 25
6537 6075 27
6537 3821 75
8627 9791 3
8627 8423 77
9300 2898 33
9300 6864 58
9300 1828 86
9300 4859 61
587 2972 16
587 1005 17
587 3580 28
587 7707 65
2863 6654 24
2863 2802 16
2863 7698 88
6654 4704 66
6654 3130 24
6654 4800 74
5010 9935 3
5010 7963 48
5010 6142 74
5010 6302 58
5010 2366 76
9935 3909 91
9935 3827 85
9935 2269 61
9935 7899 47
7899 8191 56
7899 6711 76
7899 1016 100
8191 9080 33
8191 3840 12
8191 2733 4
3272 8579 60
3272 3518 24
3272 4275 19
3272 5361 15
3272 7338 26
8579 9480 5
8579 2997 42
8579 6372 50
2253 9354 64
2253 4718 67
2253 6255 21
9354 4289 32
9354 1135 84
9354 5991 43
3535 5017 34
3535 4868 20
3535 2944 41
3535 8948 27
3535 9184 27
5017 3331 45
5017 2136 39
5017 9522 49
288 1391 73
288 6540 57
288 1614 69
288 2273 45
1391 1678 10
1391 7367 4
1391 1834 79
1826 5345 90
1826 4614 84
1826 1955 8
5345 5186 61
5345 964 26
5345 5979 4
5345 8192 7
4327 9878 51
4327 6235 70
4327 8851 79
9878 8408 29
9878 4161 36
4736 6141 14
4736 4344 5
4736 2132 39
4736 2218 38
6141 361 87
6141 4727 27
6141 3758 94
6141 2365 68
9079 2387 36
9079 3582 30
7921 3125 85
7921 4819 12
7921 6908 41
7921 2625 9
3295 8913 18
3295 6755 91
3295 1750 14
3295 373 12
3295 1038 63
8913 9892 73
1153 7542 96
1153 1350 26
1153 8572 11
1153 1429 100
143 3107 39
143 7874 15
143 14 14
143 6005 32
3107 9422 63
3107 4142 77
3107 6456 34
784 2911 31
784 6225 45
784 8975 6
784 4854 20
2911 5831 57
2911 5880 43
9235 1156 77
9235 7093 71
3345 5243 20
3345 205 75
3345 900 72
3345 3852 93
5243 3553 39
5243 4195 75
5243 4425 94
5243 7365 65
4178 5998 38
4178 5487 4
4178 9285 74
4178 2486 66
4178 9181 36
5998 6319 44
5998 7540 79
5998 1864 76
986 7741 22
986 6233 55
986 6583 61
986 8171 96
986 1247 85
7741 3043 47
7741 2069 67
4712 9315 24
4712 6124 39
9315 2073 14
9315 5264 43
9315 753 41
9315 381 46
5472 6559 86
5472 6503 82
5472 8306 60
6559 7467 89
6559 6516 67
1239 9318 60
1239 324 62
1239 8521 64
1239 1788 87
1239 6132 79
9318 5038 61
9318 5324 44
9318 1388 16
374 1700 9
374 3508 88
374 6684 77
1700 4187 8
1700 2886 62
1700 1598 60
2555 4565 31
2555 5297 7
2555 1871 62
2555 2488 64
2555 9098 60
4565 4875 57
4565 3679 16
4565 3082 60
4565 2209 98
63 9917 58
63 9442 4
63 3280 30
9917 7963 33
9917 1523 91
9917 5427 84
1920 2607 83
1920 2812 82
1710 3426 66
1710 2277 31
1710 142 66
3426 7226 52
232 1158 76
232 6953 57
232 1798 94
232 6528 20
856 5766 71
856 4429 63
856 4821 58
856 6171 24
5766 9226 84
5766 6212 11
1849 2459 24
1849 2468 28
1849 9075 3
1849 3913 75
5638 9638 8
5638 5573 4
5638 8584 1
9638 5672 52
9638 2223 81
9638 5896 81
9638 1038 79
2608 7959 90
2608 7526 30
2608 1781 24
2608 7437 63
7959 749 67
7959 3752 12
2222 3759 17
2222 1364 84
2222 5799 41
3759 1714 35
3759 5491 27
3759 8492 35
3759 6199 5
1100 8289 13
1100 8116 86
1100 9877 85
2553 8130 35
2553 1141 86
2553 9438 27
1580 5423 6
1580 6403 60
1580 9154 13
1580 4796 51
1580 3267 44
5423 2671 20
5423 967 27
5423 1087 50
6179 6959 67
6179 510 68
6179 4922 8
6179 7637 77
6959 7730 52
6959 1615 26
6959 6995 34
6959 8741 93
6161 7482 54
6161 1868 7
6161 7735 15
1560 5710 65
1560 1530 98
1560 6701 27
1560 4412 87
5710 2086 63
5710 9073 95
5710 7814 2
1279 3216 86
1279 8844 93
1279 1591 89
1279 3280 3
3216 5428 2
3216 4308 93
3216 4029 62
6941 2448 26
6941 2651 19
6941 4030 63
6941 5375 99
1038 7416 81
1038 14 8
1555 1579 44
1555 7396 57
1555 7612 66
1555 4429 28
1579 4504 3
1579 8656 93
1579 4151 79
1579 5328 32
7654 9783 39
7654 9613 2
7654 2473 19
7654 9497 52
7654 6281 81
9783 5918 24
9783 2423 86
9783 128 88
4149 8362 36
4149 4046 36
4149 1358 83
895 9642 92
895 3036 21
895 346 39
9642 9124 67
9642 1546 62
3801 7313 31
3801 3791 79
7313 2840 57
7313 5386 79
7313 6849 97
7313 9448 20
9298 8690 73
9298 2118 16
3971 9976 94
3971 281 30
3971 2690 82
3971 2395 24
9976 9518 44
9976 2011 3
9976 723 65
4532 5317 31
4532 3791 80
4532 8815 35
4532 7214 6
5317 9284 87
5317 3048 14
5317 6110 39
5317 7815 7
3536 3632 4
3536 1410 2
3632 8425 86
3632 5397 24
2045 4597 49
2045 719 27
2045 9723 37
4597 7975 29
4080 5947 60
4080 9958 44
4080 1412 82
4080 4422 85
4080 7000 53
5947 6281 93
5947 4047 54
5947 8699 42
9751 8413 57
9751 4189 36
9751 2591 88
8864 9892 71
8864 829 45
8864 2369 36
8864 756 74
9892 9255 75
4917 6821 14
4917 2050 74
4917 9123 90
4917 3758 21
6821 7448 40
6821 5106 10
6821 7682 89
6821 3306 6
9311 8884 90
9311 4049 75
9311 2203 84
2332 9730 99
2332 1841 25
2332 6385 43
9730 8666 6
9730 7173 18
9730 6542 79
5499 9428 87
5499 8759 67
5499 5074 80
5499 2587 5
5499 7122 23
9428 8008 11
9428 7960 90
9428 8491 78
5443 9496 88
5443 6431 30
5443 1401 21
5443 9222 33
5443 7169 100
9496 9369 90
9496 8427 12
1009 6703 85
2616 3602 8
2616 2052 87
1010 6717 47
1010 4799 92
1010 7357 34
6717 3571 89
6717 8328 20
6822 6386 58
9375 1928 63
9375 4056 55
9375 5884 41
9375 3224 88
4030 8062 39
4030 5357 59
4030 9566 38
9771 4101 6
9771 9388 6
9771 2184 63
7062 9631 88
7062 6282 93
7062 9518 11
7062 9483 72
3538 7765 87
3538 8941 23
3538 6987 86
3538 1670 89
1504 1748 15
1504 5062 59
1504 8429 83
1504 5482 65
1504 5667 3
1748 8284 94
1748 4491 95
2226 2672 79
2226 5385 49
2226 2344 29
2672 7204 6
2672 4306 1
2672 2147 77
2672 2656 9
4624 4032 18
2244 9105 11
2244 1936 6
2244 2329 59
2244 4193 79
9105 8207 8
9105 4069 87
9105 4916 97
3784 9695 36
3784 5991 61
3784 6864 25
3784 7966 64
9695 3755 95
9695 6641 94
9695 5396 35
9695 6256 80
496 2308 31
496 1785 94
496 1498 10
496 6857 89
2308 6687 71
2308 6275 50
2308 3921 47
2374 2161 13
2374 9221 37
2374 1576 41
4046 5908 37
4046 3819 96
4046 9237 87
4046 9774 56
5908 4610 9
5908 4563 29
5908 5344 31
5908 4607 6
4025 6040 24
4025 6456 49
4025 801 7
3817 5794 12
3817 6841 66
3817 3277 48
2078 7473 69
2078 8689 23
2078 2379 13
2078 8825 63
2078 1384 15
7473 8400 99
7473 6555 75
2546 7349 66
2546 5910 90
2546 9042 85
2546 9254 69
7349 3657 60
7349 8649 35
961 5269 94
961 3289 15
961 5462 97
961 3581 87
5269 5405 1
5269 8894 90
5269 5660 21
2325 8104 83
2325 5822 2
2325 3891 82
8104 1725 83
8104 3273 95
1967 9791 3
1967 9385 83
1967 3856 52
1967 6060 76
1299 6954 36
1299 5324 61
1299 1694 95
1299 6814 59
6954 2953 21
6954 6680 86
6954 4668 13
7892 9277 20
7892 6189 15
7892 7176 18
9277 1649 56
9277 3120 28
9277 8106 52
45 5418 82
45 2329 99
45 4704 99
45 5641 97
45 2726 7
5418 6840 100
5418 9221 33
2324 2402 60
2324 4771 13
2402 6062 39
2402 6291 19
2402 7610 79
3943 4066 74
3943 9544 6
3943 8190 11
3943 8536 57
4066 209 38
4066 6799 43
610 4638 93
610 9996 4
610 787 82
610 885 9
4638 1181 70
4638 1829 71
4638 7670 98
1719 3756 23
1719 454 53
1719 872 24
1719 4727 22
3756 680 43
3756 468 23
3756 7426 31
8372 2145 2
8372 3293 15
1234 3116 30
1234 5711 87
1234 4187 23
2710 5032 24
2710 878 20
2710 438 14
325 1621 33
325 6793 72
325 1305 17
325 8589 75
1621 3506 21
1621 4653 84
1621 9936 70
1760 4970 38
1760 6854 54
4850 7372 37
4850 2013 65
4850 6039 12
4850 8731 3
4850 3836 10
7372 6447 98
9941 5938 59
9941 6300 24
26 4213 38
26 2210 21
26 1097 74
26 4318 55
26 8909 10
4213 3913 30
4213 9747 67
4213 7000 92
672 2614 44
672 2193 13
672 7536 15
1410 6424 96
1410 4697 9
1410 4901 12
1410 9366 20
269 7354 36
269 8253 38
269 9148 82
7354 3106 84
7354 3619 54
7354 7181 48
8192 8177 100
8192 5751 100
8192 9646 67
7752 3661 75
7752 3200 94
7752 3742 73
7752 6018 31
5594 3490 39
5594 3278 38
5594 8904 10
7256 7507 18
7256 2786 64
7256 4108 26
7256 535 77
7507 8025 90
7507 9612 21
7507 332 13
7507 9785 92
6569 6577 5
6569 206 91
6569 8510 78
6577 8636 95
6577 1389 79
6577 3184 46
1837 6205 50
1837 5616 62
1837 9699 53
1837 5854 91
6205 1589 16
6205 2047 34
6205 8741 54
6897 8328 39
6897 3207 13
6897 5288 40
6897 7249 98
6897 6904 54
8328 9075 93
8328 2591 56
4911 5150 4
4911 9639 64
4911 4878 63
5150 3584 16
5150 8726 73
5150 3190 97
5668 9293 17
5668 9964 91
5668 2415 70
5668 2649 60
9293 7114 6
9293 813 52
782 1873 9
782 9703 72
782 8720 65
1873 2122 62
4301 2225 92
4301 7594 11
1314 5117 15
1314 4223 4
1314 7736 39
1314 840 91
1314 2758 16
5117 3164 2
5117 6886 81
3915 8568 39
3915 860 53
3915 8349 26
3915 314 87
3915 8074 86
8568 7126 67
8568 3890 71
8568 7566 24
1396 9091 60
1396 8124 78
1396 7352 68
1396 6691 35
1396 1540 23
9091 4300 86
9091 4644 23
336 3449 36
336 7228 16
336 9615 42
3449 7982 59
3591 7690 95
3591 6507 36
3591 2409 82
3591 7851 83
7690 7093 59
7690 8162 31
7690 6760 30
7690 206 29
5457 9231 53
5457 119 57
5457 2004 74
5457 3120 54
9231 5318 52
9231 9956 54
4547 6566 79
4547 5653 33
4547 2952 52
6566 2398 28
6566 8600 61
266 5453 49
266 8584 72
266 6196 16
1203 8669 1
1203 4038 52
1203 5417 88
1203 7134 53
1203 4354 20
8669 9852 11
8669 9525 70
4482 8870 42
4482 3265 72
4482 3447 57
4482 4485 4
9949 7303 60
9949 8395 64
3562 7826 66
3562 6176 97
3562 8274 77
3562 9960 75
7750 9304 12
7750 2864 50
7750 8937 97
9304 2415 70
9304 8495 46
9304 7180 81
9304 5451 70
5991 6331 6
5991 1968 60
1537 4758 66
1537 7450 60
1537 5736 35
1537 5147 85
4758 4819 66
4758 8007 18
4758 742 11
3598 4323 73
3598 9602 91
3598 6608 48
3598 4461 22
4323 8065 14
4323 3608 87
4081 9395 5
4081 5419 25
4081 7250 98
9395 4771 25
9395 749 24
9395 4922 19
6260 6679 30
2000 9197 36
2000 416 65
2000 1192 15
115 605 25
115 1874 19
115 4457 14
115 3820 32
115 6105 50
605 6009 56
605 4775 77
605 364 7
1035 7930 8
1035 8985 94
1035 7636 8
1035 4233 43
7930 5435 2
9813 9854 18
9813 3700 62
9813 1073 23
9813 1365 1
9854 4282 86
5021 5339 66
5021 4878 89
5021 7033 88
5021 8050 32
710 9228 92
710 5244 33
710 4266 31
3670 7178 72
3670 989 67
3670 5248 43
3670 1412 85
7178 6447 11
7178 8690 59
189 9635 51
189 1170 41
2269 2963 12
2269 8119 27
2269 1615 74
2269 3995 31
2963 4218 2
2963 1639 32
2963 4473 76
2894 5318 7
2894 4326 69
2894 7051 73
2894 645 40
8625 8726 40
8625 6400 50
8625 6858 90
8625 1238 90
8625 6544 76
8726 6684 96
8726 5364 76
1259 5032 13
1259 5083 69
1259 6348 74
1770 4713 26
1770 659 8
1770 6672 80
4713 2520 94
4713 4625 28
4713 3048 36
4561 6598 27
4561 8062 3
4561 352 54
4561 4755 95
6598 2337 98
6598 3902 89
2429 3595 91
2429 5000 84
2429 7554 48
3595 1852 10
6423 8768 78
3885 9753 98
3885 8303 34
730 3106 84
730 2236 15
730 2692 100
730 5157 77
3106 4489 89
3106 5124 91
1624 8122 94
1624 8164 76
1624 750 7
7355 3245 26
7355 5311 98
7355 4806 72
3528 138 65
3528 6658 64
3528 1503 12
3528 8591 90
8681 2658 24
8681 372 2
1164 2809 48
1164 1293 55
1164 3550 83
1164 5319 37
1164 7765 33
2809 4694 3
2809 1860 21
7963 8792 9
7963 5777 17
9062 345 67
9062 7378 18
9062 1443 17
1326 5156 12
1326 5368 33
1326 2951 54
114 6473 38
114 6315 56
5767 7048 59
5767 9997 76
5767 188 18
2753 6701 50
2753 2733 82
2753 6236 87
2753 841 46
6701 6089 14
6701 3215 7
9503 5200 55
9503 8520 65
9503 6395 91
3537 6783 90
3537 4466 92
3537 8809 80
3537 3752 85
6783 6735 27
6783 4217 91
6783 9844 87
6783 1896 61
362 6443 40
362 6920 100
362 1468 19
6443 7278 77
615 8609 81
615 2844 16
615 7071 79
8609 3457 15
8609 2597 63
8609 4832 42
8609 7851 37
8790 6458 92
8790 3480 67
5776 9647 94
5776 1230 99
5776 2384 56
5776 7564 59
108 3301 94
108 7535 9
108 3279 35
108 6467 42
3301 1634 92
1 8548 61
3072 6804 78
3072 5910 54
3072 1901 33
3072 6952 23
3072 2131 8
6804 5231 22
6804 262 12
6804 8702 19
6547 2044 46
6547 4026 44
6547 3833 47
5210 6589 53
5210 9525 7
5210 2776 82
5210 3742 8
5210 7010 61
6589 1926 51
6589 6113 100
6589 4834 48
420 7864 50
420 5946 13
2039 2985 34
2039 1647 42
2039 8261 20
2985 9542 15
5161 6238 31
5161 2122 11
5161 4027 20
3354 6675 17
3354 7269 48
3354 9418 7
3354 1039 71
6675 6171 4
6675 6214 40
6675 3827 84
6675 9068 55
3935 9838 18
3935 8452 84
3935 6098 55
3935 1795 100
9838 6064 5
9838 4427 52
7730 1778 51
7730 2212 25
7730 9989 64
3990 6868 14
3990 9793 46
3990 3904 34
3990 2212 97
1540 5674 38
1540 7935 48
1540 2532 60
5674 8671 25
5674 414 32
2030 8394 19
4630 5906 31
4630 113 69
5906 382 35
5906 9599 98
5906 7656 21
4310 1364 76
4310 819 63
4310 2086 99
7330 7647 69
7330 6655 43
5156 9582 55
2171 4021 17
6475 9479 90
6475 2285 77
6475 8692 1
3968 6164 66
3968 4746 18
3968 9541 82
3968 5036 48
6164 2789 88
6164 3205 98
6164 9408 80
4852 7416 48
4852 6195 97
4852 3839 4
4852 89 11
7416 3375 38
7416 2229 74
7416 4731 75
3142 4890 75
3142 9432 77
3142 8636 84
3142 4566 68
3142 8742 55
4890 8804 55
4890 5637 58
4890 2908 28
4890 767 71
1065 1352 68
1065 8656 9
4965 7293 17
4965 819 77
4965 1939 90
7293 9719 66
7293 975 87
4549 5917 96
4549 3856 8
4549 1128 100
4549 4520 88
4549 7583 90
5917 8379 71
5917 9603 34
8538 6466 48
8538 8486 14
8538 9212 69
1327 8949 86
1327 5237 71
1327 3581 91
1327 6785 77
8949 5069 93
477 6527 76
477 9719 83
477 2651 26
477 4977 86
6527 428 54
6527 9485 26
6527 7636 48
3705 4249 12
3705 8674 92
3705 1419 88
4249 7980 85
4249 7904 34
4249 8466 82
518 4984 24
518 6544 47
518 7776 22
518 2523 14
2076 3560 8
2076 925 64
3560 2114 81
3560 8264 17
502 5989 49
502 7217 7
502 4295 84
502 2636 73
2838 8047 40
2838 2108 33
2838 7718 77
2838 2974 18
2838 2189 84
8047 8107 88
8047 6394 96
8047 6495 60
1548 5501 39
1548 1765 57
1548 9857 97
1548 16 84
2397 5909 72
2397 9577 72
2397 4602 9
2397 8795 10
9160 1354 12
9160 4306 8
9160 646 38
9160 5819 100
834 9955 33
834 2263 99
834 7870 9
834 1708 61
834 3058 44
9955 5641 61
9955 1991 66
9955 4848 15
9124 857 27
9124 2206 15
9124 6890 73
230 3775 10
230 4317 6
230 2143 94
230 7560 5
3775 2931 73
3775 7270 29
3775 222 66
9248 2406 32
9248 4024 86
9248 9444 78
3119 9386 95
3119 2992 75
3119 2906 45
3119 7373 90
9386 4836 29
9386 7110 89
9386 8860 66
4824 6098 55
4824 2806 42
4824 1975 77
6098 4684 2
6098 4021 34
4514 7370 94
4514 1365 9
4514 4969 99
4514 8792 71
7370 7829 69
7370 6256 25
5751 7986 50
5751 4756 65
7986 4207 55
7986 4726 29
7986 2409 69
7986 6170 45
3480 6359 63
3480 9519 95
3480 6120 66
3480 5147 100
6359 1620 100
6359 487 68
6359 2431 47
4813 9313 59
4813 5219 62
4813 1172 12
2265 3058 10
2265 6551 65
2265 7789 92
2265 5541 72
2265 694 89
3058 1487 25
3058 5428 21
4484 8659 99
4484 7517 85
4484 4785 74
4484 5470 92
8659 7777 52
8659 6788 73
8659 3193 50
319 8577 70
319 9826 18
319 2235 9
319 7587 48
1248 4468 45
1248 1583 9
1248 8391 60
4468 8708 34
4468 4234 36
4468 1538 3
4468 2009 51
772 3950 13
772 2342 14
772 4074 34
772 1697 75
3950 5489 30
3950 8563 43
3950 6774 23
3950 5189 87
6180 3064 37
6180 1678 40
4463 7020 66
5155 7551 100
5155 6272 47
5155 7939 77
7551 553 89
7551 3476 63
7551 6544 74
7551 5466 31
6235 7782 23
6235 6742 17
9610 8033 71
9610 4592 52
1163 6989 29
1163 1249 65
1163 5100 46
1163 896 46
6989 1140 31
6989 6313 99
3318 8633 66
3318 4307 37
3318 1056 98
8633 1087 72
8633 2173 66
8633 2930 29
8633 1328 16
7031 8736 71
7031 8071 79
7031 8604 69
1446 1437 93
1446 8899 88
1446 9265 11
1446 465 89
2208 8315 24
2208 5011 20
2208 1196 17
2548 3504 13
2548 8589 69
2548 8687 68
2548 894 62
3504 7534 82
3504 6931 82
8019 6206 65
8019 5787 9
8019 3556 75
1405 3489 65
1405 8825 69
1405 542 78
3489 8767 72
3489 9708 81
3489 9525 52
3628 4136 27
3628 5381 60
3628 4812 37
3628 7856 58
4136 2405 31
4136 3956 44
4136 1244 96
2389 9858 86
2389 2562 56
2389 2904 49
1821 6558 12
1821 3474 54
1821 9573 48
1821 2056 99
6558 7923 22
6558 7490 38
6558 6625 80
1286 1935 35
1286 6058 80
1286 6153 7
3230 3267 2
8 5028 96
8 5399 30
8 1758 58
5028 6038 92
5028 1606 97
5028 6536 91
5028 7386 52
6435 875 18
6435 9201 77
6435 7282 41
2094 8710 11
2094 8926 70
2094 4593 74
600 7454 82
600 3742 65
600 7105 74
600 5037 6
8644 909 46
6718 7347 79
6718 8217 94
6718 5572 81
7347 8764 3
7347 5955 85
376 7117 78
376 4849 98
376 4436 72
376 7282 62
7117 9127 26
7117 1394 29
7117 54 79
959 9387 87
959 7196 63
959 9951 56
9387 1459 94
9387 6840 78
9387 5927 85
5413 7162 6
5413 8131 64
5413 5366 32
5413 2081 90
7162 8566 15
7162 9737 88
7162 7969 79
2343 6616 12
2343 6169 59
2343 7700 73
2343 2315 76
6616 8787 26
6616 6824 13
6616 1928 32
7193 9683 62
7193 1364 70
7193 4951 51
7193 8007 77
7193 8906 16
9683 1616 37
9683 6637 41
7300 8747 33
7300 5500 51
7300 4756 11
7300 7069 33
7994 7168 95
7994 32 71
7994 8402 82
3776 1083 70
3776 9155 21
3776 1197 67
3776 1552 74
508 8710 73
508 8342 40
508 4126 27
508 9229 51
8710 6509 49
147 3069 83
147 9172 8
147 1518 43
147 812 41
3069 8829 27
3069 5186 3
3069 3515 16
2225 5689 86
2225 3154 39
7236 8225 55
7236 5108 85
7236 51 63
7236 427 30
8225 8657 32
8225 2350 23
816 9994 20
816 307 97
816 7592 38
816 7361 15
9994 703 12
9994 1179 22
9994 6741 1
8284 5707 40
8284 4086 14
8284 607 46
8284 6793 84
4905 9738 19
4905 9430 75
4905 2029 54
4905 1354 29
9738 2217 19
9738 3279 72
9738 6620 40
9738 6720 89
5180 7691 56
5180 3123 33
5180 3941 4
5180 2646 11
7691 8999 36
327 3316 86
327 7802 30
533 1950 13
533 1231 16
533 60 11
533 5332 90
1950 1819 73
1950 6530 71
1950 3835 80
71 9998 88
71 5839 96
71 1015 35
9998 3477 5
9998 8757 21
6033 8317 75
6033 8480 36
6033 9238 26
6033 5138 51
6033 402 75
8317 6310 99
8317 1072 55
8317 8992 90
8317 4337 57
1968 8408 5
1968 1317 82
1968 8385 86
1968 9194 56
8408 1828 46
8408 4672 18
2514 6632 68
2514 7999 52
2514 9045 80
2514 5069 32
2514 7270 90
6632 3231 88
6632 2819 36
6632 9314 57
6392 8600 6
6392 3511 56
6392 8658 11
6392 2853 17
8600 3609 91
8600 5049 75
9931 2621 100
9931 6702 21
9931 4022 77
8666 2220 56
8666 3458 14
8666 1601 93
3360 7033 80
3360 2328 29
3360 7384 31
3360 9731 18
3360 4759 57
7033 2903 6
7033 909 87
7033 5005 73
8836 2699 43
8836 3019 83
8836 8828 87
5364 6064 4
5364 7448 2
6064 3223 53
6064 7181 65
4915 5092 99
4915 2910 96
4915 723 50
3101 4298 88
3101 4668 12
3101 3080 91
3101 3304 88
4298 9267 32
756 4653 75
756 77 12
756 361 31
4894 6300 2
4894 7574 76
4894 5936 28
4894 450 47
6300 9902 75
6300 8944 72
6300 4828 20
4238 3200 2
4238 1935 99
4189 2665 81
920 6694 25
920 3658 54
920 5753 1
920 5704 26
920 6018 68
6694 1149 14
6694 2905 89
6694 9119 52
2700 2799 64
2700 3581 47
2700 9954 79
2799 9053 53
2799 1781 11
2799 6181 77
3541 8400 86
3541 6833 6
3541 1312 62
3159 7285 51
3159 9657 40
3159 8430 97
3159 7589 74
3159 9427 33
7285 9167 91
7285 3079 51
7285 754 79
7285 8657 67
6615 7086 60
6615 9055 55
6615 3663 29
7086 9790 7
7086 9319 93
7086 6505 83
5434 6779 78
5434 551 58
5434 3719 52
6779 6354 86
6779 4912 54
6779 4462 58
3994 4004 63
3994 9449 9
3994 2564 18
3994 881 41
3174 2618 71
3174 4902 43
3174 2800 62
6992 1534 68
3640 8497 99
3640 4908 92
3640 5945 75
3640 315 65
8497 6281 50
8497 2018 74
5529 8252 81
5529 5955 76
5529 7785 71
5529 4990 84
4553 5983 40
4553 5737 22
4553 4879 51
4553 8128 25
5983 7422 83
5983 7910 69
5983 9484 7
5983 2293 12
7777 9997 17
7777 8007 27
7365 9654 15
7365 5427 30
7365 1229 24
9654 5019 87
9654 595 86
5006 8934 79
5006 5287 95
5006 9463 41
5006 6204 68
8934 3342 35
8934 2409 73
8934 882 51
1408 2942 51
1408 3190 42
1408 4879 49
1339 6786 82
1339 4859 32
1339 1628 18
6380 7569 40
6380 900 57
6380 8928 27
6380 7966 44
7569 5444 49
7569 7447 9
7569 3673 78
7569 7989 50
6712 4399 63
6712 650 25
5018 8944 31
5018 5311 17
5018 2422 28
5018 3675 31
5018 7492 28
8944 7668 65
8944 7756 49
1367 4888 18
1367 7250 30
4888 4936 20
4888 4940 9
4888 8098 53
2746 6311 81
2746 5000 27
2746 1990 50
2746 2331 81
6311 2248 27
6311 76 56
6311 9657 81
3157 8097 48
3157 7643 81
3157 3339 52
8097 8164 67
8097 7574 17
406 2635 95
406 3798 61
406 9521 76
2635 8449 70
2635 2188 47
8623 9218 93
8623 318 1
8623 9605 17
8623 1455 68
9218 3394 56
9218 2470 58
9218 7238 77
9218 7860 14
4 5072 33
4 8837 34
4 5646 9
4 1221 37
4 8804 67
5072 1728 90
5072 8424 41
5072 894 37
5072 9925 51
4577 4633 2
4577 6590 47
4577 4728 88
4633 1473 66
4633 8285 6
8953 5336 69
8953 2048 42
8953 8702 80
8953 9557 55
5891 9633 48
5891 3098 92
5891 5358 85
5891 2015 68
9633 5990 75
9633 4931 27
9633 4700 70
9633 3513 93
5309 5861 74
1658 5976 54
1658 8367 19
1658 5014 32
1658 8329 90
5976 4726 65
5976 1105 29
5976 4843 69
7001 8387 8
7001 7497 33
7001 2505 27
7001 2977 82
8387 7172 89
8387 6949 22
8387 9199 34
4649 573 9
4649 549 58
4649 3180 79
3209 6193 11
3209 2080 92
3209 4353 32
3209 7013 89
3209 9303 80
6193 156 5
6193 5455 28
6193 9575 10
4865 6204 48
4865 2353 67
4865 7165 21
4865 6617 38
4865 7992 29
6204 5909 78
6204 2869 64
6204 955 35
522 6351 22
522 3104 92
522 9244 74
522 8834 25
522 8822 89
6351 6894 5
6351 5306 48
6351 8266 74
7535 9260 35
7535 1487 88
7535 4415 62
7535 6999 54
9260 8500 48
9260 9631 73
9260 736 84
9260 7079 6
2552 6603 32
2552 6348 71
2552 2588 84
2552 6284 64
6603 9757 19
6603 7249 98
8061 6284 86
5038 7852 13
5038 2340 46
5038 170 29
5038 3928 88
7852 9964 36
7852 8200 16
7852 5281 44
7852 4569 28
8817 9060 62
8817 9329 76
8817 8000 71
8817 2198 90
9060 1497 70
9060 109 30
9060 2090 96
3328 7174 42
3328 7487 92
3328 1647 2
7174 6550 72
7174 5069 92
7174 704 37
9810 9008 57
9810 5123 20
752 4719 56
752 6663 39
752 2916 34
752 8365 87
752 4710 83
4719 1854 96
4719 3642 13
4719 1156 66
5982 8007 70
5982 3831 34
5982 2883 18
5982 9139 62
8007 7836 56
1254 7589 75
1254 9312 86
1254 9516 90
7589 1291 5
7589 4055 37
7589 3381 93
5078 8540 39
5078 9098 5
5078 8985 36
5078 8896 92
8540 2480 73
8540 6406 77
8540 1542 99
4559 7967 98
4559 3117 81
4559 8732 74
324 8815 11
2378 8734 15
2378 1988 10
2378 4263 4
2378 8464 25
5428 1682 43
5428 7060 67
554 8117 18
554 2230 75
554 4510 86
8117 8267 52
8117 7069 82
8117 1771 16
144 490 17
144 7081 25
144 4570 92
144 4937 93
490 3307 91
490 4113 14
490 9972 75
490 4419 33
609 456 77
609 3936 71
5036 2472 95
5036 1078 53
6806 8176 14
6806 4977 60
6806 6969 33
4900 9399 50
4900 7854 49
4900 8660 87
4900 3275 27
1695 6342 41
1695 7525 70
1695 3521 24
6342 5500 79
6342 2198 62
6342 1934 94
4086 9983 30
4086 2109 99
4086 3623 8
9983 4471 50
1963 7232 48
1963 438 62
1963 9645 47
9669 9662 63
9669 2115 49
9669 2586 41
9669 5613 1
6028 8136 89
6028 3211 41
6028 5059 78
6028 7554 59
8136 23 51
8136 6924 7
8124 6578 87
8124 5958 53
8480 8974 75
8480 8576 79
3049 4510 9
3049 9589 41
3049 1348 53
3049 2917 59
3049 5229 61
4510 1607 83
4510 1969 22
4510 8374 55
7534 199 94
7534 5553 54
7534 7368 100
2263 6984 40
2263 8196 12
2263 9921 54
2263 2673 29
6984 6450 15
6984 5219 9
6984 6934 80
5007 9023 86
5007 9312 55
5007 3473 24
5007 2699 16
5007 9928 88
9023 8740 65
9023 8601 9
9023 8336 86
9023 7046 97
5275 9969 66
5275 538 26
5275 9080 13
5275 3522 35
9969 3823 86
9969 4106 10
8874 8923 54
8874 2975 34
6451 6899 43
6451 5809 64
6451 953 60
6899 8436 11
6899 858 27
6899 520 92
7311 3076 46
7311 59 6
7311 3343 34
8449 1402 28
8449 7412 29
8449 8898 29
5805 7905 76
5805 3248 66
5805 2658 78
1515 9098 32
1515 316 63
1515 4572 57
3050 4711 36
3050 9347 90
3050 132 19
3050 4754 76
4711 3791 61
4711 9561 23
7038 223 9
7038 1345 20
7038 5249 76
4505 6129 73
4505 4040 62
4505 5164 9
4505 8893 98
6129 8271 55
6129 7528 40
6129 1317 2
6129 728 2
6803 9579 18
6803 3844 21
6803 3729 43
6803 3085 66
9579 5361 25
9579 2677 64
9579 4990 27
6006 8975 16
6006 1716 76
6006 5114 54
6006 4569 58
2275 2465 10
2275 4393 89
2275 7976 8
2275 922 62
8959 835 46
8959 7818 79
8959 1986 25
8959 1508 75
270 6748 97
270 7860 41
270 277 17
270 2615 15
6748 5399 61
6748 7063 84
6748 6120 51
6748 2596 61
1083 9480 21
1083 6561 48
1083 6031 68
9480 1307 14
9480 1656 82
3940 8198 76
3940 4336 39
3940 8668 61
8198 3745 13
8198 9755 76
8198 6374 57
8198 3637 86
7018 9359 50
7018 712 26
7018 4963 89
7018 731 26
7018 3457 89
9359 2557 50
5814 1310 87
5814 1301 80
5814 869 66
2925 5731 62
2925 9493 39
2925 2590 11
2925 2742 82
3303 9075 35
3303 8995 50
3303 984 99
3303 9928 26
9075 9072 23
3141 4583 73
3141 9904 99
3141 5635 80
3141 5639 9
4583 57 28
4583 4104 63
4583 3065 82
4583 6881 83
1114 4094 55
1114 3614 23
1114 6058 22
2268 9572 63
2268 2510 17
2268 5397 43
2268 5267 67
4324 6848 91
4324 1741 94
4324 3997 41
4324 1645 42
6848 4959 51
6848 8556 55
6848 6017 38
9472 9940 72
9472 8204 62
3522 3944 24
3522 1782 18
4667 6433 15
4667 6277 95
4667 1644 13
6433 6808 21
6433 9875 90
2291 3100 86
2291 5963 42
2291 1538 49
2291 3326 40
3100 9458 61
3100 1716 70
3100 1559 44
2660 4660 66
2660 9152 89
2660 2846 87
4660 5752 28
287 1036 88
287 6665 57
287 5974 64
287 7784 38
1036 1196 29
1036 2908 100
197 6246 31
197 7190 67
197 3740 16
197 6477 48
6246 9224 56
6246 509 50
6246 2779 19
6246 3676 18
9 5229 97
9 2452 15
9 5111 45
9 5444 30
5229 6428 100
5229 8264 52
5229 1693 40
3727 3717 71
3727 1847 96
3727 1768 79
819 8252 76
819 1024 43
8252 9599 20
7469 8843 5
7469 7172 82
7469 2274 74
7469 5829 80
3422 6114 15
3422 5118 12
3422 7661 6
6114 4072 73
6114 9341 25
6114 2318 63
457 8802 11
457 1053 65
457 1924 68
457 3857 87
8802 295 26
8802 9876 48
8271 6873 68
8271 3697 32
8271 6181 90
8271 1519 26
1819 5819 22
1819 3466 16
7059 5849 37
7059 1623 50
256 201 32
256 7272 6
256 1519 59
256 6366 43
1634 9746 27
1634 4400 83
1634 8966 26
1634 2515 60
8562 6924 39
8562 1343 3
8562 2698 11
7221 7052 82
7221 1039 36
7925 4479 68
7925 9588 73
7925 6854 60
4478 8165 13
4478 5714 79
59 3450 20
59 9839 60
2972 5662 21
2972 8244 67
2972 5124 88
5662 7420 13
5662 9681 84
5662 5175 33
5250 6208 32
5250 916 2
5250 458 9
5250 2933 100
6208 642 63
6208 728 61
6208 8013 60
6208 4045 34
3293 5488 70
3293 627 20
3293 7427 20
5488 671 59
5488 9420 36
5488 7611 96
1307 9418 71
3814 6880 57
3814 133 73
3814 3777 97
3814 8342 73
6880 4291 13
6880 2219 71
6880 2298 19
6880 6573 17
3614 9389 46
3614 4307 5
925 3147 49
925 6585 1
925 9176 40
3147 4134 25
3147 3638 66
5534 3425 61
5534 4927 73
3978 4258 20
3978 3557 48
3978 2981 68
6562 9977 80
6562 3764 47
6562 4010 15
9977 3013 10
8367 4272 26
8367 3891 63
8367 126 5
2757 2256 30
2757 9027 59
2757 9899 3
6792 9136 12
6792 3981 100
6792 8399 74
2829 9755 64
2829 4568 50
2829 8070 73
6428 6207 15
6428 9081 43
5646 4466 76
5646 3260 23
5646 1622 55
5382 6670 10
5382 6036 77
5382 2503 86
5382 9804 83
6670 3534 56
7200 9483 36
7200 9646 82
7200 3588 72
9483 3235 21
9745 1247 76
9745 9029 75
9745 5936 15
6247 4312 95
6247 4806 1
6247 348 26
6247 8030 20
7388 5431 95
7388 7811 21
5719 7194 21
5719 1987 83
5719 573 62
7194 1994 20
7194 282 56
7194 7960 16
131 2885 37
131 3650 73
2885 1855 4
2885 3358 16
989 5651 1
989 4786 17
989 5596 54
989 4548 12
725 7007 43
725 3868 67
725 8289 2
725 2034 38
7007 280 35
7007 949 12
5053 5689 68
5053 5276 75
2897 4118 58
9940 7960 16
9940 5676 44
9940 6829 36
4348 4669 94
4348 7820 99
4348 4906 89
4348 7729 45
4348 5042 93
4669 9943 96
4669 8941 52
6581 9222 40
6581 3204 30
6581 8232 71
6581 4773 63
9222 8637 40
9222 2083 30
6354 3461 23
6354 1780 28
6354 8465 11
6354 2009 67
896 7239 62
896 2048 73
896 4415 15
7239 1268 80
7239 9005 22
7239 3913 100
9080 7284 97
9080 3036 10
9080 8657 23
3788 5012 85
3788 3057 10
3788 9405 11
3788 1056 59
5012 5969 36
5012 6714 53
5012 7984 24
4731 7625 35
4731 3933 98
4731 8895 38
7625 1531 90
7625 8379 78
2618 6513 58
2618 5440 50
2618 4218 66
6009 5545 47
918 5308 20
918 7590 97
918 6388 70
918 2115 52
5308 5065 21
5308 7090 59
8436 8046 39
8436 7498 18
2177 1141 69
2177 4087 54
2177 3526 7
7011 4821 44
7011 3833 74
102 2547 78
102 8313 97
102 8119 56
1786 4714 52
1786 3641 40
1786 606 56
1786 4379 26
4714 4341 6
4714 4847 73
8012 8439 13
8012 8346 47
8012 3068 18
4186 7128 90
4186 8154 68
4186 4475 4
4186 9704 75
4186 6781 97
7128 6809 47
7128 2605 29
375 9873 22
375 5304 90
375 6626 61
6229 8974 65
6229 9019 57
6229 2933 44
6229 135 55
6505 5475 98
6505 4686 38
6505 8392 10
8386 5355 82
5783 9191 73
5783 4145 95
5783 7979 17
9191 9219 29
9191 6295 30
9191 6313 76
186 2137 76
186 2674 87
186 1549 18
2137 6866 99
2137 5512 40
1691 1313 20
1691 1387 61
2587 7220 49
2587 6309 50
2587 5621 5
7220 1190 1
7220 5338 46
7220 6430 45
9990 8264 30
9990 933 84
9990 3807 25
4701 8863 17
4701 3054 3
4701 8800 34
4701 875 31
8863 4097 56
8863 2733 3
8863 4696 32
9834 9710 59
9834 4380 90
9834 5059 84
9834 1526 88
2281 7946 43
2281 970 6
2281 7294 69
9523 9882 79
9523 3375 72
9523 5722 47
9523 4320 40
9882 9997 80
9882 931 98
9882 9805 63
3181 8898 60
3181 7290 89
3181 373 94
3181 4696 67
3181 6441 93
8898 6325 33
8898 2767 49
8898 6468 87
2489 3652 11
2489 4010 66
2489 8804 45
2489 670 85
3652 5565 49
3652 9936 53
3652 3927 73
9436 7187 22
9436 1384 39
9436 7927 76
8062 2301 22
8062 967 36
8062 3635 60
6702 8535 61
6702 9084 21
6702 4820 10
8535 8687 96
8535 3857 30
8535 5597 39
5777 3237 69
5777 9099 67
5777 5267 33
7679 9978 2
7679 1188 7
7679 5084 96
9978 6158 15
9978 6832 71
9978 118 82
259 6156 64
259 712 58
259 9922 40
259 2215 37
259 8554 6
6156 5839 71
9444 8044 58
9444 8856 52
1741 6580 7
1741 7125 2
9127 8843 77
9127 8355 64
9127 1095 35
6727 3329 42
6727 2756 54
4898 3362 21
4898 6312 83
4898 6719 82
650 9545 7
650 1237 72
9545 6750 35
9545 5588 47
8722 8965 75
2212 8231 27
2212 3534 29
8231 5261 99
142 7242 62
142 8150 28
142 1337 4
3405 8740 32
3405 4142 100
3405 9699 5
8740 8078 36
678 4495 55
678 6525 90
5727 2414 53
5727 6611 34
5727 4940 4
3899 8129 52
3899 1618 92
3899 6849 96
6896 7973 41
6896 3078 47
6896 9780 36
6896 284 53
6896 4243 7
7973 8606 39
528 9906 79
528 994 30
528 1771 19
528 9139 13
4504 8365 47
4504 8723 89
3053 9197 44
3053 5603 10
3053 8218 56
3053 4690 12
9197 8336 29
9197 4891 50
2158 9284 81
2158 5829 22
2158 8155 14
2158 5330 52
9284 7003 58
9284 641 65
8306 8161 63
8306 1313 56
7669 8835 11
7669 4749 67
7669 5565 1
8835 6335 81
8835 185 69
1384 176 49
1384 1240 50
6288 5348 71
6288 4990 59
6288 382 50
6288 4122 74
8316 9585 10
8316 645 34
8316 5236 61
9585 9821 66
9585 4844 32
9585 7050 14
9585 6878 95
9307 7391 95
1812 3520 11
1812 8501 42
1812 7393 61
3520 4947 97
3520 6297 68
2193 4151 9
2193 766 1
4151 3463 48
4151 7071 74
4151 8661 50
3187 9927 54
3187 3330 20
3187 1349 67
3187 443 20
9927 4558 22
9927 8492 29
9927 6778 91
2878 7772 82
2878 6110 61
2878 4392 14
9152 5987 12
9152 580 43
9152 2765 65
1939 4234 45
1939 3459 23
1939 8795 10
1939 5136 39
4234 6692 66
4234 6966 5
2188 7190 69
2188 7924 3
7190 3034 23
7190 1059 84
4631 9301 86
4631 8143 71
4631 4745 75
9301 4576 69
9301 151 64
8542 1781 16
5687 1301 21
5687 7771 55
5687 5619 61
7028 6105 77
7028 4042 2
6539 7149 90
6539 906 1
6539 4815 22
8923 2118 65
8923 3725 56
8923 2146 80
2804 6375 97
2804 9857 71
2804 3092 47
2804 1388 62
2804 4276 99
6375 648 32
6375 1393 18
6375 3918 12
2250 2591 82
2250 4390 83
2250 1566 68
2250 3000 74
2250 8831 95
2591 5024 92
2591 2058 64
3493 4907 98
3493 778 85
3493 7262 53
3493 5800 27
4907 735 6
4907 104 30
4907 4287 62
3381 7884 72
3381 3273 11
3381 9550 95
7884 6188 43
7884 6295 40
7884 2707 25
7884 8248 39
9943 5501 100
9943 3886 89
9943 2228 4
9744 415 38
9744 1249 82
9744 3883 79
6020 9348 31
6020 4386 70
6020 9867 54
6020 5254 35
6020 5555 81
9348 8884 44
9348 7753 94
9348 7261 23
2871 5503 65
2871 1131 58
2871 456 50
2871 6287 10
5503 769 19
5503 743 52
5503 9993 12
2766 9052 1
2683 7594 7
2683 8350 37
2683 1060 76
2683 8469 50
8142 847 96
8142 7052 17
1768 909 23
1768 5145 96
1768 5910 81
7612 7747 77
1848 7231 25
1848 5475 31
1848 3125 43
1848 2670 94
5832 6817 5
5832 321 59
5832 9791 34
4522 1263 3
4522 8966 72
648 1072 76
648 9901 66
648 7202 16
2344 5585 94
2344 9713 22
2344 8478 73
5585 7176 51
5585 963 30
5585 5083 33
5585 1682 12
694 5739 57
694 3472 63
5739 3134 97
5739 3341 94
5739 7180 3
7199 7461 60
7199 6181 32
7199 2579 25
7461 8750 80
7461 3951 55
7461 1933 43
2619 3330 73
2619 6585 80
2619 9590 91
5207 8440 66
5207 5510 39
5207 4169 57
8440 8901 45
8440 409 1
8440 4984 57
9016 3909 24
9016 8160 40
9016 2590 73
9641 3864 16
9641 2492 100
9641 7566 32
3510 4806 38
3510 8258 1
3510 6563 22
3510 9088 83
3510 611 26
4806 7314 71
7993 7847 40
7993 3928 29
7993 5757 30
8750 4596 73
8750 2525 82
8750 6913 46
2674 5608 77
2674 8060 48
3747 7378 43
3747 9273 49
3747 3651 11
3747 1474 23
3747 6324 53
7378 1226 29
7378 5378 73
1824 1250 65
4437 8764 81
4437 1257 59
4437 3983 92
4437 7659 54
4437 9706 87
8764 9729 29
7525 9951 88
7525 3080 97
7525 1946 75
7525 6972 31
8906 4051 73
8906 9723 20
7255 9577 8
7255 9424 49
7255 6739 87
3162 8795 83
3162 3432 80
3162 6815 45
3162 6381 69
3162 3544 25
8795 8072 66
8795 7130 99
6618 8596 16
6618 8226 58
6618 9061 43
6618 9213 76
8596 4820 67
8596 7633 66
381 2145 42
381 1101 100
381 1374 91
3476 8204 44
3476 1714 85
8204 6892 32
8204 839 73
8207 9883 96
8207 7803 55
8207 3835 19
8207 3019 87
7369 9259 14
7369 1875 8
7369 4910 48
3456 9816 59
3456 5575 61
3456 7803 41
4065 4812 93
4065 4365 74
4065 5750 6
4065 6970 17
4812 4279 10
4812 4520 82
4812 2783 12
4417 9401 27
4417 3233 86
4417 6234 17
4417 2418 33
4417 5643 74
9401 2285 45
9401 7210 91
9401 314 50
1207 4761 33
1207 5737 82
1207 326 97
7675 8463 53
7675 1502 42
7675 6750 84
7675 5347 18
8463 6202 87
3986 7902 95
3986 8766 34
3986 6596 67
7902 3171 82
7902 6812 87
7902 9554 98
949 3495 32
949 344 38
949 1054 63
653 9383 8
653 5610 7
653 458 93
3853 8312 22
3853 5593 42
3853 7700 84
3853 3022 30
8312 928 83
8312 7893 88
5323 9099 26
5323 1418 65
5323 9645 43
5323 3451 50
9099 3211 26
9099 27 62
5213 7241 4
5213 5387 63
5213 4074 26
5213 7247 62
5213 6512 84
7241 5120 43
7241 9839 39
7241 4955 14
7241 3120 18
3446 5923 30
3446 8501 9
3446 3855 44
7836 497 25
7836 1619 3
7836 1498 56
7836 5186 51
7999 1196 49
7999 8860 13
7999 6102 97
401 9449 23
401 6441 66
5392 8294 22
5392 6489 77
5392 1470 20
5392 8138 71
3064 7455 47
3064 6170 43
3064 7443 7
3064 3065 93
7455 7970 95
7455 3963 6
7455 4544 65
1186 3810 56
1186 2290 43
1186 3689 43
1186 4096 83
1186 444 12
3810 1122 43
661 8080 78
661 9090 52
661 296 68
661 1105 5
9369 7421 98
9369 9239 98
9369 7992 42
928 3959 41
928 2920 61
928 7935 43
3959 2426 87
3152 3488 19
3152 1283 5
3488 6853 79
3488 4015 67
3488 6870 34
8057 6357 2
8057 7671 63
8057 9049 94
8057 5251 46
8164 6955 4
4986 9463 53
4986 4993 98
4986 5262 89
4986 2816 60
9463 2387 65
4433 9479 86
4433 6122 19
4433 6111 89
4433 5798 17
4433 332 90
9479 7092 22
9479 3684 60
7081 1069 86
1148 8779 78
1148 4364 62
1148 7054 12
1148 6371 90
8779 3183 97
8779 7135 65
8779 679 33
1871 2758 54
1871 8782 33
1871 671 3
2758 8766 52
2758 8821 19
2758 1455 22
7922 9228 41
7922 2364 94
7922 3423 84
7201 8300 58
7201 5221 82
7201 7383 81
105 1798 3
105 432 13
105 3238 36
105 6534 63
1798 2131 28
1798 1478 59
8730 7638 17
8730 2092 38
5295 8006 87
5295 4073 82
5295 8808 84
1238 8922 98
5907 5789 46
5907 7092 92
283 4729 57
283 4225 53
283 8527 73
283 4203 62
283 133 82
4729 5745 35
4729 8092 45
4729 506 77
8507 1200 12
8507 8770 67
6027 8238 18
6027 9542 88
8238 3046 71
8238 4848 100
8238 4573 74
1887 7024 69
1887 1699 65
1887 2422 77
1887 3095 23
7024 9862 84
7024 3525 40
4688 5810 25
4688 8030 24
4688 6420 76
4688 634 83
4688 8259 74
5810 1557 98
5810 4765 43
4078 9264 57
4078 3030 35
4078 6036 22
4078 6550 91
9264 6890 99
9264 8608 62
9264 7933 59
9264 9898 90
611 4386 78
611 9904 46
611 4938 72
4386 2460 24
4386 5324 35
4386 3124 11
4313 4117 31
4313 3131 25
4313 6434 88
6525 9804 53
9804 3028 31
9804 748 28
2328 8329 10
2328 1597 93
2328 7421 65
8503 7075 98
8503 6605 68
8503 1638 63
33 2810 29
33 6815 92
33 5296 40
2810 2797 3
2810 3256 95
2810 8058 83
2404 6461 51
7640 9826 57
7640 5139 78
7640 2864 84
7640 3373 77
7071 7990 22
7071 2273 15
3094 4404 11
3094 3238 76
3094 7191 70
3338 7545 76
3338 1047 7
3338 7147 28
3338 7977 19
3338 8466 12
7545 5535 4
7545 2302 92
7545 4073 11
2975 7493 94
2975 3434 82
2975 4784 31
2975 8423 91
7493 4190 56
7493 193 85
110 7379 91
110 1508 25
110 5599 66
110 4811 94
110 3604 72
7379 3771 86
7379 5993 23
7379 7594 3
8781 9809 16
8781 2074 11
8196 4409 74
8196 858 17
8196 4614 65
8196 1583 24
2704 3997 18
2704 8946 46
2704 1317 21
2704 3019 79
2704 3626 15
3997 5171 48
7027 9799 99
7027 1308 91
7027 9245 4
9799 5121 86
9799 8277 77
3236 9299 75
3236 3514 80
841 4043 99
841 7418 94
841 5850 77
4043 6757 21
4043 1722 5
4043 2101 84
4043 215 95
5287 4520 57
5287 446 92
5287 2144 12
5892 7366 18
5892 4657 61
5892 1697 60
5892 8161 45
5892 8837 25
7366 28 55
7366 453 64
7366 1340 22
7366 2703 93
8454 8694 35
8454 9443 23
8454 7773 30
3868 8458 89
3868 4797 51
3868 8567 3
62 3524 24
62 5684 70
62 6384 21
3524 1196 26
3524 6272 89
2364 4464 93
2364 1229 93
4464 5494 80
4464 1526 88
4464 3306 4
4464 9961 100
5583 2067 11
5583 2153 67
5583 8718 24
5923 8253 25
5923 5249 62
5923 791 50
3519 4681 40
3519 7585 37
3519 9736 100
4681 3624 29
4681 5504 35
4681 858 66
2561 137 17
2561 2952 81
4091 9229 8
4091 5273 85
4091 9227 22
4091 6328 20
4091 1676 84
9229 4949 63
9229 8043 38
3210 5442 56
3210 5850 44
3210 6456 85
2130 2500 56
2130 1632 27
2130 5014 77
2130 5080 52
4690 4796 16
4690 4695 35
4721 310 90
4721 4679 4
4721 1345 44
777 7010 80
777 5750 61
777 4922 66
777 626 14
7010 355 36
8401 7474 80
8401 541 64
8401 7712 35
7935 212 66
6447 8882 15
6447 6778 96
6464 6787 74
6464 8244 89
6464 1639 21
6787 7762 79
7905 6741 94
7905 2978 85
7905 7164 53
7905 7504 31
2333 5127 27
2333 8157 71
2333 9297 46
5127 7913 18
5127 5616 55
5127 2505 54
4738 6093 46
4738 8976 33
4738 1633 14
5163 1301 64
5163 2928 20
5163 5165 29
636 3772 91
636 1028 82
636 8051 18
3772 3213 50
3772 4393 80
7470 807 41
7470 1607 93
7470 3902 92
9996 2630 90
9996 7064 55
1304 8597 35
1304 2406 65
1304 4956 77
1304 6985 2
1304 6730 29
8597 1842 17
8597 9635 14
1620 5860 52
1620 6817 58
2458 1693 41
2458 8586 7
3125 1622 6
3125 280 27
3125 6469 83
9323 1169 79
9323 6707 22
9323 9438 76
9323 7686 58
4666 9702 11
4666 2881 9
4666 4314 22
4666 2062 6
9702 8034 62
9702 3886 25
9702 509 37
8501 454 1
8501 8732 98
2234 6892 31
2234 8674 93
2234 22 8
5297 2160 99
5297 3864 3
5297 3582 50
6166 6167 90
6166 607 83
6167 6458 72
6167 6029 20
7946 9396 65
7946 7656 54
7946 9270 18
7946 601 22
408 5817 41
408 4074 80
408 2879 69
6087 8952 72
6087 3183 21
6087 8268 62
7665 1170 69
7665 8123 40
3289 966 22
3289 4123 52
3289 8364 10
5095 8630 92
5095 9627 24
5095 9237 61
5095 184 84
5095 4483 12
8630 6767 46
8630 2336 17
8630 4117 84
8467 970 22
8467 8809 64
8467 8855 60
7168 7266 16
7168 4044 92
7168 8812 59
7168 3936 6
7266 5351 57
7266 5792 46
7266 1885 89
2120 4214 7
2120 3240 81
2120 1378 58
2120 3482 34
4214 6339 59
4214 7177 33
4214 9866 73
94 8807 53
94 2477 94
94 8877 2
94 5537 73
8807 4775 94
8807 7928 11
6309 2114 48
6309 7407 58
6309 1475 26
5743 5564 15
5743 6612 34
1340 4224 1
1340 1444 15
1340 4629 2
4224 6266 53
4224 5839 71
4224 3831 38
4709 6500 68
4709 2697 81
4709 7653 17
4709 46 7
6500 4654 52
6500 9404 12
3464 4488 86
3464 984 91
3464 1649 31
3464 7263 37
3464 6105 53
4488 3028 43
4488 5159 11
4488 3339 6
9717 8385 6
4492 4930 27
4492 4398 18
4492 6448 6
4492 6038 44
4930 5022 52
4930 7547 38
4930 8812 61
5348 5725 56
4913 8083 11
2626 5082 43
2626 3515 54
2626 7732 71
2626 7216 92
2626 7574 17
5082 5721 77
5082 399 62
6230 7225 31
6230 4168 24
7225 2686 67
7225 9310 58
7225 7969 85
1230 2901 6
1230 6715 31
1230 3830 11
1230 4868 2
2901 4959 72
2901 4069 47
1232 7749 54
1232 7863 34
1232 5957 42
1232 964 17
5469 4028 68
5469 7414 7
5469 9094 40
8605 8643 88
8605 9058 74
8605 1647 77
8605 148 79
8643 1825 29
8643 4175 80
7937 7955 57
7937 622 92
7955 1189 36
7955 589 55
7955 2136 28
8800 6198 51
8800 2540 84
3604 7100 82
3604 2349 49
7100 5352 7
7100 146 76
7100 3469 20
1874 1934 59
1874 2886 6
1874 6221 85
1874 5466 82
3031 4205 78
3031 7015 99
3031 1158 26
3031 2070 56
4205 4975 35
4205 8167 20
4205 6920 2
589 5262 28
497 4279 79
497 4341 68
497 6891 60
8747 5177 22
8747 3539 78
8747 5607 20
1704 7264 72
1704 4627 71
1704 3623 25
1704 2518 85
7264 4762 93
7264 8072 40
7264 2709 28
3834 5468 21
3834 4185 95
3834 998 23
5468 4481 30
5468 7687 10
5468 2559 72
3505 6585 27
3505 8728 72
3505 8058 59
6501 8226 73
6501 5641 76
8226 1619 27
8226 2022 88
442 9974 29
442 9142 40
442 9944 19
442 3675 20
9974 2430 57
9974 9772 26
9974 4499 3
9974 2599 75
2299 3882 64
2299 9059 96
2299 8943 98
3882 5263 72
3882 3465 25
371 4846 10
371 4090 46
371 9895 77
371 6366 24
4846 703 79
4846 1015 98
4846 222 22
2376 6731 31
2376 9082 1
2376 1638 80
6731 6498 100
6731 8592 17
6731 6852 78
6731 2936 72
5466 6963 44
5466 5603 57
6963 345 5
6963 9414 33
6963 7622 33
1210 6332 45
1210 344 89
1210 5134 53
1210 6200 53
532 4390 42
532 9937 59
532 5542 74
532 2916 83
4390 4654 19
4390 7265 15
6913 8520 1
6913 6680 71
6913 2101 33
6913 8356 89
8520 1725 86
8520 7091 60
8520 8181 75
2329 9544 63
2329 4267 15
9544 2521 100
9544 1686 28
3675 9329 24
3675 9855 69
3675 2251 88
9329 8070 11
9329 9657 31
6239 7702 91
5869 6040 31
5869 7420 86
5869 3609 57
6040 5129 28
4695 9156 4
4695 7278 28
4695 3862 97
4695 57 47
9156 596 81
9156 6441 84
9156 2886 58
9156 1979 18
172 2542 80
172 3937 54
172 3768 94
2542 691 11
2542 1037 65
2542 2235 58
2542 4146 15
3275 1500 38
3275 9636 6
3275 4071 50
5604 1709 13
5604 3168 91
5604 5149 79
3309 3529 30
3309 7990 61
3309 1941 69
3309 4427 77
3529 759 20
3529 2297 80
3529 7067 37
174 1834 57
174 5487 20
174 2675 74
1834 9558 33
1834 7786 52
1834 7442 26
2577 4519 80
2577 9692 6
2577 7139 62
4519 1422 3
4519 9477 45
4519 7928 67
6409 9739 62
8895 162 13
8895 3553 88
8895 435 18
2023 9014 33
2023 6125 31
2023 6891 28
4932 4811 18
4932 3671 53
4932 2090 83
4932 5750 92
4268 8688 81
4268 9388 78
4268 2461 58
8688 5149 59
8688 2512 2
8688 1490 60
2461 5475 84
2461 8660 57
2461 781 57
5475 6909 30
30 2435 23
30 4682 85
30 3934 32
30 462 67
2435 8702 19
2435 9572 51
2435 8834 10
2892 2056 44
2892 1628 82
2892 9123 94
2400 3472 55
1820 2446 93
1820 4927 13
1820 6786 89
1820 337 43
1820 1123 91
2446 2110 20
2446 7661 96
4032 3048 88
4032 7477 36
4032 5013 18
312 2233 72
312 6902 40
312 7786 17
5339 8453 45
5339 2682 30
5339 3436 100
5339 8619 98
8453 3047 64
8453 8796 86
8453 6513 65
1386 7216 2
1386 6668 21
1386 5108 16
882 5280 7
882 6688 10
882 9933 64
5280 7214 8
5280 8324 37
8635 6371 93
8635 4493 10
6366 9424 61
6366 9862 93
9424 8735 15
9424 6039 38
9424 9119 23
1951 8005 92
1951 2224 47
1951 4344 30
1951 2844 42
8005 2099 7
8005 9252 59
8005 323 7
8005 8718 60
665 2817 9
665 9368 75
665 6661 21
7397 2233 95
7397 839 28
7397 4035 7
2258 8283 65
2258 8096 76
2258 3262 49
2258 6816 72
2258 2304 21
8283 6278 19
8283 7479 40
3820 8394 80
9049 4495 54
9049 3254 43
9049 6663 42
7452 458 54
7452 8432 4
7452 1931 12
2257 2396 94
2257 2876 32
2257 1699 16
2396 1344 30
1345 5320 97
1345 7004 55
5320 9051 94
5320 914 73
6692 8838 2
6692 5843 65
3879 7549 80
3879 9011 45
3879 5491 1
7549 3235 54
7549 6891 42
3802 2842 41
3802 7412 37
3802 2034 48
4242 4568 69
4242 8102 31
4242 3735 35
4242 4289 92
4242 727 1
4568 3224 84
7540 8909 46
7540 360 78
7540 5460 21
1926 8833 9
1926 883 30
8833 6106 83
8833 8951 74
8833 2180 62
8833 9005 67
3321 2245 43
3321 1478 88
3321 6387 55
3321 8792 87
1264 2865 40
1264 2752 62
1264 5351 6
821 9083 58
821 545 62
821 6590 28
821 8558 62
9083 9117 37
9083 4705 59
3823 7520 3
3823 5005 100
3823 5111 23
9889 8141 62
9889 1183 43
10 3391 8
10 3518 6
10 7808 16
3391 1358 54
3391 2207 76
3391 3774 71
3391 9516 10
4657 9093 48
4657 1140 34
4657 4229 84
6892 8583 62
4639 9465 7
4639 9450 28
4639 4975 44
9465 9843 49
9465 601 29
9465 769 23
9465 8259 52
86 5964 100
86 2772 82
86 6689 45
86 5951 34
4576 7862 68
1656 5579 73
1656 9959 52
9116 3129 7
9116 6140 73
9116 5458 75
6664 9723 57
6664 6282 71
9723 8786 40
5789 4757 69
5789 1856 66
5789 9115 6
599 7796 82
599 1494 45
599 8818 28
7486 4155 97
7486 4818 30
7486 649 35
6434 1731 5
1921 9861 2
1921 3397 54
1400 1221 20
1400 8731 13
6962 241 31
352 3104 45
352 637 7
352 5244 14
3104 7524 82
1078 8843 61
1078 7824 98
1078 7304 59
1078 5048 82
8843 7634 72
7724 7794 60
7724 7186 69
7724 569 63
7724 7533 53
7794 2262 58
7794 6069 29
9739 2031 3
9739 7847 51
9739 3173 13
9739 5174 25
2099 5042 92
5952 7019 58
5952 3299 81
5952 154 40
7019 139 84
7019 9568 20
7019 1037 35
7019 9768 97
4498 7674 9
4498 9200 4
4498 9494 21
4498 5193 8
7674 9972 87
5964 5495 44
5964 7304 96
5964 3722 95
7821 5536 90
7821 8259 98
4591 4832 29
4591 561 62
4591 2707 47
4832 5882 28
1253 5060 49
1253 2146 30
1253 2699 3
1253 7229 32
5060 7649 83
5060 2729 99
4725 5586 83
4725 7198 2
4725 2956 49
5586 5174 38
5586 1578 41
5586 5314 66
1047 6123 18
1047 4886 54
1047 1000 35
6123 3286 2
6123 9061 57
6123 1632 77
6123 3165 45
4722 5288 27
4722 9464 30
4722 344 19
4722 2981 93
4722 6673 100
5288 688 64
5288 3479 80
849 1412 22
849 4506 59
849 5090 78
1412 767 98
8948 4422 6
8948 7942 54
8948 4889 97
3624 8131 94
3624 4529 9
8244 7051 100
8244 4710 42
8244 7407 16
3407 7418 45
3407 7646 50
3407 4926 76
3407 7725 52
3407 6290 93
7418 8253 53
7418 9282 36
6496 2887 72
6496 2926 55
6496 8649 58
6496 6290 69
5859 2614 81
5859 4451 6
5859 3007 56
2067 8099 29
2067 5884 82
2067 9328 37
6535 7353 82
6535 9823 57
7353 7754 36
3682 7064 34
3682 3955 72
3682 1991 93
3682 1870 48
7064 2908 71
7064 4476 72
7064 1484 81
3059 7557 75
3059 34 76
3059 6318 43
3059 9164 29
6411 7317 77
6411 5954 12
6411 5816 18
6411 2026 50
6411 6291 4
7317 9461 67
7317 5445 72
7317 5128 64
7317 5074 17
3704 2089 83
3704 6857 84
3704 2786 95
170 7139 45
170 2842 78
170 2368 23
170 6687 81
7139 4961 70
7139 8527 74
6914 8809 40
6914 4875 81
6914 1586 92
1684 7195 90
1684 1261 58
5118 6878 77
8521 5360 11
6715 3916 7
6715 9006 27
6715 1971 35
2520 1075 78
2520 9952 89
2520 5444 37
8075 9259 62
8075 9211 82
8075 3262 25
8075 4337 84
8075 6163 13
9259 9954 39
119 1627 96
119 2969 99
119 2868 50
44 3593 6
44 9422 50
3593 4419 36
3593 540 30
8096 4362 21
8096 5144 9
8096 9458 7
5816 8911 75
5816 6358 64
998 8753 11
4131 8364 86
4131 7287 59
4131 6524 82
4131 2574 10
8364 4786 93
8364 7404 47
9072 1619 33
9072 1627 93
9072 9582 100
1361 5077 24
1361 3313 68
1361 421 37
1361 1993 61
1361 6824 8
5077 3908 30
5077 3952 59
5077 3037 71
3200 5761 52
3200 4365 70
3200 7793 59
5761 9110 27
5761 9005 80
5761 2393 14
520 5162 53
520 7396 60
520 7213 60
5812 7092 39
5812 6564 42
5812 2943 54
5812 4283 12
5812 4343 34
7092 2797 9
7092 7591 43
7570 9100 81
7570 1018 22
7570 7524 57
9100 2408 3
9100 6421 57
3183 3313 100
3183 7252 41
3183 4589 99
3313 9263 61
199 1787 53
199 8815 21
199 9780 62
1787 80 23
1787 3545 1
3361 3585 2
3361 3461 90
3361 7954 27
3361 3317 25
3361 8602 90
3585 9026 48
3585 8022 72
3585 3559 36
3450 9292 20
3450 4763 62
3450 1916 98
3450 2938 49
9292 5619 5
9292 234 46
9292 2456 95
1184 5565 95
1184 7302 88
1184 9320 84
1184 6073 28
5565 1543 99
1649 9225 29
1649 9246 63
9595 2569 58
9595 436 62
2697 5681 65
2697 6249 24
462 2547 24
462 7004 35
462 8911 85
462 1191 88
2547 729 74
2547 2192 90
4797 7420 73
4797 3324 36
4797 4825 25
4797 8875 4
7420 3900 58
291 6048 22
291 2492 61
291 3452 51
291 7278 68
6048 3590 38
6048 3231 63
6048 5165 22
6048 2928 84
4292 8604 65
4292 5524 97
721 4878 8
721 4220 2
721 7734 10
721 3185 86
721 6613 44
1091 4411 57
1091 2762 57
1091 6511 96
1091 9618 75
4411 2569 3
4411 6625 90
4411 9126 91
4411 9721 32
2579 3557 89
2579 2339 26
9115 9845 8
9845 9678 61
9845 8755 24
1731 6955 65
6698 8366 40
6698 575 56
6698 8010 31
6698 4027 24
6698 4251 92
8366 120 75
8366 8484 28
2953 7681 76
2953 3637 45
2953 2044 49
7681 9130 45
7681 2186 62
7681 7882 37
7681 5690 70
1358 8323 39
1358 1069 39
8323 8699 91
8323 1902 85
8323 6417 61
379 9087 85
379 8632 54
8488 2645 39
8488 4860 84
8488 8736 76
9729 8850 38
9729 3417 83
1994 5987 69
1994 1737 35
1994 4209 66
8724 4651 16
8724 9988 89
8724 3463 31
6370 8295 90
6370 1182 7
6370 5659 50
1260 1722 7
1260 8590 18
1260 72 58
1722 9760 3
1722 2252 35
3530 7288 29
3530 1048 15
3530 3433 12
3530 7103 69
7288 2071 47
7288 5858 90
7288 4634 43
7288 7605 8
4409 6331 91
4409 1156 68
4409 4994 60
5120 2798 77
5120 8915 88
5120 1522 35
4548 547 79
4548 5556 39
190 1404 15
190 8426 17
190 8606 54
190 4203 68
1404 8248 21
1404 9762 89
1404 1034 30
5870 6426 54
5870 2741 91
5870 7610 62
5870 3366 47
5870 5106 26
6426 384 61
6426 343 1
6426 7472 22
6426 8826 84
3177 3386 20
3177 2701 97
3177 8417 97
3386 5113 92
3387 5556 83
3387 5353 52
3387 3955 83
3387 7607 11
3282 9037 94
3282 6785 13
3282 5858 63
3282 1261 39
3282 8829 67
9037 4956 11
9037 1325 13
5926 4041 46
5926 5823 5
5926 3905 96
3453 5886 4
3453 1323 6
3453 7682 21
3453 9760 71
3453 1158 63
5886 7119 98
5886 4263 88
5886 1313 1
7587 8783 46
7587 8915 37
7587 6093 44
8783 3235 1
7657 9993 78
7657 8120 85
627 3256 27
627 2139 45
627 7687 90
627 578 14
2337 4284 70
2337 7229 8
2337 4995 62
4284 2390 2
4284 6236 84
4284 9668 66
7693 8620 7
7693 9459 14
7693 8711 58
7693 3552 62
7693 9993 15
8620 4028 14
8620 743 67
931 7050 39
931 8869 63
931 3418 93
7050 5129 20
676 8221 29
676 9945 72
676 4314 4
676 2790 43
8221 877 83
8221 1069 69
8221 7245 31
4659 5942 52
4659 7660 60
4659 1852 9
3205 3690 81
3205 9289 15
3205 4273 81
3690 2614 3
3690 1890 54
3690 6542 95
4466 5809 13
153 7887 69
153 2570 55
153 4282 14
153 4035 34
7887 2110 44
7887 8508 89
7887 6509 28
3809 6142 31
3809 3441 35
2573 5850 3
2573 626 97
2573 1717 41
5850 8214 51
5850 9914 92
7087 2139 26
7087 7871 9
7087 32 49
7087 6964 93
1415 6466 59
1415 2454 4
1415 6057 56
1415 3439 3
1415 1377 100
6466 9267 23
6466 7466 54
3512 8694 32
3512 6353 35
3512 2220 16
8694 6837 56
8872 9090 69
8872 2807 16
5113 7685 59
5113 3901 54
5113 1037 37
5113 355 18
7685 6564 14
7685 505 4
7685 9570 61
7685 4805 83
712 5199 40
712 4211 35
712 671 25
2108 9247 37
2108 7837 51
2108 3955 20
1679 4418 74
1679 9550 56
1679 3419 44
1679 8189 41
4418 1151 15
4418 11 32
4418 1211 13
4418 3841 33
2355 953 93
1117 1123 6
1117 3080 36
1117 1442 76
1117 5090 79
1117 5347 40
1123 5234 32
1123 2584 62
6206 7367 11
6206 7672 94
6206 1978 93
6206 3477 30
7367 1151 44
7367 7159 89
7367 7390 97
2146 7802 76
2146 2277 59
2146 1571 64
7802 3871 81
7802 2946 62
7802 7192 31
8837 8522 60
6267 8295 2
6267 5570 48
6267 6735 36
4771 2312 18
5955 3284 97
3780 9774 24
3780 9425 17
3780 2351 20
3780 8118 70
3780 3556 95
9774 4191 90
9774 9046 21
9774 8405 1
6516 4821 83
4090 7721 59
4090 1577 82
4090 9667 75
7721 6142 97
7721 1965 33
7721 1916 87
592 5974 51
592 4381 90
592 9521 18
592 6777 69
592 6103 9
5974 1249 93
5974 7590 53
5974 8757 63
4010 873 40
813 2186 45
813 5596 51
813 281 94
2186 127 85
2186 9045 8
61 7091 94
61 3619 65
3204 4398 87
3204 4146 24
126 8803 48
126 7671 71
126 4333 77
8803 3388 53
8803 1084 17
8803 3269 53
1595 2572 2
1595 9497 56
1595 9916 58
1595 3961 49
1595 7983 33
2572 8213 8
2572 2644 62
8561 9607 45
8561 8668 31
8561 6427 11
8561 6683 32
8561 7275 90
9607 4598 74
9607 9896 93
9607 1992 6
8975 4825 69
8975 9954 36
8975 9531 55
5164 3139 19
9271 8280 44
9271 9482 33
9271 2228 51
6170 5614 83
6170 1270 91
1828 2354 30
1828 1455 66
6814 8138 64
6814 594 66
6814 2570 62
6814 4537 42
8138 6481 27
8138 3902 22
2279 7526 89
2279 4554 32
2279 7523 64
2279 7866 14
7526 7443 45
7526 4720 70
6526 6714 25
6526 6955 98
6526 3819 18
6526 5389 14
8536 8766 21
8536 9055 25
4654 1614 25
4654 8122 91
3576 7634 36
3576 4748 19
3576 2092 99
3576 1092 60
7634 9909 68
5915 7966 11
1411 869 92
1411 8985 77
1411 1947 61
1411 6326 46
6031 9166 83
6031 3379 27
6031 6480 63
9166 8073 41
9166 8761 74
9166 2493 67
9166 7978 35
2465 2603 100
2465 5804 22
2465 866 28
4289 9294 61
4289 5647 16
5916 6183 94
5916 503 73
5916 6384 61
5916 323 69
5916 531 44
6183 1223 11
6183 8031 59
6183 7345 2
6043 7456 70
6043 4200 91
6043 6771 68
6043 4838 46
7456 1865 80
7456 854 48
1992 3281 78
1992 9272 95
1992 1987 58
1992 2422 18
3281 8232 10
3281 9668 55
2866 2348 5
2866 8573 48
2866 6264 74
2866 7667 75
292 4661 94
292 6912 27
4661 1630 45
4661 8188 93
4661 5660 93
4661 1484 68
6293 3933 56
6293 337 10
6293 1969 76
3989 5305 28
3989 1979 44
3989 5960 37
3989 7585 56
5305 1190 44
5305 7650 16
5255 7605 11
5255 7094 81
5255 7505 39
7605 3335 79
7605 9388 72
7605 1478 20
8452 9660 64
8452 7924 63
2194 3415 86
2194 3765 29
2194 4202 42
2194 4564 22
3415 5412 21
3415 7726 92
4716 6573 46
4716 7384 88
4716 1854 7
6573 3861 6
6573 6283 41
3549 4252 50
3549 9477 1
3549 2147 19
3549 9524 2
3549 9313 52
4252 6578 96
4252 8685 47
4252 1854 18
4252 6060 62
3752 3298 84
3752 8025 83
1468 9138 22
1468 501 44
1468 7783 88
9138 8883 89
9138 4919 60
2581 7998 90
2581 9157 99
2581 2652 27
2581 8130 95
7998 3626 17
7998 6817 17
7998 3552 14
7998 6427 64
2056 445 68
2056 549 82
6979 6479 100
6979 7121 7
6979 4757 10
2938 7481 19
2938 9104 21
2938 3827 73
2938 6203 48
7481 8046 98
7481 871 43
4535 9073 71
4535 8218 3
4535 4880 63
3765 194 25
3765 2850 19
3765 4235 59
3324 8006 66
3324 7051 56
7436 6395 67
7436 60 41
7436 7519 8
7436 7552 86
5910 517 97
5969 7483 50
5969 6572 64
5969 5162 63
7483 6318 3
7483 2363 65
7483 8161 45
5217 8042 85
5217 2468 43
5217 4218 58
5217 6438 90
4936 6888 53
4936 7112 100
4936 9550 93
4936 8021 88
2768 4401 81
2768 1101 6
3436 9801 78
3436 5619 83
9801 4333 75
9801 2559 13
9801 3913 70
4537 6584 1
6584 7782 13
6584 6199 75
6584 3981 18
1221 7702 57
1221 4308 80
1221 3821 70
7702 1041 16
7702 8830 63
9313 7000 3
9313 7099 93
3250 838 58
3250 2913 29
3250 6521 84
3250 4636 98
5801 5963 59
5801 6069 77
5801 8441 82
5801 2327 75
5801 5572 24
5963 1377 96
5963 4130 73
985 4200 9
985 1266 32
985 1374 74
4200 1442 97
5019 1335 75
5019 594 1
4977 6325 25
4977 7424 32
1772 3267 1
1772 2036 45
1772 2512 32
1772 25 5
3267 5854 29
3267 1272 76
596 3277 21
596 1200 40
3277 176 92
3703 8586 69
3703 5651 70
3703 4277 19
3703 2398 30
3703 3511 31
8586 2765 50
8586 3521 97
8586 159 35
4381 8272 22
4381 3726 83
8272 243 7
8272 6785 40
8272 2153 65
4053 7652 5
4053 4653 61
7652 5909 51
7652 715 92
8428 9672 44
8428 8349 73
9672 4142 80
9672 9186 26
9672 8828 20
9672 4999 51
7382 2119 66
7382 6926 32
4097 3893 12
4097 9958 97
4097 1536 85
4097 7118 85
8133 1343 16
8133 5904 87
8133 2907 79
8133 5620 10
9505 2266 11
9505 1573 17
8901 3349 72
8901 7171 7
4013 1525 59
4013 1276 98
4013 6337 6
7539 2432 77
7539 4787 34
2564 394 16
2564 6679 28
2564 8856 78
3735 4404 74
3735 3039 26
4528 6955 71
4528 1525 3
719 878 95
719 6 76
3696 6685 33
3696 803 3
3696 5100 54
645 8026 33
645 507 15
645 8830 15
8026 9768 99
8026 3245 68
8026 1564 4
3827 4814 8
3827 257 43
4814 1617 19
4814 6968 94
1523 3047 84
1523 3252 84
1523 7847 92
1523 4546 85
3047 5748 24
8652 1830 90
8652 1343 27
2470 5876 35
2470 6474 81
7786 7889 56
7786 439 95
2305 3433 34
2305 1368 71
3433 9408 38
3433 8040 48
3433 9972 77
4108 6904 83
4108 8376 86
4108 2889 65
6904 9414 69
6904 5135 6
6904 4723 9
2781 5160 19
2781 8251 57
2781 6629 72
2781 2567 76
1145 4003 63
1145 2641 8
4003 1778 24
1934 7682 68
1934 5313 6
1157 5489 11
1654 9515 69
1654 2841 81
1654 8680 9
1654 1349 21
1654 7575 82
9515 3319 56
9515 5103 30
9515 1622 30
9515 8074 64
6668 4389 44
6668 7226 38
4122 7881 27
4122 7735 58
4122 5080 51
1607 9904 65
580 2662 34
580 8054 79
580 9458 76
580 7703 2
2662 5162 19
2662 3719 59
2662 3404 97
3723 6733 33
3723 5510 69
3723 6482 91
8769 363 60
8769 7387 97
8769 8641 81
5562 5709 100
5562 9617 87
5562 9357 89
853 1508 80
853 8941 96
853 7646 100
853 8139 10
853 4870 56
1508 5517 86
8400 9986 71
8400 7536 6
8400 8279 25
9986 2450 12
9986 6081 28
9986 8378 43
659 6338 76
659 9587 51
659 3920 30
659 9840 46
6338 7173 20
6338 9061 50
6338 531 95
2617 6112 31
2617 5584 27
2617 2673 91
657 2776 22
657 8774 97
657 5070 19
657 9422 14
823 8432 97
823 9705 92
823 8369 1
8432 5970 18
8432 8827 51
6815 5647 38
8270 1565 12
8270 7653 24
8270 832 9
7968 6942 9
7968 1053 35
5462 9263 58
5462 1333 91
6225 4958 50
6225 2887 38
6225 4318 34
2336 6645 16
2336 11 33
3148 8043 46
3148 4361 65
8043 3077 41
1919 2592 25
1919 6284 35
1919 5755 74
2592 1707 49
2592 6695 77
2592 6729 94
3798 460 42
3798 5026 51
3798 7799 61
3798 6202 73
2881 1399 91
2881 3117 4
2881 72 47
2881 7442 24
8025 606 49
8025 8011 16
8025 7189 96
1591 6926 96
9662 3110 7
9662 3330 9
9662 7063 21
7057 5037 14
7057 7307 77
7057 7210 86
7057 5145 50
4414 5432 21
4414 1613 36
4414 2063 74
4414 8113 17
9172 5722 52
9172 6343 80
9172 8492 95
314 5902 31
5902 250 10
5902 5321 5
5902 6495 43
5643 7661 14
5643 5623 49
5643 7670 25
5643 6743 23
7661 3439 9
7661 9808 34
5880 2644 37
1790 3447 58
1255 4655 97
1255 1813 57
1255 2029 31
1255 3571 21
1255 5561 1
4655 255 70
4655 4167 71
9849 6355 88
9849 3207 46
9849 634 12
184 9212 27
184 9673 77
9212 9507 93
1073 2140 85
1073 2153 44
1073 454 49
2140 7075 27
2140 5059 7
2140 8378 44
2140 161 53
5366 8172 34
5366 4598 34
2853 3350 38
320 1529 70
320 1924 100
320 701 75
1529 3890 24
1529 485 19
1529 4188 15
238 9044 83
238 2868 54
238 2341 62
238 4403 41
9044 9800 2
9044 4830 53
9044 9261 42
1943 9945 42
1943 6376 7
1943 8528 8
2089 6667 60
2089 9925 89
4341 2800 56
4341 5933 7
7733 5896 23
7733 8182 7
7733 2419 60
7733 9299 60
6276 3700 95
6276 3807 100
3542 4509 50
3542 7376 78
4509 4235 23
5219 5397 22
5219 5654 15
5397 4372 26
1048 7298 62
1048 8150 94
9707 2867 51
9707 977 43
1492 8516 24
1492 7 84
1492 601 32
1492 863 21
8516 1449 71
8516 3596 49
8516 1430 43
881 8924 86
881 5298 48
881 9898 72
7242 3 68
7242 413 83
7242 4586 65
3038 7608 53
3038 1979 28
3038 4625 79
3038 318 31
3038 8379 28
7608 3844 58
7608 3116 57
7564 6940 77
7564 7557 77
2027 2585 13
2027 1815 19
2027 5762 66
3076 8821 95
3076 7281 81
3076 2294 88
1020 3394 17
1020 3411 59
1020 4258 76
3394 4916 22
3394 5266 93
4916 523 31
4916 1639 13
775 1720 66
775 4490 33
775 8549 2
2772 7951 29
2772 7819 16
2772 1211 28
9577 2107 56
9577 9831 92
1625 9636 67
1625 2701 65
892 5254 22
892 8851 10
892 1390 64
892 5432 39
4228 7415 85
4228 5760 9
4228 5062 40
4228 3871 76
7415 243 16
7415 2126 83
7415 8766 28
4225 7265 61
4225 8286 72
4225 9873 22
6303 9130 12
6303 9200 52
6303 1549 9
3225 4723 59
5062 9765 51
5062 3952 89
2419 9791 12
2419 4615 1
2419 4168 6
2419 35 79
9791 5008 90
3265 8307 34
3265 3457 66
8307 9692 85
4596 5708 31
1401 4560 25
1401 3235 2
1401 9859 10
4560 8000 94
4560 5703 53
4560 9389 84
812 8891 36
812 6509 86
812 7833 37
8891 5491 83
8891 6601 92
8891 487 1
4831 4833 75
4831 781 53
4831 2833 77
4831 6194 33
4833 2144 53
4833 7067 61
4833 9609 93
7408 7698 49
7408 7389 91
7408 8809 67
7408 6357 25
7698 6888 93
7698 8172 20
7698 9589 37
3951 2654 97
3951 9768 45
3951 4357 100
5487 5595 51
1294 3224 46
1294 9600 72
4391 7944 73
4391 6515 14
4391 7056 27
7944 8976 82
7944 1601 17
9909 2644 83
9909 7104 23
9909 7512 46
4153 5249 52
4153 104 98
4153 614 78
7069 464 31
5489 1170 90
5489 8680 83
5489 2652 52
4349 7718 92
4349 9296 8
4349 8553 64
4349 968 38
7718 4991 92
7718 1730 31
7718 9725 46
3432 9588 99
3432 3406 76
4125 8545 86
4125 9068 5
4159 5500 63
4159 5307 52
4159 584 46
4159 3374 96
5500 7013 12
5500 8080 72
2237 7410 5
2237 210 34
2237 8607 35
2237 5627 3
2237 7091 100
7410 7554 39
7410 8177 56
7523 2413 61
2074 3447 49
2074 5391 33
2074 1566 92
2941 9448 43
2941 25 87
2941 3389 45
9448 6824 80
9448 1288 53
2671 4114 7
2671 7428 96
2671 8653 90
2671 1312 51
5008 4682 16
5008 1017 77
2122 7249 26
8122 1227 40
8122 7926 24
6966 3697 85
6966 6887 76
6966 1795 58
1331 637 11
1331 8674 34
1331 9699 89
1331 8390 98
6953 1139 94
6953 9274 6
6953 8829 32
1052 5753 47
1052 3769 59
1052 1965 71
7805 4715 45
7805 1337 77
7805 6648 11
3544 8696 35
3544 2224 69
5455 5733 6
5455 2034 11
5455 6377 46
5733 4422 56
5733 308 81
5733 6580 4
1272 3883 84
1272 8202 76
1272 1001 29
1272 5476 96
3883 4095 99
3883 975 37
3883 4160 44
9026 2261 47
9026 6561 33
9026 8696 77
6187 8033 17
6187 415 51
6187 1527 14
6187 7678 51
4458 7206 40
4458 698 35
4458 9916 30
4458 4598 22
4458 6985 14
7206 2025 77
7206 7147 43
7206 9938 5
7206 9497 30
2018 9741 87
2018 5749 41
3014 6297 95
3014 9038 26
3014 3921 16
6297 7467 69
6297 9065 79
6297 2053 93
3616 4881 98
6528 7988 35
6528 2939 10
6528 9880 16
7988 1190 85
7988 3944 89
2340 3350 51
2340 9402 43
3350 9101 65
3350 966 75
3350 1018 10
4084 7904 28
4084 3683 61
4084 459 54
4084 3572 35
4084 2706 96
7904 3841 11
7904 987 72
7904 4506 76
2441 4156 15
2441 6671 85
2441 3728 57
2441 1734 28
4156 7449 67
4156 8128 93
4156 1229 13
4156 3467 25
858 3709 80
7464 3918 94
7464 5899 85
7464 6442 85
5548 6066 12
5548 4193 69
5548 224 14
5548 3805 100
3698 4835 13
3698 3974 2
3698 6313 85
4835 8634 82
4835 2121 65
1574 2477 95
1574 6214 86
1574 6049 26
1574 6358 56
1574 4818 36
2477 4451 49
2477 7262 32
2477 6421 88
1310 34 18
1310 5433 98
1310 2327 77
8130 3724 21
8130 7615 67
5445 5903 71
5445 3828 97
5445 2873 55
5445 7854 38
5903 3123 10
3900 6378 17
3900 4282 18
6030 8808 10
6030 6760 72
6030 987 51
6030 878 42
6030 3922 93
8808 2558 25
3215 4085 79
3215 5679 47
3215 5904 94
3215 8202 51
4085 3948 22
4085 9537 12
4085 9678 16
2831 4095 85
2831 5620 4
2831 9147 94
4095 9460 26
1720 4497 67
1720 8674 25
1720 4035 29
2494 6395 48
2494 1677 31
2494 8720 70
2494 3406 52
6395 9831 14
3364 2851 57
3364 5122 91
5387 759 90
5387 9207 78
4847 5580 45
4847 1055 16
4847 9393 92
5580 7866 60
5580 9945 83
5580 4971 96
5340 9650 97
5340 6882 8
5340 85 51
5340 1004 78
9650 8716 58
9650 2917 88
9650 6875 31
3459 7865 92
3459 1399 53
2025 6739 31
2025 8166 60
2025 4541 82
8767 4357 34
8767 3494 66
8767 7759 36
8767 9617 70
239 8253 64
239 1784 38
239 6749 98
239 4773 5
8253 3032 12
3893 5680 40
3893 1382 26
3893 1617 68
169 5979 5
169 3249 33
5979 4428 20
5979 4755 30
5979 6852 60
3792 8926 40
3792 8013 90
3792 5046 77
3792 8478 57
8926 5123 85
8926 3960 33
8926 1954 67
4578 7770 30
6531 1429 30
6531 8637 86
6531 9232 19
6346 8774 7
6346 432 43
6346 4581 53
6346 4262 66
8774 9866 2
8774 7830 92
8774 4287 60
6572 2715 82
6572 4168 40
6572 4859 33
6572 3299 77
6331 412 7
6331 6985 63
602 5675 82
602 2910 21
602 2837 78
5427 7686 49
5427 6249 88
5427 6563 5
7686 6506 24
7686 7636 93
4748 6869 42
4748 559 57
57 9208 20
57 9571 35
3566 8182 54
3566 8154 35
3566 5530 20
3566 3032 92
8182 9682 66
8182 8773 59
3249 7967 22
3249 1430 64
1809 6776 7
1809 4825 39
1809 5566 79
1809 2363 68
6776 9385 8
5426 9154 30
5426 9331 31
5426 9372 43
5426 6291 3
9154 4629 54
9154 2388 97
9154 2682 13
7774 8834 66
7774 6931 90
7774 4544 99
1780 5442 29
1780 5626 83
5442 1359 98
5442 5537 55
5442 8995 99
3985 6449 15
3985 5251 32
6449 303 59
6449 5798 73
6449 8869 41
6449 763 20
5896 6860 94
5896 4849 43
3831 8613 78
3831 5671 80
3831 6961 94
99 7513 18
99 4461 11
99 5966 47
6301 6506 54
6301 1472 14
6301 6906 35
6301 5759 83
6506 1559 34
6506 1444 2
7261 7951 80
7261 9991 14
3164 8902 48
3164 6394 97
3164 2535 18
8902 2906 55
277 8205 3
277 7389 78
576 960 61
576 800 90
960 5351 49
2348 6519 99
2348 240 8
4099 4457 32
4099 9365 91
4099 9456 64
4099 9603 100
4457 210 63
4457 3359 61
809 3413 47
809 5520 98
809 4422 65
809 1174 90
3413 483 85
3413 3019 25
3413 1277 75
7536 8180 31
7536 6874 38
7536 3828 39
8180 9159 74
8180 9168 58
2973 6037 50
2973 9542 96
3785 5987 94
3785 7997 9
3785 3928 76
3785 9178 38
5987 6418 86
2217 9840 25
2217 2053 21
2217 9257 69
2217 3000 66
8705 9793 99
8705 535 64
8705 3621 89
9793 2705 9
9793 5431 63
9793 4421 85
2903 9543 25
5841 6871 2
5841 3095 10
5841 9214 88
5841 7531 99
6871 2983 63
6871 4989 99
6871 9958 13
6495 342 40
6495 1430 8
5494 6358 39
5494 9181 87
8780 6089 43
8780 7629 30
5752 5707 53
5752 1752 48
2080 7934 99
2080 9089 47
2080 4606 85
4283 4520 94
4283 6352 67
4283 5251 70
4520 598 53
2471 9631 90
2471 3911 39
2471 9433 89
2471 6327 8
9631 285 68
8515 2605 4
8515 3352 79
9571 8822 26
9571 1831 99
1825 8702 37
1825 4922 14
8702 3501 55
4041 5386 6
4041 3335 79
4041 8698 83
5356 4665 91
5356 1806 28
5356 689 56
5356 8273 90
2285 5684 17
2285 6452 73
5684 8619 74
5684 209 15
2047 3843 35
1671 8646 28
1671 527 91
1671 906 68
6038 7169 44
6038 2837 36
7169 601 28
7169 3908 84
8450 8469 87
8450 3550 1
8450 8137 8
8450 318 86
8450 2850 80
8469 6722 40
8469 3046 21
1502 6749 20
1502 4005 54
1502 8553 39
1725 9065 57
5665 4175 21
5665 5405 73
5665 4497 87
1788 732 14
1788 9507 29
1788 9415 52
3342 9208 55
3342 9029 39
9111 348 74
9111 698 75
552 5961 82
552 4051 82
5961 5547 91
5961 345 9
5961 6563 78
8217 3487 53
8217 2467 16
8217 5829 79
8217 9898 77
8083 2150 31
8083 9093 39
8083 1039 90
6403 7304 24
6403 5724 16
6403 1737 29
8995 4779 3
8995 489 35
7687 7210 42
7333 1097 85
7333 4967 30
7333 1348 46
2779 864 72
2779 5069 3
2525 6029 4
2525 9274 95
2525 3098 45
2525 8990 2
5943 4202 41
1296 7287 12
1296 6397 2
1296 8777 91
9546 9805 5
9546 3513 21
9546 8873 74
9296 5954 39
9296 6387 95
9296 2206 38
860 987 28
860 6628 87
860 3733 44
860 4967 66
987 1794 68
739 9328 33
739 3218 20
739 3918 39
739 1801 69
9328 2815 39
9328 4436 90
7746 3494 59
7746 6688 40
5530 8782 98
5530 658 53
5530 9261 34
8782 646 23
8782 4946 72
6608 8587 3
6608 760 53
6608 5971 36
6608 7911 95
8587 3037 52
8587 4569 11
8587 1801 92
4875 1996 82
5554 6143 90
5554 6089 62
5554 1266 93
6143 3307 71
6143 973 49
6143 1823 35
6143 9493 97
260 3816 88
260 9342 3
3816 8248 52
3816 3294 71
3816 9925 7
3816 7218 96
6036 8340 86
6036 3916 27
6036 5703 83
2072 6060 57
2072 5020 66
2072 6637 29
6060 9965 48
2209 8775 47
2209 150 12
2209 7524 28
2209 8500 26
8775 1435 17
8775 6189 85
9404 7278 4
3948 5845 3
3948 2119 35
3948 5579 65
3948 9946 56
5845 7042 67
5845 3380 25
5845 1333 77
7310 9394 98
7310 7400 24
9394 7428 68
9394 1472 55
9394 9568 95
6687 9951 23
2184 4931 100
2184 551 50
4931 1154 67
4931 9867 90
4570 8460 79
4570 9685 54
4570 8945 2
1390 3380 14
1390 8055 46
1390 5376 38
3380 3864 48
3380 7552 75
3380 4761 42
1784 8491 79
1784 3658 94
7389 7108 46
1293 9863 29
1293 847 62
9863 3941 26
9863 1490 27
9863 5005 96
5573 8613 44
5573 1847 78
8613 8940 43
8613 3078 73
5170 7442 10
5170 2645 73
5170 9457 62
5170 5282 51
7442 713 70
7442 5725 53
8376 1573 11
8376 687 75
5614 4969 45
5614 4843 76
5614 4966 54
5614 9800 46
2926 9890 88
2926 9915 87
2926 1550 9
9890 9726 99
9890 1449 28
9890 9713 46
9890 7552 64
2224 3956 38
2224 6604 96
3956 7953 77
3956 3458 34
1712 3781 76
1712 1399 50
1712 3929 11
1712 2079 17
3781 5135 77
3781 1167 73
3781 9808 3
6212 9451 59
6212 3427 86
6212 6037 1
6878 6132 4
6878 6621 63
6878 5774 66
2342 6707 64
2342 1742 40
6912 7762 9
6912 9682 81
6912 2019 36
7762 5981 98
7762 6829 44
4211 4983 20
4211 2528 24
4202 2111 64
4202 3315 64
1489 3335 19
1489 2574 44
2839 7211 86
2839 6825 83
2839 1187 36
2839 9295 91
7211 2652 1
7211 6209 47
7211 116 21
7211 6404 10
8021 7084 98
8021 800 56
5933 7562 39
5933 3067 21
5933 4941 10
7562 9768 6
7562 3589 1
6652 9146 28
6652 6251 53
6570 7726 15
6570 8495 95
6570 4614 95
6570 359 20
5074 9558 18
5074 3393 75
9558 7912 91
5177 2861 2
5177 1154 98
5177 516 82
5065 7262 23
5065 7421 10
767 7672 63
7672 9837 63
7672 4352 85
7672 6795 9
3511 4860 6
3511 209 19
2833 3178 22
2833 4573 81
4038 2040 98
4038 9464 52
4038 7854 87
4983 8881 9
4983 5122 28
4983 4787 25
8881 9606 33
8881 5927 33
8881 93 81
3858 4342 32
3858 3065 30
3858 4133 28
4342 3367 43
4342 1707 74
2241 6888 67
2241 1517 71
6888 9966 76
1226 2709 75
1226 754 28
2709 2009 86
2709 7799 23
2709 4609 65
5373 1823 29
41 7164 90
41 7592 31
41 4837 34
41 48 79
7164 9073 90
7164 8354 54
3279 3855 17
3279 3588 18
2284 4491 54
2284 9372 28
2284 7136 80
2284 8060 33
4491 1268 46
4491 1518 78
4491 6316 10
1606 9531 41
1606 9272 6
1606 8329 40
9531 1325 54
2136 6313 81
6313 2002 76
5286 9040 72
5286 6078 6
5286 2987 81
5286 6867 92
9040 2770 45
9040 4919 40
9040 7312 90
458 5328 85
3745 4195 91
3745 2686 19
3745 9522 38
538 4937 81
538 4092 58
538 2535 89
4937 2354 41
4937 7472 48
6837 9257 79
6837 933 16
6837 4836 28
9257 5337 57
9257 3643 23
2266 6544 78
2266 5858 56
2266 6594 72
2266 4120 38
6544 5157 50
2109 3621 63
2109 194 43
6221 6266 13
6221 9393 26
6221 4730 83
6112 8220 19
6112 6629 19
6112 9065 61
8220 8274 39
8220 7183 7
7376 7441 39
7376 1842 96
7376 410 95
7441 9891 60
7441 3729 75
7441 1269 4
7958 3007 97
7958 6943 15
7958 5049 5
3013 7875 14
3013 8762 31
3013 1687 8
7875 7528 9
7875 9970 39
7875 6168 49
1564 3269 17
1564 869 79
4726 9219 68
9157 5414 67
9157 4817 28
9157 1672 72
9157 1912 35
6243 8679 85
6243 8354 97
307 4614 86
307 8998 47
307 1501 66
4943 8578 73
4943 2828 31
4943 4828 33
3469 9678 49
3469 7036 81
3469 3926 10
9014 4231 14
9014 255 17
9014 2999 69
9014 594 13
4365 3 63
4365 2187 59
4365 8144 13
5307 3078 6
5307 1270 82
1979 3936 26
7985 9342 43
7985 7981 67
7985 2071 86
7210 1346 73
348 8337 73
8567 9351 96
8567 8006 32
9351 2578 78
9351 7819 7
9351 2459 36
4028 9817 41
4028 1884 60
7820 8370 26
7820 3750 63
8370 8823 13
8370 7090 49
8370 6529 75
8370 471 47
3481 4087 91
2119 3967 38
2119 9989 14
2119 9914 21
6113 9065 54
4940 6017 11
4940 2485 65
4940 906 46
3662 5422 83
3662 7924 55
3662 1829 51
5422 7443 65
906 7695 91
906 7198 69
7695 5605 8
550 2398 40
550 2535 66
550 2588 46
550 121 39
2398 6159 44
192 2690 34
192 3686 73
192 3793 74
192 7649 44
2690 1455 77
2690 4854 27
2690 9246 38
9519 1948 16
9519 3589 26
9519 5375 45
1032 3835 11
1032 7433 99
1032 3019 94
1032 4272 16
1032 2126 46
3835 5946 83
1565 850 82
1565 1522 22
1565 7732 66
1565 3886 77
5195 8378 81
5195 8395 19
5195 1179 93
5195 744 32
2979 4052 37
2979 6176 52
2979 5794 44
2979 5140 71
4052 4087 29
4052 2557 20
5160 1177 1
5160 5276 54
2233 6816 37
1167 2747 25
1167 3862 59
1167 7453 64
1167 7393 20
2747 8344 45
2747 9308 42
2747 8239 59
832 956 47
832 9406 49
832 6521 95
832 6583 2
956 9086 11
956 7729 3
1813 9151 22
1813 3610 95
1813 2484 35
1813 9865 59
1557 3841 58
1557 5144 73
1557 3580 92
3841 2910 96
9829 213 70
9829 9861 39
2262 7576 6
7771 7747 5
7771 6152 38
5066 7440 9
5066 6453 20
5066 6390 30
7440 1284 23
7440 8903 70
954 236 68
954 7524 99
954 382 25
8655 6978 68
8655 6132 92
8655 1511 38
9493 2071 1
6824 7035 60
6824 7767 75
6923 1336 82
6923 3557 60
6923 2334 81
6923 54 18
1196 5145 21
6337 7058 7
6337 5178 4
146 601 64
146 2961 16
146 5567 1
146 2933 67
5199 7969 85
5199 4637 95
5199 2098 61
7969 2422 90
7969 73 45
1644 9852 34
9852 419 37
9852 6816 46
9852 945 51
1209 3508 1
1209 1862 78
1209 2580 46
1209 1181 17
3508 8425 91
1235 1696 97
1235 7302 77
1235 8583 85
1696 1528 82
1696 9839 38
4538 2825 17
4538 9919 49
205 4564 28
205 9481 86
205 9409 4
205 1030 7
4564 838 44
4564 2588 70
3684 402 36
715 9015 82
715 3804 84
715 3045 20
715 6416 27
9015 3873 90
9015 4938 68
9015 2732 74
3580 9772 30
3580 2138 30
1445 5828 84
1445 5256 49
1445 1433 51
1445 9275 36
5828 7422 37
910 9865 68
910 5720 63
910 2500 96
9179 1520 41
9179 364 98
9954 4167 44
780 6377 24
780 7138 91
780 4513 25
780 5051 84
6377 4469 72
6377 7939 10
4315 8945 75
4315 2958 21
4315 5703 18
8945 9767 39
1901 8703 91
1901 6530 34
1901 9617 94
8703 8230 36
8703 4141 95
8703 8079 91
1257 8088 17
1257 9605 69
1257 5755 80
1257 2767 9
412 2725 52
412 1007 78
412 178 94
7991 8870 30
7991 2002 63
7991 9770 78
8870 8980 77
1747 9175 52
1747 7301 4
1747 8404 6
1747 218 49
9175 4352 38
9175 4868 34
9175 3130 79
2588 3375 84
2588 2353 70
8826 9923 74
1291 1970 6
5520 5650 9
5520 8951 53
5520 8585 79
5650 9147 64
9945 2999 73
9945 7009 4
1159 6157 56
1159 8809 9
1159 3992 31
1159 3736 93
1159 9660 4
6157 7883 78
6157 8091 78
9639 9159 18
9639 7361 50
6200 5787 42
6200 6521 4
8639 9441 21
8639 8202 43
8639 2478 33
9441 9765 15
9441 7512 2
9441 5396 90
6142 8033 9
6142 8883 20
476 6100 24
476 8239 94
476 9402 70
476 2251 20
6100 683 35
6100 9781 19
6100 7404 41
8768 9384 92
8768 6700 22
363 9606 71
363 5984 69
363 9087 37
9606 726 13
9606 104 41
1292 4569 8
1292 4278 61
796 6455 20
796 7920 88
6455 1716 95
6455 8745 95
5895 6062 61
5895 4275 4
6062 2351 19
6062 1840 42
6062 2166 65
6978 4015 50
6978 8257 75
5321 9173 25
5321 2623 20
9173 5647 51
9173 3610 49
9173 537 59
575 8149 33
575 2754 79
575 4362 79
8149 8830 68
8149 6390 97
8149 9573 63
1287 1461 71
4521 569 46
1756 6389 93
1756 7878 10
1756 3700 7
1756 2420 69
6389 3999 79
6389 873 63
4811 8943 8
8524 5975 77
8524 8692 47
5277 5744 74
5277 9652 50
5277 3960 83
803 9427 58
5281 687 41
3669 9439 37
3669 6742 7
3669 7824 98
9439 5714 41
9439 3201 30
9439 1426 69
9439 5878 7
886 5193 60
886 2722 5
5193 9914 32
5193 652 10
7252 2166 94
7252 8431 80
7252 410 94
4959 6967 98
4959 6818 5
4737 5304 60
468 8036 18
468 2383 26
468 5579 21
468 8617 88
8036 9126 10
8036 5584 21
8036 410 82
5456 7839 59
5456 1172 28
7839 8819 19
7839 2499 76
7839 7719 44
2992 8823 25
2992 7970 42
2992 438 8
8823 855 34
4148 2101 5
4148 2656 40
2742 7868 100
2742 9726 9
2934 8818 15
2934 3757 97
2934 1766 95
2934 2091 63
8818 6427 66
8818 2969 25
3936 5482 94
3936 2691 91
3330 4445 97
3330 7585 58
5731 2987 8
5731 9189 50
5731 529 49
405 7872 14
7872 888 12
1522 1970 34
1522 5689 98
1522 2164 19
1970 1212 78
1970 8094 15
1970 4838 66
9200 9211 40
9200 6797 94
9200 6416 24
9211 5861 72
9211 3905 8
9211 5200 59
4172 9255 66
4172 1604 84
4172 4906 25
9255 7593 36
8088 343 85
8088 3623 72
8088 2195 13
445 5958 75
445 2788 21
5958 3458 58
5958 1336 19
3626 2052 74
3626 2388 43
8076 9411 96
8076 1814 3
8076 211 67
8076 6088 57
8076 175 29
9411 9722 1
9411 5347 30
350 3539 66
350 7784 18
350 8830 19
1778 6602 8
1778 3563 65
8289 5527 34
8289 2132 21
4506 7857 30
4506 6168 56
3474 5133 9
3474 7126 65
3474 3084 21
3474 2751 100
5133 9741 41
5133 1773 60
5133 9482 83
180 6369 41
180 4946 48
180 5496 66
3045 4461 76
3045 2488 35
3045 1256 42
3045 1601 88
4461 1247 59
944 1333 28
944 4554 29
1333 5809 42
7650 3901 84
7650 5490 23
5073 9713 11
5073 3266 87
5073 8016 88
5073 4152 54
9713 1305 77
9713 4574 73
8563 2840 18
338 4906 95
338 7980 33
338 2228 65
338 4819 21
4906 5311 32
4906 1745 31
6883 5708 32
6883 4784 85
6883 531 84
5478 9914 17
5478 690 41
5478 3600 9
7727 8910 96
7727 2015 71
7727 2869 86
8687 6207 58
8687 7413 6
973 1108 17
973 1385 89
973 2621 64
1108 919 28
1108 2706 93
1108 6561 65
4844 3715 67
4844 1460 75
2187 3608 52
2187 1483 59
1693 9865 16
2640 8855 97
2640 2223 11
2640 4287 9
2640 3629 59
2640 8651 77
8855 6760 39
8855 6163 69
8855 9701 21
7244 5121 53
7244 8683 60
2621 8963 30
2621 914 48
8963 7843 45
8963 2526 73
1604 9619 34
1604 7035 79
9619 6801 42
9619 7808 50
4637 2745 94
2042 6812 79
2042 1993 49
2042 1174 18
6812 5171 3
6812 1498 99
6812 8571 68
1119 4949 44
1119 7919 77
1119 6968 39
2448 1139 19
2448 2315 51
2448 2444 92
2448 5578 93
162 7443 12
162 432 13
7443 8580 66
2801 5524 9
2801 5748 16
2801 9117 32
5524 6298 92
5524 7860 28
5524 6438 24
1359 2157 19
1359 7428 45
1359 6697 92
8018 3463 37
8018 465 62
8018 1429 76
972 1017 3
972 7198 95
972 884 49
972 2744 46
1017 4011 1
1017 2808 38
3110 5234 26
3110 6936 59
3110 4094 6
3110 3907 70
2891 6356 81
2891 8058 94
2891 6818 23
2891 4363 93
2891 7929 85
6356 1550 2
6356 8392 17
6356 8079 27
6356 5115 92
4984 8137 60
4984 3028 34
3027 8846 64
3027 2511 96
3027 4055 90
8846 8602 90
5804 7046 6
5804 6018 77
5804 9125 20
5804 3399 16
7046 2996 97
7046 7173 97
4820 3533 29
8048 9701 82
8048 506 3
8048 7338 53
8048 5708 91
8048 5344 30
9701 4816 77
9701 436 34
2190 7948 66
2190 927 21
2190 3559 10
2190 2754 99
7948 4297 16
7948 303 40
7433 9757 34
5721 1541 80
5721 7768 14
5721 8884 30
2101 7876 42
2101 5245 80
7876 2873 5
7876 6985 73
7876 9320 76
7876 3165 14
6277 8928 70
6277 2828 83
3852 6461 15
3852 3622 75
3852 799 46
3852 6358 43
6461 8577 90
6461 446 92
1811 8729 83
1811 5405 73
1811 9805 33
1811 6333 27
835 6565 55
835 5331 42
835 3534 54
1399 2603 60
1633 3462 48
1633 5236 28
1633 4704 61
3462 9208 12
8786 9022 19
8786 1413 15
9458 2200 15
9458 847 38
5738 5005 28
5738 6039 90
5738 5411 95
5738 4908 5
6353 6202 15
6353 3319 17
6353 8708 64
697 6931 10
697 8591 87
697 5137 91
6931 2961 16
7593 1003 43
7593 1535 100
7593 6691 16
9800 4490 77
9800 7900 96
4819 3878 58
4819 2073 36
2091 3000 92
2091 1380 1
2081 8139 12
2081 7871 94
2081 7444 66
2081 7505 17
8139 8871 33
8139 5316 55
2416 3699 34
2416 7009 83
2416 6234 41
2416 6341 69
3699 4939 59
3699 9242 69
6882 8089 51
6882 9287 52
6882 690 6
8089 9593 6
8089 326 31
8089 652 2
8089 4585 28
4767 9330 89
4767 7501 75
4767 6383 38
4767 5319 96
7544 4428 79
1878 6275 44
1878 6147 87
1878 1886 15
1878 6453 51
6275 7981 20
6275 4161 61
6275 4796 21
3755 1794 64
3755 4903 28
3755 6867 15
3755 366 3
5567 3651 10
5567 5671 83
5162 3418 62
3319 8129 91
3319 5247 96
4218 7183 65
4218 760 47
7040 6396 27
7040 8148 70
7040 5121 51
7040 6292 64
8190 3953 60
8190 7155 46
4124 8222 97
4124 4829 19
4124 790 99
8222 503 58
8222 779 59
2019 5352 37
2019 7427 33
5352 179 91
5352 3881 66
5352 4247 97
2944 465 30
3002 2978 47
3002 736 93
3002 4671 58
3002 2905 5
3821 5188 28
3821 5815 51
5188 1567 18
5188 8889 63
5188 9560 17
1364 976 72
5171 3389 52
5171 800 13
5254 9226 99
5254 3278 55
5254 109 11
6894 8486 54
6894 1681 79
7641 7964 62
7641 2771 31
7641 2857 99
1039 7933 6
7933 8965 5
629 9755 52
629 4877 73
629 7610 76
629 5378 54
629 5412 79
9755 5531 23
9755 6893 18
299 4247 53
299 7896 80
299 1737 70
345 4691 30
345 7934 69
7637 6355 33
7637 8617 38
4254 6709 24
4254 4483 55
4254 6281 44
6709 1567 45
6709 8229 85
6709 367 57
8341 9961 99
8341 421 61
8341 5209 80
8341 2765 19
8566 9478 59
8566 9629 76
8566 1749 41
9736 3404 73
2236 2203 63
2236 6165 62
2652 3120 22
2652 1954 6
3120 4694 63
4314 4018 38
8472 8903 11
8472 3336 30
8472 3223 46
8903 9622 42
1183 5564 37
1183 8102 3
1183 3452 96
1183 9710 6
5564 9170 60
5564 7843 90
1749 8227 9
1749 9240 46
1749 3611 28
1749 6413 100
8227 1527 9
8227 3937 91
8227 9085 27
753 4290 3
753 9230 73
753 9776 36
753 6106 98
4290 8460 11
4290 9753 21
4290 9824 74
5577 8116 18
5577 1639 88
5577 4079 40
4404 124 14
4404 6741 41
633 3572 67
633 6740 38
633 1904 39
9151 564 14
9151 187 30
2589 9372 18
2589 2484 30
2589 766 93
9372 3341 30
9372 855 91
3559 9065 31
3559 5257 22
241 8332 86
5379 7312 90
5379 3102 69
1503 7419 65
1503 9867 15
3132 5046 33
3132 2603 98
3132 7113 83
3132 2594 90
5046 7668 81
8362 4434 38
8362 5960 35
2936 1426 43
2936 6658 12
4615 9599 69
503 4419 33
503 5338 96
5245 2166 39
888 2771 12
888 818 11
2771 2444 38
2771 3919 43
3557 9053 33
3557 2203 32
7453 9462 52
7453 208 54
7453 7704 20
9462 6168 6
9462 6132 19
3153 5025 83
8213 2950 30
8213 3373 88
8213 7989 61
8213 8860 68
1627 8564 5
1627 3881 87
2230 5251 69
5251 1413 66
7321 3329 24
7321 5192 30
7321 8268 60
7321 8992 19
5590 1603 96
5590 5190 42
5590 870 61
5590 364 95
2816 5137 59
2816 5849 74
2816 7768 35
9171 1840 94
9171 128 16
9171 2466 9
9171 9358 46
1986 3578 91
3578 1493 53
3578 436 60
1138 9407 74
1138 2541 7
1138 1220 86
1138 2013 95
6400 6795 50
6400 9061 88
3733 3169 66
3733 6621 76
434 5033 65
434 9250 72
434 9649 5
148 8757 69
148 9461 74
148 6658 79
8757 8849 95
8757 7857 32
3005 8229 83
3005 3257 91
3005 213 6
3005 6886 46
8229 2037 91
8229 8163 83
8229 5479 77
4460 6264 55
4460 1789 92
4460 7869 57
6264 7990 13
6264 6507 85
6264 9280 73
5558 6536 66
5558 8976 25
5558 4686 97
5558 7275 93
5558 203 23
6536 6069 53
4904 7818 78
4904 9108 48
4904 2741 15
4904 3189 53
8405 7632 91
8405 9540 53
8405 8091 90
3622 1154 38
3622 8525 21
3622 726 32
2808 8065 31
2808 6858 27
2808 3252 65
2808 5990 49
8065 4250 60
8065 2050 31
3661 2403 93
3661 7204 18
3661 2527 45
3661 7977 41
6357 7517 83
6357 544 95
620 852 15
620 8598 56
620 7793 33
5876 747 48
9518 1860 69
9518 5613 84
3724 8641 68
3724 9064 35
31 622 23
31 4336 29
5951 1973 100
5951 5837 56
5951 8447 79
7753 1864 22
7753 8849 16
7547 5890 13
704 6397 36
5032 5608 78
5032 3629 51
3398 9570 69
3398 4968 45
3398 2714 90
3398 2093 72
3398 4194 53
9570 9159 57
9570 4585 64
8527 4829 47
9230 7358 97
9230 8882 28
3533 6315 74
3533 5414 88
6070 1330 19
6070 9027 84
6070 435 87
1090 9822 83
1090 4838 23
1090 7218 2
3686 937 81
3686 4351 53
501 7166 77
501 2716 10
210 6125 68
210 6988 49
8280 6793 51
8280 8313 88
1941 4827 17
1941 6703 35
1941 8090 37
1941 8912 24
4827 224 94
4827 1973 33
7862 4867 13
7862 729 30
2641 1005 49
4114 8862 19
4114 8879 25
1488 2980 49
2980 6439 71
2980 2453 71
2980 517 83
2005 6635 83
2005 539 56
2005 9376 71
5259 1220 40
5259 708 87
5259 2679 10
85 4354 57
85 6507 36
4354 9762 93
4354 2529 86
588 1942 12
588 7517 23
588 128 10
588 3818 27
588 5519 32
1942 89 57
1942 3891 65
1942 8896 57
4307 8761 92
4307 4774 20
4307 8028 1
8761 8831 60
8761 5283 69
8761 5889 67
6645 7789 39
6645 5517 22
7826 1441 18
7826 9759 64
7826 8964 15
7826 6772 94
4715 9883 78
4715 6575 4
4715 2920 34
5042 5601 21
5042 3836 90
515 3534 59
515 4055 49
515 8268 63
515 8888 39
8300 4612 15
9098 8821 65
9098 9858 91
2380 7856 33
2380 6194 80
2380 5760 93
2380 7135 34
7856 3463 76
7856 4720 6
5973 9840 63
5973 6901 96
5973 7828 85
5973 9533 14
5973 7342 51
9840 5762 78
9507 6735 60
9507 3199 46
9677 2425 18
9677 4300 62
9677 3109 15
8424 8008 52
8424 2205 25
2486 5249 64
2486 2826 33
2486 5396 91
2486 6372 71
5249 1305 81
4830 1212 8
4830 1538 100
3292 4363 69
3292 9081 85
9427 6902 81
7409 8188 24
7409 6078 56
243 1001 67
243 5331 43
542 7563 1
542 4573 87
1154 5189 48
5234 4022 34
5234 4089 74
6255 3370 20
6255 4571 64
1102 2297 15
1102 3417 85
1102 5785 81
2297 9614 40
2297 6667 91
2297 9170 95
4684 6685 48
4684 7020 75
5138 655 99
5137 7202 65
5137 7704 60
9081 9609 26
9081 1480 61
6507 1771 48
7847 5398 43
4223 6439 48
4223 93 3
1706 6733 41
1706 1981 7
1706 3270 65
1706 7638 36
6733 6442 16
2550 5368 50
2550 7058 59
2550 9681 86
2550 3273 88
5368 4380 17
5368 2121 76
2206 7110 56
2206 7893 2
6987 818 67
9165 6388 45
9165 6798 21
9165 6232 97
577 9972 38
577 1676 56
577 7296 33
7588 8663 11
7588 8429 12
7588 2260 34
7588 1297 94
5124 7531 62
5124 4759 64
5124 2487 33
7531 5874 76
7531 7121 72
7531 1781 88
5811 2084 77
5811 1549 65
5811 967 77
2457 5836 32
2457 6568 7
483 4079 27
483 1084 97
483 9407 31
483 7896 31
4079 4451 12
4079 3873 86
3304 6521 48
6292 788 1
6292 1308 27
6292 4606 17
5121 5920 34
5121 4127 34
5920 737 90
5920 7965 16
5920 7284 29
1332 1222 49
1332 4993 100
1332 9714 7
8556 8816 70
8556 4625 90
8556 2844 55
8556 7229 96
8816 8337 6
8816 5435 52
8816 8663 68
916 6842 20
916 2627 41
4089 3929 79
9226 7561 98
9226 8044 28
9226 3434 9
6873 7263 23
9058 2410 87
9058 1205 96
9058 2782 10
2452 7391 39
2452 1089 74
4109 6519 33
4109 3305 20
4109 5924 22
7962 4425 68
7962 9451 56
7962 8634 46
7962 6565 73
7951 1687 98
7951 7495 11
7951 5537 75
7013 3218 42
5603 6202 71
6202 8636 16
4362 384 20
4181 6772 15
4181 4785 90
4181 9327 72
4181 1673 27
6772 3389 3
1705 8685 22
1705 1457 67
1705 7822 93
8685 3850 45
8685 8789 54
151 3496 3
151 3213 13
151 1473 34
151 9796 58
3351 4975 64
3351 3190 11
3351 9357 28
4975 8356 47
3139 394 88
3139 2414 88
1413 5911 1
1413 6037 4
1707 3254 67
1707 4501 13
3254 1940 30
3254 9767 83
448 8336 2
5977 505 99
5977 5367 21
5977 2154 95
8636 5867 20
8636 1814 2
2320 7803 78
2320 5655 67
7803 424 13
460 9902 93
460 9687 55
460 4724 49
1480 4379 94
1480 3825 93
4379 2570 47
4379 2583 91
3909 6592 49
3909 6381 35
3909 7623 53
6592 6191 62
6592 1862 48
6592 1016 76
6592 6881 26
3117 5966 6
3117 8960 1
2607 9903 83
2607 6635 90
2607 4116 19
9903 9547 91
9903 9129 41
9903 9809 46
3298 6788 37
3298 3637 38
3298 2317 73
6788 7710 58
6788 3850 20
4024 4693 97
9647 2365 79
1862 9153 93
1862 1338 35
9153 9643 46
9153 9220 20
9826 6268 8
5411 9899 92
5411 746 97
5411 8987 68
9899 6985 24
1987 2654 84
1987 1730 54
1973 6870 52
1973 7437 13
4665 7259 15
4665 2623 44
4665 2098 7
4665 6253 42
8665 9719 48
8665 2012 93
2092 8340 22
2092 7122 99
8385 9552 48
9552 3032 95
9552 366 29
9552 7987 72
9552 7476 49
7214 8243 68
7214 4044 48
7214 2260 56
8243 4263 1
8243 5556 92
1890 3041 66
1890 6319 58
1890 2701 15
1890 8606 51
3041 7896 23
3041 3339 19
8321 513 57
8321 9916 69
7147 594 74
7147 5228 8
8735 2865 80
8735 5746 79
3374 7003 73
3374 4104 59
3374 8354 25
1701 1483 26
1701 3960 73
1701 6469 32
1343 6054 64
6594 7380 100
6594 9560 51
6594 3082 46
6594 3052 56
7380 1805 18
7380 3082 84
7380 3660 54
6641 5200 73
6641 3525 1
6641 6879 28
2490 3571 55
2490 1344 42
2490 5223 86
2490 4167 70
3571 6856 12
1149 4103 45
1149 2583 53
1149 8888 11
4103 6596 63
4741 9649 86
4741 1672 81
4741 7927 58
9649 1443 68
9649 8675 93
9649 9267 19
3774 5823 53
4493 7403 4
4493 6305 60
8269 8572 93
8269 4996 100
8269 2499 4
8572 2487 49
8572 8544 73
8572 8185 50
8141 1156 9
8141 2011 89
8141 8549 40
2590 590 59
2590 5697 85
8827 852 42
8827 4450 16
8827 6628 56
1728 7543 78
1728 9865 42
1728 6283 38
1728 5000 9
7543 3463 16
7543 2127 71
7543 1708 59
864 6850 8
2851 6018 6
2851 1136 40
2851 2692 58
6408 6799 72
6408 5227 47
6408 3738 5
6408 8277 31
8185 9224 87
8185 1782 63
8185 3539 74
9224 8981 48
9224 1389 25
7328 156 55
7328 7290 16
7328 168 27
9181 5691 56
2597 4627 59
2597 5377 97
6312 7643 30
6312 446 88
6312 1002 70
6312 6524 85
7643 5350 36
7643 3109 70
7643 5542 27
6722 9201 26
6722 9170 25
8294 8578 78
8294 5561 57
8294 4481 42
8294 9305 96
8578 8770 77
8578 265 98
2138 4566 38
2138 9543 94
2138 5553 98
4566 1007 63
4566 8092 91
4612 5990 51
5990 4110 11
193 9525 35
193 2898 50
193 1866 48
9525 4188 99
4489 7088 7
4489 4275 28
4489 3004 17
7088 2070 91
7088 9215 93
7088 6482 25
7088 7793 82
1222 4699 76
1222 8839 100
1222 3641 100
1222 5292 14
2015 1360 56
2444 5849 32
2444 2111 32
2444 8873 13
2681 4212 53
2681 3115 85
2681 8698 90
2681 3608 62
2681 9252 62
4212 6257 39
4212 179 77
3487 1855 10
3487 2436 93
8679 1122 85
8916 8369 99
8916 1419 97
7772 3390 2
7772 9857 90
7772 8044 31
5581 8080 70
5581 1306 39
5581 5724 73
8080 8935 69
8080 6651 23
7237 8091 50
7237 3552 85
7237 3584 60
7237 2977 63
8091 1250 97
877 3032 53
877 999 4
877 6781 89
5960 817 35
5960 7298 15
342 2218 34
667 6132 33
667 8525 10
667 127 37
667 281 26
5620 5914 15
5620 8777 54
5620 37 18
439 2518 96
439 5967 29
439 9757 93
439 9603 76
2518 1135 81
2518 2306 66
2518 6024 90
7997 3482 40
7997 2102 2
1759 1517 53
1759 4743 73
5849 6151 69
5849 8478 40
6151 7767 70
6151 4774 54
6151 4022 89
7668 3623 24
7668 2684 6
8040 8980 90
8040 1969 22
8980 506 61
8980 5083 19
4593 6232 69
4593 5537 81
4593 2536 61
4593 852 73
6232 6662 80
6232 2723 34
8753 5978 28
8753 732 39
7770 1588 53
7770 7787 55
7770 1640 21
5175 3114 19
1241 8723 91
1241 9327 87
7298 1461 64
7298 4961 75
6688 3468 93
6924 3185 49
7448 2540 76
7448 2165 56
6332 2869 72
6332 7016 85
583 8258 42
583 7939 90
583 8188 69
583 7574 43
8258 7729 18
8258 9046 62
5070 7189 60
5070 4751 79
5070 5080 27
1603 7119 10
1603 4384 42
1603 8523 34
1603 2129 58
7119 1609 56
7119 3673 60
6498 8915 99
6498 4802 35
4193 6827 59
4193 1433 79
1418 2643 15
1418 4828 40
1418 6251 85
2643 3840 26
2643 2229 17
2643 5899 60
9415 6508 76
2058 8477 37
2058 1806 23
1935 8128 59
1935 5258 45
8804 309 64
213 2789 27
213 7502 39
2628 9862 82
2628 7791 91
5111 9052 91
5111 1128 44
5111 392 46
3349 9533 76
3349 7878 38
3349 9094 23
3619 9893 6
3619 3901 67
9893 9746 53
9893 9450 69
9893 1475 7
9893 3646 20
632 6406 60
632 56 92
632 6620 80
632 2965 25
6406 7297 14
3697 4117 42
3697 185 26
3697 5855 64
3874 5689 6
3874 5658 48
3874 4170 78
3874 5639 5
9438 6759 17
9438 7217 88
7479 9785 1
7479 1776 56
9273 7286 37
9273 1402 90
683 4761 26
683 4405 29
5608 545 53
5608 9011 29
5608 4572 55
3635 9618 73
3635 1172 94
4279 5821 12
4279 1526 92
7413 2007 5
1103 4999 42
1103 9208 56
1103 3114 12
1103 4903 33
7732 7204 2
443 4608 37
443 7809 60
3553 5201 44
3553 7519 85
3553 1320 36
891 6005 26
891 9242 46
5531 9469 41
5531 2741 19
9469 5808 23
9469 9897 37
4479 5408 26
4479 9877 100
4479 7223 11
5408 1137 67
5408 1677 97
5360 3417 77
5360 1352 81
7467 1781 5
7327 8736 88
7327 8391 51
7327 4445 64
7327 1172 31
8736 1049 78
8736 8523 46
1348 8558 85
1348 579 38
1348 807 8
8558 9094 56
8558 3260 74
2819 3154 81
2819 7186 100
3154 2420 47
3154 9265 96
3154 8067 46
8924 7648 79
8924 7553 88
5237 372 63
5237 8011 16
3180 4853 80
3180 2967 57
4853 6453 93
4853 3812 73
3722 9508 89
3722 3952 9
9383 6920 71
9383 1651 41
7304 9915 41
7646 8214 92
7646 1101 77
5211 8309 2
5211 2418 70
5211 8544 77
5211 641 20
8309 2180 43
6233 2945 12
6233 4696 43
977 4353 73
1928 5757 51
1928 4672 21
8165 9263 89
8165 7889 71
1169 4363 54
1169 6352 31
1169 845 54
1169 6512 62
4694 1724 29
3166 9627 55
3166 5904 22
3166 6961 6
9627 3709 61
9627 9178 98
9627 1687 7
6714 1007 91
6714 6257 97
2261 1593 79
2261 5092 96
2261 7301 70
2261 2073 39
7449 9614 44
7449 4243 63
7449 8332 43
9614 2026 7
9614 2472 15
9614 9464 14
1576 5136 38
1576 9568 71
1576 6907 56
1576 1024 76
5136 3362 79
5136 2507 12
4973 4632 25
4973 5100 16
4973 889 72
6866 857 12
6866 3235 28
6866 878 72
2529 7097 27
7097 1152 64
7097 1497 27
7097 754 13
7097 5391 90
194 2950 85
749 4154 24
749 8900 77
749 6855 22
7487 4246 56
7487 1308 77
1135 8054 33
1135 9775 98
3362 2910 23
3085 4696 34
4696 8374 16
1156 6778 1
6778 7889 96
6778 6682 64
9821 7633 23
4746 4645 44
5298 8038 96
5298 9340 94
5298 4389 71
8038 4128 57
8038 317 55
8038 1594 69
1583 2277 88
3749 6554 27
3749 9747 24
6554 7764 90
6554 3550 18
6554 2107 46
4337 6724 53
6724 4471 39
6724 3650 53
6724 6120 60
5981 9384 78
5981 7414 10
5981 367 72
9384 7482 87
9384 8417 43
1884 4834 88
1884 8239 3
4834 9548 62
4834 2537 98
922 8404 81
922 9442 11
3057 5630 54
3057 541 67
5630 4451 90
5630 726 58
5630 6393 43
1716 3156 45
3156 5140 53
3156 1256 32
3156 478 97
6661 2368 77
6661 261 43
1158 4377 33
1158 5794 87
9705 4392 100
9705 5248 78
9705 9245 23
9705 5069 14
630 3648 100
630 3466 23
630 4816 92
630 4049 66
3648 1801 82
3648 8974 20
3648 8727 98
3388 2714 77
3388 265 64
3388 9721 37
106 6122 28
106 7083 49
106 6868 60
106 1449 17
6122 454 47
6122 2895 34
6122 6219 89
1589 6479 70
1589 9168 59
680 6394 26
680 9928 57
680 1097 7
680 543 3
6153 8686 6
6153 634 49
8686 3856 81
8686 7009 17
8686 7497 46
8686 4760 55
728 5122 71
728 9989 98
728 8443 18
5122 9923 65
5122 9769 98
6073 3769 93
6073 6439 53
1599 7832 12
1599 716 66
1599 6713 88
7832 3248 93
7832 1475 32
2605 2406 38
2605 7505 14
893 4408 33
893 7251 77
893 4901 14
893 901 73
893 9326 61
4408 6682 85
4408 3382 12
4408 5817 60
9625 8392 33
9625 1075 38
6534 4541 66
6534 3243 85
2721 9629 8
2721 7824 41
9629 9086 15
9629 6110 48
183 9910 35
183 9982 77
183 7860 3
9910 7575 75
9910 5296 30
9719 9760 75
9719 9753 55
6638 8216 10
6638 4377 67
91 872 33
91 4260 85
91 3976 91
91 7620 63
872 8557 6
872 6874 68
872 8925 35
1443 8608 29
1443 58 94
8608 1000 35
8608 4119 28
7437 9143 82
3284 6680 11
3284 5815 51
5760 5034 42
5760 3663 11
5760 808 24
2500 2215 41
3890 9148 58
3890 7341 97
3890 1193 12
9148 4334 66
9148 3970 18
1995 6088 93
1995 966 23
1995 8111 29
6088 3618 20
6088 8971 69
6088 2004 78
5680 7747 20
5680 6427 30
8230 72 70
8230 8314 80
5601 9812 33
5601 3905 2
7177 7450 69
7177 8981 83
7450 6045 58
7967 8119 62
7967 8161 92
7967 9227 19
769 1847 11
769 6283 16
1847 6431 10
9385 2228 65
2649 5314 69
2649 5571 84
6853 6922 77
6853 1630 39
6853 3602 9
6853 8267 76
6922 253 45
6922 4051 93
2085 5701 34
2085 7488 59
3568 7942 57
3568 5879 96
7942 2661 32
7942 9430 61
7942 3647 21
2168 1266 83
2168 9726 10
491 4653 94
491 4100 27
491 6907 91
491 34 60
2603 9781 91
6552 2684 28
6552 7790 14
3681 1855 35
3681 1729 41
3681 1743 100
3681 4247 57
5566 2756 84
5566 7307 72
8484 7189 62
695 9923 27
695 4574 25
695 2151 70
695 7490 16
3564 9342 89
1086 9794 29
1086 4231 17
9794 3646 24
9794 8794 8
1155 1643 43
1155 2235 10
1155 8834 60
1155 5200 81
1643 4636 19
1643 4628 79
1643 8690 84
1643 1543 70
1744 7111 13
1744 3993 33
1744 1227 83
1744 7016 68
7111 7546 80
7111 154 14
7111 7287 36
7111 7078 6
5679 9816 95
5679 9731 46
5679 2663 65
5679 7216 63
9873 4765 53
2392 6115 72
2392 6068 87
2392 7341 14
2392 5223 60
5399 2251 96
5399 3294 42
5399 3052 65
8115 8459 45
8115 7606 97
8459 5690 90
8459 1879 99
8459 2586 12
8459 9923 68
1372 4757 83
1372 2002 35
7783 133 39
7783 3129 38
7783 8893 100
3007 7004 60
3007 2606 88
5476 9038 66
5476 9076 83
5476 9796 68
9038 2593 99
9038 2367 19
1948 814 49
2999 5363 58
2999 8544 2
6397 8078 66
6397 3435 47
6397 9425 67
8078 4334 34
8078 8513 64
1971 2726 86
1971 5302 72
6565 328 57
7138 9244 98
7138 801 28
7138 8892 13
7138 2248 6
9244 1598 67
9244 2317 44
9244 1727 97
3036 2484 76
3036 303 16
6066 4971 81
6066 2569 8
6066 9895 2
6066 7419 89
2557 8287 84
2557 2636 68
8287 7417 3
8287 9982 71
6194 7345 51
6194 5722 60
7345 9101 32
7345 3146 29
7345 2531 75
2733 1347 10
2733 4352 85
6404 8094 94
6404 1952 38
6404 9252 74
8094 857 65
8094 231 49
8094 8417 44
386 9875 75
386 8894 26
386 4247 24
778 8915 75
778 7171 61
778 4440 86
394 8656 38
9464 9205 95
7454 9234 53
7454 8548 12
7454 6832 78
9234 7575 75
9234 9554 10
1904 103 58
1904 7697 31
2354 3647 66
2354 8434 24
2354 5365 36
5157 768 59
5157 9137 27
7105 1469 67
7105 2783 61
7105 3231 48
4579 5749 16
4579 1055 10
4579 510 63
5749 7636 36
5749 456 52
4753 7622 59
4753 1501 30
4753 9316 89
4753 4302 65
7622 463 51
7622 5093 48
2390 8658 81
2390 500 40
8658 4401 58
4867 851 33
47 1651 33
47 6268 79
47 9919 1
6920 8495 72
6920 4563 68
8495 3927 89
3911 2068 63
3911 5371 7
2198 9777 10
2198 4760 6
2198 3393 45
9777 7216 41
9777 8663 28
9777 3479 14
424 4792 27
424 5451 58
424 7795 70
4792 2578 69
4792 9021 58
4792 1629 23
6767 7911 90
6767 1533 40
7131 8383 79
7131 4963 68
7131 1616 95
1442 1513 14
1442 2238 88
1442 9785 36
1513 5283 4
1513 6629 26
1513 9501 90
1513 6761 44
5483 6663 9
5483 8430 51
5483 3092 33
5483 6316 17
6663 7446 47
1610 7513 48
1610 7424 93
1610 1378 87
1610 9340 31
1610 9588 57
7513 6442 5
7513 3369 67
7513 5918 61
5365 4334 64
5365 4635 46
6671 5034 64
158 9158 29
158 884 65
158 8935 22
7216 3253 59
5527 5153 13
3123 901 88
3123 5672 57
9365 6857 2
9365 9874 64
3239 1510 80
3239 7034 77
3239 9494 13
3239 7825 1
2160 4912 83
2160 8073 6
2160 4434 53
3928 4285 37
3928 2725 19
1865 2905 44
1865 5972 87
1865 3700 30
2905 6315 55
7912 5714 17
7912 2079 65
2701 582 18
2701 7512 41
4072 6991 3
4072 5708 46
6991 4047 52
6991 7314 96
6991 1618 64
2012 8028 76
2012 974 64
2012 5110 30
2012 7348 100
8028 5192 81
8028 2989 75
8028 7954 13
1233 6600 12
1233 2792 73
6600 582 82
6600 8834 63
6600 9587 99
9742 4382 91
9742 5000 40
8576 340 66
8576 1588 46
1044 8718 58
2298 4143 76
2521 8844 35
2521 317 40
2521 12 76
8844 7561 42
8844 9828 33
4087 5020 31
4087 1717 62
5020 5610 80
5020 8588 93
5020 3610 48
9568 1182 16
221 7950 14
221 2323 40
221 3247 7
7950 7417 77
7950 2767 94
5431 9921 25
5431 3715 28
5431 1730 40
5823 8554 50
5823 5924 97
5823 8588 17
9312 735 56
6961 6286 74
5196 9965 52
5196 1680 36
5196 7747 72
9965 2382 83
9965 8662 19
3248 7079 90
3248 6918 28
378 7375 43
378 5342 9
378 1912 10
378 8102 58
7375 215 58
7375 992 6
5596 7358 16
6478 5460 44
9865 5412 82
7557 8148 98
7557 4018 47
3455 8311 13
3455 8947 50
8311 52 86
8311 5937 55
8311 7306 70
1141 2823 22
1141 7229 67
2823 5936 17
2823 2369 39
2823 735 78
3218 5644 52
4902 1546 59
4902 6938 68
4902 4160 13
6753 7122 65
6753 5227 3
6753 222 74
6753 6917 90
7122 8152 57
7736 1752 39
7736 3340 43
6929 23 82
6929 8756 84
6929 4294 42
5273 4469 1
5273 5720 53
5273 8645 7
5273 3729 63
1789 4333 68
1789 1188 37
1789 2843 10
1789 399 31
4333 4693 50
4333 6325 96
9710 3097 14
9710 5672 54
8862 323 80
7296 7342 40
7296 7099 23
5818 3496 46
1617 9593 93
6658 3373 57
1715 2290 63
1715 1729 25
1715 7166 14
1715 3832 96
2290 4786 80
2290 2485 26
6863 2454 4
6863 2114 86
6863 4226 36
435 1977 34
435 8670 61
435 8634 36
1977 1745 43
1714 487 53
2798 5822 68
2798 5613 12
5822 4343 3
5822 6382 12
5822 5621 94
4155 2181 69
4155 4927 33
1474 9933 18
1474 779 11
1474 9963 87
1474 4589 30
9933 7398 18
9933 6801 19
9933 646 8
1792 8277 10
1792 7888 1
3030 3920 51
3030 9321 6
5922 8267 23
5922 4689 2
5922 5824 18
8267 1629 55
4668 5649 41
3550 4955 38
2651 999 33
2651 8439 40
4967 9592 68
4967 724 47
9592 9119 81
9592 781 98
9592 359 64
3074 7195 1
3709 6051 39
1306 2467 24
1306 3420 11
9158 1736 76
9158 1645 72
9158 1283 90
5419 1447 46
5419 8351 27
5521 5380 47
5521 5454 69
5521 6747 54
5402 7426 97
5402 3263 10
5402 9327 25
7426 4882 58
7426 8668 73
7426 8051 88
8900 8199 56
8900 4512 77
8900 7245 100
1055 8478 84
1055 3 35
423 946 50
423 3671 95
423 4377 14
946 6287 36
946 4471 94
946 8293 20
8638 6385 79
8638 2063 56
2379 3131 57
2379 4914 42
8966 6042 23
8966 278 3
1974 1629 78
1974 2956 13
9289 484 95
9289 389 32
4628 6877 26
4628 2777 24
4628 3131 23
4628 9900 30
6877 2367 27
6877 3830 49
1354 8427 71
7501 8922 56
7501 5968 1
8922 7981 11
8922 2958 19
7015 2882 24
7710 655 67
7710 9186 46
7710 3264 16
7710 4255 95
8426 1429 18
8426 1284 40
8426 3260 11
8884 9527 92
3077 5855 52
3077 1563 87
3077 8845 60
5855 3554 54
788 9022 12
788 9589 82
9760 8073 27
9760 2491 17
8176 8845 24
8176 3339 51
8845 9759 41
8845 4515 23
8845 1711 14
8952 6316 16
8952 4141 14
8952 4928 75
875 7383 97
875 177 86
584 2287 20
584 2844 42
584 3182 88
584 7923 96
2287 1807 6
2287 4497 83
2287 7136 9
7818 3878 80
3113 6672 38
3113 8441 78
3113 4572 100
814 7747 52
814 253 51
814 811 54
5748 1181 87
5748 159 56
1766 5347 46
1766 1559 64
9408 9449 48
9408 5075 30
9408 9082 35
1205 7006 96
1205 7287 50
5799 7865 37
5799 6343 22
6271 6386 72
6271 3837 29
6271 1425 37
6271 7400 68
6386 3097 18
9765 7726 76
9765 2945 91
3135 6159 84
3135 9108 82
3135 3048 56
6159 1414 1
6159 5627 68
2997 7629 9
6207 9692 55
6207 9295 59
3199 7083 11
3199 478 45
3199 951 53
3199 6479 7
7083 187 87
5486 5189 55
5486 8634 75
7865 1426 79
7421 9046 20
7421 3082 46
9046 5971 52
9046 6326 9
3190 1682 30
5975 9784 62
5975 5005 59
9784 5076 58
9784 4796 19
7026 7204 87
7026 2480 30
7026 4207 93
7204 3856 55
9117 9125 14
2478 3764 34
2478 4302 24
2478 5786 73
2478 4636 53
4190 8189 4
4190 6231 51
3617 8131 60
3617 6042 96
3617 3842 100
3617 8144 20
3617 7791 44
8131 825 56
8131 1303 76
3144 7911 24
3144 9844 66
9997 9184 8
9997 3589 70
4384 9220 93
2219 6042 15
2219 9901 18
2219 6628 20
159 8442 91
159 5785 23
159 3098 60
8442 9270 58
8442 1075 52
4745 8430 84
8430 279 99
1347 6003 63
1347 1007 18
1347 5206 3
958 3547 45
958 1785 27
958 5315 38
3547 5502 19
3547 4270 68
3547 564 32
2535 9681 83
2535 2987 81
9681 4273 4
999 3867 13
6281 4276 9
6900 7488 15
6900 178 12
6900 5300 42
5192 530 74
5192 5667 81
1377 3881 65
1377 2967 87
3881 831 98
2714 8391 85
2714 6387 57
2488 6771 75
2488 4979 83
1856 6740 82
1856 5244 96
1856 6181 62
6740 2882 58
5729 6829 85
5729 7504 99
5729 5997 83
5729 8592 56
6829 8668 58
4889 9067 81
4889 7404 86
4889 3878 2
9067 5610 56
3651 634 92
3651 9247 57
8030 7830 57
8030 8998 67
8030 3642 37
708 2567 12
708 1002 29
2567 1518 57
2598 7882 64
2598 6847 19
7090 8815 47
7090 479 85
4760 3869 66
4760 8645 62
5909 103 35
5909 1952 47
139 545 51
139 5381 7
139 9232 45
545 3169 53
1059 7870 18
7870 430 57
7870 9589 4
6284 2964 87
6284 4749 40
7323 6165 61
7323 6650 28
7323 9043 23
286 7490 42
286 493 58
4678 5257 88
4678 5002 64
4678 488 11
5843 3744 21
5843 3646 87
6901 2907 63
6901 9406 32
6901 9590 12
6870 8350 7
6870 4101 77
5746 2013 36
5746 9349 70
5746 1244 100
3369 5264 56
3369 9928 7
5264 4317 64
5264 3411 93
5264 6249 85
1905 9343 84
1905 2795 51
1268 9082 20
1268 2788 23
1268 5765 72
6926 5332 69
6926 9512 50
6926 1092 52
1124 6120 6
1124 4128 96
1124 7954 92
6120 2974 53
109 1187 3
1187 2815 98
1187 2987 38
4572 5306 85
5306 9110 75
6306 6728 87
6306 8711 18
6728 4368 48
6728 6118 34
6728 234 34
6420 2432 26
6420 3238 80
6420 4276 75
6209 6795 17
6209 373 42
6795 4490 8
6795 4620 44
7717 8264 100
7717 4556 94
7717 3217 81
548 3565 92
548 9282 82
548 1500 7
548 7978 5
1190 9090 79
6755 5461 72
6755 7891 80
1054 2533 78
1054 4275 86
1054 138 19
2533 7074 60
2533 22 73
2533 7259 37
1250 2673 4
2411 4197 82
2411 4129 93
2411 9660 21
2411 8404 81
2411 2472 30
4197 1374 34
4197 2339 87
4793 6948 5
4793 2165 66
4793 4914 89
6437 8315 23
6437 5510 34
6437 5924 46
6437 1670 11
6437 8200 65
8315 876 56
8315 1694 1
8315 5301 29
5444 9557 51
9557 484 2
9557 3161 47
9557 1030 15
779 6771 63
955 9870 30
955 5744 39
4541 6908 29
4541 250 93
6908 8215 96
3551 6169 54
3551 1223 73
3551 472 93
6169 8297 40
6169 9957 15
8330 1382 96
774 2492 44
774 9393 2
774 7093 27
2492 3926 13
2040 6218 39
2040 2372 41
2040 8237 76
1028 9956 14
1028 7742 68
1028 1685 19
9956 8439 25
5769 9855 40
5769 9405 67
5769 6796 57
9855 1407 72
9855 807 32
8443 3079 26
8443 2473 67
5123 37 38
5123 5757 43
8883 222 83
8883 6176 56
1435 6238 41
1435 75 99
1435 6847 40
4991 5774 42
4991 2210 96
4991 5389 69
5774 4217 39
5774 1037 10
1801 2706 4
1840 6485 82
1840 1675 52
3042 3105 60
3042 3806 51
7504 3922 32
7504 9609 20
2531 9897 33
2531 4735 17
284 1271 40
284 1288 11
1323 5517 65
1323 7060 99
7553 8794 27
428 2210 57
428 845 37
9724 1668 86
9724 3818 29
9746 9035 57
9953 2583 68
9953 2164 64
2401 4261 10
2401 9950 69
2401 7755 74
2401 1814 64
7509 6111 22
7509 2195 30
7509 6697 96
7509 5461 94
1060 1394 37
1060 2334 88
1271 6604 38
1271 8313 4
1271 5337 37
747 4454 12
747 1519 28
5874 384 47
5874 481 97
361 5840 46
361 3726 17
5840 4779 32
5840 7773 70
1648 187 48
3046 1614 72
3046 8792 6
6005 2624 70
6005 5412 82
7099 1853 36
7099 5561 17
316 8699 30
316 4239 19
316 7277 8
8699 3871 14
8699 3286 83
1729 1842 24
1729 3389 13
1729 6289 8
4500 4554 3
4500 1544 14
4500 4589 29
8799 8985 36
8799 1727 98
8985 2691 47
6203 7598 54
6203 5381 61
6203 2148 63
7598 6620 25
7598 8162 100
564 8742 90
7247 7984 67
7247 1484 73
7247 9418 13
8728 579 62
8728 1177 99
2817 8745 97
2817 5704 40
2817 2421 34
214 6328 13
214 8675 40
214 2430 49
214 8335 92
6328 3689 79
6328 5470 34
8887 8990 69
8887 7795 48
8887 235 84
1730 7121 96
1546 8172 52
1546 302 28
7586 687 90
7586 6852 55
7586 6188 45
871 9459 22
871 3397 81
871 2523 57
9459 7314 23
9459 9667 55
9459 7155 56
7851 8355 46
7331 7466 43
7331 2981 91
7331 1424 59
7331 4352 69
7466 8871 10
7466 6266 78
746 7478 51
746 2865 37
746 7301 67
7478 5584 23
7478 9085 46
7478 9867 34
6747 311 35
6747 3592 85
655 2532 83
655 9185 69
9961 670 54
9961 8239 82
187 6707 19
187 6756 35
8500 7108 21
223 1263 88
223 9741 75
223 436 50
1263 1835 13
1263 8537 100
535 6742 87
869 5667 39
25 4332 54
7404 4419 55
168 7035 34
168 8662 80
6798 1360 34
6798 5302 9
3266 7929 35
3266 6938 40
5561 8965 43
5561 8602 49
5337 7611 26
5337 7498 77
3241 4221 78
3241 373 54
3241 5378 10
3241 2568 93
4221 699 15
4221 6218 42
4221 561 55
6315 6818 38
2788 6150 18
1860 8880 11
2634 789 63
2634 7970 10
2634 1875 37
3901 54 100
3901 5936 24
2425 3839 49
2425 8651 3
2425 7074 7
7150 9982 63
7150 3178 24
9982 5957 97
4949 6650 68
4949 6949 88
4949 9775 14
6650 1471 74
5714 8402 63
5714 8232 80
8402 7782 49
8402 8326 19
561 3836 37
561 7976 77
4485 5957 12
4485 7807 15
4485 2549 42
4485 8814 38
5957 8889 26
2578 7432 64
9566 6365 22
9566 104 78
2910 2162 49
3970 6450 10
3970 1227 68
3970 9667 8
6450 5090 90
6450 9052 26
9501 2537 14
9501 8383 89
1647 9132 8
1647 7664 64
1559 4092 2
1559 7667 76
4127 8777 46
4127 8460 61
4127 790 57
4127 89 60
281 2625 100
2484 9278 42
7744 8603 81
7744 4775 33
7744 7136 17
7744 8910 24
8603 3034 73
8603 9078 48
8603 6021 80
6934 529 60
6934 2487 58
6934 4167 74
1531 2906 94
1531 8351 43
1531 4209 56
698 6080 3
5208 7784 54
5208 9305 61
5208 475 77
5208 2070 18
418 9278 53
418 9194 95
418 6080 54
3873 6651 73
3873 1623 43
6651 7615 3
366 9759 95
366 6580 50
9891 5153 15
1111 3244 24
1111 4045 14
7222 8275 31
7222 2161 18
7222 1936 95
8275 4357 15
6868 3399 31
4780 9957 65
4780 5336 5
4780 5024 41
4780 9322 52
9957 6162 53
9957 6555 30
9957 9314 31
4996 6700 5
4996 9605 70
4996 3680 51
1670 3596 4
1670 9168 72
3596 1807 76
3596 2984 55
3596 5808 88
1179 7854 13
3567 4450 18
3567 9059 53
3567 4042 84
4450 9456 53
4450 2620 67
4450 5452 89
4398 2777 61
590 8987 53
590 3678 13
328 9006 10
328 6613 81
328 1929 21
9006 3494 2
9006 9078 34
9006 9848 77
5301 6832 40
5347 2974 26
541 7020 95
541 9305 18
541 6319 27
7020 2722 65
7020 2447 36
250 9225 7
250 5147 41
2306 6932 41
2306 8983 57
5633 7900 64
7900 1088 93
1629 9337 78
1629 4129 55
1076 7529 2
1076 7684 81
1076 5631 53
1076 2505 63
1076 8592 82
7529 4499 35
7529 419 56
7529 2139 56
4233 8983 60
4233 3184 74
4233 4609 78
8983 2169 20
2294 5651 72
2294 3922 73
5651 4069 73
9884 8438 12
9884 3087 79
9884 7003 48
3219 7146 93
3219 3919 42
5635 9139 55
5635 5103 48
1285 1622 15
1285 3286 55
2756 3992 27
2756 5824 35
2756 6117 34
3992 1136 28
3992 9699 57
3992 7207 42
1283 313 17
2406 461 84
2406 4774 55
9964 3233 88
4260 2469 81
4260 6808 14
4260 7318 6
5928 7223 49
5928 5482 89
5928 8746 6
7474 2606 89
6 2271 97
6 5610 16
6 7364 21
3029 7945 40
3029 2611 73
3029 6503 65
2812 6988 26
178 6513 67
178 9906 55
6513 9270 87
5675 9199 15
5675 2199 47
5675 8303 98
9199 3867 22
9199 8653 12
2151 7170 87
2151 5512 17
2151 7232 99
7170 2939 15
7170 1079 45
7170 8875 29
7170 7066 78
511 9547 98
511 6809 14
511 9692 33
511 9936 51
9547 1140 17
9547 9775 42
4040 2353 22
4040 6673 61
3647 7475 92
3647 1776 34
4620 8074 57
1301 7009 76
1301 3403 83
6108 7012 32
6108 4699 34
8637 7755 93
2459 4269 22
1694 4800 95
1694 8869 50
506 7660 85
7923 1320 16
3223 1889 91
1318 3358 52
1318 979 79
1318 8632 61
1318 2782 14
3358 8645 84
4261 1376 48
4405 9708 29
4405 9832 31
4405 8434 89
9708 279 99
8594 9170 42
8594 1743 29
8594 4933 23
5616 7153 72
5167 7964 69
5167 4815 46
5167 6856 81
5167 3758 84
5167 5223 64
7964 7084 9
7964 8510 67
7964 40 16
9678 2904 24
9678 4501 35
4610 6326 30
4610 3471 40
4610 5451 64
6326 4368 26
5381 7871 60
5381 5578 32
859 8218 49
859 6756 75
859 9822 8
7482 1723 100
7482 8839 51
7482 9239 42
551 6305 85
551 6290 61
8477 7457 18
6283 8255 94
4592 5034 32
4592 6393 24
4592 8532 46
3329 7754 5
3329 2876 93
9936 1256 82
9883 390 16
9883 5984 3
2965 2913 6
2965 3403 53
7647 9906 1
7647 2476 12
7647 8257 71
9906 7614 72
9906 2974 64
7495 6628 68
7495 9541 66
7495 1467 53
9605 7758 28
3251 6875 48
3251 6563 29
3251 3904 75
3251 2958 92
481 2594 55
481 8986 94
481 7767 100
2594 2726 73
326 1525 47
326 8893 35
326 3981 39
1525 9901 76
1525 929 60
4255 1330 99
4255 1088 86
17 3839 78
17 3869 37
2114 2181 68
3457 5391 56
7919 2582 36
7919 7284 15
7919 1541 95
6089 598 92
2715 4689 53
2715 1460 66
4689 1095 1
4689 4751 16
3575 3922 19
1632 5479 74
1632 7878 60
5479 1005 69
5479 2274 95
5367 9775 72
5367 5030 77
7075 5786 18
1170 5798 35
1170 4363 42
5798 7929 29
6800 3637 54
7548 1342 78
7548 5989 78
6438 7843 67
6438 3565 94
6438 1750 71
7843 2410 77
7843 2002 98
1619 8899 71
1378 4635 94
1378 3186 17
7976 2761 59
1003 7913 35
1003 9561 36
1003 500 80
1003 7833 73
7913 3673 94
5882 1940 70
5882 9167 57
9008 4682 74
9008 7262 52
9008 9904 99
2432 1484 32
2432 2698 60
8119 7004 6
1429 3941 51
3941 3953 28
3941 766 60
6928 9045 23
6928 2807 34
4018 1577 46
8821 7140 34
7113 6256 82
7113 8595 39
3260 2790 3
4828 3247 13
3032 2022 38
1212 6150 39
1212 5502 93
6564 9280 76
2684 9809 18
2684 766 28
7302 8553 15
7302 4525 84
7302 7250 53
8553 1866 20
2611 7428 50
7428 607 27
7980 8171 1
2050 7565 63
2050 2532 36
2050 7294 17
7633 3172 18
7633 2154 36
3570 5821 90
3570 52 60
5821 6542 66
5821 6254 2
5821 1487 13
1924 3921 91
1924 5316 54
120 7528 47
120 4880 7
7528 3217 100
3299 8741 90
3299 137 16
8741 6388 26
3393 2131 88
1087 3869 12
1087 3247 86
9178 5911 47
487 4031 90
9837 8103 74
9837 7343 75
9837 5282 53
9875 3987 34
9875 4720 21
9938 310 73
1016 7238 92
1016 1494 18
1016 2984 53
7238 2388 52
7238 5098 99
9989 9207 24
1990 8383 58
1990 5115 55
1990 4270 27
8383 2313 58
8383 3001 96
1866 6441 31
1866 2421 43
7290 9966 32
7290 5263 76
9966 5889 78
9966 6218 2
6051 8523 44
6051 3757 54
6051 7277 91
7250 8046 40
2095 6864 73
2095 1449 1
2095 4877 30
2095 3797 6
6864 8601 98
6864 2716 40
3506 9703 12
3506 3399 18
3506 5201 3
9703 1308 62
9703 618 46
7476 8209 48
7476 4054 81
1534 9602 62
1534 3812 53
9543 7022 56
9543 9207 17
4662 5203 19
4662 7615 46
5002 2144 68
614 5672 31
614 1229 3
614 540 85
5672 8351 15
6091 6439 98
4118 2987 90
4118 4343 58
9612 7049 67
9612 9319 72
9612 4539 66
579 3584 31
579 5169 19
3584 8193 60
2292 9193 79
2292 8380 49
2292 5698 10
3233 9159 15
3233 8656 84
1256 9819 36
1256 252 62
2152 8286 50
2152 1030 29
2152 117 76
2152 6723 45
8286 7929 71
8286 8925 43
5203 6867 44
5203 4295 16
5203 884 16
2983 6355 80
2983 582 93
9952 6617 97
9952 6967 71
2790 2264 6
7446 9252 42
7446 4419 49
8838 1698 37
8838 2365 22
6561 8355 100
8355 5464 9
8355 1736 55
3631 253 71
3631 4607 5
4939 5080 64
4939 9309 41
4939 7822 66
4939 4807 78
7036 7308 3
7036 6057 24
7036 76 88
7308 4123 57
7308 4789 79
7308 9984 40
7308 5994 26
6266 9129 28
6948 2686 16
6948 8116 40
6968 8160 43
6968 8299 91
3495 3286 2
4302 2215 92
4302 4129 34
1893 2302 9
1893 7938 32
1893 1001 80
1893 6683 31
2302 750 54
2302 2069 9
419 979 69
3 2969 46
2969 549 19
2969 6858 84
4699 2939 77
7863 5086 33
7263 1698 17
7263 6626 88
3750 7286 89
3750 203 94
3717 6219 38
3717 7098 85
3717 8027 51
6219 7734 84
6219 6418 92
2586 759 98
2586 6344 67
7796 6374 60
7755 8819 40
7755 5659 98
7755 9194 24
8819 2624 93
8819 7218 8
3404 4941 37
3404 4291 82
4941 3185 65
4941 3441 72
5659 5621 47
5659 9246 43
5644 2053 67
5644 2516 98
6825 8607 29
6825 2312 41
6825 7048 90
8458 211 82
8458 7614 22
8458 5970 98
7541 9240 4
7541 1872 86
7541 167 13
9240 1220 94
9240 8369 2
3093 5092 72
3093 7012 5
3093 3087 34
3093 6964 88
1724 8326 13
1724 9442 74
1724 4270 1
156 2215 34
2353 9155 27
7765 5186 45
7765 8772 80
421 9093 64
421 1089 18
421 7180 5
9093 81 79
9093 5059 88
3952 4372 65
3952 6576 85
4372 504 62
4372 2485 31
1152 7776 70
1152 9340 80
1152 4111 64
1578 2369 7
1578 690 28
1578 5879 25
8380 9944 89
8380 8570 10
8380 4860 11
8380 6842 69
9944 9848 88
9944 1566 86
9944 9979 33
966 808 54
7519 9615 60
7519 3326 97
7519 6662 11
9615 3929 86
9615 876 83
3563 4606 33
3563 6601 80
2480 6730 30
7749 7265 38
7749 4449 39
6378 9646 38
9646 2596 84
5025 5681 84
5025 3427 9
5025 3294 23
8460 7231 8
6601 6711 34
6601 9086 33
4855 505 25
4855 4128 64
8157 9498 33
8157 4787 87
9498 914 12
3370 4501 66
3370 7141 22
4501 2293 9
4137 5417 83
4137 8285 73
4137 5256 100
7934 6990 63
7934 6077 43
9785 4981 85
6343 6777 30
6343 2828 49
6777 9145 22
6777 6339 57
2150 4239 23
2150 1192 57
4239 3039 14
4239 7591 53
8042 516 94
8042 1475 41
3600 8346 88
3600 6302 100
3600 8060 31
8346 9250 88
8346 1637 56
8346 9433 3
3397 9053 2
8831 2515 34
8831 3918 52
2053 7880 54
9573 3472 90
9573 9635 90
116 4403 50
116 1465 85
116 7975 35
116 9460 26
4403 8711 1
4403 2393 84
9305 4183 52
6077 8167 53
6077 4326 36
3644 7490 53
3644 1723 12
3644 7874 16
3644 2854 53
7490 1762 66
6371 7670 6
6371 6477 74
6371 9560 42
7670 8255 6
5342 5363 21
5342 9185 61
5342 7502 61
5342 2595 51
56 6833 92
56 2658 99
642 4634 86
642 9616 85
642 2705 42
4634 9055 33
4634 9726 23
4634 7373 55
2245 1487 87
2245 8661 98
2245 5681 55
3917 9539 89
3917 3467 92
5889 2211 86
9022 7112 45
2559 5709 62
2559 2824 22
2559 2098 10
5709 2827 35
1831 6280 56
227 4368 11
227 8971 61
227 5194 92
4368 2207 67
4368 3412 94
2625 5016 49
2625 2062 34
2625 5698 59
5016 8777 14
5016 2964 82
5016 937 52
3846 4141 21
3846 8427 47
3846 2131 48
3846 8564 27
5315 7758 40
7758 7054 35
7758 9473 78
1189 6442 22
1189 6105 90
6442 9788 82
2037 3730 56
1151 6150 34
1151 526 35
1151 3228 48
6150 8734 92
6150 6017 69
5421 8723 33
5421 1889 3
3482 6515 73
3482 1137 35
3482 2454 100
6515 3441 69
6515 3664 32
4015 3128 92
4015 8107 47
3590 6672 5
3590 7782 18
3590 5701 52
6551 4807 5
6551 546 82
7269 4856 1
7269 6884 63
8085 7282 98
2945 2582 37
2945 5815 31
3819 2532 19
2876 5873 10
2876 3418 64
3641 9189 96
5407 263 91
5407 6606 95
5407 5655 78
5555 9823 52
5555 7202 20
5555 7414 80
9823 9722 41
3039 6291 82
3039 2534 95
6355 8399 49
1231 3769 28
1231 7811 13
1231 6833 60
3769 3412 83
3769 3434 13
9110 9126 84
9110 8055 87
7287 750 98
5856 760 95
5856 37 16
5856 6967 30
2293 9824 30
2007 2431 48
2007 797 23
2007 1885 70
2007 2991 43
2431 3412 5
2431 5661 66
7857 8796 6
7857 1224 28
7857 1586 48
7975 5905 78
7975 4882 86
7975 2408 21
2667 4011 2
2667 12 63
2667 3086 93
7108 2880 36
3912 7352 73
5244 3165 41
5244 7592 12
2157 8390 70
2157 7834 83
2157 235 41
8390 5393 81
8390 8649 62
2828 7811 69
3458 3441 87
3458 7583 11
2549 1422 31
5033 7383 35
5033 6278 36
7231 817 98
6182 9250 11
6182 6990 55
9250 8877 12
2276 5988 44
2276 5026 100
2276 1064 57
5988 8931 85
2981 3592 21
2782 9731 58
2782 3574 51
9731 8565 28
8193 7009 52
8193 1754 1
3700 2129 1
5572 6473 84
5572 1978 88
5572 1552 33
1211 6014 71
1211 5227 74
6014 5204 63
6014 6842 28
6014 9213 6
4886 275 52
4886 7352 54
5190 840 97
5190 500 50
5190 453 82
7207 4774 22
8723 8178 35
1394 2205 1
1394 8700 90
9399 4413 16
9399 6949 74
9399 1937 12
9399 9827 2
9609 3424 34
8951 4599 57
979 1611 97
979 5544 97
677 953 13
677 8508 6
677 2708 46
677 2086 12
953 6017 35
953 6280 33
2203 9808 21
2203 2118 81
9808 6574 53
9808 9145 52
1303 1419 14
1303 1425 2
1303 7 100
3818 7566 59
3818 5022 79
7566 8860 36
7566 1008 37
2842 5204 92
2842 2563 48
7829 9207 70
7829 2022 12
7829 38 27
7981 1075 37
4607 6679 98
4607 7074 36
6679 965 29
3552 7797 71
7797 252 33
7797 4185 54
857 38 86
857 5537 70
3726 1064 100
3726 1686 38
7048 6171 62
7048 7141 65
7048 3340 90
2463 8324 46
2463 7259 17
3471 1912 9
3471 234 31
3471 2255 62
3471 2907 5
8214 484 26
8214 6596 89
8589 9155 95
8589 5159 94
9155 5605 44
5547 1465 11
5547 5391 1
5547 2888 88
1237 2084 68
1237 8892 97
1237 8999 57
2084 731 75
2084 7678 17
2084 6256 96
9186 5837 1
9186 797 64
4129 9656 97
4129 6318 14
9656 3515 21
9656 5699 79
9656 5502 54
3419 8742 85
3419 32 45
5772 7368 68
5772 3736 72
5772 2415 11
5772 4104 8
7368 6583 95
2093 5051 48
2093 8403 43
5051 5517 72
5051 2382 16
9537 8261 59
9537 5813 9
9537 4755 95
3178 7927 57
9137 1734 57
9137 4134 42
5135 2703 30
5135 2473 58
5429 7537 19
5429 7936 49
5429 1875 69
7537 12 42
7537 4718 59
8909 1193 6
8909 4120 17
8909 5396 48
4515 8513 28
4515 5037 19
4515 5867 97
8513 8074 16
8513 2627 35
6068 7645 70
6068 1845 56
6068 488 41
7645 4602 73
7645 279 66
7645 9796 23
7645 3412 9
3896 5997 83
3896 4083 39
3896 5563 38
3896 1501 60
5997 3630 18
5997 9959 79
5997 1414 22
3937 3340 95
3937 1437 74
4581 1841 16
4581 2946 100
4926 8205 80
4926 81 33
4926 9382 21
8205 5435 29
2086 3425 72
2086 513 35
3425 9877 33
3425 9143 83
8054 1335 38
6162 6317 28
6162 9334 85
6162 2312 48
6162 4452 49
6317 1174 24
6317 801 29
6317 3974 77
6234 2443 77
6234 3974 3
6234 8641 72
5837 3574 66
16 6080 36
3983 2854 99
3983 8570 70
3983 743 20
1064 5026 45
1064 6820 96
5026 3920 63
5026 3777 52
5145 8260 62
8239 5174 86
347 5385 59
347 6662 7
347 3451 93
5385 7740 41
3211 3621 68
3211 2760 70
3211 5075 40
948 4250 91
948 6540 39
4277 5263 10
4277 9485 25
9660 537 8
3719 7910 95
2082 3114 84
1991 9149 64
1991 6191 34
9149 4762 35
737 827 96
737 7427 53
737 572 64
8877 3791 31
691 9341 91
691 1817 22
691 1931 72
3262 4436 24
3262 1645 30
3262 2493 63
9432 8465 5
9432 456 7
9432 4912 34
1528 2763 22
1528 5512 12
1528 1200 57
3257 7910 8
3257 526 46
8251 529 31
7627 5873 78
7627 2661 90
3427 9951 19
3427 9018 54
3427 1900 83
800 5878 99
3938 9874 99
3938 8232 13
3938 5773 74
3673 9734 66
4908 2443 41
4908 5813 3
9921 850 32
9921 6720 6
4644 9397 64
4644 5270 39
4644 1128 75
6999 7833 58
6999 732 35
6999 4445 39
8189 4972 25
8189 8121 33
5707 1685 47
5707 9685 47
3171 3730 17
3729 467 3
3729 4499 100
1616 2990 26
1616 5890 54
1616 4412 79
2990 5720 61
2990 689 16
7775 321 11
409 2978 60
409 2612 44
6298 1989 53
6298 3850 98
6298 6555 58
6298 7874 20
6333 7273 26
6333 1993 7
6333 9788 17
257 1630 83
257 7104 9
257 6214 90
257 531 57
1630 4513 85
8167 4473 7
8167 9603 87
6171 7533 21
6171 7054 64
8545 9861 84
8545 9085 50
8545 4476 67
8830 5713 25
4881 8299 94
4881 3452 98
4881 2068 70
4881 6980 26
8299 7297 30
8299 2882 83
8299 651 20
4757 7054 22
4757 2539 23
2323 6140 12
2323 7869 92
2323 509 26
732 367 99
1681 7148 35
1681 8374 14
1681 5968 49
7148 2541 52
7148 4128 77
7148 2636 69
7520 5103 32
7520 6511 4
7520 713 40
3037 6965 88
3037 3018 17
3037 6422 4
7945 6749 8
7945 7141 27
7945 8155 67
9763 9164 9
9763 1965 24
9763 9442 13
3515 6118 97
6118 1089 7
6118 1761 61
1269 8215 78
1269 4556 94
4128 1609 96
3926 2421 2
3926 7703 69
4357 1473 100
4357 4927 9
3961 5831 68
3961 9092 48
3961 1011 37
3961 1988 89
5831 4029 89
5831 7343 88
1727 3305 50
1727 8181 7
3269 7940 50
3269 5970 11
3269 8285 48
7940 3663 49
7940 4999 48
7940 9422 19
7940 8121 2
5897 2703 72
5897 2020 27
6969 5545 40
992 2334 59
992 1223 48
2334 2161 80
582 5854 19
6323 7926 62
6323 3382 46
6323 8583 67
6323 6146 50
7926 3806 37
7926 1805 10
1689 8274 23
1689 7149 44
1689 8739 57
8274 7286 39
9143 5061 57
9143 3501 48
8941 7636 25
8941 4064 36
1500 8875 51
1500 8689 92
4511 2880 72
3777 5013 39
5194 5873 78
5194 7272 53
5194 9090 30
5194 9832 18
5873 2951 34
5873 7136 68
7110 9221 25
7110 9673 55
9221 2384 70
5938 4586 94
4071 5544 89
4071 9342 58
5544 150 86
5544 1084 92
5544 5718 67
7561 8982 33
7561 7671 73
6049 9770 79
6049 7703 5
6049 9330 6
9770 1593 76
9770 2118 35
9770 1466 49
8266 9848 73
8266 5994 42
8266 2313 42
9848 4955 67
4334 4768 66
4334 9896 54
7882 748 11
7882 390 100
7882 7659 63
9589 3326 27
360 5759 41
360 9405 91
5759 4513 10
5759 9550 14
3844 3028 34
8046 6249 42
9094 2698 87
4762 5438 87
4762 3054 44
5438 136 36
5438 273 100
5022 240 71
5022 3055 19
2807 9682 83
2807 5978 5
2807 5011 41
9682 789 88
9682 1717 84
6238 8829 41
6238 6626 72
507 2372 67
507 1929 25
507 8215 100
2372 5868 95
2372 3869 45
7880 5653 25
7880 6124 32
7880 3095 2
446 9219 45
446 4682 32
7171 7729 90
7171 6689 63
7729 1447 7
654 6399 45
654 3655 30
654 9291 16
3976 66 43
3976 289 88
5324 2366 28
5324 9176 45
2656 4544 52
2656 2255 74
4544 4765 39
9334 7907 87
9334 5169 51
5283 514 54
5283 6059 30
5283 9146 32
2414 9286 36
9001 8466 71
8851 3934 91
8851 5595 27
1955 5786 50
1955 5396 20
1955 89 79
1955 4679 15
5786 5745 10
6860 4486 53
6860 1761 71
6860 8537 69
4563 8314 14
8314 6971 30
8314 3582 47
9582 3922 100
9582 4380 25
9146 303 92
9146 8530 44
9146 1571 72
5355 6035 38
5355 1084 2
5355 595 39
5355 5501 42
6035 573 76
6035 768 70
6035 5415 42
6035 4608 60
6801 1437 95
6801 4626 79
2887 1913 41
2887 416 72
2887 618 5
5314 6384 81
5314 3708 27
6384 9096 26
5978 713 22
5978 5266 59
430 6855 6
7278 1244 81
5787 5868 27
2541 2192 90
2541 8525 87
1385 4427 7
1385 4035 6
1385 2645 61
2350 6799 77
2350 1946 95
6799 5927 81
6799 8478 91
1472 4818 92
1472 7396 93
5697 9984 15
5697 7606 92
5697 4994 2
282 1903 24
9561 2964 22
9561 9907 2
838 2164 96
113 4914 78
113 165 68
113 5453 28
113 5673 99
4914 5097 21
8329 2824 15
8329 4146 92
1889 4495 72
4495 8693 24
135 9776 38
135 9368 47
9776 413 67
9776 9991 34
4705 1645 80
4705 8082 51
7726 4002 2
9407 6358 33
9407 7060 4
9407 1657 85
5405 6335 18
1752 7580 97
1752 5723 2
1752 6858 4
7580 8882 93
1931 2627 6
1931 7638 32
4203 4856 48
4203 6723 49
4856 2145 33
4856 7889 16
9590 8044 100
2200 9922 88
9460 883 44
81 4413 54
81 9285 89
81 2252 4
4413 6695 18
748 5890 33
748 1328 27
748 8629 99
8689 9706 37
9388 7965 25
7782 8646 26
4556 201 19
762 5753 80
762 3086 23
1336 2791 37
1336 1105 55
2675 7982 5
2675 4133 74
2675 4166 28
7982 2760 94
7982 122 16
2995 9297 25
2995 9696 22
2995 6481 76
440 6574 9
440 4421 36
440 2238 48
440 6061 74
6574 546 30
6574 3308 16
8099 6653 62
8099 2 64
8099 3813 100
2791 9096 56
2791 9397 20
9096 1614 20
9096 4058 42
155 4195 15
155 1180 4
2843 1497 42
2843 9673 32
2843 9389 90
6808 1675 1
6808 2147 40
6808 6613 51
6061 8333 68
6061 2931 56
6061 7563 93
8333 7707 43
3172 651 10
3172 1494 36
6481 1316 88
6481 7929 99
8090 9583 43
8090 3954 11
1510 2862 51
1510 1732 80
1510 6754 18
2585 6809 98
2585 5599 94
2585 1527 30
343 2584 91
343 2199 51
5904 3245 38
8894 2528 59
317 8559 82
317 2840 80
8441 8940 73
8441 8624 13
8441 8690 18
8940 8904 85
523 9522 48
8822 8071 59
8822 4035 80
4807 8492 97
4807 1403 11
9342 4188 35
6069 2827 85
6069 8624 13
4469 1034 34
5946 8113 23
8113 2882 50
8113 1657 87
5966 5539 38
5966 272 32
5140 5599 19
3764 2729 64
2699 8691 43
9431 3280 53
9431 9533 11
9431 5857 38
9431 7352 44
5858 9915 71
295 4209 95
295 2088 71
295 7191 92
295 3862 76
4209 4021 2
7432 8093 92
7432 2422 26
7432 9220 96
7432 6797 93
8093 5570 10
8093 3004 49
4171 7979 63
4171 3857 100
4171 9575 77
4171 885 48
7979 5458 28
7979 5440 55
854 3146 77
3839 2867 26
4451 3862 63
4785 7660 16
2806 5792 79
2806 416 31
6058 8849 37
6058 9484 29
6058 2026 32
6836 6602 37
6836 5313 77
3078 2861 4
840 6606 12
3637 6054 30
7965 3105 22
7965 967 66
7648 4947 46
7648 4141 15
161 6972 17
161 2102 82
161 3314 95
6972 5143 65
1403 3842 10
1403 4989 20
4789 6994 28
4789 77 29
4789 5235 2
4789 6390 19
6994 5424 78
6994 2836 56
6994 7251 14
6509 211 55
76 6110 47
6110 7187 64
432 416 27
432 7189 52
5970 7125 27
5453 34 24
5453 3280 19
3054 3253 83
3054 2738 80
3253 8371 91
3253 4929 7
6111 2036 98
6111 6393 14
995 5454 58
995 137 99
995 7260 13
995 4989 30
5454 8947 10
5153 5661 39
5153 5168 97
34 799 46
8580 3832 85
8468 2638 91
8468 2797 27
5093 5661 33
5093 5165 83
5093 1773 43
5661 3418 77
4963 3830 30
2512 9443 89
2512 5435 19
2512 1900 48
9443 2196 85
9443 1265 27
1723 9215 9
1723 1776 17
7058 8120 64
7058 9321 56
7058 2111 92
8120 2638 97
8120 4744 75
1419 2840 27
368 9247 9
368 8508 33
9247 5223 89
7888 6917 48
4816 6268 42
4816 9981 23
4816 9308 79
6268 7361 22
7223 6967 96
7223 4749 70
1092 5034 90
1092 1360 87
791 6697 55
791 1535 72
791 5984 46
6697 1717 68
6697 4481 63
3855 1096 60
3855 701 60
5332 7012 75
8739 9857 57
9857 8079 50
649 1841 2
649 1872 63
5092 8976 51
6816 8601 23
6816 3467 96
2673 7153 92
2673 2654 10
8692 9637 18
8692 9805 27
9637 2787 80
9637 6855 87
9637 3307 50
9637 7938 88
454 9291 79
8248 19 60
5512 5878 93
132 1449 68
1677 6305 24
6568 7814 13
6568 5578 61
6568 6693 81
7814 7060 13
7814 562 74
308 8525 32
308 8904 51
4625 8404 82
1940 7789 3
5868 9658 4
5868 6013 11
5868 2694 36
9658 6757 28
9658 6980 59
9658 5541 100
9658 1952 40
1830 4779 64
1830 7768 91
1830 8931 32
4779 8873 1
1614 6639 88
5304 9622 71
5304 3715 95
4629 7883 71
4629 4483 86
384 4870 9
4966 6295 63
4966 6037 42
4966 5989 42
6295 1996 2
919 5451 53
919 3475 20
919 7245 9
1855 1536 34
553 1295 84
1451 7146 52
1451 9580 91
9119 6820 80
9119 6383 24
3972 8003 99
1106 2223 58
1106 6039 23
2223 5098 15
1501 2752 19
1501 1518 54
2752 9265 99
2752 4951 30
2752 9814 5
3679 7546 7
9007 9088 5
9007 8200 20
4462 6842 71
7297 2537 78
7297 4929 49
6971 1944 25
6971 7182 86
6971 7195 44
1711 5578 61
1711 9396 9
3840 8431 39
3840 8438 99
8431 9814 13
4693 8118 15
8118 118 2
8118 7594 15
8118 5994 13
2248 5698 29
4152 8144 82
2705 3554 69
2705 6003 33
1240 5740 67
1240 3022 92
1240 825 20
5740 4877 12
5740 333 41
5740 9728 51
3630 7281 60
3630 9657 69
3630 2255 58
7281 3634 4
1424 1885 28
7799 9583 27
7799 2317 26
9583 3112 85
4120 6512 82
4120 4392 62
6512 6879 44
7990 4671 60
7990 1215 67
2450 4217 43
2450 1002 7
2450 4056 26
9915 1407 26
9915 544 29
165 8557 35
165 8565 98
165 6659 51
165 1785 36
7874 9237 100
484 9164 77
6629 6761 9
1389 4119 43
1389 7834 45
4119 5623 45
4119 3833 27
6075 1765 61
6075 2802 37
6075 9725 75
5809 2916 20
5809 1870 49
8798 6514 98
1493 3129 23
1493 2630 78
1493 7873 83
3129 7776 77
3129 6988 43
340 1460 99
340 8899 55
340 7907 88
1460 9858 45
1460 8209 70
1835 4586 19
1835 6754 94
1835 2665 56
3231 5424 95
5424 9215 33
5424 7719 75
5424 6480 55
2527 8011 96
2527 2792 37
2527 8172 42
2826 7180 95
2826 9345 96
8154 5270 57
8154 1409 67
3805 3830 85
3805 3608 94
3805 5470 85
5224 7656 32
5224 5282 97
7624 1697 84
7624 80 6
4100 5055 92
4100 6623 37
4100 1137 93
5055 8825 53
5055 339 15
1277 6106 29
1277 6887 35
6106 6875 91
8875 9473 21
6319 5511 45
1437 5048 91
5048 5625 90
5048 658 94
1659 4815 42
1659 6540 44
2725 8073 14
2725 9167 15
8073 4104 95
4513 38 40
4513 9993 3
60 7074 85
60 7135 35
6785 8584 61
6659 7475 39
6659 5272 39
6659 5736 13
6659 7817 64
3278 7067 48
3278 1594 49
3278 8359 81
7067 3043 89
7067 1461 60
4141 5942 61
1007 1276 85
1276 6514 49
1276 6637 97
1276 4226 61
7248 8590 10
4217 2154 90
801 2339 40
2339 4981 40
2339 790 65
9406 6613 31
6158 3424 13
2173 9358 65
2173 272 76
7815 675 77
7815 7583 21
1817 8971 95
1817 4235 82
1817 2637 71
1817 9981 51
8971 8731 71
8971 2460 70
9587 7078 63
9587 537 52
6827 6152 12
6827 8629 30
6827 9167 88
6827 4011 20
2283 1128 92
2283 5261 40
6749 724 1
7878 4854 61
7878 8041 75
3933 4020 96
7140 8071 83
1989 9054 17
9054 5989 5
7196 8657 4
7196 2090 35
7196 6952 54
852 1509 63
7114 3771 32
7114 927 87
7114 2661 75
7114 8787 26
9950 3999 18
7776 5200 80
5071 4735 40
5071 1853 69
5071 687 71
9819 6195 92
9819 8163 36
724 2341 70
724 7978 71
5236 9345 60
5236 863 15
5713 9959 29
5713 5535 75
9959 2098 85
3574 4287 36
3574 8814 51
6430 6045 66
4262 8548 13
2984 9668 82
2984 2783 48
6524 8792 95
2539 8285 15
2539 6124 32
2539 124 49
8285 1969 5
2366 5458 56
2366 2044 21
2366 1814 65
318 6117 33
318 1425 21
344 6382 22
1933 6381 56
1933 1139 76
1933 3582 62
1053 461 16
1053 6617 30
1053 6691 46
1611 6078 94
1611 2612 56
9575 4849 45
5300 7089 80
8261 5899 48
8261 7787 59
5584 8693 25
8693 7684 23
8693 7804 40
2220 3861 83
8199 2070 45
8199 9064 64
2679 6282 97
2679 4022 89
2679 5357 31
4258 2637 61
4258 2882 66
5942 1380 37
5942 3650 4
8663 1676 72
8663 9322 86
5458 9902 50
5458 6102 74
7403 3663 76
7403 3657 13
7403 6840 20
28 2178 70
28 4291 89
2178 3666 45
2178 7384 63
2741 1297 98
1708 3856 85
2967 6327 85
2144 900 8
2144 3736 12
2199 7871 90
2199 2915 40
883 9484 23
883 3479 11
1703 9409 28
1703 6754 13
8680 5589 57
7043 9349 40
7043 9029 80
517 7594 46
517 2593 26
517 2895 61
2022 9923 34
970 3411 38
970 8011 28
970 4166 29
3411 6096 68
8137 9919 45
8137 2121 87
4632 2316 100
4632 743 88
4735 8698 65
4735 530 96
4735 9029 12
6383 9548 1
8508 5076 74
8022 7373 73
8022 9824 76
2264 4525 65
2264 2169 60
2661 5836 12
2661 1200 78
5836 8537 91
5836 4677 96
2961 4841 8
735 7435 92
4682 889 34
8893 2024 35
1441 6254 71
1441 7165 18
1441 9219 7
1441 6361 50
4263 2974 20
7868 7120 83
7868 5725 46
1350 4116 10
1350 402 34
1350 5597 71
1350 2646 53
4116 8565 65
4116 7342 18
4116 9120 59
2367 2864 38
2367 7764 83
2864 3894 38
2864 413 9
1131 6640 2
9572 461 62
4804 5535 47
4804 1892 46
1079 4130 89
1542 9862 42
1896 9358 33
1896 3420 38
2536 3588 22
2536 3243 2
2536 1041 38
3588 9349 81
137 154 19
137 5945 49
7896 9481 14
797 6703 64
797 7938 49
6703 3263 67
3264 6796 16
3264 231 88
9832 6730 58
6236 66 90
6236 1453 19
5937 7667 21
5937 6262 13
35 1657 50
35 3131 28
35 6348 70
4429 9554 86
4429 4183 79
1853 4347 90
9816 1392 3
9816 2663 53
789 9859 21
789 6241 64
5658 7407 24
5235 9021 8
9021 2568 14
9021 3052 44
1320 3953 14
1320 3128 14
3953 117 52
2645 2694 44
3379 3999 99
7517 2895 42
4243 8394 68
4243 121 29
8394 1900 22
6809 5519 63
9207 5556 13
7488 8964 34
4989 3288 75
5276 2916 35
5276 87 51
889 606 52
889 4058 64
889 9043 37
2888 5813 90
2888 7542 50
2888 5412 80
2888 271 17
2153 8858 3
2507 179 18
2507 9108 88
2507 8559 11
4525 6982 15
4525 7756 43
4525 8992 71
6310 6626 58
6310 9787 10
6310 1946 28
8565 723 59
2363 8035 52
2363 6482 48
2363 2670 5
8035 1597 19
5490 2638 27
7424 2044 23
7424 8544 5
2637 5090 50
6707 6280 60
4425 4083 14
4425 7809 79
9861 8604 36
9861 6583 56
9136 215 21
9136 6365 65
4971 4476 19
2020 6891 8
2020 7294 41
2020 8413 85
2020 1637 54
8976 6224 8
9397 7273 33
9397 1936 26
9397 5785 62
2273 6024 86
2273 4768 39
2273 8200 67
8072 1181 51
9316 4343 12
9316 271 76
9316 1034 16
8896 9687 30
9687 9868 32
9687 4995 43
1563 1538 61
218 1095 31
218 5495 41
8209 3618 94
8209 3062 82
8209 2800 32
3098 1137 55
3098 9728 48
5510 9162 8
5510 8671 65
467 1527 13
467 6875 100
5625 7492 92
5625 3367 70
6467 6416 79
6467 6474 9
675 7768 10
675 530 83
5209 9618 41
5209 4539 41
1193 9162 97
1193 2088 4
1193 7338 85
2410 5147 48
2410 5376 17
8729 595 49
8729 4645 25
4111 5924 73
3025 5389 53
3025 7785 5
5389 6833 23
4377 75 74
8160 6214 76
8946 7342 23
8946 4220 83
7182 7864 11
7182 4603 41
7182 7659 68
1699 4786 12
1699 2368 51
8814 9101 95
1447 1829 32
1447 2447 28
1447 1034 30
4300 5945 51
9430 6625 7
9430 2070 72
8260 8425 63
8260 8003 36
8260 2453 96
8425 5110 91
6673 7705 78
5768 5115 24
5768 9580 8
489 9880 28
6700 6893 82
6700 9366 75
4849 4765 55
215 5139 56
215 9201 55
9402 6649 77
8690 7303 93
2933 4995 45
2933 1593 99
4995 1913 90
4995 4436 31
2215 8203 24
8796 3666 44
8796 4718 64
8815 759 9
7924 4229 97
7217 8590 94
7217 3791 70
7217 1319 51
8590 4187 24
1944 2912 70
1944 690 30
1550 6245 6
8743 8573 77
8743 4245 76
8743 1996 28
5623 9345 6
5623 1330 45
9349 3539 19
2942 8413 57
2942 8617 19
2658 6325 50
2978 5698 50
2978 4297 70
1388 9645 31
1388 4598 89
9645 4626 64
3043 1470 60
3043 3987 48
6396 4306 90
6396 5631 96
6396 5024 47
3115 7213 15
3115 1993 84
7213 5415 52
876 7275 67
876 2331 56
876 9420 86
3666 8255 24
3666 9139 57
3666 4187 10
8255 9456 19
7819 2763 93
7819 2677 16
4636 272 38
4636 1517 72
6224 5563 91
1680 7192 71
1680 7066 99
5034 8356 90
5536 963 100
5536 6431 8
5536 7457 25
5536 4415 42
488 4769 25
4769 2143 86
4769 5410 86
4769 9193 63
9685 4445 24
11 5461 59
3878 4475 41
3878 9082 57
9126 7920 50
9126 7260 4
4679 8986 3
1317 3490 83
1317 8731 62
415 2165 30
415 1586 11
1376 8964 60
1376 2786 3
8964 6253 17
1538 4882 66
1754 9297 21
1754 1736 27
9297 9508 51
7249 8828 11
7249 6365 27
2977 4730 30
4730 7472 23
6256 8908 14
3112 3642 97
3112 3240 29
3112 5030 56
3715 5267 18
3715 3366 65
3621 9722 72
3621 543 50
559 4554 19
559 4622 34
651 9970 32
651 3018 90
651 6655 88
3452 9345 33
3452 744 4
6245 2800 5
1913 5430 78
1913 8789 83
6861 9981 1
6861 1661 85
4069 1344 45
6195 2090 71
9922 7273 72
9922 1113 8
2036 5371 35
2036 6965 71
2036 7565 8
2692 2235 97
1517 7396 60
1517 1414 66
7707 8925 11
7707 1177 71
8058 118 36
7682 8770 46
7682 8051 55
2523 5553 78
265 9129 4
265 640 65
265 9843 11
9129 6932 85
9129 254 79
4380 8530 94
8649 8660 99
851 7371 47
851 7542 31
1972 4382 62
1972 7022 24
1972 4929 21
1972 9142 28
4382 9176 8
4382 9461 74
562 1004 43
562 1322 28
4410 6105 25
4410 4724 82
8711 8647 12
4539 5374 35
4539 5216 57
4539 6514 34
5374 2729 15
5374 3540 59
5374 2031 47
2409 839 72
4686 8403 42
4686 1543 50
8403 2204 15
5501 6198 52
5501 5905 90
2623 3315 6
3315 743 18
8856 4320 44
3423 5061 40
3423 951 65
5061 6479 93
5061 5593 90
1640 3182 10
1640 2841 31
1640 5090 66
20 4490 85
20 6272 43
20 9225 18
4490 1511 82
7324 7034 48
7324 9139 96
7324 1750 65
4763 5753 23
4763 9320 56
4763 7804 1
8982 1096 50
8982 2128 24
8982 2062 88
1004 7042 74
2192 4622 26
4956 6146 82
4956 263 89
4956 1549 36
6146 2469 1
923 8027 72
923 8447 86
8027 4933 94
3314 5252 89
3314 5553 64
5252 8880 31
5252 8937 67
5252 7873 42
4096 8671 87
4096 5589 31
4096 273 27
8671 6096 4
402 3052 80
6199 8954 37
703 1030 52
4543 3247 64
4543 7936 46
4543 7303 12
7259 2004 50
4449 3848 88
4449 6854 41
4449 2205 28
9616 4440 91
4195 3336 79
4195 4428 72
3934 5144 100
9907 9767 84
3086 7016 68
3086 572 29
9050 6373 53
9050 5925 42
1002 5227 88
1002 6529 58
6886 8745 26
8745 7386 16
8745 504 23
4452 8824 31
4452 6003 74
3650 2377 17
4094 572 11
4094 6286 22
863 5262 28
863 9796 19
5262 8734 77
4399 2110 9
4399 8873 75
4399 4710 32
7638 699 99
7638 3539 2
2487 5722 44
1220 3149 90
9613 6422 21
9613 5228 91
7871 6595 17
6318 4126 93
6318 2271 71
2312 5931 36
2312 1852 53
6720 6739 27
6739 8908 88
2824 640 43
2824 9035 22
8662 2166 8
3080 2300 28
8632 9722 88
8632 7477 86
9722 6115 45
4848 2895 57
5152 6302 44
5152 4004 5
5152 6841 75
6302 6124 25
6302 9843 45
2256 1978 38
5599 7939 88
3207 4818 39
3207 3316 7
4818 5571 23
2928 128 64
2207 3359 24
5597 9494 73
516 9960 93
516 2048 5
4454 8103 82
4454 2665 60
3424 7677 12
3424 9341 26
3424 7565 74
7677 4859 94
7677 768 53
280 1732 86
280 5925 18
1732 4146 62
3326 471 56
3326 6757 11
2383 3273 64
4146 2991 32
2732 7719 65
2732 32 90
2732 8342 46
7719 7790 19
273 8979 49
273 9898 44
951 7390 97
7390 8203 29
7390 2386 95
4774 9092 58
2083 8674 82
1673 2837 76
2837 8888 92
117 9042 27
117 2562 64
117 2916 14
9042 2931 14
1387 6388 59
1387 6439 16
6214 3270 74
4533 9272 71
4044 9775 59
4044 337 19
5654 6781 16
5654 5433 70
5654 7006 44
2384 5800 19
5800 6421 7
1265 9377 28
1265 8812 34
9377 808 90
9377 9456 86
9377 9896 37
3771 7265 94
2802 9696 8
2802 9528 64
9696 475 8
3134 6175 93
3134 6538 99
3134 1698 84
2128 8439 79
2128 5691 36
2128 6387 76
8439 4602 87
236 716 47
236 4294 44
236 1392 75
4759 4326 43
4759 4191 12
1674 4169 88
1674 5440 68
3390 7301 35
3390 6932 39
3390 9336 6
3390 2706 44
6858 463 54
1335 253 20
1902 4312 5
1902 5593 57
1902 5266 84
4312 252 35
4312 855 11
4312 4651 100
9193 9827 12
9193 2436 48
2127 2300 36
2127 7118 71
2386 5861 1
6693 8474 9
6693 1936 99
6693 3731 36
900 1571 58
900 754 15
8102 8573 72
540 9733 38
540 6887 74
540 4677 40
6711 6140 80
6711 1761 88
9196 5168 51
9314 2454 7
9314 6013 69
8000 3634 45
8000 5097 38
8734 8031 40
688 5878 96
688 2183 41
688 2107 7
4267 9208 79
4267 5216 64
4267 6485 22
5191 8670 52
9622 845 34
9622 1672 20
9622 3569 67
478 9336 23
478 4815 91
478 2148 85
4352 7358 57
6477 7035 14
6477 6417 44
7035 1338 46
9088 8034 93
9088 9371 35
847 5744 29
8332 7291 55
8332 6280 72
136 7003 74
136 1758 2
136 9781 44
9012 1422 45
9012 9522 75
9012 7103 72
5722 8296 50
3744 2558 8
3744 321 81
933 399 54
744 195 24
744 8423 33
744 8049 24
4276 66 25
103 5815 14
2582 2426 57
2582 3918 11
884 4928 77
3864 9686 61
1758 2841 63
2841 7492 94
2841 5655 43
6327 7094 79
6327 5794 26
9767 6943 74
6595 6612 82
6595 8464 83
6595 9461 92
6612 4595 29
6612 3638 96
7381 6631 76
7381 8532 64
2278 5701 99
2278 6369 88
2278 9497 89
2278 1346 39
5701 3793 89
5701 6431 87
7804 7260 64
7804 9580 18
994 7318 67
5110 9237 31
5110 2606 45
2596 8585 70
6365 8378 9
8378 1105 60
3646 6369 71
3646 3472 35
1407 7623 83
2349 4825 70
2349 2423 75
333 3689 29
4614 7042 93
1344 7232 53
702 6196 86
2898 5271 25
9209 7891 52
9209 3167 19
9209 5971 77
7632 8344 99
7632 618 8
7632 3109 96
7447 5655 56
7447 6605 97
9902 6081 20
8264 5464 86
7130 8544 71
7130 1527 35
7130 870 78
6335 1015 46
3004 7228 99
3004 4891 24
7228 1872 46
2316 3444 65
2316 794 96
3444 8871 11
3444 9481 44
3444 5461 60
465 4475 75
7977 5495 54
8974 3608 60
2388 5884 70
2388 8155 14
9123 5737 31
9018 9521 53
965 337 71
965 9516 8
9092 285 43
8257 8510 53
8257 8755 54
2606 3930 7
7173 626 64
1879 4526 86
3389 5563 1
7444 2304 28
1912 4336 90
8910 8532 12
8910 4609 55
5720 4133 88
547 5159 74
6376 9104 56
6376 6291 52
6376 945 16
9104 9769 2
7286 6341 81
1266 9005 45
4364 1402 70
4364 5027 16
4364 6902 75
929 5613 74
1512 6262 48
1512 7910 76
1512 2499 14
5711 6620 68
6620 2738 40
685 9089 39
685 5296 1
6757 9870 58
6757 6841 70
2271 2599 16
2271 6857 100
2271 2503 59
2599 389 64
2599 8071 56
546 1668 63
546 8218 50
546 1365 13
5888 9299 21
5888 8418 70
5888 315 77
5888 2195 35
9299 9327 55
3677 7960 34
3677 9600 68
2088 8237 60
2088 1868 46
9714 3742 31
9714 8163 30
8166 5593 56
4786 309 76
3643 9045 71
3643 5313 41
2011 2318 7
1567 6902 11
6902 8340 37
6191 8794 78
6191 9868 51
9762 4744 86
9762 6254 5
9904 7419 28
1975 5270 72
1975 7374 20
6832 7341 1
27 5588 40
263 2773 9
263 6906 100
1993 4841 25
8326 8517 28
8326 8129 65
8326 9539 34
8517 7187 63
8517 4938 91
8517 2930 60
787 3987 20
787 2895 64
5013 4351 56
5918 6385 80
4361 40 71
4361 2595 78
7358 5011 28
315 3146 67
6760 7615 94
4626 1444 75
4626 5857 28
9741 5607 35
9741 1066 59
3521 9227 99
6940 1018 7
6761 414 33
6761 2156 96
5322 9527 59
5322 9227 16
5322 9796 15
5322 7338 59
2720 3725 97
2720 5181 47
2720 539 80
3490 1393 20
9347 6737 96
9347 6796 52
9020 9971 94
9020 1533 44
9971 4083 70
9971 2510 100
9971 673 50
4825 2211 90
817 3589 46
2912 5626 97
2912 8904 61
2912 4775 20
2854 781 17
3095 39 3
646 3161 97
6640 9341 58
6640 4799 38
5637 252 15
5637 302 32
2162 9958 9
2162 3201 43
2162 9225 37
9958 9868 80
1037 3167 45
3167 9652 13
3167 3891 58
7089 4829 10
7089 2063 16
9981 3807 96
9981 1467 76
2313 9600 5
2313 9870 88
1678 2917 47
1678 2846 88
2917 179 100
5134 9979 82
3902 1365 84
493 272 71
493 9245 49
493 7084 14
8350 9142 66
8607 5417 61
8447 9788 79
8447 2063 30
5174 504 27
6943 7629 94
6943 1520 94
6943 7837 47
1829 9043 10
1829 6621 34
6786 3306 68
485 3638 81
485 8365 98
6448 9946 55
6448 5296 60
6448 8354 26
9946 4473 94
9946 8716 48
9946 124 90
2069 4499 98
909 2873 38
5653 2204 11
72 9757 98
3525 6124 4
5539 6543 42
5539 2180 61
5539 7192 86
6543 5432 22
8646 4595 13
4101 9422 9
4101 8720 39
4101 7830 36
8839 8415 91
8839 1946 24
8656 2405 97
9035 5647 93
640 1466 93
640 2126 84
640 9831 66
8034 2867 20
8034 3263 34
8295 7120 96
8295 1773 5
2989 4854 6
2989 5316 43
4854 9159 99
1954 2115 15
1954 5905 47
3960 974 7
4838 7270 69
5589 8785 30
5589 9877 14
5589 1316 19
6965 6037 75
6964 3955 77
6583 8356 65
2447 4891 74
2447 5718 34
1374 8008 39
1374 2537 28
9937 3126 24
372 7439 41
6373 1637 50
206 4594 61
206 133 83
206 5169 42
48 7795 38
48 9897 15
48 8324 62
4021 7098 2
4558 472 20
4558 2421 49
7012 4270 93
5282 9733 61
9733 3886 81
9733 7705 36
9733 1322 43
4773 1996 82
4773 2121 61
4773 755 94
3238 808 17
1668 1594 14
8379 4054 1
8379 8245 51
6413 7270 97
6413 945 47
6413 727 8
7270 4947 9
7866 1544 28
3676 2341 53
3676 3886 83
8123 6759 44
8123 2783 14
8123 7785 30
1805 9189 89
1805 383 33
9189 7920 2
9189 2062 26
2115 1465 22
9812 2169 42
9812 8847 37
9238 3316 76
8218 3189 29
2443 9621 26
2443 5649 16
2886 6296 96
2886 8647 96
500 2964 23
500 6575 86
5391 3857 40
8429 4756 65
8429 1623 83
5673 8129 34
8129 4229 58
46 1322 66
46 7161 93
46 9979 1
2776 6683 81
3944 8564 57
3168 2183 2
3168 1765 25
3168 7873 4
2595 9011 57
9011 438 61
453 5178 26
453 5143 65
6653 3728 80
209 6838 81
209 311 21
6838 3467 13
6838 8787 28
6838 4980 21
8660 3475 12
699 4020 6
699 4858 72
4401 5398 94
1622 3149 45
3149 6635 75
5417 6637 3
4645 6530 61
2846 8606 17
8369 4074 91
4123 5671 5
4123 1328 59
9414 413 72
9414 3664 66
9414 5459 29
1807 2169 61
303 3243 2
6887 40 29
1682 6418 66
1682 3963 71
7811 2516 96
6797 729 24
5588 3244 73
2205 1509 96
870 2420 70
8871 5861 4
4672 5083 50
9055 5607 8
9055 6818 5
310 3843 47
310 1393 15
2874 9043 95
2874 4969 20
2874 1476 60
5691 7649 73
3294 4609 48
4191 3728 41
4142 662 47
6936 7893 15
6936 2996 79
6936 3683 31
8172 2413 10
7306 9932 98
5143 9984 50
5165 6417 47
5165 5971 90
4697 7607 51
4697 5790 52
9540 8731 27
5676 8374 99
5676 5495 29
2331 7623 60
2331 4278 80
7623 1594 72
1197 2646 13
2048 2456 16
2145 4058 15
2145 894 85
4999 5452 45
6695 8114 37
6695 3418 70
6695 9405 1
8391 3660 56
9560 2218 59
9560 9085 32
641 8351 79
641 1319 99
1402 3758 23
4958 2289 33
4958 1393 44
5129 8911 56
5129 7106 23
9364 9859 30
9364 7342 53
5292 9673 40
5292 5410 7
2301 9420 46
9420 3916 36
7348 8530 49
7348 1762 18
1297 4841 47
1297 2511 55
4841 4979 17
2403 5879 80
2403 9876 65
8601 2920 77
5227 7251 12
4104 4754 67
8111 3022 50
9185 829 44
9185 7606 58
7112 2532 65
4306 6875 6
4306 1742 69
9541 690 46
8356 5522 65
1483 8415 78
1483 9176 75
349 459 40
349 2773 42
349 8762 38
459 3930 14
459 9147 76
459 3638 41
8215 1650 29
6152 5593 25
4817 2195 78
4817 4880 36
9858 4269 27
5954 1870 69
5954 7697 18
3273 6855 67
2638 9963 56
154 9254 4
2485 5378 46
5378 6623 1
5773 3905 58
7016 9141 36
7166 8794 9
7166 9734 49
7166 8641 40
8794 3545 48
203 6605 36
2405 1736 2
2405 9526 21
5395 1509 63
5395 6482 80
5491 4070 80
9859 8067 24
9859 6176 72
9988 5642 100
8954 8010 24
8954 8103 26
8954 121 91
2068 3466 62
2068 1586 2
7807 8554 16
7807 1312 7
6103 6881 27
6103 3929 77
2867 5302 64
2867 2491 45
9343 4113 4
9343 3894 50
1541 4054 81
5899 3832 13
2745 8044 26
2745 6081 75
2745 8465 31
7146 4188 23
2770 5263 100
2770 6631 57
9368 3244 54
9368 77 86
8465 8491 36
8570 4546 90
8570 7992 46
8570 2181 21
3435 2540 43
195 9280 42
195 6374 54
6458 658 26
6458 3757 28
2827 2706 60
2694 7809 75
7809 6633 99
5931 7678 65
5642 4512 91
5642 8415 84
285 9718 85
471 4246 50
1868 3804 60
2797 5247 98
3518 2937 8
3518 8979 98
4627 7393 17
4627 755 66
4627 4161 7
2946 1195 53
8584 8279 56
1195 963 44
1195 513 62
7183 6469 96
4251 9668 76
4251 3373 14
4251 3565 2
9866 8236 100
9866 8691 66
9866 5313 8
9319 1685 55
7052 3466 62
7052 5460 81
3683 9371 42
3683 6611 58
7653 6390 34
7653 1247 12
1247 7705 5
716 2726 53
716 526 93
2840 6325 65
2180 6452 51
7004 9728 5
2707 8773 28
9506 4004 14
9506 5272 65
9506 9521 16
7659 9303 98
7659 794 28
6042 9425 11
6644 6057 22
7000 4353 25
39 2156 4
39 1742 26
1174 963 61
9843 544 49
9843 4594 29
8486 952 60
4599 4064 3
4599 8336 65
6140 2670 4
6140 569 54
7387 2783 92
367 8557 50
8691 9294 90
8691 1661 2
8691 6045 5
9294 8564 64
9294 9236 87
3806 4064 4
3908 1433 81
9817 9087 7
9817 1761 62
9780 2026 35
9780 1015 41
2889 8163 28
7505 8177 74
7505 4185 96
6468 6820 65
8143 9526 70
3963 1288 29
2569 2612 73
4154 2327 98
4154 7282 39
8785 5867 66
8235 2773 47
8235 4073 7
8235 3514 37
945 1806 42
4092 8992 18
4092 8758 50
4092 4440 85
3082 1444 2
4546 1664 46
2787 3308 50
7938 8152 1
7938 7954 3
4428 7664 44
2111 8171 94
2111 8216 5
5263 6251 49
2862 662 66
901 2503 9
4724 7084 94
742 9078 10
742 1597 67
742 4980 56
9078 4073 54
3468 7054 45
3468 5168 80
8427 3658 94
8427 3671 35
9242 976 2
8850 5504 98
1097 87 52
3352 3731 97
3352 1566 78
3731 927 95
3731 2476 60
7936 19 66
7936 4704 41
3540 7165 78
3540 9064 1
3540 7735 29
7165 4272 33
1330 2467 29
510 1244 80
510 7629 10
3638 7834 75
1650 5522 38
1650 2044 24
1650 6639 71
5522 9059 79
9839 383 62
9839 1875 3
4055 6849 21
4055 6818 14
1478 8591 68
1478 6474 31
3862 8381 45
6542 8683 39
2204 6489 12
6683 1473 73
6078 5386 98
1776 9528 22
1776 5415 46
9528 9593 15
2937 9932 1
5968 4595 66
2583 9043 13
1577 5504 77
1577 7407 91
1577 414 12
5504 1461 23
5504 9769 80
5607 77 16
5607 4574 26
1041 1737 55
1041 3288 7
1814 2469 48
6869 3995 100
3742 689 86
6282 964 13
1593 1594 84
1593 8947 96
4622 4273 52
4622 2365 92
6621 1215 76
4979 5984 6
4979 2670 64
4979 8892 7
8915 1823 90
4473 4671 6
1380 7560 10
1380 1459 83
9516 3252 98
3843 8548 70
8107 7620 99
2777 2267 46
2777 4497 81
6188 9618 27
6188 5380 48
1223 6981 34
5201 9321 25
5201 5027 97
5201 8031 10
9321 9772 69
6604 7671 60
7983 9473 69
7983 3569 79
8268 4074 7
2002 3406 5
7590 2210 60
4710 8279 37
1823 6648 33
2426 175 26
1316 885 54
1316 1249 64
4595 3545 63
8619 6550 91
8619 9280 83
7742 8880 76
7742 2537 98
4347 5353 86
5271 1876 24
5271 5267 91
8825 212 57
1295 2377 49
1295 5037 86
1295 9201 96
5698 7712 23
1661 1900 4
1661 4728 98
1900 2393 82
3169 3067 27
6850 9457 45
4859 3331 24
6218 8371 70
1520 2211 59
6952 9382 23
6952 9539 27
9382 6176 26
9382 9263 54
8008 6080 44
7312 7094 26
7660 2584 40
2511 1886 42
2511 7704 82
5993 9053 9
5993 7725 29
5302 8381 12
8381 1000 88
4344 8303 56
296 7159 95
296 1467 95
211 3833 60
7697 9485 29
7697 2181 81
2803 7277 6
2803 1194 64
7277 1718 24
7277 825 59
1227 4166 8
2420 9433 19
2420 3993 91
8474 1382 17
8474 8041 2
8348 7754 45
8348 1571 55
829 346 3
829 6508 14
3306 9132 97
7910 1224 78
7153 8236 39
7153 8847 27
2196 8595 2
7120 359 39
7120 4110 49
8549 3263 48
8789 9880 35
8789 4743 36
289 1461 49
289 2528 56
2524 2516 52
2524 5835 57
8986 90 26
8986 2915 65
2930 128 35
2930 3434 98
2930 2218 54
1845 5563 90
1845 5357 53
1845 4056 8
4393 5519 54
5361 2071 63
5361 6995 100
8178 7181 93
5363 3610 73
5363 2734 45
3479 7104 5
7104 1487 24
1328 7063 73
5075 1018 95
3728 6723 100
3728 2304 52
413 410 9
818 9508 49
818 6115 12
8670 3331 8
8716 2395 52
8716 7175 85
8716 1457 49
3610 2387 84
2052 5725 98
4187 1886 93
4912 4677 14
4912 4160 23
4481 5189 1
4836 3920 38
4836 311 6
3097 4351 10
3097 9508 4
7383 8598 80
7383 7034 75
1422 4980 9
7149 4476 63
5336 6689 83
5336 6101 98
1533 4858 96
1533 7708 66
4858 463 30
4858 2476 60
2744 6185 21
8700 1066 17
8700 7384 60
2516 8335 63
3577 9330 58
3577 7106 38
3577 7591 97
3577 5014 24
9330 9412 25
9330 8559 94
7864 8051 72
7864 7398 74
1470 6737 19
6737 726 47
6737 855 99
2879 7837 69
2879 6981 17
7837 8237 96
7837 2951 65
4058 5027 43
3910 127 7
3910 6942 66
3910 2255 5
4968 127 44
8762 4955 10
8762 58 41
3680 6909 27
3680 1573 64
3680 556 1
6909 1194 53
6909 4933 82
6909 1191 100
7512 3828 81
7294 4594 45
7789 7175 54
8880 2063 95
7192 9827 56
7502 121 78
1382 2534 16
1382 4594 79
9877 9963 93
2469 2951 8
1773 464 11
1773 1598 54
9876 9433 25
2760 9162 32
2760 6605 7
3182 9737 99
2415 7134 87
5319 3193 49
5319 6287 78
4486 8003 19
4486 9643 97
606 5296 94
606 2304 26
8418 7708 35
2815 9914 85
8683 6611 9
8683 5704 14
5139 4723 88
5139 1066 33
9376 1066 11
9376 354 66
1852 8016 46
1761 5911 89
4651 1191 6
4651 3491 19
3657 7275 32
4031 4320 21
3184 2408 71
3184 9220 72
6253 9064 87
6253 1069 70
6253 1872 93
9064 3663 40
6147 9725 86
7373 1194 83
6932 8150 47
6932 118 90
2686 6399 9
6399 2505 56
6399 6198 99
4336 3828 43
3420 3869 21
3420 4594 43
52 8395 24
8395 1346 50
8395 7764 39
7790 1325 80
7790 2761 62
1011 9232 32
1011 8152 81
1011 9308 8
1011 9686 34
9232 736 80
9232 4677 27
1709 7318 45
1709 7756 41
68 6925 51
68 2904 92
68 2762 69
68 9524 15
1136 8583 64
1136 3689 59
1136 9272 75
2300 4802 7
2300 9068 4
2300 9393 48
2165 4571 14
1698 3165 4
1922 5270 38
1922 6287 65
1922 2763 36
9822 8528 5
4054 2407 35
3307 3671 92
2682 3813 88
7386 9272 95
1122 5097 46
5223 5178 28
5228 7202 59
527 6925 80
4051 3999 28
4051 4648 73
9652 9787 1
9652 5482 40
9652 9932 21
9497 1459 39
7784 9205 25
6990 3146 86
6990 1864 63
6685 9526 54
5884 9051 84
479 2716 72
2472 5181 98
2472 2129 84
5181 7822 82
5181 2615 34
8849 1270 70
8849 6081 38
1000 4294 48
2636 8960 60
7928 7869 35
7928 7656 53
9087 1368 12
578 8098 46
1409 4879 88
1409 6925 33
1409 5535 27
4879 974 41
4879 1305 54
2183 7656 2
2183 5758 97
3807 6163 9
8573 8718 80
1907 7734 1
1907 5945 61
1907 4870 17
7734 2468 56
8591 9076 1
5482 2267 80
6511 5331 58
6511 4167 20
4691 5542 38
4691 5376 57
4691 2466 83
4029 2698 23
729 2767 84
4512 2931 26
5267 7159 45
4743 731 56
4743 14 76
2540 7125 99
2593 1319 65
4257 5792 5
4257 3116 27
6045 7683 53
827 9814 56
9814 3955 2
7078 8236 66
7078 1609 19
7078 831 97
8236 6417 81
5386 1056 53
9225 235 9
1425 5575 1
5575 8571 12
8237 622 94
9621 937 52
7106 6743 38
7106 4970 12
6867 9089 50
9089 339 56
6039 4499 95
4765 3382 40
2950 8647 98
2950 2473 36
4751 7181 68
2883 5331 30
2883 8245 86
5331 6881 78
1346 8981 10
8598 5076 86
427 5353 44
6054 9285 44
6054 1096 25
9285 5578 55
4011 8232 1
2 3102 96
2 8998 8
5464 231 72
5464 4799 84
5464 7245 54
6774 1325 7
6774 5272 1
7191 177 61
414 475 70
3316 1697 94
9019 3494 4
9019 4476 43
121 5398 16
7134 9246 80
7708 2915 95
7708 6352 33
1338 8371 28
8371 6672 56
8371 8604 50
1615 8533 40
1765 6538 9
1765 6742 2
4245 8006 29
4245 7565 83
179 5495 5
4723 7907 14
4951 6482 44
1978 389 5
1978 2317 32
2620 8931 80
8297 1854 52
8297 2729 9
1566 14 1
1762 8245 21
6479 8873 62
2991 8041 17
5725 8010 41
8010 3618 38
7610 9704 45
7610 2558 90
4756 5393 76
622 1536 23
622 6623 55
8541 9147 50
8541 2073 43
8541 8049 21
9147 2251 90
7606 652 69
8186 6756 34
8186 185 58
8186 6489 17
8186 2996 89
5108 5641 77
8812 7498 93
8812 4229 47
6950 7787 38
6950 4269 20
760 8931 74
2351 37 64
679 4175 13
4175 2289 74
4901 5819 54
3366 9214 94
8203 9539 24
9718 3993 21
9718 3018 30
6093 2630 83
6847 5879 67
6847 3403 57
2708 4671 32
6874 8434 15
6874 5247 17
8434 7629 50
9721 4608 85
4573 5704 17
3629 6590 5
6503 7591 37
3252 1815 87
8344 7121 1
8344 5049 61
1916 7987 24
1916 754 60
7987 6021 45
7987 4585 96
2395 2737 21
2395 952 53
2737 224 88
2737 3126 90
7034 9237 89
8336 9919 34
4928 2663 53
5432 6422 54
2722 1892 1
2722 5545 50
3439 9337 35
3439 6296 34
7066 8067 41
7066 1393 62
8067 7195 50
4161 7989 7
6372 6884 98
8041 2665 53
5860 8293 51
763 3954 40
763 58 91
763 2423 96
3954 6418 21
3954 3921 30
9588 658 62
1718 1854 95
1718 2148 38
1718 332 59
9076 9600 12
9076 766 40
9550 7600 8
7063 3664 53
7063 2952 62
5502 9709 100
5114 9090 31
5114 3339 67
5114 2169 58
208 4700 56
208 5169 30
4700 93 9
4700 254 9
2795 3907 33
2795 7953 91
2795 6231 17
6198 5745 8
4145 4400 48
4145 2024 25
4145 9932 96
4400 9548 38
4400 2727 12
4143 3263 54
4143 4389 70
3244 5535 83
9170 7614 38
3848 8327 98
3848 1459 73
3848 5189 32
8327 5736 66
8327 4110 61
1188 5256 4
7074 7384 55
3475 6424 18
2131 5459 94
1903 3995 91
3995 3288 1
731 3365 7
731 1089 68
4042 261 72
7907 5024 10
7907 4117 49
2238 9303 69
9524 8423 57
9524 9827 34
6852 8114 51
6852 9828 37
8114 6854 73
2526 5115 47
6424 8602 20
138 7575 49
138 9686 37
6096 1543 60
952 1008 8
952 7992 41
1808 544 51
968 2368 41
1325 7357 47
7371 6341 92
7371 5115 12
7546 261 80
7546 3738 52
5835 9214 65
5835 6348 39
8098 9900 7
8882 3217 95
1573 5723 57
1573 3609 73
5649 8528 66
6489 7251 53
9478 2508 67
9478 8937 47
9478 4938 63
4415 5353 20
3467 4226 67
3240 3804 87
3240 8152 96
1312 4389 70
1312 4133 63
9168 6729 17
6165 3602 67
6165 2161 2
6165 9870 31
1638 9085 44
5641 311 36
3465 6289 6
4160 2421 41
3526 5808 87
3526 6102 71
9176 8746 49
73 3001 63
1947 1414 79
5149 6196 96
7873 8947 53
658 9635 70
598 3461 40
1049 2568 53
1049 8928 68
9618 6196 54
3491 5724 4
7391 2436 5
450 4961 86
450 87 4
3243 7785 74
93 7049 46
8011 9984 80
1453 3317 43
713 9805 49
1981 9059 62
1981 2107 65
7 8943 37
9286 3987 37
1128 7825 30
9880 1113 12
4250 1426 47
4250 6925 6
1544 2580 84
9396 3461 99
9396 6713 100
3343 1734 4
1191 7791 41
6185 2456 23
3288 6125 80
2132 7361 47
2132 3678 51
9602 2729 65
9602 7400 14
4635 6102 41
4635 9371 31
4635 3217 10
6995 5430 19
6995 2515 100
5755 7667 59
9309 6453 69
3832 5541 40
254 9692 22
8055 7419 46
2161 6128 84
1444 7576 70
595 7891 50
7611 8879 57
7611 7314 51
2786 354 6
2786 6970 49
3477 799 12
3477 9120 98
799 850 81
5542 6272 8
5542 6013 46
8293 9667 13
9667 7563 73
7251 8828 72
3813 9919 75
3813 3308 23
6625 1815 72
2318 5824 81
2318 2789 38
5824 8559 86
5824 845 61
4891 399 87
2408 6128 10
5393 4278 75
5393 6639 21
3247 3109 2
5216 3165 85
4927 9340 41
1743 4768 50
8188 3708 81
2825 4045 50
2825 2315 69
4045 1101 88
8928 9327 99
66 3365 4
66 3797 84
5945 8592 10
8510 7927 1
9897 1471 10
7472 6485 37
6820 6102 81
7817 4970 28
7817 8313 54
9456 3660 89
7828 5736 95
9270 9220 86
8024 356 4
8423 58 22
4768 7187 36
4768 1511 60
416 4993 49
6771 9916 58
6453 6278 14
5037 3034 42
1426 885 12
8651 8128 91
8651 8889 60
3116 4585 100
2716 8050 72
8050 7825 53
3999 1180 99
8708 9236 67
8340 8216 86
5545 7620 84
4728 6918 64
4728 6635 78
6918 9184 39
6918 6960 13
9052 8773 11
1937 9769 40
3919 4946 6
3919 3565 76
7275 5724 90
3128 6917 91
6729 6538 11
6196 6611 2
7684 5000 66
7684 6290 20
8413 6286 40
8727 4166 40
8727 8571 43
7175 8718 63
7175 2800 31
7175 7678 47
6649 3545 17
866 6884 41
866 3092 50
6884 6081 91
5519 6750 36
4353 4843 88
4843 7477 38
7126 7439 83
6723 8121 42
2869 4130 95
3126 3894 5
3894 7477 10
8296 8629 38
8629 309 33
3611 7740 53
7563 8070 80
5024 122 94
7094 5377 33
7098 5206 15
2317 8181 20
8181 1337 89
1952 464 39
504 6101 16
4273 8847 51
6759 3092 30
9295 7678 15
1494 9512 90
6296 8128 98
3224 8557 18
9337 1597 11
3451 7291 86
4571 7093 87
37 2563 13
2181 5854 3
5854 8532 24
356 6231 47
2515 8359 13
2515 3124 85
6427 5496 33
2503 709 34
530 670 87
530 509 70
9901 6530 26
9916 6754 56
3929 7361 83
5790 3514 65
175 736 76
175 1034 94
3403 1430 20
2558 1270 73
2558 927 30
9709 1988 94
9254 1485 58
9254 346 70
7084 9291 27
5272 9706 41
9142 7374 7
3434 6361 58
6361 6181 40
6361 3068 73
6361 4269 6
2915 1613 61
4308 3916 14
4308 8528 63
839 4589 80
2610 9051 68
2610 2430 18
9051 7155 95
9086 4434 6
8335 9120 90
8335 1430 51
8335 4317 86
9120 4880 9
2110 1785 34
6538 755 80
456 2314 91
3109 1182 36
6938 7533 55
6938 5595 17
5762 2850 44
5762 6101 55
1498 4946 69
3658 6324 56
4183 6262 90
4183 3114 21
6262 4529 47
54 4648 6
54 5605 1
4648 6393 22
2534 5967 21
2440 5430 28
5459 5627 55
9239 8824 64
8773 4602 47
8773 3067 24
9393 7374 76
1066 5256 84
4235 8559 54
4235 2024 70
8106 6416 13
8106 6960 34
5765 3102 66
7764 3105 93
3055 4326 92
3466 4903 95
8532 311 35
6719 2773 4
6719 6422 77
279 3034 31
389 8720 52
5905 5639 63
150 5076 5
150 2857 96
3930 1552 94
2369 3359 30
2369 4994 41
1471 1018 46
3757 1113 26
7683 5380 8
7683 7703 31
8912 6480 17
9132 4026 80
7992 3581 80
383 9371 66
463 6021 56
1305 4117 38
2315 1618 37
3018 3857 95
2098 7620 63
4229 2734 11
8746 6970 60
6385 7427 57
6385 7232 29
3655 2267 5
3201 3804 38
5647 4720 93
122 6960 47
9059 1288 84
2143 6452 73
2143 544 16
855 2792 1
2377 4226 93
6189 9484 71
1433 8624 96
8624 3062 9
4064 9214 50
7226 6289 62
9984 6339 47
2615 3399 52
3740 6128 80
4475 6290 40
4475 3736 86
9699 9457 96
6021 3124 32
6754 4073 83
5703 7989 33
4002 689 92
5612 5571 94
5612 9932 42
177 3501 1
177 964 68
177 2418 73
3501 811 45
1876 8720 98
6743 6980 13
6980 4170 79
204 6606 62
4802 9991 90
4802 9979 3
8981 9405 36
2407 8082 8
2407 8365 96
8082 2499 8
5570 2850 64
5570 9322 64
7607 3087 79
7364 7664 5
7364 9868 3
1601 4990 60
5967 5819 78
8150 4981 26
8150 5258 19
4070 6633 48
4070 6249 52
6633 8464 94
8756 3373 58
8756 9734 23
7049 2156 49
9164 8155 15
354 4113 62
354 2920 20
4113 8092 21
5433 6289 89
8006 5030 97
3725 2031 6
7889 261 99
9027 1686 10
2508 6241 57
2126 40 3
4569 1637 12
4603 9194 29
399 2154 74
7398 2528 56
7398 3905 36
6605 8528 84
6387 5084 45
5338 1414 11
5338 5655 73
9457 1864 30
1892 6117 1
2393 1215 62
9542 5100 72
5631 7498 98
6163 6013 90
5098 9844 10
5098 6128 95
5098 8772 50
9844 7141 74
759 4005 38
6555 7374 21
8074 2071 37
1319 3592 84
3592 9747 78
4026 6316 46
9657 1742 12
7314 2382 56
4980 9280 17
5270 790 22
4170 3308 11
4170 240 77
1536 1806 73
2499 9417 40
2327 6606 13
7243 7103 16
7243 2314 87
8031 2792 46
2154 3068 11
9737 4297 43
4351 1771 60
6080 14 72
8904 8324 34
1284 6469 24
1623 3582 74
701 2118 61
2413 4126 70
7260 7341 72
4169 90 36
6339 1988 41
8148 1001 70
8148 9418 91
1349 8399 96
475 3768 28
4929 5613 15
1313 6241 82
5717 9521 62
5717 9310 28
2031 1519 74
6289 7412 14
1337 3001 28
3768 4134 3
5605 8879 18
873 9925 55
873 2677 75
4126 2510 95
6117 8617 94
75 5745 87
75 7808 6
2456 6540 84
8016 8071 68
5660 3514 53
5660 3399 36
2418 9481 20
2418 9245 19
750 3217 39
5579 652 89
8417 4969 49
7822 9310 93
5867 309 3
2630 4434 54
4326 2491 61
3812 3496 82
3812 1519 68
3065 9831 11
4266 8970 88
9993 794 96
8772 5925 85
8772 1457 79
1815 3678 42
1113 8979 93
7565 2580 98
9282 9827 16
1569 9870 44
7767 4004 13
9267 5330 52
9267 6480 19
4005 1864 85
2255 4134 13
9214 339 2
4272 1675 74
5435 4720 99
7808 7093 61
5925 8759 87
5221 1476 6
1552 9045 60
9539 7159 26
3336 4318 89
3068 8438 25
9643 3067 32
974 1886 17
5699 6639 97
5699 9205 49
3084 4421 27
831 4919 66
339 8522 28
339 8824 32
9757 5496 58
6970 124 47
6756 8049 85
9412 8755 41
6175 275 67
5049 4969 85
3738 4837 28
9310 9451 78
9310 845 74
2865 4282 94
4282 3569 66
1096 2195 47
2387 3496 28
1628 9141 10
1628 6682 44
1628 4020 97
9141 2562 18
2148 5159 73
6316 1392 60
1609 4269 6
1609 6177 23
8759 5248 11
9356 9366 83
1485 7042 35
4020 2436 58
556 7393 54
8755 618 65
8755 22 36
1686 8892 55
5595 3087 15
6672 3062 98
5723 7725 99
9725 1490 92
5248 3473 100
2734 1224 68
6960 531 30
5496 8277 89
894 6988 27
8571 4805 32
7953 2079 41
275 7419 27
1215 87 71
8245 8354 54
2943 8121 26
2943 2612 17
8998 8879 83
526 5168 46
9417 4440 25
4990 8415 34
4185 2751 54
1457 7393 77
7740 9261 22
6521 6485 68
1511 3678 16
5511 5344 15
1030 1270 69
5380 5027 79
2836 9512 14
2260 2677 57
278 3022 10
22 7791 37
1465 8999 45
5452 811 87
7006 2646 55
2493 9979 28
58 6456 9
4295 2857 100
4295 4440 31
9261 5718 57
2267 6177 20
271 3092 62
4910 7125 34
