5000 12500
2239 4416 67
2239 4283 92
2239 2488 44
2239 786 22
2239 4750 94
4416 3923 19
4416 352 19
4416 4161 21
4416 4193 48
2251 3487 75
2251 928 61
2251 4207 86
2251 1028 46
2251 396 22
3487 4183 48
3487 1198 34
3487 945 65
3487 3771 25
2024 4262 37
2024 4853 85
2024 55 55
2024 995 31
2024 2153 49
4262 281 12
4262 273 48
4262 4148 25
4262 472 67
1222 1359 2
1222 2201 5
1222 3865 6
1222 2736 18
1222 3356 35
1359 1061 85
1359 3554 62
1359 422 67
1359 1078 95
1306 3982 50
1306 3694 4
1306 2956 78
1306 1522 19
1306 878 25
3982 2910 73
3982 4365 20
3982 3365 79
3982 3223 55
2481 3949 14
2481 488 47
2481 4340 32
2481 1164 78
2481 2052 97
3949 2270 29
3949 78 95
3949 932 1
3949 1929 90
528 1436 43
528 2619 86
528 3682 19
528 3131 44
528 4092 98
1436 2475 76
1436 3861 52
1436 857 27
1436 2111 93
1560 3569 45
1560 4979 96
1560 1280 29
1560 2976 4
1560 2714 92
3569 3113 16
3569 2278 25
3569 316 42
3569 4451 87
2635 3369 78
2635 4411 88
2635 1684 71
2635 4844 54
2635 1675 76
3369 143 69
3369 2863 53
3369 241 21
3369 4509 57
1680 3634 43
1680 4897 43
1680 2554 31
1680 2261 44
1680 2799 64
3634 1932 75
3634 1284 87
3634 3003 29
3634 1435 18
1907 4845 54
1907 1171 55
1907 4166 76
1907 2515 74
1907 3805 73
4845 1269 71
4845 774 27
4845 2198 45
4845 1750 87
563 3874 93
563 3542 7
563 4523 38
563 3163 50
563 3340 23
3874 1468 8
3874 3765 99
3874 1769 3
3874 3889 36
1289 3749 61
1289 1471 74
1289 2619 15
1289 3584 68
1289 347 83
3749 4803 44
3749 4292 27
3749 3043 62
3749 3131 43
2935 3072 74
2935 1042 25
2935 2089 22
2935 2260 53
2935 1112 60
3072 2796 73
3072 1562 14
3072 4264 17
3072 3214 19
554 1610 43
554 2019 94
554 888 84
554 4341 11
554 1805 42
1610 4814 28
1610 3568 78
1610 3370 58
1610 755 33
1137 3880 40
1137 4005 75
1137 1780 89
1137 3618 16
1137 4692 68
3880 4547 46
3880 3986 5
3880 1583 90
3880 4760 55
1521 2594 14
1521 1522 2
1521 2067 7
1521 3212 54
1521 53 19
2594 2441 54
2594 4969 37
2594 266 16
2594 3023 55
724 4236 77
724 2738 77
724 4334 93
724 3090 15
724 2437 37
4236 4711 6
4236 1162 35
4236 2448 7
4236 2677 12
2186 3213 73
2186 3096 60
2186 1496 92
2186 2256 100
2186 4215 2
3213 1029 64
3213 4525 26
3213 2840 73
3213 2225 82
1967 3849 89
1967 3521 100
1967 1401 2
1967 946 45
1967 3353 98
3849 3200 22
3849 2624 27
3849 3457 16
3849 3408 6
3359 4302 21
3359 782 1
3359 3788 25
3359 831 18
3359 2354 29
4302 872 68
4302 232 2
4302 123 57
4302 943 1
1167 3759 33
1167 3617 19
1167 1314 25
1167 1855 1
1167 3689 65
3759 923 38
3759 879 7
3759 197 22
3759 4397 27
878 3885 53
878 1024 2
878 4965 20
878 911 100
3885 2436 12
3885 3220 45
3885 3501 53
3885 4964 47
3505 4356 72
3505 4156 98
3505 4334 8
3505 3592 98
3505 538 16
4356 1710 28
4356 264 70
4356 620 35
4356 3773 22
1449 2691 51
1449 3751 89
1449 4274 41
1449 3661 88
1449 3711 77
2691 2041 73
2691 4414 52
2691 3133 30
2691 1761 53
134 2421 95
134 207 74
134 4797 11
134 1713 8
134 1955 71
2421 2473 48
2421 781 64
2421 3191 42
2421 573 22
248 1274 66
248 1178 18
248 4932 45
248 1476 12
248 3426 39
1274 1988 29
1274 4071 71
1274 1010 94
1274 1999 39
146 3478 47
146 2294 52
146 656 22
146 4980 86
146 2121 82
3478 2632 69
3478 2289 48
3478 562 72
3478 1403 72
378 4996 39
378 3454 28
378 1603 24
378 2305 11
378 204 3
4996 1185 32
4996 4355 26
4996 1620 61
4996 633 39
1627 4912 85
1627 2762 100
1627 4648 6
1627 1231 54
1627 2165 54
4912 1066 32
4912 4538 5
4912 4012 88
4912 2166 96
1880 2877 61
1880 3175 81
1880 225 84
1880 4892 75
1880 2204 47
2877 3510 29
2877 926 9
2877 1653 69
2877 92 39
1699 4034 14
1699 4225 19
1699 2001 67
1699 253 60
1699 4306 51
4034 3944 17
4034 4582 74
4034 4758 48
4034 1333 79
3065 3303 78
3065 4090 7
3065 4697 65
3065 4745 25
3065 4861 88
3303 2154 16
3303 996 49
3303 1961 79
3303 2345 66
522 3240 28
522 3091 30
522 4131 29
522 1601 100
522 4227 100
3240 3117 35
3240 4971 72
3240 2848 52
3240 1888 10
928 4645 47
928 3025 64
928 139 30
928 1945 26
4645 4373 27
4645 94 80
4645 433 95
4645 4161 15
1487 4380 21
1487 1980 17
1487 1898 36
1487 154 79
1487 3187 43
4380 4973 85
4380 3717 47
4380 4190 11
4380 1111 33
1771 3910 90
1771 4206 49
1771 3757 53
1771 2324 11
1771 2565 66
3910 2649 79
3910 2737 93
3910 4706 78
3910 4571 37
990 3345 29
990 1722 86
990 12 45
990 2387 98
990 2459 75
3345 2589 32
3345 3400 70
3345 776 87
3345 4726 80
157 2324 47
157 933 3
157 1366 37
157 1094 54
157 1766 17
2324 3052 73
2324 1497 51
2324 459 21
2736 4030 27
2736 3042 38
2736 2355 91
2736 841 57
4030 2721 44
4030 3551 16
4030 1212 67
4030 2540 73
408 3892 9
408 4787 88
408 4660 93
408 1309 33
408 3811 7
3892 1113 7
3892 741 36
3892 913 12
3892 2500 42
635 902 64
635 2984 69
635 4062 29
635 3393 52
635 1156 58
902 1953 69
902 1407 2
902 1389 66
902 955 44
3059 4949 27
3059 3165 19
3059 110 73
3059 3636 51
3059 192 89
4949 4007 48
4949 1992 100
4949 3559 32
4949 798 46
110 2212 1
110 320 79
110 2483 66
110 2342 90
2212 1538 24
2212 936 11
2212 1558 79
2212 916 3
2548 4770 6
2548 4130 87
2548 3746 54
2548 50 27
2548 4598 54
4770 4181 15
4770 1352 52
4770 2818 54
4770 637 82
447 3820 97
447 67 63
447 376 75
447 4083 97
447 3218 43
3820 871 29
3820 1542 49
3820 2713 33
3820 4160 82
175 3361 3
175 2435 96
175 2316 77
175 4396 15
175 3929 80
3361 3266 77
3361 4270 1
3361 2710 66
3361 1354 8
1008 1901 94
1008 2630 3
1008 4822 67
1008 2096 22
1008 3510 11
1901 4715 67
1901 269 83
1901 597 19
1901 4636 60
1529 3330 44
1529 2100 81
1529 1264 90
1529 607 18
1529 4885 21
3330 2007 36
3330 4195 68
3330 3720 46
3330 2676 57
1159 1316 56
1159 56 1
1159 3710 88
1159 873 71
1159 2979 37
1316 4995 39
1316 3026 79
1316 306 28
1316 2480 32
398 2615 20
398 938 18
398 2992 86
398 4215 19
398 920 74
2615 700 45
2615 3467 67
2615 4877 17
2615 4121 78
1413 3118 67
1413 2048 73
1413 4900 34
1413 3259 48
1413 3556 77
3118 2383 50
3118 1349 15
3118 3462 38
3118 3317 70
568 3063 11
568 1327 29
568 1942 80
568 613 54
568 2386 64
3063 4803 67
3063 3193 61
3063 492 96
3063 4771 35
1528 3105 69
1528 230 97
1528 2454 50
1528 3206 29
1528 3842 36
3105 913 50
3105 3785 32
3105 2972 10
3105 1908 33
4184 4277 83
4184 2614 24
4184 535 44
4184 4341 63
4184 3828 78
4277 3151 92
4277 3316 49
4277 4698 18
4277 2464 52
2417 2449 33
2417 888 55
2417 1581 65
2417 691 40
2417 4579 61
2449 1131 24
2449 4862 1
2449 326 29
2449 4024 7
1813 3274 35
1813 4407 52
1813 555 53
1813 4815 14
1813 3823 5
3274 3323 28
3274 638 40
3274 4061 45
3274 3421 3
2002 3927 66
2002 3377 82
2002 2448 65
2002 4205 45
2002 758 15
3927 877 36
3927 4916 23
3927 4108 12
3927 3668 83
303 4714 89
303 3471 17
303 1803 75
303 1494 20
303 3170 63
4714 1940 2
4714 1205 26
4714 1778 24
4714 3800 7
2576 2738 68
2576 2048 65
2576 80 60
2576 3663 56
2576 2613 22
2738 541 86
2738 2944 86
2738 215 58
3751 2773 63
3751 278 47
3751 791 64
3751 824 70
2617 2739 30
2617 4522 54
2617 4944 25
2617 917 84
2617 765 39
2739 2562 13
2739 4214 22
2739 4016 25
2739 4207 73
2080 4786 89
2080 45 45
2080 3152 27
2080 2712 56
2080 702 86
4786 3617 44
4786 3383 10
4786 1763 40
4786 3235 25
2221 4725 49
2221 2819 27
2221 616 3
2221 2365 31
2221 4199 60
4725 2598 22
4725 1689 53
4725 3637 66
4725 4494 97
1712 4619 71
1712 1566 14
1712 1100 36
1712 1581 26
1712 1505 38
4619 2200 21
4619 4336 48
4619 144 48
4619 898 19
356 1342 53
356 446 86
356 4867 70
356 3822 36
356 1787 75
1342 651 84
1342 149 91
1342 4204 52
1342 4103 84
4979 1350 90
4979 1115 26
4979 750 75
4979 1870 69
2429 2459 74
2429 4957 63
2429 3598 42
2429 3098 91
2429 905 48
2459 1787 19
2459 3335 2
2459 2640 82
1453 1884 85
1453 2814 6
1453 1444 24
1453 2804 78
1453 2288 86
1884 2581 24
1884 460 74
1884 2987 1
1884 504 93
998 2014 93
998 3229 60
998 3906 55
998 419 61
998 289 35
2014 2065 38
2014 205 10
2014 1033 9
2014 3998 26
731 2653 54
731 2633 12
731 4245 48
731 3926 96
731 3177 9
2653 829 35
2653 915 7
2653 2704 57
2653 4583 83
2435 1742 37
2435 1998 31
2435 3436 99
2435 4573 5
1968 3232 25
1968 540 88
1968 3703 33
1968 2017 20
1968 3978 6
3232 3833 9
3232 2075 17
3232 1622 33
3232 1637 24
2095 4505 97
2095 4305 27
2095 297 89
2095 3693 5
2095 3682 31
4505 3738 70
4505 1046 67
4505 2323 78
4505 4681 26
1892 4442 61
1892 2261 9
1892 1139 65
1892 147 45
1892 1084 27
4442 3048 86
4442 4050 93
4442 2026 13
4442 1471 89
3848 4708 24
3848 3246 41
3848 92 30
3848 4490 46
3848 1022 89
4708 4965 65
4708 901 16
4708 4724 69
4708 1906 56
780 4006 93
780 1956 65
780 2714 47
780 3423 44
780 4695 21
4006 1516 53
4006 501 10
4006 3912 3
4006 420 28
1021 2900 68
1021 3577 80
1021 3427 90
1021 481 20
1021 2377 19
2900 2876 29
2900 2321 11
2900 763 94
2900 261 17
83 4832 76
83 1198 46
83 1609 19
83 1626 55
83 1648 50
4832 4644 86
4832 4739 51
4832 3704 19
4832 666 12
2526 2742 87
2526 2931 50
2526 1591 8
2526 1309 20
2526 136 9
2742 4 3
2742 2363 99
2742 2227 96
2742 153 14
1948 2765 93
1948 1458 98
1948 3506 64
1948 2821 78
1948 2517 85
2765 445 78
2765 1215 84
2765 4775 43
2765 3532 28
4426 4456 40
4426 3724 66
4426 142 36
4426 899 70
4426 2161 85
4456 2623 94
4456 4958 22
4456 4873 3
4456 2667 44
474 2502 15
474 2971 66
474 3187 33
474 4304 58
474 1086 78
2502 760 65
2502 4100 25
2502 2268 96
2502 233 97
2968 3612 79
2968 723 7
2968 4956 36
2968 4758 14
2968 3040 92
3612 1877 66
3612 2817 30
3612 2214 100
3612 4814 3
1916 3981 65
1916 4178 37
1916 4773 52
1916 560 45
1916 2382 43
3981 1523 86
3981 3497 31
3981 4383 69
3981 3933 49
3052 3899 74
3052 3509 70
3052 190 36
3052 2958 86
3824 4765 23
3824 496 74
3824 4159 52
3824 3958 93
3824 4213 86
4765 2175 73
4765 3850 15
4765 4726 18
4765 4548 9
507 1632 16
507 2603 54
507 612 9
507 971 77
507 3346 46
1632 1745 63
1632 1936 48
1632 1474 58
1632 177 7
166 3554 40
166 2553 92
166 4579 67
166 4611 9
166 4245 75
3554 2188 97
3554 3013 56
3554 3877 26
2657 4918 65
2657 2132 49
2657 4251 38
2657 1630 47
2657 38 63
4918 3794 90
4918 999 1
4918 3293 10
4918 180 69
1144 4404 6
1144 2228 63
1144 2350 10
1144 1645 45
1144 1158 61
4404 1309 22
4404 2614 21
4404 2118 38
4404 491 91
1552 3475 97
1552 4428 81
1552 272 30
1552 4612 91
1552 2628 40
3475 3822 23
3475 813 88
3475 2923 65
3475 2119 42
1631 4522 19
1631 3557 54
1631 534 75
1631 4032 50
1631 4879 25
4522 4894 87
4522 4341 81
4522 3677 31
905 1678 78
905 4128 17
905 2868 34
905 1823 17
1678 602 3
1678 47 84
1678 2140 3
1678 3437 24
2400 3047 12
2400 2620 4
2400 97 99
2400 1973 86
2400 531 55
3047 3682 44
3047 3924 96
3047 2269 79
3047 158 66
827 2253 32
827 1186 6
827 3995 92
827 4364 11
827 1330 34
2253 1447 58
2253 4123 14
2253 4216 15
2253 4026 83
789 1732 8
789 865 33
789 3134 91
789 308 38
789 2219 9
1732 3214 96
1732 3152 11
1732 3870 69
1732 2627 33
1722 1314 94
1722 289 1
1722 2107 19
1722 2582 31
238 1629 18
238 1113 5
238 2271 49
238 729 57
238 38 68
1629 3470 93
1629 2746 8
1629 1022 43
1629 4061 70
587 4486 20
587 2451 49
587 1626 16
587 64 85
587 287 95
4486 4091 61
4486 801 51
4486 3194 30
4486 2377 53
3018 3325 39
3018 4182 37
3018 3869 86
3018 571 100
3018 735 26
3325 967 31
3325 4576 67
3325 1989 12
3325 3137 1
2970 4331 54
2970 4194 28
2970 3678 99
2970 3064 2
2970 1651 32
4331 4813 65
4331 4270 57
4331 4488 84
4331 4238 85
2598 3293 73
2598 4994 73
2598 335 79
2598 3250 30
1858 3932 83
1858 1235 73
1858 3035 81
1858 2462 46
1858 771 8
3932 4348 45
3932 646 19
3932 3070 65
3932 4921 87
1486 2303 84
1486 860 46
1486 897 7
1486 2365 61
1486 3592 16
2303 2129 66
2303 2351 28
2303 4928 39
2303 1107 36
182 2451 85
182 3424 82
182 2411 62
182 2588 60
182 931 83
2451 91 72
2451 4862 7
2451 611 73
1295 3526 69
1295 4960 13
1295 4667 17
1295 506 1
1295 947 43
3526 199 17
3526 3842 72
3526 3395 59
3526 989 88
1135 3308 60
1135 3730 38
1135 1287 94
1135 2032 1
1135 478 23
3308 4460 56
3308 988 22
3308 583 15
3308 2382 55
235 1294 55
235 1214 8
235 3920 23
235 3725 23
235 3459 6
1294 1761 2
1294 1763 79
1294 4992 74
1294 3937 54
2358 2757 10
2358 2205 85
2358 1851 79
2358 1271 7
2358 3197 17
2757 4643 21
2757 625 43
2757 1812 26
2757 4153 25
551 4011 31
551 540 44
551 466 25
551 128 66
551 4168 96
4011 4938 31
4011 2261 91
4011 4623 62
4011 3477 17
2621 3396 23
2621 1992 84
2621 3681 70
2621 1030 76
2621 3825 45
3396 1674 84
3396 2151 4
3396 908 99
3396 4934 3
747 4889 78
747 4515 100
747 4193 55
747 3695 43
747 2923 22
4889 4775 93
4889 2492 75
4889 939 14
4889 3103 44
2003 4515 12
2003 300 75
2003 304 35
2003 4844 39
2003 3957 22
4515 4001 32
4515 3965 57
4515 3567 85
2189 2719 12
2189 1822 24
2189 237 59
2189 3904 92
2189 4811 64
2719 1626 97
2719 4675 74
2719 3488 99
2719 662 70
3536 3961 58
3536 3089 36
3536 3494 67
3536 976 100
3536 2243 92
3961 370 88
3961 2465 58
3961 4350 65
3961 2868 42
310 2636 58
310 2007 41
310 2211 100
310 3561 66
310 4047 64
2636 2938 91
2636 934 14
2636 2474 82
2636 2827 47
1569 3011 22
1569 3606 95
1569 2835 51
1569 2887 46
1569 2700 59
3011 1072 23
3011 2500 25
3011 1747 35
3011 4510 18
884 2908 96
884 4527 82
884 790 12
884 1271 67
884 956 56
2908 2610 51
2908 3238 21
2908 1965 21
2908 4956 20
1687 3003 89
1687 3112 42
1687 1243 10
1687 1361 94
1687 21 84
3003 4147 80
3003 4809 67
3003 1888 82
1458 1054 90
1458 801 43
1458 3658 3
1458 2749 92
3724 4170 67
3724 3054 54
3724 1219 49
3724 2631 69
2418 3976 6
2418 1634 26
2418 1112 52
2418 4785 89
2418 1595 20
3976 4155 85
3976 3392 45
3976 2466 36
3976 1583 37
3774 4018 31
3774 1548 60
3774 1150 71
3774 589 59
3774 1557 20
4018 1503 22
4018 2203 60
4018 380 31
4018 4642 32
69 4910 52
69 1106 95
69 4550 99
69 432 87
69 3685 3
4910 4683 36
4910 2344 37
4910 1792 8
4910 2872 53
1244 4648 73
1244 4520 62
1244 2560 90
1244 4530 35
1244 363 35
4648 502 57
4648 1130 63
4648 2832 23
2285 4349 56
2285 4678 93
2285 4491 83
2285 1307 92
2285 4855 51
4349 1814 64
4349 4562 94
4349 58 78
4349 4368 87
1101 4828 62
1101 1303 13
1101 1775 79
1101 1898 30
1101 2881 78
4828 1211 93
4828 1846 38
4828 2204 46
4828 3725 56
1108 3555 90
1108 1425 15
1108 4629 99
1108 2213 1
1108 4005 11
3555 286 100
3555 653 92
3555 4270 9
3555 1056 25
1402 3773 97
1402 4092 2
1402 253 22
1402 309 39
1402 1981 92
3773 638 23
3773 703 47
3773 797 30
161 1466 25
161 4829 95
161 4756 87
161 444 52
161 4618 1
1466 2974 33
1466 3070 26
1466 3742 5
1466 839 88
1890 2773 41
1890 2786 65
1890 2 91
1890 3141 81
1890 3790 84
2773 4732 71
2773 3561 52
2773 3312 85
1360 1790 87
1360 4507 86
1360 199 55
1360 3800 17
1360 2069 60
1790 3107 3
1790 909 79
1790 285 92
1790 4228 18
140 4561 41
140 3448 61
140 4969 31
140 974 6
140 1204 19
4561 4568 83
4561 3360 5
4561 4178 25
4561 1353 26
978 3445 74
978 1282 59
978 3422 23
978 2415 23
978 1370 2
3445 3485 61
3445 2409 96
3445 4781 66
3445 2444 76
3068 3977 70
3068 3086 23
3068 4377 89
3068 2025 59
3068 3556 35
3977 4095 87
3977 2267 2
3977 1033 12
3977 4805 99
2416 4051 9
2416 4657 65
2416 3398 10
2416 1408 24
2416 809 2
4051 4125 79
4051 1789 87
4051 4466 78
4051 312 48
1793 4826 63
1793 1984 52
1793 4335 99
1793 518 19
1793 2934 65
4826 2520 25
4826 3227 77
4826 961 72
4826 2087 22
628 1346 97
628 1231 65
628 727 31
628 647 70
628 2231 77
1346 2236 9
1346 1966 88
1346 1200 89
1346 2187 57
2058 4343 90
2058 3152 15
2058 2379 4
2058 4111 30
2058 2500 83
4343 3572 82
4343 2817 28
4343 2609 80
4343 650 94
4022 4470 24
4022 4971 38
4022 2050 21
4022 882 71
4022 925 36
4470 108 82
4470 526 7
4470 3679 93
4470 3132 53
636 2927 25
636 164 3
636 3697 12
636 2234 1
636 539 53
2927 453 28
2927 2518 64
2927 3300 57
2927 3368 80
997 2677 96
997 3581 7
997 377 65
997 4800 59
997 4327 76
2677 1116 75
2677 2353 14
2677 2198 7
899 2105 62
899 3026 54
899 3314 52
899 4658 10
2105 850 67
2105 3463 28
2105 2345 42
2105 4311 67
4849 4922 39
4849 3859 18
4849 3979 15
4849 3928 81
4849 3309 53
4922 832 18
4922 4782 56
4922 897 55
4922 2060 77
1919 2198 22
1919 4322 5
1919 1025 65
1919 2150 60
1919 3188 37
2198 2948 61
2198 114 55
1396 2157 77
1396 2064 97
1396 4789 15
1396 4657 45
1396 1666 97
2157 4812 57
2157 4266 72
2157 1014 83
2157 3254 9
3813 4067 67
3813 2953 84
3813 717 92
3813 4172 22
3813 614 12
4067 4512 77
4067 2006 100
4067 1321 90
4067 2097 37
243 488 64
243 4716 58
243 95 54
243 3837 87
243 2138 26
488 4647 98
488 4372 37
488 2192 59
645 3915 94
645 2564 89
645 958 4
645 3318 62
645 2329 67
3915 465 5
3915 2752 80
3915 2612 48
3915 2037 77
1839 1909 92
1839 1206 78
1839 3883 43
1839 4804 15
1839 4788 23
1909 667 2
1909 125 15
1909 634 71
1909 2396 94
2436 2934 69
2436 4854 43
2436 2140 5
2436 3087 66
1541 3006 12
1541 1254 62
1541 2791 71
1541 3520 100
1541 2904 27
3006 2625 63
3006 930 31
3006 1379 77
3006 3123 8
894 2441 39
894 1741 99
894 4901 37
894 599 85
894 3407 72
2441 1218 43
2441 865 63
2441 4810 95
718 4659 92
718 2306 71
718 168 98
718 53 67
718 1915 82
4659 3437 78
4659 1005 18
4659 73 24
4659 324 8
546 1169 68
546 2471 42
546 4307 5
546 4473 3
546 1697 90
1169 2430 11
1169 930 26
1169 4871 88
1169 4113 34
453 4592 10
453 3292 18
453 2196 96
453 2871 1
1437 2131 54
1437 3602 96
1437 1200 5
1437 2465 49
1437 2359 87
2131 3001 86
2131 2883 78
2131 4448 75
2131 419 35
850 2274 80
850 4534 64
850 1976 4
850 4204 9
2152 3833 66
2152 1286 81
2152 1378 4
2152 342 90
2152 2545 40
3833 85 9
3833 1352 86
3833 1698 53
4252 4787 64
4252 1329 90
4252 3119 9
4252 2266 24
4252 4180 16
4787 1472 39
4787 1809 9
4787 3443 96
4995 2783 75
4995 89 96
4995 3236 59
4995 2112 96
1082 2842 88
1082 572 80
1082 3568 37
1082 4537 15
1082 1679 79
2842 4093 62
2842 4801 14
2842 1157 84
2842 3601 100
3284 3578 51
3284 1068 74
3284 172 36
3284 1225 53
3284 2097 11
3578 232 8
3578 2224 70
3578 2367 12
3578 3831 62
567 4382 1
567 3936 34
567 1831 91
567 55 30
567 4688 99
4382 3250 98
4382 2250 13
4382 1507 8
4382 233 99
2786 4068 91
2786 1324 69
2786 3659 73
2786 1966 9
2772 3403 97
2772 424 34
2772 3148 77
2772 456 99
2772 407 77
3403 3177 46
3403 3528 33
3403 4608 21
3403 1624 56
3247 4450 63
3247 355 49
3247 842 49
3247 2305 76
3247 3531 58
4450 2175 7
4450 3842 52
4450 1667 96
4450 2674 5
1592 3092 44
1592 3258 11
1592 3326 75
1592 934 77
1592 2134 35
3092 4621 12
3092 547 55
3092 1441 7
3092 2862 14
1485 4952 22
1485 1492 36
1485 3469 16
1485 3513 87
1485 3266 29
4952 4342 14
4952 4471 11
4952 402 95
4952 1341 44
888 2747 80
888 3831 6
888 445 83
2747 1553 20
2747 347 16
2747 2247 2
2747 257 27
1134 1985 29
1134 2088 52
1134 349 6
1134 2399 83
1134 3490 51
1985 696 9
1985 3642 72
1985 3355 5
1985 3087 34
683 3510 3
683 2276 74
683 2289 33
683 4228 79
683 4664 26
3510 2327 74
3510 1196 22
566 4682 86
566 4906 100
566 111 11
566 2857 9
566 4824 23
4682 4767 89
4682 1329 80
4682 2575 2
4682 1768 97
958 3220 45
958 1913 10
958 4670 41
958 4031 35
3220 201 71
3220 877 94
3220 3253 60
851 3094 55
851 3777 37
851 2840 33
851 74 7
851 1379 80
3094 4552 15
3094 3834 81
3094 4574 19
3094 4886 45
1854 2311 31
1854 4653 43
1854 1774 4
1854 2527 33
1854 4159 19
2311 913 96
2311 1194 42
2311 3056 96
2311 4852 66
1014 4549 77
1014 963 67
1014 2296 79
1014 3387 80
4549 2945 52
4549 4866 4
4549 988 50
4549 4707 59
2282 4478 55
2282 2485 96
2282 179 72
2282 4039 42
2282 1374 45
4478 2072 74
4478 3488 53
4478 1817 97
4478 4946 2
807 4744 38
807 626 54
807 1611 60
807 861 73
807 1109 17
4744 4026 94
4744 4809 34
4744 745 79
4744 4105 38
903 2466 60
903 4390 93
903 184 54
903 229 94
903 2235 8
2466 3846 84
2466 272 66
2466 682 56
2403 4704 99
2403 2655 15
2403 4148 50
2403 1498 19
2403 4104 84
4704 3404 78
4704 2813 95
4704 4054 28
4704 2494 77
1940 3140 16
1940 3938 10
1940 347 74
1940 2650 27
3377 2618 24
3377 680 32
3377 2498 82
3377 1618 1
1076 2394 40
1076 4556 66
1076 3394 44
1076 3633 78
1076 2609 75
2394 1016 35
2394 4237 33
2394 4839 32
2394 477 50
455 1818 38
455 3154 87
455 3388 67
455 2893 57
455 4348 47
1818 3461 53
1818 3630 83
1818 2814 89
1818 180 8
3414 4977 34
3414 2545 82
3414 865 99
3414 3088 57
3414 4085 74
4977 2895 30
4977 716 94
4977 664 25
4977 2125 32
1826 3380 2
1826 1840 89
1826 2893 57
1826 692 20
1826 4137 63
3380 2445 85
3380 141 100
3380 2962 66
3380 3005 17
1695 4654 97
1695 656 93
1695 4737 47
1695 558 90
1695 1671 88
4654 3826 42
4654 242 34
4654 3993 34
4654 1700 21
2118 4720 51
2118 1474 35
2118 1228 32
2118 2159 15
4720 1543 13
4720 64 10
4720 3973 85
4720 2641 24
2015 3841 4
2015 4487 79
2015 2881 30
2015 893 30
2015 3540 51
3841 3714 22
3841 3014 64
3841 3529 53
3841 2473 27
610 2860 47
610 3600 54
610 2599 53
610 2467 56
610 571 87
2860 2019 98
2860 3632 27
2860 1611 59
2860 3442 94
832 2447 72
832 3199 82
832 3609 28
832 4756 8
2074 4650 87
2074 4907 97
2074 3044 84
2074 1840 68
2074 717 46
4650 2696 63
4650 2910 60
4650 1862 25
4650 2497 86
959 2519 3
959 4293 92
959 591 84
959 100 29
959 64 97
2519 4811 51
2519 3695 87
2519 2354 39
2519 1572 54
508 1829 98
508 4344 19
508 113 90
508 3214 34
508 152 24
1829 4326 3
1829 3571 48
1829 1746 71
1829 3656 56
3519 3983 64
3519 192 15
3519 3452 25
3519 438 88
3519 1713 52
3983 11 46
3983 4000 17
3983 2688 69
3983 729 86
1518 1988 14
1518 4860 41
1518 3381 77
1518 3438 87
1518 4279 36
1988 3203 31
1988 3435 21
1988 3713 28
3338 4874 96
3338 3994 100
3338 3858 80
3338 3167 79
3338 279 43
4874 710 31
4874 793 44
4874 3147 81
4874 85 81
812 2994 15
812 1080 10
812 4451 100
812 3798 76
812 3058 21
2994 1934 92
2994 76 47
2994 752 19
2994 744 13
712 1824 75
712 2760 64
712 3768 12
712 1434 94
712 2041 87
1824 1863 22
1824 3193 55
1824 1963 65
1824 4238 78
481 3123 99
481 101 43
481 2061 88
481 2516 45
3123 777 92
3123 2832 71
3123 1760 80
99 2829 55
99 778 81
99 3116 1
99 370 59
99 4379 89
2829 3679 20
2829 2222 79
2829 2565 25
2829 101 50
940 1459 44
940 3379 21
940 1013 24
940 1666 60
940 4233 2
1459 3869 31
1459 3597 8
1459 1150 4
1459 4138 45
1692 2518 42
1692 1285 20
1692 956 79
1692 722 24
1692 352 10
2518 2999 95
2518 3120 67
2518 580 71
585 1002 87
585 2009 86
585 1806 8
585 2974 12
585 3334 50
1002 4244 80
1002 168 80
1002 2948 79
1002 2646 56
1447 4673 85
1447 2959 90
1447 3950 88
1447 1832 98
4673 3067 53
4673 4044 84
4673 1022 94
4673 2148 60
2006 4142 88
2006 3928 62
2006 3199 31
2006 862 31
4142 814 14
4142 737 87
4142 1216 93
4142 682 12
1646 3836 50
1646 1477 41
1646 778 2
1646 2892 100
1646 2110 80
3836 199 52
3836 4315 16
3836 4440 60
3836 4240 84
1666 4717 93
1666 1846 90
1666 3367 60
4717 849 20
4717 132 65
4717 1728 69
4717 3988 80
2471 2796 85
2471 2004 75
2471 4143 28
2471 3871 9
1864 4961 85
1864 3040 23
1864 3044 14
1864 2916 95
1864 1132 63
4961 237 67
4961 1896 11
4961 2676 48
4961 3854 92
1212 3049 68
1212 4731 9
1212 2785 76
1212 135 15
3049 4196 66
3049 3272 92
3049 3237 58
3049 498 19
892 1418 65
892 2570 69
892 2141 10
892 3178 50
892 3039 19
1418 147 58
1418 3514 42
1418 4079 55
1418 720 69
85 177 38
85 2818 84
85 3790 31
1947 2515 90
1947 1530 25
1947 1045 97
1947 3946 57
1947 241 42
2515 4602 41
2515 3413 29
2515 4202 43
779 4924 77
779 4026 38
779 1377 95
779 2047 60
779 847 78
4924 4292 9
4924 1876 78
4924 3786 31
4924 2886 89
3334 4058 83
3334 4202 27
3334 399 64
3334 255 69
4058 2392 78
4058 2696 58
4058 2501 73
4058 4338 55
3900 4735 61
3900 2040 25
3900 3107 90
3900 1313 75
3900 451 2
4735 4210 33
4735 257 19
4735 2059 72
4735 3614 43
3485 3702 67
3485 2289 72
3485 4150 100
3485 1178 65
3702 2726 15
3702 2865 85
3702 4639 55
3702 1597 68
1792 2614 7
1792 1260 87
1792 4226 46
1792 3602 22
2614 3352 18
2614 2859 50
2072 2631 76
2072 4485 76
2072 4421 62
2072 862 92
2631 4090 43
2631 1777 46
2631 3196 38
504 1952 62
504 1997 54
504 995 67
504 2033 81
1952 3404 78
1952 3586 2
1952 836 44
1952 1297 28
1020 3000 67
1020 2507 40
1020 1681 91
1020 2538 8
1020 489 65
3000 4278 60
3000 4412 36
3000 1232 96
3000 502 30
137 209 90
137 2031 27
137 4424 4
137 450 57
137 2170 76
209 971 70
209 2057 89
209 4285 65
209 1992 93
1155 4622 43
1155 904 14
1155 3194 9
1155 3217 98
1155 1148 13
4622 3097 64
4622 664 41
4622 4153 79
4622 2174 25
2265 3211 7
2265 1975 92
2265 2789 49
2265 1681 76
2265 3218 72
3211 4909 99
3211 4781 92
3211 2151 96
3211 1264 70
3476 3589 32
3476 3690 51
3476 1966 99
3476 3363 16
3476 1250 38
3589 4084 11
3589 4319 84
3589 1809 64
3589 4703 85
986 4850 30
986 1007 11
986 2046 9
986 2960 71
986 3868 13
4850 4297 78
4850 3070 3
4850 2960 79
4850 215 43
1603 2045 83
1603 3591 75
1603 3162 7
1603 3770 61
2045 4908 18
2045 620 76
2045 2741 93
2045 908 15
3991 4220 73
3991 4199 21
3991 570 6
3991 4919 66
3991 2383 8
4220 90 25
4220 3431 53
4220 4234 41
4220 3966 89
352 1036 28
352 1689 21
352 3237 16
1036 338 61
1036 410 53
1036 3776 33
1036 4374 93
2442 3783 47
2442 293 70
2442 2113 76
2442 3593 78
2442 53 25
3783 4536 26
3783 2682 84
3783 1721 18
3783 2783 81
1915 2280 79
1915 2578 20
1915 3736 65
1915 4276 51
2280 156 53
2280 409 52
2280 3111 21
2280 1216 33
3570 3638 79
3570 4191 85
3570 3348 80
3570 3269 74
3570 1749 8
3638 448 97
3638 2067 83
3638 1348 74
3638 748 71
2827 4119 94
2827 1606 49
2827 2707 13
2827 877 10
4119 3276 9
4119 2170 23
4119 218 46
4119 4749 45
1127 1298 7
1127 2376 50
1127 1799 87
1127 155 17
1127 4130 62
1298 1949 100
1298 4729 91
1298 4216 61
1298 2709 73
814 3053 22
814 501 67
814 3999 26
814 4963 68
3053 1129 11
3053 437 51
3053 33 93
3053 4190 36
3680 3769 100
3680 2475 70
3680 4904 32
3680 4424 10
3680 1300 39
3769 3561 24
3769 3772 1
3769 4986 63
3769 2310 82
624 4353 99
624 4227 80
624 2482 42
624 4138 36
624 3084 81
4353 4599 80
4353 458 52
4353 2090 25
4353 1322 57
890 3048 42
890 3908 73
890 2164 49
890 2531 97
890 3608 77
3048 3511 58
3048 896 5
3048 1958 93
119 2905 75
119 4193 43
119 3016 8
119 4540 29
119 4728 92
2905 1714 15
2905 125 58
2905 3146 71
2905 463 83
1301 1599 95
1301 4288 19
1301 3601 38
1301 917 91
1301 2266 53
1599 2749 97
1599 1363 68
1599 4336 78
1599 3133 79
3386 4985 65
3386 4610 33
3386 2458 81
3386 3787 97
3386 2447 24
4985 1745 5
4985 464 53
4985 4526 23
4985 4752 43
2646 4192 17
2646 1142 26
2646 962 30
2646 2252 47
4192 1067 64
4192 1938 80
4192 4028 94
4192 96 41
822 3816 76
822 2382 79
822 3421 4
822 1304 11
822 4756 23
3816 3509 14
3816 204 71
3816 2846 25
3816 368 18
220 1267 62
220 3231 48
220 444 17
220 596 46
220 3809 74
1267 4555 78
1267 2550 71
1267 115 99
1267 1012 7
2150 4779 3
2150 2075 89
2150 2438 5
2150 873 46
4779 4592 77
4779 35 48
4779 170 20
4779 3466 74
2781 3599 6
2781 4208 93
2781 2641 74
2781 4647 69
2781 405 50
3599 2407 93
3599 973 14
3599 907 10
3599 1308 11
68 3613 3
68 4454 25
68 1737 100
68 3631 88
68 4350 77
3613 834 66
3613 3176 99
3613 2728 73
3613 454 25
2327 3163 36
2327 2989 61
2327 3978 80
2327 1788 26
3163 1429 60
3163 2734 90
3163 1615 67
1145 2254 51
1145 3778 75
1145 3896 40
1145 369 35
1145 3357 95
2254 1578 37
2254 4941 19
2254 1114 93
2254 2512 21
1630 1774 94
1630 2911 50
1630 1006 60
1630 2211 3
1774 1210 80
1774 3252 71
1774 4594 73
1499 3277 94
1499 3169 32
1499 3103 43
1499 1075 43
1499 1971 21
3277 2644 8
3277 575 38
3277 337 71
3277 1939 86
630 4814 3
630 2064 78
630 305 86
630 2284 29
630 1927 12
4814 3281 61
4814 4459 79
4570 4691 9
4570 19 45
4570 329 33
4570 2856 86
4570 4751 20
4691 75 94
4691 3174 90
4691 1129 38
4691 1526 96
678 1556 18
678 1248 30
678 4144 87
678 2461 46
678 2277 80
1556 4396 7
1556 3136 85
1556 3937 80
1556 3686 4
1992 3236 35
1992 4010 22
239 4663 13
239 1984 79
239 3027 1
239 2343 61
239 2259 25
4663 1745 48
4663 4417 40
4663 1235 19
4663 2076 2
934 1024 49
934 153 13
934 957 21
1024 3552 77
1024 1647 82
1024 3428 3
2233 3501 35
2233 3952 10
2233 3397 56
2233 1456 60
2233 1497 47
3501 2301 21
3501 1006 11
3501 3446 16
1682 3627 55
1682 49 13
1682 1554 15
1682 2597 9
1682 1857 98
3627 2847 14
3627 900 32
3627 1392 35
3627 3996 30
1598 2990 96
1598 4885 88
1598 1979 87
1598 4068 89
1598 2946 16
2990 2673 85
2990 4824 83
2990 3717 35
2990 1174 93
1634 2259 73
1634 2648 33
1634 852 41
1634 4705 25
4592 2374 97
4592 4005 37
4592 3464 35
1043 1425 23
1043 2720 29
1043 4476 18
1043 2255 58
1043 2426 59
1425 3023 33
1425 602 69
1425 30 83
809 3998 55
809 3855 22
809 4780 24
809 2582 56
3998 1162 45
3998 2803 49
3998 1398 99
1256 2472 76
1256 2419 27
1256 3797 6
1256 760 44
1256 1544 6
2472 360 78
2472 2326 70
2472 1343 54
2472 2447 63
3986 4347 81
3986 3515 57
3986 4580 96
3986 359 18
4347 2776 18
4347 311 31
4347 2335 56
4347 3126 64
646 1496 61
646 2256 33
646 4957 19
646 391 69
1496 501 85
1496 4052 93
1496 1081 75
1888 4671 96
1888 3480 32
1888 4137 36
4671 1088 61
4671 1866 93
4671 395 37
4671 4897 66
404 3131 46
404 3557 84
404 772 64
404 3288 7
404 4035 56
3131 1118 64
3131 4313 31
2945 3333 40
2945 4841 71
2945 1887 52
2945 4267 6
3333 3740 22
3333 3405 62
3333 1343 22
3333 1999 79
391 3606 75
391 4807 75
391 4501 72
391 2135 61
3606 3148 90
3606 3714 30
3606 2223 44
1511 1651 7
1511 1035 61
1511 2957 62
1511 1575 92
1511 3287 22
1651 4402 35
1651 3176 99
1651 1410 62
3307 4180 26
3307 118 73
3307 3356 11
3307 2336 18
3307 1422 70
4180 2979 16
4180 2726 52
4180 194 67
833 4476 29
833 3147 82
833 1233 81
833 3513 45
833 4307 94
4476 4303 69
4476 4879 82
4476 94 68
3573 4070 9
3573 4122 2
3573 1653 14
3573 681 38
3573 1142 30
4070 1835 88
4070 1516 11
4070 1580 51
4070 159 86
968 3883 73
968 2800 55
968 4311 88
968 1770 48
968 3703 95
3883 2336 73
3883 4760 42
3883 721 47
2320 4678 70
2320 694 55
2320 1165 28
2320 4573 27
2320 2782 69
4678 4149 30
4678 954 36
4678 2331 56
1537 2054 77
1537 454 68
1537 2909 59
1537 4800 57
1537 1931 77
2054 4171 17
2054 1830 30
2054 2925 76
2054 3844 79
379 1502 30
379 2834 9
379 36 23
379 171 26
379 3365 62
1502 1041 43
1502 4891 46
1502 2665 27
1502 4438 63
3266 3102 78
3266 4911 66
3266 2075 2
277 3440 79
277 1966 16
277 1904 92
277 4114 53
277 2059 71
3440 4825 71
3440 2890 14
3440 4144 39
3440 3857 19
1073 4579 81
1073 486 93
1073 3267 96
1073 4609 49
1073 1626 25
4579 4019 76
4579 2586 30
660 734 49
660 397 35
660 1066 62
660 3465 74
660 3581 32
734 2630 14
734 336 11
734 2992 12
734 1849 8
1606 2270 73
1606 4988 85
1606 564 89
1606 2061 74
2091 4333 10
2091 4249 61
2091 1330 48
2091 2133 39
2091 2606 20
4333 2294 37
4333 810 33
4333 2145 17
4333 4946 73
933 1795 52
933 2632 3
933 4401 2
933 4596 32
1795 262 65
1795 1255 91
1795 3230 34
1795 1188 10
4319 4533 66
4319 643 8
4319 3943 3
4319 4205 49
4533 1516 29
4533 1182 69
4533 3605 10
4533 3895 45
1185 4231 9
1185 1377 77
1185 4594 78
1185 374 45
4231 4517 97
4231 3579 6
4231 397 65
4231 3903 84
858 3607 29
858 1690 29
858 3379 66
858 117 77
858 3229 63
3607 3692 83
3607 1871 34
3607 2176 73
3607 1150 56
1883 2583 21
1883 4706 20
1883 3159 74
1883 4953 40
1883 3525 61
2583 3160 78
2583 579 86
2583 2293 14
2583 3615 9
23 2513 8
23 1266 66
23 421 88
23 3161 16
23 2391 33
2513 3104 63
2513 3295 26
2513 4216 87
2513 1668 70
1652 3882 37
1652 271 39
1652 2010 6
1652 2561 12
1652 1991 91
3882 4069 77
3882 4449 43
3882 3755 26
3882 4462 99
3336 3726 76
3336 3141 67
3336 2735 12
3336 3136 54
3336 2789 98
3726 2523 13
3726 4984 83
3726 1419 38
3726 1259 72
2216 2234 66
2216 2950 84
2216 354 52
2216 4785 43
2216 4158 1
2234 4482 59
2234 3923 69
2234 2255 29
8 4605 11
8 2875 84
8 2569 26
8 2916 75
8 3134 97
4605 2510 85
4605 2780 67
4605 1176 61
4605 3431 2
1739 4524 11
1739 1804 31
1739 4568 91
1739 993 58
1739 4962 68
4524 1237 44
4524 2153 53
4524 3212 22
4524 2329 28
920 1452 9
920 1830 27
920 816 33
920 3822 86
1452 3752 6
1452 1835 84
1452 330 31
1452 4729 90
2422 4554 43
2422 4978 9
2422 4551 28
2422 695 63
2422 1647 49
4554 1851 30
4554 3168 58
4554 348 93
4554 3703 79
1388 3543 46
1388 3650 22
1388 288 58
1388 953 56
1388 1233 88
3543 1548 58
3543 2551 73
3543 2705 96
3543 4822 26
3969 4127 53
3969 1382 86
3969 1484 67
3969 1855 30
3969 4204 38
4127 4315 4
4127 3706 32
4127 3815 78
4127 3541 36
250 4892 97
250 3267 36
250 760 16
250 2053 57
250 3168 6
4892 4056 27
4892 3029 30
4892 984 72
365 2627 8
365 2051 20
365 331 70
365 3895 68
365 2720 71
2627 2991 19
2627 2516 25
2627 3467 30
62 640 1
62 2924 8
62 515 77
62 4624 98
62 2123 23
640 3146 35
640 2932 76
640 4960 25
640 2155 34
2703 2995 89
2703 1268 9
2703 3222 2
2703 4366 26
2703 1590 20
2995 479 58
2995 4657 33
2995 742 44
2995 2541 17
3102 1281 7
3102 3250 69
3102 3375 13
3102 173 88
4093 4293 17
4093 1262 68
4093 768 13
4093 1128 86
1154 2558 64
1154 520 53
1154 541 95
1154 2381 80
1154 550 4
2558 4026 43
2558 1642 27
2558 344 87
2558 4469 65
4715 4856 19
4715 2666 28
4715 3784 51
4715 332 71
4856 1332 57
4856 2339 13
4856 2943 42
4856 1713 2
3448 3711 71
3448 3439 50
3448 1230 43
3448 2209 100
1745 1662 94
1745 3343 66
2474 4340 66
2474 2601 3
2474 4375 17
2474 673 86
4340 4198 90
4340 4759 15
4340 2124 30
2940 3618 88
2940 4104 19
2940 579 59
2940 329 90
2940 3255 62
3618 1923 24
3618 4146 56
3618 4363 58
1223 1382 34
1223 4712 2
1223 1527 55
1223 4360 44
1223 3172 39
1382 2611 96
1382 1755 85
1382 2191 9
1950 2879 67
1950 2570 20
1950 1368 28
1950 1983 1
1950 4446 89
2879 3515 67
2879 4785 4
2879 151 92
2879 249 90
1582 2483 33
1582 4946 54
1582 3085 88
1582 3190 92
1582 2996 69
2483 421 52
2483 3139 58
2483 1264 20
1329 664 29
1329 3311 90
1329 2616 62
1133 2391 85
1133 1744 90
1133 3647 76
1133 2639 32
1133 470 16
2391 1825 32
2391 1530 20
2391 3815 51
4400 4471 7
4400 3840 43
4400 3153 51
4400 651 11
4400 4429 13
4471 4239 11
4471 2634 53
4471 3207 92
2661 2890 100
2661 3193 79
2661 495 35
2661 160 34
2661 1273 67
2890 1353 71
2890 1341 87
2890 1339 29
4 4516 56
4 2094 7
4 2888 74
4 2406 20
782 821 38
782 2490 23
782 2663 13
782 2557 58
821 3784 93
821 544 3
821 725 57
821 3259 18
1069 2083 9
1069 1220 59
1069 4297 69
1069 1299 53
1069 4010 94
2083 4701 66
2083 4071 4
2083 1467 36
2083 2684 63
2931 219 49
2931 478 54
2931 1869 97
2931 3615 99
644 887 60
644 160 47
644 4197 91
644 3141 36
644 2340 79
887 673 51
887 790 53
887 2849 20
887 976 82
93 3228 78
93 652 2
93 1003 54
93 3464 7
93 2097 37
3228 377 94
3228 3624 71
3228 3993 12
3228 2592 93
2276 1588 62
2276 1547 26
2276 2360 97
2276 1268 20
2863 4273 59
2863 2843 42
2863 1585 84
2863 268 78
4273 2086 60
4273 4287 50
4273 4773 75
4273 4052 1
3165 3894 86
3165 20 14
3165 276 76
3165 611 35
242 2799 100
242 3160 61
242 601 45
242 3424 87
2799 951 78
2799 3870 65
2799 2021 30
3074 4722 61
3074 4888 33
3074 3646 76
3074 4185 81
3074 952 62
4722 4196 92
4722 2041 93
4722 2821 80
4722 1875 92
612 3564 65
612 4077 80
612 2602 78
612 32 39
3564 756 60
3564 3974 31
3564 3042 98
3564 1495 61
1383 3441 52
1383 1191 58
1383 489 53
1383 4526 42
1383 4218 91
3441 670 24
3441 1249 37
3441 652 69
3441 3010 2
3919 4548 77
3919 4990 55
3919 4145 88
3919 4994 99
3919 4126 75
4548 3283 29
4548 493 5
4548 1926 51
1548 944 71
1548 2686 74
1548 4206 44
4278 1325 75
4278 1969 3
4278 1740 8
4278 4531 59
3416 3439 59
3416 1096 73
3416 2606 53
3416 1796 94
3416 2116 60
3439 1661 3
3439 778 38
3439 2566 52
4244 4911 12
4244 3622 37
4244 1879 19
4244 4039 40
3366 3847 20
3366 3084 97
3366 4693 50
3366 1416 51
3366 2546 19
3847 4355 62
3847 3496 72
3847 476 7
3847 1843 36
2910 3567 79
2910 4754 16
2910 4373 97
3567 164 88
3567 700 60
3567 4577 77
1807 2951 14
1807 4312 65
1807 3507 62
1807 4899 98
1807 1336 26
2951 451 25
2951 469 92
2951 1510 6
2951 1886 42
3937 4602 67
3937 1647 24
3937 3942 75
4602 885 57
4602 4327 39
4602 3233 35
3959 4361 65
3959 3516 40
3959 1797 14
3959 4751 43
3959 1411 23
4361 2655 85
4361 1710 77
4361 2976 38
4361 2495 91
260 3341 15
260 3203 67
260 4078 72
260 1797 16
260 1482 69
3341 1391 16
3341 2650 11
3341 2806 72
3341 4152 5
834 4193 1
834 4329 33
834 4630 65
834 4432 12
1097 2266 33
1097 3745 68
1097 2987 49
1097 2784 11
1097 340 17
2266 3225 55
2266 3514 25
3461 3855 30
3461 1041 96
3461 1738 85
3461 838 7
3855 799 31
3855 4827 52
3855 1834 17
2119 3711 70
2119 1471 14
2119 4342 25
2119 2947 33
3711 1083 5
3711 2596 45
3108 4454 21
3108 2717 8
3108 1077 28
3108 2813 20
3108 4094 55
4454 953 94
4454 3465 86
4454 3058 84
773 3374 29
773 4346 64
773 1886 59
773 1716 72
773 1034 97
3374 13 28
3374 3965 25
3374 3371 16
3374 4993 24
123 4046 2
123 830 79
123 1233 82
123 346 20
4046 3115 54
4046 4527 18
4046 3639 15
4046 3269 80
1386 1911 94
1386 3433 87
1386 929 57
1386 3583 32
1386 1716 34
1911 521 54
1911 4589 38
1911 559 77
1911 1734 63
320 4062 4
320 4914 61
320 4643 32
320 1693 69
2632 2344 38
2632 2296 72
2632 665 5
90 2822 19
90 687 53
90 4072 26
90 911 70
2822 3491 11
2822 586 5
2822 2836 98
2822 3636 46
1091 3390 63
1091 3876 86
1091 981 82
1091 3614 31
1091 2036 3
3390 755 53
3390 1509 18
3390 2071 97
3390 2155 33
4198 4498 90
4198 4403 73
4198 3127 12
4198 4507 60
4498 4737 46
4498 1844 4
4498 1251 10
4498 4275 44
3454 3253 56
3454 3015 87
3454 4769 2
3454 1237 30
3549 4089 60
3549 3459 27
3549 2835 53
3549 3080 98
3549 1488 39
4089 425 44
4089 3363 16
4089 2448 46
4089 4764 79
4555 3136 77
4555 4750 92
4555 4379 26
4555 2010 33
2007 2225 17
2007 2541 18
2007 3987 69
1146 4494 54
1146 2595 82
1146 2210 16
1146 1523 93
1146 3290 100
4494 2143 96
4494 1037 29
4494 2434 83
2289 4065 99
2289 3537 33
3477 3920 34
3477 4763 64
3477 3121 95
3477 927 64
3920 496 47
3920 1753 60
3920 3533 34
4249 4665 26
4249 2379 65
4249 931 91
4249 1734 37
4665 232 93
4665 1567 93
4665 2504 67
4665 1242 97
634 2104 86
634 4642 86
634 621 82
634 383 10
2104 4019 90
2104 603 79
2104 1448 15
2104 1423 63
190 2356 52
190 3116 3
190 184 37
190 458 94
2356 3239 13
2356 2716 40
2356 128 44
2356 2533 72
3379 1046 23
3379 1334 17
3379 2974 58
2387 3768 9
2387 2708 14
2387 4631 11
2387 3588 84
3768 3705 4
3768 203 71
3768 3012 3
3808 4959 59
3808 2461 54
3808 3852 10
3808 251 8
3808 2038 91
4959 641 49
4959 3822 48
4959 3429 78
4959 2497 25
515 1658 39
515 3378 19
515 3188 89
515 1297 73
1658 1463 21
1658 214 23
1658 2792 98
1658 2164 7
2492 3067 86
2492 2485 88
2492 2903 61
2492 1283 90
3067 91 16
3067 1231 88
3067 3112 17
895 3865 28
895 2672 3
895 121 35
895 3219 100
895 974 33
3865 4868 86
3865 4060 41
3865 1855 31
3877 4793 74
3877 4842 21
3877 938 75
3877 1981 75
4793 3435 39
4793 1668 21
4793 430 3
4793 117 79
2240 4243 37
2240 3750 10
2240 1163 33
2240 3491 87
2240 1820 25
4243 290 25
4243 3918 62
4243 4488 34
4243 2443 95
514 2453 75
514 3658 47
514 4132 14
514 3641 5
514 984 22
2453 2301 51
2453 1525 78
2453 656 94
2453 2880 57
3631 4508 13
3631 2409 26
3631 3565 36
3631 3271 38
4508 1284 27
4508 2455 23
4508 2117 64
4508 4788 99
1776 4782 29
1776 4581 35
1776 4202 11
1776 4388 84
1776 1285 44
4782 3136 100
4782 498 19
4782 4385 18
411 4166 56
411 774 35
411 3674 1
411 2907 46
411 617 64
4166 3453 68
4166 4677 94
4166 266 2
3219 3517 66
3219 2412 95
3219 1580 13
3219 4351 35
3517 193 58
3517 2160 80
3517 626 32
3517 1087 73
3122 3584 95
3122 4313 90
3122 3318 71
3122 906 65
3122 3548 27
3584 836 4
3584 3705 26
3584 1850 12
3117 2843 17
3117 1013 40
3117 4224 28
3117 1022 82
4556 4009 31
4556 2455 72
4556 1900 37
4556 623 3
3908 26 37
3908 1990 91
3908 3216 39
3908 1390 29
284 2112 57
284 2549 37
284 945 82
284 1565 9
284 1670 31
2112 846 62
2112 438 21
2112 451 16
1578 3262 45
1578 3022 46
1578 3143 26
1578 3956 11
3262 859 41
3262 2496 2
3262 3088 9
3262 1794 54
1898 2678 31
1898 1039 48
1898 2958 26
2678 2920 18
2678 1886 15
2678 970 75
2678 745 93
1248 3312 27
1248 3289 1
1248 4245 54
1248 4417 68
141 1309 10
141 2601 96
141 4569 60
141 35 60
1309 3332 63
2610 3180 9
2610 1384 96
2610 290 81
2610 1894 59
3180 1801 100
3180 1018 64
3180 1071 84
3180 4836 75
1531 3150 26
1531 3765 96
1531 1543 30
1531 431 44
1531 1567 14
3150 1119 69
3150 2160 67
3150 2728 46
3150 1701 100
1889 2629 28
1889 2917 40
1889 479 94
1889 740 19
1889 864 89
2629 1468 91
2629 4811 69
2629 4621 43
2629 96 17
1667 4502 90
1667 3488 54
1667 3176 8
1667 3020 36
4502 2052 3
4502 4801 47
4502 3014 21
4502 1117 74
1405 4731 30
1405 3433 87
1405 4776 80
1405 2917 71
1405 1764 37
4731 1924 22
4731 4317 90
4731 3577 99
389 2579 70
389 1214 100
389 1820 56
389 4525 67
389 2639 93
2579 2304 12
2579 4151 53
2579 4337 20
2579 3351 66
167 1483 56
167 1474 74
167 2510 32
167 1304 72
167 2355 98
1483 1399 35
1483 2232 69
1483 3693 83
1483 3182 38
89 4761 43
89 4492 63
89 4538 46
89 4285 88
4761 1348 82
4761 3557 62
4761 1201 14
4761 3686 7
2107 3956 96
2107 3941 25
2107 1782 92
2107 2551 55
3956 202 47
3956 2965 29
3956 4492 59
2019 3939 87
2019 2259 93
2019 2795 11
59 3872 87
59 2431 32
59 1872 20
59 332 63
59 4297 64
3872 3408 80
3872 4358 6
3872 2338 46
3872 2949 49
1573 3268 19
1573 2779 43
1573 4991 41
1573 4019 20
1573 4254 26
3268 1339 95
3268 1957 25
3268 2992 27
3268 633 25
484 2587 87
484 675 52
484 2190 95
484 820 65
484 1369 51
2587 4707 62
2587 1970 11
2587 3873 25
2587 462 18
2493 2716 46
2493 2057 46
2493 2681 16
2493 2195 24
2493 1784 54
2716 3747 63
2716 4490 92
2716 4393 51
1404 1769 46
1404 1245 66
1404 1179 30
1404 1010 59
1404 3435 28
1769 4530 73
1769 4264 92
1769 222 66
1505 1821 81
1505 1991 15
1505 3029 12
1505 3884 97
1821 362 60
1821 1674 78
1821 699 83
1821 1313 61
3270 3576 64
3270 1470 75
3270 1696 97
3270 4015 92
3270 917 5
3576 2173 44
3576 4778 68
3576 1673 6
3576 2993 49
1143 3391 19
1143 3945 95
1143 2027 90
1143 1640 42
1143 3970 62
3391 665 14
3391 3667 86
3391 2132 100
3391 121 87
3089 4467 82
3089 3146 75
3089 1837 21
3089 4842 47
4467 1178 11
4467 1764 47
4467 1600 97
4467 783 25
1834 4211 55
1834 4130 23
1834 1394 88
1834 4409 60
4211 2807 79
4211 2969 17
4211 1088 100
4211 1152 2
1999 2329 50
1999 1959 97
1999 802 15
2329 438 77
2329 3419 60
2178 4546 17
2178 1100 90
2178 1587 1
2178 2408 97
2178 1561 97
4546 914 30
4546 1979 24
4546 643 12
4546 2957 32
600 668 45
600 4457 89
600 3144 16
600 1912 88
600 3697 58
668 4128 88
668 1972 34
668 4887 1
668 2243 5
1181 4851 96
1181 4260 12
1181 1930 27
1181 4129 20
1181 1230 19
4851 1808 33
4851 2283 4
4851 2874 72
4851 3447 82
2164 3720 10
2164 4206 38
2164 965 47
470 4759 16
470 32 87
470 3500 97
470 3988 89
4759 4028 56
4759 4490 90
4759 2209 70
1234 3694 36
1234 3741 4
1234 2306 47
1234 4213 26
1234 4890 46
3694 2868 37
3694 4035 69
3694 4696 96
726 2470 87
726 3343 22
726 4154 39
726 3898 30
726 2413 14
2470 985 17
2470 1608 30
2470 4477 77
2470 2809 78
662 2485 94
662 3987 43
662 1450 87
662 3458 46
2485 869 60
2485 1565 75
1785 4736 39
1785 500 24
1785 2985 98
1785 3645 51
1785 2778 2
4736 4368 1
4736 3442 18
4736 2861 5
4736 2593 99
1266 3309 56
1266 1165 11
1266 1724 48
1266 900 49
1270 2570 9
1270 194 98
1270 991 96
1270 247 73
1270 4990 4
2570 4390 49
2570 4772 61
771 2886 16
771 3729 27
771 2469 74
771 565 5
2886 4753 3
2886 4674 30
2886 160 32
1571 3464 45
1571 2462 11
1571 4868 85
1571 1825 45
1571 4083 44
3464 4920 95
3464 1083 52
2467 2555 94
2467 163 50
2467 3299 51
2467 4227 28
2555 3287 71
2555 746 57
2555 1913 21
2555 2031 8
2504 2851 93
2504 2366 79
2504 317 45
2504 1757 87
2851 3632 68
2851 565 75
2851 2947 75
2851 292 58
424 4764 49
424 688 35
424 1904 87
424 1685 60
4764 1844 23
4764 3871 55
4764 4655 58
1115 4618 20
1115 1479 32
1115 2181 59
1115 423 77
4618 868 45
4618 3710 37
4618 2480 42
4124 4925 2
4124 1698 58
4124 3286 49
4124 3187 95
4124 3261 67
4925 1740 57
4925 969 25
4925 4699 28
4925 205 49
442 1371 83
442 88 34
442 494 96
442 1157 5
442 210 40
1371 576 98
1371 4165 45
1371 1688 4
1371 4672 76
576 1241 15
576 3511 77
576 2360 53
576 3721 5
1140 3399 54
1140 4042 24
1140 4025 13
1140 1816 74
1140 1240 97
3399 4061 17
3399 2983 58
3399 2912 12
3399 1506 92
1179 3061 97
1179 10 33
1179 3712 89
1179 2491 2
3061 1965 65
3061 4994 13
3061 4179 93
3061 637 85
1432 3278 50
1432 2381 70
1432 3619 49
1432 1282 8
1432 1861 50
3278 1515 52
3278 1291 14
3278 4983 81
3278 2463 100
2715 4239 100
2715 3546 29
2715 4540 65
2715 4094 63
2715 4862 30
4239 3669 94
4239 1229 59
4239 4709 28
67 4641 43
67 3383 31
67 4304 64
67 2332 50
203 2028 13
203 766 87
203 3097 35
203 499 93
2028 163 66
2028 3227 44
2028 2650 48
2028 541 25
3188 4422 99
3188 3090 34
3188 663 35
4422 1694 45
4422 3789 5
4422 2478 85
4422 2500 43
4019 4460 69
4019 1621 50
2271 3030 28
2271 3456 43
2271 4286 80
2271 388 82
3030 1885 55
3030 603 96
3030 4755 30
3030 1 93
194 4423 83
194 4748 74
194 3137 40
4423 3347 27
4423 3418 79
4423 3646 89
4423 2906 67
545 2960 50
545 4620 7
545 2662 57
545 4938 2
545 3948 88
2960 1941 82
2960 4209 86
4026 4726 30
2406 4652 16
2406 79 1
2406 801 8
2406 54 87
4652 784 57
4652 1724 68
4652 3225 97
4652 2269 81
756 3409 46
756 1414 12
756 4000 13
756 2922 68
3409 3275 70
3409 434 69
3409 3673 20
3409 617 75
188 4120 37
188 4599 21
188 479 99
188 4480 36
188 4707 9
4120 3405 60
4120 2824 57
4120 2055 75
4120 4733 37
1981 4917 13
1981 2176 65
1981 3898 1
4917 3875 57
4917 1362 4
4917 4589 39
4917 3575 35
1468 3929 50
1468 960 43
1468 1489 22
3085 4186 19
3085 3016 36
3085 1246 39
3085 4503 80
4186 1726 76
4186 1876 72
4186 702 54
4186 490 48
2450 3675 59
2450 4642 11
2450 4999 39
2450 403 2
2450 1376 21
3675 302 53
3675 498 21
3675 476 90
3675 3031 12
1922 3290 38
1922 1375 1
1922 4724 39
1922 991 63
1922 1613 68
3290 2734 94
3290 810 32
3290 2732 11
4512 3713 57
4512 1729 80
4512 1461 82
4512 1872 81
626 1084 45
626 1895 50
626 4299 11
1084 2381 64
1084 4310 76
1084 1107 16
4460 1303 9
4460 3955 32
4460 4172 70
1118 1546 21
1118 2758 18
1118 1574 22
1118 1850 45
1546 863 66
1546 3259 10
1546 1586 46
1546 916 59
261 2383 11
261 717 21
261 4576 10
261 3628 19
2383 4544 11
2383 2924 87
1300 3472 12
1300 701 40
1300 1938 34
1300 1741 57
3472 3628 9
3472 2934 65
3472 2669 82
3472 221 21
2339 3844 82
2339 685 74
2339 607 72
2339 44 18
3844 4588 90
3844 1956 45
3844 4145 67
1007 4159 36
1007 4176 81
1007 4168 82
1007 3418 41
4159 3020 100
4159 2452 93
3107 1741 28
3107 764 8
3107 4176 100
2419 977 22
2419 4904 35
2419 2341 39
2419 1464 79
1579 2106 73
1579 4261 43
1579 103 83
1579 360 97
1579 3319 80
2106 2539 80
2106 2347 3
2106 3508 94
2106 3079 7
2316 1045 70
2316 2301 47
2316 3527 68
2316 2051 39
2732 3280 45
2732 1471 35
2732 3111 11
2732 969 48
3280 633 98
3280 252 38
3280 2167 72
3280 652 100
2126 4490 27
2126 205 19
2126 3858 24
2126 672 37
2126 2352 33
4490 2196 56
2737 4378 24
2737 1565 31
2737 819 52
2737 1777 91
4378 2744 76
4378 3639 51
4378 3029 25
4378 609 57
1773 4860 30
1773 4428 11
1773 4350 63
1773 4510 41
1773 4368 2
4860 2433 8
4860 3368 67
4860 4126 69
49 4753 39
49 4121 38
49 406 91
49 2087 65
1704 2286 11
1704 1912 13
1704 2082 79
1704 1184 25
1704 3710 55
2286 872 56
2286 2362 47
2286 679 31
2286 1805 34
1332 2643 21
1332 4195 82
1332 4457 96
1332 461 56
2643 2487 28
2643 723 88
2643 4229 71
2643 272 50
367 4472 78
367 687 11
367 3645 51
367 4008 1
367 622 49
4472 701 43
4472 2137 85
4472 1601 77
4472 2055 85
558 1559 61
558 3641 79
558 4017 20
558 4626 81
1559 153 1
1559 4864 2
1559 4049 44
1559 3681 69
2559 2800 58
2559 3299 79
2559 602 71
2559 774 53
2559 2523 73
2800 605 34
2800 2498 90
2800 2420 96
1729 2050 97
1729 3215 38
1729 3703 4
1729 226 40
2050 2053 81
2050 2949 8
2050 1188 84
2770 4969 8
2770 174 38
2770 2584 60
2770 84 100
2770 1393 44
4969 1894 69
4969 4174 80
1741 1434 28
1741 4939 17
1770 1822 27
1770 1587 95
1770 3586 3
1770 2949 24
1822 4053 90
1822 2004 72
1822 52 40
2619 3081 78
2619 4990 50
2619 3360 81
1959 2512 36
1959 2767 75
1959 412 95
1959 4709 96
2512 3805 79
2512 1568 91
2512 4228 7
1622 3644 7
1622 2482 29
1622 1218 32
1622 1318 49
3644 25 36
3644 841 16
3644 950 23
3644 2633 56
223 1983 33
223 564 52
223 64 62
223 2826 34
223 2930 29
1983 1206 76
1983 1641 45
1983 3563 56
2086 991 82
2086 787 65
2086 4139 2
2086 2328 92
1203 1711 39
1203 1781 60
1203 3934 79
1203 2685 49
1203 1353 55
1711 3 70
1711 2573 59
1711 3483 7
1711 4047 39
1939 4748 79
1939 651 54
1939 4732 35
1939 509 79
4748 165 30
4748 3931 51
4748 2852 86
1075 4414 27
1075 3669 19
1075 4894 53
1075 2778 42
4414 4880 74
4414 753 16
4414 2564 15
1171 671 32
1171 3302 25
1171 3287 7
1171 3095 29
2776 3444 56
2776 2991 87
2776 401 29
2776 4668 31
3444 3411 12
3444 3737 20
3444 2588 91
3444 2567 27
2468 3328 4
2468 2683 99
2468 4818 77
2468 4802 26
2468 1250 57
3328 1107 98
3328 1334 81
3328 3826 39
3328 1090 75
4646 4690 88
4646 1419 82
4646 4615 36
4646 2344 98
4646 4888 6
4690 3151 42
4690 3743 13
4690 381 43
4690 1612 28
1762 2348 83
1762 4134 16
1762 2826 62
1762 1768 76
1762 772 35
2348 4196 14
2348 3195 57
2348 4458 64
2348 3643 70
2722 4376 5
2722 2720 67
2722 3870 10
2722 3985 24
2722 2914 89
4376 924 70
4376 4183 94
4376 3400 79
4376 2523 55
1781 2361 48
1781 1905 59
1781 1085 85
1781 4225 73
2361 1473 18
2361 1122 39
2361 210 72
2361 158 11
599 3438 35
599 3700 78
599 2883 17
599 3314 88
3438 3432 35
3438 3791 66
3438 3595 71
784 4332 83
784 4864 57
784 4365 73
784 776 30
1071 1676 37
1071 2536 38
1071 1012 16
1071 521 20
1676 985 57
1676 2458 7
1676 3169 47
1676 1500 59
659 4886 83
659 639 71
659 2018 30
659 4229 84
659 705 71
4886 2755 25
4886 1723 54
4886 2964 85
1461 2127 76
1461 1060 20
1461 1138 13
1461 2313 33
2127 2174 41
2127 338 73
2127 1345 32
2127 3575 93
3978 4187 60
3978 4613 69
3978 4397 50
4187 2812 48
4187 4136 27
4187 3236 11
4187 3913 88
4711 4566 57
4711 4219 75
4711 831 13
4711 186 25
2816 4913 60
2816 3672 40
2816 3601 85
2816 775 82
2816 2897 36
4913 1166 92
4913 3692 11
4913 3699 94
4913 4540 23
2895 2243 2
2895 28 61
2895 1151 20
2895 3615 22
1740 3551 61
1740 557 86
1740 4816 70
3921 4821 8
3921 3893 62
3921 559 5
3921 4157 77
3921 538 4
4821 1269 73
4821 4462 21
4821 2008 82
4821 3594 15
1693 2369 73
1693 3785 89
1693 1283 22
1693 4064 54
2369 1506 85
2369 2664 21
2369 2538 34
2369 2901 15
3126 4846 46
3126 987 3
3126 1124 85
3126 3812 92
4846 1553 9
4846 2854 73
4846 168 40
4846 1891 96
925 1743 83
925 461 48
925 2864 36
925 1401 12
1743 3625 43
1743 2488 47
1743 3158 8
1743 4197 14
1572 2079 53
1572 1862 88
1572 31 30
1572 921 59
2079 3446 59
2079 1415 73
2079 2507 68
2079 2551 77
3316 4189 67
3316 3873 71
3316 1439 49
3316 577 11
4189 1158 24
4189 2779 27
4189 696 34
4189 3458 66
692 983 3
692 2258 69
692 671 69
692 1868 50
983 3539 96
983 315 89
983 3082 49
983 743 62
1580 3660 77
1580 4535 95
1580 1514 62
3660 4771 43
3660 109 62
3660 3113 35
3660 3600 7
463 3146 64
463 1023 83
463 3614 2
463 1057 91
3146 1257 37
4811 526 22
4811 2063 23
511 4614 94
511 957 52
511 1801 6
511 4072 2
511 1782 49
4614 454 88
4614 4750 49
4614 918 86
4614 4242 17
2301 4854 12
2301 1365 55
4854 4564 41
4854 2309 36
4854 185 75
2604 4626 5
2604 607 27
2604 3984 24
2604 2591 80
2604 3762 47
4626 3109 23
4626 4739 69
4626 1618 63
4136 4601 72
4136 2405 73
4136 1094 20
4136 289 69
4601 1184 15
4601 256 12
4601 2213 43
4601 3331 22
395 3621 23
395 4762 53
395 2415 81
395 114 36
3621 1102 81
3621 3851 25
3621 839 11
3621 37 92
1434 4681 18
1434 3559 33
1434 3294 23
4813 4308 79
4813 2192 44
4813 3321 49
4813 4630 22
3331 4847 8
3331 149 52
3331 3650 94
3331 4134 70
4847 4908 6
4847 290 95
4847 3811 91
4847 1708 71
518 3728 22
518 1799 8
518 173 23
518 849 28
3728 2034 20
3728 148 13
3728 512 78
3728 2443 37
1292 2560 30
1292 615 66
1292 593 1
1292 523 82
1292 2875 24
2560 3698 87
2560 1706 65
2560 4157 78
2390 4818 44
2390 1160 42
2390 1960 93
2390 3346 11
2390 4201 54
4818 2482 84
4818 1906 11
4818 3553 11
4712 4483 48
4712 328 75
4712 2856 22
4712 1424 77
3432 2601 21
3432 1656 81
3432 879 48
3432 2700 11
2382 1624 98
2382 3550 70
478 2343 72
478 3718 77
478 4946 59
2343 4157 47
2343 907 94
2343 4286 43
1584 4425 73
1584 4155 61
1584 4882 51
1584 1186 29
1584 2690 60
4425 4596 61
4425 1643 85
4425 982 76
4425 995 84
467 1925 65
467 2102 99
467 4871 84
467 3249 63
467 3383 17
1925 1617 94
1925 425 7
1925 115 66
1925 2660 37
4803 497 19
4803 810 98
4803 672 1
714 1802 8
714 1188 25
714 149 64
714 2876 39
714 1565 82
1802 1367 46
1802 4497 85
1802 3311 60
1802 704 81
397 4835 86
397 3009 39
397 88 73
4835 548 61
4835 2368 60
4835 1804 9
4835 3217 14
163 4668 95
163 3474 59
163 2659 87
4668 4113 61
4668 2460 81
4668 2312 39
623 1943 5
623 2876 51
623 1942 86
623 1519 43
1943 2599 34
1943 3716 39
1943 3692 39
1943 1122 88
4596 3507 74
4596 4972 46
4596 4118 15
2767 127 52
2767 2494 41
2767 1464 7
2767 2197 11
133 1527 98
133 3463 69
133 2187 85
133 2411 5
133 2465 6
1527 1832 83
1527 3556 72
1527 4567 100
658 2166 56
658 1235 55
658 2754 79
658 4437 51
658 1421 10
2166 930 73
2166 828 41
2166 4606 85
360 186 2
360 1716 42
360 1278 51
1005 3442 54
1005 987 13
1005 4316 45
1005 2763 51
3442 4177 64
3442 382 32
253 4332 39
253 1675 22
253 4322 72
4332 2333 31
4332 2892 52
4332 3410 59
308 2053 25
308 4487 26
308 4369 13
308 1945 2
2053 1944 94
2053 2758 60
3109 1536 19
3109 619 89
3109 1375 37
3109 2787 47
1307 2023 95
1307 224 4
1307 2046 81
1307 2784 41
2023 1756 43
2023 2892 96
2023 2330 84
2023 3729 14
1152 2149 95
1152 2399 89
1152 180 53
1152 4580 72
2149 3930 76
2149 3866 32
2149 4583 12
2149 4999 100
3516 3967 44
3516 3208 67
3516 4261 52
3516 4858 2
3967 2035 26
3967 3032 25
3967 298 58
3967 313 16
2556 3925 48
2556 1873 9
2556 3778 42
2556 4857 28
2556 4859 91
3925 4279 70
3925 3032 19
3925 702 87
3925 114 43
818 2798 65
818 4834 12
818 1104 86
818 844 64
818 2563 33
2798 2888 32
2798 1815 92
2798 383 13
2798 4829 53
2611 1871 52
2611 2687 80
2611 1175 5
2611 1254 6
1308 2396 41
1308 1557 19
1308 3831 91
1308 4086 35
2396 3646 7
2396 4359 50
2396 1803 28
1975 3879 24
1975 2592 24
1975 1085 67
1975 3980 37
3879 3930 63
3879 1614 39
3879 1980 33
3879 1664 40
2037 2542 13
2037 741 93
2037 3005 11
2037 1533 63
2542 4042 36
2542 2181 51
2542 2595 85
2542 42 12
590 2116 61
590 341 53
590 1291 95
590 2034 27
590 245 90
2116 3135 14
2116 4839 20
2116 1351 1
1464 4895 9
1464 4306 18
1464 4221 35
4895 4876 100
4895 2364 65
4895 2144 68
4895 3028 68
1555 4259 26
1555 1099 75
1555 1949 84
1555 4938 98
1555 615 4
4259 4794 99
4259 880 27
4259 4653 51
4259 2039 90
1427 3027 33
1427 339 21
1427 705 91
1427 4763 86
1427 4444 32
3027 4318 13
3027 264 90
3027 143 94
2602 3748 85
2602 2885 77
2602 4059 48
2602 3918 61
3748 1570 51
3748 2543 36
3748 1428 12
3748 2859 51
1516 3196 17
1516 512 79
1659 2101 59
1659 3007 12
1659 3504 13
1659 722 79
1659 3535 11
2101 1219 59
2101 4763 45
2101 1049 38
2101 2246 93
1707 3835 7
1707 3019 61
1707 1987 91
1707 2679 60
1707 388 23
3835 4535 10
3835 1733 25
3835 4150 66
3835 4141 63
4485 174 94
4485 1845 84
4485 2852 79
4485 700 35
1752 3083 96
1752 1063 32
1752 4953 50
1752 3041 51
1752 2988 62
3083 4904 40
3083 2334 55
3083 3498 86
3083 380 86
1161 4076 16
1161 1955 70
1161 3603 69
1161 4087 83
1161 1011 2
4076 373 50
4076 1589 82
4076 353 11
4076 3231 3
1641 3252 40
1641 3649 64
1641 3755 95
1641 4795 51
3252 1558 71
3252 2004 85
3252 2364 81
1928 2262 28
1928 739 35
1928 3709 63
1928 1497 22
1928 1953 55
2262 526 19
2262 2052 56
2262 4113 31
2262 1663 71
1840 4364 87
1840 2819 92
1840 953 90
4364 4043 52
4364 1866 89
4364 4270 33
1160 2130 91
1160 1390 38
1160 2534 37
1160 3622 72
2077 3782 65
2077 2913 15
2077 4698 24
2077 4689 87
2077 4777 51
3782 4175 85
3782 2872 64
3782 84 54
3782 1509 5
1141 2111 77
1141 3826 90
1141 3764 59
1141 4870 76
1141 2259 66
2111 3964 95
2111 4134 43
2111 142 58
494 2529 58
494 562 2
494 2338 50
494 1961 78
2529 4156 7
2529 2670 86
2529 2539 21
2529 608 14
1323 1859 66
1323 2670 100
1323 2525 41
1323 4005 19
1323 299 54
1859 3624 8
1859 3348 90
1859 1112 75
1859 2508 76
58 4628 98
58 4577 15
58 1926 84
58 2308 36
4628 4999 47
4628 3013 67
4628 2656 83
4628 4477 51
273 4287 1
273 300 41
273 909 82
273 845 85
4287 108 73
4287 1777 51
4287 4052 88
2040 3079 79
2040 2211 18
2040 1373 14
2040 4843 36
1694 3263 65
1694 1059 13
1694 1249 88
1694 2085 72
3263 1188 79
3263 3975 1
3263 2458 67
3263 4905 33
3922 4217 5
3922 3282 96
3922 947 66
3922 1375 77
3922 2735 92
4217 2754 89
4217 2804 31
4217 1856 43
4217 4962 1
704 4739 6
704 1657 83
704 1195 64
704 1749 65
4739 2448 77
4739 1593 50
2498 2728 89
2498 2546 47
2498 1490 65
2728 575 57
2728 375 90
4196 3355 68
4196 3162 10
980 3856 71
980 1810 36
980 322 27
980 4734 21
980 2818 6
3856 4749 89
3856 3225 17
3856 1356 30
3856 2065 31
868 4237 1
868 3301 5
868 2427 74
868 4754 93
3989 4392 93
3989 3008 5
3989 3210 27
3989 429 62
3989 1664 95
4392 2063 37
4392 3520 12
4392 3305 8
4392 555 95
54 4630 13
54 805 75
54 1049 70
54 3801 36
4630 2843 82
4630 3697 92
3617 4480 17
3617 1837 62
3617 3682 29
694 3233 92
694 2249 36
694 532 5
694 2651 92
3233 4261 63
3233 1836 95
3233 964 28
1272 2981 75
1272 87 3
1272 820 76
1272 882 93
1272 4420 95
2981 1605 51
2981 2796 52
2981 4882 64
2981 588 89
3636 4799 43
3636 4591 49
3636 4593 3
4799 1549 10
4799 3888 1
4799 2249 78
4799 3944 65
2698 4516 34
2698 4951 33
2698 107 38
2698 710 60
2698 181 6
4516 3236 16
4516 3673 76
4516 4852 80
1616 2791 99
1616 4200 99
1616 1153 78
1616 3953 36
1616 1276 28
2791 674 3
2791 3300 19
2791 3291 56
540 4567 60
540 4074 61
540 1924 9
3292 53 81
3292 2425 51
3292 7 18
3292 4206 34
4436 4559 51
4436 3348 99
4436 4772 92
4436 2975 12
4436 279 39
4559 1 2
4559 4930 56
4559 2129 41
4559 1240 41
4477 4597 94
4477 4667 5
4477 3251 48
4597 4679 74
4597 4608 49
4597 4033 80
4597 2430 88
2366 2730 17
2366 2312 81
2366 1394 9
2366 491 30
2730 1633 52
2730 4941 51
2730 4870 12
2730 2179 91
2980 4350 24
2980 4634 16
2980 1756 30
2980 1563 37
2980 3251 55
4350 3683 73
41 86 33
41 3405 11
41 1605 16
41 3938 82
41 1338 90
86 4328 79
86 1481 60
86 3730 45
86 1618 16
25 4279 64
25 2912 35
25 2245 20
25 2645 39
4279 4921 20
4279 4073 17
1503 1875 66
1503 4631 55
1503 3766 20
1503 91 44
3580 3591 32
3580 3046 51
3580 3198 51
3580 456 63
3580 1281 21
3591 4001 75
3591 1394 36
3591 2866 23
300 3460 34
300 3385 33
300 556 26
417 2588 80
417 3322 53
417 4041 67
417 607 14
417 1724 82
2588 1691 19
2588 423 1
2543 3531 62
2543 421 87
2543 2437 93
2543 3809 91
3531 2871 37
3531 1735 18
3531 582 55
1129 1618 10
1129 3707 79
1129 4427 28
2223 4078 65
2223 4634 100
2223 1412 95
2223 2275 71
4078 1085 77
4078 2207 63
4078 2991 34
3343 3548 15
3343 1260 56
3343 3124 7
3276 1064 1
3276 1929 65
3276 4045 40
3276 1808 77
10 3890 84
10 1100 14
10 4203 51
10 1095 96
3890 47 76
3890 1577 62
3890 6 46
3890 2381 67
1655 4560 55
1655 2158 35
1655 3754 4
1655 1147 44
1655 2713 10
4560 1012 79
4560 960 79
4560 730 24
4560 3121 55
333 3348 65
333 3523 52
333 2854 22
333 4128 85
333 2255 43
3348 4269 89
701 1588 32
701 3739 82
701 3800 56
3125 3132 87
3125 1768 100
3125 3559 59
3125 4503 20
3125 385 6
3132 2718 15
3132 4583 24
3132 3456 88
1980 247 16
1980 3588 73
1980 4437 75
4134 4930 5
4134 2048 55
374 676 93
374 844 52
374 2922 24
374 415 90
676 1080 22
676 2802 98
676 2724 52
676 4504 49
64 3897 13
3897 4637 57
3897 4806 86
3897 3499 23
3897 2209 67
960 2463 44
960 4608 75
960 2534 25
2463 410 29
2463 513 36
2463 97 5
2075 2261 50
2075 2870 95
607 4383 61
27 2029 78
27 2779 20
27 4683 34
27 2457 51
27 2346 6
2029 4429 19
2029 2205 78
2029 2245 27
2029 3997 75
4065 1723 32
4065 2296 51
4065 4730 57
4065 2522 80
1644 2866 10
1644 2027 56
1644 328 45
1644 1197 75
1644 1255 74
2866 3017 86
2866 4563 66
2866 2302 53
2454 4132 2
2454 1094 23
2454 677 43
2454 1861 50
4132 4719 98
4132 1963 71
4132 2550 41
3506 4972 86
3506 3101 57
3506 1341 90
3506 4525 46
3193 3241 57
3193 1611 55
2089 3216 81
2089 1526 50
2089 4719 99
2089 2667 66
3216 4056 50
3216 2603 32
3216 1000 91
2488 2733 20
2488 4610 96
2488 1783 28
2733 2001 73
2733 337 39
2733 2136 59
2733 1654 48
604 2306 56
604 3814 29
604 2962 61
604 3116 38
604 212 49
2306 370 71
2306 1709 28
2620 2988 99
2620 1724 90
2620 3878 19
2620 1856 54
829 3264 79
829 3747 56
829 4412 87
829 2300 4
544 1208 70
544 1782 23
544 728 14
544 2511 57
1208 3079 89
1208 3028 10
1208 3322 53
1208 3712 55
936 1998 61
936 2955 71
936 2264 39
936 1251 6
1998 274 43
1998 1055 2
1998 699 98
2052 682 90
2052 3156 19
135 1683 45
135 3942 15
135 3226 78
135 3298 11
1683 1749 37
1683 3960 80
1683 295 83
1683 375 98
2841 4662 39
2841 4344 43
2841 1717 36
2841 999 70
2841 493 97
4662 4182 17
4662 2292 72
4662 195 8
4662 3224 54
392 2248 77
392 772 1
392 3926 77
392 2057 27
392 1128 73
2248 547 78
2248 3203 30
2248 707 50
2248 1872 4
2032 2574 32
2032 4768 1
2032 2527 67
2032 2260 76
2574 2176 18
2574 647 14
2574 2805 88
2574 7 25
1675 4354 13
1675 4160 33
1675 3714 39
287 505 95
287 1460 22
287 1354 59
287 2444 21
505 294 52
505 4199 69
505 73 82
505 4820 3
2536 3574 65
2536 1855 38
2536 351 15
2536 1482 14
603 2956 57
603 4791 48
603 4321 11
2956 4651 56
2956 3417 76
2956 1081 18
737 3185 69
737 2801 29
737 4160 73
737 3845 45
3185 386 12
3185 765 39
3185 76 44
3185 555 7
1263 4692 65
1263 495 15
1263 3829 2
1263 1607 64
1263 1319 28
4692 1103 46
4692 4452 47
4692 4233 58
3929 3099 78
3929 552 57
3929 4393 64
2562 1214 25
2562 2590 81
2562 2943 85
2562 1750 9
3633 3817 82
3633 1601 76
3633 4213 33
3633 4137 9
3817 764 52
3817 3087 27
3817 4313 13
3817 2310 10
3256 3830 85
3256 3530 13
3256 3858 72
3256 3095 57
3256 16 60
3830 3547 76
3830 346 37
3830 4290 77
3830 4366 51
4907 4819 97
4907 826 99
4907 4497 21
4907 2775 56
1563 1951 82
1563 4575 66
1563 3090 89
1563 452 72
1951 2761 90
1951 475 70
1951 4338 10
1951 4346 62
1955 4956 8
1955 1430 61
1955 4097 11
4956 2600 26
4956 3704 67
3994 4762 27
3994 4801 42
3994 797 99
3994 2690 75
4762 3486 91
4762 3652 29
4762 1399 50
1869 3226 77
1869 2891 24
1869 3557 77
1869 414 99
3226 1625 79
3226 4469 44
3226 4282 22
685 3705 54
685 4307 31
685 4551 71
685 207 92
3705 4419 50
3705 3462 11
1258 3301 11
1258 2297 8
1258 4881 29
1258 1532 78
1258 2699 5
3301 3686 25
3301 4290 8
3301 1348 96
373 1218 98
373 56 37
373 4103 18
373 4842 25
693 4054 78
693 2857 74
693 1056 78
693 1607 51
693 2997 34
4054 589 97
4054 836 80
4054 1815 78
4258 4808 86
4258 4468 22
4258 4791 80
4258 3463 39
4258 4936 85
4808 1533 66
4808 3513 68
4808 2440 17
4808 3655 44
3062 3964 82
3062 4359 32
3062 3138 58
3062 4721 92
3062 605 24
3964 4499 20
3964 2517 33
3964 1057 34
1990 4684 32
1990 3666 97
1990 499 85
1990 4501 93
4684 2103 10
4684 4049 28
4684 280 34
4684 2060 20
4642 2680 66
4642 2585 72
1956 4208 98
1956 2761 67
1956 1276 33
1041 3894 16
1041 4291 50
1041 2634 52
4053 1701 63
4053 3750 80
4053 1245 56
4053 602 47
473 4953 11
473 48 1
473 4923 6
473 3935 51
473 1220 93
4953 810 73
4953 3363 54
3466 4993 38
3466 4073 97
3466 1153 85
3466 3689 50
4993 4275 58
4993 1044 31
4993 4871 90
87 3197 54
87 3951 83
87 2532 92
87 2230 92
3197 283 90
3197 535 16
3197 3154 30
1293 2477 68
1293 225 80
1293 3707 12
1293 1831 53
1293 4241 43
2477 3984 47
2477 1238 63
2477 4357 71
2477 909 79
1288 4348 16
1288 4955 56
1288 3899 94
1288 831 90
1288 719 91
4348 2124 16
4348 1963 32
1921 2046 66
1921 4687 11
1921 2473 16
1921 3474 53
1921 3544 75
2046 172 13
2046 196 89
3378 3575 33
3378 1637 58
3378 1112 45
3378 3479 70
805 4700 49
805 1524 50
805 1881 31
805 2547 39
2674 4269 92
2674 1778 98
2674 4483 89
2674 1457 4
4269 1387 23
4269 2130 33
4269 12 60
4130 82 10
4130 2916 58
719 3144 99
719 4909 53
719 2967 6
719 1299 25
3144 3828 85
3144 2684 60
3144 4839 43
605 1322 49
605 3324 43
605 1393 89
1322 4092 53
1322 4504 8
1322 4428 78
75 3079 62
75 2552 83
75 2870 36
75 3394 45
3079 2484 88
3667 3707 50
3667 3777 2
3667 574 80
3667 1479 21
3707 4672 21
3707 3045 86
3870 4295 58
3870 4451 46
4295 841 71
4295 4606 81
4295 3881 58
4295 4603 87
448 1109 4
448 2750 66
448 3368 82
448 1976 4
1109 330 78
1109 4335 27
1109 4024 4
418 2664 69
418 4012 81
418 2397 96
418 1367 79
418 466 11
2664 613 67
2664 1433 96
2664 4716 38
652 1092 46
652 1806 9
323 1114 79
323 1817 28
323 4475 96
323 881 49
323 2486 89
1114 981 25
1114 3718 67
1114 3246 36
2774 3803 98
2774 436 63
2774 3168 43
2774 2355 15
2774 2141 14
3803 4870 46
3803 2009 52
3803 1221 26
3803 592 79
2137 2465 96
2137 4572 10
2137 500 10
2137 1147 19
2465 4437 9
4014 4424 95
4014 2476 55
4014 2296 39
4014 2705 23
4014 1354 22
4424 1917 90
4424 1465 10
4225 4240 56
4225 503 12
4225 3184 94
1384 3130 48
1384 4489 17
1384 2142 47
1384 1913 35
3130 2000 89
3130 3260 72
3130 1870 100
3130 4420 94
1520 2533 59
1520 1186 58
1520 1060 19
1520 3090 71
1520 620 4
2533 2479 34
2533 700 45
2533 121 16
2599 3698 40
2599 3076 10
2599 597 77
236 3791 52
236 1576 48
236 2175 53
236 2346 45
236 2941 89
3791 1893 9
3791 874 83
3791 4633 59
1576 3497 47
1576 4115 66
1576 4529 60
1576 3648 88
1492 2005 38
1492 1934 86
1492 2554 69
1492 2191 67
1677 3648 78
1677 2810 78
1677 1490 16
1677 3534 83
1677 2179 90
3648 1247 80
3648 185 93
3648 1194 40
722 3950 44
722 380 38
722 4896 69
3950 1313 17
3950 3002 19
3950 2524 96
720 3086 3
720 4241 54
720 2758 80
720 262 79
3086 948 93
3086 4837 33
3086 4935 59
823 1558 3
823 4320 88
823 4914 46
823 4740 79
823 2869 59
1558 3906 9
1558 1746 29
1759 3946 85
1759 2380 22
1759 4286 10
1759 1723 36
1759 430 18
3946 4230 69
3946 766 27
3946 3657 32
690 2160 19
690 4431 75
690 4923 33
690 3493 16
690 244 31
2160 4948 2
2160 3383 40
3225 713 45
3225 2125 26
4572 3406 58
4572 4784 83
4572 3502 92
4572 1351 31
1779 4864 93
1779 4200 27
1779 416 54
1779 4210 58
1779 4805 70
4864 994 71
4864 1542 98
4523 4688 62
4523 2993 97
4523 2389 41
4523 3628 43
4688 1595 25
4688 1110 77
4688 3587 83
2534 3979 41
2534 4805 30
2534 147 23
3979 2749 75
3979 876 92
3979 4254 66
2384 4449 5
2384 48 48
2384 763 72
2384 4219 52
2384 2022 17
4449 754 31
4449 1063 11
4449 1744 78
2353 2884 97
2353 1696 79
2353 3392 57
2353 4377 13
2884 3054 65
2884 3421 61
2884 1232 45
2884 324 31
2953 3145 16
2953 2302 4
2953 1209 5
2953 580 4
3145 1214 21
3145 725 75
3145 4930 13
3145 4747 85
1501 2375 11
1501 1290 32
1501 641 89
1501 1122 97
1501 171 50
2375 4012 95
2375 1172 75
2375 539 88
2375 2687 5
816 3733 84
816 201 72
816 76 83
816 4048 1
3733 1040 23
3733 764 52
3733 4309 86
3733 257 46
2710 3387 38
2710 4623 37
2710 553 69
2710 4118 30
3387 3776 86
3387 3819 56
3387 3001 2
1533 4183 72
1533 1278 1
1533 3665 14
421 2524 99
421 2407 83
2290 4750 61
2290 657 30
2290 1736 75
2290 792 58
2290 2476 100
4750 992 41
886 4960 90
886 35 1
886 2544 28
886 3804 78
886 4415 81
4960 3443 48
4960 4901 70
2561 4984 5
2561 2706 21
2561 3167 73
2561 456 2
4984 3143 89
4984 2479 97
4984 212 61
4171 4879 60
4171 3286 81
4171 3859 20
4171 4948 6
4879 2103 23
4879 503 68
1255 2090 2
1255 2976 11
1255 3523 77
2090 2060 13
2090 2855 32
2090 1250 68
501 3843 77
501 757 98
3843 1986 46
3843 859 87
3843 2509 46
3843 4906 64
3784 436 56
3784 1228 67
3784 3342 27
1230 3723 95
1230 1860 30
1230 4674 40
3723 973 91
3723 854 24
3723 2600 14
3723 3073 14
791 2858 36
791 2930 5
791 1929 59
791 860 71
2858 4474 56
2858 970 9
2858 2593 87
2858 2540 56
1498 2491 30
1498 1190 15
1498 4823 28
1498 2070 72
2491 2971 12
2491 2537 40
2491 3155 29
74 2988 49
74 233 24
74 706 74
74 1755 36
2988 4104 52
2988 13 65
3298 3449 21
3298 1364 42
3298 1500 58
3298 4513 64
3449 3853 58
3449 2197 51
3449 3695 80
3449 1077 13
2630 4976 99
2630 3367 2
2630 2775 59
4976 4325 24
4976 2813 47
4976 4689 51
4976 4975 45
753 1290 36
753 357 44
753 1966 85
753 2727 52
1290 1009 54
1290 4495 8
1290 4921 40
3368 4676 83
3368 4441 51
4676 3026 29
4676 4140 97
4676 4724 20
4676 4223 42
4732 1540 86
4732 3255 70
4732 4263 75
3136 4430 63
510 4723 49
510 3972 70
510 1607 31
510 210 29
510 1772 47
4723 3664 45
4723 2433 21
4723 1103 55
4723 4594 40
2705 3285 17
2705 152 91
2705 4020 49
3285 4473 77
3285 4226 67
3285 2685 88
3285 24 4
415 1416 66
415 1180 48
415 124 49
415 2323 32
1416 3202 83
1416 4669 28
1416 3417 16
661 2640 21
661 503 65
661 4381 87
661 4552 10
661 795 91
2640 4435 32
2640 3253 7
2640 3798 61
2997 4625 60
2997 2567 36
2997 3289 79
2997 1736 6
4625 128 77
4625 848 56
4625 927 19
4625 999 93
1588 2894 34
1588 1920 18
1588 3889 19
1467 2215 31
1467 2903 16
1467 1089 13
1467 1868 86
2215 482 37
2215 1387 5
2215 2393 67
2215 2278 78
4147 4062 59
4147 3413 7
4147 3916 71
4147 4047 38
4643 3371 18
4643 2078 62
4643 4374 64
489 584 17
489 214 36
489 1636 69
584 3494 76
584 708 3
584 2857 68
584 696 44
19 2963 23
19 2096 11
19 2837 99
19 1719 68
1010 3962 45
1010 3565 66
1010 2065 46
3962 3110 22
3962 3291 61
3962 2899 44
3962 3249 10
1012 2298 31
1012 2539 6
79 3019 56
79 1895 24
79 1162 43
79 3889 29
2875 4635 10
2875 3738 22
2875 1423 7
4635 450 41
4635 4989 87
4635 4371 67
4635 4118 99
1287 2284 51
1287 3080 15
1287 1189 64
1287 120 90
2284 1945 72
2284 4445 85
2284 811 50
1553 3423 44
1553 1654 70
1553 256 5
3423 3100 73
3423 2496 23
3423 4740 100
1035 2550 45
1035 1978 90
1035 1536 47
1035 4175 73
754 1003 62
754 4902 23
754 1090 19
754 1331 25
1003 2 92
1003 579 95
1003 325 63
2154 3492 73
2154 4757 16
2154 66 15
2154 3935 42
437 2307 15
437 2056 3
437 3451 25
437 3181 55
2158 1189 36
2158 2706 64
2158 3999 96
2158 1397 87
289 674 67
289 3659 6
674 4087 62
674 3120 15
674 3166 71
230 492 66
230 2163 25
230 1778 44
230 4126 94
1874 4188 52
1874 559 99
1874 2267 7
1874 1832 52
1874 1841 62
4188 1986 87
4188 2370 43
4188 4947 27
4188 148 92
2385 2943 67
2385 527 43
2385 1285 43
2385 4866 98
2385 3245 68
2943 1589 23
2943 1715 26
3866 4377 82
3866 1710 33
3866 867 87
3866 344 93
4377 2395 58
4377 4631 66
979 4504 97
979 3258 77
979 3370 47
979 349 41
979 224 44
4504 4293 81
4504 4557 53
3698 3429 59
3698 3015 93
3698 403 91
772 2402 74
772 2368 99
53 1045 39
1078 2268 52
1078 3306 16
1078 493 33
1078 2647 87
2268 796 15
2268 3623 70
2268 2159 86
2038 4296 22
2038 2048 94
2038 4539 70
2038 1472 70
4296 1182 16
4296 2708 74
4296 595 56
4296 3504 29
1040 1364 32
1040 1247 38
1040 3140 55
1040 4795 36
1960 3104 18
1960 1982 7
1960 977 59
1960 3385 67
81 4293 45
81 4165 4
81 1184 27
81 2577 28
81 4930 16
4293 2983 76
1170 4974 9
1170 3007 11
1170 1186 9
1170 2897 34
1170 4623 82
4974 3231 24
4974 1375 84
4974 2743 20
4974 608 35
2412 3948 41
2412 3639 42
2412 3297 18
2412 1737 59
3948 3678 66
3948 1079 60
3948 2557 98
1984 4024 7
1984 2462 52
1984 743 68
3926 1728 94
3926 430 99
3926 3521 78
4104 2669 76
4104 4201 28
328 2184 75
328 159 4
328 3845 61
2184 4233 87
2184 3740 55
2184 3350 67
2184 4982 28
2026 4178 89
2026 3995 69
2026 339 87
2026 955 30
4178 475 30
4178 2142 31
1830 1363 90
1830 1775 36
1830 728 36
1472 1700 55
1472 169 35
1472 2651 26
1912 1124 69
1912 400 40
1912 2660 3
3794 1236 20
3794 3891 52
3794 207 82
3794 953 89
3202 445 94
3202 1126 70
3202 3743 52
3202 1754 88
1851 2210 79
1851 4037 31
1851 2785 5
1617 2926 46
1617 2295 11
1617 3696 21
1617 3513 52
2926 2566 98
2926 1871 43
2926 741 44
2926 2312 98
2377 4600 37
2377 2487 97
2377 1477 31
4600 3157 50
4600 3622 75
4600 1861 7
4600 4991 50
2115 4371 27
2115 3931 28
2115 601 43
2115 4902 61
2115 2607 85
4371 2031 40
4371 4320 3
4371 653 98
298 965 89
298 158 39
298 3902 79
298 4263 15
965 4540 92
965 103 89
965 1544 2
255 366 28
255 4435 34
255 1261 38
255 3831 49
366 1469 26
366 3189 52
366 2929 49
366 5 2
1363 2521 5
1363 1093 57
1363 2407 46
2521 168 37
2521 2263 73
2521 4582 91
2521 1870 48
4749 2507 49
4749 1991 27
4749 3014 88
3293 307 53
3293 3750 46
3293 39 55
1445 2856 46
1445 4683 76
1445 219 67
1445 4123 75
1445 762 91
2856 870 25
2856 1673 66
1051 1239 58
1051 844 1
1051 1643 40
1051 118 2
1051 55 46
1239 1055 25
1239 3850 36
1239 2326 21
1239 665 26
70 2535 18
70 381 24
70 1110 48
70 3715 2
70 2681 25
2535 3026 14
2535 3582 61
2535 3012 57
2535 1469 74
1918 3039 81
1918 3999 56
1918 3818 11
1918 2625 21
1918 1532 92
3039 4008 77
3039 699 81
3039 3670 32
1269 727 59
1269 3350 71
1269 1286 77
1126 4271 59
1126 1100 31
1126 4016 40
1126 2894 38
4271 4796 58
4271 926 50
4271 457 18
4271 2999 62
3346 3415 82
3346 2507 98
3346 2381 83
3415 388 7
3415 276 14
3415 3681 48
3415 3597 30
1867 3488 51
1867 1221 36
1867 673 29
1867 3381 74
1867 949 39
3488 178 22
4965 4687 3
4965 2763 41
4965 2688 19
2624 3430 89
2624 1545 24
2624 1271 16
2624 13 34
3430 1381 4
3430 2022 53
3430 454 53
3430 4154 99
939 3398 40
939 3639 80
939 849 83
939 2810 35
3398 201 47
3398 4017 85
3398 4305 68
1240 2572 38
1240 941 43
1240 799 69
2572 3376 53
2572 2401 59
2572 3556 36
2572 485 78
4149 930 40
4149 3078 32
4149 288 95
4149 4047 90
386 29 49
386 4299 45
386 4611 5
386 2563 72
1198 2589 8
1198 1462 58
1198 3119 46
817 3408 57
817 1664 93
817 4069 92
817 105 18
817 3831 90
3408 3422 92
3408 643 9
937 2241 24
937 2874 76
937 3171 19
937 4031 24
937 3496 12
2241 1836 14
2241 2313 100
2241 21 10
2241 2663 31
2714 4528 8
2714 1318 45
2714 4888 8
4528 1654 99
4528 2864 50
4528 267 4
4528 1009 71
3691 3756 15
3691 2204 11
3691 2659 43
3691 2230 92
3691 2998 98
3756 1488 90
3756 4753 55
3756 2902 72
3756 961 5
1349 4666 13
1349 2373 60
1349 3098 54
1349 376 100
4666 1564 31
4666 11 94
4666 4687 21
4666 3098 82
1896 4310 29
1896 2222 4
1896 1252 25
1896 4033 80
4310 4247 37
4310 2489 76
4310 459 75
594 855 62
594 2672 80
594 3965 85
594 2304 22
594 4386 53
855 4457 33
855 3017 74
855 3327 44
855 527 87
2309 4479 76
2309 4962 26
2309 1509 86
2309 3777 6
4479 1364 91
4479 4742 66
4479 3241 26
4479 183 94
2005 4853 80
2005 1914 80
2005 533 76
2005 589 17
2505 4125 97
2505 3766 64
2505 4306 72
2505 4036 23
2505 2439 11
4125 4677 99
4125 2650 14
4125 1077 4
3876 981 82
3876 1727 19
3876 1112 73
3876 1894 10
1761 409 79
1761 3210 67
1761 1601 15
268 1099 97
268 3175 92
268 1417 47
268 4810 69
1099 4432 78
1099 4117 55
1099 1087 8
3096 1596 95
3096 3462 44
3096 3815 47
3096 2954 30
1661 4443 71
1661 1845 10
1661 2794 14
1661 4445 22
4443 4453 56
4443 4875 8
4443 4978 77
4443 3191 87
2423 4729 70
2423 1156 46
2423 4110 46
2423 3425 25
2423 4429 97
4729 1389 32
4729 2446 88
1690 2929 9
1690 4873 98
1690 1057 83
1690 176 62
2929 111 7
2929 2936 69
2929 3340 38
1050 4289 90
1050 3523 67
1050 1717 39
1050 4050 5
1050 3245 55
4289 1391 91
4289 2392 34
4289 1609 56
4289 2937 51
100 2720 17
100 2326 97
100 233 42
100 3299 67
2720 2702 77
1590 3745 22
1590 3467 46
1590 3093 68
1590 2549 27
3745 2793 36
3745 4933 69
3745 1031 91
297 3234 93
297 1758 78
297 1 92
297 696 27
3234 2820 78
3234 1390 9
3234 3868 32
3234 803 7
1954 3204 67
1954 3321 90
1954 3553 71
1954 275 46
1954 4702 28
3204 3851 77
3204 1633 55
3204 1657 45
3204 2177 92
1340 1355 50
1340 3304 44
1340 2395 53
1340 524 9
1340 569 5
1355 2043 92
1355 4263 6
1355 4232 64
1355 2683 90
495 32 64
495 3084 3
495 468 100
3941 4806 80
3941 4634 64
3941 1280 41
3941 2694 7
4806 2869 68
4806 3641 48
4806 1356 46
581 1946 86
581 2675 47
581 3764 39
581 4694 5
581 3009 48
1946 602 19
1946 732 12
1946 2049 50
1946 2717 21
1515 4931 49
1515 3021 86
1515 588 3
1515 723 97
3581 321 44
3581 2307 38
3581 768 84
2258 4783 48
2258 3159 20
2258 1561 26
2258 3677 30
4783 4526 97
4783 3719 29
4783 371 45
4783 2082 82
1320 4500 9
1320 3655 75
1320 3641 34
1320 3069 85
1320 1905 86
4500 3183 31
4500 476 39
4500 1846 30
4500 4395 100
3522 3775 9
3522 2539 34
3522 1623 16
3522 1749 21
3522 2840 38
3775 3324 52
3775 3546 92
3775 3672 7
3775 2370 97
838 2541 11
838 3022 7
838 36 23
838 830 23
2541 2622 83
2541 3805 55
1664 3995 8
1664 3931 80
2814 2896 96
2814 1751 14
2814 915 91
283 3191 37
283 2569 54
283 4875 13
283 3198 17
3191 3265 31
3191 2000 62
3669 1568 22
3669 3604 85
3669 3040 78
2761 1976 95
2761 680 56
2761 4445 7
2577 3489 91
2577 3539 83
2577 1714 25
2577 1038 84
3489 3127 6
3489 3777 35
3489 1442 98
3489 3010 39
4005 4843 30
130 4117 6
130 2440 45
130 122 5
130 221 46
130 3529 42
4117 3319 2
4117 4951 26
4117 4802 97
1326 2709 80
1326 3269 61
1326 1944 35
1326 2849 54
1326 1929 39
2709 4329 35
2709 885 12
2709 493 6
913 3106 54
913 1727 17
1247 382 30
1247 325 2
1247 1753 15
2537 4090 70
2537 4790 15
2537 2252 12
2537 4584 8
4090 4100 29
4090 1586 74
2363 4685 54
2363 4733 43
2363 3864 19
2363 561 30
4737 671 45
4737 1750 82
4737 1642 21
2041 703 29
2041 4981 94
1479 598 1
1479 4037 38
1479 1407 41
4679 2759 18
4679 147 61
4679 4577 30
4679 1904 82
996 3248 96
996 2568 47
996 744 11
996 4113 71
3248 1725 91
3248 1554 63
3248 2708 33
3248 648 50
2894 856 37
2894 364 37
2894 2410 30
4700 4409 76
4700 4591 45
4700 3291 43
4700 935 39
500 4064 85
500 3518 40
500 4833 19
4064 400 69
4064 1702 34
4064 4274 13
2117 4901 50
2117 3495 18
2117 2243 96
2117 2114 99
4901 4098 99
4901 1412 27
1217 4644 94
1217 4323 14
1217 4237 85
1217 2914 99
1217 748 7
4644 3858 27
4644 3642 73
4644 3600 36
761 3610 46
761 2237 63
761 148 92
761 30 26
761 917 80
3610 4387 27
3610 2942 24
3610 4170 73
3610 4338 95
991 3313 53
991 4447 51
213 4007 89
213 2214 87
213 709 81
213 3355 43
213 1058 17
4007 2283 38
4007 4862 48
4007 1132 75
2097 4434 60
2097 1443 14
4434 406 41
4434 3651 59
4434 3955 72
4434 2746 54
1385 2242 38
1385 4059 98
1385 3260 32
1385 835 17
1385 2146 32
2242 1621 1
2242 1202 97
2242 2764 27
2242 370 37
2566 3739 10
2566 2066 87
2566 1192 63
2552 3028 44
2552 4167 93
2552 3792 97
2552 4535 49
3028 2250 61
3028 2298 52
2146 2340 75
2146 3194 63
2146 3785 7
2146 4031 88
2340 1116 87
2340 2902 85
2340 3371 51
357 4393 16
357 3071 58
357 4410 63
357 393 56
2793 4137 57
2793 4807 76
2793 2820 48
2793 65 83
4137 1882 32
3214 3901 14
3214 176 36
3901 2272 5
3901 3697 39
3901 819 25
3901 293 79
2042 3451 10
2042 1794 91
2042 1551 90
2042 1065 6
2042 4767 60
3451 3347 12
3451 2807 50
3451 4567 80
449 1510 76
449 4829 5
449 1566 41
449 371 96
449 2188 82
1510 3838 90
1510 3695 61
1510 280 98
330 3545 49
330 839 82
330 2950 67
3545 2410 31
3545 4154 76
3545 3597 67
3545 3828 5
292 1038 24
292 2568 15
292 3689 12
292 361 88
1038 2371 80
1038 4075 43
1038 4816 6
777 4988 76
777 1031 58
777 530 27
777 4133 47
4988 426 57
4988 4115 2
4988 142 69
1708 1885 89
1708 3887 19
1708 4172 59
1708 3727 68
1885 1709 97
1885 2735 92
1885 2748 8
3647 4951 66
3647 4282 38
3647 4321 65
3647 670 65
4951 2120 26
4951 4752 28
1009 1847 62
1009 2388 8
1009 4418 36
1847 4101 51
1847 1303 82
1847 3172 74
1847 4703 31
168 361 39
215 2740 13
215 2723 72
215 941 35
2740 837 85
2740 1989 34
2740 2473 97
2740 2452 74
387 3261 87
387 2651 87
387 2688 97
387 4899 28
387 2971 42
3261 2295 73
3261 1908 72
3261 4893 67
1125 4947 98
1125 309 89
1125 1970 77
1125 1463 68
1125 1046 20
4947 1175 8
4947 4882 33
4947 4415 1
445 4303 71
445 4358 36
1935 2012 88
1935 3798 50
1935 3156 45
1935 1746 83
1935 1113 21
2012 2944 73
2012 183 50
2012 509 43
2012 393 97
1019 3474 62
1019 517 84
1019 45 79
1019 2952 99
1019 1221 89
3474 4303 87
3474 3486 1
281 1431 86
281 4491 89
281 2846 37
281 4337 18
3552 2907 57
3552 4308 45
3552 3947 19
3552 4553 32
917 982 62
982 1173 100
982 4381 34
982 1783 96
2190 4224 11
2190 4655 39
2190 2950 70
2190 616 26
4224 4896 98
4224 2514 77
4224 2896 40
2420 4915 84
2420 1415 65
2420 632 81
2420 38 22
4915 91 42
4915 363 92
4915 1832 82
4915 2511 50
973 4526 70
973 3562 24
973 3917 6
4526 1945 79
870 2121 22
870 1350 2
870 3548 52
870 24 40
663 1331 15
663 2243 54
663 3358 90
663 509 2
1331 725 25
1331 4428 4
1331 4417 7
2199 4458 12
2199 1070 65
2199 2876 86
2199 114 97
2199 325 54
4458 3583 10
4458 1638 43
4458 3972 10
4084 3272 91
4084 227 69
4084 3916 39
4084 4256 66
2140 2831 70
2140 2992 33
2140 4578 1
2831 497 67
2831 4209 45
2831 1974 40
2831 4754 48
1517 1620 23
1517 3419 63
1517 4463 85
1517 844 87
1517 1720 36
1620 3668 90
1620 2963 15
1620 1344 98
120 3563 85
120 1311 66
120 620 52
120 2020 60
3563 4753 41
3563 2333 86
3563 4499 48
3869 4138 92
3869 1575 6
3869 3178 33
4138 1128 58
4138 4106 36
2432 2939 64
2432 2802 56
2432 1481 1
2432 710 47
2432 1302 1
2939 2998 42
2939 2769 63
2939 2993 83
2939 3653 42
670 4989 12
670 1733 76
670 2043 96
964 3659 93
964 1914 67
964 4603 46
964 5 38
3659 43 77
3659 1604 43
1210 4883 89
1210 198 58
1210 4606 72
1210 2731 67
4883 2983 89
4883 4510 97
4883 3572 29
4883 3090 78
3538 4792 67
3538 4204 99
3538 78 50
3538 695 46
3538 61 3
4792 2033 65
4792 4094 26
4792 1649 28
4792 2305 3
2717 104 56
2717 1422 70
2717 3864 72
2359 3400 27
2359 3943 33
2359 4264 78
2359 1772 59
3400 2069 82
3400 173 46
2507 1647 68
3175 3397 18
3175 4017 97
3175 1481 66
3397 1782 20
3397 2711 95
3397 3671 35
307 2342 17
307 1719 13
307 4401 51
307 72 60
2342 4264 21
2342 3031 79
2342 2269 60
1184 2487 23
1184 4517 18
631 4129 63
631 4441 70
631 4344 44
631 1079 51
631 4831 30
4129 1064 77
4129 254 20
4129 1068 41
1450 2734 69
1450 3045 23
1450 1196 49
1450 1031 78
2734 1102 58
2734 2338 42
3179 4041 63
3179 187 55
3179 686 99
3179 2367 82
3179 2110 11
4041 875 16
4041 3790 41
4041 3528 62
1756 2380 2
1756 4468 42
1756 4890 13
2592 4324 73
2592 2824 75
2592 407 57
538 4840 20
538 3114 66
538 4697 45
4840 319 5
4840 2932 35
4840 3113 21
4840 3077 73
4638 4706 6
4638 2291 81
4638 2775 87
4638 2171 14
4638 582 9
4706 1720 2
4706 616 59
4390 4604 78
4390 3355 99
4390 1995 55
4604 2752 72
4604 1213 47
4604 573 68
4604 1811 77
1054 2269 10
1054 2159 64
1054 4551 36
1054 3022 12
1045 3624 45
1045 574 27
3624 4796 23
3624 2788 32
757 3788 24
757 4253 10
757 4122 37
757 4530 20
2297 4040 73
2297 4459 75
2297 1268 85
2297 1229 13
4040 3547 65
4040 4314 29
4040 1417 54
4040 2322 35
1977 4587 44
1977 3663 60
1977 3651 68
1977 3273 74
1977 3770 59
4587 785 45
4587 875 70
4587 2832 100
4587 2811 19
2161 4179 78
2161 4047 58
2161 3428 53
2161 3571 89
4179 900 87
4179 3066 20
4179 2837 34
848 4773 70
848 3354 36
848 716 18
848 3223 20
4773 4776 67
4773 2670 2
2991 4798 17
2991 433 53
3051 4916 20
3051 97 58
3051 3182 77
3051 873 75
3051 1286 20
4916 835 31
4916 1873 26
4916 932 33
4623 3498 22
4623 1825 89
4540 3480 92
227 898 44
227 4563 79
227 4268 67
227 3093 60
898 3799 7
898 1362 93
898 2147 75
11 339 17
11 2855 51
11 3762 98
1783 3940 22
1783 22 10
1783 2388 79
3940 162 48
3940 4165 58
3940 2723 77
3940 4080 45
1059 972 53
1059 2213 56
1059 1209 93
1059 1380 1
174 2469 57
174 1585 85
174 1120 97
2469 1671 33
2469 1751 96
2469 2392 77
91 1093 24
638 3098 36
638 830 49
638 457 31
3098 1593 97
2398 3718 28
2398 2672 83
2398 1378 74
2398 2656 62
2398 4002 20
3718 560 78
3718 3198 80
3124 4384 16
3124 4131 21
3124 3490 85
3124 1668 59
4384 4265 85
4384 138 27
4384 3821 73
4384 3730 15
2347 2706 49
2347 3149 87
2347 4109 85
2347 4082 4
2706 1015 43
2706 3780 1
3740 2508 41
3740 4754 26
3740 1852 72
1053 3313 8
1053 2331 17
1053 3787 85
1053 315 2
1053 4757 5
3313 4713 69
3313 3289 91
3313 1491 42
1096 1697 70
1096 915 75
1096 1104 26
1096 1838 40
1697 2129 80
1697 2616 83
1697 2589 87
232 4493 61
232 1685 23
755 1654 4
755 577 70
755 2797 68
1784 3037 29
1784 923 1
1784 4312 69
1784 3221 20
3037 2272 92
3037 1373 67
3037 1535 32
3037 762 43
3984 3492 80
3984 1455 61
3984 4381 29
1758 2073 43
1758 914 88
1758 1000 40
1758 4674 19
2954 4875 48
2954 3548 93
2954 2833 91
2954 901 100
4875 2683 29
4875 4383 75
111 3288 56
111 1116 59
111 280 29
3288 4256 4
3288 480 45
3288 3547 21
954 2516 92
954 4164 72
954 828 13
954 2167 16
2516 1476 38
2516 1656 75
2778 4649 8
2778 3205 42
2778 2804 26
4649 3010 33
4649 1575 22
4649 3142 76
4649 4056 13
3022 3289 43
3022 4116 5
3289 3004 64
4352 4362 20
4352 619 78
4352 2082 19
4352 1369 14
4352 2745 75
4362 735 79
4362 2528 95
4362 2547 16
4362 3772 49
3299 1374 25
3299 955 7
1986 3666 90
1986 2185 10
1986 2490 95
3666 4393 52
3666 3305 15
3666 2464 69
1086 1689 29
1086 3342 21
1086 3608 70
1086 4954 61
1689 1276 83
1689 549 92
3019 245 69
3019 361 9
3019 4997 43
1475 3450 50
1475 1259 17
1475 138 95
1475 3542 52
1475 1626 16
3450 1296 82
3450 2350 32
3450 341 61
3450 4778 44
3231 1110 34
3231 2625 12
2281 3025 4
2281 306 91
2281 312 28
2281 3603 72
2281 1370 20
3025 1207 66
3025 2859 4
3025 3017 84
2530 3995 62
2530 1671 81
2530 1989 51
2530 706 4
2530 3792 41
3995 3161 42
999 216 32
999 36 16
4323 3802 95
4323 3137 49
4323 4998 47
4323 4870 57
981 414 22
981 2938 91
291 896 40
291 1887 59
291 3481 19
291 2036 26
291 3344 70
896 2088 74
896 3115 53
896 1410 63
2425 3420 38
2425 4035 17
2425 1130 10
2425 1524 95
3420 3352 66
3420 3862 62
3420 4359 11
3420 4656 58
183 316 100
183 483 89
183 3128 35
316 3603 29
316 2448 100
316 3433 49
2996 4175 30
2996 438 94
2996 669 60
2996 4550 6
4175 2273 24
4175 3997 92
4894 346 95
4894 1701 98
4894 2232 50
716 4980 76
716 2165 88
716 2838 17
4980 2145 55
4980 3004 59
4980 72 76
1406 1751 30
1406 1098 45
1406 151 74
1406 4545 60
1406 1044 61
1751 3104 75
1751 4552 27
2523 2437 43
2523 2256 72
3026 1310 91
836 4989 45
836 1994 87
192 1532 52
192 1772 84
192 1831 80
1422 3156 52
1422 4143 76
1422 1231 13
3156 4613 64
3156 1484 7
2110 3264 40
2110 114 73
2110 3483 28
3264 1497 6
3264 1811 93
3264 2011 94
1153 4954 74
1153 3527 96
1153 4496 46
4954 3891 58
4954 4173 23
4954 1415 33
2206 2743 74
2206 4221 70
2206 1744 4
2206 3758 86
2206 4050 80
2743 752 76
2743 2200 5
2743 113 24
3238 4876 100
3238 3758 74
3238 2567 58
3238 1760 72
4876 3778 2
4876 813 42
4876 1296 28
394 3653 3
394 1119 39
394 4867 14
394 681 17
394 4101 15
3653 4241 7
3653 2911 92
3653 2948 23
2202 3792 27
2202 4871 40
2202 4370 80
2202 730 79
2202 3058 13
3792 2514 21
3792 1788 90
918 3101 41
918 2388 93
918 3560 29
918 4153 62
3101 1709 58
3101 4237 30
3101 3471 35
3161 4629 18
3161 3864 94
3161 2880 66
4629 900 31
4629 3690 43
4629 1478 82
3471 2919 76
3471 4433 70
3471 555 82
382 1549 77
382 4921 77
382 4595 98
1549 2408 85
1549 3384 40
1549 2797 81
3350 4299 76
3350 169 60
3350 3182 4
4299 4651 90
4299 1093 14
3492 4981 71
3492 2292 7
3492 3209 71
380 1219 94
380 1550 70
2011 3672 18
2011 3594 65
2011 169 99
2011 1044 22
3672 145 50
3672 3164 55
1844 2151 80
1844 3928 54
1844 2401 65
2934 4586 50
2934 434 37
4586 3895 57
4586 4298 48
4586 1513 62
4586 4164 27
900 3650 12
1232 3153 16
1232 2232 92
1232 2143 20
3153 4929 38
3153 2318 74
3153 2163 84
225 555 42
225 2085 69
225 3428 24
3798 1530 56
3798 4702 55
1092 4341 21
1092 2168 10
1092 439 3
1092 4817 68
4341 2051 69
1917 3187 45
1917 689 37
1917 2427 85
1917 1523 92
539 2408 76
539 2092 10
539 845 56
2408 4055 61
2408 3426 22
1688 2874 89
1688 3116 67
1688 480 21
1688 4941 74
2874 3732 15
2874 1746 38
1373 3802 88
1373 262 29
1373 1414 15
3802 4670 76
3802 1656 17
3802 3755 33
2758 588 14
2758 4267 45
1825 4167 84
1825 3918 33
254 2424 80
254 113 59
254 4433 54
254 1224 97
2424 2899 56
2424 4848 78
2424 450 36
2424 1275 74
2088 4013 13
2088 444 86
2088 1211 35
4013 4455 41
4013 44 15
4013 4491 46
4013 3038 54
2279 4776 80
2279 1543 29
2279 475 9
2279 2663 16
2279 3642 47
4776 517 30
4776 1443 8
2100 4181 5
2100 1187 54
2100 3172 11
2100 688 56
548 2376 79
548 438 30
548 233 77
548 1389 73
2376 3906 18
2376 2337 65
2376 3690 52
1048 4914 20
1048 2771 24
1048 2185 93
1048 4413 11
1048 3953 20
4914 1000 52
4914 2031 81
871 1605 11
871 2401 14
871 2389 63
871 3064 96
88 4727 39
88 1394 95
88 4257 80
1605 15 11
1605 2136 84
1803 4029 98
1803 4568 81
1803 4545 58
4029 629 97
4029 1904 73
4029 2777 15
4029 595 71
1749 2952 4
2250 4610 81
2250 4790 88
2250 1823 11
335 4483 28
335 322 95
335 4640 51
335 4016 56
4483 1052 72
4483 699 96
4971 218 70
4971 542 47
4971 1424 25
2539 2902 76
2902 158 36
2902 2099 82
1350 2771 79
1350 4897 18
1350 129 50
2771 4235 37
2771 3029 54
2771 1460 36
2476 4121 82
2476 1377 82
2476 3437 92
2211 2847 63
2211 4790 13
3223 4473 17
3223 794 53
3223 1913 22
4473 1726 54
4473 2393 19
280 733 45
280 3732 39
733 2540 12
733 4823 84
733 477 99
733 1725 43
426 2225 73
426 3643 92
426 4021 74
426 3392 9
1945 477 50
3042 50 38
3042 1187 33
3042 1409 22
3116 3071 40
721 3364 30
721 1061 99
721 3172 71
721 2584 35
3364 966 90
3364 4753 28
3364 1730 63
3364 4158 23
3174 4702 67
3174 154 98
3174 461 69
3174 4544 96
4702 3789 71
4702 1823 22
2608 4025 47
2608 305 81
2608 4823 77
2608 4389 54
2608 3458 15
4025 3452 91
4025 3838 44
4025 285 35
4060 4529 42
4060 2792 74
4060 3024 82
4060 2946 93
4529 1213 54
4529 4285 2
4529 4553 71
2553 3230 46
2553 575 67
2553 1914 31
2553 2332 6
4068 4640 11
4068 1902 37
4068 1368 97
451 210 56
451 4780 91
1808 2171 59
1808 3222 50
1808 1392 91
2171 2909 3
2171 3434 44
2171 3376 26
3419 951 76
3419 2460 52
3419 708 89
4402 1377 38
4402 673 23
4402 2370 62
4402 1457 91
3044 1604 93
3044 363 6
3044 1205 13
200 4537 34
200 1261 27
200 4322 36
200 1098 94
200 3818 77
4537 3375 77
4537 3237 65
4537 3863 94
1962 3806 72
1962 1243 68
1962 642 77
1962 3319 73
1962 4234 37
3806 3152 2
3806 3810 96
3806 4307 68
3806 16 86
384 2897 95
384 1060 18
384 457 20
384 24 43
384 3157 61
2897 1368 10
2897 3878 16
849 2892 83
849 3797 11
3041 3799 79
3041 2797 51
3041 1490 29
3041 1299 53
3799 1685 70
3799 591 83
3799 4126 96
3923 3970 90
3923 406 58
3923 4986 33
2039 3760 70
2039 3854 58
2039 4944 9
2039 3996 91
3760 22 19
3760 4962 62
3760 3846 47
3760 4464 49
3750 4815 52
3750 3215 31
1932 513 75
1932 432 45
1932 4218 26
1932 2109 51
15 290 5
15 294 23
15 1686 55
15 3595 86
290 2322 63
975 2843 94
975 2893 54
975 743 30
975 2076 84
975 739 90
2843 3305 36
2103 4861 55
2103 189 49
2103 3968 4
164 830 29
164 1423 54
164 1057 41
2314 2918 31
2314 465 75
2314 4202 95
2314 3763 45
2314 4675 49
2918 3807 76
2918 2478 14
2918 2937 39
2918 2409 48
160 1246 34
160 2909 84
1364 4100 27
1364 4431 33
1591 4509 42
1591 735 73
1591 3790 68
1591 502 75
4509 2864 68
4509 4316 17
4509 4255 20
667 3332 38
667 1037 10
667 537 31
667 2482 78
104 2735 32
104 1462 30
104 2337 15
104 606 84
2735 3173 60
61 4085 47
61 4261 19
61 743 12
61 1705 52
4085 684 20
4085 1236 40
4085 2318 77
639 4062 5
639 3734 74
639 1540 63
639 750 44
4062 1093 28
2487 2580 42
2487 129 83
2580 2315 78
2580 3134 65
2580 2025 88
2580 4346 21
2034 4032 62
2034 1538 7
2034 106 3
4032 561 46
4032 1665 5
4032 4837 32
1566 3541 51
1566 45 87
1566 1463 39
697 1034 90
697 4553 84
697 1887 9
697 4028 11
697 1665 92
1034 3496 75
1034 4970 45
1034 3186 91
342 806 1
342 2200 69
342 4276 63
342 2357 14
806 2497 2
806 3735 18
806 3528 1
806 3206 55
2564 2517 28
2564 3912 54
2564 1513 80
3788 3410 86
3788 792 9
3788 4215 44
218 1225 57
218 972 90
218 1138 82
622 1614 61
622 4823 36
622 2165 58
622 728 62
1614 1972 71
1614 1767 51
1614 1341 63
2172 2690 79
2172 4092 10
2172 444 43
2172 2848 7
2172 2049 17
2690 3524 7
2690 1303 40
1914 4115 30
1914 4588 54
4115 3138 80
4115 738 39
3776 4272 53
3776 4173 63
3776 4795 5
3294 3548 77
3294 2447 52
3294 3996 86
3294 3013 8
465 2862 20
465 3945 10
465 50 84
2862 460 80
2862 1175 39
2862 458 7
4999 2155 94
4999 372 98
3320 3722 1
3320 4256 72
3320 4139 72
3320 1696 31
3320 1470 3
3722 4738 66
3722 3178 88
3722 1390 94
3722 13 50
1570 3524 84
1570 4212 51
1570 4837 83
1570 3431 78
3524 549 51
3524 3050 6
3524 2638 49
3717 4590 49
3717 614 93
3717 1721 7
4590 2751 10
4590 4218 30
4590 3508 67
4590 3881 18
3945 1330 71
3945 4919 16
3945 1408 80
1049 2999 24
1049 1863 25
1049 4812 20
1814 3884 11
1814 1766 56
1814 4932 52
1814 2925 38
3884 4146 80
3884 2904 36
3884 3690 18
2201 2344 61
2201 4430 83
2201 2919 84
2201 557 44
2344 856 14
1368 1848 34
1368 3871 100
1848 2036 74
1848 1906 48
1848 3566 31
1848 1218 18
1219 479 27
1219 525 74
4253 4829 97
4253 1446 34
4253 4719 36
4253 1380 32
4829 509 64
3104 872 96
3104 796 97
3443 4205 89
3443 1424 76
3443 4852 30
2901 4677 6
2901 2245 60
2901 3572 54
2901 530 100
4677 4641 77
4677 837 92
3988 4760 85
3988 1660 64
3988 675 28
4760 770 98
4760 4044 82
3809 4300 49
3809 4391 62
3809 3363 82
4300 808 6
4300 206 7
4300 132 1
4300 3706 17
1168 1679 67
1168 872 26
1168 3757 38
1168 1254 44
1168 2569 12
1679 4802 68
1679 2633 90
1679 1313 66
55 375 100
55 3628 30
375 1094 52
375 680 74
1493 3425 47
1493 1193 38
1493 4270 72
1493 2490 67
1493 2768 16
3425 94 39
3425 4091 72
3425 326 57
2009 2295 66
2009 1868 34
2009 1369 60
2295 4107 39
2295 665 3
3349 4544 42
3349 2349 77
3349 1291 50
3349 2480 12
3349 2725 76
4544 4410 84
4544 1055 8
2948 3412 58
2948 2174 46
865 331 6
865 2921 28
226 1691 24
226 994 88
226 3283 7
226 345 82
1691 3990 14
1691 4552 26
1691 2013 43
2036 4872 53
2036 1446 91
4872 4301 63
4872 4317 28
4872 4905 83
4872 468 93
768 3960 43
768 3811 89
768 2169 73
3960 2087 56
3960 198 86
3960 350 83
3347 2680 35
3347 2336 75
3347 4558 37
1799 1026 68
1799 2702 55
1799 2244 66
1440 3306 36
1440 4148 100
1440 3470 93
1440 4453 92
1440 3166 6
3306 1111 3
3306 258 2
3306 305 39
3024 3966 26
3024 1284 22
3024 2820 3
3024 4123 93
3966 3382 29
3966 2818 26
3966 3171 48
302 3635 15
302 425 97
302 4780 79
302 4163 81
3635 3888 78
3635 4367 41
3635 824 2
3635 4290 18
4208 4869 32
4208 3224 35
4208 1550 61
4480 3402 45
4480 2823 87
4480 2763 57
3655 591 18
3655 1953 68
3655 3362 44
2957 3382 22
2957 446 66
2957 728 27
1337 3033 2
1337 4405 16
1337 3780 13
1337 891 88
1337 802 14
3033 974 24
3033 2840 39
3033 4281 20
3033 919 69
136 3868 33
136 4009 93
136 3575 60
136 12 80
3868 1299 43
3868 825 4
3323 4613 64
3323 1623 27
3323 1321 7
3323 2965 98
3304 2616 86
3304 2393 37
3304 3605 10
3304 3701 7
1457 3889 11
1457 2096 3
1457 4276 1
3889 907 60
1304 1395 47
1304 4661 59
1304 4488 37
1395 2397 89
1395 177 15
1395 2985 48
1395 3137 34
201 4869 16
201 1561 79
3433 3032 96
3433 1379 60
369 4564 37
369 1831 47
369 2246 40
369 1681 43
4564 3973 41
4564 4111 86
4564 4355 60
197 3060 5
197 1791 31
197 744 95
197 3980 58
3060 3365 41
3060 3001 93
3060 2578 88
3060 569 68
214 4437 94
214 4804 60
214 332 55
1081 2326 13
1081 1628 26
1081 4975 61
2326 3351 33
2325 4867 67
2325 4855 22
2325 275 48
2325 4385 8
2325 26 15
4867 2061 82
4867 1686 36
4421 831 31
4421 301 56
4421 2967 44
4421 231 90
774 4615 25
774 4044 86
82 2292 1
82 241 34
82 1958 58
82 2729 49
2292 2226 27
2292 4534 53
994 4072 15
994 3273 21
994 3637 54
885 4408 95
885 767 33
885 1581 35
3046 1706 53
3046 3665 82
3046 2845 72
3046 1775 23
4435 2865 37
4435 2102 72
4435 627 50
2194 4532 49
2194 2257 67
2194 4036 20
2194 2094 69
2194 4695 36
4532 1873 47
4532 38 13
4532 3410 68
4532 2138 21
1442 3207 11
1442 3462 44
1442 304 59
1442 4405 65
3207 930 65
3207 1387 54
3207 1197 100
4567 1474 36
4567 2852 44
4701 2044 60
4701 3743 1
4701 4016 79
4701 2850 90
3730 2582 61
3730 31 98
4955 1842 22
4955 2568 72
4955 1545 99
4955 1895 38
1214 2247 3
723 2527 86
723 2961 5
3001 3056 28
3001 2712 37
3056 553 47
3056 3055 96
3056 37 72
1647 2751 33
948 4311 69
948 4865 86
948 2821 87
948 1633 15
3332 2438 54
3332 4903 36
3332 1703 64
4354 1225 52
4354 430 82
4354 4401 31
4354 2692 13
2267 4000 11
2267 4355 6
2267 2153 21
4000 1324 25
4000 4452 87
715 2060 19
715 1547 78
715 3810 64
715 2321 7
715 632 86
2060 4098 95
1474 570 37
1497 3173 6
4139 4538 30
4139 2338 34
4139 1526 68
4538 2218 72
4538 3643 91
830 4681 31
409 2972 38
409 4048 72
409 3071 37
1283 2517 82
1283 3684 29
1283 2197 22
2517 3907 89
3177 2099 11
3177 3687 48
3177 1500 39
2848 4396 78
2848 3944 41
2848 76 6
4396 2489 10
4396 4562 96
995 1067 4
995 3657 39
1067 4852 92
1067 4719 26
1067 427 68
3737 4265 28
3737 1872 83
3737 711 7
3737 2663 50
4265 1604 5
4265 1106 18
4265 877 52
3957 4497 9
3957 1843 6
3957 4909 6
3957 4091 40
4497 1994 55
4497 727 57
4655 919 60
4655 1737 25
4655 1725 76
2168 2839 63
2168 206 81
2168 1544 41
2168 3121 48
1431 4496 78
1431 2315 70
1431 3254 100
1431 2695 63
1408 1650 46
1408 34 62
1408 1417 84
1650 766 12
1650 4157 8
1650 837 38
1650 4973 92
193 564 5
193 1116 29
193 4598 1
193 4212 55
564 2350 1
564 4489 5
4033 4263 61
4033 2849 29
4033 3859 43
4263 4805 34
46 1305 11
46 3020 87
46 3413 45
46 2801 46
46 1312 31
1305 4853 55
1305 4050 74
1305 4484 28
1305 4584 69
4577 3771 47
4577 2854 73
20 84 29
20 3459 47
20 1446 60
20 2658 4
84 274 42
84 637 83
271 556 38
271 3786 36
271 1378 49
271 1477 73
1742 3594 69
1742 3169 52
1742 3903 77
1742 2308 9
801 837 48
801 1920 75
3562 3860 6
3562 3176 67
3562 126 19
3562 4627 25
3860 152 26
3860 942 17
3860 953 15
3860 1377 44
1850 3954 49
1850 912 19
1850 34 54
3954 565 83
3954 4222 30
3954 4408 8
3954 3970 69
2237 4363 12
2237 2794 88
2237 1964 13
2237 3887 92
4363 4415 79
4363 2802 24
4363 269 89
2913 1507 76
2913 4503 1
2913 1828 71
2913 171 72
1055 2298 84
1055 2287 75
872 3620 63
1142 4096 6
1142 1997 98
1142 1489 46
4096 3395 78
4096 2331 83
4096 4375 18
4096 2238 89
1241 2147 17
1241 2263 60
1241 2984 87
1241 2374 42
1577 4024 32
1577 843 17
1577 3746 79
1577 1625 94
4024 4165 78
3577 2208 76
3577 516 86
3577 4107 79
1103 4141 98
1103 377 52
1103 2979 80
4141 4573 53
4141 3534 100
4141 1365 46
1249 4406 53
1249 1278 54
1249 921 7
4327 4419 41
4327 4769 47
4327 4395 24
466 2977 42
466 3528 57
466 4260 74
122 1973 69
122 2979 19
122 2490 82
122 3715 89
1973 532 87
1973 2666 1
1973 4834 18
154 4945 49
154 3968 63
154 1737 97
556 4911 22
556 2230 85
556 4381 7
4911 3933 38
4911 4281 38
1755 654 68
1755 1734 50
1755 3309 98
4100 3709 83
4100 3608 10
1029 2125 40
1029 795 49
1029 3664 92
1029 2020 19
2125 1225 1
2125 3246 87
1278 3620 31
1278 1435 14
3620 2885 97
3620 3339 89
3620 2882 52
125 1197 58
125 857 26
125 3452 57
1197 3173 70
1197 3832 98
1833 3842 96
1833 1600 68
1833 4899 77
1833 3198 26
1833 1202 93
3842 787 46
1662 1512 89
1662 4942 60
1662 278 56
1662 751 75
3541 3814 62
3541 3273 67
3541 3725 48
3814 3652 24
3814 3082 47
3814 477 53
3462 3997 41
1080 2349 65
1080 2766 48
1080 1400 18
204 4873 26
204 4407 26
204 40 33
4873 2174 47
4873 3595 68
1414 776 68
1414 4268 28
1414 1392 42
813 3934 29
813 3729 79
813 3625 16
3934 2503 44
3934 681 34
3934 3532 23
336 562 80
336 1460 7
336 4417 97
336 2246 61
562 2337 76
562 654 39
4667 4463 62
4667 557 2
4667 1562 27
1763 2707 42
1763 1031 95
1763 1389 27
1188 1628 65
2896 3426 19
2896 2727 12
2896 947 33
1327 3337 47
1327 4256 19
1327 582 72
1327 4932 14
3337 3804 97
3337 1913 26
3337 4881 94
3337 1835 66
1702 2985 18
1702 3484 29
1702 259 48
1702 439 17
2985 3646 88
2985 3318 88
4335 4698 34
4335 4997 82
4335 1206 80
2490 4624 75
3930 4170 31
3930 3321 52
3930 1004 96
2749 3688 64
2749 2230 81
1621 3593 59
1621 1381 40
1621 2872 4
4355 4366 20
4573 1747 49
4573 1317 23
4487 4981 20
4487 3864 87
4487 2328 82
4981 3658 87
4981 1275 38
1186 1477 93
1190 3224 45
1190 1195 17
1190 4071 77
1190 2760 13
3224 1164 26
3224 4920 63
3561 2883 84
3561 641 91
2675 3905 60
2675 364 28
2675 2489 58
2675 2591 85
3905 3075 50
3905 2984 36
3905 1192 10
3905 4081 71
3010 4223 78
3010 246 24
1238 385 19
1238 4057 37
1238 2147 57
1238 4581 40
3495 4169 84
3495 4757 46
3495 311 51
3495 4321 41
4169 1713 72
4169 977 76
4169 149 75
4169 1878 25
1857 4212 4
1857 2852 92
1857 4607 54
1857 3586 67
4212 4905 3
4212 1315 82
527 2345 81
527 2965 15
527 2349 6
3650 4283 77
3650 1670 2
1110 2912 69
1110 542 41
492 2135 93
492 619 24
492 4617 46
2135 4809 98
2135 3239 71
2135 2676 83
1104 2662 24
1104 3682 96
1104 353 11
2662 2723 75
2662 2571 56
2662 3609 95
2883 1637 71
2883 3184 45
228 1042 35
228 222 11
228 3058 93
228 2921 81
228 1684 87
1042 891 75
1042 1072 67
1042 2341 5
688 428 59
688 2098 37
688 4128 8
2779 2915 18
2779 3327 91
2915 4900 89
2915 2224 100
2915 2059 48
2915 2214 43
2108 4733 46
2108 324 32
2108 922 5
2108 3832 22
2108 3186 50
4733 2581 40
4733 3314 90
3376 3335 7
3376 4246 32
3376 1730 61
2228 3566 31
2228 803 55
2228 440 59
2228 1352 66
3566 2972 66
3566 1242 25
3566 318 56
132 2217 45
132 1227 69
132 3628 24
2065 4893 99
2065 2170 49
2122 3850 48
2122 3834 9
2122 3758 83
2122 2334 6
2122 314 82
3850 3595 71
3850 686 12
2129 3846 25
2129 266 88
4221 1204 64
4221 3758 82
4221 2881 70
907 4713 10
907 2246 56
4713 3736 77
4713 2318 62
4713 2173 33
962 4420 8
962 1426 69
962 4360 5
962 897 80
4420 1158 9
4420 2008 38
3265 4242 13
3265 571 53
3265 1426 5
3265 4518 64
4242 4408 32
4242 3045 3
4242 2638 45
679 4297 22
679 2218 98
679 3310 6
679 4991 73
4297 4210 65
2766 3097 20
2766 3021 36
2766 1415 51
2766 4562 74
3097 3081 39
3097 2823 73
2531 2921 11
2531 2982 64
2531 3267 20
2531 416 34
4326 4632 21
4326 3888 41
4326 96 11
4326 2404 25
4632 1882 42
4632 4294 87
4632 2025 4
4632 1028 80
4771 102 92
4771 3583 47
4771 4948 20
97 2763 99
97 1812 24
3546 1562 73
3546 63 41
3546 3935 91
4520 252 14
4520 3382 20
4520 3081 42
4520 2341 59
3574 669 84
3574 4817 63
3574 3406 38
3574 56 74
2510 4163 61
2510 572 3
2510 3326 91
2475 441 76
2475 312 81
2475 989 53
1601 4757 53
4757 3993 24
4346 1478 6
4346 3035 22
32 4254 41
32 2942 50
3324 1409 73
3324 3384 13
3324 471 36
1433 2177 54
1433 2346 2
1433 4431 30
1433 3685 44
2177 1183 26
2177 552 97
2177 2193 62
3 1166 24
3 4344 35
3 3714 57
3 3465 32
1166 3453 37
1166 869 21
1166 4059 10
490 3499 4
490 4968 25
490 3863 48
490 196 4
3499 2043 37
3499 3314 19
3499 4503 57
2016 4218 19
2016 799 9
2016 3066 66
2016 4048 69
2016 908 100
4218 2374 2
1448 4929 21
1448 3171 82
1448 294 40
1448 3095 75
4929 2092 14
4929 633 86
4929 1841 75
1923 3761 30
1923 3670 7
1923 1532 3
1923 1444 91
3761 1827 26
3761 3196 67
3761 2815 85
3761 4935 51
2802 4898 33
2802 1564 91
4898 269 49
4898 1574 4
4898 2921 30
4898 1595 59
4056 3661 28
4056 2914 4
3931 2745 53
3931 245 4
1113 3194 66
1113 4121 95
2405 2458 2
2405 28 6
2405 3401 13
2405 343 59
2458 1480 11
4183 1924 52
4183 3054 37
4131 1291 61
4131 4766 26
4131 4992 93
4823 1600 88
4261 749 76
869 4405 32
869 263 9
869 3119 76
4128 4730 75
1022 2727 8
2727 3793 38
2727 3199 74
4303 4768 81
4303 4986 32
3747 2847 80
3747 2638 26
3747 4637 3
1934 3911 65
1934 3623 86
1934 3789 92
1965 3602 30
1965 2679 18
1965 2783 11
3990 3243 76
3990 1613 18
3990 537 66
3990 1367 11
591 4611 15
591 1150 72
4611 4589 90
4611 2546 31
3716 824 77
3716 3257 90
3716 1011 55
3716 3958 9
615 2693 84
615 4109 10
615 4943 72
1311 4937 59
1311 2084 59
1311 1100 29
1311 2993 66
4937 3183 81
4937 2372 73
4937 1480 50
4937 2087 77
1231 4950 28
4087 4791 84
4087 1586 52
4087 2596 71
3521 485 41
3521 873 38
3521 2081 71
2763 2047 18
614 4716 22
614 1 43
614 435 92
4716 691 60
4716 368 78
2078 4291 80
2078 149 15
2078 4440 97
2078 116 78
4291 4298 3
4291 4878 23
4291 3951 100
1873 3593 96
1873 4081 96
3593 468 58
3593 3182 43
331 4098 45
331 1243 72
331 2144 14
4098 2235 47
4098 2571 46
601 1744 70
601 2963 17
601 4254 46
1744 2372 77
3312 859 63
3312 1070 45
3312 1367 76
831 348 7
542 4318 27
542 3626 93
542 351 57
4318 491 100
4318 2666 23
4318 984 16
569 4155 16
569 3752 52
569 1277 96
4155 3912 55
4155 4830 43
3710 318 4
3710 3121 50
654 2751 67
654 2974 95
654 4055 75
1736 3480 42
1736 847 67
1736 2671 49
3480 44 31
3480 3282 74
666 2812 21
666 1236 86
666 3753 53
666 4606 50
2812 873 23
2812 299 60
2812 2855 89
3355 4209 31
29 1703 30
29 3473 94
29 2907 5
29 4767 75
1703 1876 58
1703 4027 37
1703 3898 41
371 1174 71
371 2828 51
371 2114 13
1174 2658 91
1174 4804 88
1174 1731 79
3595 3936 93
4489 1536 38
4489 655 81
4489 2864 81
1439 2964 25
1439 956 11
1439 2138 4
1439 2175 14
2964 2616 93
2964 9 1
2964 458 13
919 234 42
919 2922 49
919 3021 56
1262 1345 35
1262 3661 9
1262 2288 20
1262 1735 84
1345 234 84
1345 339 83
1345 534 8
3973 4439 74
3973 2524 60
3973 1481 80
4439 195 35
4439 4388 98
4439 3139 35
4439 3340 12
4387 3832 10
4387 4747 34
4387 2044 17
4387 4697 92
3314 3342 98
3342 1438 1
3342 1030 2
803 4437 85
803 4651 39
803 2257 82
3709 462 2
3709 1098 24
3709 4983 62
4393 1328 90
1339 1979 84
1339 3630 26
1339 4927 32
1979 2456 20
1979 3914 31
1296 3329 78
1296 3310 90
1296 4411 93
3329 3283 28
3329 595 92
3329 596 21
3329 3069 31
2151 4569 49
2151 172 93
4342 1194 15
4342 1341 75
4342 162 2
1589 2371 11
1589 3352 67
1589 4247 12
1310 2446 65
1310 460 2
1310 3206 43
1310 293 8
2446 1996 76
2446 804 42
2446 2844 34
3801 3810 34
3801 4028 2
3801 3629 67
3801 1581 7
3810 1982 25
3810 4081 73
2847 3431 74
2847 3418 7
3663 1886 41
3663 941 28
3663 1806 3
4163 3004 83
4163 4493 22
4163 3537 99
2066 2200 87
2066 2850 18
2066 1539 58
2066 4004 79
2200 4247 45
461 3339 49
461 1251 53
266 2410 70
266 1039 45
2410 4774 99
2410 4315 30
2783 2986 19
2783 4807 4
3757 4154 7
3757 1027 86
3757 106 3
4154 3082 44
808 1417 47
808 4936 62
808 1835 11
808 2170 80
1417 4551 82
677 2920 35
677 2445 76
677 4110 5
677 2810 49
2920 285 2
2920 4869 92
2920 3943 50
1102 2059 36
1102 3696 57
1102 150 3
4282 2061 34
4282 4687 46
4282 393 65
1846 2318 87
1846 912 64
2318 1597 10
2641 2134 91
2641 3503 91
2641 4123 34
2917 4246 79
2917 4406 65
2917 237 42
3511 2064 47
3511 4174 86
3511 3965 14
3568 4403 14
3568 202 97
3568 4784 23
4403 2096 67
4403 4547 33
4403 2817 94
2231 2388 4
2231 593 85
2231 340 58
2231 2414 44
2388 1924 9
4653 1199 46
4653 4620 45
4653 798 5
4312 1855 17
4312 2486 52
4312 2173 62
3279 3482 63
3279 4694 45
3279 904 66
3279 1972 1
3279 2109 3
3482 1696 41
3482 3371 36
3482 143 30
3482 2704 11
3668 3014 32
3668 1714 7
3668 2207 1
1369 1871 32
1369 3384 29
1871 4409 1
740 4521 83
740 3055 88
740 550 75
740 681 15
4521 1642 31
4521 4038 37
4521 3404 26
4521 3632 93
2525 4942 22
2525 3762 29
2525 4309 81
2525 3763 39
4942 52 48
4942 4660 6
4942 3601 44
2769 3353 63
2769 4336 97
2769 2889 13
2769 4234 53
3353 3147 88
3353 1810 82
3353 826 92
2218 3479 70
2218 2808 93
2218 3082 73
3479 435 97
3479 3645 100
3479 2428 95
3467 3654 18
3467 2663 73
3654 3746 92
3654 1714 29
3654 3389 31
3654 4209 94
339 686 11
686 3918 31
686 2817 17
4368 4550 32
4368 4978 71
4550 4569 10
4550 2966 47
3746 2055 85
3746 3023 83
2298 2684 53
2298 482 85
2684 1194 50
2684 1039 28
775 1482 35
775 3753 78
775 4562 25
775 2217 94
1482 967 68
1482 4409 62
3335 4932 11
3335 4167 42
3335 2815 77
4932 2686 80
1095 2655 92
1095 337 23
1095 4038 64
1095 4083 41
2655 3805 48
2655 2788 71
1165 1933 35
1165 1419 27
1165 2143 33
1933 2524 37
1933 2081 92
1933 2685 10
1933 847 1
1987 4298 92
1987 4313 2
1987 3681 26
1987 101 51
1717 4661 72
1717 1151 11
1717 3120 62
4661 4459 76
4661 1585 37
4661 1004 87
853 4290 1
853 189 75
853 2067 61
853 3351 11
853 1612 56
4290 989 35
423 1030 57
423 390 42
423 34 59
1030 1052 64
1030 66 81
1615 4613 82
1615 1251 99
1615 3706 65
1615 3721 34
4613 2625 54
3110 3767 88
3110 2958 32
3110 4215 9
3110 1507 68
3767 741 80
3767 3699 98
3767 4023 99
3767 2401 57
1842 3609 35
1842 1786 94
1842 4015 80
1842 2070 97
3609 4391 22
3609 2914 61
835 961 55
835 1191 76
835 4191 49
3602 4229 77
3602 2711 54
4229 2378 63
4229 912 8
627 4738 57
627 648 99
627 3708 87
627 1233 22
4738 1942 5
4738 2520 2
4738 102 64
1245 3244 78
1245 2952 21
1245 4324 94
4868 4670 16
4868 3484 71
4868 4709 16
4669 617 27
4669 2565 2
4669 1025 78
4669 2439 57
3016 2784 48
3016 2506 34
3016 4591 88
2971 3468 34
2971 2273 63
1226 2293 27
1226 1494 24
1226 2906 7
1226 4927 57
1226 4887 75
2293 2658 62
2293 4438 2
2293 1192 99
202 4386 18
202 2805 86
202 506 88
1477 2224 4
4008 361 75
4008 988 68
4008 353 70
3507 301 80
3507 3326 83
3507 3356 28
738 4461 28
738 3936 12
738 2330 46
738 2612 19
4461 251 2
4461 4023 3
4461 3381 84
4461 2235 90
3367 3544 23
3367 2545 42
3367 4633 43
3544 1297 49
3544 1494 78
3544 1567 31
4020 4109 30
4020 3114 43
4020 3837 65
4020 4306 96
4109 2975 27
4109 3818 2
4017 1315 39
4017 276 5
909 3296 23
909 1028 15
3296 349 14
3296 2707 54
3296 815 34
3296 2068 36
3178 4288 3
3178 2062 33
4288 3406 35
4288 4374 93
4288 3394 42
1899 3217 95
1899 4116 34
1899 969 90
1899 4927 85
1899 4970 32
3217 3254 46
3217 4530 12
2225 3446 44
2225 1420 26
4283 3356 74
4283 4097 95
4283 3838 48
764 2426 13
764 3138 23
1202 3210 87
1202 3057 94
1202 95 35
3583 2571 39
3583 837 90
3871 4107 34
3871 2919 63
4107 359 53
4107 1209 81
1441 1706 35
1441 4599 4
1441 4768 80
1441 1545 90
1706 1328 87
1706 1336 81
2208 4322 78
2208 1930 19
2208 4964 34
2208 3230 84
4322 3434 61
2001 459 53
2001 2522 79
2001 4406 75
1317 1670 14
1317 4373 2
1317 3005 4
1317 2062 93
1670 1595 43
1670 39 37
3906 4374 41
3906 523 66
3469 3227 19
3469 4967 80
3469 1524 16
3469 3963 7
912 1090 52
912 2685 49
1206 2222 84
1206 170 15
3014 129 35
1801 80 7
1801 4162 92
1801 2017 38
1787 3282 29
1787 1398 31
1787 47 54
3282 921 100
3282 405 85
4466 4926 39
4466 3200 100
4466 36 32
4466 1318 28
4926 4088 31
4926 1325 96
4926 613 34
4926 377 37
285 1754 3
285 2983 51
1654 4511 50
3778 691 17
3778 2813 11
269 2156 42
269 3611 73
1116 26 33
358 3664 35
358 3727 86
358 2185 83
358 846 39
358 524 84
3664 4027 18
3664 3009 17
4405 3078 27
4405 4298 17
206 3795 83
206 96 54
206 922 38
3795 4905 48
3795 4042 31
3795 815 48
3795 3754 83
856 2581 85
856 802 83
856 2236 94
1718 2364 96
1718 3080 58
1718 2224 75
1718 1660 14
1718 2499 10
2364 3640 59
2364 1015 69
2010 1484 65
2010 2711 44
2010 641 18
1330 3140 45
1330 1757 65
609 4185 76
609 314 17
609 1456 79
609 2226 35
4185 988 11
4185 3496 54
4185 2794 36
3080 1333 30
3080 2226 10
929 431 35
929 3036 25
929 3706 58
929 552 80
3200 4962 87
3200 1351 92
3200 619 65
1314 3395 92
1314 1897 53
1314 2167 75
3272 4627 96
3272 4292 9
3272 3852 96
319 3402 80
319 1004 56
319 3893 100
319 1612 48
3736 3212 85
3736 3902 64
3736 1220 4
541 1407 96
541 4039 60
854 1673 73
854 2649 91
854 2070 40
854 2004 71
2688 4558 21
2688 4133 19
4558 3186 22
4558 2759 6
4558 689 46
2204 427 7
2204 3106 71
3183 3999 58
3183 2585 46
3183 788 56
361 3036 48
3036 4170 36
3036 3734 55
3036 2695 85
77 1062 70
77 195 81
77 4939 22
77 151 87
77 4015 7
1062 3070 44
1062 4057 40
1062 1375 55
1062 3040 53
2434 2692 42
2434 4970 30
2434 748 43
2434 3250 48
2692 2989 78
2692 4482 92
2692 4695 34
2903 237 54
2903 4357 91
2903 17 44
142 2642 15
142 4495 18
971 3719 54
971 3911 60
971 1853 20
3719 4052 4
3719 2682 83
3719 2000 81
2371 648 67
2371 2102 53
2371 1058 4
2808 575 22
2808 889 53
2808 3781 95
2808 2656 88
1860 2834 10
1860 3622 89
1860 2965 51
1860 1643 70
2834 2746 32
2834 3685 92
2834 2792 18
4301 3502 9
4301 875 78
4301 1403 37
4301 282 28
1866 4571 8
1866 2887 11
1866 276 70
4571 3735 12
4571 4843 33
4571 1409 15
949 4899 59
949 4696 17
949 1550 49
949 3112 46
4899 4547 55
2426 2464 75
2426 2196 52
2426 2593 70
2464 309 49
2464 3069 84
1119 3891 61
1119 3373 69
1119 57 30
2362 4923 56
2362 3731 9
2362 2057 60
2362 1904 7
4923 598 99
4923 2889 49
1600 3845 37
1600 4751 35
531 572 49
531 1178 78
531 2637 75
531 4612 96
572 2495 5
572 893 5
3437 2803 43
3437 742 89
2497 1401 77
2497 1906 1
1284 2444 40
1284 2609 20
2707 3209 26
2707 2784 29
3140 2319 62
3140 3473 10
4530 3455 23
2764 3550 14
2764 4612 56
2764 2551 40
2764 4519 17
2274 653 87
2274 3534 66
2274 2731 90
2274 1123 67
1419 9 85
1419 4968 14
1218 1463 62
1565 1312 17
2413 4043 76
2413 1149 97
2413 462 29
2413 2085 77
4043 2806 17
4043 65 20
4043 1526 76
859 3241 28
859 2444 94
1636 2136 85
1636 3796 37
1636 1877 56
1636 3643 37
2136 1347 66
2136 698 74
4615 1996 14
4615 4106 78
4615 1657 67
760 4073 15
760 2642 75
3184 4334 26
3184 906 89
3184 3267 73
4334 3916 90
4334 390 33
3715 3970 8
3715 820 60
3715 1106 23
3970 4157 92
781 2790 68
781 1365 21
781 1286 83
781 3383 21
2790 1361 17
2790 4746 56
2790 3862 63
2790 2581 66
222 611 68
222 2257 25
222 616 10
611 4890 38
611 60 77
4091 1768 75
4091 4639 55
128 1910 6
128 2695 42
4775 4772 20
4775 112 13
4775 915 13
4553 3886 62
4553 4413 94
234 2893 70
234 3310 82
234 2746 76
1714 4881 99
1013 2803 98
1013 776 4
1013 1456 17
2803 4551 40
2803 2753 24
4946 2622 74
169 3594 31
169 4774 49
1060 1200 10
1060 3898 54
3212 4234 24
3212 1506 63
4939 4177 93
4939 1191 43
4939 3596 71
1302 3845 8
1302 1424 41
1302 443 23
1302 4398 29
3845 3712 97
2270 1512 3
2270 3713 52
2270 927 72
4233 2073 63
4233 301 6
1006 1982 24
1006 523 16
1006 112 41
1982 4610 96
1982 2142 20
390 3699 28
390 1886 56
390 165 58
3699 428 21
3699 565 16
2121 3721 85
2121 732 86
2121 4743 54
4298 1649 83
3766 2607 69
3766 2207 100
3766 1903 20
3938 4257 66
3938 2585 25
3938 1074 96
4257 3651 82
4257 2460 82
4257 3322 45
3898 4858 12
4858 2336 39
4858 259 47
4858 2946 79
3394 172 53
3394 1215 59
301 4795 27
301 1228 78
4795 2669 17
2173 3670 15
2173 3230 30
3670 2073 43
3670 129 11
4441 577 1
4441 1319 56
4441 4438 46
3735 864 97
3735 1488 96
3735 3076 47
3210 3460 2
3210 3453 53
4707 523 54
4707 1819 67
4843 348 78
4843 3765 63
469 4113 43
469 3974 91
469 3674 89
469 3642 91
550 840 62
550 2701 34
550 249 83
840 4890 31
840 101 25
840 4086 83
840 1796 91
1064 2768 85
1064 4248 93
1064 3481 78
2616 279 69
329 1595 81
329 1728 61
329 4453 39
1000 3520 54
1000 279 58
3520 2833 23
3520 2986 45
876 2922 98
876 2235 37
876 3154 88
876 2680 87
2696 2613 89
2696 606 12
2696 3619 47
588 2753 31
588 4205 94
2071 2612 9
2071 2365 93
2071 820 75
2071 1602 50
2612 498 62
2612 4177 83
471 1715 71
471 2069 34
471 503 33
471 4446 67
1715 259 14
1715 2352 30
1715 4388 7
156 2606 13
156 1353 6
156 3992 51
156 4095 48
2606 1242 64
2606 131 39
3171 2027 14
3171 1583 57
3070 4568 25
4568 372 30
4411 520 53
4411 2323 82
4411 4451 4
482 3005 38
482 2780 50
482 1372 37
3005 1325 6
1657 4152 3
1657 407 90
1535 3800 43
1535 2984 76
1535 1902 100
1535 272 8
3800 388 62
525 2180 71
525 3254 59
525 381 25
525 897 76
2180 3755 31
2180 3787 92
2180 815 72
2180 1927 26
370 1804 95
2352 3793 83
2352 4213 70
2352 2745 31
3793 1282 30
3793 1362 53
3793 4453 33
116 4870 9
116 1237 47
116 4108 39
116 2911 7
18 4069 48
18 4797 1
18 422 80
18 3537 8
18 1072 9
4069 4088 94
4069 1514 19
3087 4656 59
3087 1423 66
4656 1376 93
4656 1920 78
4656 3260 14
1015 4444 58
1015 866 68
1015 1435 48
4444 1949 64
4444 709 64
4444 2063 37
1259 1357 96
1259 560 81
1259 4958 45
1357 2349 12
1357 4496 21
1357 16 19
1357 746 77
1281 2059 62
1281 1863 20
1281 1260 17
2064 732 94
2064 2584 93
2196 480 33
2196 3457 29
883 1780 60
883 1997 57
883 3951 20
883 4933 95
883 2021 33
1780 3643 78
1780 976 94
1780 4616 83
4641 199 10
4641 1207 26
4641 1607 58
3455 4694 61
3455 846 28
3455 4369 18
3455 2094 13
765 3189 64
765 3854 15
765 689 82
648 1193 92
648 2431 68
992 4167 83
992 1747 84
992 1318 58
992 3616 95
4167 1519 41
1587 3559 33
1587 3725 23
1587 4317 76
3559 4465 21
498 3393 68
2669 3069 45
2669 1356 42
3069 2753 80
4429 583 17
4429 3373 33
3319 2209 27
3319 1122 43
3405 4146 17
3405 2686 29
741 1970 68
2365 2806 59
2365 2668 96
2806 4541 87
2806 4021 1
1875 108 87
1875 1798 51
1875 762 25
460 3616 22
460 1868 1
3596 3873 44
3596 2642 9
3596 3952 64
3596 2283 2
3873 1832 7
3873 2578 54
2109 4543 10
2109 2756 27
2109 1257 87
4543 3904 66
4543 2671 48
4543 1831 93
4543 3671 7
987 4173 64
987 3725 36
987 2969 78
4173 2686 35
4173 1196 15
2496 2179 87
2496 2693 93
2496 1164 74
2155 2969 47
2155 4620 17
2969 321 8
2969 2130 74
2210 2639 77
2210 2867 24
2210 1727 89
2639 4292 7
2639 3057 74
4037 4518 15
4037 3904 37
4037 2220 75
4518 2022 54
4518 399 49
4518 4574 70
1463 1716 48
108 4337 73
108 1072 50
350 4003 68
350 2942 75
350 265 84
350 3537 28
4003 4447 20
4003 3254 59
4003 826 76
4003 4048 68
317 1611 84
317 1638 12
317 231 55
317 2871 43
1611 4557 96
826 1488 29
826 4887 48
1488 4859 84
4908 3700 79
4908 2260 62
4908 3413 86
543 2597 25
543 95 9
543 1044 3
543 3677 45
543 1996 46
2597 4061 35
2597 621 20
2597 3770 11
4647 3611 24
4647 2830 57
4647 4097 40
1713 785 79
185 2623 71
185 3912 69
185 3907 42
2623 2374 91
2623 3535 53
2623 1138 11
2411 2750 65
2411 2373 68
2411 4219 30
2750 1148 61
2750 2134 37
2750 4950 6
1275 1728 80
1275 1428 57
1275 4397 89
1728 267 75
2844 3837 60
2844 1207 80
2844 1047 75
2844 3106 45
3837 931 35
3837 729 32
860 3622 85
860 2625 2
860 4230 59
3404 2183 67
3404 1639 60
3352 435 9
3352 3326 14
4226 4511 47
4226 2584 33
4226 4281 100
4511 2683 53
4511 4897 61
4511 4398 51
177 4009 69
177 2752 35
38 2354 19
1674 1366 46
1674 2589 33
1674 3863 53
2350 181 47
2350 4197 93
3354 3460 6
3354 1828 60
3354 3173 69
3354 2845 79
2482 2759 27
3714 3393 40
706 1958 64
706 487 61
706 4794 4
1958 4153 28
1958 1635 9
3007 4316 23
3007 2462 50
3007 1794 79
1996 1748 76
1996 1838 33
1318 3619 12
3496 293 25
1156 2836 93
1156 1594 45
1156 2557 78
1995 1806 82
1995 3661 86
1995 115 69
1995 1473 14
1861 4161 32
1861 362 8
4161 3913 83
4161 3615 98
3912 2217 26
904 3370 71
904 4408 5
904 4680 49
3370 1820 100
3370 3196 61
4197 1522 7
4197 1870 78
1709 1338 34
1709 4219 82
3176 2665 15
1158 707 96
1158 231 17
2367 2986 70
2367 3339 7
2367 3375 58
2986 450 19
2986 3818 52
2447 4086 10
785 491 17
785 1561 99
785 1522 14
1924 2645 64
2645 2567 14
2645 4742 65
2645 191 13
1876 3651 77
1876 1391 91
3651 434 93
435 532 75
435 2978 16
532 2321 82
532 1562 36
923 2554 8
923 2291 33
923 3771 55
2142 452 62
2142 4794 69
766 1046 30
766 729 76
1046 942 52
4012 3305 78
4012 3351 40
4634 758 76
4634 4075 60
2145 4718 73
2145 710 21
2145 4162 37
963 1856 29
963 109 57
963 1324 52
963 3360 51
1856 2133 12
1856 3162 92
4294 4658 17
4294 1612 21
4294 787 18
4294 4935 84
4658 3190 47
4658 2780 97
4658 657 89
1391 2647 86
1391 2341 50
3106 3446 40
3106 1668 18
3446 4280 100
48 1705 19
48 2699 50
48 1930 23
1705 1338 85
1705 3344 83
1705 2976 58
641 2030 33
381 1585 30
381 1018 31
1585 4825 93
147 1897 56
3194 4897 88
2683 3547 44
1642 179 45
1642 0 94
252 717 60
252 2700 18
252 210 69
717 3878 75
311 3512 29
311 4268 53
311 2220 29
3512 1273 87
3512 1791 2
3512 4766 5
3512 4891 78
414 487 26
414 4536 22
414 1253 2
4374 1910 54
296 4143 12
296 1908 89
296 2256 58
296 51 73
296 3243 31
4143 3815 27
4143 966 49
270 707 29
270 4095 73
270 2729 1
270 3159 89
270 2936 65
707 695 90
707 1974 25
31 196 71
31 1023 33
31 3050 30
196 4763 92
196 439 91
2568 3765 78
2568 2753 58
1723 362 81
1723 4447 76
938 2563 53
938 2933 68
938 4887 81
2563 176 66
2563 4072 10
3484 3271 57
3484 1183 31
3484 264 83
4906 267 86
4906 42 37
4906 3447 16
179 863 75
179 2748 27
179 1931 95
2670 4640 73
2670 1484 41
2073 3955 24
2073 144 87
95 2288 41
95 3812 91
2288 428 45
2288 1037 69
126 3587 31
126 1268 69
126 3157 33
126 4527 50
3587 3594 38
3587 4616 100
3587 842 60
2428 4756 61
2428 642 90
2428 1551 18
2428 4987 17
4756 4794 85
1720 1489 42
1720 1089 40
1720 598 45
906 1978 79
906 3942 85
906 1228 21
1978 1058 90
1978 3287 43
1978 924 73
4978 2752 88
4978 2861 12
4031 4049 82
4031 178 67
3886 1738 94
3886 4838 63
3886 207 62
3886 512 8
2312 942 85
2312 1930 1
3632 3012 1
3632 650 84
3013 22 16
3013 208 73
4909 4075 29
4909 4351 69
3785 4636 53
3785 351 52
2930 2725 23
2930 3853 68
2930 1128 56
3295 2520 31
3295 536 95
3295 700 4
3295 2232 15
3547 4308 21
1451 3205 63
1451 3428 82
1451 2315 30
1451 1201 100
1451 4401 45
3205 506 94
3205 1656 90
3205 910 88
1506 2912 49
1506 655 53
2912 1865 85
4311 1507 20
4311 736 52
1893 3321 14
1893 1182 11
1893 1545 34
1893 14 56
3321 184 7
2401 3071 82
1094 824 58
1775 4763 54
1775 1735 72
4672 2033 29
4672 113 95
4672 1090 75
656 4877 17
656 4983 61
1189 2593 45
1189 2085 30
1189 2654 1
2701 4928 20
2701 1195 11
2701 1213 20
2701 1539 2
4928 2021 94
4928 770 66
4928 4825 55
3222 4105 6
3222 3115 50
3222 127 59
4105 3603 75
4105 577 56
4105 2904 62
306 3375 32
306 4052 85
306 17 88
2642 3839 66
2642 2649 34
553 1193 55
553 1843 24
553 852 16
1193 2751 66
1193 4176 13
3504 4569 51
3504 98 1
3504 3565 20
349 176 45
349 3684 81
3518 931 83
3518 2547 1
3518 4943 94
3518 3701 21
1415 4083 54
4083 1227 23
1778 1123 31
1778 4358 38
921 3447 88
921 3914 19
199 3151 82
4227 1798 32
4227 1937 67
3406 2124 95
3406 3909 12
2414 4992 67
2414 1878 11
2414 4674 10
2414 2967 28
4992 2252 84
4992 672 25
4687 1852 80
4474 4088 30
4474 1061 53
4474 4223 68
4474 4612 39
454 3066 47
2983 3129 59
187 3407 91
187 2473 35
187 4063 9
187 3071 40
2438 2628 95
2438 3017 27
2438 3137 55
1685 364 33
1685 1124 92
2888 759 85
2888 922 47
2888 2068 33
2974 4215 4
4292 33 41
2307 368 1
2307 1491 56
2307 1613 15
1338 2176 11
1338 4330 9
4989 402 32
4989 2068 34
4009 4205 1
4009 4778 45
1280 2932 82
1280 1469 25
1280 866 81
2932 4859 12
2932 4968 18
2349 368 11
1806 3418 91
340 2310 75
340 4777 33
340 2676 98
2310 450 72
2310 1205 39
44 4010 63
44 1412 4
3084 1766 11
3084 4357 81
2139 3861 30
2139 1420 23
2139 3904 36
2139 3838 29
2139 4746 18
3861 441 32
3861 1812 63
3861 401 94
444 3812 27
2397 2336 27
2397 4727 76
2397 1609 15
499 1845 75
499 4042 75
499 2590 27
1845 3582 25
1845 1328 74
2828 3021 79
2828 1495 81
2828 3250 69
2828 2880 63
3077 3592 80
3077 4455 98
3077 1663 3
3077 529 49
3592 1733 87
3592 472 25
4746 4848 51
4746 73 39
4746 4957 35
4848 4453 9
4848 4468 57
4848 1065 9
4264 1227 15
2595 1794 72
2595 1480 45
2595 4968 52
144 2785 14
144 3690 93
144 2644 54
2785 4240 17
2785 530 36
2203 3738 61
2203 4831 33
2203 1544 40
2203 3002 48
3738 2689 24
3738 4769 82
675 4320 13
675 2278 77
675 2193 98
205 4719 96
205 533 59
3731 2755 26
3731 4330 76
3731 1379 95
3731 763 71
4325 2062 53
4325 2718 4
4325 1228 19
4325 2182 16
1837 2881 82
1837 403 63
1837 1356 70
4936 195 56
4936 1665 19
4936 343 3
1936 2830 71
1936 4308 74
1936 3859 52
1936 3542 86
3459 1540 30
3459 689 50
1237 129 13
1237 3509 17
841 4035 78
841 1070 56
1011 4972 56
1011 3435 36
1011 891 95
4972 4844 45
4972 4958 55
180 2600 91
180 288 94
2600 1649 1
2600 3038 23
2043 4624 97
2043 354 48
4624 2904 22
4624 2321 85
3677 4122 55
3677 4337 79
4122 1841 98
4122 4351 41
3410 787 61
3410 3229 3
1123 4395 57
1123 3942 70
1123 2404 87
4395 105 57
4395 4427 1
4074 800 23
4074 2882 4
4074 1530 26
4074 3021 98
2654 4963 72
2654 914 43
2654 2430 10
2654 2745 12
4963 2093 91
4963 2725 2
4963 3421 81
2768 2652 45
2768 2826 36
2768 480 7
3199 618 86
3199 3081 98
1150 1903 48
1525 1665 82
1525 891 62
1525 1942 3
1525 2854 15
1665 536 56
3192 4309 38
3192 1804 59
3192 1879 85
3192 3963 93
3192 4816 100
4309 66 52
4309 705 66
1754 1811 29
1754 3491 32
1754 778 29
4825 3158 6
4825 3015 47
2898 3310 11
2898 4370 83
2898 4838 64
2898 2328 60
2898 487 27
3310 2269 1
2431 2207 91
2431 4499 53
2431 1403 38
355 4774 88
355 1177 91
355 264 64
355 1297 56
2549 3992 90
2549 2162 7
2549 2634 15
1970 4948 7
1970 3066 48
787 862 84
305 1149 28
305 1393 20
3148 4884 55
3148 6 86
3148 2731 47
294 3914 39
294 4728 92
944 770 78
944 4440 66
944 2938 47
944 4693 36
0 696 72
0 2658 44
0 4365 99
0 2141 20
4370 4819 35
4370 3535 56
4370 2857 99
1879 4391 81
1879 413 68
1879 1495 38
4391 519 60
4391 2033 57
2891 3162 93
2891 3141 43
2891 4004 69
2891 3623 38
3162 2378 46
2333 65 78
2333 4495 35
2333 4686 25
2723 2797 40
2723 186 7
2797 4896 58
63 4135 59
63 4674 32
63 4121 9
63 4484 58
4135 3741 89
4135 4148 56
4135 2950 27
4135 3142 36
4409 2741 49
4073 799 68
4073 649 3
1938 4742 70
1938 2746 46
1938 258 24
4742 1131 95
4742 3143 91
1303 2093 40
847 45 3
847 4406 38
2182 2887 14
2182 1554 89
2182 3893 12
2182 2357 19
2887 1596 54
2887 3244 81
195 842 32
1079 4193 87
1079 2756 69
1079 1804 21
2699 3742 42
2699 3743 70
2699 2873 16
4383 4375 91
4383 3032 78
2754 2249 15
2754 2238 6
2754 4547 72
3393 4406 95
3393 517 43
1597 957 97
1597 4344 30
1597 2590 18
1180 403 8
1180 4593 52
1180 3297 99
1180 4574 9
2214 3111 59
2214 2501 35
219 4162 17
219 2811 20
219 1469 45
245 1937 17
245 1882 76
1937 3181 20
1937 2219 26
1937 2278 14
2865 794 15
2865 312 49
2865 3811 27
341 2399 26
341 4055 42
341 2989 46
2399 882 97
2399 4266 92
3008 4077 50
3008 3575 19
3008 3693 69
3008 800 44
1411 2838 9
1411 1637 9
1411 3537 4
1411 4086 30
2838 3170 83
2838 148 49
2838 3206 90
1235 3311 1
1235 2787 23
519 2222 22
519 2457 30
519 2833 70
519 73 46
4896 2402 1
4896 359 69
4165 911 3
3853 2801 84
3853 516 71
3853 2671 38
1401 1746 37
1401 1841 39
2607 4927 14
2607 2330 21
2607 1061 37
2751 3275 87
1117 4727 24
1117 2179 94
1117 1335 50
1117 3558 35
4727 516 70
4727 2499 25
3339 4563 7
3339 1438 75
2357 2837 55
2357 4372 73
2357 363 30
2837 3539 97
2837 3073 7
643 4004 54
643 4241 69
2644 4099 35
2644 1908 30
2644 4609 80
4099 3428 74
4099 2928 100
4099 3652 3
4099 4274 57
1 3402 92
1052 4111 100
1052 672 1
1052 2815 31
388 4819 45
43 1550 53
43 1764 34
43 315 100
43 1727 36
1550 4664 8
1001 1748 24
1001 2163 25
1001 649 73
1001 4987 55
1001 3253 78
1748 533 3
1748 4970 47
1748 186 50
256 2826 50
256 4427 98
256 208 53
2826 1725 34
1409 3034 7
1409 4232 86
3034 3586 81
3034 2272 67
3034 3875 75
3034 4172 84
2589 521 60
1207 3839 30
1207 1265 45
3839 3732 75
3839 139 53
3839 4617 82
2721 3235 60
2721 3823 99
2721 2277 55
2721 17 34
3235 1791 73
3235 3935 99
3235 4834 70
486 4328 50
486 162 94
486 4621 65
486 725 10
811 4805 32
811 71 43
811 4499 81
811 3269 45
575 345 32
1285 4133 29
1285 924 87
4694 3907 7
4694 2569 45
1810 4446 18
1810 359 94
1810 625 45
1381 4140 92
1381 523 75
1381 2430 12
4140 2439 26
4140 4247 9
4140 3857 1
1816 2082 4
1816 1028 27
1816 4462 42
1816 4584 16
2082 51 51
1195 4986 10
1195 2755 4
483 1393 35
483 295 27
483 4255 88
483 559 13
2430 3473 55
3473 4440 52
3473 4214 14
1061 4455 37
957 3525 37
957 3452 72
3243 795 25
3243 4144 44
3243 3055 68
4772 4943 64
4772 4557 29
4943 1504 76
4943 3904 99
4336 2679 76
4336 2777 31
4216 4496 31
4216 35 18
4496 751 19
4852 1811 56
4547 2192 94
3943 4493 67
3943 4151 54
1469 1047 76
2294 400 24
2294 345 5
2294 4164 25
1668 3271 80
3271 247 54
3271 520 79
2368 4931 99
2368 4541 56
2368 1336 25
4931 1291 2
4931 2081 25
4931 2277 66
2175 3944 24
4893 4194 17
4893 1213 46
4893 1182 27
2035 758 95
2035 3678 50
2035 3684 100
2035 1261 3
1032 2508 14
1032 762 71
1032 735 99
1032 1564 24
1032 2899 30
2508 1444 81
2508 1993 30
2395 2726 64
2395 456 61
2395 3208 61
794 3916 61
794 2987 20
794 3388 65
579 2702 61
579 4531 35
2909 1828 91
2909 3903 43
3412 2489 2
3412 989 33
3412 1881 61
3412 618 45
3362 3924 99
3362 4920 78
3362 1887 90
3362 2628 50
3924 1796 92
3924 1358 53
3924 2682 64
2984 629 68
1574 1963 56
1574 4541 79
1574 3696 57
4313 4182 79
3076 4994 30
3076 410 53
3076 1596 99
4994 3896 18
1372 2697 80
1372 908 35
1372 2013 32
1372 1253 32
2697 3388 22
2697 4595 40
2697 446 3
2697 2961 80
3590 4986 37
3590 3739 63
3590 2586 68
3590 139 35
3590 2511 63
506 4010 98
506 7 80
4010 3985 59
1025 4575 98
1025 94 88
1025 4468 51
4575 3099 17
4575 2246 68
4575 951 29
3752 4230 31
3752 1254 26
3752 2748 29
4230 3203 70
4230 2440 5
1789 2756 27
1789 3255 14
1789 324 73
1789 2522 78
2756 265 2
2756 1454 55
1131 2509 5
1131 783 30
1131 4838 88
3732 621 5
3732 400 24
45 2227 43
3513 698 64
124 4359 96
124 4660 73
124 1132 84
124 2849 35
4359 2633 23
4194 4372 11
4194 4519 98
4194 2511 32
3286 3424 83
3286 1567 19
3286 4816 56
1225 2229 33
1586 1865 49
1586 1017 12
4457 4921 12
4457 4482 27
3429 1490 59
3429 1201 93
3429 4164 74
2338 3230 100
26 1004 54
26 1747 15
2222 1495 23
745 4827 91
745 3164 93
745 3771 35
4827 852 39
4827 618 18
4827 2304 18
2355 4878 37
2355 4545 13
1604 2351 56
1604 211 54
3913 1596 81
3913 1710 1
3913 2673 56
1747 1539 34
3911 1905 78
3911 703 10
3911 2976 75
2249 875 86
2249 3629 34
313 4123 25
313 3500 20
313 112 100
313 2977 15
3603 2933 39
520 3427 52
520 3658 99
2033 1454 5
1701 2878 75
1701 1480 41
3894 431 22
3894 4428 59
3894 3742 56
3550 4710 14
3550 3533 35
3550 372 96
4061 786 69
3679 4080 1
3679 4447 44
3679 440 40
1673 728 89
1673 3463 82
1994 4800 97
1994 3453 80
1994 3851 90
4800 3857 52
4800 4004 33
1786 3639 44
1786 3684 91
1786 4399 4
1786 3209 7
4181 1635 87
4181 3781 50
4181 952 35
4237 1430 37
3402 2273 14
3402 3779 68
2130 3497 36
2130 2835 51
1473 4877 16
1473 3218 54
1473 629 96
3534 4495 37
3534 401 52
2439 2637 55
2439 3846 18
1393 1522 80
4419 4534 32
4419 935 79
4419 4610 94
4534 3652 32
4534 1430 8
2893 2824 60
1827 2973 20
1827 3754 1
1827 3942 5
1827 2582 71
12 3743 42
12 1534 23
4307 1211 90
3388 4598 22
3388 557 11
4599 2873 29
4599 3786 100
1583 2354 57
1583 39 2
2354 4973 1
1251 2114 65
2061 2132 43
4802 2944 38
4802 4097 67
2495 3637 70
2495 3825 30
2495 1424 100
354 4863 75
354 2389 65
354 3281 42
4698 1380 57
4698 4491 84
4797 4329 43
4797 4807 100
4797 1428 86
2433 3385 33
2433 4213 68
2433 2229 34
4900 3914 78
4900 790 45
4900 657 5
4095 4945 100
4095 4964 45
4945 4718 72
4945 1645 61
4945 1243 82
3557 403 25
1376 2167 10
1376 17 20
1376 2509 30
746 2503 30
746 4398 28
746 344 31
2503 1277 27
2503 2509 39
2503 4114 15
866 3093 68
866 191 55
866 3457 68
3093 1111 83
3093 2195 94
1547 3720 96
1547 1612 38
1547 4801 23
3720 3172 27
3720 3073 43
2319 4465 61
2319 857 61
2319 1809 37
2319 4488 64
4465 533 58
4465 2302 25
4465 412 16
476 3435 26
476 2744 91
3838 2801 24
2207 4088 9
2693 4758 11
2693 1374 56
2693 4755 46
2686 4260 3
73 3258 20
50 4824 26
50 684 44
1352 1669 85
1352 2652 32
127 4418 36
127 1443 61
127 1500 84
3739 427 73
3739 2656 8
1220 152 98
1220 3586 66
2975 240 44
2975 4822 78
2975 259 50
2156 3023 15
2156 3734 66
2156 2176 54
2156 3588 49
3023 1334 95
3186 102 69
3186 1389 57
1390 1800 100
1800 4464 25
1800 1624 61
1800 2322 36
1800 650 60
4203 4905 92
4203 1325 20
4203 221 70
4203 1700 72
2824 2729 49
2824 2668 2
881 3091 48
881 3458 75
881 3706 54
881 2839 81
3091 537 83
3091 78 82
3091 4740 74
935 3327 48
935 4902 68
935 3887 47
3327 1765 19
3327 4696 36
4195 2217 83
4195 3822 87
4195 4445 93
2861 2933 14
2861 1841 89
2861 419 78
2933 1348 54
2933 2855 92
1130 4734 30
1130 3372 56
1130 2275 89
4734 1534 1
4734 464 13
4734 318 76
2760 4280 63
2760 3088 41
2760 2565 48
1564 3625 67
1564 4413 56
4769 3257 98
4769 2538 38
1724 2440 50
2440 617 85
2096 592 37
1344 3616 99
1344 2304 10
1344 2656 59
1344 4079 86
3616 762 52
3616 4407 47
3099 3649 87
3099 3160 1
3099 863 90
4863 3827 4
4863 4268 39
4863 2238 95
4863 2380 21
2143 4045 89
2143 681 20
945 4809 60
945 503 28
945 669 75
4809 1519 62
3155 4174 83
3155 748 51
3155 1370 7
3155 1865 53
4174 1698 82
4174 35 80
4081 2187 13
4081 1257 33
4247 3533 27
52 57 51
52 2585 8
52 94 41
274 1608 45
274 598 18
274 2586 14
1608 2550 16
1608 2219 48
1608 1182 4
2876 3712 83
3712 4168 99
1264 3662 98
1264 4150 79
1365 3796 65
1365 625 42
3796 1192 32
3796 2506 28
3796 138 23
2977 3242 63
2977 2 15
2977 946 62
3242 3704 95
3242 3157 44
3242 1513 12
3242 3992 20
4114 4903 6
4114 4603 5
4114 2000 94
4903 2878 65
4903 2331 10
4903 13 35
864 2992 81
864 1881 17
864 4693 52
3149 3763 50
3149 1111 28
3149 4284 29
3149 2681 8
3763 4709 84
3763 3693 91
3558 4685 43
3558 748 51
3558 1074 27
3558 842 96
4685 1187 55
4685 1910 54
4685 4199 70
2658 4836 42
1963 3928 86
427 1971 81
427 521 62
1971 3553 19
1971 198 1
1971 3525 16
4240 2820 56
4240 1209 64
1609 1087 13
1609 3135 85
3514 1016 71
3514 2000 64
3514 4699 5
4182 3275 92
4182 3315 53
1523 3257 70
1523 37 55
36 221 4
221 2114 74
2030 3031 95
2030 3681 95
2030 4050 39
2030 353 45
3031 3829 71
3031 950 77
278 1969 38
278 3421 52
278 1121 95
1969 3662 32
1969 985 13
1969 4499 96
159 2283 47
159 4063 65
159 1387 10
797 2305 34
797 3050 69
797 286 94
2305 2648 93
4317 4565 57
4317 1777 73
4565 28 32
4565 2031 34
4565 3281 63
4565 3608 10
974 1672 11
974 4042 4
1672 4507 92
1672 1524 83
1672 1897 78
1672 3674 35
1798 2873 56
1798 1018 75
1798 2659 26
2873 552 99
2873 4920 36
800 4525 24
800 1719 57
800 4366 28
4525 2836 84
1122 2647 41
2762 2651 63
2762 2087 36
2762 2966 7
2762 932 33
4373 4366 11
4373 4276 76
2170 1111 43
4670 4891 66
4670 428 1
344 2444 66
344 327 49
165 752 70
165 1476 94
165 2569 70
752 318 36
752 1366 66
3928 3134 70
57 1602 65
57 1991 7
57 4267 32
4541 2209 22
4541 1964 75
3227 1733 1
3227 4927 74
1026 3417 64
1026 2911 40
1026 345 47
1026 2213 78
3417 258 85
3417 4250 94
4274 2810 35
4274 1379 17
345 4973 36
3556 3996 58
710 2372 12
3741 4940 61
3741 3434 12
3741 1334 21
4940 1519 84
4940 2869 31
4940 698 13
4940 3821 9
2141 332 19
2141 3891 13
2084 3509 89
2084 3909 69
2084 2232 6
2084 2025 54
3509 2235 84
1200 750 93
1200 3565 12
1757 3114 48
1757 2229 12
1757 4306 98
3114 2628 4
3114 1147 9
3789 4798 58
3789 3532 68
1072 1058 13
3032 3245 54
1669 2183 15
1669 249 63
1669 3764 58
1669 1640 20
2183 4871 15
2183 2966 28
2183 1277 18
2938 1192 87
2938 2978 40
2825 3857 11
2825 2708 76
2825 4834 26
2825 217 62
2825 184 32
3857 1989 58
3181 4724 8
3181 1242 68
3181 400 92
4724 3218 74
691 103 94
691 4016 78
4631 4200 93
4631 3045 80
3038 4904 81
3038 4838 42
3038 3525 17
4904 1178 11
725 4758 78
988 4855 77
1282 103 89
1282 2162 2
3456 1730 56
3456 1325 21
3456 4865 92
4837 1297 24
4837 3700 62
2427 3703 89
2427 2713 34
2427 3993 4
491 240 12
3975 4106 46
3975 3721 46
3975 1423 80
3975 3208 53
422 3221 46
422 372 68
422 2257 73
372 2906 64
2906 767 58
2906 642 59
4144 1596 46
4144 4305 68
3275 208 31
3275 3951 90
2921 3457 13
3457 4710 33
3322 969 99
3322 708 1
2273 3229 51
2273 3187 46
2123 2659 66
2123 401 15
2123 4982 24
2123 4710 9
2659 3676 91
727 941 13
727 1737 25
2169 3300 16
2169 2666 13
2169 655 7
2169 2998 7
3300 4891 4
3300 4699 19
4834 4191 76
2153 3657 4
2153 3302 54
3157 4609 29
4609 2134 57
4609 4001 10
4968 4987 28
4804 2652 22
4804 1191 39
620 2227 29
2871 1065 1
2871 2924 62
1835 3965 50
2299 2484 71
2299 2660 22
2299 1660 71
2299 1828 27
2299 2330 1
2484 1017 89
2484 30 80
2484 4958 47
265 3697 61
265 3371 97
265 3527 40
3164 867 19
3164 621 6
3164 249 95
459 1575 66
459 767 33
1575 2853 68
3236 4251 96
3891 517 47
3508 4664 56
3508 4789 3
3508 3764 94
4664 2978 19
4664 3373 56
3134 1191 31
1066 3846 88
1066 3630 57
1066 2076 38
436 4745 56
436 3392 67
436 1698 81
4745 3834 33
4745 3827 2
4745 1508 53
1088 1018 79
1088 2676 9
1088 1358 93
479 2 7
2020 3190 85
2020 4531 22
2020 796 57
3190 1211 57
3190 3560 8
2407 4432 15
2407 1374 96
170 1593 53
170 3974 88
170 4110 44
1593 793 11
1593 3138 29
1276 3772 2
1276 845 61
3447 4752 69
3447 2027 51
1671 1730 45
1671 3828 2
1730 4484 57
565 2351 43
2351 1648 66
2351 4110 58
759 4617 3
759 4111 93
759 4172 86
759 3971 3
4617 2461 21
4617 1639 86
1215 3436 88
1215 2415 85
1215 1236 100
3436 2527 89
3436 4201 78
3436 1931 56
4798 4581 64
4798 1731 73
4798 3411 77
1098 2622 29
1098 3239 16
2622 4463 4
2622 3673 82
7 3625 23
7 1209 93
513 2283 62
513 993 22
513 1412 89
1315 3742 98
1315 2998 26
1315 2626 99
3734 4475 87
3734 4531 27
3832 4603 11
3832 1953 3
347 4794 43
347 1931 22
402 3434 56
402 2323 4
402 1204 10
2726 2618 67
2726 2008 24
4256 65 14
1719 4345 60
1719 71 36
2982 3170 94
2982 106 30
2982 524 47
2982 4045 76
3170 4246 30
3170 2673 31
2651 362 86
1815 184 26
1815 4002 45
1815 3629 94
2252 3553 49
2252 2247 22
3553 4933 57
2885 3689 31
2885 3686 73
2885 2247 77
2227 4272 55
2227 207 74
2132 3902 46
2132 241 76
3902 4492 91
3902 3896 84
664 1456 20
664 2987 6
4637 4459 94
4637 4621 80
4637 1509 7
4075 1343 29
4075 1224 69
4146 3020 17
4146 4888 33
2205 3829 32
2205 842 7
2205 915 27
1765 4002 24
1765 4063 84
1765 4527 64
1765 2989 14
4375 4880 24
4375 4576 45
113 3551 53
1794 3656 64
118 4304 1
118 1504 6
118 1037 58
4304 2955 67
4304 4562 65
3530 3611 13
3530 3498 80
3530 3058 90
3530 3936 39
3040 2787 92
1957 2378 73
1957 2165 19
1957 804 98
1957 3012 76
412 1489 33
412 3375 83
412 1561 92
1489 2055 96
1887 4330 47
967 1753 37
967 1891 61
967 2554 47
96 244 21
2069 3955 28
2069 4675 14
42 3878 4
42 3490 3
42 3503 16
3878 750 26
2317 3143 58
2317 4407 83
2317 2257 39
2317 2966 10
2317 1568 6
3143 4151 83
2224 1068 40
464 4281 63
464 621 96
464 4857 29
4281 972 44
863 107 7
863 3687 6
4170 3852 56
3189 908 69
3189 637 19
3189 669 65
1343 3166 50
1343 3502 9
3166 2647 1
3166 1033 34
2724 2972 94
2724 3772 55
2724 3527 99
2724 736 89
2972 480 78
1023 6 34
1023 4726 36
1023 2845 96
3241 3649 36
3241 897 41
3649 1993 88
3649 2965 81
4408 1788 66
1628 3685 34
1628 2373 89
1628 3598 45
3685 2961 38
2872 2626 62
2872 2946 76
3826 1635 20
3826 4272 1
2321 171 14
977 583 12
977 1265 56
2618 2869 80
2618 786 18
2618 299 41
1811 131 6
4853 792 37
4853 1227 4
1387 3281 87
4865 3582 29
4865 4574 5
4865 1151 10
1017 1625 4
1017 2777 54
1017 171 31
3215 3972 89
3215 529 46
3215 2092 13
3088 793 10
3088 28 78
2575 3909 15
2575 4210 58
2575 1149 83
2575 4464 15
3909 2959 15
3909 2544 58
3246 1727 10
3246 529 50
2792 4432 19
2792 2937 64
4432 4887 21
3141 1221 86
2628 512 46
516 3895 2
516 2830 41
3895 4966 97
103 399 5
4838 3311 6
4815 37 28
4815 2596 69
4815 4495 38
2247 3683 27
4028 2744 28
3829 1370 4
3829 312 26
1686 4686 1
1686 4507 58
1686 4463 44
4686 28 81
4686 4578 10
4686 4778 88
4308 1602 4
3688 2220 31
3688 4351 79
3688 3434 69
3688 4152 90
573 2335 28
573 4367 94
573 1148 67
2335 955 67
2335 4176 99
2335 769 77
3765 966 55
3777 3357 88
4160 1426 24
4160 383 43
4612 4788 97
4880 2213 12
4880 3529 52
4880 570 3
517 4517 23
152 993 14
3515 472 45
3515 2973 32
3515 4728 65
346 433 68
346 4726 5
943 4884 5
943 4728 59
943 4057 46
943 3135 84
4884 14 97
4884 1624 34
4884 4045 82
924 592 99
924 2055 45
4156 121 30
4156 4608 36
4156 4594 66
2255 2870 33
2255 2163 63
2870 2524 42
2870 396 11
3917 4941 87
3917 825 33
3917 2528 38
3917 4080 41
4941 2712 19
2815 2978 93
2815 244 1
2978 3372 81
2478 4110 94
2478 4566 45
2478 783 22
4513 4935 56
4513 3135 29
4513 2264 75
4513 4463 13
4935 3623 98
425 173 26
425 4176 46
1725 4357 27
2833 3985 30
2833 1653 85
586 2287 69
586 2647 100
586 705 89
586 3401 69
2287 2777 86
2287 583 22
2287 3382 66
3614 1941 12
3614 1201 66
2581 1753 44
3147 1162 63
3147 2489 55
318 1252 22
3255 2788 83
3255 1660 85
4248 4812 43
4248 3385 96
4248 2687 12
4248 2047 25
2409 4397 73
2409 3819 32
4397 1852 94
3972 951 19
3972 1823 70
598 2695 92
651 4381 76
651 1176 94
4314 3674 10
4314 1512 62
4314 825 95
4314 4285 77
2192 2313 59
2192 2919 67
2056 4878 3
2056 155 89
2056 249 84
2056 4057 58
669 2755 6
2527 3571 26
3571 40 100
3571 3821 38
1187 2092 13
1187 2455 87
2660 509 71
2660 1121 22
2304 3004 47
3004 1900 20
217 1760 56
217 1199 6
217 181 9
217 4991 80
1760 4235 13
1760 1333 53
3497 2128 25
3497 3671 40
793 1491 46
793 926 71
4627 3111 30
4627 4328 92
4627 2191 17
3427 4272 90
3427 321 33
3427 3035 17
4272 4705 51
1539 4369 43
1539 815 32
4369 711 14
4369 2845 9
914 1147 31
914 2596 61
314 2093 48
314 4415 90
314 649 72
1124 3626 98
1124 4566 11
4079 1961 28
4079 3623 45
4079 4510 19
1366 1260 92
1366 1224 55
559 2133 10
2857 4232 42
2584 1058 63
3195 4250 58
3195 4621 94
3195 1643 98
3195 1157 3
4071 1253 55
4071 4696 79
338 4386 30
338 4066 75
338 2850 88
4386 4210 66
4386 1490 9
3206 3980 63
3980 295 71
3980 433 5
570 2952 37
570 1625 74
2752 2068 37
3237 2063 17
3237 1107 80
4320 1172 54
4320 2725 2
1504 3486 50
1504 3779 60
1504 2275 64
3486 343 82
3486 4092 26
819 1397 36
819 3560 93
819 4077 71
1397 4796 69
1397 4112 33
1397 4475 82
1989 3540 17
4357 843 32
1128 1619 71
3283 2389 43
3283 4468 99
4459 4519 38
2296 547 60
2337 2744 68
2337 4275 76
162 4695 98
162 4162 45
4695 496 70
1872 4151 14
950 3987 67
950 2226 64
950 1470 95
3987 4957 92
3987 3862 67
3572 1400 69
3572 78 53
3652 443 45
1797 4088 65
1797 1177 32
1797 462 2
47 2817 5
47 3916 61
3615 1997 19
2114 1399 84
143 1438 57
143 2532 84
1877 2805 86
1877 4593 52
1877 2092 65
2805 363 27
2805 4345 28
1534 4388 98
1534 617 76
1534 2573 22
4388 1398 27
362 1619 85
4920 3951 93
4608 3119 22
1132 2809 83
1132 1551 34
2809 121 47
2809 2017 75
2809 1812 89
3840 2230 19
3840 4758 33
3840 1164 14
3840 4542 32
3460 420 51
3460 155 25
396 2889 57
396 4919 92
396 4539 87
2889 3494 57
2889 2402 62
3344 2094 35
3344 536 63
3344 3790 21
3305 2057 81
3539 4885 42
3539 3708 4
3203 4766 24
208 2545 96
208 4284 46
2545 2163 38
406 4250 16
406 3875 5
4250 2379 72
4250 3115 23
1902 2582 56
1902 80 68
1902 3054 96
1083 4372 33
1083 1530 99
1083 3585 83
4517 3483 57
4517 2004 8
3491 3881 49
3491 4743 56
795 3626 41
795 574 88
1638 4636 41
1638 2832 7
1638 3804 18
4957 4506 26
1949 2174 95
1949 2094 23
4427 1696 55
4427 2124 36
824 334 67
2682 2922 93
2682 1733 40
2840 3481 17
3481 139 65
3481 1039 82
1362 3742 19
1362 2370 9
1460 3819 26
1460 4452 96
3819 2455 52
3819 4207 31
4206 407 16
441 2379 16
441 1261 17
441 4351 73
2379 2725 45
475 1538 96
475 524 20
843 4345 76
843 941 34
843 972 55
4345 4869 46
4345 2197 92
2864 4777 7
4777 1162 7
4777 2867 93
4581 2605 9
4581 2603 3
191 3372 29
191 3862 74
191 2878 88
3372 3867 30
3372 3727 5
2346 145 83
2346 2944 75
1491 3952 3
1491 2665 92
3696 4755 92
3696 2744 47
4755 102 37
4755 695 49
3494 4651 38
3494 3533 47
3695 3468 65
1836 3585 61
1836 4207 20
1836 946 61
172 3470 64
4153 4817 12
3611 2741 64
3611 3128 66
2272 2445 59
2272 383 47
1494 4410 94
1494 4781 11
2836 4836 15
2836 4241 50
4836 3971 21
4836 2966 74
1625 2671 94
2185 1136 26
2185 431 77
4202 3483 90
3914 401 27
211 2159 31
211 4998 90
211 343 52
211 2687 94
2159 4824 27
9 3753 36
9 910 9
9 3309 18
322 139 35
322 4542 34
322 3167 73
351 3896 31
351 2514 46
3896 3159 31
3858 3113 74
2462 1299 27
4640 4145 97
4640 3551 77
2609 2928 74
2609 472 77
2928 3167 65
2928 246 19
2928 1513 21
3208 3422 30
3208 1246 89
1791 1361 32
1791 420 92
4209 1172 61
2819 2551 75
2819 1838 15
2819 910 21
3382 4385 95
71 2687 86
71 2578 55
71 2962 37
76 4506 43
616 3683 47
2869 1412 68
2120 4578 81
2120 282 32
2120 1508 99
2120 3500 93
4578 2245 3
4578 1891 81
2586 3827 40
2586 240 67
4372 3468 97
1929 4584 43
2649 3121 87
2649 1941 95
1465 3600 85
1465 2867 57
1465 2853 59
1465 452 7
3600 2479 11
3259 2067 74
3259 4902 18
3411 2689 52
3411 680 44
3411 2047 81
970 2345 38
970 3173 3
970 1321 52
2345 2334 23
4997 3812 83
4997 4102 41
4997 2099 15
264 3351 97
730 4844 26
730 2544 56
730 3863 26
4844 2573 90
4148 496 92
377 2044 95
2 4751 79
770 2341 59
770 657 99
3815 672 6
4106 2680 68
4106 861 17
1764 4542 52
1764 2522 42
4542 1173 75
4542 4455 1
4072 2514 6
2878 4004 28
2878 1031 95
4055 3971 52
4055 2049 70
2795 4235 89
2795 6 89
2795 1878 28
2795 3823 11
4235 4066 96
4235 1930 44
4789 3527 60
4789 2021 53
4789 105 48
2187 3827 63
2187 1731 18
3827 4251 60
1562 2718 97
1056 3903 18
1056 257 53
1056 3701 53
3903 2480 25
1443 2745 66
1443 2868 17
3269 1335 97
3196 4593 47
844 4536 4
2666 3532 6
3532 4842 54
3357 4389 67
3357 2260 91
3357 3128 23
4389 1961 73
4389 16 39
4389 2944 50
2500 1734 65
1509 1400 39
2374 2700 88
2702 3640 19
2702 534 87
2571 2807 61
2571 4768 8
22 288 13
22 2904 31
472 537 30
1507 1849 68
1538 2226 2
1538 1242 92
1997 1819 76
3251 3525 17
3251 1120 92
3251 4324 99
4831 3597 43
4831 537 26
4831 2830 14
4801 4620 40
632 3273 76
632 3154 69
632 1920 31
432 1312 90
432 951 16
432 4059 45
1312 4102 84
1312 4841 19
1476 3017 24
1476 2813 82
521 385 92
3152 2648 74
1881 3431 69
1881 4869 44
1254 743 18
4718 788 42
4718 2098 75
4718 440 39
1927 2051 78
1927 2832 6
1927 536 4
2051 1910 36
3771 932 88
3744 4639 69
3744 619 36
3744 3640 72
3744 3598 1
3744 428 46
4639 3129 99
4639 2322 96
4891 1074 91
332 874 46
877 2925 38
4693 65 35
4693 3939 2
2952 2378 29
671 2775 26
671 2731 38
2775 4557 32
3528 3020 35
2899 3500 51
2899 2081 24
3500 4970 89
4888 647 86
3953 4116 99
3953 1903 13
3953 4563 38
4116 4506 26
4116 51 96
1265 1649 28
1265 4367 56
1265 4703 56
1649 181 19
2593 2867 5
2787 3151 67
2787 4585 17
3151 2148 87
2480 1065 51
2456 3317 58
2456 244 1
2456 932 18
2456 2300 36
3317 4228 96
3317 4038 34
3317 2950 51
3918 1454 44
1149 2578 75
1149 1653 93
3502 4967 6
3502 596 59
1908 343 67
3257 1639 7
3257 1407 96
148 2457 79
1660 2712 45
3129 4204 94
3129 3100 73
3129 2044 56
3780 3209 75
3780 3407 6
3780 2165 15
529 2789 38
529 879 3
2789 3318 62
2789 4820 18
3112 2402 95
3112 1183 37
1878 3385 23
1878 3465 28
4066 40 90
4066 2520 96
4066 4752 19
3859 4446 72
526 4593 10
526 4681 28
6 3687 9
3687 229 97
3687 4948 19
3585 263 76
3585 3258 94
3585 4651 37
3169 1227 5
3169 751 87
2494 4431 78
2494 3665 74
2494 2839 44
647 2708 58
647 2437 77
2099 3823 80
2099 231 79
3012 2373 90
92 212 23
92 1767 29
92 288 49
2713 2807 100
2713 3779 25
3392 376 63
4781 3043 3
4781 3854 83
1213 4481 80
4481 861 37
4481 916 56
4481 1361 39
4481 1429 96
2259 3818 72
1018 4412 75
2867 2881 74
3729 2334 88
3729 1070 59
3992 4881 17
3992 3297 77
711 3452 72
711 1478 78
711 1594 42
1905 4401 78
1905 229 82
3470 429 11
3470 4584 76
1077 2499 35
1077 2947 1
2499 3645 66
2499 1684 4
1710 4591 22
416 767 38
416 4077 45
416 4866 27
767 2147 14
629 2557 26
629 684 97
4606 1085 81
3999 2925 27
198 2759 31
198 497 68
2759 216 50
657 2711 17
282 3881 70
282 3887 62
282 2445 14
2392 2667 37
2392 4552 42
2973 4944 90
2973 1645 26
2973 606 21
2162 2113 79
2162 1931 12
2162 429 6
804 889 73
804 1853 6
804 3127 14
889 3407 17
889 420 12
889 798 37
739 2546 94
739 4150 40
739 3560 13
2852 33 49
549 2511 39
549 4728 58
549 2668 10
4447 4616 78
3646 4267 88
4791 2017 52
4791 4785 77
3182 3358 20
1542 3864 29
1542 2049 55
1542 1941 62
4657 1726 95
4657 1120 46
3625 1400 4
3384 1972 88
3384 3297 24
4440 4315 32
1236 4238 43
4049 1421 6
4049 2999 30
1895 2238 62
1895 1044 59
1471 4934 45
2830 2076 5
4681 3823 31
4200 30 93
4200 4094 80
3523 1843 53
3523 3158 63
1819 2573 19
1819 4721 76
1819 3630 28
2573 4214 99
109 2942 73
109 4036 85
109 1738 51
2942 3050 4
3458 1392 3
2540 1090 17
2540 1421 81
1068 487 23
1068 1027 49
2741 4027 99
2741 4330 9
1033 3604 96
1033 2853 64
66 2626 74
66 1734 4
1199 1252 74
1199 385 48
1199 4101 83
1426 60 96
1426 4699 42
3754 2937 89
3754 3245 2
2648 1897 26
2648 2261 49
1105 4519 13
1105 3828 77
1105 16 64
1105 2098 42
1105 2958 38
4519 713 1
4219 1543 20
4111 4536 5
3159 3665 44
3365 3401 48
3365 3781 66
3834 2959 19
3834 535 39
2554 3907 100
3907 433 24
966 3249 67
966 3483 5
3249 655 4
3249 769 28
534 4824 91
534 2679 41
4660 4316 83
4660 1551 78
2821 735 42
2821 2590 34
2633 17 65
862 4360 27
862 3704 27
4360 4833 40
4360 613 7
1514 4286 21
1514 1139 44
1514 145 39
4286 3807 99
4177 3015 7
4177 4410 54
39 4983 33
39 4358 26
3642 3315 16
458 1205 60
655 497 51
145 2794 91
145 407 64
2672 2882 79
2672 3997 71
2373 1047 89
2402 4833 66
1738 2188 38
1738 3463 14
2780 4492 52
2780 3315 20
4492 2673 78
574 4133 10
574 1438 52
4035 4268 16
3160 2455 21
3160 4580 43
2591 4741 33
2591 4885 85
2591 3597 37
4741 2461 55
4741 3598 15
4741 597 53
4741 3807 16
2818 4305 34
2546 98 65
1347 3064 85
1347 3560 67
1347 385 82
1347 151 88
1348 2509 97
1353 1429 33
40 3218 43
40 2264 94
4768 1428 61
985 326 24
985 1321 42
699 4339 13
4877 3692 70
4877 3389 91
4002 2949 43
4002 1568 80
3974 2846 78
3974 4807 28
665 3142 9
2085 1812 59
1374 399 73
3656 3936 3
3656 4680 14
3656 1478 33
4328 703 9
4328 2308 100
2062 3533 35
2062 2393 77
1906 3997 65
158 3797 76
3674 1767 36
1420 3035 56
1420 4743 1
1420 106 69
1039 3201 62
3201 2544 52
3201 1772 79
3201 4514 10
3201 3127 11
4885 2027 76
1246 1862 1
1246 276 79
4094 1335 57
778 4680 85
410 2360 1
410 3772 83
2360 788 24
2360 315 49
4280 1047 81
4280 4598 14
4280 4830 79
485 3968 57
485 4324 93
485 1974 97
3968 4699 84
3968 334 27
2076 4580 46
3050 1250 27
2437 1074 5
2514 2331 74
1085 2685 27
1286 247 52
443 709 35
443 1421 88
443 304 64
709 2018 77
709 792 60
2753 3604 79
3198 2128 57
2652 440 74
2652 874 48
315 4580 49
3167 107 55
4919 3287 57
4919 4839 57
2048 405 15
1194 3221 56
3100 477 80
3100 1768 94
3100 4514 84
956 2748 15
956 3582 97
2748 4438 95
3641 434 57
1777 931 64
3395 4816 35
3395 2018 80
80 2695 11
80 1333 63
2947 3422 34
2947 4255 81
3422 3947 87
502 2236 1
502 3064 59
4740 2637 96
4740 2782 63
4944 993 56
4944 4595 20
263 2941 22
263 4680 20
263 2315 3
1920 3326 93
698 3565 61
698 4339 76
2544 788 61
1176 3057 66
1176 1926 83
1176 3075 51
3057 4535 39
3057 3291 36
1089 4337 81
1089 1796 65
1089 3579 100
4747 4417 16
4747 1260 7
4747 497 84
212 279 52
212 3158 91
2796 3360 41
2796 1216 73
4973 1900 94
2323 244 14
4636 3952 38
4636 2782 69
4866 3128 5
4866 2946 81
1173 4048 65
1173 2820 79
1173 3947 74
1057 4102 5
4102 702 55
4102 2936 22
4358 1618 58
3273 4464 34
613 4469 77
2113 3373 58
2113 3933 16
2113 2128 7
577 3678 74
2022 2452 2
2022 3933 94
2522 2855 66
4133 578 72
4330 1324 83
2850 3852 41
2850 4232 42
3852 4830 8
413 4710 89
413 2547 43
413 1557 72
413 3128 24
4710 2704 49
4830 1557 40
4830 2999 49
3727 3363 53
3727 4982 92
4930 4822 30
713 1151 10
713 1324 41
713 561 82
1151 3708 25
1063 4418 7
1063 105 4
1063 1817 15
4418 4878 18
4418 3168 69
257 1147 30
1635 4501 66
1635 224 59
1700 4975 75
1700 1321 55
4975 1484 51
4975 1093 33
1172 1253 36
1172 879 34
1853 3002 16
1853 2452 16
1853 3779 24
3002 4506 70
3002 4145 38
3637 231 31
3637 3142 12
4191 327 2
4191 24 92
578 2804 90
578 2047 20
578 2181 25
578 1455 80
2804 4118 14
1512 1910 29
1512 893 64
530 3258 8
530 4482 71
2924 4158 37
2924 4566 56
181 1639 24
1519 857 80
496 1809 35
1809 4938 85
4780 2731 8
4780 1399 32
1726 4536 93
1726 216 8
1698 4082 14
2959 3111 26
2959 2443 18
2291 4882 16
2291 3389 56
2291 533 17
4705 828 41
4705 60 96
4705 78 85
3952 2958 13
1139 3671 78
1139 4038 24
1139 4455 7
1897 1788 96
4510 237 58
792 3073 43
1863 4703 12
1863 4506 10
1016 2941 99
1016 1273 23
1016 321 75
1536 1619 56
1536 4438 16
1400 4338 52
736 4399 14
736 2590 98
736 1766 76
4399 1121 53
4399 2148 61
4399 2219 84
1532 4933 97
3267 875 44
969 4607 35
4607 2313 1
4607 3939 45
4607 1796 78
1444 1257 55
1444 2380 23
684 947 62
684 1261 56
947 3764 28
4410 2275 64
2008 879 15
2008 1645 13
258 4222 5
258 2603 36
4222 1148 26
4222 429 53
4222 178 86
1643 3095 26
1961 4589 48
689 4445 69
1380 3804 31
1380 4527 93
3804 3626 67
3854 4475 88
3281 4015 1
2452 3665 39
2923 3120 52
2923 3753 52
2923 2070 92
3120 376 40
1204 2601 13
1204 1138 97
2603 4998 28
2718 2681 51
2718 1319 76
3054 839 42
4583 431 1
4583 1430 67
364 557 68
364 2613 57
251 1862 95
251 131 83
251 4238 12
4329 744 48
4329 4585 67
798 4859 54
798 2193 85
4859 942 32
1731 4545 71
1731 1735 46
3867 3985 20
3867 750 95
3867 1581 7
3867 4743 73
3985 3529 66
1767 3582 91
1767 2835 60
4841 493 54
4841 2671 27
4841 247 98
2322 4766 84
3358 3662 67
3358 4214 56
3358 1421 88
3318 595 85
4367 820 5
4367 608 100
1865 4101 16
1865 769 20
4101 3503 70
2315 457 29
4045 1399 71
4683 2807 99
4683 673 84
3971 1163 12
3971 2220 23
3064 3260 63
2128 4861 24
2128 1164 38
4861 687 26
4861 1224 25
2461 3626 32
3229 1481 2
2907 593 71
2907 4689 25
606 4234 49
606 3055 82
649 2389 85
649 439 65
695 3673 53
3673 3708 14
1106 3015 21
1106 2300 90
155 1221 87
155 4469 67
1446 682 8
1446 4039 9
2626 4339 46
2626 1750 90
1163 1684 57
1163 138 30
1163 1820 53
1684 1148 27
4321 901 66
4321 2811 52
4475 267 57
4878 224 76
440 337 34
2102 4057 40
2102 3629 64
1121 4023 41
1121 1250 41
4023 468 18
4023 1554 81
107 3630 13
107 2332 36
2868 4462 56
825 2532 57
825 2967 38
3055 4855 1
138 1358 13
1253 1407 79
2244 3426 40
2244 4228 62
2244 3598 81
2244 3579 5
3426 2300 25
1233 3955 54
3684 4810 95
3661 4021 23
3658 2911 84
1972 2302 71
309 3770 20
309 2501 98
1953 4539 49
4539 2264 35
4539 3781 96
2372 2638 5
2372 325 87
3045 326 2
3601 334 22
2093 4448 56
2093 2963 8
2601 4036 7
882 3996 38
882 1087 37
4059 751 88
2784 4958 42
3043 4933 4
3043 2962 55
3043 1870 76
4696 3133 12
405 1721 64
405 3700 58
1721 580 42
1721 34 55
3389 4415 58
3389 173 65
1766 4199 71
3713 2963 36
3713 4021 83
4774 2195 38
4774 4448 43
4044 2613 20
4044 1229 97
2044 1470 55
1607 2486 62
536 3493 15
3493 4788 29
3493 1370 67
3493 2275 51
642 286 24
642 1398 69
1543 1944 25
2849 452 67
1639 3291 21
3127 4266 28
14 4027 19
14 972 97
14 2144 61
4027 4108 25
4145 2138 73
4246 839 99
4246 3315 71
334 1183 4
334 3082 30
4431 3244 89
1211 3645 1
1004 4260 9
430 1619 56
1619 4112 11
1037 2941 93
3786 51 42
3786 4582 42
2854 4964 16
186 1993 78
101 3657 3
3939 21 56
3939 117 96
3993 299 68
1645 2193 85
2193 1838 95
4620 151 63
742 4082 12
742 2823 93
742 4545 57
4082 4484 34
4082 3009 78
324 1229 28
4709 3253 50
2520 4531 38
682 4152 84
4152 3401 3
4162 955 47
456 4721 32
3360 383 21
637 4796 46
4796 51 12
1843 2013 95
2777 229 1
4882 861 26
4833 4990 4
4833 3168 51
867 4743 86
867 3821 87
867 580 13
1335 2501 47
1335 359 25
4788 2936 62
2138 1279 87
3700 1336 81
893 115 79
893 776 96
2236 4557 33
2236 4966 54
2839 1964 83
2839 1633 83
1942 927 91
1941 4784 38
3888 4245 26
3888 2596 60
4507 952 43
2794 1183 18
4207 4501 90
102 3503 72
1268 3797 94
927 1623 14
4482 4591 95
984 4112 40
984 4842 4
4112 2238 93
4112 961 59
3424 3154 63
3424 1508 76
4036 845 32
3453 3081 34
393 4812 36
393 2017 42
4812 571 18
1613 1438 60
1613 3893 60
3407 3770 32
3315 3640 67
4890 4820 88
267 275 53
2501 4021 12
583 399 100
72 1993 2
72 2962 36
72 1027 100
1993 3075 36
560 3678 49
560 4275 27
4324 852 7
112 468 27
112 4820 22
4563 910 62
2637 1277 12
2637 4339 83
2557 1900 2
1243 4315 72
4582 4588 71
4582 1805 61
4588 2538 3
4588 4412 86
4855 1361 65
4991 2506 25
240 880 24
240 976 25
880 1540 16
880 4817 54
880 275 92
1551 592 38
589 2667 80
589 3401 76
4938 758 91
1817 1319 29
1817 4394 87
618 3662 51
618 3078 95
2260 3009 95
295 1462 63
295 3468 39
1462 4038 3
1462 2098 25
2134 952 35
1900 4689 54
4689 922 60
512 2068 42
3686 4413 72
3862 3260 37
2148 4767 70
2148 5 17
4767 2919 79
3073 3805 35
1903 1891 57
1903 153 50
3078 751 61
3078 1852 34
3944 2605 73
3753 98 45
3135 2925 91
2229 4998 18
2229 4108 53
4998 4987 35
3640 1974 55
4730 4448 8
4730 2506 44
4730 901 59
4603 4595 74
1454 2195 8
1454 4339 78
4488 2098 5
922 1252 63
4451 2681 69
321 60 34
3721 4966 37
4784 3540 88
4784 2955 3
4501 3692 21
3115 4223 67
1087 2188 23
2188 1820 98
434 2532 25
2532 4514 61
4168 2811 89
4168 2961 98
3029 2256 52
3933 4810 69
4810 2486 37
1540 3297 28
2195 3619 7
3619 2801 36
262 4430 10
262 783 54
2197 3542 42
337 4950 34
4151 4982 63
4982 327 60
286 1455 88
286 1028 31
1455 2823 74
1455 1107 99
4267 744 72
3604 2217 11
3604 1138 55
4126 115 7
3113 1201 21
2457 4379 74
2457 596 81
241 1351 99
2181 3755 50
2181 653 10
1838 4785 100
1313 1602 26
2302 2332 75
1435 4585 75
1435 1136 12
3244 2880 41
3244 1926 89
3863 3221 7
1177 1175 4
1177 1354 99
1177 1394 30
98 2332 95
98 2013 84
4675 1410 15
4675 1681 80
4680 3075 51
3762 1788 49
3762 3958 41
1926 2679 12
4232 1991 78
592 1120 77
1120 37 29
1656 4902 13
1526 3095 14
4703 246 31
582 4983 70
582 33 20
3787 189 86
3787 229 57
3465 2013 75
1367 1428 81
2021 4484 46
131 1273 25
131 33 13
1273 1648 87
1065 788 76
1849 2916 39
1849 4379 55
1849 4251 26
2916 4255 13
2067 2191 86
946 4285 16
946 952 80
462 4015 49
708 732 26
708 2460 18
732 4721 98
3356 4379 15
1470 3579 60
4595 4433 18
828 4462 19
828 4448 35
547 189 71
547 1663 4
457 1271 13
1271 189 23
1782 4721 45
3142 1544 87
790 1336 82
790 1252 17
4535 552 44
4819 1136 8
4819 21 42
1070 2018 99
2147 3066 81
4990 3468 99
901 2308 73
2550 2668 31
327 1403 4
327 4964 95
1403 4493 83
595 2386 64
2386 150 31
2386 3139 36
2386 2334 26
1175 4817 68
439 2133 23
3490 911 89
3490 4201 65
2650 2404 73
796 3209 50
796 2668 33
368 24 91
561 4616 86
561 1753 82
4616 2025 13
1828 3958 86
942 4633 57
2330 4275 62
1351 703 22
4214 625 21
2565 2704 58
799 2998 68
2479 4574 15
2479 2882 58
3662 680 69
4260 2846 45
1257 2788 28
4967 1976 23
4967 2179 44
4967 2278 36
786 4158 61
786 3963 53
4158 1976 27
758 4566 6
1624 1136 29
2914 246 82
3221 2680 23
3797 916 59
3608 2755 58
2245 4950 61
4118 2712 88
1545 4190 97
3807 4394 93
3807 2979 67
4394 3239 33
4394 749 72
4394 1716 99
1398 4201 41
2264 4077 61
846 2370 13
846 3138 51
2538 4778 36
1944 1333 22
1944 2667 43
4001 3302 54
4001 4752 58
3418 1319 56
4950 3657 32
891 1623 49
1681 56 33
2443 4150 30
2443 2567 46
653 2729 88
1964 1354 24
1964 3158 81
2613 2528 16
1047 2941 91
4063 4446 81
4063 1508 24
571 3758 52
4316 3676 55
1862 3529 84
3899 4493 3
3899 4223 17
3899 2070 46
4862 845 82
1392 749 72
3381 3605 100
3381 1356 74
2788 2845 67
3551 3821 87
429 376 18
1378 30 74
1378 2378 60
299 4108 55
216 2124 90
216 353 69
597 2300 72
597 2605 56
2445 4576 17
4569 3498 97
153 3881 79
4430 3035 39
4430 4251 34
2313 4754 7
34 56 91
1852 2961 54
150 749 55
150 4238 18
150 2634 77
749 2955 55
4934 916 80
4934 3779 90
4934 2689 81
524 348 73
3413 535 96
2811 259 38
1196 4190 3
1196 1513 30
4190 2277 93
961 4589 70
2700 4103 32
4103 4598 47
4103 5 72
105 989 5
3239 21 32
2949 3103 51
3245 4266 79
4266 4365 72
2049 272 71
487 1891 99
2987 3103 87
926 1074 79
926 2673 31
3875 2263 4
3875 4514 48
580 4697 46
4697 1554 44
2308 1027 43
852 4338 56
4881 2393 91
1430 2993 39
4766 1594 71
3708 1136 41
3671 178 61
1334 2782 88
2782 1157 33
1648 3588 18
1648 4751 81
3588 3947 66
3311 2989 13
1279 2859 58
1279 687 81
1279 3676 26
1279 633 99
2859 4594 23
3683 1157 46
3683 874 89
2380 2404 50
1277 275 13
2585 2729 20
224 4433 76
4398 4822 73
4398 857 37
687 3701 96
2634 1894 84
763 304 53
763 1594 94
2704 2191 94
874 1640 66
4433 1429 5
176 2846 68
304 3851 56
3503 1663 62
4464 2892 94
2220 2835 49
1456 3812 91
60 535 47
2081 3309 28
3704 1882 34
2605 810 39
2605 1805 32
3498 2936 55
2880 1027 48
2506 729 20
3302 3103 68
3302 4284 72
2711 593 28
3340 3605 27
3340 4452 48
3605 3629 9
348 4412 56
3119 117 84
4413 3781 26
3851 419 12
2638 326 41
593 4790 93
2486 106 44
2810 446 78
1478 1868 42
4305 3579 7
3689 2937 45
4452 1216 89
783 3963 3
3535 2404 44
3535 4255 53
4164 4254 78
3947 2328 75
2547 4514 67
4284 4633 36
4284 1328 82
4633 802 44
2460 2694 57
419 3701 55
2263 2167 29
2263 4839 59
2133 4276 94
1882 3676 60
2665 3540 39
2665 4080 90
1633 3139 59
3693 452 45
4790 3133 18
1328 976 16
1653 702 98
3542 1823 23
2144 3139 59
2144 4245 42
3811 4585 66
2018 1557 56
2219 910 28
4469 178 78
1735 3963 23
1229 4857 57
3825 5 51
3825 3373 37
3825 2882 12
1772 1358 57
4407 596 68
3893 1974 32
1602 1663 58
650 769 93
650 1508 7
4385 2955 88
4385 420 89
3935 4503 100
625 3133 14
4857 911 4
4857 4966 43
1495 293 4
2823 1410 92
4491 325 25
1568 1205 78
1216 446 47
4365 1358 4
705 2967 27
1567 2694 19
3887 1894 77
815 1640 62
2853 608 52
2853 4987 53
4966 3958 13
993 4039 18
3075 1429 62
1623 2694 24
769 1594 91
4576 2415 79
1640 3676 92
1637 246 31
802 2528 2
861 2328 3
4820 2063 51
2694 4080 35
117 1224 1
1524 4585 27
2528 4097 62
1500 2415 64
2277 608 65
1750 2689 52
1480 1410 76
2689 4086 42
1805 3540 60
