5000 12500
438 1772 85
438 2651 13
438 2336 96
438 145 65
438 4519 39
1772 4192 82
1772 2747 43
1772 1889 45
1772 3958 2
385 2434 4
385 628 77
385 630 20
385 4751 77
385 1878 60
2434 2431 67
2434 3167 54
2434 837 89
2434 3449 44
209 1949 75
209 237 11
209 1507 76
209 622 15
209 2215 8
1949 629 65
1949 1022 57
1949 3896 74
1949 3118 36
1157 4677 31
1157 2486 66
1157 3339 31
1157 413 2
1157 526 78
4677 3710 76
4677 1603 94
4677 4588 62
4677 4124 59
161 740 26
161 984 5
161 1700 55
161 1323 22
161 3309 2
740 3912 56
740 1548 53
740 1684 52
740 4499 96
2934 3251 46
2934 2681 90
2934 567 88
2934 1487 91
2934 1288 86
3251 1103 45
3251 16 35
3251 1705 72
3251 2129 29
3336 4463 6
3336 2978 69
3336 1974 2
3336 132 95
3336 3029 32
4463 4725 10
4463 811 83
4463 4447 21
4463 3097 35
566 1957 50
566 1094 16
566 3977 13
566 1146 39
566 3265 8
1957 3632 32
1957 1183 73
1957 843 48
1957 734 67
1025 4457 52
1025 3786 86
1025 2048 64
1025 3012 26
1025 3483 57
4457 3001 37
4457 2138 77
4457 1469 16
4457 2097 19
2625 2910 18
2625 3638 95
2625 3329 9
2625 2161 16
2625 3666 78
2910 578 20
2910 295 66
2910 4081 93
2910 979 47
1465 3746 17
1465 4100 61
1465 4459 28
1465 34 50
1465 3587 48
3746 4240 81
3746 4794 86
3746 1879 67
3746 276 82
240 4187 90
240 727 64
240 852 77
240 1877 36
240 3688 84
4187 2665 11
4187 2262 20
4187 129 68
4187 2644 80
363 4752 26
363 4512 7
363 1475 78
363 3868 44
363 3247 68
4752 2688 55
4752 1678 97
4752 994 15
4752 594 18
1712 4377 53
1712 4292 31
1712 3489 70
1712 3112 49
1712 3571 74
4377 765 31
4377 816 48
4377 4517 53
4377 2728 2
599 1087 85
599 1262 87
599 3556 43
599 4004 51
599 4899 64
1087 968 95
1087 651 26
1087 1783 90
1087 2986 80
1638 4162 57
1638 2905 43
1638 1191 9
1638 2883 44
1638 2333 72
4162 3209 32
4162 4555 62
4162 3857 18
4162 611 81
2844 3479 24
2844 2244 33
2844 3880 70
2844 2282 76
2844 4841 38
3479 1687 34
3479 1502 1
3479 1350 3
3479 4532 56
3470 4399 31
3470 3013 9
3470 1871 90
3470 4171 32
3470 1293 56
4399 4423 84
4399 1307 61
4399 1558 18
4399 3376 61
168 2032 57
168 66 57
168 1810 77
168 3258 60
168 1874 6
2032 2180 45
2032 1287 66
2032 881 26
2032 1822 76
484 3995 83
484 3627 18
484 789 55
484 2134 51
484 729 72
3995 910 10
3995 1399 95
3995 3503 89
3995 4055 19
2528 4145 30
2528 1432 56
2528 2456 11
2528 3138 33
2528 3546 89
4145 4850 15
4145 4108 37
4145 64 32
4145 3973 49
2644 3539 68
2644 3098 54
2644 1669 90
2644 1233 73
3539 4305 31
3539 3948 10
3539 4196 42
3539 3560 66
557 2258 17
557 4628 29
557 4933 98
557 1792 45
557 1097 69
2258 138 74
2258 2504 2
2258 1491 9
2258 2167 49
199 335 9
199 169 99
199 3944 79
199 1148 20
199 2324 86
335 3184 47
335 2596 15
335 4197 14
335 2283 49
3702 4412 19
3702 4656 18
3702 1051 3
3702 2603 76
3702 3779 60
4412 2750 48
4412 4366 58
4412 4396 96
4412 3783 79
823 2414 56
823 2240 1
823 3896 24
823 1975 55
823 2181 43
2414 973 33
2414 4681 21
2414 2682 55
2414 2061 88
2523 4969 83
2523 3594 57
2523 4132 52
2523 2376 20
2523 1693 26
4969 3788 52
4969 2965 92
4969 1009 30
4969 1522 86
4193 4915 18
4193 2030 92
4193 3857 91
4193 1981 70
4193 832 37
4915 277 83
4915 3002 43
4915 29 15
4915 3169 1
1225 4114 34
1225 3238 25
1225 1401 20
1225 1643 55
1225 2883 17
4114 4414 8
4114 4828 36
4114 3674 32
4114 2245 2
755 3707 35
755 1700 41
755 1756 67
755 2221 98
755 3219 69
3707 2639 89
3707 779 84
3707 3487 27
3707 2732 5
1245 3800 12
1245 1570 1
1245 1565 76
1245 3886 29
1245 4117 56
3800 4223 8
3800 4788 99
3800 4516 30
3800 4135 69
4572 4911 38
4572 775 23
4572 102 16
4572 4631 79
4572 2588 5
4911 4920 92
4911 388 15
4911 4553 27
4911 483 43
2196 3793 50
2196 4272 68
2196 2902 97
2196 4925 81
2196 4836 91
3793 932 54
3793 3601 8
3793 3369 91
3793 4460 88
2745 4789 42
2745 1483 19
2745 4136 17
2745 378 61
2745 3674 46
4789 2447 45
4789 332 92
4789 275 24
4789 2268 47
728 4247 60
728 124 24
728 1332 62
728 3721 54
728 169 14
4247 4383 49
4247 3223 63
4247 1601 59
4247 85 16
910 4039 21
910 2820 99
910 4585 72
910 4681 25
203 4133 72
203 2929 84
203 3724 6
203 3342 61
203 109 87
4133 2111 75
4133 2085 1
4133 4552 47
4133 786 25
3076 3842 78
3076 3644 19
3076 4919 37
3076 1646 33
3076 349 81
3842 2599 55
3842 4946 87
3842 1072 65
3842 3714 56
1075 4062 46
1075 4242 6
1075 368 4
1075 1340 20
1075 2714 83
4062 2029 44
4062 576 3
4062 916 4
4062 2233 37
125 2493 21
125 2471 100
125 4356 82
125 2489 100
125 3162 4
2493 887 9
2493 2861 68
2493 4218 14
2493 155 90
741 4711 85
741 1695 61
741 1441 24
741 383 52
741 3713 92
4711 1952 12
4711 1447 16
4711 2886 13
4711 2429 10
4070 4700 88
4070 4513 47
4070 4799 19
4070 4034 10
4070 2313 3
4700 3000 21
4700 4511 3
4700 4017 40
4700 186 100
1019 1952 19
1019 1866 1
1019 4151 14
1019 274 13
1019 1955 19
1952 2524 93
1952 1661 7
1952 1802 83
1812 3803 28
1812 3401 65
1812 1084 25
1812 3569 25
1812 2578 63
3803 3462 64
3803 1055 33
3803 3737 58
3803 3501 14
2827 4535 58
2827 1042 5
2827 498 62
2827 1284 73
2827 3894 81
4535 2331 94
4535 2494 97
4535 3726 8
4535 4936 16
1533 4388 58
1533 2741 28
1533 1235 75
1533 2966 75
1533 1352 13
4388 4449 60
4388 3490 84
4388 262 74
4388 307 10
57 3261 99
57 334 16
57 2724 18
57 572 18
57 2760 73
3261 3382 97
3261 3225 35
3261 1549 50
3261 3909 38
461 1624 53
461 194 84
461 2168 38
461 607 5
461 2811 26
1624 1544 82
1624 4105 73
1624 1692 83
1624 4828 99
2563 3442 38
2563 4077 44
2563 657 23
2563 1699 20
2563 2425 28
3442 1563 13
3442 126 92
3442 867 58
3442 382 94
1002 3934 15
1002 1908 25
1002 538 54
1002 2096 99
1002 2971 32
3934 2341 42
3934 2399 98
3934 1205 12
3934 2996 73
2592 3914 82
2592 3406 59
2592 3332 18
2592 4555 11
2592 4354 47
3914 1681 12
3914 4673 86
3914 3517 35
3914 814 31
3632 19 80
3632 3628 66
3632 3403 94
3632 2090 18
4806 4970 75
4806 3046 51
4806 1495 76
4806 1425 86
4806 3188 48
4970 748 45
4970 2634 29
4970 2701 88
4970 1821 24
1601 2307 100
1601 403 48
1601 717 25
1601 4320 13
2307 4605 90
2307 3507 34
2307 3322 65
2307 325 17
1160 3059 95
1160 3680 11
1160 3185 43
1160 4373 2
1160 2019 66
3059 4509 7
3059 3437 98
3059 4107 59
3059 4837 90
2454 4438 30
2454 1052 33
2454 3408 16
2454 2930 75
2454 648 62
4438 4326 68
4438 1226 88
4438 3014 11
4438 4748 23
1445 3457 41
1445 250 91
1445 3740 13
1445 4345 83
1445 238 14
3457 3833 21
3457 3204 23
3457 2659 50
3457 3801 4
1266 2960 19
1266 785 82
1266 256 69
1266 966 52
1266 4456 35
2960 4641 97
2960 3855 90
2960 4044 28
2960 1349 91
3785 4423 99
3785 2346 68
3785 3876 27
3785 900 69
3785 4366 27
4423 2645 41
4423 3036 60
4423 797 65
278 2856 87
278 1622 74
278 3091 15
278 78 56
278 1582 67
2856 3436 49
2856 92 18
2856 1112 47
2856 919 53
2012 2521 6
2012 3362 67
2012 3674 18
2012 2869 80
2012 3245 58
2521 417 91
2521 3612 65
2521 681 82
2521 2148 30
2499 4854 48
2499 525 79
2499 4036 64
2499 3462 91
2499 3646 73
4854 463 49
4854 2770 5
4854 3486 92
4854 4276 2
3044 4654 49
3044 1654 39
3044 4376 5
3044 1446 97
3044 4181 86
4654 1797 57
4654 3468 99
4654 450 37
4654 1979 62
1530 4992 22
1530 387 24
1530 1531 10
1530 1457 79
1530 3629 72
4992 426 79
4992 869 55
4992 4339 93
4992 853 64
709 3308 66
709 3330 67
709 445 37
709 4052 26
709 569 87
3308 1968 30
3308 3270 91
3308 1263 90
3308 2166 43
1349 2702 53
1349 4045 48
1349 3058 25
1349 2543 61
2702 4059 62
2702 3918 77
2702 989 36
2702 2994 82
1745 3870 23
1745 2834 57
1745 4206 53
1745 4745 88
1745 202 81
3870 2195 53
3870 3802 37
3870 141 53
3870 2290 47
4190 4593 9
4190 2970 85
4190 2497 19
4190 4678 92
4190 1413 16
4593 376 30
4593 4890 61
4593 10 2
4593 1101 46
2727 3671 34
2727 2580 26
2727 2174 30
2727 2785 53
2727 1859 35
3671 402 18
3671 3231 30
3671 4233 3
3671 4521 30
2808 3101 42
2808 4305 70
2808 1698 10
2808 320 43
2808 906 98
3101 4317 13
3101 1278 99
3101 4415 29
3101 1826 80
230 4478 87
230 1749 59
230 1498 63
230 4093 82
230 318 2
4478 4540 89
4478 4902 65
4478 2583 52
4478 1540 86
3439 4136 96
3439 2609 91
3439 4119 28
3439 1617 72
3439 589 49
4136 179 31
4136 3681 39
4136 41 13
858 3781 95
858 2173 11
858 1508 86
858 1782 71
858 1945 81
3781 3071 15
3781 2077 1
3781 2213 75
3781 3536 39
3621 3655 98
3621 661 24
3621 527 41
3621 4484 86
3621 3020 100
3655 4595 95
3655 3063 20
3655 2304 31
3655 1815 4
1451 2605 74
1451 2893 12
1451 2743 97
1451 4027 8
1451 3969 79
2605 737 3
2605 3351 66
2605 2039 38
2605 1575 39
2075 2698 98
2075 1011 91
2075 662 63
2075 2687 59
2075 3829 51
2698 1997 7
2698 1543 68
2698 1800 80
2698 4 97
2178 4102 56
2178 669 29
2178 2804 82
2178 3446 55
2178 1856 98
4102 3319 17
4102 1256 48
4102 1118 34
4102 847 61
2775 3863 50
2775 2265 72
2775 1799 46
2775 3301 61
2775 672 97
3863 4147 78
3863 368 44
3863 4311 39
3863 3125 78
2202 2244 39
2202 2358 67
2202 3475 34
2202 4999 69
2202 1692 72
2244 2757 70
2244 773 37
2244 3911 48
3461 4834 23
3461 4020 63
3461 2366 62
3461 1966 74
3461 1436 79
4834 3908 29
4834 341 85
4834 1478 81
4834 3841 86
1392 4361 73
1392 1950 17
1392 4097 93
1392 135 93
1392 2078 69
4361 2136 71
4361 4760 43
4361 248 59
4361 3260 10
81 598 78
81 2199 80
81 3848 38
81 4443 10
81 2148 20
598 802 5
598 114 22
598 2350 69
598 3572 10
4492 4527 90
4492 4947 49
4492 2415 11
4492 3346 8
4492 3898 61
4527 3952 31
4527 3556 85
4527 3432 86
4527 1304 66
3496 4791 88
3496 496 86
3496 4835 37
3496 336 73
3496 2223 68
4791 578 89
4791 4900 67
4791 2979 61
4791 2250 32
1882 2010 66
1882 2755 87
1882 4332 61
1882 2828 6
1882 3189 93
2010 2734 9
2010 1892 60
2010 4901 60
2010 330 11
4676 4873 2
4676 786 61
4676 2191 73
4676 4984 30
4676 2812 67
4873 4892 69
4873 2680 69
4873 3112 70
4873 1774 2
1675 4161 41
1675 4163 97
1675 3727 96
1675 3764 71
1675 2530 12
4161 4023 79
4161 3526 76
4161 405 26
4161 3485 78
913 1394 16
913 697 65
913 467 85
913 2134 3
913 283 71
1394 191 34
1394 2035 92
1394 2466 20
1394 1391 59
1640 2891 32
1640 3731 4
1640 3849 90
1640 137 28
1640 4955 24
2891 4409 87
2891 1653 79
2891 3626 85
2891 1461 22
2249 4167 89
2249 641 38
2249 1239 15
2249 3174 40
2249 4739 61
4167 1581 5
4167 2551 1
4167 3397 56
4167 1468 22
76 1651 32
76 411 65
76 3917 41
76 69 57
76 4548 93
1651 2943 35
1651 1823 13
1651 4482 39
1651 736 96
2104 3291 79
2104 3624 8
2104 2213 31
2104 4232 76
2104 1700 49
3291 4040 98
3291 4279 9
3291 4884 32
3291 3325 52
2842 3220 55
2842 3725 40
2842 901 5
2842 3250 63
2842 3533 23
3220 3111 3
3220 2458 72
3220 3519 18
3220 2862 14
3786 4355 16
3786 3752 80
3786 902 43
3786 3440 57
42 4026 56
42 1960 29
42 1278 85
42 2805 27
42 3108 13
4026 1280 47
4026 3036 4
4026 2225 100
4026 859 88
3619 4080 36
3619 758 44
3619 1823 80
3619 3087 59
3619 1844 96
4080 254 24
4080 1858 81
4080 1748 46
4080 1267 3
398 4856 93
398 328 100
398 626 29
398 3441 78
398 1331 54
4856 430 70
4856 1293 5
4856 1230 87
4856 1111 1
857 3155 48
857 756 40
857 2948 55
857 2803 94
857 3545 90
3155 4797 53
3155 909 100
3155 2237 70
3155 4948 13
1672 4536 25
1672 2433 14
1672 1700 39
1672 1109 7
1672 1090 81
4536 2369 16
4536 1252 3
4536 4248 87
4536 837 12
660 2089 61
660 793 86
660 2132 62
660 3292 60
660 3524 22
2089 3829 97
2089 2015 97
2089 1868 18
2089 2728 3
937 4841 23
937 2128 51
937 2525 96
937 2145 35
937 2866 40
4841 1044 94
4841 3734 73
4841 1128 50
1479 2155 20
1479 704 88
1479 2205 11
1479 3928 7
1479 582 92
2155 4182 29
2155 2498 63
2155 2238 4
2155 3399 92
3774 4139 21
3774 1667 92
3774 4889 44
3774 1161 38
3774 2771 27
4139 2357 90
4139 3684 37
4139 2621 26
4139 4688 73
4156 4958 19
4156 2541 38
4156 612 99
4156 3520 100
4156 4405 45
4958 2504 15
4958 705 51
4958 1725 19
4958 4222 71
2394 3474 10
2394 106 10
2394 3204 11
2394 1279 59
2394 1706 76
3474 794 82
3474 245 55
3474 831 73
3474 1625 39
369 1122 94
369 3528 51
369 2346 22
369 3851 87
369 154 95
1122 567 4
1122 3128 50
1122 2151 74
1122 1632 82
1213 1218 25
1213 2449 78
1213 546 17
1213 634 43
1213 4020 53
1218 923 92
1218 2911 18
1218 3280 49
1218 2497 70
492 3444 20
492 3726 39
492 4737 91
492 995 5
492 4675 53
3444 2558 61
3444 2171 58
3444 1954 20
3444 3138 71
1822 2265 25
1822 132 39
1822 2684 11
1822 934 94
2265 3909 5
2265 2732 34
2265 3716 17
1223 3663 50
1223 3214 14
1223 1676 47
1223 1942 95
1223 3369 55
3663 1300 29
3663 92 4
3663 499 99
3663 1200 19
242 4959 53
242 1799 89
242 852 65
242 1177 51
242 72 88
4959 2025 83
4959 792 35
4959 2456 7
4959 3025 54
273 1828 30
273 2441 63
273 4442 2
273 2580 55
273 4926 98
1828 4123 48
1828 1438 62
1828 2564 27
1828 1843 77
400 3855 10
400 771 22
400 124 56
400 1437 59
400 1368 79
3855 3715 83
3855 2898 73
3855 1524 6
1888 4282 65
1888 3337 30
1888 4445 40
1888 3899 67
1888 2229 63
4282 212 58
4282 4449 70
4282 2000 58
4282 3452 98
1260 4713 48
1260 179 39
1260 3130 15
1260 3561 33
1260 1262 33
4713 952 28
4713 2928 66
4713 4499 33
4713 4164 46
978 1580 44
978 951 4
978 2391 62
978 1341 54
978 4321 11
1580 3633 86
1580 2707 17
1580 2867 69
1580 2191 52
1917 2768 20
1917 2878 48
1917 1098 27
1917 4708 41
1917 4824 92
2768 3534 60
2768 3334 84
2768 2408 96
2768 3753 39
1561 3658 47
1561 138 14
1561 254 85
1561 1523 18
1561 4281 72
3658 2398 90
3658 2151 9
3658 1594 90
3658 2022 54
1378 4705 8
1378 2847 47
1378 3749 99
1378 2632 63
1378 4824 50
4705 68 11
4705 1578 22
4705 3252 99
4705 1729 50
91 1528 29
91 1534 85
91 3762 5
91 3174 76
91 324 49
1528 3456 9
1528 4368 32
1528 4257 60
1528 4723 10
2118 2263 47
2118 1031 23
2118 2310 56
2118 2 100
2118 4803 75
2263 447 92
2263 869 70
2263 864 28
2263 3414 89
4297 4301 77
4297 3955 44
4297 2441 72
4297 3796 96
4297 4092 82
4301 3567 35
4301 4258 82
4301 1393 40
4301 2326 86
2998 4793 13
2998 1663 41
2998 4211 72
2998 2171 7
2998 1020 68
4793 2158 82
4793 9 22
4793 1654 50
4793 441 25
2034 3060 42
2034 3040 95
2034 4204 71
2034 2957 6
2034 4977 44
3060 4615 77
3060 3932 36
3060 3852 6
3060 2620 79
1149 1849 94
1149 291 53
1149 2329 46
1149 3895 22
1149 2854 14
1849 2006 12
1849 2481 69
1849 2404 23
1849 4739 16
669 4450 93
669 984 88
669 2769 16
669 2108 43
4123 530 23
4123 3634 34
4123 3004 90
4123 3511 91
742 4908 91
742 1819 97
742 3284 98
742 1221 23
742 3927 68
4908 2806 60
4908 1368 8
4908 1079 81
4908 745 33
2688 1355 55
2688 4708 47
2688 3693 54
2688 3090 4
1442 4087 83
1442 281 2
1442 1595 79
1442 1920 81
1442 15 86
4087 1412 91
4087 3156 58
4087 2514 82
4087 4944 46
3456 3806 68
3456 4344 42
3456 1199 8
3456 3283 27
3806 1252 33
3806 2310 48
3806 1302 69
3806 3822 23
629 4967 79
629 829 25
629 4950 98
629 3694 6
4967 4480 10
4967 1786 11
4967 2083 55
4967 1714 36
736 2878 45
736 518 73
736 886 89
736 673 2
2878 2320 51
2878 3581 19
2878 1602 38
4448 4591 20
4448 2400 59
4448 4299 69
4448 3765 33
4448 4292 23
4591 3818 20
4591 1743 68
4591 1311 21
4591 2014 62
1177 4018 57
1177 3011 19
1177 3302 72
1177 2802 10
4018 1784 46
4018 3757 37
4018 1553 25
4018 4530 10
2684 4229 82
2684 2031 24
2684 2085 34
2684 4157 58
4229 2362 39
4229 1379 72
4229 4406 17
4229 653 75
1965 3081 88
1965 2183 19
1965 3906 14
1965 928 60
1965 288 45
3081 3857 40
3081 2657 55
3081 386 1
3081 4990 82
3370 3510 74
3370 1688 13
3370 1188 21
3370 905 73
3370 3052 61
3510 4823 64
3510 303 16
3510 3509 50
3510 3796 17
407 2824 76
407 4647 70
407 4889 50
407 232 18
407 3935 40
2824 3529 2
2824 2838 35
2824 3796 40
2824 1535 96
3163 3409 34
3163 974 45
3163 623 54
3163 3878 13
3163 3375 7
3409 1748 19
3409 1907 15
3409 3221 72
3409 1384 35
1045 2815 34
1045 3223 89
1045 3854 48
1045 3486 21
1045 2736 73
2815 2008 79
2815 1325 64
2815 2107 78
2815 3604 85
3242 4227 96
3242 3749 26
3242 2613 2
3242 1513 94
3242 860 1
4227 194 81
4227 950 9
4227 88 36
4227 2150 36
4372 4946 24
4372 3377 94
4372 2549 59
4372 1955 83
4372 4891 94
4946 4309 50
4946 3986 93
4946 1707 66
3651 4395 4
3651 1068 29
3651 1641 32
3651 3694 35
3651 2220 27
4395 4738 68
4395 324 53
4395 4655 42
4395 2957 84
394 1542 96
394 4084 55
394 3616 6
394 1341 30
394 4406 60
1542 1797 20
1542 1550 25
1542 1241 76
1542 79 87
2185 3727 92
2185 430 69
2185 3598 81
2185 1719 82
2185 4489 86
3727 4360 59
3727 3305 78
3727 3798 77
392 2701 37
392 4465 5
392 4720 32
392 2361 75
392 92 43
2701 3094 86
2701 4353 95
2701 4158 13
1532 2381 69
1532 4211 79
1532 3460 52
1532 2892 17
1532 1966 21
2381 2733 97
2381 1848 44
2381 1254 87
2381 2361 57
2406 3174 38
2406 277 20
2406 2163 80
2406 1144 2
2406 1032 74
3174 1819 94
3174 3054 13
3256 3344 43
3256 2908 81
3256 4673 48
3256 3850 8
3256 3892 8
3344 1345 93
3344 3693 4
3344 3661 87
3344 1948 70
1943 2918 23
1943 3417 57
1943 4189 54
1943 1930 94
1943 3185 25
2918 2319 41
2918 1405 5
2918 2755 7
2918 3224 10
2464 4347 11
2464 234 29
2464 794 45
2464 2623 15
2464 4587 13
4347 1396 23
4347 2157 50
4347 3417 38
4347 3753 64
291 4046 8
291 3183 48
291 2902 64
291 2325 63
4046 947 16
4046 4130 46
4046 3036 42
4046 2821 6
4164 4953 39
4164 365 93
4164 1047 52
4164 2917 8
4953 1855 97
4953 2607 54
4953 2113 93
4953 415 38
587 2647 24
587 4047 85
587 890 2
587 3518 22
587 3066 60
2647 2146 2
2647 348 77
2647 2562 78
2647 2260 26
246 4798 99
246 4304 70
246 2678 3
246 811 88
246 4068 29
4798 3823 57
4798 2389 64
4798 1891 41
4798 2723 91
712 1824 63
712 2565 83
712 4795 14
712 1403 78
712 3963 66
1824 480 28
1824 3138 97
1824 4305 3
1824 4278 100
1586 2617 82
1586 596 26
1586 3977 80
1586 2127 67
1586 3873 63
2617 651 31
2617 2591 89
2617 314 98
2617 3499 94
779 2817 33
779 3182 39
779 3895 17
779 1118 73
2817 1350 85
2817 1954 12
2817 1133 98
2817 2460 20
2618 3767 90
2618 2672 4
2618 923 10
2618 4840 13
2618 3843 56
3767 3687 26
3767 1499 77
3767 3507 2
3767 3286 52
654 836 44
654 1011 75
654 1104 91
654 641 22
654 4609 2
836 4679 80
836 4672 58
836 1074 66
836 4956 74
1583 3551 53
1583 1934 10
1583 4613 64
1583 1235 69
1583 1837 84
3551 4954 59
3551 627 89
3551 4584 87
3551 775 56
1077 3679 66
1077 4096 64
1077 1845 9
1077 1620 5
1077 2072 9
3679 681 80
3679 3326 92
3679 1415 74
3679 3653 10
423 4875 41
423 3201 85
423 2077 12
423 4313 100
423 4491 45
4875 3533 14
4875 3446 93
4875 807 75
4875 3913 69
1344 4437 16
1344 2897 85
1344 456 84
1344 4634 60
1344 483 41
4437 4106 46
4437 2252 10
4437 4776 9
4437 4054 87
2686 3083 67
2686 4659 8
2686 2927 88
2686 906 33
2686 3480 52
3083 2452 18
3083 4770 59
3083 201 64
3083 4754 77
234 1189 55
234 2330 52
234 1080 86
234 4207 37
1189 4249 51
1189 2709 80
1189 3448 1
1189 1272 90
1691 4252 56
1691 2457 25
1691 1292 9
1691 3014 51
1691 4195 75
4252 4467 92
4252 583 8
4252 1312 45
4252 517 8
3945 4212 15
3945 1009 48
3945 2201 13
3945 4799 61
3945 2150 28
4212 2309 43
4212 338 77
4212 2537 48
4212 815 23
1677 2102 62
1677 2469 72
1677 4382 100
1677 3605 36
1677 597 83
2102 4394 49
2102 3509 20
2102 758 77
2102 521 25
1049 4748 39
1049 2272 34
1049 2635 22
1049 2575 78
1049 4174 71
4748 2950 56
4748 1761 17
4748 2106 8
106 4121 2
106 4061 68
106 1513 97
106 3544 62
4121 2424 3
4121 4239 90
4121 2235 79
4121 1129 83
3351 3473 78
3351 1834 100
3351 1827 98
3351 1870 16
3473 2351 28
3473 2358 98
3473 725 58
3473 4036 73
235 4006 77
235 1211 13
235 2919 51
235 4829 30
235 2174 97
4006 507 31
4006 1751 22
4006 3980 58
4006 2946 15
2294 2744 90
2294 3156 40
2294 145 2
2294 2581 3
2294 2982 49
2744 4827 14
2744 3246 52
2744 1531 71
2744 3339 5
1036 1059 58
1036 3858 22
1036 3907 81
1036 1318 93
1036 1913 78
1059 89 99
1059 3028 1
1059 2038 89
1059 2124 98
293 1503 35
293 95 38
293 4234 87
293 4845 1
293 692 41
1503 3130 14
1503 4623 3
1503 4419 75
1503 1953 56
1466 2858 94
1466 2216 41
1466 3681 19
1466 3610 21
1466 1808 97
2858 984 73
2858 534 77
2858 1991 51
2858 3188 100
31 3718 46
31 787 92
31 330 70
31 21 7
31 318 19
3718 3535 33
3718 4223 12
3718 4033 37
3718 2189 56
1838 3898 59
1838 3845 49
1838 4045 60
1838 1020 40
1838 4266 66
3898 3790 11
3898 2469 99
3898 771 10
1234 2700 51
1234 4704 29
1234 1431 18
1234 2737 8
1234 2970 86
2700 332 73
2700 3852 28
2700 3328 2
2700 4739 32
1072 4624 100
1072 425 16
1072 4362 9
1072 2496 51
4624 1979 92
4624 159 7
4624 1958 27
4624 4857 58
1681 822 1
1681 4859 84
1681 2015 70
1681 3869 49
2500 4017 89
2500 4923 57
2500 3074 37
2500 3217 18
2500 2375 70
4017 3199 90
4017 100 99
4017 207 91
4605 2787 32
4605 3922 14
4605 1736 73
4605 3565 19
884 4573 50
884 3008 81
884 276 36
884 1884 86
884 2726 47
4573 4370 82
4573 1572 13
4573 1340 96
4573 1335 92
4513 2790 88
4513 1215 72
4513 4547 41
4513 3210 18
1915 4266 39
1915 4619 74
1915 11 62
1915 1782 5
1915 2111 81
4266 992 89
4266 1614 49
4266 1547 23
2524 4310 74
2524 673 56
2524 799 3
2524 3219 87
4310 4444 68
4310 66 87
4310 1209 56
4310 1627 67
1970 2741 100
1970 471 37
1970 2456 50
1970 746 71
1970 3175 90
2741 3737 5
2741 1158 13
2741 518 32
480 3931 90
480 2939 82
480 1112 9
480 4690 83
3931 4285 25
3931 1222 56
3931 3947 85
3931 3075 87
2969 3943 91
2969 2248 34
2969 1998 55
2969 553 26
2969 238 59
3943 2518 94
3943 4522 1
3943 1096 43
3943 2876 29
287 1321 90
287 3148 85
287 735 50
287 620 71
287 284 27
1321 1415 66
1321 2532 76
1321 584 44
1321 4649 93
2365 4731 43
2365 2546 96
2365 30 32
2365 260 33
2365 2400 59
4731 3722 99
4731 2786 34
4731 848 3
4731 1117 80
2769 3360 61
2769 424 46
2769 795 37
2769 4792 51
3360 252 56
3360 3958 70
3360 4922 31
3360 327 77
1663 2654 77
1663 1390 31
1663 2164 84
1663 1945 5
687 4409 43
687 2504 65
687 2735 60
687 4465 32
687 2016 5
4409 3232 73
4409 2840 81
4409 525 35
1105 4168 1
1105 4333 38
1105 2131 100
1105 1693 94
1105 2138 48
4168 2865 57
4168 4919 16
4168 244 79
4168 1220 47
1671 2859 26
1671 3950 5
1671 805 18
1671 2216 69
1671 3680 96
2859 2717 93
2859 97 86
2859 3089 29
2859 1836 96
1034 4453 26
1034 2832 28
1034 2944 96
1034 3069 91
1034 3248 41
4453 2854 42
4453 4391 67
4453 995 24
4453 4821 46
2875 4015 58
2875 84 44
2875 3448 57
2875 3810 97
2875 1602 28
4015 406 72
4015 4317 8
4015 135 19
4015 3431 94
2706 4243 36
2706 2484 60
2706 3162 77
2706 3783 7
2706 1026 53
4243 1734 50
4243 2409 10
4243 2171 8
4243 4499 57
870 4759 9
870 2144 81
870 2266 31
870 2490 22
870 3860 67
4759 751 88
4759 4240 87
4759 600 1
4759 920 19
2240 2276 25
2240 2628 74
2240 4889 58
2240 4086 28
3006 3946 15
3006 2597 80
3006 3694 83
3006 1023 19
3006 4432 44
3946 3896 98
3946 2228 7
3946 4432 96
3946 788 82
1165 1940 95
1165 3034 62
1165 1017 35
1165 705 27
1165 3498 95
1940 3981 38
1940 4256 28
1940 4610 28
1940 3675 22
2144 4210 20
2144 639 1
2144 942 71
2144 3244 96
4210 357 58
4210 781 81
4210 2608 70
4210 841 5
36 4304 69
36 1402 54
36 1012 27
36 1742 46
36 1665 44
4304 3023 97
4304 54 75
4304 4334 86
2569 3450 9
2569 3425 51
2569 619 2
2569 3151 75
2569 3998 70
3450 2720 87
3450 603 4
3450 4153 5
3450 84 85
24 803 20
24 4322 49
24 3372 19
24 2180 69
24 500 63
803 4157 32
803 4687 43
803 2128 72
803 2189 6
1183 1649 7
1183 4832 45
1183 3476 36
1183 1964 57
1622 3438 7
1622 496 7
1622 2114 22
1622 4027 54
434 2364 77
434 2920 67
434 3311 96
434 3682 30
434 1944 91
2364 1220 88
2364 2267 81
2364 1139 89
2364 2292 92
1119 2238 50
1119 2352 34
1119 1232 22
1119 1608 1
1119 3154 8
2238 832 14
2238 4493 21
2238 2442 73
3546 4341 55
3546 1163 1
3546 3506 77
3546 3667 84
4341 3383 92
4341 3183 37
4341 2049 93
4341 1485 15
1825 2400 24
1825 1572 75
1825 1353 44
1825 3907 61
1825 1506 92
2400 232 66
2400 855 44
3683 4346 62
3683 1430 25
3683 96 7
3683 1212 44
3683 1068 19
4346 3039 70
4346 3783 89
4346 2485 19
4346 2409 29
505 1786 97
505 829 95
505 1192 87
505 2412 78
505 3518 40
1786 2533 60
1786 717 2
1786 4150 68
1420 4566 79
1420 2001 2
1420 3415 63
1420 1631 64
1420 2290 28
4566 603 78
4566 3013 83
4566 1418 58
4566 302 56
816 3368 54
816 1981 82
816 4183 10
816 4288 43
3368 1117 36
3368 2230 83
3368 2411 30
3368 3587 22
138 3780 60
138 2724 15
138 2105 14
1210 3524 96
1210 3019 2
1210 3692 73
1210 2636 6
1210 4957 80
3524 2650 96
3524 1191 9
3524 2457 47
0 2782 72
0 516 9
0 3696 80
0 677 29
0 4203 86
2782 4404 95
2782 4565 39
2782 2955 99
2782 576 100
4444 2651 51
4444 2967 100
4444 3861 78
4444 4088 62
3297 4539 13
3297 3483 3
3297 3218 6
3297 2289 84
3297 723 38
4539 4221 21
4539 4660 31
4539 2402 67
4539 4451 55
1834 963 45
1834 4559 7
1834 4620 47
1834 4049 50
2913 3381 57
2913 3050 39
2913 3956 58
2913 3210 99
2913 3079 78
3381 3581 91
3381 257 74
3381 2396 41
3381 644 45
1070 2955 41
1070 4692 67
1070 2306 52
1070 4410 8
1070 1365 79
2955 1064 1
2955 3104 22
2955 919 98
3033 4429 78
3033 2357 87
3033 2534 7
3033 4396 45
3033 2033 27
4429 2761 87
4429 3338 37
4429 4782 27
4429 759 24
2021 3214 7
2021 4115 81
2021 1689 70
2021 1600 55
2021 4055 91
3214 4886 83
3214 1514 36
3214 726 62
2237 3512 44
2237 682 26
2237 543 58
2237 1071 52
3512 3338 74
3512 2710 15
3512 3 89
3512 2864 49
3462 3825 19
3462 723 78
3462 2627 50
3825 2317 13
3825 3604 70
3825 220 5
3825 2843 80
3026 4426 38
3026 3349 79
3026 2367 99
3026 1065 18
3026 5 53
4426 1012 56
4426 2020 25
4426 1435 51
4426 3723 58
2871 4552 85
2871 3265 99
2871 2570 71
2871 89 16
2871 1480 92
4552 724 15
4552 514 33
4552 2215 2
3232 4531 79
3232 3518 79
3232 549 21
3232 4351 18
4531 1481 72
4531 4559 61
4531 2793 86
4531 2491 21
1546 1608 41
1546 791 65
1546 93 86
1546 2375 100
1546 4402 63
1608 4597 18
1608 1303 93
1608 2125 12
226 4707 100
226 1797 71
226 1977 18
226 3998 13
226 1385 33
4707 50 53
4707 4880 54
4707 2818 99
4707 3497 90
4533 4637 25
4533 2044 32
4533 4737 28
4533 3399 66
4533 4950 13
4637 1843 97
4637 3212 31
4637 3789 4
4637 3506 54
1713 1785 69
1713 4980 90
1713 927 16
1713 4831 91
1713 488 26
1785 3603 23
1785 3972 36
1785 2854 60
1785 4817 16
3285 3374 2
3285 3055 4
3285 3507 87
3285 1016 95
3285 1689 22
3374 1403 8
3374 3719 62
3374 2873 46
3374 2354 24
2438 4670 60
2438 1373 84
2438 2386 35
2438 1716 3
2438 1232 91
4670 1438 27
4670 4642 16
4670 2533 87
4670 2675 49
2691 4850 25
2691 1851 1
2691 1275 50
2691 3623 97
2691 4175 79
4850 768 5
4850 3024 47
4850 3595 89
855 3188 15
855 780 77
855 3213 51
855 245 6
3188 3322 24
3188 2742 33
239 4905 70
239 3706 80
239 3502 96
239 4780 14
239 702 9
4905 1174 1
4905 4743 26
4905 2455 57
4905 1916 50
1352 3994 47
1352 4718 35
1352 2989 36
1352 3144 18
3994 950 77
3994 4814 68
3994 778 50
3994 3660 42
1703 4746 75
1703 1011 23
1703 4337 46
1703 1932 53
1703 3210 14
4746 2363 47
4746 1846 38
4746 1819 54
4746 2594 31
3094 3755 39
3094 690 50
3094 614 19
3094 430 25
3530 4602 17
3530 3930 6
3530 3598 47
3530 1679 19
3530 2631 78
4602 704 73
4602 3959 17
4602 4259 83
4602 3964 6
450 924 5
450 1599 31
450 972 99
450 591 30
924 3791 46
924 3096 16
924 4532 38
924 1813 52
1188 2839 95
1188 476 20
1188 2739 46
1188 1544 73
2839 854 50
2839 4153 75
2839 2105 65
2839 4541 45
3832 4940 11
3832 4364 28
3832 4963 42
3832 4030 37
3832 1633 65
4940 4974 38
4940 3799 98
4940 3565 23
4940 2583 25
845 3897 52
845 745 96
845 2801 43
845 2429 83
845 349 36
3897 3272 96
3897 4053 81
3897 4899 81
3897 2188 74
4280 4807 68
4280 3611 50
4280 4342 41
4280 4634 81
4280 3082 82
4807 2271 26
4807 2259 50
4807 2323 35
4807 3919 10
350 3137 64
350 3127 56
350 2869 43
350 3986 73
350 4998 80
3137 2805 64
3137 2123 94
3137 4701 81
3137 3269 60
283 3147 72
283 154 70
283 2409 83
283 4265 48
3147 2668 35
3147 1994 93
3147 1288 4
3147 4060 25
1429 4362 96
1429 1080 81
1429 3077 89
1429 4994 86
1429 1400 41
4362 1287 21
4362 1092 34
4362 3940 2
930 1497 59
930 1403 85
930 49 14
930 3758 20
930 259 19
1497 2217 38
1497 4442 12
1497 4103 95
1497 4207 43
1081 3127 78
1081 1257 12
1081 682 12
1081 2419 10
1081 634 70
3127 3236 53
3127 4267 46
3127 4083 17
2392 2460 40
2392 3976 33
2392 570 34
2392 241 99
2392 1521 18
2460 4012 58
2460 10 62
2460 3919 54
769 4289 7
769 3989 38
769 163 5
769 4942 58
769 1718 39
4289 1564 95
4289 3377 44
4289 3436 42
4289 2906 44
1674 2180 34
1674 1863 43
1674 2540 98
1674 2348 54
1674 2829 24
2180 2704 3
2180 3198 33
316 4721 34
316 3166 40
316 1841 16
316 373 12
316 4180 71
4721 1969 51
4721 3042 48
4721 1295 23
4721 2961 43
519 879 73
519 126 68
519 2820 31
519 2932 62
519 3783 20
879 4868 43
879 4000 16
879 2002 2
879 4276 87
4317 1093 54
4317 4546 4
4317 3582 2
98 4269 33
98 3395 80
98 3570 74
98 4973 75
98 4692 88
4269 1413 22
4269 4363 4
4269 2457 5
4269 3484 81
4014 4543 22
4014 1858 86
4014 1642 46
4014 4753 34
4014 3282 83
4543 4216 59
4543 516 4
4543 3062 73
4543 248 10
1144 2136 27
1144 4034 52
1144 996 79
1144 490 16
2136 2970 96
2136 1348 84
2136 1738 48
757 1690 20
757 3317 15
757 4485 100
757 670 30
757 1040 51
1690 2718 52
1690 2435 90
1690 610 43
1690 229 37
1820 2419 60
1820 4363 22
1820 511 7
1820 1631 63
1820 3465 34
2419 2800 80
2419 508 26
2419 3397 95
963 4010 72
963 2597 45
963 3867 79
963 2124 91
4010 1259 87
4010 1366 29
4010 3844 46
4010 1716 27
108 1281 22
108 843 68
108 2316 34
108 3545 28
108 2764 44
1281 2253 57
1281 3471 54
1281 2538 86
1281 2017 93
2983 3049 92
2983 2596 85
2983 159 98
2983 2313 95
2983 1319 57
3049 502 96
3049 546 85
3049 1299 45
3049 1595 61
560 2085 20
560 1040 59
560 2889 20
560 3047 89
560 23 56
2085 4024 47
2085 1397 27
3268 4201 37
3268 814 50
3268 4365 15
3268 4248 17
3268 2794 53
4201 3485 32
4201 2121 20
4201 4763 75
4201 4270 21
4974 1605 83
4974 3642 64
4974 4862 65
4974 3728 50
1523 4118 77
1523 2642 88
1523 109 71
1523 3191 36
4118 4316 20
4118 3218 67
4118 3290 60
4118 822 18
4348 4833 19
4348 377 43
4348 3218 37
4348 3321 89
4348 2897 93
4833 4645 16
4833 4667 89
4833 1204 28
4833 67 4
2288 3921 77
2288 2192 33
2288 4826 38
2288 4622 35
2288 4817 82
3921 3038 100
3921 1593 26
3921 754 80
3921 657 22
1163 4540 71
1163 3046 45
1163 7 19
1163 981 94
588 3086 82
588 463 92
588 67 6
588 2060 89
588 993 16
3086 1870 30
3086 119 46
3086 4902 48
3086 4541 5
3074 4601 55
3074 3152 8
3074 159 6
3074 3211 71
4601 404 79
4601 1484 32
4601 1626 51
4601 2846 19
1035 2314 21
1035 1446 49
1035 3 15
1035 2732 91
1035 25 78
2314 3937 47
2314 4185 42
2314 3929 82
2314 3168 85
1908 1626 26
1908 976 81
1908 4109 64
1908 3925 55
3684 4035 95
3684 1126 24
3684 355 72
3684 1981 85
4035 1582 16
4035 101 24
4035 3635 83
4035 1004 89
1170 1455 50
1170 2804 92
1170 3853 43
1170 3171 65
1170 19 44
1455 2044 92
1455 1482 50
1455 4358 18
1455 851 68
3766 4828 92
3766 1643 48
3766 1415 68
3766 2370 89
3766 279 78
4828 1060 7
4828 3680 73
277 2259 17
277 4263 1
277 4740 2
1648 4234 11
1648 468 26
1648 3989 10
1648 762 35
1648 2109 11
4234 1723 9
4234 3207 53
4234 2282 30
3807 4600 21
3807 4419 68
3807 1062 11
3807 940 78
3807 2252 98
4600 4679 12
4600 4613 76
4600 1247 94
4600 2452 36
4528 4885 92
4528 3603 54
4528 4978 24
4528 2692 95
4528 3982 5
4885 1967 37
4885 1246 90
4885 1755 47
4885 585 58
3067 4332 36
3067 4099 51
3067 1026 16
3067 2857 2
3067 4454 61
4332 2488 82
4332 405 60
4332 2860 8
2482 3413 72
2482 2761 9
2482 41 7
2482 4767 100
2482 2483 59
3413 4579 41
3413 395 37
3413 225 94
3413 2003 48
288 4487 33
288 1306 38
288 384 65
288 3641 34
4487 3908 58
4487 1326 85
4487 4467 53
4487 4952 29
695 3562 42
695 545 39
695 2679 72
695 3532 26
695 2463 15
3562 1283 81
3562 3862 98
3562 2914 2
3562 2336 28
2264 3685 38
2264 2772 18
2264 3143 15
2264 500 53
2264 3954 52
3685 642 70
3685 2519 42
3685 4697 43
3685 4756 85
1397 1619 99
1397 2903 38
1397 1727 94
1397 3555 64
1619 1589 15
1619 276 30
1619 1359 50
1619 3736 33
2854 1877 25
2854 77 17
82 3335 92
82 2784 1
82 473 73
82 3246 12
82 320 77
3335 2198 89
3335 2677 41
3335 2377 6
3335 3593 67
2052 4997 89
2052 3133 66
2052 2870 72
2052 4589 54
2052 2550 21
4997 2254 49
4997 2459 66
4997 610 35
4997 2749 87
794 1097 13
794 3331 58
794 2886 90
1097 2080 49
1097 1833 94
1097 3918 62
381 3631 92
381 4991 89
381 1830 57
381 4476 23
381 3985 46
3631 1148 9
3631 412 41
3631 2305 70
3631 3182 50
1200 4488 17
1200 3121 59
1200 1389 15
1200 4741 36
4488 898 76
4488 249 55
4488 4086 52
4488 3459 9
1131 1914 41
1131 2256 79
1131 4125 11
1131 2850 96
1131 77 87
1914 2201 47
1914 3989 42
1914 4514 16
1914 3588 86
1062 2043 35
1062 2612 34
1062 333 66
1062 4977 70
2043 3949 24
2043 4067 23
2043 4614 96
2043 2300 98
962 4845 83
962 4988 12
962 3996 71
962 4308 47
962 3482 44
4845 2029 18
4845 3564 25
4845 3568 9
463 3212 52
463 3169 89
463 751 34
3212 1918 87
3212 1309 31
3212 2846 6
2851 4155 12
2851 1111 3
2851 3643 16
2851 2657 95
2851 2116 28
4155 1919 15
4155 3834 53
4155 2879 3
4155 4208 50
754 1698 85
754 2788 43
754 2219 73
754 299 62
1698 2519 47
1698 1426 74
1698 2759 82
1423 1793 44
1423 2600 95
1423 1886 14
1423 633 98
1423 279 58
1793 732 33
1793 3977 84
1793 1472 65
1793 466 15
497 581 28
497 351 85
497 3657 32
497 4530 3
497 1996 10
581 4477 66
581 3849 5
581 2920 62
581 3324 46
4578 4598 15
4578 4719 18
4578 3123 85
4578 929 88
4578 2230 88
4598 2164 88
4598 585 50
4598 3625 50
4598 2611 74
1362 1783 32
1362 726 11
1362 3818 90
1362 635 51
1362 1359 82
1783 2292 46
1783 382 80
1783 4729 90
4698 4929 97
4698 3909 68
4698 1208 52
4698 2218 88
4698 4411 31
4929 1597 38
4929 3624 12
4929 2214 75
4929 2203 15
3406 2216 80
3406 770 2
3406 4468 51
3406 586 31
4729 4767 2
4729 4417 73
4729 3544 41
4729 526 36
4767 2865 26
4767 3659 100
4767 1107 26
3614 4851 99
3614 4965 6
3614 526 64
3614 4937 33
3614 4435 18
4851 951 88
4851 3497 16
4851 1543 45
4851 4699 82
1948 3075 92
1948 1516 9
1948 3509 80
1948 781 61
3075 4345 42
3075 3418 21
3075 1986 55
1979 2425 4
1979 311 43
1979 520 71
2425 4724 43
2425 367 44
2425 699 38
1605 2443 24
1605 2556 36
1605 1040 17
1605 3190 79
2443 27 67
2443 2959 62
2443 2176 37
2443 1538 60
861 4389 58
861 2899 39
861 1951 100
861 4773 13
861 2731 23
4389 2166 54
4389 3371 50
4389 892 82
4389 625 24
1243 3259 75
1243 4595 87
1243 2987 20
1243 2781 36
1243 1100 82
3259 1573 20
3259 3441 3
3259 3024 9
3259 4899 91
1630 3668 85
1630 4340 78
1630 3879 30
1630 1521 26
1630 710 8
3668 3712 82
3668 3602 58
3668 331 70
3668 4057 72
1642 2739 45
1642 2552 95
1642 1759 55
1642 1632 5
2739 1448 23
2739 3201 87
2739 747 43
3978 4495 72
3978 4800 91
3978 3823 42
3978 3111 85
3978 2973 20
4495 3398 26
4495 67 7
4495 4250 82
4495 4627 94
34 3156 17
34 4935 87
34 663 92
34 655 57
3156 2327 18
3156 2919 54
1481 3316 16
1481 1763 49
1481 3392 97
1481 1329 83
3316 1194 16
3316 3618 28
3316 1305 85
3316 1151 34
4719 83 71
4719 4697 47
4719 2306 33
4719 1697 60
271 4560 17
271 297 15
271 1585 61
271 3229 80
271 3712 85
4560 263 96
4560 2626 56
4560 4263 5
4560 2818 2
1121 4730 69
1121 659 2
1121 1112 51
1121 2220 58
1121 3426 44
4730 4876 50
4730 449 90
4730 775 85
4730 4435 7
722 820 40
722 177 74
722 403 92
722 2135 25
722 3711 1
820 2997 11
820 721 48
820 1262 19
820 2163 22
1312 4032 93
1312 1616 27
1312 1791 70
1312 4245 2
4032 1506 98
4032 851 39
4032 3274 41
4032 1052 67
2463 3642 36
2463 4334 51
2463 3522 66
2463 4078 53
3642 146 83
3642 2475 13
3642 4687 96
787 3164 66
787 1221 37
787 4258 21
787 3040 14
3164 241 16
3164 1791 52
3164 3288 1
3164 4378 45
618 2160 22
618 3430 18
618 2863 95
618 3846 30
618 1485 45
2160 4657 87
2160 1458 46
2160 2195 45
2160 149 61
2197 2476 24
2197 173 31
2197 1896 16
2197 54 54
2197 3657 45
2476 3563 33
2476 971 93
2476 2949 85
2476 323 90
3561 4557 31
3561 530 5
3561 1443 65
3561 1367 78
4557 3941 16
4557 4020 96
4557 110 65
4557 4002 18
2257 2490 61
2257 2676 36
2257 917 66
2257 451 38
2257 4571 60
2490 3902 55
2490 1787 88
2490 3262 52
433 4329 40
433 1109 11
433 1573 62
433 783 29
433 1898 100
4329 3952 61
4329 3595 60
4329 702 61
4329 810 76
4502 4882 37
4502 2408 48
4502 3665 99
4502 2670 21
4502 4716 31
4882 4235 39
4882 1413 24
4882 2011 52
4882 4803 98
1556 1625 61
1556 129 13
1556 1924 99
1556 1846 97
1556 506 78
1625 1453 58
1625 1222 51
1625 871 12
642 305 59
642 2081 32
642 2666 52
642 2219 77
2488 3591 21
2488 955 27
2488 2890 67
2488 896 93
3591 4943 95
3591 3192 64
3591 2475 23
3591 4443 17
2424 3835 80
2424 1306 50
2424 1811 73
2424 4699 17
3835 766 83
3835 1389 50
3835 1343 16
3835 2845 30
1730 4141 19
1730 904 68
1730 1715 64
1730 2390 63
1730 2081 11
4141 3782 81
4141 1514 34
4141 2655 62
4141 2040 63
4899 4932 51
4899 4960 4
4932 842 35
4932 4076 11
4932 3184 53
4932 1827 62
911 3846 13
911 4553 25
911 3239 5
911 605 99
911 3710 8
3846 2435 76
3846 3302 96
3846 314 78
2734 8 57
2734 3542 29
2734 3963 44
2734 768 81
1117 1699 42
1117 4575 37
1117 4522 61
1699 3528 23
1699 4783 38
1699 3733 10
3073 3463 25
3073 595 65
3073 606 56
3073 4665 79
3073 4604 68
3463 3911 33
3463 1876 91
3463 3079 15
3463 4126 93
2696 3476 91
2696 2417 81
2696 4680 95
2696 4479 90
2696 1995 66
3476 872 56
3476 2038 73
3476 4768 86
1646 2723 4
1646 2912 24
1646 597 74
1646 2254 95
2723 354 17
2723 2717 67
2723 1106 84
2028 2788 17
2028 3930 81
2028 107 64
2028 2821 77
2028 1410 50
2788 3366 80
2788 3352 36
2788 290 48
3162 4703 22
3162 3740 21
3162 954 95
4703 546 39
4703 3595 64
4703 1750 99
4703 807 83
479 2122 54
479 874 99
479 3015 34
479 1810 53
479 4335 66
2122 2719 14
2122 3498 33
2122 2624 68
2122 1538 71
1267 3629 96
1267 643 5
1267 2449 35
1267 2825 1
3629 3294 57
3629 2418 87
3629 1038 45
1826 3327 84
1826 871 69
1826 2349 15
1826 2665 49
3327 192 6
3327 3003 81
3327 1422 70
3327 4567 30
558 954 100
558 4132 55
558 3942 6
558 837 91
558 2922 52
954 4129 8
954 2350 55
954 3955 96
301 1298 86
301 4199 7
301 3572 88
301 1884 16
301 320 37
1298 4001 87
1298 1570 53
1298 3613 96
1298 2132 38
2362 3307 44
2362 3580 75
2362 321 10
2362 2834 17
3307 2193 1
3307 1636 67
3307 4640 44
3307 4440 82
2772 4223 73
2772 3664 62
2772 2803 76
2772 2816 91
3847 3988 56
3847 14 15
3847 3282 38
3847 3969 45
3847 3304 73
3988 4512 41
3988 431 67
3988 1728 29
3988 1895 68
1649 1956 10
1649 4787 20
1649 148 17
1649 721 40
3548 4860 29
3548 3564 57
3548 2132 3
3548 3572 16
3548 262 62
4860 1196 8
4860 839 27
4860 3068 100
4860 3120 53
3018 3877 6
3018 3936 24
3018 4259 40
3018 2007 75
3018 3421 91
3877 3585 12
3877 488 45
3877 253 56
3877 2462 36
1946 3136 18
1946 2965 26
1946 926 23
1946 4814 63
1946 2948 87
3136 2338 79
3136 4415 16
3136 260 99
3136 550 69
743 1350 47
743 3927 77
743 2822 84
743 1643 51
743 2420 13
1350 4563 4
1350 4620 5
2140 3379 22
2140 1514 61
2140 4330 88
2140 3813 84
2140 4072 80
3379 1737 56
3379 2577 39
3379 2863 18
3379 4604 79
4277 4511 41
4277 2142 77
4277 173 31
4277 1112 68
4277 4137 72
4511 449 89
4511 1020 50
4511 1042 82
500 3349 98
500 1907 22
500 3245 93
3349 3875 87
3349 3200 94
3349 4246 48
2408 2901 67
2408 1773 36
2408 4320 76
2901 3177 50
2901 1870 70
2901 2147 21
2901 2559 83
1967 2790 51
1967 1082 17
1967 171 19
1967 207 59
1250 4335 38
1250 2711 78
1250 4939 84
1250 4378 25
1250 3058 70
4335 3005 28
4335 2167 67
4335 4576 96
314 2664 11
314 4956 76
314 1628 10
2664 1047 87
2664 3911 93
2664 3422 17
2664 1722 61
3839 4514 33
3839 4744 3
3839 4111 65
3839 1944 7
3839 2017 61
4514 3922 51
4514 621 59
4514 2452 21
4512 410 81
4512 1537 5
4512 2496 70
420 2831 28
420 2932 8
420 1379 80
420 1174 41
420 1246 80
2831 3532 48
2831 513 14
2831 2945 69
2831 2755 93
3293 4755 93
3293 1653 9
3293 1734 36
3293 1840 50
3293 727 62
4755 2135 13
4755 2451 100
4755 2182 52
4755 198 28
738 2174 42
738 2218 16
738 1527 88
738 959 100
738 691 71
2174 2181 20
2174 3058 42
215 2133 82
215 4913 32
215 2062 21
215 713 59
215 1613 19
2133 3377 19
2133 3854 74
2133 1151 94
2133 4821 96
447 3459 79
447 2802 73
447 2062 23
447 1985 69
3459 4106 6
3459 292 87
3459 1155 43
60 4245 88
60 767 42
60 2066 25
60 700 6
60 2260 92
4245 3111 17
4245 3352 13
4245 1345 32
784 4276 41
784 3176 13
784 2318 36
784 3433 74
784 2992 94
4276 1478 60
4276 4216 8
624 4058 49
624 458 54
624 4742 68
624 3389 41
624 3802 29
4058 865 99
4058 692 39
4058 2427 13
4058 1977 78
1095 3643 52
1095 4947 5
1095 154 51
1095 4968 6
1095 729 5
3643 2403 91
3643 2339 84
3643 3440 74
647 2995 13
647 4774 52
647 1109 95
647 224 37
647 4479 87
2995 4887 72
2995 3342 53
2995 2327 66
2995 3553 99
3883 4971 67
3883 4434 51
3883 2763 44
3883 4007 61
3883 809 76
4971 3204 45
4971 1494 91
4971 1858 81
4971 358 91
1430 2172 15
1430 3645 91
1430 1801 93
1430 4636 15
2172 719 38
2172 2226 89
2172 4055 46
2172 1808 45
1555 2352 98
1555 837 43
1555 1896 74
1555 2894 100
1555 3705 89
2352 1939 16
2352 1172 60
2352 3754 18
4316 3991 47
4316 2014 9
4316 2623 53
4316 1768 12
228 796 32
228 2823 38
228 1876 33
228 1054 26
228 297 68
796 4691 9
796 2217 99
796 4680 82
796 4267 23
4892 4733 33
4892 2971 46
4892 2221 13
4892 396 75
2731 3712 99
2731 2486 28
2731 95 9
2731 361 26
3712 4723 61
3712 3426 8
267 724 16
267 3809 57
267 1186 18
267 1069 99
267 1324 9
724 4261 89
724 4458 54
724 2818 39
3636 3818 54
3636 101 72
3636 3859 39
3636 1314 51
3636 516 23
3818 3823 40
3818 68 70
518 2292 69
518 1227 88
518 1813 86
2292 3320 17
2292 1990 8
2729 2848 87
2729 83 10
2729 513 23
2729 2103 26
2729 493 66
2848 3089 100
2848 1410 76
2848 4048 100
2848 389 99
126 3820 35
126 2279 19
126 2119 86
3190 3997 13
3190 4771 64
3190 3860 8
3190 4937 68
3997 2649 21
3997 1656 75
3997 2031 32
3997 3715 79
1064 2236 41
1064 1909 61
1064 689 55
1064 2795 63
2236 162 41
2236 3393 95
2236 1329 4
2236 3003 97
3032 4054 4
3032 141 89
3032 589 46
3032 1858 5
3032 1591 96
4054 1678 8
4054 4761 41
4054 4994 10
3845 4157 60
3845 985 11
3845 4909 69
3845 805 94
2939 989 40
2939 1934 90
2939 2421 71
2939 2994 33
210 3078 62
210 1525 41
210 3983 28
210 149 58
210 562 17
3078 4662 75
3078 284 63
3078 2467 61
3078 160 69
356 2378 92
356 3649 3
356 4634 79
356 2027 14
356 2282 26
2378 4901 96
2378 1148 69
2378 3792 90
2378 1401 79
559 1017 5
559 4581 12
559 860 53
559 2584 11
559 839 68
1017 462 76
1017 2650 25
1017 2564 17
4048 4930 81
4048 4483 62
4048 4718 46
4048 96 12
4930 972 18
4930 819 22
4930 520 33
4930 2645 5
1873 3802 96
1873 4685 81
1873 4874 28
1873 1487 89
1873 2883 23
3802 1972 61
3802 2896 68
142 1668 100
142 530 68
142 1761 56
142 4583 16
142 2098 69
1668 4251 23
1668 4660 50
1668 2513 35
1668 233 76
1029 2363 60
1029 1856 83
1029 606 89
1029 2598 41
1029 3805 56
2363 4396 3
2363 3332 20
2363 944 28
3427 3765 77
3427 4322 28
3427 4053 89
3427 3505 92
3427 2703 52
3765 456 4
3765 1232 90
3765 545 16
1412 3836 50
1412 1744 15
1412 4313 8
1412 1576 73
3704 4339 5
3704 4689 54
3704 3528 67
3704 1402 6
3704 3389 81
4339 4939 41
4339 2126 46
4339 452 17
1042 1453 45
1042 4107 70
1042 2615 31
1355 3287 78
1355 3229 95
1355 2536 12
1355 3894 99
3287 4286 18
3287 1246 93
3287 840 29
3287 4989 93
3237 3641 51
3237 1858 100
3237 2681 56
3237 4181 66
3237 1734 76
3641 3000 67
3641 3096 67
3641 298 70
2251 3610 41
2251 93 18
2251 786 30
2251 1395 26
2251 2909 79
3610 2956 41
3610 1003 43
3610 550 59
761 4534 23
761 3984 85
761 1787 53
761 4738 57
761 4606 58
4534 1734 75
4534 3334 57
4534 882 27
4534 3717 55
2397 3664 82
2397 4559 18
2397 751 80
2397 3935 30
2397 4221 50
3664 4664 94
3664 2070 99
3664 3757 64
2642 3429 64
2642 923 91
2642 4761 32
2642 843 52
3061 4647 90
3061 2431 24
3061 1782 96
3061 3437 57
3061 1665 25
4647 1459 79
4647 1024 90
4647 3031 2
1581 1829 67
1581 4571 42
1581 4916 35
1581 1428 25
1829 1701 55
1829 1457 16
1829 1728 70
1829 981 35
2685 4067 19
2685 739 43
2685 554 53
2685 3052 100
2685 623 87
4067 2436 74
4067 4146 14
4067 1241 32
1962 2689 66
1962 2823 5
1962 3069 4
1962 121 63
1962 1108 26
2689 1124 35
2689 1390 2
2689 2674 48
2689 3472 49
424 2670 64
424 2293 54
424 4916 92
424 2921 19
2670 1220 13
2670 4619 91
2670 3597 93
2504 2005 82
2504 1401 2
1850 4205 70
1850 992 100
1850 2503 88
1850 3948 42
1850 4887 73
4205 1512 59
4205 4137 57
4205 391 95
4205 145 37
162 2899 91
162 3706 6
162 3609 45
162 817 6
2899 1579 46
2899 3919 5
2899 3389 4
2884 4950 32
2884 3134 68
2884 4858 66
2884 2852 20
2884 2297 73
4950 170 7
4950 1437 93
4689 134 25
4689 3500 61
4689 4529 55
4689 630 13
638 2599 16
638 3072 86
638 4996 36
638 3511 53
638 1452 55
2599 2634 61
2599 4127 70
2599 789 6
53 3666 27
53 580 63
53 2908 55
53 3080 99
53 541 65
3666 1224 4
3666 4273 83
3666 4672 55
304 3019 7
304 333 13
304 2469 25
304 3082 8
304 427 40
3019 4896 38
3019 2654 69
3019 1810 53
4471 4861 77
4471 2742 17
4471 397 16
4471 3437 62
4471 1296 96
4861 3828 35
4861 67 4
4861 2277 97
4861 639 97
984 2151 50
984 2161 51
2609 3219 95
2609 1881 47
2609 3326 80
2609 652 15
372 3648 42
372 132 1
372 2992 25
372 2193 91
372 3906 18
3648 2384 2
3648 2184 21
3648 4867 74
3648 1615 20
3303 4530 85
3303 2020 26
3303 1194 56
3303 2335 40
3303 341 7
4530 2038 61
4530 2290 71
872 916 26
872 3557 97
872 1562 70
872 1317 79
435 3438 100
435 662 75
435 2142 76
435 3494 82
435 380 61
3438 4695 55
3438 2787 59
3438 165 4
20 2442 68
20 4464 84
20 322 75
20 183 76
20 289 89
2442 1817 84
2442 13 20
2442 1348 56
2329 2338 43
2329 1775 13
2329 1482 22
2329 4631 8
2338 1411 71
2338 2570 48
2338 1493 77
3091 4610 47
3091 2539 74
3091 2658 85
3091 1054 82
4610 207 66
4610 3571 69
4610 3011 81
4037 4525 39
4037 2148 64
4037 3180 18
4037 1848 39
4037 3177 76
4525 2543 76
4525 2982 57
4525 2056 14
4525 2346 68
744 1978 2
744 589 89
744 942 94
744 3735 88
744 58 35
1978 4286 87
1978 4356 95
1978 3278 35
1978 4241 26
843 3384 21
843 204 87
1404 4239 57
1404 1938 51
1404 863 16
1404 3957 61
1404 1120 80
4239 3850 72
4239 3240 87
4239 799 53
2212 4907 98
2212 1228 92
2212 343 92
2212 2296 90
2212 1717 58
4907 468 94
4907 110 53
4907 1613 5
4907 1253 40
416 2149 35
416 4790 33
416 3529 100
416 3139 32
416 2455 49
2149 965 66
2149 4728 6
2149 3857 28
2149 2481 33
481 4493 27
481 3772 59
481 4031 16
481 2339 86
481 1971 16
4493 4551 46
4493 1272 82
4493 4275 70
2165 2351 20
2165 2086 50
2165 3296 12
2165 3975 3
2165 3170 81
2351 3588 92
2351 4744 100
2351 4794 14
656 1084 38
656 4030 85
656 3453 7
656 665 16
656 2211 25
1084 2751 66
1084 949 81
1084 2580 20
1067 4065 59
1067 4804 52
1067 1722 12
1067 4308 63
1067 2973 29
4065 3771 55
4065 2187 100
4065 2905 99
4065 3819 10
552 2158 76
552 846 80
552 4103 26
552 1433 71
552 4268 2
2158 859 72
2158 3248 87
2158 4405 87
4656 4690 29
4656 1518 57
4656 756 51
4656 281 21
1040 3410 39
1040 2967 18
3410 1650 31
3410 4771 45
3410 23 89
3410 155 80
2415 4219 83
2415 86 11
2415 737 16
2415 594 36
4219 2533 45
4219 1721 9
4219 640 53
4219 918 64
157 4783 8
157 2616 24
157 2283 55
157 2964 19
157 1846 85
4783 4468 84
4783 3582 90
4783 2912 30
597 2840 100
597 2098 10
597 4532 20
2840 1343 72
2840 2073 59
2840 4380 26
227 3795 7
227 3489 38
227 3639 87
227 247 95
227 3029 12
3795 4296 18
3795 2048 30
3795 1881 72
3795 1573 40
1813 2579 16
1813 2630 65
1813 4398 6
2579 1900 8
2579 2129 6
2579 4016 12
2579 4695 31
220 4839 48
220 3730 15
220 4030 29
220 3051 88
4839 4431 54
4839 3158 43
4839 658 53
4839 265 72
717 3659 35
717 2359 41
717 1872 42
3659 4574 98
3659 2184 26
3659 3022 81
4636 4682 65
4636 4987 75
4636 947 51
4636 4822 19
4682 4122 54
4682 1026 16
4682 4883 84
4682 408 71
682 4604 60
682 4275 81
682 1558 92
4604 3130 5
4604 2286 98
2342 3862 28
2342 371 20
2342 3217 25
2342 1162 80
2342 3372 33
3862 1489 18
3862 1740 24
3862 4961 25
733 4835 100
733 652 58
733 2277 94
733 1043 78
733 3207 57
4835 99 54
4835 3969 69
4835 3622 29
236 353 32
236 1376 8
236 800 15
236 4204 30
236 3618 62
353 1156 7
353 3968 59
353 532 66
353 750 52
2303 3116 60
2303 2372 96
2303 4582 67
2303 1585 66
2303 1192 90
3116 993 33
3116 4733 75
3116 1637 48
3116 4693 27
1472 2959 91
1472 310 5
1472 3990 84
1472 766 89
2959 2124 9
2959 1198 21
2959 151 2
2823 4628 33
2823 330 39
2823 4101 1
2777 4433 100
2777 204 60
2777 1598 83
2777 4657 61
2777 3030 60
4433 1152 21
4433 2868 69
4433 2981 21
4433 3056 16
4093 4110 91
4093 352 90
4093 4962 81
4093 1728 85
4110 1652 58
4110 1231 94
4110 359 94
4110 1741 94
666 2566 84
666 3615 47
666 2730 72
666 1464 24
666 2749 98
2566 1287 59
2566 1333 91
2566 3257 60
2566 4497 36
2541 3485 70
2541 943 52
2541 1001 14
2541 2474 3
951 2638 15
951 4415 6
951 1463 60
1739 2485 91
1739 2607 38
1739 542 43
1739 4355 29
1739 2437 60
2485 1099 65
2485 3404 83
2485 1868 3
4232 4942 43
4232 1974 91
4232 4135 71
4232 46 33
4942 1815 44
4942 2139 81
4942 1372 58
923 3885 68
923 1282 20
3885 1176 26
3885 4407 38
3885 3425 4
3885 3134 6
1613 3837 39
1613 2692 39
1613 1057 64
3837 2503 43
3837 3788 72
3837 1319 73
3837 2538 41
2552 4200 91
2552 1478 56
2552 970 89
2552 3601 95
3912 3563 58
3912 1227 32
3912 1115 67
3912 140 55
2894 4725 59
2894 4151 94
2894 1470 5
2894 2520 61
4725 1208 49
4725 2635 85
4725 2661 50
2013 2761 62
2013 3904 78
2013 3144 91
2013 1338 45
2013 2213 40
2761 4708 6
2761 422 2
4540 346 91
4540 1311 81
4540 4293 14
96 1632 44
96 3490 2
96 670 30
1632 3497 43
1632 2810 22
3133 4741 97
3133 4397 75
3133 4469 62
3133 135 75
4741 4750 16
4741 1578 61
4741 2330 60
543 2846 5
543 4148 41
543 2051 45
543 3449 92
2846 580 40
2846 2966 43
808 4312 14
808 2407 67
808 3337 40
808 3248 25
808 3113 97
4312 1476 41
4312 4538 80
4312 2602 64
4312 2008 99
1302 3423 41
1302 4442 40
1302 3173 63
1302 3670 16
3423 444 64
3423 2680 16
3423 2284 20
3423 1878 4
4163 2862 77
4163 1847 71
4163 4785 79
4163 944 23
268 426 98
268 2572 35
268 2252 74
268 4642 43
268 2591 69
426 1228 36
426 1007 49
426 4142 76
3896 3098 65
3896 770 36
2248 3301 46
2248 1789 2
2248 4237 82
2248 1833 43
3301 4286 74
3301 412 66
3301 953 65
1754 2766 13
1754 464 75
1754 3356 15
1754 3644 2
1754 2716 32
2766 4122 27
2766 4111 51
2766 3253 85
2766 4481 45
869 1326 83
869 4284 47
869 3983 60
1326 2895 19
1326 2614 25
1326 1999 92
2627 3334 84
2627 4352 72
2627 4965 63
2627 309 55
3334 4468 18
3334 1596 58
3955 3122 28
3955 996 86
3955 1467 27
211 3275 16
211 136 83
211 115 68
211 4606 17
211 4363 56
3275 3202 27
3275 1831 51
3275 3992 85
3275 643 42
1923 2952 47
1923 4710 93
1923 3772 61
1923 4255 49
1923 156 31
2952 1146 22
2952 844 80
2952 2177 70
2952 762 84
1398 2313 19
1398 2862 95
1398 3486 18
1398 4561 94
1398 1723 45
2313 1454 12
2313 2907 49
554 3385 18
554 4336 45
554 1868 46
554 685 32
3385 3265 25
3385 1607 19
3385 2693 44
3385 2467 82
4673 1140 48
4673 3037 66
4673 569 6
3638 1607 28
3638 4938 65
3638 2797 53
3638 3576 70
2396 4569 93
2396 529 59
2396 3046 52
2396 1867 26
4569 4738 22
4569 457 3
4569 851 100
4569 4776 29
806 3606 31
806 1938 17
806 945 81
806 2535 22
806 1184 98
3606 2056 86
3606 760 13
3606 352 57
3606 1912 52
259 2979 22
259 1469 5
259 4406 96
259 693 23
2979 4380 67
2979 2977 10
2979 2304 21
2900 3577 93
2900 4397 76
2900 815 69
2900 1107 32
2900 2681 28
3577 3388 10
3577 1771 72
3577 1750 19
3577 1386 77
1272 2847 75
1272 3126 55
1272 3347 67
2847 1424 84
2847 4143 80
2847 1146 78
1473 4823 48
1473 3556 62
1473 3118 63
1473 2011 59
1473 4291 7
4823 2559 56
4823 3953 98
4823 2444 67
1015 2962 60
1015 2577 45
1015 4612 94
1015 1929 55
1015 1922 80
2962 4179 100
2962 2674 51
2962 4404 23
2962 999 35
4664 4878 73
4664 919 30
4664 4477 74
4664 573 64
4878 339 36
4878 2171 35
4878 1935 40
4878 4518 56
2986 4785 80
2986 3715 17
2986 3635 33
2986 4119 2
4785 3697 47
4785 4588 83
4785 3184 66
1216 2457 72
1216 707 69
1216 1396 91
1216 3714 6
1216 1143 52
2457 4886 92
2112 3763 26
2112 501 35
2112 1796 100
2112 4431 22
2112 3876 99
3763 3125 22
3763 1894 75
3763 2892 44
3763 2722 90
1797 2666 46
1797 1847 2
300 2687 97
300 3600 57
300 1376 73
300 3043 62
300 2771 34
2687 3311 28
2687 198 17
2687 3489 62
3108 3233 54
3108 4952 25
3108 1447 92
3108 3588 29
3233 4650 60
3233 2166 6
3233 4652 47
3233 577 56
914 2092 27
914 183 28
914 4370 48
914 345 28
914 1801 1
2092 3594 29
2092 317 45
2092 32 49
2092 4649 31
2311 2660 48
2311 3144 96
2311 1982 44
2311 3900 73
2311 1499 18
2660 906 50
2660 3181 76
2660 3182 33
2660 186 89
4509 3228 4
4509 2652 8
4509 2035 1
4509 1169 70
1937 1961 85
1937 3775 29
1937 2243 58
1937 1773 33
1937 2948 7
1961 875 34
1961 256 84
1961 3386 16
1961 3117 42
223 3635 39
223 2281 92
223 2582 49
223 47 39
223 2186 16
3635 1247 95
3635 4075 92
1052 2965 40
1052 1724 51
1052 2919 37
2965 1706 6
2965 1277 85
665 2290 21
665 1474 73
665 2389 89
665 120 59
2290 332 81
3984 630 7
3984 3196 24
3984 3039 45
3984 110 87
4223 131 6
4223 2810 9
1543 3202 9
1543 1590 87
1543 3277 80
3202 3533 97
3202 1658 59
3202 3578 69
1082 2615 44
1082 319 86
1082 1778 99
1082 4646 86
2615 2682 26
2615 991 83
2615 909 67
4434 1436 48
4434 1896 57
4434 1593 43
4434 4157 58
2799 4585 94
2799 1611 19
2799 3716 25
2799 3698 94
2799 1683 32
4585 3596 98
4585 1847 32
4585 664 5
2239 3171 1
2239 1621 64
2239 72 21
2239 917 59
2239 2893 52
3171 2776 16
3171 387 89
3171 3227 53
2886 4739 86
2886 4096 71
2886 4222 66
4739 3042 9
603 2890 62
603 360 10
603 486 93
4106 3801 70
4106 1634 68
4106 4626 24
1697 4608 57
1697 56 18
1697 1848 52
1697 1030 33
4608 2709 96
4608 470 28
4608 960 98
4608 1732 68
2025 4410 15
2025 362 99
2025 850 23
2025 2162 76
4410 2794 75
4410 3384 54
4410 4150 56
4814 4943 99
4814 2778 91
4814 4364 54
4943 1803 56
4943 1729 11
4943 608 98
1464 1862 99
1464 2845 29
1464 1868 78
1464 1120 22
1862 1433 5
1862 3963 66
1862 3149 83
1862 214 64
285 2190 62
285 3518 35
285 2531 87
285 2713 100
285 2262 37
2190 3580 95
2190 3387 75
2190 1623 93
2190 906 53
567 4740 68
567 148 76
567 164 12
123 2357 69
123 885 98
123 2422 35
123 2358 67
123 2341 63
2357 4857 82
2357 1804 83
727 828 61
727 247 80
727 2713 91
2382 4418 4
2382 1219 25
2382 2345 21
2382 4373 73
2382 3603 64
4418 51 34
4418 160 6
4418 3122 83
4418 4373 4
4345 2416 11
4345 1669 28
4345 167 12
1220 1073 92
1220 4805 57
1647 3969 94
1647 1197 14
1647 174 14
1647 3362 69
1647 615 82
3969 928 46
4148 4411 3
4148 3203 4
4148 3148 8
4148 2603 55
650 2059 67
650 3779 50
650 2474 47
650 4425 30
650 2007 17
2059 4086 24
2059 2975 95
2059 2048 12
2059 1021 18
333 2877 15
333 4476 2
333 4973 55
2877 1246 8
2877 3620 94
2877 179 35
2877 3525 31
1088 3453 66
1088 2678 64
1088 908 38
1088 4146 55
1088 1738 52
3453 506 5
3453 4843 32
3453 2064 30
919 2429 30
919 37 9
864 2742 64
864 3617 34
864 4574 65
864 3633 18
2742 457 30
2742 1855 13
1332 4079 73
1332 847 56
1332 2807 42
1332 1802 49
4079 1839 56
4079 3866 9
4079 4073 56
4079 627 55
2137 3015 78
2137 1645 70
2137 3326 85
2137 2224 15
2137 4465 34
3015 2655 15
3015 4615 10
3015 122 54
494 3468 94
494 3502 66
494 2074 45
494 59 80
494 3099 47
3468 3819 36
3468 3175 55
3468 683 97
1156 1867 9
1156 391 32
1156 4237 43
1156 4846 23
1867 3905 48
1867 2655 22
1867 737 16
2173 818 63
2173 674 54
2173 1806 85
2173 795 36
3043 4285 36
3043 1859 40
3043 2928 84
3043 2095 64
4285 3514 76
4285 1721 32
4285 1655 34
2093 4665 70
2093 4639 45
2093 1370 54
2093 3085 52
2093 1359 15
4665 1152 56
4665 646 24
4665 3669 23
2719 3407 4
2719 4451 66
2719 983 17
2719 2781 26
3407 2818 33
3407 1477 58
3407 1592 32
3407 2927 11
3772 4165 33
3772 61 58
3772 4306 31
4165 331 51
4165 3386 72
4165 1704 52
4165 1484 79
1650 2146 56
1650 3104 85
1650 2169 15
1650 3455 72
2146 243 98
2146 1448 80
2146 1615 92
3644 4515 55
3644 3589 40
3644 873 51
192 1073 92
192 62 48
192 55 84
192 2110 61
1073 2594 52
1073 3889 100
1073 2591 37
2466 4129 88
2466 3430 49
2466 1857 66
2466 3717 5
4129 1141 27
4129 2401 11
4129 556 6
4023 4213 72
4023 2432 15
4023 195 40
4023 4597 43
2383 4360 54
2383 4797 4
2383 707 46
2383 3724 83
2383 3213 42
4360 1354 82
4360 2141 47
4360 694 19
399 1780 5
399 1779 35
399 3105 97
399 2850 62
399 305 30
1780 4589 46
1780 1336 69
1780 351 29
1780 160 11
3485 2084 100
3485 3141 33
3353 3400 79
3353 2388 55
3353 3810 71
3353 4357 98
3353 908 99
3400 3874 55
3400 4357 71
3400 1652 90
3400 3907 52
4887 1956 88
4887 1563 63
4887 1374 68
2747 3590 53
2747 2272 22
2747 3799 12
2747 4532 97
3590 4334 91
3590 1204 5
3590 2786 8
3590 3478 69
2224 3549 41
2224 948 29
2224 193 35
2224 4055 37
3549 2005 35
3549 3363 95
3549 2951 82
3549 4446 22
18 627 7
18 1662 6
18 1721 21
18 2560 14
18 508 18
627 4582 52
627 1621 11
948 2296 74
948 217 51
948 2014 92
948 2127 19
4515 1818 57
4515 1652 11
4515 2161 34
4515 4250 15
810 4734 64
810 4117 51
810 3305 53
810 1875 64
4734 2537 77
4734 4732 36
4734 4111 81
4734 4303 64
3828 4831 72
3828 1623 71
3828 3416 91
3828 2980 92
345 4405 34
345 2712 73
345 850 75
345 1096 2
4405 3572 62
4405 43 6
3958 4153 23
3958 726 62
3958 2645 14
4153 515 15
4153 1256 13
1174 3735 60
1174 390 30
1174 128 80
3735 3615 80
3735 946 13
3735 1732 15
4804 1607 94
4804 4053 47
4804 4596 45
4804 2373 75
3144 785 42
3144 2916 61
256 1852 45
256 346 80
256 1136 57
1852 295 52
1852 3408 10
1852 2420 35
1852 821 51
555 4400 35
555 801 6
555 1414 97
555 483 61
555 2369 69
4400 4523 54
4400 4176 94
4400 4151 23
4400 1969 3
3429 2933 63
3429 4803 73
3429 4096 16
3429 632 57
402 1906 30
402 895 71
402 3960 38
402 999 84
1906 4668 57
1906 2943 57
1906 3554 64
1906 4270 2
4039 4104 38
4039 1692 97
4039 496 23
4039 1436 94
3124 4866 42
3124 4938 94
3124 1616 66
3124 3650 41
3124 2285 8
4866 3088 49
4866 2207 52
4866 1108 46
4866 4836 15
4691 2506 48
4691 3123 12
4691 250 94
4691 308 56
2912 440 21
2912 1842 97
2912 4898 42
1006 4272 55
1006 370 61
1006 2461 43
1006 789 17
1006 2996 70
4272 1380 60
4272 2813 25
4272 1731 30
3176 152 57
3176 29 52
3176 2716 95
3176 964 84
38 848 76
38 4607 32
38 3991 68
38 3347 83
38 4268 60
848 4615 33
848 564 51
848 2958 10
831 2699 44
831 1955 75
831 2210 51
831 1990 21
2699 4510 51
2699 685 14
2699 2181 81
2699 804 55
817 4750 24
817 730 19
817 4413 94
817 3557 30
4750 1217 83
4750 4138 75
4750 2115 92
2933 4251 60
2933 1511 16
2933 4786 61
2933 2662 60
4251 4383 7
4251 641 6
4251 1233 47
2446 4658 79
2446 417 90
2446 997 35
2446 144 38
2446 4796 68
4658 3093 10
4658 2291 94
4658 4709 75
4658 2985 24
1778 3970 73
1778 2538 7
1778 3142 66
1778 47 26
3970 3875 20
3970 2584 35
3970 4309 40
3970 1207 12
1181 3751 4
1181 537 16
1181 3295 89
1181 1731 29
1181 45 91
3751 4271 61
3751 3258 62
3751 1276 86
3751 3160 68
3182 3318 69
3182 4766 57
347 556 87
347 1524 42
347 4646 48
347 2345 65
347 1236 25
556 3419 36
556 4091 83
556 3529 25
577 1735 40
577 1747 28
577 2771 73
577 3612 94
1735 3987 56
1735 4906 7
1735 2935 20
1735 3791 23
670 3949 46
670 4491 66
670 3380 86
3949 3211 89
3949 4831 50
3949 1578 14
2507 4264 38
2507 30 44
2507 944 55
2507 4692 28
2507 4520 49
4264 3625 36
4264 4547 80
4264 2754 22
4264 2481 18
657 4653 87
657 1494 95
657 1141 100
4653 1007 81
4653 2349 86
4653 3597 30
4653 4813 32
1197 4109 31
1197 2126 6
1197 2109 38
1197 3080 84
4109 2479 86
4109 4706 53
4109 3764 51
120 3253 73
120 1823 87
120 2883 57
120 3487 17
3253 4326 49
3253 2722 53
3253 2254 98
939 1370 82
939 1977 42
939 3939 81
939 3318 38
939 12 35
1370 2042 36
1370 1301 2
1370 1551 87
2453 3506 61
2453 3132 43
2453 830 64
2453 2643 22
2453 1821 38
3506 112 72
3506 2077 36
3265 539 68
3265 4893 24
1792 2040 8
1792 4687 63
1792 3356 51
1792 3160 48
2040 3339 82
2040 326 57
2040 763 61
2888 4895 48
2888 633 12
2888 2094 94
2888 4718 13
2888 3246 19
4895 4257 100
4895 3480 45
4895 3625 87
4895 1061 91
972 664 34
972 4209 58
972 2990 37
3527 4064 66
3527 4236 67
3527 1557 27
3527 2514 18
3527 2911 17
4064 1567 24
4064 1769 75
4064 3340 43
4064 1283 44
442 2486 80
442 171 25
442 1258 68
442 3435 75
442 3965 15
2486 3975 62
2486 899 30
4411 2948 32
4411 1247 53
4411 3967 26
328 312 65
328 1130 53
328 4617 94
328 4837 13
531 1023 10
531 1870 47
531 4760 50
531 2413 24
531 4977 25
1023 2809 9
1023 4537 1
1023 659 91
2828 3797 42
2828 1679 2
2828 3753 1
2828 846 85
3797 1787 82
3797 2395 68
3797 37 62
3797 1840 72
641 1383 46
641 2954 100
1383 3053 4
1383 633 96
1383 1291 37
1383 4922 38
262 2784 21
262 146 87
262 1771 12
2784 681 40
2784 4898 96
2784 2750 11
986 4047 87
986 4215 15
986 578 5
986 926 86
986 1954 45
4047 1176 89
4047 59 81
4047 74 45
580 3359 89
580 4278 44
580 3392 93
3359 5 54
3359 432 4
3359 2327 67
3359 305 37
996 4469 100
996 4068 84
996 3025 47
4469 3618 12
4469 2584 100
4469 3012 33
3424 4353 73
3424 592 94
3424 189 62
3424 2125 47
3424 1568 76
4353 628 88
4353 2561 75
4353 3680 95
2061 2349 6
2061 16 87
2061 455 17
2061 1008 47
2349 4334 67
2349 508 96
3322 2076 77
3322 3126 64
3322 2562 77
2219 3460 61
2219 4354 6
2219 1449 61
3460 61 57
3460 3090 5
3460 375 77
173 2217 54
173 2418 34
173 3260 46
2217 1343 21
2217 2385 10
2616 4328 90
2616 1130 38
2616 4295 2
2616 881 5
4328 3159 60
4328 1806 94
4328 4995 84
4328 2234 41
4111 4236 63
4111 4001 3
4236 4284 49
4236 839 68
4236 2535 88
379 2322 10
379 3241 80
379 1127 80
379 3084 65
379 4616 84
2322 2553 97
2322 4218 83
2322 1534 38
2322 4621 29
1146 1297 91
1146 382 67
626 4643 16
626 1438 10
626 1919 46
626 486 11
4643 1718 23
4643 5 70
4643 3401 39
4643 205 31
1113 4761 30
1113 2163 21
1113 714 41
1113 4382 11
1113 3852 21
4761 2889 98
4761 2540 1
1292 2023 92
1292 753 41
1292 4526 30
1292 4057 95
2023 2298 76
2023 2348 63
2023 2407 59
2023 3387 72
2126 2451 27
2126 3493 28
2126 2031 26
2451 1564 32
2451 616 2
2451 501 27
2649 3687 76
2649 2868 58
2649 360 71
2649 365 21
3687 2036 29
3687 3595 63
3687 3511 91
445 4073 41
445 4688 52
445 2585 66
445 4241 38
4073 2653 81
4073 4561 15
4073 3742 100
3194 3487 26
3194 452 64
3194 708 46
3194 148 99
3194 1389 5
3487 4853 9
3487 4629 46
1432 1628 51
1432 2789 24
1432 1871 8
1432 3329 88
955 4589 78
955 838 71
955 3935 76
955 2448 50
4589 2938 83
4589 84 51
1421 3830 98
1421 2344 9
1421 133 63
1421 4095 49
1421 4385 65
3830 977 1
3830 4085 94
3830 1285 8
3830 1395 83
3289 4249 48
3289 70 92
3289 867 70
3289 4268 14
3289 3249 18
4249 765 22
4249 1774 34
4249 485 36
3533 1886 95
3533 4177 63
2487 4564 98
2487 2087 9
2487 4516 56
2487 414 78
2487 3582 27
4564 156 46
4564 925 14
4564 2961 4
4564 2857 98
1568 4523 88
1568 1377 29
1568 4538 70
1568 1526 90
4523 4206 69
4523 332 55
4523 3185 77
3901 4813 39
3901 1708 83
3901 2427 87
3901 3090 26
3901 3196 54
4813 3576 18
4813 684 14
4813 1596 29
3833 390 29
3833 3477 34
3833 3065 72
3833 4893 34
2325 2516 67
2325 4052 83
2325 1524 70
2325 2154 97
2516 1500 96
2516 4554 21
2516 4659 93
2516 3240 100
3417 4522 92
3417 4966 51
3417 3511 69
819 1723 73
819 2809 87
819 3332 14
819 2707 67
1124 3580 18
1124 4779 48
1124 1319 43
1124 482 54
3580 2717 7
3580 4169 33
2801 4431 57
2801 3205 14
2801 4028 29
2801 1763 40
4431 1963 83
4431 3011 57
1902 3645 53
1902 1591 8
1902 699 57
1902 2373 21
1902 3773 6
3645 2098 86
3645 1483 76
3645 1950 48
528 1748 69
528 1552 79
528 251 100
528 3891 57
528 3145 1
1748 1926 94
1748 2630 89
2600 909 54
2600 1486 35
2600 956 98
2600 2904 60
2135 61 54
2135 1538 36
2135 1366 3
3790 1806 13
3790 4931 47
3790 4645 85
3790 3408 44
4526 4986 5
4526 4965 83
4526 3295 8
4526 3168 16
4986 421 18
4986 2009 66
4986 395 25
4986 4144 9
785 4171 55
785 1424 83
785 4428 1
1310 1905 43
1310 3055 79
1310 2683 12
1310 4550 57
1310 3817 14
1905 1659 85
1905 2783 95
1905 1490 99
1905 2083 91
1012 3843 12
1012 1388 96
1012 1486 89
1831 3068 93
1831 2379 9
1831 472 67
1831 2096 15
3068 188 3
3068 3447 17
3068 2991 94
609 3255 24
609 3434 5
609 3047 36
609 655 5
609 468 81
3255 357 80
3255 2003 71
3255 1887 52
3255 334 34
4322 3669 61
4322 523 78
4322 4706 39
153 2746 22
153 992 67
153 1229 62
153 3811 14
153 4982 58
2746 3483 97
2746 1237 41
2746 3031 90
2746 1018 90
292 3319 6
292 2518 63
292 3239 74
292 1493 63
3319 2812 86
3319 4150 41
3319 1687 10
299 2046 20
299 4180 70
299 185 12
299 2966 40
2046 763 19
2046 2355 16
2046 3041 80
2046 344 65
2207 3813 79
2207 2343 40
2207 3986 16
2207 833 15
3813 4561 95
3813 696 72
3813 1574 59
1777 4000 91
1777 1150 54
1777 3673 24
1777 3586 73
1777 4993 10
4000 4066 78
4000 1552 54
4000 3441 96
3466 4188 37
3466 2114 13
3466 1993 62
3466 4784 96
3466 478 90
4188 4980 64
4188 2792 29
4188 510 21
4188 511 29
534 866 3
534 3697 18
534 2016 92
534 206 73
866 3531 35
866 1206 61
866 2622 6
866 1819 55
4896 133 94
4896 4325 31
4896 715 75
4896 2527 87
1259 1953 72
1259 1766 92
1259 373 63
1259 2968 49
3528 1766 40
3528 1341 92
3048 3153 27
3048 2525 64
3048 3628 58
3048 4551 39
3048 3200 85
3153 4061 6
3153 1306 65
3153 2526 3
3153 3748 93
54 3383 30
54 1887 33
54 1011 54
3383 2004 90
3383 4007 37
3383 1100 34
1883 3874 25
1883 4615 80
1883 3620 56
1883 1784 100
1883 1027 22
3874 630 64
3874 2384 25
3874 4152 20
4607 4215 73
4607 3734 88
4607 1631 82
4607 537 24
1676 4069 19
1676 902 58
1676 916 21
1676 2587 4
4069 1760 93
4069 4642 36
4069 3230 78
4069 3917 10
2340 3066 39
2340 2553 43
2340 3613 74
2340 1782 56
2340 4191 8
3066 2907 56
3066 4581 52
3066 3987 11
1994 4644 13
1994 2573 11
1994 2426 26
1994 1806 51
4644 1894 12
4644 3346 9
4644 3770 73
4644 1559 20
1471 4603 85
1471 2367 17
1471 3012 87
1471 344 39
1471 2008 88
4603 2129 35
4603 4202 25
4603 678 87
4603 2194 47
2565 1413 25
2565 2024 38
2565 1138 11
2565 1211 27
2341 971 49
2341 1999 33
2341 3264 66
1522 1616 69
1522 1318 99
1522 2090 42
1522 2186 9
1616 1114 71
1616 4446 17
4808 4941 89
4808 4662 53
4808 3128 93
4808 1051 38
4808 1030 62
4941 3443 22
4941 3041 94
4941 2956 62
4941 2972 74
1950 3820 77
1950 2132 74
1950 1330 72
3820 4255 97
3820 3418 33
3820 3627 58
3382 2276 42
3382 2235 8
3382 102 2
3382 3010 8
2139 4473 32
2139 4772 44
2139 3216 52
2139 4880 14
4473 3919 97
4473 3405 5
4473 4733 97
4473 4666 25
2624 3993 59
2624 289 98
2624 30 9
2624 1723 29
3993 573 41
3993 1912 98
3993 799 97
3993 551 11
4199 2964 69
4199 419 58
4199 352 100
4199 3745 84
1161 3071 82
1161 35 56
1161 3895 9
1161 2730 82
3071 3831 20
3071 2107 91
3071 3035 4
4913 216 72
4913 4253 57
4913 3732 27
4913 2247 89
1982 2432 29
1982 998 16
1982 1963 30
1982 667 41
294 776 4
294 52 49
294 2495 94
294 2072 31
294 1148 9
776 1861 62
776 1299 8
776 4178 75
776 370 17
889 4369 75
889 3187 4
889 943 63
889 1294 92
889 3339 67
4369 1664 12
4369 2024 80
4369 2555 95
4369 3604 93
987 1228 56
987 1205 29
987 4576 64
987 4185 72
987 3758 99
1228 3502 13
1228 4764 61
3529 1322 13
3529 2917 13
1788 4889 37
1788 3279 2
1788 4371 34
1788 3742 45
1788 3247 38
4889 4260 65
305 1570 39
305 2676 30
1645 2317 22
1645 2048 18
1645 2051 7
1645 3882 13
289 4044 15
289 3412 69
289 2026 44
4044 3689 42
4044 4584 71
4044 2543 84
965 4733 95
965 4152 88
965 3362 47
965 3788 60
4797 671 53
4797 2855 12
4797 4178 14
2976 4337 61
2976 1024 99
2976 2681 50
2976 3545 53
2976 475 98
4337 4704 2
4337 3347 18
4337 4931 89
586 3284 46
586 1353 67
586 3245 54
586 2387 39
3284 4742 35
3284 1347 35
3284 3893 46
849 4152 82
849 2845 55
849 4646 99
849 1054 94
849 1576 3
4152 4626 42
4152 4486 35
2475 2594 9
2475 4375 93
2475 2947 2
2594 4588 19
2594 3305 45
4541 4718 29
4541 2090 35
4541 2583 74
4718 3403 94
4450 4275 95
4450 1993 36
4450 3245 68
4450 1673 92
2432 1791 55
2432 1325 23
2432 488 97
2331 3598 11
2331 856 81
2331 584 18
2331 468 68
2310 3695 27
2310 3567 51
2310 1282 80
3695 3634 24
3695 4259 49
3695 2049 13
3695 2916 1
1102 1336 68
1102 284 41
1102 3938 71
1102 3273 22
1102 1717 67
1336 804 69
1336 918 28
1336 3794 61
1193 3669 42
1193 2864 35
1193 1307 39
1193 4261 51
1193 1219 49
3669 1827 42
3669 281 94
921 3210 37
921 772 68
921 1462 89
921 3927 43
921 196 84
3210 610 68
3848 3973 55
3848 419 11
3848 3338 25
3848 1079 84
3973 1345 53
3973 471 86
3973 4030 77
1112 3744 5
3744 4576 46
3744 1013 26
3744 1020 5
3744 2346 81
1346 1696 71
1346 3815 68
1346 897 46
1346 495 60
1346 4291 85
1696 3357 18
1696 3326 63
1696 2468 81
1696 2942 76
778 4393 10
778 3243 6
778 3104 29
778 991 61
4393 3736 7
4393 4237 90
4393 551 20
4393 3975 28
196 3974 94
196 739 40
196 3822 51
196 790 95
3974 1606 83
3974 1100 37
3974 683 61
3974 2302 41
4947 418 31
4947 2228 79
4947 1475 62
1550 3152 50
1550 4025 93
1550 2526 75
1550 548 34
3152 3282 48
3152 1534 32
3152 2694 95
2978 1876 6
2978 2987 75
2978 4963 48
2978 1711 96
896 4614 57
896 1217 21
896 4330 95
896 2659 28
4614 2942 96
4614 336 8
4614 2321 65
1154 2923 13
1154 2669 14
1154 3017 11
1154 720 98
1154 3421 9
2923 885 75
2923 2522 37
2923 4549 57
2923 3944 56
4157 4230 94
1909 2304 46
1909 4897 21
1909 4927 24
1909 3130 47
2304 2638 33
2304 1074 11
1283 686 47
1283 421 64
1283 2287 15
154 3748 27
154 4403 36
3748 4461 88
3748 4805 21
3748 4862 93
2611 3542 75
2611 4160 52
2611 3817 58
2611 3543 30
3542 2074 91
3542 2305 80
3542 2037 73
1028 2289 100
1028 1894 45
1028 762 34
1028 1489 15
1028 4082 33
2289 535 94
2289 237 12
2289 4708 89
771 2131 46
771 3612 36
771 2284 77
3125 4812 45
3125 2255 87
3125 4235 14
2020 1201 88
2020 4894 26
2020 992 84
5 1733 89
5 1534 81
681 4558 86
681 3504 51
2582 4238 58
2582 1635 35
2582 1614 45
2582 3517 4
4238 1270 56
4238 3245 61
4238 3209 62
4238 4408 48
25 3045 84
25 4408 55
25 1390 82
25 1319 62
3045 321 87
3045 4574 86
3045 3773 33
3045 2302 47
3492 4459 2
3492 2861 83
3492 4198 13
3492 2285 15
3492 1151 12
4459 3181 52
4459 1353 37
4459 3314 56
104 3109 38
104 3250 59
104 1159 31
104 1821 38
104 3719 72
3109 2501 8
3109 2568 69
3109 2941 58
3109 4462 34
1021 4501 39
1021 4352 76
1021 3968 95
1021 668 46
4501 4479 32
4501 4460 19
4501 4050 20
4501 1746 51
2029 662 27
2029 2380 10
2029 1074 27
747 3215 81
747 2097 14
747 4683 98
747 2606 2
3215 1687 64
3215 1596 44
3215 792 70
3215 2260 74
243 1955 100
243 4979 98
243 334 100
243 667 84
1955 1900 64
2087 3249 80
2087 2187 15
2087 4701 46
2087 2273 5
3249 3154 38
3249 1032 63
3249 4228 8
3229 4988 2
3229 2547 5
3229 3948 53
4988 2958 15
4988 4382 80
4988 991 84
3733 4787 6
3733 4897 3
3733 3224 29
3733 4630 21
4787 615 55
4787 3402 1
4787 561 83
1870 3954 68
2407 3197 71
2407 298 9
2407 1655 31
109 191 79
109 4973 54
109 4466 50
191 4903 40
191 1071 31
191 2773 91
465 3236 19
465 3240 10
465 1125 59
465 1050 18
465 2585 5
3236 2572 66
3236 2221 23
3236 193 34
112 3872 64
112 3734 96
112 639 47
112 92 24
3872 198 41
3872 3996 43
3872 2450 45
3872 2200 8
714 4206 97
714 2470 8
714 1662 97
714 2902 69
4206 2890 94
4206 2199 93
1910 2798 98
1910 1541 20
1910 4810 61
1910 3187 64
1910 3749 3
2798 44 80
2798 4961 73
2798 4462 52
2798 3584 8
3581 2636 70
3581 2462 21
3581 2633 20
124 1704 68
124 4466 83
124 513 28
3420 3509 79
3420 2751 67
3420 4298 44
3420 2972 25
3420 3422 31
3509 4293 42
798 938 34
798 1841 53
798 1139 7
798 2602 55
798 3092 48
938 425 31
938 422 41
938 4648 69
938 3343 1
2503 4363 55
2503 2869 88
2503 4171 88
961 2622 16
961 706 56
961 2183 63
961 4877 35
961 1270 52
2622 78 12
2622 4920 41
2622 111 96
2544 3838 42
2544 4097 67
2544 3893 55
2544 4858 36
2544 3298 13
3838 3160 7
3838 2267 4
3838 3617 89
3838 4074 57
3950 73 27
3950 1753 98
3950 1683 72
3950 2714 88
501 790 47
501 2813 55
501 170 27
1874 2323 59
1874 1893 70
1874 1125 32
1874 4917 80
2323 3494 5
2323 3320 46
2323 2291 16
4626 4702 51
4626 4544 86
4626 222 92
107 266 35
107 4176 47
107 2205 99
107 295 3
266 3784 59
266 4794 91
266 346 39
266 1687 16
676 4853 26
676 4663 29
676 4667 6
676 201 19
676 932 93
4853 4881 84
4853 4007 30
4853 940 52
2937 3540 95
2937 1521 54
2937 1411 47
2937 994 12
2937 2803 42
3540 4402 80
3540 2016 75
3540 2255 92
3540 3503 62
3979 4146 1
3979 3279 13
3979 3139 100
3979 4809 98
3979 146 27
4146 201 81
4146 3143 81
388 1942 87
388 1018 27
388 3599 97
388 4546 46
1942 4059 3
1942 4855 95
1942 1719 47
2864 343 18
2864 2885 31
2864 3729 55
97 975 36
97 3396 54
97 3266 56
97 1284 59
975 2141 6
975 1328 83
975 2417 64
975 4876 23
1408 1769 89
1408 783 57
1408 3099 26
1408 3543 27
1408 1985 36
1769 2423 79
1769 115 37
1769 2036 21
482 4987 35
482 2738 68
482 47 59
482 2297 21
4987 3999 98
4987 4683 95
4987 1549 88
530 4506 84
530 2947 42
4506 3759 98
4506 2100 73
4506 2368 46
4506 2283 29
637 4632 39
637 905 34
637 3354 15
637 3844 41
637 2097 41
4632 2557 34
4632 2794 96
4632 78 43
4632 2222 31
2199 2966 37
2199 2697 87
2199 4903 17
17 2709 11
17 2515 57
17 3952 26
17 564 47
17 2404 95
2709 537 59
2709 3752 67
454 1478 55
454 3016 12
454 529 54
454 2115 94
454 634 69
1478 4231 62
3150 3769 64
3150 4762 64
3150 4122 13
3150 4416 22
3150 4357 75
3769 1166 4
3769 330 17
3769 4319 25
3769 3185 88
2471 4596 15
2471 3412 54
2471 968 22
2471 3875 8
1195 3876 76
1195 2807 73
1195 4519 92
1195 2985 3
1195 3711 83
3876 121 34
3876 1311 36
620 4170 65
620 2355 49
620 2306 73
620 3831 50
4170 1800 62
4170 993 87
4170 521 16
4170 373 74
2543 1618 21
2543 1554 16
774 3819 61
774 2450 39
774 2437 92
774 3398 4
774 3657 40
3819 1709 91
3819 4422 29
2518 3017 5
2518 805 56
2518 4407 79
1143 3393 59
1143 1078 26
1143 4007 93
1143 4867 45
3393 1701 32
3393 1238 78
3393 3290 76
4333 1843 23
4333 200 79
4333 1973 9
4333 4587 61
3706 2663 5
3706 888 71
3706 1835 69
3039 4877 41
3039 3198 57
3039 4904 1
4877 132 19
4877 3976 47
4877 2816 82
281 4072 15
281 4842 93
2321 4597 15
2321 3583 51
2321 117 66
2321 1863 7
4597 3920 40
4597 4326 4
912 2477 25
912 3279 24
912 2590 41
912 3550 3
912 4330 16
2477 2567 21
2477 208 2
2477 4084 82
2477 4990 79
1173 4504 53
1173 364 68
1173 4030 80
1173 3910 24
1173 4868 62
4504 311 35
4504 3799 1
4504 280 49
4504 615 53
1185 1589 43
1185 1701 13
1185 50 6
1185 2580 99
1185 2940 79
1589 3592 16
1589 2538 90
1589 3743 91
4799 2076 17
4799 12 3
4799 111 93
2890 2946 88
2890 2925 64
205 4049 2
205 337 59
205 865 30
205 4855 48
4049 3486 78
4049 3300 38
4049 2194 27
673 1148 92
673 1727 59
673 100 41
406 804 85
406 833 33
406 1377 56
406 2857 36
804 2662 38
804 4436 50
3465 3938 37
3465 1270 58
3465 2060 83
3465 1164 97
3938 2232 67
3938 1756 10
3938 3689 45
1247 2557 51
1247 3394 80
2580 3105 3
2045 3386 64
2045 3354 36
2045 4818 58
2045 1861 59
2045 127 61
3386 4496 9
3386 1485 16
1595 2111 27
1595 2455 90
1595 4043 69
915 2115 81
915 1114 21
915 56 36
915 4917 66
915 2693 44
2115 4166 29
2115 3160 24
1118 2703 58
1118 2547 84
1118 340 18
2703 4829 90
2703 2375 32
2703 3318 39
2359 693 66
2359 3924 39
2359 2209 42
2359 3102 74
1037 3761 71
1037 1271 66
1037 1343 68
1037 2999 100
1037 3731 83
3761 4586 6
3761 989 29
3761 957 2
3761 1816 47
1584 4159 4
1584 3967 24
1584 2988 44
1584 1688 1
1584 1180 45
4159 904 52
4159 1463 4
4159 2641 62
4159 4962 22
3017 1265 90
3017 74 37
3017 2623 37
204 3817 88
204 4772 63
204 1083 32
2198 1047 11
2198 4717 65
2198 934 20
2198 2790 15
2807 4611 64
2807 3168 43
2807 1515 53
4611 3478 17
4611 877 7
4611 1878 38
4611 2571 42
773 2705 82
773 68 94
773 1001 100
773 431 29
2705 1167 60
2705 1593 72
2705 4553 74
2705 4293 46
164 3378 66
164 3930 84
164 3243 33
164 4871 81
3378 11 70
3378 768 80
3378 1658 62
3378 1924 45
649 2898 26
649 2324 55
649 3318 62
649 1637 82
649 594 57
2898 891 82
2898 3488 45
2898 1142 74
888 1194 31
888 2430 3
888 436 59
888 4440 72
1194 2332 3
1194 1377 47
3759 4697 97
3759 4263 37
3759 932 21
3759 1206 9
3507 4462 95
3507 2927 22
3745 4113 82
3745 1752 25
3745 3762 67
3745 539 48
4113 1393 89
4113 1975 21
4113 969 73
4113 3178 53
720 2549 91
720 1773 85
720 1809 6
720 1307 16
2549 50 97
2549 2231 66
2549 4829 58
2131 2399 64
2131 2225 12
2131 147 73
4391 3491 29
4391 3223 5
4391 3373 45
4391 1268 96
129 746 11
129 33 87
129 3743 35
2804 4085 4
2804 2708 59
2804 290 24
989 4852 99
989 3762 98
4100 4011 51
4100 2117 67
4100 163 88
4100 4849 96
312 4646 91
312 4408 58
312 1496 50
312 2017 32
4646 2036 90
202 1805 79
202 4200 69
202 2491 17
202 4771 50
1805 464 70
1805 1507 2
1805 4855 79
1805 4973 62
1215 1710 17
1215 2752 97
1215 1634 7
1215 3821 80
1710 2571 32
1710 3564 83
1710 3981 48
1710 473 86
3952 2779 10
3952 4076 73
2909 3962 95
2909 3519 79
2909 166 65
2909 3402 78
3962 1207 84
3962 2571 43
3962 4613 17
3962 3441 36
3201 838 15
3201 339 69
3201 224 53
1137 1790 32
1137 703 82
1137 3555 6
1137 752 84
1137 1935 72
1790 1525 2
1790 432 78
1790 1721 22
1790 1539 81
2229 4203 6
2229 3012 57
2229 2683 72
2229 1758 22
4203 3244 56
4203 2069 44
4203 3902 79
1056 2885 19
1056 3569 85
1056 4052 29
1056 1966 88
1056 4920 55
2885 969 3
2885 1439 75
2885 474 8
4476 2785 87
4476 2651 93
4476 1564 74
546 568 88
546 1279 37
568 3412 43
568 2164 8
568 2905 90
568 2711 76
1277 3756 8
1277 4375 43
1277 3869 90
1277 3717 66
3756 1737 88
3756 1997 46
3756 3579 59
3756 3252 19
3130 2203 4
1597 1262 25
1597 4090 65
1597 4758 97
1597 1928 59
592 1544 6
592 2404 41
592 2945 20
592 3199 8
2574 2925 19
2574 3754 35
2574 2581 4
2574 3630 25
2574 824 37
2925 946 1
2925 3364 44
2925 4716 89
4619 2555 80
4619 3276 10
4619 4545 74
4662 655 55
4662 1162 11
4662 1823 37
11 175 97
11 2526 66
11 4934 57
596 2082 61
596 3192 40
596 1755 60
596 3154 16
2082 4125 11
2082 171 73
2082 2802 61
2082 1145 29
83 84 40
83 1901 88
83 2065 53
250 1983 4
250 2069 53
250 1587 8
3622 4019 6
3622 2806 72
3622 3972 4
3622 1313 82
4019 4763 25
4019 4494 7
4019 685 11
4019 2908 27
148 4844 77
148 2101 46
4844 302 95
4844 2068 74
4844 815 80
4844 2830 95
2333 2984 4
2333 574 98
2333 4737 45
2333 1694 26
2984 1301 94
2984 401 96
2984 320 2
2984 3088 24
516 190 12
516 378 89
315 1574 41
315 1187 40
315 4863 1
315 2631 82
315 4529 42
1574 1576 17
1574 431 16
1574 1890 45
3779 946 65
3779 1450 60
3779 1009 94
3093 700 54
3093 2444 27
3093 4802 49
3093 533 12
1393 3823 82
1393 1125 48
1393 1504 99
3823 144 68
3313 4661 52
3313 1673 5
3313 2793 50
3313 2950 46
3313 4732 38
4661 2309 39
4661 2819 67
4661 2421 57
4661 1830 3
4160 3352 48
4160 2947 49
4160 3814 90
4160 988 80
606 1494 12
606 801 61
606 507 35
1494 251 30
1494 4848 52
2120 2876 77
2120 4327 92
2120 535 36
2120 1759 15
2120 1540 79
2876 4809 12
2876 396 46
2876 2284 88
418 1443 37
418 1293 28
418 2762 81
418 1934 13
1443 600 97
1443 3665 80
1443 3675 42
1844 2941 96
1844 1758 71
1844 4838 96
1844 1936 70
2941 542 37
2941 2567 31
2941 2940 54
2090 2179 24
2090 4939 62
2179 3929 13
2179 2562 98
2179 1127 96
2179 3578 62
4738 2336 26
4738 3904 72
2568 2743 81
2568 3416 88
2568 286 12
2568 533 9
2743 3324 87
2743 721 10
2743 3649 51
2661 4920 85
2661 550 77
2661 3850 54
2661 3660 76
4920 3205 42
572 1092 81
572 3062 90
572 1003 51
572 1474 83
1092 3408 33
1092 3502 9
1092 4454 27
4321 4407 27
4321 2717 69
4321 2060 37
4321 1008 91
4407 4081 66
4407 1765 38
1248 2129 64
1248 1375 46
1248 231 68
1248 427 34
1248 4392 25
2129 4657 12
1506 2653 34
1506 4812 27
1506 2187 29
2653 4481 11
2653 3356 57
2653 1286 45
1031 3592 83
1031 2243 4
1031 73 70
1031 2159 12
3592 4385 17
3592 2850 53
3592 2280 100
1723 2737 49
838 3951 93
838 4120 1
838 3959 68
3951 2285 82
3951 1511 15
3951 2320 22
3951 933 23
2942 4381 13
2942 1079 49
2942 4451 82
4381 850 43
4381 4629 54
4381 3077 80
4381 2204 77
207 3330 29
207 216 19
3330 4522 27
3330 4013 57
3330 3499 89
2735 4690 7
2735 4505 19
2735 2680 15
2735 2692 28
143 1588 73
143 3939 67
143 2509 53
143 3601 13
143 441 89
1588 2936 41
1588 4968 1
1588 4287 50
1588 1440 25
3615 1462 98
3615 2152 34
3615 2645 56
716 3207 3
716 2009 8
716 3034 87
716 617 77
716 4390 17
3207 1264 85
3207 1901 28
844 3887 39
844 128 16
844 4962 39
844 3957 10
3887 2512 38
3887 1526 58
3887 2915 87
3887 4769 54
1718 3158 95
1718 460 99
1718 680 28
89 1364 34
89 4736 34
89 4394 84
2114 2428 17
2114 2725 63
2114 868 91
2428 4745 66
2428 3269 88
2428 4119 87
2428 2305 92
2974 4040 55
2974 4582 73
2974 648 36
2974 1252 4
2974 4496 43
4040 2261 87
4040 4375 18
4040 2391 90
2447 1609 36
2447 2348 83
2447 710 88
2447 1133 64
1547 2317 43
1547 1989 94
1547 2505 43
1547 3057 18
2317 3867 68
2317 3288 71
310 1313 13
310 2483 10
310 636 42
310 477 92
1514 932 84
1514 1470 23
563 1918 85
563 1145 24
563 4021 96
563 4951 28
563 1807 5
1918 4884 40
1918 1728 51
1918 3396 73
1453 4116 4
1453 1307 6
1453 3697 76
4116 2882 53
4116 2143 81
4116 208 66
4116 4011 92
2002 3126 95
2002 2505 21
2002 3103 54
2002 4957 16
3126 1211 79
3126 1590 79
625 3964 1
625 748 31
625 1128 41
625 1554 49
3964 4795 94
3964 2658 76
3964 307 64
661 4414 53
661 4847 90
661 2324 75
661 688 97
2897 2070 8
2897 3953 73
2897 2470 3
244 2286 12
244 2470 85
244 1520 5
244 895 100
2286 2037 61
2286 219 89
2286 396 84
2433 1108 85
2433 1475 79
2433 850 61
2433 4577 75
3697 506 16
3697 2936 46
4020 535 91
4020 1774 34
2308 3583 39
2308 4233 34
2308 2506 87
2308 612 22
2308 3278 76
3583 1863 18
3583 4005 89
3583 1496 26
1974 574 83
1974 1984 46
1974 4416 87
680 2853 94
680 3395 39
680 2005 58
680 1316 7
2853 2896 2
2853 3894 3
2853 3278 63
2853 3260 32
578 4177 7
578 2517 53
371 3266 37
371 4812 32
371 3656 43
371 4562 84
3266 2470 91
3266 2009 80
3266 3717 89
4615 905 10
4397 1308 11
4397 4140 86
4397 4669 96
1365 4124 69
1365 2764 84
1365 2629 73
1365 3199 29
4124 2200 58
4124 4071 28
4124 4237 79
2232 4300 77
2232 1297 14
2232 1972 19
2232 1732 30
3099 3789 13
3099 4208 54
3099 3637 18
3789 1287 9
3789 2220 9
3789 2116 43
2072 4474 76
2072 4458 8
2072 1623 36
4474 3554 76
4474 3380 57
4474 1127 9
4474 3903 29
119 1244 29
119 835 69
119 1251 34
119 1372 46
1244 2511 45
1244 1123 12
1244 2829 22
1244 2738 37
1741 2654 11
1741 1593 69
1741 4788 58
1741 809 49
2654 3392 15
2654 4256 29
3159 2834 9
3159 3431 18
3159 1467 45
3159 4414 78
786 3257 35
786 4097 71
1353 1633 2
1353 608 50
1575 2887 51
1575 1760 67
1575 3849 28
1575 2805 67
2887 3688 22
2887 3369 51
2887 2117 95
2887 968 40
3199 4666 44
3199 174 25
4666 2036 36
4666 4864 59
4666 1357 25
3603 4490 61
3603 3241 64
4490 491 23
4490 4686 6
4490 1761 11
4490 4094 76
1621 4723 76
1621 579 62
1621 4556 71
4723 3054 18
4723 2203 46
833 1755 42
833 43 21
833 403 86
1755 3605 98
1755 4385 12
3902 4786 10
3902 2805 2
3902 860 51
4786 2152 82
4786 935 17
4786 573 51
2825 3930 9
2825 75 95
2825 4874 57
2825 2402 81
3930 1325 85
4025 2175 81
4025 1996 73
4025 3714 71
4025 4520 53
1665 2780 10
1665 3281 63
1665 3980 65
2780 504 89
2780 2335 88
2780 3310 63
2780 3471 84
282 3867 12
282 1253 75
282 2277 1
282 1715 12
282 672 48
3867 2018 58
3867 3696 72
662 3110 40
662 513 98
443 2738 91
443 822 89
443 121 39
443 4802 31
443 1582 58
2738 1502 53
2738 1207 44
1627 2030 88
1627 952 66
1627 4575 45
1627 4820 65
2030 4938 92
2030 4599 17
2030 3594 82
176 4380 65
176 1369 44
176 4349 66
176 4085 74
176 4140 87
4380 800 41
4380 103 92
4221 4990 71
4221 3665 53
4221 830 36
1136 2961 36
1136 2270 1
1136 2548 5
1136 4390 56
2961 2762 36
2961 1135 88
859 646 95
859 446 83
859 4214 71
2044 4194 100
2044 4917 85
2044 1531 89
640 4743 7
640 3309 12
640 2550 48
640 1609 30
4743 3942 48
4743 1120 80
4743 3139 47
1111 2379 49
1111 4985 68
1111 4309 28
2379 1731 88
2379 3402 44
2379 2920 38
2456 1406 1
2456 1847 51
1563 562 38
1563 3681 88
1563 842 70
4151 2763 70
4151 201 70
387 1224 4
387 2395 21
387 1327 88
3634 1279 21
3634 1373 24
3634 2633 12
3403 3799 25
3403 940 67
3403 4350 62
3799 4801 39
2551 2765 38
2551 1610 84
2551 376 13
2551 2855 23
2765 3198 77
2765 507 3
2765 590 37
2765 3677 15
684 1753 69
684 4694 33
684 3740 22
684 1089 35
1753 4819 16
1753 936 100
1753 1814 5
763 486 40
763 583 18
763 1758 94
4973 1046 93
1964 2968 88
1964 2659 11
1964 326 15
1964 455 49
2968 3725 98
2968 1666 58
2968 2167 56
802 3960 70
802 28 8
802 3871 37
802 892 99
3960 440 81
3960 2227 100
3960 4811 29
3209 1005 61
3209 517 54
3209 2512 84
260 3411 18
260 988 87
260 4374 62
3411 1314 56
3411 931 58
3411 1406 20
3411 3419 27
93 141 45
93 3224 15
93 2068 48
2997 3525 100
2997 2039 62
2997 4840 30
2997 1604 35
3525 147 65
3525 4886 61
3525 3312 74
311 3871 98
311 594 73
311 69 12
3871 1275 91
3871 824 16
3871 1132 78
2663 4174 51
2663 248 100
2663 1744 100
2663 3440 31
4174 4364 48
4174 2007 5
4174 3903 92
3132 1359 96
3132 4592 31
3132 2674 27
3132 4667 80
2241 4939 94
2241 4998 84
2241 2145 77
2241 4302 89
2241 2422 8
4939 3515 30
3227 3987 90
3227 4224 18
3227 4021 42
3227 3699 37
3987 1740 33
3987 3366 71
1592 2278 98
1592 295 71
1592 4500 2
1592 2111 93
2278 2915 70
2278 3451 91
2278 2646 41
2278 2593 55
2640 4944 86
2640 1240 24
2640 4281 17
2640 2108 17
2640 3337 27
4944 4701 85
4944 2208 41
4944 793 67
1251 1985 92
1251 3225 65
1251 3029 64
1251 1500 75
1985 4365 1
1985 3276 58
1664 2530 29
1664 579 61
1664 2066 43
1664 2300 27
537 3521 93
537 3494 64
1872 2332 4
1872 4003 23
1872 3070 98
1872 2078 78
2332 3339 35
2332 3519 7
2332 1842 51
1557 3260 15
1557 2932 70
1557 2235 11
1557 2781 25
3260 3808 65
533 1476 66
533 2393 15
533 2157 76
1476 117 69
1476 1327 59
1476 1377 84
3678 3859 16
3678 4659 91
3678 4043 83
3678 4260 49
3678 3617 38
3859 854 30
3859 1274 9
3859 3226 87
4788 1463 60
4788 731 31
4788 4455 75
846 1707 25
846 1935 52
846 2513 80
1707 410 84
1707 3777 51
1707 3031 85
1837 1853 98
1837 4686 99
1837 928 79
1837 2787 42
1853 3192 79
1853 4965 61
1853 532 2
1853 429 37
2614 4928 88
2614 4075 6
2614 3151 51
2614 3633 77
4928 2972 51
4928 2598 100
4928 2715 65
4928 3573 3
1535 4669 67
1535 1048 33
1535 4336 70
1535 2319 12
4669 1303 9
4669 1187 75
4669 3927 55
94 1779 49
94 4063 61
94 3810 96
94 2005 6
94 2867 90
1779 3361 14
1779 2612 32
1779 4186 90
1897 3035 81
1897 2532 100
1897 2712 71
1897 1367 95
1897 309 41
3035 2245 79
3035 4951 5
3035 613 56
2201 3941 81
2201 3696 72
2201 3709 41
3941 1959 42
3941 2730 51
3941 1057 59
2449 3777 80
2449 3149 6
2449 1508 43
3777 3010 80
3777 840 51
3777 3545 61
1508 1799 56
1508 1369 41
1508 1265 69
1799 4712 16
1799 15 46
704 2806 26
704 2860 48
704 3891 66
48 4063 66
48 2797 54
48 2163 69
48 2732 74
48 1055 62
4063 1996 43
4063 3812 96
4063 2108 50
1911 4367 25
1911 1492 98
1911 2128 99
1911 111 62
1911 4949 63
4367 1360 14
4367 1814 1
4367 2760 1
4367 2242 36
1599 357 70
1599 3768 98
1599 2585 23
1599 1907 28
548 2134 43
548 4727 92
548 1628 90
548 3971 78
2134 4924 34
2134 1155 53
1048 4672 54
1048 2067 79
1048 2586 85
1048 3630 12
4672 3149 14
4672 1275 86
2762 1993 50
2762 3600 98
2762 2151 20
2071 4770 37
2071 1803 30
2071 4678 65
2071 9 82
2071 1889 27
4770 251 59
4770 4359 55
4770 2076 23
1474 4551 29
1474 4596 40
1474 1231 53
4551 3623 33
4551 2797 94
469 3009 84
469 3690 4
469 4976 33
469 1866 52
469 166 88
3009 2715 22
3009 253 55
3009 739 14
3009 4134 1
1611 361 1
1611 307 78
1611 33 67
1611 1076 1
1303 1880 60
1303 4131 29
1303 3880 30
1138 2121 99
1138 3 68
1138 1899 22
1138 2754 50
2121 2826 15
2121 675 63
2121 3408 86
4147 275 38
4147 4446 49
4147 4981 19
4147 4066 19
3991 322 36
3991 2505 50
3991 4273 95
1196 2062 26
1196 1925 85
1196 3117 1
1196 4975 22
2062 4957 12
2062 181 89
633 1139 1
633 1983 82
2675 4655 70
2675 3599 33
2675 2026 10
2675 4447 96
4655 343 86
4655 2001 10
4655 797 100
4299 3811 85
4299 2162 64
4299 415 63
4299 4529 28
4596 2163 36
4596 4817 10
322 488 5
322 2650 77
322 3105 96
488 631 34
1462 2861 52
1462 3230 27
1462 1832 29
146 4935 52
146 3065 8
361 1736 12
361 2613 17
361 4198 96
491 674 85
491 3983 45
491 1863 57
491 514 82
674 4452 20
674 4923 11
674 4349 62
4576 4270 53
4576 2191 3
351 2128 51
351 1973 16
351 2713 2
2128 3055 24
4284 118 61
4284 1932 21
4284 2003 58
1175 1306 70
1175 4318 21
1175 4475 85
1175 3443 69
1175 3165 5
1306 868 90
2936 2658 33
2936 3469 43
2936 710 88
1078 1410 46
1078 1531 100
1078 821 79
1078 1230 72
1410 4029 47
1410 1132 64
3972 4211 56
3972 3730 23
3972 2279 75
4211 2074 9
4211 4888 33
1721 4485 91
4485 766 53
4485 4222 35
4485 290 12
3489 966 49
3489 2465 93
1763 1781 69
1763 3070 25
1763 3505 51
1240 1711 81
1240 1859 35
1240 1361 29
1240 3868 97
628 4985 57
628 907 8
628 2193 65
4357 4695 17
4357 2412 9
4695 3154 83
4695 4078 85
3999 40 24
3999 3087 57
3999 1230 82
3999 1100 99
3483 1537 63
3483 4050 99
1182 4621 40
1182 2932 17
1182 2494 16
1182 1922 46
1182 2865 99
4621 3649 18
4621 26 78
4621 4623 59
4465 4401 59
4465 3639 16
929 2189 56
929 4387 28
929 4697 45
929 325 48
2189 2195 33
2189 1737 32
1380 2879 100
1380 4968 12
1380 2181 81
1380 3701 79
2879 4810 32
2879 2992 80
2879 4343 69
719 2904 41
719 3432 61
719 1509 8
719 2036 49
2904 4825 22
2904 3298 20
2904 3920 16
1531 4764 91
2535 4365 33
2535 3538 46
2535 4874 19
4365 3598 40
4365 1833 83
1924 4440 31
1924 3007 68
1924 795 38
4440 4765 62
4440 2529 42
231 346 27
231 274 79
231 4154 73
231 991 89
346 3435 38
504 4642 74
504 3484 92
504 2430 53
504 4865 39
4642 3486 31
2099 4966 67
2099 1415 58
2099 2789 75
2099 2157 92
2099 4120 48
4966 3221 33
4966 3630 11
4966 3309 93
564 4693 60
564 4366 36
564 3564 17
4693 3041 78
4693 1490 49
4693 4784 10
3582 4820 19
3582 612 35
4820 1454 100
4820 1005 53
4820 4803 75
2785 2047 26
2785 2914 37
2785 4258 51
13 4590 74
13 1424 43
13 4983 66
13 2636 96
4590 4594 84
4590 3505 24
4590 981 73
4590 1427 67
2401 3318 15
2401 359 100
2401 1038 20
2401 4028 25
30 1331 65
30 2633 20
3860 4764 100
3860 3541 30
3860 2911 46
4764 178 21
4764 2390 91
544 4714 22
544 1673 13
544 707 50
544 3553 57
544 2064 22
4714 1417 31
4714 1743 49
4714 2243 18
4714 997 29
3023 3250 66
3023 4846 52
3023 2074 48
3023 4001 72
2530 2269 49
2530 4242 31
2530 4406 93
4131 4998 40
4131 3037 28
4131 4901 46
4131 1666 27
4998 2671 96
4998 4034 40
3365 4004 75
3365 2694 19
3365 777 50
3365 595 73
3365 2601 85
4004 1134 39
4004 1971 87
4004 2353 29
2429 3565 90
2429 4325 74
3565 1053 86
3565 3405 2
2469 664 8
2469 877 15
2191 3288 8
2191 4990 99
4980 1192 99
4980 1631 73
4980 604 54
365 1450 96
365 188 87
365 4090 91
1450 4870 29
1450 1781 38
1450 3947 44
4305 4683 69
4305 1486 80
1314 3585 15
1314 3247 4
1314 3000 11
3585 1999 39
3585 1953 68
3585 2143 48
646 4883 14
646 1335 80
646 1510 52
4883 3784 50
4883 2017 53
4883 892 20
448 2387 35
448 2479 49
448 1434 25
448 414 30
448 4275 68
2387 3445 67
2387 4587 8
2387 4259 62
971 4414 75
971 3228 81
971 4963 47
4414 1203 96
3708 4757 73
3708 4088 36
3708 3235 86
3708 4696 30
3708 4924 97
4757 3534 12
4757 452 19
4757 645 68
4757 520 98
2430 3822 47
2430 405 65
2430 1851 78
697 35 52
697 1871 74
697 2548 49
697 2511 31
1108 95 65
1108 1083 20
2505 3267 31
2505 2721 9
3267 1975 68
3267 2050 42
3267 2958 3
3267 3639 94
342 4886 99
342 1358 19
342 3282 52
342 2822 92
342 354 42
4886 4869 29
440 590 80
440 3771 98
440 3937 100
4242 3654 50
4242 4029 85
4242 4781 100
574 616 6
574 1774 21
574 2570 63
1818 2480 97
1818 1539 26
1818 2393 28
1818 3992 52
1367 3596 50
1367 2561 21
1367 1749 77
3596 1816 2
3596 1704 64
3596 1039 58
2542 3563 24
2542 4302 54
2542 2638 92
2542 3056 3
2542 4771 5
3563 801 4
3563 1706 13
417 2027 19
417 3196 75
417 3230 15
2027 643 71
2027 3244 20
2027 4265 12
4340 4475 72
4340 3722 32
4340 3889 95
4340 1984 98
4475 3206 44
4475 1775 1
4475 4016 20
3324 389 59
3324 964 44
3324 3547 60
2533 775 41
2533 1356 69
3808 4816 58
3808 2752 83
3808 3348 56
3808 4921 16
4816 1899 55
4816 1614 81
4816 792 91
4816 1085 43
71 2558 75
71 510 7
71 4521 1
71 3082 85
71 3005 95
2558 1743 96
2558 3809 69
2558 4002 12
1339 4702 43
1339 3637 48
1339 4255 86
1339 4556 21
1339 171 77
4702 658 86
4702 3398 98
4702 70 8
3780 1637 7
3780 3713 96
3780 4254 12
3780 1338 6
1134 2315 84
1134 3414 68
1134 4344 12
1134 2355 61
525 999 11
525 3278 70
525 2510 91
4686 4051 65
4686 1069 13
4686 163 68
882 4197 63
882 1167 32
882 3371 14
882 2975 67
4197 941 16
4197 2794 66
4197 4960 58
631 2385 15
631 4962 66
631 3231 100
631 1444 79
3146 4616 17
3146 814 11
3146 2926 35
3146 4884 88
3146 1590 52
4616 2070 57
4616 2865 61
4616 471 30
2253 887 67
2253 920 56
2253 1316 95
2253 982 58
2678 3050 29
2678 608 58
2678 3814 83
3050 1347 82
3050 600 35
3050 470 45
2893 3053 49
2893 3541 86
2893 4824 21
1680 1733 18
1680 2399 77
1680 2830 65
1680 2056 13
1680 4083 3
1733 1880 70
1733 139 8
1733 2206 28
3531 4952 31
3531 1005 13
3531 3726 54
3531 2572 45
4952 1537 49
4952 4383 57
678 4138 85
678 2556 34
678 4692 55
678 380 59
4138 1840 28
4138 3294 80
4138 4323 9
1413 2143 64
2143 4712 40
2143 1760 36
1653 1171 34
1653 2156 62
1653 2947 85
590 4811 41
590 2895 68
590 1958 39
1300 4778 79
1300 4524 59
1300 2403 42
1300 867 3
264 2054 100
264 4452 59
264 3886 30
264 3989 70
264 3601 27
2054 4830 80
2054 835 20
2054 320 47
2054 799 93
453 529 15
453 813 34
453 2588 17
453 3278 43
453 1636 30
529 1502 88
529 4371 35
3030 3623 88
3030 4826 97
3030 4574 70
3030 4805 5
3623 2903 99
3623 1094 32
1525 3816 21
1525 3314 32
1525 4768 46
4720 362 27
4720 3451 51
4720 2147 81
4720 1202 88
3250 3626 77
3250 90 8
3626 1959 49
3626 4995 98
3626 3110 64
2151 2495 84
2216 3750 68
2216 1060 89
1422 1559 91
1422 3935 29
1422 2256 93
1422 3055 97
1559 446 42
1559 4811 3
1559 4671 63
1570 79 9
1570 2557 64
1934 55 100
1934 1129 19
4117 4645 90
4117 1835 81
4117 3709 6
4645 3 73
4645 4796 27
172 4158 19
172 4762 97
172 241 93
172 3399 54
172 2318 97
4158 1594 59
4158 4507 63
4158 4401 89
2806 1091 36
2806 1875 89
29 1406 93
29 40 62
29 1548 60
1406 4697 55
1406 813 56
2276 2639 81
2276 2545 60
2276 4683 9
2639 225 14
2639 4909 23
2639 4957 8
1734 853 73
2047 4765 75
2047 854 80
2047 3560 46
2047 1669 35
4765 4041 13
4765 1520 54
4765 2295 17
2575 2935 5
2575 4166 67
2575 2811 73
2575 3422 35
2935 4549 92
2935 3431 81
2935 3203 43
2492 3166 37
2492 885 67
2492 113 65
2492 1358 28
2492 4057 97
3166 768 36
3166 4262 87
3166 3217 95
2069 2080 63
2069 3421 6
2069 2781 73
2080 1980 22
2080 3346 98
2080 4326 21
2017 4630 15
4630 2067 97
4630 2410 35
4630 3743 13
114 1184 30
114 880 87
114 3691 100
114 3736 20
1184 4831 45
1184 532 12
1184 3434 7
156 2832 55
156 1290 31
156 1008 32
2725 4115 91
2725 3358 63
2725 4271 43
2725 1807 17
2669 3738 89
2669 1776 26
2669 2063 93
2669 2472 60
3738 4879 71
3738 401 19
3738 1553 72
3738 3343 63
343 2262 8
343 4241 37
1571 2971 66
1571 1239 68
1571 1951 86
1571 2064 39
1571 2057 40
2971 1446 70
2971 2752 71
2845 1094 45
2845 2693 26
1894 4386 47
1894 3394 44
1784 512 51
1784 2078 52
1784 3472 52
397 2677 55
397 219 7
397 78 42
397 1402 70
2677 4208 43
2677 4470 75
2677 3493 96
1977 967 60
1977 1109 51
753 4660 28
753 2497 49
753 45 6
753 3277 83
329 3445 80
329 739 71
329 1405 57
329 4061 52
329 1749 8
3445 2105 74
3445 3350 40
3445 2301 53
425 4374 23
425 1456 99
425 2562 51
3598 639 22
2470 4467 99
4467 2225 56
4467 3314 76
121 3452 51
121 3961 27
3452 4548 16
3452 4728 75
3452 1507 84
150 2167 79
150 4384 17
150 569 33
150 2214 67
150 2767 31
2167 502 18
464 4470 42
464 2287 2
464 1354 61
457 867 57
457 3922 7
457 4819 62
935 3376 25
935 1776 55
935 3653 38
935 1107 13
3376 4464 10
3376 731 2
3376 4961 55
85 4926 96
85 1519 74
85 1990 64
85 4518 53
4926 4586 7
4926 1273 19
4926 635 6
1007 2498 90
1007 3971 59
1007 2037 55
2498 297 70
2498 2269 100
2498 1988 38
362 3514 71
362 2631 85
362 979 77
3514 4307 50
3514 2881 28
3514 1877 47
2915 4036 83
2915 2416 11
2915 167 76
4036 1261 75
4036 3516 38
4812 3024 98
4812 1633 39
4271 4674 55
4271 3637 15
4271 4792 32
1187 2259 81
1187 1933 34
1187 2478 51
3192 3341 8
3192 610 23
3286 3454 4
3286 4169 100
3286 1 1
3286 509 30
3454 451 63
3454 1080 1
3454 169 19
3454 4038 88
1242 3038 18
1242 4144 56
1242 2832 50
1242 1600 39
1242 893 8
3038 2511 18
3038 221 48
3038 1899 6
4795 3985 92
4795 4489 31
4795 2318 1
1438 2006 40
1438 3397 52
4897 1505 62
4897 1000 97
4897 4320 100
1541 1375 79
1541 4248 55
1541 1103 47
1541 4751 84
188 3915 78
188 967 53
188 1724 13
3617 2067 27
3617 3826 42
2070 1293 3
2070 1629 67
241 4392 88
241 2495 65
4392 4009 3
4392 2632 81
4392 1106 28
3131 3516 61
3131 4074 78
3131 1335 89
3131 1855 51
3131 4671 9
3516 4762 60
3516 4436 72
3516 4216 89
3088 2302 19
3088 4894 70
3088 3822 19
3900 4781 15
3900 26 66
3900 27 90
3900 298 15
4781 3179 61
4781 4233 33
4781 1419 6
1806 772 93
4290 4441 83
4290 1929 27
4290 2771 66
4290 2583 84
4290 1891 31
4441 932 65
4441 2841 50
4441 3814 97
4441 249 11
1573 3607 51
1573 4583 8
1549 2673 44
1549 1606 41
1549 4848 1
2673 2892 3
2673 2841 49
2673 2508 15
2673 1003 79
3875 4183 44
3875 2336 42
2431 1437 51
2431 4098 19
2431 3892 4
3836 4503 26
3836 749 61
3836 3886 51
3836 570 48
3852 4215 65
3852 428 99
4215 4910 16
4215 3508 99
3716 1695 20
3716 2906 73
3716 186 97
4574 3758 63
166 956 13
166 3723 60
166 3841 19
956 2638 62
956 1164 63
956 3300 82
3662 4091 2
3662 3554 75
3662 412 8
3662 1439 39
3662 177 22
4091 3879 68
4091 436 80
4091 2620 87
2559 3475 25
2559 3967 70
2559 2285 33
3475 2138 33
3475 1916 9
3475 4481 88
2452 63 20
2452 3231 6
2610 4460 97
2610 4077 30
2610 401 50
2610 974 32
2610 925 39
4460 2371 81
4460 2079 72
760 4849 42
760 4027 12
760 4050 20
760 1447 13
4849 2110 99
4849 3522 42
4849 825 60
139 2250 90
139 947 59
139 3878 23
139 1276 75
2250 3573 4
2250 4881 56
2250 2218 9
1176 1529 85
1176 1269 84
1176 4579 82
1529 298 49
1529 1954 80
1529 573 84
1529 1875 80
3755 4568 99
3755 2068 34
3755 4684 43
3755 3218 43
3228 2272 6
3228 988 69
3228 1022 25
2078 3552 100
2078 3394 88
3552 868 64
3552 1804 51
3552 1046 37
3552 4909 78
908 1714 60
908 1208 83
908 348 37
1714 4935 58
1714 321 53
1714 2868 11
3416 1359 60
3416 2009 22
3416 3686 26
4185 4253 74
4185 3985 2
4185 601 78
4253 2125 61
4253 3281 77
4253 175 1
4011 475 2
4011 3739 20
4011 3505 28
764 4675 15
764 117 42
764 900 81
764 4663 20
764 759 97
4675 2963 93
4675 890 55
4675 2749 79
1726 3100 100
1726 3010 15
1726 3425 7
1726 3851 66
1726 2113 64
3100 3690 40
3100 401 19
3100 4028 65
3100 1159 93
686 2540 39
686 218 36
686 2337 20
686 2940 43
2540 949 93
2540 4403 32
1501 1935 2
1501 3478 33
1501 4119 57
1501 3742 64
1501 1080 43
1935 4989 31
2182 4548 37
2182 4671 9
2182 4753 66
2182 1485 85
4548 2398 52
4548 3258 11
1246 645 21
1863 1787 43
1 3080 23
1 105 47
1 4344 99
1 92 67
3080 1603 59
3080 467 26
703 931 77
703 3519 11
703 2227 52
703 2268 47
4302 213 85
4302 3394 30
4302 4518 32
2411 3553 4
2411 2763 6
2411 3325 76
2411 3217 84
3553 3916 63
3553 2399 12
62 4524 98
62 690 39
62 3722 25
62 1781 90
4524 1639 63
4524 110 79
4524 1079 51
4034 2666 63
4034 1230 29
3673 3933 41
3673 4796 53
3673 4477 85
3673 2680 66
3933 842 56
3933 4370 44
3933 4214 80
3933 4082 3
1391 3911 66
1391 2489 39
1391 3135 12
1391 4421 14
3911 2852 26
1018 3571 26
1018 4977 19
1018 2561 3
2970 2007 34
2970 3880 36
1167 439 15
1167 3042 40
1167 3216 56
2650 229 44
2650 4921 19
2577 1361 44
2577 214 29
2577 317 66
1743 3804 16
1743 1390 89
3804 4975 5
3804 232 14
3804 1418 54
3804 4760 68
1521 45 72
1521 4338 56
3388 3720 21
3388 4071 90
3388 1150 52
3388 4059 46
3720 2754 19
3720 1414 64
3720 1257 27
3720 4668 48
2820 3312 25
2820 338 14
2820 3226 18
2606 4179 69
2606 667 13
2606 4570 74
2606 2326 88
4179 1661 13
4179 1293 74
4179 952 76
1992 2330 86
1992 3905 57
1992 1026 86
1992 2838 38
1992 280 48
2330 3782 100
2330 2812 2
1301 1658 74
1301 969 64
1301 8 64
1658 3502 74
1658 1330 70
2166 4846 59
2166 3612 77
4846 2295 1
4846 3932 32
3656 4639 45
3656 2245 98
3656 444 40
3656 3672 84
4639 2564 45
4639 1257 1
4639 4879 2
1752 511 100
1752 2141 81
1752 1933 51
1752 3107 46
3567 1488 50
3567 1286 89
3567 4454 97
3309 1361 16
3309 2275 18
354 4999 35
354 3369 14
354 3534 40
593 3005 92
593 3853 29
593 3169 6
593 4494 54
593 862 79
3005 1758 98
3005 3731 61
1890 4618 97
1890 883 75
1890 506 16
1890 1732 12
4618 3747 72
4618 2811 28
4618 118 10
4618 1983 59
3981 2526 96
3981 2390 37
3981 4890 34
214 2154 5
214 1835 85
214 4999 11
2154 74 64
2154 973 19
2154 1060 79
1545 4620 37
1545 1509 28
1545 583 16
1545 3878 53
1545 3218 43
4620 2275 87
4620 2377 51
1765 4623 21
1765 3114 4
1765 1291 63
1765 821 78
4623 1337 49
4623 219 65
1166 1233 50
1166 456 12
1166 3826 23
1166 489 98
1419 1771 8
1419 2957 73
1419 4815 84
1419 237 85
1771 2345 69
1771 575 34
3225 3694 41
3225 3373 29
3225 3139 21
1050 3594 37
1050 1796 39
1050 1789 90
1050 437 63
3594 700 3
766 4498 44
766 2613 51
1693 4225 3
1693 4805 39
1693 2445 14
4225 1895 42
4225 4371 84
4225 536 38
4225 3387 91
130 3890 40
130 4736 23
130 1071 63
130 1869 17
130 1864 89
3890 4358 100
3890 4413 66
3890 1536 100
3890 4499 34
185 3560 94
185 4708 76
185 3432 96
185 2483 14
3560 3418 51
3560 2931 24
95 2849 5
95 584 80
2849 2360 47
2849 2022 63
2849 3523 5
2849 2426 46
3298 4419 78
3298 2480 64
3298 2060 84
4419 679 71
4419 4293 45
1226 2480 78
1226 4863 12
1226 2944 20
1226 3677 40
2480 4072 15
2480 1814 60
715 1510 63
715 894 20
715 2091 82
715 3436 70
1510 2234 37
1510 2410 88
1510 4097 23
2039 2435 64
2039 2800 22
2039 523 75
4084 2943 9
4084 4840 41
4084 4142 96
3919 1364 39
2539 1325 56
2539 3784 43
2539 811 83
2539 1929 8
15 3270 75
15 2633 56
15 2621 23
3270 2896 31
3270 4042 41
3270 1925 6
793 1623 83
793 2168 13
793 2863 31
419 1311 28
419 1767 99
419 2993 37
2272 3541 31
2272 1317 36
2324 2130 42
2324 3616 16
3187 4029 52
3187 43 31
3187 2467 42
4029 3607 74
4029 65 36
1887 4562 73
1887 1694 40
1887 396 44
4562 2297 47
4562 4402 85
4562 3432 68
946 2767 100
946 155 4
906 2142 71
1732 2473 30
2473 1686 6
2473 894 75
2473 958 15
2473 565 70
2666 3340 20
2666 2145 86
3040 377 98
3040 2057 38
3040 2031 94
783 4246 57
783 1335 82
783 4945 14
4246 1794 43
4246 3304 86
4246 1470 59
3197 3441 33
3197 3611 3
3197 391 39
3197 2950 31
2861 750 45
2861 2560 26
2358 718 47
2358 3573 97
1737 1715 89
1737 2343 36
765 1357 44
765 1991 10
765 2980 60
2525 2728 86
2525 777 73
2525 4796 44
68 3948 27
68 412 8
1612 4744 99
1612 3701 5
1612 4105 100
1612 2079 29
1612 4261 32
4744 4144 6
4744 3968 34
542 4076 23
542 1895 67
542 2326 29
4076 1598 8
4076 134 94
3221 4003 97
3221 2256 57
3221 1460 57
2391 2517 46
2391 4222 61
2391 1886 41
1294 2368 47
1294 2595 30
1294 508 33
1294 2770 32
2368 3306 56
2368 2672 45
2368 2223 46
1405 3138 85
1405 360 40
1405 4209 34
3138 3129 28
390 2156 67
390 4342 1
390 691 91
639 4172 14
3105 4376 100
3105 4325 45
128 2339 29
128 2312 30
128 2176 73
1279 2733 38
1279 2138 84
2733 4169 21
2733 2282 9
2733 2722 42
1241 4427 89
1241 3703 61
1241 3248 76
4427 1629 6
4427 4313 90
4427 1141 60
4427 4613 74
3204 65 56
3204 3805 26
3929 2478 71
3929 4753 93
3929 2672 78
4778 3752 89
4778 79 55
4778 685 73
4778 1039 90
2718 1644 70
2718 3296 28
2718 2478 33
2718 3574 76
2015 4989 84
2015 1927 21
2015 3587 82
4989 995 72
4989 2416 86
1358 1750 88
1358 4678 18
1358 265 50
1750 4881 21
1750 3889 69
1719 3944 83
1719 3559 5
1719 1304 36
3944 3965 10
3944 221 12
1526 3778 22
1526 734 47
1526 2811 92
3778 950 14
3778 3526 55
3778 4120 1
3778 1836 6
4257 2271 50
4257 4671 44
4257 4917 51
101 4481 56
101 1461 42
101 711 30
1264 4303 77
1264 4120 91
1264 536 25
1264 1670 16
4303 967 43
4303 3696 40
4303 1727 38
595 1993 45
595 4775 71
595 2293 73
1993 3264 98
2186 3824 87
2186 4045 8
2186 511 77
3824 396 82
3824 1548 17
3824 2629 16
3824 1801 90
237 2356 10
237 2545 21
4923 4817 43
4923 3345 82
4923 14 77
1094 64 26
1094 3965 18
297 44 77
297 3254 97
1147 1688 50
1147 1411 21
1147 3063 48
1147 3491 11
1147 4579 97
1688 3054 30
1688 2573 58
4396 644 66
4396 2281 96
1357 3834 25
1357 1746 14
1357 103 99
3069 3682 92
3069 958 37
3069 2758 75
2903 1659 1
2903 2489 83
2903 549 65
2271 4924 34
2271 46 3
2271 3366 48
1524 3072 3
1524 4184 76
3072 4292 26
3072 3913 40
3072 1096 70
411 1768 93
411 4671 83
411 3854 75
411 2987 22
1768 4842 43
1768 2774 5
1768 1678 30
1794 2667 78
1794 2590 2
1794 1426 79
1794 3254 19
2667 1846 24
2667 2800 54
2667 3773 5
2667 4262 21
27 839 58
27 1274 29
27 1667 96
839 1083 91
2570 4874 85
2570 1180 12
4874 4226 29
2802 4214 55
2802 21 62
4214 545 10
4214 1265 93
2635 3054 17
2635 3770 51
2635 1387 22
3054 3526 18
410 746 13
410 2389 87
410 4537 82
892 2337 5
892 2057 59
2337 1518 7
2337 3482 26
2337 2604 39
2920 2184 93
2920 2423 41
3939 3726 36
3939 4028 82
3939 2880 60
201 1706 31
3384 3810 99
3384 10 3
3384 2444 88
3834 1596 80
3834 1803 71
3834 2657 89
1534 2194 43
1371 1517 69
1371 3375 41
1371 3364 72
1371 66 72
1371 2902 69
1517 222 94
1517 4191 57
1517 245 23
1517 3488 85
2056 4028 47
2056 3865 67
949 4268 63
949 4550 61
949 4538 62
4268 1953 8
713 3503 38
713 1276 47
713 3729 91
713 3854 48
3503 1331 71
3503 4324 79
3149 4066 45
3149 4387 5
295 3515 86
3515 1988 94
3515 4404 39
3515 1756 15
3294 1480 80
3294 1657 7
3294 1249 34
4772 1255 69
4772 355 98
4772 2455 3
898 655 45
898 1505 2
898 4213 31
898 3346 1
750 4324 5
750 2084 28
750 3926 46
4324 735 32
4324 364 46
4324 4728 51
4115 1304 28
4115 1074 36
4115 3372 100
1051 3269 43
1051 458 96
1051 449 24
3269 389 96
3269 2572 38
2048 344 24
2124 2076 16
2124 1217 19
1827 3904 36
1827 4862 40
3904 2 33
3904 2975 44
70 2981 8
70 429 9
70 4716 97
1637 1657 95
1637 503 25
133 834 83
133 2004 46
133 874 100
834 3062 16
834 1565 9
834 2297 55
834 1515 49
2175 2372 67
2175 1132 88
2175 4189 54
2175 1796 94
2372 255 50
2372 1807 67
2372 562 31
3625 1043 90
3625 1814 16
194 2930 65
194 1854 15
194 541 19
3661 4446 20
3661 4756 58
3661 4071 55
3661 4680 64
4446 1913 26
3000 1395 14
3000 28 42
1434 4323 88
1434 2035 46
1434 2162 35
1434 2522 65
4323 3273 48
4323 325 40
4323 3613 75
3729 4092 13
3729 2954 5
3729 4963 55
4092 3428 91
4092 2943 13
4092 1268 68
1866 3027 44
1866 261 3
1866 4976 63
1876 1044 49
1876 3363 39
2721 3070 43
2721 891 41
2721 970 89
2721 862 38
3070 1591 33
3070 459 97
1996 1069 38
1996 3102 61
377 272 3
377 4538 94
377 3612 96
826 2225 45
826 1351 42
826 3239 9
826 405 99
826 2607 48
2225 1116 57
3572 4769 44
3762 193 29
3762 105 71
852 1204 45
852 4912 22
852 3770 84
1198 3036 44
1198 3554 60
1198 3736 12
1198 842 86
3036 3329 78
3906 4627 21
3906 3983 100
3906 3180 13
4627 1459 27
4627 4505 23
4627 904 40
3936 4398 53
3936 3589 71
3936 1519 8
3936 1800 69
2393 3884 83
2393 549 73
2393 2388 37
3884 2852 84
3884 1600 90
3884 3380 6
3884 4154 78
1507 730 47
1507 2695 13
2246 4359 4
2246 1631 8
2246 1333 44
2246 3273 52
2246 4872 69
4359 2448 19
4359 2527 94
4359 983 65
2230 3801 27
2230 4278 34
2230 1456 44
3181 2295 8
3181 3115 29
3181 1369 11
3589 1864 76
3589 2714 61
3589 3396 76
4692 4936 41
1629 432 40
1629 805 19
1629 21 8
2315 2917 56
2315 249 81
2315 158 94
2315 3123 23
2917 3865 60
2917 1904 59
3366 1027 20
3366 195 32
4641 1836 53
4641 4096 55
4641 1997 24
4641 255 2
1375 895 87
1375 1385 77
1375 2361 77
664 486 81
664 2420 23
2077 3279 95
2077 3315 40
2262 3027 57
2262 3816 99
3027 16 27
3027 3292 49
3027 4936 98
591 3122 29
591 4544 79
591 3087 16
591 3640 2
3122 2632 65
3122 1083 63
2651 2095 18
2651 1227 89
4398 16 64
4398 1407 25
4398 2621 61
1126 4220 63
1126 2462 78
1126 2147 45
1126 4751 60
4220 2222 73
4220 2073 39
4220 4368 28
4220 3134 12
2327 3484 42
2327 2079 13
3686 3698 62
3686 1606 80
3686 3208 5
3686 3728 3
3698 651 55
3698 2621 68
3698 3230 84
73 4383 98
73 4996 65
73 4635 98
950 1325 19
950 2907 69
2715 3157 81
2715 527 81
2715 1511 47
4522 2989 26
1639 2755 58
1639 526 13
1639 2679 69
1639 1239 33
2755 1670 56
706 2587 8
706 832 7
706 2176 62
706 86 41
2587 4461 5
2587 4867 94
2587 2459 48
1504 4782 75
1504 2722 55
1504 2356 78
1504 232 77
4782 1456 40
4782 431 23
4782 3440 16
2404 4544 6
2404 4436 16
4544 389 39
4544 4871 7
3556 1053 68
3556 731 86
605 3178 23
605 701 90
605 4553 19
605 496 63
3178 254 14
3178 1687 25
3178 4003 90
2346 1682 45
4132 4394 54
4132 3062 75
4132 3817 52
4394 1327 7
4394 2316 14
1804 2270 62
1804 3106 3
1804 4086 57
2270 2222 53
2270 1518 81
2270 4486 93
2399 4715 19
171 1512 94
3713 4447 32
3713 4255 13
3713 3361 58
4447 1356 56
4447 4583 55
3448 4701 52
3448 4436 67
3448 4848 22
4701 2946 77
4298 4871 87
4298 1381 22
4298 1884 70
4298 2042 26
4871 3776 74
4871 4230 83
630 2026 77
947 3498 73
947 4104 19
842 865 13
4724 887 57
4724 4722 60
4724 2619 52
4724 1089 11
1880 2865 46
1880 1758 34
1880 393 7
539 1484 69
539 4864 7
539 2373 47
1484 200 96
1484 1927 87
2306 3046 96
2306 3333 69
3046 2836 57
3346 4545 6
4545 2350 2
4545 1345 94
4545 3415 71
837 4042 49
2836 4709 14
2836 2750 8
2836 2483 26
2836 3757 72
4709 758 17
4709 3002 4
4709 3649 56
1014 2945 99
1014 4948 100
1014 2183 85
1014 777 51
1014 3628 1
2945 182 93
2945 451 35
611 3723 76
611 3937 71
611 309 100
611 1995 61
3723 1669 39
3723 2668 32
707 897 70
707 2671 99
886 1447 63
886 4288 76
886 136 70
886 4390 6
1447 3731 94
2312 2982 80
2312 1641 56
2312 2924 25
2312 3882 10
2982 1891 87
2982 791 61
1511 476 91
1511 2655 63
2612 1191 76
2612 2736 2
2612 393 81
3491 3593 48
3491 4078 66
3491 3576 66
3593 812 67
3593 4386 43
3593 2041 31
2720 1854 72
2720 4097 77
2720 856 25
2720 1363 75
218 1927 51
218 270 15
218 4068 61
218 4479 25
1927 583 68
1927 360 49
3480 4868 21
3480 3691 52
3480 3415 68
4172 4279 73
4172 1328 12
4172 4454 50
4172 4801 3
66 4649 30
66 792 88
1212 1324 80
1212 623 57
1212 3998 90
1212 3918 28
1324 1569 56
1324 332 65
1324 4496 87
1258 1440 48
1258 4262 30
1258 1347 38
1258 1115 5
1440 4144 41
1440 3961 44
1440 313 2
251 1323 94
251 303 100
1323 1673 21
1323 2964 48
1323 985 27
485 1261 97
485 4498 88
485 2583 94
485 1705 42
1261 4108 44
1261 854 83
1261 1110 82
2035 2300 66
2035 1851 2
2300 4319 45
2300 1222 6
4727 2421 74
4727 4497 80
4727 80 47
4727 547 48
1986 3347 83
1986 4331 40
1986 2019 27
1986 195 60
3347 3321 12
527 818 14
527 2674 27
527 4948 79
2261 4906 69
2261 4169 27
2261 4090 80
2261 813 44
1729 2001 81
1729 1089 50
1729 3355 84
2001 4005 17
2001 2150 78
1932 2589 18
1932 601 55
1932 3923 37
2589 3329 26
2589 916 49
2589 1425 86
2589 2450 85
1142 4648 87
1142 4196 21
1142 2014 64
1142 1129 44
4648 4559 11
4648 3810 87
4648 4951 92
58 2096 93
58 3801 85
58 4350 100
58 4402 93
2096 2494 5
2096 3208 74
667 4126 67
667 3956 78
4126 4149 60
4126 4518 25
4126 44 9
4760 3165 33
4760 3923 23
1659 4241 3
1659 4609 3
1659 217 28
957 4373 91
957 1830 87
957 2679 75
957 4142 9
4373 4432 78
2596 2439 4
2596 3114 60
2596 118 14
3279 4919 18
376 927 54
376 1857 26
376 35 34
1830 3709 90
1830 2441 77
3709 2468 63
3709 3404 6
1219 1606 53
1219 4818 60
1219 4631 1
1606 3280 38
865 2760 1
865 2977 48
3570 4128 46
3570 4008 91
3570 3262 54
3570 3263 75
4128 751 81
4128 1069 3
4128 2374 4
4128 1468 92
1224 2398 54
1224 2829 56
1224 4810 75
1395 489 90
1395 4521 17
1803 3234 9
1803 1756 22
3029 4972 18
3029 4993 82
4972 2674 33
4972 982 100
4972 4733 1
4972 446 63
885 3724 45
885 2905 43
4241 427 40
49 2922 69
49 4195 76
49 487 46
49 3667 100
2922 4287 37
2922 152 49
2922 883 26
2098 2208 32
2098 3566 13
2215 4230 57
2215 994 14
2215 3575 13
4230 1921 91
4230 3741 86
2423 39 53
2423 690 48
2423 3089 69
1010 1617 98
1010 4456 47
1010 1845 90
1010 3057 44
1010 3903 21
1617 3566 88
1617 1158 61
1617 2267 47
296 813 84
296 2479 30
296 2448 51
296 3421 30
296 4830 87
813 3390 87
535 3310 24
535 4625 11
3310 4976 66
3310 4773 72
3310 3087 42
3338 2130 17
3338 3891 92
2679 4859 67
2679 1922 79
4859 2736 38
4859 2168 6
4859 934 28
1192 3314 60
1192 928 56
3314 601 87
3752 3343 98
3752 2343 88
2981 3523 34
2981 3172 94
2981 2648 68
486 2105 61
2105 4496 61
367 4894 46
367 2231 57
367 2413 81
367 489 85
4894 1060 61
4894 4777 98
1895 4728 98
1895 4827 24
1683 4571 62
1683 2291 33
1683 1308 42
4571 4935 84
4571 2130 37
2779 2996 64
2779 2299 35
2779 2403 69
2779 4945 63
2996 12 98
2996 675 62
337 3968 13
337 2870 41
337 2908 20
337 4196 69
3968 1579 51
3730 1791 33
3730 3148 63
3730 4107 47
2692 4505 12
2692 437 84
4505 4248 2
4505 812 20
1610 3690 30
1610 4001 61
1610 90 86
1610 3488 14
569 827 48
569 3140 43
827 208 42
827 276 42
827 3281 40
827 4852 56
1920 553 94
1920 3741 78
1920 4594 19
1920 1252 27
1027 1678 83
1027 4057 24
1027 4050 32
1678 393 45
514 4311 80
514 655 11
514 4696 63
4311 2919 93
4311 3657 42
4311 1288 9
1233 1746 55
1233 622 81
1746 386 98
1746 2517 72
1661 4180 70
1661 1315 65
1661 249 46
4965 127 60
4979 4182 16
4979 3186 86
4979 1120 7
4979 1110 61
1998 3306 9
1998 56 11
1998 1576 77
1998 4933 33
3306 3084 71
3306 4780 32
3306 170 92
2710 149 75
2710 2527 90
2710 1376 75
2710 39 22
3224 4510 57
3224 694 75
2501 198 79
2501 431 28
2501 659 90
2501 553 79
3320 3966 42
3320 1381 79
3320 3021 75
3966 1066 84
3966 2109 86
3966 436 82
3966 4633 77
3829 3843 41
3829 2326 39
3829 1179 99
3843 1493 72
3843 2637 20
4169 4640 56
3564 2756 17
1609 1452 93
1609 3117 22
1609 1308 73
850 2694 12
2778 1106 83
2778 3917 36
2778 2526 5
2778 1096 29
2119 3717 42
2119 1237 98
2119 427 24
2119 966 70
4384 3882 92
4384 2812 73
4384 2626 84
4384 1566 59
1922 4075 90
1922 4007 1
4075 184 29
4075 4012 22
2388 33 77
2388 3932 93
2388 825 44
2436 2812 95
2436 976 99
2436 1702 79
2436 3397 94
1290 1620 25
1290 4622 37
1290 873 65
1290 693 14
1620 2707 71
1620 1774 67
1620 2947 58
2496 4872 94
2496 325 29
2496 3840 36
4872 3948 34
4872 2484 71
4872 979 80
856 2545 47
856 4149 42
856 2420 41
3628 4314 24
3628 4716 74
3337 2066 6
3337 1428 34
2384 1033 91
2384 3089 92
2384 1808 42
894 3672 83
894 3357 52
894 284 6
4326 2619 35
1537 2170 99
1537 959 43
4657 2759 65
4657 4843 11
2932 3742 90
999 4847 4
999 2280 84
1987 4177 84
1987 2990 80
1987 2380 22
1987 3211 63
1987 2302 70
4177 4912 79
4177 2527 51
165 198 89
165 994 62
165 2590 48
165 1284 67
1390 4838 32
1044 1335 23
1044 4819 23
1044 876 2
523 1892 70
523 4773 24
523 3007 79
1892 3543 69
1892 902 54
1892 2228 78
801 3243 87
801 2994 20
739 3600 4
3627 3271 15
3627 2356 4
3627 4852 15
16 3584 98
4088 1278 8
4088 1499 38
4088 3624 80
4313 1128 53
4313 2601 25
1381 1540 6
1381 2638 19
1381 3103 56
822 2873 83
822 86 33
1238 3271 33
1238 2956 100
1238 2764 16
1238 3737 8
3271 2567 31
3271 3681 66
3271 2821 70
3352 3254 82
3352 517 57
2564 3672 86
2564 1991 69
84 51 41
1491 1916 24
1491 4984 52
1491 931 91
1491 1499 77
1916 3654 90
1916 2169 48
4248 1159 80
51 3827 20
51 1776 16
51 4489 19
2907 4978 98
2907 1655 39
4978 487 8
4978 2659 38
4978 4315 12
490 1836 27
490 286 92
490 40 88
490 4891 16
1836 2309 99
3240 4275 87
3240 1409 37
3177 3613 69
3177 4547 91
3177 1900 40
2003 4013 90
2003 1435 7
4013 3605 96
4013 502 41
4013 1368 6
1235 3387 18
1235 2764 90
1235 876 69
3387 1684 49
4024 4674 50
4024 2385 42
4024 1068 70
4024 3701 10
4674 4901 38
4674 1864 69
4674 3504 77
1980 762 32
1980 489 12
1980 887 67
1980 100 74
1488 4056 95
1488 643 97
1488 1003 37
1488 3821 87
4061 502 29
4061 1861 70
1717 2380 15
1717 652 1
1717 4244 17
2380 615 28
2380 4327 78
1744 3812 42
1744 4458 16
1744 1317 17
254 3534 99
254 3404 14
2717 4745 41
998 3861 100
998 1199 84
998 1660 73
998 4175 28
3861 2481 86
3861 1330 71
3861 269 1
1454 2643 13
1454 4178 71
1454 1493 34
2643 4938 29
2643 4679 96
2643 4045 48
3154 2050 91
3193 4638 23
3193 4556 47
3193 4976 97
3193 2145 34
3193 2426 80
4638 1602 55
4638 2267 62
4638 4857 87
4638 4650 22
2800 1236 49
2800 651 7
1701 1125 40
1701 936 26
3541 3518 23
3541 170 53
818 35 2
818 1038 36
818 2142 26
444 1936 14
444 3760 53
444 2153 81
3787 4101 22
3787 2413 59
3787 183 75
3787 3719 73
3787 3064 21
4101 1209 63
4101 571 4
4101 3458 100
456 2494 82
456 3216 30
2494 3954 26
160 3305 96
160 3776 92
3788 1315 26
3788 1841 64
2142 1594 67
902 4503 68
902 2206 81
4503 330 74
4503 4891 44
4503 1795 87
3703 2280 62
3703 2740 45
3703 2083 56
3703 3371 25
7 2375 59
7 1983 25
7 1558 28
7 2169 32
2375 2153 81
1552 2560 58
1552 1427 19
1552 3280 3
841 3998 67
841 1253 45
841 3942 54
841 3205 12
3998 2508 45
4480 3328 100
4480 2914 96
4480 64 26
4480 252 75
2117 4542 74
2117 2422 80
2117 458 19
4542 3575 60
4542 1254 40
4542 3107 86
4542 645 18
4408 3222 21
4408 86 57
186 3020 30
186 1271 93
3020 41 84
3020 749 7
3020 2529 39
2882 2928 89
2882 181 71
2882 4143 40
2882 386 85
430 4884 41
430 3064 65
2214 3391 100
2214 1448 49
2214 582 75
3391 829 37
3391 4351 42
3391 2439 6
3391 3812 98
1286 4855 63
1286 2794 25
1286 3526 98
1527 2461 16
1527 4470 86
1527 3899 26
1527 1802 27
2461 4918 1
2461 1327 51
2461 3348 81
317 1490 81
317 3243 81
317 4292 31
1490 272 11
1490 4494 18
1722 565 26
1722 1178 37
1722 3161 46
2296 3106 58
2296 4784 22
2296 2100 98
1328 2517 18
1328 1043 33
1328 1781 29
2517 2141 11
40 4420 28
40 2626 76
4756 3471 92
4756 2405 45
4756 1416 10
1128 1180 20
1128 576 24
1180 3312 68
1180 1237 15
997 2646 42
997 645 41
997 3620 78
2646 3986 77
2646 1013 48
2646 868 36
1947 3986 35
1947 3121 32
1947 2489 99
1947 1815 84
1947 303 72
4286 1452 49
4286 2510 44
1975 1470 69
1975 1153 98
1509 4435 62
1509 1512 75
1509 3574 80
2360 977 1
2360 1203 16
2360 4906 77
2360 3363 18
3272 2412 16
3272 3003 65
3272 1773 68
3272 1913 80
1572 3816 93
1572 3121 35
1572 3908 14
3816 2874 70
3816 4005 17
3495 4171 79
3495 4461 12
3495 177 3
3495 2832 16
3495 3216 12
4171 1150 50
1334 4173 34
1334 619 52
1334 4762 88
1334 1997 40
1334 4865 11
4173 206 28
4173 1329 68
4173 4077 36
4173 4561 48
4009 4517 99
4009 3143 22
4009 3001 68
4009 672 84
2127 3809 30
2127 4244 96
2127 4439 27
3809 1208 13
3809 1190 74
2204 3504 16
2204 4300 51
2204 2924 35
2204 1038 95
3504 4550 13
3504 4497 13
2556 221 1
2556 313 47
2556 3431 67
4938 3274 63
524 2318 96
524 3129 68
524 2063 100
524 1861 38
524 4549 16
2318 4881 100
3535 1845 50
3535 136 84
3535 2361 87
3535 3016 84
867 4809 22
2081 3650 74
2081 4016 69
2081 4919 39
158 4183 79
158 2033 96
158 4904 38
158 880 12
4183 1811 4
4183 2055 53
3257 52 84
3257 2835 56
3257 979 56
562 2107 97
562 2869 25
1628 964 30
1628 1297 60
1043 1607 51
1043 1898 55
1607 4903 97
3490 1063 80
3490 4343 66
3490 2107 51
1452 77 2
1452 472 42
3432 1209 89
550 3660 72
550 193 91
3660 1458 15
3660 868 73
1145 2786 94
1145 1418 72
1145 1271 31
2786 4059 92
2786 4893 89
1009 2868 91
1009 2791 5
854 4288 97
475 3624 17
475 2462 91
475 2316 85
2445 3458 2
2445 3611 12
2445 3982 27
2445 340 54
3458 2578 27
3458 1178 49
3458 3574 58
805 428 88
2601 3971 25
2601 459 87
2601 116 60
3971 1660 22
3971 990 38
2956 3821 30
2956 600 36
4259 4351 57
1516 3175 88
1516 323 37
1516 4320 3
1516 2835 64
2989 4955 1
2989 2637 42
2989 671 67
4955 2716 59
4955 4749 91
4955 790 56
4200 39 20
4200 1669 4
4200 2374 76
360 3869 21
2763 3578 68
2763 790 21
4884 1071 58
1567 1000 50
1567 3976 87
1567 3586 45
1567 3588 82
2795 2874 7
2795 4274 38
2795 3340 83
2795 1140 95
2874 4466 56
2874 3402 17
2874 178 44
570 4140 89
570 3677 44
570 4954 35
4140 4008 13
4140 4370 27
3692 4819 54
3692 2948 96
3692 4914 15
3692 4033 82
4819 2690 74
4774 4870 55
4774 111 11
4774 1856 18
4774 1969 90
3771 4898 26
3771 2157 16
3771 4900 53
1931 4876 35
1931 4606 85
1931 4995 95
1931 3873 95
1931 170 23
4876 1046 81
4876 1090 50
928 604 73
458 1579 21
458 3732 52
2156 4994 100
2156 3191 13
2156 3647 61
4994 4565 65
4994 32 72
4208 1666 14
4208 718 83
1342 2791 97
1342 4376 9
1342 364 86
1342 3544 69
1342 3654 61
2791 4704 37
2791 3586 40
2791 23 89
1414 1913 12
1414 2301 58
1414 1757 37
1913 4417 71
2547 4098 78
2547 3161 77
2547 52 93
4098 404 41
4098 3317 4
4098 732 56
1396 2273 9
1396 3161 94
1396 1309 15
2273 2554 13
2273 4278 12
2273 3004 90
2355 2883 7
2355 4554 69
3341 1989 50
3341 4898 52
3341 1308 96
3341 4112 53
561 1179 24
561 3980 20
561 538 44
561 2929 52
1179 3536 39
1179 2665 100
1179 1416 49
1899 206 29
1899 1800 38
1694 3364 43
1694 4999 93
1694 2555 51
3364 1936 90
3364 4371 16
952 4231 91
952 909 19
1372 3084 100
1372 2760 18
1372 3350 85
3084 2177 42
3084 2621 68
147 1116 7
147 4745 49
147 238 73
584 2830 30
584 2554 37
389 1416 7
1851 4769 92
1851 4403 2
3321 2585 38
3321 1409 47
3321 883 35
4496 2988 26
3446 4281 28
3446 3576 63
3446 828 97
4281 1618 95
4281 4315 27
1823 1351 20
321 3607 44
321 576 55
2508 4848 65
2508 2058 67
2508 2576 44
159 3238 31
159 1757 67
4189 2350 81
4189 3536 91
4189 2159 10
536 2704 75
536 75 24
536 2284 23
2704 313 50
2704 3853 15
2704 907 15
193 2595 96
1158 2458 37
1158 4273 36
1158 4462 85
2458 2472 44
2458 217 28
2458 677 1
3282 3550 35
698 4954 27
698 871 1
698 4112 33
698 286 71
698 3477 81
4954 4351 93
4954 2537 83
1959 3558 17
1959 3637 85
1959 2108 84
1186 3954 57
1186 3401 95
1186 4240 33
1186 594 69
3954 4832 22
1740 3079 91
1740 4180 65
1740 1600 8
3079 1016 6
3079 4327 98
1759 3092 29
1759 970 77
1759 2252 93
3092 477 1
3092 336 45
3092 1304 69
1477 3608 47
1477 3471 58
1477 359 63
1477 694 25
3608 1297 51
3608 905 77
3608 2188 32
3608 4308 4
2991 4990 64
2991 980 55
2991 2630 85
2991 2209 49
2280 2390 12
2280 2926 5
1868 2872 52
4452 1089 90
4452 23 47
4452 4858 37
1705 2159 90
1705 1379 98
1705 4472 76
2159 604 93
2159 4519 5
2665 4428 66
2665 4216 70
213 2293 65
213 3484 22
213 2749 57
213 3977 74
2293 3888 86
2293 3119 95
2138 1341 33
4740 473 45
4740 2386 34
4740 3517 9
2200 1168 84
2200 2050 73
2200 3826 59
2597 298 36
2597 1001 90
2597 1682 35
3435 4105 98
3435 245 55
3435 4628 8
4105 2999 8
4105 2370 32
2004 4949 43
2004 2281 59
2004 507 19
735 233 50
735 2366 35
735 4840 61
3247 4579 20
3247 1439 56
4579 1809 61
4464 3675 19
4464 253 38
4464 65 94
2751 1976 26
2751 174 63
2751 375 36
1938 2205 16
1938 520 29
1938 3569 72
2510 2548 86
2510 2152 100
2510 1047 50
2302 988 98
3599 1692 41
3599 4355 42
3599 339 93
3805 4318 76
3805 163 50
3805 4053 59
4318 1085 73
4318 4314 21
4318 3239 55
3521 4387 65
3521 3737 16
3521 1104 52
3521 383 59
3235 4461 31
3235 386 19
3235 2850 57
3235 2073 27
4461 4826 51
4829 4217 56
4829 2281 6
3534 4363 96
3305 3007 60
2620 4831 34
2620 4888 41
2620 602 41
149 2658 70
149 4685 31
2658 105 19
2607 4074 37
2607 4195 42
4074 4267 72
4074 2008 24
4417 3296 33
4417 4180 8
4417 900 87
4468 2852 69
4468 1262 60
3102 4053 22
3102 4900 15
3102 2758 96
1660 2266 74
1660 2162 65
1660 2951 5
2350 1941 78
1114 2740 4
1114 3208 13
1114 2953 49
3103 4921 77
3103 2977 19
3103 43 97
4921 1864 92
4921 4668 3
1997 2573 84
2573 2963 19
2573 4368 22
3158 3992 38
3158 3640 60
3158 2152 30
2671 3587 71
2671 648 41
2671 3865 46
4278 4925 70
4949 2613 13
4949 2277 65
4949 4314 40
380 726 56
380 2206 81
380 1879 11
726 3082 88
2754 131 52
2754 1221 78
4387 4330 19
4387 3667 68
476 1436 100
476 4510 53
476 4482 65
1431 2872 87
1431 901 8
1431 3021 40
1431 1598 68
2872 4330 47
2872 4386 23
2872 2418 63
1098 3157 13
1098 1222 78
1098 737 1
1098 2513 22
3157 941 85
3157 319 88
3157 451 76
3241 3866 32
3241 540 30
3241 3670 79
4195 3864 66
4195 3419 71
3611 4356 56
3611 3537 47
2613 2051 69
512 4715 3
512 1190 24
512 993 71
512 2418 49
918 3226 24
918 449 66
918 3195 74
3226 2954 5
3226 4893 33
821 617 76
821 602 33
3090 4056 1
3090 3633 30
4056 1841 68
4056 2870 29
4056 3168 2
1345 3021 86
3725 3392 18
3725 2068 89
3725 1602 73
2441 2385 30
2441 2481 65
4383 1401 63
4059 515 42
3624 4413 9
219 3373 1
219 4186 62
3373 4879 86
3373 2586 87
303 334 24
303 415 93
334 1667 45
2519 3758 4
2519 336 44
2519 983 3
1736 513 14
1736 152 32
1736 4559 7
2413 1896 78
2413 1582 4
1919 3161 58
1919 3646 29
1919 1578 56
3161 4233 44
2896 3143 10
2896 4594 23
3143 3569 92
3238 2676 21
3238 863 18
3238 2366 15
3905 1859 9
3905 4421 59
3905 3734 76
1278 3637 44
1278 151 6
3601 4127 64
4127 4331 84
4127 3367 88
4127 2242 59
1939 1800 17
1939 225 36
1939 4090 94
1939 1875 88
3281 1288 37
3281 3616 57
1441 1587 19
1441 2816 69
1441 3034 23
1441 2398 83
1587 4832 61
1587 2911 46
1587 2855 69
269 3840 32
269 2058 2
269 2108 35
269 2818 50
3840 4766 56
3840 4870 55
3840 472 22
1989 2177 70
1989 4273 6
1989 614 13
174 87 8
174 3857 100
4055 4455 77
4455 1337 39
4455 1566 16
4455 55 4
619 4914 67
619 2301 36
619 69 6
1208 1203 44
2724 2254 100
2724 1709 82
2724 3940 9
190 2914 5
190 366 45
190 151 70
190 4550 97
2914 257 91
2170 4961 36
2170 877 69
2170 1569 80
2170 2595 88
2534 3721 28
2534 700 53
2534 3873 57
2534 493 14
2608 4968 87
2608 50 87
2608 4510 71
2608 1540 46
4968 257 25
1374 1654 37
1374 4592 81
1374 4650 35
1374 1428 86
1654 829 54
1654 2895 15
1338 1960 48
1338 3323 100
1338 3688 81
1960 3667 4
1960 4634 30
1960 2758 55
2184 2354 47
2184 498 55
4001 403 2
4226 4458 93
4226 1865 84
4226 2305 89
4226 617 78
4458 1311 47
175 2283 11
175 446 16
175 973 95
2695 3395 98
2695 4981 8
2695 3940 78
2695 1689 98
3395 1263 33
3395 3331 21
477 3280 14
477 137 99
477 3654 93
432 4043 21
432 4175 33
3568 4192 89
3568 549 96
3568 1201 80
3568 3350 18
4192 3940 88
4192 1273 60
4192 4041 82
1047 344 46
1257 2929 13
1257 3513 41
4771 2403 69
748 1387 95
748 206 91
748 4735 42
960 2953 41
960 600 75
960 2319 71
960 3536 35
2953 1635 55
2953 1618 33
2953 1798 18
3180 4083 80
3180 2999 14
3180 2223 71
4083 4811 8
4083 725 11
1103 4072 42
1103 3732 47
1103 1809 27
2964 2000 55
2964 3650 10
1106 3022 87
1106 1991 90
1782 3826 42
968 1670 28
968 1725 95
1724 503 69
1724 2168 63
1724 2837 48
2008 3014 12
2205 4142 2
2205 4775 43
3602 2444 21
3602 4349 86
3602 3160 21
3602 1560 28
3168 4350 48
472 2088 24
472 1751 27
2088 4622 10
2088 1271 82
2088 3691 96
2088 4588 70
1033 3741 13
1033 2628 95
1033 2509 44
1033 1061 33
982 3358 57
982 3957 16
982 1591 71
3358 745 23
3358 3961 27
3358 702 64
3600 182 84
3600 2183 94
3041 4274 52
3041 2298 93
4274 4712 72
4274 1896 22
4274 4628 1
308 2101 86
308 12 70
308 671 87
308 1409 93
2101 3750 20
2101 2412 68
2101 459 10
994 3597 16
3597 4945 48
3597 1150 70
4622 3953 100
4622 1633 12
493 3315 28
493 582 78
493 1169 83
3315 2125 22
3315 2007 99
3315 1505 65
1968 1046 11
1968 4558 33
1968 2835 61
1968 3750 61
1379 3142 85
1379 4985 78
3142 2153 49
3142 2016 48
3142 4549 26
352 1603 100
352 1954 98
489 3550 70
4900 180 85
4900 393 43
127 4914 50
127 1469 8
127 2919 35
4914 1716 87
4914 4558 86
1403 1536 90
1403 2748 39
3523 3910 55
3523 3532 80
3523 2376 89
3910 1322 21
3910 3206 46
3910 756 66
1956 4481 71
1956 675 33
1956 920 12
3694 4094 18
4631 4991 19
4631 3401 93
4991 3705 54
4991 3482 48
4991 4547 74
4089 4442 20
4089 2980 91
4089 828 52
4089 3947 78
4089 2963 22
4442 1340 7
374 711 91
374 3917 86
374 3985 15
374 383 80
374 3011 6
711 575 62
711 4519 18
711 4956 85
1373 2367 4
1373 1322 59
1373 56 37
370 3665 5
370 183 9
370 3924 52
3357 1426 64
3357 1614 39
3357 86 96
2206 2439 55
2206 3222 15
2439 2041 14
2439 1435 16
3498 3186 55
3498 2629 93
3961 4378 46
3961 1594 27
4378 1926 59
4378 2417 30
2681 1130 43
907 2113 59
907 4443 9
907 4041 18
2113 4374 14
2113 2478 74
1839 2370 37
1839 3104 41
1839 1090 64
1839 3770 59
75 1162 94
75 4588 74
75 2491 45
2776 814 2
2776 3464 45
2776 3511 56
2776 3328 54
653 2233 3
653 2348 62
653 1039 7
653 510 24
2233 4684 15
2233 3333 28
2233 4982 66
382 4628 81
382 2531 57
286 2367 37
286 927 18
767 4735 64
767 270 18
767 4688 27
767 2328 73
4735 969 56
4735 847 9
4735 3096 37
1130 3579 1
1130 1848 57
206 3206 14
829 1995 80
3571 3025 81
3571 2377 50
2838 3879 42
2838 1496 22
2838 270 99
3001 881 76
3001 3753 42
3001 3700 18
897 4198 82
897 2095 66
897 4801 58
2245 2231 11
2245 3428 30
1322 189 93
1322 4005 54
4108 1480 50
4108 3348 16
4108 331 59
3471 3414 24
1700 4425 55
723 2985 20
723 4005 92
723 1662 90
2985 1577 21
2985 777 35
3817 4922 76
462 4112 39
462 460 56
462 1548 43
462 549 76
4112 43 18
4112 604 99
1749 2334 9
1749 306 79
2334 2421 21
2334 3575 32
2334 1751 66
2334 1760 22
775 4863 57
883 1133 21
883 2672 40
468 2750 70
2571 1436 81
2571 2826 7
3604 3982 12
3604 3886 34
3982 1164 41
3982 1495 76
980 4822 59
980 1256 22
980 1030 79
980 4294 8
579 1299 53
579 2712 3
579 3196 63
1229 1480 53
1229 3688 91
1229 3555 44
1229 28 62
1480 4982 87
3559 140 47
3559 2042 9
3559 3464 90
3559 4294 19
2655 3796 60
2796 4186 42
2796 4685 56
2796 4194 61
2796 2218 96
2796 3085 54
4186 1817 14
4186 511 43
3183 4546 13
3183 2100 48
3183 4649 82
4144 2764 53
2809 3169 71
2809 4704 76
2809 3732 26
3208 4130 14
3208 1065 39
4130 2949 49
4130 4307 38
4130 1001 53
1864 2930 77
2930 1928 71
2930 1209 73
1512 3252 7
1512 2268 31
2852 4699 40
2792 1003 39
2792 2783 24
2792 2277 43
2792 3396 17
2005 2553 66
503 2958 53
503 3002 70
503 90 2
2958 1562 99
2951 4181 76
2951 4933 73
2951 691 48
4181 1626 83
4181 3371 33
1263 2417 7
1263 1518 14
1263 4420 49
2417 3216 46
2628 118 36
2628 4937 79
2628 532 88
752 2881 35
752 2938 86
752 677 59
752 3537 60
2881 2813 13
2881 2091 71
2881 4960 86
122 4663 34
122 169 28
122 4354 72
122 2100 30
4663 4344 65
4663 3700 32
1089 2668 46
4827 2672 93
4827 1249 85
4827 832 82
265 807 57
265 2810 97
265 2260 58
807 216 92
807 2266 96
815 4747 15
815 3375 36
1269 3107 67
1269 3841 19
1269 3390 31
1269 391 9
3107 2889 38
3107 4224 59
4343 4792 59
4343 2371 43
4343 4143 73
4792 3822 12
4792 708 39
3989 3304 11
2343 4 42
2343 3189 67
131 2389 55
131 1770 44
131 4710 59
2389 3430 34
3923 4354 89
3923 2448 11
3923 3915 13
4354 3700 41
1566 4912 12
1566 3670 93
1566 4696 39
4912 1347 57
4912 881 67
969 2707 36
2707 922 59
3414 3430 84
3414 140 91
3430 658 35
348 2094 6
348 1988 97
348 4068 17
2094 1709 18
2094 3264 58
2094 3037 14
3985 2632 58
1046 2509 61
4870 3096 98
4870 3889 64
4352 4918 78
4352 3758 43
4352 2369 37
4918 1762 32
4918 2171 99
4918 862 28
510 2843 93
510 4964 32
4307 3455 20
4307 1644 59
4307 3028 23
880 1022 94
880 4031 25
880 200 32
690 2064 99
690 4635 52
1796 2301 93
1796 1884 85
249 3447 32
3121 2051 58
3121 1232 90
3801 3544 96
4021 4754 26
4021 2067 41
4021 2940 36
4754 247 49
4754 3574 69
4754 2581 16
2697 4435 25
2697 3794 13
2697 1086 37
2697 2988 43
4435 2309 26
1981 4228 91
1981 2662 82
4228 4732 97
4228 2006 20
4228 2866 71
3519 2619 65
3909 4563 95
3909 1140 6
2758 4633 38
2758 4945 76
179 1203 24
179 3343 95
373 4379 12
373 3609 59
4379 2187 1
4379 3467 52
4379 3140 62
4379 1270 81
483 4776 99
483 189 86
4776 4575 66
4776 2863 21
4555 4580 53
4555 4687 25
4555 1066 83
4580 1388 51
4580 4957 41
4580 2637 79
4580 2427 89
675 2502 54
675 12 88
2502 1652 66
2502 2553 68
2502 2773 69
2502 2421 90
3025 4385 99
3025 197 2
4385 1811 73
3850 3328 72
3850 2604 97
2567 144 88
2567 4903 45
4483 2520 80
4483 2829 90
4483 878 27
4483 1885 89
1548 3274 26
4629 2603 34
4629 4982 73
4629 3547 97
2676 4726 14
2676 3959 2
2963 1720 8
2963 3481 46
2371 2585 32
2371 2437 25
2371 1024 9
3042 1886 46
3042 1305 81
615 4430 47
699 2980 43
699 1767 89
699 6 59
2980 1832 84
967 4862 78
967 1951 20
1936 4931 100
1936 1268 14
3701 59 21
3701 4893 56
2347 3396 75
2347 1513 1
2347 2748 41
2347 99 28
2347 3172 51
1877 4043 45
1877 1387 96
1133 2683 85
1133 1239 87
2683 3990 29
2683 3064 88
3776 3916 43
3776 621 72
3776 4667 13
3916 730 58
3916 4287 91
3916 3213 99
904 1399 76
904 2713 57
1399 2560 46
1399 1706 97
1399 1214 77
602 4710 25
602 1817 22
602 4508 14
4710 2693 74
4710 940 21
3398 1427 56
3398 3141 83
132 1855 40
4981 2560 91
4981 4784 16
4981 318 23
1055 2211 35
1055 3782 70
1055 3856 44
2211 1351 1
2211 565 3
2211 1386 3
788 4836 7
788 4758 21
788 2353 2
788 74 48
4836 4209 30
4836 1079 27
3605 1536 2
3605 2737 52
3575 1360 12
3575 2091 76
3520 4606 65
3520 1227 90
3520 1249 95
3520 4924 3
4606 263 93
2515 4366 14
2515 3332 94
2515 4742 91
2515 4416 48
3630 4712 44
3630 1898 31
4865 4984 32
4865 1110 22
4865 1708 61
4984 2950 54
4984 2593 100
3497 404 80
3497 509 12
2468 2760 7
2468 2145 28
2468 1667 78
1845 1468 67
1845 1483 43
2210 3120 36
2210 1579 85
2210 2866 16
2210 645 30
2870 4517 67
2870 4134 43
985 2855 3
985 3508 13
985 2889 68
61 2269 95
61 2058 41
2619 862 9
2619 2967 96
3827 3975 99
3827 495 24
3827 4255 9
3827 4150 87
3975 4094 12
2228 1634 71
2228 1032 35
3915 2690 35
3915 4204 27
3915 1903 50
3741 4051 79
3741 3639 57
3292 4045 52
3292 3996 94
3292 2641 70
349 2291 18
349 4094 45
349 4956 7
2291 2826 40
2752 1816 46
2752 3472 19
2299 4375 77
2299 4916 85
2299 3058 6
2299 2921 60
3013 3354 20
3013 1253 22
3013 184 7
3354 1709 1
3354 4838 45
3731 4498 84
2386 2545 33
2386 3747 11
2386 1519 48
4371 3881 91
1085 4425 51
1085 4961 97
1085 1539 21
2694 4768 11
2694 3574 55
2506 1127 7
2506 1988 91
2506 2014 49
2750 2051 93
1564 1364 64
1564 1159 8
339 3363 61
339 2975 36
182 3554 77
182 2783 5
182 4680 97
1415 1360 97
403 2716 40
487 1331 41
487 324 85
487 2298 5
4800 1011 79
4800 3719 52
4800 2584 19
4800 1239 48
163 2880 90
4366 3206 42
677 2106 99
677 2319 21
2106 931 90
2106 2803 97
2106 2774 7
1171 2641 55
1171 1249 25
1171 3350 96
1171 3405 79
2641 1327 100
2641 4977 11
1153 3792 8
1153 732 80
1153 1930 1
1153 471 81
3792 3868 14
3792 4508 43
3792 2906 62
4933 809 87
4933 1881 97
4852 4099 52
4852 1068 84
1209 2529 65
1787 4951 55
2740 1191 67
2740 4910 20
2740 3167 69
197 1388 37
197 3913 23
197 247 58
197 3618 45
1388 2147 49
1388 33 68
4314 1214 73
4314 1169 61
3705 2554 33
3705 2084 83
3705 3405 35
3858 4038 66
3858 1116 54
3858 2826 52
3858 4176 92
4038 110 68
4038 2067 57
4038 2595 100
1489 3732 21
1489 4262 71
1489 1907 23
4561 3433 59
263 4344 33
263 4250 87
263 2385 65
583 436 66
1577 2928 44
1577 2648 58
1577 1990 95
1577 495 26
2928 3831 2
1427 2274 78
1427 2586 18
4402 920 28
151 575 90
151 261 33
575 2869 84
575 4191 33
1150 895 59
1333 2652 88
1333 408 8
1333 222 68
2652 1363 86
2652 1891 25
2652 953 53
1099 2295 83
1099 3640 43
1099 2153 68
1099 2926 67
3332 3750 54
2830 1387 5
2830 3200 79
2309 3397 14
1285 4338 25
1285 3095 23
1285 1273 17
1285 1005 87
4338 451 25
4338 3436 8
4338 275 13
891 1854 63
891 4287 86
891 623 81
3493 759 76
3493 2123 48
3493 4546 68
32 4717 85
32 2973 42
32 3200 86
4717 3815 51
4717 2730 30
4717 4135 61
1437 14 85
1437 2103 3
2511 1817 31
2511 3757 39
183 364 32
2243 2209 38
2243 4898 6
895 3959 26
4012 4240 93
4012 3956 50
4012 1249 77
3055 2999 81
50 2019 58
3665 1903 11
3544 4763 62
4763 4651 5
4763 2255 46
688 2254 32
688 4449 52
688 2339 65
688 4910 45
3206 4445 71
2203 2814 22
2203 3361 51
2814 2256 94
2814 893 30
2814 3545 33
2814 3052 83
1268 2011 88
1268 1385 41
2011 2361 33
2011 364 36
2753 4678 80
2753 4722 53
2753 2916 67
2753 1540 71
2753 1004 66
4678 2328 44
383 3311 67
383 2169 86
3311 4194 81
3311 1953 44
4120 90 41
4077 4315 7
4077 1065 19
1402 3355 94
1402 4415 74
113 683 77
113 1802 74
113 2833 5
113 613 39
683 3119 8
683 4270 12
2973 4936 5
2973 2860 97
4742 22 54
4742 1933 35
44 3926 4
44 3899 28
200 2557 32
200 258 51
2557 4231 10
2192 1679 95
2192 1460 8
2192 290 58
2192 2736 80
1273 2247 9
1273 4826 77
2247 2588 19
2247 4633 94
2247 2345 57
1643 1295 36
1643 2604 60
4022 4401 98
4022 105 14
4022 3728 100
4022 1116 37
4022 1115 17
4401 3203 51
4401 1407 81
338 4184 70
338 1168 23
338 3213 1
4184 731 75
4184 3754 7
4184 4178 43
1016 4449 55
1016 634 81
1016 3111 45
1819 4581 91
3436 4617 60
4003 551 78
4003 1389 21
2405 4732 51
2405 3937 56
2405 1857 20
2405 4082 100
4732 3119 60
1789 65 60
1789 2226 74
1789 4449 9
617 3784 87
617 4491 45
3784 195 15
2 2693 65
2 1207 98
2 1482 25
1972 3123 69
1972 2604 90
1972 4260 27
3123 2550 23
3688 134 80
2006 4217 13
2006 3165 36
1835 1842 74
1835 2076 37
1842 1205 62
1842 2770 34
3815 658 42
3815 4568 75
3815 4625 95
4477 696 22
4477 2787 68
22 2335 46
22 6 81
22 4802 23
22 1926 61
290 1295 78
1295 2834 4
1295 840 35
1811 3331 17
1811 229 67
4935 4749 53
2668 2279 34
2668 3677 70
1623 2344 6
3329 3925 81
3925 4538 65
3925 3783 79
3925 4704 88
2301 970 87
357 1764 47
357 1995 57
3796 4825 90
4825 4489 98
4825 4103 57
4825 1347 27
2195 229 2
2195 2862 71
4066 4592 37
4066 4565 72
3022 1886 24
3022 3481 73
3022 1090 5
4790 3892 47
4790 55 86
4790 4204 76
4790 622 6
409 1633 75
409 2053 46
409 8 62
409 1808 78
409 4794 67
331 3928 87
331 1275 62
3928 3472 28
3928 452 95
3928 2531 80
2416 1695 29
2416 1641 95
1401 515 72
3167 180 96
3167 1468 90
3167 327 26
3710 876 10
3710 1389 74
3710 1590 100
3304 4095 12
3304 3764 1
772 4996 54
772 1162 27
772 9 5
2398 3063 86
2000 2602 56
2000 916 53
2000 1190 1
2602 1221 83
2602 1178 85
4370 41 43
2022 4283 34
2022 4659 81
2022 37 99
4679 1988 27
4679 1482 59
4042 1704 44
4042 4267 52
4042 964 73
730 1039 15
730 3880 96
4880 4125 82
4880 616 97
4880 189 42
636 3234 91
636 1363 26
636 725 31
636 4432 85
3234 2316 51
3234 1091 39
3234 3578 91
2444 2410 43
1315 2091 98
1315 2395 70
1315 2927 12
1598 1340 35
1598 3063 83
992 2591 17
1207 3263 17
1331 3903 67
4137 3953 10
4137 3754 20
4137 1206 64
4300 671 49
4300 3522 83
4300 1221 15
2512 2726 96
2512 3139 44
2512 309 59
2726 4424 8
2726 4652 47
2726 3721 25
4690 2626 17
4690 828 59
4951 1255 99
2208 689 47
2208 3880 91
2208 2944 80
3722 428 93
3722 3646 13
4287 2835 3
3173 3869 86
3173 1444 100
3173 1553 34
3173 4857 11
3869 2993 96
2024 1271 25
2024 692 24
2024 812 41
67 540 56
1141 4510 58
1141 3654 74
4099 1764 98
4099 509 4
4099 1933 16
4888 2266 91
4888 3569 18
4888 3728 63
2645 1585 11
1926 4684 17
1926 341 99
934 3170 14
934 3849 61
3170 1386 18
3170 1944 95
3170 4749 32
1013 4217 12
1013 3868 61
1013 3913 14
4217 4803 53
4217 3219 80
2716 4747 6
1791 538 41
208 1348 23
208 3437 47
851 710 64
851 2111 28
4382 2269 50
4382 2084 49
474 4582 39
474 3288 20
474 3750 7
474 1893 15
4582 1685 58
2938 3369 97
2938 2595 47
2938 3380 30
427 217 98
2367 3782 92
3782 4847 5
1164 4903 10
1164 3693 98
1560 4736 44
1560 3499 11
1560 746 12
1560 45 85
4736 498 78
4736 4737 98
797 4454 9
797 708 79
797 1460 29
1361 1425 43
1361 2410 75
1483 1520 3
1483 2520 68
1520 2578 23
1520 526 4
1274 1657 93
1274 1999 77
1274 2194 55
1579 3864 76
746 3477 24
4081 977 66
4081 2774 80
4081 1636 3
1063 4051 28
1063 2927 32
1063 1026 20
1063 1756 16
4051 840 29
4051 1554 5
3089 2287 60
3990 2188 57
3990 323 31
3990 1425 22
3942 2053 66
3942 2267 26
3892 4922 12
3892 1329 60
4922 3494 79
1237 2366 9
1237 1644 1
2366 2921 68
1634 1773 25
1634 2188 72
887 245 74
4375 1762 46
52 3145 36
52 3478 96
3145 3609 64
3145 1004 97
3145 270 79
2509 790 62
2509 1904 43
1958 3856 29
1958 115 21
1958 4202 92
3856 4218 47
3856 2495 65
3856 4567 68
2412 2911 69
306 3700 23
306 1206 69
306 1945 37
306 2193 95
1928 2335 97
1928 4494 3
1928 1762 85
35 3791 71
3412 4424 31
3412 1201 66
4546 2026 58
973 2226 44
973 3024 63
3913 3959 86
2086 3223 38
2086 1695 59
2086 421 14
2086 824 37
3223 835 93
4178 4617 32
4279 4424 25
4279 691 70
4279 323 44
3205 3098 24
3205 1110 94
651 4031 1
4517 313 72
4517 1615 29
2538 184 100
3557 4356 64
3557 1492 69
3557 1486 77
4356 2598 83
78 1500 37
1217 2895 91
1217 1903 12
2895 589 74
809 2548 24
809 540 5
2548 2369 55
3536 3203 72
1492 3773 32
1492 4149 92
1492 4910 79
3773 1832 45
643 4890 29
2320 378 58
2320 782 65
2320 1885 21
1685 4838 82
1685 1711 96
1685 257 65
1685 2634 5
4166 2926 42
4166 302 84
4166 1351 72
3573 936 87
3573 1801 62
756 547 1
756 4202 98
1807 3003 69
1807 941 30
3003 4107 15
1626 3117 40
1626 942 75
540 1232 75
540 976 27
3375 2110 87
3375 2268 82
4659 2880 18
4685 3501 40
4685 2656 65
3011 1973 92
2826 745 78
1907 4294 56
4294 3283 17
4294 927 5
1704 1202 58
2403 1971 28
3926 4283 20
3926 3361 65
3926 2065 90
2141 4556 20
2097 974 78
2097 2491 80
2058 4753 14
2058 1222 68
1032 413 96
1032 1341 21
2221 3114 81
2221 2123 53
3114 495 47
3114 2467 73
925 2103 30
925 2713 83
925 2177 10
2103 4722 92
2103 64 53
701 4688 73
701 3675 46
701 4209 76
701 4822 72
3478 4931 15
326 4085 37
326 1227 11
326 3129 86
3724 1456 32
3724 903 40
1351 1382 98
4231 2711 100
4231 2690 57
3443 4095 22
3443 4256 72
3443 2478 20
4095 3740 32
4095 2326 3
1889 2789 17
1889 3579 74
1889 4306 33
2789 1762 60
2789 3390 63
2484 2402 91
2484 3184 41
2484 473 11
2373 4824 15
2373 4374 84
4824 4306 96
974 780 81
974 3299 62
2813 2728 76
2813 1337 34
2016 4996 88
1360 2822 2
1360 1123 93
4451 3690 60
4451 659 5
368 2572 10
368 3711 70
368 1900 11
2066 4529 48
2066 1795 72
4529 3333 24
1424 3004 37
1424 1384 85
152 4821 62
152 4261 24
909 1211 89
2177 621 56
2553 4149 5
1966 2083 6
1966 2623 26
2083 2353 75
2680 4085 4
3967 3711 16
3967 3747 49
814 3085 40
4149 521 40
1569 3844 46
1569 1439 48
1569 2079 64
3844 959 53
3844 3578 59
1297 2532 23
2255 55 16
2255 3113 56
4881 4060 89
180 4315 64
180 2531 37
180 2561 6
4224 2514 97
4224 1821 22
4224 4927 1
144 1487 21
144 4766 87
1487 3864 58
1487 2880 97
386 2064 60
3392 4291 80
4291 1709 92
4291 729 53
2994 3464 19
2994 4491 49
3464 4319 83
3464 4822 83
1518 4868 55
3882 3433 86
3882 2867 35
1728 1101 62
2282 178 53
622 4235 80
622 1201 85
452 3437 24
3002 2832 8
3002 565 46
515 3434 54
515 871 77
3613 607 18
2520 613 97
2520 1458 67
658 1461 86
1433 1080 77
1433 4594 98
1433 1833 14
2193 274 62
359 2472 73
359 478 65
2472 3189 34
2472 408 14
3888 2532 15
3888 212 70
3888 877 54
3888 4235 24
853 4404 13
853 3367 23
853 181 40
4404 4810 83
3425 4976 63
3425 3586 67
4403 2319 59
4403 302 83
2084 4416 3
995 4753 19
995 2873 20
1282 1585 43
1282 2356 24
1282 2770 75
1585 3992 18
1925 4660 53
1925 4649 93
1925 2873 86
4660 375 32
1139 3924 31
1139 933 1
169 1155 59
3721 1386 32
3721 689 63
1593 4583 68
3377 1061 45
3377 3355 2
1201 1596 15
2805 3814 91
4936 3996 60
1891 4964 13
327 3957 11
327 3770 97
327 1816 60
3957 1384 17
2990 4351 90
2990 2055 11
2990 4550 44
2256 1382 68
3222 3428 4
3222 2860 98
3222 2435 93
4999 441 4
261 341 36
261 2183 24
261 63 97
341 4428 34
875 614 36
875 668 60
875 1435 13
875 1296 98
2889 1854 90
2220 4554 45
2220 136 56
4554 1963 5
4554 3609 46
1983 2921 83
2921 634 39
14 705 34
14 1798 46
187 3775 59
187 1320 24
187 1304 95
187 2529 49
187 3085 51
3775 1135 3
3775 920 38
3775 195 68
4592 2234 62
4592 2435 5
222 758 10
222 3579 91
118 522 71
931 1912 91
4470 944 86
4470 3576 38
3595 2353 4
1652 3728 42
1641 2231 60
1641 3263 26
2231 1655 18
502 1692 71
137 3028 28
137 3566 82
137 3362 92
3028 4779 31
3028 4218 17
1287 1944 55
1101 1670 26
1101 3007 30
1101 3179 21
4549 2659 91
966 1376 70
966 3538 39
87 1313 54
87 571 5
87 3296 20
87 4687 91
393 99 63
3328 1840 74
3217 1366 85
3175 1104 75
3175 1686 64
2316 3753 47
496 340 45
3918 4430 39
3918 4213 81
4430 2356 64
4430 2988 34
4430 1969 4
33 4260 66
4260 2837 17
2924 3757 50
2924 1109 75
2924 945 75
1417 732 41
1417 3652 92
1417 4934 20
1417 1309 50
3690 233 91
4747 632 54
4747 4577 85
4747 1815 75
737 4726 68
4726 140 72
4726 2631 71
4726 4428 96
1446 4420 45
1446 3532 92
623 791 35
4315 1809 55
1214 1618 73
1214 2598 57
1214 3440 12
1618 3881 30
3920 933 34
3920 4640 82
3920 309 42
3477 3798 88
3477 4256 57
3798 2222 23
3798 4817 45
3798 4565 99
4847 1091 43
4847 1000 2
1766 1236 30
1766 4745 20
1766 3012 66
1069 1385 6
1385 3714 27
2336 729 70
319 2873 51
319 2756 51
319 1860 28
1265 1100 52
1265 2975 36
964 1656 54
3715 4635 40
3715 4758 9
1810 4537 12
1810 3211 97
4537 3405 2
4537 644 67
1364 3110 83
1364 2604 59
3607 2522 75
3607 3899 51
1855 4104 65
1738 2153 98
1738 3356 82
1738 2055 22
247 940 58
2855 2344 19
3254 4207 38
3254 1330 16
1731 1498 5
1731 2283 28
2584 4052 54
4052 4060 30
2926 1001 4
3526 3447 12
4213 2369 37
4213 1682 89
2554 2576 20
2554 4500 29
877 2274 89
4688 2491 69
2422 953 45
2422 1795 98
2274 428 73
2274 1536 55
2274 2345 46
3689 3231 93
3689 2946 80
3689 1205 81
1762 1600 81
404 466 6
404 1770 70
2972 1757 36
2972 1320 54
439 1123 43
439 1904 58
439 4072 68
439 3016 95
1123 4581 74
1123 679 87
506 847 74
847 3262 28
313 2497 46
2546 4002 61
2546 2522 99
2546 1151 98
2546 3747 55
4002 903 25
4002 1809 45
944 3431 54
225 2591 80
225 2450 44
983 3172 20
983 1093 62
3172 4925 64
3172 3428 64
2450 4479 65
2474 4558 75
2474 4840 52
2474 4472 40
3184 3555 99
4043 1296 97
2862 134 75
1236 3699 91
1236 3947 53
1291 4722 7
1291 2656 78
1291 871 98
4722 1211 95
2790 3390 6
2790 795 3
3726 4830 38
2988 4390 27
2999 522 86
2426 4472 83
2426 2682 92
4472 4777 25
4472 499 15
702 1065 56
702 3737 1
1065 3051 49
3639 1255 96
3037 3419 72
3037 3115 37
4096 307 35
860 1129 83
860 2213 64
1129 729 12
3129 2483 31
3129 4832 43
4728 4832 85
3633 1689 95
1363 1893 64
1363 2757 23
3927 37 94
3062 1320 36
99 3367 6
99 366 3
3367 1152 11
3367 181 67
2711 791 54
2711 3118 10
4456 2328 80
4456 3243 63
4456 4668 54
1172 3057 20
1172 3543 12
1172 2793 32
1172 4995 22
3057 4910 64
3057 2041 70
1725 4667 22
1725 100 29
1725 1449 94
4862 28 97
4906 1115 94
4906 2555 72
1603 229 62
1603 4349 22
3558 1061 50
3558 39 97
3558 1449 78
3558 4712 36
111 3323 8
1666 59 28
1666 1912 95
1963 1005 84
1963 4769 26
3764 4594 8
3764 1657 18
1169 2880 47
1169 1299 5
1781 1400 20
3963 4925 99
3963 990 94
4925 3953 32
2576 248 19
2576 3482 97
2576 4773 32
102 874 41
102 4016 53
102 3380 90
874 4462 7
874 1921 57
3333 4319 13
3333 2593 64
2037 3106 79
2037 3112 27
323 4640 7
56 2598 49
780 4909 1
780 4422 12
780 1253 13
1686 589 66
1686 3191 35
1686 1682 94
318 2377 20
318 2603 67
2377 4599 18
2728 1695 60
3342 3616 86
3342 3676 90
3342 4142 79
4342 4584 92
4342 4443 59
4342 4983 60
4584 2545 20
4584 1901 75
3148 1459 91
3148 2513 68
762 1316 80
1469 3653 40
1469 1615 85
3277 4196 70
3277 668 7
3277 1496 31
4196 1898 70
3239 1284 49
4194 3299 77
4194 1941 1
1288 2440 5
2440 3331 49
2440 4993 42
2440 3508 53
2440 1299 60
45 4428 3
941 2110 13
941 72 67
1644 3657 24
1644 3821 90
759 1086 53
759 2857 64
3609 3016 35
721 3317 10
721 4843 95
3098 3263 83
3098 4119 39
117 547 30
117 3302 27
3866 1860 61
3866 2690 97
3866 1066 62
141 3053 16
141 1090 88
1107 3841 44
1107 718 78
3992 3246 42
3696 1682 68
1448 224 4
1448 1941 4
792 3513 75
1289 3550 87
1289 2977 16
1289 3034 6
1289 4283 55
1289 1425 50
3550 1582 48
1662 4815 54
1662 1984 55
4815 4349 58
4815 4809 87
4815 1860 6
3231 72 34
1591 1716 92
3922 216 66
3922 1337 82
3714 4331 77
4331 324 16
4331 1757 49
732 4498 12
64 2944 25
2944 4775 62
4125 3014 56
4125 1493 4
2967 718 65
2967 1255 44
3879 1202 44
3879 4258 46
3111 4651 7
4919 3051 30
2339 4439 62
2057 4482 98
2057 3296 3
4482 4801 23
4482 4762 94
3681 4090 35
3522 3693 76
3522 3065 3
3693 355 91
2053 4207 2
2053 1856 18
2053 933 40
2465 1066 17
2465 2588 65
2465 4308 76
2465 1761 79
270 2633 53
1305 4325 93
1305 734 3
1305 1368 40
4325 4651 47
1127 3331 56
3418 3649 25
3418 2819 30
4104 1270 39
4104 789 27
2946 4837 2
2966 2042 52
4985 663 12
4985 3754 50
455 2629 15
455 1467 32
455 4295 21
59 1356 31
632 1428 84
632 1498 45
632 324 89
1428 878 48
4650 4780 5
4650 1319 27
3053 3113 52
3053 2079 67
3082 3700 29
953 4390 91
953 3356 25
3935 4518 85
100 2259 46
671 1679 94
1053 4532 75
1053 4135 97
1053 2773 75
1320 422 30
1320 3246 88
789 1814 27
413 4521 14
413 3179 60
413 1313 72
4521 1485 12
3135 4586 55
3135 1604 52
3135 80 47
3135 2819 36
4586 1590 31
4586 3063 42
3680 3891 72
3891 3433 60
1904 446 84
1904 3467 38
1317 4927 30
1317 4902 99
4927 1343 36
4927 3008 9
2906 3584 84
2906 4869 48
4273 3120 73
4931 3488 19
1711 4696 100
1711 115 30
2148 336 34
2148 2636 60
1879 3095 8
1879 3886 26
1879 19 35
3095 2987 100
3095 2402 19
3095 1369 28
4773 4716 23
4386 1553 26
4386 3646 64
3198 979 80
3198 1562 20
993 248 33
2187 2109 36
900 3501 65
900 3295 93
3484 708 89
2536 1202 51
2536 890 98
2536 2866 80
2536 2857 68
3428 3653 43
3653 2722 26
1747 4568 4
1747 4684 44
1747 8 59
1747 4570 36
4086 4262 29
2868 4182 79
1116 4424 70
2132 1515 97
2632 3965 95
1071 4041 11
3295 2018 36
3295 280 59
1463 4176 79
1463 4838 38
4176 2513 58
2298 3283 80
2298 422 33
2811 4964 15
781 4758 71
781 1231 28
781 1411 6
4758 3021 72
4415 3191 37
2374 4218 81
2374 3348 80
2374 3325 6
1815 4520 72
4520 4320 94
4520 612 2
3878 4296 75
3878 990 17
428 1407 41
1104 4364 27
1104 1086 20
4364 2033 18
659 981 16
981 1562 35
1689 696 30
1635 1057 22
1635 3547 68
1635 1382 97
3312 177 10
3312 1495 56
758 115 44
3620 4570 7
3620 2756 72
47 80 96
47 4420 1
80 358 88
80 3004 50
4094 1199 50
4306 4406 27
4306 4843 51
3711 1178 39
2690 1802 22
1168 2281 96
1168 3455 76
1168 696 65
547 1386 72
547 3140 87
1505 749 81
1505 1502 83
2929 1083 43
2929 2708 4
4424 4293 50
3682 3203 5
3682 3299 78
3682 694 65
2095 4937 14
2095 4308 12
4937 2049 37
4309 4993 18
4309 4486 23
3361 167 42
725 2866 87
725 1058 92
4202 2074 3
4202 441 3
2514 1513 43
2514 3768 87
2063 4288 92
2063 2867 100
2063 4265 18
4288 1921 97
1151 4960 29
4960 4821 77
2462 607 15
3734 4775 64
3996 4078 15
4909 4421 22
4209 517 51
4599 2260 47
4599 1775 38
4599 1684 64
4263 1776 56
4263 4494 52
4613 2467 63
3323 4864 9
3323 2656 47
3323 2065 55
4864 3517 18
4864 1821 50
1893 3853 70
1893 3647 20
3853 2269 36
3488 1093 34
2348 3165 54
692 1655 56
692 103 84
685 4500 90
616 3120 76
616 2168 76
3179 3191 60
3179 467 63
2123 943 41
2123 2708 53
2125 2993 25
1984 10 72
1984 3566 34
495 2578 11
2026 1903 64
1252 2630 8
3579 3195 15
652 795 61
652 1020 15
3482 384 21
3394 1898 72
10 4244 77
3151 4891 63
3151 4699 41
3151 1054 35
4891 4008 56
1776 4945 98
4060 2737 64
4060 1764 94
777 1604 53
1604 2773 83
1604 3119 38
2816 3447 33
2816 2657 46
4355 1204 75
4355 378 96
1502 2626 58
749 3051 71
749 4565 68
1854 1775 66
1199 2227 4
1199 1280 58
917 4295 58
917 3736 13
917 901 33
4683 811 1
4497 4568 67
4497 3389 4
4568 1553 28
4296 2073 36
4296 2590 93
4296 3449 94
1231 4413 46
1231 922 19
1843 1354 90
1843 1276 13
408 88 43
408 881 19
2759 4609 32
2759 1976 44
2759 178 1
4609 1459 25
4609 1008 46
3419 4439 33
3566 2050 81
1459 2783 80
2395 4103 58
2395 3141 11
4103 3675 45
1500 1808 85
1500 1439 53
2049 2038 90
2049 1475 2
3588 4612 36
4612 1135 15
4612 538 30
4612 4191 46
3517 1999 16
4583 3047 78
1657 607 33
3543 414 38
134 4634 34
3 2018 97
3421 607 94
2905 4350 87
1387 1901 35
3747 1076 24
63 4216 86
63 1798 46
63 3881 90
221 2767 96
221 3739 87
4071 1519 28
4071 1206 80
1673 2833 56
4963 2581 58
3940 4934 3
926 3500 30
926 466 81
926 258 91
3500 3263 37
3500 3389 23
3500 1861 55
2259 1416 81
614 3647 17
614 2459 61
1461 4948 35
1461 1457 98
4948 384 21
977 1316 4
977 689 56
1366 3893 99
1366 3499 46
3893 4842 50
3893 945 26
1614 4143 83
4143 3112 45
3348 4777 35
718 824 58
824 2712 27
1969 2234 78
3584 1702 33
3584 212 57
1817 3113 20
1751 4498 68
1751 4570 69
2279 4779 1
2279 4651 47
3494 3469 27
1513 2009 95
4425 4801 5
4425 212 14
3195 1076 55
3195 116 83
3195 1562 51
1576 1074 30
4766 2100 4
4766 2662 38
1976 3616 25
1976 471 68
1976 499 70
4855 1498 89
2908 275 71
2234 272 62
178 3743 44
608 4577 79
608 4486 87
4577 224 89
4577 4283 26
943 4595 41
943 521 69
3258 4811 40
3258 1407 61
3165 768 95
2522 3864 29
1460 2992 89
1460 4443 71
2992 1865 43
2586 2227 71
2586 2287 24
4575 3455 70
4575 958 27
459 4283 45
459 1135 33
3097 3141 2
3097 3085 38
3097 832 21
3097 1720 42
3141 3064 47
1204 2109 77
4780 4975 26
4780 1615 43
4975 4777 50
4975 4809 90
4327 3008 19
4327 307 81
2730 6 87
1495 2060 65
1495 4122 39
3841 4466 4
1760 4802 84
840 4890 99
1316 4567 95
1426 2410 37
1426 2841 49
140 890 52
3433 466 87
582 3719 46
582 2161 33
276 3965 14
2867 2284 38
1856 2793 78
3300 4934 10
3300 2209 97
3300 4033 17
3899 395 32
1038 4830 82
4830 2829 11
2943 275 83
3691 19 93
3691 782 100
2630 2837 39
1066 3467 50
2756 3140 8
2756 1941 24
19 212 81
1191 39 18
3262 358 17
3262 3087 73
2793 4694 72
1565 2495 92
1565 4633 56
1565 4204 93
3404 4336 49
3404 3056 24
4581 1468 9
3200 2931 3
3667 3739 83
4996 812 91
1536 1930 22
1152 2376 17
1152 538 8
1742 3481 14
1742 3399 35
1742 4617 89
1742 2150 96
3481 470 47
3481 232 4
2781 4570 69
429 3047 67
429 3451 63
429 2902 71
1313 4068 31
3908 3881 56
3908 2949 2
4235 4796 39
893 2344 42
893 2130 16
893 470 90
2344 1486 20
2603 3372 3
3372 4516 29
958 3851 37
958 2376 76
1337 233 66
414 3743 79
414 21 47
2949 3851 59
2949 2226 4
2152 644 62
2892 4154 43
2892 3501 100
1498 1841 83
224 4413 81
3326 3903 89
3110 3513 45
3110 3508 37
3024 2993 98
3505 4445 58
1538 2593 2
1538 1832 44
2593 1881 13
4207 899 83
3434 3699 48
3434 4858 96
3008 1457 30
3008 1155 10
77 4376 41
77 1708 90
4376 2736 70
1202 3186 50
551 4484 9
551 1376 56
988 2957 26
2957 1382 19
573 216 49
4956 4033 72
302 4254 27
257 1329 66
1816 4802 30
1444 4706 34
1444 4499 1
1444 782 90
3185 437 71
1162 571 38
3120 693 21
545 2737 88
545 2033 64
4439 3290 46
4439 3849 25
679 1276 5
679 835 39
679 1973 36
942 3189 65
942 3426 7
4319 508 32
4258 3264 25
2050 2242 26
2242 460 25
2242 1041 46
1054 1308 50
4491 1000 19
2834 3956 51
3854 1995 81
2073 3895 19
3169 4749 15
3077 901 57
3077 3264 14
3077 233 9
2188 4826 53
4810 3547 14
4466 1594 32
3977 3932 2
1435 2656 44
3814 4694 64
2977 2634 49
4198 2479 5
4198 3791 10
3051 2783 95
3501 2223 11
412 1400 36
401 3947 9
217 4681 44
3932 4358 89
1846 3907 18
4779 4901 91
4779 800 17
4556 4869 56
1708 478 35
1708 3652 80
4292 876 83
1411 2850 37
2147 782 57
4737 1860 47
903 2631 12
903 238 69
903 3422 33
791 3274 5
4134 689 41
4134 2150 47
4134 422 9
1482 1551 71
1022 4777 68
1022 2497 66
3345 3646 86
3345 3760 41
3345 2916 96
3345 4500 38
3117 945 60
1551 3112 45
1551 2427 28
1551 4 62
4336 2459 79
4336 3674 95
927 252 41
2222 520 73
3010 1086 19
3010 2821 9
3401 3118 24
3791 3186 54
901 2409 38
1205 3794 28
1230 2774 69
2774 3014 60
2033 3768 79
1348 2537 41
1348 4784 34
2537 522 93
3864 668 94
3196 4982 81
4358 2860 30
4358 2562 80
876 395 82
3104 4902 97
1068 2489 36
2353 2164 71
8 1865 31
4696 672 72
2420 4768 58
1475 2019 54
3467 2529 27
3467 2810 16
604 830 67
4879 3422 59
4879 1449 31
2328 1140 75
2328 4680 9
466 3538 100
4681 1757 40
4681 1715 47
3768 4842 29
3768 3402 60
4842 116 49
1944 4237 95
340 1878 23
340 1418 54
1878 3447 13
3983 3537 78
700 4489 14
2354 694 71
2354 522 39
2354 1110 49
391 4445 88
4445 4082 60
1519 4869 12
4008 4837 21
4008 3047 14
4837 3115 70
3113 4924 70
1091 460 90
1091 3276 66
2656 255 54
517 770 44
770 88 27
770 116 32
2162 751 57
601 3894 71
601 4233 11
2531 1859 71
2402 1309 10
4416 4547 92
4751 2287 39
4751 2843 66
3288 2588 14
1409 3273 78
1409 4016 48
3273 1275 24
1458 6 20
1458 9 60
498 2455 78
498 3355 20
252 4563 23
252 878 56
1456 4250 8
2041 1973 89
2041 4432 93
3034 1857 53
4869 4904 7
3739 1354 59
3739 4684 10
3889 663 55
136 1280 51
384 2590 90
384 1679 61
2161 3532 35
4122 2797 27
155 1720 65
155 2749 79
1720 1795 62
1720 2833 1
253 72 60
253 4890 59
4182 3976 62
4182 2629 38
830 2532 88
830 1135 2
905 2993 70
4868 2682 31
4775 1096 62
522 366 87
3868 4867 64
2227 3652 66
2578 4821 94
663 3415 13
663 9 22
3415 2757 97
4934 3134 49
2335 541 36
3007 421 12
2019 4625 67
4625 3248 89
4625 4422 46
2757 635 41
2757 2157 17
576 3672 85
668 2833 75
2833 4254 28
899 1039 96
899 585 74
899 2297 58
2091 1702 45
4633 1871 44
1656 3128 46
1656 2954 54
1656 2376 92
3362 3650 31
1004 2841 26
1004 863 95
105 2042 8
2209 473 19
4595 3586 58
4595 2437 62
3917 811 28
3056 3894 90
3056 1254 59
2773 3340 73
1929 3676 54
1929 2223 100
3513 873 98
3513 145 85
3618 4805 34
3587 2931 63
4031 3252 59
4031 708 77
355 1702 14
355 441 97
1702 4867 4
2110 4484 29
1716 1558 78
1120 2275 39
3004 1296 24
3508 2637 9
1884 116 47
395 3021 37
4962 3140 60
325 3469 7
812 3647 26
4254 2940 91
4254 1602 31
2841 4516 70
1457 4563 4
2218 2916 25
990 2682 75
990 1076 27
970 1159 69
358 2662 77
358 4368 62
3811 2821 25
3811 693 90
3811 3699 3
1865 2418 66
1865 1416 35
1354 4507 48
3881 2843 13
3652 734 46
3652 863 44
4078 1255 70
1770 2550 42
1770 2708 53
1770 1496 80
959 4033 91
959 4422 61
1203 3399 75
3937 3031 40
2459 3355 7
1871 1860 76
3252 437 5
2038 3873 36
3276 4516 76
3276 103 25
4267 4587 9
2295 635 89
4507 2950 51
4507 2055 82
4507 1256 77
1280 4154 35
1280 1539 45
4154 1318 49
41 181 94
3455 3677 17
4553 825 1
1368 3831 95
945 3371 98
2437 3283 67
2479 470 2
3831 4256 98
1558 3676 37
635 378 81
4563 2266 14
2018 3340 93
2018 922 64
23 1058 8
1132 499 42
1132 1515 73
4769 691 74
238 4295 71
2390 1190 4
3749 2065 36
3749 2370 32
4368 26 56
1670 88 41
3907 4587 73
4057 4818 94
1901 69 92
1076 1382 43
3280 1990 4
3555 585 99
2634 2275 16
88 2561 42
4436 1318 28
2275 3290 43
4261 2636 25
828 4334 85
705 800 84
705 415 31
2213 4694 23
177 4484 76
1795 1377 9
255 4964 37
255 1684 52
4964 2931 79
3499 2305 39
3274 3865 18
3865 1833 80
507 731 34
3469 4652 19
3469 1058 52
4843 4715 10
2987 553 14
135 1798 72
135 4794 19
1798 1636 63
3390 258 45
3134 4715 60
521 2555 95
421 613 12
2822 375 19
2822 1767 79
3956 4484 84
1857 1667 93
1086 1155 18
553 478 28
2169 4421 36
4486 1340 69
532 2708 100
3128 1309 4
3128 3674 48
1912 3676 64
3244 437 32
3244 284 77
366 3317 1
366 1318 8
2268 2581 37
69 4270 40
1636 46 80
478 4822 79
3290 2767 31
1544 621 58
1544 3115 18
3016 4995 77
734 1024 25
1093 509 23
1093 1832 76
4694 2055 71
3213 3065 48
449 3794 78
4250 3794 37
2527 4240 56
1885 4374 33
1885 1869 27
1885 976 7
3119 375 54
3924 79 87
3924 3302 8
3676 2835 88
976 4150 52
37 621 55
3058 4652 7
1847 2819 1
2819 2657 59
4640 4848 20
1284 1727 53
4768 1057 72
65 4916 82
3317 3821 63
405 1030 68
1030 4652 71
890 1945 40
2648 1933 54
2648 3426 16
2648 4567 18
79 1869 70
4420 2427 38
2954 26 43
3299 3302 18
3299 1903 3
1000 936 49
2810 2176 64
3812 4082 84
3812 3851 4
696 1767 6
2235 4421 41
2235 991 52
4500 2712 91
4902 3742 33
2164 3826 54
3106 3115 74
3106 1330 96
1775 2116 89
4699 272 58
2226 3283 66
2130 4265 81
3426 4863 45
3760 4175 50
3760 4651 58
3760 280 26
460 1921 19
4863 4508 29
1400 644 87
1400 825 17
648 1384 29
648 1470 15
2797 6 26
1727 3980 49
280 4244 16
4244 4295 99
4715 415 76
2031 878 94
3976 3873 94
4041 2714 9
2637 4222 56
4422 571 69
4916 2787 64
1125 279 80
922 933 99
922 1384 5
1761 4983 68
1715 2837 19
710 2863 95
4617 272 38
565 3647 92
571 2409 37
799 4567 41
21 3699 82
274 3118 29
274 3537 93
2803 4904 87
1140 1058 7
745 2748 34
613 1941 76
1764 4508 31
1764 835 27
499 258 80
2837 1840 8
3211 1539 91
103 1875 70
1060 3650 53
612 3980 20
3449 344 94
3449 4050 54
610 672 54
1930 1499 6
1930 4519 84
4635 2448 83
4635 1467 1
3065 1578 54
1971 2107 88
1971 873 70
1407 782 50
2843 90 86
4027 1008 76
4027 1951 21
2252 3219 91
4350 541 72
3186 184 48
145 2714 8
26 1356 58
2623 467 4
1024 3537 87
1178 2176 18
1684 2116 11
1869 3363 54
1869 46 7
4857 4983 54
467 3672 1
189 2285 37
4904 4917 80
2732 3343 74
4858 4706 56
2767 1900 32
1061 167 87
3670 436 83
3670 1307 13
167 1881 63
1418 3189 15
1296 2116 77
585 2194 77
3031 4558 38
3451 3325 65
3451 1356 67
3895 1190 58
3740 46 26
863 4668 9
2370 2770 25
3096 878 80
3472 3547 5
1767 1254 82
2931 1041 86
74 4983 78
800 4706 37
1951 4818 64
509 3538 93
2550 1041 97
2771 825 72
1057 2748 31
2748 1254 31
1256 1515 18
4508 3538 71
862 1921 6
1848 873 64
1554 1991 52
1554 4749 95
28 541 45
3230 3350 81
1115 2065 59
3064 4993 64
4107 2068 13
936 1041 2
1945 3052 22
3052 1369 97
4135 279 3
4 4818 33
4 1467 21
4175 2181 69
4191 279 76
1041 258 22
3640 4265 38
3640 1058 18
1449 3325 59
184 1801 21
