5000 12500
416 3999 49
416 4357 18
416 4647 77
416 3891 93
416 364 64
3999 878 47
3999 744 89
3999 2906 59
3999 3528 28
994 1761 64
994 2374 47
994 2530 64
994 3127 21
994 1883 60
1761 3115 54
1761 3545 93
1761 2536 4
1761 2642 49
154 4228 25
154 1172 71
154 4194 27
154 2531 91
154 3639 65
4228 706 100
4228 1130 23
4228 4570 16
4228 2803 8
139 1210 89
139 4826 78
139 2522 91
139 4486 66
139 1584 23
1210 112 59
1210 2864 80
1210 1889 85
1210 3837 59
1888 3435 90
1888 3412 68
1888 3719 73
1888 2323 43
1888 3548 61
3435 2795 54
3435 3464 70
3435 2967 76
3435 1724 3
1633 4377 25
1633 3871 79
1633 157 6
1633 2267 63
1633 3539 20
4377 2869 42
4377 1103 23
4377 1819 92
4377 426 62
527 2029 2
527 4606 94
527 3591 97
527 4644 57
527 861 16
2029 1158 8
2029 475 60
2029 3845 80
2029 3400 40
1461 3856 59
1461 3979 42
1461 3230 66
1461 4637 91
1461 1054 83
3856 4789 58
3856 5 94
3856 4538 31
3856 4037 93
3510 4350 48
3510 1427 49
3510 4998 8
3510 1605 92
3510 4353 19
4350 3751 76
4350 531 87
4350 2696 69
4350 861 42
392 2070 80
392 1027 31
392 3151 4
392 861 22
392 1776 68
2070 3376 52
2070 1500 94
2070 3484 54
2070 1296 89
865 4505 89
865 2206 19
865 2027 41
865 120 87
865 4714 48
4505 521 53
4505 160 55
4505 97 17
4505 2533 41
3234 4415 83
3234 3135 99
3234 3376 22
3234 4966 21
3234 1789 89
4415 4371 64
4415 1370 57
4415 4857 36
4415 2455 39
1894 2691 1
1894 2529 89
1894 1156 87
1894 3250 24
1894 4352 56
2691 3547 25
2691 2048 88
2691 3993 81
2691 772 85
698 1884 96
698 3163 95
698 3068 1
698 1035 90
698 984 3
1884 2897 29
1884 131 55
1884 317 99
1884 3734 58
2594 3560 3
2594 357 57
2594 4323 1
2594 4936 96
2594 1091 37
3560 4602 83
3560 3046 71
3560 1211 98
3560 3437 17
290 1793 55
290 4600 77
290 4721 29
290 2748 8
290 141 48
1793 1806 16
1793 2782 44
1793 1686 96
1793 619 15
553 4647 75
553 764 37
553 1967 97
553 1103 39
553 2075 40
4647 3602 89
4647 2320 10
4647 3522 28
2333 2738 90
2333 4968 48
2333 1820 94
2333 751 36
2333 316 31
2738 325 60
2738 300 64
2738 2680 11
2738 3537 40
79 563 6
79 4997 53
79 3697 25
79 2317 10
79 66 19
563 3130 6
563 3495 17
563 1110 55
563 366 29
208 3188 100
208 3024 49
208 4572 60
208 4989 83
208 3568 88
3188 3300 22
3188 2221 71
3188 3479 23
3188 2573 89
2818 4244 69
2818 2569 71
2818 768 8
2818 4756 31
2818 657 72
4244 4443 37
4244 3455 56
4244 3406 18
4244 4593 11
2200 3377 38
2200 4858 38
2200 4787 59
2200 1177 6
2200 3936 49
3377 2917 61
3377 671 42
3377 4776 26
3377 4230 72
359 1600 60
359 1296 93
359 2943 11
359 315 89
359 4766 79
1600 440 6
1600 3847 23
1600 1861 10
1600 1792 47
345 3651 63
345 1330 49
345 209 19
345 1601 73
345 2568 60
3651 4644 36
3651 1769 20
3651 1261 29
3651 3224 48
1255 3872 87
1255 2115 20
1255 1547 96
1255 2796 54
1255 1173 64
3872 1532 38
3872 3846 88
3872 4491 64
3872 254 38
1138 2304 24
1138 1541 55
1138 759 61
1138 195 69
1138 4107 72
2304 1662 2
2304 4375 93
2304 2313 61
2304 2152 77
2755 3141 99
2755 76 6
2755 841 86
2755 2210 74
2755 2548 6
3141 3036 58
3141 1458 67
3141 1856 25
3141 2416 8
76 2214 51
76 1092 27
76 1376 7
76 4693 40
2214 4258 76
2214 2892 81
2214 697 34
2214 2798 85
1927 2989 22
1927 1187 46
1927 3204 29
1927 2418 83
1927 3337 69
2989 2544 41
2989 4103 58
2989 4764 11
2989 2565 74
526 730 59
526 1134 96
526 353 100
526 3205 30
526 2096 73
730 2986 78
730 3603 45
730 4014 90
730 3589 25
2723 4357 45
2723 866 52
2723 3641 87
2723 2771 43
2723 4671 12
4357 533 87
4357 1679 94
4357 2531 30
278 628 89
278 1050 21
278 4364 90
278 3122 98
278 3488 99
628 903 76
628 4743 20
628 230 16
628 3577 50
742 1257 98
742 3353 1
742 3467 61
742 4912 91
742 3666 57
1257 3800 35
1257 2931 37
1257 2473 28
1257 3218 36
963 2653 27
963 6 5
963 4854 5
963 4396 22
963 1441 73
2653 765 73
2653 3517 15
2653 2722 78
2653 1478 43
1899 2109 46
1899 171 26
1899 4943 94
1899 3271 47
1899 3598 64
2109 1335 52
2109 3516 3
2109 2440 4
2109 3776 60
2704 3031 95
2704 3069 55
2704 327 100
2704 1221 88
2704 1301 81
3031 4906 62
3031 1125 31
3031 3443 89
3031 551 35
4259 4451 1
4259 1105 2
4259 4368 33
4259 2447 38
4259 1659 77
4451 4232 12
4451 386 75
4451 3654 50
4451 1432 80
811 4245 46
811 2447 81
811 918 24
811 443 26
811 3265 87
4245 4254 42
4245 4043 9
4245 2903 80
4245 2593 43
167 3951 41
167 4382 5
167 4991 67
167 4790 95
167 3219 46
3951 3376 60
3951 784 84
3951 2202 67
3951 4959 50
2204 3388 28
2204 399 6
2204 2429 6
2204 3119 87
2204 641 40
3388 4690 40
3388 613 41
3388 1062 96
3388 2692 89
2703 4792 89
2703 1740 77
2703 4258 19
2703 2201 24
2703 2577 69
4792 15 25
4792 4762 33
4792 2145 23
4792 4052 47
824 4709 40
824 1057 59
824 4870 59
824 3886 72
824 4230 6
4709 2063 5
4709 2799 63
4709 2448 57
4709 4583 52
1820 2230 55
1820 4031 87
1820 2657 25
1820 3035 8
2230 3159 85
2230 3981 17
2230 4432 93
2230 1521 72
3086 4301 77
3086 4893 52
3086 4595 18
3086 3229 52
3086 3334 57
4301 4692 21
4301 4214 66
4301 3772 65
4301 84 66
385 3615 26
385 354 28
385 570 28
385 829 28
385 1130 54
3615 2337 30
3615 1728 47
3615 2464 81
3615 1389 6
168 877 11
168 4980 37
168 4477 9
168 3243 74
168 4950 8
877 4169 32
877 1871 76
877 2851 97
877 3827 98
101 1870 11
101 693 21
101 1829 88
101 531 49
101 3108 48
1870 3758 36
1870 2027 35
1870 3869 83
1870 193 43
197 1578 17
197 770 80
197 1885 44
197 932 9
197 4860 19
1578 4555 51
1578 1164 92
1578 2422 79
1578 2212 46
1468 2007 37
1468 3477 49
1468 4943 14
1468 2028 18
1468 3509 97
2007 3714 74
2007 1688 72
2007 1421 99
2007 3051 44
4229 4464 61
4229 4512 40
4229 404 36
4229 1466 1
4229 30 89
4464 1202 53
4464 3312 32
4464 999 24
4464 375 75
2842 2857 11
2842 872 81
2842 1221 66
2842 3742 29
2842 862 44
2857 2732 15
2857 3428 60
2857 1915 21
2857 2260 74
2475 3329 32
2475 2222 90
2475 4582 81
2475 3537 14
2475 4076 45
3329 777 35
3329 501 47
3329 425 79
3329 4056 55
439 559 38
439 2894 50
439 4595 40
439 4704 20
439 1063 21
559 3487 11
559 1308 49
559 2600 40
559 2642 92
1647 4638 86
1647 4179 40
1647 2383 85
1647 4831 21
1647 2247 67
4638 943 84
4638 2153 94
4638 88 12
4638 810 92
136 521 45
136 164 50
136 382 89
136 1055 87
136 2722 70
521 4033 9
521 4883 14
521 4445 83
1087 3483 43
1087 1822 82
1087 809 94
1087 4929 91
1087 3200 78
3483 630 38
3483 4621 67
3483 646 23
3483 2949 5
1974 3986 92
1974 1351 60
1974 3657 28
1974 495 52
1974 3442 30
3986 3107 26
3986 1682 85
3986 2305 55
3986 1110 59
19 646 90
19 3632 91
19 477 48
19 3722 37
19 3658 35
646 4857 71
646 4465 97
646 2788 89
619 4317 16
619 1585 55
619 3515 18
619 1792 94
4317 3157 2
4317 311 61
4317 4058 10
4317 237 42
1216 2321 98
1216 286 65
1216 1629 19
1216 4220 96
1216 4133 71
2321 4045 77
2321 4141 49
2321 4215 64
2321 3448 49
789 2779 81
789 1923 7
789 851 36
789 4698 75
789 3956 10
2779 2741 83
2779 3979 23
2779 3563 33
2779 4801 21
756 2602 58
756 1655 90
756 84 66
756 3235 93
756 817 4
2602 4495 80
2602 1941 60
2602 4465 54
2602 1418 49
1535 4289 31
1535 280 11
1535 1376 18
1535 2159 11
1535 4595 4
4289 2249 38
4289 63 21
4289 1455 71
4289 4830 54
2008 4738 2
2008 2543 77
2008 3532 37
2008 2608 7
2008 2038 18
4738 463 5
4738 4627 75
4738 1112 23
4738 3178 1
1208 3894 61
1208 2098 86
1208 4721 83
1208 774 18
1208 3486 70
3894 3308 3
3894 4440 78
3894 1410 41
3894 2605 24
284 1331 6
284 952 40
284 3895 94
284 681 51
284 3184 30
1331 1191 20
1331 3556 84
1331 618 35
1331 4016 32
468 3892 51
468 2701 26
468 4058 75
468 3837 48
468 4815 32
3892 1760 95
3892 1354 38
3892 1163 70
3892 1925 16
373 4261 2
373 2591 33
373 969 42
373 395 6
373 3916 33
4261 1799 4
4261 1482 97
4261 450 88
4261 1898 19
1390 1427 57
1390 3331 17
1390 1764 20
1390 2493 13
1390 357 44
1427 2071 82
1427 409 12
1427 2303 37
115 4262 16
115 3017 38
115 795 57
115 2192 4
115 422 87
4262 3598 19
4262 1123 9
4262 1060 62
4262 1842 23
1073 1491 29
1073 3600 26
1073 4013 37
1073 2459 78
1073 1902 11
1491 4988 89
1491 1662 92
1491 4176 62
1491 1682 88
3392 3795 93
3392 4899 91
3392 2314 96
3392 3643 49
3392 1435 2
3795 4789 77
3795 1261 33
3795 447 75
3795 2361 9
240 2456 89
240 1409 52
240 1199 54
240 2369 94
240 2893 62
2456 3362 78
2456 4771 74
2456 328 20
2456 1408 59
2583 4151 17
2583 2329 69
2583 2607 35
2583 2410 74
2583 961 31
4151 4189 48
4151 1948 6
4151 469 18
4151 4712 84
129 2854 64
129 301 90
129 4570 34
129 2227 87
129 4962 76
2854 3278 34
2854 724 59
2854 984 45
2854 3279 91
1177 1319 5
1177 1168 19
1177 3713 13
1177 4113 40
1319 4216 30
1319 1378 3
1319 1305 24
1319 2107 70
1409 153 97
1409 4741 23
1409 3365 61
1409 404 30
1645 2067 53
1645 3238 84
1645 1920 41
1645 1201 65
1645 3187 89
2067 4022 52
2067 2099 19
2067 1985 47
2067 2496 49
334 1044 9
334 9 73
334 2438 56
334 3092 94
334 3519 88
1044 3851 89
1044 2993 4
1044 2927 32
1044 3579 76
1430 2667 86
1430 1620 95
1430 2471 99
1430 2998 18
1430 2617 82
2667 2388 84
2667 4476 99
2667 3292 69
2667 3838 33
29 2623 33
29 832 69
29 3346 11
29 2208 77
29 2335 15
2623 2050 27
2623 1746 54
2623 4641 80
2623 4181 89
1158 4423 71
1158 1587 10
1158 1730 77
1158 2911 17
4423 4996 80
4423 4339 15
4423 4132 66
4423 3276 60
1189 3773 22
1189 1533 1
1189 1768 85
1189 4295 74
1189 551 16
3773 2524 7
3773 117 4
3773 4781 2
3773 2459 54
1691 4694 55
1691 1916 24
1691 2701 65
1691 2812 39
1691 4656 100
4694 2900 63
4694 537 46
4694 649 29
4694 979 13
4893 4506 65
4893 3030 93
4893 1828 25
4893 4122 21
4717 4874 16
4717 4657 3
4717 2434 95
4717 1542 93
4717 1568 57
4874 2744 84
4874 3253 92
4874 2970 69
4874 1423 81
471 3264 50
471 1469 62
471 4227 46
471 2430 61
471 4463 63
3264 4539 47
3264 4475 8
3264 911 54
3264 1438 97
138 580 64
138 4110 63
138 3703 87
138 4200 99
138 621 99
580 4830 46
580 4819 58
580 1314 38
580 3852 15
298 4504 24
298 3556 75
298 3734 90
298 4137 22
298 2947 66
4504 1823 92
4504 2400 62
4504 3144 41
4504 2843 73
1620 1291 30
1620 3781 73
1620 1659 2
1620 891 88
1811 4466 79
1811 4201 17
1811 4061 8
1811 2263 55
1811 3466 90
4466 3054 6
4466 3900 30
4466 4977 22
4466 893 25
720 935 39
720 822 79
720 2772 97
720 3477 34
720 2376 91
935 2584 19
935 1081 33
935 2674 45
935 3523 81
1914 2901 99
1914 3111 64
1914 2000 4
1914 27 54
1914 1273 58
2901 711 54
2901 3187 58
2901 2003 10
2901 3798 50
3959 4185 45
3959 2983 18
3959 46 34
3959 4627 88
3959 4380 80
4185 3756 31
4185 4028 91
4185 987 25
4185 2337 93
2637 4922 22
2637 490 14
2637 1091 29
2637 2394 11
2637 1117 61
4922 1712 23
4922 2909 82
4922 1644 36
4922 3712 35
3953 4370 26
3953 2339 11
3953 2266 47
3953 466 51
3953 2806 58
4370 1878 9
4370 412 95
4370 3248 37
4370 987 53
1198 4882 3
1198 1422 14
1198 263 7
1198 991 33
1198 4369 94
4882 537 40
4882 4891 25
4882 508 24
4882 2411 68
4033 4070 58
4033 4314 15
4033 1264 39
4033 3570 71
4070 3301 42
4070 1021 22
4070 3711 42
4070 153 5
2524 2537 1
2524 1832 25
2524 4558 44
2524 302 64
2537 3082 25
2537 1589 48
2537 446 74
2537 2753 31
3081 3623 83
3081 2299 88
3081 4652 88
3081 2508 56
3081 993 90
3623 2670 42
3623 4210 2
3623 3689 60
3623 2231 82
495 4910 14
495 3644 29
495 2037 60
495 221 10
4910 2541 38
4910 3742 64
4910 1135 38
4910 1885 6
1978 2778 59
1978 3745 86
1978 4657 10
1978 953 81
1978 3513 59
2778 1463 15
2778 3030 39
2778 4064 60
2778 4656 7
1031 2675 67
1031 195 77
1031 3080 9
1031 4115 32
1031 3102 20
2675 2611 68
2675 2093 41
2675 4503 100
2675 640 16
114 1017 90
114 1498 20
114 1007 75
114 1550 45
114 4132 56
1017 4642 49
1017 930 30
1017 47 33
1017 4476 75
3620 4840 38
3620 3553 87
3620 90 47
3620 4987 7
3620 1907 25
4840 2880 89
4840 3635 69
4840 3616 2
4840 2858 45
2679 2825 17
2679 2645 49
2679 1795 84
2679 4502 29
2679 2889 84
2825 2879 73
2825 2207 31
2825 4075 46
2825 1504 32
2617 3933 2
2617 292 77
2617 2687 22
2617 3815 84
3933 4681 73
3933 1262 25
3933 3897 7
3933 4773 68
2879 4856 28
2879 2869 4
2879 4665 23
2879 1413 69
573 3517 62
573 1533 98
573 2887 83
573 415 23
573 192 11
3517 4017 11
3517 2749 89
3517 972 99
213 996 28
213 2761 22
213 2631 69
213 1280 95
213 4630 71
996 2422 13
996 3341 3
996 3767 65
996 3935 77
194 4918 87
194 1553 57
194 3273 74
194 1479 46
194 1965 93
4918 840 89
4918 2516 6
4918 3600 95
4918 4956 72
1505 3726 48
1505 922 82
1505 3480 76
1505 2145 68
1505 3814 13
3726 452 77
3726 3703 13
3726 2362 72
3726 1250 78
1579 2251 45
1579 1001 33
1579 3467 78
1579 2043 24
1579 3208 54
2251 3597 35
2251 2961 84
2251 2502 23
2251 610 43
1061 2554 46
1061 193 43
1061 3525 44
1061 1431 46
1061 304 11
2554 444 22
2554 658 50
2554 4139 61
2554 4083 45
937 4962 71
937 1759 6
937 1121 62
937 2771 86
937 1961 58
4962 4383 16
4962 4726 39
4962 104 55
1503 3653 35
1503 2911 51
1503 700 90
1503 980 38
1503 12 83
3653 4326 95
3653 2756 68
3653 4966 9
3653 4471 60
1723 4888 10
1723 1700 1
1723 1034 7
1723 2731 35
1723 1985 68
4888 1596 17
4888 1437 25
4888 739 12
4888 1323 38
3920 4314 64
3920 589 55
3920 4870 92
3920 4293 55
3920 1431 77
4314 4990 51
4314 4092 81
4314 3093 75
2151 3874 61
2151 718 76
2151 2316 97
2151 4660 86
2151 1771 99
3874 868 33
3874 552 68
3874 2824 54
3874 4509 2
1528 4649 48
1528 4013 16
1528 4485 79
1528 4916 42
1528 910 66
4649 3500 29
4649 2966 42
4649 1314 3
4649 4076 87
1700 2275 93
1700 399 77
1700 1490 1
1700 1320 32
2324 3536 58
2324 4461 13
2324 1028 91
2324 4271 96
2324 2929 65
3536 4264 10
3536 4921 11
3536 4861 31
3536 1673 74
1570 3828 10
1570 3722 50
1570 1797 79
1570 375 13
1570 1439 63
3828 4231 56
3828 3912 45
3828 2747 64
3828 524 22
4240 4669 65
4240 2662 59
4240 4037 93
4240 3082 45
4240 2105 29
4669 1340 78
4669 928 57
4669 3217 69
4669 410 22
1148 4135 45
1148 1841 32
1148 2083 45
1148 4890 74
1148 772 8
4135 2748 54
4135 2312 3
4135 2813 21
4135 2731 34
2194 3426 16
2194 1749 42
2194 758 72
2194 4563 91
2194 3114 89
3426 2296 83
3426 4327 99
3426 846 40
3426 657 74
427 3584 35
427 2847 3
427 2284 32
427 769 99
427 4803 4
3584 170 34
3584 1117 56
3584 2139 61
3584 4680 53
2373 3428 79
2373 2678 31
2373 4631 9
2373 3178 6
2373 1824 84
3428 1798 29
3428 1353 55
3428 1812 4
292 3625 15
292 1779 85
292 1950 20
292 478 19
3625 4682 40
3625 1240 67
3625 1690 37
3625 3533 9
891 4213 47
891 2439 86
891 3903 82
891 522 30
4213 4524 28
4213 2838 12
4213 1150 22
4213 1506 42
4298 4381 36
4298 480 55
4298 2024 57
4298 1619 82
4298 3565 35
4381 4690 80
4381 2269 8
4381 3876 25
4381 3796 51
227 786 14
227 4912 58
227 1826 33
227 3582 2
227 714 41
786 1909 42
786 176 42
786 3257 37
786 2132 39
2190 2260 58
2190 3861 79
2190 1886 21
2190 386 22
2190 3383 41
2260 3766 91
2260 4109 99
2260 1493 18
3962 4432 73
3962 3672 28
3962 4693 21
3962 3878 92
3962 4253 83
4432 4667 79
4432 4101 6
4432 4278 5
2253 3777 95
2253 4559 11
2253 2764 21
2253 574 5
2253 3602 90
3777 4808 15
3777 1834 43
3777 3817 39
3777 448 12
1806 1034 64
1806 1572 40
1806 1532 87
1806 1120 4
588 1179 95
588 2867 53
588 1559 24
588 3092 25
588 942 93
1179 2686 52
1179 992 95
1179 1802 55
1179 1608 90
3168 3524 44
3168 2906 44
3168 4112 23
3168 1810 32
3168 2954 68
3524 2988 89
3524 1993 49
3524 1949 94
3524 2718 42
755 1292 20
755 2457 8
755 2743 62
755 323 73
755 2089 42
1292 2437 93
1292 2296 32
1292 3509 82
1292 3557 77
1460 4491 59
1460 3800 78
1460 259 71
1460 3710 73
1460 652 43
4491 3432 51
4491 1122 48
4491 3928 57
727 3445 56
727 4047 29
727 1188 16
727 2175 35
727 2649 81
3445 4516 86
3445 3405 72
3445 1399 49
3445 2592 29
723 1754 66
723 1879 39
723 2972 12
723 2152 20
723 150 72
1754 4283 80
1754 3470 89
1754 2021 84
1754 3444 69
3042 4058 68
3042 2464 59
3042 1755 75
3042 3245 20
3042 262 11
4058 3814 84
4058 4202 90
2605 4057 49
2605 3544 72
2605 1988 74
2605 2982 84
4057 2472 31
4057 1686 77
4057 548 25
4057 231 19
2756 4226 77
2756 4109 30
2756 1516 98
2756 328 42
4226 217 72
4226 219 86
4226 1819 82
4226 1429 18
1916 2305 72
1916 2597 1
1916 940 57
1916 3463 26
4361 4972 93
4361 1164 24
4361 1308 35
4361 1013 28
4361 1992 34
4972 1057 48
4972 3869 69
4972 4713 23
4972 4534 69
765 2757 23
765 2442 72
765 4905 34
765 4930 86
2415 3667 48
2415 315 61
2415 4304 66
2415 4288 82
2415 1607 16
3667 4379 92
3667 2128 2
3667 4905 46
3667 3662 39
2248 4722 17
2248 2952 3
2248 3378 10
2248 985 53
2248 134 81
4722 4230 85
4722 2249 28
4722 4594 89
4722 2824 30
1919 3729 88
1919 3840 7
1919 2529 45
1919 4759 78
1919 1097 84
3729 566 39
3729 788 48
3729 2729 7
3729 229 70
4284 4725 21
4284 4580 100
4284 2234 63
4284 3225 79
4284 1334 75
4725 2912 61
4725 1866 77
4725 1005 39
4725 2504 52
1235 2050 22
1235 1833 47
1235 2088 56
1235 611 67
1235 3223 61
2050 855 30
2050 3074 1
2050 1224 60
268 1029 94
268 478 32
268 715 90
268 2793 2
268 4443 79
1029 822 38
1029 2791 27
1029 2188 6
1029 3186 50
1049 3580 18
1049 814 21
1049 4740 8
1049 3905 86
1049 2342 92
3580 4081 99
3580 4421 92
3580 4042 48
3580 1344 9
1321 1824 1
1321 3656 72
1321 2236 17
1321 3431 81
1321 1508 32
1824 4959 90
1824 3706 12
1824 3060 58
2678 3488 1
2678 3719 43
2678 4035 7
2678 3351 30
3488 1604 58
3488 791 92
3488 906 23
4176 4374 78
4176 4202 30
4176 3606 62
4176 1227 60
4374 3155 67
4374 4030 82
4374 4906 2
4374 1699 78
0 3466 86
0 3212 79
0 302 61
0 4983 71
0 586 21
3466 3649 63
3466 274 79
3466 2701 35
113 1128 66
113 3151 50
113 2830 35
113 3997 96
113 3172 64
1128 4090 86
1128 2523 25
1128 1948 55
1128 2967 88
3272 4641 70
3272 1539 75
3272 3693 93
3272 1502 1
3272 823 73
4641 2053 51
4641 2077 23
4641 3891 6
488 2237 76
488 1999 34
488 2348 2
488 2392 52
488 1697 66
2237 1882 52
2237 1480 15
2237 4270 34
2237 4071 87
1553 2561 17
1553 3471 74
1553 4520 98
1553 1555 89
2561 3169 71
2561 2663 70
2561 1369 69
2561 294 81
2181 3850 6
2181 3083 6
2181 1283 88
2181 3458 61
2181 3673 52
3850 1969 14
3850 4412 61
3850 595 23
3850 1302 96
2239 3303 81
2239 2874 88
2239 4807 74
2239 457 18
2239 3191 82
3303 1926 5
3303 2177 48
3303 3883 74
3303 1315 27
2062 4424 97
2062 3788 76
2062 1278 86
2062 4200 41
2062 4561 17
4424 487 64
4424 3487 44
4424 4952 89
4424 1949 2
28 4467 34
28 2914 73
28 3868 14
28 1886 64
28 2191 31
4467 1617 33
4467 4969 45
4467 1078 25
4467 3312 70
4110 3966 15
4110 4749 15
4110 4544 6
4110 4274 80
912 3467 74
912 1548 47
912 3206 75
912 796 66
912 1152 3
3467 570 27
3467 4676 35
1175 4106 80
1175 3001 83
1175 1265 88
1175 1088 19
1175 535 79
4106 3322 48
4106 2799 83
4106 2864 44
4106 3748 85
1335 3290 33
1335 524 38
1335 2006 63
1335 1560 77
3938 4209 34
3938 2422 32
3938 4981 71
3938 4091 48
3938 2468 26
4209 4035 70
4209 1661 67
4209 710 65
4209 2030 93
51 4599 2
51 1081 35
51 3628 62
51 4305 75
51 3814 42
4599 1228 51
4599 692 37
4599 2056 70
4599 998 34
1102 2810 88
1102 505 31
1102 3909 2
1102 2186 36
1102 4955 24
2810 2203 85
2810 2385 32
2810 1445 42
2810 2053 87
1625 2851 13
1625 522 31
1625 3899 32
1625 4371 99
1625 246 80
2851 2460 100
2851 921 14
2851 3558 91
85 4183 74
85 2569 17
85 4847 1
85 2343 52
85 3026 48
4183 1774 100
4183 1787 19
4183 1730 62
4183 3858 67
3089 4412 21
3089 1781 99
3089 3096 88
3089 1157 13
3089 1313 96
4412 3053 22
4412 735 95
4412 257 63
1561 3095 94
1561 2978 17
1561 1022 59
1561 2076 78
1561 2684 66
3095 680 39
3095 1372 4
3095 1176 75
3095 1881 11
2944 3994 91
2944 4128 3
2944 2088 1
2944 3166 81
2944 316 25
3994 4318 59
3994 96 47
3994 2805 49
3994 87 25
2710 3827 44
2710 4684 98
2710 2665 34
2710 266 75
2710 3319 91
3827 2591 74
3827 4520 36
3827 38 30
1485 2053 27
1485 2881 96
1485 4556 63
1485 3416 19
1485 3046 56
2053 1678 61
2053 1476 87
3231 4990 77
3231 3261 6
3231 682 6
3231 3415 97
3231 2780 28
4990 4006 39
4990 1562 12
4990 2584 32
1975 3903 13
1975 1863 62
1975 225 51
1975 1679 12
1975 1509 36
3903 815 73
3903 4752 27
3903 4831 7
2398 3969 38
2398 530 1
2398 3199 40
2398 2574 17
2398 1484 65
3969 3308 19
3969 3075 32
3969 4171 69
3969 2701 7
1751 1943 6
1751 2244 100
1751 876 60
1751 1457 3
1751 3918 77
1943 2660 82
1943 3654 41
1943 675 24
1943 3236 7
2069 2747 82
2069 2981 19
2069 2963 55
2069 2118 66
2069 4242 69
2747 3336 13
2747 1585 9
2747 4541 69
911 1000 32
911 1178 14
911 4939 67
911 626 50
1000 2819 12
1000 1572 43
1000 4963 97
1000 780 92
417 1660 66
417 3749 41
417 1283 27
417 1303 8
417 2846 30
1660 4207 55
1660 592 76
1660 441 15
1660 4197 35
117 3125 26
117 2549 80
117 4009 80
117 749 8
3125 4482 97
3125 3439 9
3125 1440 99
3125 3084 17
387 4935 29
387 4533 37
387 4354 19
387 760 62
387 1263 73
4935 3576 16
4935 1484 71
4935 1433 2
4935 256 35
1657 4496 49
1657 4822 37
1657 2599 83
1657 4499 35
1657 2035 95
4496 4917 35
4496 4061 14
4496 998 6
4496 3178 2
1228 3336 58
1228 1058 9
1228 4692 25
1228 1001 91
3336 3337 52
3336 1294 84
3336 3194 60
1071 1366 54
1071 1731 41
1071 3504 30
1071 1786 72
1071 4609 86
1366 3268 72
1366 1739 79
1366 950 1
1366 883 77
892 1889 69
892 3501 11
892 792 43
892 3169 63
892 4710 83
1889 4912 76
1889 1131 48
1889 3083 26
2812 3730 68
2812 1877 85
2812 4145 44
2812 1698 30
3730 3108 74
3730 1120 24
3730 210 31
3730 1908 10
3550 3696 35
3550 4663 89
3550 805 91
3550 844 3
3550 1568 38
3696 4036 4
3696 1296 78
3696 607 14
3696 3318 3
35 4483 69
35 3909 40
35 2498 32
35 2674 1
35 1419 40
4483 2353 85
4483 1332 58
4483 1577 32
4483 175 63
938 1776 64
938 1018 71
938 2133 100
938 4373 34
938 2831 71
1776 302 58
1776 4591 79
1776 2886 45
2072 3691 71
2072 990 91
2072 4577 95
2072 2155 14
2072 4563 86
3691 4614 27
3691 914 9
3691 1536 42
3691 2973 92
1012 1725 15
1012 2345 14
1012 4117 18
1012 267 72
1012 890 11
1725 1264 32
1725 2748 7
1725 3739 72
1725 2370 79
817 3701 44
817 764 35
817 45 37
817 2850 26
3701 4672 62
3701 3051 97
3701 4073 47
3701 3167 67
738 3179 38
738 4446 29
738 4272 10
738 2655 35
738 1336 37
3179 3864 77
3179 903 6
3179 162 46
3179 522 82
1699 4089 44
1699 3528 29
1699 2909 62
1699 4853 61
4089 1512 25
4089 1598 10
4089 2934 3
4089 1952 71
2172 2323 56
2172 3134 37
2172 1037 16
2172 3765 47
2172 2891 26
2323 188 34
2323 4981 78
2323 3564 10
1601 3288 34
1601 3477 45
1601 1470 70
1601 3740 71
3288 273 33
3288 120 81
3288 3843 15
3288 3833 60
448 3080 34
448 3000 34
448 57 43
448 4310 54
3080 1664 57
3080 900 37
3080 1651 87
995 1492 98
995 2659 43
995 389 7
995 3796 86
995 4400 60
1492 2336 21
1492 3026 8
1492 323 21
1492 3434 14
146 2486 15
146 1055 98
146 3762 96
146 2697 68
146 86 100
2486 2502 40
2486 1537 11
2486 4212 10
2486 2523 8
2964 3720 99
2964 3601 13
2964 486 74
2964 4716 81
2964 1042 14
3720 687 33
3720 2171 57
3720 1973 80
3720 741 81
2164 3630 78
2164 510 40
2164 836 54
2164 2154 66
2164 3102 14
3630 1151 47
3630 106 64
3630 1343 68
3630 388 58
2814 4944 47
2814 27 4
2814 2460 15
2814 3606 24
2814 3865 37
4944 502 86
4944 2365 61
4944 1917 85
4944 1881 88
1377 2762 65
1377 56 100
1377 4858 15
1377 4152 50
1377 1607 62
2762 2149 60
2762 4772 2
2762 3261 34
2762 3463 9
1506 3401 6
1506 2354 81
1506 3551 72
1506 2026 21
3401 255 47
3401 4620 37
3401 1701 56
3401 2804 6
711 2931 74
711 3832 57
711 3834 53
711 3473 55
702 1132 19
702 1687 83
702 428 75
702 1947 99
702 897 27
1132 245 50
1132 13 53
1132 1089 54
1132 630 43
946 3707 47
946 4677 30
946 3931 70
946 3371 16
946 4510 44
3707 604 39
3707 4674 27
3707 3302 87
3707 3543 2
3642 4803 29
3642 2527 58
3642 3789 98
3642 819 29
3642 500 93
4803 4113 38
4803 3144 41
4803 462 100
2498 4149 44
2498 2613 94
2498 4971 30
2498 733 14
4149 4931 79
4149 61 78
4149 3126 10
4149 1171 19
1474 3863 12
1474 849 30
1474 1144 44
1474 3314 81
1474 2819 41
3863 3222 63
3863 2049 56
3863 244 66
3863 4704 77
3290 3258 43
3290 3020 85
3290 155 35
3290 3239 70
4368 4449 22
4368 1895 14
4368 2034 79
4368 4102 61
4449 4302 8
4449 4610 49
4449 1893 71
4449 3835 90
2267 3499 43
2267 2493 13
2267 3599 38
2267 644 79
3499 2099 66
3499 3082 50
3499 4015 3
3499 376 75
426 3708 12
426 3028 75
426 617 60
426 4642 24
3708 3025 47
3708 4020 98
3708 3450 86
3708 4652 81
2559 2624 72
2559 3522 84
2559 4745 76
2559 945 19
2559 4536 3
2624 3293 52
2624 3043 78
2624 4631 60
2624 1775 73
3137 4550 62
3137 4004 44
3137 1885 40
3137 1098 16
3137 4564 94
4550 3889 15
4550 4166 98
4550 1759 47
4550 4908 41
2354 1098 87
2354 419 23
2354 2490 18
2354 4845 27
1058 3884 86
1058 2740 25
1058 560 99
1058 3719 31
3884 4701 80
3884 583 27
3884 379 14
3884 4558 36
1832 3058 82
1832 4710 25
1832 3845 15
1832 4082 94
2670 4590 18
2670 667 33
2670 3961 47
2670 1053 92
1357 2002 63
1357 669 99
1357 4993 41
1357 3262 45
1357 2201 90
2002 2930 61
2002 1192 65
2002 2400 7
2002 2946 43
2544 2870 31
2544 2848 2
2544 1828 69
2544 1641 22
388 2140 81
388 3050 55
388 3239 82
388 678 28
2140 1551 93
2140 1039 4
2140 861 6
2140 3870 95
2413 4492 67
2413 821 97
2413 3970 47
2413 459 53
2413 1676 70
4492 1183 86
4492 798 16
4492 2948 14
4492 3817 85
1678 2057 26
1678 497 24
1678 779 36
1678 2534 51
2057 1817 66
2057 2817 13
2057 186 48
2057 2547 37
3500 4346 61
3500 424 75
3500 3816 92
3500 401 63
4346 2821 73
4346 1572 59
4346 4282 8
4346 3612 59
126 2103 86
126 199 6
126 1358 67
126 2220 15
126 2009 4
2103 2394 57
2103 2433 34
2103 1419 42
2103 1962 29
2549 2258 5
2549 2928 20
2549 3110 20
2549 4454 72
4128 3987 20
4128 976 69
4128 936 67
4128 3370 73
1211 3116 61
1211 1246 27
1211 1540 48
1211 262 44
3116 1289 60
3116 4527 76
3116 3227 66
3116 4830 37
103 170 48
103 2213 58
103 4107 33
103 4519 14
103 2787 16
170 2185 4
170 4274 12
170 1434 95
3876 4108 74
3876 4139 99
3876 4086 9
3876 2286 36
4108 4116 20
4108 3256 84
4108 2973 10
4108 4344 58
15 4487 69
15 2180 51
15 1997 79
15 1013 81
4487 3484 28
4487 3899 47
4487 2195 16
4487 3138 91
970 1741 12
970 2462 20
970 2776 74
970 487 67
970 309 38
1741 2781 94
1741 3335 48
1741 3891 41
1741 4251 10
3210 4018 56
3210 4601 78
3210 615 83
3210 332 96
3210 4096 26
4018 2629 3
4018 2118 77
4018 1493 72
4018 3429 85
835 3768 13
835 4425 64
835 514 21
835 2235 38
835 4339 61
3768 2119 87
3768 4678 68
3768 33 5
3768 2819 49
467 1386 17
467 4531 41
467 1724 94
467 1786 81
467 3114 10
1386 3356 98
1386 1803 9
1386 406 78
1386 1487 87
551 2777 4
551 4664 72
551 4819 8
2777 2986 88
2777 3538 4
2777 3361 47
2777 1670 32
2924 3395 25
2924 4603 43
2924 2121 88
2924 615 24
2924 226 28
3395 109 28
3395 1376 58
3395 4678 76
3395 4546 80
2412 3220 92
2412 2724 99
2412 2238 40
2412 3433 35
2412 2108 79
3220 1738 22
3220 1084 60
3220 308 32
3220 2969 76
3998 4707 49
3998 2514 100
3998 1618 6
3998 1565 11
3998 4352 92
4707 665 12
4707 1923 78
4707 4155 59
4707 1439 88
1324 4161 39
1324 3724 31
1324 2538 74
1324 2597 32
1324 123 60
4161 3078 56
4161 2474 19
4161 3869 61
4161 899 34
1202 1013 61
1202 4444 64
1202 137 27
1202 1 10
2487 4791 28
2487 2828 98
2487 206 60
2487 4096 59
2487 3414 93
4791 2417 38
4791 775 80
4791 2553 92
4791 333 59
2437 4970 62
2437 1574 15
2437 913 93
2437 977 72
4970 517 49
4970 3800 89
4970 2847 63
4970 4931 97
357 696 46
357 2400 8
357 1240 13
696 956 85
696 4801 78
696 1213 75
696 4802 93
1143 3591 59
1143 2110 59
1143 2090 34
1143 2844 32
1143 2823 10
3591 894 100
3591 1068 26
3591 3317 24
1463 3574 56
1463 1977 84
1463 1781 42
1463 3769 61
760 1086 58
760 1081 66
760 1378 86
760 1795 8
1086 3167 10
1086 4948 1
1086 45 2
1086 2934 42
538 2205 70
538 2143 86
538 4697 95
538 4127 81
538 3629 100
2205 2686 57
2205 3641 24
2205 4602 55
2205 724 89
3115 674 56
3115 2152 54
3115 4141 83
3115 4448 12
841 1977 37
841 4039 83
841 893 7
841 3766 29
1977 3484 40
1977 2740 2
1977 1649 15
2055 4087 67
2055 2243 6
2055 992 29
2055 917 62
2055 456 49
4087 3279 90
4087 3193 57
4087 547 45
4087 198 31
603 3317 18
603 1036 63
603 2472 66
603 1101 88
603 250 77
3317 3380 91
3317 3212 86
3317 384 88
3912 4411 12
3912 2897 48
3912 2789 89
3912 853 60
4411 489 37
4411 97 94
4411 4743 88
4411 1989 41
125 575 99
125 324 77
125 3530 49
125 3954 98
125 1581 82
575 1707 46
575 2827 87
575 1043 78
575 4795 5
389 4068 80
389 3311 43
389 3410 31
389 140 56
4068 1446 48
4068 2982 26
4068 200 78
4068 1980 99
310 1523 36
310 4456 92
310 4506 36
310 1607 84
310 4992 39
1523 2435 9
1523 1360 70
1523 2533 19
1523 69 20
236 1345 48
236 2728 56
236 4144 76
236 2775 63
236 4562 17
1345 2094 78
1345 3442 2
1345 3055 89
1345 3987 10
3558 4593 43
3558 3053 77
3558 216 66
3558 1665 59
4593 4906 37
4593 651 87
4593 2844 59
3019 4773 90
3019 3088 26
3019 1639 3
3019 462 91
3019 1946 83
4773 1206 85
4773 1591 94
4773 3576 95
3129 4150 72
3129 567 35
3129 3750 67
3129 3257 61
3129 1717 50
4150 4860 5
4150 4996 96
4150 2902 66
4150 4044 74
4524 56 43
4524 3403 54
4524 4835 81
4524 1790 92
1841 2082 28
1841 1141 3
1841 3853 52
1841 2355 15
4602 3637 15
4602 2613 74
4602 1637 27
657 1752 42
657 4263 53
657 37 20
1752 4283 50
1752 402 28
1752 4763 32
1752 1293 98
13 3902 82
13 1183 54
13 314 54
13 3879 80
3902 4986 87
3902 3029 27
3902 2597 19
3902 420 78
1605 3248 21
1605 4332 96
1605 4330 96
1605 3060 49
3248 3283 61
3248 1144 58
3248 876 36
1548 2714 8
1548 4174 63
1548 1493 16
1548 2281 42
2714 3177 26
2714 105 76
2714 1949 10
2714 1675 50
161 4325 79
161 1408 92
161 1014 20
161 2358 58
161 4634 27
4325 1064 90
4325 2038 78
4325 2422 13
4325 4291 96
1926 3989 84
1926 4881 63
1926 2197 5
1926 3567 47
123 1818 18
123 4012 10
123 2522 21
123 2510 91
1818 1411 11
1818 2264 78
1818 3482 60
1818 446 62
1267 2435 45
1267 2039 70
1267 3206 11
1267 3692 7
1267 1589 64
2435 2119 80
2435 1519 85
2435 2379 48
2968 3680 62
2968 3132 6
2968 2010 8
2968 1639 67
2968 4000 55
3680 2454 51
3680 4416 45
3680 2461 71
3680 2014 44
2875 3452 11
2875 2566 23
2875 658 37
2875 1327 46
2875 3842 16
3452 436 45
3452 3287 28
3452 2431 61
3452 3549 50
3305 4268 98
3305 4739 57
3305 2355 19
3305 1226 21
3305 3906 79
4268 2056 40
4268 1644 1
4268 635 66
4268 1453 17
1383 3320 55
1383 1527 82
1383 1559 36
1383 4369 46
1383 2516 32
3320 2356 78
3320 2363 71
3320 1145 97
3320 352 6
285 833 4
285 4572 18
285 2582 30
285 238 71
285 86 68
833 880 57
833 2791 2
833 4356 76
833 1142 40
505 4447 80
505 4748 70
505 4996 5
505 2209 79
1062 1693 29
1062 3120 71
1062 39 13
1062 2611 88
1693 1452 8
1693 4632 96
1693 3156 99
1693 1972 25
2137 2476 80
2137 3244 22
2137 372 7
2137 4519 71
2137 1614 66
2476 3950 40
2476 4426 95
2476 1170 40
2476 3731 40
659 2737 14
659 4811 90
659 3444 22
659 4474 38
659 4957 46
2737 849 61
2737 2940 47
2737 4404 28
2737 4943 42
554 1223 79
554 3313 29
554 2036 69
554 4453 63
554 4134 25
1223 1879 100
1223 271 60
1223 3695 18
1223 3792 15
556 1269 81
556 2562 42
556 2122 48
556 3947 8
556 3196 100
1269 2126 69
1269 1668 34
1269 2452 41
1269 2261 45
704 3153 16
704 3012 48
704 2384 94
704 825 70
704 3400 66
3153 4079 25
3153 309 8
3153 1813 100
3153 1618 35
2720 3699 77
2720 281 16
2720 1369 58
2720 2123 60
2720 423 13
3699 790 45
3699 3312 97
3699 1063 70
3699 2383 45
218 2176 99
218 1924 53
218 4065 29
218 2374 28
218 4360 28
2176 4362 7
2176 2870 2
2176 3784 8
2176 2299 18
856 4190 88
856 4616 14
856 2618 94
856 4218 25
856 2612 95
4190 1552 85
4190 355 94
4190 4 95
4190 600 36
2874 3821 45
2874 3460 70
2874 4441 43
2874 3993 23
446 4026 73
446 4702 56
446 4930 68
4026 4293 48
4026 4116 74
4026 901 40
4026 4453 18
2083 4385 33
2083 1921 32
2083 2686 87
2083 1190 40
2211 2775 97
2211 1076 40
2211 498 81
2211 4300 52
2211 4848 21
2775 3238 98
2775 2552 56
2775 3015 68
3381 4384 5
3381 1048 12
3381 2045 99
3381 4720 66
3381 4090 77
4384 4624 74
4384 3184 49
4384 3879 42
4384 579 38
1662 2547 2
1662 3343 25
1662 4307 39
4382 2403 47
4382 330 96
4382 1635 32
4382 818 41
3173 4206 20
3173 2551 24
3173 291 93
3173 1955 1
3173 4270 68
4206 636 30
4206 3574 56
4206 2392 92
4206 2387 54
2959 4920 19
2959 1124 11
2959 1275 32
2959 4703 21
2959 2770 51
4920 2127 77
4920 1442 90
4920 2019 17
4920 1994 17
223 3459 66
223 3956 99
223 529 75
223 4659 61
223 4285 91
3459 3972 92
3459 4441 78
3459 4785 1
3459 2085 62
1594 3072 80
1594 1285 71
1594 376 60
1594 4698 3
1594 106 27
3072 2840 65
3072 4536 5
3072 4892 41
3072 56 39
1671 4753 2
1671 2280 82
1671 593 47
1671 3552 65
1671 3613 63
4753 4836 28
4753 2661 43
4753 4365 29
4753 2614 89
4318 4661 11
4318 593 63
4318 1428 34
4318 3093 67
1045 1581 13
1045 2207 16
1045 3786 49
1045 2662 43
1045 1778 67
1581 1347 15
1581 2560 76
1581 1230 42
1360 2676 74
1360 116 30
1360 1609 68
1360 4156 37
2676 2580 65
2676 2126 57
2676 4278 50
2676 2167 60
2452 2837 72
2452 4256 66
2452 3418 54
2452 3728 75
2837 1831 20
2837 4809 19
2837 2770 64
2837 2301 52
1812 2019 14
1812 4952 68
1812 2388 70
1812 3049 36
2019 2528 33
2019 3055 61
2019 3595 92
2970 4520 22
2970 781 61
2970 4495 60
2970 358 73
4520 3760 93
4520 4435 29
4739 3993 51
4739 326 71
4739 358 53
4739 4752 59
2419 2431 94
2419 665 70
2419 791 47
2419 1180 43
2419 1530 15
2431 3279 60
2431 967 15
2431 4907 84
958 2107 68
958 1718 32
958 3497 51
958 3665 77
958 4828 50
2107 1259 64
2107 2397 21
2107 407 35
1253 1732 96
1253 1838 70
1253 460 26
1253 2622 74
1253 4036 55
1732 3930 73
1732 3926 75
1732 2232 27
1732 859 53
2225 4817 48
2225 64 60
2225 3457 59
2225 2962 76
2225 4195 28
4817 2202 73
4817 4448 9
4817 1452 79
4817 3585 87
880 1515 84
880 3941 69
880 415 29
880 1398 95
1415 4948 65
1415 2040 92
1415 4811 100
1415 92 25
1415 4148 43
4948 3284 94
4948 3808 25
4948 4376 13
1604 3423 20
1604 1534 49
1604 4375 61
1604 3981 96
3423 4557 100
3423 2182 38
3423 3285 98
3423 3482 67
852 4313 77
852 1697 7
852 643 38
852 3705 13
852 450 76
4313 86 98
4313 4668 47
4313 1991 98
4313 4632 99
3505 3982 97
3505 1010 88
3505 2909 2
3505 3508 16
3505 4059 44
3982 1 80
3982 4711 22
3982 2836 44
3982 1510 20
2591 1953 63
2591 1672 38
2591 4512 68
626 3741 34
626 4097 70
626 4875 95
626 142 48
3741 2246 3
3741 622 88
3741 2229 26
3741 1123 51
3993 226 77
3993 2809 14
1147 2918 15
1147 1125 71
1147 1477 91
1147 4468 16
1147 3779 87
2918 4519 86
2918 3944 78
2918 1025 67
2918 4658 21
1171 3275 12
1171 2133 73
1171 4044 24
1171 2242 3
3275 1527 32
3275 2951 51
3275 599 86
3275 4982 38
863 1173 48
863 3640 9
863 1722 97
863 1393 63
863 4965 95
1173 1952 3
1173 504 35
1173 4517 83
3256 4446 31
3256 3206 59
3256 3402 24
3256 3375 31
4446 363 92
4446 2961 70
4446 2702 75
1470 2376 16
1470 4654 92
1470 4450 5
1470 3339 83
2376 1499 6
2376 2469 17
2376 3197 81
2929 3822 44
2929 1236 69
2929 4823 16
2929 2338 61
3822 743 41
3822 4954 52
3822 1193 88
3822 1936 27
1425 4848 62
1425 2120 71
1425 1923 3
1425 3704 54
1425 3727 19
4848 1651 25
4848 2668 25
4848 1513 18
3104 3823 45
3104 2330 70
3104 3253 76
3104 879 86
3104 3023 40
3823 3631 8
3823 3174 38
3823 4409 79
3823 2685 67
116 481 72
116 3929 92
116 4052 1
116 4339 93
923 2917 22
923 2906 3
923 616 15
923 4660 71
923 2309 84
2917 4481 8
2917 2313 70
2917 889 45
1587 4129 40
1587 396 1
1587 2861 3
1587 3405 2
4129 555 83
4129 981 43
4129 2501 18
4129 3657 64
408 485 100
408 532 38
408 3791 16
408 1930 91
408 1117 25
485 960 3
485 3934 60
485 4670 30
485 4967 97
2656 4343 69
2656 4578 79
2656 95 72
2656 4548 78
2656 482 5
4343 800 32
4343 2101 57
4343 2728 80
4343 1435 3
794 3446 11
794 1756 91
794 555 97
794 3826 47
794 1353 54
3446 4331 26
3446 814 99
3446 2626 8
3446 3292 98
4689 4829 29
4689 4341 8
4689 480 37
4689 316 51
4689 1170 13
4829 2074 35
4829 4844 26
4829 1316 54
4829 4458 84
1845 3606 3
1845 4648 63
1845 1838 52
1845 4688 97
1845 4230 46
3606 2609 13
3606 2802 30
864 2687 16
864 3542 23
864 887 17
864 2094 46
864 1108 74
2687 3398 64
2687 369 62
2687 144 61
2982 3052 58
2982 3749 8
2982 1851 14
3052 4157 9
3052 2247 95
3052 1410 78
3052 1534 77
1206 3619 87
1206 410 50
1206 903 66
1206 2796 92
3619 2841 41
3619 4375 73
3619 235 99
3619 1369 17
4506 4620 30
4506 2202 59
4506 3929 68
55 2023 75
55 3562 72
55 2759 10
55 4586 25
55 192 60
2023 2407 37
2023 2580 66
2023 4114 66
2023 4549 21
3107 1209 41
3107 2925 61
3107 3142 95
3107 574 53
3752 4919 64
3752 75 93
3752 1677 89
3752 4825 8
3752 3556 8
4919 4625 82
4919 1928 84
4919 4010 18
4919 1771 65
719 1545 73
719 44 31
719 2133 16
719 607 86
719 1802 70
1545 1347 85
1545 2179 2
1545 4698 22
1545 1781 98
307 783 93
307 1526 54
307 4390 39
307 210 53
307 616 49
783 4909 46
783 1085 68
783 2418 89
783 4440 75
2563 4236 34
2563 3539 15
2563 2493 96
2563 2135 65
2563 1674 80
4236 4693 56
4236 3746 49
4236 107 44
4236 4422 28
2284 4592 67
2284 2025 41
2284 3567 25
2284 2492 90
4592 4617 52
4592 500 25
4592 3502 95
4592 792 12
3022 4521 65
3022 3034 44
3022 3706 41
3022 4590 86
3022 2201 74
4521 1557 1
4521 2223 72
4521 418 89
4521 3420 35
3397 3644 39
3397 4022 11
3397 2780 25
3397 1041 11
3397 2697 21
3644 2628 1
3644 3819 81
3644 4953 1
1026 4856 7
1026 4418 97
1026 1117 72
1026 913 1
1026 4239 83
4856 1840 31
4856 1015 70
4856 2644 44
902 3100 22
902 814 86
902 4901 58
902 3789 44
902 3954 74
3100 4056 12
3100 2800 76
3100 1679 59
3100 4442 96
2256 4493 30
2256 4410 12
2256 2571 90
2256 2143 42
2256 2338 56
4493 158 51
4493 4165 36
4493 3235 73
4493 1622 5
1726 2049 91
1726 3208 44
1726 3588 5
1726 2269 60
1726 1940 65
2049 4005 62
2049 360 89
2049 3041 63
3890 4745 52
3890 1465 58
3890 3797 21
3890 2224 96
3890 1417 56
4745 844 31
4745 3063 75
4745 3358 22
4007 4098 45
4007 515 75
4007 3366 56
4007 4373 46
4007 3250 75
4098 4060 92
4098 3889 25
4098 3502 9
4098 4832 44
361 1433 97
361 3462 8
361 2907 72
361 3753 57
361 3413 61
1433 1944 45
1433 4316 25
1433 3261 68
1911 3034 34
1911 3566 92
1911 3931 3
1911 4861 66
1911 2360 53
3034 4566 95
3034 182 70
3034 463 61
3929 4444 75
3929 3540 28
3929 2046 10
4444 3224 98
4444 4993 56
4444 267 1
3597 851 87
3597 151 85
3597 4302 45
3597 2308 70
3925 4968 67
3925 2130 84
3925 2232 60
3925 3067 27
3925 1099 7
4968 1343 56
4968 618 46
4968 1875 60
496 2826 41
496 1598 61
496 3568 45
496 4320 22
496 1170 32
2826 776 33
2826 2268 39
2826 2474 92
2826 3222 25
4902 4950 26
4902 1081 77
4902 4216 8
4902 477 90
4902 4729 70
4950 984 77
4950 1764 100
4950 442 31
1509 2465 90
1509 1585 32
1509 2660 54
1509 147 43
2465 708 38
2465 977 18
2465 413 14
2465 1851 58
2099 2612 38
2099 4179 11
2099 3255 100
1879 271 82
1879 3511 69
1879 3237 92
989 4681 56
989 2305 16
989 1364 21
989 4210 22
989 160 20
4681 4565 6
4681 3350 40
4681 492 70
2384 4126 37
2384 4735 24
2384 4030 61
2384 1426 62
4126 3832 12
4126 586 29
4126 3293 95
4126 4372 5
691 3001 25
691 689 58
691 4582 34
691 2095 99
691 507 42
3001 2993 83
3001 3044 65
3001 717 49
3110 4755 70
3110 1778 45
3110 2078 82
3110 4437 51
4755 1526 49
4755 1590 71
4755 1742 95
4755 1825 35
89 2438 66
89 2831 98
89 2923 51
89 4768 26
89 2436 33
2438 3119 46
2438 4293 50
2438 3039 72
171 2477 17
171 3637 13
171 1950 69
171 645 4
2477 2573 50
2477 3186 77
2477 2370 72
2477 2052 88
4039 4989 42
4039 4399 1
4039 287 75
4039 1554 51
4989 196 28
4989 1882 92
4989 1118 43
2769 4233 28
2769 70 5
2769 1860 12
2769 2567 57
2769 2018 94
4233 276 41
4233 399 61
4233 1615 73
4233 2892 72
4516 4880 9
4516 2434 52
4516 1576 18
4516 3926 18
515 3692 35
515 2570 91
515 2690 80
515 77 83
986 3858 42
986 973 74
986 2369 41
986 4616 17
986 64 64
3858 3496 48
3858 2011 74
3858 2068 3
3145 4978 24
3145 3791 3
3145 3339 76
3145 1970 59
3145 501 34
4978 2356 60
4978 2816 97
4978 1549 64
4978 822 100
2013 3432 63
2013 23 61
2013 2227 11
2013 1387 34
2013 1517 17
3432 3561 3
3432 311 29
3432 3323 35
1989 2809 44
1989 2626 16
1989 2899 9
1989 3621 55
2809 2468 90
2809 1323 47
2809 111 60
1151 1710 40
1151 4063 56
1151 3647 23
1151 2766 23
1710 1322 68
1710 1835 46
1710 928 68
1710 435 44
2804 4419 50
2804 2157 31
2804 327 30
2804 4991 90
4419 732 65
4419 1580 73
4419 4659 32
4419 2071 15
4338 4733 22
4338 431 46
4338 3739 71
4338 3084 56
4338 1139 60
4733 3007 32
4733 1095 33
4733 3695 30
4733 3010 99
3547 4234 6
3547 4399 79
3547 1400 100
3547 4292 62
4234 1384 79
4234 2115 65
4234 2584 84
4234 1187 14
3576 364 29
3576 1593 59
3576 4776 11
3574 4337 52
3574 1613 66
3574 781 64
4337 4729 93
4337 1842 65
4337 3189 82
4337 412 85
2847 2882 42
2847 2087 15
2847 3461 82
141 275 2
141 4938 36
141 2604 65
141 2895 14
275 4095 78
275 1979 57
275 251 93
275 2436 43
1512 2844 27
1512 2525 94
1512 1767 78
1512 4538 83
3561 4812 99
3561 181 90
3561 3135 52
3561 1969 46
4812 2408 16
4812 2293 81
4812 4951 12
4812 3457 45
753 1785 12
753 440 16
753 1768 66
753 614 12
753 3896 62
1785 4731 30
1785 1602 24
1785 3766 47
1785 1270 84
2375 2966 61
2375 1277 4
2375 248 4
2375 3908 71
2375 1630 78
2966 3738 18
2966 3419 89
2966 2773 64
4147 4909 33
4147 411 30
4147 3923 45
4147 1872 71
4147 299 62
4909 4139 80
4909 2863 41
4909 3242 38
3353 4704 20
3353 709 22
3353 3064 9
3353 616 13
2299 4139 86
2299 3383 44
2299 3628 61
4139 3843 31
2113 4952 86
2113 3465 45
2113 4756 34
2113 335 23
2113 363 93
4952 4760 86
4952 1307 91
2443 4827 40
2443 2278 53
2443 3502 41
2443 1706 60
2443 1790 36
4827 4205 29
4827 1305 86
4827 1497 65
4827 4735 29
1373 2927 48
1373 4651 41
1373 1359 27
1373 3635 48
1373 4597 71
2927 1904 28
2927 2297 18
2927 2403 26
2555 3836 43
2555 3583 11
2555 356 91
2555 523 5
2555 1252 7
3836 3503 86
3836 148 95
3836 1712 5
3836 4307 91
1199 2811 47
1199 1577 99
1199 3486 1
1199 4391 7
2811 1129 30
2811 4005 38
2811 3433 44
2811 2510 85
4050 4976 37
4050 1038 72
4050 2954 53
4050 4631 21
4050 1285 8
4976 1618 31
4976 969 93
4976 2931 73
4976 745 46
2424 4319 48
2424 481 32
2424 3358 68
2424 2221 1
2424 1195 94
4319 1272 81
4319 59 74
4319 1630 75
4319 295 72
282 1153 24
282 3251 61
282 1093 58
282 899 33
282 771 25
1153 1696 98
1153 4271 1
1153 2541 43
1153 510 28
3284 4455 3
3284 925 28
3284 2254 48
3284 4502 77
3956 2038 30
3956 4674 97
3956 2792 24
961 3922 8
961 3857 93
961 1854 58
961 1174 42
3922 3071 80
3922 1051 45
3922 3978 88
3922 907 100
462 4238 58
462 2802 16
462 1547 26
4238 2311 52
4238 1467 22
4238 4784 57
4238 557 40
1007 4038 92
1007 2612 28
1007 981 79
1007 4742 59
4038 4835 25
4038 2026 97
4038 319 36
4038 2146 51
585 2588 11
585 1127 37
585 1159 8
585 4668 52
585 4075 52
2588 4872 68
2588 2336 30
2588 3118 65
2588 4046 24
2275 2719 27
2275 1358 68
2275 421 21
2275 8 57
3979 533 52
3979 870 19
3979 645 20
2596 4776 41
2596 787 3
2596 2178 88
2596 4083 89
2596 3457 3
4776 2279 94
4776 1757 53
3878 4640 58
3878 314 38
3878 3265 70
3878 2385 39
4640 2562 18
4640 2871 46
4640 4306 12
4640 4299 57
960 43 1
960 1798 68
960 2785 71
960 2525 66
624 3482 66
624 3403 65
624 217 12
624 1606 60
624 4331 85
3482 1902 43
3482 4394 60
3463 4132 67
3463 1519 95
3463 2369 64
4132 3192 80
4132 2397 27
276 643 7
276 1939 51
276 3716 59
276 3389 80
3649 249 2
3649 340 88
3649 2771 63
3649 1332 72
3301 3032 14
3301 987 98
3301 615 19
3301 660 86
1666 3859 75
1666 1865 44
1666 1438 6
1666 728 72
1666 4172 25
3859 1999 23
3859 1183 91
3859 174 8
3859 4395 96
4375 2696 51
4375 2550 84
3555 4889 68
3555 2813 21
3555 1987 82
3555 1159 16
3555 599 62
4889 3840 48
4889 957 5
4889 2796 75
4889 540 22
3534 4012 66
3534 1212 65
3534 44 77
3534 1130 39
3534 4163 5
4012 1348 88
4012 4489 91
4012 2495 94
1268 4752 12
1268 4323 48
1268 883 43
1268 4843 50
1268 4158 23
4752 3176 39
4752 1847 78
2627 3079 37
2627 30 25
2627 188 62
2627 4533 87
2627 718 24
3079 4683 36
3079 2890 92
3079 544 76
3079 3776 80
2658 4378 4
2658 1298 55
2658 155 72
2658 2888 46
2658 4399 76
4378 4974 78
4378 2350 57
4378 3926 69
4378 2246 61
63 678 30
63 1896 22
63 901 54
63 109 83
678 4625 21
678 3940 20
678 411 65
1330 3901 89
1330 2578 57
1330 199 80
1330 4588 22
2110 4509 9
2110 3402 27
2110 2125 6
2110 4450 95
4509 1387 81
4509 2983 91
4509 4677 22
687 4477 46
687 754 51
687 1708 15
687 3735 18
4477 4537 17
4477 1455 84
4477 4579 37
673 2327 46
673 88 8
673 3424 65
673 2735 26
673 4701 100
2327 2890 51
2327 198 61
2327 1099 30
2327 2926 30
430 3360 24
430 3712 84
430 1984 8
430 3006 25
430 351 28
3360 2270 43
3360 2694 34
3360 871 20
3360 4031 78
2123 4219 9
2123 3711 22
2123 737 89
2123 1021 90
4219 2785 32
4219 3384 31
4219 2201 52
4219 3845 28
1796 1875 28
1796 3075 94
1796 3191 65
1796 3059 93
1796 1728 57
1875 1473 58
1875 746 96
1875 3418 22
409 4469 4
409 4695 24
409 566 73
409 649 97
4469 3405 13
4469 1559 2
4469 4653 69
4469 785 3
289 1169 12
289 3835 28
289 3331 10
289 3038 70
289 501 52
1169 2471 62
1169 2963 99
1169 2400 37
1169 3770 38
1036 3324 21
1036 2943 76
1036 1009 20
1036 2361 36
9 4765 20
9 2332 5
9 1708 98
9 4769 44
174 1862 96
174 2808 39
174 3309 10
174 1733 32
1862 1290 35
1862 1325 32
1862 3063 91
1862 1011 8
1540 3346 33
1540 329 75
1540 830 33
1540 3992 73
3346 2933 19
3346 454 52
3346 1774 91
1140 3641 84
1140 12 16
1140 635 75
1140 4255 65
1140 337 54
3641 2245 45
3641 4790 39
4931 4326 3
4931 3826 53
4931 800 77
809 2080 62
809 2179 55
809 205 75
809 1109 87
2080 2244 41
2080 1677 38
2080 886 36
2080 231 53
953 2731 15
953 904 86
953 801 57
953 2144 58
2731 3943 91
2731 2277 4
1944 2399 19
1944 1768 73
1944 1784 81
1944 735 29
2406 4894 4
2406 831 72
2406 763 7
2406 3749 86
2406 3804 7
4894 3438 19
4894 4700 77
4894 429 97
4894 3408 97
472 4121 93
472 4422 21
472 3043 15
472 640 70
472 2226 88
4121 4925 1
4121 860 28
4121 4886 2
4121 3291 94
1663 4355 70
1663 4568 9
1663 2227 13
1663 150 70
1663 758 63
4355 4420 100
4355 4252 30
4355 1022 100
4355 4936 45
3477 3698 47
3477 4794 47
1907 2995 86
1907 955 68
1907 4136 80
1907 1681 77
2995 1844 17
2995 4348 37
2995 2302 69
2995 2726 53
1778 366 88
1778 1898 83
1778 3241 4
1532 4971 99
1532 1443 53
1532 2899 1
2254 4796 30
2254 3571 35
2254 1638 70
2254 442 73
4796 597 59
4796 2077 97
4796 3715 85
4796 188 37
4692 1025 74
4692 1149 55
4692 3968 99
1577 2073 78
1577 1576 27
1577 4199 73
2073 532 41
2073 4189 96
2073 4273 85
2073 3775 98
1021 2298 2
1021 3024 17
1021 2852 98
1298 2199 78
1298 356 99
1298 110 73
1298 1981 62
1291 1716 47
1291 2489 88
1291 185 36
1291 1347 75
1716 3064 77
1716 3787 3
1716 4706 89
1716 2895 46
105 3546 6
105 283 38
105 1936 78
105 2636 4
3546 827 9
3546 910 22
3546 3165 90
3546 220 9
1282 1896 94
1282 402 72
1282 3335 8
1282 1973 96
1282 1114 29
1896 2574 63
1896 816 34
1896 2859 4
721 3549 87
721 4838 86
721 4347 7
721 4263 51
721 3866 19
3549 1867 100
3549 631 72
3549 4904 83
2751 4030 56
2751 3530 92
2751 3196 15
2751 2470 16
2751 4911 86
4030 932 79
4030 1531 42
3487 2011 39
3487 4275 55
3487 2216 51
461 700 66
461 2655 3
461 4130 16
461 3611 52
461 3866 50
700 1692 14
700 4933 21
700 58 52
2965 4255 46
2965 455 78
2965 247 24
2965 2291 93
2965 1563 99
4255 3408 26
4255 2270 61
4255 1507 91
1948 2888 54
1948 2540 82
1948 791 65
2888 1636 4
2888 77 68
2888 4048 20
2175 4099 36
2175 2773 21
2175 1288 39
2175 362 83
4099 3685 12
4099 2926 32
4099 1194 58
4099 1815 23
401 3315 49
401 3219 50
401 3155 72
401 4695 85
3315 522 94
3315 4380 4
3315 3044 91
3315 4309 53
955 2669 11
955 331 94
955 2378 77
955 1869 3
2669 1078 44
2669 2490 40
2669 4767 81
2669 2885 53
869 3420 52
869 4995 74
869 4055 7
869 2132 30
869 3786 34
3420 4991 88
3420 3209 92
3420 2639 31
3157 4425 26
3157 668 1
3157 438 21
3157 4742 99
4425 369 27
4425 4401 46
4425 1472 85
3503 4833 76
3503 3638 93
3503 4498 18
3503 3572 35
4833 2858 59
4833 222 46
4833 3686 4
4833 3434 60
3516 3364 15
3516 3804 61
3516 365 13
3516 346 21
1481 1961 12
1481 1956 92
1481 4342 12
1481 3068 55
1481 2760 49
1961 2168 39
1961 3839 27
1961 342 96
266 2861 95
266 1856 2
266 3018 6
266 1403 64
2861 4710 78
2861 1191 86
2861 3669 70
178 4963 16
178 4899 68
178 1790 95
178 1114 72
178 1052 69
4963 4079 91
4963 933 75
4963 80 87
44 533 14
44 222 86
44 4510 9
533 86 46
533 2343 93
61 2078 64
61 4728 16
61 3608 42
61 318 24
2721 4797 21
2721 2543 14
2721 2801 30
2721 1669 73
2721 4212 3
4797 1380 69
4797 1236 19
4797 2733 33
4797 2184 29
3972 2657 86
3972 846 23
3972 3522 96
3972 1513 41
3987 2546 65
3987 1580 72
3987 825 51
1635 3596 27
1635 949 50
1635 532 72
1635 3695 39
3596 4671 72
3596 4529 92
3596 680 73
3596 4737 22
1934 4158 60
1934 4702 10
1934 1791 68
1934 1287 28
1934 4715 85
4158 3976 62
4158 2601 44
4158 196 75
1606 2895 58
1606 4662 66
1606 398 30
1606 2227 99
2895 3287 94
2895 3003 93
4580 4485 74
4580 1556 43
4580 3588 47
4580 4402 80
2405 3514 100
2405 1963 1
2405 3541 17
2405 2352 21
2405 862 44
3514 1984 98
3514 4663 85
3514 2852 2
3514 407 77
3600 264 20
3600 2585 14
3600 1487 59
4426 4929 76
4426 2392 9
4426 4295 55
4426 867 97
4929 2693 80
4929 2343 20
4929 4783 97
2977 3447 79
2977 1880 41
2977 3096 91
2977 2541 26
2977 3907 91
3447 491 10
3447 451 22
3447 2565 44
3447 2499 41
4838 1630 24
4838 1873 89
4838 2145 50
4838 2311 21
4045 4478 95
4045 2611 34
4045 3258 16
4045 3717 15
2689 4212 1
2689 2969 97
2689 4986 8
2689 3197 86
2689 3370 52
4212 1280 61
4212 4254 83
2620 4341 20
2620 2919 58
2620 2567 33
2620 2335 77
2620 102 51
4341 1002 48
4341 1624 2
4341 1231 51
189 1301 22
189 1510 33
189 3366 31
189 3774 70
189 1295 26
1301 1254 59
1301 1130 52
1301 2654 97
925 1864 29
925 3133 41
925 3977 69
925 118 19
1864 4832 2
1864 1502 45
1864 2271 36
1864 829 2
1164 1207 32
1164 4710 14
1164 2516 70
1035 2261 34
1035 1715 86
1035 1706 62
1035 793 46
2261 3180 24
2261 4347 26
2261 3700 35
2750 3404 13
2750 665 95
2750 1155 42
2750 595 73
2750 1387 31
3404 947 74
3404 1454 17
3404 24 34
3404 4800 50
21 936 55
21 2856 51
21 1488 83
21 3367 57
21 4223 54
936 4514 50
936 1838 93
936 1842 99
2130 640 6
2130 516 31
2130 1346 51
2130 3648 43
203 4619 8
203 1521 30
203 2162 69
203 204 11
203 3698 35
4619 33 52
4619 1388 89
4619 2933 69
4619 94 38
452 3337 11
452 4056 96
452 4594 47
452 4901 33
3337 3791 35
3337 1701 68
4657 4008 72
4657 4462 4
4657 3328 72
190 893 42
190 259 99
190 4081 20
190 1040 72
190 358 47
893 3980 37
893 752 25
372 641 55
372 1681 37
372 2091 95
372 4668 42
641 1996 86
641 2539 56
641 950 29
1160 2148 10
1160 3855 83
1160 4167 82
1160 2382 52
1160 3405 62
2148 2674 85
2148 4455 45
2148 265 66
2148 1334 57
2309 2880 18
2309 4323 66
2309 4248 48
2309 2404 34
2880 4205 76
2880 104 63
2880 4181 88
1846 2890 94
1846 866 90
1846 683 91
1846 1665 59
1846 2574 57
2890 590 34
2890 4211 23
1574 3185 59
1574 4712 32
1574 1247 47
1574 766 60
3185 1362 54
3185 540 90
3185 1226 31
3185 4870 27
196 415 12
196 4182 77
196 3689 16
415 2822 35
415 3868 51
1097 3260 100
1097 3761 75
1097 4650 32
1097 1787 11
3260 2259 44
3260 3518 69
3260 4299 49
3260 1239 51
4557 2265 17
4557 1529 82
4557 3990 5
4557 2768 62
80 4633 15
80 4643 24
80 4983 26
80 2742 30
4633 316 94
4633 1557 62
4633 1992 66
4633 4878 72
1742 2015 76
1742 425 39
1742 2356 75
1742 1682 55
2015 4243 85
2015 4427 35
2015 975 5
2015 2887 61
224 3631 9
224 1149 73
224 3056 10
224 4401 84
224 1536 99
3631 3192 83
3631 4552 49
3631 4085 96
3553 2331 87
3553 3568 66
3553 4857 90
3553 3458 61
4814 4822 13
4814 2765 41
4814 3144 10
4814 1220 37
4814 4821 36
4822 2988 78
4822 2363 64
4822 2084 45
1533 1363 40
1533 1952 15
1533 3716 42
2264 2585 27
2264 3759 96
2264 1394 10
2264 2910 81
2585 1853 62
2585 2894 2
2585 3267 9
661 1417 88
661 4959 26
661 3980 93
661 1717 55
661 3142 91
1417 4170 75
1417 2427 85
1417 4071 27
476 3852 37
476 2246 57
476 4868 25
476 262 24
476 3233 100
3852 2860 97
3852 4122 22
3852 680 15
431 1500 46
431 3327 13
431 3358 64
431 3670 39
3501 875 3
3501 2821 35
3501 1910 6
3501 3842 66
4789 2526 99
4789 3321 41
4789 3434 94
1991 2426 45
1991 2900 61
1991 3672 14
1991 1823 76
2426 3634 16
2426 4373 95
2426 774 28
2426 3624 45
186 1538 22
186 4281 48
186 1066 72
186 245 68
1538 3955 47
1538 2221 93
1538 4617 96
1538 1065 45
2560 4798 53
2560 1569 28
2560 1399 85
2560 932 29
4798 2399 20
4798 2048 25
4798 4302 27
4798 2725 19
1378 3660 36
1378 2980 40
1378 1325 56
3660 3725 93
3660 4442 16
3660 2978 92
3660 3589 92
17 305 64
17 3008 68
17 4167 8
17 2625 63
17 3356 18
305 567 47
305 758 13
305 4995 70
305 3799 66
1296 2278 1
1296 2742 58
2278 11 28
2278 4928 68
2278 2528 66
1552 2828 65
1552 2564 100
1552 3300 99
1552 1571 70
1316 1964 37
1316 724 11
1316 3066 8
1316 1876 41
1964 519 80
1964 4187 18
1964 4908 80
1964 4 67
807 1592 28
807 898 79
807 1135 50
807 950 14
807 630 16
1592 4136 5
1592 2017 35
1592 2877 71
1592 2931 87
827 4954 41
827 4096 58
827 3915 61
827 164 24
4954 3778 25
4954 255 49
4954 2021 99
2787 4696 60
2787 293 7
2787 1729 49
2787 2370 45
4696 1970 13
4696 957 73
4696 142 27
4696 3390 86
371 2459 1
371 652 6
371 2116 7
371 1018 26
371 4761 7
2459 3622 83
2459 4388 64
1971 3127 53
1971 1525 42
1971 1187 61
1971 3846 10
1971 2517 56
3127 905 63
3127 4585 61
3127 260 5
73 4751 99
73 99 77
73 3101 67
73 3961 85
73 4138 80
4751 4654 96
4751 14 12
4751 4813 33
4751 4784 98
4715 4937 93
4715 3806 67
4715 4008 94
4715 165 31
4937 1952 43
4937 3263 78
4937 1593 53
4937 3143 32
3304 4168 56
3304 3659 30
3304 2808 50
3304 1982 61
3304 1720 54
4168 484 37
4168 2593 42
4168 625 30
4168 3873 90
1112 2871 66
1112 2312 41
1112 3791 20
1112 2114 26
2871 1213 60
2871 4386 56
2871 3569 28
1048 3111 70
1048 4759 72
1048 605 59
1048 2546 22
4614 1526 9
4614 3032 76
4614 1225 18
4614 2954 29
2741 895 28
2741 2545 21
2741 365 59
2741 4043 7
1129 134 7
1129 1363 11
1129 4293 22
1129 1043 95
1001 1713 45
1001 1237 36
1001 1648 35
1059 4967 17
1059 941 74
1059 2036 31
1059 185 41
1059 487 67
4967 1721 2
4967 2757 98
4967 3745 13
2432 3192 60
2432 1831 26
2432 2546 9
2432 820 88
2432 3881 11
3192 594 90
3192 3300 2
3722 2997 49
3722 2155 25
3722 3936 15
2472 3326 58
2472 260 58
2472 3414 29
363 2411 42
363 1003 49
363 3776 94
1258 1878 35
1258 1519 58
1258 4413 23
1258 2955 52
1258 1511 75
1878 940 14
1878 2838 74
1878 2872 22
1440 1626 70
1440 590 23
1440 4427 44
1440 1576 73
1626 1178 16
1626 50 66
1626 2641 51
1626 341 67
1065 4489 24
1065 288 67
1065 2421 26
1065 670 71
4489 2558 41
4489 932 80
4489 4667 20
4323 1547 17
4323 1106 45
1178 571 75
1178 4572 60
1178 4871 29
2491 3772 3
2491 3492 51
2491 1320 43
2491 3351 83
2491 2807 81
3772 4277 49
3772 3468 98
3772 1805 34
2300 4241 12
2300 4659 30
2300 4661 94
2300 3662 79
2300 4891 64
4241 2521 44
4241 3250 80
4241 3473 39
4241 1865 93
2422 2199 60
870 1244 74
870 1478 79
870 3626 48
870 4679 4
1244 1582 36
1244 1839 97
1244 3869 5
1244 432 6
1933 4942 54
1933 156 33
1933 3507 74
1933 1893 90
1933 4286 33
4942 4508 5
4942 2310 90
4942 2142 90
4942 975 12
2074 4652 85
2074 2119 7
2074 2592 67
2074 3506 97
4652 4642 50
4652 2318 57
121 1651 37
121 2640 25
121 3108 82
121 3048 31
121 325 84
1651 2004 66
1651 1827 28
3321 3475 60
3321 3152 5
3321 2745 31
3321 3368 79
3475 2915 53
3475 4302 94
3475 1526 69
3475 647 81
313 3807 15
313 4724 59
313 3602 50
313 2357 57
313 1688 72
3807 2033 14
3807 850 83
3807 3519 29
3807 3522 46
4519 4488 80
4519 173 23
1447 1521 56
1447 2317 34
1447 1110 30
1447 4670 74
1447 4320 49
1521 137 76
1521 1196 39
798 3327 47
798 4736 26
798 3180 24
798 3490 77
3327 1616 10
3327 2711 92
3327 648 41
509 1238 74
509 982 51
509 128 41
509 2928 44
509 4650 22
1238 546 67
1238 3246 94
1238 3785 65
1238 259 8
2876 4522 87
2876 1737 9
2876 1516 98
2876 16 88
2876 3799 14
4522 1941 47
4522 3053 52
4522 234 7
4522 2448 68
1904 3194 19
1904 3268 51
1904 1706 19
1904 1853 44
3194 514 79
3194 3652 51
3194 4014 61
4383 784 2
4383 3679 39
4383 1340 38
4383 1030 18
2666 3480 11
2666 3461 89
2666 2926 39
2666 2981 1
2666 3494 82
3480 959 25
3480 3960 67
3480 1396 49
128 1546 70
128 1924 1
128 1333 24
128 1925 100
1546 3801 67
1546 1165 13
1546 3736 25
1546 2744 63
850 4685 57
850 2942 46
850 3774 75
850 2177 5
4685 4596 94
4685 1248 95
4685 1560 3
4685 230 27
3513 4813 76
3513 3948 58
3513 602 13
3513 3349 69
4813 3908 44
4813 1299 74
4813 2541 78
96 1517 48
96 326 62
96 4890 46
96 4793 59
56 2925 30
56 4143 81
3719 2709 22
3719 2336 78
3013 3709 37
3013 2388 36
3013 4720 13
3013 1364 84
3013 4591 29
3709 172 50
3709 2659 69
3709 4674 24
3709 1935 95
1640 3269 83
1640 1834 46
1640 1340 82
1640 4398 29
1640 919 93
3269 3414 10
3269 4703 41
3269 1030 4
3269 4490 77
3739 3422 40
3739 4964 14
3739 3280 25
1141 4339 7
1141 2344 40
1141 381 22
1141 564 56
4339 4607 94
860 2111 79
860 1350 83
860 2319 73
860 4023 56
2111 3848 34
2111 1046 20
2111 483 57
2111 847 48
707 2835 21
707 954 53
707 2600 8
707 1489 54
707 1121 48
2835 247 41
2835 4187 27
2835 2772 86
2835 3427 13
2502 1396 87
2502 843 47
2502 2686 72
4258 2259 57
4258 2873 30
4258 947 52
2699 3024 44
2699 4182 2
2699 2084 51
2699 731 80
2699 1217 65
3024 895 84
3024 1767 82
1343 1735 95
1343 1276 37
1343 2707 97
1932 3148 5
1932 2646 84
1932 854 69
1932 2351 80
1932 3512 91
3148 1281 63
3148 1472 22
3148 3627 25
3148 2191 5
634 4279 31
634 3652 54
634 4124 64
634 1146 98
634 4665 2
4279 3950 29
4279 4054 79
4279 3143 28
4279 3454 93
956 4029 21
956 2845 86
956 2231 52
956 3211 29
337 3238 86
337 3335 35
337 1980 12
337 788 8
3238 4249 78
3238 1002 84
4912 2621 90
4912 2068 68
1969 4612 44
1969 3496 66
1969 4821 75
4612 1161 68
4612 3805 42
4612 3187 32
4612 874 59
152 2963 55
152 4916 32
152 4664 74
152 3261 22
152 3586 51
2963 4294 45
2963 3770 29
2744 2949 46
2744 1482 30
2744 4160 29
1077 2984 8
1077 1749 71
1077 1057 93
1077 3771 86
1077 3193 62
2984 41 43
2984 529 3
2984 214 66
2984 274 84
1713 1374 69
1713 3711 59
1713 3387 88
1713 1111 74
868 1827 24
868 2325 94
868 1800 92
868 3334 76
1827 3090 41
1827 2392 89
1827 4587 85
185 4537 93
185 3747 95
185 1773 73
4537 1774 29
4537 3967 97
4537 1019 26
343 3928 12
343 4598 29
343 951 6
343 4043 59
343 107 91
3928 491 29
3928 2174 32
3928 398 91
3440 4577 64
3440 1763 30
3440 586 21
3440 4730 85
3440 212 20
4577 729 18
4577 1456 65
4577 3057 63
1303 1755 26
1303 4749 2
1303 312 59
1303 3427 85
1755 685 77
1755 466 78
1755 1603 80
3318 3419 29
3318 2012 63
3318 623 38
3318 1973 58
3419 2233 31
3419 2877 99
3419 1337 43
324 1434 96
324 3413 56
324 965 71
324 4784 43
1434 4979 56
1434 4292 46
1434 1341 12
396 4757 9
396 2824 28
396 2302 86
396 1191 90
4757 354 44
4757 1834 31
4757 4985 85
4757 819 60
260 3893 49
260 432 31
260 2228 48
3893 2100 19
3893 2171 26
3893 3663 75
3893 3919 35
3787 4392 48
3787 1145 33
3787 2749 4
3787 502 78
4392 181 97
4392 537 80
4392 356 13
4392 1015 67
4222 4320 15
4222 2331 72
4222 739 19
4222 3677 75
4222 1922 99
4320 4172 15
4320 4841 11
757 4470 34
757 4947 87
757 379 39
757 916 49
757 2776 1
4470 2274 96
4470 2552 26
4470 3736 70
4470 590 29
225 2889 78
225 4897 42
225 4021 63
225 1233 89
2889 3801 49
2889 974 24
2889 3582 8
3017 2238 40
3017 441 6
3017 2645 31
3017 2307 82
1137 1722 56
1137 367 27
1137 4949 47
1137 1981 94
1137 3704 52
1722 173 83
1722 4215 10
1722 191 63
3601 3350 28
3601 2910 55
3601 1393 32
3601 1951 4
4858 3067 12
4858 4324 55
4858 2956 14
959 2884 64
959 4177 65
959 520 27
959 3322 16
2884 507 13
2884 4413 13
2884 1946 77
2884 1212 99
95 2550 7
95 3469 93
95 4060 100
95 4718 62
2550 2453 90
2550 1780 96
2550 3762 29
1196 4288 82
1196 2466 65
1196 896 91
1196 2218 22
4288 3390 74
4288 1312 40
4288 1687 59
977 2938 45
977 3289 63
977 4133 9
2938 1432 81
2938 3020 97
2938 2451 79
2938 1937 93
1070 3883 14
1070 2146 27
1070 4847 46
1070 1680 96
1070 2408 11
3883 1104 91
3883 4345 53
3883 3226 2
2852 4299 27
2852 2090 7
2852 4934 41
4299 964 75
4299 2867 41
4906 3640 4
4906 330 23
445 3831 1
445 4000 15
445 1661 61
445 4052 37
445 2446 81
3831 3422 77
3831 2363 74
3831 3121 87
3831 1227 27
443 3233 1
443 1389 77
443 4290 21
443 2171 54
3233 608 64
3233 2186 50
3233 2280 67
1909 4438 38
1909 2150 49
1909 2941 8
1909 3915 91
2191 2567 95
2191 1435 66
2191 1903 40
2567 3433 77
2567 2455 68
2315 4094 74
2315 878 82
2315 3637 12
2315 1979 96
2315 733 20
4094 4364 86
4094 1182 32
4094 3295 52
4094 4867 5
3108 382 24
3108 1104 38
4054 4628 22
4054 36 79
4054 1954 17
4054 689 58
4628 378 51
4628 1025 16
4628 7 93
4628 2557 59
1891 2046 45
1891 4208 99
1891 243 10
1891 2332 28
1891 3436 67
2046 3589 7
2046 4192 41
2046 3873 30
618 1544 28
618 3241 67
618 1753 90
1544 922 98
1544 2734 9
1544 220 32
1544 84 10
844 2771 60
844 2801 8
844 4650 4
2661 3684 64
2661 3797 25
2661 2087 14
2661 3648 36
3684 810 58
3684 3886 31
3684 2604 69
3684 1342 86
1472 3819 38
1472 4891 14
1472 2942 58
3819 176 75
3819 4705 15
3819 2641 38
2870 4710 61
2870 3755 57
2870 666 90
3989 4826 7
3989 2664 12
3989 4064 45
3989 4992 58
1227 3988 56
1227 4706 12
1227 2671 77
3988 3422 98
3988 1076 77
3988 119 29
3988 571 72
1715 2759 29
1715 3409 60
1715 2292 37
1715 1504 14
2759 2421 3
2759 2147 53
2759 4588 85
450 4296 56
450 4605 81
450 4547 62
4296 1270 24
4296 3207 97
4296 3384 97
4296 906 20
2213 4433 35
2213 4743 89
2213 216 91
2213 1004 7
4433 3033 4
4433 2470 98
4433 699 40
4433 4723 3
1549 3221 53
1549 805 28
1549 3808 78
1549 4494 3
3221 2916 13
3221 3529 56
3221 2764 97
3221 2566 88
4624 2772 10
4624 169 10
4624 2184 19
4624 1067 36
2154 2806 70
2154 2086 89
2154 4247 92
2154 4841 27
2806 3474 4
2806 1839 54
2806 400 14
2500 3214 47
2500 849 50
2500 2695 80
2500 1064 92
2500 1550 86
3214 2171 64
3214 3061 95
3214 4246 96
3214 4842 20
1347 4404 66
1347 1920 35
2129 2749 53
2129 2144 72
2129 4365 54
2129 4736 91
2129 1556 62
2749 369 35
2749 2958 74
849 3481 88
849 1707 90
1422 4250 44
1422 1111 19
1422 1849 94
1422 4417 30
3438 1664 18
3438 1432 27
3438 502 32
3438 4472 55
1965 3809 65
1965 253 52
1965 2428 3
1965 2726 91
3809 3206 51
3809 1311 14
3809 352 59
3809 3224 75
1519 4133 43
1519 4352 3
1853 1394 81
1853 386 80
1853 831 43
34 338 15
34 4207 29
34 2598 80
34 2331 42
34 4670 57
338 4324 78
338 2511 64
338 2768 96
338 3927 9
1856 4334 62
1856 3957 96
1856 204 25
1126 4700 19
1126 2179 78
1126 2282 71
1126 4049 45
1126 1446 90
4700 58 76
4700 1772 50
4700 2798 58
4065 4534 88
4065 3222 32
4065 3121 30
4065 1054 79
4534 3263 75
4534 335 2
4534 2440 74
1947 1954 12
1947 1572 88
1947 3469 33
1947 3636 50
1954 3621 95
1954 4546 74
1954 1372 36
548 2508 75
548 2421 89
548 1730 54
548 4061 24
2508 4766 51
2508 4561 59
2508 321 74
3909 16 35
3909 4820 26
3909 4727 96
1134 2834 61
1134 2279 91
1134 3756 23
1134 686 17
2834 4291 49
2834 3520 19
2834 3324 63
2834 1450 82
320 4307 13
320 1478 7
320 3229 45
320 525 97
320 1501 88
4307 993 82
4307 1950 41
4899 1056 85
4899 1234 8
4899 1908 27
728 4546 84
728 2441 77
728 1188 26
728 3215 66
4546 69 100
4546 3198 14
1829 2349 76
1829 3070 13
1829 2145 99
1829 3916 48
2349 2089 76
2349 3511 79
2349 71 28
2349 1702 24
3261 4481 86
2782 3923 5
2782 4286 81
2782 4941 86
2782 4663 53
3923 3604 64
3923 2987 85
3923 2552 64
3683 4590 48
3683 3527 5
3683 2607 16
3683 654 4
3683 4905 93
4590 1370 96
4590 2708 96
1243 1959 54
1243 3677 29
1243 3598 83
1243 2478 80
1243 1100 50
1959 4837 75
1959 2932 15
1959 3913 70
1959 3154 54
188 2497 2
188 3655 84
3871 2106 40
3871 668 86
3871 4064 28
3871 4380 88
1385 4523 27
1385 3471 61
1385 4310 11
1385 2336 27
1385 1113 95
4523 985 11
4523 2735 90
4523 635 31
4523 3637 25
1507 3237 46
1507 793 95
1507 2106 34
1507 422 41
3237 1929 89
3237 3158 7
3237 2042 21
1145 1688 39
1145 2228 94
1145 818 49
2215 2240 66
2215 22 46
2215 1520 34
2215 2821 87
2215 347 32
2240 934 76
2240 4290 47
2240 4895 55
2240 4460 53
3139 4611 28
3139 33 87
3139 4903 52
3139 3531 35
3139 3197 54
4611 942 27
4611 1602 9
4611 3297 29
4611 2142 84
2856 3686 93
2856 4040 3
2856 3732 8
2856 3671 90
828 2390 35
828 2647 98
828 4263 8
828 3258 45
828 2947 81
2390 234 95
2390 2726 61
2390 4883 29
2390 2899 69
3849 4478 100
3849 4500 75
3849 246 51
3849 4237 90
3849 3559 26
4478 3908 29
4478 474 35
4478 3461 70
1120 1328 47
1120 1354 63
1120 4774 89
2288 4741 61
2288 3605 43
2288 3846 22
2288 987 65
2288 1798 73
4741 3035 27
4741 3029 18
4741 3021 21
617 2621 92
617 1023 45
617 2635 64
617 210 61
2621 2096 64
2621 100 73
2621 1 87
4701 4927 11
4701 3910 87
4701 4679 88
16 3905 89
16 4438 30
16 2579 90
3889 3124 83
3889 4239 47
3889 3036 5
3603 4193 4
3603 3937 57
3603 2718 75
3603 4586 53
4193 842 98
4193 3289 39
4193 3821 36
4193 1618 4
1454 4249 97
1454 395 37
1454 1631 89
1454 900 99
4249 2125 90
4249 570 39
4249 325 14
3078 3325 93
3078 4977 38
3078 487 9
3078 1163 23
3325 3526 3
3325 184 95
3325 1734 1
3325 2209 72
2033 4865 61
2033 558 14
2033 1866 22
2033 2589 3
4865 3552 55
4865 4413 13
4865 3495 48
4865 4140 43
1787 3412 46
1787 1041 9
1787 3557 9
3412 3783 79
3412 1236 17
3412 4925 3
3528 1771 47
3528 3542 73
3528 2359 5
3349 4542 12
3349 4027 56
3349 1839 36
3349 4254 56
4542 1185 63
4542 158 34
4542 1047 14
4542 2827 48
481 2696 97
481 3334 42
481 4127 55
2696 1069 10
2696 4116 75
914 2026 49
914 4499 88
914 1032 80
914 4100 67
2026 4880 96
2026 4687 4
718 851 90
718 4569 22
718 1111 30
1511 2016 37
1511 642 66
1511 2877 98
1511 3481 91
2016 4097 42
2016 40 58
2016 4260 39
2016 2512 74
286 2228 82
286 4810 38
286 3478 16
286 838 59
2228 2037 62
2228 3531 86
2135 3829 99
2135 3021 71
2135 1293 22
2135 3590 5
3829 4684 8
3829 2297 98
3829 1416 64
3829 4841 26
793 784 92
793 2220 71
793 1514 78
4201 4758 38
4201 781 93
4201 4196 24
4201 1043 99
4758 4028 52
4758 4930 67
4758 1469 68
4758 3945 43
1288 3664 23
1288 1717 68
1288 2473 71
1288 1590 74
3664 2429 3
3664 3041 60
3664 1871 23
3664 1306 19
4371 3607 15
4371 4306 70
4371 3806 31
3711 132 84
3711 3067 61
490 306 74
490 528 10
490 376 40
490 4004 82
1166 2920 41
1166 948 3
1166 4605 41
1166 4112 70
1166 3728 60
2920 1482 57
2920 2136 19
2920 2408 20
2920 4199 58
3808 3497 17
3808 3672 3
3808 4845 52
1237 4786 9
1237 1627 90
1237 1611 100
1237 3016 69
4786 4605 62
4786 2210 22
4786 184 73
4786 2736 1
2235 3888 89
2235 1004 90
2235 1669 34
2235 3971 96
3888 183 59
3888 4946 20
3888 4145 58
3888 59 57
4286 1502 95
4286 1515 5
4286 4184 61
2334 3113 65
2334 1091 25
2334 542 19
2334 629 63
2334 3936 20
3113 132 50
3113 947 23
3113 3206 67
3113 3824 50
3117 4276 15
3117 957 34
3117 944 44
3117 4734 11
3117 2712 29
4276 4454 32
4276 3319 79
4276 2296 91
4276 53 15
1749 2357 61
1749 1266 28
1749 3697 87
1923 3790 27
1923 1737 30
2906 2954 61
2906 4502 21
2595 3413 34
2595 2168 76
2595 4115 72
2595 1075 67
2595 2276 94
3413 1822 13
3413 1840 40
962 1814 15
962 1510 98
962 4440 48
962 3368 36
962 2688 69
1814 4189 8
1814 1191 8
1814 810 76
1814 3170 23
2976 3519 31
2976 1248 66
2976 2862 78
2976 451 2
2976 2399 100
3519 4564 15
3519 480 43
612 3687 2
612 540 3
612 187 29
612 3868 19
612 4167 63
3687 4772 98
3687 2655 54
3687 1016 89
3687 377 41
1374 2024 94
1374 3805 6
1374 3134 9
1374 1876 85
2024 685 55
2024 4558 52
2024 410 99
672 2506 7
672 4041 83
672 886 67
672 421 79
672 1789 87
2506 3579 70
2506 3356 15
2506 1982 25
2506 1842 29
1109 2507 96
1109 4682 22
1109 327 16
1109 3935 38
2507 2843 38
2507 3159 2
2507 2694 51
2507 1266 45
2345 498 27
2345 886 53
2345 3441 92
2345 1261 94
1406 2501 16
1406 3842 6
1406 247 100
1406 2510 57
1406 3784 34
2501 3665 11
2501 2613 66
2501 1186 34
4667 2786 40
4667 4008 28
4667 4102 61
1469 767 57
1469 2739 70
1469 4525 67
137 2347 34
137 1583 93
137 215 33
2347 2283 62
2347 3462 24
2347 2940 51
2347 3904 61
660 2159 79
660 3199 49
660 2489 48
660 1193 48
2159 3833 12
2159 1116 64
2159 4468 23
1630 2638 42
1630 2417 80
775 4095 61
775 1917 49
775 1226 49
775 201 47
4095 4009 60
4095 1960 7
4095 662 70
4420 1256 100
4420 2590 31
4420 2282 30
4420 1836 21
1580 2802 10
1580 4080 15
1580 3535 85
2802 2378 14
2802 2326 81
1813 3010 61
1813 2018 43
1813 2515 81
1813 2783 18
3010 3232 3
3010 1617 39
3010 562 56
3789 4682 80
3789 328 100
3789 107 98
4682 3837 48
4682 1902 42
3583 4142 55
3583 1935 17
3583 2481 23
3583 3453 94
179 250 95
179 1037 13
179 306 54
179 1337 94
179 3118 57
250 677 37
250 2447 13
250 3111 34
2238 3647 86
2238 370 37
2238 2693 79
3647 2766 76
3647 2394 74
3647 4675 7
1822 459 7
1822 1615 73
1822 2897 63
2592 3650 17
2592 2004 52
2592 3965 74
3650 2171 89
3650 3373 91
3650 261 93
3650 637 88
875 3400 2
875 3244 92
875 1066 1
875 1610 50
3400 1334 48
3400 4218 2
677 1695 39
677 2601 76
677 3958 11
677 65 12
1695 1541 8
1695 3006 67
1695 4418 31
1695 812 72
4302 1498 49
1222 1229 26
1222 2586 97
1222 1963 47
1222 1445 13
1222 1852 93
1229 2786 58
1229 2568 83
1229 3742 44
1229 239 51
769 4896 62
769 694 11
769 1350 39
769 2530 67
4896 1589 18
4896 4091 63
4896 598 45
4896 4695 38
4687 4785 64
4687 3219 58
4687 1046 16
4687 2788 64
4785 4194 26
4785 4940 1
4785 2793 84
1775 4825 34
1775 3646 71
1775 2823 25
1775 1123 38
4825 550 96
4825 2377 74
4825 3826 85
4060 1808 89
4060 2994 92
4060 460 21
4056 3032 12
4056 4211 48
1565 1568 86
1565 3289 88
1565 1718 20
1565 2448 29
1568 2087 21
1568 4427 43
1081 4329 22
3421 3882 41
3421 2841 18
3421 200 5
3421 1798 77
3421 1027 31
3882 2823 21
3882 4998 85
3882 791 24
3882 987 92
1759 4322 45
1759 858 99
1759 2329 82
4322 647 90
4322 1748 89
4322 3530 98
4322 3618 35
308 4686 61
308 731 68
308 1958 4
308 3347 75
4686 1367 45
4686 1745 74
4686 1976 73
4686 1987 25
4977 3085 23
4977 4032 72
4977 4048 61
905 4676 20
905 4260 74
905 858 18
905 4811 44
4676 4629 41
4676 2915 81
4676 419 85
327 2484 53
327 1939 2
2484 1297 44
2484 1840 54
2484 4356 100
2484 3541 76
3219 4568 69
3219 1365 94
2527 1597 63
2527 433 46
2527 3342 76
2527 2098 36
1873 1020 85
1873 4746 85
1873 576 50
1873 4295 48
734 2350 45
734 2450 32
734 2063 13
734 3917 36
734 2797 74
2350 3744 36
2350 2800 13
2350 1116 42
1539 1868 99
1539 1429 83
1539 2096 95
1539 3266 29
1895 1411 93
1895 3204 69
1895 839 59
1895 3498 66
3896 4148 30
3896 1403 100
3896 4405 21
3896 3685 92
4148 3507 46
4148 3352 33
4148 3654 19
4202 1903 71
4202 1733 14
4202 1192 7
410 2298 55
410 2960 63
2677 3586 93
2677 2969 28
2677 1941 11
2677 2051 47
2677 4034 8
3586 3211 54
3586 2745 65
3586 1393 3
2027 2043 38
2027 1414 36
2027 1418 32
2043 4802 67
2043 40 20
2043 176 24
2505 2836 88
2505 1995 76
2505 2094 19
2505 477 44
2505 1046 29
2836 4278 50
2836 3007 24
2836 1789 71
1995 1019 10
1995 3718 61
1995 1805 63
1995 2805 80
2521 1107 33
2521 2858 47
2521 1483 3
2521 4073 40
3855 1586 70
3855 1733 22
3855 4021 57
3855 1619 44
348 1496 24
348 934 71
348 3621 67
348 2788 88
348 1437 50
1496 4974 61
1496 2391 79
1496 1925 1
1496 4992 3
3848 251 48
3848 4563 1
3848 4818 98
3848 1040 90
3489 4403 35
3489 1777 54
3489 3843 58
3489 3228 71
3489 2863 72
4403 639 10
4403 3036 12
4403 4079 50
4403 4728 64
999 3937 90
999 2933 11
999 4315 68
999 2715 43
3937 3575 9
3937 438 44
3937 3437 9
787 3758 46
787 2471 43
787 525 81
787 4088 95
3758 377 81
3758 2789 12
3758 3594 7
3598 4575 55
3598 1300 38
4575 3935 35
4575 2739 42
4575 3358 70
4575 1372 6
1380 724 15
1380 4763 4
1380 4118 40
1380 2468 96
4986 306 28
4986 4273 93
4986 2603 52
514 1650 86
514 267 75
514 1176 1
1650 1344 61
1650 954 64
1650 4565 37
1650 1734 18
4096 4117 13
4096 1431 36
1586 2916 2
1586 853 88
1586 2921 37
1586 4720 95
2916 3213 36
2916 1758 68
2916 3975 28
1541 3439 7
1541 2031 29
1541 4661 52
3439 3014 16
3439 2037 5
3439 2730 19
3800 4975 7
3800 2156 86
4975 3634 5
4975 2209 10
4975 2167 1
4975 4326 2
3785 4172 98
3785 2727 83
3785 4333 85
3785 750 90
4172 4133 79
4172 2018 10
1527 1076 69
1527 2571 57
1527 4448 1
402 685 47
402 1985 75
402 3973 83
685 4292 77
685 2118 9
3943 4277 36
3943 1684 83
3943 4429 74
3943 4721 91
3015 3473 13
3015 3143 61
3015 4275 94
3015 3914 37
3473 2896 26
3473 810 79
1033 1949 51
1033 4476 64
1033 2872 86
1033 1304 7
1033 1550 100
1949 2280 55
1038 1032 61
1038 2170 56
1038 2352 95
1038 3387 21
1488 2104 89
1488 2469 40
1488 818 32
1488 2482 61
4959 4069 52
4959 1623 32
3132 706 99
3132 1837 66
3132 797 44
3132 557 60
2092 3727 57
2092 2862 66
2092 2540 46
2092 605 55
2092 272 27
3727 2329 68
3727 899 38
3727 165 62
4659 600 61
4659 4750 4
354 127 62
354 2018 54
354 3135 57
693 382 36
693 2975 76
693 4818 14
693 2402 82
665 973 80
665 3861 71
207 3075 14
207 2894 1
207 2210 84
207 1566 83
207 3324 62
3075 2604 81
3075 1672 86
3703 4224 30
3703 1702 2
3703 2831 18
4224 3379 10
4224 1597 42
4224 3 25
4224 706 42
3032 4574 48
3032 1881 4
644 3830 6
644 4084 100
644 3735 63
644 2945 20
3830 3195 61
3830 4315 87
3830 2064 85
3830 433 77
800 2794 9
800 4450 54
800 1201 34
499 968 66
499 2454 17
499 636 43
499 1297 26
499 4076 58
968 1646 31
968 4340 13
968 830 67
968 1834 30
924 1669 13
924 1712 84
924 3673 60
924 1684 74
924 4941 13
1669 364 41
1669 929 3
1629 3673 60
1629 4049 55
1629 3866 41
1629 2538 22
3673 1642 31
3673 1142 84
650 2598 61
650 4390 33
650 1042 87
650 4729 41
650 1195 18
2598 229 35
2598 2672 68
2598 4617 12
1431 3163 34
1431 4494 64
3163 1272 62
3163 576 52
3163 255 77
836 1556 66
836 2233 34
836 3930 37
836 4570 65
1556 2167 78
1556 2698 83
4120 4512 14
4120 3429 11
4120 1653 61
4120 2575 84
4120 4605 58
4512 1144 6
4512 512 81
2095 2160 13
2095 4130 30
2095 3146 62
2095 676 20
2160 2992 49
2160 4157 48
2160 1558 8
2160 812 31
1760 4156 15
1760 3714 87
1760 1315 42
1760 1041 9
4156 4925 43
4156 4603 53
4156 2683 63
2265 3663 89
2265 83 39
2265 1720 71
2265 4203 50
3481 3975 55
3481 4406 25
3481 2458 6
2196 4723 62
2196 3282 51
2196 503 74
2196 1720 16
2196 4971 30
4723 2632 42
4723 4564 39
4723 2587 71
100 1673 74
100 3967 55
100 4655 77
100 4703 40
1673 4895 15
1673 4992 29
1673 1069 9
4997 3468 63
4997 610 16
4997 1002 74
4997 2301 70
1397 3286 26
1397 589 55
1397 2770 59
1397 1905 12
1397 2136 93
3286 4195 2
3286 4407 66
3286 2325 94
3286 4750 65
1027 1593 58
1027 2423 12
1027 4756 25
65 632 3
65 501 57
65 1284 47
65 4664 77
632 3582 19
632 4911 97
632 2483 21
632 4900 52
1092 2421 87
1092 2096 21
1092 848 76
1092 4716 12
2421 2059 21
300 2192 47
300 2442 8
300 4182 18
300 922 12
2192 4035 50
2192 3159 46
2192 2104 18
2337 3000 28
2337 4690 66
2337 4876 95
3861 967 95
3861 3693 36
3861 3403 73
1008 2952 44
1008 3123 74
1008 352 81
1008 1382 60
1008 3033 15
2952 1446 40
2952 4006 72
2952 4713 41
782 2380 72
782 4032 9
782 1388 33
782 2533 54
782 1286 17
2380 3824 96
2380 4923 33
2380 511 80
2380 2793 20
68 1576 44
68 2705 87
68 866 72
68 652 22
68 3370 91
1576 1118 85
3846 3757 41
3846 340 6
4208 2967 32
4208 3980 70
4208 2614 75
4208 1396 65
1750 3037 25
1750 522 13
1750 897 28
1750 437 24
1750 1010 67
3037 2639 79
3037 2974 69
3037 4358 2
3037 3058 28
1080 3471 28
1080 917 28
1080 843 32
1080 1593 83
1080 2887 55
3471 4991 15
3471 1924 32
1572 2496 57
1702 2996 99
1702 2543 60
1702 3910 90
2996 3004 36
2996 38 12
2996 2169 39
2996 2150 55
743 3008 52
743 799 57
743 2165 74
743 4626 50
5 1782 17
5 4023 1
5 1028 16
5 91 9
1328 3196 59
1328 4775 100
1328 4955 98
1328 4461 23
1801 1955 54
1801 907 17
1801 1536 77
1801 762 82
1801 3077 11
1955 767 61
1955 1502 27
1955 2580 68
130 855 78
130 3201 23
130 1274 84
130 4832 22
130 2791 57
855 3366 64
855 2619 76
855 1590 90
1013 4960 82
1013 2097 59
42 4943 13
42 3957 65
42 1293 57
42 1209 91
42 2478 5
4943 2752 70
873 2885 3
873 1821 26
873 4396 21
873 4816 10
873 762 65
2885 2003 39
2885 2832 99
2885 1831 79
1802 3348 44
1802 1886 37
1802 649 16
3348 928 68
3348 1537 11
3348 2081 28
3348 1677 88
487 3945 36
84 3368 10
84 3443 23
3368 2528 5
3368 287 52
2528 915 4
2528 2042 69
340 1338 1
340 3924 20
340 2359 11
1338 2695 86
1338 131 11
1338 247 64
1338 4014 95
985 172 92
985 1201 19
985 1323 62
2294 4453 52
2294 2962 55
2294 3917 44
2294 1499 18
2294 3589 25
4453 434 86
4453 4072 80
1205 2311 34
1205 4884 21
1205 2289 36
1205 3820 73
1205 3181 89
2311 367 25
2311 4091 70
3556 2220 30
3556 2577 20
1265 2362 77
1265 3385 8
1265 642 33
1265 4545 96
2362 1941 14
2362 2079 30
2362 2883 77
3712 1921 51
3712 2569 47
3712 506 50
2636 3924 54
2636 4155 6
2636 576 76
2636 2467 94
3924 3733 74
3924 690 95
3924 1610 94
3862 4876 95
3862 3983 22
3862 616 51
3862 4765 26
3862 1788 26
4876 3059 73
4876 3873 84
4876 332 99
2131 2705 77
2131 4292 22
2131 3629 58
2131 393 23
2131 4879 75
2705 1146 7
2705 699 90
2705 4770 30
3939 4305 36
3939 2310 51
3939 1106 84
3939 4705 100
3939 2520 41
4305 108 65
4305 2548 95
4305 257 83
4022 147 1
4022 1339 65
4022 568 69
3249 3895 80
3249 3975 15
3249 1259 57
3249 3915 45
3249 1753 71
3895 2429 4
3895 1563 45
3895 4081 35
2914 3293 61
2914 658 25
2914 3155 31
2914 2881 13
1817 184 4
1817 301 45
1817 1555 3
1817 1015 34
3806 4853 47
3806 3357 62
3806 2034 4
3366 4379 44
3366 4400 22
3372 3965 21
3372 466 56
3372 1900 64
3372 845 3
3372 2037 40
3965 589 35
3965 1002 13
3965 384 84
1486 2186 49
1486 2919 49
1486 3380 11
1486 1361 42
1486 2079 10
2186 4066 18
2186 2795 32
4364 2470 7
4364 1322 93
4364 228 30
1953 1280 1
1953 2463 14
1953 2368 29
1953 655 7
920 1401 89
920 3340 22
920 1758 46
920 4283 21
920 508 44
1401 1197 58
1401 695 46
1401 4257 53
1401 1963 10
2232 3817 94
2232 2761 70
2232 2843 84
3817 4875 78
3817 4654 6
4746 4936 19
4746 558 35
4746 1516 60
4746 3763 77
4936 2590 12
4936 1176 16
2951 4192 34
2951 394 63
2951 1310 16
2951 4019 26
3405 2922 72
1619 3590 64
1619 2979 44
1619 3665 16
3590 3324 25
3590 4281 5
3590 3347 15
910 2147 65
910 2606 79
910 3326 17
2147 4077 18
2147 4807 25
2147 2322 90
4049 3294 36
4049 2112 96
4049 1279 88
423 4503 26
423 3174 53
423 3088 52
423 4328 59
4503 726 22
4503 645 89
4503 1046 61
2389 3508 2
2389 1731 63
2389 3424 47
2389 4585 16
2389 4637 74
3508 4408 22
3508 3833 84
3508 2197 13
3170 3319 68
3170 249 81
3170 4549 94
3170 177 78
3319 1966 41
3319 4021 75
1348 3541 87
1348 2483 48
1348 806 31
1348 1686 14
3541 1139 65
3541 3566 96
1840 2017 21
1840 4988 69
2017 4101 18
2017 1052 12
2017 1815 3
1790 2425 19
1790 20 35
2425 1514 87
2425 1903 91
2425 4191 51
2425 2446 88
4743 3198 53
4743 1404 75
895 2429 75
895 3267 33
895 3016 87
2746 2991 84
2746 666 73
2746 4881 61
2746 3529 61
2746 1274 33
2991 4627 62
2991 670 76
2991 1252 21
2991 4525 91
3901 422 75
3901 2353 33
3901 4513 53
3901 2460 81
3714 1410 59
3714 1694 36
3714 4885 98
347 2155 97
347 599 15
347 2358 9
347 4885 65
2155 3257 15
2155 2760 76
4032 4447 2
4032 4246 46
4032 4111 37
952 2494 56
952 4539 62
952 212 23
952 799 11
2494 1638 82
2494 670 49
2494 2158 13
2494 826 7
1351 2883 52
1351 3609 44
1351 3793 14
1351 4712 37
2247 3051 4
2247 2193 52
2247 2939 25
3051 3455 70
3051 4561 45
4437 4945 97
4437 3216 34
4437 1256 79
4437 1887 51
4945 2293 11
4945 569 66
4945 4085 54
4945 954 26
2119 57 88
2119 4418 96
4486 4837 37
4486 4784 98
4486 2270 41
4486 1685 48
4837 3367 61
4837 1063 56
4837 4613 60
3465 802 55
3465 169 42
3465 2328 33
3465 2182 44
2985 3394 97
2985 2815 50
2985 2615 59
2985 2754 77
2985 2833 64
3394 774 36
3394 306 84
3394 2250 97
3394 3061 25
1921 4463 42
1921 447 98
1921 2188 32
4463 1583 77
4463 4794 62
4463 668 13
3724 3733 92
3724 2849 36
3724 110 50
3724 713 40
3733 4711 15
3733 2198 47
3733 4690 94
837 3860 77
837 940 21
837 4810 93
837 3433 98
837 4662 24
3860 565 52
3860 237 74
3860 2322 13
3860 3424 70
2712 3006 39
2712 1659 19
2712 2960 6
2712 3338 83
3006 1372 99
3006 2183 73
1664 2242 30
1664 4390 15
1664 4086 43
948 2910 1
948 2947 8
948 2504 98
948 3181 39
2910 4708 88
2910 3068 17
4260 1498 96
4260 4583 71
4260 4553 66
1350 4610 91
1350 686 69
1350 815 42
4610 405 61
4610 3607 87
4610 2711 60
228 1766 57
228 1095 47
228 1010 61
228 4772 98
1766 1182 56
1766 552 42
1766 37 82
1766 2945 43
2112 2718 41
2112 4660 22
2112 4024 67
2112 507 18
2718 3577 54
2718 2905 29
331 1195 30
331 3588 96
331 552 24
331 4125 13
680 2150 72
680 2332 13
1809 2680 48
1809 4545 61
1809 2831 81
1809 2752 69
1809 689 11
2680 432 15
2680 3123 87
2680 3832 38
4678 3067 40
4678 3992 70
4678 1336 45
1314 3906 57
1314 256 78
1314 3731 32
3906 1885 38
3906 1069 42
3906 1808 13
2821 1996 67
2821 549 1
489 4961 98
489 882 48
489 2348 85
489 874 68
4961 2601 83
4961 613 13
4961 4335 100
4961 1598 20
1277 2038 10
1277 1898 49
1277 2571 47
1277 486 36
2038 507 29
1270 3082 18
1270 3593 17
1270 4082 77
3082 4431 52
480 1465 8
480 3176 70
1465 4828 39
1465 2668 81
1465 3825 33
2844 4248 50
2844 2950 35
2018 1575 28
173 4531 76
173 4385 50
173 4184 7
2843 1259 74
2843 242 27
184 2445 50
184 3841 93
1569 1054 53
1569 4716 94
1569 3955 34
1569 3640 8
4107 3932 12
4107 232 96
4107 3702 38
567 4507 31
567 928 66
567 4166 32
4507 772 22
4507 2869 15
4507 3983 68
4507 2695 13
1999 1127 46
1999 549 88
1999 134 99
3045 3946 72
3045 294 76
3045 3538 16
3045 4210 39
3045 4955 71
3946 3905 59
3946 1900 41
3946 4914 4
3946 4117 83
3025 3507 31
3025 2116 23
3025 4569 85
3025 1681 95
470 2359 27
470 4866 56
470 2317 47
470 2307 36
470 4768 81
2359 4790 4
2359 4576 100
20 1076 29
20 2173 63
20 2229 12
20 4393 78
1076 4035 73
75 4737 47
75 3370 59
75 3367 24
75 455 72
2864 4285 55
2864 899 19
2864 2949 6
4285 2343 88
4285 1024 54
4285 2659 74
1967 3774 48
1967 1194 56
1967 4635 44
1967 568 17
3774 4771 44
3774 887 85
2671 4644 97
2671 1459 26
2671 4675 7
2671 3009 65
4644 2773 16
4644 3396 21
716 4980 22
716 1997 67
716 4075 85
716 1310 28
716 2654 49
4980 594 10
4980 1799 76
4980 4136 47
1781 4927 3
1781 534 26
1466 4017 83
1466 1641 66
1466 1627 5
1466 4020 90
4017 2142 69
4017 4407 86
4017 4334 59
413 4979 59
413 3887 90
413 3074 24
413 2934 100
4979 796 86
4979 3885 99
4979 106 66
2356 3126 81
2356 4393 83
3835 3927 42
3835 4479 53
3835 3552 100
3927 319 92
3927 151 76
3927 4656 12
2353 4846 56
2353 2986 34
2353 1898 39
4230 1221 68
474 4171 6
474 4316 83
474 1786 69
474 1515 40
4171 4993 80
4171 2022 3
4171 2849 11
1212 4100 14
1212 2719 48
1212 3131 8
4100 1960 30
4100 1395 33
4100 424 88
162 4579 82
162 1656 99
162 1326 60
162 4459 71
4579 616 83
4579 2796 69
4579 2420 37
3014 3182 88
3014 447 95
3014 1786 2
3014 2919 15
3182 3166 100
3182 4105 77
3182 2098 72
3182 4256 24
2978 4510 84
2978 3581 2
2978 2408 56
4191 4915 68
4191 4778 21
4191 1494 38
4191 2316 56
4915 581 72
4915 1692 19
4915 993 52
4915 465 25
256 3130 86
256 584 65
256 3485 40
3130 3668 30
3130 3523 53
3130 2878 69
1085 4675 63
1085 1096 43
1085 3666 70
1085 890 33
4675 2558 85
4675 3429 92
1467 4740 92
1467 201 49
1467 4387 57
1467 1398 63
4740 1489 14
4740 1937 52
4740 4801 57
3604 3562 82
3604 4144 94
3604 542 47
3604 4553 89
1646 2351 81
1646 1588 5
1646 3764 82
1646 2281 7
610 1938 16
610 4333 66
610 2166 27
1938 2816 46
1938 725 77
1938 2335 90
1938 4939 20
1052 2283 10
1052 4636 11
1052 3798 100
2283 2650 3
2283 3254 57
2283 2946 19
966 4983 84
966 131 98
966 2364 33
966 907 18
966 160 74
4983 3866 15
4983 271 74
2765 1307 100
2765 3183 22
2765 2174 69
2765 3299 49
1022 3343 24
1022 663 77
1022 1628 73
3343 2634 92
3343 4526 99
3343 3897 81
1146 3638 99
1146 3246 78
1146 518 56
3638 10 64
3638 3804 41
3638 2414 67
1127 4003 89
1127 1405 36
1127 4125 78
3751 4389 40
3751 2754 33
3751 3096 12
3751 346 38
1648 4788 14
1648 2988 89
1648 46 58
1648 4615 65
4788 3012 55
4788 2162 12
4788 3065 33
4788 464 26
2849 62 31
2849 1458 22
2849 1805 86
3102 3941 14
3102 2342 51
3102 4925 65
3941 4047 68
3941 2184 65
3941 569 89
187 2249 36
187 3455 3
187 4360 95
187 3629 57
2249 27 88
2249 4438 2
2988 3007 29
2988 4891 55
33 1266 49
33 2357 92
1597 2208 2
1597 1631 81
1597 3300 39
1063 2822 11
1063 3103 35
2822 2447 14
2822 1762 19
2822 3448 79
2279 2530 12
2279 4069 67
2279 3189 1
2420 4257 85
2420 4730 80
2420 761 89
2420 2061 66
4257 2391 74
4257 4744 54
4257 2219 29
4006 3384 77
4006 2972 29
4006 3449 64
2628 2974 75
2628 3369 26
2628 4782 87
2628 2865 20
2974 927 20
2974 2022 11
2974 2630 51
2586 1305 40
2586 1250 22
2586 3204 49
2586 3259 8
1156 4447 13
1156 2535 87
1156 671 26
1156 1610 68
4447 2504 82
4447 3682 85
3522 4648 97
4648 3367 23
4648 4182 23
4648 4747 36
2042 2096 38
2042 2979 90
2042 2466 26
3557 4871 73
3557 131 31
3557 1114 65
4871 1174 78
4871 3757 54
4871 1585 1
3216 4578 75
3216 4175 60
3216 3968 2
3216 2316 2
4578 41 38
4578 2903 48
4578 4137 67
1881 2407 60
1881 3236 18
2407 997 63
2407 4730 57
2407 3853 21
2858 2566 84
2858 3632 11
2471 3588 20
2471 3805 12
3073 4004 38
3073 2427 73
3073 4824 19
3073 2767 61
3073 3967 46
4004 746 96
4004 3509 93
1494 1998 33
1494 3645 43
1494 647 77
1494 2878 22
1998 3361 62
1998 4335 47
1998 3278 81
1998 3743 83
1089 2178 51
1089 4923 42
1089 3119 17
1089 4218 9
2178 4568 5
2178 1566 13
2178 3682 70
4093 4851 67
4093 4958 67
4093 1444 67
4093 3905 56
4093 3984 1
4851 545 17
4851 3645 97
4851 583 25
4851 4531 94
3253 2179 7
3253 4114 63
3253 107 56
4846 3020 44
4846 3241 68
4846 823 82
4846 4574 96
636 4596 89
636 1060 54
636 2396 76
4596 1124 34
4596 37 61
4596 384 96
433 2547 55
433 274 75
433 1333 80
2547 2168 32
2547 1276 60
4387 4574 79
4387 611 98
4387 614 18
4387 1121 32
4574 181 78
4574 3834 38
1095 4173 81
1095 3865 24
1095 4 40
2664 3018 4
2664 2292 76
2664 712 100
2664 1359 75
3018 2772 6
3018 770 44
3018 939 64
1344 1308 93
1344 4372 61
1344 2659 84
848 4452 54
848 3211 49
848 1745 19
848 4554 36
4452 2141 6
4452 2397 33
4452 4664 41
4452 4666 77
1738 3526 99
1738 37 34
1738 3798 55
1738 832 5
3526 927 23
3526 614 56
3526 2244 71
1104 2646 62
1104 2538 19
1104 304 1
4531 1053 69
4531 393 17
1388 318 20
1388 3063 83
1388 4476 32
2201 4196 25
4196 1876 89
4196 4329 89
4196 2166 37
568 3122 7
568 577 93
568 3899 84
3122 4138 93
3122 1462 44
3122 4518 57
3976 1676 51
3976 777 69
3976 3677 45
3976 3671 37
349 3721 99
349 2258 86
349 3788 52
349 4484 1
349 2216 44
3721 569 31
3721 1181 45
3721 3379 85
3721 4873 26
4704 312 72
4704 2820 59
1529 627 22
1529 2579 9
1529 2065 16
1529 3757 49
3053 2423 62
3053 1056 25
3003 4820 47
3003 2224 22
3003 3926 48
3003 4458 53
4820 1443 36
4820 2005 80
4820 2219 57
2012 4445 20
2012 3213 15
2012 2981 78
2012 3454 16
4445 3991 60
4445 4074 2
4445 3416 62
1060 4227 52
1060 4081 36
1060 2453 69
4227 4645 35
4227 713 91
4227 3949 52
851 380 74
851 2512 94
2127 2817 8
2127 3978 72
2127 658 52
2127 829 16
1855 4461 26
1855 1543 28
1855 4367 94
1855 761 34
1855 2449 67
4461 1242 91
4461 3026 75
1342 1432 71
1342 1733 78
1342 1194 30
1342 3633 72
1432 1192 4
2515 4863 10
2515 1356 16
2515 1634 69
2515 964 3
2460 3493 33
2460 739 4
108 4834 14
108 1869 46
108 4528 42
108 2 14
2840 4304 28
2840 2009 88
2840 1220 14
2840 4639 97
4304 2732 77
4304 1004 27
4304 4799 84
3033 2632 20
3033 2743 29
3033 4500 91
2157 4799 10
2157 4101 75
2157 2926 43
2157 3753 8
4799 2481 22
4799 3250 31
4799 4754 27
541 629 90
541 3723 43
541 2263 41
541 4116 95
541 1459 82
629 4597 29
629 1566 12
629 1037 65
2441 4777 57
2441 4898 1
2441 239 15
2441 4880 51
2259 2084 65
2259 1912 13
2259 1644 60
2882 3254 88
2882 3176 45
2882 4216 14
2882 2534 18
3254 1524 65
3254 4673 10
3254 3693 93
3816 4061 95
3816 2570 24
3816 2551 28
3816 4414 56
4061 2306 27
889 3298 54
889 1082 11
889 36 94
889 2960 76
3298 4474 78
3298 2361 12
3298 4112 12
3298 1655 98
1395 1709 18
1395 3189 1
1395 4278 99
1395 2115 96
1709 2488 35
1709 1698 46
1709 3952 40
1709 3385 40
605 3539 99
605 622 46
605 2223 20
3539 4024 14
3539 564 18
2601 4831 99
2601 2120 8
2541 4930 75
221 395 80
221 1877 65
221 3775 70
221 1783 18
395 4136 97
395 4439 41
4138 1780 21
4138 3718 33
4138 3811 45
3151 4839 89
3151 494 61
3151 4088 44
4839 483 28
4839 1531 45
4839 2958 32
4839 4981 11
1484 4908 93
1484 2813 83
1484 1396 96
2377 3755 12
2377 2753 31
2377 4211 51
2377 206 8
3755 3009 76
3755 1638 8
3755 3279 70
1924 587 47
1924 4823 77
883 3106 62
883 3460 15
883 4870 64
1607 2531 21
1607 3715 19
2531 2866 22
2531 2297 54
511 3611 30
511 1391 81
511 1543 51
511 4204 64
3611 1024 84
3611 2898 34
3611 4103 71
3085 4256 57
3085 2034 24
3085 4890 66
3085 3821 41
4256 3844 36
4256 4281 73
822 4844 83
822 637 1
2195 3455 12
2195 1167 44
2195 976 1
2195 2009 25
3455 2061 36
4029 4290 77
4029 2606 75
4029 2243 49
4029 1794 62
4290 2652 58
4290 4584 8
493 4237 12
493 1588 18
493 1195 58
493 2795 1
493 200 30
4237 4916 73
4237 1680 82
4237 3898 77
524 1099 4
524 1192 45
524 2287 8
2568 3737 24
2568 4333 33
2568 2346 11
3737 1459 36
3737 3012 58
3737 1756 78
3737 3778 26
2423 3154 37
2423 1305 73
2423 701 63
11 414 44
11 1203 57
11 4146 20
11 83 29
2519 2532 100
2519 4852 42
2519 544 21
2519 770 98
2519 4994 42
2532 648 75
2532 4573 47
2532 1764 49
2532 2571 8
611 3734 26
611 1925 42
611 3326 19
3734 4421 17
3734 531 94
750 2846 36
750 3411 1
750 4440 36
750 3617 72
2846 2799 71
2846 45 35
2846 1275 1
2897 913 20
2897 1040 54
1050 701 83
1050 2361 68
1050 2576 46
1050 1524 20
804 2557 46
804 1310 92
804 4925 54
804 1410 24
804 3627 15
2557 2564 79
2557 2934 63
2557 4040 7
1005 4533 4
1005 3424 88
1005 132 88
1005 3940 61
4533 2243 76
4533 3918 44
3832 845 15
3832 2229 75
682 3385 49
682 1632 66
682 1615 24
682 4860 31
3385 597 37
3385 145 86
1571 2729 32
1571 2217 58
1571 1074 37
1571 2803 34
2729 3525 86
2729 1782 27
2729 4834 98
222 1643 39
222 3004 83
222 3410 27
1643 176 68
1643 4162 42
1643 3977 69
1643 3048 60
318 4806 31
318 3697 39
318 2948 11
2351 2492 49
2351 1593 75
2351 3378 97
3616 4767 88
3616 4637 66
3616 1638 95
3616 2663 19
4767 2827 28
4767 4438 48
4767 4334 76
3900 4297 88
3900 714 70
3900 469 60
3900 2575 73
4297 857 79
4297 4695 62
4297 4074 77
4297 4159 57
3747 143 59
3747 4291 50
3747 4770 72
3747 2328 33
135 4155 19
135 3646 37
135 929 11
135 1649 5
135 1024 56
4155 1404 16
4155 1946 77
816 4782 96
816 1011 11
816 2295 12
816 1477 73
4782 2408 16
4782 265 54
4782 1915 94
193 1356 95
193 3297 12
193 2848 55
1356 2436 87
1356 4965 45
1356 99 97
1122 2839 41
1122 4508 63
1122 3004 81
1122 2566 39
2839 14 79
2839 3917 39
2839 2713 26
2839 4416 93
2794 3612 20
2794 888 46
2794 664 39
2794 4554 62
3612 3518 82
3612 1500 70
3612 2932 52
3236 3728 24
3236 4702 26
3236 163 8
3728 4431 92
3728 3670 54
2303 3294 11
2303 4626 36
2303 1371 64
2303 4586 68
3294 2529 92
3294 4570 93
3294 1653 7
949 3544 34
949 941 9
949 140 18
949 950 45
4312 4884 43
4312 1920 68
4312 64 47
4312 2535 72
4312 2182 59
4884 614 45
4884 2760 69
4884 3393 78
1984 3049 30
1984 3090 38
1984 177 99
2634 4562 85
2634 4778 56
2634 1854 99
2634 4448 24
4562 169 50
4562 578 53
4562 954 70
1901 3479 5
1901 4587 56
1901 3776 84
1901 4869 54
1901 2956 81
3479 2450 28
3479 1956 38
3479 4235 19
3028 2180 84
3028 3763 23
3028 297 45
3028 666 60
2468 930 15
2468 3226 4
4683 3174 73
4683 3181 32
4683 974 42
4683 1475 46
2330 3657 64
2330 3212 32
2330 4938 1
2330 2117 2
565 4517 57
565 297 30
565 2648 37
565 2509 29
993 498 31
993 778 6
181 1248 48
181 4762 27
2402 4175 69
2402 2562 5
2402 4456 89
2402 249 17
4175 43 97
4175 2683 96
4175 2754 50
931 1214 93
931 1445 86
931 663 39
931 1218 62
931 3131 50
1214 2336 73
1214 1854 49
1214 3952 19
1214 4807 20
1585 4062 70
1271 4251 55
1271 4960 24
1271 3355 78
1271 2662 94
1271 1980 99
4251 2091 92
4251 1487 83
4251 1136 20
1091 3493 76
1091 381 64
1040 2783 47
1040 796 58
2783 1043 79
2783 4292 57
2783 731 79
1293 2734 53
1293 4036 7
2734 1370 83
2734 1437 57
2734 2182 45
1370 2523 48
1370 2516 43
613 3383 55
613 4869 16
613 2630 53
418 3968 63
418 3947 78
418 4768 72
418 815 79
3968 4897 62
3968 1444 22
3646 2892 7
3646 4790 66
3646 1596 62
1225 1287 22
1225 457 50
1225 3736 9
1225 4630 45
1287 2318 52
1287 998 62
1287 1075 80
1567 3202 87
1567 1958 67
1567 420 36
1567 2660 11
1567 3841 4
3202 3164 63
3202 93 14
3202 241 77
3202 1057 67
4455 3090 83
4455 885 63
4455 1167 43
858 1499 16
858 876 53
858 2150 19
1083 4321 52
1083 1300 71
1083 1094 73
1083 177 89
1083 4406 3
4321 1480 43
4321 885 11
4321 6 98
4321 3282 59
3027 3567 65
3027 1830 50
3027 4985 42
3027 566 4
3027 215 97
3567 3854 83
3567 1900 3
4784 3614 50
1609 3613 90
1609 2371 38
1609 589 90
1609 506 81
3613 1712 89
3613 3124 78
3613 238 60
4207 4468 81
4207 1150 40
4207 1094 58
3486 2206 35
3486 2972 98
3486 4044 83
1653 3427 48
1653 2575 15
1653 2262 12
3427 3205 28
3427 2439 57
4010 4266 73
4010 2599 88
4010 428 43
4010 2199 23
4266 4326 59
4266 726 82
4266 620 3
4266 2108 58
2900 253 54
2900 2848 42
2900 886 1
2401 3815 17
2401 2116 37
2401 3103 96
2401 3942 65
2401 1067 51
3815 273 5
3815 1495 53
3815 4714 54
586 4454 86
586 4904 81
4454 1617 22
4454 3661 59
2418 3230 19
2418 2599 33
2418 926 20
3230 1294 6
3230 59 81
3230 4309 59
4080 212 78
4080 4035 30
4080 4872 27
4080 4854 36
2562 1055 92
2562 3834 5
4166 4787 70
4166 235 57
4166 1476 65
1172 4780 83
1172 1306 74
1172 4385 82
1172 4697 92
4780 806 27
4780 4474 18
4780 2368 32
4780 4513 88
867 1929 38
867 3235 19
867 1791 57
867 1890 37
1929 1261 22
1929 2517 51
1929 360 86
523 4105 72
523 2543 84
523 4819 49
523 1157 12
4105 4434 14
4105 1354 31
4105 403 71
2293 3464 38
2293 4604 68
2293 1851 23
3464 4484 45
3464 3507 53
3464 4658 76
277 2652 79
277 2381 69
277 3111 24
277 251 11
277 243 47
2652 52 98
2652 3 17
2652 1249 63
2766 726 66
2766 1621 27
2766 4831 34
1753 4947 29
1753 350 36
1753 3639 74
4947 4842 34
4947 4872 48
4947 2011 77
3422 2630 69
3422 799 24
550 3161 88
550 2615 32
550 2124 85
550 4697 72
3161 664 62
3161 1573 66
3161 3781 33
3161 4269 92
3088 4866 6
3088 2540 44
3088 1837 99
4866 3985 67
4866 2894 90
4866 4560 95
767 3361 27
767 4074 12
767 74 68
517 2223 70
517 4077 91
517 3632 67
517 2706 24
708 4272 37
708 941 48
708 3007 26
708 4587 13
4272 4119 65
4272 3204 90
4272 4854 99
917 1642 42
917 1034 62
917 3705 89
1642 4220 33
1642 671 22
1642 669 72
3572 3932 66
3572 3186 29
3572 2458 79
3572 1905 63
3932 1272 90
3932 825 9
3932 885 13
4568 3750 29
4568 4953 87
3283 1318 16
3283 764 72
3283 3289 3
3283 1353 53
242 3984 87
242 133 4
242 1014 73
242 761 57
3984 2173 1
3984 2276 89
3984 3675 41
2031 2467 95
2031 1403 17
2031 574 11
2031 3101 58
746 1531 71
746 4946 8
746 4576 85
1531 2153 76
1531 3944 35
2217 4529 15
2217 4192 50
2217 694 37
2217 374 53
4529 4821 83
4529 88 95
4529 3640 88
4278 502 48
2514 2198 33
2514 1518 28
2514 4386 74
2514 638 43
3208 4410 100
3208 3794 6
3208 4958 55
950 2987 90
2987 1336 14
2987 2953 42
2987 3083 27
2003 4011 52
2003 1869 88
2003 3175 89
4011 4396 76
4011 4037 51
4011 648 11
4011 2688 74
3697 4573 45
3697 3252 36
1452 4394 19
1452 4015 28
1452 3996 62
4661 4921 77
4661 1180 85
2310 600 85
2310 561 78
2310 333 32
2040 273 89
2040 1025 35
2040 1584 76
2040 4456 47
255 3679 38
255 4405 92
876 1762 76
876 3847 29
1762 444 7
1762 2455 10
1762 2079 83
2090 1807 31
2090 1354 7
2090 441 2
589 795 74
3175 3599 63
3175 3698 24
3175 1231 55
3175 3064 23
3599 3150 50
3599 60 44
3599 1940 13
2638 731 97
2638 1391 24
2638 510 5
2638 653 52
2540 839 73
2540 997 11
148 3652 68
148 4164 14
148 1848 46
148 244 1
3652 623 73
3652 2134 58
3135 1400 99
3135 70 34
3226 4584 56
3226 3350 48
3226 1355 62
4584 2231 59
4584 3658 54
4584 3887 18
3200 3363 11
3200 1154 94
3200 1632 52
3200 2316 51
3363 2152 92
3363 2005 98
3363 3864 66
3363 1882 88
1230 2933 84
1230 1675 13
1230 140 46
1230 1674 75
2933 4165 55
2695 506 7
2695 1232 60
4326 2992 17
281 1332 8
281 211 33
281 3913 31
281 884 14
3617 3688 84
3617 2339 46
3617 1986 100
3617 3232 58
3688 3109 58
3688 2089 84
3688 3813 75
3688 638 67
2640 4194 41
2640 1125 49
2640 715 3
2640 1471 11
4194 1379 18
4194 3123 43
532 3232 14
532 3810 53
623 4881 36
623 1416 38
623 918 20
2388 3357 70
2388 874 24
831 2340 36
831 4040 97
831 202 18
3802 4636 93
3802 377 26
3802 4787 14
3802 3061 85
3802 1931 82
4636 1107 10
4636 1437 88
4636 1072 4
4090 3257 95
4090 1536 35
4090 3176 26
1988 2962 69
1988 201 2
1988 3069 10
1988 1443 76
2962 2379 4
2962 3355 4
4974 1892 2
4974 3149 6
4974 964 34
2552 158 29
2552 3587 5
1131 1355 15
1131 4438 4
1131 3431 65
1131 183 41
1355 2433 52
1355 3345 34
1355 4730 85
214 1912 1
214 1672 96
214 407 71
214 945 5
1912 1436 68
1912 1611 32
1912 1456 57
1155 2466 56
1155 4680 77
1155 2633 77
1155 2183 1
2466 2635 82
2466 3763 8
4808 2635 29
4808 4000 68
4808 1144 53
4808 1215 83
4555 482 26
4555 4363 62
4555 3639 18
4555 2956 21
3573 3995 79
3573 4727 11
3573 3144 47
3573 4462 50
3573 71 93
3995 2371 91
3995 460 60
3995 1815 80
3995 3870 94
627 3693 18
627 3310 51
627 2936 20
627 2649 74
2795 2270 67
2795 944 56
2179 1689 15
2492 2752 79
2492 229 60
2492 1473 64
1654 2564 76
1654 4091 98
1654 1450 75
1654 2 96
1654 3429 95
2564 1149 97
2564 336 27
1322 4040 53
1322 3232 86
1322 3575 85
4040 1765 19
4991 668 54
2801 2957 79
2801 671 56
2801 4511 16
2957 3632 38
2957 2643 81
2957 1157 65
2957 2928 96
3251 1765 38
3251 3430 51
3251 4250 73
3251 3495 90
2258 1445 70
2258 3940 28
2258 674 69
1622 3285 51
1622 1424 51
1622 3645 52
1622 1885 55
3285 2793 83
3285 2697 28
3285 3678 54
3005 4184 15
3005 4401 23
3005 45 89
3005 3791 97
3005 1843 58
4184 1305 37
4184 4941 36
2584 1079 42
2584 4134 96
878 712 2
878 853 70
878 2185 81
2158 3265 33
2158 3753 58
2158 3470 31
2158 790 96
3265 4431 9
3265 4480 98
1289 2587 57
1289 3622 24
1289 3098 47
1289 1090 32
2587 1247 26
2587 7 16
2587 102 25
4938 1300 1
4938 1019 64
4938 2041 53
155 1263 62
155 3841 53
155 1361 49
561 1848 14
561 965 54
561 1279 4
561 547 99
1848 1110 30
1848 3803 5
1848 2518 38
164 2454 99
164 3199 21
164 2517 87
1784 4744 51
1784 1464 72
1784 821 63
1784 3223 77
4744 4109 61
4744 1772 60
4744 4921 90
1242 3587 41
1242 1770 95
1242 1952 45
1242 1985 67
1025 4422 53
3485 4003 49
3485 4264 76
3485 2066 44
3485 78 92
4003 4868 57
4003 2222 53
4003 3246 27
183 536 37
183 3679 10
183 1743 52
2855 3607 60
2855 906 67
2855 740 10
2855 2536 70
2855 241 35
3607 1327 82
3607 2250 8
2681 4474 76
2681 635 9
2681 1204 54
2681 1603 77
2681 3414 17
4474 4479 15
3167 3552 100
3167 2480 40
3167 4199 28
2306 3099 94
2306 3270 51
2306 2229 86
2306 2076 34
3099 3907 77
3099 1118 68
3099 2045 55
3099 1009 23
790 4300 36
790 2641 17
790 1851 43
4300 3588 35
4300 4430 91
4300 166 73
1256 3578 63
1256 3239 93
1256 1745 49
3578 3498 45
3578 118 37
3578 3160 81
3578 3203 52
2030 3201 43
2030 4923 55
2030 784 16
2030 3242 44
3201 4553 90
3201 497 56
3201 1428 85
253 982 21
253 2538 40
253 1495 76
4868 1186 55
4868 157 55
4868 4639 50
4870 2941 98
1152 1656 91
1152 2088 14
1152 4897 11
1152 4397 5
1656 4510 51
1656 3136 51
1656 3970 40
2244 2444 44
2244 4280 97
2657 3921 61
2657 3416 23
2657 2708 29
131 2308 92
1284 1317 8
1284 745 16
1284 4541 79
1284 4635 21
1317 2612 19
1317 2440 79
1317 1551 23
1317 942 10
2457 2635 81
2457 1307 74
2457 645 67
2457 492 46
2635 664 57
1326 4926 63
1326 2086 70
1326 1408 95
1326 4843 1
4926 1595 45
4926 4180 25
4926 342 69
4926 2209 80
3124 4674 57
3124 3478 36
3124 2346 87
2865 4123 34
2865 4571 8
2865 328 7
2865 2474 29
4123 699 18
4123 2845 85
4123 2365 63
4123 4243 79
802 1981 45
802 252 73
802 133 70
802 48 59
1857 2118 87
1857 93 61
1857 1392 69
1857 3103 65
1857 1937 32
2118 3074 97
2454 4556 70
2454 4883 56
3971 3990 79
3971 2905 84
3971 997 9
3971 1836 32
3990 2908 74
3990 1275 43
3990 4391 61
965 1951 87
965 3215 22
965 2577 34
1951 795 27
1951 974 96
1951 675 25
1555 4934 56
1555 2302 67
1555 4958 39
4934 3595 17
4934 1477 21
4934 4905 61
4097 303 89
4097 2673 63
4097 3967 26
1424 2236 54
1424 2035 46
1424 4482 71
1424 3676 82
2236 4946 7
2236 94 4
2236 2451 88
2143 4327 4
2143 264 48
2143 4821 98
974 2673 33
974 49 97
2673 3936 22
2673 3628 54
2673 1560 2
440 983 65
440 2036 55
440 386 51
4218 4806 66
4218 4059 55
4806 2086 65
4806 3041 50
4806 4566 79
1264 200 4
1264 3678 79
1264 4459 34
2246 581 95
2246 539 33
1384 379 66
1384 1273 79
1384 939 8
1384 303 35
157 3532 82
157 391 84
157 1922 100
2727 4385 43
2727 3635 20
2727 1023 48
2727 1283 15
50 3493 27
50 596 62
50 252 91
50 4815 99
3493 819 84
3493 890 76
2417 1697 31
2417 1144 8
2417 2056 97
2701 4220 52
2078 2290 12
2078 3213 59
2078 4417 82
1729 2993 25
1729 3760 1
1729 220 2
1729 3382 11
2993 2545 50
2993 2041 60
3656 4431 9
3656 3702 52
3656 1704 30
3656 1381 72
4479 4847 77
4479 49 25
4479 3055 34
4597 3844 52
4597 762 82
4597 964 56
156 4178 31
156 3991 49
156 1232 27
156 3551 13
216 2830 50
216 2139 25
216 4828 1
1107 766 33
1107 2218 46
1107 1352 40
4538 4900 75
4538 1274 95
4538 894 68
1191 4316 67
2150 4154 83
4154 3865 54
4154 2371 81
4154 2908 26
4154 754 20
3764 4720 81
3764 3970 31
3764 4159 17
3764 7 69
4720 652 69
2167 3569 39
2167 3748 21
3569 4366 66
3569 2662 10
3569 1915 96
3731 4543 78
3731 4235 87
3731 980 56
4543 1020 55
4543 4680 30
4543 4253 12
4543 4607 72
2483 4830 92
2483 36 84
2483 1381 64
773 2252 1
773 4598 6
773 4192 84
773 1174 41
773 779 48
2252 3041 75
2252 3509 86
2252 3205 95
2252 1279 44
4418 1819 71
4418 3437 26
2791 1706 59
2791 3147 8
1306 4472 60
1306 4953 62
1306 655 21
4472 1475 44
4472 1042 37
4472 384 99
647 1618 79
647 2869 5
4735 4131 83
4735 4084 51
4735 3218 38
23 4908 100
23 581 25
23 1883 11
23 4077 29
4908 2603 80
838 2088 96
838 2285 1
838 2360 94
838 2619 40
2088 3964 38
795 3209 55
795 1871 49
3209 1690 44
3209 2859 11
3209 3061 84
3496 4718 57
3496 3345 86
3496 2404 100
1968 4527 1
1968 403 37
1968 370 44
1968 2340 54
1968 2379 54
4527 3812 95
4527 4726 63
4527 366 57
271 2558 60
271 2409 73
106 273 70
106 3077 7
118 715 18
118 2925 96
118 2909 77
715 2372 62
715 4775 73
209 4673 65
209 3364 46
209 2482 100
209 2862 27
842 4488 55
842 3740 27
842 252 23
842 2733 72
1525 3879 42
1525 967 28
1525 3854 79
1525 1698 71
1931 2430 54
1931 3702 82
1931 2937 25
1931 3665 52
2430 441 35
2430 4566 71
2430 1462 18
2317 1346 9
2317 2416 76
1371 3490 58
1371 998 65
1371 3676 45
1371 4816 29
3490 4335 81
3490 473 61
3490 4621 12
1209 2445 67
1209 405 55
1209 2006 44
2445 1018 64
2445 2393 35
2445 2134 91
2543 1260 35
133 3545 96
133 3044 25
133 2102 51
3813 3952 3
3813 2082 79
3813 3409 2
3813 1705 64
3952 4999 95
3952 4668 83
714 1718 74
714 4353 3
714 3155 41
3443 4907 56
3443 4996 34
3443 3877 47
4907 3945 62
4907 82 14
4907 4044 46
2295 2828 48
2295 4232 52
2295 3227 94
2295 4563 30
2828 1595 98
2828 4051 31
1826 4059 22
1826 3307 46
1826 2301 48
1826 1843 73
4939 2427 71
4939 1972 59
4939 2198 87
1526 4544 86
140 4567 67
140 217 59
4567 4949 80
4567 694 64
4567 3002 58
4567 1808 16
4724 2341 98
4724 77 96
4724 674 61
4724 2047 83
3180 4646 29
3180 697 76
3180 4662 37
1543 1917 52
1543 339 86
1543 233 76
1917 3554 3
1917 358 95
3456 3799 38
3456 4041 48
3456 4137 40
3456 3492 44
3456 3149 13
3799 1002 32
3799 1207 73
832 4794 68
832 549 63
832 4569 43
4794 2174 51
4794 4267 93
4020 4775 46
4020 4823 98
4020 3636 43
2815 1067 21
2815 3160 54
2815 3698 78
2815 498 61
279 4847 38
279 3977 41
279 747 17
279 70 27
279 3273 94
4847 3097 37
2902 3398 87
2902 1290 34
2902 1589 69
2902 3643 74
3398 1300 8
3398 992 87
3398 2173 76
2833 3527 57
2833 1367 44
2833 3362 8
2833 2941 49
3527 2891 17
3527 1727 35
3527 127 16
2609 4048 98
2609 4887 4
2609 4084 84
2609 3469 80
4048 866 70
4048 4141 12
1883 3944 5
1883 3059 88
1883 4607 29
3944 3240 23
3944 322 60
243 4347 98
243 871 85
243 741 77
635 299 60
4009 4887 21
4009 3669 7
4009 1248 7
4887 1808 42
4887 4189 24
4887 2590 57
205 3622 98
205 3910 66
205 303 83
205 4809 61
3622 2387 34
3622 4515 74
93 2132 55
93 4025 18
93 820 34
2132 4324 20
2132 2697 64
1436 1551 34
1436 1906 81
1436 2064 28
1436 3717 2
1197 52 34
1197 1421 18
1197 98 80
1197 803 70
3119 2945 34
3119 1637 69
3386 4615 17
3386 1101 82
3386 933 58
3386 709 39
3386 1459 31
4615 2064 100
4615 3781 66
4615 1823 12
4189 583 34
927 3592 97
927 3917 15
927 4352 12
4066 812 2
4066 1407 71
4066 620 4
4066 4956 40
1372 2973 71
4756 4811 36
4756 2754 56
2163 4119 18
2163 2496 99
2163 1163 51
2163 2732 50
2163 4235 16
4119 1448 94
4119 2824 82
4119 1341 36
630 2458 42
630 928 42
2458 26 29
2458 1770 32
2082 2883 79
2082 2451 94
2082 2725 7
1478 847 93
1478 3674 62
1459 2463 20
3350 398 77
3350 1420 14
4041 2829 81
4041 1365 16
4041 2716 41
314 796 70
314 3587 2
314 1508 62
1260 3793 45
1260 369 51
1260 2383 63
1260 4027 94
3793 4609 55
3793 1363 48
3793 4643 60
4277 3118 72
4277 3685 7
4277 4923 37
3824 954 7
3824 2739 22
3824 597 92
370 449 9
370 374 79
370 3732 87
2651 4287 38
2651 530 19
2651 1623 50
2651 4442 29
2651 4913 35
4287 2081 16
4287 4852 61
4287 2102 86
4287 3610 49
1183 1670 27
1183 1863 91
4729 667 19
4729 391 97
1259 3382 18
1259 2942 11
1821 3308 5
1821 3242 16
1821 322 98
1821 1302 74
3308 3608 7
3308 4002 1
2450 4114 28
2450 4625 43
2450 58 47
2292 258 81
2292 2629 56
2292 1479 40
2044 4777 26
2044 4699 42
2044 383 28
2044 2387 30
2044 4604 27
4777 919 48
4777 91 87
4777 412 79
2340 2863 46
2340 2975 3
2340 1354 84
4248 4391 37
4248 3262 46
4248 2325 80
4391 1133 58
4391 4497 33
2626 4271 24
2626 1897 38
2626 4379 40
1139 2685 73
1139 631 79
1139 759 64
2685 4999 100
2685 3114 54
2685 4653 88
2848 1251 81
2848 4606 91
570 166 32
570 2122 68
1340 1399 98
1340 1788 31
1399 311 26
1399 4402 49
1042 1705 88
1042 4408 67
1705 4198 20
1705 3333 36
1705 4053 38
2518 4818 23
2518 264 24
2518 4459 20
2518 1364 80
4818 591 9
4818 4198 6
1644 1810 97
1644 2177 9
1810 2758 42
1810 3255 96
1810 1946 62
4036 3009 24
4036 745 93
329 1542 42
329 1297 77
329 1066 44
329 3540 95
3059 3399 27
3059 3985 70
3004 4940 41
3004 3740 56
4940 2556 2
4940 1329 35
4940 4131 83
3300 4732 40
638 4281 44
638 102 44
638 1575 58
4281 1843 65
204 3760 78
204 1950 73
204 1115 15
3760 2881 92
3760 4367 83
2735 4879 37
2735 2316 51
2735 486 79
4605 2516 13
3134 1613 59
3134 3299 70
3134 272 41
904 1323 36
904 754 37
904 4815 39
904 1676 46
112 1956 19
112 3548 84
112 1275 6
112 2485 4
1956 1039 88
1956 4204 59
581 4342 6
581 3913 20
2210 4904 71
2210 885 61
3416 4103 25
3416 1442 6
4103 752 15
4103 1404 26
2496 78 65
2496 4352 36
1449 3678 76
1449 2382 84
1449 3853 93
1449 30 60
1449 3344 1
3678 2942 77
3678 823 42
2980 39 25
2980 2289 31
2980 713 33
2980 1603 40
3411 735 40
3411 3118 77
3411 1407 90
3411 3975 97
41 2197 1
41 375 35
41 3820 19
2197 1665 62
2197 1047 43
1779 2886 68
1779 4665 13
1779 778 47
1779 1165 93
176 584 14
3263 2829 23
3263 1534 21
3263 1239 29
3359 4242 58
3359 1423 64
3359 12 89
3359 4309 17
3359 2772 55
4242 1365 20
4242 2881 8
4242 296 85
3008 3142 36
3008 1016 45
3008 3322 38
1877 1833 84
1877 1542 46
1877 3098 40
3384 2600 63
3384 1764 69
2792 4131 32
2792 1337 46
2792 1053 75
2792 584 72
4131 1833 72
4131 2633 30
584 840 7
584 3425 87
840 3818 44
840 4895 81
840 4514 13
3149 3880 28
3149 4850 56
3149 512 1
3880 4973 14
3880 248 57
3880 706 80
3880 4691 63
2392 820 26
2461 4031 15
2461 3087 81
2461 3243 59
2461 4221 38
4031 1441 21
4031 2611 95
229 4766 8
229 3921 4
88 4363 34
88 712 11
604 922 100
604 900 34
604 2740 57
604 1066 57
2758 3049 7
2758 4526 7
2758 2320 40
2758 2604 1
1758 4554 2
1758 3803 79
1758 1476 1
4554 4607 98
4554 4892 31
1412 4146 37
1412 269 59
1412 4662 67
1412 4046 4
1412 898 41
4146 531 46
4146 3592 41
4146 1368 31
1608 3792 32
1608 3983 20
1608 4664 48
1608 2517 9
3792 1990 50
3792 382 54
3792 2331 28
4235 1184 98
4235 3245 96
2580 4083 47
2580 1174 7
4811 231 18
2063 2386 85
2063 4844 74
2063 58 52
2386 3838 44
2386 4684 56
2386 2706 33
2386 4043 42
733 4760 36
733 406 89
733 4864 49
4760 1798 58
4760 766 19
4760 988 94
241 2608 78
241 1598 27
241 414 66
2608 3585 82
2608 4783 85
2608 3997 36
1906 4159 61
1906 1442 26
1906 3996 79
1906 3857 52
4159 2711 23
4159 4280 52
3761 1804 58
3761 262 94
3761 1382 70
3761 764 77
1133 1203 32
1133 4804 77
1133 1612 22
1133 374 65
1203 3778 49
1203 1162 96
1203 3339 23
200 2185 65
2992 2551 8
2992 1772 73
2992 1747 46
2312 1786 26
2312 662 13
2312 1861 26
2841 2285 92
2841 1100 45
2841 299 81
649 1090 37
649 1480 24
1090 1804 60
1090 3338 66
1090 1483 4
3012 1315 43
3012 2093 6
633 2314 41
633 368 42
633 862 12
633 4055 76
633 4921 83
2314 2979 64
2314 1920 18
2314 4315 65
172 1690 56
172 2915 21
172 1554 15
1690 3509 86
1690 2169 40
2203 3043 36
2203 3040 10
2203 3142 8
2203 1727 47
291 335 81
291 1616 35
291 1615 72
291 668 38
335 4830 71
335 729 92
4718 288 85
4718 1381 30
4718 2967 99
2969 1309 29
2969 2242 98
3189 3255 73
3189 1006 31
3255 3268 92
3255 57 16
4730 3044 80
4177 97 80
4177 4485 81
4177 2807 79
4177 1748 21
971 1262 97
971 4956 76
971 990 21
971 4187 77
971 2570 20
1262 4501 18
1262 3732 74
1262 165 54
4167 2816 71
4167 2444 61
592 4878 100
592 2719 12
592 3821 41
592 2798 57
4878 899 84
4878 1736 45
4878 2115 24
982 3974 61
982 1652 95
982 3669 40
4558 3071 72
4558 4941 60
839 4356 18
839 4162 67
839 510 88
815 2325 15
815 3543 76
1534 1641 74
1534 1803 8
2525 1402 68
2525 3958 17
2525 3563 93
3592 3529 1
3592 4620 10
3592 2399 7
3279 2291 31
4476 2946 56
90 1302 48
90 1789 48
90 1402 30
90 2189 80
2526 1596 21
2526 853 68
2526 2763 51
2526 2767 28
1514 2076 45
1514 2997 74
1514 4859 23
2076 2590 71
2076 3243 40
744 3326 53
744 2313 13
744 1444 90
744 2170 51
3326 1816 69
2566 4930 55
475 3138 52
475 1274 17
475 4356 74
475 2672 9
3138 2542 32
3138 4253 54
3138 2903 73
513 1215 83
513 1115 14
513 2467 97
513 909 47
513 2589 61
1215 2672 1
1215 3504 85
1215 703 99
494 4308 95
494 3562 51
494 2263 52
494 4655 8
3278 1628 70
3278 3469 27
3278 1957 16
1362 1655 100
1362 3390 46
1362 1444 68
1362 4951 80
1655 805 79
1655 4631 100
1517 2495 88
1517 2770 29
1517 4802 91
2495 4013 39
2495 1451 28
2495 598 91
2925 4525 16
2925 667 62
2433 2832 85
2433 4490 77
2433 54 29
1712 747 36
3083 4269 94
3083 3897 46
4269 150 79
4269 4178 96
4269 640 35
2615 3935 37
2615 763 82
2615 975 5
3935 3016 42
722 1739 39
722 2469 51
722 2955 94
722 293 26
722 1686 97
1739 4632 76
1739 4548 90
1739 2936 69
1582 2597 43
1582 1591 44
1582 1946 37
1582 781 64
2597 1030 64
52 4617 58
52 1986 38
52 358 22
4617 3103 74
1217 1681 71
1217 1187 76
1217 688 97
1217 2786 6
1681 2708 71
921 237 78
921 1649 56
921 3140 75
921 2499 86
2883 4581 58
2883 973 63
692 813 50
692 1451 54
692 3355 49
692 2481 54
813 3551 49
813 3801 100
813 377 70
813 1364 24
1922 4651 70
1922 1770 5
1922 4898 61
4651 4532 4
4651 2059 86
4651 939 1
1892 1905 85
1892 4124 67
1892 3177 98
1892 150 50
4431 3634 19
3071 3585 22
3071 796 74
3071 3579 92
543 2905 89
543 3575 9
543 1224 61
543 2242 44
543 1564 72
2905 4571 4
2905 3213 92
2224 458 93
2224 3313 68
2224 1765 100
333 1634 48
333 4113 3
333 4748 99
1634 182 64
1634 2682 45
1634 2115 23
4927 3970 58
4927 3227 19
4927 1800 63
3636 4603 64
3636 25 17
3636 983 26
4603 1530 86
4603 4389 46
2318 4853 29
2318 4388 55
2318 1611 20
4853 1652 88
4853 484 34
1886 4037 77
1886 2892 92
3030 4793 18
3030 465 17
3030 1167 72
4793 1677 10
4793 1487 85
4793 1455 27
666 1874 42
666 10 53
1724 4114 3
1724 424 91
1724 2908 81
4114 1254 24
1125 3332 3
1125 4869 92
3757 3564 30
3757 2489 68
436 4917 84
436 2263 42
436 834 15
436 3533 37
1807 3065 31
1807 544 98
1807 4966 77
1807 3515 57
3065 4210 89
3065 3936 67
3065 705 93
1445 4623 28
945 1114 86
945 4115 86
945 3736 69
1114 2271 64
1110 364 4
576 3203 41
576 353 62
3203 3675 58
3203 1986 61
3203 3339 99
3905 4252 30
3970 4283 8
1880 3543 14
1880 2872 91
1880 2020 62
1880 2939 97
3543 957 85
3543 4398 2
1771 4576 14
1771 4485 40
4576 1093 64
4576 3742 82
2208 4933 72
2208 1311 97
2208 49 34
3525 2168 30
3525 2898 54
3525 182 10
4632 4719 23
4632 1714 73
4719 2481 22
4719 4225 40
4719 766 66
4719 3147 76
382 695 93
1278 4414 47
1278 1312 48
1278 2032 44
1278 1184 90
4414 4153 27
4414 3843 97
4414 2950 66
2816 2797 54
2816 1721 60
4645 4658 38
4645 749 100
4645 1405 78
4645 701 53
4658 3273 15
4658 4442 81
4264 1108 76
4264 2593 21
4264 3686 61
2068 2961 93
2068 219 84
2068 26 76
2961 4763 41
2961 3195 16
4996 2346 52
4572 4134 85
4572 3870 15
319 2939 22
319 1082 19
319 1744 80
2101 3340 19
2101 2281 87
2101 2998 71
2101 4964 44
1575 4535 64
1575 857 30
1575 4826 59
3242 233 38
3242 454 36
3589 2757 33
272 2805 25
272 2320 79
272 710 3
2805 2579 58
2805 4634 39
2086 3661 95
2086 293 94
3661 81 61
3661 2530 97
3661 3676 54
4198 1190 97
4198 4774 47
4198 2998 13
2011 3011 75
2011 309 32
378 437 22
378 597 43
378 3295 2
378 2382 70
4111 4966 60
4111 2481 98
4111 1009 99
4111 4559 97
4966 2482 70
2397 4462 12
2397 3270 67
4462 2404 26
4462 2921 66
1473 4077 35
1473 4862 54
1473 383 60
4077 596 50
4810 1464 42
4810 1730 15
4810 862 70
4501 4892 82
4501 3723 23
4501 2282 69
4501 2166 27
4892 4282 68
4892 558 94
599 3055 46
599 4311 5
3055 72 96
3054 2648 9
3054 907 84
3054 3794 72
3054 54 3
537 3449 16
537 4552 30
2400 3713 6
3713 1361 24
3713 344 43
3713 4344 30
165 2534 67
165 3609 56
2534 1168 36
2534 1714 78
564 2051 45
564 3070 25
564 2800 83
2051 1325 54
2051 1675 15
2051 2797 86
1672 4960 86
1672 64 4
4960 312 47
4960 689 44
122 915 18
122 3112 38
122 4532 44
122 884 81
122 2480 95
915 3166 49
915 1558 3
915 3881 81
1032 2156 51
1032 4157 53
1032 3050 100
2156 26 86
2156 3934 9
2156 4917 81
2674 4559 71
2674 4366 85
2986 578 97
2986 3266 17
3736 4042 22
4042 1957 3
4042 4958 7
4042 3618 96
2414 2830 56
2414 2272 43
2414 2169 70
2414 2357 51
2830 2274 52
2830 4052 69
1290 4345 99
1290 2711 64
1290 2761 5
66 2942 93
66 2618 50
66 1023 1
66 4768 79
3582 2511 81
3582 3171 98
625 2411 100
625 2761 3
625 591 26
625 4964 63
2411 4024 85
2411 110 29
4067 4263 96
4067 4397 98
4067 351 57
4067 1234 27
4067 1458 30
4263 4214 26
774 3702 69
774 1942 8
3702 322 83
2451 4819 27
2451 929 6
4819 1837 44
2604 2581 95
264 4306 50
264 4548 51
761 3351 49
761 4598 66
2108 3662 3
2108 4398 56
2108 374 75
3662 4688 2
3662 2241 49
58 4220 41
1692 1096 60
1692 2320 78
1692 4071 35
428 3415 45
428 4390 93
428 2339 60
3415 3566 67
3415 3570 1
3415 4303 12
4232 3084 94
4232 1241 7
4232 3223 82
424 706 59
424 4583 18
3950 3875 94
3950 2047 11
3950 1844 84
1201 4570 76
1201 1721 97
934 4386 47
934 3147 64
934 1849 7
3974 163 90
3974 1768 30
3974 2899 12
3974 2162 13
2399 3838 12
2945 4428 77
2945 2690 84
4428 2152 36
4428 1376 89
4428 4608 28
4428 53 94
2872 3094 62
2872 4650 42
694 4473 29
694 3811 79
4473 2715 93
4473 4188 50
4473 2085 53
4473 3834 54
4347 2429 34
4347 1311 39
1349 2455 95
1349 2935 5
1349 1930 14
1349 3158 34
1349 2665 74
2455 3076 89
2302 3504 37
2302 1819 46
3504 3070 68
3504 2047 29
3166 400 53
3166 2344 93
478 3128 80
478 655 69
478 3241 63
3128 534 29
3128 1976 1
3128 47 58
3128 3190 33
4916 1744 32
4916 2004 69
4999 1346 21
4999 978 60
4999 3782 60
3788 2105 53
3788 127 70
3788 3282 60
3213 3382 17
2915 2631 55
2915 4395 78
2089 4005 56
2089 27 68
22 1359 32
22 3215 26
22 4714 42
22 2369 100
4397 455 82
4397 1661 81
4397 4585 84
3376 3533 62
3376 4800 78
1830 4340 84
1830 1982 11
1830 380 3
1830 25 7
4340 1490 46
4340 4118 63
4340 2571 28
3784 4274 67
3784 4140 26
3784 1850 59
4274 2599 11
4274 988 72
778 3955 24
778 4749 19
778 3875 98
3955 274 77
3955 3258 94
3312 3575 61
3312 4369 77
2097 3378 99
2097 442 82
2097 2165 39
2097 235 55
3378 906 21
3378 4766 64
4394 2999 26
4394 3316 63
4394 2207 44
2061 3365 6
2061 321 47
2061 4932 71
4134 3887 60
4134 339 92
896 3947 59
896 3694 17
896 3307 21
896 528 28
3947 199 40
3947 1200 7
2513 2798 36
2513 4072 75
2513 534 65
2513 941 21
2513 4981 7
2798 1962 67
3544 4404 95
3544 2121 52
3544 4002 94
1733 283 95
3120 3247 58
3120 67 68
3120 1041 27
3120 120 36
3247 3266 18
3247 2100 15
3247 3958 27
3247 688 5
4109 2005 79
4109 1009 7
4192 4046 31
4514 2272 17
4514 3779 31
4514 2499 14
3097 4246 4
3097 674 72
3097 574 22
3097 1859 88
4246 679 40
4246 2234 86
86 1863 72
1863 3725 31
1863 843 10
2106 3235 23
2106 797 77
2106 4130 37
3257 1064 76
3602 1359 45
3602 4436 71
1069 3057 97
1069 1547 45
3057 2859 74
3057 988 9
3057 1231 17
429 2202 47
429 53 25
429 2625 84
429 1263 96
2202 3565 14
1346 1379 74
1346 4618 17
1379 3177 82
1379 3436 60
1379 2010 96
943 3914 14
943 4270 73
943 1124 99
943 737 93
1986 3648 62
1986 4051 17
166 287 91
166 2060 67
166 3775 48
287 124 25
287 2273 31
1740 2862 39
1740 606 100
1740 3417 46
1740 598 98
1019 2189 34
1019 3436 78
2189 4742 15
2189 1563 4
2189 4024 18
64 3271 36
845 2790 21
845 4306 20
845 2807 45
2790 3781 100
2790 908 22
2790 602 40
2790 4434 64
311 98 21
311 2932 97
438 4358 75
438 3960 58
438 3954 31
4358 1990 33
4358 1902 7
4358 2374 33
2752 2448 63
2752 3782 51
2060 2829 38
2060 1872 89
2060 1101 53
2060 1815 8
2829 1638 93
2829 3885 92
449 1743 6
449 3790 77
449 1113 1
449 4137 86
1743 4303 23
1743 1163 86
1743 3406 41
1096 3311 57
1096 2551 60
1096 3746 99
3311 4801 36
3311 1900 17
3311 3165 84
894 947 63
894 3704 81
894 3542 23
4345 3780 11
4345 3659 74
4345 2165 48
2298 2886 29
2298 4634 97
2298 3879 42
2886 3112 58
2886 545 45
4059 294 62
4059 2913 68
1510 4844 52
1510 177 43
1423 2153 6
1423 1612 7
1423 2786 72
3565 3610 84
3565 1497 24
3565 1714 11
3610 2838 82
3610 2262 23
3610 1573 80
4195 3512 77
4195 4164 88
4195 2956 31
1566 4540 93
1566 2434 13
1310 2193 28
1310 4771 98
2193 1325 43
2193 3106 77
2193 1402 36
3143 3786 4
3143 2138 59
3094 1135 86
3094 916 11
3094 3676 45
3094 4404 10
1675 3847 90
1675 248 53
1636 124 42
1636 2187 77
1636 3038 41
1636 3783 63
3162 3570 34
3162 3087 18
3162 1493 68
3162 1602 62
3162 3224 30
3570 59 16
3570 2218 11
1419 2365 68
1419 4582 52
1419 1341 5
2365 2094 82
2365 826 87
1551 2001 29
1551 269 20
771 2329 4
771 4708 96
771 2136 73
771 854 12
2329 191 5
27 4133 36
2207 1890 16
2207 1937 84
2374 4581 85
2374 622 38
302 4499 70
302 4398 29
4627 2391 57
4627 457 51
1456 4354 28
1456 2138 79
1456 3101 59
4354 3454 87
4354 1093 15
4354 2166 18
1272 3779 95
1272 4594 62
3779 3694 89
3779 325 21
67 3152 26
67 3314 54
67 3538 73
67 3344 3
3152 2139 82
3152 1800 85
3152 3352 54
1462 667 91
1462 4518 70
1462 4957 70
2570 3991 49
2570 4526 5
2780 653 19
2780 3061 83
2780 4037 20
94 1299 45
94 3338 23
94 2732 36
1299 3026 4
1299 2893 69
1299 4468 24
689 4843 6
1396 1276 10
615 2462 45
615 1682 72
2462 2912 94
2462 1515 5
2462 2041 13
3361 2091 8
3361 2817 48
2832 3035 38
2832 261 45
2832 3172 86
3035 944 74
3035 4544 25
4303 2180 79
4303 1471 80
4303 4677 56
1116 3387 27
1116 3626 66
1116 4589 60
3387 3355 1
3387 2206 99
1804 2367 34
1804 4770 55
1804 4145 28
3692 3121 73
3692 2717 70
3692 2913 39
403 3222 44
403 3324 77
403 3169 1
3222 1777 10
1411 4998 87
1411 1 19
1411 992 91
4998 4044 6
4998 2269 89
1970 2243 54
1970 3867 35
1970 2503 99
542 4231 99
542 1115 78
542 1367 32
4164 283 94
4164 3207 91
4164 675 24
251 4157 50
251 1981 45
951 4488 14
951 606 72
951 4642 7
951 4342 25
4488 992 14
4488 459 100
1684 1858 84
1684 1836 84
1684 4655 15
1858 4085 53
1858 4698 63
1858 1233 20
1858 2763 88
1479 4607 48
1479 4360 18
1479 379 48
643 3804 57
643 3748 10
643 3484 78
4566 265 33
4566 3818 24
195 3458 92
195 4621 90
195 2071 51
3458 4023 7
3458 752 38
1719 1852 27
1719 1524 5
1719 390 81
1719 4310 60
1719 2075 35
1852 2231 65
1852 2273 20
1852 3068 11
596 384 66
596 583 83
596 562 9
3009 1835 44
3009 3571 14
2206 2665 86
2206 2341 11
3408 3885 42
3408 3146 53
3408 967 9
211 3402 79
211 3577 21
211 3810 78
211 451 100
3402 270 2
3402 3164 6
806 1246 1
806 4170 59
806 1897 46
3634 3916 21
3634 2733 81
1079 2394 91
1079 3624 6
1079 4582 40
1079 1871 95
2394 262 64
621 4734 20
621 4835 80
621 365 93
621 2728 22
4734 2272 74
4734 2285 50
4734 4173 8
1860 1976 37
1860 2823 1
1860 4673 76
1860 4458 47
1976 2098 21
1976 4671 73
903 1414 71
903 4646 91
1414 4660 58
1414 976 71
1414 4016 98
2551 3904 6
2104 1513 60
2104 4001 7
2104 295 35
4917 4396 18
4917 2853 13
1589 772 27
4690 4430 88
4365 4901 68
4365 4774 44
4365 1135 34
4901 504 4
4901 283 23
3759 104 33
3759 1418 97
3759 444 77
3759 4460 70
1524 3195 43
1524 1245 72
3195 3681 39
3195 4518 56
4379 3140 21
4379 1224 87
814 3763 69
814 3383 94
2464 3295 21
2464 1170 48
2464 1111 7
3295 978 62
3295 2891 67
2488 3881 9
2488 4539 60
2488 198 68
2488 3332 92
3881 4748 95
3881 3070 6
681 705 88
681 2682 28
681 4153 94
681 1979 14
705 4778 50
705 2352 71
705 2453 10
2613 4622 26
2613 4104 58
2943 3229 69
2943 2378 17
2943 1501 83
3229 2937 65
3229 3732 6
400 1747 46
400 2212 35
400 259 32
3177 447 81
3177 3675 18
1051 3621 55
1051 1072 77
1051 365 47
1051 368 41
3621 2863 19
4043 4779 94
4779 4965 64
4779 4291 83
4779 3270 29
4779 595 78
3749 3076 6
3749 434 63
2611 3780 65
317 4336 76
317 3448 59
317 1010 22
317 1698 12
4336 973 80
4336 1099 51
4336 4616 72
4336 4417 42
3469 2342 88
2935 4987 28
2935 655 72
2935 1714 47
2935 2894 61
4987 1482 82
4987 1315 42
4987 3666 9
2100 3492 75
2100 3740 8
2100 399 78
4025 4092 42
4025 74 34
4025 4311 9
4025 2868 55
4092 4754 87
4092 163 61
4092 87 2
2898 3873 46
2898 4395 94
2898 81 7
3873 2683 46
1805 3450 21
1805 2572 54
3450 3919 29
3450 4703 51
3450 4152 86
3150 1302 98
3150 4429 95
3150 609 42
3150 1082 77
1429 1887 2
1429 3710 93
1429 4069 51
1887 3997 77
1887 2442 26
1887 2188 40
2277 3674 33
2277 4852 40
2277 419 42
2277 1667 21
3674 3694 23
3674 1920 93
3674 2644 33
1363 3748 65
1363 2393 77
3748 1381 6
3973 4804 54
3973 2556 70
3973 4855 73
3973 1165 41
4804 1185 85
4804 3133 92
4804 4404 48
1542 4427 38
1542 3518 54
3074 4220 46
3074 4333 84
32 4702 81
32 3041 12
32 4197 8
32 978 55
32 3671 47
4702 3215 19
1219 4494 70
1219 4862 17
1219 872 22
1219 1522 5
1219 601 41
4494 4142 42
4494 2490 84
434 1981 72
434 4805 25
434 4670 98
1124 1224 81
1124 579 94
1224 4331 79
293 4861 3
293 2711 13
57 2022 57
57 2357 43
2022 1162 63
2022 3797 13
4646 4349 75
4646 4860 39
4646 3494 54
1696 2610 41
1696 4247 6
1696 3367 55
1696 4911 46
217 4273 91
217 368 60
947 4530 32
1367 3345 93
1367 1490 32
3345 1694 71
3345 2322 94
3211 3407 97
3211 801 1
3407 4581 51
3407 3021 9
3407 457 53
3407 732 68
2020 2449 43
2020 4221 32
2020 3215 85
2020 909 48
2449 1441 60
2449 2463 82
2449 2366 17
1263 2241 74
1263 3523 6
2241 3066 67
2241 2064 100
2241 3060 48
1046 2873 54
1815 2983 84
2983 1590 7
2983 2387 43
776 4863 44
776 2326 34
776 3047 37
776 1794 31
4863 3548 53
4863 2177 82
4863 2226 10
2360 4769 23
2360 3898 49
2360 248 38
4769 1745 32
4769 4843 23
4769 2708 93
3144 3843 68
2372 3393 28
2372 352 46
2372 1780 47
2372 1192 39
367 4898 65
367 3579 45
367 3562 25
582 3011 98
582 1418 55
582 1728 42
582 4673 74
582 2713 15
3011 1471 13
3011 3875 46
3011 4015 84
1055 2706 57
1055 882 50
2706 587 35
2706 4549 50
4831 1698 57
1 4197 92
4197 2539 97
4197 2745 40
3693 3193 53
147 1816 96
147 3980 76
147 2128 42
1628 602 50
1628 4407 68
1628 4891 92
3566 332 48
3566 2819 96
321 2603 9
321 1982 44
321 1665 67
2603 3593 23
2603 4630 12
4047 346 50
4047 31 32
4047 3310 81
2930 2166 23
2930 4821 19
2930 3140 7
2930 2934 44
735 2824 70
735 441 95
4742 2427 91
4742 2975 96
1251 4459 67
1251 3441 99
1251 3066 28
1251 2813 92
4459 4569 86
1325 1413 14
2255 4544 13
2255 3491 52
2255 3614 80
2255 3112 18
2255 2428 14
4544 4165 67
2146 3096 34
2146 3431 95
2146 4028 9
3096 3978 23
274 144 100
2817 535 88
2817 2282 60
1280 4113 89
1280 4924 28
4113 4535 93
1659 4351 71
1659 3710 63
4637 1075 92
4637 4443 89
1687 1993 97
1687 153 9
1687 3424 44
1993 3657 95
1993 4691 75
1993 2142 62
1522 2185 69
1522 683 86
1522 4861 2
1522 2184 73
2185 2868 36
219 4662 56
219 1694 28
219 2428 82
3512 3762 83
3512 1866 86
3512 897 13
3762 784 70
3762 2368 41
4642 2219 47
1294 3654 65
1294 3217 52
1294 4677 78
4620 2807 96
4620 1176 15
1246 3775 12
1246 981 7
1246 350 81
4153 4761 77
4153 1381 78
4153 40 13
4761 4618 67
4761 3460 100
4761 3948 29
1105 1493 90
1105 1849 54
1105 1281 10
1105 3309 39
3921 2045 45
3921 1074 25
3921 3087 53
2823 1930 95
4308 414 62
4308 2659 83
4308 1940 80
4308 3190 98
846 1498 68
846 1464 74
846 4985 33
1498 1106 27
4081 1599 30
4180 4571 15
4180 4169 66
4180 2467 78
4180 854 89
4571 4834 87
4571 3038 89
2126 435 54
2126 898 2
2126 607 89
1393 1667 14
1393 820 39
1667 2808 51
1667 2503 33
1667 230 87
3866 458 41
679 4665 63
679 3228 95
679 4765 83
679 3198 37
1869 2535 54
1869 3462 97
2535 3291 86
2535 4342 40
590 3908 82
590 3332 27
3908 4475 13
304 3551 30
304 2165 59
304 1980 93
3551 2579 5
1670 2820 82
1670 479 73
1670 2065 35
2820 1828 37
2820 3877 29
2820 3919 5
2692 4265 91
2692 4969 24
2692 199 43
2692 2446 41
4265 1632 9
4265 930 87
4265 3297 59
4265 1313 73
3354 4879 36
3354 2774 36
3354 4481 92
3354 4359 23
3354 2497 17
4879 4994 100
4879 3676 49
3077 3847 82
3077 1495 89
3077 4859 18
3847 1621 91
1024 107 100
1024 254 85
908 3436 22
908 2382 95
908 3904 36
908 3839 69
3436 2622 31
1632 4435 74
1632 4069 54
764 2338 68
1903 3472 32
1903 322 57
3472 2221 82
3472 3798 82
3472 1130 13
3472 3302 28
2396 3341 44
2396 2005 9
2396 597 20
2396 801 8
3341 142 3
3341 651 45
3341 3240 97
1408 4525 41
1408 4203 83
3121 3745 74
3121 3205 5
3745 2903 55
3745 444 30
1369 663 40
1369 1777 21
3172 4205 23
3172 1451 40
3172 972 19
4205 501 83
4205 3907 32
2556 4698 31
2556 1167 1
2556 2121 66
3608 4585 25
3608 175 80
3608 1037 98
312 519 32
312 1588 90
3044 4765 88
1554 3705 47
1554 92 8
1554 98 68
3705 2647 88
3705 991 36
504 159 76
504 4650 33
504 3451 22
158 2936 48
158 4598 53
3778 751 63
3778 3453 62
1842 4886 89
853 2574 58
2574 1783 59
674 1438 47
3199 4186 88
3199 2919 49
1078 3187 76
1078 1711 81
1078 2262 85
3187 3344 90
3335 4613 81
3335 74 50
4613 4457 31
4613 2463 42
4613 4630 53
4539 4409 62
4539 1596 87
4295 972 100
4295 872 19
3495 1789 4
3495 843 43
4772 539 75
4772 4247 25
36 1763 79
36 884 76
1763 3021 20
1763 2713 85
1763 2919 7
1285 1679 46
1285 1221 76
1285 3554 15
1679 3252 6
263 2745 63
263 4214 88
263 797 15
263 1939 63
2745 1893 93
686 631 65
686 1502 43
686 4828 59
2308 3763 39
2308 2606 98
2308 2546 34
2757 3406 25
2757 2932 33
3997 4705 51
3997 3297 73
4705 1854 53
4705 4407 78
577 2297 74
577 4434 18
577 4349 45
577 2868 14
3462 763 48
3462 653 37
843 3782 69
4333 2707 78
2733 4400 81
2733 1674 49
4400 226 86
4400 3790 68
198 2700 79
198 3581 77
2700 882 4
2700 2622 97
2700 1135 18
2700 688 83
4923 2503 80
237 1908 38
237 555 54
201 3205 28
201 1074 5
2233 3911 81
2233 4823 12
2233 2973 7
273 4561 77
801 1458 80
801 4536 29
1458 3744 82
92 998 16
92 3331 95
92 4518 87
2243 3105 45
1735 2036 63
1735 2403 21
1735 4141 87
1735 4573 47
2036 4270 55
1339 463 66
1339 4239 20
1339 1464 22
1339 516 32
2393 4250 15
2393 1611 99
2393 145 62
2120 3461 17
2120 2948 67
2120 3306 2
4023 4074 35
4023 1935 63
2529 3658 31
2529 2121 25
1003 1142 75
1003 1685 6
1003 2717 88
1003 2145 87
4737 1513 21
4737 766 64
4737 1068 86
3058 4052 2
3058 3718 38
3058 1668 91
54 1416 71
54 3191 57
54 2117 1
1416 3511 58
1416 3328 38
2098 2503 21
854 1994 58
854 2005 59
1994 3770 78
1994 2404 47
1994 2665 21
2010 3897 62
2010 3092 84
2010 4826 75
3897 4188 52
2972 3750 30
2972 4601 29
78 1773 32
78 717 43
78 83 95
1773 1668 97
1773 3783 22
1773 4027 61
879 1004 66
879 4402 43
879 3686 82
879 3365 51
1004 1797 84
2632 4883 72
2632 4515 23
2632 3958 56
4883 4551 2
245 4759 91
245 3948 20
245 2014 75
463 4532 24
463 2663 23
381 498 90
381 1957 81
381 4635 89
3914 1816 83
3914 3887 18
3914 544 20
1808 525 62
1797 3347 20
1797 344 26
1797 323 81
4152 4969 29
4152 4844 96
4152 4351 89
4969 3287 52
4969 4181 44
2366 2899 8
2366 2059 33
2366 1621 71
2366 1421 15
4749 2941 57
4749 4327 86
3362 4621 9
3362 4051 37
3362 4824 43
4621 4443 59
120 3109 67
120 4548 71
777 3744 8
777 2683 12
777 210 25
1064 2639 69
1064 1823 99
2614 4169 39
2614 1803 42
2614 1825 18
4169 1997 16
4169 3064 83
3232 4353 90
1302 4843 33
540 412 29
540 4102 3
3694 4223 58
3694 3356 79
2911 3867 64
2911 4406 4
2911 1767 87
598 4000 26
598 4013 74
4000 2367 59
1520 4541 55
1520 1420 4
1520 153 83
1520 1516 29
4541 4886 12
4541 2381 74
3373 3403 24
3373 2887 89
3373 4928 51
3373 763 57
3403 1352 6
2760 4408 72
2760 330 58
4408 4589 46
4408 1094 37
2168 2891 98
3274 4629 61
3274 4376 59
3274 4618 78
3274 1616 82
3274 788 1
4629 3154 53
4629 1882 48
4629 3794 5
134 2644 31
134 2939 33
4731 2539 3
4731 1564 58
4731 3048 60
4731 3540 78
3092 4117 18
3092 4639 66
3156 1621 84
3156 60 83
3156 1613 26
3156 4086 52
2655 479 14
2655 1249 8
655 2489 50
1240 2177 63
1240 560 78
1240 3328 5
4748 257 29
4748 4816 9
1250 2645 50
1250 1190 93
1250 2079 22
233 4885 65
233 1352 46
233 397 36
2542 4535 33
2542 4271 94
2542 4763 39
2542 4635 3
1500 1185 27
1500 1020 21
464 3111 69
464 3093 17
464 1188 90
464 3165 1
729 1028 91
729 1962 3
729 3506 61
202 2845 44
202 491 85
202 1731 98
202 3818 74
2845 3207 85
2845 2577 44
2955 4475 32
2955 4695 58
2955 2971 23
4475 4992 96
4475 916 54
4508 47 57
4508 1308 21
4508 4867 74
3725 2482 17
3725 1041 100
3725 2028 87
3948 1218 69
3948 768 67
3235 3655 37
1631 2170 17
1631 4181 11
1631 3672 90
2170 2395 78
2170 3930 8
4013 3511 79
740 4591 66
740 2250 64
740 145 78
740 4366 26
4591 2808 34
4591 3277 49
2056 3949 91
2056 2212 18
4332 4859 59
4332 2709 83
4332 1392 14
4332 1559 57
2004 4859 37
2004 3738 80
4482 4082 78
4482 2479 7
4482 608 26
3605 3658 61
3605 3769 25
3605 2134 38
3605 3670 24
3658 3040 34
2180 1668 92
2180 3538 67
4693 270 46
4693 4754 27
3176 3291 5
3837 4984 75
3837 4726 93
4984 695 37
4984 2149 73
4984 1516 57
4984 1323 95
3898 4885 51
3898 6 75
3898 1652 8
3964 4679 61
3964 3434 35
3964 4924 73
3964 600 96
3323 3945 77
3323 2269 62
3323 4600 24
3323 1992 20
3945 1744 22
451 4875 10
451 930 85
4875 4330 68
4875 4495 34
1688 2853 99
1688 4127 93
399 2630 2
442 3594 81
442 4800 42
3594 4532 30
3594 3334 29
3594 1791 13
3575 232 4
1018 2478 76
1018 4481 8
2478 4101 20
2478 520 89
1843 1168 20
1843 3454 92
3020 2087 5
3020 1992 86
4373 3114 92
4373 3983 10
3562 2395 94
2463 2633 39
2768 4073 37
2768 2162 57
2768 1844 92
4073 812 62
4073 529 75
1711 4267 98
1711 4552 59
1711 3190 100
1711 4540 99
997 2047 75
997 2642 22
3347 1756 5
3347 1015 20
695 503 55
695 3391 35
4556 4215 3
4556 4864 29
4556 4815 19
1329 4181 42
1329 4545 52
1329 2364 37
1329 4626 10
4559 2610 62
4559 3370 90
642 572 6
642 4055 76
642 1774 31
3155 1727 57
3585 4187 42
3585 71 73
4187 4144 28
414 620 31
414 2490 86
620 1006 94
620 1704 4
4585 4872 39
3410 4600 63
3410 2358 81
3410 3136 91
4600 2447 84
4600 2726 7
2474 3818 37
2474 2328 64
2646 979 90
2646 4982 3
2646 48 23
1245 1945 75
1245 31 6
1245 53 24
1245 2648 95
1945 1426 40
1945 4895 50
1945 454 73
1945 3039 24
3983 4684 70
4499 1610 100
4499 1591 33
770 1744 23
770 4625 56
1387 3393 59
1387 1150 23
2144 3468 10
2144 2509 12
2144 4774 59
3468 69 45
3468 1231 65
2469 2999 14
2469 3183 91
2999 2776 13
2999 2932 42
2999 1624 37
763 3627 11
3507 4654 28
4654 1728 13
3266 2784 75
3266 4903 66
2660 2001 64
2660 4027 10
819 1958 53
819 111 98
1958 4606 30
1958 4995 35
4790 437 31
2715 3442 63
2715 3715 34
2715 1188 46
3442 265 1
3442 3568 85
497 397 30
497 1558 81
497 887 84
1737 1774 10
1737 4565 81
1737 4267 96
2081 1658 3
2081 1639 22
2081 1757 77
3753 4951 85
3753 4136 10
1979 3330 19
1979 4764 86
4582 1106 75
3062 4388 26
3062 220 23
3062 169 50
3062 2416 51
3062 2263 6
4388 2290 90
4388 1234 84
830 3958 52
830 4293 52
830 4911 59
3542 2533 94
3542 737 50
3474 4369 7
3474 547 67
3474 803 20
3474 4594 36
4369 2291 10
1834 3494 85
380 2446 35
380 1193 86
380 2709 1
2446 295 41
1558 341 60
1558 2619 55
4174 1973 78
4174 4409 21
4174 4034 10
4174 3333 51
1596 8 60
3340 2116 75
3340 2404 51
3340 3270 99
40 3280 13
40 2682 79
3280 296 51
3280 127 80
3280 2344 36
62 3039 47
62 2600 71
62 4125 58
62 4903 75
3039 4588 13
3039 2722 93
31 969 96
31 2866 98
31 3160 53
404 2510 24
404 1865 38
404 3754 32
2510 3391 26
1309 2616 40
1309 2041 14
1309 4330 78
1309 473 67
2616 3942 58
2616 929 36
2616 631 98
2616 3706 20
3351 3545 61
3351 2006 28
1831 1769 89
1831 4439 45
3887 2352 46
749 2693 69
749 4239 97
749 972 71
2693 4560 29
2693 3000 94
265 3225 75
4282 2975 54
4282 4515 49
4282 3460 80
699 2054 94
699 4349 26
2054 3430 55
2054 3066 12
2054 1490 92
2054 4781 42
1308 1398 86
669 2296 41
669 2355 53
669 2881 42
2222 3810 82
2222 2771 22
2222 4656 100
4448 3060 87
2371 2428 78
2371 2134 45
2954 3581 3
2296 3380 82
8 601 63
8 3771 29
8 3515 34
601 3957 88
601 2582 27
601 3548 37
3796 3844 87
3796 4805 83
3796 866 67
3844 4480 96
3844 3299 34
2781 2904 4
2781 3271 98
2781 1200 3
2781 38 34
2153 1451 82
2153 1641 84
4390 4671 56
4674 2553 20
97 4124 28
97 4084 78
3918 4857 1
3918 2520 26
3918 4294 67
4857 683 82
4291 351 95
248 3271 67
4670 1707 88
531 7 41
1121 4528 51
1121 631 90
1928 2499 78
1928 3818 59
1928 1136 99
1928 2764 51
2499 3364 40
1890 1457 83
1890 2799 50
1890 3595 92
4457 4104 37
4457 3949 60
4457 407 8
4457 3451 72
2648 4417 33
2648 4511 44
3090 1220 86
3090 4951 68
220 1480 25
1480 1334 64
1476 4324 88
1476 344 5
4324 2639 55
3915 3374 62
3915 3076 5
4616 4655 77
4616 1207 28
3050 4267 85
3050 4335 3
3050 754 56
4142 1983 61
4142 3981 33
4142 1420 99
1115 4547 80
1115 3414 40
4547 534 72
4547 4688 10
4547 4173 31
1404 2291 17
1404 26 57
2808 4063 31
1497 2702 57
1497 4982 43
1497 1421 95
2064 4643 28
419 4699 56
419 3049 21
4699 2363 81
4699 4328 71
4699 939 54
2967 4877 40
4877 1745 83
4877 453 11
4877 4639 91
4877 2725 100
2198 3383 20
2198 258 51
1867 1392 7
1867 1448 3
1867 1283 16
1867 2690 30
3742 2000 54
119 1734 59
119 2893 48
119 306 11
119 4091 61
1734 578 6
1734 376 31
2173 2572 26
2173 1405 90
2572 466 70
2572 447 6
2572 2728 32
159 315 36
159 2219 15
159 1611 33
159 2124 13
315 2774 13
315 4535 8
1706 4880 46
1236 3682 26
1236 4873 41
3682 368 22
3682 2184 15
1482 4563 86
1315 4890 19
215 3364 71
215 1376 22
215 2416 43
3364 4747 1
163 3174 55
163 3564 57
3174 111 80
535 654 11
535 3530 21
535 4581 15
3331 2485 95
3331 2047 15
648 2199 86
648 4941 28
2199 3352 47
1783 3262 93
1783 1161 36
1783 1930 39
3262 3518 56
3262 3302 39
3193 3540 21
3193 3389 75
3540 4988 39
1336 857 85
1336 4186 9
484 4953 8
484 4458 29
484 1295 45
2395 3633 58
2395 453 56
2395 2578 42
444 4389 98
72 4897 21
72 2290 14
72 4078 30
72 2444 45
4897 500 73
3390 653 22
3390 751 97
3207 4053 6
3207 3735 87
2485 2672 13
2485 4732 26
2485 3069 57
2672 964 62
1936 3396 70
1936 3743 34
1936 1588 23
3396 1707 28
3396 2709 23
3396 579 94
4703 4115 24
1536 1756 51
4510 2921 84
2912 3382 13
2912 2093 80
2912 1839 99
3382 528 5
654 4471 77
654 4140 37
654 732 23
4471 4395 18
4471 536 33
4471 4764 51
2862 1266 73
799 2085 46
799 2958 62
2085 1103 52
2085 425 84
3744 4353 32
3744 3798 65
4104 2448 16
4104 4601 48
4104 3563 74
1910 4511 91
1910 2410 18
1910 4200 62
1910 529 6
4511 709 45
4511 1996 46
458 1792 16
458 3679 37
458 4965 19
1792 1100 87
1792 4540 33
2280 1337 28
2280 1313 27
4252 351 87
4252 4823 74
4252 4497 22
2116 2504 99
572 4294 44
572 3000 57
572 3609 9
572 1962 39
4294 594 7
4294 3954 72
3043 4864 46
3043 244 30
1099 3991 33
1697 3016 56
1697 1499 43
1098 1859 86
1098 3717 26
1098 4933 47
2539 916 31
2539 469 47
1448 4867 20
1448 1056 16
1448 2907 66
4867 2257 43
4867 420 28
2520 4518 4
2520 3765 45
2520 3191 46
4595 2979 21
4595 3812 20
3960 379 94
3960 4816 41
3960 2125 62
1037 3244 62
3164 1020 53
3164 1825 74
3164 1765 62
3307 3668 80
3307 1011 35
3307 1908 96
328 4824 44
3957 3105 10
3957 69 82
1149 530 77
1149 1748 76
519 1847 16
519 280 2
519 3535 56
4532 2633 3
872 3790 73
872 2868 58
3931 2286 69
3931 2141 61
3931 3715 18
1563 4416 67
1563 2128 13
4416 518 63
4416 578 5
3159 2282 50
3159 2268 82
465 4144 33
465 1241 13
465 2138 30
4144 2904 16
3654 1613 34
124 2242 15
124 4634 65
124 2216 32
377 2378 6
3049 3158 6
967 2850 44
2850 3356 6
2850 4583 100
2850 1014 52
191 1168 60
191 847 95
191 1361 87
1168 3002 44
662 4200 41
662 2066 85
662 2114 3
4200 3864 78
1359 3917 68
2859 3626 36
2859 1557 33
3626 2803 37
3626 3291 74
1389 4396 94
1389 3268 20
1389 4854 18
3282 1375 36
3282 690 99
4495 437 15
4495 2643 9
145 3681 92
145 640 37
3681 4622 33
3681 1897 96
3681 309 46
48 3977 85
48 825 30
48 151 72
3977 2878 31
2904 4271 77
2904 4697 23
2904 3204 100
1627 1866 17
1627 4625 6
1627 3579 12
2697 4732 63
4732 1703 59
4732 4561 65
3875 231 28
3875 1200 69
1194 2319 49
1194 235 25
4898 3218 60
4898 1054 75
3126 741 92
3126 3393 38
3126 3804 47
525 752 81
525 3659 32
1187 4679 98
758 4406 52
758 2122 92
4672 3000 79
4672 785 29
4672 132 19
4672 792 35
4964 2245 76
4964 2409 14
4376 2994 73
4376 2867 48
4376 4002 19
330 1983 69
330 4795 8
1983 4348 67
1983 14 72
1983 82 28
1057 1184 73
653 4914 13
546 2281 71
546 247 8
546 3690 38
546 432 23
2281 1915 22
2793 393 100
2641 1442 79
2641 4728 54
1034 1530 67
1034 270 74
1990 3663 51
1990 2618 59
1990 2479 64
2612 530 45
3910 4956 51
3910 885 91
4842 4211 55
4842 3277 75
4842 2683 100
2891 2645 26
4684 4015 39
411 780 80
411 1193 72
411 4130 100
780 1286 38
780 3227 28
780 1913 7
3671 3904 57
3671 4203 21
3904 4873 57
1030 391 53
1030 1368 83
1996 2219 94
1996 591 95
18 785 67
18 2245 47
18 267 68
18 861 28
18 7 36
785 4513 28
785 4913 37
3357 4622 75
3357 3430 42
3357 1876 4
4834 3689 35
4834 4604 53
1281 4019 88
1281 1407 58
1281 608 39
4019 3797 57
4019 3942 63
4019 3840 56
259 3112 28
4243 149 82
4243 3169 91
4243 587 9
3070 1960 72
4618 212 36
4618 2629 48
907 675 94
1782 375 58
1782 4498 59
1782 3441 97
4872 4526 73
1982 4163 50
3026 1392 85
3530 2767 51
2286 3430 10
2286 3537 78
2286 2348 59
3430 4162 26
1304 2582 36
1304 2753 56
1304 3409 6
1304 4609 11
2582 2803 90
2582 2124 66
346 4708 6
346 1731 44
239 3655 54
239 1108 43
239 1708 36
3655 3857 84
3655 2533 14
2480 4356 85
2480 3879 68
2480 579 26
957 267 65
4762 2032 90
4762 2892 53
4762 3344 74
1441 1915 61
1441 394 70
2045 4526 69
2045 4932 83
2091 2440 23
2091 1859 35
2218 3309 71
2218 4914 46
3309 3228 43
3309 280 7
847 4855 3
847 1254 24
4402 1154 53
4402 3783 93
1598 288 85
2257 4957 84
2257 3885 63
2257 4913 99
2257 2367 50
4957 3963 100
4957 881 97
684 4163 88
684 453 42
684 4327 62
684 2273 17
684 2576 13
4163 2052 8
4163 257 75
4759 2125 34
4759 3 19
3640 4393 12
1616 4143 31
1616 3064 28
4143 1231 79
4143 1508 22
4143 3292 76
2125 2553 98
739 1066 29
739 2301 25
2000 2039 72
2000 4852 12
2000 1610 33
2039 3595 80
2039 4389 87
2039 1477 2
1053 2690 34
1053 1913 15
2690 4747 28
3670 3934 10
3670 3243 71
3934 4712 77
3934 238 74
2440 2719 74
562 4587 46
562 1358 54
562 3273 14
4587 4083 27
3239 2997 57
3239 4836 88
4214 1935 63
4214 2274 94
2645 3186 71
2545 529 64
2545 3523 32
2545 2512 6
1595 3158 40
1595 3529 35
1595 1987 63
3158 1075 63
2958 1694 95
2958 4275 9
4763 1564 97
69 676 91
296 3771 9
296 919 33
296 2342 41
3771 1218 96
3771 3643 89
3805 2482 75
3805 2797 48
3191 4016 73
4145 246 60
4145 180 54
4606 4079 65
4606 1443 16
2686 4900 49
3723 2998 80
3723 2639 33
3723 1405 65
4802 2001 7
4802 3246 96
547 4399 52
547 4706 5
2331 3996 59
2569 512 20
2569 4691 57
1828 862 19
1828 3886 64
1504 1942 28
1504 4515 14
1504 2753 68
1942 3470 77
1942 676 15
1942 3306 84
2631 639 86
2631 4125 74
2631 2558 15
2979 745 78
557 1573 62
557 2409 97
557 3437 87
1573 469 10
1573 1683 49
717 1562 56
717 4140 55
717 4914 59
1562 3281 2
1562 933 76
1562 4711 22
2754 4924 70
2442 1499 55
2442 2379 97
4366 421 43
4366 2797 19
1963 1799 73
1963 3181 73
4083 301 73
1443 808 59
555 1150 12
555 2289 7
503 3444 27
503 2025 72
503 1426 88
3444 4850 96
3444 2644 41
482 4553 36
482 2579 32
482 3098 61
4553 3178 27
900 2716 46
900 4545 44
566 2538 18
566 4008 83
724 4076 98
4903 3854 20
4903 3184 29
1747 1428 32
1747 748 92
1747 3281 98
3766 1854 95
3766 1714 24
926 1039 88
926 2761 50
926 4485 95
926 4781 54
1039 1777 46
1039 4203 30
587 3559 49
587 4955 39
3559 87 74
3559 983 7
3559 4430 26
1844 3299 72
1844 2937 90
3299 4498 53
2014 3710 23
2014 356 52
2014 4409 87
3710 944 46
710 1680 37
710 1043 65
710 1868 93
1680 180 82
1680 3700 37
4609 3365 79
4609 376 47
3648 4955 89
3648 1966 99
981 3867 16
981 269 79
1583 2649 3
1583 4362 51
1583 1174 25
2625 2647 14
2625 3375 54
2625 4270 63
491 2322 58
491 3160 91
1283 3743 91
3857 4849 66
3857 3183 55
4005 2037 74
4005 1154 35
4727 2 93
4727 2877 38
4727 656 58
1142 360 26
1142 916 22
466 1075 99
2553 3587 49
2553 1483 75
3587 823 79
545 2739 36
545 1930 96
545 667 79
4140 1088 40
3470 3476 69
3470 2169 39
4117 4598 87
4673 1157 69
2427 2378 8
2688 2994 25
2688 4517 72
2688 3695 99
2994 2610 81
2994 688 99
3949 890 3
3949 1614 65
2682 24 25
2682 1072 57
3342 741 20
3342 4985 56
3342 1518 73
3342 1972 51
3007 4845 27
3076 4765 2
3076 593 22
3332 3287 26
3332 3133 41
132 1897 43
4890 1375 95
4643 2077 42
4643 2066 76
2776 70 93
2776 579 53
2939 3196 8
109 4775 94
109 2606 71
109 4573 67
606 4430 40
606 2716 57
606 4895 6
4430 3812 53
781 788 35
726 518 28
726 2548 10
1736 2439 72
1736 3217 1
1736 3310 53
1736 1591 94
2439 1475 22
2439 144 97
4951 3091 62
741 887 40
1859 2358 63
1859 1413 17
2382 2717 6
2343 1382 31
1803 3106 93
1803 457 38
1905 3306 24
1905 2581 13
2368 3820 18
2368 3105 38
3820 397 87
3820 3178 56
637 3635 66
637 4211 60
637 4217 35
3635 652 26
406 143 25
406 46 20
406 3417 61
3685 3056 50
3685 4443 81
1190 4331 100
1190 1233 3
2009 1365 47
2009 530 76
151 834 4
151 2971 23
4015 2928 24
1067 4480 60
1067 4363 54
1405 1213 9
3851 614 56
3851 14 80
3851 2381 39
3851 4216 6
810 3171 14
1428 4221 28
1428 3101 96
394 3492 95
394 4886 99
394 4204 18
887 1795 10
3765 3812 25
3765 4118 74
3765 4841 56
3812 1403 78
4881 984 8
4881 261 92
1442 664 24
1703 2134 15
1703 4800 86
1703 160 22
1703 2149 42
3069 4001 74
3069 3833 10
4001 1337 92
4001 1866 61
4001 4309 51
383 4118 24
383 520 48
383 4311 21
4118 2035 12
3123 459 85
3123 1765 74
1402 4588 26
1402 3595 7
3665 1966 55
1823 2385 94
2467 897 68
1871 4666 100
4666 552 65
4666 3811 14
4666 3101 29
4971 4622 6
4971 736 43
2728 2066 97
888 3593 13
888 593 54
888 2226 84
888 4160 59
3593 149 84
3593 4688 24
2997 4367 8
2997 4783 91
4367 3181 72
4367 1872 81
1391 3287 71
1391 1072 1
1391 991 93
2403 3891 54
2403 1746 84
369 821 27
709 4530 77
709 1254 85
4530 2725 87
4530 4490 78
4530 4436 59
3781 3669 80
591 1276 10
591 1489 6
1276 1661 71
1101 4359 82
1101 1439 5
432 3091 13
2305 736 93
2305 2990 55
1772 2522 93
1772 2736 2
2291 4787 12
127 3913 4
2947 2287 93
2947 4016 48
922 316 95
3797 882 59
1020 1226 10
1689 1898 93
1689 175 25
1689 2001 19
1689 342 21
3645 656 95
3645 3767 92
2504 1072 61
2444 1407 62
2444 3801 6
4480 4078 85
4480 3105 9
825 4204 28
3865 4311 28
3865 4334 3
4311 332 75
1939 4116 95
1939 1847 7
4956 43 24
47 3494 21
47 2866 95
4386 4656 34
4386 1560 34
2650 3845 79
2650 4728 14
2650 3374 29
2650 4410 96
2274 3369 68
2274 3659 8
74 3581 80
74 3609 30
1623 2725 92
1623 3899 22
1623 4589 17
1621 4210 83
303 871 57
303 1234 100
2319 3919 84
2319 2289 85
2319 4028 68
3293 4560 43
3293 2878 79
906 3833 31
2391 1550 42
2391 536 54
150 4864 66
3942 3241 47
3942 2048 86
4186 4608 71
4186 569 35
4186 102 29
4608 3330 65
4608 2523 83
4608 3389 83
3021 210 81
4663 508 10
4663 1987 70
1418 2575 89
886 4273 94
4273 2075 4
4157 1103 51
3103 506 59
3084 4623 41
3084 1252 94
4933 4852 10
4933 2273 66
826 3212 45
826 182 65
826 2937 18
3212 4417 78
4401 1800 42
4401 3877 82
2059 1426 47
2059 3399 70
356 3571 52
1966 4124 66
1966 2052 52
4124 759 31
4787 3552 4
4671 4835 53
473 549 3
473 3738 27
473 3718 23
549 2860 54
3663 1658 3
3663 3545 40
2363 1028 85
1838 3258 92
1838 688 37
2887 508 57
4130 3281 44
390 355 81
390 360 13
390 3218 7
390 803 52
1439 3267 61
1439 3506 12
3267 1318 21
3267 3406 75
4540 4873 47
4540 2607 86
1588 3801 86
747 4622 17
747 4217 78
747 3409 28
2187 3840 75
2187 1118 88
2187 435 54
2187 3825 72
3840 3252 98
492 2117 31
492 425 32
492 4429 29
2117 4021 96
2117 2169 88
4985 857 74
1161 1450 30
1161 3803 89
1161 455 90
1694 2860 1
2860 1100 45
2860 3690 76
2493 500 61
2493 1816 18
455 1188 64
1318 1056 90
1318 2577 81
1318 4422 93
772 645 90
2868 3243 48
821 2223 89
821 4334 67
3985 4055 63
3985 77 4
3985 2763 21
4055 2313 21
2863 4653 85
1617 1850 62
1617 1957 82
2048 4771 88
2048 234 69
683 3002 90
683 930 42
2276 2326 7
2276 2497 52
2276 3839 23
2326 4564 92
2326 4406 57
3114 3425 73
3425 4160 75
3425 2021 14
3425 4072 34
2642 4783 9
2642 4062 20
4783 978 86
4413 3330 20
4413 4914 17
4766 4953 6
3380 2643 65
3380 3520 44
4885 3313 84
1668 3911 14
1833 4513 69
1833 4668 32
1444 4805 2
4805 456 73
4805 2907 48
98 230 89
98 2981 25
230 942 13
1925 4849 18
4849 4768 87
4849 3281 41
4849 4795 54
226 2896 45
226 234 27
2896 1721 38
2896 940 23
2896 1249 20
1940 3171 86
1940 898 22
3171 1530 56
3171 1457 81
3548 651 86
3885 2654 29
569 2740 59
2740 43 96
3289 3330 48
2786 1010 35
3246 1353 86
283 2341 10
3518 4869 83
4409 1674 65
3669 2352 80
4481 2742 33
3913 1162 46
182 4335 36
483 2565 56
483 737 72
483 2694 46
2565 4137 94
2565 690 52
651 3066 13
651 4824 28
3406 3668 90
353 469 5
353 2913 17
353 4122 73
2149 3223 34
2149 2785 77
3198 4359 81
3198 3047 12
574 1150 37
3614 3966 9
3614 3 65
3614 4864 90
3966 898 21
3966 3418 49
3966 1119 7
4835 3659 10
1882 2361 22
2410 3978 13
2410 1006 99
2410 2231 72
3978 301 82
2730 3919 46
2730 4372 71
2730 1311 87
2730 4182 80
2937 4815 87
2503 2789 66
3770 2093 37
3770 1420 72
70 4439 39
4439 2025 77
4439 4706 18
512 2188 84
512 4750 83
3310 4697 40
3310 2479 76
4775 834 49
4283 2878 92
1365 3961 64
3907 1361 38
3907 975 70
2436 3002 28
2436 697 75
890 4395 64
871 1226 92
871 571 98
4008 1437 92
4861 3868 3
4778 639 14
4778 4247 6
1100 3048 39
232 360 16
232 3183 59
232 2114 27
2269 3047 5
254 1119 94
254 990 96
254 1847 60
1119 1327 51
1119 1088 83
1119 4535 22
3545 4973 100
3497 670 59
3497 1180 12
3497 4468 44
897 2717 11
2297 779 85
3842 4188 1
3842 261 96
4440 3916 66
1777 1207 46
2719 516 86
4498 983 95
4498 658 41
2724 4385 17
2724 1847 93
2724 4754 72
2724 4051 28
3046 4932 30
3046 1590 66
3046 2684 7
4932 2035 84
4932 4781 33
675 4393 19
3369 4854 58
3369 2684 54
3369 2589 46
4203 252 45
2909 1764 79
2893 976 24
2893 4626 62
280 301 29
280 3448 16
1014 2908 37
1014 1746 96
1756 4982 25
3899 1721 30
792 2102 89
792 736 44
386 1353 75
1213 2936 67
1213 3391 9
3333 622 29
3333 4497 40
3333 2866 4
3087 1861 62
3087 3870 18
1727 1816 62
1727 1717 6
3268 3826 13
3826 4053 67
81 980 30
81 3437 5
81 2028 65
1728 111 42
4736 2589 27
4736 456 38
4736 3136 74
2633 4712 57
3523 2649 30
4160 2006 85
4160 2381 81
326 2647 23
326 3399 89
326 3870 5
2647 2346 41
918 3146 27
918 2764 67
918 2209 29
1261 3864 66
3864 4500 4
1426 3224 92
3886 3996 10
3886 3476 6
3996 2767 25
2381 4714 41
973 975 17
1118 3118 69
2105 3433 73
2105 3853 2
2105 1861 95
3196 199 12
4359 2981 67
4359 2367 74
1708 3334 51
1708 422 70
3484 2273 96
2530 486 77
3775 1800 22
2387 3240 92
759 258 13
759 1180 30
2593 3498 6
2593 578 30
3498 3228 97
3498 1704 26
1106 3023 38
46 479 30
46 4973 6
39 397 62
39 2522 100
39 3690 81
4850 4924 80
4850 3841 25
4850 4604 31
4924 4217 24
1221 516 61
180 2722 95
180 2025 18
180 1334 40
507 3344 91
508 4764 74
3429 713 72
143 639 100
143 2803 86
143 362 8
3790 1162 39
3930 4429 46
3930 4349 53
3981 539 2
3981 2268 94
1559 3776 85
2001 206 84
834 536 73
834 2630 93
87 1368 3
87 246 98
2077 3316 86
2077 752 21
3002 4253 69
2698 4436 68
2698 2234 87
2698 4716 61
2698 3068 61
4436 4225 58
4436 881 100
4564 4085 94
3112 2753 47
1515 3457 18
1248 2161 71
1056 2618 15
3810 3047 38
3810 2827 51
2142 3292 75
3292 978 42
4581 2694 76
901 2971 48
901 942 59
901 3624 78
2971 3313 25
2971 2713 18
602 1992 85
602 544 65
2355 3217 59
2355 1279 39
4389 1913 87
4660 2873 42
3391 3854 80
3391 2599 55
3854 969 35
1016 3338 94
1016 3313 87
1016 3568 7
3338 4841 100
30 2075 49
30 4711 55
2075 2021 41
1876 4905 45
4372 736 46
4372 1757 84
2285 393 52
2285 2332 53
3754 4845 91
3754 3281 46
3754 2509 6
3754 805 87
4845 3867 73
941 2114 30
3 1023 44
779 2873 48
779 3716 25
2873 2489 100
1332 4988 6
1332 3786 7
393 38 63
2 4349 54
2 2665 25
1254 609 76
2618 3515 62
435 969 76
435 1686 87
38 3136 9
3259 3940 63
3259 4711 96
3259 3296 39
3259 3891 55
3940 1676 78
366 1457 94
366 2453 92
2124 99 35
2124 2058 7
3399 2511 4
3399 1084 57
1375 1941 62
1375 3732 91
1375 246 96
4450 2065 50
4450 2853 75
1602 2923 37
1602 701 6
2923 364 44
2923 1788 54
2923 988 7
405 4860 73
405 2581 44
405 3821 63
608 859 15
608 4363 82
976 4928 58
3250 2573 11
1950 1182 38
607 4994 14
607 2694 72
4994 3672 47
4994 1182 97
4965 1658 25
1676 1652 66
1247 4900 37
1247 1453 18
1247 4085 55
768 1184 91
768 2479 32
768 1788 77
3980 3098 50
1962 3794 72
940 1312 38
2339 3339 15
2339 1047 39
1897 3571 97
3571 2379 54
2025 4809 93
4051 1047 74
3845 972 55
1438 4225 23
1438 1453 50
4225 288 41
4225 3131 58
4490 479 13
4490 71 90
3520 4344 94
3520 3782 47
3520 751 61
4344 1394 45
4344 4127 35
459 808 76
2245 4565 83
2245 2409 41
4231 3183 44
4231 2558 57
4231 2716 53
2936 3371 16
697 600 56
697 4141 32
609 3067 75
609 4024 36
609 1490 87
3476 2702 95
3476 2364 86
3476 192 62
2827 2497 17
3105 3961 67
4254 4460 9
4254 3197 58
4460 2087 62
4460 3270 23
2548 1757 37
2548 2133 59
690 2093 30
690 3302 85
516 2960 5
2960 355 62
3217 4548 2
2998 235 96
4084 2663 72
1980 2922 26
2922 2364 73
2922 2807 80
2922 412 87
4360 1707 11
4360 1297 43
252 1252 73
4101 3106 82
2161 4165 83
2161 3491 58
2161 4280 52
2161 1313 45
4165 297 81
4981 2509 23
2141 4500 33
2141 2121 30
2141 365 28
2853 1200 60
2853 3223 39
1457 4836 29
332 4353 53
294 2913 39
294 1421 34
791 1865 49
1865 3449 93
2573 1918 47
2573 4410 29
3184 2622 78
3184 4714 33
701 3140 91
3140 3225 18
60 4275 15
60 983 40
60 344 80
4275 1685 46
3109 1791 91
3109 4655 3
3109 3276 53
4928 4086 92
4928 4770 14
1185 3532 72
1185 1200 37
1537 3577 43
1537 754 57
1537 980 23
77 4750 29
4750 1935 89
2654 3643 4
2654 3811 87
3643 4002 22
1637 2838 70
1637 2058 84
1637 3911 26
2838 3038 33
536 4691 91
2643 3750 46
2643 2619 2
3750 2576 61
1451 2383 87
2869 4405 17
3306 4215 75
3306 1720 29
4215 1850 97
571 362 91
571 1446 42
1358 2271 19
1358 1685 84
3291 3441 7
1518 2220 38
1518 4855 28
1518 859 36
2220 3133 50
3056 990 2
3056 1799 18
3056 4046 52
1674 4536 31
2831 4807 81
2348 4398 73
2348 3537 31
4517 797 63
4517 1167 65
3106 4075 90
1170 4102 84
4102 4427 99
3533 3633 15
3533 6 46
736 4380 2
4801 1410 23
4958 244 81
4904 829 95
4904 1241 48
3633 3786 13
3633 3316 57
1068 1300 51
1068 2272 49
1068 4726 75
663 3218 92
663 3961 4
3695 1307 61
2290 4728 2
2290 4832 66
14 149 93
1082 1011 95
1082 1501 87
2716 3136 49
676 3418 10
676 3091 65
3418 4088 36
153 991 64
4221 2307 65
4221 3628 31
1275 1615 3
1233 3716 3
1233 3146 72
3716 4217 81
1394 829 3
1394 355 7
1182 362 25
425 3160 51
4363 1683 20
812 656 12
1464 4458 44
3393 4565 18
4515 3371 89
820 1446 41
882 3963 17
2385 391 70
2385 4062 25
4079 932 85
1744 4 97
2325 3700 81
4331 3563 7
422 1368 8
788 748 7
3668 4380 45
3668 420 26
2590 3756 98
4348 2358 14
4348 2622 49
4348 2058 25
3632 4601 39
1286 1746 3
1286 4754 92
1286 1799 93
1731 2262 5
2262 1683 41
339 1327 68
339 4913 52
339 4329 85
2717 2322 59
2722 3992 74
1794 2732 98
1794 1163 36
1794 2052 51
2470 3769 99
2470 342 86
3769 3706 73
3769 3023 7
3093 160 85
3093 1435 38
3581 909 67
3186 3244 76
1407 344 40
322 421 56
421 4310 76
3529 1108 65
3322 3637 33
3322 1661 98
874 4280 39
874 2183 17
4280 453 47
342 4435 81
1861 4721 77
4721 1957 77
437 3379 30
2289 2953 4
2953 3502 25
2953 1599 27
2953 980 13
3867 3389 41
1487 1937 61
4053 1730 86
4053 3449 27
979 4747 82
979 2028 54
979 460 67
4747 3302 46
2250 3328 47
2250 3825 66
3706 1136 1
4680 1495 67
4680 593 65
3926 1341 38
803 2576 72
803 3448 37
2270 2784 92
1557 1701 60
1557 2949 95
2066 2736 64
2736 3358 42
2736 1973 43
1333 3639 10
1333 3675 47
1333 4713 73
3639 2578 82
1652 25 27
4665 4549 60
2975 3460 59
594 2268 7
594 4809 17
805 4072 15
4545 4921 82
479 1701 67
1746 2174 50
2434 3451 90
2434 4173 2
1088 3296 48
1088 4125 56
3296 4216 72
3296 2287 33
3296 4774 70
2128 1768 24
2128 1123 80
3577 4062 83
4062 1453 6
2341 3627 36
2341 1748 29
3627 1232 86
2877 3454 88
4188 1009 63
4188 2272 20
2913 3700 55
1341 3618 60
1835 2708 72
1835 1718 76
1835 3328 50
3316 4179 18
3316 1717 3
4179 3277 28
4179 4127 89
3756 4862 33
3756 1047 14
420 2743 31
297 4028 32
297 3147 74
175 1918 71
175 3803 82
560 1204 78
560 4034 76
560 4982 53
1204 4078 23
1204 671 51
1204 3453 15
1475 2490 45
1475 4601 1
111 4497 10
558 1902 38
558 1893 10
2307 3780 4
2307 762 9
4088 4551 48
4088 3277 14
2606 2799 41
2367 3225 78
3225 1028 62
1312 192 27
1312 1159 34
4781 3506 98
4988 2165 2
3657 1489 91
3717 2743 33
3717 2784 34
10 1836 85
10 323 93
10 703 34
309 2227 4
4832 4329 76
2139 2785 52
2139 2234 53
2785 460 82
1297 1987 92
375 1413 60
1413 3154 47
1658 2931 5
1658 1767 46
3839 3016 80
3839 933 58
1011 2774 82
4525 1599 35
4946 2479 89
4946 2739 79
99 4513 99
99 1614 69
2035 4560 79
622 4310 14
2581 4552 96
2581 3767 11
2313 2266 49
3245 4071 27
3245 4623 46
3245 3743 77
4199 2867 55
4199 91 57
2369 4069 18
1154 725 23
1154 4112 90
4869 336 92
295 2133 44
295 3375 2
3794 751 62
2950 3825 52
2950 1295 7
2950 4500 96
177 1094 70
1094 4217 42
1677 2328 79
1006 3375 48
1006 1023 84
4973 2114 66
4973 2226 19
3330 2344 67
3197 1123 46
2600 2770 71
4342 2610 27
1307 1398 82
71 2788 40
2788 2517 39
881 1839 57
881 323 14
881 3991 82
3273 4071 38
2342 3521 37
2764 2629 94
212 1603 68
670 884 23
4552 144 27
1274 82 56
2301 2926 78
2789 4716 75
2789 1084 19
1103 1780 39
1780 3023 40
4027 3825 39
2084 3091 54
2084 3521 85
4072 4993 7
2453 1400 34
4880 3252 17
2866 4594 56
4330 1767 20
4330 2713 11
1489 3252 68
351 407 19
3783 4900 46
4569 1591 66
500 1113 80
1113 3374 64
1113 249 47
1186 4824 30
1186 1232 58
1186 737 89
4635 1795 62
3686 808 15
1273 1450 93
1273 3029 41
1273 1241 36
1450 1483 87
1159 2102 70
1159 336 93
2102 2610 64
1972 352 46
1972 4253 18
1403 3511 92
4456 3169 88
4456 2946 54
4726 762 15
808 258 89
808 3521 50
3992 368 77
3992 1900 73
149 4223 21
149 12 46
249 4328 83
2497 3478 93
2578 3718 63
2578 82 32
2221 4688 22
510 1239 85
2784 2511 6
2784 2796 84
506 732 97
732 1398 10
1613 2212 48
2065 3146 37
2065 4634 46
2644 3715 74
3853 3036 23
3814 1850 16
3814 3029 92
4329 1220 44
4267 4223 7
1453 1757 28
4855 1908 30
4855 2921 27
1015 3746 93
3746 1165 55
3746 1547 19
3375 3911 57
3554 454 12
3554 1550 74
3554 3963 68
2702 2162 65
2702 2748 65
2709 3535 66
4170 4002 56
4170 2052 72
4170 336 71
3379 1665 61
3379 3276 94
258 1872 54
4677 4862 90
639 1795 95
102 2287 84
3911 2229 64
818 1501 49
818 933 67
486 3244 68
4826 3767 3
2268 1420 12
3803 4122 98
3352 3838 27
3352 2948 12
3838 1850 77
1997 1874 60
1997 988 79
4626 169 67
1501 1599 44
3954 4064 63
4064 2370 61
3409 3624 81
1218 3506 43
1218 1108 34
2234 3782 83
2138 2536 81
2138 83 65
4078 4405 68
4078 4623 93
1054 1624 45
3297 4086 93
1874 2182 76
1874 3165 25
1874 1985 15
4560 4497 24
748 4653 2
748 502 92
748 4809 60
4653 1837 27
1819 991 63
919 3609 11
919 2546 71
4800 2800 48
1837 3276 94
2512 2335 75
2512 534 95
1584 1868 85
1584 1682 68
1584 12 67
1868 37 89
1868 4429 93
1193 1279 65
3154 1195 81
374 1181 23
2338 4178 3
2338 2287 34
4178 1918 13
4178 2346 94
4393 1612 31
4063 3738 5
4063 1313 90
4063 3740 1
2094 3063 64
1320 4316 71
1320 3190 24
1320 1392 17
4316 4836 35
2774 913 20
2774 1825 56
4112 4328 47
4886 142 31
104 49 80
104 4551 42
1599 1641 62
797 4441 39
4536 3040 93
3743 2940 5
1232 4034 98
1960 1918 83
1960 1685 100
2523 144 40
3457 26 16
3040 2212 70
3040 2990 99
4764 2684 73
1791 4708 6
528 3029 95
528 1295 81
4484 2071 33
4484 1718 90
4484 4631 51
3314 3735 95
3314 3365 2
3314 4082 98
24 234 66
24 4362 29
24 1872 74
4074 4623 8
1624 4407 80
1624 142 73
2335 1239 76
355 4949 73
299 3677 31
299 595 72
3677 1704 91
3738 2174 97
3564 4435 39
3564 2223 76
4435 2742 62
3735 83 40
4706 325 61
2619 4422 18
3675 1074 70
518 984 39
518 3868 3
3563 1165 19
4046 884 59
3190 1508 86
456 2767 21
456 257 26
43 231 31
2867 3689 73
45 2364 44
1564 703 52
1564 4949 9
939 4679 44
2921 3478 28
2522 2940 73
909 595 38
909 2266 43
3492 1093 62
2136 2928 32
2136 1704 60
1701 2763 14
2763 4816 12
1084 3060 12
1084 4551 29
913 25 84
725 4713 53
725 3227 32
725 3877 97
238 1157 10
238 398 68
4 3538 22
3453 3491 91
3453 2946 43
3491 1074 16
3491 269 83
3916 3165 45
3461 2344 14
3048 350 62
53 3131 85
398 4075 68
2940 1382 87
857 1649 99
1649 1849 15
4708 2188 87
745 1364 49
2662 270 75
4859 1111 2
397 3698 81
520 3531 30
520 823 77
3531 1181 51
3531 4913 34
4021 4795 72
4795 454 74
1748 2956 1
4351 4441 60
4351 1180 1
4351 4162 53
4441 2032 64
4250 1770 43
4250 4014 32
2034 2908 15
2034 3618 74
1220 3434 26
261 3679 75
4328 206 6
990 2941 29
2028 4771 2
2041 4995 98
4713 4586 58
1918 713 81
4239 4034 39
3624 4588 94
1614 2266 63
1614 2032 100
3374 1720 92
3374 4405 15
3502 1769 99
2509 1207 4
49 1181 33
1181 2058 87
4836 2473 50
656 3515 69
656 1352 34
3537 4421 47
453 2949 26
3690 4573 21
3690 712 54
1483 2370 18
664 2058 2
4862 3532 61
2684 3618 22
2813 3417 80
3417 59 13
3417 2320 15
731 2990 51
703 3478 29
703 1530 73
4399 3666 7
1266 1560 94
336 4434 11
4630 1603 15
2800 3271 87
1825 3535 65
2071 4434 43
1435 3869 20
4082 2663 100
4410 3091 57
206 3704 5
2332 1352 42
4442 2409 72
3023 4014 91
2328 4528 94
4528 3142 76
4528 2726 27
1508 2990 83
2511 2473 94
3532 1249 83
391 4770 32
1400 2707 9
1400 4589 10
2707 1093 20
2707 1249 39
4362 4122 27
4362 3967 52
1769 3449 83
1769 2748 68
1241 1252 10
2907 4309 39
2907 4807 69
4421 3240 32
4421 3535 14
2079 1495 66
552 25 79
3228 2773 10
82 1455 10
1455 4173 64
2990 4076 10
4549 3494 65
3877 3767 81
3811 1770 4
3371 2948 34
3371 192 27
3038 1851 84
4586 4502 12
2428 2122 68
2607 859 66
2607 2743 7
3389 4639 82
929 3834 37
2122 4315 9
4315 4995 80
3704 110 9
3240 3963 90
91 2183 67
91 1683 22
1295 1639 79
3355 2576 47
4327 288 4
1477 3963 99
4115 3628 92
583 859 37
4589 1913 93
3036 2903 32
3841 3780 10
3147 4247 64
3451 3975 97
3451 4583 91
3666 2216 58
6 2536 85
1311 539 42
1836 1612 74
2021 4465 73
2226 1639 26
2773 1913 62
4223 1471 78
2183 3098 15
269 3629 16
1327 3700 11
1382 2271 84
3629 3063 52
1788 4016 49
1513 341 77
2006 3276 69
2473 341 95
477 2032 34
477 3431 61
2589 270 80
2819 4502 52
3047 3441 36
4465 4873 59
4465 2668 55
4691 4828 83
2383 1239 25
2266 2575 38
110 2742 21
1849 1136 50
4162 2649 8
1117 2271 18
539 4911 97
2629 1184 31
2973 3131 28
944 350 76
4306 4551 91
1471 3521 88
4949 1368 96
712 2668 36
362 4993 25
3780 341 72
3431 1162 44
3521 1893 14
2668 2216 22
3133 1176 3
1234 1612 75
4204 350 46
2536 1136 82
244 3277 48
3689 2416 54
1683 4604 14
