10000 25000
918 2116 64
918 1411 15
918 2782 91
918 3266 16
918 3063 85
2116 8615 8
2116 4590 61
2116 1189 10
2116 1049 53
761 7794 22
761 78 27
761 9902 4
761 8602 46
761 1999 42
7794 1586 7
7794 5020 3
7794 1608 33
7794 7937 83
415 7157 29
415 1307 52
415 8010 46
415 5453 66
415 9141 37
7157 8652 93
7157 9730 71
7157 1232 24
7157 4669 56
3720 5099 96
3720 2418 6
3720 8105 75
3720 7654 6
3720 216 96
5099 9185 5
5099 968 74
5099 8593 51
5099 7227 38
9270 9301 52
9270 1419 2
9270 7503 6
9270 1678 85
9270 7045 78
9301 5565 84
9301 4474 60
9301 1353 17
9301 9235 4
2568 5530 64
2568 3733 68
2568 8194 6
2568 6500 34
2568 6102 91
5530 2332 57
5530 5665 23
5530 2522 79
5530 740 93
7723 8644 91
7723 8205 7
7723 809 100
7723 9415 60
7723 9001 75
8644 9963 54
8644 5857 44
8644 7142 67
8644 2251 34
7721 7817 74
7721 1851 32
7721 5466 15
7721 7559 91
7721 9686 27
7817 2351 57
7817 6697 41
7817 9536 65
7817 1688 15
3574 9596 5
3574 682 25
3574 2268 52
3574 7602 32
3574 1894 93
9596 9703 93
9596 4021 53
9596 1473 5
9596 3580 34
9963 8316 38
9963 7122 52
9963 3793 11
9963 3609 96
24 9379 98
24 4350 58
24 9299 93
24 4310 37
24 3060 36
9379 915 70
9379 3662 25
9379 5178 20
9379 2876 60
1603 9924 32
1603 6282 9
1603 1218 44
1603 3892 54
1603 7610 6
9924 6152 77
9924 4201 88
9924 3084 72
9924 7950 54
6648 6851 60
6648 8650 65
6648 9736 51
6648 6931 97
6648 446 88
6851 4735 55
6851 5804 14
6851 7295 31
6851 7308 89
6419 9243 7
6419 7688 83
6419 4226 80
6419 8071 25
6419 402 100
9243 3301 38
9243 6771 74
9243 2467 81
9243 462 72
6518 6970 90
6518 3642 15
6518 893 81
6518 3578 10
6518 776 52
6970 1848 14
6970 1862 62
6970 669 54
6970 7778 80
6223 6298 93
6223 2632 93
6223 4860 90
6223 2875 84
6223 9188 88
6298 1702 86
6298 5056 77
6298 3499 62
6298 4769 40
665 3898 55
665 6973 49
665 8022 23
665 757 89
665 1396 76
3898 37 97
3898 5646 95
3898 9037 41
3898 9582 89
5119 8463 12
5119 7920 66
5119 3066 89
5119 7450 96
5119 9812 61
8463 7913 44
8463 4281 6
8463 8903 10
8463 7042 35
4240 5111 71
4240 4827 11
4240 5641 33
4240 516 99
4240 8347 2
5111 8879 51
5111 9013 28
5111 5132 35
5111 49 36
1218 9709 18
1218 6859 33
1218 865 40
1218 4620 31
9709 8459 71
9709 509 23
9709 4170 44
9709 6617 68
957 5238 92
957 2966 98
957 3528 100
957 8879 52
957 5212 98
5238 5779 28
5238 339 17
5238 4235 22
5238 7549 54
4566 6035 54
4566 8776 61
4566 3511 8
4566 3183 8
4566 6331 35
6035 8664 17
6035 9848 35
6035 9883 67
6035 5675 2
3995 8663 83
3995 4463 24
3995 2403 35
3995 6779 95
3995 3367 4
8663 7544 51
8663 3605 88
8663 2804 16
8663 9800 72
3861 5465 95
3861 8478 16
3861 377 37
3861 4532 31
3861 9111 38
5465 7523 38
5465 2199 28
5465 8835 19
5465 3427 26
504 5643 38
504 7210 7
504 6491 88
504 3027 84
504 1291 94
5643 6421 64
5643 5624 95
5643 6737 25
5643 8526 69
1032 1598 77
1032 6051 77
1032 4283 85
1032 9697 15
1032 6363 11
1598 8548 76
1598 7935 47
1598 8826 57
1598 3334 7
1849 5792 82
1849 1719 69
1849 7212 31
1849 1883 90
1849 2051 88
5792 6043 75
5792 8476 88
5792 4416 76
5792 666 90
2838 8750 100
2838 986 74
2838 1195 71
2838 5346 3
2838 6867 100
8750 7789 83
8750 1765 43
8750 9888 7
8750 2962 83
3457 4823 48
3457 6063 10
3457 2886 80
3457 7333 70
3457 2382 96
4823 915 95
4823 9863 38
4823 3166 56
4823 6372 85
4881 5265 94
4881 6626 88
4881 8297 28
4881 1999 51
4881 6135 52
5265 4919 51
5265 1689 1
5265 1783 56
5265 3680 5
3604 7502 64
3604 4632 97
3604 3182 97
3604 2132 70
3604 5964 68
7502 1931 100
7502 8781 53
7502 4123 89
7502 2258 48
2499 3807 13
2499 6126 27
2499 7102 44
2499 5891 24
2499 1316 80
3807 726 10
3807 6539 67
3807 8025 45
3807 1113 78
300 4308 12
300 8347 46
300 4567 80
300 7946 76
300 9886 20
4308 2511 34
4308 9180 11
4308 5049 20
4308 7672 37
3476 6004 24
3476 7915 89
3476 2811 70
3476 983 75
3476 3547 82
6004 432 33
6004 3769 8
6004 8874 5
6004 6423 22
8226 9399 66
8226 7475 32
8226 2556 69
8226 9662 83
8226 819 94
9399 6358 91
9399 7865 94
9399 1422 85
9399 9790 82
2724 3925 32
2724 3169 55
2724 7469 96
2724 122 11
2724 5974 93
3925 2288 97
3925 6382 6
3925 1846 32
3925 5611 50
5738 5825 2
5738 9018 72
5738 1774 63
5738 6905 98
5738 2321 87
5825 4539 23
5825 9140 17
5825 3195 45
5825 1057 37
1392 6455 77
1392 5471 35
1392 5 4
1392 2390 60
1392 458 37
6455 6142 48
6455 1632 5
6455 8906 73
6455 2337 7
5438 7253 16
5438 8046 76
5438 4427 87
5438 23 34
5438 2294 91
7253 511 86
7253 8742 99
7253 7910 77
7253 453 78
1750 5382 72
1750 4581 64
1750 5988 11
1750 8764 58
1750 3918 50
5382 6117 80
5382 5922 8
5382 1569 65
5382 249 4
151 9288 74
151 1612 25
151 9689 53
151 508 45
151 9336 29
9288 4451 83
9288 7818 81
9288 3240 16
9288 2569 72
4576 8951 14
4576 4441 42
4576 5347 88
4576 269 52
4576 478 40
8951 7332 52
8951 7586 46
8951 1470 18
8951 6800 65
476 2440 3
476 2180 6
476 3900 28
476 8598 42
476 3553 90
2440 3585 93
2440 8604 99
2440 3823 2
2440 91 99
4053 4480 51
4053 6688 99
4053 774 80
4053 9767 61
4053 6756 80
4480 8526 54
4480 1207 28
4480 8901 68
4480 925 80
1126 5932 38
1126 7263 73
1126 9716 44
1126 7159 86
1126 3797 13
5932 4595 72
5932 8150 61
5932 8061 9
5932 5957 64
288 9559 66
288 1257 18
288 1502 89
288 7532 69
288 1850 20
9559 5571 11
9559 7041 40
9559 4205 20
9559 3325 11
2530 3278 42
2530 9520 58
2530 6873 77
2530 3894 8
2530 7831 40
3278 7664 15
3278 2040 77
3278 4417 7
3278 7114 100
8906 9508 25
8906 4960 14
8906 7427 39
8906 3741 43
9508 3334 68
9508 4126 2
9508 6768 84
9508 7628 28
1093 3540 78
1093 6785 27
1093 4854 33
1093 7376 27
1093 1005 59
3540 1430 59
3540 9881 50
3540 7642 67
3540 1681 40
5883 8808 98
5883 3772 38
5883 7052 11
5883 6994 14
5883 2015 4
8808 36 98
8808 9226 15
8808 1931 46
8808 2290 51
3520 9844 63
3520 3384 40
3520 6328 51
3520 6915 6
3520 1627 96
9844 4568 46
9844 2352 50
9844 7426 35
9844 3328 4
215 3796 55
215 3867 71
215 831 50
215 9447 4
215 1413 29
3796 6721 41
3796 1212 14
3796 1337 97
3796 483 73
606 5115 65
606 7181 62
606 163 94
606 2010 87
606 237 3
5115 1642 74
5115 4872 4
5115 1666 42
5115 2927 90
2399 7898 22
2399 4858 51
2399 6355 26
2399 8197 81
2399 7596 11
7898 5893 91
7898 6641 56
7898 9950 16
7898 7414 9
6948 9317 54
6948 1618 66
6948 9055 40
6948 9458 19
6948 2557 43
9317 8416 31
9317 3954 71
9317 9273 30
9317 7746 20
3157 4315 52
3157 3653 37
3157 5780 75
3157 1041 75
3157 8177 98
4315 2261 56
4315 7288 15
4315 8252 6
4315 8391 54
4269 9558 11
4269 3647 80
4269 8174 44
4269 8329 38
4269 173 5
9558 9761 3
9558 2434 9
9558 6546 59
9558 241 69
8059 8481 32
8059 9263 63
8059 7188 76
8059 2348 17
8059 3119 39
8481 4470 59
8481 3208 4
8481 6739 56
8481 2702 84
3673 8746 73
3673 8482 6
3673 8706 68
3673 6596 1
3673 7402 61
8746 9076 76
8746 6005 5
8746 7172 12
8746 4892 6
4373 9157 25
4373 4188 96
4373 1473 63
4373 8383 57
4373 2859 98
9157 4781 100
9157 70 29
9157 8816 26
9157 2949 15
4433 5990 96
4433 9557 94
4433 1846 69
4433 3609 48
4433 1106 47
5990 9162 88
5990 8935 50
5990 9846 65
5990 3225 100
6036 7895 81
6036 462 15
6036 9641 11
6036 2689 27
6036 8521 24
7895 6491 35
7895 8633 25
7895 870 59
7895 7028 15
3417 8002 48
3417 7018 64
3417 172 6
3417 6470 89
3417 5427 41
8002 6803 63
8002 8896 68
8002 6707 25
8002 111 84
1722 9726 62
1722 8063 36
1722 4871 98
1722 5843 21
1722 4657 8
9726 2643 38
9726 208 93
9726 2103 64
9726 9220 27
4 1640 47
4 815 32
4 5232 67
4 3322 67
4 2770 79
1640 7418 50
1640 3752 16
1640 2203 63
1640 4741 90
1210 7107 96
1210 2871 7
1210 2611 18
1210 7729 49
1210 1581 97
7107 3501 86
7107 190 60
7107 2807 32
7107 4472 3
5528 8593 34
5528 8578 29
5528 5380 23
5528 2606 58
5528 1875 99
8593 398 24
8593 4062 11
8593 3803 26
549 1174 68
549 1472 16
549 7068 57
549 4413 84
549 1559 77
1174 100 77
1174 3622 63
1174 268 28
1174 7913 44
944 3955 94
944 1414 30
944 7526 68
944 5331 9
944 9548 67
3955 8862 75
3955 8241 1
3955 8116 96
3955 4278 11
1633 4177 79
1633 7174 32
1633 7443 79
1633 2240 8
1633 7401 54
4177 756 32
4177 1265 70
4177 5492 26
4177 4371 94
1251 8047 77
1251 2141 95
1251 638 28
1251 5696 62
1251 799 17
8047 9772 47
8047 2514 48
8047 3671 30
8047 9462 20
2038 5394 33
2038 6171 16
2038 558 91
2038 6481 12
2038 4348 70
5394 6831 95
5394 3412 15
5394 4578 28
5394 7708 54
3546 7227 55
3546 8768 29
3546 8512 19
3546 2753 86
3546 683 34
7227 9600 63
7227 9345 41
7227 2539 21
2142 7437 1
2142 5949 23
2142 1347 88
2142 9073 49
2142 2167 83
7437 8372 65
7437 3189 48
7437 6804 87
7437 555 53
3799 9393 45
3799 1954 13
3799 8781 79
3799 1020 79
3799 7099 20
9393 3295 11
9393 1611 31
9393 3685 34
9393 6449 27
3792 4250 19
3792 563 55
3792 1895 73
3792 5972 13
3792 6595 65
4250 6678 79
4250 460 5
4250 3672 38
4250 3850 19
7051 7701 4
7051 1671 31
7051 5209 88
7051 7673 46
7051 6438 20
7701 5810 12
7701 7248 47
7701 6178 93
7701 9570 67
6638 8286 63
6638 4466 22
6638 7689 81
6638 6604 1
6638 3805 100
8286 7226 61
8286 1684 97
8286 8405 83
8286 8934 13
4666 8978 3
4666 1012 62
4666 7894 81
4666 7459 9
4666 825 3
8978 2033 96
8978 7561 77
8978 5914 36
8978 835 34
2938 8310 22
2938 5822 92
2938 277 90
2938 265 60
2938 4271 56
8310 7738 80
8310 7695 94
8310 4410 99
8310 7454 62
4311 6535 86
4311 7357 37
4311 8768 87
4311 2489 86
4311 587 11
6535 7682 93
6535 8240 91
6535 5680 27
6535 6791 48
424 3515 47
424 5914 12
424 1377 45
424 8270 89
424 2726 25
3515 2547 28
3515 3256 6
3515 560 3
3515 9065 52
6403 7665 27
6403 1543 35
6403 8178 36
6403 5961 7
6403 412 30
7665 5086 83
7665 8537 15
7665 6739 3
7665 3972 50
1808 9254 14
1808 8348 53
1808 7382 66
1808 9192 100
1808 4529 16
9254 7430 37
9254 3649 43
9254 8016 47
9254 461 48
5891 7490 1
5891 8190 28
5891 5511 66
5891 8847 4
7490 3976 34
7490 5338 61
7490 8168 31
7490 1085 58
1156 2683 27
1156 4245 64
1156 8296 8
1156 386 15
1156 7643 49
2683 9511 100
2683 7999 10
2683 7251 6
2683 101 22
7260 8225 22
7260 990 29
7260 7482 15
7260 8682 31
7260 1078 34
8225 8161 52
8225 128 55
8225 392 50
8225 3007 38
6054 6730 90
6054 1711 69
6054 1601 30
6054 4762 10
6054 4976 38
6730 783 93
6730 8351 83
6730 2926 87
6730 8914 3
2939 6441 19
2939 828 1
2939 3324 1
2939 6488 57
2939 1661 93
6441 3782 57
6441 5390 47
6441 233 61
6441 5916 5
2397 4172 76
2397 818 49
2397 6854 29
2397 1333 25
2397 38 98
4172 2289 28
4172 95 49
4172 4081 18
4172 2001 49
2948 7658 77
2948 4609 47
2948 8823 72
2948 3172 35
2948 5409 9
7658 4528 85
7658 1022 26
7658 3329 29
7658 7970 82
3077 7314 75
3077 8275 14
3077 6690 14
3077 5861 87
3077 1128 38
7314 9151 73
7314 7541 62
7314 2722 24
7314 1876 61
4370 5021 17
4370 3819 6
4370 158 80
4370 8833 1
4370 1125 40
5021 4684 59
5021 6431 81
5021 9388 5
5021 8022 64
1653 3839 41
1653 6161 95
1653 1636 1
1653 1583 46
1653 6270 82
3839 7333 92
3839 7899 36
3839 4424 16
3839 4384 97
6818 8230 83
6818 4200 83
6818 9471 85
6818 198 75
6818 6477 84
8230 5617 98
8230 7690 37
8230 9636 26
8230 9161 94
1017 9290 59
1017 4213 79
1017 6207 90
1017 3805 13
1017 4777 53
9290 2968 12
9290 8462 94
9290 7867 81
9290 4698 26
26 3253 23
26 2380 58
26 4552 21
26 1767 29
26 4672 10
3253 2502 82
3253 22 39
3253 1638 96
3253 6246 32
7351 9632 14
7351 2341 89
7351 5546 19
7351 9509 36
7351 3537 38
9632 9732 4
9632 5515 86
9632 6923 75
9632 8717 12
4214 7110 76
4214 359 40
4214 7534 9
4214 5497 98
4214 5335 37
7110 952 1
7110 278 50
7110 5767 36
7110 8655 4
2277 4605 31
2277 7265 21
2277 277 58
2277 4523 3
2277 3531 15
4605 8490 56
4605 2152 49
4605 860 76
4605 116 85
6532 9714 8
6532 8714 37
6532 6260 46
6532 1550 50
6532 1579 66
9714 1101 22
9714 6319 28
9714 6009 99
9714 5659 49
2681 8603 34
2681 5534 98
2681 9145 28
2681 6669 36
2681 1631 42
8603 7511 63
8603 3669 24
8603 8851 68
8603 8020 62
4916 6069 13
4916 7171 16
4916 5375 2
4916 2460 53
4916 3374 1
6069 8527 23
6069 1700 41
6069 902 70
6069 7640 71
5377 6464 53
5377 6334 73
5377 2585 44
5377 9019 42
5377 9432 14
6464 6471 5
6464 2864 27
6464 150 41
6464 7925 78
1693 6247 8
1693 6736 82
1693 9879 22
1693 4481 50
1693 5340 45
6247 2861 80
6247 5302 46
6247 4679 46
6247 8514 44
8668 8672 25
8668 6067 74
8668 4450 19
8668 4738 31
8668 5820 42
8672 9641 54
8672 8407 46
8672 4951 17
8672 6488 44
3539 3938 56
3539 8647 49
3539 7771 100
3539 696 14
3539 8979 59
3938 307 57
3938 3669 78
3938 5805 22
3938 4752 99
136 8844 22
136 143 10
136 9329 25
136 962 31
136 9478 55
8844 1667 27
8844 6553 88
8844 1887 36
8844 6064 53
4140 6787 90
4140 5854 75
4140 3324 27
4140 1277 54
4140 3832 58
6787 4052 40
6787 7551 67
6787 1665 48
6787 1804 17
4921 7352 50
4921 7206 30
4921 7944 49
4921 7538 36
4921 9478 49
7352 762 11
7352 2506 4
7352 972 94
7352 6056 33
1342 8649 36
1342 894 47
1342 2333 84
1342 6619 38
1342 8233 14
8649 4039 19
8649 8724 99
8649 2781 8
8649 7929 59
3926 8521 100
3926 4831 19
3926 582 52
3926 219 75
3926 9557 21
8521 9328 21
8521 1800 74
8521 2777 74
5216 8209 9
5216 8884 79
5216 2860 69
5216 1732 66
5216 9331 25
8209 1611 22
8209 6456 2
8209 3000 27
8209 9634 38
5324 8681 69
5324 5065 86
5324 7340 58
5324 8658 48
5324 2562 30
8681 838 10
8681 5227 34
8681 9172 73
8681 2491 33
2215 5955 10
2215 1310 6
2215 7295 73
2215 1685 45
2215 6621 8
5955 9854 6
5955 1893 73
5955 427 11
5955 7 76
262 3479 20
262 5012 40
262 349 48
262 5518 1
262 4483 62
3479 6868 19
3479 1445 37
3479 9240 29
3479 9131 85
3990 8132 43
3990 4319 13
3990 4150 80
3990 1588 45
3990 2571 41
8132 6979 11
8132 4272 15
8132 8617 54
8132 4587 72
3776 4416 22
3776 4965 92
3776 7897 58
3776 1815 62
3776 1427 32
4416 8556 46
4416 1469 45
4416 4922 21
2686 6479 17
2686 8258 75
2686 6770 43
2686 5283 11
2686 4450 1
6479 9047 41
6479 1780 6
6479 3452 76
6479 9203 19
1792 8454 78
1792 3934 82
1792 8042 16
1792 7473 61
1792 2249 61
8454 2476 99
8454 4897 19
8454 2109 52
8454 7824 67
4319 6506 64
4319 5670 43
4319 2805 10
4319 4174 85
6506 2357 42
6506 5361 60
6506 485 63
6506 1780 33
5317 5608 93
5317 4350 9
5317 7272 58
5317 2234 45
5317 3705 22
5608 2001 32
5608 9880 22
5608 6698 90
5608 8988 91
659 6683 84
659 8859 49
659 8622 48
659 3320 45
659 9651 46
6683 6275 14
6683 9893 64
6683 4779 50
6683 9334 17
1232 4101 9
1232 406 15
1232 2980 5
1232 6373 52
4101 1185 85
4101 11 74
4101 9979 7
4101 2269 45
1435 6904 85
1435 3928 66
1435 166 76
1435 5875 67
1435 7172 16
6904 9950 56
6904 2943 99
6904 5828 28
6904 7546 45
1426 5098 55
1426 5095 80
1426 5852 61
1426 9899 76
1426 6073 50
5098 4764 38
5098 9136 94
5098 9909 89
5098 4682 56
3408 6622 30
3408 6547 81
3408 5316 37
3408 6963 96
3408 3548 75
6622 3368 63
6622 6790 99
6622 609 64
6622 3814 82
4961 9918 73
4961 9069 56
4961 8904 66
4961 7489 51
4961 5559 94
9918 7850 17
9918 3858 38
9918 866 45
9918 4065 42
2084 4317 41
2084 5863 60
2084 9441 42
2084 2403 32
2084 518 87
4317 3862 95
4317 5992 89
4317 5866 94
4317 6493 87
1899 8701 45
1899 3899 6
1899 4242 98
1899 7523 14
1899 4211 91
8701 1960 38
8701 4962 38
8701 9738 2
8701 4478 83
7109 7385 50
7109 1515 68
7109 1080 1
7109 211 54
7109 9747 2
7385 749 87
7385 6517 9
7385 5025 66
7385 2990 48
2300 2629 39
2300 7664 43
2300 2903 36
2300 2166 4
2300 1768 91
2629 5010 85
2629 5750 23
2629 6093 38
2629 5094 39
3127 7511 63
3127 313 54
3127 6385 84
3127 3626 60
3127 9251 71
7511 1812 14
7511 184 70
7511 2126 48
5080 8297 63
5080 8200 44
5080 1622 11
5080 9995 85
5080 6707 42
8297 7695 37
8297 2057 15
8297 1839 45
1684 2131 85
1684 3142 33
1684 4350 27
1684 9404 6
2131 6010 41
2131 2660 84
2131 5360 16
2131 5086 42
1919 9353 38
1919 5519 88
1919 3108 19
1919 2203 100
1919 6405 12
9353 3669 53
9353 7147 31
9353 3203 87
9353 7055 3
705 9660 55
705 3936 21
705 5640 58
705 3497 5
705 2878 79
9660 6684 21
9660 8634 50
9660 1763 36
9660 9976 47
1471 7850 70
1471 2491 39
1471 5346 16
1471 4043 42
1471 552 87
7850 5018 19
7850 5026 30
7850 872 8
3578 8322 79
3578 4033 3
3578 5957 14
3578 8803 55
8322 1348 14
8322 113 38
8322 2504 17
8322 5827 16
3733 5138 86
3733 1193 6
3733 3812 38
3733 5105 79
3681 6757 34
3681 5639 13
3681 878 5
3681 2239 41
3681 9696 41
6757 4805 74
6757 5293 6
6757 6734 85
6757 2937 52
4536 7271 72
4536 2160 75
4536 2828 51
4536 1620 37
4536 2410 27
7271 9204 83
7271 6700 100
7271 9637 48
7271 8967 28
3319 5587 65
3319 2667 47
3319 2858 28
3319 9439 23
3319 5578 5
5587 2900 77
5587 5432 82
5587 3190 63
5587 6447 30
7430 7856 83
7430 5752 21
7430 9333 63
7430 7843 92
3174 7865 83
3174 2447 40
3174 3772 93
3174 6782 45
3174 4039 5
7865 1237 50
7865 860 13
7865 6739 73
1020 1161 6
1020 4143 99
1020 8905 48
1020 8816 24
1161 1214 66
1161 9419 11
1161 2727 99
1161 6773 71
5434 8771 18
5434 4461 72
5434 4102 9
5434 1128 28
5434 1405 21
8771 1854 50
8771 1643 40
8771 6547 39
8771 7886 11
644 8229 76
644 8373 96
644 5520 94
644 4964 97
644 833 71
8229 6499 77
8229 2576 42
8229 1438 9
8229 1421 19
3116 9580 36
3116 9556 45
3116 2415 68
3116 4729 98
3116 1765 20
9580 2472 6
9580 1474 4
9580 3006 25
9580 9377 76
3377 7635 97
3377 2274 74
3377 8438 89
3377 3730 16
3377 6443 44
7635 3144 48
7635 6644 4
7635 1050 53
7635 3070 57
3963 6978 30
3963 1061 48
3963 3777 12
3963 4540 74
3963 817 1
6978 1940 93
6978 8245 52
6978 8656 29
6978 8206 95
5769 8468 50
5769 2112 30
5769 199 72
5769 1585 13
5769 8170 44
8468 8888 33
8468 4922 76
8468 6836 10
8468 5950 70
6209 7986 29
6209 8474 99
6209 3899 51
6209 9274 22
6209 9701 39
7986 7275 97
7986 7603 99
7986 1963 7
7986 9603 36
309 8101 44
309 6869 56
309 8936 21
309 3813 80
309 6027 1
8101 4187 83
8101 7576 5
8101 6117 54
8101 4251 1
5090 9119 47
5090 4725 89
5090 4702 16
5090 8244 65
5090 2961 83
9119 3549 47
9119 447 18
9119 3854 41
9119 9188 26
1181 6340 38
1181 1959 56
1181 760 35
1181 239 97
1181 2916 31
6340 8428 98
6340 6794 3
6340 9250 3
6340 4103 19
3985 5424 25
3985 3294 29
3985 153 42
3985 2308 46
3985 2507 2
5424 2264 10
5424 937 63
5424 1711 27
5424 6390 36
5189 6846 32
5189 9038 9
5189 5692 2
5189 1690 61
5189 8736 39
6846 2024 41
6846 3989 90
6846 883 56
6846 3200 40
8220 9127 74
8220 4306 12
8220 7436 29
8220 3328 22
8220 7214 56
9127 8776 66
9127 9349 39
9127 9236 78
9127 7151 59
3951 5813 18
3951 5648 78
3951 2940 29
3951 5511 57
3951 9333 77
5813 6039 32
5813 9650 45
5813 9192 10
5813 5517 50
1122 3666 36
1122 1223 99
1122 7759 74
1122 9727 66
1122 1949 91
3666 185 70
3666 5750 39
3666 4893 77
3666 2507 82
132 9343 32
132 6465 36
132 2261 28
132 700 29
132 3933 98
9343 9401 21
9343 6374 89
9343 8338 11
9343 6430 8
2886 8872 84
2886 8626 16
2886 6374 46
2886 9502 77
8872 7685 62
8872 8436 63
8872 990 5
8872 3802 19
3648 6943 34
3648 9469 41
3648 7705 38
3648 7954 82
3648 3491 14
6943 2881 30
6943 6163 8
6943 6591 64
6943 8729 63
1891 7789 3
1891 3639 1
1891 1635 77
1891 4441 6
1891 3129 90
7789 9473 28
7789 7982 84
7789 6500 3
194 7188 1
194 3008 81
194 3343 11
194 8219 34
194 3081 49
7188 5320 70
7188 540 19
7188 1907 96
6337 9460 84
6337 9281 35
6337 6525 10
6337 6733 27
6337 2622 86
9460 6581 69
9460 2541 17
9460 8218 59
9460 4897 48
4871 9546 64
4871 5787 51
4871 6369 71
4871 6650 55
9546 9860 5
9546 837 89
9546 190 29
9546 283 97
2226 7486 19
2226 1852 6
2226 7448 34
2226 5635 22
2226 4054 72
7486 3316 65
7486 6521 19
7486 8084 65
7486 8137 43
2076 7727 23
2076 9318 46
2076 6529 99
2076 6269 72
2076 1318 32
7727 3677 96
7727 3715 51
7727 6727 48
7727 8734 57
7382 7627 14
7382 9039 26
7382 1330 99
7382 4507 35
7627 3006 64
7627 439 3
7627 7950 72
7627 6376 52
4333 4952 65
4333 6619 54
4333 3802 30
4333 3662 23
4333 6901 41
4952 9723 82
4952 3269 2
4952 8402 96
4952 868 32
2290 3714 87
2290 8687 38
2290 7421 38
2290 3653 37
3714 2212 23
3714 6048 85
3714 7221 56
3714 8502 62
4353 6358 56
4353 8062 60
4353 7949 89
4353 2557 30
4353 6203 35
6358 6103 75
6358 969 52
6358 5561 37
9392 9856 33
9392 1827 3
9392 4419 77
9392 3358 96
9392 7781 22
9856 7741 29
9856 3899 50
9856 2773 52
9856 6962 38
7421 7740 13
7421 9855 52
7421 3883 63
7421 586 19
7740 2308 29
7740 6659 53
7740 6742 67
7740 8160 73
3309 9705 56
3309 4472 40
3309 8165 32
3309 9670 61
3309 7536 82
9705 4023 51
9705 7761 78
9705 3352 89
9705 872 90
6433 8767 60
6433 2449 32
6433 529 80
6433 115 17
6433 4067 85
8767 7783 5
8767 3198 76
8767 2670 17
8767 7254 73
2196 7620 31
2196 2207 3
2196 2679 24
2196 6477 97
2196 2079 24
7620 5113 15
7620 4763 20
7620 9194 52
7620 3707 5
769 6880 27
769 328 89
769 3966 24
769 7195 84
769 7985 28
6880 8990 9
6880 3851 54
6880 3015 6
6880 3365 35
5497 8264 2
5497 103 45
5497 982 32
5497 8568 82
8264 1237 22
8264 7852 28
8264 8993 42
8264 4860 33
5619 9193 74
5619 2488 23
5619 75 38
5619 193 28
5619 8293 45
9193 9943 37
9193 2504 26
9193 2941 7
9193 3899 39
2205 6393 19
2205 5263 9
2205 7573 1
2205 3109 58
2205 8627 18
6393 7095 18
6393 2001 45
6393 3848 79
6393 7611 50
4295 6888 34
4295 6434 1
4295 5020 89
4295 6017 74
4295 4258 46
6888 3472 9
6888 3620 69
6888 9496 42
6888 7928 90
5551 8500 6
5551 9668 90
5551 6794 59
5551 9247 22
5551 3181 30
8500 4569 71
8500 5246 17
8500 181 63
8500 8335 54
458 3231 37
458 8291 23
458 2896 77
458 8915 34
3231 8677 43
3231 2961 66
3231 1480 63
3231 1085 46
1550 5378 32
1550 5236 16
1550 5127 75
1550 9022 43
5378 2678 94
5378 250 27
5378 9831 62
5378 5305 98
2209 8205 17
2209 4957 7
2209 7104 65
2209 7093 7
2209 9761 94
8205 2527 57
8205 1743 72
8205 1965 73
1851 5491 10
1851 8969 8
1851 7408 73
1851 2335 24
5491 8398 38
5491 3273 75
5491 4134 13
5491 7708 49
252 7677 57
252 2462 84
252 2621 27
252 8302 1
252 6208 76
7677 7606 20
7677 4422 47
7677 1321 84
7677 1700 88
9215 9354 4
9215 9655 55
9215 6146 9
9215 5385 2
9215 4752 8
9354 2918 11
9354 4156 21
9354 6858 73
9354 8134 16
1414 8873 18
1414 3649 27
1414 3710 46
1414 3371 21
8873 6501 91
8873 7003 55
8873 652 77
8873 9367 3
5811 8208 88
5811 1787 91
5811 9613 31
5811 5483 54
5811 7671 97
8208 6333 83
8208 4922 20
8208 188 32
8208 5615 92
931 7184 84
931 8279 85
931 7857 49
931 1811 11
931 1149 56
7184 8106 80
7184 2725 77
7184 3165 93
7184 6362 62
3772 4460 52
3772 4774 22
3772 6848 16
4460 2626 45
4460 2067 21
4460 6135 86
4460 3109 37
2278 8160 49
2278 8087 76
2278 1859 58
2278 4097 35
2278 3821 100
8160 6530 74
8160 3284 25
8160 2151 49
1737 8745 39
1737 2627 43
1737 9023 45
1737 4503 96
1737 6216 50
8745 1896 40
8745 3217 47
8745 4698 42
8745 8460 79
5754 8613 79
5754 7060 72
5754 8643 85
5754 147 33
5754 6806 77
8613 4775 84
8613 1168 20
8613 5807 70
8613 7674 75
4806 5656 42
4806 9791 61
4806 162 63
4806 6599 12
4806 3721 85
5656 5863 59
5656 5466 59
5656 9842 62
5656 397 62
7294 9984 1
7294 1078 97
7294 5176 32
7294 311 68
7294 8164 11
9984 623 56
9984 2512 56
9984 4015 84
9984 4476 67
1834 7365 83
1834 6251 22
1834 5797 92
1834 6850 48
1834 74 30
7365 9362 81
7365 8354 65
7365 1992 22
7365 721 28
1281 9633 14
1281 8061 34
1281 4788 53
1281 9351 89
1281 9279 81
9633 4513 28
9633 5967 72
9633 9588 63
9633 5930 60
3266 8422 60
3266 6040 58
3266 1135 2
3266 544 86
8422 1893 8
8422 5100 7
8422 2333 56
8422 9533 72
7483 9102 55
7483 7200 59
7483 9372 72
7483 2107 94
7483 7131 67
9102 6630 41
9102 3236 96
9102 8904 36
9102 7530 15
1972 2576 63
1972 8013 11
1972 7729 38
1972 6538 52
1972 1679 26
2576 1131 8
2576 1127 33
2576 2252 23
8063 1753 33
8063 2023 49
8063 5128 7
8063 2610 55
1108 4228 9
1108 5213 43
1108 8596 63
1108 3726 41
1108 901 82
4228 3852 59
4228 6152 66
4228 7694 72
4228 5731 31
1691 2334 74
1691 5556 57
1691 1131 53
1691 5448 44
1691 3635 46
2334 6653 20
2334 3007 51
2334 1671 19
2334 7651 72
2460 7800 87
2460 7061 86
2460 8812 74
2460 20 17
7800 7980 20
7800 5502 91
7800 1478 26
7800 5893 93
5422 8224 99
5422 9074 86
5422 1351 69
5422 6295 20
5422 823 23
8224 4477 90
8224 6143 2
8224 3132 45
8224 9068 72
205 1953 92
205 4897 45
205 6939 59
205 6960 95
205 5018 69
1953 7877 98
1953 9471 52
1953 7170 37
1953 6228 21
58 8319 2
58 1163 61
58 6341 22
58 4394 7
58 7484 10
8319 2170 57
8319 8482 53
8319 1631 61
8319 1152 51
1670 8812 80
1670 1539 58
1670 7208 70
1670 7599 13
1670 8173 51
8812 3076 64
8812 4448 4
8812 949 85
6334 8491 42
6334 6012 76
6334 8268 24
6334 4514 94
8491 4531 69
8491 8513 71
8491 7668 93
8491 6534 5
687 6800 18
687 8968 96
687 8708 63
687 6047 32
687 8564 53
6800 9493 6
6800 2907 13
6800 3603 47
6795 9640 83
6795 7734 70
6795 1784 96
6795 4687 48
6795 3762 27
9640 2501 88
9640 145 74
9640 5526 28
9640 4141 51
4351 7304 73
4351 7455 29
4351 5057 41
4351 8461 100
4351 2755 79
7304 3568 57
7304 2759 73
7304 6639 87
7304 2811 27
490 9669 74
490 8015 1
490 5890 7
490 7374 44
490 6195 44
9669 5135 62
9669 3160 8
9669 1507 90
9669 8562 36
3829 8885 34
3829 8320 83
3829 6401 80
3829 9651 55
3829 3828 36
8885 8477 68
8885 8777 78
8885 4650 35
8885 4184 69
197 8104 27
197 1376 47
197 982 58
197 349 71
197 8514 10
8104 7027 29
8104 8584 88
8104 1294 44
8104 4684 69
723 9648 48
723 9791 82
723 1916 42
723 6560 12
723 6349 40
9648 2887 98
9648 6549 75
9648 165 100
9648 1623 39
1130 2832 81
1130 1992 92
1130 9402 52
1130 1978 10
1130 5666 35
2832 8655 84
2832 2190 5
2832 6129 92
2832 8605 84
4364 6196 11
4364 6286 42
4364 6221 4
4364 1227 44
4364 580 76
6196 7290 83
6196 3447 7
6196 363 84
6196 4394 81
2547 4547 54
2547 8984 15
2547 3780 65
2547 9007 71
4547 3403 48
4547 6164 61
4547 5461 52
4547 1705 28
967 6975 6
967 1128 57
967 7912 17
967 1985 1
967 5624 16
6975 8431 34
6975 9355 62
6975 3455 37
6975 5469 19
4621 9235 18
4621 9179 72
4621 2769 57
4621 4206 3
4621 1209 26
9235 2728 28
9235 6213 4
9235 3003 23
3680 5005 6
3680 9031 29
3680 9045 56
3680 3195 19
5005 9092 24
5005 5275 24
5005 3407 46
5005 6983 40
9511 3206 13
9511 1348 41
9511 5573 59
9511 3945 83
821 8843 18
821 4875 41
821 5095 64
821 9182 78
821 9923 24
8843 1023 66
8843 1751 76
8843 742 30
8843 9055 54
4902 8696 91
4902 727 50
4902 8311 71
4902 8795 32
4902 6246 20
8696 4494 9
8696 9097 44
8696 4467 96
8696 2400 44
972 1842 34
972 2781 15
972 5400 37
972 2104 64
1842 4276 33
1842 7009 23
1842 2909 72
1842 910 37
7756 7897 60
7756 6528 46
7756 6316 15
7756 6346 36
7756 4323 46
7897 3767 29
7897 6212 85
7897 3337 44
2448 5672 54
2448 3803 40
2448 9309 39
2448 46 77
2448 6793 19
5672 2000 20
5672 379 77
5672 6106 91
5672 9957 21
6735 7091 55
6735 1994 82
6735 219 28
6735 9009 35
6735 8192 19
7091 4997 43
7091 5555 51
7091 2069 85
7091 6636 3
620 1390 88
620 4375 48
620 4290 23
620 4888 83
620 3507 27
1390 989 49
1390 9871 58
1390 1789 19
1390 5579 66
5965 6126 9
5965 5570 90
5965 1548 12
5965 6966 68
5965 4622 54
6126 1570 56
6126 3845 12
6126 4285 92
2781 2580 79
2781 9344 5
2781 3336 20
6517 6639 64
6517 1192 28
6517 354 94
6517 303 84
6639 3780 53
6639 1922 74
6639 3490 81
6152 9238 81
6152 9299 77
6152 510 5
169 1868 95
169 9390 60
169 6 61
169 5684 25
169 2026 7
1868 9543 44
1868 3982 63
1868 4089 12
1868 1789 39
2951 4199 82
2951 2184 75
2951 408 39
2951 2381 36
2951 2650 86
4199 8080 63
4199 8003 31
4199 159 6
4199 5788 1
84 9674 6
84 7607 95
84 9649 7
84 7397 62
84 6836 45
9674 646 80
9674 4025 67
9674 3141 48
9674 635 84
6624 6701 76
6624 2055 70
6624 2386 30
6624 998 64
6624 5705 15
6701 5496 56
6701 2783 73
6701 9324 73
6701 3637 45
1412 6436 30
1412 6627 90
1412 5064 7
1412 9062 71
1412 639 86
6436 5865 22
6436 9082 89
6436 5591 18
6436 7857 47
2347 4435 16
2347 2342 31
2347 2331 59
2347 4202 45
2347 5280 61
4435 7128 18
4435 8365 28
4435 7232 79
4435 5045 89
1237 6812 30
1237 2263 90
1237 907 24
6812 3194 16
6812 8684 100
6812 4709 72
6812 7030 8
3233 8234 75
3233 9666 73
3233 4755 33
3233 6008 14
3233 3403 75
8234 5734 29
8234 4378 90
8234 6077 63
8234 3993 69
816 9973 81
816 2098 68
816 5876 11
816 470 25
816 5638 60
9973 6189 67
9973 7391 16
9973 1587 66
9973 6411 12
2691 2932 85
2691 4099 61
2691 1185 23
2691 319 86
2691 777 71
2932 9797 12
2932 9118 21
2932 8671 52
2932 4004 5
3902 8743 46
3902 5649 29
3902 8732 15
3902 1739 11
3902 8331 58
8743 105 47
8743 1527 59
8743 9201 17
8743 1263 6
7942 8595 20
7942 176 83
7942 6641 13
7942 4174 82
7942 9262 68
8595 1037 79
8595 6903 95
8595 543 99
8595 4538 90
2302 8075 85
2302 6933 53
2302 185 2
2302 7497 10
2302 3728 42
8075 1341 53
8075 7776 16
8075 2894 94
8075 7114 54
3518 7814 30
3518 4891 80
3518 1723 30
3518 2363 9
3518 2870 96
7814 8520 47
7814 2123 89
7814 8936 88
7814 8739 8
4397 8722 95
4397 8455 38
4397 737 30
4397 5053 80
4397 8847 35
8722 5385 19
8722 503 29
8722 540 31
8722 6744 72
7965 9710 80
7965 6524 86
7965 6646 11
7965 1584 11
7965 2149 15
9710 1064 50
9710 6869 78
9710 2816 93
9710 3713 26
6482 9627 44
6482 9547 44
6482 9364 19
6482 1154 43
6482 2081 32
9627 1865 5
9627 2908 47
9627 2490 55
9627 5677 68
3495 4420 32
3495 1911 93
3495 854 24
3495 992 36
3495 7757 16
4420 7484 16
4420 261 25
4420 7567 1
4420 7193 1
418 6113 6
418 6911 95
418 2268 76
418 8669 61
418 1303 100
6113 661 38
6113 2782 60
6113 6320 74
6113 7139 24
1170 9912 24
1170 3550 11
1170 9434 16
1170 4861 77
1170 6610 17
9912 8273 31
9912 6691 19
9912 3864 5
9912 6512 83
7159 9088 13
7159 1639 71
7159 3199 20
7159 828 40
9088 2565 50
9088 1048 35
9088 4414 54
9088 744 55
1063 1155 47
1063 5003 45
1063 180 63
1063 9619 44
1063 2374 25
1155 3196 54
1155 235 69
1155 5336 47
1155 9752 91
2881 9630 57
2881 5448 3
2881 7597 89
2881 4328 32
9630 803 95
9630 6347 94
9630 8141 56
9630 69 13
2210 3009 2
2210 854 63
2210 3194 44
2210 1682 93
2210 9738 30
3009 8426 55
3009 9422 53
3009 7361 27
3009 3869 16
5205 6387 33
5205 8339 85
5205 3704 32
5205 403 65
5205 376 56
6387 961 25
6387 3352 82
6387 1707 90
6387 996 63
5116 6315 100
5116 4109 44
5116 8447 96
5116 1563 55
5116 2229 17
6315 6724 47
6315 6671 86
6315 7086 33
6315 9884 73
7711 9951 5
7711 906 38
7711 3390 23
7711 9616 93
7711 5087 60
9951 9370 28
9951 3885 24
9951 196 65
9951 890 47
2198 8260 63
2198 2325 63
2198 2545 79
2198 399 53
2198 4925 34
8260 130 64
8260 724 4
8260 4847 31
8260 9117 35
2663 3112 16
2663 4796 39
2663 9005 19
2663 3692 71
2663 429 58
3112 3642 57
3112 596 77
3112 3230 43
3112 4434 29
3819 6772 3
3819 589 30
3819 3315 76
3819 3607 78
6772 8374 65
6772 1147 64
6772 9005 32
6772 7233 49
5018 4203 20
5018 8617 34
5018 516 32
951 6360 83
951 8938 84
951 9113 21
951 6895 34
951 4159 90
6360 9779 83
6360 2306 41
6360 7568 58
6360 2979 87
245 5380 33
245 8938 79
245 5162 24
245 4479 52
245 401 9
5380 2974 37
5380 6183 16
5380 7827 99
419 837 65
419 8022 66
419 8998 41
419 5316 67
419 7529 41
837 5287 92
837 1998 55
837 7809 25
7698 8561 37
7698 7696 75
7698 3815 66
7698 5706 36
7698 5596 83
8561 7200 83
8561 3566 54
8561 8085 80
8561 7505 90
1387 9896 63
1387 7339 20
1387 5843 46
1387 7764 12
1387 1622 12
9896 9823 10
9896 5398 23
9896 6006 25
9896 8779 14
938 1402 9
938 6021 84
938 6579 59
938 4174 43
938 9908 27
1402 5773 56
1402 1651 78
1402 6528 9
1402 6475 87
5518 6860 77
5518 4369 53
5518 1095 13
5518 155 46
6860 3930 12
6860 9196 85
6860 9355 2
6860 8441 62
5668 6804 29
5668 8154 12
5668 9229 8
5668 8779 93
5668 3312 33
6804 4419 36
6804 2486 83
6804 6574 41
2022 2907 70
2022 2619 71
2022 344 72
2022 7906 63
2022 9065 77
2907 4045 30
2907 8380 20
2907 5682 21
611 8362 15
611 537 54
611 9884 55
611 3429 52
611 8910 73
8362 4917 32
8362 883 99
8362 3308 26
8362 2425 74
4203 5059 55
4203 8166 36
4203 8107 40
4203 4193 56
1727 6931 43
1727 5370 94
1727 5561 61
1727 7729 8
1727 8829 71
6931 1441 97
6931 454 71
6931 8799 8
8337 8669 23
8337 4296 37
8337 4347 13
8337 8928 15
8337 6226 76
8669 8998 79
8669 3195 48
8669 5458 13
4942 5357 1
4942 4318 37
4942 7660 53
4942 8487 22
4942 1338 22
5357 98 23
5357 7860 85
5357 8470 17
5357 6169 9
2564 3641 79
2564 5239 59
2564 2164 93
2564 6692 72
2564 2026 3
3641 9066 12
3641 762 30
3641 3757 75
3641 297 60
4689 7917 61
4689 886 70
4689 3326 44
4689 6448 44
4689 5753 76
7917 7141 69
7917 8728 98
7917 5258 8
7917 8371 79
888 3917 12
888 7520 77
888 6294 4
888 1948 17
888 5271 83
3917 8390 67
3917 3395 19
3917 147 53
3917 973 4
5351 8036 71
5351 6512 51
5351 3726 15
5351 1325 72
5351 6965 80
8036 4552 39
8036 5765 100
8036 9164 36
8036 8189 90
8275 8730 36
8275 1094 16
8275 1962 97
8275 5334 34
8730 8912 52
8730 3076 8
8730 2761 12
8730 8867 31
922 6130 87
922 7842 5
922 7696 13
922 2452 75
922 4493 45
6130 8901 84
6130 1198 33
6130 9016 38
6130 3045 16
4461 7472 16
4461 9620 24
4461 3935 24
4461 4486 35
4920 8200 92
4920 3758 13
4920 5330 5
4920 9259 54
4920 2745 44
8200 9891 62
8200 5017 89
8200 3052 22
128 4579 37
128 59 6
128 4584 37
128 6044 97
4579 3394 33
4579 2119 76
4579 5764 46
4579 7053 90
675 776 65
675 2817 96
675 1882 15
675 1724 79
675 377 6
776 7475 26
776 238 12
776 2378 64
9943 4170 54
9943 5859 20
9943 8185 47
9943 7673 27
8666 8736 10
8666 8237 88
8666 2769 88
8666 2937 75
8666 4299 20
8736 2851 99
8736 2054 31
8736 4098 76
591 9184 41
591 6254 37
591 9113 37
591 799 84
591 8834 5
9184 2980 42
9184 5957 35
9184 2145 96
9184 9877 83
9791 1712 4
9791 3584 20
9791 5791 45
3548 5854 97
3548 45 63
3548 8469 48
3548 3353 58
5854 1867 82
5854 5853 7
5854 4780 24
5810 9839 86
5810 6999 81
5810 834 23
5810 4597 65
9839 1399 31
9839 5040 43
9839 1452 21
9839 6586 8
8938 7594 91
8938 8263 40
8938 4437 34
512 5858 82
512 8371 82
512 7770 57
512 681 88
512 4837 27
5858 4528 51
5858 7415 33
5858 3797 44
5858 4694 67
5066 5931 95
5066 8550 100
5066 4033 6
5066 1004 37
5066 9179 92
5931 7374 40
5931 2328 14
5931 6551 37
5931 1853 68
3418 7851 43
3418 4953 17
3418 7295 49
3418 3764 17
3418 8505 13
7851 4376 71
7851 8213 95
7851 1081 33
7851 4356 99
3834 9981 5
3834 5798 27
3834 3382 58
3834 2251 47
3834 2008 100
9981 6304 98
9981 7646 4
9981 1472 52
9981 6609 67
8829 9265 48
8829 3177 89
8829 3050 84
8829 6306 89
9265 8946 99
9265 1417 48
9265 4150 11
9265 9500 40
7372 9060 25
7372 173 14
7372 4143 8
7372 7187 45
7372 6805 66
9060 5806 39
9060 9883 82
9060 5994 10
9060 4955 17
5510 8392 70
5510 1489 40
5510 799 26
5510 5141 34
5510 4477 49
8392 7400 70
8392 7868 79
8392 9289 91
8392 1592 61
2642 4597 79
2642 485 43
2642 4742 16
2642 336 71
2642 4292 63
4597 8979 13
4597 6998 23
4597 2129 78
6248 8129 9
6248 5566 3
6248 3102 70
6248 1194 96
6248 5920 55
8129 7656 76
8129 1149 95
8129 9248 64
8129 1075 7
3844 6912 59
3844 3920 7
3844 4217 98
3844 6353 79
3844 8266 78
6912 5741 68
6912 4608 92
6912 5737 37
6912 1963 29
1214 1942 21
1214 7687 32
1214 2922 67
1214 7951 62
1942 8083 10
1942 6828 90
1942 9967 44
1942 5629 82
1809 3283 90
1809 5259 28
1809 7947 68
1809 5245 11
1809 9788 19
3283 8038 84
3283 1273 44
3283 8157 91
3283 7251 84
3247 5875 19
3247 2912 55
3247 1778 30
3247 529 76
3247 774 90
5875 5285 58
5875 3918 57
5875 405 50
9556 6478 99
9556 6617 71
9556 3398 28
9556 1680 84
6187 8792 97
6187 6626 27
6187 7798 31
6187 8010 27
6187 7812 31
8792 5478 87
8792 9275 75
8792 8186 11
8792 6071 83
855 2009 3
855 9255 76
855 9540 82
855 3019 56
855 3202 55
2009 8166 28
2009 6277 38
2009 7379 12
2009 5212 51
449 1321 29
449 97 74
449 1814 35
449 6543 97
449 4323 63
1321 8086 11
1321 9013 42
1321 4477 13
2699 9453 51
2699 129 31
2699 336 67
2699 9025 81
2699 801 52
9453 395 96
9453 62 45
9453 2740 83
9453 615 11
1436 3452 89
1436 143 71
1436 3343 58
1436 6784 11
1436 2004 15
3452 7820 59
3452 8326 82
3452 2701 6
1312 9832 1
1312 8397 46
1312 1022 18
1312 2853 8
1312 7765 4
9832 4503 47
9832 5027 54
9832 9261 5
9832 5239 74
4996 7016 94
4996 1431 55
4996 6953 61
4996 9917 5
4996 2581 94
7016 6668 60
7016 5641 71
7016 8632 27
7016 6145 66
1649 7882 36
1649 346 70
1649 1944 54
1649 9194 55
1649 8219 66
7882 3887 20
7882 3363 55
7882 9120 94
7882 8438 74
2129 9273 1
2129 7907 80
2129 9120 94
2129 3750 59
9273 4816 45
9273 7277 41
9273 7376 1
1560 6901 87
1560 6825 47
1560 1148 28
1560 9721 56
1560 2313 68
6901 6164 71
6901 8566 50
6901 622 61
7507 7541 96
7507 1011 18
7507 7144 87
7507 4266 91
7507 8744 65
7541 8089 31
7541 8018 77
7541 6586 21
7641 8295 74
7641 3629 7
7641 3047 40
7641 4825 62
7641 1029 96
8295 2179 14
8295 9579 89
8295 8278 28
8295 6394 80
5399 7406 45
5399 9732 58
5399 6752 71
5399 812 51
5399 5233 95
7406 6347 62
7406 1228 12
7406 1202 57
7406 4336 3
2414 3026 26
2414 8830 84
2414 7823 44
2414 108 57
2414 8279 69
3026 3265 87
3026 7946 89
3026 2083 61
3026 7284 65
5848 7232 87
5848 8928 15
5848 3448 38
5848 4230 79
5848 3726 53
7232 7869 50
7232 9598 9
7232 9734 39
5441 8571 58
5441 2559 84
5441 6641 22
5441 9635 90
5441 8278 87
8571 6823 27
8571 8202 85
8571 2222 30
8571 1663 28
558 1614 76
558 4738 77
558 8585 70
558 9676 51
1614 5701 28
1614 5876 93
1614 32 49
1614 9910 28
327 8282 71
327 948 25
327 4877 7
327 1523 69
327 642 39
8282 5689 95
8282 9481 98
8282 2820 73
8282 1497 43
3250 5368 67
3250 7081 23
3250 8502 66
3250 7124 43
3250 9572 52
5368 3069 37
5368 3132 69
5368 4231 89
5368 4407 51
3824 5640 98
3824 3961 79
3824 7939 27
3824 4879 82
3824 9169 56
5640 1157 51
5640 8006 36
5640 1454 42
4567 5913 84
4567 4787 80
4567 3755 83
4567 5746 55
5913 1250 39
5913 3 33
5913 2688 51
5913 3895 35
3065 5588 71
3065 1323 62
3065 6410 5
3065 7611 14
3065 8933 75
5588 9547 39
5588 1467 48
5588 4301 51
5588 7947 72
250 1619 32
250 2604 61
250 6426 46
250 4056 6
1619 209 2
1619 795 97
1619 9452 29
1619 5622 99
2096 5726 74
2096 9939 3
2096 2617 23
2096 9070 15
2096 2082 72
5726 2172 66
5726 7116 25
5726 7044 15
5726 2034 88
6396 7572 12
6396 6767 31
6396 4811 51
6396 1131 28
6396 6867 31
7572 9639 65
7572 4088 30
7572 1058 95
7572 8381 39
5606 9927 17
5606 4655 91
5606 3375 27
5606 8995 48
5606 1924 87
9927 6959 78
9927 5527 72
9927 7492 49
9927 3524 38
2891 3156 71
2891 2324 15
2891 7432 10
2891 9380 67
2891 6034 7
3156 8340 84
3156 9576 18
3156 1176 71
3156 5899 31
4059 4167 83
4059 6779 65
4059 2555 93
4059 6045 31
4059 3986 100
4167 5436 9
4167 8612 89
4167 4620 33
4167 9166 55
2059 9227 59
2059 893 47
2059 9408 50
2059 5574 54
2059 6091 50
9227 8594 86
9227 2191 35
9227 2996 60
9227 2796 87
6362 9681 70
6362 5654 41
6362 826 51
6362 9880 67
9681 1480 34
9681 4724 18
9681 7860 78
9681 4908 10
3815 8910 65
3815 4874 74
3815 8368 17
3815 4034 1
8910 9256 27
8910 5818 32
8910 5568 68
498 3037 40
498 7297 64
498 3777 15
498 369 41
498 7863 33
3037 2207 44
3037 4213 10
3037 1662 69
3037 2444 26
1506 6799 98
1506 7531 55
1506 7501 49
1506 5704 36
1506 7819 31
6799 4836 64
6799 8298 44
6799 2515 74
6799 4925 27
5012 8908 90
5012 2050 96
5012 5251 58
5012 8972 72
1118 8380 36
1118 5439 67
1118 475 68
1118 9806 11
1118 7530 35
8380 5114 6
8380 292 82
8380 8414 18
1359 5059 14
1359 63 5
1359 2016 34
1359 8217 73
1359 9137 6
5059 214 13
5059 533 37
5059 2498 33
2152 4695 22
2152 856 45
2152 9181 31
2152 5597 20
4695 7192 33
4695 958 77
4695 2125 73
4695 3364 88
975 4130 91
975 6558 80
975 8904 14
975 8506 13
975 7840 24
4130 9231 94
4130 8077 93
4130 2134 17
4130 1450 30
7609 8706 58
7609 8625 48
7609 9548 36
7609 9647 37
7609 1650 26
8706 1278 34
8706 7298 83
8706 3010 66
1274 2477 86
1274 372 60
1274 3114 82
1274 3887 32
1274 4217 70
2477 1320 90
2477 3545 58
2477 7380 59
2477 7275 28
6933 7403 35
6933 6788 32
6933 6688 22
6933 8688 13
7403 3197 47
7403 3605 34
7403 5472 66
7403 9244 33
5594 8762 46
5594 6779 29
5594 308 92
5594 7854 88
5594 6086 25
8762 5509 59
8762 1512 30
8762 2685 17
8762 6921 41
1870 6672 84
1870 6335 18
1870 9515 15
1870 9625 13
1870 484 50
6672 1028 35
6672 4243 10
6672 6550 19
6672 5215 6
8179 9236 47
8179 9183 58
8179 5289 66
8179 9704 85
8179 1260 89
9236 9475 75
9236 491 94
9236 6083 48
2496 7888 13
2496 304 33
2496 2378 45
2496 6218 7
2496 5430 66
7888 1541 60
7888 7573 43
7888 5341 77
7888 6478 18
919 973 60
919 5820 78
919 5729 37
919 8946 62
919 2953 38
973 6724 36
973 743 56
973 1163 97
4804 7330 77
4804 6254 98
4804 7307 2
4804 9321 95
4804 946 40
7330 4903 30
7330 6643 73
7330 7286 100
7330 2521 38
1805 7216 80
1805 4180 63
1805 5140 62
1805 3189 96
1805 7796 89
7216 8822 92
7216 1377 70
7216 1067 89
7216 8043 87
1077 8729 21
1077 4582 10
1077 1529 78
1077 8173 97
1077 167 85
8729 6579 12
8729 57 82
8729 6089 37
48 8062 99
48 1810 18
48 6409 37
48 5686 69
48 1141 20
8062 3973 56
8062 2612 43
8062 5880 81
5459 9476 45
5459 7008 89
5459 3566 10
5459 3629 12
5459 4617 21
9476 8534 39
9476 3846 91
9476 9997 30
9476 4895 21
6104 8460 27
6104 1039 54
6104 1775 78
6104 3429 64
6104 5419 6
8460 7135 90
8460 6217 78
8460 1892 22
646 3966 59
646 2743 17
646 2341 77
646 7295 79
4457 7222 46
4457 3482 85
4457 2387 16
4457 2625 53
4457 3454 69
7222 1678 94
7222 9840 29
7222 3470 89
7222 8156 7
945 3325 13
945 2232 24
945 2412 17
945 3840 37
945 6614 94
3325 3485 11
3325 6422 22
3325 3031 40
1854 2156 50
1854 7712 40
1854 2382 2
1854 414 57
7687 1826 55
7687 383 59
7687 1166 78
7687 8769 71
3213 8064 27
3213 6922 63
3213 7704 31
3213 8180 14
3213 1965 17
8064 4304 68
8064 5707 71
8064 9991 35
8064 6490 90
350 5367 46
350 3526 22
350 1839 90
350 8110 47
350 2309 2
5367 9952 39
5367 3439 45
5367 3197 67
5367 7043 56
6767 7626 19
6767 8025 64
6767 5717 95
6767 8485 41
2285 6513 16
2285 326 32
2285 8006 26
2285 7266 17
2285 6646 50
6513 9445 42
6513 3134 26
6513 2628 66
6513 5276 49
8857 9457 67
8857 5450 21
8857 1350 56
8857 3718 85
8857 8738 1
9457 2818 69
9457 2037 59
9457 3033 19
9457 8788 51
8585 9523 60
8585 999 83
8585 4237 87
8585 9189 98
9523 3346 74
9523 1372 34
9523 8250 70
9523 8725 68
3664 5492 45
3664 2924 77
3664 9657 50
3664 400 41
3664 4914 86
5492 1804 55
5492 2308 98
5492 7743 46
2115 9485 30
2115 2187 43
2115 9284 94
2115 2498 91
2115 2531 6
9485 4293 5
9485 1209 34
9485 4181 77
9485 9083 3
6163 6946 71
6163 116 45
6163 6304 1
6163 9862 66
6946 2078 87
6946 3897 32
6946 7832 9
6946 5845 17
1675 8432 25
1675 4204 23
1675 1038 63
1675 8499 18
1675 599 82
8432 7148 96
8432 8261 61
8432 9229 58
8432 2566 88
7359 8692 43
7359 434 93
7359 7356 72
7359 8273 52
7359 1187 11
8692 4081 47
8692 812 45
8692 9283 50
8692 3940 40
4070 6530 52
4070 7884 22
4070 2292 54
4070 5629 27
4070 4211 73
6530 8217 67
6530 425 46
6530 1662 76
1695 6805 59
1695 9672 64
1695 9946 14
1695 5063 52
1695 5841 1
6805 9268 45
6805 3243 38
6805 5789 36
1295 9315 16
1295 8247 61
1295 6227 98
1295 2325 66
1295 423 76
9315 5254 99
9315 9565 11
9315 4831 27
9315 6133 73
232 3402 60
232 9928 75
232 691 97
232 5088 90
232 9004 93
3402 6541 86
3402 7465 29
3402 5225 45
3402 7259 10
5385 7459 43
5385 9212 42
5385 6758 87
3647 7366 43
3647 8538 94
3647 8473 65
3647 9151 97
7366 4911 10
7366 6156 71
7366 5730 47
7366 8833 28
2910 7073 58
2910 9237 56
2910 7315 78
2910 7470 65
2910 1139 44
7073 3405 11
7073 1936 83
7073 150 15
7073 6267 7
5788 9112 7
5788 5772 86
5788 3912 67
5788 3594 47
9112 4554 33
9112 324 72
9112 8999 79
9112 3110 55
5674 9764 94
5674 5780 57
5674 5262 39
5674 6497 1
5674 574 60
9764 1005 65
9764 2775 58
9764 7966 18
9764 9252 92
4296 4779 82
4296 8651 48
4296 8289 19
4296 9280 32
4779 7164 10
4779 3860 93
4779 93 5
7283 9205 36
7283 274 73
7283 2373 47
7283 5104 14
7283 9338 69
9205 9150 64
9205 8171 34
9205 4700 95
9205 8774 96
1056 2509 70
1056 2737 30
1056 8552 74
1056 7829 17
1056 2053 72
2509 9313 63
2509 2825 94
2509 8936 41
2509 4208 32
598 9013 80
598 2411 98
598 9316 52
598 4344 80
598 5642 45
9013 9211 94
9013 5929 43
1365 9680 1
1365 3420 34
1365 3705 19
1365 9268 8
1365 8931 13
9680 2911 77
9680 7419 73
9680 2646 71
9680 4517 1
412 6379 79
412 8352 42
412 1961 9
412 7804 85
6379 8678 91
6379 1611 21
6379 2344 68
6379 8411 10
2817 792 31
2817 8480 28
2817 8651 3
2817 7612 3
5255 7686 65
5255 7874 81
5255 4540 88
5255 8367 82
5255 7087 9
7686 9881 66
7686 4424 82
7686 5732 21
7686 1447 83
8111 9212 52
8111 5896 39
8111 1092 32
8111 6636 27
8111 6164 51
9212 9397 71
9212 9120 59
9212 4913 36
6871 8298 79
6871 6932 39
6871 2317 32
6871 1354 13
6871 5078 3
8298 9945 53
8298 1352 74
8298 5946 17
6556 9226 31
6556 9052 41
6556 2899 3
6556 7797 57
6556 7664 30
9226 1456 72
9226 8442 38
9226 9907 59
3669 7334 21
3669 6269 79
6021 8934 55
6021 9126 64
6021 6350 90
6021 1637 55
1013 3162 53
1013 7002 73
1013 9023 23
1013 2160 73
1013 2331 75
3162 3822 67
3162 9728 46
3162 9046 56
3162 1913 49
6164 1874 15
6164 3737 51
6582 7414 81
6582 177 49
6582 255 40
6582 1683 42
6582 5741 69
7414 6870 5
7414 1685 11
7414 3740 84
3110 4636 18
3110 7605 99
3110 2082 67
3110 4326 18
4636 9553 12
4636 3074 55
4636 9103 40
4636 6188 25
7980 4398 14
7980 9653 31
7980 4386 2
7980 9687 7
7105 7189 58
7105 5218 94
7105 6177 48
7105 8638 14
7105 2020 62
7189 1807 4
7189 6647 22
7189 9824 36
7189 6333 33
60 6462 33
60 9569 99
60 275 57
60 3882 16
60 4497 58
6462 1451 35
6462 5396 28
6462 5610 68
6462 5298 43
6742 9766 28
6742 9462 29
6742 4414 68
6742 213 18
9766 2036 57
9766 4592 15
9766 8386 23
9766 1739 74
4994 6002 38
4994 9768 71
4994 9144 9
4994 6249 25
4994 9006 41
6002 869 51
6002 9475 2
6002 3670 70
6002 5489 59
140 3947 15
140 6099 2
140 2676 60
140 1339 8
140 3946 75
3947 4937 70
3947 6405 80
3947 2315 23
3947 243 16
4472 3128 75
4472 5251 82
4472 4548 10
7804 9792 6
7804 404 90
7804 1464 33
7804 3941 81
9792 7344 77
9792 3589 73
9792 700 58
9792 1901 92
2393 5934 73
2393 578 90
2393 7777 74
2393 8099 32
2393 6930 47
5934 4041 67
5934 8192 61
5934 1794 62
5934 9478 38
1493 8121 98
1493 1439 9
1493 2102 39
1493 5445 78
1493 7267 7
8121 7147 50
8121 9187 65
8121 7252 8
8121 4533 87
289 1037 40
289 3473 90
289 5882 51
289 4944 24
289 9620 49
1037 1294 22
1037 77 71
1037 1339 79
1231 2459 22
1231 1801 98
1231 5314 50
1231 3241 3
1231 1424 26
2459 811 64
2459 2903 46
2459 1249 80
2459 5290 26
3994 7958 76
3994 7186 23
3994 1398 95
3994 5435 32
3994 6404 34
7958 971 67
7958 9735 27
7958 7311 44
7958 2099 62
5912 7969 25
5912 2921 55
5912 588 5
5912 950 75
5912 1114 2
7969 7012 79
7969 4514 20
7969 2544 92
7969 531 77
5609 7968 57
5609 469 66
5609 7759 85
5609 6588 56
5609 5579 93
7968 9691 55
7968 2957 53
7968 2792 80
7968 188 48
2670 5653 30
2670 9431 35
2670 7802 11
2670 7026 69
5653 5212 60
5653 7286 24
5653 3340 57
5653 5925 2
1099 9887 37
1099 221 93
1099 6103 99
1099 5536 22
1099 6699 74
9887 2671 59
9887 4111 87
9887 4545 21
9887 7583 65
6446 8842 74
6446 5489 88
6446 6385 38
6446 1132 18
6446 9598 15
8842 4305 42
8842 7032 46
8842 9488 47
8842 1982 24
2313 9553 67
2313 6643 25
2313 639 53
2313 2990 70
9553 926 61
9553 2736 40
9553 9870 57
7225 8580 24
7225 3992 50
7225 4708 63
7225 898 87
7225 9257 14
8580 9056 94
8580 641 34
8580 6249 80
8580 6365 48
960 8008 64
960 2072 44
960 5524 16
960 9233 38
960 7250 12
8008 8667 19
8008 4482 20
8008 8242 56
8008 5780 97
1945 5370 100
1945 7196 38
1945 9357 58
1945 2140 74
1945 1283 81
5370 5079 46
5370 8841 49
5370 6496 38
889 6263 97
889 6614 15
889 6996 38
889 3215 85
889 6476 23
6263 2445 14
6263 6350 28
6263 9867 65
6263 6049 90
185 3727 83
185 5959 49
185 831 10
3928 3241 79
3928 7558 87
3928 4729 54
3928 270 22
299 7336 61
299 355 73
299 8597 61
299 6843 100
299 4550 23
7336 1415 78
7336 8962 85
7336 3135 14
7336 383 97
2372 4252 46
2372 360 100
2372 1831 19
2372 7510 8
2372 638 79
4252 2658 42
4252 6114 57
4252 2947 18
4252 4023 98
2625 6418 34
2625 9940 20
2625 2952 38
2625 8877 89
6418 913 53
6418 2922 35
6418 7668 90
6418 914 2
1033 7331 96
1033 4722 41
1033 1189 1
1033 6870 25
1033 6366 33
7331 1358 12
7331 1440 19
7331 842 34
7331 8754 71
6619 3841 26
6619 7962 28
6619 1458 50
4563 9525 18
4563 7147 45
4563 9241 81
4563 5178 79
4563 1555 99
9525 7551 12
9525 5484 20
9525 9339 18
9525 2505 57
1105 2481 83
1105 1965 81
1105 929 67
1105 9897 22
1105 7494 51
2481 9864 98
2481 1150 79
2481 2409 39
2481 4340 31
6392 8555 34
6392 460 42
6392 5664 65
6392 8383 35
6392 4696 87
8555 5486 45
8555 2998 19
8555 3407 45
8555 4458 54
991 3133 53
991 6123 22
991 9657 62
991 6848 60
991 7154 2
3133 3852 68
3133 749 10
3133 4715 82
3133 6656 81
6062 7108 10
6062 3348 91
6062 6589 46
6062 1904 37
6062 8758 88
7108 3002 36
7108 6508 94
7108 9737 45
7108 5228 21
3590 4067 9
3590 2029 5
3590 2030 22
3590 2709 18
3590 4363 16
4067 4696 4
4067 378 71
4067 4011 15
778 3025 23
778 1476 84
778 9532 88
778 9691 70
778 2405 2
3025 2261 81
3025 8361 73
3025 1702 18
3025 7506 11
5082 9339 90
5082 7547 64
5082 2995 78
5082 9115 67
5082 2435 15
9339 1927 65
9339 4607 50
9339 551 97
1064 9246 83
1064 974 6
1064 5218 69
1064 9029 63
9246 5468 15
9246 6987 6
9246 6019 59
9246 8156 18
1788 4581 35
1788 9745 41
1788 920 8
1788 9731 46
1788 9285 37
4581 2799 27
4581 2325 13
4581 747 45
1896 5612 38
1896 8492 5
1896 6855 35
1896 9084 16
5612 4765 63
5612 2627 31
5612 6073 2
5612 5635 38
5077 7652 66
5077 5278 17
5077 9901 26
5077 6986 37
5077 3055 55
7652 1674 19
7652 8371 96
7652 1299 36
7652 9066 10
6103 2634 14
6103 6352 15
6103 397 62
8520 2297 89
8520 856 79
8520 2766 3
8520 1207 29
6869 6061 6
6869 5650 58
6869 4230 24
4280 4864 23
4280 4275 6
4280 1593 81
4280 6210 3
4280 9786 65
4864 4015 53
4864 497 84
4864 5125 10
4864 2270 6
841 8450 38
841 6630 87
841 6008 56
841 2520 21
841 2618 100
8450 6137 13
8450 541 40
8450 7626 9
8450 122 54
2401 8753 14
2401 1973 95
2401 3826 40
2401 5896 67
2401 8340 99
8753 2671 9
8753 9893 2
8753 564 10
8753 6570 47
1270 6089 78
1270 7452 61
1270 109 78
1270 3481 39
1270 812 22
6089 6339 54
6089 4847 64
6089 783 63
2011 7255 67
2011 3067 70
2011 9366 7
2011 660 36
2011 9828 46
7255 9224 17
7255 4189 38
7255 5698 2
7255 4358 78
9390 9733 83
9390 9608 23
9390 171 81
9390 5770 43
9733 2871 24
9733 104 12
9733 1070 13
9733 7112 67
1776 3416 2
1776 9954 26
1776 5894 35
1776 930 2
1776 4005 79
3416 3169 55
3416 526 75
3416 9495 41
3416 1188 74
2500 6665 75
2500 7540 36
2500 7415 73
2500 8425 15
2500 8413 82
6665 3397 68
6665 7353 58
6665 7606 15
6665 4561 19
7625 9937 44
7625 5164 59
7625 2956 85
7625 8417 26
7625 9111 33
9937 5508 97
9937 5644 48
9937 5139 71
9937 1405 46
5126 5450 96
5126 8493 44
5126 6440 9
5126 5684 49
5126 8117 37
5450 6682 31
5450 3373 11
5450 2969 52
2668 3216 59
2668 2716 79
2668 9755 60
2668 303 95
2668 2475 19
3216 8015 15
3216 77 41
3216 2802 27
3216 5300 86
2248 6794 27
2248 4452 81
2248 950 5
2248 2299 68
2248 9070 97
6794 9700 44
6794 632 13
200 9154 48
200 5105 86
200 763 37
200 4179 40
200 8214 8
9154 4301 90
9154 8639 33
9154 9430 86
9154 8124 95
4266 7975 69
4266 1617 36
4266 230 70
4266 8060 31
7975 7447 63
7975 9054 28
7975 5833 8
7975 6792 39
2516 7548 33
2516 3267 56
2516 714 82
2516 8744 17
2516 2883 39
7548 9675 14
7548 6368 34
7548 3370 42
7548 3531 18
8566 6660 19
8566 2621 28
8566 4589 29
8566 480 61
9183 650 86
9183 3467 51
9183 6928 47
9183 1255 28
4305 5411 6
4305 2106 89
4305 9158 69
4305 2978 52
537 7234 97
537 4807 52
537 8709 5
537 3830 72
7234 6704 79
7234 3774 40
7234 4245 35
7234 9080 78
762 9934 39
762 2079 38
762 1460 17
3067 5973 21
3067 7636 84
3067 9122 10
3067 9606 60
5830 9336 44
5830 5700 82
5830 8301 99
5830 2962 51
5830 2714 7
9336 8508 45
9336 6485 41
9336 955 17
4751 7616 28
4751 2987 95
4751 7012 92
4751 5260 38
4751 410 40
7616 1088 56
7616 7533 13
7616 2584 23
7616 7231 39
3333 7928 1
3333 3020 23
3333 2905 85
3333 2031 82
3333 5716 85
7928 1682 33
7928 4904 86
7928 7238 3
1571 6178 26
1571 6745 78
1571 5448 19
1571 5916 98
1571 76 66
6178 4471 98
6178 157 36
6178 219 80
6882 8674 87
6882 1175 81
6882 1121 11
6882 1917 27
6882 7579 3
8674 3118 25
8674 2070 36
8674 7435 4
8674 5157 79
8884 4657 55
8884 3890 11
8884 9657 70
8884 3301 22
4109 4955 12
4109 3161 45
4109 7957 16
4109 8311 31
8567 8891 99
8567 7436 37
8567 6906 31
8567 5467 25
8567 7187 13
8891 9708 6
8891 4574 86
8891 8787 1
8891 4379 83
1225 8924 98
1225 7180 42
1225 2340 6
1225 868 42
1225 728 33
8924 8805 8
8924 1451 7
8924 1917 50
8924 4789 100
941 9165 99
941 9560 85
941 5763 77
941 2797 17
941 6347 14
9165 6253 59
9165 2064 64
9165 3742 47
9165 7281 61
3957 9448 71
3957 3442 19
3957 7071 89
3957 4044 100
3957 4504 61
9448 5403 15
9448 6150 10
9448 3208 6
9448 8854 31
2257 4412 72
2257 4234 24
2257 5991 4
2257 7424 35
2257 6839 78
4412 7431 81
4412 2474 2
4412 9002 5
4412 8734 27
2172 8246 15
2172 9031 11
2172 3490 53
2172 3023 25
8246 7547 82
8246 4770 62
8246 1618 99
8246 411 70
7872 9763 84
7872 3307 61
7872 3304 12
7872 9364 17
7872 1537 32
9763 3069 100
9763 9033 50
9763 1187 88
9763 9352 80
7878 8265 70
7878 6722 78
7878 5280 65
7878 1057 18
7878 6830 76
8265 2696 82
8265 7070 68
8265 5935 56
8265 760 71
717 7178 68
717 2012 89
717 7607 71
717 4665 31
717 3970 61
7178 282 25
7178 3322 68
7178 3989 87
7178 8479 100
3275 7549 38
3275 9775 5
3275 9572 5
3275 6275 24
3275 5812 25
7549 2834 83
7549 3981 19
7549 1659 37
5472 6221 91
5472 1015 83
5472 561 4
5472 1998 29
6221 9465 64
6221 2963 10
6221 9069 15
4634 5122 35
4634 9514 94
4634 1362 49
4634 9507 50
4634 1443 11
5122 8929 18
5122 1168 70
5122 5943 36
5122 1914 90
3808 3848 31
3808 9757 19
3808 2354 68
3808 9056 28
3808 2154 44
3848 2343 93
3848 1140 99
3848 1680 71
1005 4612 68
1005 1433 30
1005 2239 2
4612 1629 66
4612 3906 89
4612 1309 4
4612 3996 90
1837 4176 92
1837 1486 62
1837 2474 53
1837 4297 45
1837 5167 15
4176 1798 25
4176 3183 28
4176 4851 11
4176 1282 41
3384 2561 31
3384 5181 44
3384 9516 12
3384 3074 19
4645 4722 82
4645 517 16
4645 3976 80
4645 3881 94
4645 2607 81
4722 879 54
4722 6413 60
4722 6369 16
209 4678 74
209 475 3
209 9199 14
209 4076 71
4678 8981 24
4678 9847 90
4678 1544 51
4678 6051 63
1310 8006 56
1310 5917 14
1310 3063 100
1310 7638 60
2622 8832 45
2622 2864 98
2622 5163 43
2622 4867 3
8832 8436 8
8832 8211 96
8832 2602 38
8832 7419 67
3138 3464 7
3138 2693 92
3138 8544 14
3138 9387 17
3138 5456 49
3464 7782 85
3464 4128 46
3464 7243 41
3464 1141 70
4398 7447 9
4398 6720 11
4398 2048 49
4398 9864 36
7447 3827 4
7447 2061 37
7447 6094 69
3274 9926 39
3274 7752 13
3274 8805 92
3274 1534 91
3274 8710 91
9926 9725 64
9926 593 38
9926 7069 51
9926 4259 42
5791 6324 75
5791 302 93
5791 2539 55
5791 486 12
6324 4690 5
6324 8384 20
6324 1740 92
6324 3741 74
3188 9593 81
3188 5057 82
3188 9225 68
3188 1176 22
3188 7970 18
9593 9938 25
9593 4456 87
9593 9201 77
9593 935 87
3899 9769 20
3862 5373 55
3862 3166 14
3862 8165 25
3862 4681 16
5373 3577 54
5373 8690 37
5373 5597 84
5373 7025 96
1912 8268 45
1912 9045 64
1912 947 43
1912 2045 44
1912 9251 19
8268 4891 64
8268 9091 66
8268 6128 20
374 6034 66
374 3621 40
374 3007 70
374 2674 49
374 2443 72
6034 6969 44
6034 2827 6
6034 3187 78
928 958 46
928 9326 50
928 6249 39
928 2590 13
928 4168 29
958 733 35
958 1716 58
958 1692 79
4348 7710 17
4348 3177 7
4348 7168 98
4348 8852 47
7710 9592 65
7710 172 53
7710 5949 85
7710 5909 65
3393 9244 88
3393 3753 82
3393 6469 40
3393 4542 68
3393 9032 78
9244 4843 35
9244 3698 52
9244 9383 20
3699 7072 38
3699 1269 41
3699 6220 23
3699 6600 68
3699 5799 25
7072 879 32
7072 4670 37
7072 5172 26
7072 7602 7
388 5151 94
388 2778 87
388 5150 32
388 5418 23
388 9574 59
5151 1383 35
5151 2359 52
5151 4062 4
5151 1309 1
276 1712 8
276 1869 92
276 9253 78
276 1268 50
276 3423 73
1712 4968 86
1712 7859 68
1712 8198 86
8235 9949 17
8235 2517 24
8235 2664 45
8235 7412 94
8235 7327 22
9949 9061 91
9949 4120 84
9949 2158 44
9949 9368 57
2706 5281 6
2706 7298 94
2706 3521 19
2706 4446 72
2706 8403 31
5281 3197 19
5281 851 38
5281 1288 1
5281 6430 36
4060 7428 95
4060 6937 6
4060 4588 100
4060 212 87
4060 952 54
7428 8128 6
7428 2841 8
7428 9264 11
7428 88 84
724 2067 79
724 4484 4
724 3143 44
724 336 66
2067 7660 94
2067 1661 78
2067 2534 44
1671 5804 87
1671 5898 75
1671 6456 69
439 4335 35
439 8146 23
439 9382 13
439 2032 37
4335 1211 90
4335 5049 82
4335 9514 50
4335 4041 98
2818 9659 55
2818 4716 100
2818 1076 60
2818 3038 75
9659 6645 30
9659 2312 99
9659 1449 64
9659 8932 1
4571 4907 7
4571 9170 16
4571 0 78
4571 4429 54
4571 3700 57
4907 5415 27
4907 2242 91
4907 4580 15
4907 729 20
1355 6256 9
1355 7643 82
1355 4001 70
1355 5087 42
1355 6597 45
6256 4700 74
6256 507 68
6256 6758 28
6256 8966 43
4737 7828 37
4737 8765 23
4737 4105 9
4737 7506 96
4737 129 62
7828 2 60
7828 4796 64
7828 8448 76
7828 3964 87
3682 8946 40
3682 6662 21
3682 6565 68
3682 4862 61
3682 9068 7
8946 9175 17
8946 4359 30
749 361 31
749 9655 67
749 9432 26
3412 8304 61
3412 5889 46
3412 9517 43
3412 5046 31
8304 670 73
8304 7129 81
8304 47 61
8304 851 62
184 4166 68
184 8083 25
184 4631 56
184 6690 42
4166 4143 67
4166 2339 62
4166 7217 90
4166 1482 57
3177 3711 87
3177 4294 68
3177 908 46
3711 8514 37
3711 2478 9
3711 346 99
3711 8306 19
3013 8972 71
3013 6992 98
3013 2464 13
3013 9166 22
3013 3048 91
8972 2192 85
8972 6523 17
8972 977 39
9298 9422 47
9298 3927 28
9298 1154 51
9298 5655 81
9298 1985 11
9422 7834 38
9422 9850 9
9422 39 5
1211 8355 23
1211 7364 52
1211 6024 86
1211 6147 12
8355 1044 94
8355 727 48
8355 8870 3
8355 4107 89
3525 4394 80
3525 3230 65
3525 8965 27
3525 4781 12
3525 5239 1
4394 1206 62
4394 6973 30
5039 7762 25
5039 6982 81
5039 3277 75
5039 8805 72
5039 2542 7
7762 7021 71
7762 3473 59
7762 8253 64
7762 7462 66
4096 5149 98
4096 7949 53
4096 8990 29
4096 8035 5
4096 5478 17
5149 9555 65
5149 8498 62
5149 6994 95
5149 5498 45
868 4983 78
868 5905 79
868 3311 55
4983 6881 6
4983 515 50
4983 7453 45
4983 4873 88
7915 114 66
7915 2035 55
7915 4883 57
7915 7143 89
5010 4117 32
5010 2610 21
5010 141 56
5010 8051 99
1937 3736 94
1937 8709 42
1937 5209 20
1937 5222 3
1937 8493 70
3736 8116 51
3736 2058 69
3736 8399 54
3736 8464 68
2052 3686 38
2052 3080 90
2052 6754 82
2052 437 26
2052 3218 32
3686 6529 72
3686 6798 65
3686 1599 53
3686 3401 12
2716 7638 64
2716 6900 32
2716 9959 48
2716 3779 99
7638 4430 6
7638 6762 25
7638 697 4
7008 4979 80
7008 614 47
7008 3431 74
7008 8207 3
335 6590 4
335 4753 26
335 9202 57
335 2913 88
335 8635 13
6590 9878 2
6590 19 38
6590 9515 22
6590 4006 65
6302 7670 92
6302 4474 38
6302 8807 17
6302 1373 72
6302 8686 92
7670 5627 92
7670 382 57
7670 4694 16
7670 6097 82
160 6939 82
160 5000 74
160 6862 54
160 8940 30
160 7466 11
6939 6768 12
6939 8325 74
6939 4291 47
4810 6720 58
4810 4284 15
4810 6495 56
4810 7211 60
4810 1404 39
6720 3784 60
6720 3386 24
6720 7531 3
1747 2649 62
1747 7630 57
1747 2528 70
1747 1072 74
1747 9335 23
2649 3068 51
2649 6874 38
2649 9396 78
2649 6185 27
5721 5823 48
5721 2183 3
5721 1676 100
5721 1134 18
5721 8396 41
5823 2326 17
5823 2675 64
5823 9533 64
5823 7802 87
1795 3629 43
1795 2882 2
1795 9014 80
1795 6266 5
1795 6864 87
3629 5974 81
3629 1305 99
7615 9412 35
7615 3982 73
7615 9588 1
7615 3088 85
7615 5904 12
9412 186 92
9412 2311 41
9412 1683 98
9412 272 26
4664 7834 90
4664 1235 74
4664 8538 81
4664 8030 87
4664 3855 2
7834 5874 7
7834 9405 54
7834 3145 7
2639 5482 100
2639 6450 87
2639 443 41
2639 4933 29
2639 9662 18
5482 6357 50
5482 1979 86
5482 2130 10
5482 8933 75
211 6123 16
211 4363 99
211 8040 27
211 7261 38
6123 3245 92
6123 6227 44
6123 5101 62
6699 8430 60
6699 735 46
6699 6564 30
6699 2348 30
8430 3837 81
8430 6929 56
8430 4183 22
8430 4098 38
4758 5217 26
4758 203 12
4758 5356 97
4758 1789 29
4758 4188 90
5217 1084 81
5217 4368 56
5217 7291 63
5217 2428 48
2870 7300 66
2870 3873 80
2870 5951 90
2870 8987 26
7300 1524 19
7300 887 97
7300 3094 2
7300 4159 35
392 7632 86
392 6142 65
392 3040 36
392 7908 58
7632 6810 67
7632 946 100
7632 4522 49
7632 987 74
7296 9817 49
7296 2243 62
7296 5192 77
7296 4732 74
7296 8324 53
9817 6084 28
9817 292 96
9817 4853 68
9817 668 62
69 1694 17
69 138 8
69 6355 79
69 3771 82
1694 2950 82
1694 7394 24
1694 1838 53
1694 8775 27
3945 6807 91
3945 3172 2
3945 979 74
3945 2383 60
6807 8305 24
6807 3124 5
6807 4934 22
6807 6088 78
5591 7820 53
5591 3535 49
5591 1139 10
5591 4811 54
7820 3566 100
7820 1389 82
7820 1286 11
3583 5637 97
3583 9045 70
3583 5756 29
3583 3636 40
3583 7149 49
5637 633 26
5637 9253 38
5637 1960 35
5637 1655 94
5773 7302 46
5773 8193 73
5773 9955 77
5773 4031 97
7302 3208 76
7302 4525 89
7302 3259 70
7302 6533 56
138 6934 32
138 8985 14
138 366 12
138 965 8
6934 3144 42
6934 8901 4
6934 9451 56
6934 3740 65
7060 903 59
7060 4208 32
7060 2922 26
7060 8233 10
2827 6822 12
2827 3587 2
2827 7218 85
2827 1627 84
6822 5878 39
6822 2792 40
6822 9612 68
6822 1644 96
3119 8162 23
3119 1109 10
3119 2843 4
3119 9418 35
8162 3257 26
8162 6028 64
8162 16 100
8162 3085 19
6281 9960 2
6281 8954 4
6281 8889 5
6281 2714 11
6281 6357 73
9960 5033 91
9960 725 55
9960 4727 56
9960 5454 87
4383 6629 37
4383 2991 47
4383 2535 47
4383 4967 15
4383 9201 55
6629 7289 14
6629 4104 79
6629 4562 50
6629 331 17
884 9383 6
884 7169 29
884 1725 49
884 4726 70
884 2730 72
9383 5288 35
9383 3338 60
9383 2241 57
2358 8414 18
2358 4080 83
2358 6402 80
2358 4436 71
2358 6112 42
8414 2271 93
8414 4005 48
8414 5067 55
3688 5057 5
3688 5529 29
3688 4590 1
3688 7591 93
3688 1604 26
5057 2370 91
5057 9085 26
663 7694 20
663 3303 27
663 6316 55
663 4874 15
663 3623 9
7694 9274 77
7694 5677 57
7694 7854 85
716 6766 96
716 1680 4
716 3471 27
716 1516 37
716 4529 49
6766 1758 68
6766 4048 50
6766 6109 33
6766 1971 67
3778 4950 15
3778 8642 48
3778 691 19
3778 1715 76
3778 6219 93
4950 2461 82
4950 4110 40
4950 7714 100
4950 2423 57
5519 7035 31
5519 9996 52
5519 2845 91
5519 8883 76
6063 3271 46
6063 5625 22
6063 9421 14
6063 7292 30
1150 7408 12
1150 8081 36
1150 4736 10
1150 7587 98
7408 7134 25
7408 5252 96
7408 1770 58
6541 5009 72
6541 5333 37
6541 554 80
6541 6600 80
1024 2573 92
1024 974 49
1024 2246 14
1024 5614 90
1024 7952 69
2573 2548 8
2573 5514 46
2573 688 21
2573 1026 93
6381 9386 19
6381 6561 70
6381 2588 98
6381 2949 61
6381 9585 83
9386 2475 29
9386 7702 82
9386 3549 50
9386 1502 53
6627 9642 90
6627 8195 10
6627 6817 66
6627 998 62
4706 6100 29
4706 1431 67
4706 4254 99
4706 3712 51
4706 208 84
6100 2483 45
6100 7291 62
6100 7873 40
6100 9595 29
9928 5507 44
9928 7394 27
9928 6156 72
9928 97 77
5889 9425 22
5889 862 37
5889 6218 24
5889 6191 76
9185 9489 10
9185 2934 77
9185 6055 91
9185 330 96
3055 4339 78
3055 3079 93
3055 8349 77
3055 7623 78
4339 6173 32
4339 9024 38
4339 2267 4
4339 9595 61
5856 6158 1
5856 5035 19
5856 5670 41
5856 6689 19
5856 7585 24
6158 1551 82
6158 3766 66
6158 5506 20
6158 9342 83
465 8594 70
465 1796 98
465 4513 48
465 4515 95
465 2165 92
8594 6245 94
8594 1955 3
8594 3610 62
1095 6546 77
1095 2525 10
1095 1241 98
1095 8301 46
6546 894 58
6546 5614 5
6546 2853 24
4569 9370 26
4569 1775 17
4569 3621 65
4569 2047 3
9370 3923 69
9370 5166 6
9370 6026 82
702 9446 9
702 8316 1
702 7642 49
702 189 86
702 6138 89
9446 8236 46
9446 1610 80
9446 6197 87
9446 7064 12
2099 3369 53
2099 6688 17
2099 3453 53
2099 6792 19
3369 803 26
3369 2693 2
3369 5230 78
3369 8170 16
6610 9222 77
6610 5101 62
6610 6326 66
6610 9189 46
9222 8330 75
9222 4786 60
9222 6204 67
9222 8214 6
2558 3883 97
2558 4265 25
2558 368 67
2558 7885 31
2558 4665 6
3883 2193 1
3883 9332 41
3883 5024 5
4657 6184 34
4657 8291 6
4657 7341 49
6184 9828 86
6184 6885 20
6184 6336 39
6184 207 63
932 5212 27
932 333 35
932 2580 20
932 7464 84
932 755 64
5212 9316 89
6195 6728 60
6195 4399 22
6195 527 74
6195 2912 92
6728 2013 72
6728 2862 70
6728 9751 85
6728 3828 1
2988 3467 7
2988 3598 9
2988 3305 24
2988 6424 79
2988 4733 14
3467 984 50
3467 7750 41
3467 8828 21
317 6602 78
317 565 38
317 2610 99
317 4074 84
317 2063 8
6602 355 40
6602 1830 40
6602 7675 22
6602 5570 33
3441 5664 32
3441 4229 37
3441 842 93
3441 1845 54
3441 2802 68
5664 1119 49
5664 5948 5
5664 4138 46
3501 9879 86
3501 1466 17
3501 8601 31
3501 5829 54
9879 1800 67
9879 6472 98
9879 3558 81
8474 8102 97
8474 3293 26
8474 4389 28
8474 1360 45
468 1294 59
468 5886 63
468 9375 29
468 4032 1
468 8376 77
1294 1336 21
1294 5202 48
8143 9018 95
8143 2756 55
8143 1479 80
8143 3887 99
8143 9549 29
9018 9130 65
9018 3922 76
9018 9801 83
2589 3354 35
2589 1525 27
2589 100 27
2589 6386 33
2589 5834 92
3354 2790 43
3354 8851 23
3354 76 77
3354 5828 12
921 7655 87
921 3679 64
921 3387 98
921 7621 93
921 9098 40
7655 5428 83
7655 362 28
7655 4898 90
7655 8871 87
1634 6773 76
1634 3907 73
1634 1585 97
1634 2315 81
1634 831 38
6773 4323 84
6773 5892 59
6773 2065 20
357 9010 26
357 5050 7
357 2286 44
357 1783 73
357 2723 87
9010 4084 76
9010 481 18
9010 4760 76
9010 1567 13
2267 4242 18
2267 2344 2
2267 260 79
2267 497 60
4242 2095 36
4242 443 8
4242 7819 79
3409 5752 92
3409 4729 5
3409 4640 24
3409 1784 87
3409 6539 1
5752 1519 21
5752 5702 87
5752 1964 91
4993 6641 44
4993 4937 58
4993 8471 88
4993 4040 71
4993 7787 31
6641 4344 65
313 1541 71
313 2169 70
313 3163 3
313 4639 4
1541 1894 92
1541 4217 84
1541 8092 85
8598 9948 36
8598 2609 18
8598 432 58
8598 9641 20
9948 4839 7
9948 5303 20
9948 9189 34
9948 8855 14
1573 9688 76
1573 305 35
1573 398 82
1573 8939 67
1573 3882 29
9688 4599 93
9688 6194 22
9688 2110 26
9688 4185 47
8478 2806 54
8478 5485 19
8478 4350 63
8478 2376 35
6469 8936 19
6469 655 25
6469 7823 86
6469 6084 89
8936 3749 16
6450 9853 24
6450 7048 45
6450 6829 74
6450 9452 20
4442 9921 100
4442 2404 10
4442 8532 40
4442 6682 58
4442 8896 71
9921 2997 32
9921 4529 73
9921 5868 5
9921 6704 11
3852 7868 15
3852 8504 61
3852 4663 87
1430 8821 7
1430 9874 31
1430 6824 10
1430 1778 99
8821 9427 2
8821 4658 6
8821 8509 1
8821 8845 47
7383 7586 37
7383 6839 57
7383 2048 81
7383 6695 22
7383 3571 72
7586 3159 33
7586 857 16
7586 5431 28
5602 8038 66
5602 2454 80
5602 7914 64
5602 5106 36
5602 8261 13
8038 6212 57
8038 1818 62
8038 2127 28
7226 7602 46
7226 8258 57
7226 4548 18
7226 4954 26
7602 9510 77
7602 4643 56
1002 6839 75
1002 1720 97
1002 9955 65
1002 484 46
1002 7512 53
6839 713 15
6839 2731 48
4731 5486 58
4731 2764 78
4731 8784 93
4731 1714 97
4731 8242 84
5486 7217 77
5486 1186 89
5486 9749 82
1829 8688 69
1829 4956 3
1829 5571 81
1829 9320 63
1829 8000 13
8688 417 6
8688 2956 98
8688 2443 8
3588 6225 89
3588 7852 21
3588 7340 97
3588 3373 72
3588 636 91
6225 4978 84
6225 3290 25
6225 9128 57
6225 3000 46
1423 5556 18
1423 5220 97
1423 9783 19
1423 1505 5
1423 9008 4
5556 3537 15
5556 1674 50
5556 9599 40
8912 4893 42
8912 1305 64
8912 9002 100
8912 1496 79
5395 6405 38
5395 7919 81
5395 4133 79
5395 7200 92
5395 3225 47
6405 4856 58
6405 3407 10
188 4232 96
188 5948 63
188 2019 50
4232 39 16
4232 6886 22
4232 6976 72
4232 452 79
4656 9449 37
4656 6250 1
4656 5198 100
4656 5532 46
4656 6447 23
9449 6981 89
9449 8459 98
9449 3751 74
9449 7338 97
840 2697 45
840 4848 14
840 5431 52
840 1890 12
840 8323 55
2697 4798 7
2697 6626 45
2697 8639 58
2697 230 30
5809 9428 83
5809 5460 97
5809 59 25
5809 4288 9
5809 5878 39
9428 5500 7
9428 9652 46
9428 6119 15
9428 1333 8
1954 8575 1
1954 306 22
1954 6397 87
1954 2295 52
8575 1159 37
8575 5085 60
8575 9825 18
8575 2466 32
1979 9571 70
1979 7499 64
1979 8898 85
1979 142 93
9571 5988 17
9571 2134 92
9571 4271 45
9571 2900 28
199 4771 58
199 6559 83
199 3974 22
199 6690 60
4771 9587 35
4771 4773 97
4771 2474 94
4771 897 70
4275 9543 60
4275 948 9
4275 1668 32
4275 1372 66
9300 9600 69
9300 9581 93
9300 7199 84
9300 4793 83
9300 3198 87
9600 1487 70
9600 4879 79
9600 7788 8
4587 9470 73
4587 767 81
4587 2386 50
4587 5069 77
9470 4449 22
9470 9773 22
9470 5558 80
9470 5822 77
5509 2224 97
5509 6267 86
5509 833 54
5509 9867 32
3314 9382 75
3314 4630 30
3314 2314 91
3314 6194 23
3314 8943 95
9382 2708 65
9382 9507 24
9382 5873 39
745 1682 22
745 3573 94
745 8066 60
745 7489 88
745 4543 20
1682 1830 9
1682 104 34
87 6408 68
87 4336 23
87 3458 2
87 7378 24
87 4910 82
6408 2559 19
6408 2237 42
6408 1980 80
6408 127 72
8042 9985 77
8042 5473 69
8042 2513 30
8042 4936 41
9985 9001 73
9985 2405 51
9985 2898 22
9985 5345 53
838 1846 11
838 8507 87
838 4116 92
838 362 2
1846 6140 27
1846 7061 40
1354 6866 17
1354 6176 53
1354 3111 83
1354 4697 53
6866 7467 63
6866 3567 9
6866 4380 63
6866 7989 77
6688 8568 100
6688 3303 53
2024 7237 33
2024 9689 94
2024 912 85
2024 5288 5
2991 4449 66
2991 3942 26
2991 4012 77
2991 962 91
8299 9991 12
8299 9955 59
8299 9679 44
8299 1672 3
8299 5364 32
9991 2070 34
9991 7104 44
9991 1107 85
2960 8453 41
2960 3135 2
2960 6084 90
2960 5141 64
2960 2608 29
8453 14 40
8453 8442 100
8453 1609 29
8453 6216 89
42 2851 92
42 4328 17
42 3940 15
42 7278 37
42 9198 43
2851 6243 33
2851 7887 59
2851 2073 82
365 9920 86
365 8136 44
365 4869 61
365 3613 63
365 2528 71
9920 5647 69
9920 9349 55
9920 1902 12
9920 5953 80
7164 8147 8
7164 4175 46
7164 8022 100
7164 89 68
8147 5970 88
8147 2693 32
8147 2220 37
8147 8433 20
116 6183 52
116 3936 34
116 2791 34
6183 1517 85
6183 8620 33
6183 6370 27
608 6645 60
608 9516 54
608 2889 25
608 5053 99
608 9214 33
6645 9753 34
6645 1613 59
6645 8806 75
1848 7170 28
1848 4934 57
1848 9152 82
1848 6026 44
2557 5969 99
2557 4328 48
2557 3137 45
5969 9977 5
5969 6867 32
5969 1669 97
5969 3744 87
3988 9834 70
3988 6911 49
3988 6432 61
3988 577 13
3988 2650 51
9834 734 74
9834 7699 3
9834 4641 46
9834 1628 29
846 4716 36
846 459 73
846 261 2
846 2068 22
846 3317 53
4716 8877 77
4716 7113 93
4716 466 47
8490 8086 38
8490 2385 51
8490 3662 17
8490 6101 57
8568 2063 58
8568 5327 20
8568 974 5
2842 9521 34
2842 4765 30
2842 3196 48
2842 38 14
2842 4738 41
9521 704 62
9521 5627 13
9521 4264 16
9521 8072 53
222 3576 41
222 2755 48
222 3118 74
222 1716 14
222 2132 21
3576 3011 1
3576 8940 38
3576 1739 32
3576 1645 86
2062 6148 93
2062 428 47
2062 1578 77
2062 2614 30
2062 5306 30
6148 984 67
6148 4314 87
6148 787 50
6148 6841 57
2676 3567 29
2676 1527 50
2676 1395 83
2676 2561 39
3567 4560 64
3567 2753 82
3567 1071 32
3689 8989 4
3689 1299 61
3689 7621 20
3689 5390 11
3689 6171 89
8989 535 80
8989 8350 88
8989 6070 22
8989 6504 76
535 7806 73
535 7847 40
535 2328 43
535 7354 82
7806 8647 88
7806 7384 25
7806 3643 18
7806 7890 79
2127 2197 48
2127 5910 57
2127 628 8
2127 9006 3
2197 3068 47
2197 6350 8
2197 9168 65
2197 1280 30
6168 7347 89
6168 9529 14
6168 7143 18
6168 1977 43
6168 112 1
7347 2532 6
7347 1865 48
7347 360 35
7347 5868 71
387 2458 38
387 1450 74
387 5477 97
387 525 89
387 9890 8
2458 1089 10
2458 5435 78
2458 8339 45
2458 4168 58
5168 5920 36
5168 4649 17
5168 9056 80
5168 5687 45
5168 3421 22
5920 290 17
5920 4718 31
5920 4854 92
367 9161 52
367 2319 48
367 5301 26
367 670 46
367 4428 15
9161 979 53
9161 4532 45
9161 1880 28
706 2211 55
706 1677 14
706 7468 48
706 567 74
706 3532 100
2211 9210 78
2211 1888 91
2211 779 7
2211 3043 15
5191 6843 65
5191 9881 81
5191 9712 18
5191 545 32
5191 1395 55
6843 1559 52
6843 6219 60
6843 4999 78
1719 4065 81
1719 2028 16
1719 3529 85
1719 3685 6
4065 4020 64
4065 9327 73
4065 3254 81
6345 9868 25
6345 7608 99
6345 3203 54
6345 8354 87
6345 9493 7
9868 2736 50
9868 4221 60
9868 361 2
9868 2404 62
1656 9378 80
1656 515 59
1656 5428 88
1656 4075 33
1656 7926 52
9378 9890 88
9378 4312 31
9378 4407 26
9378 6312 19
5870 9760 87
5870 5105 5
5870 2732 84
5870 8819 53
5870 2613 33
9760 2790 39
9760 3998 78
9760 488 64
9760 7373 64
37 9407 45
37 3708 23
37 8449 8
37 2139 98
9407 2888 86
9407 9988 46
9407 3717 16
9407 2403 19
4200 4282 3
4200 3306 52
4200 5455 94
4200 6082 72
6427 7584 90
6427 8643 45
6427 6765 48
6427 9409 45
6427 287 37
7584 2233 83
7584 1576 61
7584 3498 92
7584 66 97
4882 6623 15
4882 636 70
4882 5445 47
4882 8271 55
4882 2273 93
6623 8948 73
6623 2688 44
6623 8689 9
6623 4809 72
5282 7496 6
5282 3953 88
5282 242 52
5282 3854 53
5282 1104 50
7496 5546 20
7496 6046 55
7496 1975 57
7496 3440 31
3656 9579 69
3656 3611 89
3656 1459 3
3656 864 20
3656 9859 66
9579 511 29
9579 3561 58
9579 6967 31
5782 9539 7
5782 8610 70
5782 6878 61
5782 1796 64
5782 4241 62
9539 1119 4
9539 2155 71
9539 5011 62
9539 5354 6
2769 9527 37
2769 11 91
2769 5888 43
9527 3527 54
9527 5107 60
9527 7940 89
9527 7272 82
2719 7720 42
2719 9859 5
2719 1123 84
2719 9721 12
2719 2103 70
7720 4840 90
7720 5333 15
7720 567 68
7720 2000 70
1143 5194 34
1143 2176 30
1143 755 69
1143 43 88
1143 4755 50
5194 8109 86
5194 6906 9
5194 4287 50
5194 3310 64
5647 9314 78
5647 3423 10
5647 7515 62
5647 2240 67
9314 4409 78
9314 681 89
9314 994 91
9314 876 58
5164 7739 96
5164 6239 45
5164 5650 10
5164 541 34
1714 2916 78
1714 1733 63
1714 1939 82
1714 696 32
2916 5645 80
2916 3459 11
2916 5375 98
4456 9790 52
4456 6810 69
4456 5983 98
4456 6972 9
9790 795 9
9790 6679 40
9790 5626 9
7035 4556 62
7035 1252 98
7035 8387 50
7035 9420 62
3919 3923 39
3919 2586 12
3919 492 9
3919 9874 62
3919 808 9
3923 1229 8
3923 3513 29
3923 437 76
2157 4425 20
2157 6845 64
2157 4069 40
2157 3952 70
2157 2420 8
4425 4264 84
4425 3764 31
4425 3252 82
4425 1113 69
2943 5334 39
2943 6001 6
2943 8202 39
2943 9085 93
5334 7972 7
5334 4915 39
5334 3312 91
35 2140 9
35 4511 9
35 9880 26
35 2521 70
35 1509 34
2140 9970 39
2140 7906 70
2140 8159 4
76 2141 44
76 4226 33
76 5540 32
2141 2291 47
2141 8838 96
2141 8591 42
7761 8863 96
7761 7760 71
7761 4901 68
7761 4304 72
8863 2498 62
8863 105 39
8863 9798 26
8863 1917 3
813 8069 56
813 3679 66
813 9658 74
813 9048 56
813 8760 8
8069 8558 85
8069 9294 49
8069 4727 24
8069 5060 59
2426 7444 67
2426 873 12
2426 6343 3
2426 2924 29
2426 5304 54
7444 5545 53
7444 882 91
7444 8702 5
7444 6858 18
1144 2921 58
1144 5824 6
1144 493 2
1144 3379 49
1144 1835 99
2921 4515 75
2921 1935 61
2921 5272 1
1638 4210 78
1638 9976 90
1638 3300 42
1638 2717 28
4210 6746 44
4210 3108 2
4210 3145 88
4210 7326 11
8007 9269 71
8007 2784 86
8007 7069 22
8007 7132 15
8007 2919 94
9269 7858 14
9269 119 65
9269 54 53
9269 2872 61
9271 9988 55
9271 5904 19
9271 4354 52
9271 1092 8
9271 4628 55
9988 5413 30
9988 4970 63
9988 5414 69
2236 9040 4
2236 1086 79
2236 1588 88
2236 183 98
2236 6425 84
9040 6580 88
9040 6270 25
9040 2566 19
9040 1370 72
2544 2969 15
2544 602 74
2544 5874 65
2544 312 46
2969 9276 100
2969 5577 90
2969 9700 25
735 7597 23
735 1446 22
735 2866 53
735 7478 87
7597 9650 19
7597 8094 70
7597 479 40
3482 8158 50
3482 8943 36
3482 8383 98
3482 8448 70
7033 7528 9
7033 9756 1
7033 3842 14
7033 409 62
7033 4149 91
7528 8927 61
7528 9309 58
7528 2759 3
7528 6545 56
1637 9620 29
1637 6616 62
1637 8023 85
1637 7337 6
9620 2193 49
9620 1088 25
808 1659 71
808 2729 3
808 4670 79
808 6565 66
1659 3488 94
1659 4974 35
1659 3064 44
2963 7275 61
2963 9976 60
2963 711 67
2963 5130 58
7275 6424 45
7275 7770 66
1973 6536 57
1973 2536 61
1973 1536 89
1973 3489 90
6536 8231 7
6536 600 78
6536 1460 15
6536 7596 83
7766 8052 25
7766 6468 20
7766 4114 13
7766 7054 1
7766 6835 64
8052 2929 13
8052 4826 91
8052 2255 41
8052 6008 70
7886 8346 43
7886 4791 9
7886 4526 38
7886 5390 74
8346 6135 80
8346 7521 19
8346 9431 56
8346 390 88
6520 9602 72
6520 9115 80
6520 5157 76
6520 3093 11
6520 1844 19
9602 5648 23
9602 3094 50
9602 7010 82
9602 3251 18
4845 8760 55
4845 3639 27
4845 316 35
4845 6737 85
4845 1350 96
8760 5601 29
8760 4337 83
8760 4020 37
572 786 45
572 5954 12
572 380 50
572 6668 54
572 9320 71
786 9866 50
786 5044 47
786 5879 72
786 2640 61
1525 8757 25
1525 5029 27
1525 1188 85
1525 6833 5
1132 6078 41
1132 2008 74
1132 4506 87
1132 3421 93
6078 6581 82
6078 4545 94
6078 5300 59
6078 9597 71
3522 6865 50
3522 6268 63
3522 4740 29
3522 5558 19
3522 844 61
6865 5736 27
6865 1261 41
6865 7959 47
6865 7480 33
9655 2120 27
9655 4152 55
9655 1115 48
3967 7481 65
3967 6413 28
3967 4718 48
3967 5240 17
3967 4594 30
7481 3078 90
7481 7570 98
7481 8778 95
7481 359 93
6117 2327 70
6117 2419 4
6117 4260 99
2595 8168 60
2595 8656 3
2595 2585 11
2595 2655 46
2595 7659 22
8168 6986 91
8168 5977 3
8168 8495 82
9756 2156 73
9756 4525 12
9756 6537 46
9756 2112 72
4438 8005 6
4438 6907 30
4438 1408 57
4438 9373 71
4438 5458 61
8005 4897 33
8005 411 19
8005 8070 48
8005 8562 5
5041 6763 3
5041 5479 74
5041 5676 66
5041 9462 3
5041 7246 22
6763 7594 92
6763 97 78
6763 580 29
6763 7114 14
2644 8969 12
2644 397 94
2644 1861 14
2644 4355 93
2644 2780 9
8969 5199 48
8969 787 7
8969 2977 80
5748 9099 26
5748 4293 37
5748 5226 16
5748 1531 90
5748 3781 79
9099 1921 36
9099 9644 98
9099 864 55
9099 4341 87
651 9538 19
651 1116 23
651 186 1
651 3759 62
651 4910 65
9538 5469 16
9538 9971 25
9538 9566 14
9538 9904 81
3569 6280 38
3569 9639 55
3569 4980 69
3569 5171 53
3569 3041 86
6280 7471 39
6280 4628 74
6280 6744 56
6280 5834 50
4201 4278 22
4201 34 77
4201 6903 15
4201 2182 42
4278 9319 11
4278 5843 31
4278 8017 29
3225 3437 42
3225 1481 6
3225 9535 100
3437 7918 58
3437 7085 75
3437 2149 51
3437 5348 64
1856 6085 58
1856 6020 56
1856 3972 26
1856 2468 72
1856 6294 79
6085 9044 72
6085 7329 5
6085 1012 67
6085 5415 29
3232 7799 2
3232 6352 96
3232 2471 97
3232 5452 23
3232 3281 61
7799 9025 83
7799 364 68
7799 6080 48
7799 5381 63
4404 6677 50
4404 9423 2
4404 9964 95
4404 7598 93
4404 6838 74
6677 9324 99
6677 9361 90
6677 9414 61
6677 9073 27
4502 7774 32
4502 9929 29
4502 6712 68
4502 1206 94
4502 9746 31
7774 6448 33
7774 1016 20
7774 4274 76
7774 5208 5
1489 8625 98
1489 3905 63
1489 1048 37
1489 3979 43
7118 7561 14
7118 964 13
7118 6898 52
7118 9146 42
7118 8215 8
7561 2498 56
7561 2049 81
7561 2056 81
3405 6414 87
3405 6561 69
3405 9825 54
3405 4999 10
6414 6709 46
6414 1373 64
6414 5657 71
6414 8541 17
990 4540 53
990 7651 35
990 5737 10
2690 3436 96
2690 7080 3
2690 1961 12
2690 7696 34
2690 9872 63
3436 9051 94
3436 4205 10
3436 1182 58
3436 2428 55
119 5489 21
119 3198 10
119 2072 95
119 4728 49
5489 6134 54
5489 6014 73
4852 9469 81
4852 4485 5
4852 8727 74
4852 7894 66
4852 9578 41
9469 124 97
9469 4475 95
9469 7556 28
4649 1091 93
4649 4878 2
4649 2556 52
4649 3747 42
473 2045 67
473 8921 38
473 8077 48
473 1540 31
473 271 80
2045 1628 57
2045 9108 82
2045 2279 1
2286 6204 58
2286 8945 56
2286 5226 81
2286 731 59
6204 6711 35
6204 2878 82
6204 5908 18
8060 9922 48
8060 8118 14
8060 5803 89
8060 6445 93
9922 2396 31
9922 4627 4
9922 7493 88
9922 5426 42
1120 9211 51
1120 4247 12
1120 7001 81
1120 3517 20
1120 8056 96
9211 8919 32
9211 9389 17
9211 6112 82
2774 6143 34
2774 2043 75
2774 6268 74
2774 858 97
2774 802 85
6143 7779 23
6143 826 15
6143 3404 25
5320 9695 11
5320 4703 21
5320 467 47
5320 563 26
9695 4475 26
9695 8780 17
9695 2787 25
9695 5259 75
5074 9639 26
5074 1324 76
5074 7010 48
5074 3600 61
5074 25 8
9639 7728 7
9639 1760 6
5437 7247 42
5437 3859 82
5437 5688 74
5437 913 40
5437 9979 1
7247 8199 4
7247 9179 76
7247 1444 46
7247 177 45
5376 7725 99
5376 6962 44
5376 4797 15
5376 7512 90
5376 8871 1
7725 3729 81
7725 5855 51
7725 9678 47
7725 8239 70
2086 6681 5
2086 7988 51
2086 6228 91
2086 5017 67
2086 2931 46
6681 9863 60
6681 5852 72
6681 3980 76
6681 9780 48
1313 3725 72
1313 7527 93
1313 3150 4
1313 640 18
1313 1590 61
3725 1432 12
3725 2519 94
3725 1434 76
3725 759 52
5053 7257 71
5053 3972 91
5053 9121 56
7257 4040 92
7257 5094 39
7257 4215 81
7257 7736 21
5137 8648 55
5137 6836 59
5137 1897 26
5137 3701 65
5137 202 67
8648 5490 51
8648 4490 31
8648 701 28
8648 5356 72
413 2687 37
413 9917 81
413 3737 28
413 2506 81
413 3654 70
2687 3357 10
2687 3890 92
2687 4924 60
2687 6644 55
6935 8742 44
6935 9032 13
6935 1977 1
6935 2782 21
6935 426 57
8742 676 26
8742 4848 96
8742 3359 13
7021 4249 20
7021 4676 60
7021 1503 56
7021 877 2
2592 8889 76
2592 3579 74
2592 5279 76
2592 1821 17
2592 7555 9
8889 9532 39
8889 2949 100
8889 7596 78
2160 1600 77
2160 9447 71
2160 4007 81
790 9992 62
790 2503 44
790 4821 26
790 4097 55
790 9225 24
9992 8805 65
9992 2288 9
9992 8740 38
9992 6174 10
6504 7243 83
6504 4143 15
6504 3428 57
6504 4421 7
7243 8434 58
7243 7329 35
7243 7960 72
6452 7053 66
6452 79 48
6452 4051 7
6452 1833 67
6452 266 16
7053 1246 1
7053 3529 92
7053 5161 61
470 3571 94
470 1401 48
470 1235 26
470 6831 93
3571 4277 5
3571 4441 52
3571 2524 34
5695 8013 100
5695 8384 70
5695 8836 19
5695 5718 64
5695 700 74
8013 2995 40
8013 9278 65
8013 2845 49
8755 9534 4
8755 3978 55
8755 9128 56
8755 6072 31
8755 3678 19
9534 9570 30
9534 2507 16
9534 2739 61
9534 6960 48
2913 7375 19
2913 2766 99
2913 1664 51
2913 3837 53
7375 1765 43
7375 231 9
7375 4883 56
7375 1172 33
6109 8003 82
6109 7001 11
6109 5291 72
6109 2232 77
8003 3234 18
8003 1583 49
8003 7535 90
2826 8130 18
2826 5223 19
2826 6960 100
2826 8880 28
2826 5303 32
8130 8446 1
8130 9609 15
8130 9402 85
8130 3469 33
3251 7370 91
3251 3810 44
3251 2094 67
3251 7971 4
7370 82 49
7370 9118 81
7370 856 89
7370 10 56
2743 3931 34
2743 133 26
2743 7029 88
2743 720 76
3931 719 70
3931 6272 100
3931 8534 49
3931 738 46
4663 8741 77
4663 9900 59
4663 1000 66
4663 9747 84
8741 31 47
8741 3556 85
8741 1785 5
8741 483 48
3642 8689 87
3642 2917 99
3642 5383 1
8689 5503 64
8689 7468 25
8689 9401 9
8024 9436 5
8024 6129 28
8024 6176 3
8024 4146 43
8024 9309 99
9436 1331 14
9436 1454 17
9436 6200 91
9436 1646 59
4044 9635 29
4044 1918 46
4044 8349 18
4044 505 71
9635 779 37
9635 3568 91
9635 6065 60
1882 7323 87
1882 5794 72
1882 551 31
1882 6244 100
1730 4147 30
1730 3924 9
1730 2880 61
1730 9264 32
1730 3292 59
4147 7474 50
4147 3433 99
4147 4926 88
4147 9667 36
3254 8957 93
3254 6486 90
3254 8472 63
3254 911 59
8957 2620 100
8957 8182 48
8957 2495 1
8957 2532 89
3749 1736 55
3749 2122 2
3749 3868 38
3749 9358 39
4599 9106 6
4599 1559 28
4599 621 30
4599 4366 45
9106 8339 83
9106 6524 60
9106 597 10
9106 4757 27
670 113 37
670 8083 50
670 2871 92
792 4342 63
792 5127 54
792 8841 8
792 5613 8
1128 6129 93
1128 7028 35
4743 6761 28
4743 2430 75
4743 462 88
4743 5160 100
4743 1147 37
6761 4548 65
6761 1957 47
6761 4829 74
6761 5642 25
5292 7757 63
5292 3949 98
5292 6055 5
5292 5263 91
5292 5036 3
7757 939 22
7757 1378 69
7757 5278 82
4436 7772 4
4436 3091 69
4436 6663 66
4436 8718 28
7772 9344 4
7772 50 68
7772 954 69
7772 7754 50
258 6266 35
258 7767 51
258 640 52
258 5326 73
258 569 80
6266 3580 93
6266 6448 22
6266 2655 24
6182 7676 20
6182 4205 6
6182 9576 32
6182 3735 56
6182 1641 35
7676 8616 65
7676 9468 23
7676 899 20
7676 3101 12
5867 8604 100
5867 979 98
5867 3859 31
5867 6652 83
5867 295 99
8604 4022 45
8604 202 77
8604 625 9
4501 5134 55
4501 4894 38
4501 8997 76
4501 9738 64
4501 9297 32
5134 2631 38
5134 8507 20
5134 4558 33
5134 3790 54
5595 7916 48
5595 4387 4
5595 9137 47
5595 9151 75
5595 2227 24
7916 3105 89
7916 3071 62
7916 6293 60
7916 9540 9
2180 9543 26
2180 9100 16
2180 4650 91
2180 6000 93
2508 3259 47
2508 542 37
2508 2016 75
2508 5845 8
2508 5849 91
3259 6708 73
3259 4550 76
3259 5466 4
4577 5129 27
4577 8646 26
4577 3894 26
4577 8860 93
4577 2272 30
5129 5068 5
5129 6958 82
5129 5218 79
5129 4050 48
3235 4527 47
3235 2973 91
3235 8196 22
3235 2244 97
3235 708 40
4527 8019 39
4527 7893 8
4527 2650 100
4527 7416 26
1724 4840 47
1724 8708 62
1724 1812 29
1724 617 61
4840 5824 11
4840 4611 50
4840 5935 63
1718 4271 80
1718 2857 36
1718 5716 36
1718 2224 91
1718 8006 20
4271 3489 84
4271 7473 15
3070 7843 92
3070 8926 53
3070 6316 52
3070 7902 7
7843 8715 68
7843 1252 63
7843 7231 69
3282 9419 84
3282 1674 54
3282 9055 45
3282 3126 52
3282 9138 15
9419 3041 25
9419 4388 39
9419 6165 25
5190 7988 45
5190 1087 21
5190 9052 53
5190 2757 63
5190 4313 9
7988 661 77
7988 1504 11
7988 4974 48
1240 3865 99
1240 5737 100
1240 5356 35
1240 3559 2
1240 8800 49
3865 4728 29
3865 6764 50
3865 6049 89
3865 5179 2
5822 9670 5
5822 8556 79
5822 3661 37
4197 6951 4
4197 8311 93
4197 2013 93
4197 1386 69
4197 2840 51
6951 7463 85
6951 8570 65
6951 6879 93
6951 2092 13
1905 8419 89
1905 6870 40
1905 83 96
1905 4829 74
1905 8107 48
8419 2306 9
8419 3895 51
8419 9741 55
8419 9783 70
2760 4769 50
2760 6112 34
2760 9670 48
2760 5340 38
2760 9895 91
4769 5165 18
4769 9077 62
4769 575 37
3105 9907 35
3105 2202 32
3105 5165 46
3105 7743 13
9907 6575 78
9907 3759 84
9907 2804 22
4775 9816 55
4775 2584 14
4775 9952 28
4775 356 74
9816 1641 23
9816 8660 14
9816 826 94
9816 1027 30
3622 7393 48
3622 8125 17
3622 8126 46
3622 551 51
7393 17 37
7393 8020 17
7393 8285 74
7393 7920 4
1380 7258 72
1380 3973 54
1380 3823 1
1380 2120 64
1380 9697 95
7258 4820 39
7258 6770 3
7258 5676 4
7258 6689 72
908 7448 52
908 915 57
908 3652 98
908 669 47
7448 755 16
7448 5130 35
7448 8300 74
2282 8527 75
2282 49 78
2282 5344 34
2282 5019 42
2282 627 39
8527 8365 79
8527 9750 98
8527 3454 88
5114 6249 22
5114 5607 19
5114 7617 16
5114 5686 30
6249 3336 38
7780 8405 14
7780 4668 53
7780 5692 26
7780 3165 20
7780 7088 42
8405 7557 51
8405 4754 12
8405 9770 50
9629 9777 50
9629 1977 51
9629 2715 54
9629 5446 14
9629 4105 58
9777 7307 4
9777 1272 92
9777 9467 55
9777 9109 94
1804 9814 69
1804 9396 7
1804 3598 53
6587 9027 4
6587 2673 3
6587 5540 78
6587 9305 35
6587 9196 80
9027 5172 95
9027 8357 66
9027 2413 83
9027 4395 90
274 8389 81
274 1283 70
274 2942 39
274 950 99
3780 6949 86
3780 3597 40
3780 9195 76
7193 9776 2
7193 3577 84
7193 6449 76
7193 9287 2
9776 7059 12
9776 9560 62
9776 3856 53
9776 4918 79
5663 9847 24
5663 3965 53
5663 3621 45
5663 6166 35
5663 7281 55
9847 1697 7
9847 7287 67
9847 7071 39
5496 7987 10
5496 7564 5
5496 4829 90
5496 8948 70
8330 9830 37
8330 739 89
8330 9982 79
8330 4322 71
8646 2536 14
8646 2930 26
8646 5089 60
8646 6377 14
1346 8963 4
1346 2402 40
1346 8375 79
1346 5708 8
1346 4184 89
8963 2230 93
8963 8303 79
8963 187 43
8963 6678 74
797 5523 93
797 553 63
797 9455 18
797 5654 58
797 4951 18
5523 2933 15
5523 9703 10
5523 7431 71
5523 1175 3
781 9716 93
781 5236 96
781 8377 23
781 8251 88
781 7256 57
9716 6719 32
9716 9993 69
9716 8523 73
36 7816 54
36 1450 93
36 3378 55
36 1062 49
3976 6748 61
3976 9440 58
3976 6485 58
9814 5747 66
9814 3731 96
9814 2915 31
9814 7839 94
9853 7068 50
9853 218 45
9853 3060 36
9853 2259 59
7544 3692 35
7544 7333 5
7544 6236 4
7544 9297 66
1159 7043 50
1159 2039 20
1159 4778 15
1159 8401 63
7043 1516 7
7043 1461 43
7043 5016 48
2475 4734 62
2475 8986 14
2475 6339 26
4734 268 43
4734 3396 72
4734 8781 40
4734 2632 13
7682 2792 25
7682 2203 7
7682 8667 82
7682 8149 98
7395 8540 100
7395 7202 4
7395 7944 54
7395 7770 30
7395 6965 92
8540 9509 69
8540 1784 43
8540 233 58
8540 8828 69
162 5133 17
162 9175 28
162 5447 19
162 1052 18
5133 4007 65
5133 165 75
5133 1334 55
5133 3228 81
281 7299 70
281 3120 36
281 7029 13
281 6708 20
281 1749 91
7299 2349 11
7299 3385 25
7299 7251 78
7299 7818 55
1944 6037 21
1944 9323 40
1944 5079 6
1944 8484 16
6037 6291 48
6037 1215 67
6037 5225 68
6037 3659 52
133 3614 20
133 5335 26
133 9410 3
133 2494 2
3614 9114 54
3614 2143 97
3614 1540 20
3614 4870 21
2287 6376 68
2287 1461 33
2287 2437 31
2287 2978 9
2287 6741 27
6376 4708 43
6376 3098 74
6376 8940 54
5038 6388 35
5038 5396 31
5038 552 61
5038 8443 69
5038 2947 35
6388 2317 60
6388 1789 24
6388 3552 26
6388 5064 76
2018 9369 30
2018 3421 54
2018 5361 28
2018 5325 19
2018 6307 64
9369 5690 31
9369 6827 55
9369 4849 96
9369 3980 85
4960 8949 45
4960 8653 31
4960 1779 46
4960 4844 55
8949 5572 1
8949 8699 51
8949 8397 61
8949 7892 43
7014 9787 15
7014 937 80
7014 2089 53
7014 5938 49
7014 6215 36
9787 1536 54
9787 5065 30
9787 3670 61
9787 7982 87
4937 814 32
4937 9841 12
4937 742 70
3585 4818 64
3585 6454 37
3585 7312 57
3585 8155 98
117 7992 77
117 1167 52
117 5709 59
117 1477 56
117 1291 38
7992 2677 61
7992 715 91
7992 1528 1
7992 1420 79
1397 3774 34
1397 7462 78
1397 1535 19
1397 7692 54
1397 7493 50
3774 5261 72
3774 2859 1
3774 7861 47
6399 9864 65
6399 5579 48
6399 4098 87
6399 9821 85
6399 4310 100
9864 9228 89
9864 6698 61
5088 6101 23
5088 1810 28
5088 307 75
5088 1515 100
6101 9330 86
6101 5906 85
6101 3504 25
2111 3302 93
2111 1627 6
2111 8187 11
2111 5061 51
2111 5550 23
3302 9410 45
3302 5930 12
3302 1178 83
3302 4805 93
2609 9406 66
2609 2967 70
2609 1705 63
2609 5408 33
9406 7743 85
9406 6539 16
9406 4490 56
9406 7504 79
615 4677 74
615 7070 72
615 2082 57
615 9194 18
4677 6428 67
4677 7487 53
4677 4033 88
4677 5337 68
5305 8021 99
5305 6750 45
5305 2336 65
5305 4526 35
8021 3066 37
8021 9841 72
8021 122 1
8021 3224 44
3484 4910 75
3484 8992 60
3484 7208 50
3484 5049 12
3484 323 19
4910 2984 62
4910 101 63
421 4030 28
421 8098 9
421 6557 26
421 6867 43
421 842 84
4030 2783 60
4030 163 8
4030 9662 1
4030 7443 37
1518 6521 93
1518 4794 14
1518 7791 53
1518 8385 17
1518 6992 11
6521 7611 31
6521 4239 7
6521 5735 9
1499 6279 59
1499 8345 8
1499 4869 47
1499 8411 71
1499 2227 70
6279 9257 35
6279 5499 47
6279 1928 17
6279 2467 21
3450 8682 100
3450 1688 42
3450 8270 86
3450 9535 60
3450 2252 84
8682 3038 81
8682 2915 75
8682 7252 35
1366 9133 83
1366 6116 83
1366 812 53
1366 5918 66
1366 2862 46
9133 337 14
9133 7354 86
9133 9110 37
9133 2707 63
2754 7666 92
2754 3222 27
2754 4820 98
2754 2008 53
2754 356 35
7666 988 70
7666 5806 79
7666 1562 8
7666 1702 80
277 4540 50
277 4225 95
277 9423 78
1336 5299 70
1336 3880 37
1336 9837 32
1336 7892 48
7121 8290 10
7121 2441 89
7121 5820 38
7121 5997 63
7121 1771 56
8290 6809 38
8290 6426 82
8290 5146 17
8290 2166 9
4423 7158 34
4423 2603 30
4423 9623 29
4423 3878 33
4423 6437 2
7158 2360 25
7158 7735 15
7158 2787 62
7158 4624 30
3218 7019 12
3218 1833 42
3218 3822 59
3218 2191 97
7019 398 50
7019 4401 13
7019 2604 20
7019 4391 50
1707 7332 67
1707 269 13
1707 4686 82
1707 2265 21
7332 7106 15
7332 2575 100
7332 3658 15
3245 7122 34
3245 4362 13
3245 340 61
3245 1083 93
7122 9898 26
7122 9518 18
7122 1302 75
8087 2634 81
8087 3888 98
8087 213 57
8087 7825 77
6349 7252 16
6349 7716 24
6349 7753 37
6349 4330 96
7252 8578 86
7252 6608 94
3306 8529 48
3306 8797 15
3306 2660 98
3306 5446 74
8529 1929 75
8529 4218 7
8529 6920 97
8529 5097 82
6200 7129 77
6200 4522 3
6200 2761 54
6200 8766 84
7129 3628 66
7129 7353 28
7129 8151 9
6857 9156 18
6857 824 56
6857 3977 7
6857 3975 22
6857 7212 4
9156 8830 67
9156 9869 85
9156 4372 73
9156 9782 65
2968 3057 13
2968 2791 46
2968 4660 75
2968 1203 4
3057 1873 95
3057 471 45
3057 3277 33
3057 3944 5
9934 5100 48
9934 3674 85
9934 1308 45
9934 6435 20
2802 4458 65
2802 8509 94
2802 5671 90
4458 7515 98
4458 510 60
4458 4679 4
2473 4367 72
2473 2879 48
2473 7543 56
2473 3234 98
2473 4321 10
4367 5167 60
4367 809 58
4367 3413 76
4367 105 67
3487 8883 89
3487 7473 22
3487 8941 87
3487 6189 67
3487 5125 35
8883 9944 61
8883 2841 41
8883 6509 66
3189 9418 2
3189 1567 83
3189 7608 33
9418 4627 36
9418 5127 77
9418 890 10
1034 3051 42
1034 6618 12
1034 5008 73
1034 9806 77
1034 1756 16
3051 9189 90
3051 5941 100
3051 3831 32
3051 8068 54
6275 8066 60
6275 3519 86
6275 7621 63
2563 4418 83
2563 3060 64
2563 3012 29
2563 5755 46
2563 7345 50
4418 1997 71
4418 479 83
4418 9081 24
4418 8489 90
4848 7328 73
4848 5405 31
4848 6817 56
5186 5938 78
5186 9049 79
5186 6886 92
5186 636 97
5186 1703 41
5938 9414 34
5938 9980 8
5938 7323 26
2110 3160 88
2110 469 69
2110 9506 11
2110 3855 82
3160 64 44
3160 1339 38
3160 8406 78
2159 9438 56
2159 8113 9
2159 7126 7
2159 9197 48
2159 6006 68
9438 9080 35
9438 5423 26
9438 4596 30
9438 9502 31
1913 4309 41
1913 1236 11
1913 7145 57
1913 3101 32
4309 557 38
4309 7441 62
4309 112 69
4309 754 85
4528 1074 32
4528 2171 3
4528 4316 86
4395 8068 67
4395 3545 96
4395 8709 33
4395 9987 29
8068 996 94
8068 4708 15
8068 3893 64
4718 7001 1
4718 5048 45
4718 5032 55
7001 9307 49
7001 3690 65
2097 9499 34
2097 3575 82
2097 2978 68
2097 6045 73
2097 5948 48
9499 1661 45
9499 2070 30
9499 6422 54
9499 6801 73
559 3293 32
559 4282 23
559 7645 38
559 5287 61
559 7678 29
3293 1495 64
3293 7092 61
3293 8435 80
1272 2411 54
1272 7526 12
1272 9255 13
1272 6199 49
2411 7856 10
2411 653 61
2411 6131 37
8526 9531 30
8526 9885 28
8526 6170 87
260 5885 87
260 6613 64
260 7618 63
260 8497 59
5885 8433 10
5885 8764 65
5885 8427 50
5885 3071 39
3692 8192 7
3692 5273 88
3692 44 84
27 6815 23
27 9694 12
27 9385 17
27 8786 6
27 3448 52
6815 9577 64
6815 4479 80
6815 3098 85
6815 6797 97
8533 8805 97
8533 2567 45
8533 2134 86
8533 8306 55
8533 3759 33
3536 3998 53
3536 4161 56
3536 4512 77
3536 9494 85
3536 3892 91
3998 3827 48
3998 2672 77
3998 8273 2
4452 8171 40
4452 4720 5
4452 6257 13
4452 4434 43
8171 461 87
8171 4847 94
8171 9708 14
2919 5527 69
2919 7223 21
2919 8244 46
2919 7369 22
5527 12 94
5527 8186 12
5527 673 58
353 2262 12
353 3117 94
353 1157 90
353 381 7
353 3212 84
2262 1841 1
2262 5156 18
2262 1076 23
2262 6191 2
782 8037 76
782 6753 35
782 1456 94
782 3863 3
782 5312 48
8037 1959 66
8037 6327 60
8037 4620 22
8037 3554 96
3860 9198 74
3860 8273 27
3860 4085 19
3860 8302 13
9198 9747 35
9198 2469 46
9198 9090 47
2807 3973 39
2807 3530 72
2807 9135 91
2807 4403 51
3973 6655 27
3973 3020 100
1874 6020 71
1874 6412 90
1874 8609 61
1874 3340 59
6020 1616 99
6020 9728 42
6020 17 7
6566 7747 57
6566 6066 15
6566 6691 68
6566 7240 90
6566 2329 21
7747 2890 31
7747 5056 43
7747 331 25
7747 7357 81
1674 3534 97
1674 5389 9
1593 3256 68
1593 3220 99
1593 6059 14
1593 6991 46
6429 6695 51
6429 4494 43
6429 3959 52
6429 6649 1
6429 5712 94
6695 4126 21
6695 8134 20
6695 5014 61
8398 3320 69
8398 1745 98
8398 6972 100
8398 248 87
8797 8070 6
8797 3081 28
8797 7313 32
8797 4702 38
223 876 9
223 1515 47
223 3215 25
223 3053 22
223 3993 32
876 3983 85
876 1946 89
876 7911 43
8457 9318 5
8457 9917 22
8457 5108 86
8457 1609 64
8457 8368 68
9318 1635 52
9318 7936 35
9318 3321 9
4021 4578 22
4021 2742 33
4021 1864 90
4021 6151 49
4578 1949 95
4578 3854 66
4578 4589 2
1858 3982 4
1858 4340 19
1858 4906 6
1858 120 89
1858 4001 74
3982 6964 72
3982 7194 74
2264 6783 49
2264 8642 50
2264 2050 40
2264 784 51
479 1970 13
479 2533 5
479 4855 56
1970 9869 91
1970 6696 35
1970 9636 94
1970 4973 95
1647 7145 48
1647 2717 80
1647 7235 23
1647 6285 66
1647 4066 89
7145 8272 71
7145 8261 51
7145 8909 98
3144 4450 84
3144 8985 5
3144 5156 96
7816 3396 19
7816 6219 42
7816 2098 83
7816 6786 71
15 1462 38
15 8911 89
15 6093 37
15 3191 22
15 9658 97
1462 251 38
1462 9079 8
1462 8262 61
1462 6974 16
1558 2350 12
1558 4794 100
1558 4473 15
1558 1439 76
1558 7175 76
2350 4083 23
2350 1989 8
2350 7890 65
2350 7904 42
4660 7315 59
4660 9953 42
4660 5960 44
4660 895 50
7315 8886 90
7315 1748 68
7315 650 6
2034 6251 3
2034 3032 8
2034 8477 33
2034 1990 39
6251 7781 73
6251 8685 56
6251 7731 41
565 589 22
565 4721 94
565 9341 69
565 5174 17
589 4912 87
589 949 27
589 3905 98
5396 4279 41
5396 5449 46
5396 617 31
5471 5143 50
5471 980 18
5471 2033 64
5471 6151 47
239 3048 92
239 9595 49
239 5502 22
239 8446 84
3048 4772 45
3048 3171 35
3048 6136 32
4791 8902 92
4791 2451 10
4791 7709 52
4791 9471 93
8902 322 27
8902 5745 77
8902 3618 67
8902 2819 44
6711 7298 74
6711 3118 78
6711 6593 55
6711 4752 1
1500 7633 6
1500 225 39
1500 6874 1
1500 2394 82
1500 7452 47
7633 1250 86
7633 3229 80
7633 7856 23
7633 2376 8
3900 3040 62
3900 6440 48
3900 1686 89
3900 2987 70
8185 8764 71
8185 4911 27
8185 9690 15
8185 8670 82
8764 9048 5
8764 2092 47
3383 7808 65
3383 1545 28
3383 1047 53
3383 5345 95
3383 1642 41
7808 2156 18
7808 999 46
7808 7476 8
7808 8472 77
584 4372 80
584 5976 35
584 9291 35
584 1696 15
584 233 20
4372 4018 28
4372 3643 22
4372 2952 70
8149 9484 47
8149 5622 36
8149 3033 7
8149 2065 99
9484 3003 20
9484 9057 93
9484 6313 19
9484 4917 11
5131 9128 2
5131 7136 84
5131 3315 79
5131 5072 98
5131 6651 20
9128 7979 10
9128 2383 26
5086 5222 27
5086 6398 64
5086 1253 72
6111 8590 47
6111 3542 58
6111 9990 32
6111 5559 81
6111 2240 8
8590 9819 97
8590 423 50
8590 8416 38
8590 9866 43
2441 4107 20
2441 6132 16
2441 4929 61
2441 4653 28
4107 9754 51
4107 1751 22
4107 9306 45
4752 9482 85
4752 6110 62
9482 1264 85
9482 1943 71
9482 7309 8
9482 1306 18
3320 175 36
3320 3322 69
3320 6080 63
9228 8426 31
9228 3139 24
9228 1047 81
9228 9208 40
3657 4785 78
3657 6009 22
3657 1388 15
3657 5535 77
3657 6243 57
4785 1386 21
4785 3505 49
4785 2322 59
4785 395 59
7018 204 88
7018 6304 38
7018 7763 46
7018 4178 43
65 370 55
65 301 84
65 6950 40
65 2962 62
65 3739 20
370 85 96
370 4231 63
370 2728 85
370 3697 61
2740 6776 33
2740 3894 35
2740 2374 29
2740 6507 95
6776 1595 61
6776 292 71
6776 9034 94
6776 5935 84
8765 9581 18
8765 6706 25
8765 7160 39
8765 2892 63
9581 6105 52
9581 1323 54
9581 9417 8
2028 6065 82
2028 710 43
2028 7826 14
2028 817 36
1153 2556 19
1153 1247 32
1153 5079 51
1153 7983 98
1153 4763 32
2556 1206 10
2556 4388 12
511 3831 59
511 2721 58
511 9008 17
2319 4652 45
2319 6252 70
2319 1951 76
2319 8608 40
4652 4307 54
4652 6989 59
4652 8998 96
4652 2048 78
853 3984 44
853 2416 33
853 9320 41
853 9931 61
853 4459 59
3984 2143 22
3984 1676 83
3984 622 59
3984 4216 21
9087 9982 33
9087 4402 54
9087 7823 73
9087 3050 92
9087 5597 25
9982 6879 34
9982 4327 24
9982 384 20
1515 5800 49
1515 5416 35
5336 8728 94
5336 8831 87
5336 7579 89
5336 1906 70
8728 4631 43
8728 9803 85
8728 8913 10
599 9702 92
599 9092 20
599 1932 92
599 6983 94
9702 4179 78
9702 396 97
9702 6268 11
9702 5030 77
4894 3738 85
4894 8563 4
4894 115 63
4894 4933 51
3008 5770 43
3008 6905 42
3008 9585 29
3008 7305 95
6561 9684 26
6561 4040 94
6561 1102 94
9684 3512 69
9684 3814 45
9684 699 42
9684 8369 48
5914 9175 85
5914 80 12
5914 939 14
1052 3039 52
1052 6483 45
1052 2894 51
1052 9833 8
3039 1330 15
3039 2046 69
3039 2268 31
3039 5895 41
7418 8581 4
7418 1227 61
7418 5428 83
7418 2283 1
8581 3382 61
8581 5690 16
8581 310 27
8581 2098 88
8154 4595 91
8154 1129 32
8154 2501 16
8154 5404 17
6165 8960 91
6165 483 99
6165 3760 39
6165 7630 27
8960 9468 56
8960 5937 6
8960 4629 55
8960 7410 4
6588 9063 13
6588 6341 95
6588 8336 57
6588 1333 1
9063 5585 17
9063 989 37
9063 9283 32
9063 5760 44
5741 8596 46
5741 4293 69
5741 3001 29
471 4979 15
471 3374 48
471 1565 22
471 2805 69
4979 2887 92
4979 1158 72
4979 54 35
2179 7624 46
2179 883 76
2179 5941 99
2179 3087 10
7624 4223 54
7624 5927 47
7624 1740 9
7624 2025 12
5209 4866 11
5209 472 64
5209 5241 36
4635 5998 27
4635 5689 93
4635 9663 79
4635 4947 48
4635 5298 42
5998 3183 40
5998 6491 24
5998 1734 46
5998 463 93
8995 9238 77
8995 6595 76
8995 1533 18
8995 656 6
9238 4796 99
9238 7974 27
9238 653 5
829 8070 57
829 992 95
829 4977 9
829 9771 5
829 4674 16
8070 9514 72
8070 9023 58
1690 5366 3
1690 4709 31
1690 5125 89
1690 5508 90
5366 1819 98
5366 4570 6
5366 3568 74
5366 6406 68
7531 7791 96
7531 2790 41
7531 6759 57
5442 8723 93
5442 2745 4
5442 8574 85
5442 1162 10
5442 992 14
8723 1398 54
8723 1760 13
8723 6601 46
8723 9936 38
5843 3023 68
5843 9561 72
5 6801 89
5 1125 76
5 1259 18
5 1943 60
9577 231 12
9577 770 28
9577 8 83
9577 1587 98
3763 3975 100
3763 2321 70
3763 1838 28
3763 5433 65
3763 3313 100
3975 9762 12
3975 3901 54
3975 674 52
3549 743 76
3549 4111 9
3549 9826 41
2061 2276 66
2061 4221 84
2061 5706 42
2061 8110 58
2276 8399 86
2276 3374 76
2276 2805 78
2276 3968 66
2658 3891 27
2658 5898 13
2658 1852 14
2658 1774 17
4588 5778 54
4588 2378 72
4588 4911 93
4588 7542 58
5778 6732 15
5778 8096 19
5778 3267 24
5778 4969 33
2331 3857 55
2331 885 75
2331 2216 48
3857 4008 77
3857 6952 16
3857 118 81
3857 1071 82
5397 5947 58
5397 674 31
5397 3798 40
5397 5259 35
5397 1771 1
5947 820 60
5947 1205 47
5947 2598 50
5947 123 20
639 5852 49
639 7155 86
639 8734 10
5852 2537 89
5852 4740 21
728 8553 42
728 3594 30
728 2017 12
728 3916 46
8553 6508 64
8553 450 45
8553 3317 21
8553 2903 72
4069 8596 45
4069 1096 99
4069 1871 66
4069 8624 35
8596 5564 50
8596 570 74
409 2357 25
409 351 8
409 6458 38
409 5580 19
2357 2044 9
2357 9279 18
2357 5662 28
8242 8977 43
8242 3290 50
8242 1370 93
8977 308 5
8977 63 15
8977 466 88
8977 2223 24
2450 7871 10
2450 6095 29
2450 6287 98
2450 1766 23
2450 8537 37
7871 447 61
7871 5139 93
7871 3906 45
7871 9310 91
2756 3158 22
2756 2580 3
2756 8018 75
2756 9350 67
4408 9001 92
4408 7096 2
4408 6170 45
4408 7146 60
4408 934 53
9001 8852 71
9001 8517 26
3679 3873 97
3679 7318 82
3679 6782 26
3873 9836 58
3873 2746 69
3873 3163 79
3758 1978 77
3758 6328 11
3758 3090 10
3758 1267 82
647 1367 3
647 5787 54
647 3661 82
647 7744 17
647 9718 39
1367 2656 72
1367 9833 85
1367 78 94
1367 765 14
1192 7317 31
1192 3752 15
1192 6586 79
1192 5924 54
7317 3783 38
7317 7717 50
7317 7498 79
7317 3514 75
5249 6584 70
5249 8890 11
5249 2744 17
5249 1332 80
5249 4802 41
6584 7038 2
6584 9742 3
6584 6775 21
6584 7415 33
9031 9623 24
9031 2798 46
9031 3421 15
5639 5615 6
5639 9345 30
5639 695 25
5639 8956 32
6151 8607 53
6151 793 81
6151 5431 56
8607 7574 70
8607 8869 91
8607 6496 100
8607 4796 73
6922 7730 28
6922 3663 32
6922 4987 3
6922 1636 67
7730 8562 76
7730 304 22
7730 6885 83
7730 2270 87
5734 9258 15
5734 3223 84
5734 4974 83
5734 4546 20
9258 9171 48
9258 6320 99
9258 875 33
9258 9447 17
5412 9207 92
5412 4015 28
5412 4602 71
5412 2548 25
5412 5680 72
9207 7140 69
9207 6788 18
9207 2092 13
9207 6189 98
6983 9137 73
6983 2800 41
6983 3891 26
9137 9077 12
9137 4017 10
440 515 69
440 7457 27
440 4672 55
440 2181 1
440 6430 45
515 4459 51
515 8082 83
3433 4756 3
3433 2281 41
3433 1964 86
3433 368 29
4756 6529 41
4756 1796 57
4756 902 31
4756 1102 67
3108 8291 33
3108 1769 92
3108 433 59
1480 6444 24
1480 4407 10
1480 6372 93
6444 61 51
6444 4320 38
6444 5198 54
6444 698 42
6879 8033 87
6879 3297 100
6879 6874 20
8033 4403 48
8033 5921 8
8033 7074 93
8033 6028 93
5256 5661 26
5256 9349 70
5256 7130 78
5256 1681 70
5256 4688 17
5661 9213 56
5661 6522 69
5661 2137 80
5661 1863 76
1879 9344 46
1879 7999 76
1879 2506 92
1879 5110 91
1879 1199 14
9344 7859 94
9344 4349 88
2993 9560 53
2993 9849 51
2993 316 65
2993 9909 65
2993 561 64
9560 3983 17
9560 8186 50
8653 9204 93
8653 2594 2
8653 3587 43
8653 4257 47
9204 3532 93
9204 5148 88
9204 8786 13
6907 8093 49
6907 8341 43
6907 2143 65
6907 1404 18
1807 5917 91
1807 4386 32
1807 9623 86
1807 8981 100
4835 5789 22
4835 2882 68
4835 703 15
4835 5649 81
4835 4009 36
5789 6929 78
5789 532 84
5789 2559 16
1934 9401 1
1934 4770 90
1934 6053 22
1934 2232 60
1934 3468 54
9401 1349 59
9401 5515 8
6526 9958 7
6526 1039 72
6526 5419 28
6526 9286 48
6526 7196 21
9958 8685 64
9958 2698 23
9958 6011 66
9958 5524 41
4865 8822 52
4865 2174 39
4865 3814 93
4865 3889 13
4865 4142 88
8822 1107 4
8822 5093 94
8822 224 75
961 7230 95
961 4946 11
961 573 35
961 4134 66
5470 8407 68
5470 1219 39
5470 3066 42
5470 9704 1
5470 6000 47
8407 8040 37
8407 2596 89
8407 2579 31
2433 5557 33
2433 1955 9
2433 8934 27
2433 3962 16
2433 9146 19
5557 9389 100
5557 8992 32
5557 5130 3
5557 2320 45
6987 8074 28
6987 9685 73
6987 157 85
6987 3579 84
8074 8637 20
8074 464 70
8074 1060 13
8074 8172 24
4764 7427 44
4764 6488 33
4764 6291 26
4764 6930 31
7427 1417 38
7427 3769 65
7427 8894 47
2006 3992 94
2006 1521 91
2006 683 10
2006 3129 1
2006 6634 44
3992 1292 6
3992 8707 32
3992 142 60
7504 9532 41
7504 3638 77
7504 4632 80
7504 9109 22
9532 6515 81
9532 1089 60
694 7174 99
694 1136 42
694 6756 41
694 2731 83
694 4494 47
7174 8531 64
7174 4209 27
7174 8548 30
2636 5327 8
2636 7259 11
2636 2828 85
2636 743 44
2636 3269 7
5327 3139 21
5327 935 5
5327 8137 38
4293 9807 83
4293 3372 79
3063 3859 30
3063 7482 33
3063 6569 55
3859 7990 96
3859 3635 92
1519 7172 69
1519 187 100
1519 2100 65
1519 8789 55
3652 7637 62
3652 3500 2
3652 2400 44
3652 7807 81
7637 9427 30
7637 6238 15
7637 6375 45
7637 8953 95
2764 8045 22
2764 4338 87
2764 7921 35
2764 4446 34
9150 2847 89
9150 6438 29
9150 487 25
9150 5593 73
9281 703 56
9281 4784 96
9281 7767 19
9281 5309 99
7321 8485 74
7321 8120 63
7321 4077 23
7321 5169 49
7321 7338 13
8485 2816 66
8485 9439 70
8485 1298 4
721 9155 96
721 6525 40
721 8625 28
721 1 68
9155 6173 66
9155 5124 53
9155 4331 90
9155 287 67
5857 7953 52
5857 7530 46
5857 9495 1
5857 6167 69
8992 3304 39
8992 9461 43
8992 7754 46
5008 6632 68
5008 8076 69
5008 2902 21
5008 5044 56
6632 1224 36
6632 9830 10
6632 9330 2
6632 4745 56
3490 5774 37
3490 8377 20
3490 9731 16
5774 249 13
5774 8513 13
5774 5566 60
5774 956 45
4608 9142 11
4608 8338 2
4608 5176 76
4608 1252 36
9142 4690 21
9142 8933 13
9142 4207 93
9142 704 12
3196 7401 72
3196 8578 46
3196 8819 74
2311 6856 11
2311 190 76
2311 6041 20
2311 9148 70
6856 8027 43
6856 5520 63
6856 657 54
6856 7550 54
3472 2532 99
3472 6524 23
3472 2737 67
3472 2786 72
49 1657 12
49 6606 67
49 9774 13
4798 1918 54
4798 9713 21
4798 7245 55
4798 1337 80
176 4494 24
176 7422 93
176 1185 61
176 1492 78
4494 4820 62
3640 4378 23
3640 4009 41
3640 3602 75
3640 7417 55
3640 6110 44
4378 6172 13
4378 316 13
4378 8852 4
6630 8517 55
6630 4449 78
6630 1224 9
802 9093 23
802 7837 50
802 575 19
802 9742 30
9093 7446 29
9093 6356 60
9093 433 91
9093 8107 20
4424 6180 29
4424 7856 7
4424 2128 70
6180 3888 7
6180 9954 82
6180 562 86
6180 6710 10
5824 4139 53
5824 2972 29
5824 3180 69
9025 9173 1
9025 8091 63
9025 7966 24
5863 5425 17
5863 6333 64
5863 7830 86
4558 9563 43
4558 3186 32
4558 5921 74
4558 6098 88
9563 6810 48
9563 4938 64
9563 9036 28
9563 4890 79
3186 4132 64
3186 2482 49
3186 784 53
3186 7350 44
8695 8759 45
8695 8090 4
8695 4488 14
8695 320 81
8695 6721 55
8759 976 51
8759 5404 37
8759 1175 94
8759 4535 33
2367 7673 18
2367 1876 76
2367 5369 2
2367 3443 64
2367 500 4
7673 1545 77
7673 9007 41
7831 8159 26
7831 3371 49
7831 8055 57
7831 2652 30
8159 7152 79
8159 783 83
8159 1543 43
1324 1446 5
1324 9493 66
1324 2520 26
1324 1582 23
1446 7631 59
1446 6343 2
1446 427 100
193 502 88
193 466 60
193 9196 52
193 1315 100
502 7823 92
502 6083 43
502 5799 75
502 701 70
943 1754 93
943 5247 97
943 5723 3
943 9786 13
943 2770 71
1754 5894 52
1754 9143 98
1754 5493 79
1754 4827 25
5480 6576 44
5480 3941 88
5480 6386 57
5480 2990 1
5480 7079 10
6576 5433 90
6576 6361 28
6576 1505 28
6576 7726 3
4788 6992 10
4788 6993 39
4788 4468 6
4788 5166 63
6992 8439 9
6992 9022 17
428 1510 73
428 6996 74
428 4171 56
428 1699 90
202 8135 44
202 566 89
202 1491 53
8135 1420 69
8135 5725 24
8135 5958 66
8135 3920 55
1069 3556 23
1069 1881 57
1069 8827 91
1069 6319 71
1069 5369 59
3556 4131 1
3556 6726 91
3556 4198 38
2525 366 47
2525 6486 9
2525 6059 80
2525 1594 47
969 1148 95
969 8410 74
969 9687 32
969 3552 64
1490 7750 54
1490 1773 94
1490 2613 91
1490 2751 28
1490 1075 2
7750 2371 57
7750 3795 44
7750 6364 69
1249 8627 89
1249 7714 74
1249 5235 100
1249 8122 68
8627 6313 52
8627 7773 57
8627 8632 68
719 1463 96
719 3240 30
719 7693 98
719 9070 67
1892 5286 58
1892 8263 5
1892 3451 8
1892 9986 100
5286 4298 77
5286 8862 74
5286 1098 6
5286 1532 46
8177 8954 72
8177 681 88
8177 4024 81
8177 6013 59
8954 8447 94
8954 301 54
8954 5698 100
3438 4405 88
3438 1051 3
3438 7662 96
3438 6646 100
3438 9066 52
4405 6707 60
4405 7090 90
4405 1552 98
4405 3972 9
1357 5127 86
1357 8140 69
1357 1314 81
1357 2896 21
1357 1930 28
5127 352 7
1066 8361 43
1066 5313 74
1066 2554 61
1066 5474 10
1066 3811 65
8361 6461 23
8361 1338 74
8361 6278 97
3323 7838 23
3323 8420 38
3323 9653 9
3323 8539 52
3323 1956 17
7838 6684 99
7838 901 34
7838 6011 76
7838 4896 94
3276 9712 51
3276 5968 79
3276 8428 69
3276 6717 18
3276 1536 87
9712 1113 17
9712 5365 69
9712 4182 37
1600 7514 64
1600 8446 93
1600 8694 37
1600 3419 51
7514 6673 66
7514 3139 35
7514 5225 2
7514 7841 57
523 6621 15
523 4873 44
523 7813 42
523 8470 28
523 1424 55
6621 5372 2
6621 6294 23
6621 7358 58
7685 5229 76
7685 3999 38
7685 2604 58
7685 9489 2
1022 4158 61
1022 1728 6
1022 8921 29
9377 9479 69
9377 2402 79
9377 4903 98
9377 2703 15
9479 3572 28
9479 4081 14
9479 6003 6
9479 4033 66
581 3751 7
581 6329 50
581 7533 31
581 1012 12
581 8811 23
3751 718 58
3751 3179 70
3751 2169 68
1632 1925 85
1632 1375 43
1632 6538 41
1632 6051 84
1925 6540 5
1925 4650 84
1925 7846 78
1925 8360 61
6043 854 93
6043 3698 22
6043 7221 41
6043 5715 74
1597 9286 9
1597 255 66
1597 2492 64
1597 3643 49
1597 9395 24
9286 3532 92
9286 2339 84
9286 1578 32
7664 9501 59
7664 508 78
389 2992 37
389 1582 88
389 1184 22
389 8166 76
389 7853 73
2992 9397 63
2992 6877 26
2992 963 76
2992 166 19
650 5325 55
650 6497 40
650 4437 80
5736 1245 32
5736 8192 46
5736 1158 23
5736 4844 31
7341 7877 26
7341 1145 96
7341 1755 29
7341 2101 34
7877 6145 52
7877 8999 7
7877 2181 13
2660 303 71
2660 2767 51
2660 5521 99
59 3238 62
59 877 17
59 2839 7
3238 6086 25
3238 5859 68
3238 6782 76
3238 480 92
8768 3684 43
8768 4795 95
8768 1601 11
86 5061 82
86 3387 49
86 5625 50
86 2271 19
86 4129 42
5061 2946 61
5061 1559 48
5061 8506 44
979 2112 39
979 3820 71
3674 8953 27
3674 5404 62
3674 6190 64
3674 6390 39
8953 2163 85
8953 6841 10
8953 9433 73
5859 9308 38
5859 7630 61
5859 8879 17
9308 2149 70
9308 8167 6
9308 2920 93
9308 3019 79
3342 8214 84
3342 5783 17
3342 3697 26
3342 6890 71
3342 956 64
8214 3483 74
8214 4702 2
2017 7751 28
2017 5723 82
2017 7480 24
2017 5750 54
7751 125 83
7751 3292 85
7751 7363 73
7751 432 25
4585 8810 55
4585 2315 13
4585 3878 6
4585 4503 97
4585 6252 48
8810 5731 93
8810 9557 74
8810 4426 1
8810 7214 14
3727 8601 64
3727 5874 46
3727 3533 68
3727 85 14
2650 3907 74
2650 5207 92
3907 6465 15
3907 1923 42
3907 8865 100
907 4651 58
907 7360 28
907 1664 58
907 4259 35
4651 141 18
4651 2926 35
4651 3249 57
4651 6059 72
236 282 88
236 369 53
236 9892 65
236 1382 3
236 3071 52
282 3056 27
282 6647 4
282 3505 98
323 4600 22
323 4511 92
323 5837 79
323 1297 98
4600 2847 81
4600 9575 64
4600 8320 12
4600 7438 93
1236 5092 52
1236 5545 41
1236 9424 28
1236 8554 38
5092 7369 11
5092 3978 76
5092 6053 57
5092 7242 25
6329 4390 4
6329 695 61
6329 3094 23
6329 5577 60
399 2151 17
399 3176 9
399 4629 99
399 6725 68
2151 8091 10
2151 6725 96
2151 8803 52
3514 6577 13
3514 8777 50
3514 9734 18
3514 3096 78
6577 5381 44
6577 6144 100
6577 47 79
6577 7098 67
2306 2615 19
2306 1608 29
2306 4853 35
3871 8312 48
3871 310 97
3871 4255 97
3871 9830 89
3871 29 89
8312 4225 25
8312 5795 33
8312 8881 73
8312 936 73
1207 4512 67
1207 9779 91
1207 4292 48
4512 4905 18
4512 8793 4
4512 7935 78
4396 8133 13
4396 4776 18
4396 2757 94
4396 2522 50
4396 8161 28
8133 4247 27
8133 4786 41
8133 9097 77
8133 7933 94
422 9840 81
422 1440 52
422 3019 3
422 4890 41
422 3887 26
9840 8611 81
9840 8248 79
9840 8223 89
2191 8065 86
2191 7282 38
2191 1431 52
8065 6788 59
8065 5015 6
8065 2316 47
8065 9603 60
2165 6844 26
2165 5793 52
2165 9884 1
2165 6241 100
6844 8122 2
6844 6076 80
6844 6240 2
6844 5667 24
630 6571 82
630 1432 47
630 8752 52
630 6394 61
630 6716 93
6571 7120 14
6571 3269 48
6571 5592 86
6571 871 68
4419 7192 52
4419 6958 96
4419 6999 25
4811 7594 93
4811 6783 6
4811 8748 49
7594 9975 71
7594 583 63
2717 4691 36
2717 2263 60
2717 7478 30
2495 4504 54
2495 7163 79
2495 5342 62
2495 4471 18
4504 8228 71
4504 3687 87
4504 3091 7
2491 5277 32
2491 2773 92
2491 4640 7
1732 4518 29
1732 9016 54
1732 8374 27
1732 8543 25
4518 5306 94
4518 2856 66
4518 284 96
4518 7557 22
4471 6213 75
4471 6976 12
4471 4574 72
6213 8194 86
6213 154 62
6213 2281 69
405 976 36
405 6377 61
405 1219 59
405 3724 20
976 3082 43
976 2997 54
976 6154 34
1301 8846 21
1301 444 90
1301 9050 91
1301 6966 77
1301 5015 32
8846 3754 71
8846 2848 61
8846 8870 67
8846 9338 38
3504 9026 86
3504 3741 37
3504 74 53
3504 5374 90
9026 5903 33
9026 2122 94
9026 1154 87
9026 5102 3
6276 6697 25
6276 1145 15
6276 5464 63
6276 3001 55
6276 2587 23
6697 861 99
6697 9310 83
6697 3086 67
1721 6961 71
1721 6039 41
1721 279 85
1721 1006 20
1721 9250 31
6961 2518 74
6961 4801 65
6961 2810 16
6961 7324 56
3462 9554 30
3462 5188 41
3462 2545 81
3462 3279 26
3462 7471 98
9554 1665 15
9554 6825 49
9554 5954 6
9554 8522 88
6325 9218 68
6325 878 79
6325 9423 39
6325 8887 17
6325 2190 54
9218 667 61
9218 6314 42
9218 2872 17
9218 1042 21
6201 7462 29
6201 1259 46
6201 9721 18
6201 2066 86
6201 7718 50
7462 8462 46
7462 7011 58
8656 6589 48
8656 397 33
8656 2527 35
4876 8719 79
4876 1995 10
4876 3930 57
4876 1107 60
4876 5006 23
8719 7228 61
8719 5882 87
8719 9771 96
8719 46 46
4359 7446 72
4359 576 82
4359 9252 17
4359 8402 88
7446 7857 90
7446 9959 77
7446 4555 87
3586 5244 42
3586 5152 14
3586 3791 13
3586 4263 64
3586 6052 10
5244 2750 51
5244 9340 54
5244 8800 30
5244 2332 89
3140 7409 78
3140 5158 39
3140 9367 10
3140 5033 81
3140 4343 7
7409 971 75
7409 1040 10
7409 7097 36
7409 9677 11
3152 6480 16
3152 8815 86
3152 5067 81
3152 2438 34
3152 4768 68
6480 2970 16
6480 3939 41
6480 8758 64
6480 3201 62
338 5365 38
338 9 16
338 7180 49
338 5202 93
338 1994 36
5365 9874 97
5365 2079 31
5365 1616 59
3332 8518 54
3332 5047 35
3332 9085 15
3332 6426 62
3332 3675 61
8518 4254 66
8518 8279 9
8518 885 89
8518 6563 23
4039 6128 44
4039 1140 28
4039 6367 38
6128 4923 47
6128 334 15
6128 2584 17
5501 9306 97
5501 6579 40
5501 7197 92
5501 1448 13
5501 4821 37
9306 8056 33
9306 5808 89
9306 8455 59
2526 9586 59
2526 8903 30
2526 5964 71
2526 9628 2
2526 318 43
9586 1416 54
9586 4010 17
9586 3608 61
9586 8686 17
6613 924 63
6613 4626 1
6613 3592 54
6613 4483 72
8514 2218 41
8514 9964 73
8390 655 73
8390 3500 3
8390 6738 4
8390 953 18
4092 9145 22
4092 5978 73
4092 6950 98
4092 7310 44
4092 812 72
9145 1197 29
9145 8751 26
9145 725 42
9900 2597 44
9900 7776 14
9900 4180 10
9900 254 27
1884 7086 18
1884 4115 62
1884 272 41
1884 4799 23
1884 1253 54
7086 6940 26
7086 3390 35
7086 214 87
2655 6963 38
2655 8289 6
2655 2922 1
6963 1219 43
6963 4959 1
6963 7959 10
5584 8001 26
5584 6505 35
5584 9433 70
5584 4251 53
5584 6748 53
8001 5971 90
8001 2540 38
8001 1802 13
8001 2012 9
1735 8683 89
1735 233 51
1735 4729 1
1735 6893 44
1735 8926 67
8683 46 7
8683 1756 50
8683 1234 67
8683 7506 1
1186 5997 47
1186 3716 97
1186 1425 67
1186 5203 61
5997 4988 96
5997 7731 51
5997 7516 52
1476 385 24
1476 5227 91
1476 5004 8
1476 1257 39
6272 6308 23
6272 6351 94
6272 8917 7
6272 3872 93
6308 3163 96
6308 7276 27
6308 7524 10
6308 5029 87
1242 3273 68
1242 7303 73
1242 2222 63
1242 3434 27
1242 8216 79
3273 7049 9
3273 2693 47
3273 2118 18
3958 7236 5
3958 1894 67
3958 7265 96
3958 953 50
3958 9338 25
7236 858 1
7236 4103 85
7236 2707 53
7236 2425 9
2124 2200 94
2124 6523 50
2124 4410 2
2124 7228 34
2124 3244 53
2200 7432 6
2200 297 96
2200 3432 99
2200 2849 65
2585 2666 48
2585 2955 3
2585 8412 90
80 3770 28
80 275 60
80 3422 94
80 5252 54
3770 7464 90
3770 7025 24
3770 4891 59
3770 8709 15
4384 5358 2
4384 4294 60
4384 5851 47
4384 2375 19
5358 3299 6
5358 7790 29
5358 9019 91
5358 2961 48
4091 7765 81
4091 1201 99
4091 3122 11
4091 6154 31
4091 4683 75
7765 6003 9
7765 8818 77
7765 5688 25
760 2748 39
760 8715 17
760 2791 28
2748 1078 10
2748 6260 19
2748 7854 19
2748 1222 34
1841 240 21
1841 2512 69
1841 8925 64
1841 6457 99
1194 2451 70
1194 6534 82
1194 5034 22
1194 3028 69
2451 557 63
2451 3255 74
2451 3553 98
5330 6175 37
5330 1922 94
5330 2918 93
5330 3892 16
6175 2089 40
6175 337 83
6175 9720 12
6175 3032 57
3702 9875 60
3702 6916 96
3702 1824 51
3702 750 68
3702 7606 46
9875 3896 96
9875 2958 33
9875 1114 19
9875 5868 1
4688 6708 1
4688 7612 16
4688 3903 24
4688 9454 58
6708 9749 6
6708 187 66
4801 6585 66
4801 3519 25
4801 3743 61
4801 9435 97
6585 9542 73
6585 2353 32
6585 9096 28
6585 4596 55
420 3996 89
420 2606 69
420 9356 60
420 4673 62
420 75 54
3996 3085 95
3996 5634 24
3996 3445 85
9414 9874 77
9414 9968 82
9414 3876 89
214 8439 39
214 4386 1
214 7962 90
8615 9477 99
8615 5876 82
8615 7896 24
8615 1306 24
9477 1710 94
9477 1819 99
9477 8999 15
9477 4503 76
4102 5271 73
4102 1256 65
4102 3855 26
4102 8725 40
5271 2925 91
5271 103 85
5271 7578 8
8562 9463 20
8562 8749 64
4209 6831 43
4209 8795 68
4209 8186 2
4209 8790 58
6831 7076 66
6831 8638 70
8431 8609 74
8431 7990 23
8431 1289 57
8431 9783 72
8609 2653 93
8609 2824 45
8609 9706 87
2581 4115 4
2581 6045 14
2581 2634 91
2581 8493 2
4115 8530 99
4115 2480 33
4115 3524 17
965 6132 71
965 7951 51
965 631 57
965 7298 88
6132 4486 41
6132 481 21
6132 7074 98
980 9638 81
980 8443 48
980 7688 54
980 2859 7
9638 4249 24
9638 105 37
9638 5415 15
9638 9404 96
6066 9356 42
6066 416 57
6066 1417 36
6066 4843 72
2260 8638 66
2260 7146 90
2260 8277 63
2260 4298 30
2260 3010 54
8638 1505 92
8638 4787 65
9874 9885 71
3018 5055 69
3018 6816 92
3018 1197 57
3018 5106 6
3018 8259 54
5055 5146 62
5055 6025 93
5055 3331 69
5055 998 41
1318 6435 54
1318 2656 99
1318 7987 5
1318 7581 31
6435 6607 35
6435 6884 14
6435 5756 21
6224 8845 52
6224 1136 65
6224 2940 53
6224 6099 26
6224 304 59
8845 6891 94
8845 4611 86
8845 6515 50
3485 3227 80
3485 1716 58
3485 7919 42
3485 5574 5
269 6809 62
269 8505 14
269 8600 3
6809 8864 36
6809 7364 39
6809 996 24
1865 6015 25
1865 2429 34
1865 2344 69
6015 9883 96
6015 1862 85
6015 3272 13
6015 3638 96
607 8494 10
607 4998 6
607 2839 26
607 2722 66
607 8756 25
8494 293 36
8494 4909 7
8494 2648 49
8494 2048 57
1398 7303 9
1398 306 11
1398 2346 41
7303 9530 12
7303 7187 97
7303 6682 19
1706 5204 9
1706 7144 95
1706 2713 6
1706 2982 19
1706 989 83
5204 867 91
5204 3130 96
5204 1617 20
5204 6234 40
2728 8864 54
2728 8280 91
2728 5517 62
8864 5462 17
8864 1 68
8864 1843 71
3896 7953 50
3896 9076 12
3896 5881 42
3896 3597 84
2418 8530 60
2418 5328 14
2418 7411 73
2418 6415 22
1327 8591 52
1327 4632 89
1327 295 24
1327 2161 60
1327 278 87
8591 9583 86
8591 9789 60
8591 8043 58
8386 8435 44
8386 5753 33
8386 6363 84
8386 2812 42
8435 3486 89
8435 8503 13
8435 8991 18
5970 7204 72
5970 9734 41
5970 4541 22
5970 8293 94
3207 9249 1
3207 4713 86
3207 6425 77
3207 9613 98
3207 8838 48
9249 7930 5
9249 6139 20
9249 3636 54
9249 2822 45
96 5696 80
96 9824 22
96 5620 52
96 5419 89
96 1585 7
5696 7425 12
5696 7996 45
5696 7700 43
2830 7047 7
2830 8796 55
2830 2534 21
2830 2751 92
2830 8623 82
7047 5379 55
7047 1797 7
7047 8510 8
7047 3382 7
3227 3592 8
3227 4679 51
3227 9229 77
3227 6461 29
7699 9575 55
7699 7285 57
7699 9466 70
7699 8096 77
9575 2488 22
9575 1641 10
9575 6124 29
6154 7860 58
6154 183 66
6154 3511 24
7860 1876 69
7860 5785 95
3953 148 58
3953 4565 84
3953 4610 51
3953 3980 64
733 9141 40
733 40 23
733 3011 69
733 3558 83
9141 5076 36
9141 8 45
9141 4655 30
1523 5096 29
1523 5846 20
1523 9363 18
1523 7864 79
5096 1572 77
5096 2524 48
5096 9191 36
5096 3477 52
7095 2867 65
7095 2010 65
7095 3468 53
7095 3762 25
4265 2432 11
4265 8624 81
4265 5786 84
4265 1019 10
1160 8427 96
1160 5700 67
1160 4623 73
1160 6290 36
1160 983 21
8427 3488 84
8427 1946 6
8427 3386 63
4968 5819 87
4968 1276 2
4968 5323 10
4968 2368 32
2741 6601 29
2741 8026 47
2741 8539 12
2741 2977 94
2741 6832 3
6601 4614 63
6601 5877 51
6601 3442 99
2758 6016 65
2758 9332 51
2758 5185 81
2758 7702 69
2758 2083 73
6016 2427 96
6016 8694 78
6016 5842 95
6016 5671 13
5245 8399 91
5245 1764 99
5245 5999 90
5245 6028 53
8399 4287 34
8399 4819 40
5806 8466 13
5806 9257 80
5806 7050 36
8466 467 39
8466 6783 88
8466 7667 3
8466 6906 35
6692 7512 81
6692 1484 1
6692 8465 38
6692 3148 29
7512 5155 79
7512 2674 14
788 4475 39
788 7010 25
788 2737 13
788 7674 2
788 7784 83
4475 6231 45
4475 7752 10
970 9619 26
970 5563 84
970 5112 18
970 1096 10
970 603 9
9619 4341 8
9619 8492 85
9619 9829 43
2396 7736 32
2396 9444 77
2396 7880 89
2396 1553 6
1658 3577 58
1658 9132 90
1658 5847 3
1658 2298 58
1658 8256 19
3577 4371 37
3577 1296 27
1420 9828 61
1420 3014 81
1420 2759 25
8655 9925 51
8655 1711 41
8655 351 86
9925 9048 62
9925 8396 10
9925 8428 18
9925 1479 55
5697 7368 77
5697 2014 19
5697 3812 47
5697 2407 67
5697 824 93
7368 4493 19
7368 9191 6
7368 5842 5
7368 2941 33
4148 4945 1
4148 1306 26
4148 9882 38
4148 757 63
4148 4546 61
4945 9455 39
4945 8699 76
4945 8212 69
4945 1205 8
10 2114 9
10 5473 26
10 7082 40
10 7672 21
2114 4125 49
2114 2369 38
2114 2406 45
2114 8950 62
3619 5355 94
3619 5839 35
3619 9584 5
3619 4583 62
3619 7861 52
5355 8080 71
5355 8605 5
5355 6914 40
5355 9261 77
9623 3601 54
9623 4830 51
1485 1555 84
1485 7500 59
1485 9261 81
1485 4890 56
1485 3146 92
1555 5106 47
1555 8676 86
1555 5896 38
1463 5338 42
1463 5772 86
1463 5939 66
1463 3471 93
4094 9970 87
4094 8482 37
4094 3764 88
4094 1338 15
4094 9083 26
9970 7569 68
9970 6499 82
9970 7866 49
4965 5996 81
4965 4797 56
4965 4476 19
4965 3713 26
6722 8801 85
6722 2324 58
6722 8734 2
6722 4893 29
8801 2352 91
8801 8456 30
8801 6891 16
8801 92 99
4967 8030 48
4967 3368 9
4967 4509 52
4967 7078 99
8030 1949 48
8030 5449 49
8030 6751 64
3579 5543 32
3579 2423 95
3579 657 27
2733 5504 100
2733 3650 56
2733 1041 34
2733 4428 31
2733 8373 94
5504 3474 29
5504 4325 87
5504 5673 6
5504 3061 6
3716 2027 99
3716 9396 17
3716 5400 47
3716 8255 87
2483 4575 55
2483 3343 86
2483 5860 29
2483 1926 35
4575 4650 35
4575 6667 88
4575 5022 33
4575 3748 62
6304 9111 57
6304 4868 59
1787 811 72
1787 1941 3
1787 8108 84
1787 2542 80
1503 6806 83
1503 8360 95
1503 9557 31
1503 1289 83
6806 6074 98
6806 7373 13
6806 496 9
6625 9807 63
6625 1957 92
6625 5759 62
6625 5633 66
6625 3818 92
9807 6925 99
9807 4273 74
9807 9610 48
460 2269 35
460 9277 28
460 718 97
2269 2268 33
2269 9365 68
2269 3316 9
4997 8015 57
4997 4118 86
4997 3932 9
4997 275 34
4491 8451 90
4491 8411 95
4491 425 54
4491 6713 68
4491 8307 25
8451 2908 3
8451 9601 64
8451 9573 19
8451 2122 36
5105 9096 94
5105 2178 97
1415 8338 46
1415 727 46
1415 3980 32
1415 3297 93
7012 7220 70
7012 540 82
7012 1662 29
7220 2502 19
7220 50 66
7220 3163 72
7220 2442 39
4212 6003 67
4212 3019 55
4212 4862 39
4212 1360 16
4212 8336 15
6003 2175 40
6003 2816 3
4402 5346 6
4402 9058 50
4402 2003 35
4402 2550 19
5346 487 90
5346 3870 46
4323 6779 85
4323 6674 29
2671 6283 47
2671 4417 72
2671 5967 3
5247 2229 37
5247 6896 80
5247 9682 20
5247 6068 100
9772 1344 78
9772 582 51
9772 7567 14
9772 3971 55
939 1498 51
939 7724 45
939 9131 82
5702 7249 44
5702 5331 13
5702 8543 19
5702 882 80
6226 7415 47
6226 1419 57
6226 5688 75
6226 9768 69
7415 9284 80
818 7238 100
818 343 88
818 1457 100
818 5711 17
7238 5547 30
7238 1303 81
7238 2618 29
4445 5423 7
4445 4061 97
4445 6542 34
4445 6599 82
4445 3205 67
5423 540 63
5423 8538 80
5423 6745 88
2447 8608 66
2447 3168 55
2447 4421 30
2447 521 1
3794 4150 96
3794 2514 83
3794 8148 53
3794 3964 33
3794 6356 33
4150 5864 49
4150 6702 80
1177 4138 38
1177 1915 11
1177 2415 59
1177 4522 49
1177 527 62
4138 3331 55
4138 7564 71
4138 9717 44
1665 345 50
1665 926 66
1665 7096 1
1061 727 29
1061 4725 72
1061 3611 18
1061 2986 34
532 2121 36
532 1843 9
532 7719 96
532 5926 70
2121 686 35
2121 4439 57
2121 7119 28
2121 2542 17
1453 5884 15
1453 3311 85
1453 2795 69
1453 5573 32
1453 7785 94
5884 4875 73
5884 9908 23
5884 7534 59
5884 5933 43
3203 3867 31
3203 8922 69
3203 5167 83
3867 9519 16
3867 2860 72
3867 6289 2
3294 8131 37
3294 363 49
3294 5391 24
3294 6119 76
1881 2389 75
1881 2930 43
1881 7771 33
1881 9780 23
2389 2996 73
2389 7729 38
2389 8120 69
2389 9360 77
1136 1362 73
1136 822 42
1136 9275 85
2373 9267 55
2373 4388 15
2373 7126 24
2373 5046 43
9267 1605 9
9267 3349 59
9267 5750 25
9267 2768 8
2461 1700 16
2461 2979 36
2461 204 71
2461 6395 43
1258 3164 89
1258 7130 85
1258 2369 5
1258 877 81
1258 9107 59
3164 3062 72
3164 3090 78
3164 7435 85
3164 2299 69
7744 9562 57
7744 1383 34
7744 1644 58
7744 1481 12
9562 8937 37
9562 7590 74
9562 8078 83
9562 8274 78
2219 8800 23
2219 8650 10
2219 1862 47
2219 3481 86
2219 6181 49
8800 3372 61
8800 5160 87
9313 1590 12
9313 8000 99
9313 4330 82
9313 2959 18
3887 9692 9
7163 959 47
7163 3620 30
7163 8263 37
7163 9292 19
3085 9815 10
3085 5535 33
3085 7239 39
1492 2055 63
1492 1418 85
1492 5175 48
1492 1910 98
2055 773 55
2055 916 64
2055 9234 12
3989 5525 89
3989 5406 37
3989 8114 19
4365 7133 16
4365 8711 21
4365 4078 56
4365 6260 93
4365 592 12
7133 8900 7
7133 2861 58
7133 2147 70
7133 9326 66
3346 5464 42
3346 2214 19
3346 9200 7
3346 4382 93
5464 609 76
5464 111 84
5464 5267 89
5893 5590 99
5893 8424 55
5893 198 53
6664 7775 11
6664 993 36
6664 6292 2
6664 1007 13
6664 6657 49
7775 5751 75
7775 3881 54
7775 2688 44
7775 4670 74
255 6115 12
255 6438 77
255 4162 17
3176 8436 13
3176 3054 66
3176 7203 86
3176 7354 83
8436 5732 71
8436 6355 77
574 4760 23
574 429 77
574 9034 56
574 3236 13
4760 5203 86
4760 5270 49
4760 8206 11
7996 8628 61
7996 9454 11
7996 6330 50
7996 6150 94
8628 4090 27
8628 1549 54
8628 4545 16
8628 499 26
4513 3712 33
4513 8975 61
4513 8850 1
3357 3529 71
3357 8679 8
3357 8358 43
3357 5391 74
3529 4505 11
3529 8804 32
1204 8539 51
1204 5193 47
1204 1133 72
1204 1888 63
1204 9285 7
8539 7707 29
8539 3678 33
2185 5028 71
2185 6675 79
2185 4875 17
2185 2449 58
2185 7203 96
5028 1036 36
5028 7345 91
5028 9651 23
5028 9192 64
3217 9376 55
3217 7787 96
3217 7150 54
3217 5264 41
9376 2449 82
9376 5749 10
9376 6241 100
9376 8139 21
8516 9795 64
8516 1473 81
8516 6052 46
8516 5797 62
8516 3634 87
9795 2449 75
9795 8017 4
9795 5750 28
9795 4049 69
9295 9533 79
9295 7691 70
9295 4761 79
9295 2002 72
9295 8757 97
9533 7574 28
9533 5056 38
6964 3337 64
6964 623 6
6964 6086 40
6964 466 59
2175 3137 91
2175 7640 38
2175 6575 31
2175 4246 81
5454 6107 47
5454 5532 40
5454 7545 67
5454 8501 95
6107 110 11
6107 3509 64
6107 5333 8
6107 4078 82
3603 8257 6
3603 9661 2
3603 5477 43
3603 8964 32
8257 2161 73
8257 6685 4
8257 7688 21
8257 2767 4
3935 6744 85
3935 7921 2
3935 238 17
3935 2029 72
6744 1250 80
6744 9961 62
130 3178 96
130 108 4
130 895 48
130 6011 85
4746 9403 25
4746 3287 13
4746 3968 96
4746 8292 70
4746 1888 98
9403 6053 26
9403 3249 93
9403 6391 37
9403 1818 58
2692 9504 90
2692 7102 21
2692 9172 30
2692 6514 85
2692 7320 22
9504 5030 66
9504 9520 9
9504 1681 100
9504 9692 100
1907 7477 89
1907 881 42
1907 5849 99
1907 3272 99
7477 218 33
7477 1617 1
7477 496 24
7477 2188 99
8389 5563 76
8389 5926 42
8389 114 10
8389 6503 58
4260 4972 36
4260 2000 36
4260 5762 75
4260 6781 40
4972 1173 30
4972 783 49
4972 5869 20
4972 3511 42
417 9606 66
417 7379 88
417 7726 52
417 333 19
9606 895 88
9606 8259 24
9606 1566 60
4144 8961 84
4144 886 61
4144 785 32
4144 767 31
4144 820 48
8961 3170 86
8961 8254 70
8961 469 22
8961 4440 64
4820 2340 15
4820 8899 45
5909 7976 74
5909 6431 56
5909 7778 50
5909 29 22
7976 8907 44
7976 7416 69
7976 8364 84
7976 7182 73
8901 5666 7
8901 6734 34
4407 1376 91
4407 1330 75
1700 3739 49
1700 9160 2
8250 9810 8
8250 125 13
8250 1016 17
8250 7610 90
9810 5892 16
9810 1687 47
9810 6764 84
9810 7499 86
2514 2301 7
2514 7005 28
2514 6956 6
811 3494 68
811 5701 2
811 4136 27
3494 7859 6
3494 9169 25
3494 2593 22
3494 2003 85
9869 1350 56
9869 450 50
9869 5025 10
742 1445 29
742 5467 43
742 7205 29
1445 8239 19
1445 3667 85
1445 4932 71
573 8806 47
573 6941 94
573 455 28
573 9513 9
8806 9986 1
8806 4799 87
8806 909 74
9670 5775 81
9670 6714 46
3074 6923 83
3074 7277 100
3074 6108 85
6923 1646 82
6923 5949 56
6923 3609 49
6575 8867 41
6575 4886 50
6575 7442 55
1440 6864 9
1440 6336 51
1440 9036 18
1433 2467 37
1433 3285 28
1433 2986 46
1433 1762 39
2467 3527 4
2467 6908 6
1163 9242 20
1163 1065 26
1163 5516 86
3001 6071 23
3001 1509 14
3001 8354 7
6071 3981 41
6071 5671 48
6071 8803 99
9740 9909 26
9740 9247 29
9740 109 51
9740 2031 63
9740 8288 92
9909 1157 41
9909 3150 10
231 8187 50
231 9049 10
231 5350 85
6693 8973 62
6693 9182 19
6693 633 48
6693 5311 93
6693 7464 99
8973 1628 88
8973 2206 11
8973 1584 72
8973 9770 21
4041 9425 10
4041 1759 90
4041 9426 95
298 6076 93
298 5223 13
298 5928 37
298 9588 16
298 8332 80
6076 7628 40
6076 5959 68
6076 8770 92
4846 5580 78
4846 256 99
4846 3587 49
4846 3420 22
4846 5802 41
5580 8027 7
5580 1816 98
5580 3167 47
2925 259 4
2925 8050 46
2925 1287 22
2925 5978 67
2887 6960 41
2887 1764 91
2887 7519 73
2646 9239 25
2646 2946 22
2646 3122 20
2646 72 9
9239 9607 11
9239 3038 63
9239 2662 42
9239 6924 33
7432 1581 59
7432 8554 91
7432 4223 54
8055 9826 95
8055 1470 35
8055 9679 57
8055 1074 21
9826 5266 21
9826 9598 10
9826 3756 88
3545 7581 97
3545 2456 88
3545 1710 100
7581 5915 26
7581 6328 26
7581 2106 42
5549 6612 3
5549 8321 82
5549 2645 59
5549 954 41
5549 9104 92
6612 4959 7
6612 6858 66
6612 7489 14
6612 2522 67
4072 9727 1
4072 8285 1
4072 7590 18
4072 8749 88
4072 7071 60
9727 2868 59
9727 6219 13
9727 5242 69
1051 4748 51
1051 1821 7
1051 892 8
1051 6246 55
2620 3082 23
2620 9905 82
2620 1768 77
2620 224 66
7198 9616 60
7198 6339 16
7198 8959 65
7198 7042 59
7198 1553 1
9616 8512 36
9616 6955 57
9616 315 42
2074 9952 100
2074 5065 4
2074 3724 98
2074 3981 79
2074 4759 56
9952 9965 65
9952 653 83
1976 6411 14
1976 9420 92
1976 5181 20
1976 5421 21
1976 4129 36
6411 210 77
6411 4789 97
6411 164 1
8667 3560 17
8667 5633 84
8667 5183 92
503 600 57
503 1149 31
503 5562 54
503 3950 16
600 1466 21
600 1000 69
600 1289 91
6997 8579 7
6997 4493 23
6997 7045 47
6997 2173 36
6997 4858 43
8579 1055 15
8579 3129 89
8579 5832 24
8579 2382 25
505 7062 28
505 3046 95
505 2799 39
505 1401 66
7062 1472 81
7062 6549 15
7062 7288 91
7062 3503 15
3602 8465 10
3602 6481 70
3602 2291 19
3602 6338 100
8465 1734 5
8465 8693 60
8465 2808 29
30 3012 62
30 2090 62
30 4489 34
30 4180 41
30 5728 91
3012 793 31
3012 1070 2
3012 6296 4
561 2648 62
561 8503 24
561 2967 42
2648 437 64
2648 672 12
2648 843 83
2981 3809 11
2981 6029 77
2981 9384 14
2981 5981 59
2981 7479 4
3809 3360 82
3809 9964 73
3809 6261 98
3809 7400 52
2711 3948 96
2711 201 96
2711 7844 71
2711 7223 73
2711 4105 32
3948 6394 99
3948 4593 48
3948 4610 32
3948 6969 32
4878 6161 46
4878 5686 16
4878 3591 42
4878 166 71
6161 5688 81
6161 5777 47
6161 9941 97
2984 5046 66
2984 6116 16
2984 8720 90
2984 112 56
5046 4113 62
5046 5058 64
8589 8955 76
8589 152 86
8589 1018 36
8589 6702 47
8589 3704 56
8955 1388 4
8955 7864 45
8955 7554 73
8955 6654 59
8952 9761 6
8952 6119 93
8952 4025 84
8952 9491 61
8952 2216 81
9761 3713 47
9761 1372 78
4626 9323 70
4626 6231 38
4626 3381 59
4626 7261 34
9323 4469 28
9323 5855 5
9323 292 99
4045 8124 47
4045 6600 22
4045 2599 68
4045 2087 89
5173 6459 40
5173 1041 94
5173 9381 69
5173 8633 38
5173 89 77
6459 3491 42
6459 917 12
6459 8735 19
6459 9967 17
533 1889 24
533 1377 87
533 2012 93
533 5922 69
1889 5455 12
1889 7525 78
1889 8738 94
1889 1091 78
4111 7537 17
4111 8658 8
4111 1221 39
7537 557 84
7537 3423 33
7537 1599 27
7537 1169 86
8942 9608 94
8942 2753 47
8942 174 43
8942 3517 19
8942 5290 56
9608 9770 6
9608 9163 25
9608 2849 58
3192 7038 43
3192 6990 80
3192 4511 81
3192 5692 1
3192 5383 11
7038 2518 95
7038 3229 67
7038 3802 55
7536 9745 23
7536 9802 66
7536 4601 5
7536 9147 6
9745 8308 1
9745 2841 66
9745 8183 53
6729 7959 77
6729 3027 81
6729 6207 44
6729 530 56
6729 1344 82
7959 613 12
7959 9416 8
1474 7058 94
1474 2395 63
1474 5097 100
1474 8720 10
7058 7896 34
7058 1184 83
7058 9995 54
7058 7854 85
5297 6121 99
5297 7578 27
5297 5072 24
5297 6562 80
5297 8991 17
6121 1389 73
6121 311 56
6121 9037 64
6121 4637 27
4299 7773 61
4299 1987 77
4299 7758 10
4299 7020 70
7773 1966 30
7773 3605 26
7773 5239 78
8046 7240 28
8046 8510 1
8046 779 84
8046 842 65
1508 6642 96
1508 6760 64
1508 2305 30
1508 3022 14
1508 4499 7
6642 5542 27
6642 9708 26
6642 4261 49
6642 5500 3
455 5389 81
455 5992 75
455 8859 44
455 867 93
5389 2227 31
5389 2288 15
5389 8612 3
7739 8761 65
7739 5689 62
7739 6424 60
7739 703 15
8761 2352 61
8761 2768 24
8761 7863 83
8761 4479 6
5199 843 16
5199 5713 36
5199 9364 73
5199 125 83
1928 8167 1
1928 522 96
1928 8588 83
1928 6365 54
8167 3191 84
8167 2737 6
8167 8270 44
3927 9059 58
3927 3021 33
3927 1292 28
3927 7011 5
2561 1781 79
2561 2213 67
2561 51 48
1427 3455 71
1427 4964 71
1427 8352 12
1427 8161 82
3455 758 6
3455 5966 79
3455 2158 16
2271 8506 25
2271 4931 74
2271 8920 21
8506 9375 48
8506 1273 85
1361 5841 55
1361 3228 19
1361 6498 39
1361 2470 40
1361 3153 9
5841 2273 60
5841 6850 86
5841 99 23
3271 5237 39
3271 2002 62
3271 8158 35
3271 1556 68
5237 6578 77
5237 3272 65
5237 2865 61
5237 3730 2
4151 5781 87
4151 2920 61
4151 7835 73
4151 7945 97
4151 2789 30
5781 1652 18
5781 8324 72
5781 2239 24
5781 155 80
5582 7394 12
5582 7927 34
5582 4198 89
5582 4318 72
5582 8670 95
7394 3920 67
7394 3050 9
2330 9086 74
2330 6628 51
2330 3420 9
2330 5132 20
2330 1328 26
9086 9501 16
9086 7998 23
9086 4938 85
9086 2030 36
1534 6900 7
1534 4973 70
1534 2136 43
1534 8798 2
6900 3906 64
6900 605 28
6900 2533 58
3685 5227 18
3685 1989 39
3685 2314 36
5227 3517 37
5227 8333 82
2229 6684 17
2229 494 8
2229 5860 74
679 3942 65
679 8305 83
679 8606 91
679 3242 5
679 6255 23
3942 7646 74
3942 1562 45
3942 8096 51
553 708 24
553 4234 39
553 1775 93
553 9042 26
3878 8251 21
3878 7926 57
3878 7599 54
8251 3535 37
8251 8354 31
8251 3880 89
6578 8783 30
6578 9536 16
6578 4158 11
6578 1008 98
6142 1929 84
6142 4345 11
6142 5067 44
6255 6332 75
6255 3901 9
6255 9883 38
6255 6474 55
6332 988 98
6332 7476 7
6332 3826 59
6332 1779 65
2237 3795 6
2237 3881 9
2237 5483 49
2237 5974 1
3795 8684 83
3795 8828 59
3795 192 7
1729 7526 98
1729 2834 13
1729 2843 34
1729 6057 49
1729 2935 15
7526 7248 12
7526 6511 71
1557 4036 47
1557 7542 70
1557 4363 94
1557 9942 76
1557 8227 94
4036 9421 99
4036 7805 83
4036 3036 37
4036 7724 77
633 2438 26
633 7111 92
633 5233 97
3700 4165 84
3700 1906 30
3700 8980 35
3700 6155 96
4165 5699 61
4165 293 17
4165 5961 53
4165 6014 62
3123 9257 54
3123 3431 87
3123 7855 11
3123 6007 47
3123 8837 67
9257 8732 42
4725 4139 48
4725 2294 81
4725 2189 99
5287 6291 81
5287 8118 71
5287 6598 97
6291 5976 44
6291 8479 61
4817 5618 38
4817 478 81
4817 8279 1
4817 25 87
4817 1643 41
5618 9214 92
5618 7056 97
5618 3359 72
5618 9164 78
1720 8932 84
1720 3562 97
1720 5767 72
1720 1111 15
1292 8841 50
1292 9180 4
1292 9929 57
8841 4195 22
8841 9823 76
4463 3564 17
4463 1931 40
4463 4206 55
4463 2695 91
8189 9855 95
8189 7554 68
8189 6542 6
8189 1988 34
9855 4868 82
9855 6522 22
9855 181 29
9929 4097 63
9929 1958 16
9929 878 70
7333 6067 41
7333 5091 74
201 7269 74
201 1049 71
201 6925 10
201 6984 33
7269 7905 91
7269 4257 62
7269 9209 23
7269 3425 9
1791 7249 66
1791 2631 37
1791 4019 11
1791 3031 13
1791 2394 72
7249 1618 93
7249 4017 25
7249 5440 31
3193 3960 85
3193 9860 16
3193 3100 42
3193 8369 82
3193 9830 71
3960 7885 14
3960 4844 70
3960 1400 90
3960 8240 99
6620 6995 34
6620 1117 91
6620 358 23
6620 2247 43
6620 548 54
6995 5952 97
6995 684 21
6995 1982 78
6995 4122 37
1867 7244 41
1867 1878 84
1867 5803 41
1867 9130 57
7244 477 50
7244 5184 27
7244 4750 90
7244 8387 14
2247 7465 57
2247 6966 60
2247 9936 11
2247 5411 85
7465 376 93
7465 6293 68
7465 6307 91
5421 8334 36
5421 1003 1
5421 880 19
5421 4767 26
8334 612 8
8334 4953 28
8334 1777 70
8334 177 66
268 9541 31
268 4224 70
268 7149 70
3461 8097 31
3461 7273 22
3461 587 4
3461 2803 15
3461 9654 69
8097 6410 82
8097 8782 10
8097 9262 18
8097 796 50
875 982 59
875 4537 18
875 3701 70
875 2323 9
982 4854 7
982 1053 39
2326 8697 72
2326 3444 18
2326 1744 56
2326 1915 30
8697 597 43
8697 1982 24
8697 1477 65
8697 4668 34
1975 3744 21
1975 9307 96
1975 3538 36
1975 7503 69
3744 1457 18
3744 718 91
3744 6449 87
7791 8874 46
7791 4661 85
7791 9584 64
3983 4237 14
3983 237 6
3983 5272 38
4237 3810 27
4237 7650 82
4237 6110 32
2747 6475 52
2747 7618 31
2747 9513 31
2747 664 28
2747 9971 49
6475 8302 39
6475 9275 77
6475 641 37
2506 4468 98
2506 1029 82
265 7819 39
265 9117 35
265 2242 13
265 6382 40
7819 6583 47
7819 7875 80
4568 6553 88
4568 83 43
4568 2707 17
4568 9506 42
6553 6009 10
6553 2056 7
6553 8578 58
5946 8340 32
5946 5511 7
5946 9720 80
5946 6781 67
8340 5517 75
8340 7822 46
4099 2387 32
4099 5337 9
4099 7309 97
4099 1299 87
4595 2490 26
4595 3789 22
4595 100 97
2979 8703 31
2979 5276 80
2979 5669 9
8703 6287 27
8703 9219 96
8703 6198 76
8703 7413 83
2194 6676 67
2194 6290 58
2194 7254 80
2194 5755 24
2194 5280 9
6676 1205 99
6676 507 41
6676 7971 9
6676 8878 88
4083 5757 51
4083 6774 39
4083 410 36
4083 8203 99
5757 1450 95
5757 8049 51
5757 2505 95
5757 2875 14
2452 2770 77
2452 4815 80
2452 9398 14
2452 9628 46
2770 9302 40
2770 4220 2
655 4454 23
655 8103 2
655 5155 21
4735 8445 50
4735 120 91
4735 4574 20
4735 8560 17
5304 9223 2
5304 9440 63
5304 9998 56
5304 5457 41
9223 506 74
9223 6786 44
9223 5537 54
9223 7094 5
3095 9036 55
3095 6285 81
3095 5045 71
3095 9652 63
3095 1167 63
9036 2869 86
9036 6499 85
5400 7241 79
5400 9679 85
5400 5837 34
7241 7460 21
7241 9698 51
7241 9304 6
7241 3820 56
3961 4064 90
3961 2734 74
3961 1222 10
3961 5915 40
6673 2349 32
6673 3874 21
6673 4607 53
6673 2345 38
682 6013 35
682 3977 30
682 3798 47
682 7155 56
6013 4740 22
6013 5901 46
6013 699 48
4833 8325 8
4833 8744 12
4833 6598 33
4833 384 20
4833 1752 36
8325 3523 19
8325 1576 90
8325 5795 43
192 9569 76
192 7797 48
192 4362 59
192 4774 89
9569 5620 63
9569 8148 42
9569 9124 39
4047 9833 71
4047 8044 22
4047 7398 30
4047 2574 69
4047 826 35
9833 3151 50
9833 4162 29
2366 9011 58
2366 310 51
2366 543 15
2366 4813 79
2366 5701 32
9011 3478 26
9011 4832 21
9011 1967 96
9011 1151 12
1997 7346 55
1997 4082 53
1997 525 45
1997 3543 64
385 2235 81
385 6359 56
385 66 25
385 6140 24
2235 4076 56
2235 1545 69
2235 9719 79
2235 4767 63
2950 5275 59
2950 6061 59
2950 9773 23
2950 6706 75
5275 3783 94
5275 6567 3
5275 2201 60
6562 9753 76
6562 9567 4
6562 4289 34
6562 8662 91
9753 6439 35
9753 242 88
9753 3950 96
1746 6270 18
1746 7832 18
1746 4564 10
1746 8659 65
1746 1563 83
6270 6864 95
6270 3765 39
2850 7488 5
2850 3390 70
2850 8621 77
2850 1825 27
2850 2216 19
7488 2355 58
7488 3663 67
7488 5532 91
7488 7884 60
4808 8618 28
4808 2888 90
4808 1213 70
4808 1716 44
4808 3470 23
8618 3613 82
8618 2889 16
8618 5469 4
8618 2471 13
3068 8449 99
3068 6173 12
3068 8357 71
660 3379 52
660 4006 8
660 9813 95
660 3378 22
3379 3114 59
3379 6687 19
3379 5277 23
150 3277 26
150 4707 31
150 2349 48
3277 2867 23
3277 4227 73
7787 9019 56
7787 98 57
7787 8112 58
9019 7460 35
9019 8356 91
347 7763 64
347 6027 34
347 3653 62
347 3654 70
347 7478 75
7763 7840 45
7763 8626 34
7763 6118 52
6098 9999 74
6098 4220 33
6098 836 12
6098 917 20
9999 1761 55
9999 8737 23
9999 4399 4
9999 6382 25
6135 9706 26
6135 763 76
6147 7417 74
6147 1399 36
6147 3884 44
6147 2071 40
7417 3371 63
7417 9125 23
7417 4262 24
4082 5666 22
4082 3315 29
4082 8497 94
4082 1810 73
5666 5910 70
5666 2054 14
8125 8858 51
8125 1068 72
8125 4105 21
8125 9186 6
7844 9903 37
7844 8940 23
7844 4485 25
7844 7 27
9903 2801 42
9903 8394 45
9903 551 21
9903 2665 5
7135 2244 23
7135 5922 41
7135 6789 68
7135 5649 48
5988 7887 43
5988 806 17
5988 2967 92
7777 8866 5
7777 9706 18
7777 7230 72
7777 2829 63
8866 4234 17
8866 8019 26
8866 444 10
8866 689 27
2806 560 8
2806 9464 40
2806 4723 65
2806 5138 25
968 5952 4
968 5432 14
968 5709 46
968 4889 51
5952 649 55
5952 5283 1
5952 8082 84
4815 7853 35
4815 1456 42
4815 107 37
4815 8824 53
7853 3118 50
7853 5881 42
7853 5616 98
4772 4773 45
4772 1413 77
4772 3329 87
4772 2936 36
4773 6490 52
4773 5014 42
4773 5548 18
697 1702 76
697 2926 47
697 7083 30
697 441 30
1702 7137 79
828 9609 95
828 1535 1
828 6565 32
7884 9812 57
7884 7000 96
7884 1196 79
2289 3229 91
2289 8974 44
2289 4075 45
2289 7934 54
1650 9140 96
1650 7388 76
1650 1819 46
1650 7707 93
9140 7039 65
9140 4251 84
9140 4917 73
4430 9468 80
4430 344 92
4430 9051 94
4430 3014 31
8434 8964 44
8434 3396 55
8434 9890 98
8434 4071 58
8964 6047 4
8964 2073 14
8964 3201 42
1008 8360 13
1008 5267 34
1008 1271 19
1008 1833 94
8360 8882 35
8360 5675 88
371 9237 14
371 6802 50
371 3434 33
371 1800 44
371 9940 45
9237 5815 25
9237 4301 56
9237 3480 20
2164 5604 60
2164 7137 63
2164 4834 35
2164 3598 74
5604 8373 97
5604 17 56
5604 1035 29
5604 7429 54
4908 6889 80
4908 8565 8
4908 4075 67
4908 3509 2
6889 7513 23
6889 4415 94
6889 6925 57
6889 5328 83
4550 7181 94
4550 1457 53
4550 4341 81
7181 9116 17
7181 4998 31
7181 4970 27
4302 7079 93
4302 5633 25
4302 8207 18
4302 4975 71
4302 2779 67
7079 6179 99
7079 3677 5
7079 5147 30
1487 5362 11
1487 4712 69
1487 7599 39
1487 7463 44
5362 6567 4
5362 5941 48
5362 8830 66
5362 7981 90
2996 4414 37
2996 1075 18
2996 8137 42
4414 494 16
4414 5581 33
3280 4173 23
3280 2020 70
3280 6273 1
3280 971 47
3280 4724 18
4173 4431 29
4173 1745 81
4173 1239 80
4173 7589 22
9291 9524 60
9291 8544 94
9291 2909 94
9291 1941 55
9524 2543 39
9524 6052 41
9524 9017 15
9524 5011 95
5121 7936 85
5121 1786 80
5121 4332 85
5121 487 80
5121 8899 57
7936 5638 65
7936 2700 42
7936 7771 9
1302 9746 84
1302 8442 93
1302 488 15
1302 6288 87
9746 7212 61
9746 1625 96
9746 7905 16
791 4346 79
791 4136 59
791 1050 5
791 7967 99
791 8025 13
4346 5542 100
4346 3361 52
4346 5499 35
4346 5699 16
7956 8558 62
7956 9050 30
7956 6838 57
7956 4883 80
7956 5499 10
8558 8586 66
8558 6173 5
8558 3541 91
2875 7278 21
2875 1740 29
2875 1090 76
7278 3030 45
7278 2672 97
7278 1625 5
4318 6242 47
4318 704 51
4318 6618 25
6242 2148 84
6242 2868 82
6242 16 27
6242 7153 68
674 4700 80
674 5233 11
674 5439 41
4700 2352 60
4700 3977 3
4304 7573 12
4304 7542 49
4304 9572 64
4155 7941 81
4155 1371 87
4155 1308 10
4155 9671 53
4155 5118 88
7941 1224 24
7941 6244 64
7941 5607 97
7941 8183 21
3224 4399 89
3224 9015 3
3224 6230 93
3224 124 18
4399 1927 31
4399 7861 85
9375 4593 25
9375 3502 16
9375 8560 3
4781 8139 40
4781 9522 99
4781 9437 14
4860 9450 59
4860 196 59
4860 5538 55
9450 7551 51
9450 3668 67
9450 1763 57
9450 165 17
2241 8803 8
2241 4953 8
2241 280 4
2241 1089 76
8803 3190 29
2738 9609 23
2738 4369 60
2738 7156 75
2738 9661 84
2738 2137 7
9609 4000 55
9609 5477 61
2908 7576 74
2908 6162 69
2908 8363 95
7576 8032 23
7576 79 65
7576 5452 88
3004 7284 21
3004 5983 4
3004 3015 39
3004 1802 69
3004 5869 83
7284 1717 61
7284 8243 93
7284 5694 8
330 6738 96
330 7588 79
330 4352 72
330 9333 95
6738 7400 27
6738 1030 73
6738 5072 46
3729 7161 69
3729 594 88
3729 4755 90
3729 817 50
4410 7120 7
4410 6605 86
4410 6944 59
7120 2163 8
7120 5207 28
7120 2517 31
6872 7029 32
6872 5966 80
6872 2657 31
6872 7092 35
6872 530 18
7029 7948 78
7029 5680 62
8181 9965 86
8181 5089 4
8181 2123 62
8181 1911 51
8181 8366 13
9965 6070 34
9965 9913 1
9965 7712 14
4989 9456 47
4989 8798 51
4989 6741 23
4989 7449 89
4989 6095 28
9456 6954 12
9456 438 86
9456 9551 59
9456 9885 21
9950 7474 81
9950 1138 65
9950 6998 51
5174 8455 96
5174 4464 74
5174 3742 32
5174 4895 42
8455 2693 75
8455 7569 36
2607 8752 94
2607 8009 30
2607 2066 94
2607 1592 6
8752 3365 10
8752 2316 69
8752 3121 92
5949 8445 64
5949 4615 81
4016 6442 91
4016 1594 14
4016 8110 19
4016 1770 80
4016 2572 72
6442 7207 25
6442 5113 43
6442 1852 25
6442 1898 10
643 9305 96
643 3804 73
643 4243 57
643 9416 62
643 4236 38
9305 1079 39
9305 8708 40
9305 683 17
71 9079 26
71 4253 70
71 8303 51
71 6120 9
71 7316 72
9079 7601 19
9079 348 45
9079 7085 55
9080 6284 5
9080 7396 41
9080 7056 56
4281 8588 23
4281 8922 84
4281 7911 6
4281 8721 62
8588 1575 42
8588 443 82
8588 2866 47
7837 4638 98
7837 7301 52
7837 9144 29
7837 7342 90
2476 6832 10
2476 5877 85
2476 2962 53
2476 501 62
671 1904 97
671 1006 10
671 2429 18
671 2524 52
671 4753 66
1904 7746 81
1904 1625 47
1904 9789 5
609 1026 36
609 8207 31
609 547 69
1026 1676 60
1026 3880 57
1026 2126 12
3456 8855 70
3456 7067 4
3456 1098 19
3456 4930 88
3456 8313 64
8855 7629 43
8855 8690 95
8855 7301 52
1969 7310 44
1969 3543 24
1969 6873 99
1969 7028 11
1969 5499 37
7310 5522 48
7310 4638 6
7310 3645 5
23 6005 77
23 9502 89
23 9873 70
23 1530 81
6005 9742 42
6005 32 53
6005 7578 91
9420 342 16
9420 8108 81
9420 1872 78
4495 8897 7
4495 7202 35
4495 3475 33
4495 2673 48
4495 1628 24
8897 6386 96
8897 2704 99
8897 108 8
8897 4532 80
942 4999 43
942 6898 72
942 4012 95
942 2603 31
942 567 97
4999 9057 77
4999 1767 63
6341 7391 98
6341 4509 14
6341 7709 62
4219 6747 41
4219 6125 42
4219 2833 36
4219 7866 79
4219 4642 18
6747 7262 25
6747 286 17
6747 9611 83
6747 1059 8
1247 7679 2
1247 1385 49
1247 3971 92
1247 3088 39
406 8657 95
406 4519 44
406 3752 77
406 6119 94
1465 5683 92
1465 5554 40
1465 9813 23
1465 2954 70
1465 7398 50
5683 2726 23
5683 8289 30
5683 1134 89
5683 5956 18
5800 8773 61
5800 9103 81
5800 7156 3
5800 3082 93
5959 4939 84
5959 6056 58
5959 2432 49
2044 2087 20
2044 4108 6
2044 8284 36
2044 8183 87
4015 9845 71
4015 7622 39
1432 4984 23
1432 8267 93
1432 345 51
4984 302 76
4984 3911 42
4984 8057 37
4984 7643 21
1775 5403 12
1775 6759 27
2864 3035 69
2864 5682 37
2864 170 7
3035 6179 81
3035 6721 37
3035 5945 22
3035 594 67
6910 7805 78
6910 5170 91
6910 3909 94
6910 4936 82
6910 9565 3
7805 1261 32
7805 7648 90
7805 3378 81
898 7679 44
898 538 75
898 6816 88
898 9439 87
7679 4598 95
7679 8524 55
7679 5322 33
3343 2283 97
3343 4659 96
4736 6084 5
4736 8 70
4736 3236 69
4736 3962 38
6084 9618 29
9631 9860 1
9631 1441 89
9631 6 58
9631 847 65
9631 4549 32
9860 5686 41
9860 5344 78
1894 3212 55
1894 1916 48
2377 6330 40
2377 8469 54
2377 5713 41
2377 9545 27
2377 4369 77
6330 4555 70
6330 4202 43
6330 3831 98
2617 7480 100
2617 89 31
2617 4726 27
2617 5243 41
7480 3327 73
7480 7977 77
985 7274 3
985 7185 9
985 4499 45
985 6309 35
985 4838 62
7274 198 31
7274 6689 38
7274 3769 75
7274 7626 13
5801 6593 82
5801 7717 55
5801 3210 36
5801 2388 12
5801 3279 17
6593 5767 24
6593 9528 22
6593 1859 14
4376 6680 98
4376 8321 87
4376 9749 87
4376 5232 37
6680 7169 99
6680 2578 65
6680 5536 6
6680 6891 5
981 9784 51
981 2031 12
981 7529 76
981 3000 48
981 3212 41
9784 8811 41
9784 3503 30
9784 4023 26
9784 7792 93
703 8221 17
703 9004 34
8182 8137 46
8182 7918 6
8182 366 38
8182 6428 13
2535 9518 4
2535 8164 16
2535 8937 57
2535 1941 66
9518 927 18
9518 7733 43
9518 6635 40
6274 7944 93
6274 1781 52
6274 1470 23
6274 9809 10
6274 2731 38
7944 9969 54
7944 6890 79
3120 6007 27
3120 1031 44
3120 7559 26
3120 6185 66
6007 2588 70
6007 3694 18
6007 5210 83
2088 2413 6
2088 3219 32
2088 9566 78
2088 2228 10
2088 257 92
2413 6678 6
2413 1507 22
2413 7663 79
6870 4911 61
6870 4345 5
3288 3339 39
3288 5036 43
3288 4821 4
3288 1428 6
3288 1861 54
3339 4684 68
3339 7266 17
3339 4926 7
3339 8920 63
1345 7967 99
1345 7538 5
1345 2359 86
1345 8145 14
1345 3530 18
7967 9394 35
7967 5796 86
7967 9303 55
3062 7722 95
3062 8153 84
3062 9845 26
3062 6487 2
7722 8256 81
7722 1941 76
7722 3835 3
7722 4297 76
3635 5140 72
3635 6231 53
3635 885 11
5140 6174 25
5140 860 9
5140 5742 50
8795 6058 41
8795 2798 68
8795 6841 73
3397 8145 52
3397 5984 73
3397 8554 13
3397 9880 24
2603 7558 91
2603 3297 94
2603 4653 73
7558 8868 9
7558 1786 26
7558 1822 59
1481 6700 66
1481 9232 78
1481 2036 88
6700 146 17
6700 1526 90
6700 5790 29
395 6253 98
395 2793 78
395 5070 20
6253 4135 45
6253 9849 6
6253 4054 11
173 3986 65
173 7141 69
173 32 29
952 3825 65
952 7953 91
952 3587 96
6667 8935 48
6667 9664 38
6667 6969 84
6667 102 98
8935 8248 41
8935 4969 66
8935 3573 21
2737 1401 54
2997 7081 17
2997 2054 71
2997 4929 38
7081 1838 34
7081 1938 10
7081 146 82
4836 4154 91
4836 7066 32
4836 5928 51
4836 4900 67
1049 9113 68
1049 6394 70
1049 7745 75
9113 9065 69
9113 5436 58
4440 8519 100
4440 6658 78
4440 6784 13
4440 2 27
8519 9322 33
8519 7041 51
8519 2208 94
8519 4992 9
3920 6026 44
3920 2471 95
2317 5228 89
2317 7737 57
2317 9327 91
5228 6953 17
5228 142 95
5228 4028 3
7298 847 10
2922 1395 29
2502 4227 93
2502 2982 25
2502 5751 40
4227 3453 98
4227 6986 15
4227 2109 31
307 7639 80
307 3411 43
307 4123 64
7646 3847 23
7646 6864 41
7646 9509 57
3169 5444 69
3169 1383 27
3169 6407 7
5444 2590 93
5444 8541 3
5444 1230 19
5444 1452 55
8550 5903 37
8550 6235 36
8550 5542 23
8550 4063 38
4023 661 85
4023 5844 26
1070 1830 12
1070 8369 13
1070 7191 46
1830 3665 59
1830 7293 92
7422 7474 26
7422 5620 34
7422 8263 7
7422 3606 64
7474 7563 49
7474 9678 82
1119 5835 100
1119 4042 85
1119 7719 47
2790 4534 44
2790 7169 77
2515 8976 51
2515 7972 26
2515 7389 23
2515 7657 54
8976 8370 90
8976 7030 16
8976 6937 41
8976 9035 20
4628 7011 28
4628 3261 98
4628 9757 74
7011 9811 2
7011 6023 68
1685 9458 65
1685 8988 81
1685 3971 76
9458 4035 12
9458 5745 59
9458 5374 15
6012 8210 27
6012 1271 54
6012 7130 69
6012 8610 78
7741 3966 76
7741 3468 57
7741 8687 79
7741 1009 14
1965 6065 16
1965 9096 100
6065 3608 17
6065 6837 9
4157 4393 100
4157 2915 83
4157 4720 86
4157 2101 41
4157 2531 64
4393 1901 1
4393 6710 18
4393 5296 90
4393 5634 39
8124 9725 62
8124 7629 12
8124 9805 95
5478 6400 87
5478 8685 68
5478 8525 83
6400 3528 95
6400 6710 82
6400 5350 99
6400 3109 53
4342 9808 48
4342 5047 38
4342 9464 13
4342 4610 100
9808 8385 19
9808 6318 26
9808 2890 83
9808 6883 9
2527 1608 57
2527 3414 37
2527 6675 50
7695 9861 10
7695 2926 50
7695 9908 83
9861 5032 94
9861 6974 83
9861 7335 71
9861 5631 13
9703 5605 45
9703 1699 13
9703 6606 19
1817 9735 45
1817 9296 40
1817 3527 28
1817 1739 45
1817 3033 49
9735 3410 63
9735 6598 92
9735 1044 28
2750 5070 61
2750 7083 14
2750 2786 81
2750 8381 25
1416 6947 84
1416 344 86
1416 3626 90
1416 9014 7
6947 2113 62
6947 3376 95
6947 5037 17
6947 6599 62
2643 2903 78
2643 45 13
2643 9744 50
2643 1950 8
2903 6524 80
3195 5860 70
3195 8858 63
5860 7495 58
5860 4880 22
3499 6271 48
3499 7952 91
3499 5835 83
3499 6311 69
6271 7065 93
6271 9417 43
6271 9987 60
6271 6186 100
5239 9940 65
752 6378 38
752 3382 80
752 6001 28
752 8364 47
752 1615 72
6378 4499 19
6378 210 40
6378 303 33
6378 7433 52
7207 3427 22
7207 5641 27
7207 8582 13
7207 2784 31
2765 7215 21
2765 5301 39
2765 8782 13
2765 8095 4
2765 5547 100
7215 7373 90
7215 7955 41
7215 8012 66
7215 4356 26
9547 5783 73
9547 1370 19
9547 3837 72
3718 6574 9
3718 6437 22
3718 6698 29
3718 6785 85
6574 7270 4
6574 8881 61
6574 1112 67
7401 1494 100
7401 809 35
7401 3096 85
2972 8447 12
2972 3683 58
2972 7282 56
2972 9889 83
8447 3257 3
8447 7802 31
8503 6733 25
8503 8017 7
8503 5158 78
4122 9818 78
4122 5793 95
4122 8080 87
4122 6386 18
9818 6861 19
9818 6361 44
9818 5316 4
9818 6592 44
9394 9590 33
9394 8073 73
9394 8573 3
9394 1782 41
3303 7075 11
3303 7150 50
3303 2263 87
2917 3263 73
2917 524 100
2917 3833 17
2917 9898 77
3263 2786 24
3263 2752 6
3263 1262 20
3263 171 17
1320 1358 69
1320 2135 62
1320 9149 15
1320 1447 96
1358 2574 46
1358 5596 27
1358 4918 96
3388 8510 60
3388 4973 71
3388 4953 54
3388 2245 29
3388 8587 54
8510 3632 13
8510 6915 40
1111 7600 27
1111 3665 15
1111 7398 90
1111 6277 64
7600 2381 29
7600 7468 42
7600 6732 71
7600 6531 68
1040 8888 5
1040 318 20
1040 4487 78
1040 1621 22
8888 4360 11
8888 5078 19
8888 7881 59
1088 5723 57
1088 6980 53
1088 6777 71
5690 6417 72
5690 3459 63
5690 5814 84
6417 560 69
6417 9062 54
6417 7985 92
6417 9730 41
1418 6282 19
1418 8437 96
1418 5425 75
1418 6875 80
1551 2021 70
1551 8641 50
1551 5414 3
1551 464 31
2021 4268 80
2021 1137 36
2021 3286 34
2021 5502 48
4582 5112 56
4582 1316 57
4582 9825 39
4582 7961 36
2457 4163 61
2457 1183 31
2457 3667 30
2457 7201 25
2457 2478 68
4163 8119 76
4163 2291 27
4163 2545 7
4163 6974 38
2755 1939 73
2755 1039 41
2755 5107 21
691 7929 86
691 5326 70
691 3102 18
7929 5443 47
7929 1090 52
7929 5598 61
152 9341 15
152 5950 5
152 9510 72
152 5896 26
9341 9159 72
9341 3326 54
9341 3092 57
1431 41 47
1431 1901 10
448 9110 48
448 4349 99
448 1964 44
448 52 65
448 2661 61
9110 6751 26
9110 2822 11
9110 7166 2
3290 7520 41
3290 1169 20
3290 7738 66
7520 2035 41
7520 8916 84
7520 1903 91
8140 6188 91
8140 4787 17
8140 6736 20
8140 2745 36
8397 3153 8
8397 1293 16
8397 9845 46
8530 7644 37
8530 3335 51
8530 2855 8
2349 6227 92
2349 645 99
296 6245 94
296 7376 86
296 3694 55
296 2218 95
296 3645 18
6245 9194 81
6245 9056 2
6245 3962 77
1451 2337 68
1451 9754 96
1451 5270 91
9038 9643 63
9038 3469 19
9038 9282 77
9038 909 76
9643 7998 43
9643 3754 46
9643 1738 87
9643 5888 22
8654 8714 15
8654 1268 27
8654 9573 46
8654 850 78
8654 7960 57
8714 1893 59
8714 5507 51
8714 789 30
9047 8784 66
9047 5359 61
9047 8045 67
9047 3675 73
3473 2575 83
3473 3199 99
3473 164 85
1014 9090 48
1014 6919 14
1014 1045 5
1014 1949 18
1014 2153 27
9090 7233 34
9090 7595 97
9090 864 16
2425 7607 82
2425 3903 98
2425 6359 55
7607 5522 11
7607 9827 39
5820 9686 38
5820 5160 90
40 2468 10
40 3709 97
40 5723 7
40 9598 61
2468 7879 66
2468 4900 11
2468 8710 15
1526 3788 28
1526 9863 38
1526 7669 24
1526 5784 39
3788 319 42
3788 4831 28
3788 72 25
3788 1488 2
3080 6206 47
3080 4450 21
3080 9224 63
3080 4969 58
7953 7267 11
7953 9022 70
2970 8080 94
2970 4049 67
2970 4432 61
2970 7815 28
8080 935 24
6010 8195 35
6010 1828 10
6010 2965 95
6010 5698 57
8195 3496 99
8195 1657 98
8195 6640 53
2117 7612 44
2117 8100 45
2117 6909 20
2117 5413 24
2117 6235 43
7612 1968 81
7612 8292 31
3573 3390 22
3573 3024 15
3573 5877 57
1223 4137 7
1223 3223 73
1223 1886 61
1223 4043 47
4137 6327 20
4137 871 69
4137 3220 85
4137 1866 41
8990 9371 41
8990 658 45
8990 8170 83
1850 4235 54
1850 9724 63
1850 3766 99
1850 4193 60
4235 6093 20
4235 352 77
4235 7285 41
2490 7361 56
2490 1016 55
2490 2869 44
4186 5725 69
4186 9191 98
4186 1241 32
4186 6501 51
4186 3361 88
5725 4723 74
5725 1158 87
5725 1179 38
4076 4489 82
4076 2195 55
4076 4049 79
1300 3044 21
1300 6643 21
1300 3468 38
1300 5225 64
1300 4189 61
3044 4834 15
3044 5335 42
3044 8780 81
3044 5845 99
6941 8862 13
6941 6205 90
6941 1464 39
6941 534 8
8862 685 5
8862 7919 81
6583 7841 68
6583 4473 30
6583 4699 54
6583 4535 82
7841 4428 39
7841 8881 84
7841 5516 74
9754 8772 33
9754 4049 15
9754 9843 58
3351 6967 7
3351 3717 19
3351 5901 75
3351 2878 41
3351 7987 33
6967 2049 98
6967 3439 7
6967 5049 81
1780 4031 34
1780 2279 37
1780 5236 65
4031 7374 66
4031 3623 90
4031 2680 38
381 5339 99
381 497 71
381 2973 13
381 6707 10
5339 9848 99
5339 9820 21
5339 7910 100
5339 1827 80
2230 2820 97
2230 4955 61
2230 6192 11
2230 8636 5
9725 5250 31
9725 9131 66
9725 4642 89
1306 3766 78
1306 1589 48
3804 1847 9
3804 1459 11
3804 4604 7
3804 7320 80
2255 4297 32
2255 6751 74
2255 9886 15
2255 9931 72
4297 8477 81
4297 1644 95
6483 4061 45
6483 9169 4
6483 1985 66
6483 1255 14
4615 8625 32
4615 873 42
4615 7688 3
4615 8511 2
8625 3056 55
766 3645 19
766 6138 58
766 9217 88
766 2119 28
766 4998 38
3645 4869 10
3645 8367 8
9802 4079 72
9802 4516 67
9802 4919 92
9802 7492 8
1545 6547 30
1545 3660 48
6448 5793 26
6448 1025 70
13 375 45
13 8239 45
13 538 80
13 8975 25
13 645 41
375 1307 16
375 3800 92
375 2808 5
375 8680 84
2439 3825 88
2439 3516 57
2439 8026 20
2439 5685 33
2439 2897 26
3825 9567 43
3825 1608 95
3825 2814 3
6181 8184 18
6181 56 92
6181 4886 75
6181 6894 77
8184 4794 66
8184 1887 41
8184 9789 5
8184 1527 29
1071 1248 40
1071 2391 64
1071 9821 41
1248 5611 22
1248 8308 19
1248 9024 61
1248 1478 97
4306 7692 47
4306 7509 8
4306 7905 36
4306 5120 30
263 2243 87
263 91 23
263 8153 4
263 2339 84
263 2580 2
2243 4267 27
2243 1687 80
2243 2708 7
3082 7484 98
3082 5063 26
3240 8783 38
3240 8748 56
3240 1513 35
8153 487 15
8153 2154 76
8153 8146 5
320 6160 2
320 9604 5
320 6703 63
320 8900 52
6160 3084 30
6160 4988 100
6160 2543 8
6160 4959 36
7680 8396 2
7680 1903 77
7680 5363 39
7680 5650 97
7680 2486 56
8396 9804 10
8396 6603 34
9700 5785 25
9700 312 33
9700 5200 64
5579 7078 33
5579 4956 69
1835 3687 55
1835 3005 95
1835 7478 49
1835 3043 12
3687 5294 41
3687 3211 2
3687 6222 87
396 3122 26
396 5627 9
396 8084 42
396 3463 80
3122 9743 60
3122 3987 68
680 6853 30
680 2385 29
680 9773 7
680 5207 91
680 7433 34
6853 7040 38
6853 2470 94
6853 7197 56
6853 2679 97
5948 68 25
5948 6353 45
2816 4366 63
2816 983 34
3903 4049 95
3903 8827 76
3903 7242 84
3267 1284 76
3267 6237 40
3267 7128 22
1832 6018 78
1832 857 89
1832 6950 93
1832 3950 93
1832 3386 61
6018 5539 100
6018 2323 8
6018 1617 83
6018 6604 6
1703 3918 71
1703 3594 92
1703 8917 7
1703 4088 28
3918 949 25
3918 4851 97
9650 521 43
9650 2224 90
9650 8123 81
177 6731 35
177 8211 33
2562 2861 81
2562 1993 6
2562 7904 5
2562 9824 100
2861 6781 29
2861 1806 65
2656 801 62
2656 8079 21
2656 6925 62
854 910 89
854 8437 7
4780 8237 62
4780 9583 28
4780 2571 13
4780 715 67
8237 6306 93
8237 5319 28
8237 1552 52
809 4580 2
809 4301 67
4580 29 25
4580 8691 72
4580 6342 12
7070 7662 30
7070 5221 61
7070 8131 52
7662 6371 24
7662 6027 73
7662 8817 21
5561 2727 49
5561 6989 74
5561 6810 14
5793 3709 70
5793 3915 74
7137 9230 99
7137 6338 9
7137 2565 81
6394 1827 36
880 3477 78
880 7040 60
880 2877 79
880 2471 24
3477 7749 28
3477 8890 21
3477 7593 25
2008 2238 27
2008 7396 18
343 9661 49
343 2019 96
343 5529 68
343 9611 6
9661 7543 94
9661 7497 18
2420 5787 8
2420 3653 74
2420 273 22
2420 3134 61
5787 196 72
5787 7348 22
2590 9621 37
2590 7899 99
2590 1428 56
9092 6307 36
9092 6595 82
9092 5724 89
5846 6877 45
5846 5163 15
5846 7648 25
5846 2971 79
6877 4618 64
6877 5678 54
6877 9625 69
1264 1668 26
1264 3165 61
1264 1657 3
1264 7025 97
2050 3221 97
2050 1010 77
2050 9831 93
3221 1278 74
3221 2794 13
3221 8922 98
3221 8313 61
5331 7185 96
5331 7982 80
5331 4164 61
7185 4671 40
7185 7626 20
7185 1626 96
754 9380 80
754 2591 86
754 2954 9
754 9411 54
9380 9954 70
9380 8592 83
9380 5076 7
4483 8781 57
4483 2051 26
4483 9779 30
8781 404 2
5002 9346 7
5002 940 82
5002 5919 28
5002 9755 85
5002 6235 67
9346 7162 60
9346 7835 66
9346 1605 15
9346 5495 4
4668 4926 97
4668 2036 21
4668 672 40
5819 7124 22
5819 3820 67
5819 434 69
5819 2195 90
7124 2635 89
7124 7100 16
7124 2732 49
2942 7939 90
2942 8232 4
2942 2220 82
2942 2047 73
7939 9067 62
7939 5506 52
7939 2952 54
7918 3265 65
7918 1618 47
7918 5924 62
4116 8206 18
4116 3513 36
4116 2138 25
4116 7123 71
8206 1548 92
8206 9994 7
4340 12 46
4340 1982 100
4340 6500 98
3932 9028 14
3932 6808 26
3932 6850 72
3932 7889 92
9028 3646 51
9028 8367 19
9028 6297 64
9028 2812 100
3696 3833 94
3696 2365 42
3696 5425 19
3696 1384 37
3696 9537 40
3833 8025 98
3833 9672 30
3833 988 12
1134 2030 14
1134 6878 3
1134 7429 41
2030 3743 56
2030 517 70
3575 9995 56
3575 9125 40
3575 8971 86
3575 4818 48
5795 7827 56
5795 5744 34
5795 6511 26
7827 3460 96
7827 9287 78
7827 9104 43
1197 3111 11
1197 8528 49
1197 5651 21
2462 5393 20
2462 5430 76
2462 8305 99
2462 1046 49
5393 6067 61
5393 3103 20
5393 915 40
5393 5541 81
5744 8369 4
5744 6145 53
5744 4328 30
5744 8217 31
9641 8624 78
9641 2801 96
1681 2549 65
1681 526 10
2549 3997 1
2549 1810 91
2549 2080 84
2549 8142 78
1164 7692 34
1164 8221 41
1164 2058 14
1164 3762 51
1164 8496 1
7692 2905 29
7692 6890 82
5620 9347 4
5620 8148 58
4277 9039 65
4277 1522 18
4277 4187 2
4277 3611 53
9039 1875 85
9039 8425 55
9039 2810 14
1873 3658 30
1873 6216 31
1873 5603 72
1873 7934 90
3658 2492 65
3658 4286 13
3658 5571 84
1183 8556 2
1183 1955 22
1183 2578 46
1183 9747 75
2797 5440 62
2797 7201 9
2797 9938 94
2797 9415 22
5440 536 87
5440 2594 20
5440 2759 36
7515 6957 58
7515 3368 63
7515 5003 12
404 6075 14
404 1998 50
404 1219 65
6075 3557 77
6075 5234 46
6075 9473 21
6075 6024 98
1219 442 10
4956 8731 99
4956 2905 16
4956 28 55
8731 613 8
8731 3204 36
8731 6070 55
8731 6930 92
3534 3639 93
3534 6398 31
3534 5691 14
3534 6696 97
3639 8546 36
3639 9990 80
5138 3058 68
5138 1267 54
5138 5284 29
4667 5945 40
4667 2424 64
4667 2933 2
4667 4008 20
4667 4223 23
5945 4415 79
5945 9059 85
5945 3211 81
484 8067 48
484 2983 67
484 9070 84
8067 3206 99
8067 9179 97
8067 4887 94
8067 7138 16
4061 5352 48
4061 3073 71
4061 2254 63
2539 6097 81
2539 3521 43
2539 4559 18
6097 4444 39
6097 865 49
6097 6654 4
2616 3311 87
2616 1203 69
2616 6862 96
2616 7733 40
2616 8962 97
3311 7768 64
3311 1347 23
857 3312 95
857 3854 83
857 7286 32
1911 4000 77
1911 5001 35
1911 1025 51
8022 5531 1
1084 1996 54
1084 3034 73
1084 2284 13
1084 6232 37
1996 8716 58
1996 1549 40
1996 3130 23
1996 6391 66
9103 9530 93
9103 6140 97
9103 7839 100
9530 6412 96
9530 3908 42
9530 925 51
41 4940 76
41 4058 95
41 4371 24
41 1983 21
4927 6407 4
4927 1532 100
4927 5193 43
4927 2171 79
4927 7829 18
6407 1477 9
6407 8853 29
6407 5145 49
5498 7162 36
5498 2296 89
5498 2422 76
5498 3879 2
7162 514 7
7162 5953 38
7162 9572 43
2924 5534 12
2924 2474 27
2924 6544 22
5534 3814 100
5534 9822 57
5534 9388 91
3429 6955 87
3429 2417 25
3429 9402 17
6955 5779 23
6955 8670 26
6955 5081 13
8371 4312 66
8371 6167 93
5050 9759 46
5050 2192 74
5050 3428 43
5050 3086 60
4548 3766 58
4548 9053 10
467 7847 75
467 9126 62
467 2178 59
7847 1255 1
7847 9486 19
7847 5263 17
1261 3921 22
1261 2077 56
1261 8994 52
3921 4012 15
3921 6909 3
3921 4239 85
3921 5166 73
2310 7684 51
2310 5986 75
2310 1836 43
2310 5063 19
2310 5109 91
7684 2293 15
7684 8091 62
7684 1863 32
7684 2669 57
2998 9778 69
2998 1097 80
2998 7955 22
2998 77 17
9778 6383 50
9778 9634 73
9778 1442 94
9778 2704 74
2000 6509 12
2000 7309 53
1900 3090 18
1900 5258 89
1900 6876 68
1900 1498 25
1900 9216 67
3090 8408 35
3090 5975 14
5770 8909 95
5770 7186 20
5770 1950 43
8647 997 55
8647 7090 5
8647 7396 53
6732 8769 15
6732 5598 3
6732 6832 28
8769 5698 83
8769 6945 25
8769 4819 41
1046 1488 71
1046 7075 46
1046 6559 33
1046 8515 8
1488 8835 76
1488 2880 50
1488 3349 2
9066 1757 96
9066 6095 39
158 8381 6
158 5206 31
158 6798 40
158 5152 89
8381 3223 52
8381 5102 2
2104 3270 19
2104 926 89
2104 5016 96
2104 325 65
3270 2713 20
3270 1532 39
3270 2345 19
3270 6916 98
987 7674 13
987 2752 18
987 7322 71
987 8908 59
7674 4113 69
7674 9536 31
9729 9941 50
9729 8332 79
9729 9107 17
9729 9118 86
9729 2545 90
9941 9274 4
9941 6047 45
9941 9075 70
4698 5550 8
4698 2793 70
4698 1764 39
5550 9276 18
5550 727 31
5550 7636 59
1257 8113 92
1257 7386 15
1257 6318 7
18 1396 30
18 5592 45
18 9837 15
18 6906 74
18 5147 17
1396 9463 28
1396 1208 78
1396 1314 24
4935 7937 60
4935 4692 81
4935 5089 7
4935 7147 92
4935 8920 75
7937 5325 99
7937 393 44
7937 3344 96
3550 4225 34
3550 4421 24
3550 8098 54
3550 6009 4
4225 1728 5
4225 2158 44
1595 2108 100
1595 7829 50
1595 6567 31
1595 2815 85
5731 2041 100
5731 5713 60
5731 4538 50
6173 6090 28
2079 2465 98
2079 430 68
233 5849 97
1623 3347 99
1623 7893 55
1623 6581 17
1623 9708 3
3347 9348 64
3347 9820 91
3347 4506 18
3347 7890 75
2935 9964 12
2935 4496 59
2935 2105 19
2935 3693 86
9964 2187 92
6896 2419 17
6896 3036 10
6896 652 90
6896 6579 70
5874 6994 53
5874 1386 97
6994 2787 9
6994 6091 11
8384 8637 20
8384 7657 94
8384 4086 86
8637 3209 4
8637 8429 28
8637 9351 70
5808 8626 22
5808 2964 78
5808 4262 37
5808 1611 99
8626 789 100
8626 4602 11
2464 4313 19
2464 4977 45
2464 2783 6
2464 3897 71
4313 741 27
4313 4375 59
4313 8828 44
3197 7870 39
3197 1514 73
7870 7901 26
7870 9159 96
7870 6663 54
7870 349 36
1356 4292 11
1356 5408 11
1356 5766 96
1356 5722 40
1356 1510 100
4292 4156 31
4292 6170 53
2049 9174 9
2049 3703 49
2049 4728 81
9174 2512 91
9174 6966 76
9174 4175 69
9174 2122 26
2793 5409 42
2793 9464 85
2793 4530 16
7999 6432 8
7999 6862 97
7999 5821 71
6859 8678 99
6859 1736 9
6859 9980 48
6859 2404 26
8678 771 24
8678 4068 96
8678 6474 30
9543 8349 80
9543 7579 34
283 6709 26
283 8378 17
283 139 29
283 1683 71
6709 4531 98
6709 1007 69
6709 5954 75
6764 8791 33
6764 1057 96
6764 2736 38
8791 7452 34
8791 8878 4
8791 8993 25
8791 617 70
9954 7948 24
9954 2906 31
6788 8959 78
6788 3605 68
845 6412 87
845 6519 22
845 2075 34
845 9496 96
845 9358 6
6412 6968 71
6412 1199 69
4270 4648 38
4270 5979 72
4270 2029 94
4270 3507 3
4270 8054 17
4648 7873 26
4648 9898 79
4648 7552 11
4648 2359 54
1394 9071 20
1394 2423 10
1394 4977 54
1394 6323 4
1394 3298 66
9071 9217 89
9071 8939 80
9071 8270 17
9071 4482 16
4174 7569 27
4174 1977 59
7569 1872 21
7569 1825 34
2524 5094 70
2524 1180 76
5094 798 57
5094 1580 64
2895 6727 100
2895 5435 8
2895 9827 15
2895 1297 86
2895 4421 41
6727 6852 53
6727 1602 92
6727 5219 11
5712 9052 9
5712 3353 29
5712 648 84
5712 9604 78
9052 7618 20
9052 3856 32
3421 9051 42
3158 4592 17
3158 2221 89
3158 8077 82
3158 9132 78
4409 8473 46
4409 5803 22
4409 7027 90
4409 9435 66
1348 4382 100
1348 6077 96
1348 8029 71
1193 5001 2
1193 3784 28
1193 6033 61
1193 4602 82
5001 9642 42
5001 8517 91
5001 5598 74
1635 8461 94
1635 7202 79
1635 9728 99
4897 3786 51
5043 8139 23
5043 5030 26
5043 1043 60
5043 9713 40
5043 8958 77
8139 7262 78
8139 6083 66
3353 4545 22
3353 4770 7
3353 4487 66
4545 3782 7
6343 6825 94
6343 4276 75
6343 6959 22
6825 5816 12
6825 2494 30
2465 3359 14
2465 3242 31
2465 3458 98
2465 1615 94
3359 7204 26
3359 254 45
6342 7354 23
6342 5777 77
6342 4062 15
6342 2675 79
7354 3125 81
915 9779 48
454 6540 32
454 1885 78
454 6762 43
454 9003 5
6540 4861 86
6540 6439 63
6540 6759 42
9074 1610 87
9074 626 71
9074 5547 44
9074 6631 47
2884 3693 8
2884 9374 90
2884 7305 66
2884 8916 16
2884 4224 19
3693 2177 97
3693 3392 97
3693 4185 89
1605 2169 15
1605 6798 37
1605 5977 32
4025 1205 3
4025 1330 7
4025 8941 81
634 8578 20
634 3229 73
634 6982 69
634 2994 90
634 2296 76
971 4665 90
971 6072 77
7630 4717 12
7630 9566 8
1562 7096 65
1562 8869 21
1562 6770 95
7096 5177 44
7096 5154 87
3822 2015 83
3822 7039 100
3822 1350 63
4180 8272 35
4180 2989 14
8272 4206 54
8272 2487 76
8272 4338 49
3566 6239 17
3566 1673 17
443 5196 29
443 3286 7
5196 3043 45
5196 3507 47
5196 6369 33
5196 7479 37
2575 8044 68
2575 822 46
2575 8541 25
290 2611 65
290 6060 8
290 1385 51
290 7115 6
5692 212 98
5692 7177 2
8642 9307 42
8642 7482 66
8642 2763 52
2718 9416 2
2718 3842 20
2718 8043 37
2718 6743 49
2718 9866 56
9416 5143 81
9416 9587 58
4552 2359 68
4552 8718 71
4552 7438 22
3791 4905 63
3791 1121 30
3791 5025 63
3791 9116 51
4905 3103 33
4905 7344 65
4905 496 26
5143 9400 94
5143 8876 85
5143 8377 62
2449 380 84
3230 748 41
3230 4684 89
3230 8671 3
1400 8996 32
1400 4074 92
1400 5042 7
1400 2965 91
8996 2841 74
8996 1861 36
8996 142 20
8996 224 54
768 3801 99
768 8660 33
768 6937 63
768 5836 21
768 3512 57
3801 9078 37
3801 6502 8
3801 3537 77
3801 5954 40
3151 5739 29
3151 9256 63
3151 7880 95
3151 6706 78
6652 7125 19
6652 9492 4
6652 8793 53
6652 5093 90
7125 4792 29
7125 3922 41
7125 3348 44
7125 4189 13
5259 6439 92
5259 8560 40
1855 9576 5
1855 9552 12
1855 9105 75
1855 3630 96
1855 4757 18
9576 4929 76
9576 6926 84
596 2004 20
596 3595 23
596 7357 60
596 5032 53
2004 5522 98
2004 5526 14
2004 740 14
4807 4288 64
4807 2002 34
4807 5634 38
4807 6891 44
1104 8072 67
1104 155 46
1104 1378 89
1104 525 54
8072 5831 8
8072 8968 2
8072 2314 45
6876 8711 13
6876 8586 97
6876 6390 83
6876 2294 59
8711 6743 67
8711 2708 91
8711 905 88
2614 6568 86
2614 2779 35
2614 1806 45
2614 3041 73
6568 3131 93
6568 3740 9
6568 3313 15
6568 7134 31
2436 8925 29
2436 9930 64
2436 5559 73
2436 5845 76
2436 6122 36
8925 7553 59
8925 1820 66
8925 4892 97
8145 9500 2
8145 3691 59
8145 5910 68
1196 8011 51
1196 6820 31
1196 3016 50
1196 6481 28
8011 2170 4
8011 372 75
8011 7574 82
8011 2840 79
3212 8365 98
3212 993 80
8365 9721 73
8365 3544 86
1094 3570 87
1094 9850 24
1094 4178 43
1094 9233 13
3570 1839 50
3570 641 85
3570 2836 23
3570 453 13
9732 7675 69
9732 5865 11
9732 6724 85
9194 1215 13
7076 8368 79
7076 1343 43
7076 8305 8
7076 3348 98
8368 9899 68
8368 7263 33
5658 9434 89
5658 3506 95
5658 6679 88
5658 923 23
5658 3448 42
9434 4063 39
9434 8908 99
9434 5963 49
510 4316 6
510 7579 91
510 1461 94
97 5678 65
97 8356 8
9770 68 22
9770 5711 20
234 9478 65
234 6884 12
234 8410 23
234 9752 41
234 3552 90
9478 8671 96
3166 8370 33
3166 7907 2
3166 3876 77
8370 2746 64
8370 3954 56
8370 7591 9
5372 6596 63
5372 947 94
5372 126 56
5372 7335 9
6596 6988 8
6596 5223 81
6596 5144 69
1726 3638 37
1726 9421 30
1726 2705 54
1726 6954 39
1726 1286 28
3638 9676 2
3638 5925 18
8685 6346 22
8685 8858 90
1901 8215 22
1901 4541 92
6467 9199 86
6467 2680 40
6467 4924 43
6467 5101 6
6467 9153 57
9199 6852 55
9199 9578 22
9199 1743 36
4388 3783 54
4388 5494 14
4229 8549 90
4229 2626 92
4229 1065 62
4229 7560 99
5590 8471 61
5590 7650 75
5590 8907 8
5590 8774 77
6713 9605 23
6713 7716 68
6713 5986 67
6713 6712 53
9605 8092 72
9605 3722 50
9605 832 82
9605 3991 12
1753 7719 34
1753 7935 63
1753 7748 55
1753 585 96
3081 6685 97
3081 8031 81
3081 6048 17
8199 2978 59
8199 6564 15
8199 5548 57
8199 6383 60
4239 8531 21
4239 4539 91
4239 1265 30
8531 6539 30
8531 6973 7
8531 7389 41
3649 2762 92
3649 8600 37
3649 4350 15
9247 7161 19
9247 8853 27
9247 5677 71
2474 3285 94
3285 3505 20
3285 7388 7
3285 5102 35
1734 3475 79
1734 7171 67
1734 3129 26
3475 4450 46
3475 833 63
3475 7099 44
3814 1297 45
7896 3872 38
7896 9220 93
7896 7904 72
5980 9030 15
5980 1813 35
5980 1065 75
5980 1513 98
5980 7028 10
9030 4012 99
9030 8807 83
9030 4923 50
9030 8027 88
1610 8404 69
1610 3124 8
1610 5276 10
3532 5554 97
3532 3264 92
3317 9050 54
3317 3143 35
3317 4048 91
9050 738 98
9050 6631 73
5236 1179 97
5236 3694 16
5274 6545 23
5274 9989 100
5274 6523 84
5274 6719 88
5274 6150 5
6545 593 56
6545 9312 46
6545 17 49
8471 1429 63
8471 4108 89
8471 5405 15
4721 5807 52
4721 8694 53
4721 7997 75
4721 1514 29
5807 8144 89
5807 9747 50
5807 1245 83
1978 7376 55
1978 1677 54
1978 9796 74
7376 9902 84
273 8412 33
273 7210 10
273 7004 51
273 9160 100
8412 4750 76
8412 8882 84
8412 8253 79
2403 6616 27
2403 4104 28
6616 6944 38
6616 8542 24
6616 7217 12
6432 9919 65
6432 2379 77
6432 2400 70
3349 9096 20
3349 2438 88
3349 8948 66
9096 1535 12
1246 2809 74
1246 2364 74
1246 2852 82
1246 2669 78
3610 8871 10
3610 2007 86
3610 2422 73
3610 7010 94
8871 2249 44
8871 6633 13
2555 9989 16
2555 4553 70
2555 2820 35
2555 6902 27
9989 7866 41
9989 6811 90
9989 7857 59
9427 5488 31
9427 207 53
9427 9894 68
5529 8366 22
5529 4051 31
5529 8385 94
8077 9699 48
8077 9126 90
9699 878 7
9699 3841 39
9699 2183 64
9699 9908 22
1439 8387 88
1439 2610 98
1439 6484 73
8387 669 17
8387 839 87
4121 8794 95
4121 7868 50
4121 426 36
4121 2934 56
4121 441 9
8794 3269 10
8794 8971 11
8794 2369 94
8794 5541 74
540 8824 54
3083 4631 8
3083 5835 41
3083 4782 7
3083 4564 49
3083 1602 65
4631 8621 27
4631 5995 77
4187 6463 90
4187 8712 96
4187 577 88
6936 9730 14
6936 2927 70
6936 5996 37
6936 9219 56
6936 1956 35
9730 4517 76
9730 6404 25
2777 6022 90
2777 8439 6
2777 4866 42
2777 8652 87
6022 7209 92
6022 7080 10
6022 4490 44
6022 2113 85
2324 7208 61
2324 956 63
2324 6906 87
7208 8887 12
7208 3078 23
3060 807 86
3060 8403 67
5954 8309 44
6363 6835 74
6363 9657 94
6363 580 22
6835 4710 95
6835 8329 28
6835 7833 84
9217 6257 26
9217 3024 24
9217 295 80
5926 6834 10
5926 2823 47
5926 8524 40
6834 9983 23
6834 2070 51
6834 9537 39
6834 2844 33
7006 9910 46
7006 2985 62
7006 9032 1
7006 5862 99
7006 159 18
9910 2732 24
9910 5208 65
9910 4617 58
2834 7435 74
2834 1983 81
2834 9591 51
4029 7111 57
4029 8010 50
4029 9671 59
4029 8329 46
4029 2434 45
7111 4004 20
7111 7312 80
7111 9293 99
2163 1200 91
2163 7307 86
2163 2092 36
9455 1329 10
9455 5206 72
9455 8929 58
2726 8839 42
2726 8988 10
2726 9293 88
5722 9663 71
5722 6207 60
5722 9245 71
5722 2720 34
9663 7836 57
9663 3380 19
9663 1419 33
123 2536 45
123 5872 100
123 2685 23
123 8467 47
2536 3609 61
2536 9391 79
6633 8766 87
6633 1135 57
6633 2746 70
6633 8840 63
8766 4818 62
8766 4995 18
8766 4488 85
5177 4032 63
5177 1569 24
5177 4733 94
5177 4272 19
6591 9294 91
6591 7356 77
6591 5635 18
6591 6317 60
9294 8698 31
9294 8772 89
9294 4970 42
5285 7475 44
5285 3708 19
5285 3728 67
5285 6618 8
3042 5515 78
3042 4877 13
3042 4898 72
3042 789 29
3042 7970 74
5515 7644 47
5515 8373 47
4205 2153 41
4205 3864 75
6133 8601 63
6133 2280 24
6133 836 22
6133 6592 83
8601 5146 39
8601 9021 56
4254 180 19
4254 7141 9
4254 1860 46
5352 8790 95
5352 3719 52
5352 4329 86
5352 9024 35
8790 2664 8
8790 3509 83
8790 1857 70
5766 7087 92
5766 6380 72
5766 4832 92
5766 6679 34
7087 2780 5
7087 758 2
7087 77 10
1103 8572 93
1103 794 37
1103 830 92
1103 920 93
1103 2314 87
8572 4922 45
8572 3978 92
8572 7617 31
8572 7547 11
2173 3790 43
2173 3109 100
2173 9769 29
2173 891 16
3790 2820 59
3790 9109 53
3790 1663 96
1652 887 41
1652 6519 23
1652 8634 34
1652 6268 6
2994 4693 19
2994 2641 96
2994 594 70
2994 9181 83
4693 3806 68
4693 9626 52
4693 3139 6
4693 9731 56
2804 8733 69
2804 7848 23
2804 4336 49
8733 3741 89
8733 3506 24
8733 4123 42
8733 3628 28
8507 9767 88
8507 7454 38
8507 7349 96
9767 1460 70
9767 474 64
9767 7718 80
8197 8787 6
8197 4933 66
8197 4385 8
8197 1662 78
8787 9820 60
8787 3201 68
8787 764 63
2042 7629 40
2042 9357 28
2042 948 67
2042 9944 68
2042 3419 31
7629 673 62
7629 3021 22
4841 7123 30
4841 159 43
4841 4783 72
4841 4332 76
4841 5516 84
7123 6336 45
7123 9374 37
7123 7367 74
6668 3650 69
6668 7492 73
6668 131 56
8339 5429 4
8339 6659 26
5541 9197 7
5541 5676 72
5541 4918 81
9197 4610 4
9197 9651 36
9197 6177 81
9828 9549 25
9828 9122 6
9519 1203 53
9519 394 13
9519 9715 60
9519 9947 44
3752 6563 80
3752 7324 60
6563 852 51
6563 1352 98
6563 738 91
2783 407 72
2783 1549 43
539 8183 53
539 1938 32
539 5805 46
539 1772 6
539 8564 71
8183 7760 2
228 1151 45
228 7608 83
228 2510 92
228 416 83
228 8943 67
1151 2364 82
1151 2146 64
1151 1314 63
145 5812 63
145 1987 54
145 4683 38
145 2005 84
5812 6352 94
5812 3031 4
5812 6863 50
1609 7373 2
1609 4057 93
1609 7149 65
7373 4038 70
3336 6096 46
3336 4321 72
3336 5269 31
6096 4000 45
6096 8344 32
6096 2510 20
6096 5755 96
6508 8612 9
6508 4753 34
6508 4551 44
8612 6468 60
8612 7858 91
1244 5905 64
1244 1921 40
1244 75 36
1244 1646 79
1244 640 65
5905 7381 75
5905 5206 93
5905 5414 28
3901 5325 65
3901 3097 61
3901 1368 76
7199 8880 27
7199 8799 14
7199 9820 90
7199 7596 57
8880 2078 35
8880 5103 58
8880 8415 7
748 8756 46
748 2893 76
748 8705 30
748 6600 59
7128 7782 1
7128 124 68
7128 3676 34
5503 9190 57
5503 3249 98
5503 8691 71
5503 7126 61
4923 6649 97
4923 3748 91
4923 2862 45
3672 4890 15
3672 6489 37
3672 9685 63
3672 8409 95
4890 5252 49
259 7388 37
259 2054 37
259 7922 52
259 861 5
7388 635 84
7388 8986 21
1587 8122 69
1587 3524 38
1587 1001 68
8122 7709 49
8122 4995 7
8023 9707 83
8023 9793 2
8023 6655 5
8023 9430 68
9707 9664 20
9707 4728 11
9707 1962 49
9707 7690 91
1773 7487 60
1773 4231 17
1773 501 96
1773 2162 93
163 4647 4
163 4123 94
163 7962 86
4647 9961 97
4647 9719 59
4647 7601 69
4647 6524 10
4638 9148 93
4638 1375 78
4638 6852 32
9058 9978 93
9058 2368 80
9058 4784 53
9058 4540 97
6212 1201 37
6212 526 11
6212 6267 66
9322 7117 72
9322 9488 94
9322 2964 23
9322 6348 21
3396 1630 99
3396 216 52
1450 6827 72
1305 9540 20
1305 99 8
1305 6197 49
9540 592 82
9540 6507 2
2583 8467 43
2583 1165 66
2583 4586 25
2583 9957 53
2583 3831 9
8467 3659 63
8467 7785 47
8467 6237 50
3002 7276 45
3002 8565 100
3002 4345 29
3002 8827 87
7048 4839 94
7048 5665 22
7048 6428 51
7048 2734 71
7905 4712 19
7905 9585 52
3528 1417 84
3528 3171 6
3528 7245 23
887 9966 98
887 6384 25
887 1778 50
9966 195 92
9966 7636 73
9966 1709 79
9966 1428 77
7979 9758 89
7979 7522 40
7979 6011 98
7979 603 51
9758 7858 64
9758 7493 65
9758 6920 95
9758 5922 23
1929 2739 55
1929 1572 68
1929 9129 93
7344 8429 48
7344 7795 4
7344 9805 2
8429 161 9
8429 7924 62
8429 4411 26
4868 9588 95
4868 149 55
4868 6670 65
9588 8900 51
3222 7610 50
3222 7139 49
3222 1756 32
3222 5628 68
2015 4290 22
2015 5645 95
2015 7045 61
5707 3297 68
5707 1872 49
5707 1645 11
5707 1565 64
301 5456 30
301 7308 28
301 9329 46
7127 7798 65
7127 6033 86
7127 4113 16
7127 4863 10
7127 6915 84
7798 9146 35
7798 2346 22
7798 3410 73
6499 2956 44
6499 595 80
5040 7951 1
5040 3362 69
5040 4963 7
5040 3466 70
7951 7957 66
7951 5073 63
1011 8 60
1011 3364 65
1011 7240 16
1011 33 28
789 9665 21
789 5751 96
1914 6749 67
1914 8772 22
1914 6829 68
1914 3069 56
6749 161 70
6749 7194 9
6749 9 52
6749 5735 38
9552 9799 46
9552 6581 10
9552 6669 60
9552 1184 41
2013 9111 50
2013 8536 51
2013 732 2
798 3427 4
798 8079 1
798 9454 36
798 5455 51
3427 6981 31
3427 6420 54
2402 3305 36
2402 9614 13
2402 4532 35
3305 9057 70
3305 6968 80
3305 5254 41
2369 7329 56
2369 7776 21
7329 5540 65
7329 115 28
3651 8819 93
3651 3199 67
3651 1511 53
3651 5507 84
3651 4553 31
8819 7963 24
8819 7221 53
3398 4963 56
3398 3723 72
3398 6237 47
3398 6658 79
4963 4490 40
4963 7919 72
4963 4557 74
6832 7634 11
6832 9678 69
7634 9528 37
7634 6572 9
7634 9672 52
7634 4300 58
1235 2273 72
1235 2746 15
1235 955 30
2273 9152 3
2273 5733 15
5469 9865 5
5469 1988 82
2823 4624 90
2823 20 21
2823 5306 30
2823 2206 66
4624 2588 26
4624 9274 74
4624 7706 67
3897 7131 40
3897 3853 67
3897 452 28
7131 6849 40
7131 2295 49
7131 2333 75
1716 3835 8
2504 2604 54
2504 2118 33
2504 2023 12
2626 267 37
2626 9939 55
2626 166 4
8066 5545 88
8066 6290 75
8066 9505 29
154 6492 12
154 8278 92
154 7213 71
154 6572 50
6492 7002 18
6492 7494 11
6492 7703 61
6492 1890 22
4839 1689 69
4839 3239 9
4839 7501 62
4813 5827 4
4813 240 19
4813 7182 78
4813 227 87
5827 8186 19
5827 3073 62
5827 8713 12
3170 9404 22
3170 8673 1
3170 3425 69
3170 5085 30
9404 9624 93
9404 8818 66
7960 8256 14
7960 5887 20
7960 6365 86
8256 2266 7
8256 5786 99
7339 1955 94
7339 2773 38
7339 8318 43
7339 9682 2
3307 7423 78
3307 7672 90
3307 266 18
3307 7786 92
7423 6643 36
7423 6821 69
7423 6659 25
7423 8146 13
2321 2669 93
2321 8000 40
2321 1304 40
2669 4108 84
2669 6929 21
2155 3131 54
2155 6592 2
2155 4071 100
2155 6503 47
3131 61 34
3131 489 94
3131 594 52
1923 3562 13
1923 1334 94
1923 2531 94
1923 52 74
3562 8652 29
3562 9653 25
3562 6259 79
709 5559 81
709 3551 31
709 2983 33
709 626 88
709 1399 38
5559 7088 1
4246 4790 5
4246 6199 33
4246 6057 53
4246 3877 31
4790 6457 17
4790 7909 13
4790 4800 61
4790 2662 52
8858 7167 8
8858 4627 33
1250 189 87
1250 4851 91
212 3372 81
212 2258 11
212 5182 85
2791 7856 46
2791 4625 76
6001 6500 8
6001 585 15
6001 8345 86
6500 2976 43
7551 4074 58
7551 8073 29
4361 5679 14
4361 134 95
4361 9800 46
4361 4970 87
4361 1086 24
5679 588 4
5679 8686 20
5679 2280 33
5679 5178 93
459 9190 48
459 2889 79
459 3605 76
459 5427 48
8100 5284 60
8100 3695 81
8100 693 11
8100 5157 73
79 7282 63
79 5079 50
79 491 90
4709 7301 55
4709 1341 27
4709 9897 95
7301 1699 34
7301 2510 3
8911 7605 98
8911 8057 6
8911 4322 67
8911 5392 43
2312 9507 52
2312 5850 56
2312 7591 21
2312 6278 95
9507 7075 81
9507 430 98
5660 8277 3
5660 2095 89
5660 9936 43
5660 8823 33
5660 2520 29
8277 3443 26
8277 3745 20
8277 1142 74
6368 9303 13
6368 3381 84
6368 9987 54
6368 5303 68
9303 9357 1
9303 3291 34
9303 8416 19
3601 9724 33
3601 2314 84
3601 430 23
3601 5338 5
9724 5933 41
9724 7024 93
9724 1202 19
3226 4185 13
3226 9329 43
3226 5069 71
3226 658 91
3226 1472 29
4185 3154 33
4185 9822 57
1280 2126 70
1280 4291 7
1280 7325 85
1280 552 42
2126 3279 35
2126 6754 40
2135 2640 40
2135 379 35
2135 2776 72
2135 8840 81
2640 4046 83
2640 7117 47
2640 911 55
3611 5689 99
3611 4586 36
5689 1340 2
3199 977 90
3199 4009 2
2256 8420 68
2256 7742 23
2256 1816 98
2256 6971 76
2256 4711 86
8420 2113 32
8420 8115 59
8420 1483 67
3312 7126 15
3312 3675 99
3533 6156 66
3533 482 18
3533 5994 72
3533 2819 78
6156 8163 86
6156 1213 42
5484 9144 54
5484 8705 37
5484 4573 22
5484 8983 27
592 3014 26
592 4063 48
592 4549 70
3014 1574 65
3014 7815 54
6675 2136 65
6675 9800 13
6675 1811 17
8045 4441 67
8045 6594 80
8045 5207 70
8882 9321 92
8882 5966 61
8882 14 15
9321 4949 93
9321 4776 5
9321 9691 36
730 1443 98
730 8547 94
730 4164 1
730 5016 29
730 348 24
1443 3135 96
1443 9032 29
1443 5024 29
1839 9421 99
1839 9878 72
9421 5310 85
5649 8498 14
5649 6199 64
5828 7995 1
5828 6296 29
5828 3868 4
7995 500 21
7995 5625 61
7995 7077 93
7995 3584 78
9501 1332 36
9501 3877 77
9501 3432 49
576 38 45
576 3856 54
576 8411 66
576 8489 94
2673 3843 80
2673 3609 46
2673 3838 62
156 5493 76
156 4352 85
156 4755 20
156 2820 13
156 6024 31
5493 4448 21
5493 7848 22
5493 452 57
9319 7653 93
9319 2789 64
9319 657 75
9319 1459 73
3949 4125 78
3949 7582 5
3949 2139 6
3949 8307 53
4125 5333 72
4125 9043 98
4125 6640 80
2380 2578 73
2380 4925 4
2380 3099 49
2380 8089 20
2578 7566 10
2578 2923 7
2443 8754 65
2443 7901 12
2443 5929 39
8754 2814 69
8754 3331 81
8754 7661 33
155 8112 44
155 4336 81
3663 4686 53
3663 3846 77
3663 4966 42
1347 5318 88
1347 2879 78
1347 3404 2
5783 7671 58
5783 442 6
5783 8677 73
2889 9221 64
2889 8974 28
9221 3977 32
9221 722 73
9221 3698 47
9221 3149 18
1543 4708 30
1543 7219 93
1543 563 58
7281 8212 96
7281 1353 42
7281 9345 75
8212 3155 47
8212 3107 83
8212 3565 82
1000 8421 46
1000 8035 18
1000 8621 27
1580 7224 33
1580 1784 4
1580 8583 82
1580 3410 96
7224 5081 93
7224 4156 2
7224 1585 43
7224 1592 56
4374 4654 85
4374 4765 48
4374 1343 51
4374 4637 78
4374 6105 15
4654 2161 73
4654 1740 75
4654 5242 85
4654 6743 69
3866 7631 75
3866 6830 90
3866 1112 51
3866 5251 39
3866 3257 8
7631 3471 67
7631 391 59
7631 6519 23
6299 9054 8
6299 9172 10
6299 815 69
6299 6739 17
6299 4344 45
9054 4300 36
9054 2794 93
9054 6979 58
5552 8073 10
5552 8793 57
5552 4171 55
5552 8393 1
5552 8324 77
8073 1090 19
8073 167 7
3148 5136 31
3148 1908 36
3148 1116 17
3148 9233 25
5136 4556 51
5136 5180 61
5136 6523 63
5136 5710 13
4380 5408 21
4380 3401 46
4380 5971 61
4380 7248 22
5408 2208 46
5408 6759 18
1940 4584 14
1940 3100 67
1940 2739 85
1940 3748 26
947 8974 3
947 4251 96
947 3361 79
8974 5118 75
8974 6296 33
3530 7101 11
3530 9363 81
3530 4750 83
1389 3842 71
1389 6214 49
1389 358 30
3842 1116 93
3842 4354 96
8027 7235 16
8027 8763 17
179 1639 92
179 1924 68
179 8048 91
179 7410 41
179 9916 6
1639 7211 63
1639 528 72
1639 7770 83
613 5314 68
613 5953 13
613 9794 73
5314 8373 10
5314 9101 16
5314 6654 2
1284 1759 45
1284 4288 47
1284 6911 39
1284 243 76
4103 8109 84
4103 9085 1
4103 5037 11
8109 57 76
8109 946 4
8109 7434 99
552 7811 97
552 6395 84
2888 7565 62
2888 7599 8
2888 3538 70
207 839 54
207 7764 27
207 6887 18
839 2354 65
839 823 36
839 3784 82
2010 5064 56
2010 7349 24
2010 3997 29
5064 112 71
5064 6717 86
5142 8151 43
5142 7046 35
5142 6233 70
5142 3 75
5142 4981 51
8151 9962 45
8151 4455 23
8151 139 74
2370 4818 61
2370 9743 22
2370 7206 12
2370 6106 54
4818 7151 69
9175 850 44
9175 4192 11
6074 8131 23
6074 2091 52
6074 3621 32
6074 2909 87
8131 5564 87
8131 9621 75
1987 3543 77
1987 7648 67
1987 5014 73
4490 2362 47
1016 756 78
1016 1085 100
2281 9451 65
2281 5568 97
2281 1749 65
4018 4531 12
4018 5971 98
4018 8732 83
4018 1935 92
926 1815 19
926 3719 50
1815 6006 45
1815 1483 8
1815 5662 85
2356 4546 27
2356 8280 76
2356 4784 84
2356 6297 45
2356 7335 95
4546 1030 17
4546 1205 3
850 5322 71
850 2005 88
850 8665 98
2808 3889 23
2808 8802 84
2808 3168 10
3889 545 62
3889 9601 40
3889 2900 79
4220 7704 95
4220 5847 46
4220 5169 49
7704 2987 3
7704 9775 69
7704 8970 85
6316 3483 39
6316 5680 74
4079 6718 11
4079 1228 61
4079 9626 16
4079 6114 40
6718 5851 35
6718 7153 73
6718 5756 82
6718 4507 64
7119 7587 79
7119 7949 2
7119 6179 2
7119 6802 67
7587 5531 10
7587 2195 68
7587 3891 73
835 6019 3
835 1124 20
835 172 42
835 3106 66
6019 2471 33
6019 2856 91
6019 2601 9
774 3295 4
774 3592 46
774 5992 47
2083 6235 21
2083 3146 90
2083 8315 3
6235 1521 49
1673 8057 57
1673 9932 60
1673 3879 47
1673 1655 90
8057 9170 56
8057 4129 78
3426 5749 10
3426 2704 56
3426 9472 87
3426 2510 23
3426 1798 7
5749 4429 51
5749 7613 41
5749 8353 26
1778 7292 63
1778 1631 82
7292 2421 65
7292 1112 76
7292 9208 86
6529 5476 11
6529 291 11
847 3750 26
847 4885 92
847 3241 70
3750 5037 65
3750 4940 86
3750 6162 64
2089 8874 98
2089 1857 24
2089 2778 64
8874 823 26
8874 8495 99
4320 7130 74
4320 7167 86
4320 414 20
4320 1575 75
7130 7445 42
438 8426 77
438 4980 78
438 6241 87
438 4896 7
8426 213 2
8426 2800 36
2354 3565 74
2354 7152 27
2354 4153 67
1955 6421 49
2242 9089 21
2242 4849 53
2242 8462 84
9089 2353 22
9089 9234 39
9089 7842 36
9089 1992 67
6864 8870 26
4792 7598 27
4792 8180 86
4792 8266 4
4792 2177 14
2108 9116 74
2108 524 60
2108 9779 66
2108 8838 74
7192 7718 13
7192 8203 87
7192 9590 41
6785 9178 27
6785 7955 1
6785 9220 60
4880 6191 49
4880 9075 92
4880 3268 77
4880 5983 30
6191 7089 7
6191 8416 14
2680 8049 37
2680 4703 9
2680 9168 54
6534 7849 38
6534 2843 72
6534 2857 38
7849 7617 25
7849 491 51
7849 3826 60
7849 7753 50
601 8016 97
601 933 33
601 8899 3
601 9997 89
601 5025 65
8016 2254 72
8016 2664 15
8016 4739 23
2060 5261 40
2060 499 6
2060 6986 44
2060 6402 7
2060 8545 18
5261 386 41
5261 1212 4
5261 6996 15
1117 3555 46
1117 5598 64
1117 8725 34
1117 6176 94
7842 1678 6
7842 7964 78
7842 8413 83
316 8032 13
316 6030 52
8032 718 15
8032 2139 46
8032 8113 84
5231 5832 24
5231 8586 30
5231 5014 75
5231 3069 22
5231 2961 72
5832 7868 58
5832 3703 24
5832 8276 41
5540 6409 8
5540 1800 100
8556 2915 3
8556 2095 39
1544 8535 72
1544 5179 15
1544 522 79
1544 5802 84
8535 1641 35
8535 5141 24
8535 6705 67
8535 6327 84
1936 6179 52
1936 9282 67
1936 7746 95
1936 8657 32
12 7113 68
12 3987 26
12 8335 21
9819 9838 85
9819 9972 52
9819 9372 89
9819 2090 37
9838 2771 55
9838 5225 9
9838 7112 39
9838 7792 2
1221 1843 88
1221 4193 88
1221 7259 7
1221 2147 34
1843 992 81
1843 7308 27
4896 4980 89
4896 1836 36
4896 1464 12
4980 8285 51
4980 382 7
1980 8284 76
1980 4028 67
1980 453 39
1980 9426 21
8284 2800 22
8284 9683 97
8284 1171 6
734 4943 79
734 7883 89
734 2952 66
734 9483 44
146 804 30
146 9506 81
146 5345 74
804 4161 55
804 6203 65
804 7990 10
804 4307 100
3746 6211 78
3746 4940 18
3746 775 45
3746 2470 64
3746 9882 98
6211 5062 4
6211 9644 98
6211 9002 78
6211 7759 95
3789 3584 22
3789 7508 1
3789 8712 88
3789 9395 35
3444 9122 14
3444 164 24
3444 6472 19
3444 3782 3
5051 9405 41
5051 4913 3
5051 9391 57
5051 4337 100
5051 3847 58
9405 7523 40
9405 4085 90
9405 7938 5
7993 8985 70
7993 342 11
7993 4863 87
7993 7218 95
7993 815 92
8985 7582 68
8985 5474 15
9326 7217 39
9326 5589 15
9326 7242 70
5065 4136 40
5065 5128 4
2570 7187 32
2570 2069 53
2570 7628 62
2570 4343 5
2570 284 6
7187 7945 28
8536 8631 34
8536 6796 86
8536 5436 87
8536 7961 60
8631 9978 28
8631 4026 59
8631 2221 38
8631 1565 92
3606 9210 37
3606 2600 86
3606 8923 3
3606 7343 41
9210 235 27
9210 5906 11
9210 8876 83
7146 949 29
7146 7285 80
7146 3032 7
107 5548 80
107 9759 20
107 6527 25
107 8231 50
5548 5075 39
5548 5144 23
2813 4851 13
2813 2153 11
2813 4478 40
2813 2574 9
2813 3439 40
4851 6208 29
6890 7214 80
6890 6644 5
7214 3890 88
7214 5675 91
1530 6519 78
1530 883 22
1530 341 77
1530 1512 48
6519 9793 63
9972 337 87
9972 4797 18
9972 9822 70
9972 5391 3
4256 4754 13
4256 5340 25
4256 819 34
4256 1322 42
4256 5301 37
4754 986 100
4754 8848 52
4754 7165 75
3483 7639 57
3483 7749 83
3483 5513 91
4987 89 9
4987 8508 32
4987 7500 4
4987 8542 59
2057 2249 44
2057 423 13
2057 4853 31
2057 3321 11
2249 2543 11
2249 1243 71
892 7925 33
892 1410 44
892 410 23
892 1289 21
7925 1723 52
7925 7583 36
7925 4748 20
3911 4719 42
3911 5614 9
3911 2892 49
3911 6979 80
4719 1974 62
4719 6335 93
4719 8076 96
4719 2661 63
2933 9467 42
2933 5861 49
2933 6067 27
9467 4830 35
9467 740 69
9467 2631 43
1075 3845 38
1075 8138 12
3845 6840 1
3845 2858 68
3845 9188 35
1114 9435 3
1114 364 47
1114 5581 26
9435 1127 81
9435 7927 96
5973 7892 81
5973 2371 59
5973 1371 46
5973 3318 85
7892 2371 80
7892 6498 49
5869 9232 42
5869 4352 11
5869 7911 57
9232 6852 90
9232 1620 99
9232 9549 65
914 2207 8
914 6295 9
914 149 87
914 3633 50
2207 6993 23
2207 9757 98
506 4856 67
506 4356 29
506 3728 84
506 6481 55
4856 4217 83
4856 5936 56
4856 5405 20
2429 8163 49
2429 4809 56
2429 4066 75
878 8344 82
1041 8583 37
1041 4655 45
8583 8018 36
8583 1764 22
8583 3034 3
2899 8543 64
2899 8537 57
2899 8029 98
2899 1142 89
8543 4017 42
8543 238 19
3297 8363 35
7413 7497 76
7413 1496 94
7413 4400 75
7413 5871 47
7497 5152 30
7497 8274 30
507 5616 40
507 7402 69
507 8498 96
5616 8050 46
5616 4646 29
5616 7797 92
4829 8564 56
4829 872 78
8564 6485 69
8564 7360 22
5006 5982 96
5006 1897 5
5006 478 87
5006 8152 43
5982 1226 32
5982 994 63
5982 1125 36
5982 9940 91
5152 1381 7
5152 9358 94
8512 9068 8
8512 7017 96
8512 859 72
9978 7083 77
9978 5113 76
9978 5555 36
6093 6985 47
6093 9811 65
414 2392 12
414 2390 5
414 9340 76
2392 4500 6
2392 9872 30
2392 5267 57
2392 1711 93
5250 1992 53
5250 6380 37
5250 2478 54
5250 3888 85
5095 7902 16
5095 9490 8
5095 5714 37
7902 4885 100
7902 8243 44
7902 2679 24
893 9974 70
893 4478 82
893 4991 28
9974 7017 43
9974 9148 89
9974 2966 57
9974 9077 86
2727 3261 86
2727 4001 89
2727 1458 59
4986 9837 82
4986 5572 5
4986 7138 4
4986 3023 35
4986 844 51
9837 3214 3
9837 7203 88
836 8127 45
836 1362 23
836 8093 1
8127 8599 13
8127 7293 77
8127 3526 20
8127 1319 28
2551 5335 14
2551 408 53
2551 8966 71
2551 6654 4
2551 1741 99
5335 662 66
3406 5849 23
3406 1441 85
3406 1308 36
3406 5477 54
3406 6921 17
5849 4883 66
1203 8860 77
1203 7250 20
8860 4616 22
8860 9531 62
8860 9739 91
3078 5888 52
3078 3185 94
3078 9452 16
1441 7619 75
1441 7235 98
2785 4226 96
2785 4473 94
2785 8348 51
2785 7653 13
2785 4307 94
4226 635 96
4226 7433 84
3053 7424 77
3053 9430 66
3053 90 84
3053 5882 53
7424 4183 25
7424 2751 100
7424 2174 21
2912 1311 5
2912 7153 97
2912 2638 48
4520 6250 91
4520 9696 46
4520 5415 69
4520 7046 51
4520 1053 52
6250 5161 79
6250 4887 91
6250 5348 71
7610 7735 7
7610 7974 23
1742 7044 44
1742 3836 50
1742 8383 37
1742 8538 1
1742 1826 38
7044 9797 51
7044 2176 76
7044 1751 27
756 1351 53
756 2937 61
756 1583 29
1351 3542 40
1351 9489 53
1351 2846 11
9672 4112 15
9672 9865 72
7175 8217 33
7175 6791 46
7175 6702 63
7175 6284 49
8217 9944 74
4770 7803 5
4770 5900 27
4489 8576 83
4489 4673 97
4489 4971 38
6027 7031 78
6027 8166 24
906 9289 67
906 7708 29
906 5289 50
906 6259 66
1383 4215 95
1383 7966 7
7115 9105 51
7115 9459 18
7115 9000 45
7115 469 72
9105 4977 3
9105 550 82
9105 2066 77
4592 8449 71
4592 9771 50
4592 4589 10
2064 1964 95
2064 3389 38
2064 7154 40
2064 126 94
6531 9993 23
6531 7493 96
6531 6617 21
6531 52 44
9993 8233 95
9993 8316 50
9993 4462 78
125 7219 20
125 4988 54
3315 5680 40
3315 4222 75
894 4279 38
894 3625 35
894 4964 71
773 4007 6
773 7683 33
773 6797 42
773 2298 26
2523 4202 78
2523 5597 98
2523 5630 28
2523 1514 88
2523 1054 92
4202 4893 49
4202 5655 87
2610 5110 76
5110 6301 41
5110 6984 33
5110 9815 15
1908 33 83
1908 4560 9
1908 3858 30
1908 6522 31
5753 6573 72
5753 3665 21
5753 4052 34
8576 8856 4
8576 5270 3
8576 3912 63
8576 6637 73
5659 7970 19
5659 7500 59
5659 8651 76
5659 4633 40
7970 747 23
2801 9781 23
2801 4805 67
2801 1568 95
9781 7377 75
9781 4690 36
9781 4014 59
9781 5479 31
6169 9203 1
6169 7899 38
6169 4889 50
6169 905 34
9203 1977 11
9203 7404 78
9203 253 46
2956 9081 15
2956 2730 49
5328 7052 91
5328 5834 88
5328 9743 16
7052 4891 10
7052 4509 55
7052 55 39
866 1845 70
866 9693 97
866 44 22
866 4539 2
1845 6087 26
1845 4946 32
1845 4602 35
3003 7733 2
3003 1180 2
3003 2488 14
5338 8120 53
5338 5125 52
8120 7718 35
8120 1871 99
8305 9722 3
7250 2316 4
7250 5865 84
7250 7077 61
1509 8488 68
1509 4159 96
1509 8364 14
8488 6737 78
8488 1408 77
8488 8191 27
8488 8813 27
2316 3858 51
2316 181 86
3858 9360 28
3858 3182 33
2364 3668 6
2364 830 74
2364 106 62
230 9898 47
230 1100 50
230 5921 97
9898 6721 5
8273 8679 81
5599 7114 99
5599 636 75
5599 588 15
5599 3430 2
5599 6958 61
7114 4375 57
4063 2945 63
4063 7822 6
4714 7889 7
4714 2073 74
4714 6533 14
4714 6229 96
4714 5522 55
7889 3581 26
7889 946 73
7889 4809 43
442 5058 26
442 4516 88
442 3415 15
5058 2883 84
5058 8461 88
5058 9023 40
3821 4639 62
3821 7267 53
3821 3111 83
3821 6415 54
4639 6547 25
4639 1893 28
4639 9615 2
3559 7113 7
3559 5915 10
3559 9266 8
3559 8892 15
7113 4844 7
7113 204 24
2678 6000 17
2678 8116 8
2678 5502 71
2678 8702 89
5081 6370 41
5081 3508 81
5081 4919 85
6370 7994 39
6370 3178 97
6370 9192 10
170 7753 64
170 5644 46
170 867 73
170 356 60
7753 5871 80
7753 3071 19
1522 9073 35
1522 5159 10
1522 1952 12
1522 2677 31
9073 5023 54
9073 226 40
2879 7218 2
2879 5184 21
2879 5107 98
7530 1386 98
7530 9613 36
5263 6791 74
5263 4255 59
6791 2245 95
6791 7023 96
1561 9186 35
1561 7556 79
1561 3950 30
1561 1307 91
1561 4334 2
9186 3324 69
9186 9771 16
9186 2120 24
9250 9611 34
9250 8421 74
9250 2315 42
9611 927 26
9611 8570 59
6114 1058 21
6114 5761 21
6114 9866 47
8327 8404 100
8327 3338 72
8327 1567 53
8327 5044 73
8327 9440 30
8404 6748 17
8404 5490 86
8404 8088 78
5392 6797 7
5392 3092 84
5392 4068 78
5392 5311 58
6797 8943 95
6797 4459 79
2162 9002 1
2162 2843 48
2162 7869 95
2162 2553 40
9002 1060 28
1057 7559 3
1057 4990 23
7559 7398 61
7559 8664 65
9859 3153 68
9859 6326 4
9859 7952 57
2958 2977 90
2958 2071 54
2958 6918 67
2958 7 25
7050 8574 21
7050 2026 21
7050 1507 75
7050 3721 61
8574 4931 27
8574 9809 33
8574 8498 30
6895 7505 35
6895 4842 41
6895 4954 84
6895 4088 49
7505 7564 41
7505 5703 60
7505 3179 6
47 8827 60
47 8376 76
47 9299 55
8827 6606 95
2385 5260 3
2385 3707 99
2385 4855 63
5260 2388 73
5260 2432 48
5260 2145 12
626 9443 46
626 6993 27
626 4005 99
9443 9245 26
9443 6608 93
9443 5361 61
9443 795 95
6658 7003 79
6658 1692 87
6658 2712 79
7003 6031 49
7003 8053 9
7003 7041 8
2355 747 83
2355 9374 69
2355 5727 79
2355 2645 42
9749 369 95
9749 1512 52
7733 9893 63
7733 8157 51
9893 5880 13
9893 8247 42
5554 7074 31
5554 9522 5
5554 5073 2
7074 1666 89
7074 9146 85
3184 4687 60
3184 7603 52
3184 7034 19
3184 6478 93
3184 5694 15
4687 602 62
4687 8776 24
4687 3154 17
2931 6493 75
2931 2548 43
2931 5266 97
2931 4596 67
6493 8442 89
6493 5573 79
6493 7931 59
6490 7927 44
6490 1278 53
6490 9316 35
7927 8081 25
7927 4464 78
1172 5014 63
1172 9248 53
1172 3040 59
1172 8102 99
2192 3121 47
2192 6940 5
2192 9742 49
3121 5145 57
3121 7170 45
3121 248 43
3153 8757 25
3153 689 54
8757 9253 26
8757 5230 85
4056 5555 12
4056 2863 77
4056 3134 79
4056 8126 8
5555 1382 2
5555 3757 90
8408 9854 7
8408 7667 41
8408 3327 78
8408 5403 60
143 3360 66
143 2999 20
143 5387 13
550 5610 54
550 50 75
550 6819 69
550 6750 57
5610 1260 9
5610 8216 88
5610 2815 19
1678 8930 57
1678 340 39
8172 8785 43
8172 9913 80
8172 3892 36
8172 4741 24
8785 7223 68
8785 4854 33
8785 7392 72
8785 9656 93
3906 9473 95
3906 3701 46
594 2125 27
2125 885 39
2125 1343 28
2125 8835 17
8445 8219 95
8445 7054 2
8445 8577 33
310 9846 37
310 332 51
3581 6551 74
3581 1001 87
3581 7419 66
3581 2216 11
6551 5277 79
6551 7950 10
6551 4774 99
8044 7183 57
8044 88 96
8044 1998 11
2863 4662 92
2863 64 62
2863 4341 91
2863 171 72
3460 6032 84
3460 1256 44
3460 1036 48
3460 995 79
6032 2058 12
6032 785 7
6032 3732 70
6032 6780 61
144 3767 98
144 1165 44
144 5166 80
144 4285 52
144 6129 58
3767 2548 51
3767 324 66
3767 984 39
522 2407 98
522 9584 8
522 7622 82
2407 7065 11
2407 571 16
2407 4795 8
7218 2094 9
7218 4162 58
1198 5430 96
1198 9545 2
1198 625 82
1198 1999 30
5430 3179 100
5430 2789 36
5301 9206 68
5301 4222 14
9206 4288 69
9206 1636 44
9206 2406 42
9206 2297 24
2696 451 54
2696 6214 75
2696 8374 8
2696 2954 65
4469 9615 71
4469 4717 51
4469 4087 6
4469 5987 61
9615 3849 84
9615 3612 81
9615 6120 64
1031 5667 70
1031 6726 64
1031 5681 21
1031 6512 21
5667 4613 42
5667 9072 6
5667 1644 89
6760 7728 33
6760 2824 71
6760 8128 80
6760 6090 82
6171 6056 61
6171 509 23
6171 4236 99
3111 5295 22
3111 897 75
1466 4181 72
1466 7922 37
1466 2304 83
1717 5398 13
1717 2853 38
1717 1106 44
1717 9621 46
5000 285 31
5000 206 88
5000 8106 60
5000 4683 94
430 8833 70
430 3326 71
8833 174 33
8833 6528 46
949 605 99
4345 1763 54
4345 8966 42
9604 4524 91
9604 9736 31
9604 520 35
4929 6017 59
4929 3816 24
8058 8982 17
8058 3723 63
8058 7457 61
8058 3675 38
8058 3561 52
8982 3392 72
8982 5020 39
8982 8438 23
8982 2227 22
9408 9475 33
9408 2075 51
9408 6082 6
9408 1442 52
9475 6996 27
9475 5113 51
4355 6079 52
4355 6157 22
4355 7476 82
4355 329 43
6079 6348 31
6079 2809 84
6079 4303 28
6079 2731 42
425 8085 94
425 5363 22
425 7539 55
8085 6287 73
8085 4154 17
8085 4259 74
2584 6662 94
2584 2794 86
2937 1434 89
2937 805 10
2559 5779 60
2559 8660 38
407 5719 89
407 5085 87
407 3768 41
407 4009 82
5799 9617 34
5799 9512 45
5799 7176 61
9617 9731 46
9617 3404 21
9617 2176 4
9617 2072 65
83 3644 40
83 6950 48
83 9284 83
3516 8138 27
3516 9289 26
3516 4215 80
3516 7909 2
8138 5944 90
8138 8786 53
8138 1092 93
7829 5481 40
7829 1213 63
1165 6044 61
1165 3386 98
1165 9721 58
8393 9618 95
8393 5240 57
8393 4904 6
8393 5589 91
9618 1468 99
9618 5984 19
9618 7583 9
1201 5704 66
1201 2566 7
1201 3430 18
2742 6607 62
2742 9694 64
2742 999 70
2742 2829 22
7262 7381 16
7262 8211 89
7262 7668 82
2736 8031 26
2736 9492 85
6172 6573 5
6172 6830 7
6172 4439 4
6172 2315 94
6573 6443 79
6573 2304 21
6573 7196 87
4098 8343 100
4098 5310 92
6801 7683 46
6801 978 64
6801 9065 96
7683 4925 76
7683 6655 44
7683 6259 33
725 3600 21
725 4064 33
725 9884 31
3600 2898 99
3600 5315 52
3600 287 4
8348 9444 85
8348 7491 84
8348 3870 44
9444 120 48
9444 7876 27
9444 6440 29
6141 6297 77
6141 2582 31
6141 1579 15
6141 8532 79
6141 7943 82
6297 1285 73
6297 5156 27
3073 3380 10
3073 7285 16
3073 8619 82
3380 341 30
3380 2788 29
3380 3712 80
3451 6938 2
3451 6309 45
3451 9757 10
3451 8254 84
6938 6849 37
6938 2323 36
6938 4401 65
6938 7201 39
38 641 80
38 7308 53
3874 8734 21
3874 3099 77
3874 1484 99
3874 7374 82
2814 6548 27
2814 1844 22
2814 5427 23
227 2168 48
227 775 4
227 167 66
227 9124 83
2168 2077 42
2168 9124 59
2168 5628 17
2168 4913 12
3707 8971 36
3707 583 26
3707 4514 86
8971 9867 64
8971 44 10
2293 4329 25
2293 8417 63
2293 6902 34
2293 5601 18
4329 1363 32
4329 6926 11
4329 256 79
11 7239 83
11 8262 76
11 3029 35
7239 831 77
7239 2132 24
7239 3625 26
5165 8997 21
5165 3146 26
5165 7276 40
8997 8196 66
8997 8418 54
8997 4556 44
520 700 80
520 8357 17
520 1429 58
520 5717 25
700 4142 36
368 1469 79
368 8443 29
368 6898 80
4012 8592 18
959 6484 9
959 1988 89
959 5473 96
959 4828 1
1932 5537 33
1932 7384 86
1932 261 61
1932 9084 5
3368 4273 8
3368 6746 94
1826 9200 21
1826 1393 91
1826 6311 97
3616 8452 74
3616 5257 87
3616 482 45
3616 9398 18
3616 8740 25
8452 2904 86
8452 3126 3
8452 1073 15
8452 2363 66
6009 7316 68
618 4776 8
618 2599 56
618 3969 76
618 8231 19
618 1990 53
4776 6451 88
4776 518 27
6055 6657 33
6055 4673 71
6055 463 19
6657 794 29
6657 8395 80
6657 8779 17
3968 7591 28
3968 7179 65
3968 3705 98
7591 9743 72
1039 9983 80
1039 1630 73
500 7938 39
500 1331 1
500 2698 56
7938 8993 59
7938 714 32
7938 556 79
4936 7201 27
4936 6523 5
4936 6064 46
7201 4931 48
7078 8650 30
7078 6542 21
7078 4134 12
1076 3560 22
1076 8970 91
1076 9561 61
3560 4507 49
3560 6318 61
3560 3076 27
1149 2318 86
1149 2920 14
2318 6344 6
2318 3775 47
2318 378 68
2318 3882 26
4034 9500 83
4034 7716 3
4034 2031 88
4034 3298 11
9500 5720 40
9500 1078 37
1964 4786 35
6431 7209 70
6431 8930 33
6431 5918 96
5685 7854 66
5685 2123 35
5685 4468 17
5685 8061 96
2428 2786 60
2428 7565 63
2428 4948 93
2786 2698 34
4161 5613 47
4161 9065 28
4161 9070 14
3508 2150 74
3508 5729 6
3508 3997 39
3508 8336 71
6116 2333 8
6116 2020 44
6116 1823 42
7349 8079 82
7349 2613 90
7349 7063 90
4669 6052 89
4669 221 37
4669 2233 16
4669 3300 50
6052 8175 48
5835 4606 82
5835 7726 96
5076 5652 60
5076 1003 60
5076 4947 62
5652 5654 26
5652 5842 21
5652 7562 26
5652 548 20
2885 3762 62
2885 244 4
2885 4617 74
2885 4159 60
2885 2812 64
3762 3820 4
1455 9167 22
1455 1869 5
1455 5171 90
1455 5826 22
1455 8853 38
9167 8983 6
9167 8050 91
9167 5045 49
9167 8376 58
2606 4347 7
2606 3564 94
2606 9200 87
4347 1334 59
4347 621 85
4347 3580 58
4382 4032 25
4382 940 33
4382 2503 100
1564 2694 27
1564 3617 64
1564 8359 40
1564 4273 100
1564 6136 75
2694 1486 74
2694 4106 43
2694 9827 94
2694 3884 59
1154 4516 53
1154 8725 11
4516 8102 11
4516 4052 3
9708 6999 91
7466 9041 46
7466 5007 2
7466 3671 85
7466 6162 19
9041 1995 27
9041 5144 86
9041 8359 54
9041 2493 2
3362 2846 24
3362 6177 37
3362 8329 46
3362 3637 64
2307 7289 89
2307 1537 97
2307 7961 67
2307 605 61
2307 4243 34
7289 3676 65
7289 9409 47
7289 5956 10
2596 4948 80
2596 6210 81
2596 3771 31
2596 2983 24
4948 5888 100
4948 5124 34
4948 6283 83
5862 8789 78
5862 2484 80
5862 7440 70
5862 5035 27
8789 5939 10
8789 8815 76
8789 9425 97
1001 5563 25
1001 1836 80
1001 9216 95
5563 9813 93
5563 4043 52
4842 2120 68
4842 8215 54
4842 825 54
4842 4643 95
7213 7440 73
7213 7355 26
7213 1410 4
7213 6775 12
7440 9398 57
7440 4971 69
7440 5224 29
1796 2405 55
1796 5200 59
9878 8693 64
9878 4432 57
9878 2928 83
1047 4403 58
1047 5279 89
1047 5675 81
4403 6544 60
4403 7439 83
8783 8895 27
8783 3965 43
8783 8415 88
3178 5461 83
3178 5762 80
3178 2517 63
5461 9698 95
5461 4601 22
5461 7390 83
5553 8569 85
5553 2184 15
5553 2144 29
5553 7022 46
5553 5575 10
8569 8353 53
8569 9048 73
8569 7353 3
8569 1958 89
6030 9662 80
6030 2780 2
6030 3787 55
6030 7542 4
9662 220 40
7320 9350 65
7320 8545 47
7320 4119 59
9350 3289 24
9350 6230 63
9350 7933 43
1833 6231 23
1833 3797 96
408 6820 72
408 8106 62
408 4899 14
525 3890 19
525 3969 49
3890 9990 45
1698 9409 78
1698 9356 67
1698 3022 34
1698 2999 41
1698 9956 20
9409 7810 49
9409 7263 6
3934 5565 57
3934 6671 8
3934 5183 63
3934 5924 48
5565 4013 49
5565 7821 74
5565 6558 59
1176 4759 26
1176 667 44
1176 4006 1
4759 4110 71
4759 4465 81
4759 6232 61
897 3654 54
897 6559 74
897 2579 6
3654 1328 73
3654 4941 34
5539 6755 12
5539 1590 6
5539 1209 23
5539 1059 71
6808 5829 75
6808 9034 67
6808 9272 62
6808 9683 72
9255 7703 73
9255 4169 4
9255 5575 78
5325 1467 9
8196 9885 88
8196 3489 87
8196 6205 93
6292 8103 13
6292 5962 90
6292 6258 33
6292 5313 68
8103 9626 49
8103 3435 85
8103 4594 9
332 1751 3
332 2109 54
332 712 54
332 2677 88
1751 3929 45
8545 3506 60
8545 2605 43
8545 3098 51
1303 5631 23
1303 8967 60
1303 3553 89
5631 2190 58
5631 1319 94
5631 3881 8
1984 8998 45
1984 3993 68
1984 6234 18
1984 4711 64
1984 6789 27
8998 5070 83
1323 7290 71
1323 6389 31
1323 3894 93
8385 9268 87
8385 2073 93
803 1220 55
803 9275 67
803 4730 24
4428 6234 83
4428 7221 32
6234 6420 90
6234 6295 67
5704 2945 57
5704 3662 20
5704 9915 99
7901 9587 69
7901 2597 11
7901 7906 36
9587 7994 19
9587 7205 30
1915 5232 15
1915 1256 21
1915 3523 81
5232 8721 79
5232 5371 29
6660 9037 51
6660 110 77
6660 8807 72
6660 5589 29
9037 6473 2
9037 1667 62
2485 4796 8
2485 235 83
2485 9083 62
2485 6421 76
2485 5710 33
9939 9115 51
9939 5861 31
9939 6215 66
5917 8175 96
5917 6927 94
5917 3204 5
8175 5420 67
8175 5170 42
8175 7818 93
656 7459 27
656 6423 99
656 4033 75
656 4156 34
7459 2947 57
7459 2844 49
4288 1004 94
4682 6881 28
4682 7399 18
4682 4866 99
4682 1790 13
6881 5898 31
6881 241 37
6881 9582 99
5572 1991 63
5572 5298 13
5572 7590 33
7425 1692 51
7425 8203 91
7425 45 74
7425 1335 21
2266 3304 95
2266 4834 86
2266 7583 100
2266 6827 45
8089 7183 78
8089 4124 34
8089 147 71
6318 5521 87
6318 8249 43
5628 9361 97
5628 2705 2
5628 9342 85
9361 6687 100
9361 1191 76
9361 2221 68
5922 7037 7
3016 7441 79
3016 7568 41
3016 5641 55
3016 3646 14
7441 3840 17
7441 2376 85
7441 376 7
7601 7231 19
7601 3139 56
7601 7907 67
4684 993 25
3557 7974 70
3557 6666 75
3557 1444 46
3557 5826 85
2091 5407 40
2091 9693 60
2091 2387 35
2091 1371 35
5407 1464 99
5407 1067 18
5407 7752 31
5407 8440 30
6830 7811 5
6830 8804 65
210 2245 29
210 7621 15
210 3740 89
2245 8945 42
2245 5925 73
1142 2225 54
1142 1546 8
1142 68 58
2225 2866 77
2225 3659 87
2225 4294 100
2225 8825 16
1334 6367 13
1334 376 46
6367 1054 40
6367 4139 45
6367 278 58
8316 7311 38
8316 2836 14
3636 7307 30
3636 9682 22
3636 6634 14
7307 1406 59
4108 3200 43
4108 0 73
1273 8343 35
1273 4534 28
1273 858 38
8343 2455 81
8343 3970 74
8343 1241 92
5223 6056 13
5223 5968 89
8903 6893 86
8903 216 16
8903 9307 50
7400 7405 50
7400 4747 88
3047 3879 95
3047 3632 1
3047 6244 80
3047 77 94
3879 2329 15
3879 9118 53
1371 5254 29
1371 1859 74
271 9472 51
271 7883 96
271 9584 58
271 6060 62
9472 1135 63
9472 777 79
9472 1146 56
2170 6989 55
2170 6198 16
2170 9098 44
6989 3128 45
6989 7399 94
6707 5211 68
2732 2602 70
2732 862 6
5166 1315 70
2771 2023 39
2771 6921 57
2771 7759 51
2771 3653 10
7781 8825 74
7781 8049 2
7781 2187 41
2792 1029 37
2792 3769 1
1078 3376 59
8927 5839 99
8927 4004 78
8927 9240 42
8927 6239 1
345 9851 81
345 5234 29
345 5214 97
3708 4685 77
3708 4614 28
3708 6956 25
4685 105 4
4685 1885 18
4685 603 34
4685 7166 87
1581 4500 12
1581 6453 47
1581 5576 84
4500 8657 81
4500 7568 96
4500 9614 49
784 8128 14
784 5892 96
784 1009 4
8128 7973 59
8128 7381 18
3929 4095 37
3929 870 11
3929 9134 2
3929 9143 39
4095 2303 3
4095 3449 37
4095 488 29
4095 1472 6
183 6218 59
183 8349 76
183 5179 46
6218 929 12
6218 6771 94
2739 732 42
2739 2472 52
5036 8802 30
5036 5192 9
5036 2012 71
8802 4019 37
8802 6798 81
8802 6252 48
6383 451 39
6383 8193 39
6383 8158 98
6689 9296 21
6689 912 66
9296 9718 20
9296 4991 97
9296 5084 13
2095 2713 79
2095 6346 33
4683 4742 40
4683 7010 25
4742 1933 63
4742 2975 8
4742 1325 46
2666 7169 69
2666 9804 59
2666 2167 70
2666 4040 53
7169 4263 6
5592 1162 43
5592 3726 45
5592 8227 73
451 8522 96
451 9015 4
451 1255 79
3076 1748 97
3076 1542 13
5409 218 100
5409 427 12
5409 7920 36
4924 4893 78
4924 1863 20
4924 4982 40
7102 9061 62
7102 2322 71
7102 2835 65
9061 2730 95
9061 9718 63
9061 6222 27
8664 7776 66
8664 4673 17
8664 8710 20
2456 7355 17
2456 6740 72
2456 1282 93
2456 5797 65
1338 1897 28
1338 2484 70
1897 664 56
1897 4381 82
5379 6207 64
5379 4777 26
5379 5826 58
5379 3 53
7340 224 5
7340 2154 62
7340 8926 60
2591 4901 42
2591 5853 55
2591 8854 100
2591 3403 51
4901 8542 32
4901 4623 37
4901 1083 44
7893 9098 81
7893 5911 92
7893 5316 63
881 4812 41
881 6928 73
881 9568 46
881 9979 72
4812 4544 54
4812 7846 43
4812 4874 15
4812 9831 31
929 9956 39
929 9180 52
929 220 72
9956 7378 91
9956 5935 21
9956 1968 9
638 5054 76
638 4062 43
638 8377 40
5054 1710 67
5054 5155 19
5054 1059 58
5054 159 67
2150 4377 76
2150 5150 11
2150 654 3
2150 5937 32
4377 2482 77
4377 8117 98
4377 1853 92
4377 4609 51
2902 3258 97
2902 3637 2
2902 5544 63
2902 1677 59
3258 4934 24
3258 6829 94
3258 4191 23
3258 5732 86
737 6753 45
737 7083 24
737 7445 69
737 3745 31
6753 3817 100
6753 849 98
6753 5254 92
6816 8748 4
6816 2635 4
6816 4204 84
2072 7266 68
2072 1822 53
4957 7924 83
4957 6286 82
4957 1866 99
4957 9098 51
9389 5332 36
9389 4392 34
9389 3755 91
1255 2275 32
9356 5359 14
9356 7316 38
8280 9046 71
8280 6560 17
8280 8756 98
9046 1546 65
9046 6053 25
9046 2869 73
46 7461 74
46 7075 58
2071 4619 58
2071 4510 79
2071 2587 92
4619 5107 12
4619 1686 49
4619 1406 95
4619 5521 48
4243 6516 89
4243 2014 14
218 5311 77
218 7826 60
5763 7171 7
5763 1847 65
5763 4110 41
5763 2231 47
7171 8554 31
7171 7197 99
6820 7693 18
6820 5201 7
6820 8178 86
3159 379 3
3159 3424 94
3159 6678 2
3159 7390 80
4726 8306 30
4726 5184 85
4726 5743 46
8306 2453 25
8306 9811 80
8320 1326 37
8320 1697 30
8320 1253 76
873 6041 49
873 1918 98
873 5861 77
1195 2854 21
1195 7026 50
1195 191 43
1195 9304 17
2854 2455 74
2854 1994 83
2854 3599 15
2854 4892 46
1199 3535 9
1199 488 100
1199 2598 82
3535 9097 2
3535 1588 89
6207 1409 30
4555 6017 60
4555 6262 40
4555 4658 91
6306 7167 68
6306 4932 92
6306 562 25
7167 6344 22
7167 486 19
6282 861 39
6282 356 79
6282 3209 36
1101 4131 54
1101 6048 53
1101 9078 25
1101 7533 27
4131 5950 27
4131 3375 68
4131 9384 92
899 2684 8
899 1486 52
899 3296 49
899 5017 75
2684 5776 78
2684 8102 19
2684 8078 32
2684 4724 76
1824 3937 1
1824 1035 34
1824 280 64
1824 2033 82
3937 5160 85
3937 1087 5
3937 645 63
3937 5429 97
4466 9612 63
4466 9983 16
4466 3593 72
4466 3787 99
2265 9722 44
2265 7984 45
2265 284 2
2265 4126 56
9722 5942 38
9722 5670 55
9722 1943 66
5508 8476 24
5508 4662 66
5508 1645 25
8476 5607 4
8476 3414 23
8476 9241 71
6463 6942 37
6463 9304 67
6463 555 3
6463 8331 28
6942 4479 80
6942 2416 59
6942 3617 91
6942 6715 45
4728 824 3
933 5657 72
933 9607 14
933 2154 73
933 3265 92
4515 5776 97
4515 6122 7
4515 5418 25
5776 3864 2
5776 308 99
5776 9942 25
5743 7784 32
5743 1411 38
5743 195 50
5743 5892 77
7784 1755 59
7784 4462 60
7784 4190 90
2923 4969 94
2923 8633 33
2923 5585 66
2923 7619 58
4969 5201 82
3191 7290 78
3191 4877 40
3191 4511 48
8784 1428 54
8784 2493 99
8784 7009 83
3299 7700 2
3299 1421 43
3299 6006 40
3299 6792 44
7700 4832 61
7700 6579 71
7700 6662 41
3316 4671 41
3316 7063 6
3316 4510 31
4671 772 75
4671 7764 26
4671 8878 86
984 5020 29
984 6458 17
5020 7407 29
1715 1145 49
1715 6756 73
1715 5073 46
1715 2927 19
5728 8600 22
5728 6102 71
5728 4264 27
5728 4749 49
8600 7654 8
8600 1938 95
1419 6473 59
1419 8228 48
1166 2408 85
1166 9841 56
1166 2682 32
1166 2228 18
2408 3147 30
2408 4127 22
2408 2840 16
2408 9020 60
1009 4676 34
1009 5720 83
1009 6127 69
4676 464 76
4676 189 82
4676 4000 14
8190 7696 3
8190 6731 18
8190 348 90
8190 7931 3
1992 3655 1
3655 1548 45
3655 7371 80
3655 6428 72
3655 7681 62
1612 492 95
1612 5091 29
1612 8344 6
1612 3088 49
3390 9292 80
9292 3241 7
9292 7219 41
9292 3886 5
2053 5062 84
2053 380 78
2053 2637 6
2053 9123 84
5062 9020 83
5062 977 74
5062 4088 13
974 9004 43
974 2831 50
9004 3952 43
9004 6215 80
4234 1607 36
4234 8705 40
4561 7009 60
4561 4276 97
4561 4990 33
4561 3705 6
7009 4003 15
7009 678 44
1036 6068 4
1036 5387 53
1036 7538 26
6068 2543 6
6068 378 24
6068 1230 70
5615 3029 28
5615 5506 98
5615 7328 22
8482 2344 7
8482 6628 79
977 3394 66
977 5747 38
3394 5742 50
3394 810 38
3394 9512 4
1102 8758 77
1102 3754 70
1102 4055 74
8758 1146 32
8758 5340 80
2599 6295 45
2599 5187 38
2599 7648 99
6295 5779 32
8817 9495 29
8817 1337 62
8817 8105 71
8817 6928 8
9495 7869 64
9495 8210 38
446 4697 67
446 3498 15
446 9289 40
446 7826 38
4697 8751 65
4697 2522 8
4697 4875 14
1810 2446 39
9459 9789 88
9459 9116 5
9459 2422 87
9459 254 73
9304 1405 20
9304 5569 23
342 3440 11
342 6971 64
342 3849 16
2546 7573 49
2546 1521 18
2546 3503 57
2546 8704 57
2546 6999 86
7573 7974 21
351 1777 30
351 8559 81
351 3979 61
1777 2119 31
1777 6845 74
1777 7715 40
2171 5417 97
2171 690 84
2171 4853 8
5417 4711 27
5417 3201 48
5417 62 29
5417 8749 31
2442 9852 61
2442 7384 87
2442 2189 98
2442 1604 80
9852 9474 53
9852 6288 16
9852 472 12
9852 7138 69
2688 6875 20
2688 2638 17
6875 6162 21
6875 7308 25
6875 5198 43
3765 8950 15
3765 7334 36
3765 8314 22
3765 3980 40
4632 2080 75
4632 492 54
1950 3913 31
1950 7566 34
1950 8673 73
3913 5241 8
3913 5925 66
3913 5124 4
3913 5069 63
3863 9996 62
3863 5211 22
3863 9334 59
3863 3260 45
9996 692 31
9996 8134 39
9996 3033 31
5543 5897 46
5543 5798 32
5543 5648 94
5543 4699 71
5897 2929 57
5897 7768 11
5897 9647 6
5897 580 63
56 7946 56
56 221 36
56 9899 15
56 7492 37
45 7973 71
45 2283 65
5413 1200 71
5413 5655 89
5413 9592 9
6852 7532 73
4062 740 66
2601 5536 15
2601 4467 48
2601 4992 17
2601 9483 77
5536 1553 72
5536 4128 51
304 5645 46
304 8448 71
4710 9413 34
4710 708 81
4710 9568 51
4710 3179 94
587 9200 12
587 7932 20
587 5120 77
9200 1758 79
8776 5816 97
8776 4970 5
322 4093 81
322 6736 27
322 82 52
322 7311 46
2201 2569 45
2201 7254 44
2201 7268 67
2201 4642 78
2569 191 11
2569 5139 21
2569 7002 5
3565 2618 65
3565 9647 71
3565 4553 99
8439 590 77
8439 9514 6
312 5181 63
312 6048 85
312 6159 62
5181 1015 86
5181 3924 24
2199 6845 85
2199 805 19
2199 306 30
2199 3563 67
6845 6238 92
6845 4702 94
7709 8238 17
7709 5106 47
8238 9465 19
8238 2553 88
8238 4938 38
8238 1622 96
4753 7879 34
4753 759 23
4919 445 32
4919 9842 11
5700 8693 96
5700 2529 70
5700 5052 41
1676 264 68
1676 9486 24
9413 450 71
9413 5159 2
9413 534 100
9413 7510 81
5617 8582 51
5617 7580 60
5617 5172 15
5617 8707 30
8582 4538 78
8582 261 38
8582 4799 15
1875 2533 84
1875 4462 71
1875 9034 49
2533 9481 22
2533 5359 43
1121 6813 64
1121 2605 87
1121 6285 32
4883 8028 96
8028 2107 79
8028 4285 9
8028 6220 100
8028 5691 91
1827 4182 64
1827 4850 87
4182 7565 96
4182 5341 70
4182 9741 59
8178 2637 29
8178 4909 65
8178 9895 19
4650 1238 6
662 3627 26
662 3298 88
662 7398 49
662 1744 27
3627 2223 31
3627 8597 94
3627 2628 52
3627 5573 95
9111 203 45
2608 9069 2
2608 8004 17
2608 1651 92
2608 5270 17
9069 7371 92
9069 775 29
5107 7387 84
431 4633 20
431 4048 5
431 5337 45
431 5103 83
431 1241 70
4633 328 60
4633 9053 24
4633 4159 45
9522 3741 18
9522 1148 10
9522 3838 50
9463 9857 73
9463 9794 53
9463 6081 24
9857 2204 49
9857 3364 75
9857 8311 7
9857 8799 75
5435 9830 100
5435 7852 92
2478 4273 38
2478 9195 64
4485 9429 12
4485 3206 29
4485 3104 16
9429 5650 75
9429 4909 72
9429 6605 96
9429 7148 83
713 3915 56
713 8278 55
713 8853 1
713 5349 31
3915 6637 50
3915 2880 99
3915 4867 35
6982 771 36
6982 3486 57
6982 2703 66
4294 1311 90
4294 7562 44
61 7143 17
61 4051 56
61 4962 2
7143 2709 1
7143 7645 13
901 7534 78
901 8929 10
901 800 15
7534 6560 10
7534 6990 43
6386 2234 5
8376 5583 61
8376 4000 39
8773 9266 38
8773 5448 48
8773 6437 1
8773 139 85
7797 9077 35
7797 7621 19
9077 6810 28
5218 3150 13
5218 6149 51
3234 8726 5
3234 9402 66
3234 2624 99
8726 3912 46
8726 8919 78
8726 7768 75
8726 5329 65
6385 1528 30
6385 2936 70
6385 472 13
5425 1686 77
5425 4334 45
822 5147 60
822 4830 55
822 7345 89
5147 2702 80
5147 4253 80
6000 6548 33
6000 5974 23
3058 5467 34
3058 7875 34
3058 7554 42
3058 6413 44
5467 3028 26
5467 8497 15
1089 8814 4
1089 1513 63
3069 7463 77
9024 9355 62
9024 1253 55
9355 872 42
9355 2305 37
1417 9512 18
2327 3676 29
2327 142 57
2327 946 25
2327 7176 64
3676 8049 97
3676 325 48
270 8956 69
270 1906 49
270 3102 30
270 4071 76
8956 1935 43
8956 7442 10
8956 2 70
134 1713 23
134 55 91
134 1189 88
134 6754 51
1713 3745 61
1713 4766 13
1713 3617 61
1713 9537 92
2521 7864 24
2521 286 50
2521 5283 84
7864 9796 36
7864 6883 53
67 9536 91
67 9975 74
67 4279 29
67 1669 37
67 1326 48
9536 3173 96
3650 2322 25
3650 1878 59
3650 220 48
5391 9261 35
5391 5123 84
9261 2582 75
7355 8893 35
7355 1611 44
7355 2612 71
8893 6105 14
8893 9849 33
8893 6118 2
8893 2427 14
3712 7649 68
3712 8288 23
1116 3126 55
1116 2430 26
3126 3345 37
3126 8144 22
7206 8770 34
7206 5751 70
7206 4838 52
8770 7117 95
8770 1646 100
8770 9188 53
3092 6525 93
3092 8713 49
3092 3836 1
6525 5505 65
6525 9461 78
361 4966 6
361 950 63
361 8720 29
9081 2714 52
9081 3643 15
9081 2735 5
711 2259 18
711 9871 51
711 1784 56
711 3502 25
2259 28 62
2259 7912 45
2259 743 89
4153 6326 67
4153 2412 71
4153 9564 90
4153 5011 46
6326 6046 84
6326 4644 82
2410 2906 4
2410 4114 85
2410 285 41
2410 9466 7
2906 4119 44
2906 616 23
2906 5381 15
3327 5052 63
3327 6319 59
3327 3236 80
5052 4261 45
5052 4002 25
5052 1935 93
1226 6088 84
1226 6902 67
1226 8847 6
1226 9148 9
6088 5253 99
6088 785 15
6088 9841 13
9045 261 35
9045 5414 63
923 6087 57
923 534 45
923 462 29
923 7464 16
6087 4888 81
6087 8934 68
6087 1097 87
517 4727 90
517 3493 88
517 5868 50
4013 1648 75
4013 2417 61
4013 3745 8
4013 7134 6
4448 109 75
4448 2587 3
4448 8886 39
2600 4723 78
2600 267 73
2600 8851 11
2600 4124 59
4723 6284 50
4723 5463 34
2847 2974 40
2847 1379 94
2847 349 49
9592 2075 41
9592 9892 16
9592 7712 58
483 2874 3
483 5908 8
416 4943 92
416 1265 14
416 7402 57
4943 423 59
4943 5872 50
4943 1999 25
5403 7527 50
5403 8614 77
7527 5155 34
7527 7952 32
7527 5083 65
8239 3400 40
8239 7334 7
5289 4132 55
5289 7457 63
5289 3705 66
1591 5031 52
1591 6849 13
1591 3760 70
1591 280 23
1591 8486 85
5031 4755 18
5031 6952 58
5031 8945 39
5031 8966 15
256 7268 34
256 6792 27
256 9163 73
496 5996 42
496 9871 46
5996 3252 24
5996 6470 61
5871 9739 50
5871 9666 34
5871 7768 81
6726 8267 1
6726 6134 90
6726 8929 70
8267 180 94
8267 3486 89
8267 3284 58
8549 213 53
8549 994 92
8549 852 21
8549 1761 39
1952 9359 52
1952 4525 97
1952 1216 81
1952 5226 17
9359 7813 26
9359 1981 91
9359 9796 29
9359 3449 99
3875 7270 1
3875 8698 88
3875 386 29
3875 1895 78
3875 9310 53
7270 6567 61
7270 8354 47
7270 1910 16
9583 7822 10
9583 6915 23
9583 2630 72
2423 9967 76
2423 538 89
411 6073 99
411 8254 19
411 4556 32
6073 3209 23
6073 6402 2
4276 2654 42
4276 7386 60
6081 8879 40
6081 1946 47
6081 7092 80
6081 9117 88
8879 2487 13
5030 7390 93
5030 8395 86
2342 34 91
2342 8508 75
2342 6919 30
2342 2638 96
2512 6310 32
2512 2394 55
5146 9891 87
5146 9782 79
355 1448 47
355 6608 62
355 9666 23
524 2507 34
524 8351 34
524 936 23
2224 3572 19
2224 1335 93
6944 8557 80
6944 8262 46
6944 5284 94
4715 6321 71
4715 9173 7
4715 7104 41
4715 1293 22
6321 2918 71
6321 6401 42
6321 5148 75
6321 7911 78
2065 8081 53
2065 3793 91
2065 4814 44
8081 7348 10
8081 334 33
1736 9628 75
1736 103 50
1736 4027 84
4014 7405 40
4014 4360 38
4014 690 48
4014 8826 92
7405 4991 95
7405 9169 44
7405 1448 71
2548 4741 65
6847 7981 34
6847 2883 50
6847 1883 77
6847 2177 15
6847 6238 20
7981 8987 34
7981 7524 31
7981 3496 37
6570 6949 58
6570 4415 6
6570 8712 100
6570 1498 62
6949 2208 31
6949 912 28
6949 9107 8
6755 9331 44
6755 1340 18
6755 2757 12
6755 5326 36
9331 9798 49
9331 3465 6
9331 3295 65
6884 3812 81
6884 9213 80
6884 6215 18
557 8799 3
557 8890 71
2775 7840 14
2775 3970 40
2775 6886 93
2775 5416 65
7840 7456 95
7840 7989 47
913 8102 9
913 3228 74
913 7068 19
7738 8249 62
7738 4909 55
7738 4290 23
7703 8328 97
7703 7930 91
7703 9123 39
8215 7005 17
8215 7103 20
4058 5768 75
4058 7697 96
4058 9825 9
4058 5759 40
5768 1847 96
5768 9196 81
5768 3411 52
5768 2975 45
334 1988 48
334 8799 2
334 7454 75
1988 4154 85
8983 4077 54
8983 3449 4
8983 2867 97
5983 4073 68
5983 3019 50
9493 7472 31
9493 6973 5
729 5900 54
729 5462 81
729 1190 8
729 7716 64
5900 7705 4
5900 9897 74
5900 1756 90
2611 9664 48
2611 1379 10
2611 5109 12
9664 9550 26
9664 2382 65
3289 8029 33
3289 7362 15
3289 4089 40
3289 6364 77
204 8944 56
204 1524 52
326 2395 12
326 5242 35
326 8900 54
326 73 73
7792 9835 34
7792 4543 53
7792 1405 97
9835 3137 93
9835 7657 94
9835 3141 99
9835 825 96
529 7717 88
529 6678 19
529 1918 76
7717 8441 34
7717 3701 68
7384 9677 44
7384 4263 24
1636 5681 18
1636 5511 15
7233 0 20
7233 4570 40
7233 6937 17
1679 9842 44
1679 302 8
1679 5416 99
1679 5730 32
9842 1434 63
9842 3020 81
8748 8896 76
8748 8861 88
8896 6322 36
8896 5505 41
1630 2221 38
1630 4539 53
1630 51 80
2221 5278 6
4539 677 16
5936 8608 13
5936 3414 37
5936 8859 100
5936 5192 69
8608 3145 66
8608 916 64
2796 7508 2
2796 3358 88
2796 384 39
2796 3355 45
7508 5266 82
7508 6548 82
7508 4944 88
4477 5886 72
4477 8918 79
5886 8204 65
5886 5895 38
5886 7237 29
883 6958 24
4778 5060 52
4778 7707 45
4778 7416 48
4778 4904 88
5060 3868 4
5060 1705 22
5060 518 73
4616 4732 31
4616 5103 12
4616 2876 82
4616 3075 35
4732 4198 58
4732 3182 85
4732 2032 58
3513 5426 5
3513 178 63
3513 7567 49
5101 1577 36
5101 3415 25
541 1661 72
541 604 26
541 3817 7
1661 3665 64
6614 7890 84
6614 1601 98
6614 241 6
7890 9737 24
7217 819 78
5476 8737 11
5476 9108 24
5476 3737 58
5476 5706 65
2041 2852 52
2041 4263 74
2041 4570 59
2041 8584 66
2852 6372 11
2852 699 5
2852 4573 63
1631 4674 94
1631 5831 41
4674 9202 67
4674 2280 96
4674 9541 13
4922 2292 67
2597 1158 42
2597 7776 14
2597 2218 96
8966 9256 70
4538 5927 99
4538 3335 76
9214 1045 36
9214 1190 17
9214 6774 75
7991 9805 41
7991 6781 71
7991 3936 17
7991 2029 60
7991 6186 51
9805 9289 57
9805 3190 84
487 8020 41
1123 8940 82
1123 7092 32
1123 3771 3
1123 9744 20
3135 3187 20
3135 7880 57
566 9022 4
566 3046 18
566 7926 32
566 1239 16
9022 7836 74
1299 2047 87
1299 9411 34
1705 3818 73
1705 7000 74
3818 8620 5
3818 6039 27
3818 5760 98
7811 2821 12
7811 5670 63
7811 4774 2
9849 9906 100
9849 6197 72
6359 9400 72
6359 5907 9
6359 7589 49
3304 5015 28
3304 5993 57
5015 1538 84
5015 9337 41
995 2904 93
995 2234 60
995 6070 88
995 4168 28
2904 5895 21
2904 6647 21
2904 7165 31
5401 6489 10
5401 575 29
5401 7963 100
5401 3904 43
5401 6899 25
6489 4995 70
6489 9990 84
6489 2529 64
4917 9677 25
4917 666 10
1384 7560 18
1384 8245 19
1384 8148 43
1384 6733 100
7560 8621 76
7560 4090 52
7560 5923 14
2078 5303 56
2078 632 83
2078 8363 89
9804 2039 100
9804 4357 55
9804 6770 5
1906 1494 23
1906 993 56
1229 7622 48
1229 2375 18
1229 5047 73
1229 5568 97
7622 4236 80
7622 2069 15
1521 5967 69
1521 7334 82
8076 3715 15
8076 1382 90
8076 5600 29
175 2734 94
175 1927 93
175 7900 72
175 3075 78
2734 81 5
2734 741 40
1933 2405 15
1933 3011 77
1933 9277 81
1933 6347 45
8919 3877 2
8919 2070 69
8919 1859 26
7196 14 59
7196 7540 65
7136 3115 96
7136 8508 25
7136 9131 22
7136 6323 72
7650 3785 15
7650 7061 78
7650 1152 55
3678 9147 84
3678 4233 32
3678 8544 23
9147 7036 46
9147 5154 16
9147 5502 26
1023 9132 88
1023 2552 74
1023 7793 49
1023 6094 23
527 2026 97
527 1473 58
527 7495 51
7743 8034 12
7743 2949 92
5784 6361 69
5784 4366 82
5784 7228 56
5784 7363 94
6361 398 20
6361 2982 58
9357 8416 31
9357 4533 30
5154 4211 34
5154 2840 72
5154 8814 25
2430 8875 10
2430 1043 14
2430 8136 75
5026 5558 40
5026 6364 34
5026 9829 13
5026 6731 46
4245 5733 95
4245 4786 49
4245 5132 93
5097 7501 40
5097 1731 4
5097 9082 38
7501 2986 37
7501 8994 34
1437 3706 97
1437 3198 78
1437 178 37
1437 6157 63
1437 4478 65
3706 8086 85
3706 4679 77
3706 8009 27
3706 246 26
5033 6091 77
5033 2335 93
5033 5621 16
9516 6287 80
9516 5490 74
9516 7411 48
3697 3471 95
3697 5785 64
3697 3618 55
6409 8641 17
6409 6300 12
6409 8907 64
8641 1643 77
8641 3291 25
8641 3017 41
3785 3446 23
3785 8411 3
3785 2424 61
3785 4521 74
8895 2538 33
8895 986 68
8895 7779 30
8895 1256 80
4717 1877 4
4717 4985 22
4717 2772 92
8744 1860 79
8744 9895 86
953 4451 51
953 7651 59
953 7642 45
4451 3252 9
4451 6550 53
4451 2651 4
8 5500 85
1816 7101 61
1816 8772 52
1816 4085 100
8930 9480 60
8930 996 31
8930 8283 17
9480 3607 86
9480 4464 83
9480 8187 59
9480 6261 99
2918 3817 64
2918 8266 21
7859 4078 38
7859 5844 28
2926 823 57
7644 9911 29
7644 7801 73
7644 5727 65
9911 6157 43
9911 5761 52
9911 9873 59
9911 9574 86
9274 9567 91
6290 5268 30
6290 5654 98
585 3624 65
585 710 24
585 9135 88
3624 6863 28
3624 9095 88
3624 115 86
3624 3507 34
8194 7935 88
8194 6710 72
8194 4803 60
6671 9526 85
6671 2677 38
6671 2545 16
9526 6653 6
9526 5623 47
9526 3130 12
9526 3551 70
3667 1686 70
3667 6317 93
3667 5375 84
5073 6460 66
5073 6557 87
6460 5978 11
6460 7449 5
6460 1124 48
6460 4906 72
2837 4827 22
2837 8979 59
2837 9622 97
2837 5650 24
2837 2822 46
4827 4870 17
4827 7830 28
4787 3115 20
4787 2422 25
8498 5170 47
1337 1542 24
1337 1275 17
1542 9415 65
1542 1314 6
1542 9737 77
1793 8174 65
1793 4604 1
1793 7450 81
1793 4145 60
1793 1497 17
8174 9673 1
8174 9719 4
8174 7210 91
1862 3615 25
1862 3956 60
3615 3593 75
3615 1960 96
3615 66 21
3615 4981 52
2761 4401 76
2761 2768 59
2761 5847 92
4401 780 86
4401 7450 25
1568 2579 15
1568 4958 96
1568 3206 91
1568 9891 69
2579 1220 49
2579 7083 28
2871 3206 35
2871 7065 61
6969 3594 56
6969 1399 16
377 3836 65
377 5964 82
377 5838 84
3836 9971 4
3836 6502 42
337 7516 25
337 7282 64
6333 916 70
6333 5711 25
7266 920 63
7266 5928 30
1060 6495 27
1060 8425 63
1060 7503 80
6495 9410 31
6495 4850 15
6495 564 22
2976 9843 12
2976 9072 83
2976 555 94
2976 6597 38
9843 3734 15
9843 9162 20
9843 9309 58
4750 1382 54
4750 1259 100
1262 9827 91
1262 5607 60
1262 2550 71
1262 9397 89
9827 4142 94
2664 2689 29
2664 9268 79
4556 321 89
1096 1429 30
1096 3882 95
1096 5456 41
1429 66 76
1429 2479 27
1782 4386 14
1782 4073 71
1782 3480 26
1782 6139 85
4386 5899 82
3385 9489 57
3385 3117 1
3385 5665 79
3385 2914 87
9489 4913 85
4042 8661 89
4042 8019 64
4042 7369 47
4042 4284 44
861 6635 74
861 9276 66
6635 3097 2
6635 5466 4
6635 3908 100
2272 4371 12
2272 8410 77
2272 4629 85
2272 9123 87
4371 1696 61
4941 5512 42
4941 3201 22
4941 5625 15
4941 9870 87
5512 2253 53
5512 4990 36
5512 8941 25
5512 3695 23
8164 8559 26
8164 3181 29
8164 2298 81
2657 7595 63
2657 4038 69
2657 521 2
2657 427 72
7595 7097 27
7595 7619 71
7595 3295 56
1536 9591 41
1536 5526 24
9591 0 9
9591 6768 61
9591 2128 56
4891 4885 30
5404 279 65
5404 7007 26
5410 7653 30
5410 7556 89
5410 5462 14
5410 6842 46
5410 1860 98
7653 124 49
7653 216 59
1127 8605 11
1127 1864 39
1127 2845 62
8605 4573 59
8605 9044 16
5762 1157 59
5762 6194 69
5762 3086 82
4415 9176 95
4415 9248 87
994 7313 35
994 4432 67
2799 3864 21
2799 7151 80
2799 4887 27
3864 4248 90
7117 2421 74
7117 9496 56
9049 243 47
9049 1779 29
9049 1878 93
9085 1607 21
3974 6985 34
3974 9751 42
3974 1055 42
3974 8342 53
6985 4492 72
6985 5451 94
6985 4179 39
8657 9158 24
8657 6514 97
9158 3134 62
9158 9788 42
9158 9573 20
2184 5439 29
2184 3020 32
2184 2782 83
5439 9104 64
5439 3851 56
9545 3979 30
9545 3015 59
9545 5013 92
8715 9513 91
8715 1752 39
8715 3723 60
9513 5167 76
9513 6509 42
1733 8107 3
1733 2395 10
1733 2107 4
1733 1072 57
3029 4035 91
3029 4283 96
3029 871 92
4290 2621 58
4290 4828 99
2985 4006 42
2985 3531 87
2985 7451 10
2985 6374 34
7585 9144 61
7585 95 40
7585 3843 19
7585 1044 66
9144 9987 20
937 1473 68
937 5386 46
937 2890 76
1930 6811 98
1930 6258 62
1930 7592 89
1930 3872 12
6811 4990 65
6811 6050 21
6811 738 26
2391 7431 85
2391 7404 37
2391 9836 2
2391 2810 68
3993 6422 73
3993 526 20
6422 8965 74
6422 6064 68
4387 8271 46
4387 6264 72
4387 5293 9
4387 8095 35
2776 8710 65
2776 7715 60
2776 7879 27
2776 2541 65
8710 1628 60
7180 2631 82
7180 1602 93
7180 1723 68
1572 5009 90
1572 8929 92
1572 2762 63
5009 6550 13
5009 285 89
5009 33 25
2395 5847 61
2395 1004 91
121 2929 14
121 9114 39
121 4740 98
121 9263 71
121 7535 87
2929 6416 71
2929 8136 72
5739 1926 5
5739 2077 8
5739 8861 76
5739 4230 3
4604 6487 1
4604 9017 59
4604 7335 19
5682 568 43
5682 2511 54
5682 676 18
1704 4532 13
1704 8981 41
1704 2232 18
1704 9352 44
1704 3632 90
4875 4747 62
704 8193 58
704 8816 35
2538 8269 75
2538 9686 90
2538 1956 21
2538 4194 68
6748 5371 48
6748 4912 15
2035 9851 56
2035 5481 35
2035 7880 4
9673 5517 78
9673 580 6
9673 4434 40
9673 8244 10
3252 4822 9
3252 2953 28
7065 8461 80
7065 5406 8
8461 4681 25
1131 8271 92
1131 5019 82
5723 8025 7
6538 8944 43
6538 6769 77
6538 5443 55
8944 7998 98
8944 4218 8
8944 9104 61
1190 5600 36
1190 9676 57
1190 4135 30
5600 4888 93
5600 1202 46
5600 1626 41
5027 6813 63
5027 8713 59
5027 3671 78
5027 3204 42
6813 8269 12
6813 5850 67
6813 7880 57
6231 3000 81
2148 9503 46
2148 4510 85
2148 4238 12
2148 9012 76
5942 6038 83
5942 102 93
5942 4672 36
5942 9310 14
6038 5229 56
6038 5583 27
6038 1507 24
6038 3783 34
203 8458 93
203 6661 44
203 9120 6
5693 6465 65
5693 9072 77
5693 9809 69
5693 7154 85
5693 6597 56
6465 5910 66
6465 2809 27
2214 8932 44
2214 4562 63
2214 1745 18
2214 758 60
8932 7914 63
8932 6092 80
1185 7452 42
1185 3999 10
9256 4826 67
9256 4825 95
2113 3373 92
2113 6913 66
3373 7306 4
3373 1664 29
1920 3732 82
1920 217 89
1920 6913 88
1920 1038 58
1920 7785 55
3732 2665 33
3732 3103 98
3732 6927 37
3272 2167 47
3272 9187 68
39 755 17
39 2825 90
39 1520 36
755 3893 8
1256 4542 65
1524 7381 42
1524 9371 48
1524 2090 40
464 9713 79
464 2872 61
3626 5176 85
3626 6494 59
3626 9773 80
5176 5676 96
5176 4606 60
6903 9176 25
6903 461 26
6903 9793 79
9176 4337 57
9176 2667 3
9176 1768 56
4508 9765 66
4508 7571 66
4508 9946 8
4508 5348 29
4508 6694 29
9765 9021 35
9765 6899 65
9765 1606 67
9765 8522 29
2412 4729 38
2412 3439 28
2412 3130 57
7523 1660 98
7523 6331 50
492 7020 6
492 8041 51
3367 4134 17
3367 4981 54
3367 7092 46
3367 5796 60
4134 6008 80
1520 8470 82
1520 4738 51
1520 9094 92
1520 8599 45
8470 571 5
8470 1035 66
9454 1743 20
9454 6384 97
2602 6868 29
2602 9251 84
2602 544 30
3372 8090 42
3372 4390 2
604 5586 16
604 1212 100
604 7657 32
604 4889 73
5586 8798 51
5586 4446 2
5586 9166 89
5586 7138 90
3895 7040 80
3895 3671 96
3895 1820 38
7040 364 97
7040 2811 12
1459 6962 29
1459 1045 59
1567 4816 49
1567 2967 55
1253 9415 79
9415 5446 94
5976 9219 32
5976 2212 54
5976 4707 41
2901 9565 85
2901 6203 24
2901 7557 88
2901 2619 35
2901 2378 59
9565 9531 68
9565 8661 67
435 7470 66
435 1006 25
435 2336 50
435 6715 42
435 7862 21
7470 397 69
7470 6451 63
7470 6025 52
916 5299 7
916 5068 75
5299 9713 72
5299 8916 62
5299 9381 44
1941 5206 76
886 4886 73
886 6793 67
886 2983 49
9799 5524 54
9799 8241 82
9799 1516 93
9799 9005 81
8253 1958 66
8253 5630 63
8253 834 98
4375 8673 88
4375 4133 9
7450 3909 77
7450 9139 12
5927 9083 43
5927 7319 82
5927 801 15
966 5951 97
966 3854 36
966 5525 17
966 6445 89
966 6552 46
5951 3072 5
5951 1375 62
5951 3851 32
842 4171 49
1494 3704 10
1494 3141 85
1494 6488 54
9172 2144 80
9172 4127 90
5865 9506 97
5865 7803 66
1269 5171 92
1269 5956 77
1269 6238 24
1269 9646 5
5171 159 88
5171 251 77
6580 8633 10
6580 6836 54
6580 7618 94
6580 8240 47
8633 637 4
191 6305 56
191 7950 45
191 7279 14
6305 3167 73
6305 5546 4
6305 819 15
6305 1738 94
444 6397 31
444 677 32
444 8875 2
2080 3052 50
2080 9953 98
2080 7323 16
6690 7458 69
6690 3049 24
7458 6972 67
7458 5710 80
7458 7661 39
7458 7155 33
6086 2659 63
6086 4100 69
7588 2325 12
7588 2900 2
7588 9168 25
7588 9665 89
34 978 19
34 3723 74
34 6789 5
4120 6703 51
4120 1317 59
4120 3710 100
4120 3389 52
6703 6803 95
6703 31 81
6703 2208 92
4175 6670 89
4175 6410 18
4175 6264 18
3509 6549 84
3509 8856 91
6549 3608 46
6549 1322 29
7907 7539 37
7907 2865 69
1222 4951 24
1222 305 60
1222 8640 21
4951 1748 97
4951 54 16
137 4914 78
137 4630 79
137 6110 57
137 2213 27
137 8898 85
4914 896 12
4914 7439 17
4914 9266 30
1055 9160 11
1055 9262 78
1055 815 89
9160 8525 36
9160 7268 83
5838 9285 95
5838 3910 87
5838 3904 64
5838 6473 41
9285 8763 71
9285 3465 37
2762 6507 73
2762 305 33
2762 9624 12
6507 5363 73
6507 8301 30
267 1762 13
267 1259 34
267 9225 92
1762 5322 43
1762 9384 24
1762 8014 12
6390 7546 5
6390 2722 5
7546 9561 100
7546 8232 30
7546 4704 15
4263 5353 32
6029 9783 47
6029 5023 12
6029 3341 86
6029 1234 35
2353 1495 75
2353 8635 10
2353 925 41
8624 1048 28
8624 3348 12
2753 8283 57
2753 3800 19
4554 9388 25
4554 5315 84
4554 8495 100
4554 5991 43
9388 1115 38
9388 7067 25
8157 57 89
8157 9685 71
8157 4369 64
5288 4704 60
5288 4928 1
5288 2494 64
7605 7152 79
7605 3448 51
7605 5994 61
9820 7165 71
7533 1224 70
7533 2341 21
3628 5633 50
3628 5764 81
3628 6286 91
2784 3017 7
2784 6026 45
2784 7861 14
3017 1457 52
3017 5866 94
3017 2513 23
4949 4694 13
4949 9095 26
4949 6257 71
4949 5087 66
303 1553 18
1553 4241 83
4356 753 71
4356 4431 38
7267 7795 99
7267 1767 75
1584 6605 92
1584 7358 60
1584 6023 4
6605 4400 65
6605 3856 95
6157 6166 73
6157 629 64
6166 4975 69
6166 1781 69
6166 5268 68
6558 7264 2
6558 7039 33
6558 6836 13
7264 5037 84
7264 1823 63
7264 8311 56
7264 744 34
9628 5958 31
9628 8309 60
3782 7930 4
3782 8798 84
213 8161 93
8943 2105 97
1038 1369 93
1038 8477 3
1038 1482 9
1369 2138 1
1369 452 55
1369 102 50
1369 7503 51
9179 4533 26
8606 1939 92
8606 7555 2
8606 6762 35
8606 2665 49
672 3463 72
672 9100 93
672 8958 16
3463 9865 38
3463 7881 84
3463 8670 24
3079 2633 93
3079 2983 36
3079 253 92
3079 693 45
2368 4593 56
2368 5940 76
2368 7983 1
4593 2297 35
4593 2033 40
4467 6894 29
4467 8480 91
4467 8323 41
6894 7396 3
6894 208 18
6894 2361 47
8345 1241 48
8345 642 90
8345 6650 76
2384 7755 58
2384 1909 88
2384 9683 91
2384 3219 94
2384 99 15
7755 9381 85
7755 9658 44
7755 5903 46
7755 4675 18
2869 9490 30
2869 7067 13
9490 1309 41
9490 8031 52
9490 1073 76
8948 5850 96
8948 4974 5
31 5537 82
31 1680 38
31 2007 75
5537 4629 2
5537 3800 2
751 8078 47
751 4537 69
751 4310 66
751 3200 89
751 3551 5
8078 3946 89
8078 2945 35
8469 642 41
8469 1019 13
8469 699 83
4470 8279 43
4470 6466 5
4470 2695 81
4470 3228 39
1629 9515 84
1629 8328 77
1629 8227 15
1629 1857 86
9515 5025 94
9515 2376 83
7973 9877 3
7973 9971 26
7973 6826 60
8492 8693 40
8492 4312 7
8492 2365 19
8693 3104 56
2434 8222 58
2434 9886 74
2434 5416 74
8222 7205 97
8222 5944 58
8222 6354 49
8222 6897 42
6307 3816 35
6307 2329 79
6472 6685 26
6472 1668 1
6472 4114 6
6685 5155 83
6685 2284 74
1424 3633 32
1424 1696 81
1424 4799 32
3633 8988 26
3633 4272 58
3633 1789 7
2335 9906 94
2335 5967 82
2335 2800 59
9906 678 37
9906 8144 74
9906 5533 36
6424 6644 71
6424 6129 28
6644 7338 37
1790 9059 48
1790 4766 45
1790 6909 89
1790 8675 4
9059 72 47
9059 2147 52
4789 9173 82
4789 2989 75
4789 8211 9
9173 4118 96
9173 909 34
1081 3644 50
1081 6410 46
1081 8557 73
1081 7404 45
3644 1379 34
3644 2966 62
3644 1363 90
8928 7435 29
8928 7101 39
8928 6122 70
2463 4614 48
2463 4713 83
2463 1872 63
2463 9 32
2463 1743 12
4614 6581 4
4614 6138 85
5571 6202 80
5571 2833 17
3806 4128 46
3806 2811 11
3806 3010 9
3806 9775 24
4128 6868 77
4128 7593 11
1667 9642 62
1667 6821 34
1667 9091 45
225 4598 9
225 181 2
225 4661 44
225 7964 94
4598 5915 55
4598 238 4
4598 1660 6
4926 7542 48
4926 4390 74
4553 9311 27
4553 4551 96
5047 1282 13
5047 3914 4
6439 3059 56
6439 3061 6
6932 5354 73
6932 99 49
6932 3243 42
6932 3846 57
43 7186 65
43 4268 43
43 731 95
43 8287 47
7186 9595 35
7186 1068 59
2537 6885 38
2537 3691 98
2537 6594 45
2537 2295 12
3851 4453 15
3851 1731 39
815 9149 83
2187 5120 91
2187 1574 38
2445 1296 42
2445 4455 95
2445 9440 73
2445 4691 5
7381 246 83
9309 5919 9
174 3855 84
174 4218 29
174 3886 58
3855 2244 71
286 4850 45
286 2839 32
286 9097 93
4850 4832 88
4850 1794 1
4830 493 79
4830 5798 68
519 5960 68
519 4289 89
519 2594 82
519 5648 69
519 3413 52
5960 8894 19
5960 8557 86
5960 1615 33
6607 6592 73
6607 5488 100
6607 6608 98
2811 8814 52
8814 3734 86
8814 9572 93
7202 6515 14
7202 9653 35
4352 7097 51
4352 6061 58
9146 2137 70
5246 8031 19
5246 2682 7
5246 1535 96
5246 9858 6
8031 7291 64
2374 9190 31
2374 393 33
2374 499 71
9190 8095 42
9190 2701 77
8040 8679 58
8040 1962 86
8040 4207 78
8679 5383 89
8679 1385 89
3527 5918 26
3527 1869 91
7887 2973 83
7887 7453 8
7887 8717 96
88 1586 99
88 1648 4
88 5495 8
1586 474 63
1586 796 37
1586 6320 77
6512 1577 38
6512 390 53
4521 7748 97
4521 7002 22
4521 5124 40
4521 4620 80
7748 3491 31
7748 2940 26
7748 9451 95
2632 777 16
2632 9007 41
2632 5742 79
4343 9139 84
4343 1216 25
4343 1362 9
9139 3713 63
9139 8106 89
9139 9120 3
3096 4637 56
3096 4658 6
3096 5283 74
4637 4192 30
4637 9649 6
758 9867 43
758 9335 9
9867 445 34
827 5308 30
827 7407 47
827 8774 74
827 3041 62
827 393 12
5308 578 4
5308 5746 45
5308 3775 61
5308 6696 15
1505 5371 61
1505 6827 96
5371 4262 23
5371 7449 15
7608 7506 67
7608 983 37
1758 4895 68
1758 1838 26
1758 8352 91
3698 4274 69
3698 6273 42
4274 567 86
4274 366 12
4274 5611 53
2332 3030 2
2332 9016 82
2332 722 25
4349 8920 100
4349 9977 27
4349 7571 42
8324 9601 48
8324 8497 24
1885 1606 8
1885 3589 34
1885 1654 2
2137 7691 93
2137 2701 86
7691 9202 74
7691 2975 20
7691 6793 61
3281 8308 22
3281 6389 84
3281 8870 37
3281 666 97
8308 8916 30
8308 242 22
8687 6091 33
8687 5229 36
8687 7830 3
4873 4982 7
4873 195 90
4873 1325 58
8694 6454 51
8694 8611 78
1574 6238 76
1574 7179 4
1574 885 10
247 8358 61
247 6077 9
247 7020 16
247 3264 20
247 2866 14
8358 3561 12
8358 5321 53
8358 6134 34
4249 8041 81
4249 5919 39
4249 28 32
5596 8894 36
5596 1886 3
5596 9759 79
8894 8634 6
8894 1421 79
1692 6397 27
1692 7362 94
1340 5253 22
1340 4196 51
1340 5705 7
5253 5474 5
5253 4978 99
5253 8907 35
7547 9230 40
7547 5840 84
9230 1162 39
9230 8204 80
9230 7279 15
2488 9961 44
2488 3428 59
9961 7545 89
9961 6395 56
3816 4279 71
3816 2365 33
3816 8377 22
4279 5574 24
3453 2270 98
3453 3260 81
3453 7943 52
5254 877 3
2051 9652 50
2051 8747 85
2051 8560 26
1457 3735 4
7760 603 100
7760 8515 15
7760 4630 37
6067 7144 50
1043 4325 34
1043 1293 35
1043 3713 11
1602 658 11
1602 9891 73
3097 5318 76
3097 7030 33
3097 3914 28
2223 6669 28
2223 9812 12
2223 1467 68
9762 5624 81
9762 3521 99
9762 629 76
9762 3210 74
1352 9935 86
1352 6050 25
1352 8677 69
9935 7494 90
9935 8587 64
9935 3721 41
9935 746 87
4863 7191 30
4863 4733 9
4863 8357 83
7191 1067 72
7191 9769 60
7191 2023 47
6040 8850 99
6040 4257 20
6040 3363 15
6040 8499 91
9542 2484 22
9542 6041 40
9542 1461 26
9542 5928 97
726 3242 2
726 6080 97
726 1388 72
726 2647 64
3242 6309 60
3242 6929 76
6937 7715 77
7715 1645 89
7715 3966 82
2503 6124 80
2503 1943 93
2503 1579 86
3523 8342 6
3523 1548 55
3523 5384 31
2218 3054 16
2218 8639 33
2405 4606 17
5686 5158 100
2422 3032 68
3032 249 99
6210 1087 11
6210 8409 85
6210 53 90
4117 7909 32
4117 5760 92
4117 5911 36
4117 4334 78
7909 5575 14
7909 9594 12
806 9851 78
806 7770 37
806 3474 77
806 6898 76
1935 5989 99
4911 4257 59
264 2406 58
264 7306 46
264 8303 32
264 3059 70
2406 8809 55
2406 2427 53
8437 5319 52
8437 4784 1
8437 4498 82
1385 2220 21
1385 9744 77
7994 6956 59
7994 7156 71
7994 4591 78
100 9330 98
100 90 43
9330 1677 88
9330 6902 53
5896 4011 22
2479 5794 94
2479 7903 100
2479 8680 14
2479 7379 57
5794 5985 29
5794 3823 72
5794 2623 43
3786 3046 47
3786 3972 11
3786 8262 59
3786 9287 90
3502 5892 52
3502 3050 28
3502 8144 11
6743 7983 97
6743 6784 57
7983 8926 22
7983 8258 95
542 7165 32
542 2510 27
542 2778 100
542 5035 44
6026 6395 54
3800 7397 69
3800 5187 69
7397 9957 68
7397 3132 71
7397 9000 3
7151 8071 46
7151 5369 78
9713 8602 14
19 4803 39
19 7000 58
19 3552 70
19 5453 3
4803 5485 77
4803 9811 99
4803 63 68
161 9582 85
161 5887 25
161 1786 61
9582 5068 26
9582 3223 4
1599 5758 46
1599 7379 86
1599 7392 54
5758 4534 26
5758 8967 16
5758 6369 52
5758 5063 7
280 3797 92
280 5272 6
3797 1760 89
5968 6243 11
5968 4104 99
5968 5901 93
6243 2635 8
6243 8464 84
5627 5975 89
5627 315 36
6473 8630 75
6473 6268 10
8630 7377 77
8630 2204 79
8630 7809 70
8630 4824 48
5222 7325 18
5222 1951 28
5222 911 9
5411 1252 29
5411 7518 49
5411 6609 79
1216 3337 82
1216 5243 68
1216 7821 39
3337 9589 100
3337 614 14
2749 3537 88
2749 474 55
2749 6355 51
2749 5962 51
2749 586 24
3537 7082 12
3891 9743 56
3891 4939 49
248 667 18
248 9426 15
248 2068 96
667 4603 7
667 6025 27
2860 7908 30
2860 5560 93
2860 240 55
8302 2586 22
8302 3969 23
843 4854 82
843 6176 50
843 1464 86
6077 3173 92
6077 902 35
6898 5384 31
4712 4646 65
4712 6283 5
4712 693 84
1215 4024 97
1215 9162 11
1215 3214 72
4024 5284 73
4024 602 53
4024 3872 29
6750 7194 76
6750 6351 94
6750 9368 25
7194 3634 2
7194 1004 86
6862 4478 23
6862 4363 86
2945 2662 94
2945 6415 17
6874 530 93
6874 8818 15
5229 3331 86
5229 8570 48
8979 5904 92
8979 4400 64
7204 7604 6
7204 2941 63
7204 3147 45
6567 8707 50
2033 1697 99
9626 2328 18
9626 8353 11
3965 8887 23
3965 5213 84
3965 2328 29
8887 3802 99
8887 1761 82
235 5019 76
235 9358 4
1910 7824 37
1910 5341 22
1910 3045 73
7824 4831 7
7824 131 14
7824 7821 44
1559 4675 98
1287 2183 12
1287 5481 89
1287 4640 58
1287 2348 73
2183 8136 3
2183 7004 14
636 5981 75
5226 7056 17
5226 3363 40
7056 7977 3
7056 5011 75
1552 5083 29
1552 95 96
1552 6257 14
5083 8813 28
5083 5772 52
5083 871 36
5402 8975 17
5402 4188 86
5402 5029 97
5402 4037 63
5402 5929 46
8975 5029 41
8975 8673 6
4681 226 41
4681 8740 71
4681 6240 24
1097 2250 84
1097 927 93
1097 1582 9
5611 707 62
5611 4691 90
1956 4385 96
1956 8203 69
4385 7261 7
4385 2220 52
4385 9750 99
7949 8592 36
7949 4519 22
118 1859 33
118 4653 9
118 865 18
118 3940 55
4080 4272 31
4080 1578 65
4080 3691 1
4080 9012 68
4272 2371 6
2328 5626 99
6962 5284 37
6962 6925 59
103 4745 37
103 6377 8
8508 109 57
7231 7402 12
7231 3200 68
486 9610 82
486 8523 70
486 2782 70
9610 6048 22
9610 637 17
9610 1007 41
1924 5786 62
1924 7963 76
1924 5939 65
5786 373 50
5786 4004 78
2101 3204 68
2101 7312 18
2101 2865 9
3204 5930 25
3519 4584 29
3519 4991 57
3519 799 63
429 3599 63
429 5918 48
429 3544 9
3599 7663 52
3599 1880 27
3599 5956 84
1021 1259 27
1021 8281 31
1021 4537 49
1021 1880 68
1021 677 87
57 8328 58
57 1018 63
2419 8210 17
2419 1413 67
2419 1012 8
5950 4465 25
5950 4325 31
2866 1030 44
5962 8622 88
5962 1511 7
5962 1664 56
6911 1329 3
6911 8573 61
1592 9719 36
1592 401 67
9719 9181 31
5295 5148 98
5295 2303 42
5295 9815 8
5295 1966 86
7200 6514 22
7200 6751 60
4247 8332 12
4247 4178 49
4247 1333 30
4143 9152 20
8987 4534 10
8987 8475 46
8987 5937 3
1680 3308 57
3308 2824 50
3308 4523 41
3308 9675 79
9691 7855 56
9691 6312 39
2679 5264 38
2679 7116 86
5264 2143 46
5264 9109 73
5264 9362 42
1927 3939 69
1927 2092 23
3939 21 98
3939 1082 58
3939 3358 39
1353 8548 92
1353 6814 61
1353 1590 1
8548 7855 85
8548 8665 22
1098 1613 34
1098 6193 58
1098 8317 51
1613 6144 48
1613 8198 98
1613 6908 71
2492 4703 51
2492 3683 83
2492 9750 15
4136 7080 78
4136 7410 21
6352 7839 73
6352 8146 56
3498 3756 68
3498 3916 79
3498 2803 14
7482 2156 22
7482 8108 46
4019 9599 70
4019 7577 66
4019 5585 93
5864 7022 80
5864 9873 3
5864 7564 92
5864 8418 42
7022 6848 88
7022 8180 1
7022 7868 25
8350 9769 54
8350 2233 55
8350 9914 84
8350 1498 30
9769 5796 95
5972 8053 40
5972 131 22
5972 7543 49
5972 7796 21
8053 8968 98
8053 3458 79
8053 1814 49
7651 564 92
7651 8448 74
7948 3893 21
7948 7803 58
7948 5681 22
6189 6049 12
6189 6487 69
423 7876 13
6338 7063 83
6338 8202 60
6338 9715 7
7063 7445 77
7063 3445 24
5669 6150 28
5669 9397 9
5669 5319 47
5669 1594 51
6150 3268 97
628 1825 16
628 5676 45
628 3497 82
628 3113 15
1825 7471 48
1825 832 79
8221 4160 85
8221 1748 67
8221 5262 47
8193 5687 30
8193 73 25
2788 7785 23
2788 851 82
2788 7962 38
2788 1565 82
7785 6968 88
1766 4879 86
1766 7034 27
1766 7190 95
1766 5182 30
4879 3181 78
4879 9634 42
3089 6959 41
3089 5069 87
3089 1840 86
3089 7697 70
3089 7030 43
6959 9248 12
6959 7822 13
9021 8415 93
9021 8933 20
9021 4066 34
2161 5847 34
2161 9130 13
5500 8004 57
5500 7614 45
2560 4336 6
2560 800 82
2560 9213 21
2560 9067 50
2560 6283 45
3617 2390 64
3617 6320 69
2305 4002 26
2305 3419 68
2305 8868 61
4002 2204 17
4002 2268 97
4002 3531 80
2325 7852 79
7852 3592 37
3100 7848 35
3100 1926 95
3100 2652 60
7848 3045 55
7848 1267 23
8737 7426 66
8737 6372 3
8737 8004 89
6384 16 71
6384 8247 7
6384 5457 32
1148 5193 6
1148 9008 52
5193 3040 31
5193 1073 87
6802 8994 56
6802 8836 63
6802 544 61
8994 4777 57
8994 4312 72
8777 2593 84
8777 7263 8
8777 2303 5
7982 7461 79
7982 6661 96
6979 8341 60
6979 1757 94
8204 131 90
8204 4390 51
8204 800 62
783 5445 42
5445 6892 34
5445 3630 36
1959 5636 35
1959 5632 98
1959 870 91
6056 3677 96
9666 8816 2
9666 5855 57
2744 6277 39
2744 6241 64
2744 904 21
2744 8837 10
6277 8438 84
6277 2766 86
2665 787 20
2665 3010 62
4179 8702 63
4179 6837 68
7325 9277 21
7325 4100 45
7325 8824 14
9277 5388 51
9277 4488 37
6017 1135 53
6017 753 27
1268 6666 14
1268 7793 17
1268 237 72
1755 8772 100
1755 1189 23
1755 2898 69
9890 6369 19
9890 8188 74
1803 6719 98
1803 6301 4
1803 3171 73
1803 141 100
1803 5360 90
6719 1994 56
6719 900 44
2520 2417 13
2520 1606 100
5607 4178 15
348 5651 14
348 5363 74
5651 5103 84
5651 722 83
5651 4222 93
4392 5622 91
4392 4106 8
4392 8173 84
4392 6783 2
5622 4026 46
5622 2482 49
9773 3470 54
6058 4300 38
6058 8740 15
6058 7358 38
6058 1582 59
4794 4928 91
4794 8921 76
3182 2112 83
3182 1298 37
3591 8727 63
3591 8565 81
3591 989 19
3591 3956 18
8727 2944 70
8727 6661 51
8727 2839 29
8921 8551 75
8921 1362 66
4195 1510 24
4195 858 88
4195 2577 70
4195 5034 25
4026 771 97
4026 9741 37
4026 3104 96
4084 2182 88
4084 536 36
4084 912 100
4084 6765 58
321 7746 65
321 8259 13
321 1909 67
321 905 86
7746 8487 88
8538 359 55
3167 9876 9
3167 9942 66
3167 3149 30
578 5475 68
578 217 17
578 376 17
8004 8012 67
8004 2231 47
8809 657 32
8809 2957 49
8809 6659 2
8809 3596 74
349 9072 71
641 1378 25
4284 6977 100
4284 9000 82
4284 2102 28
6977 1989 29
6977 7945 27
6977 8552 14
6977 3410 51
5657 7475 66
5657 8017 97
5657 9233 46
3598 6649 96
3598 7688 88
6649 1180 2
6649 1178 55
2058 4459 13
2058 1328 48
4488 9601 31
4488 5577 78
9601 4455 33
3909 963 100
3909 5764 30
3909 904 67
8093 1152 13
8093 9969 14
8093 4447 24
1086 5468 17
1086 5505 1
1086 8014 44
5468 5709 61
5468 4739 10
5468 2552 51
1331 9196 79
1331 1054 35
1331 4824 31
3381 3637 67
3381 3265 5
3381 457 58
2712 6798 57
2712 9287 7
2712 9646 74
2712 3145 11
7696 5108 28
2987 3389 100
2987 2623 86
1962 7209 31
1962 4267 28
7209 2365 27
7209 7628 43
6471 9983 21
6471 2554 4
6471 8410 19
6471 1495 38
9983 7066 69
7693 4888 59
7693 1376 78
7693 9335 75
1135 8677 33
6286 1585 87
6286 4707 32
5816 6331 38
5816 5428 60
5816 2003 55
1200 325 40
1200 6589 89
1200 5923 92
5206 583 90
9126 7603 94
9126 1961 57
5419 6861 76
5419 4867 70
6861 4939 91
6861 2016 79
6861 6380 49
5821 6841 69
5821 8923 72
5821 738 35
5821 2773 69
6841 291 71
8309 9118 29
8309 6725 13
8309 62 9
9076 6679 10
9076 5349 32
9076 4248 56
6929 6049 99
6774 2487 4
6774 612 1
6774 1004 75
2001 6487 5
2001 7835 8
29 9590 63
29 7342 64
6682 9187 49
6682 1168 83
66 5387 81
8192 9483 98
2182 5691 30
2182 2928 67
2182 2343 47
1669 7471 16
1669 5834 25
1669 5103 75
7471 3392 29
3154 5937 100
3154 9671 46
3154 6233 96
5937 1655 41
7147 2309 11
3287 2217 63
3287 4601 6
3287 7931 3
3287 2119 7
4940 8551 36
4940 7097 6
8798 7442 11
1990 4264 96
1990 8071 59
1990 9902 78
4264 632 96
5388 8813 46
5388 4944 38
5388 7080 26
5388 4110 21
8813 5201 85
8813 16 81
8690 2156 2
8690 1504 72
8690 8573 21
1765 5085 69
1765 4055 37
5085 4267 39
5169 6416 75
5169 8645 100
5169 331 20
6416 7141 91
6416 7613 24
6416 4591 69
6679 9312 57
5049 5533 68
5533 5535 39
5533 1475 92
5533 7769 26
5233 311 87
5233 7862 35
988 6902 1
988 6468 93
8577 8620 65
8577 8547 92
8577 2831 6
8577 9264 18
8620 8056 72
8620 4078 40
1074 8735 57
1074 8010 89
1074 3099 95
8735 2169 47
8735 5200 76
8735 4985 90
3338 6769 36
3338 2833 59
3338 9622 93
6488 7978 51
6823 8424 34
6823 6377 37
6823 7093 72
6823 7862 48
8424 7978 67
8424 5296 7
8424 4154 22
3793 6451 70
3793 8009 27
3793 6185 13
7628 5350 50
3766 4559 55
7479 7947 37
7479 8082 45
7479 4964 96
7947 2651 68
7947 5671 13
8709 4422 65
7518 9780 82
7518 4354 16
7518 8088 82
7518 2605 28
9780 6423 31
9780 8479 3
3187 5780 80
3187 5188 56
3187 5513 3
5780 1403 58
3168 4784 36
3168 1604 16
3168 871 52
2174 9823 95
2174 1483 18
2174 3478 66
1309 1814 58
1309 6655 5
5662 6833 54
5662 4224 7
5662 2647 97
6833 1377 36
6833 3386 82
6833 1184 7
5507 8652 24
5507 7453 2
4193 900 47
4193 4816 87
186 1991 87
186 50 76
186 9016 58
1991 9373 3
1991 135 19
1991 3512 45
241 8868 39
241 2729 31
8868 1883 35
8868 4465 100
72 5347 29
72 5248 60
4492 8378 4
4492 6033 52
4492 4071 87
4492 9652 2
8378 736 84
8378 6127 44
8378 627 86
206 9813 96
206 4259 31
206 8342 14
206 2217 47
9813 2565 49
4609 4859 99
4609 9894 47
4609 5593 77
7926 4557 10
7926 6278 97
5426 7845 54
5426 2735 2
5426 5433 90
7845 5908 63
7845 5148 87
7845 2519 68
7845 4075 66
1995 7106 50
1995 5740 55
1995 1053 93
563 3447 44
563 593 65
6125 9033 54
6125 4248 44
6125 583 54
6125 5578 39
3208 1044 86
3208 5187 79
9682 1227 57
9682 456 21
2112 6615 14
6663 8811 12
6663 1100 29
6663 7305 2
8811 6984 72
8811 8210 78
6909 6786 96
6909 32 88
4316 7589 4
4316 9720 11
4316 4898 82
1539 2731 98
1539 4505 88
1539 3371 75
1539 4437 95
3229 5714 59
329 6190 91
329 4224 71
329 2431 30
329 6522 24
6190 940 5
6190 7487 74
6190 7166 94
2653 1404 19
2653 1947 11
2653 4233 64
2653 5644 75
1588 1869 48
1588 3563 70
1869 7027 54
4268 8619 100
4268 2911 88
4268 7290 35
8619 6139 45
8619 9437 30
8619 5293 20
457 6375 58
457 7237 28
457 7389 35
457 4028 9
6375 1129 64
6375 9365 79
6375 793 13
6509 4990 4
6509 126 33
1589 5477 84
1589 3046 65
1589 8970 4
1589 2424 56
2216 5575 53
5575 7093 26
3200 5745 37
5745 1386 63
5745 4623 19
4590 4421 88
4590 1267 66
4590 5636 23
9871 1138 53
9871 3954 8
2378 7538 86
2383 2840 23
2383 5333 39
2383 648 3
8231 8551 91
8231 6752 62
5732 3846 43
5732 5759 71
1458 1745 93
1458 5999 12
1458 148 24
1745 6082 57
482 7656 89
482 8254 77
482 3239 83
2900 2063 39
3683 3754 80
3683 9396 55
3683 7957 33
3754 1484 48
8090 9431 14
8090 1601 18
8090 5302 66
9078 9845 41
9078 8041 33
9078 8676 63
339 4544 28
339 6232 84
339 5448 85
339 4262 90
4544 4783 41
4544 164 60
4544 3440 70
1377 4701 59
6589 8191 23
6589 1986 59
8191 1708 66
8191 7509 39
8191 3392 88
3471 3147 100
7036 7190 48
7036 7689 93
7036 2856 94
7036 6258 32
7190 8374 27
7190 3880 80
7190 4027 70
2118 6840 84
2118 1399 38
2118 7598 25
6840 3930 78
6840 5817 55
6840 6415 63
5966 2453 82
5966 9782 50
6542 7971 48
6542 1898 85
7971 1916 79
7971 8137 30
2710 4658 62
2710 7801 14
2710 6127 64
2710 7599 3
2710 3413 33
4658 5873 32
127 8394 10
127 4744 14
127 8428 44
127 9311 6
8394 1947 69
8394 3355 58
8394 3142 66
2381 4132 87
2381 9497 74
2381 9335 93
6219 257 8
9938 5564 32
9938 1079 43
9938 5311 57
3503 7025 9
3503 8835 61
2250 3442 62
2250 5764 97
2250 3220 12
2250 8079 39
6547 4086 5
253 7752 6
253 8009 46
253 8751 68
7752 2955 66
5406 5902 73
5406 1749 55
5406 9095 36
5902 9091 11
5902 5665 66
5902 333 44
5902 2720 86
7836 9471 85
7836 1425 11
7836 4241 100
9471 8861 98
3115 3781 29
3115 2836 78
3115 5349 91
3781 2014 94
3781 5267 1
3781 2715 48
5978 1238 88
5978 7491 22
805 8473 81
805 9685 46
805 8617 23
1770 7954 82
1770 1484 14
1770 8156 99
7954 9461 70
7954 7288 7
7954 3180 86
2344 7950 73
4444 9439 31
4444 2232 51
4444 5363 86
4444 1319 30
9439 9737 67
6646 9209 8
6646 3555 74
9209 4338 69
9209 9901 16
9209 6146 60
3524 3366 92
3524 5626 3
2036 4934 24
2036 8659 75
4565 6733 13
4565 9234 22
4565 6511 87
4565 9325 29
6733 4675 64
279 4196 67
279 8941 24
279 7431 85
4196 3292 6
4196 3262 8
4196 9698 48
9975 4507 8
9975 1410 65
9975 68 24
7061 7069 27
7061 6236 67
8255 8650 78
8255 2541 15
8255 2279 73
8255 7142 63
8650 2480 48
3141 6264 86
3141 5374 90
9520 1360 73
9520 6031 63
9520 341 35
3364 531 24
3364 344 98
4603 8156 60
4603 2927 73
4603 8019 83
4603 9208 34
8156 997 17
9164 9400 50
9164 383 51
9164 2295 72
9400 3768 79
9400 7788 74
7075 8738 94
3329 4838 43
3329 4623 94
3329 4262 8
743 579 44
6140 8475 88
6140 4828 29
8475 695 27
8475 8283 58
8475 1308 58
1957 8114 97
1957 6953 42
1957 5185 58
2659 6897 89
2659 9252 14
2659 452 12
2659 391 86
6897 2550 35
6897 712 30
6897 6313 33
3646 7054 59
3646 3612 57
3646 7343 77
940 6174 32
940 403 98
3403 2586 88
3403 1018 24
1672 4362 19
1672 6724 50
1672 9957 94
1672 8849 62
4362 7248 62
4362 6634 17
9614 9986 99
9614 8993 73
9614 7786 50
9986 4037 22
9986 8018 92
9299 8931 15
9299 3024 46
7495 9723 58
7495 2858 5
7495 363 58
3382 4473 46
1368 5829 67
1368 1569 1
1368 5933 97
1368 2685 64
5829 4992 96
5829 7032 9
89 3787 95
3041 9656 83
8599 7550 31
8599 1918 72
8599 8815 66
2007 4244 57
2007 3350 88
2007 2103 94
4244 9282 88
4244 4020 67
4244 2778 5
4244 7580 88
6138 3621 76
6138 4519 56
1740 3723 40
6202 6828 10
6202 126 14
6202 5958 6
6202 1812 8
6828 5956 18
6828 6569 29
6828 3291 44
3045 1403 52
3045 1401 19
4507 8937 43
1968 5420 76
1968 4938 40
1968 2206 73
5420 7524 41
5420 9850 70
5420 6533 27
2308 285 5
2308 7678 93
9548 5742 12
9548 7287 67
9548 1100 39
1781 3147 90
1781 5063 30
1794 4486 58
1794 5215 50
1794 3024 30
4486 7519 9
4486 4363 55
7484 2752 22
7484 6406 6
1926 5418 12
1926 5840 19
1578 3618 25
1578 7168 26
7020 2421 67
7020 3248 50
5167 8965 84
1124 8401 50
1124 8511 12
1124 3328 46
6144 7990 71
6144 2634 31
6144 4141 35
5323 6993 5
5323 5309 46
5323 7360 54
5323 3481 90
6993 8086 91
2238 5415 87
2238 5220 30
2238 6477 74
2238 2417 82
6724 9057 45
2708 8747 93
2708 4085 6
8747 6770 3
8747 6149 26
8747 9851 94
1444 5837 47
1444 3129 53
1444 8680 72
9995 820 65
9995 1035 60
9272 9551 50
9272 7268 77
9272 2123 73
9272 4747 97
9551 5632 75
9551 6988 13
9551 6555 35
7492 4106 37
9566 7380 14
9566 6651 14
5880 4052 45
5880 7007 45
5880 6057 14
1113 7041 13
1113 2435 51
8835 3335 53
4944 8636 93
4944 2435 98
8636 7489 91
8636 7718 89
8636 8849 87
493 556 72
493 9465 37
493 8051 58
6927 9955 89
6927 6474 55
6927 1326 48
4662 2206 46
4662 1886 36
4662 6438 41
7223 2867 62
7223 673 18
4503 2928 30
3020 5495 58
5185 9637 26
5185 5879 32
5185 9124 90
9637 7778 65
9637 3449 38
9637 2427 90
7265 4289 46
7265 2166 39
7265 623 94
1145 5268 21
1145 5183 76
3056 1946 42
3056 94 36
3056 3313 42
364 4022 43
364 5048 69
3431 4149 6
3431 8907 27
3431 4724 74
6296 164 15
6296 106 89
1575 7759 35
1575 1974 19
1575 4211 14
8417 1364 85
8417 2432 54
8417 7879 20
172 4011 69
172 1917 93
2974 1744 97
2974 904 24
2974 7749 20
3334 3183 67
3334 6261 54
3334 7404 16
8233 4762 62
8233 5805 60
7032 1243 35
7032 4110 84
7032 8356 13
3491 2102 66
3491 7881 22
2586 4800 77
2586 5215 75
9177 9798 47
9177 8227 100
9177 6855 24
9177 5923 35
9177 4118 95
9798 7681 45
9798 8499 9
1554 9589 22
1554 2857 35
1554 6952 53
1554 9904 43
1554 8026 89
9589 1125 68
9589 7291 37
9589 9905 49
3620 9498 3
3620 7088 81
3620 1495 56
9498 8241 23
9498 1741 78
9498 5907 100
9498 6758 23
7735 3828 86
7735 4322 34
7735 2897 4
3015 3446 26
3015 3869 59
2767 6778 83
2767 8018 94
2767 2582 68
6778 3262 36
6778 5814 51
6778 3454 27
6778 2032 85
8292 8479 31
8292 8780 4
8292 8173 16
8479 654 67
6262 9166 16
6262 1596 27
6262 3310 82
6262 9645 20
9166 1852 82
3371 4071 80
3059 6024 9
3059 8335 95
3059 5291 55
6024 4439 52
677 5903 45
677 4118 90
5839 9363 32
5839 8778 91
5839 2482 35
6380 7293 43
6380 5589 51
7293 6740 50
7293 3828 29
1883 4529 45
1883 7663 96
4529 4741 48
5290 9541 29
5290 5163 23
5290 5710 92
9541 6372 29
9541 287 100
1054 1395 52
1054 6736 4
4073 7758 57
4073 5567 94
4073 9744 48
1497 4843 57
1497 8991 90
1497 6971 17
4843 3075 15
4843 2965 34
8926 9882 63
9882 9968 97
9882 3916 56
5958 9945 70
5958 2779 34
4644 7272 73
4644 3185 15
4644 8201 35
4644 8547 60
7272 2213 25
7272 9278 65
1583 1239 61
1583 7846 93
3837 6425 12
3837 7614 16
6425 603 82
6425 9494 38
9115 8570 1
9115 6803 13
1350 9481 92
373 8611 76
373 9904 11
373 9219 3
373 266 20
8611 8061 78
8611 4673 32
1622 2376 80
1622 3411 1
6684 7084 17
6684 4707 73
7565 5342 36
7565 7977 12
6014 9706 99
6014 1501 23
6014 5733 2
9706 8824 84
1547 5845 12
1547 5711 44
1547 2967 40
1547 2878 71
1547 9075 94
1886 5311 24
1886 4443 78
3098 8314 83
3098 9889 6
8314 554 54
8314 7279 79
8314 3737 8
5113 4037 68
2505 4767 73
2505 6155 91
2505 2304 57
4767 7467 4
4767 8294 34
390 1209 55
390 722 14
390 4085 11
1209 8446 48
2454 2735 16
2454 2212 61
2454 4533 20
2454 4838 82
2735 1985 42
2735 7529 55
9091 6734 91
9091 5240 20
1461 6712 82
5906 9348 53
5906 5201 35
5906 7826 60
6061 8126 44
6061 5291 39
6322 4640 17
6322 3181 30
6322 5621 48
6322 6651 32
8856 9233 4
8856 554 35
8856 8317 59
3237 7318 97
3237 5708 14
3237 5192 100
3237 2253 11
3237 7678 87
7318 2911 70
7318 3424 51
7318 4906 45
7801 9503 90
7801 9979 64
7801 7891 16
1349 7503 36
1349 9349 9
1349 3613 57
1349 2618 83
4686 7273 8
4686 7575 58
4686 5993 9
1381 7661 77
1381 6413 99
1381 616 48
1381 8947 36
3607 7183 93
3607 1311 18
3607 8112 44
5957 9148 51
5957 5158 82
9263 9944 83
9263 5013 22
9263 9858 58
9944 7410 18
2119 4966 9
2432 4189 16
6236 9502 85
6236 4474 100
6236 5302 31
9502 8823 27
1460 1146 30
1460 5460 72
2915 6214 36
6031 6976 73
6031 5213 37
6031 3215 47
4170 3916 86
4170 7152 82
4170 2348 27
1701 9829 24
1701 6971 49
1701 7256 13
1701 8216 18
1701 4213 50
9829 1456 38
9829 1689 59
4259 8219 99
64 4506 33
64 2466 71
64 7874 9
4959 4765 58
4959 5924 56
2351 2593 12
2351 3374 36
2351 8847 68
2351 1478 64
5070 171 79
5070 3399 56
5904 9264 19
5904 2810 46
1668 5343 41
1668 8859 20
5343 5708 52
5343 7380 91
5343 3106 63
5343 4805 98
8050 2890 61
8050 5224 91
2297 2304 67
2297 5490 26
5907 9919 68
5907 9067 65
5907 7945 6
9919 872 88
9919 9683 44
9919 8459 63
582 1863 99
582 5307 46
582 8501 88
1863 2845 71
2868 8861 48
2868 8094 71
2868 9997 32
9704 5638 84
9704 6915 4
9704 78 49
3542 3194 93
3542 5775 34
3542 7391 27
7237 3538 6
7237 1654 96
4459 6445 95
6401 6145 27
6401 6991 51
6401 9114 43
5708 4559 58
5708 8947 48
4511 5490 35
8203 4087 57
6611 8328 90
6611 3260 26
6611 4762 9
6611 7282 72
6611 6656 7
8328 3594 1
3777 8281 7
3777 2700 67
3777 8218 51
8281 1291 78
8281 9535 58
8281 5844 3
4081 3677 43
4081 4774 15
688 2043 50
688 5585 42
688 2068 69
688 911 9
2043 3155 30
2043 4164 57
2043 924 63
2398 9487 50
2398 3832 56
2398 6438 3
2398 4052 54
2398 1708 90
9487 7563 5
9487 6244 51
9487 5243 90
9487 7057 21
1548 5877 53
9917 8165 56
9917 9953 60
6335 8148 72
6335 2147 13
6335 9293 57
4208 5242 13
4208 3843 2
4208 2093 92
5242 536 94
8369 6980 56
7140 8484 11
7140 1208 94
7140 4289 33
7140 4573 69
5538 7712 45
5538 4828 51
5538 2959 41
5538 6344 36
7712 5520 16
1963 7438 97
1963 2480 37
1963 6294 10
7438 5796 13
7438 3296 68
695 8517 73
695 7177 75
1092 3493 48
1092 102 46
1966 4703 81
1966 3391 99
1966 7498 25
4703 622 62
3088 3117 50
3088 6374 21
3117 8632 96
3117 9783 61
3423 5720 87
3423 2534 81
1533 8793 5
1533 4314 75
1533 2831 97
1533 3376 1
8793 8285 62
92 5903 15
92 1517 26
92 8223 61
92 1157 13
4149 9334 4
4149 1288 74
4149 5210 58
9334 6217 49
9334 4574 79
1496 1448 10
1496 848 91
1496 794 4
5814 8899 77
5814 5429 79
5814 8718 18
8899 8528 50
1010 7705 10
1010 9130 48
1010 2572 14
1010 1276 18
7705 14 16
7705 6650 23
436 4400 28
436 9219 75
436 5350 93
436 9347 14
436 8400 92
4400 6336 20
1162 1822 18
1162 8400 2
5398 9371 45
5398 629 43
5398 8276 68
9371 9510 1
9371 6339 49
4126 8091 20
4126 3760 45
6371 9696 94
6371 220 7
6371 1019 100
6371 7795 60
4473 5911 83
50 8724 2
1486 8923 83
1486 2965 24
8923 8245 9
8923 4496 24
305 2946 73
305 739 97
8150 2621 97
8150 5302 29
8150 6328 88
8150 8403 62
4321 4849 96
4321 6229 77
4321 8300 95
4849 384 37
4849 3432 65
6721 7914 62
6244 6924 64
6924 362 21
6924 8176 3
6924 534 70
5266 1234 93
5266 2132 38
5473 4541 75
5473 4113 75
5632 5035 63
5632 1042 85
5632 6094 95
2779 1798 86
2779 2989 13
2020 8456 2
2020 7525 91
8456 3730 41
8456 2615 26
8456 9603 99
4119 2494 73
4119 7042 80
4119 8939 28
1260 4158 76
1260 6278 5
1260 4001 14
1291 3328 34
1291 1616 61
3328 3093 28
6510 7955 55
6510 2146 78
6510 6981 93
6510 3481 21
6510 622 33
7955 1538 100
2143 4462 38
625 4406 65
625 9208 96
625 8563 35
4406 1763 43
4406 3087 88
4406 8473 49
4406 6863 12
3492 5532 16
3492 8351 82
3492 4887 58
3492 5071 41
3492 747 18
5532 5818 93
9097 1410 31
8796 8406 24
8796 2480 41
8796 7380 26
8796 6991 93
9506 741 50
696 8379 22
696 3805 97
696 9621 6
8379 5545 55
8379 6303 90
8379 8686 34
8379 3387 76
1495 2909 43
624 9442 41
624 6356 23
624 1820 18
624 1861 49
624 6233 8
9442 3999 83
9442 9410 41
9442 7769 73
9442 7552 49
6528 9997 27
6528 2768 40
2920 7445 4
2920 5117 20
6339 7563 55
380 6855 23
380 9191 7
7291 7900 74
7900 597 24
7900 9645 4
7900 863 56
6310 8967 11
6310 8082 87
6310 2638 67
6310 1003 99
8967 6434 31
8232 9962 46
8232 2630 35
8232 4704 60
528 4607 51
528 9231 79
528 1491 75
528 8847 22
4607 9340 61
4607 3870 65
820 7469 16
820 7279 29
4020 9015 49
4020 9447 12
9694 3882 20
9694 6025 78
9694 4191 99
9056 5855 80
9234 4337 99
9234 5613 73
1138 5475 55
1138 3745 96
1138 8820 68
5475 4133 3
5475 6323 7
5475 7455 56
4213 8782 7
4213 6656 20
8782 294 36
8782 6784 38
4691 7094 33
4691 8276 36
7094 8505 32
7094 7461 39
7094 3690 19
4007 8504 25
4007 4447 46
3469 1109 92
3469 7874 23
3469 383 79
9528 3036 11
9528 6350 63
9528 9168 12
6674 9220 68
6674 2877 64
6674 5817 86
6674 6265 74
9220 2577 52
2253 2046 69
2253 5872 38
2253 810 64
2883 9149 96
2883 1059 70
8278 2246 23
1601 8740 46
1847 6484 28
1847 120 21
3407 5312 42
3407 7779 80
5312 2322 14
5312 2768 62
5312 7176 15
1173 9202 99
1173 9231 65
1173 7000 88
1173 6814 77
9202 434 66
8517 7934 17
1898 7391 15
1898 4517 86
1898 8673 19
7391 1188 82
7221 8958 37
8958 1648 14
8958 4258 77
5257 7259 17
5257 7098 4
5257 2090 57
5257 514 7
7259 4641 65
3295 6426 68
7716 3943 64
5241 3847 33
5241 9739 30
5241 6145 56
5953 8945 53
5953 1708 50
6206 8170 67
6206 6723 47
6206 6670 40
6206 6842 100
3521 3943 91
3521 3811 27
1723 9252 46
1723 217 14
1801 6348 6
1801 4971 91
1801 7671 34
1801 74 73
291 1511 32
291 1594 34
291 1224 46
2090 6406 74
6406 9231 42
6406 9402 91
4004 358 55
5349 485 24
5349 8375 27
297 4562 62
297 22 95
297 7057 26
4562 3370 8
4562 3064 3
7357 6564 14
7357 478 16
1822 3355 14
1822 302 25
4982 8501 45
4982 852 3
4982 2798 91
8501 7636 46
8501 9567 32
7532 684 7
7532 5100 25
7532 1393 80
4928 5986 71
4928 8402 76
4928 3434 44
5986 5547 5
5986 9625 19
196 3991 37
196 6391 69
5546 5764 48
5546 6714 32
4493 4761 64
4493 3811 33
386 5923 18
386 764 17
5923 5634 79
1234 830 8
1234 362 51
8756 648 23
8756 2252 61
794 9555 32
794 4298 82
3677 8084 2
9642 9452 100
9642 714 55
6239 2093 20
6239 2713 50
4821 9381 59
4821 708 10
7235 7246 5
7235 5332 8
7246 8643 63
7246 2522 96
7246 4132 14
294 5179 2
294 5208 61
294 3773 47
294 8248 34
5179 934 71
6258 1774 6
6258 9333 58
6205 9360 42
6205 5577 96
6205 2181 70
9360 3021 3
9360 7647 34
379 9424 94
379 55 13
9424 359 10
9424 2652 3
9424 7468 94
3853 4169 22
3853 1540 1
3853 70 14
3853 4583 78
4169 2855 33
4169 7590 33
4169 8444 38
4204 372 22
4204 6765 63
4204 7182 72
8505 4739 29
8505 4112 88
9823 1799 82
9823 5634 7
5511 2082 64
7085 614 71
7085 6072 5
7085 9125 94
904 3768 79
904 7825 14
3768 2541 49
3768 8332 33
8652 4629 74
7913 8406 41
7913 7708 3
7913 1943 93
8406 1569 23
8406 8914 30
2193 4286 64
2193 6357 6
2193 3268 86
8659 9916 41
8659 8651 84
8659 5646 36
9916 7984 24
9916 5560 21
9916 5977 21
1374 3286 64
1374 3596 90
1374 4617 77
1374 3512 21
1374 1125 88
3286 8372 46
3286 4258 98
6886 3370 76
6886 4476 23
7543 9990 14
7543 7931 43
575 3783 2
575 6814 21
6356 1596 28
6356 21 56
7821 9537 83
7821 2213 70
3910 4248 16
3910 4510 14
3910 924 48
3910 7764 81
4248 7649 52
4032 8261 88
4032 1140 7
1757 9129 35
1757 5075 12
1757 135 42
5524 741 93
5524 8313 89
1608 1512 8
1140 7562 85
1140 5042 73
7562 2189 62
7562 9892 90
9854 9114 98
9854 3052 31
9854 7273 20
903 6259 36
903 3474 56
903 7045 54
903 2203 32
9936 6457 38
9936 6543 45
2845 5213 35
5213 8716 21
1931 1594 44
1931 4145 39
1743 9905 48
4640 2874 12
3414 8524 62
3414 6300 32
8524 9932 5
8524 2333 29
475 3738 36
475 9062 15
475 3022 6
3738 7025 8
3738 4338 62
3738 7550 36
8900 7141 89
6481 6108 41
7034 9649 7
7034 356 92
7034 7732 22
3916 7580 18
7580 8614 87
7580 895 22
1569 5629 90
8210 8480 26
8480 4055 70
8480 3757 100
5342 2763 72
5342 508 61
5342 7876 57
189 1813 100
189 85 89
108 8483 25
108 1006 2
3419 4680 48
3419 6892 88
4680 2695 95
4680 6771 92
4680 5251 93
4680 7810 19
2212 4216 53
2212 315 34
9880 4358 40
3971 814 83
3971 3510 94
6023 7089 26
6023 4998 28
6023 257 3
7089 3908 72
7089 8353 53
7089 6745 95
8341 5943 27
8341 3395 8
8341 3348 25
1660 9597 40
1660 3352 96
1660 4017 17
1687 5182 23
1687 8559 35
1687 2094 27
5182 4888 67
5182 7106 23
8542 3180 100
8542 9129 29
1759 9877 77
1759 8869 11
1759 7997 77
1228 7767 91
1228 9117 70
1228 3695 72
4739 6891 95
4739 7786 91
0 1363 16
622 2702 87
3631 5451 40
3631 8700 18
3631 7306 61
3631 3507 45
3631 9979 39
5451 9171 50
5451 1981 16
5451 1483 98
8134 9908 24
8134 5719 63
8446 1206 47
9845 764 81
9082 187 79
9082 5755 95
9082 8621 16
6950 9599 40
2930 6354 39
2930 5175 62
2930 4659 63
5433 3084 29
5433 2914 79
3006 5310 1
3006 1993 15
3006 8105 83
1146 1370 80
1146 8423 68
1370 3430 48
9607 7039 74
9607 7985 34
9607 5944 59
4946 9117 12
4946 8395 92
4946 7493 8
5221 3425 52
5221 3355 52
5221 763 77
5221 6260 15
9932 9363 56
9932 2233 72
9932 9870 93
6404 9143 28
6404 7771 54
6404 9748 80
9143 9171 16
9143 514 100
1696 4439 51
1696 3091 43
4439 538 86
5100 4872 46
5100 9005 18
2723 2966 92
2723 9505 66
2723 1708 89
2723 7103 72
2966 9821 11
2153 3411 88
2153 8532 54
891 7802 27
891 7583 57
891 7356 39
891 2685 31
7802 1266 17
7563 2292 24
7563 4068 84
6893 1087 73
6893 94 6
6893 9723 37
3389 5890 27
3389 3517 86
5091 6892 68
5091 5567 63
5091 5219 99
2682 6725 27
2682 2553 81
2682 720 94
6725 1288 73
9034 7361 29
718 7782 32
9114 2705 89
2540 5329 16
2540 685 99
2540 4368 76
2540 7873 16
5329 3173 27
5329 6487 84
5329 2037 87
5767 8276 40
5767 8848 18
8276 8662 92
3331 6137 95
2489 6303 1
2489 8635 19
2489 9737 44
2489 3155 70
6303 9668 43
6303 5925 51
6303 5999 12
3880 6502 71
2012 2177 2
2177 8610 71
2554 4446 94
2554 3300 8
2554 3034 52
4446 4022 85
9 5178 12
9 5853 56
610 9603 96
610 5456 33
610 2087 69
610 795 89
610 848 57
9603 6208 20
6041 5684 27
6041 4653 92
3443 5483 47
3443 6494 14
3443 4738 70
5483 6159 53
5483 2280 67
7654 1806 60
7654 2763 11
7654 795 89
2905 8115 45
2905 1800 33
4708 4447 100
5428 3987 41
9968 8269 67
9968 295 74
9968 1621 35
5219 4559 56
5219 8180 45
5219 7433 81
8248 4819 97
8248 7420 68
8908 5172 15
8908 8825 69
9252 3933 37
6643 5944 18
4097 4241 65
4097 852 62
5340 1421 70
1938 8778 90
1938 3124 62
8778 9517 99
8778 2721 22
1697 6137 84
1697 9187 91
4331 9836 45
4331 4572 20
4331 1546 65
4331 8704 25
9836 6796 25
9836 577 85
547 5251 13
547 518 42
547 6555 90
547 8820 65
1319 4010 85
1319 9101 76
4010 7195 35
4010 998 74
4010 401 26
7455 5023 98
7455 8877 30
7455 7328 49
3724 4324 74
3724 5817 7
3724 6838 86
4324 20 49
4324 3007 74
4324 3030 16
4324 340 65
8981 2952 86
8981 6539 23
6781 5007 57
3978 1616 15
3978 7553 74
714 8892 29
714 8442 31
3543 9122 53
3543 5037 56
6484 7182 100
6484 3510 8
1227 5462 75
1227 7148 81
3511 3341 27
3511 3478 85
9503 7642 21
9503 2453 42
9503 1283 13
4217 4826 1
1378 4672 98
1378 753 25
5201 8962 52
3236 6537 35
7356 8464 27
7356 3748 28
8464 7914 19
8464 5673 58
7467 3568 6
7467 8763 93
7467 6503 2
3172 3072 40
3172 6790 25
3172 4912 75
5941 4129 88
5941 7015 81
3161 5449 31
3161 501 65
3161 4055 73
3161 8870 88
5449 7656 52
5449 9510 35
1538 4043 79
1538 2027 52
1538 393 91
4043 2752 75
478 6919 95
6033 6919 17
6033 736 7
6919 7522 86
780 9325 81
780 4496 63
780 9953 66
780 7876 81
8283 3634 52
8283 9748 54
220 9748 10
9904 516 96
9904 8920 16
5751 6557 28
3301 8088 27
3301 2027 78
3301 4594 14
8088 6466 81
8088 8249 27
4104 1286 56
4104 6731 3
9242 6110 51
9242 3832 54
9242 4358 99
9242 3497 75
1220 4707 80
1220 8826 58
1220 9794 73
4086 9711 44
4086 6537 76
4086 4453 62
9711 5577 42
9711 6554 95
9711 7592 65
9711 5623 36
571 2133 74
571 8980 1
571 9035 74
2133 5016 85
2133 5626 13
2133 1271 70
2133 3798 70
5775 272 76
5775 2361 83
5775 5646 94
5443 8931 3
5443 2453 54
5443 9095 88
8931 8391 59
8931 6965 81
6990 7796 10
6990 2518 29
6990 8725 5
1893 1529 13
8006 2598 5
605 1902 40
605 5436 62
1902 7731 63
1902 9785 99
1902 6655 59
9396 9658 16
4510 2894 1
5455 8352 2
5455 6232 22
8352 5195 49
924 6758 4
924 8684 95
6758 775 66
242 8616 18
242 5007 17
8616 153 18
8616 8288 31
8616 3087 3
1276 4931 37
1276 7031 55
1276 852 62
4931 6821 50
8559 8351 7
8559 6094 35
612 7643 46
612 9889 1
612 6661 25
7277 6155 51
7277 6456 95
7277 8831 51
7144 3300 39
7144 6289 30
2138 3391 43
2138 75 57
2138 3717 84
3391 614 11
3391 8356 1
3391 2437 14
9348 3510 99
9348 7645 5
9348 8440 17
6410 7069 19
2098 2757 60
2098 432 65
3710 2320 87
3710 1806 29
3710 1447 61
7540 4366 17
7540 3869 93
7540 6793 38
318 8096 9
318 2567 25
318 661 47
7211 9293 27
7211 617 92
7211 8458 20
6704 1477 91
6704 1771 42
6704 2877 65
1329 7170 42
1329 2100 5
1329 6765 86
7170 9387 29
4357 9153 72
4357 7279 40
4357 1903 89
4357 5109 32
9153 7728 47
9153 819 59
9153 2577 34
5570 8999 48
5570 8854 92
5570 7326 97
5278 9410 54
5278 9009 19
536 1106 59
536 3356 43
9862 6555 57
9862 7392 5
9862 2882 38
9862 6398 90
1958 8905 21
1958 5262 88
8187 73 12
8187 3256 90
5344 7152 81
5344 4889 32
5344 6267 33
3881 8804 4
3173 1860 89
3173 2181 63
9468 8359 55
9468 4958 91
4464 9373 44
4464 1989 50
9373 9736 57
9373 6883 19
8780 5581 2
8780 5593 18
7464 8570 35
538 2637 3
7522 2517 49
7522 3034 22
7522 9451 4
8634 8675 25
8634 8713 69
3360 7815 29
3360 9365 99
3360 3670 42
8441 5235 19
8441 1376 1
8441 1823 88
2593 1191 91
2593 8632 85
1100 8779 27
1100 4113 57
5381 8522 39
5381 6628 31
2862 7100 76
2862 7910 33
7100 955 2
7100 6777 100
7100 5071 25
1115 9426 62
1115 1689 5
1115 3747 50
8136 9846 9
4964 5294 8
3137 5879 55
3137 1666 21
4156 2959 18
6752 6389 21
6752 1025 33
6752 8831 14
1772 7069 37
1772 9774 55
1772 3350 90
1772 817 18
6505 6366 38
6505 6288 89
6505 1267 33
6505 5720 63
6167 8775 23
6167 7345 9
6167 4826 23
8775 3022 31
8775 7659 5
8775 8877 83
3715 2700 51
3715 4431 76
3715 1607 50
9494 9886 20
9494 4524 22
9494 3318 20
9886 9933 1
1191 9677 63
1191 8092 92
1191 6543 10
9514 2911 64
1189 7825 17
4432 9006 69
4432 6608 98
9006 2109 87
9006 6814 58
1546 9998 13
1546 5108 65
9649 3246 11
9649 7858 10
6885 480 65
6885 5576 22
8660 4559 24
8660 7313 81
4981 6188 94
4981 6348 49
6188 6782 54
6188 6327 72
741 668 95
7989 8458 7
7989 5583 12
7989 4884 65
8458 7142 96
8458 1407 96
7707 9751 50
7707 1689 89
2517 3375 90
243 6186 14
243 3761 82
6186 3 27
6186 8836 62
5485 1263 70
5485 1683 83
5485 8509 62
1090 3584 57
1090 764 63
3584 4551 70
2824 9170 18
2824 2085 94
9170 5805 1
9170 4443 98
7974 9751 19
9033 2469 67
9033 8661 53
9033 9245 53
7663 8823 62
7663 9302 8
8823 5348 5
544 5894 56
544 2362 20
8547 2003 80
8547 5150 28
2453 8665 18
6449 6878 46
6449 9067 13
6878 3480 31
6878 8163 23
5112 2588 73
5112 2815 34
5112 8718 79
2299 4976 67
2299 6497 4
2299 698 41
4976 7064 87
4976 5984 87
4976 1344 78
2323 5562 6
2323 5817 60
5562 1285 83
5562 4334 32
5562 7768 91
4454 5866 90
4454 4586 41
4454 5436 91
4454 905 60
5866 6044 44
5866 669 93
3979 4160 97
3979 5279 84
2188 5145 57
2188 859 34
2188 7855 80
2188 6908 37
5145 1202 81
5145 6028 88
2136 6908 89
2136 3684 29
2136 3279 96
3007 9385 89
9385 8918 56
9385 9266 71
9385 2572 69
168 8240 93
168 3731 48
168 7554 74
168 7132 38
168 9901 5
8240 8837 41
7689 3400 75
7689 8717 74
7689 5908 90
3488 9253 48
3488 4932 24
3488 2855 49
308 5935 87
308 2469 59
6115 1999 27
6115 8313 30
6115 1947 100
6115 9251 53
2228 7553 24
2228 2231 86
2228 9567 51
7553 6421 16
7553 195 3
2819 3268 33
2819 2455 42
2819 4857 25
3268 2700 57
2003 7002 20
8980 4481 81
8980 2217 42
8980 5833 95
3262 4777 16
3262 9275 73
3262 7604 61
4777 5195 76
863 3904 45
863 9178 69
863 8691 50
863 352 45
3904 1296 90
3904 2672 17
4531 1986 35
4531 8423 20
9366 6468 85
9366 9365 52
9366 1566 90
9366 6691 58
3103 9977 65
3103 3399 24
477 7251 29
477 4354 78
477 8449 12
477 9108 65
7251 6313 14
120 4216 9
9723 402 37
9723 9008 55
5188 1774 67
5188 2144 89
5188 5197 18
3568 2674 53
5183 5908 79
5183 3249 87
9788 9796 25
9788 1044 84
9788 7179 3
9796 4705 44
9425 8597 69
9425 2647 63
736 4859 29
736 4973 59
736 564 33
4859 9064 79
4859 7885 63
4859 4918 87
8092 7639 94
8092 4816 23
1895 5003 60
1895 5109 15
1895 5836 42
5003 8551 28
5003 3415 44
6457 9945 35
6457 7343 84
4525 6940 93
4525 6626 77
6940 4088 24
6940 8662 63
7473 823 4
7473 3284 68
240 8818 5
240 925 73
1277 9505 8
1277 5326 15
1277 5495 37
1277 6227 26
9505 3400 26
9505 4861 30
4761 9260 29
4761 1663 89
4761 4895 9
9260 8176 15
9260 3884 79
9260 157 65
9260 7350 4
7642 6918 66
4973 394 28
8622 8965 63
8622 4915 31
8622 8391 17
8965 8918 35
2039 7173 71
2039 6216 25
2039 8266 71
3704 9942 42
3704 2087 36
1728 2745 17
1728 2107 18
1728 1129 14
2745 5991 90
8869 5192 46
8869 3773 50
3986 9240 95
3986 771 31
3986 5505 85
9240 7675 39
9240 8347 43
3709 4236 47
3709 4541 66
3709 948 61
4236 8400 89
106 4947 90
106 7286 8
106 8909 65
4947 6855 41
4947 5048 90
441 9367 89
441 2345 55
441 8409 69
9367 7071 27
9367 2025 46
5911 7978 66
5911 2322 21
7978 8933 70
7978 3885 13
5921 6222 77
5921 844 87
6222 3084 59
6222 9098 98
6124 7419 1
6124 1821 1
6124 920 77
6344 4028 7
6344 6486 78
9293 640 33
3936 4727 97
3936 4618 49
3731 7904 45
3731 7311 18
3731 7173 20
5211 2623 86
5211 4434 67
5211 153 32
1616 2598 7
5160 489 61
8049 1501 3
8554 7702 30
3134 8496 97
4223 5075 79
4223 521 34
3269 765 74
1666 7660 99
1666 593 52
1556 2772 65
1556 3107 14
1556 6198 85
1556 8366 42
2772 9474 53
2772 5567 10
2772 2094 44
7813 7245 24
7813 1797 67
7813 744 58
9349 997 36
3114 2519 55
3114 8105 72
3114 8724 38
426 7099 61
426 2637 63
426 8818 94
7099 7934 23
7099 7261 7
2955 8984 73
2955 1840 67
2955 5494 61
8984 3000 66
8984 7386 21
8984 3728 10
7731 978 85
7731 6203 61
2927 2338 55
6300 5999 73
6300 6515 41
6300 6197 10
4892 6039 12
4892 6090 98
6039 2081 26
5654 4162 4
70 9123 83
70 7611 97
70 8274 76
2239 7912 5
2239 167 67
5613 5772 54
5613 1442 70
5772 5581 64
6313 3125 20
3376 9636 17
3376 4127 53
8851 7667 86
8851 8344 39
7946 4749 79
7946 2835 46
5318 8483 27
5318 2594 44
5318 5850 69
8483 3743 42
8483 7445 24
8483 3284 49
801 5067 90
801 6731 8
5067 2346 36
1468 6284 6
1468 595 20
1468 1401 23
1468 7230 60
6284 1860 45
2365 9555 77
4112 7338 16
4112 6485 27
4112 6042 36
7338 7387 61
1922 3330 59
1922 8344 70
1922 4231 52
1748 5705 6
2189 3950 80
2189 807 62
5075 1085 52
5075 1379 82
2073 5520 78
2800 1112 16
6981 4934 37
6981 2513 65
5418 9914 77
5418 9225 51
5023 2081 2
5023 6604 87
5279 6059 49
5279 6437 51
93 9652 86
93 902 86
93 4692 67
93 4918 53
7027 2234 7
7027 712 13
6259 807 66
2534 757 15
2534 9347 77
481 1887 93
481 4124 49
481 4601 52
1527 5390 70
1527 9095 92
4954 8155 21
4954 101 66
4954 9417 38
8155 5202 45
8155 6670 10
8155 5298 91
7173 7360 54
7173 7706 96
7173 8886 46
7101 8915 10
7101 5641 60
9149 2936 55
9149 3835 73
8056 2953 46
8056 115 63
2352 7952 100
7195 3072 45
7195 1475 17
7195 6470 53
4453 5671 53
4453 2794 86
4453 3205 51
9905 5645 64
9905 3969 7
6389 767 11
6389 3541 96
6159 7116 7
6159 8959 95
6159 9496 66
3298 8947 12
3298 1535 55
5350 6569 54
6569 909 63
6569 6775 98
3099 1286 73
3099 182 76
635 4858 51
635 1230 41
4858 8592 97
4858 4713 56
6598 9229 99
6598 2615 25
9229 4915 24
4168 9043 59
4168 4135 79
9043 2487 50
9043 4447 58
9043 654 54
4857 7575 30
4857 2627 27
4857 494 98
4857 7155 75
7575 5995 39
7575 4027 27
7575 4358 55
4449 4191 20
4449 3849 10
5684 1028 94
5684 8207 9
3553 8366 100
3553 1082 50
8366 3086 76
9488 3352 85
9488 8029 19
9488 9464 97
9279 668 67
9279 6821 93
9279 7719 32
5294 8515 68
5294 4057 96
5294 4675 68
8515 4855 92
8515 8091 59
8353 4233 17
3030 8141 52
3030 3572 25
6734 2279 10
6734 8839 42
3310 7103 11
3310 3730 21
3310 6366 44
7103 432 96
7103 7023 1
1921 3106 100
1921 9332 1
1921 6548 55
546 7795 95
546 619 32
546 1184 57
546 8763 17
546 7728 37
7795 2246 79
2023 1511 66
1421 6892 82
5709 8326 49
5709 2362 46
8326 895 9
8326 2598 100
8326 1654 39
3087 9101 56
3087 9667 87
9101 6666 83
9101 6972 89
5878 6603 1
5878 4537 43
5878 2689 82
4369 8219 98
6595 9599 65
6595 3093 74
1372 2252 48
1372 890 93
2252 5746 31
8968 9683 36
8968 3434 62
2763 3500 12
2763 8597 50
3500 94 4
3500 5593 85
1577 570 76
1577 9698 15
1577 5230 10
5681 5383 60
5681 9940 64
1045 8623 100
1045 6974 64
8623 2721 86
8623 9717 62
8623 1364 39
6637 2751 78
6637 7499 47
6637 796 1
4253 393 57
4253 4411 79
4253 4586 75
8289 6311 65
8289 6803 34
2280 4314 9
4523 7517 17
4523 4238 58
4523 2896 96
7517 6930 82
7517 275 47
7517 8421 81
7517 668 40
1532 4659 5
1532 3005 11
4524 8034 85
4524 8909 4
4524 7057 1
8034 9411 67
8034 9923 51
8034 7672 25
6146 5833 79
6146 7026 51
6146 6868 54
5277 3422 97
5277 7369 11
1763 3547 82
3547 1760 5
3547 4328 90
3547 6293 39
2715 2181 78
2715 568 22
2715 2833 30
461 9594 85
461 3296 83
3392 6838 62
6838 4215 28
1442 8043 70
1442 9636 86
8043 9994 16
8271 3943 74
8271 681 49
474 2542 54
474 7617 18
2100 1079 23
2100 6153 3
2100 2986 42
1275 2803 1
1275 1819 57
1275 372 21
1275 7059 85
2803 4221 22
2803 2400 50
6051 1006 32
6051 7810 45
7212 8169 90
7212 5761 37
82 6496 73
82 5578 33
82 963 84
7643 4939 81
9282 5899 68
9282 5332 18
3835 2186 20
3835 3424 37
8834 9012 17
8834 2809 7
8834 6858 56
8834 2518 87
9012 7150 32
9012 6792 17
9372 249 63
9372 2873 64
9372 4089 2
462 1109 46
9431 9774 13
9431 7026 93
867 6899 15
867 998 58
6899 8347 81
6899 3366 62
3136 7891 91
3136 3326 33
3136 8698 41
3136 3632 62
3136 5056 95
7891 3143 76
7891 3784 16
7891 3743 63
359 8721 95
7618 3292 42
360 7268 100
360 6451 32
360 4152 5
9594 4481 12
9594 5605 91
9594 1596 8
3241 9644 93
5597 4749 54
401 3036 52
401 85 44
190 6289 1
190 9668 18
9685 3892 5
6105 7714 65
6105 3465 20
4139 8917 26
4139 8840 42
1083 9883 45
1083 9647 23
1083 7457 93
3046 1741 30
9441 6351 50
9441 1422 78
9441 81 7
9441 9715 52
4337 7861 80
5007 5564 14
5007 3442 5
1454 7732 99
1454 6501 51
1454 1317 72
7732 9201 88
7732 7371 96
7732 5525 29
772 9590 11
772 153 84
772 6273 71
772 1709 23
9590 51 52
4869 1769 44
4869 3350 22
2421 1994 92
2421 3321 55
586 2795 66
586 8472 7
586 4618 1
2795 8375 87
2795 5332 73
2795 8000 72
4870 9423 25
4870 2567 84
4870 6999 54
9423 1030 8
5270 1245 14
2519 9750 74
2519 1866 31
6346 9162 99
6346 6230 83
2387 3868 92
2387 3812 45
3959 9135 38
3959 701 49
3959 7962 97
3959 3493 2
9135 9613 32
9135 8917 5
3209 4146 61
3209 796 57
3893 1725 61
3893 3363 70
8645 9327 55
8645 9933 17
8645 1208 25
8645 4570 82
9327 2455 82
9327 8244 99
5488 5621 82
5488 6560 60
5488 6134 23
5621 5694 37
5621 4557 48
3769 6759 89
7675 9464 74
7675 6710 58
4006 796 38
5481 7833 24
5481 3505 14
7833 5714 80
7833 5195 20
7833 1760 34
6560 1137 21
182 4381 5
182 4255 82
182 685 27
182 2337 54
4381 1428 71
4381 2497 34
4381 2528 94
1266 1749 44
1266 4222 19
1266 4011 56
1266 720 70
1749 6192 51
8249 686 61
8249 7619 48
5881 9645 82
5881 4975 84
5881 1812 16
9645 1129 44
9645 6653 1
5564 8317 54
3505 9015 34
4090 4051 63
4090 3760 47
4090 8440 56
948 3538 23
7323 4747 20
7323 8717 24
6374 4740 13
9044 9646 17
9044 8202 27
9044 2825 88
6954 4145 34
6954 8372 14
6954 1642 89
954 8401 93
954 882 37
954 2246 90
8401 8119 81
8401 2338 80
902 1738 20
7823 9625 58
5276 8890 90
5276 1278 83
229 8118 24
229 2975 80
229 293 42
229 4534 19
229 4665 53
8118 7005 100
8118 3194 89
9955 3991 38
3038 7749 79
3038 275 14
882 8875 50
882 5104 80
879 1137 39
879 7932 15
879 4005 34
614 6796 79
2859 7961 31
2859 9352 19
7961 7538 43
5687 6112 5
5687 4622 68
5687 6228 79
4135 9266 34
4135 5032 24
3659 3330 100
3659 2019 37
4903 472 71
4903 5198 3
4903 358 53
7041 2971 61
8947 1916 28
8947 6793 92
3143 5626 5
3143 9717 9
6064 8301 71
6064 3759 16
8301 7943 51
5494 6458 17
5494 6060 10
5494 9976 73
6458 4484 94
6458 2431 75
2016 7807 62
2016 7322 69
7807 890 93
7807 4655 51
7807 6775 25
2063 6527 19
2063 3084 88
9122 1409 53
8351 8865 26
1664 1878 2
1878 5992 22
8119 4484 72
8119 6597 100
8119 825 66
9657 5280 88
3395 4692 20
3395 5458 57
3395 8700 54
4692 7529 20
4692 2320 67
8269 8338 73
8269 6957 59
1529 5670 14
1529 7513 24
1529 8213 94
1087 6453 8
6873 4055 3
6873 658 92
6873 5630 37
7525 4474 16
7525 6603 7
7525 9647 17
2341 3432 4
2341 1939 27
8724 6217 50
8724 5104 98
5022 8287 82
5022 7779 15
5022 5214 46
5022 4630 33
8287 2047 20
8287 9824 3
8287 4884 65
8029 4884 83
2571 3358 22
2571 5535 65
2571 7434 100
7015 9411 21
7015 8213 30
7015 2144 76
7015 8243 75
9411 1814 32
112 9491 52
9491 9109 32
9491 2379 96
9491 9794 100
5354 8937 55
5354 4241 77
5354 4379 8
6478 7378 24
6478 1332 18
7990 4679 56
9841 1178 12
3124 2309 8
3124 619 96
3670 9195 20
3670 5296 54
9195 1042 61
9195 6594 4
1662 7790 97
1278 6083 45
6083 2416 22
7500 4643 58
7500 5817 41
657 5432 79
9132 7348 16
9132 4898 84
9811 5087 13
4379 9483 48
4379 3005 27
4379 7660 61
9483 5300 20
1282 658 67
1282 4054 78
2890 8534 71
4267 8541 99
4267 2844 49
2675 3924 41
2675 6634 67
2675 1861 18
3924 3145 60
3924 6108 18
4476 7322 99
4476 4932 76
7322 8552 97
7322 6486 18
8915 9328 51
8915 6854 33
8915 3061 76
686 9338 37
686 400 4
686 7678 81
9338 3888 85
5180 5573 25
5180 1167 43
5180 9051 53
5180 779 41
5630 3022 28
5630 4509 95
6122 616 85
6122 7411 26
2472 5673 18
2472 8402 28
2472 9969 34
9971 1844 33
4925 5163 10
81 3872 18
81 4332 13
81 2552 8
1768 9612 69
1768 9430 94
9612 5842 27
9612 5056 61
4479 9440 71
6783 1880 64
8477 8825 94
2574 9138 90
2574 9224 26
698 8917 55
698 2363 59
698 590 33
5117 5759 97
5117 2707 43
5117 8886 34
5117 3322 28
5759 8602 5
7402 5197 16
362 623 26
6119 5017 44
577 9529 24
577 2178 90
9529 5999 25
9529 9870 1
9529 2613 69
1030 6917 15
9863 8898 47
9863 4312 80
8534 4988 67
8534 4589 24
68 814 32
6468 4915 47
7714 649 38
7714 6723 28
3011 499 48
3011 9872 82
9901 9342 96
9901 5109 28
2048 6353 33
6353 9967 56
6353 8487 8
1764 6594 23
6594 5694 37
341 9945 86
341 9535 58
9945 7660 15
1540 2231 14
1540 534 69
4300 1449 12
4300 9915 84
1774 2619 4
6848 7017 29
6848 7172 20
7017 7030 85
7017 8112 20
1360 5601 24
1360 4314 30
216 8039 34
3185 9430 3
3185 649 80
3185 8095 58
5252 7407 46
5252 1607 77
7407 7386 72
7407 1343 59
8916 1528 47
5974 331 79
6796 5309 76
6796 7460 95
5296 7305 52
5296 1853 62
7305 4613 60
4075 7623 47
5032 7082 30
8904 1710 22
8904 7039 21
4261 6042 99
4261 9251 64
4261 4783 20
6042 6136 70
6042 1213 54
6042 8854 19
2466 4152 45
2466 4596 13
2466 4224 99
4152 314 41
4152 2628 25
4087 9245 21
4087 1779 18
4087 7142 58
9245 3564 63
1998 9352 21
9352 1297 44
3147 7869 83
7869 85 4
9283 6956 58
9283 2444 33
9283 9445 1
75 8216 57
8216 7881 38
8291 8188 78
8291 7364 47
9116 9877 41
1003 692 1
1003 1333 28
8443 7963 22
8443 3756 32
3279 2805 9
3005 5319 18
3005 3572 74
6216 5699 79
3849 1876 57
3849 9345 58
7419 7449 48
3355 7013 9
7013 5771 17
7013 570 21
7013 8110 50
7013 3564 5
9731 1382 3
8937 9980 65
6905 7064 78
6905 2386 68
6905 1065 47
7068 5567 97
7068 7957 16
6746 257 82
6746 5790 67
6746 1072 30
9866 6323 63
7374 2876 6
5678 9180 10
5678 5240 17
5678 5460 49
9180 6447 71
7380 2662 7
3023 6544 4
3023 5544 74
3735 8523 65
3735 3608 40
3735 7451 40
8523 9902 30
8523 4327 45
3660 3840 91
3660 7148 100
3660 6327 95
3660 7510 8
5187 6849 27
5187 2577 19
6849 1642 66
8565 8716 76
8565 1866 25
166 9003 81
9003 5585 73
9003 2990 82
9003 579 83
1062 3102 27
1062 4814 29
1062 7165 15
1062 4417 28
3102 710 13
9793 6908 52
9793 2190 93
1983 5175 31
1983 9786 21
1983 9100 61
5175 1606 98
5175 3946 42
7183 7219 70
7183 3244 71
2103 3779 77
2103 2999 44
3779 3922 28
3779 7904 58
3779 1409 26
3326 6047 84
621 6550 57
621 7319 49
621 645 79
6550 5123 2
7472 7426 27
7472 3952 66
7472 3261 2
5447 5890 8
5447 9822 100
5447 8684 92
5447 5353 85
2123 6694 55
5887 6554 85
5887 6347 26
5887 1079 58
9848 3330 94
9848 2336 22
9848 849 85
2261 7564 4
2261 8444 75
7080 9994 34
131 1960 64
993 2054 38
2634 4699 66
602 1531 35
602 141 63
1531 2145 3
1531 9933 72
1531 7786 14
7521 3730 82
7521 4100 65
7521 5004 77
7521 9715 8
2894 3072 36
2894 3517 17
3072 4465 94
6421 6118 63
2107 7933 75
7168 7669 66
7168 9280 13
7168 3260 37
7669 3805 73
7669 9048 94
7669 9692 42
7661 8026 7
7661 8051 47
6454 6986 93
6454 2623 77
6454 5699 28
8113 5648 9
8113 9915 84
3894 8643 64
5427 6365 95
5427 900 20
6365 8991 75
1741 5321 90
1741 8522 66
5321 7024 32
5321 9822 76
5321 1565 58
5877 9241 64
1644 2944 32
2944 3387 27
2944 6072 55
2944 6118 84
9718 750 66
9718 8751 37
9512 7940 82
9512 6769 35
554 9329 91
554 7 10
9329 1341 99
6241 1363 57
4496 1752 68
4496 2953 99
1152 6260 44
1152 6252 43
5567 8532 64
2833 1752 69
7452 9055 3
7067 6544 42
7067 8201 60
1514 6654 67
1514 5756 20
4847 4535 67
4847 7494 90
5919 8849 52
5919 7614 42
6768 5531 62
6768 9316 77
6754 8112 38
6754 7516 39
20 2709 56
20 2873 55
2709 4160 86
2709 7499 64
2046 4124 43
2046 6824 4
2046 7997 74
4988 5531 90
4064 7598 75
4064 8563 10
4064 4694 61
7598 5364 63
593 7832 52
2484 7778 80
2484 2339 58
4877 7367 23
4877 4338 60
9584 1502 92
6050 6208 69
6050 5645 12
6050 9325 100
6208 5034 46
95 8658 89
95 3378 53
8699 562 47
8699 2132 14
8699 1388 84
7832 1411 14
7832 1989 83
8922 1951 83
8922 5013 12
3802 684 83
4158 8704 17
4158 5929 17
5694 5463 67
9451 2154 42
7104 6220 38
7104 447 52
4183 7229 66
4183 732 63
4183 6328 67
221 6606 69
221 1479 39
7767 9636 54
7767 3941 88
9877 4675 7
597 4696 56
597 8293 78
141 7571 18
111 6694 56
111 2093 52
111 1967 9
6694 2934 76
6694 5740 17
1403 7156 54
1403 4694 34
1403 6988 20
9613 2849 67
9750 6537 79
6153 8914 73
6153 4749 75
6153 8294 20
6153 649 50
8914 9980 63
8914 4933 13
4646 7656 45
4646 4188 48
4646 5386 48
7656 1624 34
1479 1621 33
1479 6543 23
3049 4690 71
3049 6025 38
3049 2202 1
3049 870 70
3292 5718 15
7835 4519 22
7835 2898 69
7369 3831 52
2167 3040 99
2167 5224 87
285 3625 49
3625 1422 11
3625 4782 37
4702 4326 97
6617 9851 71
6617 1579 26
8263 1456 44
2841 5453 25
485 5756 22
485 9068 39
3538 400 27
7261 7371 45
7734 7930 99
7734 3981 58
7734 7592 5
7734 3850 36
9262 3940 24
9262 8331 88
1511 2572 91
7456 8382 85
7456 8000 98
7456 3125 30
7456 3999 39
8382 4930 73
8382 9374 83
8382 3589 49
8382 1624 62
2371 3798 73
771 978 89
3404 6170 59
3404 5520 82
9742 3345 17
3817 1233 57
3817 2953 31
7097 7276 21
398 6233 81
1408 7924 12
1408 7726 53
1408 254 56
2029 2995 38
6892 1981 28
153 3163 47
2339 2204 98
1477 7399 7
7399 569 32
7399 4046 9
1317 2980 23
1317 5034 79
1317 9287 11
2980 1407 44
2980 7328 21
9976 7659 53
1307 555 10
1307 6914 100
1786 2651 66
1786 7469 8
6080 7148 69
6080 5985 100
4289 7297 92
328 3940 45
328 8807 25
328 1563 71
8402 4530 77
7874 9564 18
7874 3868 53
9564 8180 46
9564 7535 27
9564 2005 55
7435 157 79
6662 5525 85
6662 3255 5
6557 7649 85
6557 8892 43
7649 6740 47
7649 4825 4
8850 3028 74
8850 4874 44
8850 3075 24
2621 5583 26
437 4233 96
437 2202 65
4233 9689 99
3474 6285 20
3474 8677 58
7647 8410 86
7647 1106 75
7647 8227 46
7647 5120 31
5460 7228 2
5460 5224 33
7228 7287 58
5240 2550 7
7328 8815 39
8815 3630 52
1141 9654 43
1141 3964 87
1141 8433 23
9654 3582 95
9654 4874 88
9654 8294 5
1596 1288 48
1596 9398 5
4114 7055 24
4114 2469 30
466 5505 30
793 5157 3
793 7280 91
5157 859 15
324 9782 13
324 7920 34
324 1019 6
9782 6278 16
3722 1179 19
3722 1109 98
3722 6273 59
3722 6351 76
9599 2637 72
4613 848 78
4613 7469 68
4613 9332 79
9100 8721 10
9100 8502 60
678 53 88
678 6789 8
678 4904 54
4077 6921 20
4077 391 91
4077 5069 5
6921 2222 24
6971 9136 49
8207 9892 59
3264 8511 46
3264 3446 95
3264 4837 73
8511 6917 84
8511 2857 73
8586 4118 47
8586 8388 75
664 1498 20
664 1405 9
664 5093 44
1243 6687 32
1243 530 38
1243 1391 100
1960 9302 78
9302 7138 56
9302 6960 34
7254 9675 85
7254 3703 72
5513 7346 48
5513 2409 35
5513 9259 3
7346 935 92
7346 6527 38
7346 7411 52
6803 369 49
9159 5202 61
9159 5724 4
9159 3043 18
8859 346 69
986 9312 18
986 9595 20
104 8048 25
104 1067 83
104 6618 55
8048 3210 64
8048 2130 20
8048 9208 37
1425 7803 44
1425 1769 30
1425 8375 60
7803 7457 70
8158 2493 76
8158 3739 82
1876 7024 54
8716 1814 4
8716 962 46
9032 2580 51
3734 3841 64
3734 4904 14
3734 5361 68
3841 8640 37
3841 579 93
1971 4872 70
1971 8788 59
1971 2914 15
1971 5269 87
4872 3695 2
4872 7337 19
7362 7539 70
7362 1298 65
7362 9561 72
2363 4164 35
2363 5374 63
4164 739 14
2149 1620 95
2149 750 9
2730 4930 89
2730 3146 32
6331 8211 47
6331 7729 72
856 2577 3
856 4322 89
7468 4622 33
5805 2821 97
5452 7554 23
5452 7084 66
5452 7426 81
6501 306 65
6501 8054 95
2178 3564 76
2178 9550 92
1864 7614 30
1864 1180 43
1864 7713 28
7737 7567 25
7737 3747 82
7737 4413 42
7737 978 4
5804 33 28
5804 6516 36
5804 6984 2
6516 9531 38
6516 9395 27
6516 5963 45
9531 7809 59
346 8169 96
346 9865 28
284 8126 30
284 5646 62
8126 7863 22
91 3759 42
91 7875 11
91 4368 9
1322 4560 90
1322 5796 70
1322 6790 53
4560 5815 9
4560 6604 8
1819 2787 84
4145 5737 46
4145 1725 57
54 8014 24
54 2702 89
8014 5916 1
8014 6736 77
7603 8459 75
7603 7793 63
8459 73 26
3544 6430 46
3544 3964 29
3544 9738 56
950 7024 90
7024 9914 82
8176 2638 55
8176 1406 91
8176 555 62
5737 874 34
1909 2751 31
1909 6102 43
1909 3175 73
3340 3997 71
3340 1072 84
3340 6494 63
3997 3554 92
90 5818 19
90 740 68
90 8486 57
1343 1890 40
9689 1238 37
9689 864 28
2233 619 41
7324 3555 6
7324 3198 12
7324 3870 97
1725 8318 67
1725 7713 36
3330 6669 95
3330 7972 11
9125 7469 25
9125 8698 23
6503 9029 4
6503 5141 28
9029 3597 4
9029 807 35
9029 3036 76
7919 4519 49
4953 8115 95
3691 5386 27
3691 5992 88
595 8098 57
595 508 29
595 8629 76
8098 5466 28
8098 930 58
1245 3425 23
1245 9398 98
2729 1709 89
2729 3093 49
2729 9152 30
1621 7182 77
1621 8114 35
2707 8318 65
862 7287 81
862 7883 60
862 3244 82
7287 1811 67
2417 3415 80
5605 5727 53
5605 8671 76
5605 226 90
4038 4819 66
4038 7873 69
4038 1570 32
4819 2698 48
9325 2134 84
9325 3884 18
4885 3526 52
4885 7439 37
1528 7498 26
1528 2605 31
7498 4429 63
7498 4745 1
7106 8166 35
7106 645 100
1 6554 15
1 4912 4
1 8418 4
6554 5853 86
6554 4744 35
2989 1852 46
2989 5479 71
1316 3737 25
1316 2794 69
1316 590 24
8898 2954 66
8898 7932 43
6661 560 57
344 5987 92
4431 5713 41
4431 8236 12
5569 9241 60
5569 4549 41
5569 5717 1
5569 6323 19
9241 6565 65
2498 7566 2
4727 7476 22
6287 9667 63
3510 7568 56
3510 6293 34
8597 3350 29
2855 8788 1
2855 548 95
1688 4322 64
1688 830 21
1688 3885 69
2206 7449 67
9083 8732 62
2973 7229 62
2973 9129 66
8702 869 13
8702 9697 80
352 3150 14
352 3721 16
2914 3944 33
2914 7007 38
3944 6120 2
3944 4283 47
3944 9362 28
5910 7924 94
7924 2337 16
1708 6771 8
6771 4800 2
4390 8213 9
2652 9959 76
2652 4192 80
9959 7429 5
9959 707 49
4763 4915 7
4763 3370 79
4763 8105 33
7539 935 64
7539 9278 19
526 5432 82
2553 3914 74
2553 7326 4
3914 6716 1
3914 9042 88
3211 9549 44
3211 2746 26
3211 785 11
9549 8321 18
9930 1147 7
9930 6606 59
9930 3886 29
9930 3335 1
4541 1110 62
2892 7702 66
2892 7487 54
2892 1517 81
7702 3612 16
6434 4455 46
6434 5514 25
6434 6437 89
5161 2825 16
5161 3064 6
5161 1212 33
3827 6640 23
3827 1836 21
3827 1756 59
6640 378 84
6640 5429 20
3410 9337 54
272 7742 54
272 53 19
7742 4282 28
7742 6466 100
7742 254 11
110 7478 57
110 5361 12
110 4146 2
6691 3675 5
6691 8686 93
4862 9192 36
4862 5803 17
4862 78 28
3350 9182 11
6666 2822 61
6666 7229 26
3820 684 29
3128 4583 79
3128 5771 91
3128 6357 90
4966 6515 59
4966 4330 30
4089 777 19
4089 2858 79
1296 1364 67
1296 7903 96
7396 5566 82
1903 6918 92
1903 3946 47
6918 2633 6
6918 8684 66
5975 8496 24
5975 3838 51
5975 6269 82
7295 5716 18
5701 6863 80
5701 7443 94
6863 2507 74
864 3442 64
7509 8259 35
7509 4861 68
7509 6980 42
292 2320 42
5347 3246 5
5347 9894 15
5347 9728 80
7377 3446 57
7377 4886 66
7377 8218 28
402 3761 58
402 5981 71
402 1449 30
3761 9347 68
3761 7379 100
3761 6 85
3370 4327 47
109 33 27
5029 5300 74
4630 4146 47
996 7908 82
1106 2654 1
8473 9803 51
1072 7160 56
8788 7197 2
8788 7931 1
4211 55 49
2294 7997 83
2294 5307 8
7997 4768 48
8071 52 15
8071 8020 10
7045 8584 42
8584 4035 38
8584 3481 46
4822 8691 48
4822 3010 11
4822 4899 61
4822 7519 33
8691 6837 52
7839 4358 30
7839 2645 26
3215 9481 10
3215 4572 33
9481 5777 27
7064 6476 42
7064 9768 2
4040 720 56
3954 7726 10
3954 568 84
3028 1606 54
3028 4974 32
1082 7545 66
1082 9701 7
1082 1449 31
7545 463 77
7545 2303 84
366 5123 44
5123 3856 77
5123 7867 89
1491 3054 34
1491 4332 36
1491 4838 22
3054 2633 61
3054 4141 11
4009 7681 81
2654 8288 83
2654 491 97
2654 1838 23
722 8141 91
8141 9998 85
8141 3832 31
4255 5203 22
4255 6423 27
5456 1028 85
1711 3420 81
6265 6476 17
6265 3956 60
6265 2877 65
6265 8296 91
6476 5760 43
6476 5929 40
7626 73 97
2388 8116 52
2388 1651 77
2388 1502 8
8116 6769 98
311 6099 35
311 9679 44
9384 826 33
9384 9224 72
55 6762 2
6257 5542 41
7556 4977 28
7556 5390 53
6254 8165 8
6254 9739 32
6254 2856 53
8165 1452 81
8552 7242 62
8552 5214 24
1986 5453 60
1986 6548 26
1986 1434 92
5453 1469 84
2 7280 78
2 2195 86
2674 4514 85
2674 9284 57
4514 4824 16
7574 1406 68
7574 9931 12
6769 4194 86
874 2630 28
874 9624 7
874 9169 72
874 2303 44
2630 7142 66
2630 5273 5
4573 2186 84
9333 3830 66
6095 4238 93
6095 7708 93
3256 3757 6
3256 3684 2
4939 3690 77
3941 3912 84
3941 6127 93
9555 896 43
9555 7640 24
9693 4142 66
9693 6395 83
9693 9466 17
6485 5933 56
3608 9084 30
7285 3318 22
3248 7364 91
3248 3742 45
3248 1406 86
3248 2550 68
7364 6373 76
3805 997 75
4930 814 59
4930 8152 90
5432 6552 54
4106 3365 11
4106 7570 49
5614 4606 31
5614 6824 45
5542 8838 11
9675 927 81
9675 7867 41
2667 7210 84
2667 3356 26
2667 9550 21
7210 5273 25
1178 2394 88
1178 715 83
2394 6246 95
1308 6514 47
1326 9812 26
1326 4795 4
9812 543 80
7933 4498 30
7933 1871 31
5207 8099 78
8099 9947 95
8099 6227 2
8099 5130 94
7617 7057 89
8751 1058 61
685 6687 46
685 3313 26
1213 7571 28
4998 6702 78
2190 7005 53
7005 763 94
8017 4720 98
2821 4665 59
2821 5894 1
2821 4057 31
5665 4955 13
9328 8259 54
9328 8513 46
9328 8852 95
2134 6817 5
6246 1133 2
4417 7771 10
4417 4427 26
9312 6653 31
9312 4303 52
3643 2849 31
5713 6740 25
9942 9895 75
2773 1290 11
4003 6976 96
4003 5574 42
4003 4530 6
4003 5636 28
6976 5981 85
5971 6350 6
5971 7593 99
3694 7160 65
3694 5735 19
7160 531 90
7160 9437 89
834 7390 83
834 3582 97
834 8876 85
7390 9433 83
2893 3787 15
2893 6723 3
2893 3740 18
2893 8831 5
5625 9881 54
8061 4287 99
1797 9665 3
1797 5487 97
1797 1513 91
9665 7442 80
9665 2957 55
708 9395 57
5873 7788 51
5873 2720 13
5873 4623 76
8019 5535 69
3847 9980 70
3847 1974 78
5698 7788 53
6217 3244 30
6217 6696 12
14 860 52
2345 5578 69
2345 2415 67
9815 6854 36
9815 8804 45
1813 7334 80
1813 9364 84
1813 4530 9
5220 7672 56
5220 4995 80
5220 3424 29
7972 8117 8
7972 3356 68
5200 5644 65
5200 4557 42
5644 681 33
5463 8108 100
5463 7088 58
5463 8573 48
9364 8721 43
8941 2493 23
2831 7023 40
2831 8142 34
7023 7046 50
7023 1363 15
6514 7769 76
7769 1376 74
7769 1080 11
5268 3755 92
5268 832 68
6883 7077 94
6883 8720 39
7077 9351 14
7077 3613 14
7172 8738 51
7671 8830 68
7671 3930 98
3634 6973 69
3634 1663 3
3296 8144 86
3296 9894 6
1391 8865 43
1391 3149 83
1391 9757 68
1391 3719 36
8865 4895 62
8865 4497 65
3165 7434 82
3165 1821 57
7434 4074 37
7434 2424 98
6099 9213 23
6099 4325 93
6402 7524 79
6402 9417 58
4992 363 28
4992 9014 93
4584 5928 42
4584 2778 82
1974 569 78
1974 6102 25
5203 6049 29
5203 9717 75
2623 9720 17
28 6082 45
28 2725 98
8010 4855 52
3352 6706 95
3885 7487 37
3885 5345 35
7728 1626 65
1133 6193 89
1133 9138 35
1133 6817 81
3400 7998 47
3400 2298 99
4360 8123 27
4360 9876 94
4360 2631 88
8123 1484 12
8123 4625 93
8123 955 84
5208 6854 7
5208 9977 87
1769 8285 47
1769 6497 42
4123 4826 65
1042 3345 58
1042 8274 14
2002 6686 31
2002 6945 75
5798 6046 94
5798 5703 69
5747 1961 79
5747 187 48
5747 5359 71
934 3596 38
934 8875 94
934 5790 4
3596 9284 49
3596 3246 83
5462 5118 17
1388 6988 53
531 1799 90
531 463 40
1315 7297 90
1315 9335 100
1315 6786 3
8336 3912 2
8336 7906 35
2701 5316 12
2701 3717 16
7460 4526 21
7460 1271 28
562 583 27
562 632 74
6348 4797 14
588 9509 100
588 4733 38
9509 6470 13
8890 4793 24
963 7579 23
963 6177 57
4048 1304 67
4048 8640 90
7809 9307 84
7809 3465 85
6496 8913 63
6496 9259 53
4132 4589 46
5337 4481 62
5337 5159 87
3587 7566 5
6494 7796 34
6494 8718 23
497 2877 59
497 3447 35
6618 8820 87
8820 6966 3
8820 1549 70
8839 6837 13
8839 710 71
8839 4171 97
16 6486 92
6366 4011 62
6366 157 69
1129 7378 15
2529 8675 42
2529 5623 90
2529 8739 18
8675 1091 80
8675 2835 92
1187 2128 44
1187 9138 45
1187 9578 65
7592 8881 50
7592 8532 49
2195 8388 23
6737 8342 57
6737 1335 60
249 6354 49
6355 5153 46
2698 8423 45
6232 1188 73
4748 4327 7
4748 4795 28
4748 1112 69
2005 4487 12
2005 6428 30
4487 6717 28
4487 1019 4
4572 9108 11
4572 7552 44
4572 1109 93
9108 2880 83
7855 509 81
3413 4426 51
3413 4207 99
4426 4975 100
4426 7037 66
4426 4189 93
5525 4564 52
8651 6817 20
3446 9474 9
5517 2284 52
6288 9550 91
6288 6092 92
9550 4720 70
8592 4831 82
7614 3813 93
6336 180 48
9957 2040 16
5581 849 73
5719 8639 55
5719 1344 90
5719 3132 70
3668 9216 61
3668 1501 59
3668 516 39
9216 4437 84
9216 9825 61
5310 2037 34
5310 8680 81
4670 5993 63
4670 7343 57
5993 4286 79
5993 3459 88
369 2940 62
2565 9889 13
2565 7846 83
9889 6916 39
2825 5369 45
8732 9337 69
9337 9797 71
9337 6715 16
2911 3205 28
4766 3480 28
4766 6072 68
4766 7987 11
7461 4802 88
7461 5487 68
501 8117 52
501 6456 16
8117 6824 7
2204 1802 25
6491 7245 67
6491 9191 63
3884 1624 6
1563 3447 66
1563 2169 58
3447 2400 29
4978 5691 3
4978 6537 13
4978 2082 2
5691 171 18
7139 6498 63
7139 7412 42
7139 9324 22
2360 8837 78
2360 5353 50
2360 3703 86
2360 4468 16
8837 5879 62
6060 9752 91
6060 3321 58
9752 8854 90
9752 9062 55
2093 4551 57
2093 3747 7
4551 2480 25
3747 7899 76
7899 4303 92
5044 6264 61
5044 4222 99
767 4802 94
767 1407 49
4802 5153 88
4802 4783 8
997 1663 39
4366 4586 74
6214 6968 25
6214 6957 50
2340 5717 39
2340 3291 49
2340 2853 32
5717 548 87
6858 6174 95
2645 9736 36
2645 2725 47
9736 6314 86
447 3435 45
447 5495 32
710 3113 85
3113 1507 72
3113 4855 31
3113 9679 33
629 1951 94
629 358 34
6739 8357 4
139 3489 96
139 2695 71
3489 4906 60
488 3257 64
1364 8824 45
1364 4422 26
1537 5901 74
1537 2288 56
1537 5526 62
5901 1290 73
4474 9368 100
1643 2588 93
1643 3214 72
1411 6604 88
1411 9517 60
6998 7028 76
6998 9017 62
6998 732 16
74 9264 99
74 6192 75
3823 4455 3
3823 6440 92
3300 5930 95
32 9624 54
8807 1890 90
2662 6252 42
7161 1279 16
7161 8241 97
7161 7985 89
5895 7796 24
5895 6398 21
2780 7412 75
2780 8307 28
7412 6312 3
7412 6177 16
8388 9387 40
8388 8836 14
8388 5106 75
7604 5601 11
7604 9696 24
7604 9466 75
2296 2291 9
2296 692 78
2296 4549 35
4537 4093 63
5601 9801 86
2109 9997 29
807 3506 7
3506 7793 30
9433 122 63
9433 4659 42
1079 4834 73
1806 9280 75
5356 9573 69
5356 5197 57
2094 8825 41
2619 2641 66
2619 5516 42
1657 7567 37
1657 1961 13
3701 2897 26
5148 9017 73
1469 2106 64
1469 5315 71
2957 9821 35
2957 7054 67
9821 3760 94
7290 4543 54
6717 5322 94
6717 8198 36
2047 6780 47
135 6751 56
135 5248 72
135 8502 18
8173 3027 65
3742 208 29
3742 642 88
4127 8252 29
4127 7046 22
8252 102 77
8252 2896 19
8252 8218 37
6626 4465 78
2040 2896 96
2040 4564 65
2040 3830 8
7431 8349 8
4782 5576 80
4782 9342 34
4782 7582 28
5309 8039 16
5309 1576 78
4207 8315 77
4207 6824 62
8315 8318 27
8315 6790 88
8315 9701 5
9466 3345 94
5089 1012 87
5089 7529 44
8945 8489 30
5568 3239 83
5568 9947 68
6497 7790 49
3771 4886 30
3771 2828 73
9768 5636 65
9768 8413 5
3387 2848 43
4690 4326 80
1175 7984 82
1175 8415 87
6102 6382 51
6382 7570 92
3922 9492 49
3922 631 40
3480 8707 81
9881 98 15
2493 244 74
955 4160 43
1820 8094 44
1820 1452 85
8094 6136 6
8094 4037 49
7436 3454 14
7436 6723 14
7436 4291 76
302 6320 76
3755 3091 40
3755 403 41
668 7288 6
2279 7578 22
4570 8635 95
8635 5364 36
5170 8009 70
5170 3905 84
7577 8051 1
7577 4216 68
7577 8082 77
7577 2014 86
8051 4713 88
6006 8513 88
3888 627 50
114 2846 80
114 9417 28
114 4035 87
4298 6957 84
4298 8161 61
6957 4701 89
495 2130 11
495 1110 92
495 8905 43
495 8035 28
495 1254 62
2130 666 98
2130 5267 18
6046 7964 52
6046 7358 16
6453 8786 23
6453 1993 46
6453 53 56
8786 5071 66
2635 7623 84
2635 1375 39
7623 6466 92
7623 3558 93
2518 2867 49
5981 1325 48
9962 683 94
9962 3726 24
9962 5558 21
832 5215 38
832 8444 84
5479 7578 13
5479 2069 72
3595 8661 31
3595 4327 28
3595 3803 86
3595 8708 1
8661 3956 26
787 4765 13
787 8905 26
2978 1651 23
278 7555 59
278 6137 22
5258 6631 92
5258 3239 60
5258 844 32
2066 5735 88
2066 7306 92
5735 6155 75
7639 7179 37
7639 9187 40
2618 8054 3
7984 9465 74
7984 5724 73
1798 9129 61
1798 9667 86
2513 6373 64
2513 1981 84
6373 226 62
6373 1393 87
9537 6134 8
3497 7149 63
3497 2027 56
4745 5740 42
4745 7112 23
6314 2361 58
6314 4837 8
6314 2032 89
1887 8039 79
1887 4368 2
2106 9888 88
2106 9751 48
5273 6447 73
5273 1028 14
6447 8026 28
8015 63 56
8015 9340 27
1566 9437 51
1566 1818 70
1566 8878 68
9437 8201 100
9933 237 18
9933 94 19
7026 5013 10
17 732 99
4655 9748 42
6647 1137 14
6647 4181 61
6 8266 66
6 293 73
5195 5341 28
5195 7736 68
5332 6712 45
6474 7342 46
6474 2961 82
1549 7510 82
6139 3830 49
6139 1831 68
7998 2848 28
8836 1279 87
1217 8962 2
1217 78 28
1217 7764 65
1217 757 80
1217 2882 53
8962 9801 48
319 5718 1
319 9585 99
319 2633 30
5718 9809 34
5718 3764 3
8918 9397 30
8918 5831 62
9268 9738 70
5853 637 27
3043 8739 50
4078 3592 58
676 149 32
676 4799 24
676 579 36
6176 6502 14
707 4535 23
707 5995 32
707 8708 10
8329 9324 58
4606 4642 68
4642 2085 12
849 8296 56
849 654 91
8296 9622 86
8296 8403 64
1139 7426 92
1139 9651 31
1139 6789 7
2704 7857 4
2704 7367 4
3430 7387 79
3430 4602 80
3612 5715 22
3612 3563 41
6413 4971 90
7566 9850 25
9850 4054 80
8415 2641 47
689 9461 72
689 6714 17
689 7667 56
9461 149 37
5306 9020 35
5306 4543 91
4231 4912 15
1018 6220 69
1018 8440 93
2122 6819 46
4468 8258 28
7297 9084 4
7297 7875 15
4783 6283 28
619 9311 97
619 4307 56
3665 314 62
2231 8142 17
3243 8504 76
3243 1304 10
3243 5815 84
8504 3356 28
8504 6112 80
4741 5677 61
5677 3033 23
5547 3155 69
1252 2703 59
2703 5144 85
2703 9345 35
2227 9009 84
1091 4074 7
1091 8629 81
1029 1110 6
1029 800 52
469 5353 39
5964 325 62
5964 4022 44
3966 8333 85
1137 5224 75
690 5298 32
690 7593 15
690 7313 40
9201 4325 86
508 4744 66
9653 4793 56
6827 5429 12
2409 2497 31
2409 3205 70
2409 1645 40
325 4596 73
1330 6044 32
3 4844 34
4805 6106 20
8244 2612 35
2566 6628 16
2566 509 39
6628 6267 82
1332 4191 17
1332 2876 1
7489 2139 21
8313 4549 91
5360 6498 36
5360 4795 73
5360 7923 18
8640 2431 74
8640 25 42
9668 9771 43
9668 4837 61
5746 2102 39
5746 8359 40
917 2469 29
917 4194 77
917 5765 88
3249 9801 19
3526 8114 62
3526 489 20
9163 824 82
9163 2056 57
9163 7571 18
1290 9224 98
1290 5004 18
1290 6712 39
98 4190 52
98 7943 46
4190 3933 45
4190 2714 14
4190 7596 39
6715 9351 96
6715 6511 87
9351 4498 52
3374 4422 6
5322 9686 24
2615 7943 17
2615 6092 79
5894 9969 58
5633 4526 82
5915 4506 88
1478 9005 72
1478 4816 2
5714 491 37
5714 9432 46
2990 51 95
3155 1888 96
9797 9121 3
9797 4093 14
8970 2217 78
8970 6092 9
4238 403 8
4238 5987 91
7636 7319 82
5711 7499 71
9182 5387 88
9182 4142 95
2390 7923 48
2390 3773 18
5861 6443 27
4341 3830 43
165 3401 83
165 5560 75
3401 4617 80
3401 9557 72
2702 6131 64
4995 1579 78
8039 7779 4
8039 799 89
434 4672 21
434 489 62
4188 5235 92
6179 1073 93
8428 246 57
2437 6131 92
2437 4900 66
2437 5307 72
992 5384 91
5384 9374 19
5384 238 59
747 5315 22
6047 2362 84
2292 3428 85
2292 7166 12
7319 5016 51
7319 5930 4
6559 5214 94
6559 5979 12
3223 5319 56
4797 4194 96
3091 5837 98
6357 5506 3
3425 7451 60
2865 4066 22
2865 5603 44
4066 2624 40
5345 999 35
6669 1007 18
3106 4517 86
3106 9678 99
4354 2438 45
1058 5850 68
1058 8188 85
3219 7154 73
3219 3773 43
3219 4611 62
1812 7485 28
7485 8617 65
7485 8317 27
7485 8712 84
7485 1233 60
2102 2604 1
851 4411 19
851 4730 71
4303 7923 24
4303 4701 4
7923 9646 81
7923 8142 49
8713 4257 35
7442 1015 36
7343 3563 72
9801 7934 94
4517 5262 2
2941 8421 28
2941 4661 56
2075 4057 39
2075 6398 97
4057 4985 54
5531 5977 30
2014 5084 4
5387 3449 37
2446 4757 57
2446 354 88
2446 2435 10
2446 8991 39
2857 9497 99
9646 9741 60
3826 6945 31
3826 5072 8
8939 1828 52
8939 7659 87
1618 8418 84
7908 3361 12
7908 6552 64
6544 8169 1
4160 354 70
1617 6120 36
2217 8537 73
8228 9625 96
8228 870 67
8228 333 41
1570 3415 6
1570 3810 29
1570 8934 59
3717 6502 61
6044 5943 19
6821 8303 94
5019 7392 7
5019 1877 29
3344 9017 61
3344 5720 63
3344 378 31
3344 2928 93
3118 9741 100
4828 7846 47
1107 6106 43
1107 9067 47
5034 8905 14
1328 9171 18
1328 6220 7
9171 3551 22
1182 3869 25
1182 3190 51
1182 1475 78
1182 1785 35
3869 1871 29
6137 8115 22
3843 5544 93
3843 7134 36
2263 6705 79
2263 1767 3
6842 6926 17
6842 9692 67
6842 9876 11
6926 1946 68
6926 8198 83
5011 5729 93
5729 2689 44
5729 8243 85
3031 8223 37
3031 9785 4
8223 6826 20
8223 1168 61
637 6552 53
637 6968 19
3257 6273 44
6829 7668 96
6829 2085 48
94 5985 29
6603 9774 67
6603 122 67
2120 2026 11
9698 570 67
1080 2934 9
1080 5715 69
1080 3964 40
8662 9946 5
8662 1828 48
9946 6237 57
9946 244 57
7443 6185 6
7443 6237 54
2186 920 39
2186 640 66
2186 9178 54
1510 1516 99
1510 4653 24
5944 7645 78
1279 1818 29
1279 2128 68
1279 5638 100
1818 9311 4
3728 7881 29
2809 4050 97
2424 6228 13
6228 7555 35
6174 8950 69
8950 2849 27
8950 5566 12
2511 6762 3
2511 9846 14
2511 8867 7
6784 7697 22
5300 8700 50
340 2246 89
340 8959 40
9253 2721 23
4093 4730 52
4093 4825 31
4730 7057 10
4730 2874 68
1314 7387 40
7810 2624 50
7810 63 68
9231 6984 58
2677 3775 64
3775 746 39
3775 5359 19
2661 4962 31
2661 1171 29
2661 6705 6
4962 1744 40
4962 2501 56
4484 8363 7
4484 7337 77
2853 9858 87
9858 8391 38
9858 551 72
684 5283 60
2528 5544 40
2528 964 31
2037 5979 36
2037 9496 25
7256 3458 88
7256 3496 93
7256 9824 9
99 5761 92
5761 5458 19
6740 9064 69
9064 8700 28
9064 3623 50
9064 4017 62
5899 6354 29
5899 8779 59
6354 3832 16
7749 7681 58
7963 2166 57
2695 858 79
4834 1483 29
9136 9800 13
9136 5375 54
9136 8433 81
9800 2027 96
8372 9084 23
8372 5234 32
8041 4287 38
8041 2759 7
2288 3756 17
3109 3061 24
632 7176 66
5235 6301 37
5235 3684 68
3555 2651 33
3555 6198 4
7134 2835 10
7930 1283 80
4557 315 80
8700 7812 31
3977 3399 90
6527 9873 23
6527 5777 38
124 9016 52
7935 7205 20
1877 7242 54
1877 5703 44
1877 7342 55
8110 999 77
3146 7219 75
7782 1027 19
7782 315 96
8303 3970 60
7911 8587 2
6956 2714 56
3422 5135 14
3422 6714 92
3422 869 4
654 6953 44
3739 8367 85
3739 983 53
8367 5348 88
1158 7454 92
2298 8106 80
3662 9656 46
833 7863 3
833 5985 1
4696 8544 56
4696 7240 55
5898 770 11
5898 8400 34
543 4505 79
543 5882 70
7920 52 29
8830 251 62
2220 936 26
6443 1590 53
6443 4068 11
4427 5045 84
4427 2295 41
4427 8425 45
6592 2431 91
5943 8852 77
5943 6686 19
3933 3838 40
3933 962 67
5646 1738 85
8086 9624 10
6855 6867 12
4958 8083 40
4958 1654 34
4958 5888 37
8083 9391 74
7873 2965 44
3930 2320 33
3027 8749 47
3027 1948 88
8749 6980 22
3877 178 12
3877 3378 64
3183 5093 86
9755 3803 25
9755 7420 100
9755 1840 79
1872 9009 8
4620 2283 17
4133 5431 7
4133 5017 7
7463 869 34
7463 8913 31
5526 2404 58
8375 9000 65
4610 7719 64
8347 3554 39
869 1288 34
1576 4533 55
1576 8546 39
9465 3075 24
2203 5967 44
4191 7894 65
962 7132 89
7132 9570 93
7132 7049 22
9786 9015 15
9786 8331 74
5184 1263 77
5184 912 5
9884 661 81
1888 9075 40
499 7903 45
4583 7155 91
4583 8629 46
4814 2624 71
4814 1015 15
4814 8245 61
4906 7883 23
1373 8247 96
1373 8557 38
1373 3630 20
8247 6059 96
648 8774 42
648 8213 44
865 3719 84
865 7350 42
6445 7697 7
6445 7451 55
7697 9363 47
2379 1341 61
2379 8425 99
2379 9320 98
4506 8676 44
1283 5771 91
8867 1731 91
8867 7429 87
2999 3265 36
2999 9368 34
8509 9007 21
8509 1395 18
9007 9276 61
9585 6057 40
7229 6312 9
7229 5405 24
372 147 90
4437 2836 60
3905 9678 48
3905 9622 46
3093 8487 49
8487 4330 98
1677 3210 5
3210 1422 44
4720 1482 9
5771 9310 3
5771 746 56
9994 2856 99
9994 1212 26
6653 2672 76
8202 9573 81
1626 8448 19
1626 4001 27
7524 1948 64
4022 7875 21
7645 5785 31
9686 1699 43
8115 8665 93
5994 9320 5
5994 5326 16
9474 1641 86
9474 7883 16
3593 7176 21
3593 3458 28
3593 567 39
62 7059 30
62 4206 72
246 5598 30
246 2309 45
1738 3150 38
2031 2828 43
4601 3318 13
5715 7367 61
5715 9138 58
7367 569 22
2105 2829 72
2105 7348 63
2105 6686 37
2633 6149 97
2810 3690 90
3690 6650 7
956 7306 67
956 5940 88
3684 6162 63
4051 7754 64
7885 5104 77
7885 6916 16
9462 9696 45
9462 5961 33
3142 5159 73
3142 1482 45
3142 266 9
5159 9544 17
6782 8892 1
4215 1739 2
494 8254 36
494 9492 71
666 4867 72
5545 2375 36
2839 7309 50
7964 9947 14
7964 9248 78
3050 9075 98
3810 8421 14
3810 9426 21
6756 7966 56
6756 2812 96
5740 6887 46
5740 4643 43
6887 5675 99
6887 2971 56
6887 2721 48
8544 5826 66
6533 7812 76
6533 2628 88
7812 5765 85
7812 2085 86
3661 3748 22
3661 825 81
3661 7059 89
509 2501 97
5150 8335 61
5150 1470 13
3439 1059 82
4853 8525 1
7932 7790 43
7932 1840 89
7371 9734 59
6312 3246 87
6972 4749 7
6053 6819 71
5603 1866 33
5603 6070 66
5603 6705 56
8541 3753 15
2543 1339 14
5315 8602 23
5872 9544 97
5872 7557 94
5777 844 24
1238 1180 33
1238 7386 7
4287 3205 29
6854 126 56
5984 9178 79
5984 4326 12
9178 1304 54
6600 8705 8
4659 7378 65
5303 8763 58
2213 1048 59
564 2846 8
8877 6426 28
7179 2572 38
9568 3876 77
9568 4866 11
9568 1967 92
7778 5102 61
3202 5991 70
3202 3719 87
3202 9009 2
3202 1147 56
5991 1404 98
3846 9311 8
2361 3558 10
2361 7084 84
5307 5280 15
5307 3554 44
2274 2531 78
2274 8163 58
2274 7724 37
2274 456 35
2531 518 26
1993 1761 98
1993 3149 91
7054 9151 54
9151 750 73
2291 1648 39
9947 2532 7
9748 8537 8
1048 5197 68
1407 178 66
1407 9062 29
2829 7606 93
2829 1169 7
4035 8496 56
1582 1799 75
2594 5840 87
3432 6636 55
5589 3125 66
6011 2705 36
9969 4985 52
2487 1890 11
2146 3448 93
2146 4050 34
2146 753 53
9597 5516 50
9597 720 60
9597 9055 85
1981 2301 95
1110 9130 46
1110 9744 65
2056 6564 88
2056 8886 19
6564 4411 13
9492 8300 76
900 6698 17
900 1625 17
6572 8444 51
6572 8493 46
6572 5963 72
4543 4899 58
1263 1501 51
1263 4625 22
8342 4713 6
180 2202 92
989 6945 72
8875 9332 5
1206 3130 21
7309 7550 13
7830 8665 16
7830 2971 73
237 4037 7
7758 4391 20
7758 1475 92
7758 5636 22
4286 5833 40
4286 7619 1
9692 9486 87
5837 257 48
2254 2444 7
2254 3840 45
2254 9622 2
2444 2386 29
2444 8054 74
5093 9785 21
6301 7910 20
6301 6106 80
6470 8359 50
3970 8035 30
9362 7263 25
9362 6317 46
2275 8528 87
2275 7004 87
2275 3756 10
2275 5818 59
8528 7475 83
8528 4800 24
759 2081 13
759 1504 29
759 6108 4
2081 4757 95
2936 9690 22
2936 1434 15
8438 5558 24
9162 4124 51
8993 8170 12
7197 1828 21
3411 6706 14
5623 1179 63
5623 9297 38
9445 9931 61
9445 7922 24
9445 5293 64
1799 2897 91
1799 3420 63
6826 8629 6
6826 9008 46
6826 3987 78
8629 2069 100
4497 4711 65
4497 2068 90
4497 22 86
4711 1831 91
9452 8486 83
669 3434 71
1379 5790 53
5790 21 21
149 1239 16
9570 244 59
9570 4389 71
824 2497 20
5624 1171 35
5624 6170 82
2962 2435 65
7491 590 23
7491 1709 17
7491 314 27
1699 2641 22
5353 9913 19
9000 8383 10
9391 5989 77
9391 5243 6
2835 4184 2
4184 9486 50
4184 8374 58
7494 5293 24
1779 3597 73
8198 3886 54
2359 5544 55
8497 5642 75
6988 1783 26
6397 8840 48
6397 4391 75
1828 7706 65
2672 5078 81
5078 9432 36
5078 6741 28
4971 5144 8
3632 8395 100
8395 4326 65
9057 3493 59
7205 5108 10
1916 3375 5
5560 715 37
5560 3052 87
6203 5851 48
6294 3613 90
3840 8293 34
8293 4899 66
7031 8489 79
7031 5405 65
7031 5234 84
1265 5474 75
1265 5084 80
5474 9803 84
6430 3753 76
9486 8704 46
8236 3952 14
8236 6586 42
8236 7516 57
5963 9998 22
5963 4793 89
9998 5705 27
7149 5042 14
4704 5836 87
4704 3466 67
5836 1761 77
5836 2647 21
5710 9785 1
3175 5004 19
3175 5139 60
3175 8560 43
3175 3470 83
5004 2176 57
7154 5313 13
2144 8502 30
4611 3811 41
4611 5446 68
8245 3558 27
6477 3066 77
6477 3086 44
2882 4641 17
3551 3101 47
6309 4762 13
6309 5341 94
4162 4443 26
3798 2964 90
4332 7 37
6511 6634 45
623 7648 8
8163 8364 10
2689 4542 52
3365 7903 98
3365 5961 27
2234 7977 49
9121 9806 67
9121 6786 60
9121 9876 24
3811 8804 16
1067 5262 74
3061 3399 26
3399 3021 78
5172 6965 42
7037 8288 48
7037 2019 33
7037 4509 11
400 3764 78
400 2805 46
8363 9676 53
9676 6185 90
5730 6687 9
5730 6651 26
5730 2222 47
3361 7922 89
5765 2725 57
5765 9094 35
2567 3324 37
2567 7921 78
3324 4282 74
568 5576 49
568 3094 27
5576 1028 30
51 5890 59
3261 6522 2
3261 4221 6
1686 6850 50
6850 2032 50
2375 7826 68
2375 3541 28
4933 6311 36
5506 9923 17
8557 6819 90
333 6716 54
3671 6565 61
8095 2497 63
770 4618 67
770 6155 84
770 8717 16
9690 2416 25
9690 9687 2
9690 5939 95
2946 8391 29
2946 6091 10
3943 8881 3
3943 6192 64
6656 8409 56
6656 7248 69
8409 6716 17
1857 2789 56
1857 8632 82
2843 4627 71
4824 5139 24
4824 3886 85
3454 5842 13
4898 7690 83
7690 3101 42
7690 8610 74
8546 9381 88
8546 6289 71
8546 3171 53
3341 4625 23
3341 9598 22
3341 4334 3
4625 3465 87
8496 1293 38
9368 8551 50
1512 6461 92
5760 6193 63
8079 516 46
8146 9913 95
8861 2986 69
1710 5995 45
1341 8323 56
5785 9644 25
1447 7912 47
1447 4344 56
7912 6289 41
3366 8333 97
3366 1615 9
3366 5831 79
8333 2270 37
8333 4757 37
746 1811 83
746 1625 40
7280 1467 28
7280 2705 10
7280 2624 25
1202 2789 68
8643 219 31
1517 8270 3
1517 4181 99
6193 7724 53
6193 2909 100
8658 910 90
8658 5882 82
5705 4744 7
3345 4218 49
3637 9873 88
2752 456 78
7879 6914 66
1293 4330 46
8321 3496 35
8321 4441 23
1475 8892 23
5375 7286 57
2627 9728 69
2627 810 68
7945 148 55
8959 266 77
4310 6118 94
4310 5079 70
3228 4413 58
3375 5042 20
3999 217 44
9891 5072 18
814 930 8
6868 2329 76
4046 627 11
4046 7516 3
4046 445 44
1179 7326 6
1831 1325 49
1831 5802 90
6586 560 14
8617 6420 27
5933 5457 50
7156 5583 4
8831 6293 84
3466 7706 45
3466 3813 73
3466 198 17
7706 7921 67
6317 9053 44
6317 5120 56
9053 8300 92
9053 2348 100
5638 4443 61
1422 2798 94
4282 1285 100
6996 6120 8
6790 6814 5
1823 7825 80
1823 6945 16
7825 2848 55
3582 905 11
3582 3171 78
3582 6777 9
4008 1339 16
4008 763 46
4008 2552 94
195 7116 77
9181 7350 9
9181 8698 16
7987 7453 71
8704 7410 18
7203 9656 88
7203 9759 14
9656 8433 76
1344 1744 21
5876 775 68
5876 2346 10
6377 8484 59
4447 817 98
5035 5128 20
4154 7150 48
450 1871 4
450 2251 34
4705 4050 37
4705 3623 93
4705 8878 73
4705 1254 84
785 8356 25
244 1027 8
1027 3773 18
1027 1167 36
9621 8274 97
2628 4251 85
53 9739 92
3321 3695 10
9387 6952 98
9387 3107 45
4747 9806 100
9806 1271 41
6916 9697 49
1624 1654 69
1624 4050 84
5045 8816 27
5013 3969 11
6779 2934 50
1050 1917 19
1050 4768 13
1050 6777 16
1467 9473 98
6686 2766 1
6686 570 12
2713 7084 26
6131 391 94
6131 6920 36
1311 2766 96
1311 6264 19
3021 6261 24
6261 8610 86
7940 8152 39
7940 6698 46
7940 5230 75
8152 472 43
8152 6953 6
4198 5989 35
4198 5868 100
4181 652 15
5939 8614 92
8614 7335 35
8614 8826 73
7273 579 93
7273 4884 85
6636 9340 55
6636 2128 71
7613 5383 13
7613 7055 59
7613 410 71
4482 1504 30
4482 4283 2
4482 4273 86
1821 9914 52
9717 6819 40
9913 2343 85
3908 7363 74
3908 8201 40
1731 9574 55
1731 129 80
590 5128 44
5128 9687 55
1404 2362 65
3424 147 39
7049 5269 41
7049 1948 82
7049 7552 50
7818 4498 10
7818 3445 64
1802 433 70
1802 9897 59
336 2336 87
336 7866 29
2336 699 71
7090 1285 72
7090 3554 69
7090 7166 79
7866 9278 11
7387 521 94
9168 1254 48
7358 3828 22
4443 1516 46
9785 7519 49
2438 7582 93
3066 4622 89
9578 8671 58
9578 9872 24
896 930 23
896 6615 73
896 7966 15
9987 8241 18
5724 9885 15
5724 1771 96
6599 2301 35
6599 6240 59
2964 5851 45
2964 3428 87
4618 1482 29
5742 5132 56
3149 9561 62
1035 8486 25
5733 3757 47
5733 9846 32
701 3991 53
701 5797 97
3991 5153 11
6466 7088 59
2415 4522 4
2415 7439 86
4028 3572 8
683 3493 81
1752 8012 72
2975 5673 100
3220 8258 3
3220 4522 27
2587 936 5
2587 7276 58
7360 1785 35
927 3812 86
9072 8999 26
6082 7312 49
7312 3850 9
9517 5416 34
9517 5291 51
9931 1449 93
382 1607 58
382 5487 31
382 5215 68
9644 8201 9
4221 383 10
2343 9020 9
2343 3813 34
9020 1783 24
4499 1025 96
4499 2068 39
4866 4411 81
4955 3052 46
2798 7590 51
1375 3478 91
3478 4314 22
4422 1053 20
4141 6215 10
4141 7240 24
744 4900 49
744 1409 37
4900 427 10
649 445 86
4481 8484 51
8484 9297 87
3190 859 3
3132 2338 24
8323 5272 71
8323 2087 27
1285 5042 27
384 2301 19
4938 4909 96
8449 2959 25
6461 5248 82
6461 9953 6
8096 3255 15
8332 7042 65
4505 8403 12
4505 2482 41
293 513 80
3876 8012 14
3876 5431 32
7582 7754 29
3363 5272 89
3952 2982 51
5068 514 9
5068 7345 96
5989 7552 63
5989 2270 31
167 2258 61
2258 4129 98
2258 489 18
3838 4389 55
5132 7476 17
9888 8294 7
9888 456 87
9888 6920 90
5135 1230 100
5135 1025 50
5135 5153 41
217 4661 87
8909 5364 40
5673 9510 16
2532 831 84
2494 5831 58
2897 5629 97
4301 101 98
5985 4724 28
6423 5699 96
2304 3850 27
7453 9225 23
4762 1085 79
21 6615 80
21 5815 30
3468 693 74
363 8440 23
1651 9658 59
3803 4178 78
7348 3313 41
5834 9035 40
9035 3512 59
9035 7867 75
9276 181 75
8318 8495 65
764 7783 38
1168 7921 53
6930 2612 18
6741 9042 9
6741 8107 28
5977 1947 79
877 8423 84
8338 9789 25
6391 1939 63
6391 7906 86
5521 5797 75
5521 5386 58
3244 9051 92
7353 631 44
7353 9687 1
617 4564 15
7557 6440 20
2542 5158 59
8720 2145 98
2077 2145 71
2077 4768 41
1982 6108 22
627 2284 33
4991 8988 32
3981 757 61
569 8188 100
4832 7863 99
5629 8587 82
2880 3753 73
7977 3445 27
2858 8828 75
3946 4285 5
3987 9774 52
7454 3956 41
1785 5313 80
1785 3784 87
5313 7007 44
5879 8849 68
9914 9278 77
7510 463 13
8169 9432 19
8169 5755 40
9365 9280 94
8712 4574 31
1771 4291 90
3470 7327 36
7327 1167 25
7327 5716 28
7327 9544 27
2582 9720 78
2582 8472 51
1642 8218 91
1783 2876 82
445 7903 29
7519 2486 2
2470 8262 39
2470 910 58
652 7815 11
652 4701 100
8840 6240 33
1304 8986 89
2427 8462 84
5364 7042 16
5369 1502 86
2982 8413 24
9876 8838 68
9734 715 17
1298 2382 34
1298 6920 46
1413 4825 18
1413 6555 52
5918 8300 38
2501 7230 8
9014 3496 99
9014 5703 26
1015 4285 86
4627 9865 79
1648 7640 83
3459 7046 34
3459 4867 18
7055 3580 99
7055 5818 16
7071 5163 11
3179 2025 31
5162 8499 46
5162 2940 91
5162 5487 28
5162 5084 31
8499 2641 46
6451 5084 16
7894 5803 9
7894 8602 32
6092 3440 36
2284 9977 51
8188 1452 73
9107 5071 41
9107 5248 33
3486 9259 70
3486 9915 78
9259 6597 66
5446 295 49
7361 7004 16
7361 5291 48
2147 964 12
6543 7326 11
1811 4413 34
4054 7611 89
4542 6716 49
4542 6351 14
7788 1068 45
1254 9697 85
1254 3335 8
3561 113 16
3561 8489 100
9104 556 77
750 4258 67
5890 2971 59
7922 7589 70
3435 3962 52
3435 8826 47
3435 8639 97
1233 9447 68
1233 2873 32
1233 6420 3
3356 3580 15
7429 2836 3
2338 6456 11
2338 4192 21
9535 8364 15
7392 4429 64
848 9497 27
848 403 98
2337 9134 81
9131 4389 41
910 4733 5
7793 7724 78
3194 3703 3
9473 2954 57
2757 2872 81
8054 7082 31
4622 6631 96
1410 693 37
8418 6319 98
4526 830 5
6650 44 15
6269 6745 44
6269 2613 9
8307 9831 80
8307 2025 14
4171 530 81
5156 4027 19
5156 739 34
6837 4230 73
5153 1208 11
4429 9701 58
9701 9634 58
5916 9152 27
5916 8913 23
8587 653 10
5566 3618 22
7550 513 62
8486 5118 72
480 810 9
480 9497 24
810 354 44
5840 6609 51
5840 8261 80
642 2025 4
631 6775 100
631 6928 27
3618 2486 58
7568 4913 13
8108 433 48
7867 113 27
3721 8114 39
198 692 44
3589 1169 93
3589 7570 24
6230 4230 19
6230 9671 93
6914 6980 94
6914 4887 80
1620 6917 42
1620 6199 89
6917 3284 58
6917 1297 32
7815 7678 41
4218 7570 3
6765 2552 13
7230 7862 92
5961 7342 1
4975 1646 36
1169 7084 34
3597 2898 97
2166 219 72
8774 22 98
3623 7713 28
7713 4068 88
7713 9068 75
6631 8525 56
2995 3552 87
2995 101 93
753 3064 82
5851 4434 18
4861 7786 28
6194 6696 64
6194 3214 59
4884 7439 25
5815 4027 29
6952 8400 82
8243 410 65
7858 909 89
7350 9213 46
7876 4535 91
1007 7316 15
2605 8876 4
7506 25 34
354 6008 59
4932 148 21
6659 9574 30
7910 6240 11
148 5234 73
1683 5178 33
777 9094 61
3180 9124 57
3180 1513 40
4498 9497 83
3239 5924 14
9667 7150 76
6702 1627 47
2612 1767 97
1208 9967 4
8462 556 19
8142 9803 13
3255 8707 22
3255 9899 46
4701 765 6
5779 7112 74
7112 3071 97
6311 2959 35
6285 3813 13
514 2720 42
2848 5457 60
4389 7862 55
2416 1470 63
2700 5574 61
7790 7098 32
5855 1880 2
7513 8563 85
7513 2019 9
7513 2139 73
8563 3104 89
2486 9895 61
113 6498 70
3358 7606 34
2815 5414 98
2815 9395 10
2947 9094 66
2947 6229 52
6651 2346 47
5833 5202 17
779 9042 27
1947 4699 7
9280 9715 76
1053 1604 33
2878 4146 86
3101 9634 46
3787 5844 95
4283 2873 36
3962 8986 7
7007 7066 23
7736 6780 29
7736 2176 95
9775 2787 74
9775 5635 43
7985 2455 23
2647 4307 94
9574 8331 21
6090 7914 32
6090 6777 95
5826 9134 59
5727 5499 2
5727 5940 52
3563 859 71
5995 224 57
7116 9023 67
178 5706 88
306 3094 84
5578 6609 6
4985 7555 86
6670 4800 49
2244 911 34
2244 513 64
1065 7783 62
9872 1948 33
5716 9803 100
6552 936 87
7389 8423 93
7389 6913 10
3246 5302 39
456 2329 97
1836 739 20
7000 4786 29
7245 4809 71
6555 3104 76
1627 1615 60
7404 7416 34
7416 7337 99
2949 9042 29
7004 2251 52
6127 4100 48
314 5635 100
314 2309 93
616 5703 25
616 9759 93
7126 7059 41
2208 2812 63
5197 7177 96
6745 692 32
3630 2202 24
6136 9915 2
5124 7667 2
2541 2844 45
251 2222 28
251 3743 72
890 7783 81
4391 5514 21
4391 6028 87
5979 7745 57
5979 7957 30
7745 1840 3
7745 8035 77
7745 4591 90
8705 6094 95
5688 1073 67
1967 7066 22
1967 5230 33
7066 6045 100
6928 5102 62
5125 7177 11
9342 2822 73
6615 4699 85
6615 5386 24
8738 8294 79
2828 5987 37
5108 8739 70
9189 4591 82
712 5198 82
712 5024 93
1504 5210 6
6723 2497 52
5130 129 70
3440 545 2
8472 2240 73
2977 7093 38
2977 5940 39
7093 8853 57
9316 7451 75
2873 6913 76
7420 8849 39
7420 5457 86
7420 391 70
1438 2085 46
1438 9123 93
1438 3318 79
1438 1448 46
2722 7593 12
2722 44 36
1188 673 40
3034 4368 81
7681 287 27
7640 6057 83
5987 2928 20
1604 1409 40
5522 4194 92
9671 9899 29
2685 673 41
6233 4661 73
6705 3291 76
5940 5642 91
2404 7098 17
5214 6913 100
964 4793 60
964 9831 65
3541 2725 26
3541 8680 46
9324 8670 3
5071 5458 44
8084 9347 87
8084 8986 40
9902 4641 55
208 6991 36
8493 731 81
6420 545 64
4744 3107 12
3753 3181 7
453 5048 25
453 4594 43
5048 8513 6
4105 7535 79
5514 6364 32
5514 2846 29
4291 5844 81
8012 4594 9
556 6149 49
2301 9677 55
2386 7589 42
5087 1147 25
7153 5118 58
7153 3870 70
5210 7363 79
5210 8495 21
7363 8848 16
4258 394 96
1501 9544 53
6045 9809 61
394 2431 17
394 765 2
545 5374 2
8020 9794 80
5248 5024 97
6198 765 16
5655 25 72
5655 5642 39
8525 5243 77
6965 4216 19
800 1655 82
8413 6714 1
9134 8335 20
9134 6197 11
4889 7288 21
6974 4641 8
3531 4837 97
7313 1286 65
2158 5269 39
2158 1289 80
2844 5802 40
433 1844 36
5141 5104 10
1985 1949 83
653 731 40
4192 9094 42
930 6415 68
4462 1068 47
860 9923 30
7316 9897 42
2872 3214 77
4809 6364 72
2651 7411 21
2251 7082 69
5024 5802 16
7822 8676 68
8676 9358 93
1171 6609 79
1171 1239 31
331 8913 35
8444 4206 23
6149 2874 99
513 9188 34
513 3850 64
22 6229 16
6958 1844 15
1230 8848 29
7337 3107 59
3125 5593 11
129 7754 41
5269 731 93
6229 3260 31
7177 7659 89
5706 6192 43
7311 1709 77
4643 9297 35
9892 7433 41
2720 7098 14
7783 1393 85
7657 8739 94
1393 4005 97
4768 1951 91
4413 4344 36
8317 925 98
4591 1655 85
8876 2240 31
7668 6199 17
3445 8848 34
6991 1853 14
2874 4100 90
3064 9894 55
8573 9544 14
5487 7535 45
4899 1335 62
3024 3322 5
226 9870 29
6319 548 35
1853 6780 90
4530 6780 99
9923 2283 28
1068 1335 18
