10000 25000
7169 9987 13
7169 4083 15
7169 3894 20
7169 1290 24
7169 5816 25
9987 360 65
9987 8204 60
9987 7810 64
9987 2028 90
6283 7908 95
6283 1496 8
6283 7471 2
6283 8671 33
6283 2809 42
7908 388 6
7908 9031 13
7908 186 10
7908 5460 28
1914 6834 52
1914 6103 84
1914 5612 44
1914 4995 89
1914 8135 27
6834 8913 88
6834 9350 59
6834 4674 72
6834 9160 50
2046 9205 83
2046 8888 55
2046 9117 20
2046 6573 88
2046 1895 77
9205 4786 41
9205 6155 32
9205 2080 93
9205 6672 34
2796 5007 4
2796 6444 30
2796 1312 16
2796 5656 74
2796 7772 83
5007 4296 55
5007 3773 23
5007 3501 70
5007 1904 100
195 4939 50
195 9290 32
195 146 48
195 9423 66
195 6756 57
4939 8130 84
4939 9102 61
4939 4164 39
4939 5770 75
1234 1598 1
1234 8876 67
1234 7677 52
1234 4776 37
1234 6273 31
1598 2270 32
1598 9152 41
1598 1050 82
1598 6217 15
1046 8717 58
1046 9616 19
1046 4729 33
1046 7125 96
1046 5098 6
8717 6297 82
8717 6899 50
8717 4249 18
8717 5806 64
4848 9155 6
4848 4866 71
4848 1337 11
4848 3415 16
4848 4082 13
9155 7149 68
9155 4900 44
9155 1431 78
9155 738 92
2871 5531 9
2871 6601 64
2871 8268 78
2871 1030 38
2871 4242 32
5531 9270 26
5531 9734 95
5531 7093 44
5531 7976 48
954 2712 42
954 7036 45
954 272 31
954 6887 38
954 2549 47
2712 3102 98
2712 8372 69
2712 8350 54
2712 3073 49
534 1372 72
534 3682 97
534 9876 77
534 867 68
534 7438 22
1372 9522 91
1372 2679 62
1372 5408 17
1372 8263 68
6189 7842 87
6189 4935 96
6189 4913 42
6189 1706 75
6189 2665 43
7842 9862 51
7842 7256 72
7842 5605 45
7842 103 6
881 3173 12
881 3450 96
881 6113 79
881 2597 63
881 6578 89
3173 998 85
3173 6151 11
3173 5334 11
3173 1929 38
969 2239 38
969 1646 10
969 2289 81
969 5144 6
969 4085 54
2239 2585 21
2239 7928 81
2239 6100 43
2239 5914 66
4613 6255 30
4613 8382 96
4613 8045 31
4613 6212 83
4613 3997 93
6255 4748 27
6255 6335 31
6255 9568 32
6255 6978 44
9120 9892 24
9120 5970 27
9120 594 54
9120 9245 16
9120 1953 48
9892 2774 9
9892 8605 88
9892 5822 61
9892 9919 10
1095 1789 84
1095 7063 80
1095 2014 80
1095 9309 64
1095 8895 84
1789 9445 40
1789 6243 52
1789 5178 17
1789 3023 62
5907 6816 64
5907 6434 70
5907 3615 48
5907 1329 76
5907 4060 12
6816 5188 2
6816 3054 70
6816 5871 27
6816 256 5
4292 9997 62
4292 4919 73
4292 7026 7
4292 1667 53
4292 9501 63
9997 6982 11
9997 2374 23
9997 8290 71
9997 9962 77
474 6582 75
474 4477 74
474 8886 62
474 6796 99
474 6150 84
6582 2446 26
6582 8074 66
6582 1615 33
6582 763 67
2686 8760 63
2686 3285 78
2686 7892 60
2686 2595 83
2686 1804 15
8760 7706 52
8760 4821 7
8760 3572 65
8760 6496 20
4064 4885 8
4064 7561 75
4064 6947 85
4064 3451 20
4064 6176 100
4885 1667 30
4885 9566 22
4885 5366 3
4885 707 36
7704 9691 30
7704 2546 88
7704 8322 71
7704 3133 51
7704 2094 74
9691 2384 79
9691 4387 26
9691 150 30
9691 2160 85
5839 6308 45
5839 7654 93
5839 1102 2
5839 8505 8
5839 9487 83
6308 4029 24
6308 3517 95
6308 3798 89
6308 7330 43
5787 6118 49
5787 880 79
5787 4551 48
5787 4864 74
5787 7881 55
6118 8387 52
6118 9595 15
6118 4908 25
6118 927 22
5709 8679 64
5709 4470 74
5709 5214 44
5709 1472 59
5709 8634 59
8679 1145 4
8679 1896 9
8679 4516 26
8679 7353 49
979 5936 67
979 5576 39
979 6593 90
979 8395 77
979 6997 46
5936 518 32
5936 4043 50
5936 3850 76
5936 639 34
7090 8485 98
7090 4446 75
7090 5628 55
7090 6363 97
7090 1419 25
8485 7018 40
8485 3850 14
8485 8433 5
8485 582 73
8048 8188 53
8048 1114 37
8048 8698 88
8048 4213 78
8048 4989 96
8188 2059 99
8188 7285 83
8188 9784 14
8188 3049 20
3990 9258 72
3990 1236 23
3990 9011 72
3990 8212 16
3990 9615 16
9258 1535 4
9258 4184 92
9258 107 46
9258 1718 58
373 9509 11
373 5082 2
373 3257 71
373 4690 8
373 8919 86
9509 5715 47
9509 2950 26
9509 9497 78
9509 6370 68
1629 6957 91
1629 9828 91
1629 533 55
1629 9273 61
1629 70 79
6957 8965 62
6957 3333 94
6957 2780 59
6957 367 79
7446 9059 95
7446 2676 33
7446 9113 22
7446 2113 6
7446 4406 49
9059 9614 86
9059 1403 84
9059 9148 74
9059 2444 7
5321 9701 58
5321 8365 44
5321 9471 25
5321 521 33
5321 7623 95
9701 845 34
9701 1003 77
9701 3380 17
9701 7966 41
1954 4273 8
1954 1100 94
1954 9882 78
1954 4016 52
1954 4171 92
4273 7130 39
4273 6969 96
4273 1407 23
4273 8930 79
962 6871 18
962 6810 87
962 6550 53
962 6942 23
962 4264 38
6871 3324 60
6871 3826 26
6871 2368 19
6871 6898 28
112 4257 2
112 4640 4
112 8865 22
112 821 28
112 4944 87
4257 8893 41
4257 901 53
4257 7199 25
4257 6326 14
3838 8083 39
3838 7323 5
3838 2169 81
3838 9284 92
3838 586 42
8083 7065 80
8083 9143 26
8083 666 47
8083 2617 54
8031 8931 68
8031 1023 25
8031 4701 46
8031 3358 66
8031 6432 32
8931 4815 69
8931 9966 68
8931 5739 20
8931 2734 3
660 4062 99
660 7202 39
660 3035 74
660 3755 59
660 8237 10
4062 955 99
4062 4140 49
4062 4009 27
4062 8128 83
4712 6395 58
4712 5855 94
4712 9861 82
4712 9154 14
4712 3820 22
6395 3432 90
6395 1457 85
6395 2012 66
6395 3040 51
1035 3185 38
1035 6198 59
1035 1308 79
1035 9790 71
1035 1484 25
3185 869 10
3185 7484 34
3185 6777 74
3185 448 73
1473 6794 51
1473 8408 13
1473 299 36
1473 8061 39
1473 7793 1
6794 9708 96
6794 4351 96
6794 73 42
6794 6690 3
4859 5102 85
4859 1866 5
4859 278 19
4859 8402 88
4859 5190 36
5102 579 61
5102 1241 23
5102 5364 32
5102 7840 33
1875 1886 63
1875 1558 65
1875 2018 46
1875 5914 28
1875 6753 85
1886 7028 11
1886 3467 67
1886 3585 88
1886 6976 89
6637 8516 45
6637 1725 64
6637 5078 79
6637 2573 42
6637 7580 95
8516 919 49
8516 1810 13
8516 2574 99
8516 5134 20
6721 9907 3
6721 8314 98
6721 489 43
6721 6767 46
6721 9366 73
9907 6344 100
9907 453 27
9907 8311 62
9907 6421 85
7532 9368 78
7532 6822 82
7532 2626 93
7532 103 45
7532 5958 31
9368 8857 68
9368 3681 90
9368 3529 78
9368 2213 40
1781 2601 28
1781 5147 53
1781 3720 99
1781 6815 12
1781 1606 61
2601 2771 59
2601 1834 94
2601 8897 36
2601 3152 17
728 7764 8
728 4163 65
728 3712 85
728 9065 52
728 5471 30
7764 9841 9
7764 164 65
7764 8965 53
7764 8624 5
4093 8201 21
4093 6 52
4093 5536 5
4093 2473 45
4093 8652 37
8201 7898 30
8201 8704 31
8201 1694 37
8201 8275 99
189 9930 40
189 4682 44
189 5491 10
189 7441 78
189 3591 85
9930 885 22
9930 1791 85
9930 8414 26
9930 137 36
5600 6426 23
5600 3350 61
5600 5455 81
5600 6604 26
5600 8987 57
6426 285 24
6426 8761 72
6426 5067 23
6426 3446 96
1906 8904 1
1906 3318 9
1906 4466 62
1906 4588 9
1906 6707 37
8904 3415 11
8904 9199 34
8904 6126 82
8904 3272 69
1297 5413 38
1297 1766 22
1297 7605 49
1297 9047 46
1297 5823 51
5413 1289 19
5413 2590 63
5413 8417 78
5413 3955 24
3812 9090 98
3812 3477 27
3812 67 95
3812 3464 83
3812 2763 29
9090 7289 29
9090 1407 95
9090 9253 27
9090 9148 16
2398 8612 22
2398 4109 40
2398 2930 75
2398 2287 15
2398 9514 91
8612 6134 28
8612 9978 58
8612 3632 32
8612 7774 36
649 7821 34
649 3008 98
649 7299 100
649 497 93
649 2421 88
7821 7113 9
7821 5145 82
7821 7755 38
7821 6560 58
4173 4373 5
4173 8541 7
4173 9498 43
4173 7071 87
4173 3251 6
4373 2575 62
4373 7472 78
4373 590 70
4373 1673 21
1433 5459 16
1433 6748 48
1433 5687 92
1433 3900 7
1433 7756 90
5459 4313 18
5459 6253 9
5459 9076 22
5459 1464 13
1577 4649 22
1577 2739 12
1577 5037 64
1577 4738 77
1577 2514 91
4649 8190 76
4649 5060 35
4649 3315 22
4649 1881 59
1284 9500 64
1284 362 40
1284 3020 23
1284 6067 2
1284 1624 70
9500 2461 88
9500 5602 51
9500 5243 13
9500 6629 50
4658 9491 93
4658 1710 27
4658 369 98
4658 8590 23
4658 5761 36
9491 2561 63
9491 4952 27
9491 143 73
9491 35 42
1518 5008 79
1518 5249 56
1518 1257 10
1518 9978 37
1518 8739 16
5008 4454 98
5008 8670 99
5008 5678 7
5008 5020 43
3381 4558 70
3381 2105 76
3381 7715 12
3381 4496 81
3381 7176 31
4558 8746 44
4558 7210 66
4558 6031 50
4558 252 2
2386 9891 36
2386 7232 87
2386 9231 61
2386 1203 92
2386 7642 19
9891 7685 83
9891 7242 61
9891 4572 62
9891 2897 57
1355 9151 36
1355 2788 88
1355 7139 8
1355 1148 48
1355 9197 8
9151 3862 77
9151 4683 68
9151 807 66
9151 6680 24
7597 9739 47
7597 5473 39
7597 3969 38
7597 7878 79
7597 2289 53
9739 7938 70
9739 49 25
9739 9821 98
9739 868 6
5995 8244 22
5995 8025 64
5995 8367 4
5995 9296 58
5995 3478 84
8244 5474 15
8244 1094 57
8244 924 63
8244 1674 74
191 8821 77
191 103 99
191 406 90
191 5859 89
191 679 33
8821 8076 24
8821 4448 69
8821 2624 90
8821 3515 40
3465 6888 78
3465 8279 21
3465 9562 6
3465 8521 73
3465 9445 60
6888 6307 61
6888 6034 86
6888 9377 53
6888 4971 55
5880 7705 97
5880 335 59
5880 5298 31
5880 897 78
5880 3710 62
7705 896 61
7705 7775 30
7705 5867 16
7705 5208 75
491 7770 74
491 6063 58
491 6535 24
491 4239 48
491 576 70
7770 5216 72
7770 9835 83
7770 7519 73
7770 4739 17
6748 3710 78
6748 7670 29
6748 6563 63
6748 6076 59
4031 4266 36
4031 4218 92
4031 2039 69
4031 4834 78
4031 3423 48
4266 2064 64
4266 2163 71
4266 6262 2
4266 895 98
4084 5590 37
4084 8461 40
4084 951 65
4084 1692 33
4084 3361 59
5590 2990 79
5590 9241 82
5590 5831 7
5590 6698 79
1193 2565 92
1193 6603 75
1193 3162 23
1193 4573 6
1193 155 16
2565 7119 32
2565 5383 63
2565 6518 37
2565 2458 17
4823 5929 42
4823 1628 30
4823 3545 99
4823 4737 54
4823 5026 80
5929 344 66
5929 1003 49
5929 6675 74
5929 6855 84
105 6953 97
105 307 38
105 2959 97
105 1256 32
105 1756 45
6953 5363 17
6953 3091 5
6953 409 37
6953 7251 18
3424 7237 100
3424 2541 91
3424 5083 92
3424 4324 80
3424 9587 41
7237 202 41
7237 9568 63
7237 1107 73
7237 7720 99
3441 6652 29
3441 8453 40
3441 7474 95
3441 6535 58
3441 7793 56
6652 4834 50
6652 8708 39
6652 9091 51
6652 1507 23
2561 4328 99
2561 9870 99
2561 7940 92
2561 7558 93
38 2698 71
38 1076 70
38 3269 80
38 4969 78
38 5259 66
2698 9112 64
2698 7345 63
2698 2651 11
2698 5557 27
3594 7833 73
3594 4646 44
3594 9705 81
3594 367 1
3594 6174 67
7833 6225 96
7833 695 33
7833 366 50
7833 4423 83
1782 8972 23
1782 3902 95
1782 3565 51
1782 7075 55
1782 9504 11
8972 237 80
8972 3171 44
8972 3606 80
8972 3712 66
1362 8386 95
1362 6406 62
1362 5174 50
1362 1326 32
1362 6457 64
8386 2012 38
8386 197 78
8386 9827 9
8386 6591 37
2558 9193 98
2558 821 61
2558 2532 51
2558 1106 59
2558 9757 15
9193 149 3
9193 7857 41
9193 2132 16
9193 4557 51
1918 4137 83
1918 2731 34
1918 196 35
1918 3351 53
1918 7852 68
4137 52 82
4137 2692 23
4137 1792 73
4137 938 99
3735 9758 21
3735 2501 10
3735 1315 58
3735 5114 20
3735 3781 24
9758 7831 19
9758 324 7
9758 9339 36
9758 5051 73
2112 4942 50
2112 2572 77
2112 9460 85
2112 1164 81
2112 7479 46
4942 2257 97
4942 9657 80
4942 1109 88
4942 5563 6
3232 4973 26
3232 5376 74
3232 5121 75
3232 1834 62
3232 3647 17
4973 344 17
4973 2619 78
4973 9333 86
4973 129 9
1769 7986 81
1769 716 31
1769 9564 84
1769 5466 64
1769 2727 36
7986 8742 76
7986 1706 58
7986 8623 1
7986 251 89
1504 4305 50
1504 2237 24
1504 797 2
1504 7178 18
1504 6325 60
4305 4518 64
4305 4726 22
4305 2186 74
4305 925 65
652 7472 79
652 5847 56
652 9291 36
652 8202 18
652 4170 3
7472 5795 40
7472 4790 60
7472 9077 15
4749 5606 5
4749 3262 18
4749 3879 13
4749 2962 47
4749 2039 4
5606 6029 38
5606 5560 100
5606 9312 77
5606 266 52
6159 8594 9
6159 5818 41
6159 1209 34
6159 2223 19
6159 4602 47
8594 4647 85
8594 966 10
8594 2295 26
8594 8258 73
4380 9681 86
4380 8750 82
4380 306 6
4380 6708 83
4380 6643 61
9681 6663 55
9681 5088 32
9681 9091 62
9681 8501 7
3676 7084 19
3676 2155 50
3676 1016 6
3676 1434 23
3676 3430 36
7084 7548 100
7084 6697 66
7084 8916 2
7084 4528 56
5903 7850 11
5903 7643 94
5903 8640 47
5903 8535 57
5903 4326 100
7850 9645 24
7850 9512 48
7850 5122 44
7850 3810 66
2170 2264 2
2170 2574 11
2170 1128 11
2170 1327 89
2170 573 25
2264 2254 3
2264 4555 63
2264 3742 51
2264 5272 73
4489 9035 6
4489 3935 60
4489 7387 98
4489 4879 25
4489 2403 91
9035 9341 2
9035 225 65
9035 2406 47
9035 2250 78
6951 9698 92
6951 1637 42
6951 8184 51
6951 5826 64
6951 2763 99
9698 8791 73
9698 8434 8
9698 2509 42
9698 1553 80
6646 9062 26
6646 9961 90
6646 5185 54
6646 3673 87
6646 983 98
9062 2464 69
9062 2616 14
9062 4148 11
9062 4472 27
187 2016 65
187 4157 77
187 2551 87
187 6000 71
187 7383 5
2016 1055 50
2016 6287 81
2016 1422 84
2016 4959 55
3588 6274 62
3588 306 85
3588 3922 92
3588 3991 30
3588 9579 69
6274 8562 15
6274 6509 4
6274 9650 48
6274 1359 91
2025 7925 31
2025 7161 70
2025 6149 16
2025 2502 79
2025 9595 83
7925 5307 25
7925 7026 57
7925 127 72
7925 4249 96
2267 9902 45
2267 4409 69
2267 7558 65
2267 754 75
2267 1644 77
9902 9946 37
9902 6590 9
9902 3903 21
9902 9008 87
560 3695 23
560 6819 34
560 1559 59
560 9220 30
560 3646 56
3695 4183 49
3695 3552 50
3695 8060 94
3695 3411 42
2611 5016 72
2611 8619 95
2611 1505 59
2611 4599 91
2611 4583 67
5016 7626 21
5016 2918 50
5016 1181 28
5016 5599 81
5785 5885 38
5785 7582 4
5785 4992 79
5785 5458 39
5785 3234 47
5885 2823 27
5885 4751 33
5885 2958 12
5885 7556 95
403 3711 53
403 3288 94
403 7608 64
403 7252 92
403 6329 81
3711 6181 19
3711 6730 86
3711 6751 67
3711 2689 16
284 2299 96
284 2683 33
284 1525 42
284 9247 71
284 7743 72
2299 4691 85
2299 9208 70
2299 2147 36
2299 6858 30
4244 5797 24
4244 5980 77
4244 3880 98
4244 3290 3
4244 7417 86
5797 9494 43
5797 9970 59
5797 5096 6
5797 7440 28
4388 7239 96
4388 8825 24
4388 7891 1
4388 378 86
4388 5649 45
7239 6207 59
7239 9809 88
7239 5919 69
7239 7017 76
4799 9991 6
4799 8938 41
4799 9634 84
4799 8443 21
4799 6085 76
9991 9866 9
9991 5081 66
9991 6224 65
9991 5705 55
236 8674 11
236 8578 66
236 5553 36
236 2821 33
236 427 46
8674 9578 60
8674 7228 76
8674 7376 41
8674 7583 85
5353 7167 24
5353 4466 97
5353 6360 84
5353 3997 64
5353 3197 97
7167 3320 67
7167 9540 94
7167 7428 44
7167 975 39
3744 4693 36
3744 6023 44
3744 6751 83
3744 7553 1
3744 4447 9
4693 4932 50
4693 2941 81
4693 2052 89
4693 5283 39
1235 9876 41
1235 262 47
1235 8829 46
1235 5906 38
1235 5623 25
9876 4997 59
9876 113 49
9876 6109 13
3613 5176 88
3613 3941 86
3613 3661 71
3613 5810 14
3613 3960 82
5176 6823 60
5176 4784 4
5176 5402 27
5176 4465 13
5937 6629 86
5937 2318 76
5937 2347 3
5937 9096 58
5937 3181 50
6629 5861 63
6629 1498 44
6629 6931 14
3616 5447 21
3616 8981 34
3616 9132 81
3616 4619 100
3616 8272 12
5447 1858 33
5447 1104 60
5447 7111 33
5447 2415 86
1603 2166 48
1603 4883 31
1603 5843 38
1603 389 89
1603 3312 91
2166 7836 6
2166 2714 38
2166 46 83
2166 3508 29
1176 6263 17
1176 9525 44
1176 8647 82
1176 7713 17
1176 2359 42
6263 3731 22
6263 9268 4
6263 4160 9
6263 959 18
5121 7009 94
5121 2855 5
5121 7466 36
5121 1209 69
7009 7614 30
7009 4500 44
7009 2647 79
7009 4638 1
1382 6139 56
1382 6233 88
1382 6868 16
1382 5771 32
1382 9302 91
6139 1200 90
6139 5661 88
6139 8465 66
6139 9750 48
4400 7249 98
4400 3977 73
4400 7942 92
4400 4350 49
4400 3724 93
7249 9944 3
7249 8847 80
7249 3964 20
7249 4256 60
5081 9862 39
5081 8476 83
5081 7147 18
5081 8226 95
9862 6340 52
9862 9012 25
9862 2193 63
1230 6499 19
1230 377 99
1230 865 27
1230 2252 73
1230 2713 29
6499 4653 90
6499 7539 37
6499 8215 66
6499 6012 10
3042 5360 59
3042 4841 91
3042 8997 78
3042 4607 58
3042 762 47
5360 726 88
5360 2777 24
5360 2586 48
5360 8991 42
185 3609 86
185 9494 50
185 5908 78
185 5201 85
185 8076 12
3609 8766 99
3609 7498 100
3609 9244 28
3609 7110 68
3029 6818 99
3029 3286 51
3029 8316 46
3029 3291 32
3029 6800 37
6818 3968 40
6818 5156 65
6818 25 68
6818 2858 41
407 9845 7
407 5804 17
407 9558 1
407 2281 83
407 822 74
9845 4594 54
9845 6407 16
9845 6049 46
9845 8045 14
3768 4124 31
3768 7809 80
3768 5964 56
3768 5611 26
3768 5725 7
4124 3063 60
4124 8549 63
4124 255 36
4124 3057 27
4595 9006 77
4595 6835 67
4595 5421 81
4595 8528 72
4595 3197 17
9006 311 35
9006 5042 15
9006 4118 48
9006 5867 1
1685 7429 8
1685 3087 55
1685 9175 46
1685 8285 91
1685 6488 17
7429 3374 53
7429 1063 22
7429 4961 19
7429 2639 55
18 3095 55
18 7715 20
18 9370 33
18 9029 18
18 487 69
3095 7666 12
3095 6353 16
3095 644 79
3095 2765 75
162 3783 31
162 14 42
162 7269 52
162 5779 20
162 1006 10
3783 8857 53
3783 7845 13
3783 23 72
3783 4936 74
6884 8206 22
6884 8724 49
6884 2593 78
6884 5707 79
6884 4860 96
8206 3451 30
8206 2403 23
8206 7074 64
8206 2034 52
397 5343 76
397 9389 51
397 5238 66
397 4097 26
397 6278 39
5343 99 20
5343 4150 100
5343 6507 30
5343 329 100
1300 4585 39
1300 2857 47
1300 570 15
1300 5283 30
1300 5214 30
4585 7993 80
4585 6864 22
4585 6870 90
4585 6183 61
3022 6936 37
3022 8603 8
3022 9522 12
3022 1445 67
3022 1910 53
6936 8030 82
6936 6622 93
6936 1270 98
6936 6280 55
514 9311 57
514 2376 98
514 8610 85
514 1146 84
514 2760 38
9311 7649 7
9311 3535 23
9311 1438 3
9311 9834 76
5724 8749 1
5724 4013 60
5724 4894 66
5724 6145 9
5724 6365 92
8749 3143 48
8749 4840 60
8749 9920 89
8749 7297 90
1056 5164 73
1056 6010 58
1056 3556 92
1056 9900 46
1056 7632 19
5164 101 63
5164 1882 86
5164 7066 30
5164 5037 52
6116 7287 64
6116 762 23
6116 4295 22
6116 1593 76
6116 7831 91
7287 2921 44
7287 7978 50
7287 411 20
7287 4405 41
2155 4318 34
2155 4567 29
2155 5487 81
2155 2272 38
4318 287 9
4318 5320 86
4318 207 28
4318 2659 11
3066 5141 46
3066 9642 66
3066 4690 98
3066 3985 88
3066 6778 40
5141 3831 26
5141 3691 40
5141 3593 83
5141 6422 62
5246 9124 24
5246 50 24
5246 6051 100
5246 6187 9
5246 7900 71
9124 8833 27
9124 1550 51
9124 3043 1
9124 6046 95
1147 7911 9
1147 8627 12
1147 3236 15
1147 4688 73
1147 4465 99
7911 2928 32
7911 956 58
7911 1274 37
7911 1511 65
2441 5843 7
2441 272 25
2441 6158 77
2441 1403 59
2441 2971 81
5843 348 76
5843 46 10
5843 5481 66
8593 9921 17
8593 3242 44
8593 8556 45
8593 7484 21
8593 2788 61
9921 217 90
9921 7435 38
9921 3786 80
9921 6774 36
8300 8356 33
8300 2886 28
8300 4533 11
8300 8387 12
8300 8473 99
8356 9850 91
8356 9436 98
8356 2415 14
8356 1847 6
2209 7937 82
2209 706 69
2209 8863 100
2209 8343 57
2209 6965 36
7937 8196 72
7937 2635 28
7937 3391 17
7937 7377 20
6251 8801 42
6251 5402 98
6251 7314 47
6251 1708 71
6251 2031 96
8801 8216 5
8801 4522 21
8801 8036 39
8801 1839 34
270 7988 50
270 2540 33
270 7493 79
270 5193 7
270 2311 2
7988 9963 87
7988 4986 71
7988 1621 65
7988 3736 72
7266 7318 56
7266 2064 100
7266 7222 65
7266 4046 62
7266 2708 18
7318 5250 94
7318 7651 18
7318 5561 41
7318 245 6
4716 6276 9
4716 8269 14
4716 8997 7
4716 2556 2
4716 6583 75
6276 8055 60
6276 3888 61
6276 586 23
6276 3756 27
485 5698 40
485 8444 48
485 3313 66
485 2081 100
485 402 66
5698 8135 39
5698 8286 25
5698 6469 79
5698 6575 74
5588 8457 42
5588 7750 98
5588 6348 7
5588 9822 38
5588 4469 1
8457 3790 73
8457 7178 19
8457 2306 84
8457 4232 54
24 2105 71
24 8278 38
24 2616 36
24 2320 46
24 5414 41
2105 732 43
2105 2830 67
2105 5311 89
5801 9504 23
5801 3771 63
5801 8323 50
5801 2783 92
5801 2218 61
9504 6991 14
9504 9641 94
9504 8087 38
2102 3529 50
2102 3640 26
2102 3853 10
2102 4028 4
2102 3398 10
3529 148 79
3529 9189 9
3529 8197 30
8237 8946 85
8237 4067 44
8237 8100 84
8237 1908 99
8946 9322 88
8946 6106 60
8946 2914 66
8946 5985 91
436 2049 48
436 4506 30
436 102 87
436 9248 85
436 4671 100
2049 5917 13
2049 5381 50
2049 9744 93
2049 2505 20
2030 7598 63
2030 8542 53
2030 6176 56
2030 8263 91
2030 8415 52
7598 875 20
7598 2018 33
7598 7351 74
7598 5408 94
1815 3472 44
1815 7089 46
1815 9586 56
1815 727 8
1815 6830 96
3472 6587 23
3472 6377 16
3472 8292 85
3472 3861 93
6775 8397 37
6775 7011 95
6775 3991 35
6775 6339 58
6775 2863 47
8397 8685 82
8397 4563 57
8397 5855 93
8397 6450 15
6288 6589 10
6288 3157 7
6288 2653 69
6288 6437 11
6288 9760 56
6589 3488 66
6589 8737 9
6589 317 20
6589 4452 89
3620 6989 32
3620 5002 90
3620 6043 49
3620 96 37
3620 7963 5
6989 1322 83
6989 4615 75
6989 1817 67
6989 1552 42
3869 5249 52
3869 7357 52
3869 7651 6
3869 1091 89
3869 9994 83
5249 1287 1
5249 3702 17
5249 2429 27
419 2984 44
419 2 39
419 7741 54
419 17 48
419 7082 47
2984 7929 19
2984 7610 44
2984 143 43
2984 5358 16
1898 5577 65
1898 5752 78
1898 3045 20
1898 2082 87
1898 8812 48
5577 8616 65
5577 9825 55
5577 8550 21
5577 3671 80
1327 2378 61
1327 4009 85
1327 6837 92
1327 8355 43
2378 3606 93
2378 1666 74
2378 8173 77
2378 2979 55
1134 5181 41
1134 9243 28
1134 7958 35
1134 5503 100
1134 2421 47
5181 5248 73
5181 2852 23
5181 4655 86
5181 786 52
5115 7836 46
5115 6785 28
5115 6586 8
5115 3174 91
5115 7351 74
7836 3162 28
7836 5394 45
7836 4340 7
7649 7853 10
7649 1017 13
7649 6005 40
7649 2594 68
3387 7168 65
3387 781 72
3387 3844 31
3387 9769 69
3387 20 64
7168 7812 13
7168 8304 99
7168 8570 14
7168 2557 43
5537 6024 92
5537 1200 86
5537 6411 85
5537 8233 49
5537 2674 30
6024 6926 89
6024 5869 57
6024 3804 89
6024 7653 79
1213 6413 33
1213 3998 70
1213 5613 41
1213 9802 71
1213 3460 97
6413 8405 98
6413 364 8
6413 4245 63
6413 2725 89
3749 5305 37
3749 5899 67
3749 4586 83
3749 7689 12
3749 4612 52
5305 4584 4
5305 9699 44
5305 2557 94
5305 7927 99
1254 3970 28
1254 9502 44
1254 5160 26
1254 1061 23
1254 7182 52
3970 3383 86
3970 1714 4
3970 1544 57
3970 2704 6
2420 2656 43
2420 7950 50
2420 7503 94
2420 4886 80
2420 3972 64
2656 6906 79
2656 961 67
2656 9218 36
2656 2969 17
4372 7913 99
4372 5869 47
4372 4278 39
4372 6176 54
4372 2205 33
7913 7703 37
7913 402 68
7913 5893 10
7913 9751 32
480 4549 69
480 9 9
480 334 47
480 366 99
480 3808 54
4549 3917 73
4549 4243 48
4549 4061 65
4549 2380 82
6381 7288 96
6381 7955 63
6381 945 52
6381 9003 10
6381 6258 5
7288 4389 16
7288 6874 80
7288 7196 85
7288 6095 79
6904 7063 25
6904 8574 27
6904 2413 20
6904 1988 74
6904 5788 49
7063 7011 31
7063 3432 97
7063 1463 29
3891 4607 67
3891 4860 63
3891 1253 13
3891 6370 65
3891 151 84
4607 9166 100
4607 5381 33
4607 25 70
2012 3770 49
2012 3563 6
2012 1377 48
3770 1623 45
3770 7749 5
3770 9710 2
3770 5287 77
3322 8062 65
3322 3517 71
3322 6995 56
3322 7483 33
3322 4215 69
8062 5434 88
8062 6665 77
8062 3118 86
8062 6851 25
761 8359 86
761 8535 48
761 6303 30
761 3950 19
761 7073 43
8359 1420 69
8359 3050 32
8359 1014 86
8359 6804 21
5076 6164 2
5076 6717 44
5076 1109 6
5076 4238 44
5076 6363 47
6164 4151 53
6164 9858 35
6164 1038 26
6164 4490 16
296 6310 7
296 6548 64
296 2474 89
296 8862 43
296 3618 36
6310 8906 100
6310 580 87
6310 4148 43
6310 3148 82
5210 6918 92
5210 5268 4
5210 6919 19
5210 5659 84
5210 9036 95
6918 5977 28
6918 6484 7
6918 9342 63
6918 4756 24
5990 7258 30
5990 6937 73
5990 7592 70
5990 4989 68
5990 3964 82
7258 1084 23
7258 7299 74
7258 1268 34
7258 9191 44
6504 7479 100
6504 9805 14
6504 3014 71
6504 8368 7
6504 1706 35
7479 4247 34
7479 983 72
7479 9121 89
3804 9684 1
3804 81 71
3804 1366 96
3804 8606 74
9684 8428 32
9684 8154 100
9684 5863 67
9684 3117 3
2309 4114 58
2309 6892 47
2309 6930 2
2309 6207 68
2309 777 84
4114 7535 69
4114 4958 90
4114 7528 17
4114 6683 62
2746 4115 75
2746 1391 43
2746 4702 11
2746 5991 84
2746 7509 60
4115 3015 22
4115 7774 56
4115 5550 20
4115 6065 53
1008 5957 30
1008 925 57
1008 6678 79
1008 557 42
1008 3906 26
5957 9327 19
5957 3678 22
5957 1546 7
5957 6195 12
4046 9217 6
4046 723 79
4046 9349 50
4046 8581 94
9217 5664 27
9217 3337 64
9217 6975 10
9217 1415 5
3477 8964 80
3477 6835 80
3477 5206 39
3477 2654 38
716 5499 83
716 8069 35
716 643 10
716 383 23
251 6136 51
251 6861 51
251 9350 82
251 9831 36
6136 8504 35
6136 5398 60
6136 7053 25
6136 3521 50
4197 9736 100
4197 9456 55
4197 4557 23
4197 2534 86
4197 8254 14
9736 8252 96
9736 8753 25
9736 822 10
9736 2013 40
1912 8211 52
1912 5399 93
1912 4676 17
1912 2965 100
1912 8727 69
8211 29 76
8211 1513 10
8211 33 51
8211 5290 77
5403 8787 18
5403 1222 79
5403 8358 21
5403 7331 14
5403 5595 86
8787 8058 7
8787 5559 21
8787 9559 65
8787 9799 74
4116 6364 47
4116 5860 19
4116 174 3
4116 2108 78
4116 2890 45
6364 7312 31
6364 3147 40
6364 6825 87
6364 6375 59
2059 4474 6
2059 9524 82
2059 7414 23
2059 7915 55
4474 2785 33
4474 9724 2
4474 9046 96
4474 7494 84
5792 7027 98
5792 3399 8
5792 2399 14
5792 8347 18
5792 673 79
7027 2281 81
7027 274 79
7027 7189 49
7027 8715 26
175 7430 87
175 6886 4
175 4402 25
175 6257 45
175 6509 50
7430 2985 15
7430 5446 80
7430 4770 16
7430 2083 88
15 3011 23
15 4475 61
15 50 59
15 1396 15
15 4466 22
3011 5414 73
3011 8167 83
3011 776 33
3011 5741 58
3513 4758 42
3513 6535 4
3513 9141 40
3513 4715 92
3513 3996 25
4758 8966 94
4758 6796 71
4758 3299 13
4758 8400 55
6473 7361 74
6473 9041 41
6473 7629 81
6473 9174 75
6473 8967 30
7361 3537 65
7361 6205 20
7361 5794 5
7361 1160 88
1991 4720 16
1991 193 60
1991 8438 76
1991 5040 55
1991 5777 57
4720 4198 11
4720 5085 91
4720 2932 24
4720 4940 75
4223 9994 94
4223 9502 15
4223 1113 17
4223 6291 79
4223 43 3
9994 9833 17
9994 1276 2
9994 849 87
219 3191 30
219 3766 23
219 5791 62
219 1823 28
219 5309 52
3191 2140 9
3191 2847 5
3191 7368 1
3191 3844 42
508 850 99
508 9630 97
508 106 95
508 455 7
508 7163 39
850 7358 57
850 2353 67
850 3553 81
850 8685 3
3864 7617 10
3864 7797 5
3864 9704 87
3864 1795 56
3864 7222 32
7617 4008 18
7617 5299 86
7617 9371 30
7617 9177 59
5085 8454 25
5085 7774 93
5085 3920 55
5085 7238 71
8454 756 66
8454 96 37
8454 8618 2
8454 9041 17
2927 8956 74
2927 106 92
2927 4180 62
2927 4615 82
2927 2486 31
8956 2176 27
8956 5909 56
8956 4568 9
8956 1883 85
300 1840 84
300 1231 60
300 5323 67
300 7523 4
300 6385 3
1840 4177 28
1840 9700 54
1840 2597 53
1840 5309 52
7211 8414 27
7211 4846 32
7211 773 69
7211 3440 18
7211 8239 94
8414 4969 61
8414 1909 100
8414 7941 79
126 1687 94
126 7893 49
126 9854 70
126 9253 38
126 2650 14
1687 6435 78
1687 9693 66
1687 7583 82
1687 8210 52
1679 3263 57
1679 6842 27
1679 5685 59
1679 9434 82
1679 9618 52
3263 625 78
3263 2987 97
3263 6893 57
3263 4561 40
1345 8113 46
1345 9459 6
1345 5228 46
1345 2855 97
1345 901 90
8113 1970 73
8113 8873 37
8113 2749 56
8113 9147 18
1386 8114 18
1386 9395 77
1386 8242 60
1386 8495 35
1386 3100 43
8114 1942 26
8114 6378 2
8114 3512 69
8114 1489 96
978 8319 96
978 70 29
978 188 16
978 7647 46
978 2553 47
8319 8741 43
8319 9957 55
8319 5825 100
8319 315 61
4183 4337 64
4183 2086 17
4183 8296 36
4183 3493 58
4337 131 18
4337 5758 34
4337 7173 82
4337 7992 72
1710 9931 74
1710 1966 15
1710 8667 1
1710 1639 2
9931 5535 70
9931 506 62
9931 2620 19
9931 5919 23
822 7025 43
822 4176 35
822 116 81
7025 4841 6
7025 3268 93
7025 7385 22
7025 2139 79
1209 5219 93
1209 6521 85
1209 5810 67
5219 3849 79
5219 4769 19
5219 5777 12
5219 3192 87
7334 7666 40
7334 7382 57
7334 4419 7
7334 3218 58
7334 5029 21
7666 1320 31
7666 6988 20
7666 3422 60
1018 2241 66
1018 6153 94
1018 4052 84
1018 241 54
1018 6874 7
2241 1862 31
2241 1543 1
2241 4707 63
2241 3915 34
2948 7739 65
2948 8604 40
2948 3225 47
2948 835 78
2948 9219 79
7739 9949 8
7739 596 86
7739 4500 67
7739 5869 84
2610 4711 44
2610 7240 70
2610 5387 34
2610 2190 43
2610 7530 43
4711 3972 46
4711 3219 83
4711 7004 75
4711 7261 70
1517 6503 45
1517 884 98
1517 3127 12
1517 3315 21
1517 7735 16
6503 2732 34
6503 4805 73
6503 8527 41
6503 7552 55
6745 8964 53
6745 225 99
6745 1704 8
6745 3063 50
6745 7837 53
8964 6695 42
8964 8166 17
8964 5834 9
3369 8146 24
3369 2856 13
3369 7346 27
3369 832 1
3369 2177 13
8146 748 28
8146 6006 23
8146 7825 5
8146 7996 31
8845 9955 95
8845 3994 4
8845 3652 51
8845 2033 20
8845 4619 79
9955 3698 82
9955 1450 80
9955 7383 63
9955 2410 11
2140 2695 8
2140 7270 19
2140 1984 40
2140 8261 36
2695 5887 11
2695 3091 1
2695 4425 45
2695 7902 62
581 1836 22
581 6640 96
581 2355 9
581 9113 99
581 8995 96
1836 1161 84
1836 4676 78
1836 5746 18
1836 3229 83
4662 9825 35
4662 3364 35
4662 6698 22
4662 9829 98
4662 6129 92
9825 7573 100
9825 4868 52
9825 8870 50
9214 9263 19
9214 4580 46
9214 4269 82
9214 9186 90
9214 6294 64
9263 7379 68
9263 1931 4
9263 481 83
9263 4096 38
3998 5151 6
3998 7420 20
3998 8027 54
3998 168 69
3460 9203 46
3460 788 20
3460 2832 99
3460 1111 96
9203 8803 1
9203 5394 40
9203 4886 63
9203 2594 95
2703 2808 57
2703 1348 61
2703 619 10
2703 5086 15
2703 9386 8
2808 2475 7
2808 3220 44
2808 1496 1
2808 707 51
7068 9775 62
7068 7978 38
7068 7808 50
7068 1573 46
7068 745 35
9775 8251 5
9775 4246 85
9775 2777 88
9775 5678 64
146 568 31
146 8156 93
146 2517 62
146 8990 30
568 8881 66
568 9934 46
568 3394 99
568 2822 8
279 1097 45
279 8490 75
279 6644 3
279 4852 60
279 8261 35
1097 9548 33
1097 9382 16
1097 1045 24
1097 6185 97
1980 8987 63
1980 3344 55
1980 8809 49
1980 9575 6
1980 9247 73
8987 4447 14
8987 3584 36
8987 8736 19
394 1047 72
394 9935 78
394 2959 22
394 8531 26
394 1314 86
1047 765 75
1047 537 33
1047 8731 8
1047 177 99
2185 3003 70
2185 4774 62
2185 6491 45
2185 3344 19
2185 7073 32
3003 3764 9
3003 6054 8
3003 2091 40
3003 9337 92
1092 1385 42
1092 7037 4
1092 9735 35
1092 426 94
1092 768 19
1385 5012 58
1385 9879 59
1385 9221 32
1385 5975 15
3206 5472 7
3206 5879 70
3206 9653 59
3206 9044 25
3206 2624 32
5472 8804 79
5472 4713 47
5472 8774 34
5472 3052 23
1599 2879 76
1599 5274 80
1599 1692 87
1599 4771 9
1599 1470 31
2879 8378 42
2879 2300 76
2879 124 94
2879 3923 94
3733 7618 48
3733 8814 20
3733 8526 91
3733 2949 31
3733 6735 46
7618 9369 34
7618 8560 87
7618 6171 16
7618 5183 13
92 1621 57
92 757 69
92 9117 54
92 4824 1
92 6943 20
1621 7136 61
1621 3665 80
1621 5882 65
8350 9171 94
8350 6514 55
8350 2216 83
8350 4997 55
9171 8722 63
9171 7936 9
9171 5402 50
9171 8253 71
9944 7202 15
9944 8240 5
9944 5481 4
9944 9177 81
3964 6992 87
3964 4630 26
3964 7252 21
6992 2306 69
6992 2772 70
6992 4778 26
6992 9261 78
5859 9271 50
5859 9625 34
5859 6837 11
5859 7306 34
9271 6659 2
9271 805 66
9271 1107 35
9271 7370 99
456 7186 13
456 428 48
456 4316 75
456 9692 94
456 5900 8
7186 6338 96
7186 6639 19
7186 6374 66
7186 8621 24
5946 7173 70
5946 6002 28
5946 1713 35
5946 4803 85
5946 1656 99
7173 5262 64
7173 9132 47
7173 3110 23
289 4794 37
289 9951 30
289 9020 34
289 5793 52
289 1662 30
4794 3868 51
4794 6935 67
4794 4447 99
4794 7585 24
3685 4544 69
3685 43 60
3685 5265 2
3685 8994 17
3685 5381 16
4544 4234 39
4544 9419 23
4544 3139 65
4544 8745 17
8050 8128 24
8050 3877 35
8050 9920 84
8050 6573 76
8050 217 9
8128 2978 88
8128 990 6
8128 6457 100
981 2843 65
981 4275 29
981 4570 91
981 9665 80
981 5445 87
2843 9810 71
2843 6021 73
2843 2189 14
2843 6028 14
4689 7783 89
4689 7564 16
4689 838 3
4689 1326 87
4689 8086 68
7783 5580 12
7783 8370 22
7783 9444 28
7783 815 50
6222 7229 79
6222 1087 21
6222 8162 17
6222 2662 36
6222 8294 60
7229 5005 12
7229 4382 42
7229 4560 68
7229 1446 61
4129 5874 69
4129 6793 76
4129 4207 45
4129 8707 47
4129 5154 13
5874 6258 10
5874 4297 29
5874 6618 3
5874 8884 8
8508 9356 42
8508 6302 72
8508 6510 74
8508 6280 44
8508 1768 42
9356 1003 79
9356 2308 99
9356 625 74
9356 7214 39
3602 4667 72
3602 1269 8
3602 5116 65
3602 8630 68
3602 5170 60
4667 5014 96
4667 3000 8
4667 3100 46
4667 6160 53
2096 9296 25
2096 7338 80
2096 6245 65
2096 4111 49
2096 6372 17
9296 9159 37
9296 1184 82
9296 657 72
3256 4030 18
3256 1696 2
3256 7927 2
3256 668 73
3256 7628 81
4030 542 86
4030 7023 32
4030 5329 64
4030 6533 33
6740 9262 33
6740 8307 82
6740 913 31
6740 7727 91
6740 9313 40
9262 9048 90
9262 301 91
9262 2491 78
9262 8580 98
2411 9307 66
2411 8636 43
2411 8470 14
2411 8939 47
2411 7371 33
9307 5137 13
9307 2029 22
9307 8854 85
9307 6968 66
1299 2721 31
1299 1159 88
1299 7053 43
1299 7708 46
1299 1098 80
2721 2001 100
2721 8857 55
2721 7879 34
2721 2615 67
4127 8056 97
4127 1034 73
4127 1858 56
4127 4652 56
4127 9747 11
8056 6317 16
8056 2452 75
8056 6763 62
8056 3972 13
811 5791 42
811 6544 9
811 5984 34
811 1045 15
811 1029 66
5791 3714 63
5791 3087 16
5791 4956 74
1055 4431 25
1055 1272 37
1055 8978 7
1055 5284 79
4431 9920 72
4431 2268 100
4431 9301 99
4431 8399 28
1667 9913 8
1667 5731 37
1667 9656 89
9913 9964 36
9913 922 19
9913 478 63
9913 2244 17
5323 8082 32
5323 6749 25
5323 9813 11
5323 1827 11
8082 9410 15
8082 6790 12
8082 3847 86
8082 6461 5
6539 8575 47
6539 2530 52
6539 9096 18
6539 380 8
6539 9282 81
8575 7120 9
8575 224 34
8575 3043 55
8575 3826 6
3601 6670 24
3601 6960 24
3601 3025 96
3601 8775 91
3601 7462 59
6670 9856 5
6670 5977 69
6670 1970 96
6670 7273 16
686 5503 62
686 6419 7
686 1037 59
686 7632 18
686 6165 28
5503 4170 24
5503 4687 97
5503 7961 97
3786 5669 67
3786 3044 94
3786 3985 98
3786 8275 65
5669 6622 79
5669 2828 54
5669 1006 65
5669 8832 84
4734 9380 51
4734 1543 21
4734 1020 4
4734 6696 18
4734 2431 14
9380 9154 72
9380 3273 96
9380 2939 89
9380 9805 81
490 838 11
490 5782 61
490 384 5
490 217 7
490 249 95
838 3055 44
838 4370 43
838 7985 18
2224 8676 64
2224 8664 97
2224 992 72
2224 5721 31
2224 1446 6
8676 929 79
8676 5278 63
8676 5431 76
8676 3194 54
5733 7549 91
5733 2449 62
5733 6899 28
5733 7894 76
5733 6963 30
7549 3235 72
7549 8313 35
7549 5147 87
7549 367 54
5172 7512 45
5172 2405 86
5172 2978 93
5172 9039 69
5172 8173 11
7512 6300 95
7512 1892 70
7512 7800 46
7512 7516 31
2319 2497 30
2319 6995 79
2319 3169 38
2319 673 19
2319 5066 60
2497 7779 47
2497 7312 72
2497 4897 63
2497 6078 13
3361 5089 21
3361 9064 33
3361 4852 15
3361 2842 28
5089 3290 65
5089 9617 84
5089 7064 1
5089 511 51
8876 9147 79
8876 9811 71
8876 5535 6
8876 9503 59
577 4405 82
577 2210 92
577 9212 49
577 356 75
577 7554 48
4405 8427 46
4405 7966 12
4405 8349 52
4857 5407 47
4857 889 34
4857 3854 60
4857 42 93
4857 7483 52
5407 9795 93
5407 5900 11
5407 445 80
5407 3186 49
7071 7658 65
7071 8774 45
7071 1966 18
7071 4954 31
7658 5583 1
7658 9784 12
7658 1267 79
7658 674 35
7088 7827 47
7088 5744 74
7088 8173 25
7088 6271 5
7088 3888 9
7827 551 3
7827 8671 83
7827 7982 38
7827 1344 19
5151 2160 61
5151 7588 1
5151 9769 83
5151 5512 87
1588 8061 49
1588 4992 74
1588 3252 25
1588 1482 57
1588 4908 99
8061 7573 60
8061 9291 80
8061 9901 34
2562 6577 18
2562 9566 45
2562 4132 94
2562 2587 93
2562 6532 34
6577 5821 48
6577 3163 15
6577 8667 94
6577 9200 98
127 2075 44
127 9028 85
127 2971 35
127 1904 71
2075 9720 97
2075 9854 40
2075 3403 66
2075 8320 60
1634 6716 73
1634 4358 3
1634 6802 76
1634 3851 1
1634 5366 88
6716 7321 23
6716 1728 88
6716 4199 10
6716 2961 16
905 8004 33
905 3276 21
905 6017 19
905 20 89
905 5145 64
8004 3654 61
8004 5109 61
8004 8077 70
8004 4050 28
1119 5489 17
1119 5942 39
1119 5593 59
1119 6960 24
1119 1585 86
5489 5893 28
5489 188 26
5489 31 89
5489 2062 23
5054 7991 53
5054 3077 58
5054 4075 52
5054 6428 78
5054 5136 95
7991 8903 63
7991 3309 28
7991 6261 24
7991 9129 90
97 4303 86
97 877 11
97 4468 67
97 6067 92
97 6856 79
4303 295 30
4303 139 71
4303 1122 82
4303 7473 25
3949 4104 16
3949 4820 1
3949 3497 3
3949 9733 84
3949 8738 1
4104 6903 61
4104 6647 86
4104 9282 81
4104 8799 82
2371 3195 87
2371 4049 18
2371 3490 26
2371 2246 74
2371 7223 91
3195 4140 100
3195 4738 64
3195 4487 47
3195 5278 42
5416 8380 53
5416 8657 85
5416 937 7
5416 2208 24
5416 3409 86
8380 1162 51
8380 4486 55
8380 4086 43
8380 6330 81
6706 8068 53
6706 5342 7
6706 537 75
6706 630 24
6706 5453 13
8068 9820 54
8068 4768 41
8068 5965 40
8068 9428 66
2180 2846 34
2180 159 81
2180 409 37
2180 9614 42
2180 7004 49
2846 8166 22
2846 2393 48
2846 2883 17
2846 4343 83
1835 9981 38
1835 2017 92
1835 224 55
1835 4010 33
1835 7968 71
9981 7646 47
9981 2260 2
9981 5805 85
9981 5530 23
4323 7139 16
4323 5043 73
4323 6661 94
4323 5479 68
4323 1145 32
7139 352 53
7139 4591 54
7139 6666 22
5599 7683 48
5599 5506 60
5599 6152 3
5599 8756 30
7683 4577 47
7683 4281 73
7683 406 32
7683 8744 57
8636 8846 76
8636 6400 93
8636 2925 33
8636 2986 33
5623 5825 6
5623 7112 73
5623 3345 97
5623 2628 46
5825 282 14
5825 8401 6
5825 1913 45
2517 3370 28
2517 5058 52
2517 3722 18
2517 8029 41
3370 1834 45
3370 1967 40
3370 9082 10
3370 4638 75
2035 9288 11
2035 8933 7
2035 5148 79
2035 5632 45
2035 1695 74
9288 6648 40
9288 8079 77
9288 976 69
9288 9394 27
3332 6737 22
3332 431 73
3332 2467 16
3332 5400 94
3332 2934 6
6737 3201 89
6737 7111 72
6737 7815 53
6737 2885 76
6286 9552 18
6286 4168 49
6286 8289 26
6286 3709 80
6286 6020 78
9552 6702 25
9552 1204 76
9552 2581 96
9552 4111 52
2950 3437 78
2950 2555 64
2950 5738 59
2950 7645 7
3437 7069 85
3437 6354 90
3437 3433 59
3437 6575 85
735 3405 44
735 2747 21
735 6224 28
735 2993 30
735 1530 43
3405 1894 22
3405 5604 30
3405 1867 9
3405 4999 97
8185 9321 93
8185 1379 10
8185 1502 96
8185 602 80
8185 1274 35
9321 1742 18
9321 1662 63
9321 7695 99
9321 1112 48
1232 4211 55
1232 3280 75
1232 5086 17
1232 1194 80
1232 6835 54
4211 9207 72
4211 7906 87
4211 2849 81
4211 3859 17
4162 6440 67
4162 9275 82
4162 432 6
4162 4624 16
4162 2658 5
6440 7364 90
6440 2143 9
6440 4187 9
6440 2704 52
8246 9974 14
8246 33 76
8246 4910 67
8246 1764 39
8246 6249 28
9974 7874 49
9974 8160 48
9974 9968 33
9974 5828 47
6900 7910 46
6900 3034 42
6900 3010 11
6900 2987 52
6900 3697 15
7910 653 27
7910 258 22
7910 9424 54
7910 1083 96
5194 7755 61
5194 267 12
5194 3149 89
5194 8729 97
5194 8310 8
7755 4475 95
7755 5998 79
7755 1416 96
7909 8110 78
7909 4997 40
7909 8779 97
7909 7001 96
7909 59 18
8110 6551 18
8110 2219 68
8110 9795 30
8110 3821 31
2785 2949 81
2785 6206 39
2785 9574 83
2785 5555 4
6064 6857 68
6064 7077 14
6064 5604 55
6064 9757 31
6064 8828 70
6857 8360 14
6857 3219 77
6857 9792 38
6857 2763 83
2986 4006 99
2986 9463 53
2986 3760 98
2986 2649 45
4006 5372 26
4006 9454 64
4006 6722 4
4006 4742 21
3366 3473 19
3366 9251 68
3366 4122 18
3366 8241 26
3366 3468 24
3473 7413 85
3473 9068 12
3473 5915 57
3473 5208 33
3903 5398 34
3903 3033 81
3903 8101 29
3903 2247 62
5398 1241 22
5398 1334 95
5398 2232 3
532 3426 84
532 5187 34
532 3379 13
532 4015 71
532 4117 64
3426 5212 88
3426 6092 78
3426 5195 90
3426 4329 21
2806 8734 29
2806 1715 50
2806 9613 69
2806 7493 83
2806 9213 56
8734 7475 52
8734 7544 38
8734 2260 83
8734 6209 53
7381 9122 86
7381 2499 49
7381 4969 19
7381 5656 61
7381 9645 44
9122 3808 46
9122 1934 54
9122 6529 22
9122 9685 67
6586 9413 63
6586 4196 71
6586 2447 34
6586 3141 21
9413 5138 19
9413 1900 6
9413 836 65
9413 2446 55
5651 6129 32
5651 3199 28
5651 2812 91
5651 8354 67
5651 1067 34
6129 9549 29
6129 4718 14
6129 7298 88
1169 1768 99
1169 718 99
1169 824 23
1169 5934 73
1169 4154 97
1768 6686 34
1768 7968 55
1768 4130 83
5768 6714 81
5768 5747 25
5768 1531 86
5768 9961 14
5768 7511 93
6714 4240 88
6714 1039 94
6714 9169 32
6714 5025 13
7699 9404 65
7699 2807 73
7699 8015 33
7699 235 15
7699 9110 73
9404 9071 22
9404 5653 36
9404 2693 100
9404 9336 9
2010 7487 61
2010 6804 41
2010 801 54
2010 4309 67
2010 5177 60
7487 3629 73
7487 8240 56
7487 9838 68
7487 9674 63
1349 3806 41
1349 3046 20
1349 3841 39
1349 3858 1
1349 2602 6
3806 7792 65
3806 6890 31
3806 6875 11
3806 709 75
1417 9602 100
1417 8862 91
1417 5290 96
1417 6315 95
1417 3295 22
9602 3119 85
9602 1452 56
9602 4417 10
9602 8907 78
5725 6236 96
5725 5778 40
5725 8637 89
5725 6032 10
6236 4476 33
6236 6607 36
6236 8861 85
6236 8008 65
947 7209 46
947 3311 65
947 4783 86
947 2500 97
947 4899 9
7209 5735 19
7209 6337 31
7209 9641 91
7209 1513 94
5847 7919 17
5847 8542 55
5847 9784 4
5847 2609 85
7919 9686 94
7919 7481 55
7919 2503 35
7919 5285 94
8664 9682 40
8664 9252 17
8664 4272 38
8664 3512 62
9682 4039 49
9682 8802 96
9682 5913 68
9682 5686 46
1529 3400 64
1529 7903 47
1529 6651 78
1529 2687 31
1529 9458 97
3400 8651 73
3400 2633 98
3400 9417 87
3400 9398 7
157 8221 19
157 8832 24
157 9584 12
157 5372 24
157 941 52
8221 522 88
8221 2683 64
8221 5356 81
8221 1783 56
1222 6101 41
1222 261 12
1222 4850 90
1222 7697 72
6101 2041 98
6101 7989 60
6101 2699 54
6101 3765 22
4539 4804 13
4539 4386 72
4539 5578 61
4539 3905 68
4539 1302 20
4804 5204 29
4804 5949 12
4804 1753 52
4804 6511 50
8565 8922 82
8565 2072 47
8565 5474 67
8565 2701 44
8565 4757 56
8922 5393 16
8922 9002 35
8922 5461 68
8922 7133 43
5561 8464 91
5561 6891 57
5561 5494 28
5561 1607 26
8464 1457 67
8464 7587 33
8464 7010 66
8464 9970 100
3567 5425 56
3567 7983 12
3567 6093 89
3567 9297 57
3567 2822 10
5425 4812 7
5425 9201 81
5425 5198 76
5425 6471 84
6643 8203 47
6643 316 33
6643 9889 52
6643 6393 47
8203 888 42
8203 1933 94
8203 931 93
8203 955 14
6094 8927 75
6094 6398 93
6094 8786 9
6094 6653 45
6094 1783 1
8927 4746 42
8927 2911 61
8927 5231 95
8927 7307 39
1132 9591 89
1132 3912 8
1132 9378 6
1132 2401 79
1132 7301 56
9591 5330 13
9591 66 24
9591 6597 82
9591 5581 37
762 9888 80
762 4176 47
762 5632 98
7654 4814 68
7654 999 94
7654 7505 11
7654 2856 45
4753 7207 62
4753 9351 37
4753 5952 16
4753 772 67
4753 4435 11
7207 21 44
7207 1012 67
7207 8862 49
7207 7904 91
691 4371 64
691 4108 75
691 7983 73
691 4178 22
691 5203 73
4371 3261 7
4371 1676 51
4371 9899 46
4371 5451 92
1446 2961 61
1446 5971 77
1446 7793 29
2961 7576 20
2961 6324 18
2961 263 85
864 4299 96
864 6044 31
864 9583 72
864 7713 24
864 6156 3
4299 272 18
4299 9670 54
4299 3313 21
4299 2509 5
3398 6528 94
3398 8777 2
3398 2021 73
3398 2717 20
6528 6078 53
6528 2015 63
6528 8019 12
6528 518 97
1154 2560 87
1154 2114 8
1154 7526 100
1154 6710 41
1154 662 15
2560 5486 83
2560 6846 98
2560 4370 2
2560 6197 1
2485 5255 64
2485 2342 63
2485 9317 20
2485 589 12
2485 4238 48
5255 8947 69
5255 6520 11
5255 2876 89
5255 4152 79
6659 8788 41
6659 2335 19
6659 8379 1
6659 8855 78
8080 8476 78
8080 2924 1
8080 9246 21
8080 3269 44
8080 8955 81
8476 4545 90
8476 579 14
8476 9388 41
7978 5679 12
7978 1108 97
7978 8967 80
1278 4289 7
1278 2769 81
1278 8632 15
1278 4694 79
1278 1812 23
4289 3145 55
4289 3453 90
4289 7875 72
4289 375 4
3253 4080 7
3253 6553 37
3253 7684 19
3253 3065 34
3253 2048 47
4080 1413 99
4080 9993 34
4080 5566 91
4080 4684 1
3454 6056 58
3454 8915 8
3454 2847 62
3454 1 23
3454 5247 98
6056 5652 58
6056 1792 88
6056 8628 100
6056 7714 50
7437 9538 94
7437 2991 10
7437 1124 45
7437 9385 35
7437 9480 69
9538 5231 71
9538 3002 56
9538 3428 57
9538 6843 91
424 1933 76
424 429 19
424 2739 15
424 3589 38
424 9437 76
1933 1753 18
1933 8025 28
1933 2432 88
2931 4968 87
2931 6054 31
2931 5916 42
2931 1285 94
2931 2469 90
4968 4235 100
4968 7297 20
4968 2187 50
4968 9042 13
1200 6079 79
1200 6792 81
1200 3597 35
4177 7637 19
4177 5581 42
4177 8620 88
4177 3119 83
4691 1013 81
4691 9461 75
4691 584 98
4691 5274 89
8453 6284 26
8453 8296 42
8453 5516 98
8453 5112 60
6180 9394 68
6180 757 34
6180 1813 6
6180 2850 32
6180 5511 58
9394 2817 57
9394 5960 10
9394 760 79
5507 8362 23
5507 1779 18
5507 1841 11
5507 7432 29
5507 769 95
8362 1656 95
8362 1223 99
8362 4262 94
8362 7568 52
1487 8196 55
1487 6708 3
1487 5209 73
1487 8296 27
1487 5881 95
8196 1658 1
8196 7024 12
8196 3882 83
3634 6781 15
3634 3393 68
3634 3966 24
3634 7996 90
3634 590 45
6781 622 93
6781 7749 37
6781 1661 58
6781 2234 91
1727 4650 77
1727 6334 6
1727 7278 36
1727 8945 68
1727 9446 85
4650 9075 15
4650 6405 21
4650 592 36
4650 1333 44
6897 9385 43
6897 8706 46
6897 8975 28
6897 6571 69
6897 4803 21
9385 7928 97
9385 8336 29
9385 9185 27
839 1744 30
839 3001 87
839 624 29
839 8830 73
839 2028 75
1744 1757 2
1744 6230 95
1744 5674 99
1744 8846 97
2499 5287 43
2499 1476 16
2499 538 71
2499 7420 86
1671 4526 76
1671 6089 73
1671 1090 22
1671 4887 97
1671 1313 28
4526 4410 82
4526 4043 37
4526 4541 30
4526 383 33
3517 7135 34
3517 255 68
3517 1825 81
7135 6941 56
7135 5078 33
7135 7723 1
7135 1326 31
492 1636 36
492 1108 12
492 8858 28
492 7390 26
492 2207 94
1636 2450 35
1636 1318 56
1636 2296 78
1636 7590 77
2245 9716 70
2245 6411 69
2245 4069 6
2245 7104 100
2245 2392 83
9716 2692 25
9716 1461 8
9716 2413 44
9716 9027 91
5094 6853 30
5094 6975 87
5094 8651 21
5094 4368 2
5094 4515 24
6853 5419 45
6853 2616 42
6853 303 78
6853 7949 51
3242 5011 8
3242 7749 53
3242 6677 31
3242 1680 98
5840 8363 40
5840 3720 87
5840 3913 36
5840 4903 96
5840 222 68
8363 1798 56
8363 4631 50
8363 250 5
8363 5077 66
5287 7490 48
5287 8785 71
5287 8283 30
7140 9678 100
7140 8057 26
7140 3756 32
7140 9908 35
7140 9905 43
9678 9702 89
9678 9664 76
9678 2465 69
9678 119 17
2417 3942 97
2417 1868 94
2417 5131 35
2417 8392 94
2417 3169 76
3942 2359 47
3942 5602 5
3942 2312 12
3942 9085 52
2520 3131 83
2520 6600 24
2520 6088 56
2520 5592 10
2520 9612 61
3131 1494 12
3131 2368 52
3131 2895 11
3131 4268 6
3311 4384 49
3311 7105 8
3311 3357 18
3311 8302 63
4384 4614 84
4384 3856 68
4384 6552 53
4384 2571 24
477 9999 4
477 2912 71
477 4085 62
477 9648 92
477 7302 62
9999 406 61
9999 5963 71
9999 9270 92
9999 7960 18
2294 2788 7
2294 8794 10
2294 9169 39
2294 8634 67
2294 1540 93
2788 7984 32
2788 8732 74
1239 1462 70
1239 9139 43
1239 7420 38
1239 4701 60
1239 2023 4
1462 5809 30
1462 453 85
1462 5204 55
1462 7685 66
1610 6293 72
1610 8208 30
1610 2221 2
1610 1981 82
1610 3140 57
6293 6186 26
6293 299 3
6293 4428 74
6293 5277 86
2176 9946 36
2176 5283 14
2176 1578 51
2176 1444 50
103 8253 89
103 9180 94
8253 2361 63
8253 3730 70
8253 3828 100
4972 7398 19
4972 6736 54
4972 7624 45
4972 1127 82
4972 6995 9
7398 6566 10
7398 9609 57
7398 7804 12
7398 147 73
6460 7825 95
6460 2526 83
6460 7847 81
6460 6843 75
6460 1456 53
7825 9108 6
7825 5273 73
7825 9280 89
2174 9260 39
2174 4873 42
2174 9423 41
2174 1948 55
2174 5998 94
9260 4328 81
9260 9655 72
9260 9936 61
9260 5888 28
8603 8038 40
8603 4078 49
8603 9100 81
8603 3943 50
503 9126 54
503 9989 81
503 9571 37
503 9320 96
503 5295 58
9126 205 15
9126 8470 66
9126 7508 36
9126 7607 63
4849 8496 55
4849 7102 5
4849 1964 48
4849 8705 63
4849 1405 78
8496 523 37
8496 7384 31
8496 6167 8
8496 9744 54
5692 9939 44
5692 4028 91
5692 2129 61
5692 4770 55
5692 9884 22
9939 7767 34
9939 66 48
9939 8463 92
9939 2345 4
551 6860 87
551 595 76
551 306 7
551 6930 81
7927 8344 3
7927 8598 76
7927 6560 86
8344 6501 99
8344 9894 1
8344 1540 4
8344 8139 42
5069 5237 14
5069 7222 88
5069 5974 24
5069 6763 35
5069 6428 62
5237 5578 24
5237 9397 91
5237 1857 89
5237 9147 36
578 9650 92
578 722 41
578 1280 8
578 5891 80
578 4307 3
9650 6767 40
9650 9152 61
9650 6511 38
1395 3264 60
1395 3351 84
1395 5921 45
1395 5894 95
1395 2113 51
3264 5633 44
3264 6374 84
3264 5773 46
3264 9266 98
2554 6633 85
2554 8487 53
2554 5645 55
2554 813 74
2554 6347 69
6633 800 46
6633 5161 19
6633 4357 26
6633 5167 100
1924 6237 64
1924 5774 88
1924 5829 84
1924 7241 5
1924 7652 83
6237 5113 16
6237 178 42
6237 7665 92
6237 4802 94
1093 3865 37
1093 8330 100
1093 7680 73
1093 2424 86
1093 7573 70
3865 5404 94
3865 5087 63
3865 3292 81
3865 8130 1
427 4004 80
427 8713 39
427 1319 13
427 1011 20
4004 107 36
4004 2460 76
4004 5749 79
4004 3055 35
535 9172 8
535 2659 36
535 4425 55
535 4616 99
535 7203 1
9172 952 66
9172 3941 96
9172 3225 84
9172 8566 6
4752 9852 89
4752 7488 92
4752 3758 87
4752 9859 6
4752 8176 40
9852 5384 16
9852 9078 29
9852 720 75
9852 2740 67
3940 7722 37
3940 2777 48
3940 1525 67
3940 475 75
3940 6445 9
7722 1262 5
7722 7275 71
7722 291 63
7722 7481 60
1569 4733 22
1569 2684 42
1569 7320 45
1569 861 58
1569 9167 26
4733 9355 11
4733 7696 30
4733 1864 70
4733 8545 64
1457 4785 79
1457 1635 50
1457 9029 59
3234 4298 57
3234 9651 15
3234 7106 12
3234 4175 24
4298 9392 57
4298 9299 68
4298 7982 40
4298 5291 96
171 2479 7
171 9161 63
171 5470 57
171 7544 4
171 8309 16
2479 2675 4
2479 4717 57
2479 5564 41
2479 1054 56
8408 8352 3
8408 4102 48
8408 6934 20
8408 5155 4
4909 9277 51
4909 6924 97
4909 2821 15
4909 5193 77
4909 3033 81
9277 755 91
9277 7384 97
9277 7277 29
9277 7621 77
4974 9672 67
4974 6009 30
4974 4590 93
4974 8618 54
4974 2430 66
9672 6142 93
9672 1191 34
9672 9945 32
9672 4836 12
6003 7333 53
6003 8351 68
6003 7730 68
6003 1806 45
6003 9300 7
7333 8716 58
7333 8339 74
7333 603 23
7333 3190 14
4308 9811 2
4308 9986 90
4308 2318 43
4308 8566 39
4308 1851 45
9811 3766 61
9811 1522 99
9811 2667 65
7312 902 17
7312 3457 88
7312 1404 19
571 9768 45
571 6463 30
571 1016 87
571 3298 40
571 2079 88
9768 8571 42
9768 3341 14
9768 1094 78
9768 690 46
6221 8724 62
6221 992 83
6221 3377 28
6221 7115 79
6221 3887 76
8724 9034 64
8724 9118 5
8724 8830 11
626 3059 23
626 6618 64
626 8949 79
626 2700 92
626 6242 51
3059 3296 30
3059 7354 57
3059 1024 70
3059 6653 73
1766 91 76
1766 2188 53
1766 9769 85
1766 3487 33
2675 4960 36
2675 5905 67
2675 8781 32
2675 3906 57
5450 7157 15
5450 8930 1
5450 9781 72
5450 4740 48
5450 8645 39
7157 8168 43
7157 4471 38
7157 3350 54
7157 5128 6
4531 9102 78
4531 996 72
4531 7518 90
4531 4401 20
4531 5280 79
9102 5140 8
9102 8793 60
9102 464 34
2347 8383 34
2347 6241 66
2347 4865 98
2347 7138 89
8383 9856 87
8383 9202 18
8383 5032 57
8383 34 97
240 2434 48
240 7570 70
240 8576 75
240 6552 25
240 5800 75
2434 9015 58
2434 6803 6
2434 998 19
2434 7481 88
5455 6188 32
5455 8817 56
5455 6516 9
5455 1550 70
6188 9477 11
6188 9705 25
6188 4496 86
6188 473 86
4818 7065 13
4818 6797 79
4818 3415 20
4818 7222 77
4818 1005 39
7065 4383 85
7065 2677 79
7065 6082 85
4348 8836 17
4348 6226 79
4348 8517 12
4348 8265 38
4348 62 80
8836 118 10
8836 2682 69
8836 2571 6
8836 1896 61
7255 9361 93
7255 7277 74
7255 696 57
7255 3921 42
7255 9674 66
9361 801 80
9361 6694 98
9361 8278 89
9361 5437 18
615 3250 82
615 218 77
615 1089 53
615 570 22
615 8267 43
3250 1482 63
3250 5202 100
3250 5158 76
3250 85 25
2597 9847 92
2597 6417 96
2597 3665 41
9847 8775 21
9847 383 70
9847 4513 9
9847 2320 81
2821 7111 12
2821 9304 92
2821 681 41
7111 7753 26
7111 3704 85
5426 5608 29
5426 6301 40
5426 2711 38
5426 9425 16
5426 2031 5
5608 5603 75
5608 8374 86
5608 7203 32
5608 3993 53
998 7121 4
998 7353 61
998 9304 65
3503 6916 10
3503 4261 62
3503 2120 23
3503 9076 78
3503 3544 41
6916 4227 83
6916 3910 28
6916 516 5
6916 8735 84
5421 6927 77
5421 7351 65
5421 4476 97
5421 3911 38
6927 9499 63
6927 8524 91
6927 1559 67
6927 4695 53
2912 7561 17
2912 9003 23
2912 7531 69
2912 2839 45
2873 9903 83
2873 9826 90
2873 702 1
2873 8914 11
2873 8971 7
9903 9934 89
9903 2066 80
9903 5977 65
9903 8632 63
60 6007 23
60 2201 19
60 323 98
60 2024 67
60 321 45
6007 9694 96
6007 5224 4
6007 9793 88
6007 4735 40
1441 8065 43
1441 2024 52
1441 9038 67
1441 2773 75
1441 8856 29
8065 441 45
8065 6829 100
8065 4379 70
8065 9420 12
4841 9563 50
4841 33 15
4841 5056 81
7613 9577 67
7613 3823 86
7613 6601 36
7613 6291 83
7613 7929 88
9577 5621 22
9577 1708 56
9577 8152 3
9577 6250 52
6885 8838 39
6885 4907 97
6885 3705 33
6885 99 11
6885 6832 44
8838 7093 17
8838 3894 86
8838 7247 62
8838 9439 91
5101 9581 22
5101 4317 61
5101 6412 89
5101 8580 29
5101 2633 22
9581 4559 42
9581 1249 19
9581 6718 10
9581 2716 21
7846 8058 30
7846 2763 64
7846 5751 27
7846 2472 17
7846 5322 69
8058 8921 1
8058 1471 85
8058 4665 36
2390 6901 18
2390 5174 7
2390 6403 14
2390 5635 20
2390 2193 77
6901 1135 99
6901 8514 100
6901 1511 82
6901 3072 96
2557 3631 81
2557 2408 51
2557 2342 20
3631 1340 52
3631 5896 30
3631 7738 10
3631 6039 65
834 3307 31
834 8797 80
834 7179 22
834 1745 5
834 9918 79
3307 7717 82
3307 3326 58
3307 2310 32
3307 5788 23
1377 8430 39
1377 4430 76
1377 646 41
1377 8684 6
8430 9511 51
8430 7568 4
8430 7521 71
8430 625 42
5035 8180 12
5035 6599 4
5035 9019 64
5035 5559 83
5035 2460 43
8180 9766 5
8180 2183 4
8180 323 73
8180 5656 74
7393 9429 29
7393 2530 67
7393 2753 45
7393 3596 54
7393 2920 80
9429 7290 64
9429 8745 31
9429 3337 30
9429 1892 1
5571 5716 73
5571 5082 42
5571 6328 87
5571 5743 92
5571 9517 45
5716 6724 30
5716 3577 21
5716 6241 85
5716 8926 53
2056 5685 21
2056 7373 54
2056 7688 8
2056 613 61
2056 340 62
5685 4488 17
5685 9745 6
5685 7514 38
110 3626 60
110 3892 67
110 7308 53
110 7256 54
110 3833 38
3626 4343 30
3626 2277 58
3626 4307 51
3626 4601 68
6765 9079 98
6765 921 17
6765 4345 82
6765 8410 26
6765 2202 71
9079 8411 9
9079 6832 35
9079 5030 59
9079 6704 68
7520 8423 32
7520 3110 98
7520 2271 93
7520 2858 54
7520 31 97
8423 8449 70
8423 7608 94
8423 4200 27
8423 5548 15
2064 3002 91
2064 8540 5
2064 3791 65
2778 6609 97
2778 1226 31
2778 2220 95
2778 7725 33
2778 1904 43
6609 1082 37
6609 7595 5
6609 1190 37
6609 7500 8
429 9795 81
429 1814 76
429 8500 82
429 8460 36
9795 9132 52
9795 3671 87
2812 5439 75
2812 7673 15
2812 4632 32
2812 8918 67
5439 9340 1
5439 2158 32
5439 2574 83
5439 6959 17
6307 9905 89
6307 8320 63
6307 8715 43
6307 6971 86
2810 7995 48
2810 23 84
2810 2682 16
2810 8750 33
2810 6453 29
7995 1830 70
7995 9702 26
7995 3246 30
7995 7697 49
7077 8792 51
7077 2034 21
7077 74 13
7077 2914 47
8792 3005 24
8792 1712 88
8792 8911 93
8792 3406 41
9524 8942 90
9524 9574 60
9524 7776 77
9524 1649 26
8930 9108 1
8930 7537 15
8930 8442 61
4 9215 86
4 9737 49
4 7493 4
4 9351 73
4 3221 71
9215 4355 67
9215 5205 79
9215 1798 4
9215 7397 19
9207 7976 25
9207 5355 77
9207 8563 90
9207 4020 48
3158 3982 9
3158 7369 64
3158 6334 93
3158 546 17
3158 5116 38
3982 2305 38
3982 313 9
3982 4616 49
3982 5653 76
85 7891 4
85 5120 27
85 8715 70
85 8805 8
7891 2464 28
7891 831 82
7891 4858 54
2891 4392 34
2891 6250 6
2891 3522 61
2891 5370 5
2891 4159 47
4392 4532 84
4392 4774 60
4392 9137 71
4392 5491 8
4737 8499 52
4737 3547 11
4737 9431 70
4737 5563 23
8499 8693 5
8499 5046 60
8499 685 78
8499 2440 80
2588 4391 86
2588 4368 28
2588 8101 59
2588 374 71
2588 9636 55
4391 9399 8
4391 2423 67
4391 2013 40
4391 8598 36
5036 6846 37
5036 7578 24
5036 1361 92
5036 1430 92
5036 164 83
6846 9703 28
6846 3928 83
6846 338 38
3241 4956 60
3241 5973 64
3241 5852 30
3241 6336 65
3241 8306 20
4956 7121 38
4956 9419 96
4956 5424 82
6464 8161 48
6464 5964 67
6464 4126 11
6464 3428 39
6464 4587 1
8161 8622 1
8161 4953 59
8161 2051 56
8161 5480 32
6889 7401 71
6889 7328 55
6889 8154 8
6889 2136 12
6889 5344 34
7401 6150 43
7401 4198 76
7401 5808 61
7401 1747 85
2334 9355 80
2334 5018 82
2334 6177 10
2334 9732 24
2334 4610 82
9355 8706 98
9355 229 30
9355 3512 40
433 3097 39
433 8908 42
433 6314 33
433 4921 26
433 8045 50
3097 1872 60
3097 9918 44
3097 78 67
3097 55 42
1078 2081 19
1078 7322 25
1078 4420 42
1078 472 49
1078 8264 1
2081 7492 41
2081 7507 9
2081 9732 49
9123 9338 16
9123 8163 3
9123 1066 23
9123 7634 17
9123 1800 18
9338 9980 56
9338 815 32
9338 1675 25
9338 4339 85
6938 8983 90
6938 6309 89
6938 5796 84
6938 860 50
6938 123 44
8983 1367 24
8983 1281 89
8983 8720 73
8983 4149 10
2041 8544 37
2041 567 40
2041 4252 58
2041 6895 3
8544 2694 33
8544 3226 80
8544 5159 78
8544 186 68
8888 9455 81
8888 1420 39
8888 2043 48
8888 4962 67
5358 7247 26
5358 1137 52
5358 4130 6
5358 5429 81
7247 1105 36
7247 5748 68
7247 6524 85
1829 7907 31
1829 2220 32
1829 4022 54
1829 6109 81
1829 9334 61
7907 5019 35
7907 5667 5
7907 5456 33
7907 712 62
2340 8611 20
2340 8591 73
2340 2395 48
2340 7661 53
2340 575 28
8611 789 77
8611 2618 20
8611 7818 53
8611 290 41
5380 8726 71
5380 6856 32
5380 8304 33
5380 6036 93
5380 2128 93
8726 449 15
8726 1665 78
8726 8192 90
8726 4475 57
1170 6773 33
1170 3458 83
1170 8626 40
1170 9875 4
1170 8277 55
6773 9532 50
6773 984 70
6773 3333 26
6773 1969 54
9935 9446 42
9935 2983 73
9935 1440 3
9935 4808 5
710 8451 58
710 7110 69
710 2853 87
710 8262 98
710 3143 96
8451 6736 64
8451 4806 16
8451 3326 34
8451 9585 36
1124 5058 52
1124 865 99
1124 1575 2
1124 4643 3
5058 6259 61
5058 227 91
5058 8959 11
3981 7940 15
3981 7561 7
3981 7789 62
3981 8891 41
3981 1799 99
7940 5359 9
7940 5142 52
7940 539 100
3842 6061 31
3842 3945 6
3842 1043 34
3842 3527 39
3842 7504 34
6061 6429 79
6061 2564 55
6061 7292 87
6061 9867 83
4136 8228 95
4136 9916 89
4136 1425 99
4136 9730 26
4136 2872 3
8228 8669 17
8228 4985 15
8228 3230 26
8228 7505 82
404 9283 78
404 6575 53
404 8897 79
404 4178 36
404 7769 90
9283 4100 24
9283 4780 75
9283 9391 6
9283 5265 28
8678 9230 62
8678 6689 91
8678 7856 88
8678 6436 86
8678 8713 74
9230 7407 100
9230 9332 51
9230 8580 38
9230 4147 64
4467 7052 28
4467 9093 87
4467 9025 67
4467 5431 75
4467 3946 66
7052 1121 75
7052 3496 60
7052 9146 70
7052 6692 85
1941 6404 52
1941 7856 90
1941 6202 54
1941 4222 87
1941 6615 81
6404 3279 14
6404 7773 50
6404 3239 7
6404 8722 48
319 2944 1
319 3710 56
319 6943 72
319 5744 13
319 5704 31
2944 2993 94
2944 8958 25
2944 3275 56
2944 6475 40
5597 6458 69
5597 231 29
5597 3957 95
5597 6791 55
5597 8251 77
6458 2841 51
6458 4796 27
6458 758 18
6458 9158 17
1027 6414 37
1027 3145 56
1027 2725 48
1027 8036 73
1027 8975 34
6414 2172 7
6414 5093 42
6414 5759 61
6414 894 71
6861 7931 47
6861 7639 95
6861 227 26
6861 4677 25
7931 5228 47
7931 1168 65
7931 6260 75
7931 8772 89
1312 4331 69
1312 5802 37
1312 620 30
1312 5245 69
4331 5465 57
4331 6779 13
4331 9495 33
4331 1819 80
1390 7405 62
1390 4007 81
1390 401 77
1390 2069 79
1390 9568 30
7405 8468 17
7405 4981 44
7405 3825 60
7405 4430 60
4361 9635 44
4361 4642 44
4361 987 7
4361 3908 22
4361 6467 41
9635 3168 45
9635 2606 52
9635 9082 31
9635 9567 93
1148 2395 67
1148 2087 21
1148 3324 73
1148 6085 21
2395 3412 14
2395 4011 29
2395 5532 17
3142 3182 79
3142 9342 73
3142 8689 87
3142 4270 43
3142 2875 5
3182 1594 38
3182 5578 79
3182 747 12
3182 6165 49
5113 7896 70
5113 3249 29
5113 815 39
5113 201 45
2004 9146 24
2004 260 98
2004 2175 25
2004 1165 63
2004 4803 42
9146 3169 2
9146 6120 73
9146 4646 83
7425 8804 33
7425 4379 99
7425 6587 16
7425 3034 63
7425 9064 95
8804 8313 7
8804 9481 98
8804 7697 39
7442 8219 4
7442 4070 73
7442 9867 33
7442 2681 40
7442 9636 30
8219 4922 79
8219 9450 57
8219 6948 39
8219 2400 100
2634 4065 79
2634 5062 29
2634 617 50
2634 3889 11
2634 4735 11
4065 5784 49
4065 1184 2
4065 3696 65
4065 4459 30
1825 7868 15
1825 3719 9
1825 5378 26
1825 1807 91
7868 1590 4
7868 2089 42
7868 7223 52
7868 4659 18
6833 9831 2
6833 6295 61
6833 5225 51
6833 524 39
6833 8530 55
9831 7250 15
9831 6015 10
9831 8689 25
7119 4871 7
7119 91 98
7119 9143 87
7119 1651 8
7938 5695 39
7938 2323 7
7938 1216 94
7938 8897 55
2955 5584 96
2955 3340 82
2955 6769 41
2955 3420 79
2955 8312 79
5584 66 76
5584 7245 75
5584 1246 15
5584 6691 14
3971 6955 82
3971 2307 88
3971 8302 80
3971 2023 57
3971 4153 39
6955 1357 45
6955 985 74
6955 8617 19
6955 9463 76
2803 8573 87
2803 6537 32
2803 9237 100
2803 2887 11
2803 765 18
8573 2970 74
8573 7579 48
8573 265 16
8573 215 25
2959 9086 40
2959 697 19
2959 4279 16
9086 4476 31
9086 9426 10
9086 730 8
9086 8829 17
8286 9109 56
8286 4199 7
8286 1043 76
8286 374 58
9109 1101 30
9109 5664 11
9109 1673 68
9109 8234 40
6563 9539 7
6563 1852 3
6563 2413 48
6563 7286 76
9539 8226 19
9539 1416 7
9539 6555 71
9539 5714 33
2697 7396 30
2697 4741 27
2697 1585 91
2697 1606 31
2697 3772 45
7396 3875 73
7396 8872 84
7396 3393 27
7396 9362 73
6733 9950 95
6733 9072 69
6733 8784 86
6733 4600 70
6733 6948 9
9950 5956 85
9950 2914 53
9950 6841 88
9950 5598 47
4355 8234 28
4355 1142 6
4355 9517 72
4355 2042 7
8234 9094 72
8234 2899 31
8234 1973 61
3171 8218 94
3171 4876 19
3171 4186 29
3171 8681 24
8218 8839 89
8218 4501 39
8218 5183 58
8218 7605 82
9459 3713 92
9459 3062 18
9459 6966 46
9459 1955 35
4206 7387 63
4206 3352 98
4206 2516 36
4206 4683 54
4206 6594 25
7387 2999 99
7387 6190 96
7387 7121 30
8052 8097 28
8052 3390 66
8052 1371 72
8052 3170 51
8052 4119 90
8097 250 90
8097 3882 98
8097 8924 70
8097 387 31
258 6343 53
258 3063 10
258 8660 94
258 7339 25
6343 6333 95
6343 3450 32
6343 6232 64
6343 1707 53
2823 3721 7
2823 6297 29
2823 8212 17
2823 5075 100
3721 9622 3
3721 1171 87
3721 4333 54
3721 4769 28
4199 5627 3
4199 4330 49
4199 4089 42
5627 7028 18
5627 5049 33
5627 1942 41
5627 8372 34
1643 7022 44
1643 4441 45
1643 4214 62
1643 936 47
1643 5688 100
7022 5347 82
7022 3075 39
7022 1638 1
7022 26 67
4504 9646 23
4504 2238 91
4504 1292 87
4504 6907 81
4504 4957 54
9646 1437 72
9646 8067 61
9646 975 2
9646 2632 37
4642 5750 11
4642 4742 34
4642 2585 86
4642 4369 36
8349 8468 79
8349 4738 90
8349 8868 25
8349 4037 75
8468 1851 45
8468 3991 5
8468 7772 8
2797 3439 57
2797 55 90
2797 3636 36
2797 1019 60
2797 382 92
3439 843 47
3439 7006 65
3439 151 33
3439 888 60
5448 8697 61
5448 7787 14
5448 7849 1
5448 9599 82
5448 7855 53
8697 8539 43
8697 351 24
8697 5715 93
8697 7159 52
7222 3649 51
665 9326 74
665 2317 5
665 8193 18
665 4921 44
665 201 87
9326 2276 50
9326 958 5
9326 869 91
9326 4326 97
656 9772 59
656 8818 56
656 1040 6
656 9242 99
656 8853 25
9772 9084 3
9772 4768 77
9772 3425 87
9772 6554 79
946 8033 1
946 5435 27
946 5492 32
946 9540 85
946 7292 50
8033 7514 51
8033 1662 32
8033 6921 97
8033 7928 80
2870 3917 60
2870 8483 25
2870 7410 69
2870 9685 10
2870 940 38
3917 8207 12
3917 2357 16
3917 2981 24
400 2612 33
400 1571 38
400 5934 70
400 719 11
400 4993 84
2612 1584 61
2612 4189 12
2612 7743 78
2612 6495 80
765 4756 19
765 598 4
765 3840 88
4510 7367 82
4510 2040 52
4510 6461 4
4510 3348 45
4510 8021 14
7367 6656 99
7367 775 98
7367 6017 84
7367 7642 100
2043 8834 43
2043 1268 66
2043 1411 2
2043 9914 47
8834 8650 82
8834 4443 62
8834 2722 42
8834 381 31
8099 8478 71
8099 9980 16
8099 1973 5
8099 3174 34
8099 4928 57
8478 1691 17
8478 3644 57
8478 9927 49
8478 9664 90
7096 9786 37
7096 7738 34
7096 5663 43
7096 3532 90
7096 9481 38
9786 2787 8
9786 9721 95
9786 8200 45
9786 6852 99
3968 9632 94
3968 8947 54
3968 3458 5
3968 7631 48
4678 4699 71
4678 2741 21
4678 6945 82
4678 1543 22
4678 8984 96
4699 5312 94
4699 2781 44
4699 1167 30
4699 8847 62
1363 5288 69
1363 623 59
1363 3882 94
1363 536 40
1363 5509 2
5288 5106 53
5288 4881 55
5288 2163 1
5288 9044 26
1633 9121 6
1633 6507 89
1633 2108 38
1633 27 38
1633 1388 66
9121 7232 48
9121 2527 21
9121 9421 47
2662 7536 92
2662 8102 20
2662 6070 28
2662 3668 93
7536 5528 37
7536 1175 81
7536 9202 57
7536 8394 76
1244 1432 61
1244 7322 95
1244 6660 61
1244 4164 54
1244 1265 86
1432 4679 88
1432 1903 3
1432 6242 32
1432 1182 21
6587 4255 18
6587 3771 35
6587 7180 28
1814 9132 77
1814 4670 98
1814 8944 60
1814 6546 21
9132 1140 5
575 7689 64
575 5831 4
575 2169 82
575 3846 15
7689 8597 27
7689 792 1
7689 1113 3
3429 9142 41
3429 7085 33
3429 8277 34
3429 1145 76
3429 2469 18
9142 6906 56
9142 7951 31
9142 3161 12
9142 960 88
5306 8590 83
5306 1582 99
5306 5762 35
5306 9946 14
5306 4110 13
8590 779 6
8590 1780 3
8590 7344 52
4048 8625 38
4048 3959 49
4048 9032 93
4048 214 64
4048 7664 30
8625 135 62
8625 2107 45
8625 3726 9
8625 2020 18
7218 8032 55
7218 6267 35
7218 9188 48
7218 8 88
7218 1407 69
8032 918 32
8032 1824 29
8032 9791 96
8032 4874 60
4529 6454 53
4529 4735 75
4529 2407 20
4529 8953 61
4529 1366 48
6454 2124 18
6454 1900 36
6454 550 40
6454 9688 92
8492 9469 64
8492 1624 18
8492 5519 59
8492 993 53
8492 5179 11
9469 7302 30
9469 5333 96
9469 8346 32
9469 4247 41
6429 4442 70
6429 5218 76
6429 1359 13
6429 4736 77
4677 8769 81
4677 5070 54
4677 2734 95
4677 8968 59
8769 844 32
8769 3233 25
8769 7917 41
8769 1784 51
3507 6931 6
3507 4460 64
3507 9052 93
3507 3090 17
3507 8951 74
6931 9332 39
6931 8698 54
6931 1354 53
2504 7485 25
2504 4644 63
2504 2790 60
2504 9914 23
2504 8444 56
7485 1294 87
7485 6055 41
7485 3952 51
7485 5626 11
411 3686 33
411 9261 8
411 9107 61
411 3819 77
3686 6110 4
3686 3395 70
3686 5783 8
3686 1311 80
1758 3881 33
1758 6797 17
1758 2162 21
1758 3956 28
1758 71 34
3881 7030 3
3881 827 79
3881 5506 77
3881 5598 18
56 9352 20
56 5307 92
56 9654 55
56 3060 4
56 5152 83
9352 9507 24
9352 6823 71
9352 2354 46
9352 3648 2
8049 9249 76
8049 4770 73
8049 3779 47
8049 9106 28
8049 6213 89
9249 860 3
9249 2809 50
9249 7078 78
9249 614 3
6203 9114 11
6203 4685 3
6203 2179 76
6203 757 62
6203 294 34
9114 8503 64
9114 7308 50
9114 3200 60
9114 3239 48
23 544 62
23 1470 66
23 2670 9
544 5889 50
544 5568 97
544 4597 11
544 4959 72
5361 6553 93
5361 5671 10
5361 7566 48
5361 9239 34
5361 5373 49
6553 496 43
6553 3418 23
6553 9627 91
2396 9995 98
2396 391 99
2396 9379 37
2396 4927 19
2396 1168 5
9995 994 97
9995 4434 32
9995 5764 7
9995 9572 66
5933 8472 79
5933 4015 89
5933 9425 33
5933 6055 66
5933 9809 39
8472 3313 90
8472 7684 92
8472 4986 61
8472 661 100
3163 5212 43
3163 4639 24
3163 9519 51
3163 4201 63
5212 1655 15
5212 995 27
5212 4604 89
4480 5757 51
4480 4647 23
4480 4831 49
4480 493 63
4480 6764 88
5757 9617 71
5757 1720 82
5757 1867 40
5757 8205 14
6476 7179 59
6476 2694 86
6476 6037 5
6476 2474 68
6476 944 84
7179 3430 29
7179 9844 24
7179 7621 16
1612 2716 58
1612 1125 75
1612 8947 56
1612 2841 16
1612 564 22
2716 1456 22
2716 8432 97
2716 3293 77
3384 4622 43
3384 3240 82
3384 9897 28
3384 8967 13
3384 6455 96
4622 7996 89
4622 5370 53
4622 596 63
4622 6254 98
2515 9313 80
2515 6594 67
2515 3054 64
2515 1427 53
2515 9878 95
9313 8735 60
9313 8302 21
9313 9009 24
8487 9330 77
8487 6025 3
8487 5111 87
8487 7564 82
820 4621 17
820 9798 36
820 9067 16
820 7543 16
820 4673 76
4621 2707 35
4621 9793 47
4621 9143 85
4621 5460 31
4008 7640 17
4008 484 9
4008 6607 2
4008 1620 55
7640 1996 74
7640 5513 63
7640 1523 68
7640 1506 13
3904 8980 89
3904 1405 92
3904 3244 69
3904 5884 73
3904 117 75
8980 3514 81
8980 9153 31
8980 6456 3
8980 6564 30
3455 7656 4
3455 1649 31
3455 8691 52
3455 8431 3
3455 2432 100
7656 1974 88
7656 3824 34
7656 3606 30
7656 1716 51
1220 1330 63
1220 4898 89
1220 6569 16
1220 8432 93
1220 8115 95
1330 4837 23
1330 2146 87
1330 4468 60
1330 5969 45
8090 8849 44
8090 4282 65
8090 3516 71
8090 1622 35
8090 5719 74
8849 8316 48
8849 3274 79
8849 9853 80
8849 7289 18
4583 9268 79
4583 1520 87
4583 8936 98
4583 4251 31
9268 1316 84
9268 3238 84
9268 263 64
9598 9928 15
9598 3722 71
9598 2767 47
9598 4944 74
9598 2958 83
9928 2445 14
9928 3265 24
9928 6618 6
9928 7972 97
2339 7552 78
2339 273 11
2339 4445 26
2339 6275 72
2339 6397 5
7552 2438 94
7552 6546 18
7552 3592 42
515 4924 44
515 1422 95
515 3520 22
515 4195 59
515 9542 56
4924 4718 40
4924 8168 10
4924 1584 96
4924 4055 84
9093 3754 17
9093 9367 76
9093 9750 70
9093 3184 87
4931 7507 36
4931 479 54
4931 1067 50
4931 6977 48
4931 8222 5
7507 7990 84
7507 4175 68
7507 9658 76
4900 5942 8
4900 9823 83
4900 588 63
4900 5388 46
5942 4451 17
5942 617 68
5942 7686 26
4366 7698 50
4366 9349 92
4366 3067 74
4366 6793 77
4366 4342 32
7698 9545 23
7698 4543 98
7698 8014 49
7698 2181 99
569 5160 83
569 5116 40
569 7411 34
569 1805 93
569 422 3
5160 2869 46
5160 1556 85
5160 3427 38
4329 8570 84
4329 7920 17
4329 2895 9
4329 9330 16
8570 8220 40
8570 8550 83
8570 2729 49
925 887 100
925 4390 92
925 2577 75
1556 5012 70
1556 9941 86
1556 824 20
1556 7641 30
5012 8217 13
5012 6173 94
5012 7690 36
1074 4514 88
1074 2681 75
1074 7882 40
1074 278 96
1074 3407 22
4514 9513 67
4514 6427 93
4514 9303 97
4514 6877 42
3459 6620 95
3459 2903 36
3459 7389 30
3459 3418 50
3459 2456 21
6620 859 60
6620 3890 8
6620 2150 41
6620 237 4
3435 6034 63
3435 1409 43
3435 4251 38
3435 1660 69
3435 6472 71
6034 8157 98
6034 4477 18
6034 7981 9
7121 5922 21
7121 7942 99
6705 7365 49
6705 5871 82
6705 5988 68
6705 6173 42
6705 5979 74
7365 4328 65
7365 1630 86
7365 2063 35
7365 7632 28
1552 2045 40
1552 8398 79
1552 9496 57
1552 7778 38
2045 1054 20
2045 2654 16
2045 160 33
2045 7280 14
5185 9844 15
5185 8783 68
5185 9544 71
5185 8001 44
9844 1705 91
9844 1223 13
9844 2315 50
1140 5484 79
1140 1776 100
1140 8327 58
1140 2316 91
5484 3293 1
5484 75 36
5484 618 3
5484 7935 60
3268 1703 1
3268 8661 64
3268 6015 78
3268 8699 36
2282 6994 7
2282 8763 82
2282 4096 65
2282 5756 63
2282 3508 21
6994 9294 99
6994 440 35
6994 837 29
6994 7674 12
4718 5655 82
4718 3715 29
4718 7130 38
5655 6973 36
5655 3136 81
5655 3508 12
5655 506 16
2777 3868 53
2777 2972 55
4542 5429 74
4542 1250 51
4542 2244 38
4542 2360 52
4542 6657 7
5429 817 20
5429 4842 24
5429 8686 30
4590 6409 26
4590 4176 32
4590 4988 7
4590 3976 16
6409 3564 16
6409 4401 52
6409 7720 88
6409 1240 26
2934 9781 54
2934 9139 80
2934 1693 87
2934 2026 38
9781 9253 24
9781 1103 70
9781 2320 44
4155 9864 11
4155 4445 17
4155 1471 98
4155 9107 66
4155 1730 57
9864 5882 16
9864 3316 71
9864 5098 40
9864 7811 47
6578 7566 65
6578 2061 1
6578 5293 36
6578 7289 43
7566 5499 22
7566 774 8
7566 9797 48
5664 9855 56
5664 7871 46
5664 7724 42
9855 2680 37
9855 2710 42
9855 3724 14
9855 1350 65
3451 2344 94
3451 9000 83
3451 5557 6
6198 5372 58
6198 4843 68
6198 7097 96
6198 4569 93
3669 9597 13
3669 8479 17
3669 9378 23
3669 3752 92
3669 2842 32
9597 3076 15
9597 1503 5
9597 1880 33
9597 2198 53
9920 8315 66
9920 6332 65
7786 9107 98
7786 4486 38
7786 7227 10
7786 1874 6
7786 1368 11
9107 2805 2
9107 4163 41
6117 6390 33
6117 8334 67
6117 5603 40
6117 2592 12
6117 8019 42
6390 6456 25
6390 8148 29
6390 1864 89
6390 2858 52
996 9653 100
996 3416 11
996 4494 88
996 6089 37
9653 4042 65
9653 2639 13
9653 9915 33
5645 6580 7
5645 9232 95
5645 9639 90
5645 8948 10
6580 1233 30
6580 321 23
6580 2470 20
6580 2123 43
1412 2923 77
1412 5815 69
1412 2624 55
1412 4056 27
1412 5691 56
2923 2341 26
2923 2097 67
2923 5163 33
2923 1064 42
350 618 11
350 4022 81
350 4079 84
350 5686 88
350 8948 36
618 3145 56
618 3403 91
618 2717 41
1597 6086 24
1597 5355 35
1597 9621 80
1597 1576 17
1597 2861 1
6086 8264 52
6086 463 54
6086 1537 34
6086 8949 98
3849 3397 81
3849 7690 60
3849 5328 26
3849 7857 59
9426 9554 70
9426 2063 78
9426 6747 92
9426 8063 94
9554 2850 89
9554 724 10
9554 7201 83
9554 5598 52
2452 7539 19
2452 3116 8
2452 5308 76
2452 7095 56
7539 9292 36
7539 3525 76
7539 4398 81
4574 6791 9
4574 6498 47
4574 6291 93
4574 5362 93
4574 8120 90
6791 9675 11
6791 4284 64
6791 9454 38
4679 4530 60
4679 9883 93
4679 550 92
4679 3254 90
2729 3094 91
2729 1600 54
2729 2341 95
2729 7610 32
3094 5583 1
3094 17 70
3094 1891 88
3094 7050 50
3421 5307 5
3421 987 100
3421 2742 8
3421 4651 76
3421 2849 57
5307 1838 33
5307 1985 5
6626 7741 75
6626 858 26
6626 3615 9
6626 3810 54
6626 3732 94
7741 450 49
7741 6057 85
7741 5175 30
1736 2057 70
1736 8324 19
1736 9634 71
1736 5064 59
1736 305 16
2057 1082 18
2057 6452 100
2057 7985 61
2057 3070 34
4086 8141 77
4086 7230 30
4086 2254 49
4086 9004 33
8141 8823 12
8141 984 78
8141 7448 46
8141 5877 10
1084 1902 1
1084 7478 83
1084 7085 57
1084 9663 73
1902 2727 77
1902 5875 27
1902 5546 77
1902 9226 4
2764 8915 43
2764 1054 4
2764 7590 83
2764 1880 34
2764 88 2
8915 2337 6
8915 9008 81
8915 4609 46
2101 6127 67
2101 788 47
2101 701 51
2101 2307 44
2101 5153 66
6127 3801 19
6127 2833 1
6127 8232 11
6127 4789 46
3362 7329 92
3362 944 3
3362 2507 52
3362 1752 71
3362 2302 35
7329 8867 2
7329 7147 71
7329 304 10
7329 2524 58
4028 7608 61
4028 6796 40
4028 8581 51
1508 8996 49
1508 7464 20
1508 2435 65
1508 9238 38
1508 6596 93
8996 476 49
8996 1558 67
8996 8560 58
8996 4764 22
659 6984 14
659 2532 14
659 6090 12
659 458 93
659 4280 14
6984 5427 49
6984 4154 99
6984 814 23
6984 1619 83
7202 8376 83
7202 7373 78
7202 8577 35
3644 4948 92
3644 723 69
3644 3470 41
3644 9396 92
4948 8762 14
4948 1707 78
4948 1879 62
4948 8837 40
3845 6924 63
3845 5222 72
3845 7263 39
3845 5039 12
3845 3225 29
6924 4036 62
6924 9640 42
6924 9865 43
4997 1743 61
4997 4412 1
8539 6849 22
8539 8755 88
8539 9625 68
8539 5572 19
6249 6828 100
6249 6759 85
6249 7017 28
6249 3288 25
6828 530 73
6828 6201 4
6828 6827 43
6828 5640 38
7950 8843 63
7950 5258 55
7950 8330 55
7950 8684 17
2 3534 92
2 1482 42
2 2983 87
2 4353 51
7240 8142 63
7240 9049 52
7240 8517 28
7240 8335 66
8142 5589 11
8142 8322 57
8142 8001 79
8142 6141 58
5486 8766 91
5486 4264 100
5486 1822 62
5486 7732 58
6535 3452 84
6535 9803 50
5734 6355 79
5734 3482 44
5734 7801 38
5734 5552 35
5734 5866 21
6355 2044 22
6355 5514 7
6355 2856 46
6355 2521 84
2996 6016 5
2996 9128 84
2996 7051 33
2996 1950 18
2996 6531 68
6016 137 60
6016 5436 62
6016 8863 19
6016 327 7
4764 6268 43
4764 9433 9
4764 2195 37
4764 55 40
6268 7806 20
6268 5487 43
6268 3084 7
6268 109 73
1575 6030 48
1575 7884 83
1575 4975 58
1575 3663 23
6030 7175 39
6030 4730 68
6030 9689 8
6030 1384 99
5510 7778 47
5510 5672 50
5510 1596 53
5510 645 31
5510 8013 45
7778 7799 41
7778 8898 72
7778 4618 89
1780 6462 96
1780 8912 79
1780 5456 99
1780 1435 40
6462 7221 39
6462 9917 78
6462 435 17
6462 4351 27
1370 6564 64
1370 5845 26
1370 4060 89
1370 8331 37
1370 8702 89
6564 2022 75
6564 2705 85
6564 6731 57
6327 7808 47
6327 7142 75
6327 4599 28
6327 380 22
6327 6256 67
7808 2559 66
7808 317 10
7808 6041 7
3325 8177 2
3325 6218 26
3325 6821 92
3325 3406 93
3325 2295 6
8177 1922 27
8177 7970 69
8177 2787 75
8177 7107 34
2147 3223 34
2147 3688 26
2147 383 68
2147 9073 95
3223 6432 46
3223 6527 37
3223 8236 12
3223 381 99
6104 9456 98
6104 2022 21
6104 3310 72
6104 2426 71
6104 4501 18
9456 6133 31
9456 5908 89
9456 4175 62
4855 7325 14
4855 7110 91
4855 9936 30
4855 5980 63
4855 9051 88
7325 7149 65
7325 5992 78
7325 9412 79
7325 281 97
3550 9958 95
3550 3754 14
3550 1961 9
3550 386 30
3550 267 61
9958 8608 95
9958 4408 12
9958 7281 96
9958 2099 77
9625 8098 98
9625 8003 40
9625 8979 40
4260 5395 86
4260 5546 96
4260 8051 23
4260 2205 27
4260 9251 50
5395 3641 41
5395 2872 85
5395 2219 19
5395 4705 43
211 7709 94
211 1834 63
211 9089 14
211 3714 16
211 6248 51
7709 2387 52
7709 526 53
7709 9895 69
7709 6098 52
1100 4609 27
1100 3350 55
1100 4680 2
1100 4962 62
4609 654 7
4609 2503 50
4609 2470 86
3145 4465 44
3145 5938 23
3030 3691 41
3030 9176 44
3030 3 68
3030 7064 4
3030 2453 17
3691 9922 1
3691 8961 42
3691 4090 99
2770 4518 72
2770 9893 28
2770 8638 10
2770 9785 39
2770 9465 52
4518 9255 17
4518 3579 56
4518 4723 9
3033 8126 93
3033 1515 93
3033 6865 68
8126 6379 23
8126 9379 55
8126 4189 18
8126 1495 15
670 9162 74
670 4893 41
670 1958 85
670 787 39
670 5077 25
9162 5591 43
9162 3854 34
9162 371 20
9162 2665 55
5603 5848 54
5603 4563 1
5603 1275 97
5848 320 84
5848 125 59
5848 6320 31
5848 4459 38
2389 7832 42
2389 8914 30
2389 1133 24
2389 816 27
2389 9401 15
7832 8779 77
7832 6482 87
7832 7673 49
7832 8456 15
2614 3978 50
2614 9654 87
2614 2116 45
2614 1356 70
2614 7481 71
3978 7998 51
3978 4572 53
3978 286 75
3978 3338 73
4389 9373 76
4389 7178 60
4389 6605 89
4389 1368 22
9373 3341 52
9373 3667 68
9373 6113 39
9373 1013 86
4397 6982 45
4397 5841 95
4397 6398 9
4397 7546 44
4397 6941 78
6982 2921 7
6982 8278 2
6982 8600 74
3495 9096 27
3495 9210 84
3495 4327 84
3495 128 90
3495 8691 74
9096 4533 78
9096 299 52
4261 212 27
4261 14 3
4261 2646 40
4261 4123 53
7490 825 97
7490 1217 50
7490 8527 21
7490 6224 3
662 8705 65
662 8006 76
662 3946 22
662 1702 76
8705 8998 92
8705 779 32
8705 4496 23
2756 3280 82
2756 8136 80
2756 5542 64
2756 4237 61
2756 2247 94
3280 3081 61
3280 9362 13
3280 730 28
2403 5636 8
2403 7178 95
2403 8901 64
5636 5974 80
5636 4982 94
5636 9925 7
5636 4335 79
1114 2227 61
1114 9673 84
1114 4176 61
1114 8210 6
3231 6956 43
3231 2416 5
3231 795 4
3231 5612 62
3231 7824 34
6956 9449 62
6956 1343 5
6956 1466 19
6956 2791 10
454 9695 40
454 7 79
454 3419 7
454 1439 83
454 3965 4
9695 8585 11
9695 3831 70
9695 443 69
9695 7599 46
3723 7418 45
3723 2120 6
3723 2654 68
3723 6201 85
3723 5279 57
7418 8016 60
7418 8973 5
7418 696 14
7418 7002 71
232 4398 31
232 5000 51
232 5994 11
232 1168 35
232 3401 13
4398 3291 9
4398 725 56
4398 5135 75
6983 9751 23
6983 2212 92
6983 4928 4
6983 7379 16
6983 5128 16
9751 6741 82
9751 6120 23
9751 7969 54
9391 9397 97
9391 4276 80
9391 3778 15
9391 7818 60
9397 750 37
9397 8875 87
9397 7781 88
1376 8398 17
1376 6963 2
1376 5216 94
1376 8754 29
1376 7092 39
8398 7924 36
8398 7224 26
8398 8523 58
3556 5211 32
3556 5842 54
3556 1187 2
3556 7548 44
5211 2911 84
5211 4503 5
5211 3176 72
5211 7206 85
2026 5282 60
2026 2981 51
2026 8483 70
2026 8577 16
5282 837 83
5282 7226 57
5282 5922 28
5282 3428 6
2053 7859 88
2053 9274 44
2053 2082 60
2053 5677 36
2053 732 96
7859 4524 14
7859 4240 5
7859 5363 27
7859 2930 69
845 331 5
845 8817 81
845 2458 30
845 8168 52
1089 8341 29
1089 8179 62
1089 4963 64
1089 8026 7
8341 5900 57
8341 8416 15
8341 6590 68
8341 1489 57
2613 5981 57
2613 7152 62
2613 539 24
2613 4999 77
2613 7012 78
5981 7505 95
5981 6867 80
5981 6063 14
5981 3740 5
4010 8764 90
4010 1271 2
4010 7042 55
4010 9166 60
8764 7410 20
8764 3154 21
8764 9037 61
8764 8583 55
7187 9150 70
7187 2987 17
7187 678 3
7187 4362 66
7187 1620 67
9150 3816 75
9150 8585 72
9150 2165 35
9150 9676 62
1986 2850 54
1986 5554 42
1986 4311 52
1986 4475 64
1986 9968 66
2850 4452 6
2850 2834 29
6055 7604 82
6055 9447 50
6055 2742 64
7604 481 22
7604 8057 90
7604 9782 83
7604 2462 39
2306 2548 76
2306 2002 40
2306 2516 97
2342 6552 71
2342 7403 17
2342 8176 99
413 6257 36
413 9104 93
413 1542 72
413 3324 82
413 9399 31
6257 4672 14
6257 9726 67
6257 1839 64
3138 9774 62
3138 2021 11
3138 8658 87
3138 8768 24
3138 8009 10
9774 4238 84
9774 7261 77
9774 2585 64
9774 6386 73
6406 1728 77
6406 3364 37
6406 8890 28
6406 2818 79
6367 6378 62
6367 2594 72
6367 4838 18
6367 6421 90
6367 3551 46
6378 3148 44
6378 9 7
6378 1409 86
2538 7500 93
2538 1017 86
2538 2940 7
2538 4347 90
2538 548 51
7500 5208 3
7500 5905 73
7500 4091 61
3458 9348 73
3458 214 96
3458 6952 19
9348 484 84
9348 3656 88
9348 2874 12
9348 9427 9
26 1273 79
26 2125 100
26 6891 80
26 6228 82
1273 6741 28
1273 6852 23
1273 1151 98
1273 5976 77
2254 5438 100
2254 9439 22
2254 3715 64
1919 9333 72
1919 890 10
1919 813 22
1919 1415 61
1919 8092 3
9333 9899 53
9333 6247 76
9333 5987 45
57 8665 22
57 7612 64
57 9158 35
57 8034 73
57 8396 67
8665 1491 71
8665 5988 12
8665 929 89
8665 625 50
5014 9909 90
5014 5994 77
5014 9553 55
5014 1406 11
9909 218 85
9909 4904 90
9909 7289 67
9909 7285 86
3450 200 19
3450 2412 95
3450 1542 39
9826 3649 40
9826 1838 47
9826 5229 14
9826 782 46
6674 9130 80
6674 2427 73
6674 5022 51
6674 3108 40
6674 7345 10
9130 5078 90
9130 825 34
9130 6755 65
9130 7094 4
149 6522 88
149 8332 31
149 562 34
149 1869 84
825 5043 83
825 8459 47
825 8932 48
949 3584 98
949 7752 19
949 5862 85
949 2443 75
949 4230 87
3584 4118 24
3584 7152 15
3584 8617 71
832 6217 37
832 8929 93
832 2884 20
832 156 8
6217 7581 84
6217 1030 36
6217 1429 31
3037 7224 100
3037 680 14
3037 1624 84
3037 9076 32
3037 3064 76
7224 4043 71
7224 1960 54
7224 6514 29
2530 9906 82
2530 6896 81
2530 5457 68
352 2547 56
352 1602 92
352 7803 59
352 8743 40
2547 4828 30
2547 1793 52
2547 4386 27
2547 4632 38
431 6812 60
431 5125 96
431 695 86
431 919 53
6812 9442 98
6812 3923 2
6812 2776 28
6812 5383 32
4317 8641 69
4317 884 50
4317 8743 72
4317 8085 22
8641 5431 49
8641 7840 35
8641 4283 65
8641 8779 42
7364 3619 73
7364 1318 52
7364 875 91
7364 2336 17
7020 9925 20
7020 8291 84
7020 230 26
7020 7711 91
7020 3442 83
9925 6946 71
9925 1640 16
9925 7750 85
6557 7949 32
6557 8828 17
6557 695 13
6557 3007 94
6557 730 50
7949 8224 32
7949 4878 88
7949 5873 96
7570 9803 25
7570 2628 92
7570 6354 51
7570 9335 36
9803 3595 25
9803 9281 65
9803 5654 85
3953 8364 10
3953 6824 52
3953 3821 90
3953 6264 57
3953 7095 82
8364 4565 43
8364 4220 89
8364 6665 19
8364 7965 26
4469 5248 4
4469 5737 61
4469 3105 76
4469 813 15
5248 9398 57
5248 6443 60
5248 3546 67
8230 9849 19
8230 3844 9
8230 1520 14
8230 9488 15
8230 2526 66
9849 4079 15
9849 5868 86
9849 6106 56
9849 5238 35
919 5031 67
919 1016 19
919 7917 99
5031 4827 69
5031 6594 55
5031 8969 41
5031 6554 15
3725 7948 17
3725 6610 67
3725 7007 57
3725 2469 33
3725 4333 68
7948 8645 95
7948 1413 70
7948 2219 13
7948 7353 99
1436 6489 34
1436 6087 85
1436 591 24
1436 1207 48
1436 2198 41
6489 9754 58
6489 6804 3
6489 1228 38
6489 5222 33
20 1212 6
20 4386 19
20 6903 88
1212 2197 94
1212 6808 19
1212 8378 13
1212 9164 66
4379 8308 87
4379 9184 95
4379 4240 66
664 7141 6
664 5226 6
664 9753 15
664 8094 21
664 680 48
7141 8847 52
7141 2006 91
7141 9024 6
7141 1058 79
84 2136 68
84 6300 83
84 8260 53
84 8992 90
84 7348 93
2136 227 72
2136 5201 10
2136 5189 69
3031 4534 62
3031 2911 51
3031 5022 88
3031 4743 66
3031 8001 98
4534 7461 83
4534 7271 6
4534 5088 3
4534 8552 11
4275 9704 7
4275 1141 79
4275 1930 67
4275 8992 80
9704 4007 41
9704 8507 88
9704 8669 87
8452 9265 61
8452 3623 91
8452 45 5
8452 2802 6
8452 1351 9
9265 1276 39
9265 4351 12
9265 3954 20
9265 1048 78
138 5755 92
138 9756 63
138 8776 7
138 4976 68
138 1219 65
5755 1861 55
5755 1405 16
5755 4756 97
5755 1960 65
5883 6291 58
5883 8635 23
5883 3102 25
5883 8587 70
5883 3342 75
6291 4435 93
3403 6742 8
3403 9932 79
3403 6851 62
6742 3141 36
6742 6027 19
6742 2431 75
6742 6389 63
4332 7205 57
4332 8653 92
4332 3799 80
4332 5865 92
4332 7070 6
7205 5906 53
7205 6858 75
7205 5142 10
7205 6347 59
3188 6588 13
3188 2150 77
3188 4172 63
3188 903 12
3188 1830 8
6588 5798 78
6588 8361 86
6588 1581 100
6588 5723 24
3141 8653 3
3141 2902 48
3141 8708 38
5860 6890 28
5860 6691 27
5860 9233 36
5860 2143 10
2425 2630 9
2425 6668 33
2425 4616 31
2425 4557 41
2425 8757 79
2630 1485 90
2630 1570 44
2630 2097 96
2630 3814 91
4947 5788 95
4947 6338 21
4947 6920 47
4947 337 6
4947 6905 91
5788 445 86
5788 6074 3
7298 8310 2
7298 6541 67
7298 2204 47
7298 8005 96
8310 9770 85
8310 1699 38
8310 4138 73
2015 7835 7
2015 5399 22
2015 9274 16
2015 1099 20
7835 7236 81
7835 3132 65
7835 5183 30
7835 7602 30
2168 3913 10
2168 7969 81
2168 7933 67
2168 4465 39
2168 9967 41
3913 8233 39
3913 6876 81
3913 8773 30
7527 9301 92
7527 6178 73
7527 771 25
7527 4394 12
7527 8326 59
9301 6546 96
9301 8907 84
9301 7792 47
5670 6533 76
5670 9494 86
5670 1855 98
5670 4186 94
5670 9057 90
6533 2113 86
6533 1564 16
6533 9927 10
3085 8688 100
3085 9117 48
3085 9105 77
3085 7747 92
3085 5690 12
8688 9776 88
8688 2293 10
8688 9827 59
8688 283 74
2997 4145 95
2997 1394 83
2997 1952 21
2997 9461 40
2997 2677 84
4145 9452 78
4145 1416 95
4145 9611 20
4145 3492 92
2506 7291 2
2506 12 5
2506 1698 34
2506 9956 84
2506 7200 76
7291 6735 75
7291 676 40
7291 206 34
7291 6109 75
281 4319 29
281 4394 37
281 800 45
281 8266 6
4319 6754 62
4319 5405 36
4319 6744 52
4319 7716 57
6754 6227 27
6754 1735 62
6754 6218 68
6754 6133 88
7492 6770 52
7492 1072 23
7492 8389 36
7492 3708 63
5274 3899 52
5274 9331 62
5274 3618 77
1559 5875 39
1559 7962 91
1559 6194 29
5875 1276 3
5875 4102 61
5875 8533 20
8145 9471 95
8145 4509 64
8145 3803 29
8145 3833 94
8145 3174 76
9471 9492 22
9471 1554 87
9471 8247 78
4248 5009 61
4248 3258 64
4248 5386 65
4248 2869 97
4248 5862 34
5009 7101 95
5009 9924 91
5009 3892 37
5009 5328 45
2911 3021 23
2911 8075 27
3279 5147 86
3279 2915 12
3279 6840 93
3279 7765 77
5147 2098 31
5147 7476 29
3217 4269 64
3217 4005 45
3217 5551 89
3217 9195 3
3217 9359 12
4269 2279 56
4269 9100 26
4269 3600 84
3093 8929 8
3093 8084 85
3093 4547 28
3093 8559 62
3093 7461 48
8929 723 84
8929 4347 73
8929 8030 78
835 1091 4
835 6369 76
835 3515 79
835 870 27
1091 8431 75
1091 9399 12
1091 6232 13
893 5233 21
893 246 11
893 5941 81
893 7094 71
893 6265 24
5233 9206 87
5233 4578 86
5233 2195 12
5233 5770 39
3754 7857 13
3754 5898 61
3754 8328 36
7857 6356 97
7857 3502 88
5782 961 71
5782 5315 24
5782 1505 32
5782 5774 72
2590 4521 90
2590 6490 13
2590 4274 15
2590 8908 25
4521 3286 55
4521 5041 3
4521 1935 97
4521 6384 89
5442 8345 64
5442 7016 16
5442 7086 86
5442 590 14
5442 8287 53
8345 5518 68
8345 7544 44
8345 3166 65
8345 1856 42
5667 8463 56
5667 9639 77
5667 5935 69
5667 7324 67
8463 6076 86
8463 2502 94
8463 3113 64
1971 8421 47
1971 3275 93
1971 718 8
1971 3174 55
1971 4984 79
8421 7400 82
8421 7964 28
8421 1004 13
8421 3172 81
1037 2918 21
1037 2913 89
1037 3214 50
1037 3044 100
2918 1068 41
2918 9883 74
2918 693 18
8994 9574 26
8994 8567 37
8994 721 1
8994 9707 53
9574 4878 31
9574 6896 72
2619 9396 63
2619 5278 49
2619 7524 65
2619 1223 77
9396 2651 32
9396 4020 70
9396 2352 97
7230 9441 49
7230 3100 81
7230 2033 95
7230 8227 75
9441 2207 3
9441 943 39
9441 7974 96
9441 787 58
4637 8325 72
4637 554 59
4637 9005 46
4637 9766 70
4637 4421 31
8325 4485 46
8325 4108 14
8325 8078 92
8325 4027 75
525 2743 56
525 6200 72
525 1721 15
525 3449 86
525 322 19
2743 9664 72
2743 8282 28
2743 4820 28
2743 4597 7
8483 5911 69
8483 4378 72
8483 7776 91
5574 8649 22
5574 4160 40
5574 6190 89
5574 9533 30
5574 4536 74
8649 5556 48
8649 5045 85
8649 1211 60
8649 9036 48
1226 2790 54
1226 6842 72
1226 5871 91
1226 9254 12
2790 8242 100
2790 2157 10
2790 3874 52
4288 6636 70
4288 7657 80
4288 9735 73
4288 5958 76
4288 8311 53
6636 3282 45
6636 5876 41
6636 840 34
6636 6543 67
9091 9857 48
9091 2518 72
9091 8264 55
9857 354 22
9857 1855 11
9857 8195 90
9857 5227 98
827 8154 37
827 8777 83
827 1162 99
827 6522 30
8154 7710 47
8154 8104 19
1245 2251 47
1245 4285 90
1245 9815 17
1245 3973 30
1245 496 49
2251 5108 99
2251 9906 51
2251 5535 4
2251 6761 52
4741 2941 84
4741 4375 40
4741 1285 5
4741 849 75
8963 9298 10
8963 2248 84
8963 7916 6
8963 7551 90
8963 1850 11
9298 8481 92
9298 8714 84
9298 3134 33
9298 8405 68
396 3622 30
396 1899 87
396 4681 7
396 547 22
396 5260 3
3622 1416 29
3622 7110 73
3622 2933 66
3622 8404 18
809 3791 76
809 1255 13
809 7411 83
809 8794 66
809 8681 38
3791 633 38
3791 9190 54
3791 8092 92
4709 8736 46
4709 4919 86
4709 41 88
4709 9510 21
4709 6470 68
8736 1725 6
8736 9863 9
8736 6987 78
297 9278 62
297 2179 33
297 9401 57
297 3258 36
297 2500 1
9278 1379 30
9278 610 6
9278 6534 100
9278 6880 86
4979 6345 23
4979 3113 58
4979 1175 91
4979 9342 75
4979 6282 50
6345 4161 30
6345 6357 55
6345 7980 1
6345 269 61
4306 7565 58
4306 9001 15
4306 5200 8
4306 6592 23
4306 8260 75
7565 9639 61
7565 1020 54
7565 4763 29
7565 7234 5
1393 6471 68
1393 3589 12
1393 9839 55
1393 8624 3
1393 7734 78
6471 4314 57
6471 9564 46
6471 1318 31
3288 4421 30
3288 3962 62
3288 7272 6
8644 9703 73
8644 952 90
8644 9673 89
8644 987 47
8644 685 93
9703 9516 62
9703 8036 16
9703 990 22
5328 7438 63
5328 561 58
5328 3660 28
7438 5891 66
7438 7366 30
7438 1742 55
2367 7616 99
2367 2852 3
2367 8534 27
2367 4509 22
2367 9868 5
7616 1258 60
7616 9414 33
7616 9679 68
7616 763 4
5740 7382 77
5740 4641 49
5740 1044 5
5740 3375 66
5740 8823 13
7382 734 19
7382 2400 68
7382 2275 64
3590 3803 52
3590 7670 30
3590 2921 89
3590 7439 63
3590 7412 47
3803 1794 84
3803 1862 6
3803 7984 74
4770 6545 97
4770 8273 34
1563 4788 74
1563 2133 60
1563 3305 96
1563 7782 13
1563 6400 47
4788 773 94
4788 9966 42
4788 5811 73
4788 8389 72
685 2570 10
685 3266 5
685 775 63
2570 9839 100
2570 8970 28
2570 1183 63
2570 6523 64
939 1174 46
939 4671 15
939 8939 68
939 8480 76
939 4573 16
1174 1218 57
1174 307 32
1174 6038 98
1174 894 2
507 5681 10
507 2478 9
507 1787 56
507 8762 84
507 7876 32
5681 3045 46
5681 5352 80
5681 3719 70
5681 7341 21
3518 4866 81
3518 3777 4
3518 6963 96
3518 1240 67
3518 8057 99
4866 282 69
4866 2875 35
4866 2827 88
758 3048 12
758 7253 85
758 8295 70
758 8057 54
3048 1315 42
3048 346 21
3048 6671 87
3048 2636 85
194 1020 88
194 6508 42
194 1019 23
194 8053 93
194 4577 10
1020 536 11
1020 7710 98
9756 6348 67
9756 5175 26
9756 4688 63
9756 7737 76
4219 4913 38
4219 1126 92
4219 4843 89
4219 7238 8
4219 4339 41
4913 1197 72
4913 8507 15
4913 471 16
1151 9166 25
1151 7166 92
1151 7435 29
1151 1741 18
9166 220 57
9166 8892 96
6247 6782 29
6247 9251 21
6247 814 44
6247 2160 81
6782 7165 59
6782 8504 100
6782 2236 81
6782 988 51
4895 7936 88
4895 7428 7
4895 721 98
4895 4196 72
4895 5881 59
7936 9325 18
7936 6469 93
7936 6972 28
7241 8394 45
7241 5726 1
7241 37 99
7241 247 73
8394 7303 3
8394 1190 91
8394 6827 36
90 9715 58
90 5601 41
90 6302 68
90 1708 58
90 745 25
9715 8912 53
9715 9480 78
9715 3336 86
9715 7847 35
1698 8746 87
1698 5854 61
1698 348 89
1698 5708 40
8746 6711 61
8746 2735 51
8746 131 90
3731 216 47
3731 1452 39
3731 671 19
3731 3540 93
54 609 47
54 565 20
54 7316 96
54 5438 20
54 5630 15
609 4901 63
609 6386 24
609 9661 2
609 6616 73
4047 8751 16
4047 6410 68
4047 4951 55
4047 1652 68
4047 9721 72
8751 6724 45
8751 7164 62
8751 3747 61
8751 9663 81
7920 9621 9
7920 3074 26
7920 3414 39
7920 9588 29
9621 778 27
9621 6878 9
9621 2990 28
3605 5400 83
3605 1936 28
3605 2856 92
3605 9979 17
3605 4156 21
5400 4293 79
5400 5686 47
5400 4087 66
1227 3684 90
1227 4222 12
1227 8382 58
1227 4797 88
1227 9018 74
3684 5348 68
3684 1539 4
3684 3760 58
3684 2019 93
4580 7503 83
4580 5548 97
4580 8207 19
4580 9407 14
8220 5543 16
8220 3038 10
8220 9919 83
8220 2519 23
6656 3278 64
6656 6168 17
6656 7083 66
6656 1196 50
1624 6703 89
1624 2273 61
6703 8759 65
6703 8166 27
6703 2032 7
6703 2813 60
5020 9671 85
5020 5298 37
5020 8426 6
5020 1927 82
9671 2325 86
9671 1969 98
9671 4800 37
9671 8202 79
2437 6991 38
2437 2273 76
2437 7785 23
2437 9364 97
2437 3262 74
6991 3122 76
6991 1665 27
6991 37 50
8620 8662 6
8620 1589 64
8620 9315 22
8620 5628 78
8662 4070 15
8662 7212 96
8662 1526 78
8662 2696 46
2789 8382 73
2789 9819 23
2789 4204 90
2789 2831 19
2789 5357 74
8382 2926 14
8382 1032 31
4091 7895 6
4091 9359 35
4091 1365 60
4091 7459 83
7895 6190 78
7895 441 65
7895 343 99
7895 8122 35
4424 9990 73
4424 6368 99
4424 9080 37
4424 8332 66
4424 1911 50
9990 9433 90
9990 3514 60
9990 912 97
9990 3445 40
2815 6570 75
2815 4810 74
2815 2774 56
2815 7626 17
2815 9094 32
6570 154 51
6570 2454 13
6570 7098 80
6570 6331 92
7871 959 6
7871 2414 69
7871 5310 99
7871 8187 3
547 5214 89
547 4053 35
547 5737 43
547 5331 38
5214 591 90
5214 5129 99
5079 8938 78
5079 9508 45
5079 613 13
5079 8908 80
5079 315 47
8938 7578 29
8938 4146 36
8938 3211 11
5226 7645 5
5226 3542 96
5226 3368 21
5226 2120 51
7645 8225 80
7645 496 24
7645 3559 33
7309 7723 47
7309 6405 91
7309 6558 29
7309 5388 58
7309 2037 62
7723 3203 12
7723 5616 21
7723 318 27
5589 9390 67
5589 7647 19
5589 1646 42
5589 6681 86
9390 4775 91
9390 9026 37
9390 235 48
9390 210 42
668 1195 24
668 1895 14
668 7372 39
668 8280 31
1195 6961 96
1195 550 42
1195 8047 56
1195 3689 94
672 2068 86
672 7801 5
672 3984 77
672 6774 100
672 819 99
2068 2440 84
2068 63 2
2068 4422 15
2068 8488 100
3563 7346 55
3563 7534 83
3563 3224 11
3563 628 54
2036 8875 29
2036 5769 37
2036 4822 96
2036 4251 94
2036 5264 13
8875 8094 12
8875 1104 98
8875 9340 78
1320 2289 26
1320 3868 21
1320 2421 59
1320 715 59
2289 4623 8
2289 7541 9
8016 5515 9
8016 8284 56
8016 818 59
8016 2496 71
2197 3999 100
2197 9807 27
2197 2298 94
2197 7434 80
2999 3270 74
2999 5881 81
2999 2920 51
2999 4971 23
2450 8111 28
2450 4871 70
2450 3530 55
2450 5922 95
8111 6182 70
8111 5405 63
8111 1143 16
8111 238 80
5363 5025 98
5363 1595 35
5363 6602 26
203 1216 26
203 2131 21
203 4840 19
203 4633 69
203 1426 100
1216 9286 30
1216 9644 77
1216 4806 50
421 9023 92
421 599 73
421 7761 42
421 9115 83
421 8859 26
9023 3490 22
9023 8554 70
9023 549 56
9023 9683 14
7884 5285 33
7884 7721 38
7884 9679 10
7884 7726 16
172 9450 16
172 7768 42
172 5017 41
172 293 59
172 8360 82
9450 7227 66
9450 7473 29
9450 5853 28
91 7576 56
91 207 3
91 8124 64
7576 5826 82
7576 8370 41
7576 4088 37
6793 9131 29
6793 1541 52
6793 9887 65
6575 3319 44
6575 2302 32
1593 6211 86
1593 8700 84
1593 5964 19
1593 950 18
6211 169 78
6211 9074 4
6211 9433 49
6211 2644 82
9251 6192 85
9251 2688 10
2258 8291 62
2258 2684 49
2258 2922 42
2258 6790 50
2258 5477 16
8291 748 76
8291 787 65
8291 4287 98
651 6452 12
651 9462 50
651 5006 78
651 2591 78
651 6724 18
6452 7480 95
6452 93 85
6452 5362 99
823 2772 14
823 2150 99
823 5741 16
823 1522 68
823 5893 86
2772 3772 72
2772 9479 13
2772 3067 24
5866 6234 74
5866 8273 73
5866 5820 93
5866 358 91
6234 8439 45
6234 1381 74
6234 3393 22
6234 6625 60
3481 8450 76
3481 7345 67
3481 6979 35
3481 378 98
3481 6872 43
8450 4201 55
8450 5494 97
8450 7957 76
8450 1206 76
3075 3975 38
3075 2933 57
3075 4435 60
3075 4724 28
3975 4057 93
3975 9738 61
3975 7591 8
3975 2211 79
5401 9473 56
5401 1267 95
5401 5865 99
5401 3573 60
5401 9204 89
9473 1609 66
9473 8803 37
9473 5371 69
9473 8515 72
3976 5396 69
3976 7263 4
3976 5676 37
3976 4367 82
5396 8199 38
5396 8866 19
5396 7557 21
5396 1670 5
9548 3597 38
9548 661 24
9548 6243 83
9548 2222 65
2730 6946 47
2730 3950 69
2730 585 24
2730 7160 52
2730 482 28
6946 4530 34
6946 3702 76
6946 5064 42
2222 9923 72
2222 6082 31
2222 6210 67
2222 3706 10
9923 8651 44
9923 4203 77
9923 4172 84
9923 707 80
2172 8116 9
2172 3490 10
2172 9700 46
2172 9375 49
8116 3309 93
8116 7243 94
8116 9226 59
8116 8214 72
4106 6408 37
4106 6270 60
4106 8505 56
4106 2636 72
4106 8684 38
6408 8315 91
6408 1891 11
6408 8800 80
6408 2393 78
6741 8807 17
6741 353 34
6741 7184 60
1340 6273 57
1340 806 30
1340 8155 2
1340 3028 46
6273 2207 69
6273 8231 60
6273 7697 92
5500 6419 31
5500 4239 61
5500 2981 100
5500 6695 11
5500 4354 38
6419 8919 33
6419 291 36
6419 7636 21
4951 7143 16
4951 9886 31
4951 8545 19
4951 8631 50
7143 1434 15
7143 3678 88
7143 9357 55
7143 7454 53
4227 4833 44
4227 457 25
4227 2493 13
4227 7126 42
4833 3306 95
4833 2709 39
4833 22 4
4833 5286 36
5754 8406 42
5754 5837 94
5754 1659 51
5754 3730 54
5754 2792 63
8406 9449 1
8406 1903 43
8406 736 1
8406 8680 91
558 3204 91
558 4433 91
558 139 44
558 8419 39
558 9773 53
3204 3983 81
3204 2542 39
3204 1301 54
3204 9337 68
6309 5684 29
6309 582 41
6309 2596 28
6309 1719 51
1135 4713 39
1135 9877 14
1135 6631 39
1135 3554 62
4713 3694 6
4713 262 72
4713 890 7
6097 6301 42
6097 2940 49
6097 7210 8
6097 9052 33
6097 3300 13
6301 5767 73
6301 4830 12
6301 3265 22
309 2685 73
309 4946 92
309 2458 82
309 98 76
309 1123 33
2685 7282 97
2685 3391 85
2685 9332 78
2685 2252 8
176 5539 73
176 2124 8
176 1945 30
176 8985 15
176 7323 65
5539 5434 37
5539 4363 28
5539 2372 74
5539 7594 46
7369 2661 83
7369 1716 81
7369 9240 48
7369 8404 10
5804 8119 13
5804 584 27
5804 8238 13
5804 6169 17
8119 8555 79
8119 2372 2
8119 6805 77
8119 7678 47
5515 7171 34
5515 4210 87
5515 1014 33
5515 3064 13
1585 4360 10
1585 4182 44
1585 5024 5
4360 4745 64
4360 9881 75
4360 5722 64
4360 9256 89
4382 9443 31
4382 1246 75
4382 2215 47
4382 4840 43
9443 5638 74
9443 7819 83
9443 3310 9
9443 5499 21
3701 4386 31
3701 7692 55
3701 4880 48
3701 1293 5
3701 2313 10
4386 3876 9
8571 983 73
8571 6043 90
8571 980 15
8571 2513 59
345 4385 27
345 4374 68
345 1314 34
345 9662 92
345 7784 88
4385 1615 55
4385 7201 29
4385 4434 19
4385 8439 14
2910 8179 7
2910 5976 93
2910 4586 65
2910 8523 65
2910 862 97
8179 1398 12
8179 1344 35
8179 2851 62
441 3492 53
441 2317 64
441 8389 98
2867 4345 48
2867 9550 24
2867 2736 41
2867 6393 65
2867 3689 37
4345 414 41
4345 7164 2
4345 8706 22
320 3574 100
320 7941 74
320 6949 12
320 4641 54
3574 1365 58
3574 5390 88
3574 4349 11
3574 6562 84
4664 6281 55
4664 8493 33
4664 1668 40
4664 9087 86
4664 3105 28
6281 7484 59
6281 4910 46
6281 9783 4
6281 3621 31
2071 4411 27
2071 5694 81
2071 737 70
2071 4122 74
2071 6025 58
4411 3504 90
4411 5640 83
4411 3065 93
4411 1305 43
486 6495 62
486 8789 1
486 2989 66
486 6141 2
486 6385 34
6495 51 33
6495 8740 37
6495 2767 20
647 7352 38
647 4458 20
647 7659 94
647 8839 5
647 4977 86
7352 2418 6
7352 566 53
7352 683 79
7352 4878 78
494 8830 76
494 3146 79
494 5777 25
494 2362 55
494 1038 32
8830 8879 80
8830 4097 88
2211 6111 67
2211 5611 21
2211 2709 63
2211 3789 52
6111 7669 45
6111 2066 47
6111 2582 85
6111 2472 59
2732 7503 22
2732 9048 24
2732 3727 69
2732 8348 89
7503 5370 62
7503 5469 45
4055 6173 61
4055 8552 72
4055 611 97
4055 417 38
6173 752 95
6173 1676 50
1073 9446 8
1073 3612 79
1073 8216 97
1073 7407 2
1073 548 87
9446 848 6
9446 5663 84
2086 4884 94
2086 3207 19
2086 889 8
2086 2773 46
4884 8687 67
4884 6337 63
4884 8757 1
4884 7619 73
6213 9054 36
6213 4455 27
6213 7966 90
6213 1561 26
9054 5921 68
9054 129 73
9054 8784 5
9054 2774 6
1036 3148 35
1036 2022 52
1036 7792 52
1036 1795 11
1036 5347 26
3148 9389 80
3148 7869 95
1843 2682 87
1843 4561 54
1843 5034 68
1843 4396 45
1843 6559 55
2682 3736 76
2682 520 19
3365 6665 69
3365 8524 41
3365 6908 36
3365 4184 57
3365 6758 45
6665 2285 75
6665 1951 36
5188 8610 16
5188 6074 67
5188 3724 81
5188 7324 85
3708 6250 18
3708 1272 64
3708 8812 92
3708 739 29
6250 2801 24
6250 8012 37
1164 9160 46
1164 8495 91
1164 5304 12
1164 6923 76
9160 8776 51
9160 5265 90
9160 6555 66
2680 2775 79
2680 174 48
2680 5350 51
2680 3965 45
2775 4994 39
2775 6585 64
2775 4179 15
2775 5973 41
1845 3667 50
1845 1931 62
1845 8027 10
1845 2304 24
1845 5533 27
3667 5087 23
3667 4766 97
3667 2584 10
5312 3895 28
5312 4969 1
5312 9308 74
5312 7089 20
8750 2936 35
8750 8902 52
8750 5366 38
3461 4279 13
3461 9834 36
3461 7225 8
3461 8844 55
3461 3888 66
4279 183 94
4279 2661 77
4279 6513 29
3418 3643 23
3418 3621 88
3418 4463 16
3643 1857 67
3643 4906 48
3643 7192 45
3643 1678 62
7924 7953 16
7924 2103 19
7924 7106 82
7924 8841 20
2719 3642 22
2719 657 82
2719 3815 27
2719 733 47
2719 7073 61
3642 7888 60
3642 6018 2
3642 5944 65
3642 9933 25
3648 4105 83
3648 8822 62
3648 6444 51
3648 8072 5
4105 4403 36
4105 3715 49
4105 6340 31
4105 628 53
2405 4987 3
2405 1187 20
2405 5468 56
2405 8851 17
2949 1837 55
2949 3510 81
2949 8105 49
1057 4725 17
1057 5593 28
1057 1572 71
1057 2979 53
1057 9587 54
4725 4985 68
4725 9210 34
4725 7914 6
4725 1250 97
7874 4566 35
7874 1080 47
7874 739 80
7874 5021 9
1054 8445 12
1054 1044 10
5252 5646 2
5252 6461 40
5252 8169 44
5252 159 30
5252 6088 75
5646 7932 4
5646 5594 18
5646 4045 66
5646 931 26
233 1080 86
233 9624 8
233 9437 43
233 6832 34
233 5406 93
1080 5950 80
1080 6899 100
1080 3505 35
1974 3673 47
1974 8648 14
1974 3351 62
1974 4807 22
3673 140 92
3673 115 10
3673 285 22
1581 7354 20
1581 3776 42
1581 9060 29
1581 7146 49
7354 3156 41
7354 6004 36
7354 5096 97
461 5633 89
461 1905 74
461 8712 9
461 5997 42
461 2518 55
5633 1831 37
5633 9727 12
5633 4832 71
4438 6826 7
4438 1315 61
4438 7424 35
4438 9942 44
4438 9565 4
6826 7148 54
6826 9284 27
6826 5729 78
6826 8273 62
1238 2292 3
1238 3208 33
1238 9116 36
1238 8807 71
1238 1400 8
2292 6838 99
2292 2235 52
2292 2655 45
2292 3446 96
3159 5984 54
3159 3980 8
3159 8824 25
3159 5308 93
3159 3389 95
5984 6934 67
5984 8557 40
5984 9347 50
4473 6066 2
4473 33 96
4473 1962 65
4473 7004 39
4473 7952 99
6066 2298 74
6066 8012 28
6066 910 57
6066 1752 4
3193 8786 97
3193 5611 89
3193 9800 63
3193 4682 99
3193 9526 5
8786 6776 16
8786 4892 52
8786 1282 88
366 4992 49
366 5133 4
366 4540 99
4992 6028 12
4992 9505 38
1351 4798 43
1351 8864 97
1351 9858 64
1351 7228 26
4798 2887 60
4798 4858 42
4798 1810 52
4798 1640 17
4628 4856 11
4628 6694 64
4628 3248 42
4628 124 81
4628 7867 86
4856 3025 35
4856 4039 53
4856 5680 89
4856 4962 42
9141 9584 51
9141 1368 83
9141 6941 83
9141 1335 47
2585 5116 44
2585 4780 4
5116 5857 57
5499 252 37
5499 7117 8
9499 9709 15
9499 5919 76
9499 5435 46
9499 214 33
9709 5028 56
9709 2642 38
9709 2257 58
9709 5083 32
8735 2162 99
8735 7380 16
8735 8224 43
3736 8412 28
3736 6483 43
3736 6089 55
6498 9773 33
6498 6903 14
6498 6226 90
6498 9266 49
4883 8007 26
4883 4151 55
4883 1964 11
4883 7962 17
8007 1855 48
8007 504 92
8007 4773 40
8007 9690 84
1207 7651 89
1207 2581 10
1207 6668 12
1207 5394 39
7651 8630 68
7651 7223 44
1258 6559 7
1258 4023 92
1258 1324 61
1258 6627 10
4824 7777 99
4824 1449 45
4824 1224 65
4824 3214 43
7777 2884 26
7777 4690 29
7777 9568 58
7777 48 54
9243 5481 3
9243 7488 78
9243 2187 83
9243 8962 6
7428 2638 25
7428 3554 26
7428 985 70
1082 72 52
1082 2488 83
1082 8853 10
2305 5075 37
2305 858 74
2305 3118 90
2305 2464 68
5075 9661 23
5075 379 9
5075 4051 6
3299 9131 77
3299 5269 51
3299 7747 55
3299 6508 7
9131 6701 46
9131 4022 69
9131 4603 78
2536 6893 96
2536 8353 37
2536 2137 9
2536 3906 30
2536 9790 72
6893 9827 99
6893 1017 94
6893 8055 49
1955 3915 100
1955 3306 44
1955 1819 15
1955 7838 16
3915 4247 66
3915 4912 67
3915 955 71
2058 5548 54
2058 1689 11
2058 4777 29
2058 9083 84
2058 7572 86
5548 6993 65
5548 5324 17
513 4587 50
513 4164 37
513 9431 86
513 7638 92
513 7089 59
4587 9580 97
4587 9495 92
4587 248 75
6194 9272 96
6194 410 85
6194 8413 37
6194 1778 46
9272 5023 88
9272 3330 44
9272 9708 32
9272 9270 37
7840 8595 70
7840 5718 61
7840 1870 63
8595 3525 37
8595 8672 31
8595 709 59
8595 2387 8
2387 9594 73
2387 6435 43
2387 5712 97
6026 6463 93
6026 2061 94
6026 6875 95
6026 3391 94
6026 8368 46
6463 2715 23
6463 1614 33
6463 877 83
7829 9934 83
7829 4150 53
7829 2683 51
7829 2373 75
7829 8627 15
9934 6254 57
9934 7482 61
1494 4459 23
1494 7155 54
1494 1849 63
1494 8117 56
4459 5262 55
4459 7661 61
1475 1965 50
1475 1888 78
1475 308 84
1475 7427 94
1475 8782 99
1965 5821 63
1965 7114 2
1965 1808 88
1965 4647 5
337 6990 55
337 7881 30
337 19 64
337 1403 89
6990 1398 80
6990 3319 35
6990 7210 33
6990 8562 3
2643 2976 74
2643 8158 25
2643 5963 25
2643 7496 39
2643 780 29
2976 6403 12
2976 7246 27
2976 911 41
2976 3608 19
6680 8384 94
6680 745 30
6680 1680 72
6680 6125 88
8384 8622 49
8384 696 9
8384 3498 99
8384 1087 39
4076 4635 45
4076 2188 56
4076 793 1
4076 9024 1
4076 8745 94
4635 3801 88
4635 1143 46
4635 7257 8
4635 4277 98
292 6466 15
292 347 63
292 9914 97
292 8388 76
292 6474 6
6466 8216 33
6466 1590 97
6466 365 74
6466 2447 68
9442 7177 49
9442 1041 92
9442 2938 89
9442 4638 94
2947 3737 89
2947 5027 22
2947 3308 90
2947 1528 34
2947 4375 6
3737 910 55
3737 1039 84
3737 3787 7
3737 5179 61
285 5800 98
285 2349 29
285 2875 61
1087 1452 18
1087 9948 17
1087 2623 39
1452 1961 52
1452 4645 84
5619 6839 36
5619 3248 57
5619 4672 10
5619 1361 93
5619 9745 65
6839 7817 98
6839 8367 47
6839 4551 89
6839 6325 22
4404 9954 72
4404 6915 1
4404 3467 6
4404 1339 8
4404 8799 43
9954 9125 7
9954 992 25
9954 8381 29
9954 338 18
918 4378 3
918 4703 38
918 9140 48
918 8040 48
3199 2478 67
3199 8743 22
3199 6926 100
3199 174 59
1199 6739 13
1199 8654 13
1199 3348 85
1199 31 95
1199 5583 61
6739 7826 97
6739 3653 57
6739 7519 83
6739 9065 4
8076 9582 30
8076 8660 14
8076 6465 58
650 7463 84
650 8871 91
650 1150 85
650 6254 64
650 4535 13
7463 1936 29
7463 2019 59
7463 1001 44
7463 5221 98
7114 7686 55
7114 9638 5
7114 4862 10
7114 8877 80
7686 6091 4
7686 4324 40
7686 1777 44
1690 6976 81
1690 5610 89
1690 9158 11
1690 4897 58
1690 5434 93
6976 1580 75
6976 6115 42
6976 468 3
5281 5504 75
5281 8883 12
5281 3044 55
5281 2314 6
5281 8410 75
5504 4103 83
5504 6103 30
5504 6510 88
5504 5819 4
2022 7575 89
2022 5478 2
1485 1848 22
1485 5243 98
1485 4342 74
1485 4461 65
1848 6995 72
1848 886 69
1848 1125 58
1848 7311 89
1335 9259 22
1335 2889 94
1335 7314 24
1335 604 45
9259 282 46
9259 5331 34
9259 1997 79
9259 347 46
781 1503 44
781 3863 19
781 5762 28
781 355 8
1503 4063 63
1503 9292 4
1503 5983 21
7295 9195 59
7295 9623 70
7295 8066 7
7295 7717 47
7295 2531 63
9195 8262 50
9195 7113 80
9195 2502 73
4547 6448 81
4547 9658 79
4547 829 96
4547 7589 7
6448 3921 92
6448 2362 31
6448 2144 13
6448 6339 16
1966 5235 6
1966 3553 88
1966 2493 30
5637 7768 31
5637 1437 82
5637 158 71
5637 6628 30
5637 4150 47
7768 9501 4
7768 9884 26
7768 7110 73
2509 4800 65
2509 1344 44
2509 132 10
4800 2723 27
4800 306 30
4800 5648 59
2640 6037 80
2640 8869 15
2640 775 85
2640 3722 50
2640 1888 44
6037 4757 56
6037 4567 100
6037 828 35
2218 6314 73
2218 2079 57
2218 6455 47
2218 170 24
6314 8189 8
6314 9764 53
6314 7057 89
9522 4168 32
9522 4409 73
9522 8600 71
1188 4486 83
1188 5409 84
1188 3128 24
1188 6902 39
1188 9861 18
4486 2801 90
4486 9794 88
7994 9546 97
7994 5643 26
7994 3044 42
7994 687 62
7994 1925 77
9546 3444 17
9546 3304 40
9546 5464 11
9546 677 14
52 7894 11
52 5532 69
52 9094 41
52 7556 1
7894 9938 62
7894 6392 80
7894 6216 43
6441 7189 57
6441 6487 54
6441 3795 84
6441 1932 76
6441 6402 95
7189 64 76
7189 303 12
7189 4158 34
7591 9314 81
7591 1968 63
7591 1366 25
7591 3878 39
9314 1960 31
9314 5334 96
9314 4867 99
9314 1310 60
8843 6810 82
8843 3538 78
8843 8269 91
8843 6863 6
5174 1142 27
5174 2162 10
5174 5579 15
6501 2007 5
6501 8379 48
6501 7883 43
6501 6478 27
116 308 91
116 8181 19
116 6673 60
116 2108 3
308 3281 58
308 7458 23
308 5775 96
4827 7912 85
4827 3988 53
4827 9744 69
4827 4150 39
7912 737 70
7912 6428 91
7912 5607 40
7912 5502 54
1647 6474 91
1647 9330 63
1647 3834 95
1647 9165 44
1647 9490 77
6474 7638 96
6474 3668 4
6474 841 54
7292 8092 5
7292 9182 23
7292 3081 87
8092 6611 1
8092 9463 11
6772 9746 77
6772 4174 80
6772 9279 49
6772 1480 38
6772 4810 29
9746 6974 49
9746 743 8
9746 5283 63
9746 1562 80
910 4922 24
910 1527 76
910 4554 83
9325 5264 32
9325 5987 77
9325 2099 71
9325 7086 56
3102 6202 59
3102 8914 60
3102 3555 79
6202 6796 15
6202 6666 69
6202 5166 66
5918 7363 48
5918 8441 13
5918 9036 60
5918 5694 33
5918 9932 21
7363 3926 70
7363 7870 45
7363 3058 71
7363 2404 73
4865 6110 75
4865 9666 43
4865 869 39
4865 3573 7
6110 2203 39
6110 1892 99
6110 9227 10
1353 2213 42
1353 4072 55
1353 2121 85
1353 2549 19
1353 4717 92
2213 4365 100
2213 2532 46
2213 8949 2
4532 5146 2
4532 3373 92
4532 1574 78
4532 3535 24
5146 9423 18
5146 8704 39
5146 5029 87
5146 6490 61
462 9589 37
462 9992 17
462 6613 4
462 4757 70
462 2501 77
9589 7109 27
9589 4703 24
9589 2814 63
9589 3078 45
469 8316 74
469 6678 69
469 4556 27
469 9375 84
469 2522 41
8316 2740 87
8316 1601 57
484 147 98
484 5808 54
484 1849 77
1425 9636 17
1425 9575 93
1425 5962 51
1425 5841 15
9636 596 65
9636 1221 52
2799 8271 13
2799 6795 62
2799 6788 61
2799 1136 65
2799 3843 86
8271 7460 45
8271 6090 33
8271 5662 17
8271 8475 10
3399 156 74
3399 3480 42
3399 7478 39
3399 6747 85
1568 8409 61
1568 1717 33
1568 9300 81
1568 4702 30
1568 7053 20
8409 8314 54
8409 6079 52
8409 6731 43
8409 4159 44
370 4523 90
370 5625 50
370 3724 26
370 5567 24
370 166 33
4523 804 7
4523 7197 80
4523 8122 34
4523 4522 9
1445 9507 59
1445 4959 37
1445 6806 53
1445 6685 83
9507 1882 84
9507 1341 85
9507 7589 23
2131 6987 74
2131 8215 12
2131 3354 49
2131 4212 10
1192 9061 79
1192 1873 15
1192 1414 12
1192 5896 97
1192 3798 55
9061 717 49
9061 6252 56
9061 4842 53
9061 4971 69
3654 9830 77
3654 1940 86
3654 1118 54
3654 3929 28
3292 8554 84
3292 4697 7
3292 4751 2
3292 4560 12
8554 5156 17
8554 4976 35
8554 6958 35
621 5273 26
621 1013 21
621 1160 49
621 1218 38
621 597 33
5273 7609 68
5273 7468 21
5273 6542 3
8284 2902 47
8284 6509 77
8284 326 37
8284 6074 50
158 8023 49
158 9422 72
158 6082 95
158 6396 77
8023 2163 23
8023 2225 46
8023 3296 65
8023 3298 23
1346 3462 83
1346 5931 3
1346 8460 13
1346 8294 30
1346 8640 21
3462 1306 60
3462 6449 59
3462 1930 65
3462 7716 70
1695 1926 81
1695 4717 10
1695 2253 70
1695 7934 74
1926 5389 66
1926 5559 29
1926 7019 36
1926 1913 57
2532 3697 36
2532 937 38
9322 8469 58
9322 5045 86
9322 382 8
9322 5980 73
3240 6270 48
3240 3672 5
3240 3526 48
3240 4230 67
6270 7097 100
6270 8513 91
6270 9652 59
5387 9551 33
5387 2054 49
5387 2031 9
5387 9377 11
9551 9405 66
9551 7073 21
9551 9916 51
9551 5815 48
4525 5614 43
4525 8375 100
4525 4541 13
4525 921 45
4525 9486 64
5614 9840 14
5614 6486 62
5614 139 45
5614 6023 86
3663 3929 92
3663 7310 30
3663 7412 50
3663 1459 40
3929 624 47
3929 4663 100
3929 3228 38
497 1423 52
497 4276 90
497 5862 8
497 1882 47
1423 3447 21
1423 2138 10
1423 0 35
1423 8950 55
906 9764 46
906 8806 28
906 4879 81
906 4668 7
906 3587 50
9764 8961 82
9764 783 37
9764 8666 4
3220 5803 99
3220 5345 26
3220 9985 9
3220 7046 33
5803 4940 34
5803 9777 12
5803 7667 14
5803 7220 8
880 2127 55
880 7016 69
880 2027 5
880 927 95
2127 9585 12
2127 3564 93
2127 6191 82
2127 6876 82
3041 6060 53
3041 7134 32
3041 7953 99
3041 1908 36
3041 8731 44
6060 6483 42
6060 1048 78
6060 3176 73
6060 7677 43
1486 5320 15
1486 913 52
1486 2663 6
1486 876 30
1486 8799 69
5320 3498 28
5320 926 58
5320 2569 43
9001 9379 46
9001 7080 48
9001 8547 95
9001 8903 30
9379 8957 63
9379 4131 72
6561 6785 18
6561 5940 43
6561 8160 7
6561 119 6
6561 2031 4
6785 6233 54
6785 9631 35
6785 1511 50
8445 8932 1
8445 8121 22
8445 9163 17
8445 3428 41
8932 7040 2
8932 9057 94
8932 853 19
6218 7385 95
6218 8551 46
6218 144 7
7385 6600 64
7385 6158 44
7385 3671 62
4765 5424 33
4765 9910 31
4765 4898 21
4765 4335 26
4765 2699 65
5424 9202 43
5424 7970 38
5424 3205 44
5125 7516 84
5125 182 32
5125 2171 99
5125 5050 2
2998 5582 50
2998 1064 77
2998 357 74
2998 334 64
2998 9021 51
5582 6253 41
5582 4396 16
5582 2173 81
5582 5596 41
3959 4894 79
3959 8330 24
3959 4278 38
3959 7032 7
1110 4632 9
1110 3408 18
1110 9190 13
1110 3764 36
1110 7376 56
4632 5351 77
4632 3705 83
1142 2583 22
1142 5789 20
1142 2708 100
440 4837 21
440 4639 73
440 3810 28
440 7394 42
4837 1243 43
4837 4264 30
4837 5558 52
1236 5292 50
1236 3764 100
1236 3416 55
1236 8637 93
2133 7820 82
2133 5999 9
2133 8200 91
2133 7555 33
5490 7935 28
5490 5197 62
5490 509 32
5490 2523 30
5490 3072 17
7935 986 50
7935 7578 43
7935 7257 90
8591 5431 22
8591 4934 61
8591 7784 74
8591 8646 70
8914 8091 22
8914 6295 23
1760 3586 14
1760 5046 60
1760 8264 33
1760 9164 72
1760 9827 46
3586 5809 6
3586 3813 69
3586 1913 40
3586 1669 60
2486 8416 41
2486 9242 31
2486 8557 87
2486 2184 48
8416 2742 14
8416 8037 47
8416 9604 22
2234 6660 54
2234 298 26
2234 5872 29
2234 5873 55
6660 3463 71
6660 1764 88
6660 4259 83
4484 5158 20
4484 5199 5
4484 4854 9
4484 3577 100
4484 6584 64
5158 8623 1
5158 5311 99
5158 5231 36
3334 8109 46
3334 9354 15
3334 8871 54
3334 1399 62
3334 2761 51
8109 5240 66
8109 3210 84
8109 9300 20
8109 5244 82
7322 5336 3
7322 5699 13
7322 7454 48
7798 8666 8
7798 4681 22
7798 7057 18
7798 3222 54
7798 452 93
8666 6695 46
8666 4278 100
8666 9979 84
5900 9183 82
5900 7344 92
204 7697 100
204 3815 31
204 4191 62
204 8042 17
204 4810 11
1443 2724 69
1443 8060 17
1443 6134 74
1443 2199 9
1443 5781 57
2724 1449 42
2724 8183 35
2724 5232 71
2724 3476 9
8309 8589 91
8309 3427 69
8309 8613 89
8309 2751 26
8589 1885 59
8589 2862 41
8589 855 35
8589 1371 85
5917 6525 32
5917 34 55
5917 5315 40
5917 5056 85
4592 9952 38
4592 8294 53
4592 2844 95
4592 3658 18
4592 4181 45
9952 2410 77
9952 3738 63
9952 5091 36
9952 4646 19
220 5197 35
220 6040 92
220 3699 52
220 7018 59
5197 8086 40
5197 8910 26
5197 1034 89
1863 3283 34
1863 794 62
1863 2076 32
1863 3760 68
1863 6779 17
3283 2156 47
3283 2641 43
3283 3892 35
3283 4807 76
347 4938 75
347 9550 77
347 9929 73
4623 6000 2
4623 8936 24
4623 9129 100
4623 5169 8
1476 9438 33
1476 1539 35
1476 1175 71
1476 3859 92
9438 7928 83
9438 5080 83
9438 7643 87
9438 6235 27
2650 9705 5
2650 7026 76
2650 5823 18
2650 2568 77
9705 9832 30
9705 8355 85
8833 7525 8
8833 4694 7
8833 4825 93
8833 7869 54
6795 3434 95
6795 9495 45
6795 9402 70
6795 4343 52
213 7759 100
213 3425 81
213 4369 61
213 2503 45
213 5338 70
7759 2118 60
7759 5025 84
7759 7860 76
7759 3167 77
3868 8311 23
3868 8347 46
2892 6205 69
2892 1166 6
2892 1214 89
2892 1068 49
2892 619 5
6205 8288 13
6205 3887 16
6205 5449 94
262 7787 22
262 8584 67
262 3568 46
398 2062 41
398 502 50
398 6792 52
398 5776 60
398 2423 9
2062 1371 81
2062 2313 94
2062 9677 23
1120 5430 17
1120 2345 6
1120 9725 1
1120 2919 58
1120 1171 13
5430 8624 82
5430 2754 48
5430 8434 61
5430 2935 52
817 7349 51
817 5967 81
817 1354 51
817 19 40
6972 7526 59
6972 4158 38
6972 9029 74
6972 9208 13
7526 8871 48
7526 9607 16
7526 3032 93
5940 634 59
5940 766 37
5940 4498 53
5940 6523 82
4200 6822 33
4200 1542 34
4200 1801 67
4200 5911 2
6822 8928 68
6822 4584 90
6822 9555 82
1079 3335 99
1079 6035 38
1079 3494 58
1079 2208 46
1079 4148 57
3335 620 47
3335 7171 63
3335 3207 60
3335 6559 71
5435 7863 16
5435 9731 35
5435 9894 40
512 2699 96
512 6318 34
512 9319 70
512 2181 4
512 3064 32
2699 3371 21
2699 6113 53
2363 7904 77
2363 1381 21
2363 9975 54
2363 1967 59
2363 2410 82
7904 3780 57
7904 1929 57
7904 5467 33
983 6256 57
983 4830 39
6256 7447 22
6256 1375 6
6256 6913 19
956 7816 93
956 2179 53
956 724 33
956 98 34
7816 5858 91
7816 874 39
7816 6265 1
7816 5381 51
4409 7087 33
4409 4407 21
4409 6446 97
5235 6667 27
5235 7421 48
5235 3572 31
5235 9812 23
7516 3386 87
7516 4680 82
7516 4293 95
5501 9493 8
5501 1305 72
5501 49 71
5501 5642 53
5501 5703 70
9493 804 5
9493 9904 39
9493 1939 26
9493 7917 1
1045 4101 38
1045 2740 44
1045 6168 1
4101 8560 23
4101 8333 90
4101 9118 70
4101 9119 37
2906 7550 25
2906 7276 99
2906 7939 18
2906 3479 36
2906 3329 52
7550 7459 82
7550 42 44
7550 7269 65
7550 5376 66
2915 8767 97
2915 7535 4
2915 4449 87
2915 9868 88
8767 2356 95
8767 4224 31
8767 4906 89
8767 7535 98
6623 7126 96
6623 8905 69
6623 6510 44
6623 3758 89
6623 2559 1
7126 5350 50
7126 4182 88
7126 3316 46
1936 6112 52
1936 4246 13
1936 1772 82
5625 7961 23
5625 2483 21
5625 4813 10
5625 7569 86
9399 5870 36
9399 7402 73
4134 9743 34
4134 1269 79
4134 8273 23
4134 674 21
4134 8027 53
9743 8672 26
9743 2569 32
9743 9264 44
9743 6204 92
2201 8022 51
2201 379 74
2201 4901 66
2201 6085 52
159 6573 36
159 6526 96
159 7498 91
9208 2199 74
9208 3291 77
9208 2811 78
8311 2531 25
8311 5203 90
2929 6571 62
2929 4750 14
2929 450 46
2929 9838 28
2929 4061 69
6571 1333 98
6571 8695 22
6571 871 59
4147 6945 40
4147 5271 37
4147 114 82
4147 2507 85
6945 877 78
6945 9871 54
6945 7200 97
5626 7286 8
5626 7727 65
5626 7276 25
5626 7378 3
7286 8943 83
7286 5955 40
7286 5263 72
1827 6365 8
1827 8700 90
1827 7957 94
1827 3009 17
6365 6135 49
6365 7706 22
6365 4802 3
4005 6135 49
4005 8896 84
4005 5719 75
4005 2861 81
1085 5728 3
1085 2744 78
1085 1516 60
1085 7372 82
1085 9525 75
5728 1733 86
5728 4149 19
5728 2987 25
5728 4543 64
3210 9250 25
3210 6978 35
3210 968 89
3210 1859 10
9250 5135 27
9250 8827 38
9250 2220 42
9250 3179 53
2121 7751 98
2121 4596 44
2121 6552 52
2121 4103 4
7751 3055 19
7751 4834 19
7751 901 58
7751 1347 64
8901 9900 99
8901 8576 25
8901 4290 19
8901 6583 69
9900 7903 59
9900 8995 16
9900 7547 85
592 6734 53
592 9211 79
592 2252 34
592 4505 32
6734 9279 43
6734 6284 13
6734 7053 23
6734 8660 51
2550 7864 49
2550 2109 77
2550 860 18
2550 8488 38
2550 4599 24
7864 4502 36
7864 4425 56
7864 9032 46
7864 8273 28
8365 9139 98
8365 5481 75
8365 1249 70
8365 3825 76
9139 5087 16
9139 7517 45
3129 3784 19
3129 1893 38
3129 9280 30
3129 9817 46
3129 7793 58
3784 5011 79
3784 2428 60
3784 4014 9
3784 9593 16
5355 8112 33
5355 4950 59
5355 7989 71
8112 5827 14
8112 1310 52
8112 8528 2
8112 4426 40
7578 7555 72
7578 2978 13
889 2941 33
889 9273 25
889 6334 28
2941 9726 16
2941 2600 73
9317 9377 40
9317 3395 95
9317 3541 73
9317 5118 70
295 9372 54
295 8507 59
295 1295 83
295 9655 27
9372 5285 97
9372 6090 59
9372 6817 34
9372 7646 49
804 9331 10
804 1704 79
804 7998 50
5798 9508 10
5798 1477 38
5798 8314 22
5798 8607 68
4374 9529 39
4374 8294 84
4374 6092 74
4374 9378 12
9529 1795 94
9529 1746 2
9529 2095 98
9529 3262 99
1296 5924 6
1296 369 5
1296 6080 8
1296 3402 38
1296 5631 32
5924 4262 20
5924 3317 4
5924 4416 75
5924 4538 35
2262 5488 59
2262 5712 73
2262 1661 1
2262 6649 64
2262 8296 93
5488 6239 50
5488 2942 7
5488 4522 38
5488 596 62
2291 3974 60
2291 1305 11
2291 9220 69
2291 8883 33
2291 9559 44
3974 4843 89
3974 711 81
3974 89 12
3974 1741 84
6910 8606 29
6910 4351 61
6910 1855 47
6910 1336 41
6910 1923 92
8606 9343 94
8606 6673 17
8606 2665 36
3750 6854 43
3750 6590 88
3750 8497 50
3750 2047 64
3750 9983 89
6854 7546 96
6854 2383 21
6854 5969 45
6854 8789 7
1033 9836 29
1033 1794 55
1033 1474 10
1033 1218 52
1033 9871 70
9836 9556 48
9836 1167 56
9836 2995 57
9836 354 18
1709 6443 19
1709 8102 5
1709 9710 34
1709 7056 66
1709 5206 54
6443 8993 39
6443 4512 46
6443 7059 69
5991 7518 48
5991 8813 30
5991 4852 77
5991 7797 21
7518 9106 19
7518 1337 69
7518 8596 46
4236 6747 36
4236 1276 20
4236 3267 21
4236 7957 84
4236 80 51
6747 2048 50
6747 7703 60
81 529 31
81 2055 84
81 4232 84
81 6644 44
529 1622 74
529 5479 46
529 2247 9
529 7391 25
9585 2077 67
9585 2494 42
9585 8373 74
1798 1099 53
1798 7284 19
1798 9273 97
4620 5397 71
4620 190 84
4620 1166 16
4620 4782 49
4620 6986 73
5397 2007 82
5397 2580 38
5397 1663 35
5397 3071 83
3852 9201 72
3852 5824 90
3852 2822 69
3852 3402 90
3852 5830 3
9201 5602 59
9201 8490 94
9201 8728 37
5149 6650 10
5149 5853 20
5149 9293 66
5149 553 79
5149 1178 72
6650 2813 89
6650 3076 67
6650 6766 92
6650 3672 59
2465 3164 17
2465 6132 92
2465 9255 40
2465 611 59
3164 1026 10
3164 8293 28
3164 5260 27
3164 4370 76
2544 3457 27
2544 8536 27
2544 6062 75
2544 5257 71
2544 8095 46
3457 7284 27
3457 7162 39
3457 3496 17
3027 4365 21
3027 8729 85
3027 8172 44
3027 3359 58
3027 6246 94
4365 1648 82
4365 4341 33
4365 2759 42
7328 9384 53
7328 1861 65
7328 5465 92
7328 7281 57
1358 5997 59
1358 2285 42
1358 2336 21
1358 7374 41
1358 2833 32
5997 1348 2
5997 564 18
5997 7538 65
7692 9375 74
7692 7822 83
7692 3015 53
7692 7663 35
4573 9873 84
4573 9677 26
4573 1729 95
9873 9763 73
9873 8151 49
9873 8255 91
9873 1261 94
306 5914 14
746 8624 67
746 5303 8
746 4413 31
746 7260 100
746 703 39
8624 7676 43
1571 5313 77
1571 2448 67
1571 2953 51
1571 5820 36
1152 6279 69
1152 2315 90
1152 9967 70
1152 3287 43
1152 5761 77
6279 903 33
6279 3227 82
6279 6961 1
6279 2090 26
5431 8910 35
2014 5520 76
2014 5476 49
2014 2327 36
2014 2039 32
5520 8484 35
5520 3539 43
5520 2089 31
5520 9015 83
1437 8756 51
1437 9318 29
1437 8900 88
3392 4089 10
3392 9225 45
3392 1040 88
3392 7876 82
3392 1438 62
4089 602 63
4089 8424 2
4089 9503 33
7030 9788 19
7030 590 45
7030 6175 85
7030 6568 25
9788 1567 14
9788 3824 27
9788 7710 82
9788 6497 71
5529 5901 100
5529 6663 89
5529 3560 50
5529 8543 90
5529 143 8
5901 948 84
5901 1614 86
5901 5005 21
5901 5289 67
1645 6562 21
1645 5136 67
1645 2839 25
1645 9219 61
1645 977 3
6562 8518 37
6562 1478 98
6562 3192 23
797 4775 31
797 3243 84
797 683 48
797 3549 71
4775 7192 8
4775 6619 79
4775 2037 57
1179 3379 18
1179 9613 8
1179 5690 57
1179 4706 58
1179 2198 3
3379 6681 54
3379 4033 29
3379 4367 36
1669 5458 60
1669 8088 47
1669 9804 42
1669 7877 73
5458 8882 80
5458 4494 43
5458 8868 55
5022 5751 35
5022 5878 61
5022 1546 24
1623 8318 66
1623 4647 26
1623 9937 79
1623 8250 50
9616 5345 66
9616 5475 71
9616 8381 33
9616 3581 62
2424 4987 15
2424 6415 86
2424 566 99
2424 2859 70
4987 3566 64
4987 7510 89
4987 8763 6
3790 482 38
3790 9996 87
3790 6874 1
3790 9497 75
5481 8604 64
4605 8791 63
4605 9267 22
4605 3938 5
4605 7708 17
4605 2804 6
8791 6353 75
8791 5337 81
8791 39 37
2807 3412 49
2807 2552 28
2807 5846 24
2807 6567 22
3412 9668 62
3412 6867 99
3412 2972 96
4422 9838 25
4422 265 5
4422 234 81
4422 5551 58
9838 9819 9
9838 2591 86
6352 8920 8
6352 4773 32
6352 1788 58
6352 8992 50
6352 2212 94
8920 4746 69
8920 595 47
8920 1946 54
8920 8699 72
4444 4901 73
4444 7540 40
4444 4460 93
4444 9742 46
4444 4383 55
4901 2543 45
4901 6688 56
1952 3837 88
1952 9111 81
1952 6859 48
1952 6272 58
3837 8718 42
3837 4946 56
3837 466 3
3837 712 42
2210 2375 71
2210 731 67
2210 7560 33
2210 9197 32
2375 6048 16
2375 1311 67
2375 603 52
2375 5074 63
3906 7477 74
3906 9810 49
7477 3146 43
7477 5026 32
7477 6207 87
7477 4629 59
4079 4882 78
4079 8643 71
4079 2689 98
6357 7951 15
6357 2762 91
6357 8530 87
6357 2169 24
7951 197 35
7951 1753 84
7951 1761 39
1648 3557 69
1648 7433 71
1648 3470 5
1648 601 74
708 5433 18
708 1506 8
708 4955 24
708 3894 22
708 2898 81
5433 8385 60
5433 2851 98
5433 108 82
5433 4368 36
4790 8140 2
4790 5579 6
4790 7926 26
4790 8973 90
8140 9794 2
8140 8682 20
8140 6084 57
8140 9692 18
5862 7191 65
5862 9965 90
7191 6478 43
7191 4680 83
7191 5718 91
7191 9628 82
1263 9627 61
1263 6306 80
1263 4477 55
1263 9056 45
1263 5743 99
9627 3709 78
9627 3839 94
9627 2445 66
2946 9771 85
2946 4144 90
2946 9007 61
2946 8217 9
2946 1774 42
9771 4929 57
9771 692 62
9771 5460 1
9771 5505 100
3245 8118 57
3245 4207 34
3245 9619 49
3245 9497 59
3245 1604 60
8118 478 42
8118 5835 81
8118 8780 8
8118 1208 92
2149 2257 94
2149 6105 35
2149 4845 41
2149 658 26
2149 3675 16
2257 7855 46
2257 4058 31
4475 8486 76
6415 7525 8
6415 8477 1
6415 7408 66
6415 8462 49
7525 8568 69
7525 4925 67
7525 35 40
6351 9984 99
6351 528 2
6351 5120 52
6351 3988 59
6351 4815 45
9984 1916 21
9984 5739 50
9984 6800 10
9984 410 91
6167 9116 62
6167 3843 9
6167 2352 16
6167 2919 39
9116 6827 76
9116 5127 77
9116 3135 47
8961 1472 30
8961 5002 49
8961 4890 94
3680 3700 31
3680 6449 84
3680 8158 26
3680 5700 55
3680 4789 87
3700 9960 74
3700 2741 32
3700 8283 66
3700 807 47
2200 3134 68
2200 4224 86
2200 9487 33
2200 2020 48
2200 4568 59
3134 7170 22
3134 3943 95
3134 7782 34
6766 8886 78
6766 9713 9
6766 8702 2
6766 8015 70
8886 9 91
8886 799 5
8886 379 20
33 7508 79
5283 7268 86
7268 1066 24
7268 2226 62
7268 4589 61
7268 635 44
4476 7946 51
4476 6349 9
9866 8132 13
9866 1978 59
9866 7270 28
9866 3807 59
434 3113 17
434 8518 20
434 5278 43
434 8089 54
434 4654 35
3113 2383 51
3113 7802 60
3923 9470 1
3923 2183 72
3923 6809 68
9470 4302 64
9470 907 78
9470 3036 60
9470 7439 74
6350 9358 73
6350 287 67
6350 8415 72
6350 8432 28
6350 2859 2
9358 7521 45
9358 2571 74
9358 2132 57
9358 2323 58
3086 5563 45
3086 519 45
3086 642 2
3086 4488 14
3086 530 20
5563 5770 15
5563 6344 96
1544 8283 82
1544 131 82
1544 4434 35
1544 2592 91
8283 9192 59
8283 1414 5
4018 5543 24
4018 8150 15
4018 4507 80
4018 9038 94
4018 2710 74
5543 7980 39
5543 5948 79
5543 8461 11
3848 7606 91
3848 1893 30
3848 2534 88
3848 7682 24
3848 634 22
7606 5034 63
7606 7541 49
7606 5857 82
7606 5346 34
2707 6698 37
2707 6618 14
2707 2529 100
2707 1877 9
6698 2510 1
6698 986 5
2321 2498 72
2321 6178 96
2321 9988 90
2321 4882 61
2321 6688 93
2498 506 33
2498 8008 55
2498 365 58
2498 5632 74
8653 2702 50
8653 3144 38
8653 1865 79
3382 5332 40
3382 3893 78
3382 9830 7
3382 6346 64
3382 9953 85
5332 390 67
5332 4963 38
5332 7865 20
5332 8993 71
1521 9238 63
1521 1961 69
1521 4153 75
1521 6130 81
1521 3956 1
9238 3528 88
9238 3623 32
9238 5985 13
7888 7547 58
7888 3547 33
7888 5514 19
7888 3523 34
7599 9395 46
7599 9393 38
7599 8783 86
7599 9512 96
9395 9596 37
9395 6184 70
9395 7284 58
335 4423 40
335 8242 82
335 7789 4
335 3752 14
4423 7225 72
4423 6770 5
4423 6494 63
1532 7118 35
1532 3862 67
1532 4395 29
1532 4139 85
1532 6771 12
7118 523 86
7118 2349 61
7118 709 53
7118 4470 89
2757 6411 73
2757 7733 43
2757 4408 70
2757 1997 37
2757 9386 15
6411 1062 13
6411 2868 8
288 2887 15
288 32 39
288 7243 65
288 2122 71
288 9608 31
2887 830 42
2887 8609 48
1888 3077 15
1888 8091 67
1888 8770 7
415 1908 77
415 1270 69
415 2145 20
415 8753 37
415 8615 71
1908 3089 8
1908 1972 6
2968 6631 7
2968 8820 17
2968 7889 10
2968 2653 57
2968 8070 15
6631 6863 44
6631 7971 5
6631 8297 76
9422 8358 24
9422 5996 93
9422 7760 28
9422 6017 46
6610 6605 45
6610 6125 85
6610 2110 13
6610 8213 37
2372 5065 70
2372 1117 46
2372 1026 32
5065 6269 21
5065 6522 86
5065 2489 43
5065 5624 65
1004 5686 89
1004 4854 38
1004 8006 6
1004 7621 66
5686 1137 8
892 3001 9
892 323 67
892 2019 38
892 334 82
892 7672 82
3001 2156 61
3001 928 93
3001 2848 10
2333 9274 70
2333 1748 37
2333 3751 8
2333 8854 79
2333 8187 16
9274 7984 17
9274 9013 36
1975 9566 6
1975 2435 11
1975 267 81
1975 739 35
1975 9049 62
9566 5092 19
9566 167 74
4896 9989 60
4896 9030 80
4896 7087 66
4896 2604 20
4896 2983 28
9989 2925 8
9989 3994 5
9989 6840 55
5610 4221 11
5610 8305 68
5610 7758 44
5610 5953 36
2684 9496 22
2684 3179 20
2684 1787 65
1005 3063 38
1005 6788 77
1005 6817 68
1005 8429 13
3063 5198 42
6598 8655 11
6598 9948 32
6598 959 78
6598 4270 88
6598 8719 8
8655 5191 29
8655 1565 34
8655 7632 84
8655 2828 54
7339 9821 97
7339 6810 72
7339 5241 32
7339 104 15
9821 7781 18
9821 9051 6
9821 7530 99
635 1251 84
635 3794 80
635 6941 71
635 1547 52
1251 4872 20
1251 1661 49
1251 6107 79
1251 2505 72
549 3951 47
549 2069 58
549 9140 49
549 141 76
3951 9335 38
3951 3380 79
3951 9264 61
3951 2875 9
2855 5010 11
2855 3047 37
2855 9667 25
5010 6537 53
5010 8367 56
5010 9612 52
5010 6531 48
6753 9882 94
6753 1286 69
6753 4964 27
6753 2351 69
9882 9911 26
9882 1118 82
9882 7902 84
1944 9290 27
1944 7535 22
1944 3108 44
1944 7521 89
1944 3337 12
9290 4671 52
9290 2895 78
9290 5417 99
2625 5487 47
2625 6996 28
2625 3375 54
2625 6685 37
2625 3921 99
5487 3560 44
5487 3487 57
7903 9755 67
7903 330 9
7903 5039 6
9755 3775 1
9755 4191 74
9755 8997 63
9755 2962 7
2930 3090 78
2930 564 38
2930 3569 42
3090 4334 42
3090 2348 81
3090 1684 8
3000 6303 65
3000 9346 25
3000 7228 14
3000 8205 22
6303 9874 86
6303 8919 24
6303 1638 41
5857 7465 51
5857 250 9
5857 2937 1
7465 5005 80
7465 3012 23
7465 9112 89
7465 7316 83
6002 6862 88
6002 5959 92
6002 7448 93
6002 4338 1
7014 7563 21
7014 2271 93
7014 9605 21
7014 6042 28
7014 59 40
7563 8133 35
7563 7983 68
7563 605 10
7563 3771 42
6689 7214 87
6689 234 73
6689 4719 97
6689 8909 86
7214 5170 22
7214 8122 13
7214 6752 17
1625 7601 65
1625 4259 74
1625 9834 27
1625 4294 66
1625 6958 26
7601 3404 34
7601 7959 33
7601 588 11
7601 7745 23
4991 8640 61
4991 4802 98
4991 9686 46
4991 2991 49
4991 4237 54
8640 2271 94
8640 6477 100
8805 9869 100
8805 2618 55
8805 8121 79
8805 7660 32
9869 2275 14
9869 9197 99
9869 4387 37
9869 9202 39
8030 5661 80
8030 819 9
8030 9576 31
6316 6824 54
6316 8041 31
6316 2085 85
6316 4112 80
6316 2491 34
6824 8840 92
6824 1883 15
6824 9434 94
242 9038 87
242 2953 25
242 8865 18
242 5541 47
242 7074 59
9038 343 57
9038 5046 80
5195 8820 2
5195 865 96
5195 5928 44
5195 5302 12
8820 9375 85
8820 5902 75
8820 2573 1
4690 7372 97
4690 4879 17
7372 1937 88
7372 6529 91
1379 7171 85
1379 3244 68
1379 9779 25
7171 700 56
7171 8630 67
5294 7486 35
5294 8556 92
5294 5386 28
5294 2484 7
5294 6728 43
7486 6717 58
7486 4810 19
7486 4443 59
7486 7457 48
5687 802 89
5687 8889 95
5687 9227 71
5687 5145 25
4771 9431 49
4771 2230 59
4771 3417 21
4771 4143 71
9431 5314 9
9431 5622 100
5982 9580 26
5982 5262 74
5982 9345 31
5982 9951 3
5982 8532 6
9580 473 33
9580 5230 11
9580 2573 22
913 4897 73
913 6370 94
913 3912 26
4897 9224 5
4897 1857 68
3318 7470 59
3318 420 63
3318 4159 13
3318 1823 27
7470 3542 14
7470 938 88
7470 8371 15
7470 2917 89
4825 5695 71
4825 3344 16
4825 1887 73
4825 4778 48
5695 4845 50
5695 7010 4
5695 2951 13
6113 498 15
6113 8054 82
363 8402 58
363 4121 48
363 8728 56
363 1305 33
363 2957 40
8402 6487 42
8402 1722 92
8402 132 45
8208 3918 23
8208 7000 67
8208 9818 27
8208 586 50
870 7644 71
870 989 35
870 526 2
870 2238 88
7644 6531 68
7644 1641 48
7644 3515 79
7644 6617 38
5336 5618 4
5336 3394 67
5336 7942 57
5336 5967 33
5618 6486 68
5618 7573 26
5618 5202 17
5618 6496 78
2939 7824 72
2939 3548 96
2939 4577 18
2939 3347 55
7824 9490 22
7824 106 10
7824 9618 38
9341 7828 43
9341 8910 65
9341 9221 93
9341 4436 24
5041 7198 75
5041 7426 97
5041 3314 2
5041 9482 94
7198 6836 92
7198 1498 21
7198 7235 82
7198 6855 67
884 8388 14
884 5011 77
884 4568 78
9210 1467 80
9210 6275 55
9210 6265 74
3352 3889 41
3352 7740 60
3352 4577 51
3352 2296 4
9766 8339 76
9766 8317 53
9766 7680 17
5526 7620 52
5526 4103 90
5526 2639 54
5526 1189 34
5526 4451 96
7620 7740 91
7620 3535 91
7620 1028 58
7620 8173 38
756 1323 3
756 9241 11
756 3130 46
756 1960 42
7101 3536 62
7101 7717 31
7101 2633 22
7101 1751 35
9893 7996 22
9893 9405 16
9893 7476 4
9893 7349 33
6296 8935 53
6296 9427 55
6296 7504 21
6296 333 29
6296 3354 59
8935 3304 31
8935 3008 53
8935 1419 77
8935 2099 84
3713 6063 59
3713 3828 2
3713 3624 50
3713 3358 3
6063 3108 68
6063 7340 2
645 7310 4
645 8178 40
645 8814 18
645 711 46
7310 3879 65
7310 7588 79
7310 8873 18
3498 9152 33
3498 9523 52
3498 1253 59
736 4395 96
736 4193 72
736 8809 36
736 7594 60
4395 8321 51
4395 6658 39
4395 8107 91
209 7130 43
209 3284 83
209 8965 7
209 8502 8
209 6227 34
7130 9240 90
7130 3105 97
6233 852 77
6233 7753 59
6233 7193 18
6449 7837 82
6449 973 44
6449 9657 95
7837 6657 94
7837 606 66
7837 7389 45
2771 8374 53
2771 3562 98
2771 4074 69
2771 6800 40
8374 803 18
8374 633 62
8374 3136 1
2726 6911 22
2726 9055 33
2726 3168 53
2726 7893 88
2726 3124 46
6911 3331 42
6911 7787 80
6911 8133 29
6911 4960 50
5816 6389 53
5816 8553 58
5816 5671 51
5816 7327 18
6389 3227 4
6389 3943 75
6389 1842 10
1946 3538 11
1946 6621 73
1946 104 17
1946 1463 78
3538 9009 8
3538 9064 40
3538 7906 89
3781 9176 22
3781 8806 83
3781 147 60
3781 7458 99
9176 5127 17
9176 782 52
9176 329 45
5541 7847 63
5541 9083 66
5541 3413 3
5541 1779 92
7847 2215 65
7847 8990 73
488 4451 11
488 6842 52
488 1670 48
488 935 44
488 1696 24
4451 7078 10
4451 5973 42
4874 8323 40
4874 3819 69
4874 9349 90
4874 8298 37
8323 6407 40
8323 8480 69
8323 7183 36
3308 6485 43
3308 3388 28
3308 7609 10
3308 2510 99
6485 310 90
6485 8780 36
6485 329 13
6485 235 93
5964 9643 66
5964 1070 84
9643 9519 88
9643 8542 59
9643 3104 67
9643 4640 7
9702 4902 59
9702 7799 73
9702 239 49
1025 6726 38
1025 3539 42
1025 8614 85
1025 9749 59
1025 2691 71
6726 784 70
6726 5366 26
6726 4167 83
6726 1090 14
4309 9453 55
4309 2832 7
4309 3901 45
4309 8448 87
9453 5913 78
9453 4300 70
9453 7745 49
9453 4917 14
1026 5133 88
1026 9652 10
1026 9181 72
7123 7535 67
7123 6606 8
7123 5947 48
7123 1861 15
7123 5051 44
4629 9808 94
4629 207 88
4629 4359 75
4629 9412 21
9808 8375 22
9808 5111 16
9808 4528 63
9808 7225 56
2308 8626 20
2308 3016 59
2308 9168 31
2308 8772 67
8626 9651 76
8626 8587 34
8626 599 92
271 787 74
271 5333 50
271 8038 14
271 3834 81
271 1932 41
787 1734 50
553 1439 27
553 2786 43
553 3886 71
553 6143 17
1439 3497 64
1439 9218 14
1439 7939 76
1590 6131 18
1590 8995 70
1590 841 14
6131 6231 60
6131 1878 42
6131 459 27
6131 4851 38
2230 1600 27
2230 1099 77
2230 2298 8
2230 9418 40
6541 7560 29
6541 6511 53
6541 4714 82
6541 1139 93
7560 559 25
7560 2744 11
7560 8671 30
1326 5003 73
1326 9315 96
3816 4982 42
3816 2236 65
3816 4463 75
3816 9875 23
4982 2783 2
4982 2204 27
4982 9069 2
1742 6121 26
1742 423 14
1742 9032 77
6121 5533 78
6121 2967 67
6121 9516 21
6121 7029 66
4828 8832 94
4828 3760 93
4828 164 26
4828 3757 22
2063 6701 64
2063 3756 67
2063 9941 8
6701 9933 72
6701 6102 83
6701 3336 70
7958 8377 75
7958 8841 47
7958 8225 84
7958 8742 13
2904 9037 70
2904 5371 83
2904 1652 31
2904 3916 74
2904 21 25
9037 5750 54
9037 6014 57
9037 2231 19
388 3415 24
388 9254 95
388 6920 29
388 3293 99
3415 7252 80
3681 5696 63
3681 8357 5
3681 7358 97
3681 6143 80
5696 1968 77
5696 9073 40
5696 1878 48
5696 1732 18
6178 1309 20
6178 7562 18
6178 4530 21
9501 3615 72
9501 9163 98
9501 8993 96
4241 4572 11
4241 9013 63
4241 1347 65
4241 574 100
4241 3414 34
4572 9199 98
4572 6614 81
5359 9710 39
5359 9617 18
5359 2144 6
5359 4412 60
903 1794 100
903 4618 63
903 3192 3
1794 3203 4
1794 274 80
8449 1365 43
8449 8989 63
8449 9782 35
8449 5710 29
5809 1644 28
5809 8293 31
5809 5786 57
2978 8536 83
2978 1071 55
7820 2940 1
7820 8765 31
7820 9095 15
7820 5163 87
7153 8824 73
7153 2326 87
7153 7529 44
7153 4429 94
7153 9962 84
8824 6431 58
8824 3205 14
8824 182 66
6686 7668 32
6686 4571 79
6686 3469 52
6686 1972 94
7668 6483 92
7668 4685 2
7668 4359 70
7668 6488 19
5208 7929 13
5208 6028 84
7929 5601 35
7929 4812 93
8055 8403 98
8055 7181 85
8055 6932 86
8403 3527 55
8403 1614 90
8403 4060 43
8403 3408 36
4011 4645 38
4011 8569 9
4011 7260 15
4011 2225 21
4645 5077 59
4645 5391 2
4645 999 94
1015 1604 86
1015 6693 40
1015 7876 25
1015 3855 49
1015 6511 37
1604 4330 85
1604 3847 40
1604 2038 98
5383 7103 14
5383 8238 26
5383 7104 3
9398 1774 82
9398 2430 18
9398 4095 77
3878 8438 17
3878 8101 42
3878 3357 59
3878 7608 98
8438 9874 19
8438 9683 38
8438 4998 23
8852 9097 52
8852 4217 3
8852 2418 30
8852 3058 10
8852 3860 18
9097 1155 44
9097 9010 95
9097 1130 59
9097 6388 98
5889 6196 92
5889 3767 36
5889 6780 80
5889 3471 86
6196 1743 47
6196 7721 94
6196 6298 28
6196 7400 76
4471 7262 97
4471 4502 10
4471 190 88
4471 8000 80
7262 3466 100
7262 1287 43
7262 9472 44
7262 7251 26
3049 6112 79
3049 3653 80
3049 4910 30
3049 5912 90
6112 743 23
6112 3709 73
6112 2236 75
2381 7144 77
2381 198 42
2381 3152 99
2381 5327 35
2381 5720 4
7144 6602 13
7144 1818 2
7144 5963 66
7144 4433 61
4946 5236 12
4946 1030 33
4946 9128 28
6182 7933 78
6182 2203 49
6182 5370 81
6182 3578 45
9303 9908 2
9303 9457 3
9303 1644 93
9303 9728 96
9908 2407 96
9908 6921 28
9908 2511 82
671 3083 18
671 6072 99
671 2490 26
671 3447 75
3083 1003 82
3083 3156 31
3083 6166 42
3083 6601 96
9075 7622 55
9075 2385 51
9075 3600 24
9075 7378 33
9492 7510 74
9492 9140 12
9492 7886 47
9492 7165 96
6867 9153 13
6867 9780 65
6867 7231 43
9153 4656 2
9153 3579 5
9153 1642 17
360 8166 37
360 2657 97
360 4963 4
360 6696 73
44 5028 18
44 1198 6
44 7415 15
44 2953 60
44 5775 54
5028 7453 89
5028 7963 11
5028 7427 22
1830 2668 6
1830 3988 35
1830 6937 98
2668 2325 64
2668 8913 16
2668 6299 3
2668 612 41
5858 8522 5
5858 952 72
5858 977 77
5858 4868 49
8522 9012 35
8522 1670 92
8522 6881 84
8522 2673 40
3862 5410 90
3862 5854 21
3862 1247 48
5410 1250 47
5410 4217 46
5410 48 67
5410 3958 70
6295 8525 91
6295 3058 98
6295 302 96
1121 4842 68
1121 7327 21
1121 8698 40
1121 2965 53
1584 2576 89
1584 6383 19
1584 8527 26
522 9457 81
522 8388 32
522 8768 84
522 6642 26
752 8683 15
752 5090 92
752 1927 30
752 2700 92
8683 9125 5
8683 4688 9
8683 2858 22
8683 249 82
260 307 65
260 4631 6
260 8381 49
260 1701 2
307 2492 86
307 5580 46
1184 2678 85
1184 1514 83
1184 9911 51
2678 3829 86
2678 3985 10
2678 3551 68
2678 6150 89
1658 6371 26
1658 7804 16
1658 8292 90
1658 4873 54
1935 7915 2
1935 4050 93
1935 7124 59
1935 6044 61
7915 3709 1
7915 7811 33
7915 9305 83
450 7005 49
450 7108 29
450 9316 45
7005 1713 44
7005 3222 41
7005 8410 25
7005 9977 14
1847 4311 98
1847 5040 45
1847 4052 67
1847 7046 19
4311 6958 94
4311 5668 95
4311 9828 18
2884 9003 8
2884 8758 77
2884 7075 45
9003 4393 45
9003 3639 34
3991 9738 37
3991 3359 13
9738 2548 10
9738 6165 49
9738 8393 51
1861 3428 84
1861 374 76
7998 5820 82
7998 8861 43
7998 1313 12
5492 9218 74
5492 2103 30
5492 801 84
5492 2436 46
2647 5276 93
2647 4098 10
2647 1878 41
2647 7691 66
5276 1857 5
5276 2956 46
5276 4743 76
5276 6607 37
2636 6807 45
2636 1573 99
2636 3910 12
6807 1947 2
6807 1650 95
6807 720 21
6807 6732 38
8706 8182 31
8706 1499 73
9519 7585 60
9519 2795 64
9519 4644 14
1988 2607 83
1988 1454 56
1988 4916 3
1988 2586 2
2607 5029 27
2607 4415 74
2607 3858 2
2607 7389 34
2841 2005 51
2841 3420 78
2841 9812 66
5821 951 47
5821 3118 97
5821 2541 4
788 9228 95
788 2952 17
788 6613 78
9228 5629 79
9228 7719 66
9228 259 60
9228 8059 62
4671 1594 26
4671 5478 4
6010 1536 40
6010 2260 28
6010 9979 37
6010 9028 13
997 9752 62
997 6183 10
997 3074 53
997 5591 71
997 803 44
9752 8928 66
9752 7235 11
9752 7048 27
9752 6070 3
563 7016 15
563 315 41
563 7839 68
563 4099 65
563 4705 29
7016 2164 65
7016 5634 88
2106 4898 75
2106 9046 74
2106 3533 52
2106 6758 75
2106 6368 28
4898 6950 81
4898 4516 19
6842 1802 97
6842 3087 2
4511 5027 40
4511 2793 80
4511 3347 67
4511 79 28
4511 3524 50
5027 4789 36
5027 7921 7
5027 2642 92
5168 9498 3
5168 7788 64
5168 1676 33
5168 2768 13
5168 8822 57
9498 2290 100
9498 3598 44
9498 8966 23
2456 6216 90
2456 7359 62
2456 2925 55
2456 5817 33
6216 6638 7
6216 8701 100
6216 8331 67
2476 9312 17
2476 2945 75
2476 7918 85
2476 3409 41
2476 557 16
9312 6260 71
9312 4042 5
9312 2762 40
7161 7630 73
7161 8000 78
7161 2122 45
7161 1602 90
5602 4817 80
5602 2391 85
6412 8252 53
6412 6536 85
6412 7480 24
6412 6530 8
8252 4735 32
8252 2633 57
8252 8806 11
3374 4831 67
3374 8800 67
3374 5661 14
3374 2888 65
1646 7515 30
1646 3650 9
1646 2622 59
7515 4023 44
7515 8333 22
7515 2627 30
7515 4218 55
9759 9988 77
9759 2752 94
9759 9611 69
9759 2638 86
9759 144 72
9988 5333 14
9988 5673 70
9988 7956 19
1982 1987 14
1982 3313 79
1982 5013 93
1982 1605 13
1982 2444 25
1987 5722 58
1987 4324 46
1987 3589 44
1987 683 15
9083 3794 61
9083 5063 6
9083 6518 39
4000 6551 40
4000 6190 75
4000 8850 41
4000 4745 71
4000 5335 95
6551 3694 12
6551 1096 76
6551 6926 93
1977 1993 95
1977 8442 86
1977 5718 89
1977 862 9
1977 1493 40
1993 6123 86
1993 5371 76
1993 3640 58
1993 3467 86
7828 7190 84
7828 5190 23
7828 5399 76
7828 1059 22
8912 7093 51
8912 5569 86
8912 9542 41
1426 1890 12
1426 5509 53
1426 9179 59
1426 2540 72
1890 332 18
1890 4519 12
1890 5068 67
1890 3483 35
2637 7701 86
2637 2539 8
2637 2275 24
2637 1730 90
2637 9628 70
7701 7444 37
7701 8006 79
7701 4986 70
7701 5658 66
785 7721 21
785 6018 70
785 9031 55
785 8759 17
785 1453 11
7721 7349 54
7721 3417 96
1060 3230 27
1060 9814 95
1060 8348 7
1060 719 4
1060 2754 32
3230 136 62
3230 3100 73
3230 2415 35
958 9369 69
958 3121 3
958 5680 87
958 170 25
9369 4835 9
9369 1949 22
9369 1718 75
9905 9656 16
9905 2451 95
9905 1792 90
4960 3577 39
4960 4938 37
4960 9725 91
6313 6687 76
6313 629 70
6313 6718 71
6313 2040 29
6313 7044 92
6687 7296 91
6687 3 77
6687 1899 80
6687 328 47
341 5236 99
341 6070 9
341 7386 93
341 1596 25
341 4666 39
5236 1957 88
5236 5820 95
5236 8829 56
7085 7107 28
7085 3303 59
7085 6878 1
734 2023 85
734 6322 55
734 5245 74
734 1831 67
6054 2310 46
6054 9070 83
6054 2940 29
1527 7018 34
1527 2857 12
1527 9261 75
1527 6115 65
7018 5878 5
7018 5750 89
1267 2202 17
1267 2780 43
1267 6371 63
1361 2631 30
1361 9837 8
1361 4584 48
3504 9710 18
3504 6844 8
3504 769 41
3504 173 54
8087 9578 82
8087 4196 67
8087 4235 50
8087 2240 1
9578 3570 73
9578 5349 1
9578 7103 22
5262 3360 45
5262 1989 54
2271 5152 29
2271 4524 15
991 4190 93
991 8708 100
991 5124 21
991 9316 61
991 3762 27
4190 4192 9
4190 7763 13
4190 9378 23
4190 4142 32
2620 6542 62
2620 7035 81
2620 365 45
2620 8005 64
6542 5919 42
6542 426 36
6542 1756 38
5703 8047 18
5703 2167 50
5703 5091 73
5703 8941 39
8047 8768 41
8047 2952 43
8047 6248 48
1969 2825 20
1969 6555 56
1969 2406 97
2825 7156 57
2825 8776 15
2825 3637 54
2825 816 70
7414 6242 51
7414 7559 75
7414 2247 75
7414 2139 72
528 6302 10
528 339 90
528 3674 60
528 1329 95
521 5180 51
521 7580 84
521 8646 13
521 3500 60
5180 4554 3
5180 3672 80
5180 8343 73
5180 963 55
1894 8951 21
1894 1515 79
1894 5697 90
1894 2229 63
6632 7729 90
6632 4820 73
6632 369 28
6632 5549 27
6632 9859 17
7729 6384 2
7729 7749 65
7729 7177 37
7729 7137 10
4488 8650 32
4488 2894 49
4488 698 66
2399 1968 37
2399 1958 32
2399 7664 48
2399 1049 87
9455 8817 28
9455 4819 90
9455 5856 96
9455 9796 38
550 633 80
550 4168 74
633 7841 98
633 3963 69
2651 9926 90
2651 8239 27
2651 6934 96
359 7454 89
359 523 4
359 8526 74
359 1265 9
359 1940 35
7454 6004 88
7454 17 15
1348 7968 1
1348 1662 17
1348 2391 40
7968 2459 3
7968 5956 63
5127 3597 31
5127 9220 19
5127 2466 48
2890 8631 72
2890 4614 23
2890 4287 84
2890 885 63
8631 2787 76
8631 2832 52
8631 8429 94
2238 7946 53
2238 2587 24
2238 3259 79
7057 7504 16
7057 3956 97
7057 7466 49
7504 4816 59
7504 6269 48
344 6018 51
344 4429 38
344 556 26
6018 582 86
6018 3120 8
4122 5870 80
4122 594 12
4122 4477 84
5870 7004 44
5870 5457 33
5870 9018 41
7790 8028 61
7790 1652 100
7790 8444 78
7790 7125 16
7790 5215 81
8028 3213 17
8028 5598 77
8028 1496 34
8028 3890 36
861 7476 76
861 7648 13
861 4274 28
861 9568 88
7476 368 61
7476 2814 4
5752 4166 35
5752 7528 90
5752 7667 26
5752 7675 69
2522 8585 53
2522 8106 33
2522 8970 25
2522 9072 57
8585 2899 42
8585 1191 88
9223 9687 15
9223 4829 21
9223 4990 64
9223 9861 23
9223 7248 81
9687 8144 62
9687 6145 2
9687 7267 62
9687 2720 9
8862 6869 74
8862 7010 17
6688 7987 14
6688 6338 20
6688 5851 89
7987 1930 82
7987 3014 60
7987 1618 84
7987 2966 30
3259 5845 53
3259 7081 21
3259 1241 78
3259 3632 51
5845 5904 4
5845 5965 79
5845 5244 44
4140 994 51
4140 3247 32
4140 3153 69
9820 9536 27
9820 6787 49
9820 6366 79
9820 2763 91
4730 7796 22
4730 7634 48
4730 6817 52
4730 5562 31
7796 3727 16
7796 5496 1
7796 930 30
7796 6420 18
6190 3243 23
2704 5973 45
2704 4928 96
2704 6815 6
5973 9503 52
3340 2701 69
3340 3745 11
3340 475 73
3340 6634 99
2325 9360 36
2325 8947 100
2325 5508 65
9360 8223 65
9360 4839 16
9360 2932 4
9360 4094 48
842 2107 100
842 4071 95
842 417 73
842 9542 76
842 968 60
2107 6538 77
2107 1891 1
2107 2459 24
3854 7344 6
3854 4096 4
3854 7049 90
7344 1389 81
7344 2975 43
1019 9324 40
1019 3734 37
1019 8582 98
9324 1293 74
9324 9165 38
9324 8534 30
9324 438 80
2051 7256 25
2051 6948 22
2051 6156 87
2051 5966 52
7256 3799 48
7256 3830 73
1444 8564 96
1444 3226 11
1444 1893 18
1444 3471 78
8564 3814 30
8564 4277 55
8564 8730 64
8564 6095 95
4399 7817 79
4399 4610 51
4399 3467 88
4399 5241 52
4399 3707 82
7817 6596 91
7817 1490 73
7817 9731 39
9457 2664 84
9457 2586 73
9457 7149 4
1418 1866 85
1418 4107 76
1418 9637 38
1418 9747 54
1418 1583 67
1866 2655 88
1866 541 60
1866 2551 54
6801 6894 82
6801 4033 28
6801 3064 77
6801 4614 46
6801 1066 68
6894 5962 42
6894 8618 80
6894 4889 67
6894 4044 39
3444 7072 58
3444 798 76
3444 1502 79
3444 1765 55
7072 6798 51
7072 2673 46
7072 6616 11
7072 813 24
6590 9875 73
6590 7464 93
3855 8858 1
3855 3377 30
3855 5808 89
3855 8333 59
8858 5775 13
8858 3480 79
8858 2943 41
8412 4958 49
8412 8962 92
8412 5241 28
8412 1653 12
9720 8695 95
9720 934 5
9720 7593 88
9720 1374 54
3560 8186 54
3560 3853 78
3560 792 62
8186 2714 85
8186 637 84
8186 1682 33
8186 3115 62
2857 6723 8
2857 9101 77
2857 6267 72
6723 8818 13
6723 2194 54
6723 7702 27
6723 1921 81
6123 8312 60
6123 6072 46
6123 2866 76
6123 0 26
2084 8493 50
2084 1802 70
2084 3172 43
2084 1255 11
2084 9688 12
8493 6917 15
8493 8108 67
8493 8925 87
4449 5657 22
4449 1891 80
4449 99 86
4449 7122 67
19 9186 64
19 8558 64
19 5468 26
9186 5851 18
9186 5468 68
9186 5575 32
7505 8088 98
7505 4201 30
1003 6700 96
2455 3710 41
2455 3674 56
2455 2083 70
2455 2760 1
2455 5893 19
3710 6051 58
994 5462 80
994 6155 15
994 6599 58
7928 5542 65
5672 7100 3
5672 7495 13
5672 1470 37
5672 857 7
7100 6813 19
7100 1203 46
7100 3528 58
7100 7784 92
8479 6238 19
8479 8635 78
8479 2831 11
8479 9222 5
1427 7590 19
1427 894 7
1427 1007 91
1427 6865 92
7590 7233 67
7590 3820 85
7321 8659 17
7321 7311 13
7321 9818 52
7321 3856 74
1649 9854 96
1649 4520 60
1649 7727 73
9854 5467 14
9854 4545 58
5317 5596 39
5317 1903 80
5317 9973 31
5317 3295 91
5317 4060 65
5596 3122 30
5596 8160 74
5596 6014 21
2410 6863 16
2410 7316 65
416 7667 65
416 8379 58
416 1158 84
416 5867 69
416 3730 17
7667 5892 10
7667 7265 66
8168 9754 17
8168 1731 6
2337 2323 34
2337 3958 75
2337 3641 90
2337 5743 9
1076 3597 89
1076 1304 47
1076 2533 40
1076 5103 28
4975 6017 97
4975 943 36
4975 221 22
4975 6617 71
6017 6757 53
362 5337 82
362 4313 68
362 5668 100
362 627 67
5337 3846 22
5337 6275 100
5337 596 24
1002 1533 63
1002 336 6
1002 971 73
1002 483 88
1002 1783 45
1533 8712 95
1533 3346 93
1533 7669 86
1533 7678 72
2705 3834 68
2705 4188 28
2705 7848 13
2705 6618 29
3834 2795 72
3834 312 84
8428 1146 56
8428 7860 86
8428 6594 92
8428 8175 35
135 3079 100
135 4661 68
135 3548 46
135 9140 26
3079 3718 88
3079 8435 14
3079 7896 79
3079 182 3
5057 9964 69
5057 1553 75
5057 4819 60
5057 7885 6
5057 2286 43
9964 387 90
9964 5034 88
9964 4966 21
2077 7648 16
2077 2270 31
2077 121 57
2077 5354 19
7648 2119 86
7648 196 31
7648 5751 34
7763 9267 6
7763 8696 42
7763 1641 29
7763 3468 78
9267 1301 83
9267 5303 38
9267 2761 75
540 1852 75
540 2495 4
540 1800 77
540 448 45
540 9266 61
1852 9019 9
1852 4083 77
1852 1482 30
5923 7634 11
5923 2641 69
5923 7724 34
5923 6908 90
5923 1010 74
7634 4272 29
7634 8002 68
1136 9053 100
1136 6730 38
1136 703 24
1136 6710 74
9053 3151 97
9053 3682 85
9053 2900 1
9053 930 20
7679 8815 69
7679 8413 45
7679 1332 93
7679 4528 91
7679 6986 28
8815 1484 35
8815 7411 71
8815 7067 21
8815 2820 28
5643 8354 60
5643 6728 57
5643 4440 13
5643 399 23
4545 6720 12
4545 8567 67
4545 8393 33
4641 7883 99
4641 4851 69
4641 7862 50
1146 1383 63
1146 4263 55
1146 2519 4
1824 7360 6
1824 759 9
1824 9349 96
1824 3593 83
7360 6223 100
7360 4036 59
7360 7102 28
7360 8976 2
7326 8138 52
7326 4978 88
7326 9287 35
7326 1387 36
7326 2883 55
8138 6402 3
8138 9885 12
8138 1911 47
8138 5807 4
2692 2467 53
2692 6604 53
2692 6881 6
3808 1401 55
3808 7969 31
3808 349 49
3155 8742 15
3155 4087 25
3155 9357 63
3155 6418 39
3155 1223 9
8742 6700 81
8742 1215 66
428 749 10
428 3328 82
428 2104 98
428 4407 25
8521 8693 36
8521 1978 12
8521 1017 17
8521 9823 37
8693 1481 63
8693 2154 89
8693 8586 97
7037 6977 16
7037 7853 77
7037 7916 6
7037 2859 50
3646 8198 82
3646 5239 81
3646 2577 93
3646 9734 17
8198 8197 95
8198 9072 54
8198 5653 5
8198 2383 50
9480 8881 98
9480 8728 29
9480 5108 72
3146 2461 65
3146 1271 56
3146 6549 10
2128 9060 51
2128 2844 39
2128 6513 2
2128 1595 28
9060 6254 100
9060 7875 30
9060 8462 84
1580 2664 39
1580 1458 31
1580 2470 30
1580 5735 46
5019 7362 86
5019 6505 28
5019 9689 29
5019 1314 93
7362 1158 88
7362 4271 20
7362 6137 13
7362 859 66
1265 1488 92
1265 5171 62
1265 2093 54
1488 7579 16
1488 4774 28
1488 3396 49
1488 7041 60
4003 9374 30
4003 7366 96
4003 2609 15
4003 5701 74
4003 3944 64
9374 9336 17
9374 3183 74
9374 4927 77
9374 4436 19
2123 9066 1
2123 2260 5
2123 6275 8
2123 1889 22
9066 245 58
9066 739 55
9066 753 56
9066 5906 67
688 3547 56
688 5227 4
688 1324 71
688 5342 35
688 1411 13
3547 908 90
3547 7521 7
1538 3717 25
1538 8759 82
1538 7716 80
1538 7163 40
1538 4074 94
3717 3480 55
3717 7478 41
3717 3205 47
3717 9711 4
3629 3656 63
3629 4376 73
3629 328 13
3629 8986 21
3656 8279 52
3656 5689 60
3656 1501 75
5708 6244 48
5708 8656 4
5708 5891 93
5708 1668 91
6244 8355 79
6244 5706 88
6244 4327 40
6244 2232 17
448 2747 64
448 545 38
448 4941 70
2747 701 62
2747 9648 80
2747 2681 11
9946 5474 55
9946 121 22
8497 3050 91
8497 6971 34
8497 7155 94
8497 4033 76
2477 5780 6
2477 304 45
2477 6095 71
2477 471 80
2477 2283 72
5780 9843 59
5780 7274 30
5780 2933 80
5780 5253 84
9694 2240 28
9694 3828 2
9694 7684 51
9694 5662 88
5993 9796 98
5993 9227 84
5993 1641 59
5993 8301 95
5993 9466 21
9796 2154 72
9796 349 31
9796 4686 92
583 878 19
583 6229 97
583 322 72
583 4181 88
583 7939 30
878 2755 19
878 5656 33
878 1285 72
878 88 28
2638 5324 26
2638 5508 21
2638 6140 57
5324 3980 16
5324 8134 75
5324 3494 35
1642 4016 59
1642 7522 87
1642 8788 9
1642 3039 64
4016 6109 45
4016 9822 23
4016 4726 39
243 2880 35
243 9676 57
243 9518 47
243 5896 62
243 7653 43
2880 2366 61
2880 4321 48
2880 9440 35
2880 5428 62
3133 6434 37
3133 7687 26
3133 1756 35
3133 3208 24
6434 4133 36
6434 3598 70
6434 3537 9
7289 1617 82
1786 6397 42
1786 5629 44
1786 6289 57
1786 4899 85
1786 873 16
6397 8334 45
6397 9237 13
6397 9959 76
2407 8959 67
2407 3207 69
2407 909 99
8959 555 47
8959 4787 93
8959 4067 22
576 9856 73
576 8490 6
576 619 90
576 579 97
9856 871 39
9856 9872 54
196 3973 71
196 8010 6
196 3383 77
3973 3200 85
3973 7879 60
3973 2494 31
3088 5910 60
3088 4370 25
3088 6143 1
3088 9376 17
3088 3285 16
5910 2546 27
5910 2229 72
5910 199 4
5910 8149 26
3313 8867 60
7196 7586 87
7196 6947 76
7196 5265 66
7196 3124 57
7586 2555 36
7586 4508 21
7586 9506 69
7586 7467 52
625 9748 40
9748 2583 58
9748 6013 12
9748 5820 4
9748 1378 76
5624 7431 16
5624 7899 28
5624 4180 47
5624 1608 74
7431 7092 56
7431 5911 52
7431 9863 70
7431 1086 75
4296 7780 2
4296 9103 51
4296 623 8
4296 6379 44
3089 5731 65
3089 4330 72
3089 4359 68
3089 6425 40
5731 3589 81
5731 6711 47
5731 3036 99
589 7058 40
589 9048 26
589 2722 61
589 9655 28
7058 5368 27
7058 2728 78
7058 498 73
7058 8652 6
642 6130 53
642 3375 17
642 6621 21
642 6040 39
6130 3832 88
6130 4258 22
6130 8361 13
1628 2963 8
1628 5220 88
1628 8426 54
1628 8012 40
2963 4019 51
2963 1289 6
2963 5912 60
2963 1023 83
4085 5726 22
4085 6696 32
4085 2256 76
5726 7997 86
5726 1828 90
5726 4402 5
6375 7595 26
6375 6556 5
6375 4464 38
6375 692 45
7595 3624 12
7595 5713 81
7595 3561 89
6075 7303 69
6075 9108 100
6075 607 83
6075 5702 80
6075 1591 47
7303 184 60
7303 99 12
7303 3552 36
5562 9936 18
5562 2540 52
5562 6506 97
5562 261 28
9936 7271 24
9936 132 24
530 7923 29
530 6073 85
530 3912 89
7081 4576 55
7081 8714 94
7081 6041 68
7081 3179 39
7420 393 22
7420 646 99
2061 4208 60
2061 9629 84
2061 2300 12
6612 7134 79
6612 6437 63
6612 8209 51
6612 79 78
6612 8945 55
7134 1516 52
7134 9401 80
7134 3651 16
3229 9309 85
3229 4911 26
3229 3135 49
3229 7775 26
9309 8272 59
9309 562 63
9309 6011 35
1570 7280 39
1570 808 72
1570 9103 78
1570 9300 83
7280 1747 1
7280 1865 25
7280 3514 93
1052 9569 29
1052 3796 93
1052 3341 81
1052 4099 92
1052 3323 72
9569 6859 85
9569 238 12
9569 9528 22
9569 6284 26
4121 8924 71
4121 6149 26
4121 3084 53
4121 8687 49
8924 1813 68
8924 3938 15
8924 7375 98
4195 8873 97
4195 6520 16
4195 83 53
4195 9942 92
8873 2958 31
8873 2228 52
3176 9648 65
3176 6819 21
3176 1530 86
9648 3221 24
9648 2235 4
6985 8813 52
6985 8041 13
6985 7259 6
6985 9601 21
6985 7963 32
8813 747 50
8813 4779 61
8813 7506 82
3651 6908 4
3651 7160 68
3651 7939 71
3651 6566 37
6908 7665 39
6908 1994 95
3811 8883 32
3811 8738 25
3811 1187 16
3811 6979 23
3811 2794 61
8883 5674 40
8883 5727 4
2863 5926 67
2863 6622 45
2863 1492 72
2863 7540 4
5926 1994 84
5926 6099 90
5926 3112 49
5926 4801 65
4314 5989 2
4314 2462 30
4314 3963 50
4314 1692 70
5884 9182 71
5884 8163 5
5884 216 16
5884 3389 60
9182 3101 96
9182 4517 7
9182 493 99
4801 9972 83
4801 5097 17
4801 5256 55
4801 3014 67
9972 2740 69
9972 6023 72
9972 5338 41
9972 4619 87
4164 9565 6
4164 9248 6
82 5109 37
82 6573 78
82 3780 100
82 4685 59
82 953 84
5109 7955 98
5109 6756 88
5109 6940 15
4302 876 74
4302 1229 53
4302 6468 8
4302 5074 64
5745 6744 34
5745 4548 71
5745 9050 22
5745 369 9
5745 7577 2
6744 9975 20
6744 9192 70
6744 6297 75
6767 9256 9
6767 5517 17
6767 8880 73
904 6614 74
904 7070 73
904 768 9
904 6576 100
904 8703 46
6614 4702 9
6614 2143 23
6614 8156 66
1337 9125 89
1337 8691 49
1337 9168 85
9125 210 100
9125 9362 26
6545 7736 58
6545 718 97
6545 6835 28
6545 1931 63
7736 3569 13
7736 759 29
7736 4034 13
7736 7726 50
5989 6323 25
5989 8889 4
5989 6932 5
5989 5239 5
6323 4998 7
6323 6422 6
6323 7890 62
6323 2631 1
7766 9512 40
7766 7474 78
7766 2355 99
7766 4740 32
7766 8819 81
9512 310 61
9512 9517 46
6952 9938 57
6952 123 37
6952 4492 90
6952 3483 9
9938 3810 7
9938 115 40
9938 3655 37
3466 4654 75
3466 719 95
3466 6700 85
3466 8721 47
8562 2787 64
8562 1182 19
8562 2762 79
2318 272 97
2318 2303 51
2318 1196 89
7605 6402 15
7605 1723 95
7605 6042 42
5495 8043 66
5495 1964 58
5495 4376 9
5495 5315 47
5495 5066 74
8043 1453 9
8043 6755 45
8043 2161 13
8043 1096 72
7561 6200 21
7561 2753 59
8623 1177 14
8623 5427 11
8623 3302 57
1657 4915 16
1657 7632 47
1657 6881 21
1657 5622 25
1657 6525 1
4915 5376 77
4915 6654 67
4915 7627 51
4915 1497 21
8160 2518 14
8160 7916 89
2313 9915 9
2313 6512 44
2313 4535 49
9915 2514 75
9915 119 90
9915 1434 9
730 1492 81
730 6693 26
1492 166 40
1492 2896 13
1492 7190 7
437 3899 80
437 3237 39
437 7002 26
437 2715 80
437 853 20
3899 6779 29
3899 1696 90
3899 5678 28
3580 9619 57
3580 9587 40
3580 1292 36
3580 7881 31
3580 3767 5
9619 113 53
9619 1723 26
9619 7499 36
2243 7641 2
2243 4889 72
2243 278 33
2243 6089 45
2243 6494 59
7641 7059 88
7641 9115 45
7641 3198 92
2501 4167 62
2501 2972 91
2501 3080 57
1640 5096 2
1640 9488 70
1640 3902 22
5096 4226 59
5096 770 76
1547 9069 60
1547 7700 97
1547 7083 21
1547 1392 15
9069 6157 74
9069 2097 97
9069 3777 33
9948 2130 4
9948 8269 66
9948 2332 12
1823 5742 5
1823 2178 62
1823 8895 54
5742 2830 91
5742 740 57
5742 4069 20
5742 5280 99
6863 8574 88
6863 4674 52
1536 7375 19
1536 2065 20
1536 8739 39
1536 8125 95
7375 5142 88
7375 3467 97
7375 481 98
1161 9769 29
1161 950 48
1161 9477 52
1161 6080 22
5469 9050 43
5469 2303 35
5469 6518 12
5469 8348 21
9050 6799 19
9050 4081 16
9050 155 50
1662 2901 6
225 1333 44
225 9285 58
225 9383 65
1333 5437 81
1333 6870 23
3351 7638 67
3351 9690 57
7638 4437 37
7638 229 67
3448 8510 57
3448 6502 23
3448 1231 100
3448 8991 59
3448 3175 79
8510 7700 40
8510 5831 19
8510 4666 74
8510 1654 13
6020 7059 98
6020 6950 20
6020 1149 60
6020 1659 6
7059 7556 75
7059 8615 79
1790 4639 5
1790 5514 89
1790 6568 20
1790 3084 49
1790 5110 70
4639 2348 97
4639 594 73
1468 4588 42
1468 6300 70
1468 4922 4
1468 901 94
1468 3877 76
4588 1298 15
4588 9382 85
4588 2494 66
5528 3918 50
5528 9537 81
5528 8798 25
5528 1391 53
265 358 45
265 3619 49
265 2388 100
358 7498 59
358 7646 9
358 1215 41
2534 5322 30
2534 1996 77
2534 5814 74
5322 6322 98
5322 7184 50
5322 810 82
6536 8601 55
6536 4390 43
6536 7138 2
6536 6304 82
8207 3017 85
8207 5714 30
8207 1738 24
9342 7054 29
9342 2018 11
3916 7982 10
3916 7003 59
3916 1897 38
3916 144 1
7982 9875 62
7982 6882 49
9661 504 48
9661 4149 29
9661 1166 84
3452 8728 27
3452 1631 85
3452 3187 11
3452 8425 85
9044 9458 68
9044 5580 39
9044 7453 56
9458 9336 29
9458 2233 95
9458 2903 35
3468 4035 74
3468 6798 77
3468 4696 63
4035 7274 31
4035 9088 84
4035 3047 21
4035 7000 81
5723 6849 8
5723 1762 88
5723 8807 67
5723 6873 33
6849 6966 75
6849 4579 52
6849 3661 1
64 6087 93
64 5978 32
64 1681 68
64 6041 65
6087 4144 48
6087 5893 37
6087 4280 74
6242 7793 25
6242 1042 100
5497 7260 48
5497 8835 21
5497 3607 70
5497 6718 30
5497 2800 61
7260 7010 52
7260 7688 3
4446 6053 70
4446 1088 25
4446 7531 11
4446 5474 18
6053 8939 93
6053 2304 59
6053 5444 62
6053 7080 89
430 933 48
430 5605 93
430 8305 2
430 5795 34
430 7934 80
933 7573 61
933 7496 41
933 9594 95
933 7899 64
8555 8447 14
8555 7294 31
8555 5023 55
8555 8480 12
7165 7281 15
7165 7619 36
7165 1717 67
7281 2758 99
7281 5444 68
3822 7357 46
3822 613 63
3822 17 66
3822 8420 8
3822 6035 37
7357 7006 69
7357 636 42
7357 6947 16
4460 5170 21
4460 2369 45
4460 7109 54
5170 8721 78
5170 805 66
7758 7795 29
7758 5479 68
7758 7366 21
7758 4495 89
7795 6709 75
7795 9057 6
7795 5351 88
7795 6720 90
9336 5943 54
9336 4756 54
1246 4902 74
1246 7513 99
1246 7113 74
4902 7823 14
4902 4131 47
4902 7483 41
8425 9012 55
8425 2602 91
8425 1864 50
8425 8519 26
9012 6798 18
9012 6122 84
1617 2467 2
1617 4868 23
1617 5377 99
1617 8337 5
4681 9234 97
4681 9588 57
4681 7455 56
4928 5974 99
4928 8495 29
3378 8814 54
3378 9022 4
3378 6743 4
3378 5983 25
3378 9232 26
8814 8269 73
8814 7562 54
5735 8795 81
5735 3147 80
5735 9225 1
132 3346 5
132 8944 45
3346 2414 34
3346 1910 83
3346 7029 57
1859 3789 4
1859 7519 50
1859 7785 74
1859 963 27
3789 2748 32
3789 2048 97
3789 7623 7
6432 7227 92
6432 6228 99
6432 2391 4
9084 7467 20
9084 4524 91
9084 682 98
9084 8503 21
6206 214 3
6206 1165 68
6206 1879 8
6206 1187 35
1700 8613 56
1700 8752 38
1700 7858 68
1700 8729 16
1700 6169 100
8613 2742 36
8613 6792 33
8613 973 45
4201 7572 75
4201 1131 47
2353 4482 49
2353 423 13
2353 6635 51
2353 1125 70
4482 2288 88
4482 745 15
4482 7046 97
4482 6392 79
30 7391 83
30 8725 24
30 3591 47
30 9817 71
30 9257 4
7391 9087 44
7391 3716 78
7391 1050 4
1901 2860 59
1901 3979 49
1901 8798 9
1901 7753 72
1901 3004 20
2860 5587 94
2860 9308 18
2860 5462 30
2860 1022 81
5591 6275 16
5591 9724 5
5591 7185 89
8447 9134 65
8447 6642 96
8447 3587 94
8447 9868 31
1138 4564 78
1138 1352 28
1138 3436 71
1138 5710 13
1138 1876 1
4564 732 17
4564 9853 10
4564 8846 97
4564 830 64
5418 9730 9
5418 4071 93
5418 4103 30
5418 9063 38
5418 9010 84
9730 6455 66
9730 5790 18
9730 1268 60
1294 8460 55
1294 1841 31
1294 5286 22
1294 1696 51
8460 856 48
8460 1976 86
2600 5463 13
2600 263 77
2600 5344 22
2600 6027 19
5463 4559 21
5463 1359 43
5463 616 84
5463 7761 17
3766 3434 17
3766 5607 27
3766 47 44
10 858 58
10 7738 38
10 2137 35
10 8879 26
10 9477 85
858 4038 10
858 3872 48
9833 7633 33
9833 3305 29
9833 1591 24
9833 5748 46
4408 7184 30
4408 6757 33
4408 8518 29
7184 4978 66
7184 5944 75
2323 7990 93
2323 3835 87
9986 789 47
9986 8125 38
9986 1872 34
9986 9409 44
6456 1733 93
6456 6238 77
6456 8515 64
7687 9567 17
7687 1632 28
7687 2358 48
7687 5394 32
9567 2913 28
9567 5291 95
9567 6679 53
7336 8586 37
7336 4014 37
7336 6905 59
7336 2377 80
7336 8512 82
8586 3305 72
8586 3537 98
8586 1582 72
3341 6787 50
3341 4497 78
6787 8347 3
6787 6332 55
6787 7283 86
5935 6815 66
5935 3019 34
5935 435 69
5935 2974 70
6815 3433 91
6815 2881 26
5000 6401 80
5000 3440 25
5000 3407 38
5000 1001 43
8375 8628 16
8375 3150 28
8375 3213 14
8628 7335 16
8628 7879 18
8628 4624 43
8893 3782 19
8893 5346 3
8893 5073 90
8893 8895 13
1931 4017 39
1931 6438 73
1600 7762 17
1600 5841 11
1600 5886 57
7762 2487 77
7762 7941 37
7762 3847 14
7762 2737 94
208 3825 63
208 5443 30
208 5534 86
208 8150 19
208 1421 11
3825 7999 22
3825 620 54
9877 3281 30
9877 3497 68
9877 9706 31
9877 5938 72
6980 7611 84
6980 6001 75
6980 3888 50
6980 2413 48
6980 4926 15
7611 1719 32
7611 5173 3
7611 5319 27
7611 5023 22
2005 2563 53
2005 6920 28
2005 7193 22
2005 8169 59
2563 2366 65
2563 1410 98
2563 8837 65
2563 6284 48
527 572 30
527 5786 15
527 3184 70
527 5730 57
527 6325 43
572 9977 57
572 5846 27
572 6526 83
572 7124 69
4107 9299 9
4107 343 55
4107 9669 25
4107 914 92
9299 4393 43
9299 9544 58
9299 5970 25
6717 6305 35
6717 5477 98
6717 104 2
790 982 66
790 5342 8
790 6155 22
790 2882 29
790 7637 28
982 7452 95
982 980 48
982 7270 91
982 8691 4
3707 9365 7
3707 3618 48
3707 7250 44
3707 932 2
9365 3769 20
9365 5549 49
9365 8042 36
9365 3266 20
4042 8123 11
4042 2409 74
4042 7714 41
8123 5863 22
8123 9011 71
8123 4271 48
8123 8215 78
2516 5068 79
2516 328 68
2516 8528 61
2454 3328 36
2454 3861 54
2454 9865 48
2454 7105 8
3328 168 70
3328 6317 81
3328 8860 35
6759 9659 15
6759 5927 64
6759 928 22
6759 2027 21
4530 3194 34
4530 952 70
4559 9896 40
4559 5546 41
4559 6446 45
395 7973 57
395 3679 35
395 9157 67
395 5707 28
395 3902 19
7973 6492 34
7973 1680 90
7973 4381 53
7973 7905 86
3545 8256 12
3545 9851 52
3545 4293 22
3545 7459 51
8256 8071 42
8256 7041 16
8256 6786 55
8256 3640 37
1828 3805 1
1828 5741 23
1828 6630 5
1828 9911 69
3805 1021 27
3805 840 31
3805 3363 16
3805 7748 28
1771 3271 54
1771 4406 93
1771 2666 56
1771 4721 37
1771 2302 37
3271 3371 45
3271 1050 11
3271 7776 72
3271 8339 23
188 1264 36
188 4602 59
188 6150 6
1264 6746 89
1264 6649 15
1264 3966 26
1264 5931 51
5621 8853 99
5621 4665 33
5621 7001 28
5621 2283 61
8853 562 46
8853 5325 55
4021 5741 61
4021 8954 86
4021 5124 17
4021 6959 59
4021 2956 75
5741 4907 74
5256 5722 77
5256 8744 17
5256 9273 51
5256 6262 16
5722 7338 44
5722 1371 100
5586 9798 95
5586 2798 94
5586 7725 67
5586 4739 18
5586 8390 43
9798 6166 48
9798 1717 18
9798 7881 51
2255 4781 23
2255 9965 24
2255 4660 72
2255 6735 32
2255 9387 12
4781 7320 2
4781 8036 75
4781 439 56
4781 1817 39
2618 7980 16
2618 3729 42
2618 8634 4
7232 3846 91
7232 4349 100
7232 2435 52
1883 6895 14
1883 2805 20
1883 5909 60
6895 2579 92
6895 8095 26
6895 9926 46
6009 2457 83
6009 73 72
6009 446 74
6009 2233 89
3687 7558 21
3687 5302 70
3687 636 31
3687 2752 44
3687 9806 74
7558 2116 94
7558 4787 18
3666 6681 88
3666 6081 48
3666 3417 55
3666 1558 31
3666 5822 71
6681 8216 43
6681 7342 42
3950 3996 74
3950 6046 62
3950 4072 6
3996 2748 4
3996 8722 36
3996 442 69
5186 7585 42
5186 7036 47
5186 3954 73
5186 8176 95
5186 5060 53
7585 7851 72
7585 173 4
1506 1660 1
1506 9937 19
1506 6445 87
1660 2412 22
1660 2848 91
1660 9187 4
1272 8758 36
1272 7154 97
1272 3984 89
5267 6261 8
5267 1560 65
5267 1458 100
5267 2905 48
5267 4113 99
6261 8921 95
6261 5071 84
6261 7180 89
1595 6613 22
1595 7554 12
1595 5765 62
6613 4039 91
6613 9896 27
3306 7279 23
3306 9890 36
3306 1243 97
7323 369 20
7323 5986 40
7323 8754 79
4581 5152 84
4581 8259 99
4581 9239 17
4581 4791 8
4581 9254 72
5152 856 15
5152 4846 88
3239 6240 79
3239 253 18
3239 6282 42
6240 7684 73
6240 7193 55
6240 8242 72
6240 4578 96
988 5238 81
988 6138 43
988 8139 21
988 1549 66
5238 6031 37
5238 3962 32
7149 7150 99
7149 8330 81
7150 6278 22
7150 2311 34
7150 5810 51
7150 1069 60
700 1573 52
700 2969 36
700 3349 99
700 3540 19
1573 6349 62
1573 8818 3
5216 5494 85
5216 7642 45
5216 156 30
6974 9778 72
6974 7538 19
6974 5849 7
6974 8719 46
9778 3726 97
9778 3819 60
9778 8209 15
9778 7091 39
1826 3304 2
1826 1224 89
1826 5250 41
1826 8865 56
1826 8670 87
3304 6879 77
3304 9136 94
7521 245 91
9543 9749 8
9543 6477 47
9543 3992 24
9543 1279 27
9543 2802 82
9749 7416 25
9749 9490 13
9749 7455 63
6804 7094 37
6804 7718 36
7582 8321 16
7582 7070 98
7582 3126 2
7582 8686 77
8321 8279 16
8321 7245 89
8321 9753 66
2742 1400 17
3793 5836 2
3793 3317 1
3793 7711 47
3793 4322 14
3793 1117 42
5836 6954 55
5836 1582 70
5836 7542 60
5836 7583 63
226 8456 26
226 9225 97
226 3521 21
226 2928 65
226 8891 1
8456 8348 31
8456 6743 51
8456 1923 25
5629 8891 79
5629 3831 63
5629 2555 39
2167 7138 82
2167 5203 95
2167 9009 3
2167 5391 18
7138 4390 42
7138 7350 25
478 4276 22
478 495 76
478 1683 55
6607 9343 7
6607 1776 46
9805 7331 46
9805 4393 72
9805 9011 90
7674 9199 26
7674 5449 9
7674 3114 33
7674 1976 59
9199 8602 40
9199 7160 51
6401 676 42
6401 5437 68
6401 1701 8
6401 3017 30
8627 7466 1
8627 8596 98
8627 2473 96
2727 3166 77
2727 8977 37
2727 9118 12
3166 3516 60
3166 1042 32
3166 5299 11
8783 3944 86
8783 2054 29
8783 9872 7
6975 8748 9
6975 2766 100
6975 8 60
4710 6046 83
4710 8280 69
4710 9032 85
4710 5117 21
4710 6712 4
6046 76 37
6046 3496 54
1069 5711 70
1069 7866 7
1069 1951 32
1069 7831 94
5711 9528 88
5711 9028 18
5711 7589 40
5711 6707 81
2273 1139 80
2273 3564 89
2273 648 45
2312 8027 80
2312 7080 70
2312 6743 13
2312 8314 17
8027 9415 13
6171 8999 99
6171 5939 5
6171 2902 18
6171 1650 34
8999 6873 2
8999 9550 80
8999 5392 81
8999 8162 44
5534 7624 77
5534 9633 24
5534 6382 91
5534 53 55
7624 6601 90
7624 992 70
7624 9041 21
1862 8730 14
1862 3316 95
1862 8944 19
8730 101 30
8730 465 33
8730 9049 19
5461 8839 53
5461 2954 89
5461 8979 96
5461 3478 43
8839 3699 25
8839 4923 9
1740 8740 46
1740 9289 39
1740 8312 16
1740 6320 23
1740 7300 60
8740 5985 92
8740 7967 47
8740 8794 73
902 1225 85
902 4647 40
902 4265 24
902 6433 100
1225 6022 4
1225 3209 58
1225 8377 78
1225 8255 35
5258 9419 56
5258 7834 68
5258 9929 14
5258 921 45
9419 9024 93
9419 2006 58
3040 6672 21
3040 7347 25
3040 7596 9
3040 245 62
6672 96 71
6672 3703 23
6672 8802 49
1159 9926 36
1159 5674 26
1159 1654 79
1159 472 2
9926 8330 23
9926 5550 21
3960 6083 65
3960 7934 26
3960 14 12
3960 49 14
6083 6844 94
6083 2253 22
6083 3924 26
6083 2073 59
1344 6200 83
1344 3147 30
5449 9696 89
5449 177 23
5449 8405 1
511 4228 80
511 3067 60
511 8288 36
511 2348 21
4228 5980 34
4228 4181 91
4228 8075 98
4228 7860 55
4876 6683 41
4876 6008 98
4876 3470 93
4876 1465 75
1582 2040 10
1582 3675 38
9654 7754 37
9654 676 15
9654 4763 69
4198 5093 94
4198 9611 16
4198 6298 91
5093 8158 39
5093 8245 21
5093 2781 3
661 1139 59
661 9337 13
661 2003 66
1139 5806 96
1139 8819 92
6 2376 23
6 8781 8
6 6033 94
6 9014 15
2376 4745 16
2376 2130 65
2376 6157 34
5897 7433 57
5897 3124 17
5897 2664 20
5897 7953 52
5897 1609 89
7433 5693 63
7433 1402 77
7433 1850 56
8795 4602 9
8795 1819 22
8795 3583 20
8795 6921 40
378 5927 44
378 1233 41
378 3690 12
5927 3738 25
5927 4434 86
5927 6154 87
4464 6124 94
4464 7852 14
4464 4012 54
4464 4214 77
6124 2404 48
6124 4069 39
6124 5191 25
6124 2849 39
999 8489 23
999 9034 71
999 654 18
8489 1749 34
8489 3212 43
8489 3270 51
8489 4108 56
8867 1873 31
8867 6084 49
8867 6727 38
3647 7033 75
3647 5482 17
3647 2158 12
3647 9468 55
7033 5538 21
7033 5466 10
7033 8538 25
7033 4109 66
6708 5794 35
6708 8294 31
6708 4087 42
4281 7356 78
4281 2369 56
4281 9041 74
4281 2467 63
7356 1607 36
7356 784 92
7356 2162 49
7356 2641 97
894 8823 93
894 7060 61
8823 1650 4
8823 4676 11
9349 723 40
1332 3572 95
1332 646 12
1332 4025 76
1332 371 7
3572 3719 4
3572 9371 22
3338 3430 48
3338 4094 4
3338 6424 15
3338 3198 96
3430 3989 89
3430 4466 43
9094 7464 18
9094 9179 59
3597 1321 20
5842 9200 19
5842 8498 93
5842 7685 17
5842 7337 74
9200 5932 91
9200 1407 35
9200 9885 54
5611 5025 71
5611 9481 17
772 5800 60
772 5677 78
772 4181 93
772 9235 75
5800 4550 35
5800 1325 92
4168 7694 3
4168 9497 23
7906 6913 18
7906 1243 18
7906 8528 72
1626 3645 64
1626 7386 3
1626 7008 47
1626 7880 57
1626 8243 84
3645 1803 33
3645 9241 68
3645 6875 45
3645 603 14
774 5257 3
774 460 91
774 3526 22
774 3813 46
932 8152 14
932 980 16
932 8299 66
932 3782 100
8152 3672 56
8152 8366 2
8152 2868 94
4805 5612 11
4805 1229 4
4805 6158 43
4805 3728 18
5612 4640 47
5612 7538 27
3843 8826 77
3843 7304 12
3843 8540 63
1028 8614 6
1028 8514 75
1028 3531 69
1028 3482 80
8614 5661 31
8614 754 41
8614 4602 75
2572 1779 89
2572 7681 3
2572 7313 81
2572 8155 3
5011 1732 48
5011 4807 97
8490 3389 12
8490 1190 29
1065 5271 30
1065 5367 1
1065 2228 46
1065 6640 40
1065 5018 82
5271 9881 75
5271 6930 67
5271 5221 75
311 6529 38
311 1833 71
311 6981 22
311 9329 64
6529 3215 77
6529 2052 85
1098 4630 15
1098 1010 10
1098 8583 78
1098 1397 47
4630 3637 73
4630 3931 67
4630 5209 38
4872 777 22
4872 5542 41
4872 1652 41
4872 4245 97
8654 3109 31
8654 9231 34
8654 8351 19
8654 9530 81
1115 1601 54
1115 2065 100
1115 2326 23
1115 3530 63
1115 3068 17
1601 8262 22
1601 7628 65
1601 8694 33
5376 9236 90
5376 3187 44
6709 6181 40
6709 4941 46
6709 632 13
6709 43 84
888 1341 10
888 3216 62
888 8592 98
4178 6803 21
4178 4746 84
4178 9914 94
6803 4238 8
6803 1922 78
6803 4419 52
898 6447 89
898 6305 35
898 5090 92
898 3720 25
898 8125 8
6447 5326 90
6447 6832 81
6447 1520 45
6447 8668 83
8353 111 93
8353 9408 45
8353 519 86
8353 6770 81
2259 3157 17
2259 5040 9
2259 3585 12
2259 2528 70
2259 9229 56
3157 361 3
3157 1945 74
3157 2751 64
2608 7475 39
2608 2901 77
2608 499 54
2608 6359 17
2608 2916 37
7475 4144 91
7475 1572 90
7475 6616 90
5916 9098 7
5916 4346 51
5916 4792 41
5916 5318 85
9098 9239 53
9098 3755 90
9098 1011 77
9098 964 60
4071 3565 25
4071 120 31
4071 3554 85
726 6340 48
726 1515 8
726 7347 98
726 6713 18
6340 1262 64
6340 4255 93
1459 9897 36
1459 5182 98
1459 9545 24
1459 7106 25
9897 9018 62
9897 1927 35
9897 8379 69
4685 8285 69
4685 2191 96
2579 7676 3
2579 8063 36
2579 1434 79
2579 8720 68
3293 2535 86
3293 2523 12
1163 1618 35
1163 945 91
1163 9183 4
1163 7724 97
1163 1560 41
1618 2687 75
1618 1509 62
1618 1753 96
5882 588 34
5882 3948 46
5882 7655 56
1104 4421 24
1104 9723 52
1104 8013 4
4421 8941 39
4421 8149 57
1896 6084 99
1896 5296 42
1896 9945 27
6084 9553 10
6084 3301 84
6838 6140 87
6838 9279 15
6838 8446 44
6838 4571 49
9642 3218 3
9642 2280 10
9642 1620 34
9642 5369 65
8807 3871 65
8807 725 26
4793 6675 82
4793 1549 85
4793 1328 98
4793 8869 95
4793 8918 39
6675 417 2
6675 3887 95
6675 7592 49
8388 1044 28
8388 4907 60
6704 8925 90
6704 806 17
6704 8163 21
6704 87 75
8925 8024 47
8925 7622 52
8925 9444 88
7574 8781 24
7574 9387 34
7574 1735 65
7574 5 17
7574 4707 17
8781 6092 62
8781 899 5
6170 8991 78
6170 3071 3
6170 5871 42
6170 6729 42
6170 8840 64
8991 5968 8
8991 7159 20
6746 6669 67
6746 7975 68
6746 6225 25
6746 4225 41
8806 3443 26
8806 1578 47
5493 6497 95
5493 3625 93
5493 9447 22
5493 7809 85
5493 3830 78
6497 2587 68
6497 1128 68
6497 4435 7
604 1223 7
604 5679 4
604 2596 76
604 966 5
4339 6855 54
4339 2320 80
4339 2276 58
6855 1201 89
6855 4039 47
5335 8540 93
5335 8894 64
5335 6601 86
5335 5452 66
8540 836 61
8540 9885 7
1631 2783 80
1631 6874 46
1631 3069 35
1631 7079 42
2783 6125 91
2783 6062 57
2582 3005 33
2582 5377 54
2582 8911 94
2582 392 37
3005 8333 58
3005 3568 46
3005 5654 74
2146 8302 77
2146 627 75
2146 4619 24
2146 73 34
8302 990 73
627 167 53
627 6843 70
627 1791 14
2192 3759 61
2192 9558 29
2192 5908 100
2192 9051 15
2192 7494 48
3759 6181 56
3759 5958 88
3759 6752 16
3759 9017 42
3993 4905 43
3993 8890 24
3993 7933 3
3993 9983 51
4905 6315 83
4905 9874 5
4905 4254 3
4905 1998 47
2351 8707 82
2351 7038 37
2351 6453 75
2351 9641 5
8707 3024 94
8707 9454 31
8707 533 87
4873 9697 66
4873 5799 24
4873 6238 73
1747 5243 54
1747 3987 19
1747 5631 16
2548 1477 7
2548 957 70
2548 1805 62
2438 4165 2
2438 3336 13
2438 5223 57
2438 2977 47
4165 4032 82
4165 9246 2
4165 9942 69
4165 8100 69
6114 6184 43
6114 5405 89
6114 1587 25
6114 2182 2
6114 5565 82
6184 5095 99
6184 445 83
6184 3898 61
2728 9596 51
2728 2900 27
2728 9959 20
2728 1448 16
9596 1364 24
9596 5616 84
9596 3747 72
1465 6813 6
1465 4700 74
1465 9670 87
1465 3084 18
6813 9881 34
6813 7194 42
6813 2159 51
9389 1751 84
9389 2687 2
9389 9340 39
7572 7930 66
7572 5920 57
7572 751 14
7930 9383 70
7930 6880 83
7930 7346 92
7930 9466 61
1307 9610 46
1307 9494 100
1307 7270 79
1307 683 68
1307 3889 7
9610 9521 33
9610 1248 4
9610 5453 67
9610 2593 79
2433 4171 2
2433 725 63
2433 2118 95
2433 9409 82
2433 5994 52
4171 4346 75
4171 8433 77
4171 1729 47
5968 3823 83
5968 3635 55
5968 6144 83
5968 5059 17
848 3519 77
848 2970 22
848 7350 56
848 6611 4
4207 111 100
4207 638 2
4207 5004 66
3659 8950 95
3659 5342 50
3659 8481 6
3659 538 4
3659 3410 56
8950 7538 50
8950 798 60
8950 8542 64
2535 8156 7
2535 7092 32
2535 6710 17
2535 8752 8
8812 5818 82
8812 8582 68
8812 9246 64
2755 5511 14
2755 7843 52
2755 5432 95
2755 4656 86
5511 4175 29
5511 9490 71
5511 8104 38
170 8420 21
170 9108 77
170 1799 100
8420 5639 54
8420 7771 2
8420 8826 62
1034 4324 92
1034 3662 25
1034 8766 30
4324 4499 24
1171 1589 96
1171 5697 90
1171 697 18
1589 5766 89
1589 1275 75
1589 4785 69
5679 6297 78
5679 3254 10
5679 0 66
9071 744 63
9071 1021 49
9071 4321 90
9071 2431 70
2490 3900 25
2490 6937 80
2490 4508 63
2490 3679 86
3900 953 6
3900 4692 81
3900 7901 73
7540 3831 77
7540 669 41
7540 5988 42
4328 2629 44
4328 2134 49
1704 5593 50
1704 5464 96
1704 4232 95
5593 7128 63
5593 4073 37
2676 3344 14
2676 9777 98
2676 5245 26
2676 4656 52
1323 6655 28
1323 5517 14
1323 96 74
1323 6382 83
6655 6149 12
6655 3591 77
6655 4844 74
6655 6059 34
4614 117 19
4614 2423 89
1615 4962 15
1615 212 100
1615 1972 89
4962 3776 36
1639 9520 96
1639 6540 89
1639 2072 42
1639 7377 64
9520 7695 25
9520 1041 65
9520 2194 75
9520 574 30
2495 6472 58
2495 1725 38
2495 8494 37
2495 9157 33
6472 1397 90
6472 5263 83
6472 2474 78
2885 4937 92
2885 3571 1
2885 3987 93
2885 5833 12
4937 3954 44
4937 9804 67
4937 7496 75
4937 1632 78
7 479 77
7 1030 97
7 9000 55
7 2511 82
5712 7304 45
5712 3660 82
5712 313 81
9763 94 77
9763 4231 18
9763 2310 59
9763 2672 47
6333 8260 84
6333 9969 38
6333 3172 60
6333 1720 1
8260 4215 30
8260 3246 77
80 4315 42
80 1791 61
80 9192 22
80 9714 40
4315 6840 27
4315 8902 68
4315 2354 44
4315 8798 90
7965 9405 56
7965 8837 15
7965 6465 17
7965 5835 27
9405 2293 85
9405 3105 7
3276 4943 6
3276 6050 41
3276 5100 2
3276 7215 84
4943 8970 14
4943 1339 23
4943 8317 49
4943 6382 87
4604 5677 18
4604 639 21
4604 4430 99
4604 4351 34
5677 9065 22
5677 9700 43
8958 9072 33
8958 1899 31
8958 5749 12
8958 3053 29
9072 5673 61
4643 4851 60
4643 5470 27
4643 8183 50
4643 6138 26
4851 1733 29
4851 1793 14
7112 8937 78
7112 2187 7
7112 8338 37
7112 851 39
8937 9244 89
8937 9424 96
8937 912 23
8937 5832 26
562 4998 21
562 6280 73
4998 4123 13
4998 7509 45
5389 6337 97
5389 5390 78
5389 520 71
5389 4912 68
8439 8429 64
8439 4625 3
8439 1293 48
6750 9487 82
6750 5316 84
6750 3539 94
6750 7501 35
6750 786 15
9487 8811 65
9487 1102 4
2907 9957 17
2907 7302 92
2907 8709 99
2907 3078 68
2907 8690 36
9957 8579 2
9957 9439 5
9957 9593 22
3432 703 63
3432 2221 45
3432 8557 50
6522 4034 98
6522 3836 48
6810 6530 79
6810 301 20
6153 2159 86
6153 9184 64
6153 9762 71
6153 2740 66
58 927 35
58 7457 16
58 9784 32
58 6979 92
58 8993 53
927 1750 31
927 4983 20
1172 3587 87
1172 6811 80
1172 8015 31
1172 9281 7
1172 3614 52
3587 3772 91
3587 7397 47
4820 3511 68
4820 3921 71
5793 9985 27
5793 5475 70
5793 815 99
5793 7748 56
9985 7248 21
9985 1012 6
9985 6399 16
3774 4415 11
3774 6802 18
3774 1255 64
3774 803 7
3774 3902 52
4415 8477 7
4415 5083 99
4415 8085 2
4994 5616 6
4994 2622 76
4994 5930 31
4994 331 86
5616 3039 93
5616 610 93
4766 9364 23
4766 3872 15
4766 6459 91
4766 695 6
9364 5956 17
9364 1672 99
9364 8725 73
4688 5509 79
4688 9647 69
5509 3165 28
5509 7265 10
2281 1767 4
2281 5123 93
2281 6380 98
5409 4714 64
5409 8443 66
5409 7984 85
5409 6663 80
4914 9235 71
4914 3608 28
4914 5251 8
4914 9603 9
4914 4237 28
9235 7524 11
9235 5468 71
9235 6500 42
6302 6878 38
6302 355 73
1785 6796 74
1785 3893 17
1785 1116 5
1785 7854 23
1785 6392 94
4831 1203 79
4831 3753 82
4831 9490 99
5580 5639 60
5580 1697 47
349 7468 11
349 6022 56
349 7678 94
7468 4267 17
7468 9793 56
7468 4418 86
3818 4313 66
3818 4013 41
3818 3385 94
3818 9841 53
3818 9927 65
4313 2687 24
4313 2145 12
3425 7802 45
3425 9605 33
3425 2470 21
7802 7158 28
7802 8773 56
7802 9392 26
3679 3956 60
3679 6966 18
3679 8581 4
4543 4754 38
4543 3200 68
4543 721 13
4754 4772 38
4754 8261 79
4754 1962 19
4754 9475 21
9502 9712 75
9502 2580 73
9502 8663 54
9545 2240 13
9545 7076 21
9545 7669 36
8513 8940 86
8513 3160 72
8513 275 4
8513 6546 49
8940 7473 11
8940 5658 65
8940 6362 44
8940 6052 44
2298 7731 87
2298 7307 37
7731 1500 50
7731 775 50
7731 7055 44
7731 3355 26
2315 5951 71
2315 2350 75
2315 8470 38
1666 8952 72
1666 323 7
1666 6645 67
1666 5169 75
8952 7992 48
8952 2050 43
8952 8761 76
8952 4347 19
2973 8809 11
2973 6021 54
2973 2706 67
2973 5253 59
2973 5795 79
8809 8418 3
8809 865 86
6611 4570 44
6611 7488 11
6611 2400 79
7155 9310 53
7155 4420 72
7155 8507 73
4009 1611 96
4009 7806 8
4009 2459 28
8054 8776 38
8054 611 3
8054 3411 43
8054 7905 53
8776 6396 22
3522 6192 89
3522 2787 83
3522 874 19
3522 8059 19
7609 9479 75
7609 1755 21
7609 9618 32
2207 3752 88
2207 7733 64
5853 6593 42
5853 1421 1
5853 7789 66
7177 7235 6
7177 9549 22
7177 7056 56
7166 739 46
7166 8604 95
7166 4037 32
7166 6837 100
4802 3741 22
4802 701 1
299 447 73
299 3985 92
1456 4769 26
1456 8869 58
1456 610 20
4769 9533 52
4769 538 15
6947 7164 90
6947 5525 68
6757 7675 26
6757 2899 79
6757 2480 62
9112 1550 9
9112 9464 26
9112 8139 27
1392 8167 42
1392 4364 72
1392 5348 80
1392 3555 18
8167 2161 22
8167 8637 12
8167 7805 76
229 303 18
229 4346 14
229 4445 71
303 724 5
303 6845 54
3281 8223 90
3281 3167 66
3281 1292 42
4836 5864 22
4836 854 17
4836 7545 70
4836 6106 2
5864 2916 25
5864 4728 72
5864 5144 51
5864 1997 20
1833 3348 94
1833 1979 17
1833 408 46
1833 6047 40
8826 9828 91
8826 1943 39
8826 41 52
729 2346 14
729 180 3
729 5970 92
729 3214 29
729 2966 72
2346 3275 88
2346 8890 70
2346 3411 53
2346 771 56
4990 7270 6
4990 1394 17
4990 5781 49
4990 974 41
8622 9595 82
8622 8073 45
8622 6335 97
6220 6907 3
6220 4916 94
6220 7246 31
6220 6966 41
6220 5802 81
6907 3989 98
6907 3190 73
6907 5945 87
8231 2141 45
8231 3200 79
8231 567 63
8231 7830 78
246 657 52
246 3488 92
246 794 22
246 6869 32
657 3402 38
657 5253 91
1175 4454 4
1175 8721 45
1125 5729 100
1125 1495 52
5729 9573 64
5729 7244 23
5729 7887 93
821 2285 31
821 4611 98
821 9149 95
2285 4131 84
2285 9485 1
924 7136 46
924 6711 38
924 2215 66
924 3480 49
7136 3919 85
7136 8305 56
7136 7737 75
2901 6764 71
2901 2545 88
2901 4846 16
3999 5140 25
3999 4146 53
3999 3098 87
3999 8131 60
1787 7511 81
1787 3524 51
1787 4627 17
7511 5519 28
7511 7035 54
7511 3671 27
3213 8780 45
3213 2009 66
3213 5131 55
8780 6949 91
8780 1440 31
274 1202 76
274 630 82
274 3249 48
9015 4556 34
9015 638 32
9015 1352 67
8758 224 46
8758 9384 33
8758 9666 97
9564 666 18
9564 3734 35
9564 7893 72
1447 7069 60
1447 9005 45
1447 0 57
1447 7775 79
1447 9878 65
7069 9644 84
7069 8835 51
7069 8629 73
6958 4059 35
6958 4986 36
3989 410 92
3989 5835 58
3989 8011 82
5068 6354 47
5068 6940 76
5068 8868 70
966 9590 70
966 802 58
966 2933 79
9590 7773 46
9590 2786 62
9590 3388 50
9590 8860 17
1356 8240 31
1356 4139 85
1356 9787 22
1356 2429 33
8240 937 62
8240 2272 27
2483 3026 82
2483 5535 77
2483 8361 31
2483 4723 28
3026 3748 63
3026 3074 29
3026 9157 95
3026 9674 19
1063 9320 44
1063 6369 73
1063 8192 40
1063 3265 25
343 1266 95
343 1567 37
8857 6877 16
8857 7981 24
9965 679 7
9965 6852 35
9965 5015 61
8132 2109 63
8132 2368 65
8132 8461 85
8132 7471 90
1310 8245 100
1310 9655 26
1310 7488 49
8245 7652 76
8245 9256 85
8245 8139 30
7984 4759 75
3067 6059 74
3067 4735 38
3077 6965 41
3077 7259 64
3077 7700 67
5253 7575 76
5253 552 94
7575 7602 73
7575 139 40
7575 9221 94
5167 9521 28
5167 1932 52
5167 2414 15
5167 3598 88
9521 7095 69
9521 5013 68
9521 5702 38
3284 5532 80
3284 3487 55
3284 6065 18
3284 6988 77
5532 1460 35
5532 4555 97
3211 9191 34
3211 687 36
3211 7826 38
3211 227 65
9191 1242 73
9191 9977 67
9191 1286 60
4255 9412 92
4255 7331 76
4255 7659 89
9412 2397 72
9412 2922 53
168 602 79
168 8800 77
168 7727 95
131 5890 78
131 4038 28
5890 325 63
5890 3600 26
5890 3543 28
5890 5169 92
3046 5299 26
3046 1713 32
3046 8658 75
3046 6524 64
1495 2117 27
1495 5331 65
1495 1411 14
2117 5551 76
2117 3132 88
2117 3734 96
2117 5123 23
228 6762 8
228 380 27
228 2231 25
228 1903 96
228 4562 37
6762 542 45
6762 2072 71
6762 4977 57
6762 4092 60
1420 520 72
1420 8381 26
1420 1739 68
3128 5992 66
3128 9357 47
3128 8955 47
3128 3621 77
4768 6971 28
4768 2177 1
4768 3244 63
79 1162 10
79 3282 37
79 3918 19
1162 6140 63
1162 2009 37
163 2553 34
163 5647 74
163 4013 21
163 4442 93
163 6866 15
2553 3670 51
2553 3627 3
2553 5254 49
3043 5419 73
3043 8546 12
3043 7577 70
5419 316 67
5419 9754 31
5419 5856 55
2279 7062 32
2279 8105 11
2279 6036 3
2279 5118 54
3139 9099 21
3139 2379 97
3139 5329 38
3139 6122 6
9099 7954 14
9099 6805 73
9099 4714 28
9099 1948 21
3555 361 4
3555 6425 79
3555 4930 56
5438 7489 77
5438 9949 49
5438 3765 56
7489 2624 93
7489 3761 82
7489 4612 60
7489 4850 45
7538 9234 90
9234 7523 17
9234 423 10
9234 7060 87
5986 6540 62
5986 6248 86
5986 5408 41
5986 2130 1
6540 7647 65
6540 6891 39
6540 942 60
5556 5628 69
5556 871 70
5556 9082 100
5556 4354 85
3670 6641 61
3670 2779 36
3670 9436 8
3670 2960 19
6641 2055 5
6641 272 53
6641 9087 12
6641 4497 81
325 967 96
325 1118 12
325 1123 41
325 1611 40
9914 3773 66
5111 9696 53
5111 8127 84
5111 5177 22
9696 294 61
9696 4747 59
9696 3745 4
1968 1255 51
1968 6494 46
6906 6619 13
6906 7122 84
6906 3019 94
1561 9479 83
1561 9560 74
1561 9615 26
1561 818 46
9479 3350 66
9479 3623 49
4174 9557 60
4174 779 29
4174 4092 60
4174 9735 38
9557 5340 13
9557 4123 65
9557 4333 44
9557 4796 92
6266 6715 74
6266 705 15
6266 3694 61
6266 9310 75
6266 1818 90
6715 4675 80
6715 3192 67
6715 6090 30
6715 7003 14
2564 2694 71
2564 290 11
2564 256 87
2564 6027 43
2694 2348 69
2694 1086 32
3882 5184 32
3882 9904 2
5184 4795 64
5184 1755 49
5184 2543 5
5184 6416 41
2889 7180 33
2889 2513 12
2889 5824 4
2889 3020 6
7180 2646 96
7180 4611 3
8279 7980 25
8279 1365 73
2677 6543 58
2677 8558 35
2677 3028 35
6543 5904 50
6543 5182 73
6543 4081 31
6694 3196 100
6694 8426 8
6694 2415 78
1837 9535 26
1837 121 36
1837 5062 9
1837 8774 85
9535 3411 54
9535 863 92
9535 7317 38
9535 2079 23
2539 6565 85
2539 4103 66
2539 1549 73
2539 107 100
3875 1262 29
3875 5333 85
3875 2908 38
3875 7737 32
6507 1596 98
6507 3890 59
6507 8609 39
993 1451 46
993 4944 18
993 4458 68
993 7760 27
1451 7145 78
1451 7508 59
1451 1458 70
1451 4383 25
4659 9198 20
4659 5234 28
4659 4845 62
4659 3475 73
9198 9149 80
9198 8342 70
9198 7800 58
9198 7974 47
7663 9656 4
7663 5088 92
7663 3100 92
7663 5120 67
9656 8969 26
9656 4439 54
100 4967 28
100 2491 23
100 9526 33
100 7750 44
100 6933 89
4967 6067 40
4967 2902 75
4967 1108 97
4967 7285 94
6201 3625 35
6201 4419 33
6201 1910 12
2641 4234 24
2641 8301 57
9967 607 3
9967 3363 49
9967 6496 18
5684 970 46
5684 7413 44
5684 6799 7
5684 2475 91
1398 2125 73
1398 8148 90
1398 4135 32
1360 4254 63
1360 1774 60
1360 357 20
1360 8607 45
1360 5579 35
4254 4538 86
4254 7097 65
4254 8334 1
8864 8329 29
8864 3732 79
8864 8618 13
8864 193 98
1413 6749 76
1413 6356 33
1413 3404 77
1375 7006 50
1375 5254 14
1375 1240 16
1375 9912 9
7006 2935 13
7006 4327 27
2805 4984 48
2805 5649 32
2805 3963 7
4984 3228 57
4984 4961 60
4984 3912 18
9664 5440 55
9664 9010 77
8481 1109 7
8481 1455 57
8481 2670 45
4835 8619 53
4835 4674 32
4835 2896 50
4835 5620 69
8619 8684 53
8619 608 100
8619 6215 75
1342 9690 55
1342 9219 89
1342 9655 65
1342 5468 65
1342 5156 43
9690 7032 14
9690 8974 75
3740 3922 9
3740 3081 33
3740 4513 89
3740 5432 71
3922 6230 19
3922 5690 38
3922 4036 88
9776 1899 15
9776 1650 13
9776 8134 70
9776 247 61
8251 5666 79
8251 600 99
8251 4487 8
8272 2752 16
8272 6827 20
8272 907 80
5863 6028 51
5863 1471 74
5863 9156 9
6028 8498 67
2933 6420 10
4738 7219 35
4738 7299 49
5762 9359 79
5762 8458 19
5762 2567 86
9359 1129 6
9359 3357 14
96 5356 95
5137 7878 85
5137 6439 88
5137 7622 24
5137 1031 32
3482 8243 48
3482 1428 86
3482 3948 40
1735 8988 50
1735 9880 3
1735 3932 36
8988 6098 80
8988 770 90
8988 3704 75
8988 4330 26
4746 2587 55
4746 302 21
833 4686 51
833 9956 96
833 9830 95
833 7042 27
833 5962 76
4686 8328 64
4686 9800 40
4686 4074 40
1368 5784 93
1368 8239 70
5784 6294 24
5784 3326 1
5784 8389 31
342 7078 98
342 8900 20
342 3216 8
342 5701 95
342 1501 31
7078 6271 20
7078 4029 83
5342 8642 79
4447 5073 76
4447 2623 13
5073 8953 99
5073 7117 64
5073 2689 83
8025 5345 64
8025 8187 53
8025 9025 76
3977 6287 58
3977 9829 97
3977 7443 7
3977 3260 41
7080 9799 1
7080 7028 57
7737 7810 88
7737 4024 88
7810 5819 22
7810 2357 6
7810 3967 77
452 8377 59
452 8639 1
452 7444 5
452 7839 82
8377 6843 14
8377 4657 91
5333 698 99
5671 8086 59
5671 4221 74
5671 9878 77
8086 1430 3
8086 2287 50
3792 8003 36
3792 9959 28
3792 432 28
3792 8407 3
3792 1007 10
8003 7524 10
8003 2862 94
8003 3729 6
3140 3876 60
3140 3177 12
3140 7727 70
3140 161 97
3876 6905 34
3876 17 48
3876 7622 29
483 4465 85
483 1454 81
483 230 37
483 8880 57
6967 9474 99
6967 4594 33
6967 5026 46
6967 5056 98
6967 8038 91
9474 5107 28
9474 3935 47
9474 1298 24
9474 8702 7
4393 4436 92
4393 8632 38
4436 5978 76
4436 6487 90
5573 8682 68
5573 7662 28
5573 3533 93
5573 5408 62
5573 7047 33
8682 2426 39
8682 1123 74
8682 9020 23
1743 844 22
1743 1072 86
1743 713 63
3202 9076 93
3202 6852 53
3202 5738 85
3202 9634 94
3202 1734 17
9076 5748 35
9427 2114 46
9427 6806 54
9427 6107 7
3925 6438 43
3925 2158 28
3925 6183 93
3925 3729 26
3925 5909 11
6438 8229 55
6438 9506 28
6438 9005 23
5813 7738 35
5813 5719 26
5813 9204 51
5813 7659 16
5813 3431 41
7738 4320 1
4919 4481 53
4919 5837 69
4919 9367 60
7148 9932 89
7148 5895 49
7148 690 79
7148 2374 59
3408 3070 2
3408 7254 12
3408 5222 2
2928 6847 85
2928 9174 22
2928 9345 4
2798 1279 31
2798 2408 54
2798 8011 95
2798 36 73
4907 2152 34
4907 6292 66
546 7392 100
546 5417 5
546 5690 81
546 9163 88
7392 7974 100
7392 9418 58
7392 6360 46
7392 4845 40
7779 8355 91
7779 7966 24
7779 3337 31
7779 2011 53
8355 1071 15
7221 7175 91
7221 9721 15
7221 709 22
7221 1118 14
636 7285 42
636 6119 96
636 3434 27
7285 2795 71
3019 9608 54
3019 8255 13
3019 3937 89
4057 6317 12
4057 4043 87
4057 7355 95
4057 5758 44
5293 6547 46
5293 2034 78
5293 2141 8
5293 9392 52
6547 4923 53
6547 6331 23
6547 2952 15
6547 1553 68
387 7629 19
387 2250 39
387 449 94
4144 7206 6
4144 8410 23
2741 2463 3
2741 7852 94
2741 6568 85
3494 9611 51
3494 8400 24
3494 6229 39
9611 3015 55
287 3111 12
287 1038 45
287 4487 20
2065 3585 98
2065 841 62
2065 217 72
2849 5965 69
2849 9890 95
2268 7547 70
2268 1221 25
2268 5023 25
2268 9187 98
912 9785 88
912 3345 74
912 5799 34
9785 1947 43
9785 1211 18
9785 2733 9
9255 9337 89
9255 2671 62
9255 1324 90
9337 7212 71
5199 9514 22
5199 713 34
5199 9119 43
5199 4933 10
9514 6720 7
9514 4426 83
9514 190 35
3893 468 5
3893 9680 37
3893 5369 6
7347 6506 53
7347 803 34
7347 5341 51
6322 3023 82
6322 4747 34
6322 7304 71
4702 6208 3
4702 4579 28
8647 9804 92
8647 3877 15
8647 5270 46
8647 4445 17
9804 5585 4
9804 9937 91
1644 4172 53
1644 5243 43
3348 5985 8
3348 3896 59
7514 7773 1
7514 2866 72
7514 3610 16
2909 8934 86
2909 3527 87
2909 6492 39
2909 8835 68
2909 3127 31
8934 7872 41
8934 4636 7
8934 3449 94
8934 5375 77
5846 8170 8
5846 1703 68
5846 1956 23
8170 3109 80
8170 3813 30
8170 8729 45
8170 7311 19
156 4268 82
156 7866 65
1490 3359 17
1490 7889 62
1490 6935 44
1490 5558 80
3359 9689 36
3359 4904 30
2054 6119 76
2054 1157 84
2054 1915 89
4050 6809 58
4050 2720 43
4050 7852 25
6809 1678 62
6809 4783 16
6809 9477 36
3568 8755 33
3568 7003 60
3568 1352 93
8755 2074 67
8755 3267 6
8755 7395 29
4344 8976 34
4344 5545 16
4344 27 4
4344 6168 20
4344 542 15
8976 753 55
8976 552 52
8976 6731 43
8766 5947 13
8766 3698 100
875 5715 32
875 5632 73
875 7284 83
5715 7408 14
5715 3317 75
7290 8393 29
7290 1673 92
7290 6157 60
7290 354 29
5819 8417 9
5819 399 27
5819 8709 90
8417 8732 82
8417 6042 37
8417 7409 83
6105 8222 67
6105 6078 12
6105 9707 16
6105 4015 76
8222 1405 65
8222 4858 16
8222 8434 89
8966 2453 5
8966 7032 77
8966 5228 45
8578 9983 16
8578 5154 52
8578 2820 81
8578 4463 28
9983 5806 66
9983 5123 70
3390 5517 4
3390 7408 74
3390 1832 35
3390 4936 50
6922 8629 20
6922 2623 42
6922 899 50
6922 8659 9
6922 5865 12
8629 4830 71
8629 286 4
8629 253 93
5243 1576 87
83 2116 1
83 2087 72
83 4413 58
83 2571 51
2116 9609 20
2116 2804 16
7035 9445 31
7035 3665 44
7035 5368 47
9445 6682 78
9445 3002 97
7302 6760 43
7302 8556 12
1247 3385 83
1247 984 28
1247 7523 25
1247 4092 59
3385 5779 82
3385 4125 47
3385 9285 3
5744 4358 65
5744 5224 57
5744 3579 92
2203 4705 81
2203 5615 38
2203 1498 65
4705 7217 19
4705 6080 13
4017 2470 91
4017 9302 87
4017 2011 64
4017 6592 54
351 2839 75
351 9257 19
351 8074 38
351 7440 13
2385 9822 100
2385 9737 46
2385 694 88
2385 6238 63
9822 7603 74
9822 3201 83
3278 8014 47
3278 5634 92
3278 663 66
3278 1724 87
5465 2814 65
5465 9293 57
5465 2104 76
3895 1877 69
3895 7061 24
3895 6387 100
3895 600 59
2830 1194 61
2830 1958 61
2830 276 3
8370 9256 82
8370 6386 74
8370 8059 35
9256 9947 17
9560 2055 73
9560 9 9
9560 7017 56
9560 1509 21
8484 9100 94
8484 3847 95
8484 7873 90
8484 8258 82
3023 5062 91
3023 830 11
3023 1983 18
1198 499 19
1198 2432 45
1198 5575 100
1198 6763 18
7353 414 46
7353 6524 29
891 2760 41
891 3846 13
891 5205 56
891 1319 29
891 6199 28
2760 9482 11
2760 4153 96
3434 2629 18
3434 7388 11
4507 8700 24
4507 5428 75
4507 9962 92
4507 620 21
8700 1205 55
8700 974 73
118 1497 92
118 9206 33
118 6482 77
118 5029 8
1497 6909 78
1497 4995 81
1497 2776 47
496 3219 57
496 6344 4
6512 6330 36
6512 3800 86
6512 4952 71
6512 7413 34
678 6035 26
678 489 42
678 2491 80
678 1455 83
6035 5617 96
6035 1956 8
2179 4290 34
2179 7703 17
1692 4528 37
1692 4651 19
6000 76 73
6000 2566 59
6000 8482 62
9516 4999 66
9516 1855 70
9516 879 49
1715 2079 19
1715 1540 21
1715 253 47
1715 6691 31
5719 6576 67
5719 324 11
6576 4589 65
6576 883 49
6576 2214 89
5774 1611 15
5774 9765 78
5774 3857 42
8777 5327 50
8777 8354 17
8777 607 98
856 4965 20
856 1181 60
856 1960 37
3709 701 75
3595 6847 70
3595 5930 49
3595 6394 78
3595 8704 73
6847 9937 26
6847 8392 70
6847 9890 99
6883 8784 1
6883 1806 52
6883 689 68
6883 9387 79
6883 7400 6
8784 4053 79
8784 3732 64
3178 9942 94
3178 7283 80
3178 9276 48
3178 5375 44
3178 7457 1
9942 1094 25
6043 6858 53
6043 9045 17
6043 8171 83
6858 290 69
6858 3255 10
5585 7700 76
5585 3911 53
5585 8568 42
5585 4787 100
7700 6150 26
9906 6231 95
9906 750 91
9906 5392 54
5980 4575 26
4007 7730 36
4007 1357 7
4007 9924 21
7730 3277 54
7730 3092 47
7730 6538 44
7062 697 65
7062 2468 56
7062 6225 51
7062 4565 51
1761 5379 1
1761 6668 35
1761 5227 62
1761 1755 76
5379 124 16
5379 9484 98
5379 8098 92
5379 8550 89
1791 7473 95
1791 7154 91
7473 5904 38
3319 5139 76
3319 3082 52
3319 3761 57
8156 6619 32
8156 2816 41
1071 1899 31
1071 357 37
1071 6509 95
8018 8692 52
8018 1811 92
8018 239 18
8018 4830 36
8018 4714 27
8692 1635 12
8692 1137 32
8692 1749 62
8692 6887 37
6492 6380 14
6492 548 100
6492 9304 97
2080 2099 92
2080 3693 9
2080 4349 19
2080 3578 100
2099 7983 58
9819 3004 76
9819 7331 3
9819 1041 95
567 9721 4
567 2852 90
567 3068 40
9721 5033 64
7236 8656 94
7236 4838 63
7236 8951 62
7236 6144 21
8656 6725 81
8656 976 58
8656 439 3
3440 9969 21
3440 6209 33
3440 810 48
7918 8461 40
7918 9178 84
7918 9553 59
7918 2604 33
8461 5517 50
1347 8371 92
1347 1242 38
1347 2104 64
8371 1922 7
8371 632 27
8371 7614 55
6668 8236 69
6668 953 77
6477 5351 1
6477 4430 9
6477 6163 86
8470 1156 17
8470 8596 48
4434 6786 12
1800 4152 67
1800 2164 37
1800 7049 72
4152 5107 41
4152 9963 100
4152 9549 54
217 2899 44
2899 1762 82
5676 8703 17
5676 5834 35
5676 4194 49
5676 8426 68
8703 6760 98
8703 4188 7
8703 2800 48
6144 8579 9
6144 5432 25
6144 5043 13
8579 868 19
8579 9669 42
8579 2960 13
3752 177 56
3752 9555 44
43 689 44
43 5040 17
1180 9547 86
1180 885 78
1180 7637 26
1180 5665 47
1180 3151 9
9547 2100 76
9547 2711 85
9547 8169 47
9547 9169 80
1477 5569 24
1477 2925 29
1477 5983 33
5569 8770 77
5569 9194 96
5569 6312 41
2151 3039 45
2151 1126 21
2151 8147 68
2151 1153 23
2151 2566 54
3039 1513 84
3039 9269 30
5462 8343 31
5462 8811 30
5462 458 88
8343 7732 92
8343 3795 3
2002 4636 75
2002 7922 64
2002 5861 32
2002 1062 80
4636 3836 35
4636 6837 13
4636 8327 87
7801 3625 76
7801 1524 81
7801 628 47
4692 7378 40
4692 9287 59
4692 3073 100
4692 677 93
7378 3103 24
7378 9745 87
764 4357 4
764 3830 37
764 3911 2
764 6457 55
764 3315 30
4357 8753 6
4357 8607 1
4357 3610 89
2001 9036 88
2001 5794 7
2001 9726 67
2001 2883 77
5639 4097 29
5639 1366 57
5639 381 34
8722 9828 29
8722 5560 96
6811 333 90
6811 4926 7
6811 573 85
6811 5799 87
1803 4861 29
1803 8517 11
1803 2451 93
1803 5921 51
1947 8816 5
1947 6126 83
1947 9745 14
2659 7767 99
2659 5114 96
2659 8392 18
7767 5042 79
7767 6653 68
7767 9421 78
1067 1510 56
1067 7484 79
1067 9806 81
1510 6736 42
1510 3553 98
1510 5717 42
1510 8039 66
6877 9818 18
6877 2921 30
6877 2409 38
294 6728 78
294 3122 39
294 2006 23
944 7662 43
944 6166 82
944 5390 12
3657 7054 99
3657 4554 42
3657 6038 35
3657 5641 37
3657 2580 80
7054 3632 38
7054 3474 21
7054 5130 26
7879 8078 10
7879 4457 87
8078 9503 1
8078 6603 71
8078 8444 25
190 6161 38
190 120 17
1464 8501 89
1464 6749 78
1464 7404 96
1464 8884 52
8501 1062 24
8501 6394 85
8501 6993 50
2505 8239 55
2505 3714 85
2505 4353 94
8239 5851 51
9108 8687 64
5357 9057 6
5357 2473 29
5357 4284 34
5357 1325 30
9057 655 25
9293 2011 77
9293 2365 89
9293 3872 93
1023 7977 42
1023 4212 80
1023 5760 85
7977 5647 68
7977 3958 3
7977 4032 55
7977 3728 96
2274 8491 96
2274 2645 10
2274 6142 87
2274 4500 88
2274 9563 69
8491 3101 66
8491 3006 16
8491 7195 95
8491 7643 52
1555 2388 50
1555 2791 34
1555 3813 14
1555 2919 16
1555 2720 100
2388 7079 44
2388 4880 100
2388 9818 75
639 7898 20
639 8533 29
639 98 100
9874 7976 61
9874 34 63
2220 7579 78
2220 1722 3
1311 5411 63
1311 7047 20
1311 2782 68
5411 5634 52
5411 3630 47
5411 8802 59
5411 6193 71
6662 6774 77
6662 6192 86
6662 8415 95
6662 828 70
6662 7029 44
6774 5228 52
6774 5365 46
5906 4212 1
5906 6399 89
3364 4334 51
3364 7865 79
3364 4598 20
4334 4225 45
4334 74 37
4334 7637 70
9279 766 89
9279 6552 31
1237 4149 58
1237 3873 17
1237 5191 41
1237 7067 3
1237 7551 70
4149 4350 49
2916 259 41
2916 3153 88
2916 2355 75
4294 8405 20
4294 5665 76
4294 6890 4
4294 3632 16
8405 4634 70
432 8825 70
432 6684 9
432 777 61
8825 3598 79
8825 6185 76
8825 2354 84
4894 5318 96
4894 5721 80
4894 1316 8
5316 6558 31
5316 2110 25
5316 3898 76
5316 1613 25
6558 8042 27
6558 4297 90
6558 4433 77
1467 1578 56
1467 1810 92
1467 7711 19
1467 7082 12
1578 2113 31
1578 7319 61
2416 8143 15
2416 8818 62
2416 8254 24
2416 4420 3
8143 1306 87
8143 4417 61
8143 4209 55
8143 7607 12
4043 3748 67
992 6710 91
1602 8569 37
1602 4654 51
1602 926 63
8569 5218 40
8569 1878 21
8569 7567 25
7461 4367 8
7461 4729 75
7461 3979 59
6514 3668 75
6514 1438 71
6514 2349 47
5110 8560 88
5110 3866 73
5110 277 9
5110 9028 81
8560 7125 15
29 5560 2
29 1750 8
29 7151 85
29 9063 44
5560 2125 9
5560 2038 18
2784 7034 37
2784 2924 32
2784 2253 58
2784 6478 22
2784 8985 9
7034 5718 95
7034 5811 59
7034 391 80
7034 1070 41
7152 4020 7
7152 4808 92
7152 7306 22
3265 4863 88
3265 6596 19
4863 107 10
4863 4953 56
4863 7905 65
4863 2173 19
3258 3884 27
3258 4926 66
3258 8124 84
3884 8098 44
3884 9688 62
3884 8306 77
3884 2028 8
6048 5340 97
6048 3536 34
6048 1979 25
6048 466 61
1384 1701 21
1384 9496 50
1384 312 91
1384 2044 76
1701 6373 79
1701 2874 55
4965 125 80
4965 1720 36
4965 2817 73
4965 7455 8
6862 5879 55
6862 7338 73
6862 5977 33
6862 6160 96
715 5514 60
715 9447 90
715 6349 68
715 1291 95
5514 7491 79
6937 6450 71
6937 6604 50
3880 6829 40
3880 1831 67
3880 3333 32
3880 6278 24
6829 4034 20
6829 2792 70
6829 5594 23
5220 9078 46
5220 8684 53
5220 847 30
5220 276 41
9078 5522 50
9078 3103 78
9078 9674 70
46 2881 96
46 5179 38
46 3103 58
2881 9033 29
2881 543 20
2881 5393 54
2603 6814 32
2603 8531 63
2603 1383 38
2603 8936 30
2603 3809 82
6814 1989 98
6814 3320 87
6814 1210 86
6814 1491 88
4596 1554 6
4596 559 52
4596 9285 32
4596 4205 38
4330 6163 56
3718 9884 2
3718 951 69
3718 8191 50
3718 7399 27
9884 8659 90
9884 3236 43
4252 4341 65
4252 5691 42
4252 742 40
4252 6239 10
4341 5329 58
4341 4117 28
4341 8372 28
7877 8115 30
7877 5482 65
7877 1112 83
7877 6045 12
8115 4555 8
8115 2076 76
8115 2954 91
2691 2847 97
2691 7415 51
2691 7956 91
2691 6290 30
2847 446 4
2847 5653 61
6317 1608 40
6317 4727 19
3820 8067 99
3820 3035 80
3820 2148 54
8067 7156 10
8067 5828 19
8067 8848 36
3928 16 70
3928 1938 81
3928 8819 37
3928 5564 67
7546 9449 80
7546 4910 66
7546 541 30
9449 1059 2
9449 5519 97
7955 6869 92
7955 1560 30
7955 1182 43
8648 9840 29
8648 5747 94
8648 9354 92
8648 8440 47
9840 2709 42
9840 3291 61
9840 1895 78
6676 7314 33
6676 9640 44
6676 8095 48
6676 4307 53
6676 7116 6
7314 4312 50
7314 1917 61
6090 4553 4
5204 1999 30
5204 7448 38
5204 6192 50
7417 9978 44
7417 6186 13
7417 2578 63
7417 7176 95
9978 7537 62
9978 1144 3
3416 5086 18
3416 8978 21
3416 5047 58
4497 5434 12
4497 5899 19
4497 679 36
5434 1889 40
3500 9940 88
3500 8441 95
3500 9178 76
3500 6146 36
9940 6179 88
9940 8596 83
9940 7293 28
9940 9244 65
4427 5604 84
4427 2836 100
4427 9289 36
4427 2840 79
4427 8424 11
5604 908 100
5604 5428 41
6653 9932 30
6653 1764 86
9932 4169 67
9048 1010 75
9048 1587 21
7980 2331 5
5302 6770 51
5302 6642 58
5302 1917 46
6770 125 16
2055 8378 34
2055 6581 87
1670 9411 17
1670 199 80
7780 5201 63
7780 4698 63
7780 9156 27
7780 1757 72
533 6516 41
533 8778 99
533 6970 32
6516 114 77
6516 8727 54
6516 9167 76
2233 4807 73
2233 71 36
2233 4224 51
6229 6986 3
6229 5445 20
6229 4740 1
3422 5122 95
3422 1290 39
3422 8551 29
3422 166 81
5122 8401 42
5122 561 68
5122 5915 22
2028 9992 81
2028 1277 44
9992 8811 44
9992 9555 35
9992 8608 86
2275 3860 22
2275 2869 16
4995 7350 25
4995 9363 29
4995 1884 75
7350 1816 51
7350 4247 38
7524 5634 62
7524 706 83
3317 653 57
3317 5138 47
4538 8602 49
4538 7199 7
4538 7691 79
8602 1399 61
8602 3127 18
8602 3238 26
2408 4736 48
2408 7282 22
2408 3243 45
4736 4479 21
4736 930 27
4736 8580 36
2913 6625 39
2913 7447 79
2913 1208 17
6226 1126 3
6226 658 57
6226 5104 43
6806 6925 37
6806 2078 77
6806 970 91
6925 2859 42
6925 6134 33
6925 9850 52
6925 7415 59
2595 7945 44
2595 5173 23
2595 5072 80
2595 5930 98
7945 6933 53
7945 697 57
7945 5139 86
7945 957 85
1691 1051 83
1691 5565 98
1691 6484 22
1691 2736 36
4146 9660 87
4146 6738 91
4146 4625 55
9660 5856 5
9660 4599 52
9660 8572 3
9660 7193 16
585 5120 67
585 1609 56
585 4537 51
585 7502 13
5120 2690 39
186 8232 27
186 5850 69
186 9344 89
8232 3907 5
8232 73 60
8232 6679 64
3147 2093 35
3147 5579 72
9573 1608 57
9573 957 68
9573 9129 39
9573 8645 26
183 7934 23
183 8548 92
183 8744 91
183 8733 30
7934 6546 69
2989 8407 80
2989 2283 26
2989 1029 78
2989 6690 25
8407 7559 49
8407 9605 25
8407 6679 18
3453 6821 40
3453 9599 64
3453 154 61
3453 1424 17
6821 5351 57
6821 4169 73
6821 248 30
1298 4356 44
1298 2487 6
1298 9828 42
556 1507 85
556 1731 1
556 4242 59
556 4072 17
1507 1816 48
1507 6346 72
1507 2776 12
4049 7743 88
4049 9532 54
4049 1461 42
4049 6330 10
5032 7551 79
5032 1012 51
5032 1141 88
5032 2013 24
7551 4077 10
7551 4954 77
4479 7567 49
4479 6519 70
4479 7568 55
4479 9074 80
7567 7684 7
7567 4936 75
7567 7878 100
4229 6638 50
4229 1548 56
4229 2215 20
4229 1308 66
4229 6246 20
6638 6973 15
6638 4430 63
6638 8241 99
1705 7571 93
1705 4231 28
1705 2800 9
1705 6427 85
7571 94 96
7571 9421 69
7571 614 6
7571 5622 89
1832 8844 70
1832 2493 35
1832 6988 26
1832 714 2
8844 4160 96
8844 6197 99
8844 5103 38
777 1102 2
777 3329 17
1102 9425 18
1102 7678 60
405 5660 55
405 4184 94
405 9295 37
405 2322 63
405 2032 65
5660 3285 35
5660 2566 1
5660 5737 14
5660 6027 4
793 7462 23
793 5044 59
793 7423 86
793 9835 29
7462 909 50
7462 8906 16
7462 696 46
2078 6977 7
2078 89 21
2078 9423 28
2078 6732 37
5175 8209 22
5175 2164 50
5175 224 64
8209 6682 49
8209 6628 44
3664 6078 78
3664 4340 22
3664 338 96
3664 7581 37
3664 8643 100
6078 9717 53
1805 6647 45
1805 8910 69
1805 8635 62
6647 2817 42
6647 6223 47
6647 1822 16
1428 2725 61
1428 6312 56
1428 6760 87
1428 5675 4
2725 7707 46
2725 3017 39
2774 6062 59
2774 9194 39
1994 6519 79
1994 2702 57
1994 8046 3
6519 879 53
6519 2278 70
6519 1242 100
3714 7805 36
3714 3515 48
2845 3127 59
2845 812 80
2845 1546 43
2845 8711 59
2845 5658 52
3127 1202 7
464 7529 85
464 748 59
464 3859 84
464 6141 19
7529 5187 43
7529 6805 14
7529 3456 42
1453 4540 50
1453 7789 67
1453 882 76
598 5277 81
598 6513 41
598 4533 72
598 3785 42
5277 7482 26
5277 634 40
5277 9489 45
2130 1338 31
2130 7897 15
3014 4102 92
3014 689 89
2100 1778 83
2100 7466 46
2100 375 64
2100 5228 76
6903 9570 49
6903 8645 46
9570 5954 57
9570 2119 39
9570 7587 88
9570 9815 70
1725 8117 7
1725 6917 58
6214 6315 10
6214 8818 47
6214 3934 1
6214 5404 52
6214 960 7
6315 8503 79
6315 5326 57
500 2648 34
500 7320 82
500 593 100
500 3696 19
500 9962 72
2648 1995 69
2648 9282 74
2648 5373 55
2648 4625 60
4840 7865 92
4840 40 88
7865 606 47
7865 5275 36
6760 7215 55
6760 1001 2
6398 8721 42
6398 9791 12
6398 1309 30
2869 6319 76
2869 1713 21
4817 5830 14
4817 8892 95
4817 7693 24
4817 8393 43
8157 9392 60
8157 4868 15
8157 5165 89
8157 1672 29
9392 5945 54
1211 2228 89
1211 385 2
1211 9284 85
2228 8436 37
2228 1408 52
7320 7390 49
7320 5640 33
7201 8422 64
7201 2484 47
7201 9087 83
8422 3427 43
8422 34 69
8422 8793 98
8422 8880 47
3539 2734 32
3539 570 68
2639 3543 73
2639 9881 4
3543 5454 10
3543 8424 59
3543 6981 61
94 3526 84
94 86 77
94 6798 99
1130 9594 74
1130 7343 10
1130 9791 31
1130 6913 46
9594 137 60
9594 7048 25
3769 8788 27
3769 5313 34
3769 3057 49
3769 4517 27
9206 8266 69
9206 7050 27
9206 2392 30
4625 4627 8
4625 1014 59
4627 4493 8
4627 8035 83
4627 314 98
5290 6707 31
5290 1784 51
5290 8601 21
6707 1872 35
6707 8175 97
1150 9657 85
1150 4908 42
1150 5340 11
1150 755 53
9657 3187 46
9657 7060 62
8718 7129 31
8718 1094 17
8718 8400 54
8718 2616 87
800 5868 1
800 6059 55
800 4603 5
5868 7862 91
5868 6265 68
5868 3706 83
2856 4695 41
3797 9319 36
3797 8075 87
3797 5414 59
3797 7460 18
3797 7115 28
9319 2877 36
9319 6394 75
9319 3554 47
2341 6391 8
2341 2331 15
2341 8681 20
5934 9741 67
5934 7972 92
5934 63 52
1157 4570 66
1157 5230 88
1157 3377 61
1157 9741 2
4570 2794 1
4570 3955 40
7093 6567 53
7093 3764 63
2023 6850 36
2023 7765 48
7528 8012 94
7528 6684 59
7528 5538 84
8012 7301 60
952 1923 85
2290 9000 15
2290 5370 100
2290 8266 60
2290 4226 100
9000 601 23
9000 2278 39
3866 3305 38
3866 2606 1
3866 900 98
3866 1619 10
812 12 71
812 8153 19
812 6219 13
812 8289 57
6353 9213 62
6353 930 22
6353 5592 42
9213 3508 56
9213 3677 37
9213 6399 6
4184 6736 21
4184 7076 12
955 1131 7
955 4491 31
3121 5895 75
3121 741 44
3121 9089 14
3121 3947 81
5895 3010 91
5895 7954 19
5895 1328 14
3143 5654 39
3143 6749 39
3143 9592 83
5654 5340 37
5654 2226 47
844 4231 94
844 680 58
844 2191 33
4231 9194 77
4231 3036 95
5806 4262 9
5806 3533 60
4166 2838 72
4166 6490 39
4166 8263 25
4166 9476 65
3514 2000 73
3514 1484 99
3933 7621 54
3933 849 16
3933 6711 32
3933 8752 8
3933 8859 11
7621 3342 76
1795 4847 88
1795 1403 20
6284 7345 16
7366 8192 67
7366 4767 84
8192 694 66
8192 3551 13
8667 4606 23
8667 2394 92
8667 8695 27
3520 9145 4
3520 959 17
3520 7105 80
3520 3132 36
9145 8747 48
9145 8831 58
9145 3197 86
9145 9735 11
4750 8782 26
4750 6661 11
4750 7838 9
4750 7517 14
8782 3627 39
8782 6304 21
8782 5911 65
354 8906 86
354 4780 7
8352 2526 7
8352 3879 40
8352 7650 45
8352 7371 95
1483 8661 81
1483 4567 69
1483 4063 11
1483 5308 23
1483 7615 37
8661 1655 63
8661 5132 15
8661 3969 8
1804 9241 44
1804 2508 36
1804 2175 76
1804 8431 13
9241 1964 20
7581 3546 25
7581 3761 69
7581 5067 9
4056 5368 88
4056 2175 59
4056 8581 28
4056 9462 27
5368 130 45
5368 9711 37
7426 8427 4
7426 9765 47
7426 9067 100
7426 7380 26
1541 3354 14
1541 4696 91
1541 6282 52
1541 255 90
3354 5557 36
3354 7941 71
2370 6619 84
2370 5038 87
2370 86 59
2370 936 58
2370 4918 58
6619 2070 9
1317 1394 81
1317 641 96
1317 8328 71
1317 4515 30
1317 7024 84
1394 9354 42
1394 6387 6
4704 9726 26
4704 9816 53
4704 3641 89
4704 1741 29
4704 312 57
9726 2060 94
3585 6887 75
3585 6417 7
6887 6374 75
6887 4039 86
6067 8172 91
6067 6917 4
8172 6724 96
8172 2903 75
8172 7593 75
6069 6555 71
6069 510 36
6069 8390 8
6069 7423 23
6069 8643 39
6555 4346 99
4410 7039 10
4410 6865 29
4410 9370 66
4410 9067 31
3183 3874 100
3183 9817 42
3183 9842 16
3183 1380 59
3874 3020 16
3874 6783 47
3874 8887 11
8069 8850 19
8069 7788 25
8069 4819 98
8069 5544 53
8850 6442 49
8850 259 25
8850 2223 60
5326 8923 7
5326 1932 17
5326 6331 45
7866 755 97
7866 4503 15
7866 675 4
1210 3375 28
1210 4059 6
1210 7293 83
1210 1430 28
3375 3649 61
1822 8103 80
1822 9779 15
1822 106 42
8103 4151 86
8103 7615 25
8103 8264 26
8103 5454 86
623 3315 35
623 2157 11
623 6163 60
9007 1419 48
9007 3136 71
9007 1352 73
9007 11 37
8164 8306 64
8164 2818 9
8164 8153 98
8164 6262 76
8164 3277 38
8306 5393 72
8306 2711 30
2159 321 77
2159 9077 40
2159 87 44
1286 2330 7
1286 5961 87
1286 7735 83
1068 3016 60
1068 77 34
1068 241 45
2991 5888 94
2991 1260 54
2991 3160 35
4437 4821 59
4437 4923 8
4437 9315 50
4437 5892 22
5443 4051 24
5443 6142 50
5443 9773 31
5443 6362 87
1713 8199 55
2169 8673 12
2169 7555 49
6469 2717 46
6469 8024 9
6469 1182 45
4881 6339 67
4881 2413 90
4881 5998 1
4881 3078 65
6339 7128 90
6339 2964 3
8173 6312 34
9 2701 85
2954 4040 28
2954 181 30
2954 6525 11
3411 5148 51
5148 153 10
5148 9863 34
5148 7826 40
7961 5572 43
7961 8754 5
7961 5264 67
2461 6207 64
2461 7200 78
2461 6909 33
791 9002 38
791 2327 66
791 4653 31
791 7028 90
791 4784 24
9002 7744 97
9002 7559 69
9002 1197 15
2069 7175 43
2069 7263 7
2069 7630 89
7175 7482 29
7175 1511 77
6965 4655 79
6965 8391 40
6965 322 95
4830 8689 49
612 7724 43
612 3650 69
612 2622 36
612 4603 88
7724 1322 48
1228 5778 43
1228 526 75
1228 6719 6
1228 6428 57
5778 8070 54
5778 5609 78
5778 1959 86
4454 4246 62
4454 78 1
4454 2214 42
6725 6360 50
6725 5808 45
6725 4700 93
6725 2466 2
7484 9732 92
410 3833 11
410 9138 31
3833 9910 92
3833 4295 52
6852 6400 38
7142 8944 39
7142 2925 55
7142 7174 41
7142 7959 14
8944 9068 75
315 6500 28
315 7502 91
6513 1732 65
6513 9712 24
5078 6422 63
5078 4153 56
2074 6179 22
2074 9308 74
2074 3254 1
2074 3856 16
6179 8538 6
6179 95 44
6179 6235 33
6559 1611 98
6559 6645 11
5519 4748 11
5519 9600 81
2324 3321 93
2324 2242 93
2324 3753 99
2324 4286 93
2324 7848 72
3321 4674 29
3321 6939 15
3321 1331 24
3321 6584 82
5087 2265 57
5087 6304 87
8225 7706 35
8225 6802 16
8225 2449 29
1799 2160 45
1799 8507 17
1799 7394 22
2160 4159 64
4259 4846 27
4259 8210 63
4259 3549 40
5090 6058 15
5090 4068 14
5090 5854 59
6058 447 69
6058 5746 33
6058 6719 65
6058 3489 4
5313 9513 53
5313 3802 68
5313 7630 13
9513 4971 19
9513 6126 6
9513 6697 3
6297 920 11
6407 7254 65
6407 3779 54
6407 1250 63
2152 4803 37
2152 6417 32
2152 4934 28
2152 5207 89
282 4796 34
282 1308 26
9708 9448 58
9708 740 24
9708 7839 42
5554 6359 53
5554 4002 36
5554 847 96
5554 3660 49
6091 7308 94
6091 4013 39
6091 439 77
6091 3829 84
3742 4456 41
3742 3396 93
3742 8633 92
3742 1431 78
4456 6050 89
4456 7193 49
4456 8519 65
4456 25 90
5196 7773 11
5196 3394 44
5196 1484 44
5196 8275 20
5196 8727 28
7773 7712 31
1500 6914 91
1500 3840 41
1500 2932 97
1500 5217 63
7457 6860 28
7457 520 9
9254 8187 44
9254 3236 27
9883 3885 20
9883 1909 25
9883 8709 20
5224 9634 83
5224 7293 81
5224 6608 91
860 9137 82
860 6093 17
5182 5781 46
5182 9853 88
5182 6654 42
5781 7306 71
5781 6998 71
7896 2559 56
7896 4453 83
7896 5542 19
4214 8773 13
4214 5527 24
4214 4954 2
8773 1221 45
8773 2227 2
9034 7799 48
9034 7710 26
9034 2265 75
5301 7543 53
5301 9430 77
5301 6223 75
5301 9025 96
5301 8327 92
7543 8287 40
7543 8121 19
7543 3298 23
5581 9812 80
5581 8304 36
5581 9448 26
9812 5849 81
9812 8125 73
2467 6579 9
2119 6032 51
2119 974 97
2119 9410 12
6032 2977 22
6032 8486 85
6032 7368 88
9127 9506 63
9127 4862 50
9127 8137 9
9127 2542 92
9127 9440 36
9506 2646 67
9506 7843 3
1750 6318 55
1750 442 29
1750 2717 2
333 9331 31
333 5373 62
333 9175 26
9331 2034 67
9331 6232 13
7743 6145 15
7743 2819 61
2401 9286 86
2401 9386 40
2401 5402 46
2401 280 4
9286 22 52
9286 2382 75
9286 6768 90
5831 63 88
5831 7115 96
847 7458 42
847 460 67
847 6850 82
7458 313 58
7458 8500 66
922 6289 48
922 8535 33
922 4417 27
922 2811 98
6289 2816 70
6289 1090 60
6289 7596 94
7941 8870 64
3394 9740 30
3394 1920 2
7390 6635 36
7390 916 49
7390 6727 64
9632 1567 55
9632 165 41
9632 2521 49
9632 234 6
2464 3098 64
2464 4761 42
8669 3409 28
8669 7040 55
8669 2304 6
3021 6496 58
3021 4695 20
3021 3732 57
3021 4708 47
6496 7434 38
4120 9622 58
4120 3189 79
4120 3024 91
4120 9408 75
4120 8088 37
9622 3909 20
9622 140 37
9622 202 95
8176 9418 49
8176 77 96
9418 9791 21
9418 7715 3
901 4634 54
4110 9284 86
4110 4272 59
4110 6761 56
4110 1576 1
9284 9411 39
2284 8081 31
2284 826 39
2284 8652 26
2284 3058 19
2284 3758 19
8081 7412 71
8081 6133 65
8081 3986 33
8081 7782 81
3682 4683 90
3682 9713 79
3682 1989 10
3218 9870 93
3218 4552 39
3218 8320 87
2903 4154 47
2903 2738 96
4154 7104 59
4154 5570 62
3694 7127 46
3694 6439 3
7127 1431 69
7127 5674 2
7127 6996 2
7127 4503 71
1534 4550 70
1534 8258 95
1534 9629 53
1534 1759 95
1534 7066 31
4550 3957 95
4550 9680 90
4550 4041 42
1352 9220 69
5285 4477 6
5285 5297 70
1259 3564 9
1259 9582 19
1259 3300 20
1259 1923 28
1259 2082 10
3564 6366 55
8822 9669 16
8822 8672 85
8822 3927 86
4272 9211 44
4272 161 74
9211 3294 11
9211 1040 19
9211 2109 18
2667 4412 75
2667 8096 47
2667 9308 21
2667 9813 65
4412 767 22
4412 2447 84
6405 7647 23
6405 1985 22
6405 9790 36
4151 6209 63
4151 5134 29
2781 9014 6
2781 3380 6
2781 5739 79
9049 1723 38
9049 8870 70
1889 7537 78
1889 9767 33
1889 1287 54
1269 6480 12
1269 7753 51
1269 6845 59
6480 6666 74
6480 3506 29
6480 5533 57
6480 9190 27
1281 5551 51
1281 5230 22
1281 5154 3
1281 7631 87
5551 7146 97
3189 2568 58
3189 6479 90
3189 6565 86
3189 5939 5
5879 8798 7
5879 3738 95
5879 3827 19
5909 7775 10
5909 724 95
2493 5521 46
2493 5568 46
5521 4726 10
5521 3734 51
5521 8827 78
5521 7238 99
3371 3525 41
3371 2874 47
3371 1369 60
3186 4172 65
3186 6880 53
3186 334 93
3186 4138 3
4172 4552 78
3726 7584 12
3726 148 4
3726 2631 62
6132 2327 56
6132 4789 73
6132 5657 89
6132 3044 19
4577 8638 20
8638 6549 37
8638 3758 36
8638 7235 80
6566 9081 42
6566 5013 100
6566 3625 48
9081 4701 65
9081 4586 21
9081 4082 67
9081 7923 22
4245 7899 64
4245 7212 90
4245 5771 8
7899 6710 7
7899 212 96
8811 1403 74
8811 3427 48
7160 6267 9
7160 2769 48
3969 4059 13
3969 2047 52
3969 4347 33
4059 8262 13
4059 5374 5
3290 7154 56
3290 5352 76
3290 67 38
7154 4707 87
7154 6738 100
399 4870 99
399 4911 51
399 4887 60
506 5662 83
506 9229 37
9532 6013 93
9532 3867 58
9532 1812 4
3987 2482 73
3987 3386 11
3987 782 90
1881 7370 85
1881 1592 1
1881 8182 22
1881 611 52
7370 6954 53
7370 6014 89
7370 473 93
8400 8990 6
8400 8605 43
8990 5888 51
8990 3105 67
3486 9136 57
3486 367 71
3486 1156 38
3486 9837 6
3486 3683 84
9136 6377 24
9136 2457 43
9136 3291 34
6183 9851 87
6183 3205 38
9851 7993 51
9851 1122 11
9851 2134 56
2754 7456 1
2754 9310 89
2754 3815 4
5097 1858 27
5097 5108 72
5097 9476 98
5097 4336 54
3274 9582 92
3274 6500 38
3274 8486 82
3274 5018 76
8339 9626 84
8339 7176 61
9626 1367 71
9626 2861 32
9626 8150 29
9626 6677 41
9378 7416 92
2449 8523 27
2449 4075 43
2449 4167 39
4602 2809 75
2877 6934 48
2877 3110 91
2877 1123 85
2877 8194 27
6934 5524 64
606 1143 15
606 3092 81
606 2394 62
1143 4126 72
1143 580 20
7386 6961 37
7386 3226 19
7386 111 92
9174 9673 11
9174 1998 8
9174 4142 2
9673 6396 79
9673 6890 10
5473 7923 11
5473 1821 65
5473 385 49
5473 4026 18
7851 4044 70
7851 4700 34
7851 2654 63
7851 1404 72
808 1277 60
808 8242 53
808 2286 16
808 3897 39
1277 1499 58
1277 7869 55
1277 3665 71
5770 4763 13
5770 3499 26
2093 7791 76
2093 5364 81
2093 7650 22
7791 852 2
7791 1697 93
7791 7019 87
7791 8174 83
6209 9328 41
6209 9014 14
9328 177 39
9328 1144 10
9328 4078 4
9328 1469 93
3396 3172 84
3396 8469 1
3396 935 29
3347 7233 31
3347 1313 21
3347 951 90
7233 3261 99
7233 3246 34
7233 4648 32
7412 8599 38
7412 6379 92
4432 5765 71
4432 1821 78
4432 7327 47
4432 4888 28
4432 3485 22
5765 8338 61
5765 4495 54
5765 2900 1
1779 653 41
1779 4774 75
1567 3531 10
1567 5423 79
5230 6868 88
5230 5545 69
2189 8788 90
2189 738 60
2189 310 65
2189 6771 87
8788 2153 94
6949 7210 4
6949 2020 88
6949 5961 1
4224 305 37
4224 629 5
2132 4864 43
2132 4791 90
2132 4443 86
921 1777 8
921 5189 29
4176 8040 55
1802 778 64
1802 5838 22
1802 6550 8
67 2689 10
67 7215 60
67 6831 22
2689 6702 48
3699 5190 10
3699 3955 41
3699 9600 54
5190 467 31
5190 3549 30
794 8732 42
794 9976 77
794 4858 99
4908 1961 87
4908 9714 33
2749 6859 32
2749 1454 56
2749 5366 81
2749 4439 95
6859 2377 3
6859 489 97
8189 8257 37
8189 7017 25
8189 2833 65
8189 879 46
8257 5592 25
8257 8616 30
8257 5873 2
8257 7523 74
8743 9667 36
8743 5003 42
4890 6161 8
4890 8053 9
4890 1528 58
4890 6160 20
6161 7690 13
6161 4217 81
6161 6574 80
6550 2085 80
6550 5985 71
6550 5638 3
693 8577 27
693 3573 8
693 5095 69
693 814 67
8577 7276 81
8577 8651 44
4234 9408 33
4234 7844 52
4234 7971 32
1730 7819 25
1730 1773 23
1730 4862 70
7819 3535 20
7819 1907 26
7819 4970 12
9494 5540 21
7612 3814 98
7612 4485 81
7612 5769 76
7612 2737 19
1834 3446 71
3446 169 63
3446 2848 17
5485 8441 6
5485 4218 16
5485 1981 73
5485 6435 5
5485 414 77
8441 35 43
8441 2124 76
1039 2489 41
1039 9144 16
1039 929 52
5607 5229 90
5607 8529 28
5607 5259 25
2459 9133 26
2459 9028 61
9133 406 90
9133 5295 54
9133 8419 31
9133 1011 1
5549 3716 98
5549 5659 18
5549 4378 99
1474 3850 50
1474 8541 30
1474 1751 29
1474 1674 23
3850 4655 56
3850 6380 8
6128 8668 93
6128 5456 79
6128 5213 38
6128 5961 78
6128 4598 78
8668 128 57
8668 4061 2
8668 8212 71
784 6786 40
784 5975 29
784 7379 44
6786 6212 26
6786 7506 77
4785 6764 25
4785 5378 51
4785 3073 67
8881 3565 70
8881 4589 31
8881 1664 10
2109 2496 36
2109 779 82
2496 244 58
2496 8241 77
2496 6928 81
9638 3488 5
9638 3511 74
9638 1681 87
9638 5128 29
5412 6219 34
5412 1613 57
5412 2657 73
5412 3972 46
5412 1724 60
6219 9779 69
6219 5124 81
6219 5530 85
5390 9843 65
5390 684 4
9843 5763 51
9843 7587 99
9843 5155 51
1850 7870 52
1850 5264 52
1850 4611 96
7870 9483 27
7870 2008 9
7870 2936 18
6403 4220 88
6403 1733 78
6403 7411 28
8296 5479 47
4809 5552 26
4809 2587 38
4809 4501 75
4809 9880 87
4809 5318 60
5552 1724 13
5552 4665 31
5552 8124 82
8385 1397 80
8385 8541 42
8385 8598 86
8385 3724 15
371 9599 78
371 5006 21
371 5173 54
9599 5106 41
9599 3052 27
1166 4128 87
1166 5613 67
2265 2985 2
2265 2412 39
2265 3702 17
2985 1048 98
2985 2392 49
2985 13 82
1755 2329 61
1755 2773 27
6920 5330 50
6920 7042 21
2124 2753 69
2124 4240 98
2753 5275 47
2753 7691 42
5578 5891 83
5578 2212 7
5891 6304 31
8117 2178 91
8117 6836 1
8117 2032 95
6591 7745 77
6591 9970 7
6591 5319 56
6591 129 51
7745 6076 97
7745 4899 54
7432 8361 79
7432 5961 47
7432 5743 73
7432 4369 32
8361 588 1
1717 2837 9
1717 8916 22
6808 6021 55
6808 3301 93
6808 2442 60
6808 2734 60
4993 6369 75
4993 8150 6
4993 9998 37
4993 50 74
6369 2316 38
6369 5299 32
5992 882 45
5992 9977 52
5992 5547 36
1123 6736 3
1689 3175 23
1689 3096 90
1689 9777 37
1689 7964 80
3175 475 72
3175 3668 51
3175 9829 29
6230 4696 84
6230 2029 7
6230 8204 1
275 1916 84
275 629 16
275 2280 30
275 1784 1
1916 5104 39
1916 3559 45
1916 4615 80
5647 2865 9
5647 9878 22
5647 5540 73
5640 6245 73
5640 4037 19
9881 4387 71
6287 2596 49
6287 8741 87
6287 417 74
1784 1088 37
1784 8335 57
8427 8916 2
8427 4022 57
8427 8073 11
3109 5975 26
3109 128 50
3109 2824 75
6059 8169 85
6059 9633 17
3775 8381 41
3775 2792 14
3775 9850 78
3775 6187 28
8768 9848 66
8768 5251 22
1397 4929 12
1397 7886 12
3776 4300 69
3776 367 47
3776 4001 36
7637 8971 63
5300 7185 54
5300 5706 70
5300 414 75
5300 9765 27
5300 5063 78
7185 1723 91
7185 1248 78
7185 2145 36
1535 3196 38
1535 3180 12
1535 1867 21
1535 5100 38
4568 9860 91
4568 8199 61
7359 3624 1
7359 4553 66
7359 7922 29
7359 8943 100
2936 2027 49
2936 1756 46
2936 391 95
7852 3406 69
840 1270 35
840 9973 21
840 805 41
1270 1369 76
1270 6417 41
117 121 71
117 5505 71
117 2840 94
121 2104 92
5583 3617 36
5583 8819 74
1877 7324 37
1877 9745 46
1877 7883 54
6143 9917 57
6143 4267 73
9917 9511 50
9917 9318 74
9917 6696 54
465 3463 45
465 1260 27
465 9027 45
465 1442 92
3463 9488 32
3463 1984 21
3463 5545 17
1405 7273 1
3524 7765 53
3524 9960 86
3524 9533 60
7765 8504 48
7765 8034 1
3056 8828 53
3056 199 59
3056 9973 70
3056 6005 64
3056 1303 96
8828 1316 95
8828 8155 98
2837 7966 12
2837 9415 43
2837 2980 24
2837 2402 34
4533 1371 37
4533 5976 18
2711 1999 62
2711 7554 40
536 9860 40
536 799 76
536 4435 55
1369 3438 14
1369 7317 74
1369 7330 67
3438 3479 90
3438 5135 92
3438 266 28
3438 8010 67
390 3905 67
390 438 34
390 4672 19
390 7409 56
8891 1990 66
8891 4933 47
5661 6864 84
5338 9092 42
5338 6100 12
5338 2545 56
9092 6258 68
9092 9183 18
9092 4999 31
9092 6372 16
8233 984 89
8233 5139 10
8233 122 66
6565 122 5
6565 134 33
6565 559 26
6935 6487 80
6935 7602 9
6935 5114 87
2540 6778 1
2540 692 69
6993 8720 53
6993 6761 68
6993 4426 34
145 7914 86
145 7066 3
145 711 99
145 8840 80
145 298 36
7914 5420 46
7914 9770 33
7914 9608 1
5494 658 49
5494 1022 47
1013 6596 91
1013 5783 66
3593 4821 77
3593 9252 82
3593 2225 92
4821 331 69
4821 1472 69
7278 8646 42
7278 249 45
7278 5705 77
7278 6572 44
8646 6098 99
8646 7056 5
2670 9276 89
2670 9496 35
2670 6341 92
9276 235 99
9276 4656 71
9276 9692 71
2404 1807 91
2404 638 2
2404 1454 41
1313 4579 28
1313 1380 94
4579 2236 81
4579 5707 1
6973 2138 6
6973 8500 42
6973 4877 6
7646 1401 36
7646 5304 73
7439 8190 4
7439 7971 51
7439 2542 91
8190 8515 60
8190 7812 84
8190 449 88
720 1032 63
720 6204 14
720 4703 35
1032 4502 31
1032 9956 94
1032 3992 88
144 9732 36
144 238 19
9732 989 86
1608 7410 11
1608 2447 60
5345 7296 54
5345 5060 77
8763 1542 17
8763 2758 60
8763 36 52
3937 5920 72
3937 3581 54
3937 8837 63
3937 5939 80
5920 698 16
5920 9433 37
5920 9767 47
7145 3309 49
7145 9346 69
7145 1682 16
7145 5295 43
5296 5967 90
5296 9530 5
5296 9609 91
5296 1818 47
5967 1274 39
5967 7316 45
5650 6465 98
5650 1322 26
5650 9402 97
5650 392 57
5650 9111 5
6465 8547 31
6465 5761 22
1776 3649 48
1776 5753 90
1776 2854 19
887 7746 18
887 4213 54
887 8324 68
887 9289 82
7746 3132 25
7746 3329 51
7746 2445 25
7746 6720 21
1622 4673 92
1622 8765 40
1622 3013 33
1062 1545 39
1062 8681 60
1777 4282 25
1777 6574 83
1777 1592 64
4282 2419 26
4282 3237 13
4282 2475 81
8831 9444 87
8831 3633 38
8831 7838 58
8831 1979 50
9444 673 3
9444 6962 23
4128 5956 61
4128 6684 99
4128 3247 77
4128 8580 50
3739 3841 60
3739 8299 8
3739 2644 43
3739 1999 49
3739 7947 1
3841 9327 98
3841 8576 44
3841 2750 43
6259 8616 59
6259 6001 61
6259 2709 64
6259 6944 32
8616 591 5
8616 2537 10
4853 7999 86
4853 4390 46
4853 276 32
4853 2521 18
4853 2988 96
7999 7748 58
7999 8318 69
7999 8981 51
7036 9247 10
7036 305 34
7036 5038 48
9247 2261 7
9247 8680 39
2335 5714 76
2335 1128 78
2335 2848 8
2335 3028 39
5714 2957 11
5714 3722 95
3832 9667 19
3832 8131 13
3832 2574 96
3832 607 55
9667 9371 79
9667 2153 3
4429 7671 21
4429 7419 19
4429 4966 89
7671 7436 93
7671 193 66
7671 4773 39
7671 2115 72
3619 5949 25
3619 3573 80
3619 1757 100
161 4959 41
161 3829 79
161 8702 67
4959 355 46
4044 4073 64
4044 7990 99
4044 16 60
4073 9640 31
4073 4242 12
4073 9448 82
1406 3938 42
1406 3732 21
1406 5505 100
1406 9860 39
3938 4235 22
3938 9534 50
9769 8299 1
356 6366 65
356 5325 40
356 4012 45
356 4118 98
6366 3150 11
6366 4194 60
1554 3092 82
1554 7882 14
1554 750 6
5952 6779 98
5952 714 16
5952 8121 2
5952 3817 24
6779 6678 33
1821 4338 97
1821 967 2
1821 1745 14
4338 7188 56
4338 5034 27
4338 8072 24
8334 9510 14
8334 2541 47
4697 9714 13
4697 3688 65
4697 6699 96
4697 2679 75
9714 5437 81
9714 5266 30
5913 8738 24
5913 5200 52
5913 6025 41
9741 9117 98
9741 244 53
9741 8066 27
6954 1767 58
6954 4715 80
6954 6712 61
2546 7070 53
2546 1921 1
2546 2866 1
1849 8318 29
1849 4160 61
1849 5682 70
5483 8529 26
5483 9335 14
5483 3599 93
5483 9242 38
5483 9801 85
8529 3599 16
8529 4527 67
8529 9765 82
8029 9829 97
8029 9354 94
8029 9291 38
8029 2713 98
9829 2198 56
355 4163 16
355 1513 50
2568 3575 78
2568 9727 90
2568 9623 40
3575 9613 30
3575 5673 27
3575 8610 67
3575 1788 21
3343 3571 98
3343 654 24
3343 8064 72
3343 8605 72
3343 1461 41
3571 6526 77
3571 4661 71
3571 1113 61
5234 5192 18
5234 2718 42
5234 1665 43
5234 6669 42
7926 8546 12
7926 475 99
7926 4117 55
7926 140 63
8546 3208 46
8546 926 38
8546 3851 28
517 941 34
517 5024 90
517 2129 12
517 5171 33
517 4852 7
941 9731 11
941 3125 100
941 3391 73
5818 1543 50
5818 6115 77
5818 2199 17
1480 7404 96
1480 7897 67
1480 3010 75
1480 1011 14
7404 9306 99
7404 648 39
7404 599 38
5475 8658 89
5475 2865 25
5475 5250 41
5474 5568 91
5568 6572 39
5568 1167 57
3525 2067 42
3525 8282 27
3355 6964 13
3355 7831 14
3355 3688 4
3355 2919 90
6964 3098 53
6964 5126 23
6964 327 38
6964 1869 92
1288 5140 41
1288 2287 25
1288 353 71
1288 1759 78
1288 4297 68
5140 8432 44
5140 1448 16
9575 2215 54
9575 6344 67
9575 5644 65
7358 7174 43
7358 6981 24
7358 7182 55
2138 6290 22
2138 4670 90
2138 7757 59
1401 9489 87
1401 1635 59
1401 4953 25
1953 8913 48
1953 801 87
1953 4027 67
1953 2751 79
8913 5082 75
8913 1129 39
9794 3137 36
9794 1711 98
9794 632 100
4401 4952 29
4401 4188 11
4401 3909 87
4952 4932 64
4952 5594 37
3009 4233 45
3009 4226 66
3009 8939 87
3009 8236 60
4233 1870 11
4233 1712 75
4233 7707 2
4233 8037 81
2356 7051 17
2356 336 97
2356 985 84
2356 3675 58
7051 6299 34
7051 9118 2
7051 4350 47
4812 731 50
4812 6077 81
4812 7301 59
3372 5978 90
3372 1520 60
3372 1870 44
3372 594 39
3372 3004 8
5978 4981 93
5978 9966 77
2518 8318 49
2518 1820 73
8318 4717 40
8732 7023 88
8732 531 52
590 3069 53
101 2143 19
101 8686 78
101 580 57
2143 9949 25
5557 7305 4
5557 7338 32
8632 5630 94
8632 8163 42
8890 5547 65
8890 7349 32
7109 9329 66
7109 9765 55
7109 7580 73
3817 4500 74
3817 990 86
3817 9586 21
3817 3456 14
4500 4778 33
6509 8847 23
1315 5150 96
1315 5114 62
3813 6468 15
3814 1702 98
3814 9707 34
3017 4090 21
3017 5270 35
885 7451 5
885 733 75
6573 6831 51
2508 1806 51
2508 4586 94
2508 1731 14
2508 4575 34
5432 9209 85
5432 9138 19
9209 573 7
9209 7885 100
9209 9620 70
9209 2373 58
7993 1686 22
7993 8986 2
7993 6603 14
9879 2384 81
9879 5689 29
9879 6376 15
9879 968 77
45 1214 48
45 866 40
45 704 44
45 737 74
1214 1435 80
1214 8226 24
1214 6356 90
6913 1990 26
6913 5962 13
7614 5126 16
7614 7471 73
7614 2379 17
2482 5954 18
2482 8874 19
2482 5052 92
2482 6482 16
5954 4458 12
5954 6151 98
5954 2419 47
9289 8462 76
9289 7251 73
7652 8150 47
7652 1196 29
7652 1984 63
5595 8799 49
5595 5456 2
5595 5105 30
5595 7028 30
8799 1178 8
4463 7253 32
4463 9933 17
7253 7172 77
7253 7234 92
7253 3111 44
179 5351 12
179 1221 62
179 2144 41
179 2303 75
179 5609 18
6771 7449 73
6771 1948 81
6771 3639 20
7449 2024 23
7449 8530 50
7449 6712 94
7449 9832 43
3577 8557 5
3577 4826 48
8557 3908 80
4316 9478 63
4316 7226 1
4316 5730 75
4316 4450 71
1999 1957 90
1999 9085 44
5295 7756 19
5295 425 73
7756 5217 47
7756 8524 38
7756 9257 28
3994 8796 60
3994 3582 48
3994 643 92
446 8285 15
446 5748 36
446 2126 11
7346 8953 68
7346 6011 71
8258 2883 1
8258 2632 18
1217 8551 94
1217 3509 72
1217 1677 70
1217 9159 55
8551 4291 71
8551 1206 7
5966 6648 50
5966 2332 14
5966 5702 35
5966 1399 48
6648 8584 86
6648 1450 66
6648 4862 89
3911 1167 15
3911 5873 25
3224 7099 41
3224 2826 4
3224 2654 53
3224 5423 13
7099 2549 15
7099 9004 4
7099 8533 59
7099 6155 76
1061 7257 51
1061 1131 94
1061 8226 38
1061 1306 65
7257 9388 55
7257 2428 77
3012 4964 82
3012 7957 6
3012 654 3
3012 8000 24
4964 9697 60
4964 5132 61
4964 2853 31
8348 1905 18
8951 290 20
8951 7315 39
5941 6187 37
5941 9383 53
5941 3132 31
5941 192 65
6187 8315 92
6187 6515 29
1594 890 19
1594 4143 33
1594 2514 95
588 3236 51
7932 7947 64
7932 4953 20
7932 9460 67
7932 443 68
6797 7506 79
6797 3961 96
6797 907 81
5150 5284 20
5150 5070 52
5150 8543 51
5150 7799 59
5284 5095 39
5284 9320 26
5284 3471 92
7223 9370 31
7223 5067 68
9370 1173 30
9370 6718 67
6109 7204 54
2366 8926 7
2366 4126 29
2366 290 7
616 2453 47
616 516 41
616 7887 80
616 1630 70
2453 6039 79
2453 2352 66
5517 2474 24
1943 5406 14
1943 4333 62
1943 911 7
1943 8942 99
5406 523 4
5406 5887 95
5406 4759 16
2669 6072 97
2669 7297 20
2669 8696 15
2669 4208 35
2669 2269 10
6072 6892 21
6072 1673 71
5112 8183 25
5112 3946 2
5112 6147 45
5112 4135 21
8183 5215 73
8183 7655 1
3286 4728 46
3286 3952 44
3286 2811 72
4728 222 13
4728 2576 94
4728 5601 6
1126 9600 4
1126 7627 37
816 7587 94
816 8471 100
816 5760 56
7587 8351 70
2150 4927 89
2150 2380 67
7703 7091 65
7703 5524 51
1276 5193 26
6391 9156 79
6391 8762 23
6391 5575 23
6391 2297 91
214 6585 75
8847 9719 75
701 8926 92
8926 9993 86
8926 8308 6
852 9095 28
852 8941 13
852 7411 69
9095 950 84
9095 3104 20
9095 5038 37
3844 4301 32
3844 5261 33
8542 4180 57
2364 7664 27
2364 8882 18
2364 2458 95
2364 4634 79
2364 5553 71
7664 9588 9
7664 4478 79
936 6699 58
936 6870 56
936 4238 98
6699 2500 12
6699 8338 35
6699 3115 39
136 3640 85
136 8280 61
136 71 90
136 7635 6
3640 3060 83
2844 6022 88
2844 3771 67
2844 5334 94
6022 5479 5
6022 6373 55
5899 4505 85
5899 4683 60
5899 731 56
7379 5119 39
7379 9888 41
3160 8887 54
3160 768 71
3160 5201 77
8887 8261 20
8887 1616 18
8887 4660 95
3902 4926 87
5628 6332 18
5628 9046 16
6332 3540 77
6332 178 60
1429 3225 46
1429 2987 100
1429 9860 42
1429 9189 36
3225 9675 29
4490 8354 3
4490 7464 43
4490 4363 37
4490 386 4
8354 9485 31
4875 8165 98
4875 897 93
4875 6878 80
4875 1770 12
4875 8274 56
8165 4012 48
8165 8063 36
8165 7170 77
8165 74 67
9152 493 16
9152 4185 37
5644 7215 32
5644 1930 77
5644 8527 51
5644 5139 27
7215 8275 64
3068 7204 35
3068 8759 86
3068 9304 28
7204 2874 91
7204 9607 67
7204 3395 9
8515 7788 41
8515 7105 7
1197 2286 2
1197 8095 20
1197 9982 12
2286 1990 90
2286 9065 5
5402 8621 90
8621 6479 23
8621 7282 61
8621 8761 64
6835 5103 74
6568 8997 46
6568 6879 100
8997 643 94
408 7495 25
408 8538 92
408 3119 67
408 9523 65
7495 7712 9
7495 1811 95
7495 8051 27
5540 3413 48
5540 7128 80
5540 8528 64
5892 1920 50
5892 2098 27
5892 6479 27
3509 9017 26
3509 7001 56
3509 147 9
3509 5759 81
9017 9173 8
9017 3492 76
9017 1081 8
7102 3617 41
7102 104 80
7102 4485 55
9550 8543 55
9550 5657 41
8728 5950 73
3516 6963 58
3516 479 90
3516 8856 17
6963 4537 44
1109 3542 19
1109 5905 39
21 5061 23
21 976 41
21 5446 65
605 5915 80
605 2992 19
605 5128 68
605 5157 45
5915 2512 18
5915 8851 60
803 4925 49
6788 3715 64
6788 8477 80
6788 5166 23
4787 5850 26
4787 9919 21
5850 4832 90
5850 2895 74
5850 8695 58
1402 3980 18
1402 5070 61
1402 2663 16
1402 8159 9
3980 6802 63
3980 2134 71
6869 5683 51
6869 9070 17
5691 9420 24
5691 2745 100
5691 6624 18
7892 8053 32
7892 8962 14
7892 663 66
7892 1714 93
8053 9033 83
8053 9816 47
737 1928 94
737 9699 17
2782 5254 30
2782 3662 22
2782 7713 78
2782 7534 6
5254 973 65
5254 6045 90
3222 4772 13
3222 1024 67
3222 5694 28
4772 2175 45
4772 3491 60
4772 6260 93
9850 53 80
9850 8917 41
3743 7103 40
3743 244 9
3743 8288 63
3743 4125 42
3743 2750 68
7103 9424 58
7103 5713 48
9383 1515 11
9383 9018 55
5516 2723 46
5516 8267 51
5516 1380 88
5516 7553 10
6140 8280 11
6140 4861 48
8280 7067 27
9190 2967 59
9190 7636 99
49 1992 70
49 8803 99
995 9617 10
995 6442 65
995 5675 11
995 4265 84
9617 1656 67
4501 3839 35
4501 7942 16
4036 1261 67
4036 6872 8
9424 8588 8
9424 1181 87
3243 8227 95
3243 6697 17
8227 7415 44
8227 3233 23
8227 8446 50
1354 7456 5
1354 4941 61
1354 4755 91
7456 2134 21
7456 8933 49
7456 2900 74
4320 7622 38
4320 866 3
4320 2488 43
4320 8174 62
948 7677 40
948 8267 28
948 6572 24
948 749 69
7677 1816 8
7677 7340 43
667 3493 83
667 357 80
667 4325 4
667 384 53
667 9030 9
3493 2820 74
3493 1897 84
3493 134 65
4466 6387 43
6344 1572 91
2445 9536 27
2445 7662 85
9536 4472 13
9536 1650 68
9536 3137 53
4535 6621 67
4535 9699 26
4535 9080 13
6621 2162 79
6621 8259 53
4813 5811 80
4813 2645 52
4813 8021 55
4813 9185 51
5811 973 9
5811 463 38
8229 5165 69
8229 802 60
8229 7603 80
8229 2575 2
9423 2521 43
7217 4191 92
7217 5635 9
7217 7975 21
7217 4015 51
8223 8650 41
8223 9476 90
8223 8889 21
8650 3706 4
8650 107 22
6239 6299 79
6239 6898 9
6239 2573 70
6299 7095 94
6299 5683 3
322 2852 17
322 3282 51
4290 1627 41
4290 9693 16
4290 5392 14
630 1867 47
630 1387 2
630 8044 53
1867 9476 83
1449 1838 92
1449 72 41
1449 2194 27
4757 4053 71
4757 123 67
2302 1051 95
2302 3683 78
8006 8900 86
8006 5873 7
2661 9137 25
2661 4520 54
2661 2270 93
9137 8289 62
9137 9945 24
854 2514 69
854 620 15
854 3207 95
854 6001 90
2514 8136 30
3546 1466 65
3546 4731 52
3546 5518 63
4232 9040 78
4232 7610 22
9040 134 14
9040 7726 67
9040 8144 54
9040 6204 27
3081 5659 69
3081 259 51
2993 5153 10
2993 3013 97
2993 3054 15
5153 7450 18
5153 8455 79
5153 634 73
3829 8443 90
3829 1350 14
9975 5550 89
9975 6830 36
9975 9898 42
8191 9088 91
8191 5502 4
8191 8051 54
8191 6942 94
9088 5564 29
9088 9105 88
9088 9968 46
6318 8898 44
6318 338 16
6318 3442 78
9009 7553 13
9009 4803 40
5053 7095 13
5053 9161 70
5053 1383 52
5053 9435 70
5053 5130 28
3107 5790 30
3107 9555 22
3107 1364 82
3107 1572 66
3107 3637 97
5790 3360 69
5790 7880 15
5790 2008 67
1675 3952 90
1675 2070 83
1675 9870 1
1675 6358 33
3952 223 57
3952 1306 100
2181 4312 76
2181 9614 58
2181 1006 46
4312 7098 51
4312 7997 90
4312 5566 25
7480 6227 50
7480 640 6
7480 7794 4
2622 5374 91
2622 9718 49
7413 9144 52
7413 7083 7
9144 1972 66
9144 9074 49
9144 3356 18
3035 6260 31
3035 2922 97
3035 1381 30
1442 1879 100
1442 7384 77
1442 802 32
1442 6228 62
1879 9792 81
1879 5824 16
4413 6361 61
4413 7610 36
4413 557 17
6361 1917 20
6361 4462 38
6361 7887 46
6361 1996 25
459 8535 85
459 2794 6
459 3698 79
459 8762 10
8535 6138 76
2161 2975 41
2161 8205 82
2161 8181 4
5564 182 94
5564 8597 84
9477 4553 51
4640 5838 6
4640 6950 29
7548 310 48
7548 6841 27
7548 7272 53
5334 9565 51
5334 422 90
9565 1770 9
9565 6019 93
4971 7137 38
4150 742 65
741 9484 88
741 3764 12
741 6777 86
741 8733 4
8923 7450 84
8923 6425 91
8923 2249 32
8923 4300 34
8477 4668 21
8477 3414 11
965 5266 16
965 8133 65
965 974 98
965 32 11
965 301 6
5266 1979 52
5266 3557 67
5266 1261 8
6135 5050 45
6135 3945 48
6135 4100 36
3650 3150 31
3650 5015 29
3650 1653 4
3836 2824 87
3836 6666 31
3836 5959 98
8096 9612 53
8096 8633 26
8096 6678 8
8096 4250 28
7087 7415 30
7087 5546 34
7087 8214 83
1430 7673 97
1430 8495 64
5023 1099 58
205 7886 32
205 7615 82
205 2655 12
205 9841 18
66 4439 35
66 1107 26
1560 1400 58
1560 9297 69
9294 5091 28
9294 6878 10
9294 1929 89
9294 1399 100
8719 8910 88
8719 128 54
8719 9310 51
8601 5001 88
8601 6012 82
8601 3873 88
32 873 84
32 6051 78
32 9630 96
873 1215 22
873 9750 59
873 9807 43
5482 2713 96
5482 6298 29
5482 8254 29
1218 2655 63
1218 3367 91
2655 8690 75
9723 4099 64
9723 1186 7
9723 543 1
9723 5467 1
3237 7444 90
3237 597 8
3237 5451 67
7444 2962 71
7444 9435 87
4586 676 29
4861 9637 71
4861 4536 73
4861 1094 28
9637 2070 15
9637 2092 57
9637 9240 46
6186 6882 27
6186 8131 79
6186 2288 46
6882 4390 35
6882 2629 14
6882 1302 68
2431 9451 13
2431 6082 11
9451 3566 70
9451 9252 36
9451 1010 8
9451 2665 83
4929 375 99
4929 2969 33
4929 1031 52
531 6047 41
531 4698 34
531 2202 30
531 134 43
6047 2733 50
6047 4191 92
6047 4133 6
3344 7691 2
7691 8917 79
4326 9478 31
4326 5576 34
4326 2362 6
9478 570 99
9478 6487 38
9478 1366 38
4893 5134 75
4893 8042 36
4893 266 4
4893 1566 36
6166 9953 45
6166 5100 75
5250 743 36
5250 3464 89
4674 4111 91
5535 2089 14
2229 9976 22
2229 4638 47
2229 7600 29
1613 6470 51
1613 5118 85
1613 6172 46
1731 1860 33
1731 5378 92
4676 6450 15
4676 976 5
6450 4916 86
6450 9482 24
1243 3600 4
1243 1728 64
3600 8531 7
1909 6844 55
1909 2779 81
1909 6630 61
6844 5783 46
6844 2615 51
5091 8396 99
5091 1044 65
3693 9631 39
3693 3295 24
3693 8376 11
3693 4945 43
6163 3104 52
6163 4670 67
4846 5996 35
3246 9761 94
3246 7523 29
9761 795 18
9761 4773 42
9761 3170 98
9761 61 82
3172 3270 2
8102 3857 15
8102 8695 72
8102 6943 74
6673 8982 70
6673 3777 68
6673 2468 17
8982 2688 42
8982 8892 35
8982 4669 9
8982 2329 43
7856 2303 50
7856 7553 12
7856 9895 26
2216 7502 35
2216 8771 5
2216 1471 82
2216 6300 4
7502 6305 95
7502 5154 33
1668 328 65
1668 9679 91
1668 1674 96
4565 9197 6
4565 7519 46
4565 971 91
9197 4963 84
3248 5815 2
3248 776 51
3248 907 86
9595 1341 23
9595 8531 8
62 2646 59
62 9275 60
62 8276 48
62 7943 83
2646 2836 49
740 4791 76
740 1587 46
740 4222 75
8709 7944 42
8709 7531 15
2744 5006 16
2744 7633 5
2744 2690 5
9384 3152 95
9384 7992 76
9384 1096 12
3534 9783 100
3534 2038 1
3534 9904 4
3534 329 35
3098 2964 65
3098 4072 45
723 1304 9
1616 6702 48
1616 6451 51
1616 1739 11
1616 8977 64
6702 3036 45
6702 7843 76
8243 8933 20
8243 6880 35
8243 2235 78
8541 8021 13
8541 8281 56
3627 4644 30
3627 1409 81
3627 4502 39
1295 5721 50
1295 1737 88
1295 8861 5
1295 6393 70
5721 5958 62
5721 3512 9
959 6285 20
6062 1256 19
6062 7631 14
6695 9008 90
6695 6939 2
9484 3320 93
9484 5372 51
9484 4810 22
3196 5129 98
3196 1702 45
3196 3330 18
6538 2256 97
6538 247 92
6538 4143 58
8846 4433 64
8846 4270 5
6926 1907 29
6926 1951 61
613 2767 40
613 7163 65
8285 2297 17
8285 8127 100
1440 8704 21
1440 9436 54
1440 6902 41
8704 8733 59
7972 9129 84
7972 4078 7
7972 7197 94
1400 9305 5
1400 9047 10
9305 2419 46
9305 8459 31
9305 8861 61
4186 5339 30
4186 2543 11
4186 9680 36
5339 4562 87
5339 8504 72
5339 895 3
5339 8753 96
6921 9544 79
6921 5979 56
9544 6899 98
9544 8015 86
5888 7628 63
5888 8974 70
2276 4882 42
2276 6478 80
2276 3181 13
4646 5680 25
4646 5794 48
134 3945 46
3945 1923 83
3945 674 40
2412 3287 91
2412 6200 22
8166 9065 11
1101 4111 88
1101 4839 12
1101 5620 4
1101 2791 57
4111 5056 56
4657 9246 9
4657 3445 7
4657 6177 80
4657 1809 84
9246 9631 28
3055 6373 64
3055 5707 83
7676 9046 12
7676 8063 41
7676 1414 58
9046 2765 12
2003 3690 35
2003 2780 61
2003 8010 94
2003 5225 91
3690 2578 16
3690 3674 4
3690 4729 19
3275 2384 60
3275 4083 58
2555 7075 89
2555 9218 64
9460 9231 50
9460 7043 26
9460 4561 78
879 3051 34
879 2137 6
1983 3573 2
1983 3309 35
1983 9608 98
1983 9747 36
216 2878 81
216 3110 41
216 6527 38
1546 5292 28
1546 8605 89
5292 4608 19
5292 8303 32
5292 6836 54
6399 7876 2
6399 8785 34
7876 8071 12
3549 8794 41
3549 9381 76
8794 7183 92
3778 6402 54
3778 8748 58
3778 3491 45
3778 9467 15
6402 5648 91
4358 2673 24
4358 47 93
4358 6080 73
7872 7174 100
7872 1024 64
7872 5354 14
7872 9880 3
412 5713 48
412 6730 62
412 2095 46
412 5373 35
412 8395 6
5713 6663 3
5713 346 66
3445 9970 1
3445 7628 34
3445 8710 73
6207 384 49
7792 862 95
7792 750 34
767 5123 67
767 1290 51
767 460 100
767 1808 22
5123 8739 27
1338 5878 74
1338 8538 25
1338 348 53
1338 3636 34
5878 4724 42
5878 5454 51
2307 3296 80
2307 9633 49
2307 5344 38
3296 7728 24
3296 1694 23
6400 9793 24
6400 2690 53
5229 3596 55
5229 8340 20
5229 1137 1
915 4240 94
915 3228 15
915 5896 59
915 6215 20
915 8797 57
760 7335 8
760 2391 59
760 6848 41
760 5471 38
7335 9665 13
7335 31 45
7335 5736 72
3285 5314 2
3285 7631 35
5314 9016 28
5314 7806 15
5314 4325 36
177 1998 31
2377 4448 25
2377 4058 18
2377 1752 3
4295 4747 98
4295 8810 68
4295 9953 55
1409 8607 5
1409 4773 31
6977 3336 25
6977 7890 47
230 8459 46
230 7854 68
230 7267 83
8459 8194 81
8459 1708 61
137 1388 60
137 689 36
7633 4161 29
7633 2177 11
7633 6193 55
1951 9087 38
1951 2840 43
7245 291 89
7245 11 67
7245 7399 82
2836 7716 55
2836 8373 45
2836 4185 45
7716 4648 11
3087 8467 97
3087 4301 97
1583 7506 91
1583 8373 47
1583 7182 30
1583 5289 55
7506 8694 64
9225 6841 91
9225 1183 98
1773 9323 37
1773 1083 83
1773 1630 4
1773 7395 76
9323 6120 13
9323 8731 52
9323 8026 87
9323 5881 29
4440 8698 7
4440 5161 13
4440 9894 33
4440 1553 31
8698 7997 84
68 3943 54
68 914 45
68 4100 97
68 2738 36
68 9809 68
3943 7799 55
7421 7452 24
7421 9461 3
7421 6290 49
7421 9770 88
7452 3579 73
7452 2142 6
7452 3944 23
7843 8084 13
7843 4442 18
8084 2148 44
8084 4509 99
8084 2980 49
9387 6467 56
9387 5478 42
2111 9503 21
2111 9859 22
2111 1693 35
2111 5074 30
2111 6160 3
4276 4582 34
4276 1630 45
3305 4125 44
6798 3356 15
717 4834 12
717 3330 80
717 379 43
717 2042 88
9712 2095 64
9712 591 18
9712 5763 34
114 8720 82
114 9222 28
114 5652 49
5420 1726 34
5420 8147 98
5420 1058 21
5420 6722 60
4970 8617 34
4970 9676 26
4970 2089 78
4970 6880 3
8617 8696 24
8617 278 30
4340 5969 15
4340 1801 77
4340 8130 81
5969 9647 71
5969 3823 78
3342 6939 6
3342 2576 62
3342 4204 18
3120 4576 84
3120 5374 13
3120 4403 92
3120 6420 83
4576 2838 73
4576 4814 68
4576 2246 46
4561 8282 51
4561 4363 89
1 1512 35
1 8347 73
1 8276 58
1 7162 81
1512 3615 49
1512 1374 41
1512 9334 19
1512 3227 75
1520 2007 31
7657 6038 20
7657 4776 35
7657 5756 62
7657 1424 48
1434 5086 61
2709 5227 4
7410 1940 99
7410 5352 94
1252 5382 46
1252 2765 70
1252 9344 93
1252 9316 61
1252 4832 91
5382 5760 87
5382 5207 7
5382 451 17
5382 9727 82
4053 8467 54
4053 5308 98
987 4862 30
987 7397 94
7384 8159 57
7384 6248 100
2293 9542 44
2293 8247 40
2293 5161 89
6099 8336 36
6099 2858 13
6099 5375 95
6099 1072 47
8336 713 34
8336 3863 5
8336 3397 86
698 934 94
698 3053 39
7643 5631 16
7643 6225 93
6393 9722 40
6393 9666 85
9722 5718 27
9722 8584 74
9722 8036 90
9722 5922 47
6600 7181 84
6600 5746 77
6600 2609 2
5749 7176 27
5749 4336 67
5749 5704 11
7176 7922 57
1922 467 96
1922 340 59
3772 6445 90
3772 5567 9
8098 6666 83
8098 7399 68
1145 7151 10
1145 2882 58
8906 7098 91
8906 1653 26
7019 7151 49
7019 4462 93
7019 1572 71
7151 2962 11
7151 3257 62
2358 3047 38
2358 8509 65
2358 742 66
2358 5887 61
3047 2067 30
3047 8326 48
2158 7343 42
2158 1706 33
8072 9343 29
8072 3934 23
8072 2345 14
9343 9135 28
9343 8175 63
3696 4167 94
3696 3469 26
3696 7107 67
1719 8120 49
1719 9947 87
1719 8277 56
3579 4202 24
1266 1627 65
1266 7719 25
1266 3377 50
1266 2125 15
1627 1191 56
1627 9593 95
1627 4540 60
321 7007 2
321 2816 24
4524 4608 66
4524 7162 24
4356 5083 74
4356 8039 73
4356 221 96
4356 4903 68
1841 1945 1
1841 2300 35
1841 5415 7
5659 6478 41
5659 2801 93
1664 2427 86
1664 4483 17
1664 7728 80
1664 7419 41
2427 9886 7
2427 7351 44
2427 5050 82
1729 2822 71
1729 1479 65
1729 7269 5
2822 6147 90
2406 8699 92
2406 8163 73
2406 2206 56
8699 7596 31
8699 8435 26
5145 9640 76
5145 3628 6
9640 3633 77
444 1411 70
444 5304 68
444 6581 47
444 6264 55
444 9407 77
1411 3544 1
3983 36 39
3983 4743 28
3983 1404 50
3983 9221 97
323 5764 31
6258 5736 65
6258 6825 14
4069 9231 21
4069 8663 59
6728 8696 67
6728 5666 32
2360 4917 32
2360 2156 15
2360 4268 4
2360 7213 25
4917 2122 51
4917 4125 91
4917 1632 100
1350 6185 22
1350 7862 52
1350 6435 28
6185 7194 17
6185 1331 99
4074 7757 99
4074 4125 15
7757 3661 67
7757 7626 45
7757 5072 26
1367 9979 48
1367 7125 54
1367 2090 96
8725 9077 94
8725 2345 89
8725 2652 98
6930 7004 64
6930 3410 21
8415 9219 6
8415 6505 53
561 5898 72
561 1711 90
561 4660 76
7974 4066 45
7974 7445 52
3706 9119 33
3706 2828 31
6678 9275 24
8091 1208 86
8091 6527 89
8091 8494 94
4777 9728 5
4777 7294 30
4777 865 34
4777 3489 8
9728 9683 49
9728 580 38
9728 331 73
5108 7688 65
5108 6696 89
4258 655 7
4258 6799 71
4258 4441 86
4258 425 84
1128 6430 87
1128 9472 88
1229 7305 70
1229 1419 46
1229 3062 90
7305 5567 48
7305 7274 29
7305 7533 47
8216 3705 22
1853 6940 14
1853 7969 64
1853 4139 94
1853 853 55
1853 5996 84
6940 9417 24
6940 5163 78
9295 6168 74
9295 5613 8
9295 3939 64
9295 4215 50
7547 9454 91
7547 8708 43
7120 4936 85
7120 4185 49
7120 5218 27
7120 4829 44
602 9809 98
602 8020 27
9809 2283 95
253 1103 87
253 644 49
2851 3948 89
2851 3641 31
2851 4955 78
3948 4253 57
3948 5527 85
2021 6874 19
2021 1741 52
2021 1482 63
516 256 9
516 201 82
516 1024 57
8498 1767 87
8498 8808 29
8498 200 95
8282 8458 19
8282 8854 5
8458 4616 99
8458 9345 10
8458 5498 37
7388 9679 88
7388 3198 24
7388 9727 59
7388 2714 39
9679 3397 57
7670 3621 68
7670 4601 100
7670 1283 69
3130 9375 74
3130 5362 36
3130 2769 58
3130 669 78
747 7315 98
747 5565 100
747 3927 36
7315 473 59
7315 4002 19
7315 5767 45
4015 5567 15
5567 8968 78
3819 5156 28
3819 200 6
223 7695 66
223 5827 65
223 8019 27
223 7226 6
7695 5 14
7695 8413 47
1895 4452 74
1895 4493 22
9100 4743 33
9100 8659 11
48 3907 36
48 4087 23
48 6191 87
3907 3689 33
3907 6388 61
3907 776 12
5653 304 41
3785 2982 28
3785 1694 60
3785 4806 86
3785 7970 88
317 4297 5
317 1303 70
317 8500 85
4297 5566 77
5794 2091 25
4209 8600 58
4209 2679 83
4209 2905 5
4209 2188 11
8600 4958 77
8600 3658 63
3491 8549 29
3491 4624 32
3491 5763 22
8549 7784 6
8549 4779 98
8549 8933 68
8803 4981 87
8803 6372 100
3562 8200 50
3562 7294 21
3562 2809 94
3562 7788 88
8200 2349 47
8200 9572 12
2824 6019 77
2824 8178 12
2824 9452 34
6019 8741 84
6019 7453 79
6019 8039 14
6377 5512 9
6377 4364 61
6377 5291 26
8796 713 25
8796 6879 46
8796 5769 26
8796 4569 99
5138 2537 42
5138 7728 84
5138 8680 27
1387 7531 89
1387 6840 13
1387 4040 9
12 2970 26
12 5570 100
12 2672 65
8396 9229 47
8396 3168 59
8396 5263 52
9229 6088 84
9229 2888 80
5467 4582 50
5467 9685 80
9032 2316 15
7024 6876 68
7024 2731 9
7024 1683 69
3888 3252 22
2114 548 79
2114 807 7
2114 9154 69
2164 5572 25
2164 4834 25
5572 5975 64
5572 7675 42
2693 4381 93
2693 1775 43
2693 7628 54
2693 8303 75
4381 5764 17
4381 8346 77
4381 5720 48
310 7368 96
3623 6453 36
3623 5705 63
923 6685 4
923 5750 29
923 1672 52
923 2193 86
923 3260 20
6685 3763 59
6685 4566 84
7662 7642 62
7662 3197 91
339 1938 72
339 8298 60
339 5558 50
339 7592 87
1938 1205 81
1938 7752 2
1938 8159 15
5325 5925 8
5325 1995 84
5325 3061 30
2794 4220 57
2794 7107 35
3617 4485 70
3617 9784 67
3617 9789 58
1967 3873 46
1967 1956 81
1967 2322 41
3873 8433 90
3873 4088 20
6300 7635 40
607 8896 22
2295 3180 83
2295 7537 69
2295 7297 17
3180 6285 11
3180 574 37
3180 3936 66
582 2723 46
582 6420 17
7997 989 76
7997 313 7
2895 9187 36
9187 2154 15
9187 8984 13
2567 5157 36
2567 2196 7
2567 1201 68
2567 1911 25
5157 4203 83
5157 2826 76
5157 4870 85
8275 1868 89
843 9334 20
843 1528 54
843 28 79
843 6467 74
9334 3526 57
9334 8770 34
712 6599 83
712 4551 55
712 8017 1
6599 5776 96
6599 9592 27
1913 6014 72
1913 883 100
9463 5904 88
9463 1053 62
2945 442 21
2945 6096 40
2945 9004 52
2945 1796 71
129 542 15
129 8455 39
542 4527 73
4131 1001 88
4131 9335 58
2714 330 10
2714 109 79
1501 6651 87
1501 8108 10
1501 9382 76
6651 2422 30
6651 2745 19
6651 1319 22
1806 6363 58
1806 3861 46
1997 8171 86
1997 6820 57
8171 2320 88
8171 3883 10
8171 9110 41
8877 9770 62
8877 5349 90
8877 9068 46
8877 7342 3
9770 831 86
6724 5688 92
2355 7098 47
2355 237 21
7098 1410 25
4352 7402 61
4352 4092 80
4352 9448 16
4352 1466 14
4352 8135 1
7402 3501 11
7402 8872 66
7402 2672 84
518 1764 85
518 2326 87
518 4556 1
1764 8691 16
1149 8986 18
1149 2013 28
1149 5921 71
1149 4163 96
8986 5538 2
8986 7860 58
5414 9148 3
5414 7661 14
9148 9489 5
9148 27 41
6133 7732 34
6133 1682 12
237 6625 56
237 9767 12
6625 102 8
6625 9285 9
4675 3010 17
4675 7192 83
4675 8071 43
4675 4844 62
5105 5545 52
5105 9791 33
5105 8073 68
5105 8248 10
5545 2047 49
819 6199 76
819 9063 78
819 5311 95
6199 4492 90
6199 8357 56
6199 256 23
153 6338 34
153 7294 78
153 8694 75
153 4934 41
6338 8960 99
55 4001 47
55 1319 74
8550 7718 29
8550 7031 27
6120 6282 55
6120 9896 95
3652 71 83
3652 7407 2
3652 3082 12
3652 7197 45
7983 3078 83
4012 8599 48
4012 1502 69
8599 3187 5
8599 8841 18
8599 7771 72
9117 9571 44
3499 4816 74
3499 876 72
3499 3762 19
3499 2330 88
4816 9561 96
4816 180 67
4816 8918 29
1656 9558 6
1656 4161 83
9830 4792 40
9830 1103 98
6505 7040 45
6505 3924 49
6505 9592 81
7040 2957 39
7040 7519 62
2876 6530 63
2876 9486 90
2876 6052 97
2876 1185 97
6530 6892 49
6530 4513 77
2031 8424 73
8424 6943 99
7265 9452 59
7265 376 44
7265 8880 24
7000 9089 91
7000 6347 25
7000 9161 58
9089 8548 32
9089 504 62
4923 4515 62
4923 4179 69
5919 7406 99
4727 6608 7
4727 5067 72
4727 4135 87
4727 7274 2
6608 5454 57
6608 9021 26
6608 4304 36
1551 2660 98
1551 1950 53
1551 3345 40
1551 1609 60
1551 2768 40
2660 76 24
2660 5789 20
2660 7517 88
2660 9416 55
7129 3527 83
7129 6677 65
7129 3367 22
7129 4002 8
2957 4267 61
2957 2439 39
8879 3559 34
8879 2700 81
8879 9676 58
5869 3295 55
5869 3565 24
4220 6604 27
4220 3527 98
364 2696 15
364 1778 98
364 8455 26
364 2893 41
2696 9316 40
2696 5165 42
2696 7564 77
2559 899 54
2559 5675 88
7074 6572 52
7074 3519 68
7074 326 75
1122 4509 65
1122 37 92
1122 7248 22
298 3703 80
298 2578 28
298 7047 27
2104 5222 33
5222 4687 96
9159 7711 43
9159 238 97
9159 2050 79
4606 5834 36
4606 4310 41
4606 1940 30
4606 7108 94
4541 8410 43
4541 6488 73
4541 9432 54
2751 5972 60
2751 8259 27
5972 8151 47
5972 8903 19
5972 8204 23
5972 130 93
7011 7039 84
7011 7394 11
7011 8322 36
9227 855 31
9227 8713 24
3383 141 42
3383 3235 67
3383 6962 19
4611 3060 61
4611 5275 24
4506 7682 28
4506 3528 28
4506 3578 26
4506 6285 1
7682 3738 13
7682 3356 75
7682 1942 59
4729 5037 5
4729 5367 95
8657 9839 13
8657 2362 58
8657 268 70
8657 5103 69
6157 8193 92
6157 2523 1
6038 3703 9
6038 3492 15
4376 3751 52
4376 3955 36
4376 1431 32
3505 6784 36
3505 184 69
3505 7753 16
3505 2311 12
6784 916 99
6784 8977 1
6784 846 97
6784 5136 10
6789 9511 10
6789 7772 76
6789 3149 55
6789 5315 84
6789 5042 93
9511 4265 21
9511 9330 91
9587 2280 29
9587 6979 29
8583 9486 69
8583 4215 29
8583 8136 3
9486 7898 94
9486 1205 15
1635 385 43
1635 780 25
654 3581 51
8759 2365 51
5039 6051 22
5039 7183 100
5039 9692 12
6051 9064 76
2212 9236 33
2212 4193 83
5994 8120 14
5994 711 98
759 704 22
759 353 9
759 6892 68
6749 5872 68
4673 8954 1
4673 5092 65
4673 7272 25
1190 4262 25
1190 7875 4
4262 7873 41
7883 9863 34
7883 3025 10
6305 4731 89
6305 7854 70
5830 9947 68
5830 3863 50
5830 8677 67
926 5003 47
926 8721 10
6603 1665 93
6603 5264 20
6597 8536 69
6597 4250 55
6597 2701 30
6597 4052 55
8536 2633 79
8536 5080 37
3190 1182 39
3190 3339 43
3190 257 31
3780 8060 92
3780 7804 73
3780 3745 57
4829 3071 62
4829 9022 58
4829 3339 12
2457 5975 81
2457 6585 23
2457 2621 83
8969 5289 50
8969 193 9
8969 63 99
2905 7862 71
2905 5576 46
2905 3661 96
7862 9101 69
5064 6996 73
5064 6383 16
5064 2487 19
6996 8448 3
6996 6981 21
5348 235 16
5348 7782 22
5348 7213 52
1674 2338 13
1674 3238 66
2338 6968 100
2338 744 94
2338 1724 77
2338 6015 5
1414 3165 51
1414 1858 93
3165 1173 100
3165 3751 19
3165 181 11
2814 5133 31
2814 5963 67
4860 1891 35
4860 1331 88
4860 5652 39
1774 2480 43
1774 6036 27
4653 2838 76
4653 3401 58
4653 9226 66
2527 3314 39
2527 3184 58
2527 8975 17
2527 3962 70
3314 7545 20
3314 8965 10
3314 4815 41
2446 6358 51
2446 2631 27
2446 3168 56
6358 2173 82
6358 3038 80
6358 4278 24
1596 3936 27
1596 3986 52
3936 6267 8
3936 4869 80
3936 7720 29
3024 6004 63
3024 5705 37
3024 4847 10
3490 7844 92
3490 4557 21
6511 5710 61
3918 3227 99
3918 9837 13
9993 7248 77
9993 773 31
9993 1118 34
3007 5055 100
3007 4250 23
3007 9918 73
3007 3633 20
5055 9886 64
5055 6126 46
5055 8945 26
5055 8360 94
1892 9340 63
1892 6195 97
9340 3244 65
4256 4742 71
4256 7355 19
4256 2419 33
4256 4786 73
4742 3395 64
4742 2965 3
675 9376 31
675 5999 2
675 8134 100
675 6341 77
9376 420 12
9376 6488 93
9376 9128 16
1942 3614 20
1942 6177 76
7212 2019 8
7212 8248 43
5191 312 46
5191 5947 96
4567 770 93
4567 6156 6
3116 1357 30
3116 6147 17
3116 7688 55
3116 2440 54
1995 3746 33
1995 5329 92
1995 1186 81
721 8566 51
721 9783 98
8566 3144 43
8566 863 61
5807 6248 18
5807 3476 11
5807 7047 97
5807 3870 17
1410 8249 21
1410 6100 73
1410 3727 23
1408 4019 95
1408 9801 46
1408 4983 9
1408 2217 83
4019 7603 7
4019 1336 68
4019 3896 77
3025 3124 4
3025 7630 37
7922 5298 87
7922 6777 51
2604 4045 76
2604 8511 27
2604 2739 89
4045 6966 74
4045 1448 80
4045 5524 88
1399 1051 78
391 2494 89
391 2088 38
9329 9043 4
9329 9403 13
9329 8001 23
9949 8149 91
9949 5247 11
3614 5601 23
3614 7086 1
3614 681 93
5601 7021 85
909 855 8
909 2223 92
909 7440 53
4439 608 23
4439 7007 53
1010 3201 88
130 6943 32
130 4175 87
130 6881 6
8247 9350 54
8247 814 52
8247 4717 33
9350 1523 60
9350 6679 12
957 674 4
957 7807 31
1108 8051 12
1108 2977 26
1703 6919 47
1703 5033 10
1703 6510 55
6919 973 39
6919 4133 10
6919 9110 77
2379 9188 88
2379 9515 68
2379 2827 16
9188 7275 27
9188 2556 60
9188 3104 39
863 9157 17
863 3885 66
863 6635 59
9157 9600 40
2571 829 41
2994 3799 69
2994 4763 50
2994 9216 61
2994 5789 99
2994 3115 53
3799 8174 45
3799 7797 66
2091 3244 47
2091 4644 92
2091 8520 42
2400 8948 83
2400 6848 18
1856 9204 8
1856 3883 75
1856 7921 41
1856 2397 6
9204 3692 50
9204 3858 94
3611 7531 66
3611 7588 99
3611 9464 4
3611 8106 68
3611 2894 16
1868 2095 5
1868 3963 24
1868 109 66
689 2350 61
9979 1112 30
1194 9270 43
1194 4502 28
1194 3860 20
9270 2344 77
7615 5932 9
7615 6324 99
3566 3796 40
3566 8005 30
3566 3474 80
1388 7823 69
1388 7593 73
1388 6508 30
7823 37 67
7823 8304 88
7823 6436 15
617 1530 70
617 9675 8
617 6325 82
1530 2580 1
1530 8584 42
357 5796 42
5956 6606 81
7159 1970 30
7159 3796 57
7159 7380 51
6106 9401 91
6106 6373 73
9401 1499 13
6040 6337 40
6040 2718 52
6040 6425 35
6337 3537 43
914 6079 17
914 986 83
914 6231 6
1945 6108 59
1945 1471 81
6420 9941 78
9941 4715 53
9941 9353 55
4034 8574 62
4034 2917 69
2236 5422 18
5422 7742 20
5422 2875 79
5422 6593 17
5422 1880 69
8014 6693 75
8014 9960 30
8014 9896 81
1778 5005 48
1778 3856 97
1173 5144 71
1173 9245 17
1173 8473 74
5144 9291 97
5144 9607 42
6394 8878 15
6394 2481 97
8878 1117 2
8878 9865 59
8878 7406 5
8878 6585 9
7178 6866 64
2792 3592 53
2792 6627 7
1905 3203 46
1905 273 85
1905 9239 84
4322 9339 6
4322 2115 90
4322 6837 39
4322 9013 28
9339 1873 42
9339 5553 71
9339 4843 7
4133 2995 26
4133 1324 22
2964 7450 5
2964 201 11
2964 7513 95
7450 3013 96
7450 6049 97
2458 5592 75
5592 87 50
4569 9216 50
4569 2700 57
4569 8941 7
9216 2632 67
9216 9408 100
9216 2827 43
1129 5834 70
1129 206 57
1129 8437 69
3921 9180 23
9180 3137 42
9180 4566 47
9180 2970 59
4513 6840 54
4513 9943 16
7788 267 10
2120 3675 23
2120 8148 40
9134 9266 28
9134 2087 3
9134 3760 91
9134 4578 66
9266 4695 83
7564 8248 33
7564 2402 61
8248 5162 89
8248 8376 19
5043 7944 25
5043 6329 100
7944 6165 91
7944 8448 23
7944 1876 59
4448 6319 14
4448 574 65
4448 3099 15
5638 3583 24
5638 6518 35
5638 9824 26
3162 9104 34
3162 1275 84
3162 7814 90
9104 6792 39
9104 8390 67
9104 6457 10
238 7629 46
7629 5045 83
7629 6077 15
4963 3675 49
8672 1478 8
8672 4722 39
5088 9489 76
5088 3510 77
9555 7956 36
2345 2816 45
2816 7760 32
7602 4571 31
7602 150 65
502 6362 26
502 231 67
502 7434 55
502 7296 29
6362 2489 31
6362 6635 55
9669 6896 47
9669 5417 35
2769 2702 65
2769 244 18
7592 1016 70
7592 8848 27
7275 1088 10
7275 7985 86
7275 9652 63
869 7445 58
869 3827 66
7445 5748 46
7445 125 87
7445 286 42
537 8899 60
537 9189 24
537 3257 93
3625 5270 100
2369 8663 96
2369 3867 77
2369 7243 37
8663 3561 90
8663 9592 84
6231 7491 70
6231 9742 20
1651 3135 39
1651 7869 69
1651 1479 43
1651 7146 30
3135 8770 2
3135 4786 47
5648 9706 47
5648 4575 39
5648 1910 27
9706 8017 68
9706 361 61
9706 2652 10
679 2975 9
679 2429 90
2975 3082 7
2975 1241 79
1910 7943 80
3484 6606 32
3484 2519 22
3484 215 57
3484 8701 21
3484 2343 93
6606 8013 35
6606 5795 30
1693 2206 44
1693 2528 70
1693 5362 67
2206 2512 21
2206 2708 88
2206 4193 77
9870 7713 2
9870 7416 17
8064 6215 83
8064 4025 3
8064 3930 99
8064 7806 65
4213 8547 81
4213 5536 67
4213 8480 92
8714 8509 27
8714 7158 5
8714 1851 66
770 3053 26
770 9815 73
231 807 97
231 6912 24
231 8808 65
5738 449 44
5738 5505 98
5738 9175 54
599 5471 31
599 1765 32
4868 593 71
5050 7639 63
5050 8038 2
7639 1158 29
7639 7108 71
7639 2008 3
3885 6145 46
3885 5080 32
3885 1271 57
6145 4271 8
1256 4029 62
1256 2628 16
1256 4593 75
4029 2542 28
4029 6484 35
9508 8238 82
9508 4253 77
9508 7039 73
8584 8486 77
184 6671 73
184 9982 63
184 6223 87
6671 1874 26
6671 3802 86
6671 2436 50
3618 2362 23
3618 4428 25
5005 677 29
984 1224 40
7844 8761 84
7844 4920 66
7844 401 18
8543 65 56
8543 6988 69
3071 5662 56
3071 9541 59
6981 5391 29
198 6195 14
198 2097 70
198 8335 94
198 3287 90
829 5631 59
829 5327 82
829 4703 49
5631 6387 29
3227 960 71
7491 4999 40
7491 9531 71
7491 5530 10
2581 4767 69
2581 7341 74
2581 5061 13
3569 5001 53
3569 8685 2
3569 5656 51
5083 425 38
7981 3532 94
7981 9584 20
7981 3309 90
4661 3303 10
4661 5546 17
4661 7971 94
8307 4634 84
8307 9996 53
8307 7807 87
8307 684 78
2731 3604 93
2731 3436 13
2731 6616 48
3604 6845 31
3604 8953 50
3604 9604 25
3604 5042 44
7436 9700 75
7436 725 4
7436 2250 96
7436 4100 10
9700 2898 68
5161 6532 68
5161 2952 62
749 2000 62
749 801 5
749 4644 69
8548 4063 38
8548 7881 59
8548 867 100
725 4109 59
573 9670 93
573 836 1
8378 6929 87
8378 2865 46
2583 6423 41
2583 2418 58
2583 9579 75
9510 2573 92
9510 207 100
9510 2110 19
254 9614 81
254 5349 2
254 9212 52
254 7522 16
254 964 95
9614 1116 54
9961 479 99
9961 7542 72
9961 2977 62
438 5759 44
438 3151 7
438 1322 89
5759 8000 68
5759 402 75
3861 4494 72
3861 5615 23
6486 218 41
6486 5374 7
6486 9659 49
6245 7707 57
6245 2182 31
6245 7083 90
174 7734 40
174 5894 52
167 1509 13
167 466 42
167 7748 29
1509 3200 99
1509 89 77
2865 6624 38
2865 5764 18
6371 1058 61
6371 1683 2
6371 283 21
423 4138 73
423 2214 17
4138 6376 95
4138 5268 78
6891 1038 67
6891 7042 53
467 8567 24
467 7252 93
467 4927 25
8567 7296 13
8567 2722 20
3323 6875 60
3323 8288 16
3323 9663 41
3323 632 83
6875 2893 48
50 2617 67
50 2861 45
7861 8135 88
7861 5502 8
7861 778 71
7861 3310 42
7861 2671 86
8135 6427 39
4246 9388 68
4246 6436 53
7752 3257 41
7752 9699 82
7752 9110 71
8712 4921 96
8712 9731 55
8712 6336 4
212 2047 65
212 5247 71
7482 2085 2
7482 6165 46
6223 164 81
1565 9189 95
1565 4123 69
1565 3608 46
1565 4378 78
9189 6986 21
7488 3603 84
6856 2426 73
6856 3926 42
6856 5048 37
6521 5763 44
6521 2017 62
6521 8178 12
6521 7959 48
63 9135 14
5454 6778 46
6778 5523 3
6778 8137 87
2237 7902 40
2237 7933 11
2237 9747 16
2237 9861 60
7902 1716 91
7902 1962 82
5451 9890 3
5451 5931 68
5451 5720 81
9890 4562 11
8525 9402 58
8525 4001 83
8525 3154 78
8525 8587 76
224 6769 23
7105 2802 64
6031 6385 14
6031 5697 15
6031 1455 88
6385 1282 72
6385 1772 84
9436 95 53
9436 7979 4
6168 4468 11
125 4492 50
8713 5783 62
8713 2854 1
6711 6277 43
1810 1927 73
1810 5405 99
1516 1637 33
1516 2507 76
1516 3443 33
2072 4985 18
2072 160 81
8524 6252 68
8524 7267 1
4714 5037 35
7021 8413 14
7021 3552 90
7021 9933 29
7021 3114 1
8413 5119 89
2649 3658 73
2649 8680 47
2649 538 3
2649 8553 60
3658 302 57
3658 8338 88
920 3519 28
920 9058 45
920 3839 10
920 8694 68
3519 470 7
3519 7655 18
8902 5130 77
8902 16 90
8902 9430 94
1939 6881 33
1939 7875 75
1939 5867 11
1939 8673 68
481 1378 98
481 4934 72
1378 2626 93
1378 2956 1
1378 8494 4
3720 8366 69
3720 7010 38
795 2199 62
795 1920 84
795 6917 75
3796 7889 8
3796 6045 59
4458 9464 63
4458 7427 24
6278 1308 59
6278 6193 68
3528 6783 28
3528 7672 68
601 7008 33
601 4509 7
601 7279 61
5084 9799 42
5084 3830 42
5084 6909 72
5084 3214 48
5084 2221 62
9799 9628 91
9799 8241 99
2626 1472 36
2626 4682 60
2626 2156 99
4221 9185 17
4221 608 31
4221 7162 26
3015 7397 86
3015 6663 87
8775 9027 93
8775 2471 87
8775 6634 10
4077 7116 96
4077 855 63
4077 5894 58
4077 6635 97
4555 4961 68
4555 8866 21
9783 1040 30
9783 1762 61
6799 5773 42
6799 7264 6
6873 8182 49
6873 6843 58
6873 8502 71
4953 4375 31
640 1734 52
640 4980 91
640 286 61
640 3887 53
1734 40 74
1734 5242 55
707 6928 47
707 7771 3
6928 641 74
6928 2609 90
6928 4472 27
3331 7330 59
3331 4887 15
3331 447 95
3331 7451 92
7330 7267 57
7330 614 6
1724 8874 82
8874 1461 49
8874 2745 69
8874 1696 41
6914 934 66
6914 4025 76
6914 2135 62
6914 6823 23
980 5737 16
980 6909 62
2628 9280 91
2628 8467 94
9280 2688 94
9280 4920 58
9300 3532 74
2326 5717 87
2326 2277 18
5717 9222 23
5717 6023 13
5717 4600 72
2981 826 10
2981 8089 90
2542 8471 33
7274 2316 97
5827 7092 35
5827 1304 36
5827 6932 32
6684 7867 86
6684 3512 44
874 5297 47
874 2248 13
874 7706 42
5297 8587 61
5297 8274 45
5297 934 6
4014 8357 94
4014 565 61
4014 3955 97
2735 7742 81
2735 3404 42
2735 1940 27
2735 6382 40
6482 1808 17
6482 5761 95
9402 2092 85
9402 7947 19
8105 8816 18
8105 771 34
8105 3748 41
8816 3069 90
8816 6241 84
8816 2382 53
5662 744 50
7797 8471 90
7797 8270 79
8471 1934 23
8471 8026 20
3270 4483 23
3270 1304 87
7812 8060 33
7812 2317 82
7812 2354 17
1726 9835 64
1726 5559 89
1726 2137 61
1726 4040 39
9835 3073 51
9835 3247 88
6948 9842 27
6948 3483 80
9842 1493 51
9842 1957 76
9842 4481 53
5268 8827 15
5268 6119 30
5268 5245 26
5750 5555 20
2489 3930 12
2489 4512 89
7003 3203 63
7003 4655 44
9911 7355 17
9911 3479 5
1422 4132 99
1422 9553 57
1422 9488 77
4132 4601 85
4132 1280 2
4132 8552 40
1499 7424 92
1499 7803 60
6195 5498 86
6195 886 1
8965 622 72
5350 6330 92
5350 2513 38
5350 227 27
751 9562 93
751 5814 92
751 629 77
751 520 63
9562 5983 90
9562 3125 94
9562 3149 5
3261 6169 71
3261 4706 97
3261 9306 48
7079 4023 68
7079 4416 84
7079 1075 97
7075 8462 38
7075 9724 24
8462 8333 33
1177 3639 96
1177 738 62
1177 7898 62
1177 2182 69
8939 5542 25
6298 7989 18
6298 1718 90
7989 2439 27
7989 9014 90
7039 5948 6
7039 9016 89
7588 8045 77
7588 4563 47
1873 6232 53
1873 1885 31
6232 8563 58
1865 3406 92
1865 4842 11
1865 4721 37
473 9618 90
5948 8899 77
5948 4708 19
5948 5099 57
8899 2971 95
8899 9275 42
8899 7137 57
5187 8020 24
5187 3051 90
5187 1314 1
8020 6311 21
8020 6768 2
8020 6134 99
8174 1728 70
8174 3835 91
6023 2834 88
5371 4216 33
5371 3674 45
5634 5272 22
5747 7440 84
5747 87 14
5747 6692 86
4889 7400 88
4889 7673 24
4889 8866 40
7400 4603 83
6368 8303 76
6368 6306 83
6368 5894 47
8303 1365 13
8303 2266 46
2758 8916 98
2758 2303 71
2758 7246 15
3630 7964 50
3630 8144 8
3630 4591 3
3630 6372 37
7964 2802 44
7964 8559 95
3184 2246 72
3184 1663 89
1957 9447 69
1957 4548 60
9447 8182 44
4336 5911 31
4336 1738 67
4336 5341 52
1292 2894 72
1292 3501 55
5527 7283 35
5527 8943 16
5527 8130 97
7283 7046 60
7283 6280 64
2009 8576 70
2009 9943 2
2009 9561 56
2327 8199 67
2327 5508 90
3782 1302 87
3782 3795 19
3782 8770 95
967 4170 2
967 4180 10
967 2115 19
4170 5049 19
4170 3765 80
3565 6870 54
3946 7015 92
3946 2511 27
7015 1404 50
7015 5810 4
7015 5453 91
7015 718 33
1470 2512 38
1470 8298 90
2512 5232 98
2512 51 91
3336 5678 83
2402 4212 69
2402 2631 68
2402 1937 32
4212 3469 45
218 1144 38
218 414 42
593 5962 81
593 3788 41
593 8977 56
3596 5855 33
3596 1328 100
3596 2349 54
5855 8723 85
5855 5697 97
2491 9666 10
4776 1765 31
4776 8896 87
4776 2720 15
4058 5162 83
4058 9534 8
4058 2872 22
5162 2017 17
5162 6970 21
5162 4216 50
4935 7340 58
4935 8093 85
4935 173 7
4935 3704 34
247 2137 76
247 8235 48
4123 2598 43
365 4078 86
365 9649 8
4078 5391 7
182 7607 88
8908 499 58
8908 2666 55
4226 5427 89
4226 8066 1
6939 3924 32
6939 757 45
2156 2615 50
361 5958 21
361 7626 68
7317 3474 61
7317 653 99
7317 1519 36
3153 6574 14
3153 9031 18
3153 3478 66
6574 3531 45
6574 3447 24
5331 7478 63
5331 7533 21
7478 2011 64
142 8328 97
142 2225 59
142 3559 58
142 7782 9
142 3704 95
8328 7170 77
2322 71 27
2322 4698 26
2322 7313 58
1874 6769 45
1874 5129 49
1874 3377 10
1652 4002 59
5777 2484 88
5777 9813 53
2183 597 46
2183 4778 2
2183 2184 32
5203 828 18
5203 3927 35
4321 8981 8
4321 9518 90
4321 1491 14
3824 1438 62
3824 4283 8
3824 714 89
3016 1746 80
3016 3704 60
3016 682 52
152 2226 87
152 5727 9
152 519 4
152 4001 80
152 8710 89
2226 6418 84
2226 5861 23
8104 8538 96
8104 3076 46
8104 7327 22
3417 9629 48
3417 2129 73
9629 7455 73
9629 7665 17
5837 608 27
5837 8960 11
5837 655 80
5003 6172 28
5003 2423 75
6070 5877 13
6070 9008 80
5177 9239 44
5177 2278 61
5177 9505 42
7510 6321 93
7510 3935 9
7510 2301 7
4419 9789 21
4419 8506 69
9789 7596 81
9789 5257 13
9789 3149 42
2463 2878 77
2463 1240 90
2463 3152 70
2463 2674 96
2878 8276 58
2878 9417 37
2878 7116 78
277 5496 50
277 3443 39
277 931 55
277 5999 1
5496 5998 18
5496 3747 64
5496 3485 15
7304 2186 80
7304 8984 10
7675 8024 37
7675 5375 95
8024 1531 29
8024 7467 10
6790 9553 24
6790 3957 14
6790 7863 52
5949 1287 37
5949 5244 73
5949 5950 31
2492 4747 44
2492 5213 7
2492 9381 43
2492 6442 47
4747 6380 60
6622 3830 65
6622 6045 50
7026 8558 4
7026 4985 36
4969 7653 7
4871 2577 72
4871 3853 73
4871 7244 25
2357 2428 60
2357 65 99
2357 1187 10
2428 442 41
2428 1279 100
7996 9318 96
9834 5021 50
9834 1203 55
2448 9901 63
2448 9158 38
2448 4194 100
2448 3553 62
9901 6073 77
9901 7822 79
9901 9269 18
8312 5833 60
8312 1083 11
5213 9030 71
5213 2439 16
5213 8710 39
9030 8842 85
9030 8269 67
3497 1421 38
3497 3410 35
1466 5665 9
1466 1153 10
1749 9496 94
1749 9183 20
1749 851 76
4020 6427 58
4020 9780 73
6427 4976 62
5364 5198 94
5364 8754 82
5364 6384 38
4327 2988 91
4327 3282 23
93 1455 10
93 2374 90
93 9149 2
93 2868 84
7474 2545 2
7474 3436 19
7474 6661 89
8039 268 92
8039 7890 41
6624 7897 92
6624 6228 50
6624 2414 41
7897 4210 93
7897 4584 68
8075 5460 46
8075 9733 48
6227 2310 81
6227 4916 31
5769 3330 98
5769 3181 85
165 9711 5
165 9606 29
165 4724 35
165 1838 38
9711 9887 5
9711 8474 43
4936 74 83
4537 4852 96
4537 2300 49
4537 1064 39
2556 6830 61
2556 2748 11
2556 3777 81
7706 1722 11
5218 8009 76
5218 7990 94
8276 7376 16
8276 9273 87
798 2992 36
798 5124 69
798 509 86
2992 1522 73
2992 5385 73
2992 4406 96
3487 2523 5
3487 8011 6
4368 7244 78
4368 5415 15
7244 8860 25
7244 6098 95
9846 9880 48
9846 7269 86
9846 5130 70
9846 389 38
9846 61 12
9880 711 21
5630 9802 41
5630 8136 35
5630 8974 61
9802 1718 5
9802 548 55
9802 2706 98
3582 5746 51
3582 2067 94
3582 1049 28
3582 3301 81
5746 7441 94
934 4169 33
4169 5609 31
4169 7045 93
3986 3914 12
3986 2006 10
3986 3877 57
7424 4142 18
7424 3174 48
7424 5356 10
5838 8046 5
5838 2135 64
5838 8299 66
5349 6137 82
5349 5694 63
4051 257 68
4051 4551 74
4051 7064 6
8360 2635 27
8360 2971 81
7596 9872 74
3470 7383 33
3470 7501 64
7383 2066 12
7383 9158 4
8241 9403 25
9403 7261 86
9403 8553 5
9403 2842 91
489 5851 58
489 2502 39
4188 1511 63
4188 1303 43
9600 3683 32
1007 1772 92
1007 6107 92
1007 961 41
1772 5525 17
1772 4090 22
6065 4033 77
6065 7544 94
6065 239 16
261 5365 45
261 1783 37
261 1846 33
5365 849 35
5365 2343 98
5365 7761 66
1381 7250 100
1381 7971 60
802 283 77
8210 8346 44
8210 3269 61
8346 4669 5
8346 5689 38
2013 2791 41
951 6738 44
475 8720 39
3672 5730 22
3751 3233 24
3751 5042 44
6763 8859 33
6763 1283 12
8859 595 88
8859 6515 16
5682 6312 23
5682 4652 81
5682 2217 55
5682 7132 85
6312 7091 36
4202 9910 91
4202 5155 91
4202 1907 51
4202 8181 47
9910 3091 1
9910 3478 36
3373 7584 97
3373 2715 60
3373 7501 58
3373 8689 54
7584 8747 93
7584 6360 33
7584 4903 32
4916 5522 78
5697 1796 12
3738 1255 57
3919 4310 2
3919 8597 67
3919 1763 54
3919 1783 100
4310 7497 23
4310 3840 16
4310 9161 10
7299 7499 85
7299 4461 82
7499 8797 35
7499 643 51
7499 5404 57
8262 2862 41
479 1044 75
5356 6677 52
5356 6475 59
6677 1088 42
5550 6534 23
5550 9624 22
4807 6444 32
3151 8810 4
3151 5844 27
6215 2126 63
6215 4452 41
2048 8643 71
2048 7038 77
3020 8079 78
3020 7337 92
7969 4417 7
1808 9889 87
1808 9582 52
9889 3558 17
9889 938 1
9889 2679 6
1854 6100 31
1854 9106 67
1854 8936 94
1854 4066 93
1854 7693 6
6100 6761 43
381 4453 38
381 7061 33
4453 4826 69
4453 2444 19
4453 3762 72
4696 2249 97
4696 7076 77
2519 9945 32
2519 4811 2
8981 8153 9
8981 8175 34
199 916 8
199 8373 5
7158 6004 31
7158 8178 3
7158 7406 64
4063 6817 38
4063 882 28
7471 9430 99
7471 2575 38
9430 4950 39
9430 6071 84
714 455 35
714 6768 86
799 3057 69
799 771 32
799 5126 18
3057 6437 40
3057 5002 28
9275 6970 79
1574 8503 87
1574 6271 66
1574 7427 77
1574 9530 100
8503 2943 81
31 3763 11
2310 6851 9
6851 4722 18
6851 8863 93
9563 7839 26
9563 9634 32
9563 25 94
1321 1641 16
1321 1389 31
1321 3688 71
1321 1505 67
1641 8677 63
3592 5183 18
3592 9601 7
3592 4759 56
5405 9008 8
7841 7238 31
7841 2171 20
7841 2301 100
7841 9196 33
5086 5225 67
5217 4414 45
5217 3064 74
5217 3010 82
6960 9641 67
6960 6890 87
6960 6174 9
9641 1141 12
5999 7992 15
5999 3698 84
1694 2165 49
1694 5805 24
2165 4442 58
2165 3610 97
2165 8526 5
7453 4950 13
7453 2263 76
4886 6057 30
4886 3523 23
4886 5689 73
6057 6348 66
6057 5959 12
6057 1070 12
3535 3207 74
5887 9647 40
5887 1684 61
8148 1925 99
8148 6595 83
1088 8973 26
47 7693 86
47 2217 87
47 332 18
7693 8295 91
7693 1792 6
3576 4589 95
3576 8399 40
3576 8957 74
3576 8149 34
3576 8605 96
4589 1677 16
1549 2826 82
1549 6320 71
9489 2924 87
3315 2272 10
970 8278 5
970 42 43
970 7234 83
1066 5066 73
1066 8079 34
584 75 44
584 1797 68
584 2249 66
673 6510 42
673 2328 8
3393 3727 81
3393 1746 1
3727 796 48
6802 2761 2
2115 6493 28
2115 455 91
6493 4378 2
6493 6071 24
6493 7316 2
6493 8533 70
3608 7264 96
3608 5021 96
7264 2902 89
7264 5547 34
7264 6005 57
5133 6068 40
5133 631 56
6068 6776 35
6068 3914 22
6068 4307 23
6068 192 22
2817 524 29
2817 6347 31
9737 7403 30
9737 8008 22
9737 9400 34
7338 6769 52
4648 1041 97
4648 1040 39
4648 318 12
4512 8609 70
4512 1893 93
4512 8466 48
8609 5760 70
8609 7559 39
6751 4930 47
6751 6320 90
6751 9767 55
5959 1545 77
5959 3821 81
1186 1842 37
1186 2745 21
1186 7341 57
1842 986 87
1842 402 61
1842 8869 78
3541 8270 78
3541 1661 100
3541 1606 98
3541 7720 86
8270 9347 88
8270 8442 18
8270 3947 51
5330 8506 50
5330 1168 26
5330 3111 12
1961 3018 22
75 1915 65
75 8637 47
75 5092 94
4578 6518 100
4578 6319 43
796 3898 33
796 1131 31
796 1579 45
796 5259 81
9810 4700 14
9810 6331 24
9810 2969 5
950 2773 29
950 5799 65
9959 9624 64
9959 2374 31
6208 4666 42
6208 9347 77
6208 7957 6
6208 7002 45
3857 4961 65
3857 6978 60
3857 2269 73
4879 5346 66
4879 3096 12
5346 554 55
5346 552 29
5303 9534 19
5303 9327 57
5303 3730 60
9345 9466 74
9345 2060 50
8748 8971 12
8748 264 1
8748 9363 58
4556 1205 61
4556 3300 4
5257 2020 59
5257 5867 6
498 9523 94
498 65 76
498 9411 27
9523 6585 72
9523 3966 17
200 8505 70
200 4081 66
7008 9899 31
7008 2223 35
7008 4462 32
9899 4156 69
9899 5445 91
3219 555 28
3219 9973 84
5605 5943 20
5605 1728 66
5605 9119 66
586 9528 68
586 6700 40
9528 705 77
9528 8615 30
9735 1753 42
1860 1707 47
1860 6392 71
1860 2148 57
1860 9045 96
2270 3561 87
2270 7713 43
4194 5377 12
4194 5477 65
5377 9224 52
5377 8810 22
4732 8436 47
4732 2361 98
4732 5082 48
4732 7397 45
4732 6320 75
8436 8882 74
8436 916 46
8436 2039 98
3363 6388 79
3363 1304 1
3363 6074 68
6388 5799 40
6388 4141 27
4285 7343 49
4285 8710 14
4285 9077 82
4285 8582 28
7343 3859 61
7343 6664 27
9466 4626 37
9466 3683 31
331 6628 38
6380 8181 96
2118 9414 88
2118 5072 74
2118 8131 46
4100 1917 40
6605 2862 86
6605 8085 97
6605 1113 43
1708 5417 26
5417 3788 19
4359 5198 72
4359 727 86
5198 7371 66
8921 9603 94
8921 643 27
8921 1871 10
2820 5808 62
2820 466 89
2256 2920 60
2256 8885 58
2256 7960 22
6290 2352 37
6290 917 38
8741 8729 57
8741 9475 83
267 273 88
5456 4891 59
587 4760 20
587 8469 98
587 3249 24
587 3388 83
587 1022 68
4760 1339 62
4760 541 53
4760 8151 65
4760 2898 90
7250 6841 64
7250 694 22
7083 5971 88
6697 8107 12
6697 7050 56
1260 2759 39
1260 8367 9
1260 4920 84
2759 2050 97
2759 7045 29
2759 8387 20
831 6783 18
831 775 47
831 8046 23
6783 1673 38
6783 942 61
3889 1915 8
3889 2246 62
6292 4932 50
6292 6433 40
6292 631 3
6292 1325 17
5340 3433 49
9976 9231 46
9976 7685 45
9976 4013 83
1233 6039 29
1233 2602 75
1233 4493 71
6039 5077 70
6039 7623 96
3561 2733 41
3561 9224 47
8015 7600 91
3777 234 11
3226 4566 74
3226 6831 5
676 8202 31
6001 4377 81
6001 8205 7
8060 2429 78
2430 5886 16
2430 8149 80
2430 8235 12
5886 8335 79
5886 7156 86
5886 2736 69
2098 5570 14
2098 6103 36
2098 3531 58
3431 6225 51
3431 148 23
3431 8301 25
3431 1156 17
2811 6517 5
2811 566 93
6517 4081 96
6517 1014 62
6517 6923 51
6517 9692 51
7750 7133 51
7750 9531 40
8418 9285 54
8418 9452 99
8418 6848 65
8418 5832 85
7170 4442 69
7170 6260 32
641 9668 86
641 8482 84
641 9686 72
9668 3910 53
9668 9363 78
9668 268 58
6667 8911 85
6667 5908 89
6667 5598 40
6667 3860 90
8911 2227 15
8911 3997 6
4815 3897 16
4815 8885 12
4253 5286 56
4253 7012 3
4253 8984 32
5286 1160 99
5286 3599 69
6864 9425 82
6864 7116 30
6864 6451 84
9425 6944 30
3330 9045 63
2578 6025 2
2578 9824 60
3076 945 34
3076 3870 90
4280 6328 42
4280 2700 63
4280 2462 74
6328 4721 70
6328 3858 25
6328 4546 16
5436 7834 35
5436 9371 94
5436 7389 8
5436 3124 32
4033 4887 96
426 3606 100
426 8701 92
426 4052 33
3606 4610 47
2175 4291 77
1864 1531 29
1864 8519 22
8953 8040 64
2249 9052 61
2249 9740 93
9886 2854 48
9886 4508 84
6103 9612 89
6103 1105 48
2852 5912 42
5764 8671 81
9421 4767 2
9421 7091 33
7104 3447 25
7104 222 64
9861 9977 49
2679 5029 12
4554 2780 13
4554 8716 28
5673 2368 78
5673 7469 83
7696 8639 11
7696 4441 62
7696 9579 73
7696 8945 31
5666 8093 87
5666 4347 8
5666 9571 76
1739 5832 62
1739 2173 56
1739 9969 84
5832 2350 13
5832 4618 29
5518 7979 49
5518 3051 13
5518 3267 83
7979 8254 2
7979 6342 91
7979 6197 26
9308 9346 22
9346 2926 31
9346 5506 50
1586 9912 9
1586 139 90
1586 3716 60
1586 841 89
1586 2373 100
9912 4921 58
9912 4922 45
9912 4882 50
6331 9163 39
744 8892 55
744 8063 73
4882 8249 20
7419 6627 55
7419 1268 18
7419 9922 86
8819 4850 23
9237 8108 6
9237 6071 72
9237 336 76
1591 1746 91
1591 1373 84
1591 2432 62
1746 389 74
8739 9475 40
8739 7451 46
9433 7188 100
2632 61 43
2632 9414 60
6978 9168 42
6978 9073 2
8789 5070 54
8789 9074 96
8789 9593 98
3251 5289 89
3251 8747 11
3251 5751 69
3251 877 96
5289 5544 100
634 7313 5
8597 2766 93
8597 8771 100
499 2642 100
499 78 99
2277 7712 69
2277 3559 48
2277 3442 98
7712 6898 73
7712 6154 49
9011 6431 96
9011 6654 92
1431 5971 95
5971 4784 51
5971 4024 76
6424 6872 63
6424 4156 42
6424 5070 45
6424 206 13
6872 6359 28
6872 2609 75
6602 2393 67
6602 3962 85
6602 8184 23
4498 7882 10
4498 4976 48
4498 2594 65
4498 7271 89
7882 3660 29
7882 40 46
7740 8885 53
7740 4263 67
7740 5912 18
8885 8779 26
8885 3871 74
3558 4571 18
3558 2208 33
3558 8199 82
3558 1756 26
133 2793 3
133 2838 58
133 6243 24
133 4068 1
133 4845 30
2793 2382 48
2793 2157 20
2793 8701 7
9675 8731 15
9675 7946 4
6999 8658 56
6999 5269 46
6999 7813 13
6999 3208 42
6999 1702 75
8658 4843 19
3216 7681 5
3216 3380 23
3216 3935 11
7681 3858 45
7681 5536 18
7681 98 10
2439 8556 84
2439 4739 76
8194 9468 5
8194 8120 59
8194 7735 77
8762 9697 15
9697 8727 30
9697 9043 100
7806 7608 19
2940 6470 58
6470 7172 10
6470 7880 57
2671 3801 66
2671 5099 93
2671 6431 16
3801 2779 94
3801 2329 61
2924 883 99
2924 3931 53
5178 6836 14
5178 810 32
5178 8854 98
5178 5015 40
6836 4966 8
1090 5812 4
1090 7276 78
5812 7719 98
5812 2943 96
5812 1998 83
5812 495 45
1341 9264 62
1341 8716 35
886 7702 63
886 5047 18
886 3638 6
7702 6036 78
7702 141 41
7702 8973 8
6830 5392 82
6830 9968 61
1930 5796 24
8347 1165 41
8254 3898 70
3045 7975 37
3045 2652 8
3045 3635 47
1502 8505 18
1502 5970 40
7181 7714 79
7181 8532 70
7181 1562 31
4242 8561 51
4242 6998 10
8561 6147 71
8561 5898 10
8561 3599 55
8561 2898 20
8442 655 1
8442 2157 55
3924 6013 22
3924 7717 83
7422 8686 29
7422 4032 69
7422 7887 16
7422 8473 14
7422 4082 44
8686 8797 85
6102 9533 33
6102 9582 59
6102 9068 10
6102 5810 15
9533 3212 64
4925 6524 71
4925 597 38
4925 2658 8
6524 7813 49
1524 8093 59
1524 763 65
1524 9576 35
1524 6494 20
8093 2426 10
8093 2038 90
2854 3238 79
2854 8701 90
3238 7800 91
545 1127 28
545 487 6
545 1686 15
545 4179 38
1127 2344 11
1127 4414 70
1127 9063 98
5476 2979 51
5476 5587 2
5476 862 72
5476 1797 55
782 5444 14
782 2511 12
1205 1189 55
7545 6475 39
7545 451 2
7545 2866 72
2761 9813 48
2761 5373 91
9813 8314 52
6204 8677 50
6204 940 45
9183 2623 55
1086 9156 38
1086 5404 88
1086 245 42
9156 3483 17
3570 1167 11
3570 447 82
3570 9527 66
3570 4791 43
8568 2409 60
8568 2802 96
8568 59 14
4023 4527 33
4023 2261 92
6658 7655 22
6658 119 71
6658 4940 33
6658 8446 48
7734 2481 100
7734 3360 11
7734 7409 7
3152 7754 37
4025 3761 86
4025 9848 55
9970 8467 69
6841 6944 99
3177 5814 69
3177 7331 49
3177 3758 66
3177 5544 25
1609 4743 65
6693 9515 38
6693 9074 23
3144 4235 4
3144 7956 11
3144 5173 12
4235 59 35
2085 3883 98
2085 3583 1
2545 9757 97
2545 2397 69
1373 2332 6
1373 3678 100
1373 2393 47
1373 6484 14
2196 9837 90
2196 202 51
2196 3061 68
2196 9039 69
5215 6531 24
5215 53 62
5215 5013 72
6531 95 45
3303 9718 56
3303 1111 95
3303 5142 38
9718 2092 20
9718 1911 37
9718 818 28
7443 8488 45
7443 5498 84
7443 2248 44
7443 5415 51
8488 2738 78
8488 7055 16
2842 6879 90
2842 6382 41
6879 8443 18
8008 6246 93
8008 6423 72
5763 6265 34
4784 4362 94
4784 8287 46
8178 9933 87
826 6683 69
826 8212 5
826 5852 16
6683 4375 32
6683 1970 7
241 1334 73
241 9253 3
241 7562 20
1334 420 38
1334 2177 43
1334 6325 98
743 8900 9
743 2718 39
8900 5441 30
5046 9996 56
5046 554 17
3413 4483 12
3413 1231 36
3413 8494 56
1990 3912 50
1990 5974 76
2067 9111 69
2067 3926 18
9111 9377 52
9111 7860 46
1857 5329 86
6142 2134 7
6142 3551 58
9497 4745 45
876 5044 29
876 9106 77
6769 6008 11
4791 9408 44
9173 9719 69
9173 7568 22
9173 37 76
9173 206 12
4217 699 94
4217 3536 68
5104 3671 33
5104 5772 57
5104 3668 55
9801 7889 74
9801 6664 51
9801 900 100
5080 4945 38
5080 9386 58
4494 7497 47
4494 1973 37
738 2624 19
738 9222 91
9561 7542 19
9561 6691 1
9561 5508 8
789 8224 28
789 9070 58
789 9024 79
8224 4633 93
8224 4687 69
8187 148 2
1203 8121 23
5665 7056 88
5665 1058 57
5002 9135 99
5002 806 37
9135 4455 42
9135 4888 70
65 147 88
65 2832 54
3835 8534 3
3835 9693 61
3835 6329 85
8534 6792 47
8534 2488 81
16 106 49
16 4626 13
3469 5100 58
3469 122 14
8708 7279 84
2435 5134 4
2435 5232 61
3931 6902 91
3931 445 26
3931 8019 71
6902 9674 49
6902 3360 44
4192 4957 74
4192 2471 22
4192 8249 9
4192 3032 23
4957 7182 20
4957 8040 67
4957 1949 43
6944 7831 6
6944 8856 48
1481 9018 95
1481 8502 22
1481 696 19
1481 1978 65
1684 9052 46
1684 4377 90
1684 1885 15
9052 3277 20
3235 8342 21
3235 6172 31
3235 5298 86
2681 3765 61
2681 3034 84
3765 6336 40
6827 8236 1
4850 6246 36
4850 1887 5
6246 7053 4
6373 1479 4
6502 5082 97
6502 4414 78
6502 1949 56
6502 5823 2
6304 1797 13
4067 600 31
4067 3557 2
4067 293 98
8897 8034 18
8897 4414 98
961 8610 77
961 3150 21
680 2122 65
680 3892 5
7190 7760 67
7190 4906 40
7190 3324 49
256 8955 53
3119 1075 49
3119 2584 83
4354 9583 2
4354 264 38
4354 8022 79
9583 1006 98
9583 8588 63
9583 468 47
8373 8558 65
8558 6527 73
1958 6537 80
1958 8512 48
6537 5928 1
6537 5015 15
2866 5642 52
420 4112 42
420 559 49
7839 4719 9
4387 3531 61
4387 2204 59
5327 6155 82
5327 8298 7
3320 1884 43
3320 3762 88
4161 7848 72
4161 5269 11
7848 9169 16
7848 6506 39
9033 3637 86
9033 9004 19
9033 519 4
9780 2708 7
9780 4143 98
9780 8094 38
6442 5657 8
6442 595 43
9613 9603 10
9613 7975 98
4617 8249 20
4617 4903 15
4617 4301 12
4617 3827 75
4617 4066 19
8249 5209 29
1820 6549 11
1820 5367 72
1820 6262 99
1820 6071 12
6549 4949 46
6549 9815 10
193 6583 82
1022 3536 62
1022 5642 89
3536 6915 37
1979 3406 23
1702 4988 80
4988 9483 73
4988 3080 96
4988 5523 13
1189 1564 31
1189 2443 45
1189 6823 44
6319 9731 16
6319 6584 34
1389 2956 54
1389 8434 30
1389 115 49
2956 1765 23
7263 8139 14
7263 9164 71
5502 5730 43
5502 9603 15
5730 9665 8
1858 1424 30
6334 3471 40
6334 6311 21
2148 386 77
2148 4903 70
704 2122 99
704 5205 34
704 806 76
682 4383 99
682 4247 17
682 4536 41
4383 53 70
6149 5772 22
6149 6015 77
8975 8287 96
8975 2819 16
8509 7921 9
8509 3386 67
8509 7785 96
4548 4362 79
4548 4869 27
4548 4748 92
5040 6306 77
8041 2596 55
8041 1000 32
8041 6158 75
1112 6755 66
1112 6615 92
7147 5017 12
7147 8022 12
7147 8502 41
5457 7434 59
5457 9630 63
5457 1788 75
7434 1325 75
9647 4983 5
9647 6243 87
2896 5452 94
2896 4263 46
2896 1523 95
5452 3122 54
5452 5955 24
5452 1070 86
6041 5132 98
6041 3339 17
169 5024 45
169 9710 20
169 6722 56
3339 7311 93
3339 5071 95
7311 1767 73
3101 5453 7
3101 8572 90
3101 8305 42
5453 1178 82
1869 2737 98
1869 1937 49
1869 1528 95
2737 900 90
2737 6192 75
4996 5480 95
4996 6013 36
4996 1686 32
4996 8337 61
4996 6800 55
5480 9518 81
5480 7807 72
5480 5921 7
264 8673 59
264 392 98
264 5902 94
2657 1934 79
2657 6027 61
2657 7747 59
9482 7760 13
9482 943 92
6175 5310 50
6175 5061 3
6175 5051 23
6175 5530 75
5047 3156 61
5047 4779 52
5047 8404 8
3050 5652 82
3050 2393 3
3050 6515 37
5278 4958 21
7389 6692 43
807 1077 12
382 3420 54
382 2380 71
382 648 84
3420 5761 11
3420 7921 22
9244 6146 25
9244 2862 56
4584 4731 71
4731 1770 88
4731 6692 73
9261 150 26
9261 7242 83
1925 2214 68
1925 8892 17
1925 1989 16
2214 4185 38
3633 6430 40
3633 2966 33
2253 7183 42
2253 4797 64
7183 2967 9
690 9026 52
690 5279 95
690 7992 7
9026 3074 21
9026 8465 44
9026 810 9
6108 7447 86
6108 3540 68
6108 9604 36
6108 1540 71
7447 5004 66
7447 6359 14
9005 1792 92
9005 1077 93
2827 4237 24
2827 4508 74
4237 3080 44
3926 7853 7
3926 3966 55
977 4663 51
977 4832 58
977 942 10
9659 1721 62
9659 2665 69
9659 4377 74
1929 9688 59
1929 5304 31
9688 9406 28
1165 9292 51
1165 8 95
9292 334 8
9292 0 33
2383 9858 14
2383 8193 44
9858 5030 19
9858 2330 21
4210 7307 12
4210 7108 90
4210 543 61
7307 3228 57
7307 1206 11
3236 7619 88
5362 8810 86
234 1336 94
555 3312 30
555 2995 53
555 3788 15
1201 1819 80
1201 2384 13
1201 1438 29
9699 3939 42
8651 1566 47
9645 70 23
9645 4112 82
9645 6425 82
3773 4249 75
3773 2602 38
3773 5674 9
4249 769 67
4249 6848 18
3179 3510 57
3179 7858 12
3510 2442 36
3510 4362 19
6905 2589 40
6905 7593 93
2316 2354 91
4520 8898 79
4520 6341 38
4520 7213 56
7513 5227 22
7513 6719 20
7513 4349 25
2791 7220 54
2144 6569 75
2144 181 98
6569 9815 39
6569 340 71
6569 7967 58
4367 7216 90
4367 202 1
7216 5553 59
7216 4870 36
7216 7607 43
7216 1745 5
8671 3065 10
6899 5620 80
3637 5704 16
2543 3807 96
2543 9105 31
3807 8943 55
3807 4869 38
3807 792 80
3787 9762 61
3787 940 49
3787 3006 27
3787 4112 58
8095 7497 68
681 9740 3
681 3599 70
681 6970 23
9740 377 78
9740 4396 41
9411 1181 27
9411 3800 11
3802 5663 3
3802 7243 81
3802 8292 93
3208 1796 84
202 3289 97
3289 8677 27
3289 1221 45
3289 1141 14
3289 7650 82
4081 9693 86
7530 7680 57
7530 2076 33
7530 6959 31
7680 4722 81
7680 3233 85
7094 8281 29
7094 5945 18
8281 76 96
8281 5279 78
8281 9085 3
2853 4763 48
2853 1291 66
2853 2436 55
4418 4656 34
4418 5828 4
4418 1498 27
4418 7200 26
3800 5775 81
3800 6995 65
3800 5704 50
5775 9465 95
9363 8681 93
9363 8563 15
2125 8905 37
8905 3401 79
8905 7156 60
8905 732 14
6311 4912 72
6311 4540 25
6311 718 42
3557 1956 71
3557 9233 13
907 9792 86
972 9865 54
972 8129 94
972 4353 30
972 9058 18
972 6029 99
9865 1655 59
5547 8563 33
5547 5524 6
8563 4491 93
9452 8547 32
2000 7863 10
2000 1106 51
2000 3961 94
7863 2577 41
7863 1545 96
5861 7959 73
5861 7814 91
6122 9410 33
6122 7886 6
6122 871 90
9410 5814 7
9410 4492 48
5375 2113 43
77 7858 100
77 2813 72
77 5506 38
7858 8537 14
7858 7243 7
383 2653 36
2653 2768 24
2653 619 23
2331 4216 3
2331 4887 66
2331 487 34
6876 9432 99
6876 610 40
1461 818 28
3823 1927 32
3823 5688 35
6720 9894 81
9894 9103 87
1607 9467 48
1607 148 27
1607 113 55
1006 1460 55
2188 7715 2
2188 2593 41
7509 9165 9
7509 4762 48
7509 9777 60
9165 5943 28
9165 1757 41
5062 5385 14
5062 539 16
53 928 85
3065 1424 41
3065 6347 51
2297 4369 76
2297 2042 66
2297 6657 34
4369 862 37
442 8835 36
5372 4944 17
3589 3966 38
6455 7238 73
6455 3471 49
1219 3409 33
1219 5894 44
1219 5004 15
1219 9416 65
3409 703 47
1472 8440 73
4938 7784 52
4938 2142 66
4938 3697 60
5693 7128 12
5693 1113 84
5693 2533 89
5693 8379 17
7128 1519 76
3719 9437 33
3719 4739 93
9437 9185 59
9437 9393 13
937 6743 94
937 7235 79
8827 6360 42
8827 7043 27
748 3941 9
748 368 4
5202 328 41
5202 706 51
5202 3886 80
4944 1606 83
2089 4854 23
1737 2594 49
1737 8368 74
1737 4551 80
1737 4394 23
2733 5033 45
2733 9733 66
5033 1539 15
5033 8324 2
8894 7685 37
8894 7228 83
8894 7544 75
8894 1697 57
7497 7769 3
7497 4888 65
6596 4478 81
5904 4670 69
5974 6968 55
140 4452 19
140 5796 25
3488 3523 8
3488 3715 88
8277 7718 25
8277 2311 52
7308 6348 39
7308 7749 36
4406 5675 64
4406 2157 46
8217 6923 46
8217 9022 100
8217 5192 65
6050 9615 70
6050 7282 66
6050 742 5
4695 857 34
1765 4362 5
1038 2541 43
197 9658 84
197 3934 7
197 4041 94
9658 9105 53
9658 7234 60
7403 6416 76
7403 4193 97
7403 2713 6
9476 8399 13
7855 8326 75
7855 1274 26
7855 3156 8
8326 1754 8
8326 4263 26
9448 6690 16
3345 8790 7
3345 443 25
1851 5944 82
1851 4267 83
3080 4470 94
3080 8 15
4470 2287 63
4470 9677 12
4888 9039 11
4888 2444 81
9039 3228 51
9039 4808 55
8268 4660 88
8268 1678 26
8268 4251 47
8268 7373 10
2231 3212 66
2231 4425 74
2231 8265 97
3212 5617 91
3212 7769 5
2344 4102 48
2344 3603 99
692 1562 77
692 7228 93
1318 9644 27
1318 3249 92
9644 210 61
9644 637 46
8467 7174 80
2108 8162 92
2108 8134 66
8630 9252 48
8630 2589 85
5979 9025 97
5979 1838 61
5979 3826 87
9025 143 22
2361 8465 72
2361 6579 12
2361 4782 38
3641 3018 78
51 5779 53
51 8957 44
51 1659 54
5779 7047 47
5779 3456 10
6971 6756 54
6971 2037 18
9615 4250 2
9615 2510 88
8607 3125 30
3847 3958 99
3958 2528 7
4278 8840 69
8840 8737 86
8278 7834 49
3905 4945 23
3905 1751 71
3905 882 46
6422 4061 30
6422 9420 38
1539 2422 61
1539 4286 33
2422 1763 44
2422 2937 42
2422 6548 44
9113 2710 37
9113 9327 23
9113 4126 73
3689 4433 13
3689 2252 100
773 4505 26
773 7714 93
3992 3935 71
3992 9996 76
3992 9806 86
3753 8832 99
3753 3827 69
3753 697 56
986 3756 93
2419 2017 77
9969 3553 2
9969 5758 30
8552 4496 64
8552 7818 60
1024 4204 9
4204 9465 86
4204 5786 36
8101 2602 5
8101 7854 59
2599 7259 6
2599 3414 20
2599 2083 33
2599 4814 37
2599 9527 75
7259 7849 75
7259 6752 79
4060 1963 91
1450 8604 83
1450 4949 16
1450 3376 31
5872 6013 73
5872 2829 28
5872 2469 91
2809 5914 24
5914 368 51
9693 3810 9
806 783 49
3965 8985 66
3965 6271 44
3965 6825 53
8985 8745 22
8985 6433 75
7708 9782 55
7708 4203 82
7708 5240 22
9782 5823 33
9782 2042 75
2723 2500 52
2723 368 3
2029 7771 55
2029 6431 96
2029 2044 58
6095 7374 74
6095 7163 30
7374 7044 35
7374 9287 47
7374 3930 41
2154 7501 7
2154 7440 13
7501 1240 43
4239 8214 92
4239 3870 18
4239 5106 76
8214 2436 58
8214 4566 92
2708 1359 89
70 1699 70
70 9652 53
7826 7416 61
7826 3612 84
2635 6269 3
2635 5099 26
2635 733 88
6269 8928 97
6269 7042 15
1587 4099 72
1587 6755 38
849 614 80
248 5221 51
248 8731 1
248 11 97
5221 8079 7
5221 2052 89
2460 9651 77
2460 6639 30
2460 8872 71
9651 8077 53
9651 4271 51
380 422 79
380 619 87
422 4377 57
422 5570 77
3122 3734 87
7774 830 9
7774 1415 84
6169 9366 47
6169 8989 29
9366 3104 27
9366 4826 95
9366 5166 29
3401 6152 87
3401 4187 65
6152 3194 24
6152 2833 99
6152 1754 83
6396 7273 52
6396 9058 34
3333 1103 22
3333 4707 51
4139 6073 63
4139 9110 4
7423 9747 5
7423 2828 22
7423 505 92
255 6942 16
255 7337 78
6445 6079 17
6445 7460 67
8295 5987 40
8295 385 47
8295 8299 86
4024 4222 5
4024 1328 81
4024 1364 20
4222 4491 66
8832 7970 77
2526 6669 44
2526 9056 53
6764 6898 53
6764 3883 43
2502 7494 61
9937 8387 37
4958 8474 2
7172 6224 47
7172 11 23
7172 7873 18
780 4462 18
780 1496 82
780 5388 84
4462 2882 65
76 2972 63
1928 9924 37
1928 266 16
1928 5059 100
1928 2551 22
9924 4087 41
9924 5318 47
5142 8213 74
3287 6819 74
3287 3603 64
4789 3762 79
2674 8401 4
2674 4075 70
2674 9407 70
8401 9733 62
8401 7046 93
4745 6210 18
6210 4626 54
6210 9540 63
6210 1638 59
2575 4608 48
2575 2779 51
4608 8017 25
4608 3972 90
2690 1871 38
2690 9347 17
6267 1202 80
7227 9916 56
7227 1343 39
2868 9556 13
2868 4487 30
9556 178 5
9556 7342 91
9556 7626 54
8133 3192 39
8133 2765 3
694 7188 80
694 3209 15
8151 7960 20
8151 6860 33
6727 8434 93
6727 2332 52
6727 8448 79
314 824 66
314 4911 95
314 1870 8
314 6479 31
824 2073 4
824 7131 46
3870 2195 15
3870 538 40
2261 5737 78
2261 1416 13
2261 2052 89
468 3635 44
468 4099 69
201 6115 71
4022 1811 19
5727 964 98
5727 6423 44
5727 7814 79
3961 4892 33
3961 5536 2
3961 2839 37
4892 8865 83
4892 8315 40
4892 9848 47
5045 3628 92
5045 9753 85
1328 5074 85
6468 9620 66
6468 6933 4
6468 702 99
9620 8297 28
9620 9571 56
9620 2171 51
435 7893 5
435 5163 36
435 5615 2
7893 8696 79
5183 7001 96
2966 9070 95
2966 2734 93
9070 2551 25
7464 7231 89
3203 5117 16
3612 1654 23
3612 9549 80
3612 6467 17
207 9713 2
8372 2007 50
8372 8107 39
4950 4403 42
4950 9024 46
5034 4864 26
6282 9242 66
4196 7607 90
4196 1738 43
5931 8610 64
5931 6439 42
6961 3908 3
6961 3551 97
6200 386 64
4377 9630 10
564 4353 10
564 6006 12
5067 3061 85
2478 326 39
2478 9248 32
2478 882 66
5925 4779 97
5925 3136 25
5925 69 65
5925 1253 42
5938 7845 40
5938 9867 90
5938 5776 64
7845 5635 73
7845 6508 44
7845 931 9
4185 1716 99
9733 6634 4
3552 7557 6
3552 4343 7
7557 7761 34
7557 4706 62
7557 4719 15
6988 5044 50
8903 9232 28
8903 7962 33
8761 9185 1
6176 8267 12
6176 6866 22
3621 8870 56
9377 5678 56
2178 1763 37
2178 1224 12
2178 5965 94
4353 4527 8
4156 4468 73
4156 1183 66
7373 88 99
7373 3262 20
4157 4243 80
4157 7448 73
4157 3255 9
4157 9019 95
4243 9485 82
4243 9420 43
4243 8469 68
9531 9041 51
9531 6892 4
9531 9872 77
3898 2171 97
1543 324 65
5038 8317 45
5038 4940 18
2664 4536 18
2664 524 33
5107 1053 56
5107 9179 93
5107 1762 43
4097 1329 18
4097 6459 55
9916 3358 76
9916 2202 12
9773 1882 86
9773 6073 10
215 2589 96
215 2443 55
215 8514 84
2589 4723 8
2589 9042 65
8673 4719 94
8673 9439 16
6523 9624 37
6523 1722 78
6523 2163 22
9624 1592 5
2082 8998 38
2082 7002 37
9639 7276 81
9639 2951 19
1632 9787 91
1632 1031 92
5579 1797 12
753 7718 40
753 1075 91
753 128 94
7718 565 9
7886 8737 35
324 2882 89
324 7267 77
2882 3410 42
4508 9393 35
6410 9918 40
6410 1077 73
6410 280 76
6410 935 57
9631 5006 77
9631 6386 79
9541 5201 33
9541 8017 74
9541 8066 61
9541 1775 89
3427 1937 65
4478 1009 21
4478 637 9
4478 5776 55
8865 3872 40
302 4441 43
302 5478 21
2199 5789 3
9792 376 23
9792 6162 33
6119 6033 46
6119 8532 25
2300 7246 55
9252 872 71
8553 5 46
8553 98 58
1723 9016 80
960 1407 13
960 2269 40
2926 7627 4
2926 7660 84
2926 2487 7
3070 2443 76
3070 3061 11
3070 8329 80
2141 4665 49
2141 733 3
2141 2549 34
4665 5912 66
5683 3956 30
5683 7990 67
5683 5701 12
263 1959 37
263 2591 87
1959 8517 94
1959 9454 74
1959 3506 47
293 1801 92
293 8215 54
293 6138 75
1801 5898 98
1801 4878 25
4922 6241 70
2494 5206 56
9253 5124 11
3591 7967 49
3591 6006 83
7967 2330 74
7967 8255 47
3860 9432 28
1733 318 58
2429 95 37
8896 4457 64
8896 9055 13
4225 4698 16
4225 868 36
4225 8376 96
4698 9020 10
6326 7045 47
6326 3763 92
6326 663 6
6326 7254 69
7045 1103 37
7045 2566 20
3840 4891 74
3840 8592 75
3755 1458 46
3755 6212 83
3755 2037 45
7210 8778 83
9724 8633 52
9724 3464 30
7002 7220 89
7220 6272 38
7220 4095 15
7715 669 71
2480 580 6
2480 2336 8
2480 9167 23
2260 2374 18
608 5225 7
1542 7073 71
1168 3376 26
3728 7409 4
3728 1775 18
3728 2629 53
7409 3677 5
5641 7076 60
5641 1526 63
5641 1324 68
5641 1796 13
7076 8895 33
2834 3934 51
2834 1191 77
2834 1963 62
3934 4037 31
4189 5525 41
4189 3548 68
4189 3376 4
5525 5658 47
5525 5955 9
2024 6141 18
2024 7300 37
2752 7805 38
2752 1374 41
9036 7533 20
3939 9045 46
3939 5553 76
3939 4420 73
5 5772 10
5 6640 14
257 8774 70
257 940 85
257 9663 52
8774 6137 77
3201 119 21
3201 9415 64
6500 9055 63
6500 3496 52
6649 4782 57
6649 3395 41
6649 4839 57
7728 6915 97
7728 1309 55
624 4832 31
624 2246 80
624 5310 27
1972 2979 92
2979 7327 20
3051 2350 21
3051 1290 10
5652 2242 63
5506 6446 96
393 8419 96
393 6342 86
393 4522 78
393 3282 93
8419 4499 68
8419 1712 63
3583 5849 25
3583 7319 42
5849 1537 40
5849 9963 9
4838 495 97
4838 570 6
4838 1421 74
9963 8399 41
9963 7082 93
8289 9719 59
8289 6556 59
4304 8992 63
4304 1391 53
4304 9233 35
4304 1526 74
8992 2615 86
597 6461 53
2317 4867 99
2317 6634 45
896 8077 35
896 181 12
896 2935 50
896 7038 71
8077 5570 94
8077 1526 91
8182 3476 88
4557 4751 90
3957 4880 76
3957 5263 77
990 2235 39
2235 2943 87
1970 6197 71
2240 3215 47
2240 1117 91
4167 3867 40
2577 7744 10
7744 3530 74
7744 2908 21
7744 1053 28
377 5960 42
377 5318 65
377 4396 5
8798 2142 10
9461 8002 68
9461 3638 84
6860 1984 6
6860 8711 23
9956 3161 89
9956 266 97
5291 857 20
5291 3273 82
3350 6088 54
8129 8235 84
8129 210 33
8129 908 47
8129 3662 92
8235 7772 31
8235 457 23
8298 1678 29
7001 3607 88
9212 1763 71
9212 2552 6
9212 4517 38
6044 7947 100
6044 7038 39
6044 2990 68
9043 2627 81
9043 5251 49
9043 4265 72
1158 9177 33
1158 7043 63
2739 4072 52
2739 5565 80
313 2908 60
2908 7049 33
2908 470 31
4375 8608 41
4528 9367 91
8947 7946 20
7345 6107 96
2139 8433 65
2139 7242 17
2139 6929 71
8433 316 73
8779 8989 49
5013 4796 26
2663 8022 56
2663 1343 24
2663 9670 71
2034 2301 17
4300 5354 85
4300 2835 22
5354 2266 80
5354 6376 91
504 8868 35
504 9367 72
8868 1819 61
9382 4761 32
9382 6491 1
3168 22 97
6544 4148 40
6544 8335 22
6544 7625 17
6544 5771 61
6439 1887 44
6439 2421 20
5466 4783 65
5466 2252 49
5466 3028 72
9327 3532 98
8505 1489 46
6868 9010 34
6868 7954 14
6868 8369 84
406 5240 18
2391 8037 47
1268 8009 12
206 6154 54
6154 4277 93
6154 5052 48
7017 9868 12
9868 837 30
1531 6732 80
1531 4631 65
1548 6005 67
1548 332 44
1548 111 85
1548 9525 49
6005 7625 80
278 7271 62
7125 8978 60
3108 3302 51
3108 9488 91
3302 3123 28
3302 3821 6
3302 7794 46
9542 911 1
2443 8158 38
9282 4342 82
9282 3533 35
2795 5143 55
2795 3367 40
5392 8675 98
7923 4633 48
7923 3221 47
523 5440 72
28 2202 76
28 2060 46
28 8790 95
28 1289 1
4719 5367 8
5367 1183 96
7742 2525 35
7742 5522 77
7742 4877 50
7785 9177 26
7785 9895 71
9177 1811 86
5998 8329 97
8392 8808 45
8392 346 91
8808 283 32
8808 7890 57
1807 1714 11
1807 6850 100
1807 2329 88
2736 4263 83
2736 9904 39
3877 6640 16
8308 6780 7
8308 9787 10
8308 86 52
4346 9371 90
600 7332 15
600 7300 10
8332 5471 12
8332 7182 51
8332 9242 30
3386 7271 13
3386 8635 89
9161 1884 82
3 9922 27
3 6264 94
3 3894 24
1562 5155 76
1562 9417 64
4721 2576 38
4721 3096 4
4795 6277 62
4795 1009 19
4795 7800 94
4795 8305 72
6277 5063 94
6277 3327 65
6277 9435 18
4638 8545 59
8545 1981 29
8545 2706 40
5205 6148 90
5205 786 46
6148 5261 62
6148 3260 73
6148 7377 55
6148 1081 78
1396 9612 95
1396 3436 69
1396 8035 4
1396 2531 94
1887 8184 76
1887 8856 36
4562 9839 75
4562 4869 51
9839 6997 64
2488 7055 19
2488 2103 98
9680 8137 91
9680 722 88
637 1050 10
637 4499 52
1050 9138 99
7733 4877 1
7733 7818 42
7733 8506 4
9495 814 53
9495 7219 7
655 9867 20
401 6593 70
401 975 22
401 3273 8
6593 8130 87
5834 3508 90
2079 2421 54
2060 2738 67
2060 9439 3
7254 3914 62
7254 6342 74
2883 2090 78
5498 4293 30
5498 141 46
6212 6780 61
6212 2967 51
9537 4457 34
9537 4274 64
9537 5440 79
9537 9558 1
9077 1106 20
8022 9607 22
8517 1116 5
3914 4095 2
3914 1325 30
7124 8342 54
7124 6444 85
7124 155 7
8342 1948 37
8342 5987 6
2576 4286 85
4343 1491 75
86 8523 40
86 6560 98
7769 5132 42
7769 3032 9
3526 3692 88
1357 5953 87
1357 1697 58
5953 7508 43
5953 4112 79
5953 3871 46
2033 4250 22
2033 2898 70
2033 1537 62
3277 6349 95
3277 439 5
8045 5099 79
628 5928 64
628 6831 6
5928 4933 77
5928 376 96
1637 1741 55
1637 1812 8
1637 5976 15
3879 3984 15
3879 5310 15
3984 5829 72
3984 1248 92
4333 6321 59
1012 9606 54
1012 1249 100
5471 9943 16
8637 867 42
3300 7710 18
3300 6735 59
4159 5381 75
4724 942 63
4724 3712 13
4119 9082 55
4119 471 58
4119 7197 47
4119 346 35
9082 8942 69
173 6421 91
173 7049 27
6421 4066 10
6421 6592 44
4515 6049 20
4515 6548 62
6049 4949 95
6049 8106 3
5523 8466 32
5523 719 52
5523 5491 11
1491 2584 56
8979 9962 16
8979 2831 95
8979 3897 47
1271 2718 2
1271 8147 100
1016 732 91
259 4527 76
2874 1282 96
9222 4983 11
8514 3632 20
8514 8340 49
7448 8094 63
8094 3930 82
5766 1077 18
5766 4493 7
5766 2415 10
5766 2592 29
2615 7131 71
3266 505 80
3266 2982 74
3266 6107 50
4910 8437 31
108 252 11
108 3746 66
108 2186 32
108 8322 57
252 9729 73
252 4216 95
818 3795 73
3795 3909 38
4001 3910 96
4522 2621 63
4218 830 57
4218 6986 41
8576 9318 10
666 9416 25
666 3533 65
666 7555 51
9416 2552 34
9416 2893 72
5613 3628 46
5613 928 61
6006 3169 54
6006 6156 1
9335 7435 71
8519 9306 2
8519 1614 87
9306 472 100
9306 449 19
3890 6615 35
3890 3298 25
6615 3748 43
6615 4839 7
5824 3247 61
5824 4668 16
554 123 47
554 3326 80
8889 4191 31
8889 5171 85
4264 4723 11
4264 5996 55
14 1484 70
14 3388 26
8034 8860 34
8034 4208 43
8860 7496 42
4536 8136 51
971 5275 27
971 8070 98
971 1309 73
5275 3082 25
8297 5961 25
8297 4814 28
8297 5950 95
1525 7554 69
1525 6172 71
1525 574 75
7554 3501 68
4985 5555 73
3674 3267 79
8943 1191 34
6321 3979 84
6321 3298 27
6321 7348 19
4096 2217 48
4096 7469 35
8936 4370 20
1204 6617 26
1204 2921 85
1204 4755 20
1204 455 3
9320 9871 13
9320 3506 34
3215 6661 45
3215 2766 69
3215 1937 91
7619 9713 24
7619 1619 47
9105 9919 51
1900 4040 65
1900 5976 93
1900 5753 52
1844 9481 77
1844 4940 28
1844 505 26
1844 7332 46
1844 9943 55
9481 868 83
6088 2221 74
5044 6848 15
5044 9021 77
5513 8989 19
5513 6583 57
5513 9604 43
5513 6579 51
8989 8955 63
4403 3702 17
4403 8660 87
1303 368 92
1303 5117 45
5522 6664 31
5522 8250 83
4113 4780 66
4113 476 78
4113 6819 25
4113 9219 13
4780 7943 46
2095 5771 1
2523 5245 88
2436 938 85
4416 9103 14
4416 868 49
4416 1107 21
9103 1391 4
8236 7469 68
8970 8907 93
8970 7162 96
1655 8753 74
1655 2440 27
9367 9302 20
9623 1638 23
9623 4899 97
9623 1242 21
9951 9817 93
9951 8265 87
9951 1479 60
5951 5932 65
5951 5048 60
5951 9895 36
5951 5135 34
1775 8153 6
1775 2706 100
1907 7917 25
1907 1283 28
4203 7534 18
4203 9604 90
9887 6579 89
9887 3628 21
9887 402 40
4492 5699 9
4098 4582 86
4098 6616 8
4098 7056 88
4098 8817 70
4582 2888 67
4582 7822 33
4068 4941 10
4068 705 75
4068 8511 44
1041 5263 28
1767 1788 98
2070 1846 4
2070 9526 9
2040 7901 76
2040 6272 49
1364 3530 47
1364 1897 92
178 5720 77
178 5060 84
5720 2027 72
6285 7399 31
6285 899 75
3954 2861 69
3954 6436 8
6359 4599 24
8387 9073 28
3062 2205 51
3062 6481 65
3062 4591 61
495 4660 95
495 1592 89
123 39 86
6700 8181 46
9588 828 3
9588 6987 32
2348 5512 67
8670 2397 69
8670 1519 25
8670 687 79
1870 2409 74
2328 9248 13
2328 7875 24
2328 3655 50
2328 4708 64
9248 5576 67
1672 7631 51
1672 5558 63
2263 9762 9
2263 4966 3
2263 6158 47
2263 6520 33
9762 9115 81
9762 5736 68
2225 8440 38
7787 3757 53
7787 6341 29
6015 7834 5
7834 8917 65
8841 3316 47
8841 2569 94
72 4461 22
72 7293 94
72 4041 69
210 6077 98
2097 7815 44
7208 7747 5
7208 3521 68
7208 151 43
7208 3628 59
7208 5423 33
7747 2800 57
9922 2184 5
9922 7231 23
2287 8957 87
3746 3967 99
3746 4978 73
3746 9943 99
3967 1686 51
3967 4503 36
3967 4703 18
4934 5822 36
5822 9797 86
5822 7867 85
2549 2191 93
4493 8331 67
8331 6831 22
8331 963 79
2900 4744 55
4061 9029 90
2126 6012 64
2126 3662 17
2126 8338 27
2359 1876 31
2359 9960 21
2359 8440 80
5898 4180 20
3537 5232 54
2541 8358 66
7194 2094 90
7194 6335 93
7194 526 94
2745 451 52
5538 5347 66
5538 9357 33
6866 4591 24
6866 249 28
9727 1029 94
1391 7296 52
2666 4600 44
2666 192 82
2666 5694 64
4600 2596 24
4600 9179 33
594 8351 57
8756 7569 54
8756 8537 75
8756 9685 27
9816 2938 20
9816 6560 30
9816 857 46
9440 6376 33
9440 5206 53
9440 2835 64
249 510 57
8919 7952 11
8919 9871 58
4552 7301 33
4552 2776 100
4552 8733 75
7301 9530 31
5315 2962 48
2394 6490 29
2394 73 40
2394 4911 73
6490 268 27
1208 1683 92
1208 3269 38
929 9527 93
929 7873 78
7188 4472 46
7188 2473 93
8954 9344 6
8954 8162 96
8954 6627 83
5642 2832 93
5642 4291 5
1339 3004 75
1339 9662 58
2533 4740 15
2533 1049 3
2533 9878 75
4740 3002 28
4455 766 20
4455 8313 64
4455 1920 45
3846 9787 5
5001 9713 11
5001 8071 89
5001 9929 1
3091 8909 84
3091 8085 60
2982 9592 12
2982 9971 75
2982 1215 62
9945 3327 41
9236 895 2
9236 2487 21
9236 610 76
539 4618 70
539 8642 13
4603 3397 75
4726 3038 79
4726 1985 94
4002 6594 62
4822 6756 84
4822 6253 25
4822 5404 89
4822 1049 12
4663 2468 20
4663 6431 92
4663 3851 38
8038 6453 43
1314 5074 12
2972 3581 95
3581 5169 17
470 7146 6
470 2191 72
470 7811 21
9362 9517 82
9362 6252 75
9517 6929 33
1984 8948 19
871 3054 7
8556 4981 68
4756 900 88
417 409 53
4761 7659 71
4761 8395 43
4761 3748 63
857 5393 87
5576 6525 83
6525 552 66
22 3826 62
22 9101 70
4983 2050 61
9181 9832 4
9181 3423 92
9181 3297 87
9181 3358 82
9832 8195 64
9832 1663 71
1738 4503 80
1738 9051 19
2301 8391 96
2301 6567 9
8391 5876 85
8391 13 88
8391 3985 55
5251 4652 31
5251 318 99
4445 8411 91
4499 8855 11
4499 783 42
4652 1053 43
4652 9998 25
4208 3809 23
4208 9047 12
5225 9729 80
3137 2974 26
3137 9971 25
2779 6526 41
2829 6416 25
2829 7251 17
2829 2513 26
2829 7041 61
6416 3702 82
6416 7711 54
6669 7900 13
6669 2710 30
7900 6583 52
7900 4560 86
7900 1305 45
2848 2020 56
9414 5844 95
9414 7097 18
6241 8215 15
5165 5026 5
5165 7341 94
7889 7192 42
1831 8000 66
1831 5223 52
2384 1716 99
8974 3610 85
8974 9269 77
2942 1676 71
2942 917 87
2942 3635 36
2942 7625 4
9860 5244 29
9779 9867 34
9779 1654 18
8523 1059 6
779 4491 60
4491 493 73
8127 5374 30
8127 2592 16
8127 5099 88
7116 5092 48
1231 3407 31
1231 5649 35
3074 4610 22
4610 6459 11
5512 9147 63
5512 5384 37
5279 5617 70
5279 3941 88
5617 5231 75
5617 1566 98
1514 7690 82
1514 9707 7
1514 603 84
1514 7380 69
7690 9929 7
7669 9787 71
7669 3729 44
8690 9058 22
8690 7219 51
8690 5049 72
9058 3639 72
5943 9031 69
5943 9968 95
724 4651 55
4517 9966 54
4517 4786 68
9966 5852 3
5095 7395 12
5095 6306 63
8518 3260 49
8518 1380 19
7174 7031 50
455 9221 44
7192 1275 74
3598 3117 96
4118 8851 67
4118 3506 87
3492 1752 44
745 327 99
943 8793 22
943 291 98
8315 9240 50
6384 1962 55
6384 4744 75
1707 3092 14
1707 8042 45
3092 4428 47
2187 1748 68
2187 7122 68
976 4117 61
3443 9663 68
3443 7195 93
124 6346 61
124 883 12
6346 6970 87
6346 7517 39
2552 2672 35
2552 3255 94
2672 1839 100
6657 2835 82
6657 6428 41
1619 3221 1
1619 5902 57
3221 9823 66
8916 160 100
7466 9168 19
1181 917 24
192 4472 22
192 8266 99
9022 9750 99
9022 8634 5
5388 6156 89
5388 9540 12
3747 9269 98
3747 1976 100
9269 8486 33
332 2272 46
332 2920 20
2272 2466 63
250 453 34
250 3096 69
4291 6093 22
4291 6174 19
2859 6713 77
6713 2525 54
6713 9586 40
6713 3485 42
9080 2828 10
9080 5384 27
9080 9233 78
8933 3897 74
1309 5758 67
5758 3607 76
9354 763 4
2943 9982 28
9982 4684 59
9982 3167 19
4496 5159 13
7555 102 52
3761 3920 4
4485 2525 15
1290 3741 48
2373 7735 41
2373 336 31
7735 8011 76
8532 6987 94
8532 8002 36
7460 5699 4
7460 8329 25
8259 6004 69
8259 5319 16
3402 4615 65
3402 5428 14
4615 859 26
4839 7660 83
9918 3368 11
1302 669 42
1302 846 54
4158 5308 52
4158 6642 60
4158 6630 12
4102 6923 6
8659 9540 1
6342 7131 11
6342 9742 42
7131 7781 74
7131 3449 43
5930 4032 62
5930 1505 50
326 3099 63
326 7029 96
3099 5261 47
3099 2974 62
3099 9898 27
102 7719 41
102 3312 87
2886 9178 71
2886 1515 71
2886 5385 16
2886 6581 7
9178 1566 24
9178 8582 2
1513 4041 76
9823 9998 23
9823 3312 96
9998 372 16
9998 3730 96
6712 7199 64
6712 3060 85
7199 1105 86
7199 9505 58
3757 7542 76
3757 1116 94
3757 4082 93
7542 552 71
4786 7113 79
385 7933 88
7976 6579 10
7976 9689 43
6444 8429 50
8941 4904 18
2838 8871 18
4420 9175 38
9175 2507 50
2288 1261 8
2288 3125 38
2288 7672 8
5732 6932 65
5732 9064 50
5732 6125 5
5732 6491 29
5732 6012 15
6932 2593 91
4483 8526 27
4483 7332 52
1279 3920 46
1279 5415 37
778 859 70
778 8473 79
859 2598 66
2142 3502 63
2142 722 76
3502 8435 20
3502 8265 65
3502 7985 45
5269 524 37
5269 8652 54
5505 5963 90
9149 1846 28
9149 3638 81
5680 7901 22
5680 316 24
5615 6481 100
5615 7583 99
6481 4978 18
6481 9485 100
6481 2311 40
8304 8604 75
3247 5939 90
3883 6776 87
771 8480 90
1839 2088 86
1839 9297 26
8051 160 68
579 1291 54
579 5319 33
1291 7943 42
1291 2186 36
7725 4593 62
7725 1678 94
7725 7878 72
2194 8848 24
2194 4182 39
8848 3896 14
8848 3815 38
3867 6584 45
3867 9179 84
6584 5609 49
5207 8079 48
5207 1721 43
5207 7776 46
6461 9525 55
699 5710 40
699 4181 84
699 687 34
699 7041 2
2076 3997 4
2076 8475 98
3316 269 19
7195 2507 40
7195 2365 92
7195 908 45
7108 4880 13
1099 8473 72
1752 3376 7
3376 895 1
9240 244 71
5415 425 22
3660 4858 6
1404 3909 77
7340 78 59
7340 9515 4
6115 7277 5
3678 4163 58
3678 8723 43
9420 5773 99
1262 340 89
1262 3360 16
8978 9129 10
8978 1359 60
5169 3329 29
5620 5833 28
5620 5200 12
1343 6092 80
1343 2190 3
6092 7459 100
3729 1283 11
3407 953 2
3407 3349 74
6376 2591 46
6909 2184 9
3771 3540 26
8738 1383 99
8738 5072 97
7583 9196 13
5932 6886 32
5932 7559 60
6886 4751 79
6886 8872 30
6886 9971 17
1496 5344 96
5344 41 5
5833 6271 23
5833 9896 99
3821 6453 3
6280 5446 97
1882 5369 4
3060 9330 87
4682 180 84
4682 1051 88
4601 1049 99
4601 7467 49
1846 6079 100
1846 2958 96
4267 2818 43
935 866 13
935 7815 66
5272 8790 85
5272 1489 45
5272 6527 71
4945 2935 11
4945 4088 60
5950 837 92
2642 3205 34
2642 5706 24
5156 8842 86
8842 6968 44
8842 5705 2
8842 792 73
1962 9353 22
8962 9381 59
8962 4669 68
6125 4751 29
2190 8340 7
2190 1242 84
2190 2621 81
6138 1579 24
1001 1469 24
1469 2414 21
1469 3154 20
1469 4187 16
1714 4182 77
1714 6915 17
5347 7332 96
5347 2584 17
8320 2472 59
8320 3530 69
1688 4977 25
1688 6933 62
1688 6548 88
1688 3112 12
1688 8533 43
4977 9464 77
4977 5789 28
5772 1289 19
5772 6817 90
1455 677 13
4160 4624 90
5814 3863 6
2566 2042 40
3894 8197 75
6979 1564 53
7943 5835 42
5815 6639 12
5815 154 89
5753 9558 80
5753 5802 65
5753 5844 49
3078 9029 19
4672 2586 81
4672 8002 55
6950 1876 100
6950 5193 30
9605 3712 93
9605 6436 67
1137 8124 26
8771 945 65
8771 2627 95
8771 5700 39
88 7580 100
88 1921 87
7580 8435 56
8085 4811 44
8745 3054 88
5710 6962 12
6962 1976 47
6962 376 86
6021 8829 76
6021 7822 84
4744 7556 33
4744 3839 56
4744 384 3
7556 3544 15
6181 7055 86
6181 3662 22
3692 5939 99
3692 2835 16
3692 9767 44
6735 439 42
4870 7106 86
4870 5566 15
7106 2280 27
6731 7522 14
6731 3947 66
7522 1793 89
7522 3544 58
4394 8572 63
4394 4597 98
2872 2380 40
2872 7348 99
7122 8898 64
7122 945 50
2047 472 74
143 9814 69
9797 9518 7
9797 1009 97
9797 5428 58
2397 1458 48
4598 5771 16
4598 7066 30
4598 6969 82
3349 7023 87
3349 8037 38
3349 2296 74
7023 8909 59
7023 8035 28
2800 9777 62
1156 6126 82
1156 3447 46
4912 1178 92
4912 3901 93
4283 2831 22
4283 5163 73
4283 2713 89
9147 5048 78
9633 1880 60
9633 3887 17
59 7324 11
2598 7293 67
2598 8005 94
2598 8274 72
2032 5854 41
2032 2801 65
638 2266 78
638 5828 50
2586 8856 21
3827 7231 30
2574 6262 6
3910 8863 34
9606 9841 97
9606 7508 9
9606 6592 17
7707 7714 89
7707 4920 64
4668 9468 51
4668 3198 77
9468 1653 61
9468 4811 59
8817 8035 45
5061 8581 76
5061 4426 9
4864 4417 15
4864 1620 90
2007 1950 42
346 7809 69
7809 6915 63
7809 4284 86
8863 9351 7
8716 7849 21
8716 846 41
4933 6865 31
4933 2833 10
1287 8340 57
1111 1917 1
1111 8046 9
1111 4826 69
3136 4891 51
9841 5179 75
4918 5805 73
4918 786 40
4918 3892 14
4918 7600 100
5805 6581 92
5805 451 83
2280 7849 56
6870 305 36
1183 4495 26
4495 8147 20
4495 7038 15
8367 7954 41
722 9898 3
722 763 68
6483 1558 97
6483 6459 57
8357 2605 94
8357 4325 68
7732 9170 21
7732 9525 61
1528 7061 66
8680 8021 71
7493 6520 81
7493 897 41
1116 3511 92
1257 6617 84
1257 9465 47
1257 4179 49
1257 4481 62
3515 6929 33
5384 8446 57
5384 2208 9
338 6335 90
7498 8474 75
7498 7956 24
5129 9518 87
5129 5786 46
2350 1817 50
705 7776 42
705 5829 43
372 8266 85
372 1770 63
372 8687 9
372 4487 8
7898 1712 15
6768 1505 71
6768 8238 97
6917 3897 41
8898 3741 28
2447 453 81
5103 9744 49
9744 614 94
1117 4130 53
783 3661 76
783 8455 97
4216 9483 82
9483 1463 8
9483 3464 43
8399 9406 78
509 5118 58
509 3260 79
509 4293 88
5118 7306 98
7901 3388 72
7901 8301 58
8793 42 46
8793 4277 36
611 180 43
1793 7577 62
1793 2094 9
7867 3273 3
7867 7061 55
6374 2248 41
6374 7113 3
8800 1699 48
8800 4670 56
3932 5536 31
3932 3106 55
3932 9164 31
3932 1564 81
336 1681 77
1424 4878 36
7107 6386 5
7647 6718 85
5856 8689 70
5856 8263 42
9837 8870 34
7070 3272 28
4906 5876 47
4906 5189 48
5876 8765 65
5876 6604 18
895 8855 31
1872 7342 79
1872 348 75
3501 940 73
1614 7635 80
3312 7251 61
122 1153 86
122 8432 41
1153 2110 9
1153 4088 80
4932 5309 69
4932 8107 5
2110 1374 90
8711 9505 57
8711 8855 85
8711 7164 61
2418 460 49
2418 3004 71
1903 2462 68
8013 9264 3
8013 6617 33
8645 3028 45
7407 166 41
7407 6012 96
1817 3909 57
1817 6664 49
4854 7890 56
4854 8358 25
3653 1745 96
3653 8882 19
3653 3170 25
8324 9435 73
8324 8537 34
2786 9281 22
2786 7261 79
2786 2205 99
7781 8526 87
7781 7533 16
8238 851 67
312 2813 92
897 7672 31
897 87 59
7672 6418 88
7435 9534 31
7435 5240 66
9534 7132 2
2970 7947 69
9630 8802 90
2990 8506 85
2990 6743 3
4575 8530 55
4575 5117 53
5491 3038 61
5491 6729 9
5024 9875 67
5024 2988 22
1683 1718 72
7869 9505 33
9291 7593 93
8797 1435 99
810 8618 74
9281 120 57
9281 3722 29
7600 6654 52
7600 1250 77
7284 3115 4
5699 7985 91
5699 6379 5
2616 9351 42
3061 7469 23
7469 5829 55
2605 6942 75
2605 5239 36
2605 3053 45
2605 4082 2
9196 9853 30
9196 9753 73
9196 5051 79
9853 3995 93
5261 8482 25
5261 8292 20
8482 3150 12
8482 9601 14
1681 4481 57
1681 1478 58
4481 8802 66
4153 4287 91
695 2037 80
1331 4842 37
1331 7953 92
3479 3794 93
3479 2804 3
3794 3391 77
3794 8520 43
786 6329 9
7878 1878 99
4075 8928 27
4075 7962 72
8928 5192 44
330 4271 68
330 5533 50
330 4054 92
5437 9515 6
2066 8598 79
2066 3741 21
6520 2617 56
9220 5131 79
375 1762 85
375 6162 81
3082 113 51
4571 3896 67
3979 8998 71
3979 8909 91
1606 9586 99
565 7952 100
565 8737 10
2762 3703 87
2762 5477 88
3474 9055 50
3474 7636 24
2818 5700 54
2818 6752 92
5700 3297 46
5700 5310 3
283 7041 65
1558 7761 10
453 4402 81
872 9167 4
872 5192 45
872 4989 79
872 1053 34
6644 7594 23
6644 2531 13
6644 8917 85
841 6532 2
6532 482 41
6532 7213 20
1106 9432 66
1106 703 98
9432 6969 53
2701 6761 63
7067 5119 43
7067 1605 37
4182 4954 67
1322 3103 25
2087 1224 85
2087 7082 18
1722 4631 43
3269 8026 59
6082 6730 56
6730 7294 60
1316 8437 35
1316 9971 95
8437 4683 7
8437 6433 33
2129 7939 79
2129 2145 59
6151 9287 17
6151 4867 24
6151 1155 20
9287 2484 40
1141 7061 48
1105 1380 38
1105 8851 69
1686 6071 19
2471 4651 48
2471 5555 77
2471 2365 93
4651 5241 58
7603 4654 55
7603 8021 62
9014 9824 87
5052 5945 42
5052 2227 33
5052 2296 27
5945 4540 58
5134 4425 55
3008 4694 3
3008 2529 74
3008 1289 93
1576 2644 6
1576 9526 96
2644 9817 27
2644 9859 77
8747 4516 73
8747 7916 1
9302 3908 87
9302 8368 89
3262 7775 5
2223 4148 4
154 837 62
154 1537 84
6341 7451 82
7451 2103 75
1989 5391 16
8106 7952 14
8106 1249 70
1956 9415 30
9415 7688 54
1030 7226 48
4268 5566 3
4268 27 29
7610 4505 53
8440 3767 15
1934 7650 78
1934 2623 26
6467 9800 96
900 2629 34
2748 6494 39
2748 7226 60
6172 5006 94
120 9163 85
120 8694 21
8502 7562 96
6526 4560 19
7579 6081 74
7579 27 7
1077 5983 46
6968 221 22
3859 2242 93
3745 2221 20
3745 9973 84
510 6912 94
510 4978 20
510 7885 33
6306 7803 3
5444 2621 24
5444 3947 59
2103 5464 49
4708 1526 7
4708 5193 19
6238 418 83
9143 8765 12
9143 5844 4
3941 8977 14
7282 8443 43
1630 8475 26
7242 4694 12
7242 2593 96
7726 727 18
7726 2819 14
9140 663 66
4325 7804 24
4325 8960 30
280 1553 17
280 4230 4
280 392 7
221 4450 88
221 4130 35
1809 5394 7
1809 1680 80
1809 2473 58
1809 6096 71
305 6554 88
1996 7822 26
1996 476 41
6755 6515 66
4054 7089 38
4054 8785 7
4054 5817 99
4054 3677 97
7089 3475 72
4634 7754 51
1282 8785 90
1282 1280 50
792 3433 52
9652 4546 100
644 443 99
644 6272 48
644 6805 6
3367 9609 6
3367 6491 38
8212 4553 66
1811 5239 94
5126 7013 60
5126 7050 83
8169 8290 28
8948 5048 85
5063 5171 35
5063 8884 92
5171 2475 18
3161 9800 96
3161 4706 53
3161 3052 70
9800 5555 96
1653 6508 62
7031 5905 47
7031 3123 100
7031 8608 85
2531 3927 84
3927 3442 14
7455 8633 41
8633 9571 100
6089 566 13
155 4826 56
155 2980 61
3018 968 68
3018 5960 54
3018 5533 2
7849 4052 73
815 9138 26
1732 9016 60
1732 6640 15
1202 1813 53
1202 2645 72
1813 3920 84
1813 4335 92
4516 5136 50
4516 5706 89
5136 1904 74
3815 7137 80
5823 8537 42
1131 8035 43
9202 3886 93
1964 5017 29
5905 2826 73
1880 8608 70
41 1981 21
41 6191 51
7885 5896 10
7885 9898 95
7332 9381 58
8635 115 29
6825 7916 92
6825 5649 25
3267 2773 13
3962 9863 69
3233 3997 52
3038 8204 80
3156 4722 90
2442 2205 72
2442 34 67
2442 3110 82
3716 2819 14
3716 8559 11
1014 2840 32
5393 8255 93
4066 8685 4
8685 8322 90
9677 7653 4
9677 8882 100
766 9406 71
766 2242 80
1336 3353 73
1336 8884 22
3521 5594 17
3521 8137 90
3170 4867 88
3170 2537 41
4867 1185 72
963 2474 85
963 4349 65
653 5658 2
928 3419 74
3419 9593 32
3419 5955 95
3419 9725 42
5098 5192 42
5098 329 67
5098 3767 88
160 3389 31
4141 6845 3
4141 8390 68
4141 5049 30
4141 3310 23
6845 6997 3
4782 7300 57
4782 4762 38
8752 3712 9
8752 9760 60
7467 9047 28
9047 3767 81
851 9184 18
851 8250 81
9184 5030 45
9184 5223 62
1998 2932 80
2932 557 70
9310 5280 52
9347 9734 24
5304 5635 46
3397 4762 33
4553 5399 32
2204 8772 36
2204 2027 67
111 8074 59
7853 8466 27
7853 2365 31
755 6729 2
755 3603 4
3069 541 94
3069 2500 64
5844 4904 73
476 2974 99
476 1196 44
2974 9434 29
3485 5179 36
3485 9827 40
8737 9170 53
669 4655 61
6832 4844 11
9793 2937 1
2840 6081 80
6081 1329 39
6081 3554 56
4142 5594 2
4142 6777 10
8197 7636 8
8197 5947 82
1638 1478 54
8088 9194 52
8088 9717 46
9194 3798 6
7818 4669 27
2423 2720 57
2242 6033 6
6383 6392 96
6383 2468 50
6383 2343 68
8131 9686 20
6430 6820 60
6430 6029 95
6430 727 25
457 9608 44
457 9576 23
457 1592 61
9683 9742 73
9683 8917 60
4626 9115 91
4626 8070 44
3639 8066 20
3475 5829 100
3475 776 47
3475 9388 63
769 9428 9
769 7261 60
8204 3779 10
5231 4287 100
2780 8559 21
846 1566 22
846 4364 55
6479 6572 29
2382 3353 8
2382 8124 76
3353 3705 90
3353 7577 31
3353 3036 31
6029 8337 75
6029 6850 1
7231 5826 91
1185 5704 83
1185 9315 84
1185 269 84
9607 9686 82
3831 7395 42
9584 3480 43
9584 2988 82
7917 9351 84
9475 6639 45
9475 4350 89
40 4811 62
40 1072 4
4811 8059 37
2687 7399 80
7970 6235 49
3194 731 91
3194 7661 81
4926 1579 72
6348 4706 36
5200 9393 40
5200 6556 87
9393 4143 27
5871 7319 49
7319 9226 92
7319 392 19
6146 8448 17
6146 2193 82
6146 2767 41
9947 6758 70
9947 5841 94
7960 8465 73
7960 8511 61
4109 4426 20
4109 1654 30
286 3896 65
4563 5143 43
4563 6014 37
5143 1261 59
5143 1885 66
5143 2466 15
8313 4759 31
8313 7117 26
591 5223 69
1523 985 79
1523 5587 80
4205 9757 27
4205 3006 88
4205 8153 94
4205 3863 39
9757 5378 84
7115 2591 63
7115 5247 24
731 7395 66
4844 3123 35
4844 8993 99
9013 8337 7
9013 8757 100
150 2965 86
150 7748 23
2965 1579 48
4135 8213 20
4135 8369 51
8213 2198 34
8213 1383 85
4092 222 76
7351 8395 13
3908 7517 45
2717 6193 32
304 2627 68
304 3449 38
2627 5352 13
1478 2894 86
2894 1306 12
5977 9031 10
7349 9807 17
1215 6912 53
5635 5173 6
5922 5311 94
7553 1048 33
5663 7962 61
5663 9232 2
6177 9232 28
6177 6534 49
386 8202 22
4117 877 65
4187 4723 52
4187 7368 1
5049 1871 64
6664 6758 40
890 5242 100
890 6776 49
7577 4684 18
867 8351 47
867 3368 58
6042 5092 21
6042 3209 21
4739 4335 27
8435 3489 61
8193 9953 70
8193 7355 14
742 2182 83
2182 3788 67
9264 9051 68
6777 3149 94
4032 9927 39
1421 9871 69
5690 8587 31
6758 4428 90
8642 916 61
8642 2967 5
8642 7963 23
1885 2826 32
683 2722 76
9357 2052 65
4428 8159 90
273 2969 30
273 5004 37
5706 7533 33
3763 702 63
3763 7300 6
5280 6959 50
5280 7660 50
6959 3483 6
3523 7805 83
3523 3154 98
7805 1537 88
4797 151 31
4797 8687 84
4797 1498 76
6923 8861 76
6942 3410 7
2440 2529 27
2529 74 75
2529 4038 53
3252 5017 44
3252 4026 62
3252 5446 39
9016 9257 17
4700 1545 96
4949 2750 49
4949 445 85
1720 3578 15
1720 8044 12
8070 3114 100
1985 5609 88
1985 6224 92
2017 8395 85
5996 4108 82
3920 7324 42
1564 7905 43
6093 4981 53
6093 9169 70
855 663 45
6756 8100 98
2019 2983 4
2484 9485 79
4618 374 99
3297 3357 11
3297 5786 87
3297 9734 93
3357 6370 51
5760 2462 55
6823 9666 61
2472 6073 69
2472 8005 53
1248 4026 35
1248 6370 57
1545 6033 48
2248 3327 97
3544 2938 64
5587 6515 51
5587 1884 47
5066 8506 97
5066 684 25
6191 7064 22
6191 4274 37
2469 2922 56
2922 4251 86
4986 4755 15
8465 3624 83
3249 353 26
8765 2722 89
6045 3779 48
4277 4094 27
1308 9790 89
9790 566 34
8368 5319 47
866 9662 95
866 9435 97
524 6630 13
3839 301 26
5668 9192 59
5668 1301 47
5668 9576 87
9192 3096 97
5311 2580 66
8444 3635 57
1011 327 32
6363 4911 21
6363 7854 99
384 6193 34
9953 7569 70
3886 9526 22
3886 3187 28
5189 1812 93
5189 3327 65
2592 6033 26
5558 5427 60
9719 4070 48
9719 1051 38
5025 8108 28
1058 9428 92
9428 5852 34
9428 3114 69
6253 1911 2
6253 501 76
8175 9462 76
9462 1920 23
9462 964 59
8572 1206 41
8572 1096 15
2710 5059 66
1893 3072 74
2135 9472 11
2135 8790 84
2135 7807 5
1797 8044 85
3649 2951 23
2186 2191 87
8598 3610 20
7197 9467 75
1950 1493 22
1950 4364 41
8261 5632 48
4414 9662 24
9019 5756 57
9019 5877 5
6446 9807 80
6446 1064 42
9807 2250 44
5077 2980 70
3301 1415 97
3301 3464 41
3944 9344 55
3944 6417 63
9344 1904 23
3705 4130 19
989 222 28
989 7942 74
4441 5688 77
9618 7050 64
4037 5018 33
8559 2008 95
5854 2219 27
8474 2153 7
8474 7653 64
4274 4880 62
2011 5298 58
4070 8829 51
4070 7623 63
3324 61 16
8340 9257 51
8744 6423 32
8744 6639 42
5155 9707 64
4654 1096 92
6642 3123 58
1712 3072 58
6929 974 81
6387 7694 46
7408 5947 37
7408 629 46
1706 180 88
7117 9400 97
7117 5260 69
9400 99 33
9400 1949 20
9400 8971 56
6254 1329 90
9649 5702 67
9649 6491 94
9649 4921 35
9649 8184 91
1992 2314 73
1992 2839 82
1992 3389 29
1992 9806 57
2314 7562 15
2314 7694 81
2314 5385 63
8495 719 97
8158 3272 44
7594 4594 60
7594 7376 20
4778 9729 43
8475 2332 56
8475 2617 71
7163 4666 9
42 3073 57
2044 9754 75
2044 3788 97
9754 1155 79
1676 7754 48
6896 9515 64
6896 5241 2
3826 9055 54
2038 8404 32
8404 1043 69
6776 7219 89
3169 5270 88
2831 8073 75
5657 6354 78
2645 8290 26
2645 975 99
8455 3002 58
6137 2008 99
6137 4680 14
3294 6174 87
3294 2409 13
3294 4342 29
3294 7636 48
9665 9848 6
9665 8960 71
3436 8855 31
7954 3006 96
3853 4594 100
3853 7380 45
7534 2018 80
7534 6294 71
8327 8512 72
8327 3506 18
6682 8854 58
6682 5441 92
6682 7200 90
4083 9101 92
4083 5223 65
4707 25 75
5270 3084 88
8884 7494 14
425 2776 63
9848 7794 60
1075 3423 99
1075 7012 9
3423 7371 26
3423 6096 93
1064 7206 40
7206 883 15
7206 7252 12
2980 8147 62
7306 4612 95
1981 7246 20
3542 418 73
3542 1932 44
6098 7887 67
3963 2232 35
7348 2688 58
7348 557 25
7804 2193 92
7219 2673 21
4461 6567 25
4461 6174 44
493 2652 50
9742 4612 44
7754 4027 12
1021 7481 42
1021 6998 79
1021 9824 79
1973 7635 89
1973 7815 64
7635 2451 2
8909 4808 29
2171 2283 21
8026 5030 50
1876 4287 11
938 1160 6
5244 6506 74
1435 8122 14
1435 3052 68
3532 2971 64
7459 6800 57
3828 8202 86
3828 9919 35
8267 8984 30
4519 8772 56
4519 7044 34
4519 4593 50
4519 2481 78
8772 8366 78
7064 6329 80
5385 7341 35
5130 985 62
141 6451 2
4450 8155 30
4450 2510 70
4450 4806 96
2330 2232 9
828 5817 99
1948 5756 74
7719 9717 32
5299 6077 47
472 8967 76
7248 5239 1
519 3901 51
9138 5470 55
5026 6690 96
9689 2073 58
6819 2750 65
5675 1043 28
6418 3697 39
6418 7132 53
3636 5649 96
3636 9386 72
3636 8945 28
7772 8592 18
8592 7441 16
8592 646 70
6008 7213 10
6008 8369 62
6008 2951 95
1493 7277 82
1493 4847 3
3198 5773 69
5773 6780 47
7368 379 82
2528 3112 73
2528 8317 38
5265 1460 48
4619 4762 26
4762 8274 9
8393 2153 4
6437 2208 48
6437 1659 15
7813 1319 48
7813 6732 57
7813 8971 90
953 7043 13
4402 8329 81
4402 458 40
1072 9464 50
2018 7953 52
9467 7137 15
9467 1711 80
2145 6052 63
8120 805 89
8872 8968 9
6654 4364 100
1540 7811 47
5835 5701 19
757 8723 22
113 7814 45
6356 6645 45
6356 7013 97
6645 9063 14
6645 8531 83
5017 8880 75
8044 8317 97
8044 7963 29
8675 9824 89
8675 2343 49
8675 3851 96
8675 2718 32
6147 3272 55
6933 9760 58
8588 2481 69
8588 2920 52
8588 9056 87
4396 7277 35
487 7048 73
487 8301 66
9106 5795 65
4026 9128 25
4026 8337 95
3295 6052 20
4108 1155 65
9068 7441 86
7234 4027 65
6719 6780 98
6719 8144 92
4966 4779 1
8002 7203 31
6941 2658 32
3615 9971 62
4457 8195 79
4457 1663 94
2524 3741 37
2524 1748 14
2524 2296 64
2524 7720 57
6435 4792 95
8547 9233 43
4443 2813 71
4443 713 78
13 7642 82
13 4041 48
13 4684 73
836 1293 18
836 911 17
1293 8494 16
3779 3106 94
3254 3697 53
3254 9245 34
1031 2269 61
1031 6433 5
2269 9224 44
9297 7007 53
9297 7483 100
1605 7044 19
1605 3995 35
1605 166 64
7086 2864 56
7086 5736 6
7537 6011 33
327 4407 78
5689 5446 1
9073 5865 76
2537 8512 66
2537 7132 53
8512 9027 1
1897 3456 97
1897 3995 99
3456 6898 28
5445 7905 92
5445 6691 56
8195 631 84
8195 8866 33
1155 8057 50
4546 7082 22
4546 8918 94
4546 2683 96
5378 104 20
2801 2606 25
899 2227 27
5408 8918 100
646 4891 13
4783 8639 91
4783 8733 13
8942 2088 44
8942 9717 1
687 8 63
1661 458 8
1745 4594 4
5135 2352 46
3798 9527 58
3798 447 43
9527 9472 14
7371 3809 15
9004 2481 56
9734 4722 57
4230 458 93
4230 7975 46
5048 8184 21
4335 418 79
1871 7830 60
1871 1557 51
3111 6987 61
3111 6160 7
1915 8250 32
1915 2977 11
8250 8634 33
6272 9417 39
2683 8968 48
9960 7337 3
4094 5427 79
4094 4038 71
8390 9045 30
9628 3995 85
9628 5441 7
622 1043 36
622 5004 54
622 6534 38
9388 1748 28
3034 5106 62
3034 3181 80
5106 8009 87
5622 6141 79
5622 482 72
4624 5575 33
9168 8159 95
674 8574 81
7406 9056 42
7406 5309 52
9056 9434 63
6630 8511 55
4669 6729 25
8429 6722 21
4284 3947 53
4284 2177 63
5071 9465 81
5071 9579 28
5071 5688 20
595 4363 50
4126 2715 2
6506 5877 42
5508 505 56
7959 6560 10
3154 7838 24
239 1059 28
239 5865 11
3988 3106 100
3988 2621 75
8574 9409 6
1009 2304 79
1009 8046 21
7146 1133 70
9020 9407 20
9020 9859 11
5030 5817 85
7091 2995 20
2173 6243 6
1770 5736 38
7568 3053 34
1017 9353 100
4904 1884 73
5240 8757 43
3356 7012 73
3356 2368 53
8017 9154 23
2094 5802 7
2094 4814 78
9218 8837 12
2938 5209 68
2938 7627 14
5209 9167 68
9750 3871 12
7313 8037 82
7313 5352 39
4796 1697 83
451 5852 66
2706 5559 99
3106 7133 60
3106 5072 11
3368 8660 9
3368 1519 61
2995 3337 13
7097 1000 51
6085 3310 81
6085 9572 91
7279 7297 64
7279 7273 42
2658 1275 10
2658 5259 75
460 6475 14
6336 389 67
6336 1818 26
2715 7044 84
702 7627 53
702 3655 50
1249 7665 8
7665 3638 69
348 2466 59
3688 526 76
684 1978 40
684 2444 16
1978 6330 35
3380 1557 73
2606 6080 82
2606 5423 30
8293 2960 67
8293 5059 30
8293 2897 30
4095 7803 98
4095 7092 34
8727 3126 10
7355 2960 76
3638 4927 13
9927 4748 37
9434 1448 35
3930 7272 3
2688 2617 36
8907 2804 20
8907 2914 17
2475 8596 68
8866 2768 45
6752 8615 50
8615 5386 56
2451 3511 39
2451 2336 83
3511 1000 21
4955 7029 82
4955 5440 59
4955 6379 35
1757 8957 12
36 5386 85
36 89 12
7055 4593 1
5119 1479 25
5119 8263 63
3404 6235 98
3404 4342 26
4694 7655 91
1818 9559 67
9559 463 52
9559 6484 40
8366 2278 27
8366 4687 90
8144 2702 100
2935 4350 23
541 8998 8
1550 9406 68
1550 1816 100
1665 2551 39
8530 2195 37
5018 1301 64
5960 2893 67
5960 78 1
8710 7273 17
8537 2511 27
4792 1133 24
4792 340 52
1280 3489 86
1280 1680 77
3489 4407 3
2503 7541 79
2503 9115 63
5341 7012 48
5341 1241 38
5341 1699 32
4215 6011 30
6011 4301 56
1463 9353 41
1463 501 87
1711 5477 87
1711 3013 64
1000 9409 88
1000 4877 6
9409 7394 13
9818 9576 82
3112 8107 33
3112 5441 35
6423 2250 8
3809 6850 68
3809 5309 22
9898 2804 12
543 8754 20
543 7789 18
1301 2919 90
2513 409 45
1042 968 55
1042 6998 29
1042 8100 76
964 35 18
632 5037 58
2897 3013 37
2897 1460 53
2897 6451 59
1489 8715 63
8715 4980 69
2217 5232 85
5841 8226 31
3058 5802 94
8292 8009 68
2835 6372 42
69 2244 49
69 4961 7
69 5470 55
69 648 83
2244 4090 54
2244 9685 16
5970 3603 89
5441 5743 11
2304 6634 41
2525 7815 31
2525 4616 47
4767 7838 55
4767 2983 8
3496 6488 99
8074 9318 21
8074 9042 20
8059 8162 11
7623 4899 4
9472 706 78
2336 6036 53
9549 1759 25
3167 1206 17
3167 1460 8
1611 8137 77
5767 8358 77
5767 6722 30
5767 8389 54
1963 8639 87
1963 8469 73
1963 8778 72
2432 7921 43
2039 8835 37
5851 6096 55
6096 5159 5
7650 1178 45
7630 2184 59
4307 1048 33
2953 6556 50
2953 2232 32
6134 3698 68
2702 5739 77
7661 975 74
648 4755 62
2380 109 5
7673 7803 77
5987 4612 30
3756 5154 82
5575 1448 68
6627 4687 59
7427 4270 77
2219 931 86
9814 501 52
9814 9760 50
9814 2006 36
35 5242 57
3578 353 50
8100 4989 19
9530 2893 15
8376 9609 70
4591 6294 9
2765 5826 75
8871 1081 16
5386 5100 59
5470 4027 40
9304 5707 20
7416 3117 34
2738 8998 55
4363 1949 87
7133 1253 69
7133 8411 27
3607 6025 30
3607 39 39
3703 151 4
9406 8723 86
5826 8426 86
301 268 67
7007 8155 10
5478 1522 28
3548 6197 90
3548 4666 71
1454 4989 93
2914 501 8
7269 5117 71
3103 4090 13
7496 917 20
5701 4631 30
2050 3442 52
8778 1763 23
8778 4819 85
95 6820 1
6912 4806 3
6912 9729 37
291 8757 21
6451 658 2
5944 7342 10
5944 6595 86
9224 9170 12
2673 6324 14
5817 6162 19
2278 8995 69
2266 4680 20
2266 5059 26
7049 9332 76
6581 6252 11
7694 9885 63
7694 9895 80
9885 1754 46
2768 3273 52
8785 7625 60
4715 1921 99
4715 6475 39
8973 1796 85
5464 8073 41
5464 7794 32
5021 9085 43
5021 917 53
9085 3123 11
3995 6595 42
7394 3851 58
6595 5139 88
6595 7013 93
5132 6628 69
181 4748 57
8122 6997 68
9929 9067 100
603 505 45
7203 7717 34
7203 6679 51
2088 7225 77
2088 8677 68
6349 5702 56
4193 3872 13
3126 1107 27
3126 3871 74
3126 9601 9
8851 463 11
6692 7494 19
1699 4755 41
4301 8288 51
5908 1557 11
805 376 93
9586 4038 71
6324 1557 54
6324 1283 73
3327 9245 53
9729 5015 16
2083 1682 47
2083 5206 27
5399 2888 88
482 8639 48
7541 3257 26
7541 776 92
6738 942 46
6738 2073 94
5751 8504 72
4505 4468 82
3433 2819 13
7814 4774 84
6235 7625 87
5565 9042 66
1816 4270 41
8466 409 4
8466 8995 82
7164 4179 95
6865 6567 97
3449 2584 7
7952 1677 14
3624 6076 29
1748 2864 57
7272 9717 69
911 8010 13
9980 6554 44
9980 8001 20
9980 6228 42
1274 1557 4
2569 5440 3
2569 9170 69
4891 8290 7
4593 754 11
1659 8500 64
5965 7569 100
8108 3181 5
7659 3032 44
813 7483 59
418 2329 37
418 2766 6
1677 3118 4
1677 4286 14
2163 7873 77
9128 2090 36
1754 7660 81
1754 3209 61
3655 9888 42
3655 7946 61
9888 1029 48
9888 9315 30
6556 4941 2
2343 6534 36
466 3665 11
7376 6354 47
5796 6805 100
2090 9725 99
9725 3125 53
4976 4869 90
5988 9316 56
5988 3255 71
8643 1721 68
1029 9603 21
1419 3209 97
2092 4286 47
2092 5783 76
6252 2937 80
2750 1144 9
8968 6690 99
1160 9067 39
1620 6162 79
9027 8411 13
7156 2521 39
9245 6969 11
9353 9021 37
8411 5159 23
8205 1253 8
8949 9670 95
8949 2392 49
5114 164 35
5756 7043 66
5131 8967 94
5131 3677 20
2426 2951 23
1522 1285 80
7013 5955 5
7013 7807 34
5460 5881 82
115 7800 54
6077 8527 27
9154 471 46
5902 5423 69
5902 7589 24
4930 4954 97
4930 109 90
4930 9042 94
2888 4701 36
1921 7880 47
7880 8960 20
269 6998 71
269 7048 79
8040 1083 29
8869 2917 13
6076 2766 15
2864 1133 2
2864 658 92
2864 39 67
8790 276 55
9996 3115 93
316 443 22
2153 7032 2
1682 9170 96
631 750 3
631 6264 97
1083 9579 23
5828 3478 84
9753 3117 35
7569 6592 47
9010 9676 18
9872 2073 84
6732 3114 93
5260 8955 24
5260 706 51
908 7060 27
4633 3197 82
4633 2917 82
8287 8895 41
8810 374 94
6820 7830 14
6820 89 34
7811 8071 9
8134 9407 38
1519 5166 85
2510 7377 24
7132 1144 45
1663 9164 48
389 3255 55
4684 5128 69
9118 9760 93
733 6729 46
2952 8702 28
5776 853 27
2392 2958 24
7066 8511 85
9226 7032 98
4819 3329 8
1788 4088 56
5259 8010 78
7771 5544 75
1070 3901 17
3901 61 81
9381 9332 1
9119 7678 14
7225 4040 24
7337 8520 30
8520 2937 3
8520 6074 35
8011 4877 25
4265 6294 51
4920 8446 17
1751 754 28
7830 4759 14
7830 4407 7
559 5060 97
768 6548 38
768 3414 84
4701 7377 93
9806 2960 97
4808 8019 99
2195 754 93
6628 1812 12
6661 8369 9
3358 1196 32
1285 5242 92
6264 5524 27
1976 3117 83
3272 3052 58
7060 3006 97
2988 9601 96
3214 5056 97
2468 4980 60
4980 1721 9
4980 930 69
727 3326 98
8089 9101 33
8089 9021 15
8089 2917 97
318 6052 33
1133 5369 11
276 853 58
1759 8431 39
1759 6997 1
5877 5530 19
8723 5242 67
3476 709 59
3476 3032 39
8652 8369 18
1374 2247 99
5369 8290 45
471 3677 54
4597 1081 91
4597 6335 9
7794 4847 83
3856 7441 93
39 1059 33
501 3683 84
463 3118 96
3072 9572 54
1579 7589 31
8125 6459 6
6969 8274 86
6162 9662 34
9904 1081 3
8265 677 54
8582 7048 2
2767 5166 45
6457 6554 74
5159 5247 31
8431 5739 56
11 1415 14
5544 9572 36
4847 2652 29
4560 5051 63
