1000 53217
0 27 64
0 33 12
0 39 77
0 45 57
0 51 32
0 73 65
0 84 77
0 103 78
0 111 37
0 112 64
0 120 7
0 125 100
0 126 59
0 128 60
0 130 91
0 135 5
0 143 63
0 149 41
0 162 22
0 188 55
0 197 42
0 202 64
0 206 55
0 228 68
0 242 14
0 254 1
0 313 63
0 316 1
0 326 66
0 333 1
0 337 12
0 347 24
0 363 40
0 370 33
0 381 7
0 392 99
0 394 26
0 404 76
0 414 9
0 428 33
0 429 64
0 433 63
0 439 29
0 444 22
0 451 90
0 454 64
0 506 27
0 517 13
0 524 80
0 537 21
0 557 83
0 560 89
0 569 79
0 603 14
0 606 44
0 615 54
0 622 80
0 643 21
0 649 37
0 685 17
0 686 43
0 694 34
0 698 36
0 701 85
0 721 41
0 726 53
0 739 28
0 768 42
0 772 100
0 790 95
0 801 88
0 807 64
0 820 17
0 822 63
0 828 47
0 835 49
0 836 60
0 842 10
0 859 79
0 882 5
0 887 34
0 904 51
0 911 27
0 919 73
0 921 62
0 933 38
0 950 38
0 952 8
0 955 13
0 965 14
0 973 79
0 997 67
1 25 81
1 35 74
1 50 44
1 65 81
1 74 11
1 94 97
1 100 100
1 114 2
1 175 26
1 203 99
1 210 52
1 216 38
1 219 19
1 221 84
1 231 60
1 241 3
1 260 91
1 270 85
1 273 46
1 314 100
1 323 89
1 331 61
1 365 87
1 383 46
1 388 6
1 396 90
1 397 67
1 410 100
1 432 51
1 435 45
1 442 47
1 478 99
1 480 9
1 482 87
1 518 99
1 525 64
1 539 57
1 570 40
1 571 18
1 574 22
1 581 85
1 585 43
1 700 47
1 707 17
1 715 70
1 740 51
1 744 79
1 758 97
1 765 75
1 766 49
1 770 67
1 788 20
1 825 65
1 841 53
1 846 86
1 849 80
1 862 70
1 881 59
1 896 14
1 908 75
1 917 91
1 994 34
1 996 5
2 13 27
2 17 84
2 21 67
2 25 44
2 30 51
2 35 13
2 47 44
2 65 27
2 69 29
2 74 52
2 83 16
2 89 77
2 114 71
2 136 58
2 178 66
2 186 14
2 199 77
2 211 57
2 214 20
2 219 64
2 221 8
2 225 24
2 227 48
2 234 64
2 240 61
2 253 52
2 257 100
2 258 6
2 260 100
2 262 53
2 272 88
2 295 90
2 323 86
2 327 76
2 330 29
2 335 34
2 345 51
2 365 20
2 385 43
2 387 51
2 395 68
2 396 69
2 410 5
2 425 11
2 427 33
2 435 3
2 436 18
2 437 1
2 441 37
2 442 41
2 448 80
2 453 81
2 463 94
2 471 18
2 478 30
2 498 92
2 502 18
2 503 78
2 525 93
2 529 90
2 551 14
2 554 54
2 561 20
2 567 65
2 568 62
2 570 77
2 572 83
2 581 75
2 590 99
2 600 88
2 611 21
2 623 89
2 627 64
2 632 66
2 634 27
2 641 84
2 651 6
2 654 89
2 678 46
2 684 32
2 688 98
2 689 41
2 695 80
2 707 31
2 720 71
2 741 57
2 745 73
2 756 16
2 761 57
2 765 97
2 770 43
2 782 38
2 788 90
2 797 41
2 813 91
2 816 20
2 823 34
2 824 35
2 841 92
2 876 94
2 891 40
2 910 2
2 938 20
2 974 60
2 979 4
2 980 62
2 990 90
2 994 59
2 998 51
3 9 7
3 22 84
3 24 32
3 38 17
3 42 33
3 44 58
3 59 86
3 68 92
3 78 23
3 85 36
3 96 69
3 102 31
3 134 57
3 137 46
3 138 12
3 171 87
3 190 41
3 217 39
3 220 6
3 226 79
3 233 60
3 245 86
3 246 18
3 247 36
3 248 36
3 251 85
3 256 73
3 271 88
3 279 38
3 282 75
3 287 14
3 302 55
3 307 97
3 317 36
3 321 32
3 324 1
3 340 88
3 348 70
3 351 66
3 359 80
3 366 60
3 369 94
3 377 57
3 380 26
3 391 55
3 401 67
3 417 38
3 422 53
3 424 10
3 431 15
3 449 28
3 456 44
3 458 98
3 462 76
3 466 25
3 470 93
3 486 36
3 489 2
3 495 92
3 504 81
3 511 55
3 513 98
3 516 41
3 520 68
3 528 17
3 534 13
3 546 45
3 575 96
3 583 75
3 588 48
3 596 22
3 605 26
3 613 75
3 616 37
3 639 62
3 653 73
3 656 77
3 659 37
3 665 38
3 668 45
3 670 11
3 673 78
3 683 35
3 687 63
3 704 44
3 712 10
3 723 31
3 724 85
3 729 36
3 733 70
3 747 25
3 750 93
3 751 29
3 779 8
3 787 53
3 799 65
3 805 91
3 811 90
3 819 66
3 826 95
3 874 32
3 886 100
3 888 28
3 892 68
3 895 26
3 914 29
3 915 6
3 924 23
3 925 11
3 926 41
3 944 56
3 946 58
3 963 17
3 976 22
3 984 78
3 991 75
4 18 51
4 23 89
4 26 59
4 27 1
4 33 27
4 36 48
4 73 74
4 84 96
4 97 66
4 103 47
4 105 56
4 107 4
4 112 96
4 119 78
4 120 8
4 126 31
4 130 75
4 135 26
4 143 42
4 152 92
4 162 78
4 169 6
4 181 53
4 202 31
4 206 39
4 213 68
4 222 2
4 228 77
4 236 51
4 265 37
4 304 99
4 320 45
4 326 58
4 337 99
4 357 84
4 361 98
4 363 6
4 381 39
4 382 78
4 386 39
4 392 72
4 413 12
4 434 96
4 439 24
4 440 8
4 451 53
4 461 26
4 465 79
4 473 92
4 474 77
4 477 45
4 479 23
4 493 39
4 505 34
4 506 14
4 517 20
4 540 97
4 541 47
4 560 29
4 565 78
4 569 35
4 591 24
4 606 47
4 607 79
4 625 48
4 633 36
4 649 52
4 652 74
4 655 92
4 685 73
4 693 36
4 696 77
4 697 74
4 706 36
4 721 100
4 768 6
4 772 46
4 801 55
4 808 25
4 814 87
4 828 4
4 832 71
4 842 49
4 847 19
4 851 52
4 855 64
4 859 89
4 860 86
4 867 82
4 868 61
4 870 1
4 882 7
4 893 45
4 899 81
4 921 98
4 933 41
4 942 88
4 952 62
4 965 41
4 969 97
4 997 67
4 999 91
5 24 82
5 53 89
5 61 28
5 62 52
5 64 90
5 68 43
5 78 89
5 80 53
5 81 49
5 87 6
5 88 73
5 94 67
5 115 29
5 124 42
5 134 2
5 172 51
5 175 8
5 193 24
5 195 3
5 203 70
5 207 61
5 214 29
5 232 72
5 233 93
5 235 88
5 237 82
5 238 30
5 244 100
5 245 100
5 247 79
5 252 33
5 258 55
5 262 66
5 268 91
5 269 29
5 274 29
5 277 45
5 287 93
5 289 74
5 293 69
5 299 9
5 308 89
5 351 19
5 352 30
5 354 94
5 366 33
5 373 99
5 388 34
5 397 100
5 398 56
5 403 1
5 406 36
5 408 26
5 411 70
5 417 39
5 418 32
5 443 61
5 460 93
5 463 9
5 480 81
5 484 84
5 487 45
5 492 69
5 509 81
5 534 81
5 552 63
5 619 44
5 620 71
5 627 7
5 628 52
5 632 51
5 636 95
5 637 76
5 638 47
5 640 18
5 647 9
5 658 25
5 663 24
5 666 55
5 671 60
5 672 72
5 673 73
5 680 80
5 688 35
5 689 29
5 724 56
5 727 18
5 731 78
5 734 33
5 736 37
5 746 11
5 747 99
5 749 10
5 765 83
5 774 93
5 775 92
5 778 24
5 787 96
5 789 67
5 796 60
5 799 4
5 830 26
5 837 80
5 845 3
5 863 36
5 875 28
5 881 19
5 885 11
5 892 44
5 901 43
5 905 72
5 914 52
5 915 9
5 927 24
5 929 15
5 932 39
5 935 71
5 945 38
5 960 1
5 963 83
5 966 75
5 986 85
5 987 95
5 988 96
5 991 82
5 992 41
5 998 88
6 8 63
6 20 93
6 57 73
6 66 42
6 75 48
6 82 54
6 102 62
6 118 4
6 132 36
6 133 73
6 155 35
6 174 15
6 182 49
6 187 59
6 201 31
6 205 62
6 223 90
6 224 63
6 230 19
6 239 88
6 259 87
6 264 53
6 265 3
6 268 27
6 284 70
6 286 85
6 288 41
6 304 99
6 309 62
6 311 61
6 318 38
6 324 18
6 325 14
6 338 11
6 346 88
6 360 66
6 367 86
6 372 62
6 375 83
6 384 29
6 389 18
6 399 44
6 405 44
6 409 17
6 419 44
6 446 17
6 455 6
6 459 85
6 465 77
6 466 4
6 483 49
6 493 64
6 494 6
6 497 46
6 500 33
6 510 79
6 512 61
6 514 94
6 533 59
6 535 95
6 547 61
6 548 3
6 553 40
6 558 4
6 562 61
6 580 48
6 582 20
6 584 75
6 589 23
6 597 11
6 608 7
6 612 23
6 620 5
6 621 46
6 631 6
6 646 70
6 648 71
6 661 75
6 682 93
6 691 85
6 699 55
6 702 44
6 704 59
6 705 16
6 706 18
6 719 2
6 723 34
6 728 45
6 730 97
6 737 91
6 738 42
6 763 82
6 764 74
6 777 87
6 780 2
6 784 5
6 785 66
6 793 87
6 795 90
6 798 90
6 810 28
6 815 76
6 827 61
6 837 36
6 853 85
6 856 2
6 865 51
6 867 84
6 868 98
6 873 78
6 877 29
6 902 16
6 909 89
6 918 18
6 920 30
6 922 89
6 928 42
6 937 14
6 942 38
6 943 81
6 948 35
6 953 84
6 961 85
6 971 16
6 981 81
6 989 30
6 999 42
7 13 51
7 15 2
7 16 9
7 19 67
7 37 51
7 41 46
7 51 88
7 52 77
7 53 32
7 56 18
7 58 62
7 60 79
7 63 93
7 70 67
7 72 40
7 79 42
7 80 38
7 90 21
7 106 46
7 108 11
7 113 4
7 116 67
7 129 99
7 136 77
7 141 3
7 149 85
7 153 9
7 156 3
7 159 100
7 160 26
7 165 49
7 166 64
7 192 20
7 196 72
7 198 37
7 200 81
7 229 4
7 255 62
7 261 32
7 263 34
7 275 20
7 276 53
7 288 27
7 291 36
7 295 91
7 305 58
7 310 21
7 318 98
7 328 66
7 329 29
7 333 1
7 341 92
7 344 64
7 347 22
7 364 58
7 403 4
7 405 6
7 420 27
7 428 13
7 445 50
7 450 56
7 454 84
7 459 77
7 464 25
7 467 9
7 471 97
7 476 21
7 483 46
7 499 30
7 503 88
7 507 96
7 521 92
7 526 46
7 527 11
7 549 11
7 550 53
7 555 10
7 559 4
7 562 20
7 586 9
7 587 68
7 593 33
7 600 64
7 608 6
7 617 79
7 632 10
7 634 52
7 645 100
7 690 80
7 698 45
7 709 30
7 716 66
7 726 7
7 741 1
7 745 25
7 752 98
7 756 1
7 757 42
7 767 98
7 769 11
7 783 46
7 791 77
7 792 64
7 798 15
7 807 22
7 821 31
7 822 98
7 843 75
7 848 39
7 863 20
7 866 38
7 869 28
7 872 80
7 879 84
7 887 58
7 897 92
7 911 4
7 936 72
7 941 55
7 947 42
7 954 52
7 970 16
7 972 31
7 978 45
7 985 22
7 993 74
8 19 72
8 20 76
8 27 61
8 51 23
8 57 52
8 60 44
8 63 95
8 82 39
8 84 24
8 97 54
8 103 57
8 105 61
8 107 23
8 111 92
8 112 70
8 118 46
8 126 88
8 130 62
8 132 74
8 143 32
8 155 48
8 162 49
8 169 27
8 174 5
8 181 49
8 187 86
8 201 4
8 202 22
8 205 22
8 223 14
8 224 30
8 230 48
8 254 41
8 265 40
8 275 70
8 284 2
8 288 100
8 304 52
8 305 36
8 316 9
8 320 83
8 325 91
8 333 83
8 346 8
8 357 5
8 360 94
8 367 57
8 372 72
8 375 79
8 381 99
8 386 21
8 389 16
8 399 33
8 419 5
8 429 57
8 439 11
8 444 77
8 446 26
8 455 42
8 461 64
8 465 35
8 473 85
8 474 24
8 477 50
8 493 52
8 497 9
8 512 54
8 514 86
8 533 97
8 537 39
8 547 15
8 548 85
8 553 67
8 557 22
8 558 4
8 560 59
8 562 5
8 569 83
8 580 10
8 582 94
8 584 67
8 589 88
8 591 88
8 607 2
8 608 42
8 631 97
8 646 19
8 648 10
8 682 29
8 686 34
8 694 23
8 699 73
8 702 68
8 705 79
8 706 97
8 719 29
8 737 2
8 738 87
8 762 74
8 763 22
8 764 41
8 768 83
8 772 79
8 783 60
8 784 68
8 785 8
8 790 84
8 795 14
8 798 32
8 820 81
8 828 93
8 835 20
8 836 73
8 847 4
8 853 20
8 859 5
8 860 97
8 865 39
8 867 45
8 868 31
8 870 36
8 873 95
8 877 49
8 893 33
8 911 71
8 918 41
8 921 27
8 928 85
8 942 18
8 943 91
8 948 58
8 955 54
8 971 39
8 978 31
8 981 87
8 989 5
8 999 57
9 31 90
9 34 20
9 46 67
9 59 44
9 76 18
9 85 51
9 137 49
9 148 70
9 171 16
9 180 55
9 190 8
9 191 32
9 217 39
9 226 82
9 246 89
9 266 25
9 271 74
9 278 22
9 279 49
9 282 39
9 285 11
9 294 39
9 307 50
9 321 61
9 356 59
9 369 67
9 377 58
9 379 76
9 380 69
9 391 54
9 422 96
9 431 97
9 449 66
9 458 11
9 462 19
9 468 62
9 486 72
9 489 35
9 495 54
9 511 36
9 520 54
9 528 16
9 536 50
9 546 84
9 563 92
9 566 8
9 583 4
9 596 58
9 604 24
9 605 99
9 613 4
9 616 7
9 618 96
9 630 91
9 653 46
9 659 70
9 665 81
9 668 11
9 670 93
9 676 31
9 683 56
9 711 41
9 712 61
9 714 69
9 750 34
9 773 64
9 805 46
9 826 16
9 831 25
9 874 58
9 886 3
9 888 89
9 924 20
9 925 52
9 926 69
9 944 96
9 946 42
9 949 57
9 976 36
10 29 59
10 32 82
10 40 94
10 49 77
10 55 13
10 62 13
10 67 82
10 71 84
10 77 35
10 94 84
10 95 1
10 99 2
10 100 27
10 117 79
10 121 2
10 122 66
10 124 85
10 127 28
10 139 96
10 140 12
10 146 82
10 167 64
10 177 61
10 179 30
10 185 19
10 215 3
10 216 69
10 218 82
10 231 98
10 235 26
10 241 50
10 267 83
10 270 58
10 273 80
10 280 49
10 289 11
10 290 75
10 292 82
10 299 67
10 312 22
10 315 66
10 319 44
10 331 47
10 343 55
10 349 1
10 353 46
10 374 76
10 376 62
10 383 70
10 390 64
10 393 45
10 400 31
10 418 39
10 432 17
10 438 76
10 475 80
10 482 80
10 487 61
10 496 94
10 501 63
10 509 5
10 518 91
10 539 98
10 556 34
10 571 4
10 574 92
10 585 72
10 599 13
10 626 40
10 638 40
10 644 82
10 650 30
10 657 66
10 658 86
10 660 62
10 664 7
10 666 12
10 669 63
10 675 94
10 700 2
10 708 68
10 743 100
10 748 56
10 758 20
10 771 50
10 776 97
10 794 97
10 812 28
10 825 29
10 829 41
10 834 44
10 846 56
10 849 90
10 850 38
10 857 42
10 858 31
10 871 13
10 881 74
10 894 87
10 903 1
10 908 97
10 917 99
10 929 55
10 935 67
10 940 88
10 959 13
10 967 36
10 983 80
11 18 86
11 20 49
11 97 86
11 119 64
11 132 73
11 142 2
11 152 74
11 155 38
11 169 2
11 174 59
11 205 70
11 208 25
11 230 66
11 236 3
11 265 74
11 296 74
11 320 45
11 332 11
11 338 63
11 342 59
11 346 71
11 357 68
11 367 64
11 386 1
11 389 47
11 399 74
11 409 29
11 419 16
11 440 11
11 461 64
11 465 97
11 473 84
11 474 62
11 477 71
11 479 36
11 490 3
11 493 67
11 533 80
11 541 67
11 547 97
11 553 80
11 579 9
11 584 79
11 591 77
11 607 53
11 612 20
11 646 52
11 652 71
11 681 64
11 697 67
11 699 58
11 706 30
11 717 32
11 719 33
11 728 47
11 737 21
11 762 28
11 763 50
11 786 17
11 806 10
11 808 4
11 814 42
11 861 91
11 865 33
11 867 12
11 868 76
11 909 66
11 918 65
11 953 71
11 969 6
11 981 42
11 995 47
11 999 53
12 28 35
12 43 87
12 44 2
12 46 16
12 48 80
12 86 39
12 92 55
12 93 52
12 110 98
12 131 33
12 137 79
12 145 54
12 147 68
12 148 13
12 150 54
12 151 59
12 161 56
12 170 96
12 171 24
12 180 6
12 184 56
12 189 76
12 194 26
12 204 15
12 209 93
12 220 33
12 266 81
12 279 41
12 281 42
12 283 29
12 285 79
12 297 87
12 298 17
12 301 13
12 303 77
12 334 74
12 339 97
12 350 50
12 355 45
12 356 42
12 371 31
12 379 86
12 407 91
12 415 80
12 423 63
12 426 92
12 447 44
12 468 68
12 469 82
12 472 77
12 486 55
12 488 38
12 491 41
12 495 18
12 511 72
12 513 41
12 522 31
12 523 52
12 545 15
12 546 38
12 575 41
12 577 87
12 594 29
12 595 50
12 596 14
12 609 59
12 616 51
12 624 76
12 639 78
12 656 90
12 662 7
12 665 29
12 674 73
12 677 87
12 683 6
12 703 6
12 710 43
12 711 43
12 732 99
12 742 28
12 755 57
12 779 27
12 781 53
12 802 97
12 804 20
12 817 42
12 826 1
12 833 23
12 839 41
12 840 59
12 883 60
12 890 37
12 900 58
12 906 35
12 907 61
12 931 50
12 934 8
12 939 7
12 956 18
12 958 52
12 964 13
12 968 6
12 975 27
12 977 48
13 15 68
13 16 44
13 30 30
13 37 8
13 47 21
13 52 73
13 53 39
13 54 60
13 58 42
13 69 86
13 70 17
13 79 25
13 90 82
13 104 81
13 106 18
13 116 11
13 129 81
13 136 55
13 153 75
13 156 2
13 160 32
13 165 43
13 192 86
13 196 15
13 198 12
13 200 77
13 211 18
13 214 47
13 229 91
13 234 26
13 253 74
13 255 49
13 257 83
13 258 95
13 261 31
13 262 6
13 276 4
13 277 35
13 291 61
13 295 41
13 327 8
13 330 57
13 335 5
13 341 23
13 344 88
13 345 88
13 364 4
13 385 28
13 387 44
13 395 97
13 403 59
13 420 29
13 425 70
13 436 55
13 437 6
13 441 39
13 445 49
13 448 56
13 450 27
13 460 72
13 464 22
13 471 72
13 476 73
13 485 80
13 503 84
13 507 16
13 508 80
13 521 73
13 526 21
13 531 88
13 538 89
13 549 70
13 550 36
13 551 84
13 559 25
13 561 6
13 567 90
13 587 25
13 600 96
13 611 90
13 617 66
13 627 97
13 632 23
13 634 25
13 641 94
13 645 1
13 651 77
13 684 41
13 689 78
13 695 30
13 709 78
13 713 26
13 716 73
13 722 80
13 741 43
13 745 13
13 752 73
13 756 58
13 761 89
13 769 83
13 782 75
13 796 91
13 813 8
13 816 78
13 824 88
13 848 37
13 863 39
13 866 91
13 872 46
13 891 52
13 897 82
13 936 1
13 938 85
13 947 88
13 954 40
13 970 42
13 972 77
13 979 30
13 980 28
13 985 33
13 993 9
13 998 51
14 47 94
14 54 55
14 58 46
14 69 85
14 79 10
14 89 5
14 98 59
14 101 88
14 104 76
14 108 57
14 109 12
14 129 57
14 136 35
14 144 48
14 156 21
14 158 32
14 163 80
14 168 30
14 173 74
14 176 65
14 178 47
14 183 30
14 186 20
14 199 64
14 211 4
14 212 76
14 229 16
14 249 92
14 250 5
14 263 92
14 276 43
14 291 41
14 322 73
14 327 53
14 335 89
14 345 52
14 358 6
14 362 62
14 368 77
14 378 57
14 385 7
14 387 88
14 395 52
14 421 10
14 425 77
14 427 20
14 445 31
14 448 9
14 452 26
14 464 45
14 485 4
14 508 97
14 519 64
14 530 57
14 531 21
14 532 56
14 538 88
14 542 8
14 544 47
14 551 79
14 559 20
14 561 39
14 573 5
14 576 54
14 578 19
14 587 70
14 590 18
14 592 28
14 601 40
14 614 10
14 617 99
14 629 35
14 635 27
14 645 4
14 651 72
14 678 39
14 679 4
14 709 49
14 713 61
14 716 69
14 718 17
14 722 25
14 725 93
14 760 22
14 800 100
14 813 86
14 816 51
14 818 24
14 821 36
14 838 9
14 844 25
14 852 81
14 854 60
14 864 25
14 878 32
14 879 76
14 880 64
14 884 27
14 889 80
14 898 89
14 912 24
14 916 27
14 930 70
14 947 78
14 957 69
14 962 21
14 970 56
14 972 72
14 979 51
14 985 97
15 16 26
15 19 79
15 30 40
15 37 35
15 47 1
15 52 65
15 53 31
15 58 47
15 69 94
15 70 46
15 80 70
15 87 18
15 88 63
15 90 29
15 106 17
15 113 57
15 116 7
15 136 15
15 153 64
15 156 9
15 159 32
15 160 47
15 165 46
15 195 65
15 196 42
15 198 78
15 200 38
15 214 64
15 234 6
15 244 32
15 253 23
15 255 35
15 258 79
15 261 99
15 262 46
15 269 30
15 277 87
15 288 34
15 295 13
15 310 21
15 318 79
15 327 60
15 329 63
15 330 19
15 335 9
15 341 26
15 344 86
15 345 10
15 364 28
15 403 43
15 405 34
15 406 34
15 408 95
15 411 3
15 420 86
15 425 99
15 436 75
15 437 8
15 441 57
15 445 89
15 448 55
15 450 79
15 459 36
15 460 95
15 463 98
15 464 8
15 471 48
15 476 16
15 483 89
15 492 7
15 503 41
15 507 91
15 521 27
15 526 17
15 549 66
15 550 88
15 552 95
15 554 92
15 555 35
15 567 47
15 600 82
15 611 35
15 627 36
15 632 6
15 634 30
15 636 48
15 647 59
15 663 57
15 671 72
15 689 47
15 695 8
15 709 53
15 734 34
15 741 87
15 745 38
15 749 75
15 752 38
15 756 42
15 757 41
15 761 5
15 767 46
15 769 46
15 775 41
15 782 60
15 789 51
15 792 29
15 796 50
15 824 54
15 848 31
15 863 71
15 866 62
15 869 11
15 872 78
15 875 71
15 885 66
15 927 100
15 936 33
15 938 45
15 945 4
15 947 88
15 954 9
15 960 9
15 970 92
15 972 83
15 979 29
15 980 51
15 985 11
15 987 54
15 988 17
15 993 44
15 998 32
16 19 64
16 37 81
16 52 89
16 53 54
16 57 41
16 58 38
16 60 77
16 63 91
16 70 38
16 80 98
16 87 74
16 88 36
16 90 34
16 106 85
16 113 8
16 116 57
16 153 21
16 159 100
16 160 45
16 165 94
16 187 99
16 192 3
16 195 87
16 196 30
16 198 39
16 200 27
16 201 85
16 255 84
16 261 4
16 268 76
16 269 96
16 275 89
16 277 90
16 286 89
16 288 82
16 295 12
16 305 41
16 308 59
16 309 95
16 310 85
16 318 29
16 328 37
16 329 35
16 333 85
16 341 43
16 344 11
16 360 37
16 364 63
16 403 23
16 405 32
16 406 5
16 411 68
16 420 59
16 450 84
16 459 28
16 460 30
16 467 11
16 476 91
16 483 52
16 494 5
16 507 86
16 512 76
16 521 98
16 526 73
16 527 22
16 549 88
16 550 73
16 555 76
16 562 20
16 580 83
16 582 1
16 586 3
16 593 45
16 608 8
16 620 9
16 632 87
16 634 31
16 647 47
16 661 86
16 671 94
16 689 16
16 698 87
16 730 54
16 734 38
16 741 90
16 745 42
16 746 60
16 752 79
16 757 82
16 764 56
16 767 55
16 769 8
16 775 89
16 777 84
16 783 35
16 785 39
16 789 82
16 791 88
16 792 91
16 796 33
16 798 4
16 837 70
16 848 50
16 853 50
16 863 4
16 866 78
16 869 18
16 872 100
16 927 69
16 932 22
16 936 69
16 945 39
16 954 57
16 960 51
16 972 8
16 978 3
16 985 47
16 987 79
16 993 84
16 998 24
17 30 38
17 47 69
17 54 42
17 69 90
17 89 87
17 98 43
17 104 23
17 158 57
17 163 29
17 178 74
17 183 56
17 186 77
17 199 82
17 211 19
17 221 77
17 225 41
17 227 21
17 234 83
17 240 22
17 250 33
17 257 72
17 272 35
17 323 14
17 327 77
17 330 7
17 335 67
17 345 48
17 358 99
17 385 23
17 387 66
17 395 2
17 425 14
17 427 85
17 441 9
17 448 46
17 453 93
17 498 25
17 502 74
17 529 17
17 530 26
17 532 16
17 544 29
17 551 58
17 561 64
17 568 34
17 572 24
17 581 96
17 590 33
17 592 37
17 611 46
17 623 91
17 641 85
17 651 29
17 654 76
17 678 24
17 679 22
17 684 96
17 718 8
17 720 50
17 761 34
17 788 22
17 797 88
17 813 23
17 816 16
17 823 90
17 824 59
17 841 13
17 844 16
17 876 92
17 889 58
17 891 37
17 898 80
17 910 63
17 912 46
17 962 79
17 974 35
17 990 74
17 994 92
18 23 1
18 36 52
18 84 42
18 97 56
18 105 98
18 107 31
18 119 71
18 135 30
18 152 66
18 169 100
18 181 77
18 206 87
18 213 91
18 222 44
18 228 63
18 236 80
18 320 45
18 337 16
18 357 89
18 386 16
18 399 80
18 413 64
18 440 11
18 461 97
18 473 77
18 474 65
18 477 53
18 479 75
18 493 94
18 540 37
18 541 11
18 565 27
18 591 57
18 607 99
18 625 54
18 633 60
18 652 10
18 655 53
18 685 41
18 693 33
18 696 45
18 697 47
18 706 39
18 719 57
18 721 12
18 762 19
18 808 58
18 814 48
18 832 84
18 847 93
18 851 11
18 855 93
18 868 89
18 870 43
18 893 71
18 965 9
18 969 86
18 999 93
19 37 84
19 51 87
19 52 63
19 57 19
19 60 74
19 63 31
19 80 54
19 82 50
19 87 2
19 88 12
19 90 26
19 106 73
19 111 54
19 113 31
19 116 39
19 118 6
19 159 70
19 160 23
19 165 38
19 187 62
19 192 15
19 198 79
19 200 80
19 201 76
19 223 63
19 224 36
19 254 44
19 255 84
19 259 93
19 261 23
19 268 8
19 275 28
19 286 48
19 288 68
19 305 78
19 309 46
19 310 19
19 318 36
19 325 64
19 328 67
19 329 53
19 333 84
19 341 58
19 344 84
19 360 100
19 364 84
19 375 22
19 403 34
19 405 99
19 411 96
19 429 42
19 439 63
19 444 74
19 450 8
19 454 14
19 455 98
19 459 28
19 467 98
19 483 22
19 494 86
19 497 40
19 512 28
19 514 94
19 521 10
19 526 4
19 527 91
19 537 41
19 548 7
19 549 1
19 555 24
19 557 72
19 558 100
19 562 23
19 580 23
19 582 91
19 589 7
19 593 83
19 608 88
19 620 50
19 631 27
19 648 51
19 661 16
19 682 27
19 698 82
19 702 98
19 705 53
19 730 53
19 734 4
19 738 20
19 752 77
19 757 90
19 764 83
19 767 40
19 769 28
19 775 100
19 777 78
19 783 64
19 784 84
19 785 14
19 789 7
19 790 11
19 791 27
19 792 33
19 798 20
19 820 5
19 837 29
19 848 36
19 853 19
19 863 38
19 866 30
19 869 87
19 872 67
19 873 96
19 877 28
19 887 49
19 911 82
19 922 24
19 932 29
19 936 91
19 942 66
19 943 89
19 948 90
19 954 19
19 955 16
19 971 77
19 978 76
19 989 75
19 993 1
20 27 34
20 57 9
20 60 83
20 63 46
20 82 25
20 97 15
20 105 79
20 107 65
20 112 15
20 118 49
20 126 57
20 130 52
20 132 6
20 143 88
20 155 65
20 162 64
20 169 1
20 174 50
20 181 26
20 187 85
20 201 97
20 202 86
20 205 19
20 223 51
20 224 45
20 230 56
20 254 39
20 265 80
20 284 83
20 304 100
20 305 5
20 311 40
20 320 79
20 325 14
20 338 28
20 346 86
20 357 80
20 360 65
20 367 84
20 372 45
20 375 93
20 384 11
20 386 67
20 389 76
20 399 87
20 409 43
20 419 30
20 439 28
20 444 85
20 446 97
20 455 82
20 461 11
20 465 57
20 473 100
20 474 77
20 477 92
20 479 90
20 493 18
20 497 60
20 512 6
20 514 14
20 533 54
20 537 17
20 547 99
20 548 3
20 553 85
20 557 21
20 558 92
20 560 1
20 562 18
20 569 40
20 580 83
20 582 70
20 584 57
20 589 73
20 591 76
20 607 32
20 608 10
20 621 37
20 631 1
20 646 57
20 648 32
20 682 12
20 686 3
20 697 21
20 699 30
20 702 64
20 705 57
20 706 62
20 719 82
20 737 96
20 738 80
20 762 55
20 763 81
20 764 24
20 772 63
20 784 71
20 785 67
20 790 98
20 795 6
20 798 34
20 820 35
20 828 75
20 836 42
20 847 65
20 853 47
20 856 9
20 859 53
20 860 57
20 865 81
20 867 16
20 868 7
20 870 49
20 873 75
20 877 22
20 893 97
20 918 6
20 921 96
20 922 92
20 928 76
20 942 100
20 943 94
20 948 37
20 953 68
20 955 11
20 971 42
20 978 34
20 981 7
20 989 48
20 999 70
21 25 20
21 30 12
21 35 7
21 50 9
21 53 87
21 61 42
21 64 67
21 65 35
21 74 24
21 83 60
21 89 14
21 114 98
21 175 90
21 203 100
21 210 91
21 214 13
21 219 22
21 221 82
21 225 37
21 227 18
21 234 56
21 237 51
21 252 93
21 253 36
21 257 2
21 258 24
21 260 87
21 262 32
21 272 61
21 277 45
21 293 76
21 295 27
21 314 26
21 323 95
21 327 85
21 330 90
21 335 35
21 345 34
21 365 29
21 385 50
21 388 18
21 396 39
21 397 97
21 398 85
21 408 14
21 410 97
21 425 83
21 435 93
21 436 41
21 437 25
21 441 79
21 442 75
21 448 43
21 453 39
21 463 62
21 471 61
21 478 88
21 480 56
21 492 7
21 498 16
21 502 24
21 503 22
21 525 11
21 529 53
21 552 99
21 554 8
21 561 5
21 567 59
21 568 98
21 570 1
21 581 88
21 600 84
21 611 64
21 623 88
21 627 66
21 632 12
21 636 63
21 637 53
21 641 9
21 654 64
21 684 36
21 688 38
21 689 28
21 695 12
21 707 55
21 720 73
21 736 42
21 740 3
21 741 37
21 744 38
21 745 75
21 749 19
21 756 56
21 761 19
21 765 81
21 766 26
21 770 25
21 778 28
21 782 71
21 788 47
21 824 1
21 841 76
21 862 58
21 875 93
21 885 76
21 891 7
21 896 12
21 901 66
21 938 8
21 966 32
21 974 17
21 979 49
21 980 74
21 986 62
21 988 89
21 990 38
21 994 58
21 996 12
21 998 1
22 24 11
22 32 64
22 42 90
22 49 34
22 55 62
22 62 60
22 68 18
22 81 22
22 85 84
22 115 45
22 121 8
22 122 65
22 124 58
22 134 93
22 138 65
22 140 83
22 167 6
22 172 74
22 179 74
22 191 20
22 207 52
22 215 52
22 217 51
22 232 23
22 233 87
22 235 22
22 238 85
22 245 21
22 246 100
22 251 46
22 267 87
22 278 71
22 280 16
22 282 99
22 287 17
22 289 5
22 292 95
22 294 95
22 299 99
22 300 78
22 307 87
22 312 70
22 315 67
22 317 13
22 321 54
22 340 9
22 349 41
22 351 20
22 354 37
22 366 61
22 373 46
22 376 34
22 377 18
22 380 62
22 400 74
22 402 5
22 417 18
22 418 17
22 443 68
22 456 24
22 484 74
22 487 20
22 504 87
22 509 86
22 520 42
22 534 91
22 563 64
22 604 77
22 613 70
22 618 11
22 619 12
22 638 30
22 640 36
22 642 41
22 653 51
22 658 60
22 659 17
22 664 26
22 666 47
22 670 1
22 673 17
22 676 5
22 680 69
22 712 21
22 714 41
22 727 36
22 731 41
22 747 12
22 750 3
22 753 12
22 773 69
22 774 93
22 776 72
22 787 95
22 794 67
22 805 7
22 819 86
22 831 27
22 834 59
22 845 95
22 858 72
22 874 35
22 888 69
22 892 8
22 913 38
22 914 5
22 915 40
22 924 89
22 925 98
22 929 83
22 935 86
22 940 14
22 963 16
22 983 3
22 991 14
23 26 66
23 27 26
23 33 90
23 36 40
23 84 78
23 97 25
23 105 29
23 107 26
23 112 36
23 119 77
23 126 31
23 130 5
23 135 50
23 143 26
23 152 38
23 162 94
23 169 81
23 181 17
23 202 61
23 206 53
23 213 14
23 222 4
23 228 25
23 236 72
23 265 68
23 304 56
23 320 92
23 326 67
23 337 14
23 357 5
23 361 42
23 363 15
23 382 61
23 386 25
23 413 83
23 434 88
23 440 16
23 451 77
23 461 49
23 473 42
23 474 91
23 477 56
23 479 11
23 493 14
23 505 28
23 506 12
23 540 57
23 541 74
23 560 2
23 565 57
23 569 59
23 591 40
23 607 44
23 625 41
23 633 99
23 649 33
23 652 70
23 655 29
23 685 37
23 693 22
23 696 82
23 697 24
23 706 37
23 719 50
23 721 14
23 762 44
23 763 70
23 772 31
23 801 30
23 808 48
23 814 83
23 828 61
23 832 59
23 842 76
23 847 19
23 851 69
23 855 63
23 859 96
23 860 42
23 867 96
23 868 43
23 870 1
23 882 68
23 893 6
23 899 2
23 921 96
23 965 96
23 969 98
23 997 10
23 999 18
24 42 28
24 49 14
24 55 51
24 68 10
24 81 57
24 85 53
24 96 78
24 115 24
24 121 32
24 122 62
24 124 26
24 134 26
24 138 57
24 140 85
24 172 9
24 190 69
24 207 39
24 217 94
24 232 55
24 233 3
24 235 94
24 238 5
24 245 35
24 246 56
24 251 18
24 267 31
24 278 71
24 282 68
24 287 55
24 289 29
24 292 56
24 294 16
24 299 14
24 300 99
24 307 3
24 317 4
24 321 89
24 340 79
24 351 26
24 352 54
24 354 68
24 366 49
24 373 72
24 377 51
24 380 73
24 400 17
24 401 58
24 402 38
24 417 28
24 418 69
24 422 62
24 443 45
24 449 40
24 456 27
24 458 37
24 484 17
24 487 21
24 504 82
24 509 89
24 520 54
24 528 20
24 534 76
24 563 7
24 588 41
24 604 34
24 613 19
24 618 38
24 619 36
24 638 100
24 640 74
24 642 31
24 653 65
24 658 1
24 659 49
24 666 32
24 670 28
24 672 21
24 673 6
24 676 30
24 680 16
24 687 53
24 712 100
24 724 15
24 727 20
24 731 8
24 747 59
24 750 62
24 753 76
24 773 82
24 774 43
24 776 93
24 787 1
24 805 39
24 811 85
24 819 97
24 830 70
24 831 98
24 834 38
24 845 59
24 858 65
24 874 98
24 888 60
24 892 29
24 895 12
24 913 16
24 914 73
24 915 9
24 924 16
24 925 93
24 935 18
24 963 70
24 983 93
24 991 24
24 992 19
25 30 95
25 35 25
25 50 42
25 53 37
25 61 93
25 64 24
25 65 42
25 74 70
25 83 52
25 114 31
25 115 64
25 175 11
25 193 72
25 203 39
25 210 10
25 214 12
25 219 89
25 221 47
25 225 7
25 227 28
25 234 11
25 237 42
25 252 73
25 253 22
25 257 27
25 258 48
25 260 9
25 262 31
25 274 26
25 277 96
25 293 3
25 295 54
25 314 48
25 323 39
25 330 16
25 345 48
25 352 92
25 365 16
25 385 38
25 388 9
25 396 55
25 397 26
25 398 45
25 408 84
25 410 97
25 425 18
25 435 17
25 436 61
25 437 68
25 441 63
25 442 79
25 443 39
25 448 94
25 453 23
25 463 66
25 471 32
25 478 60
25 480 51
25 492 19
25 498 18
25 502 86
25 503 15
25 525 45
25 529 77
25 552 99
25 554 95
25 567 41
25 568 81
25 570 14
25 581 14
25 600 53
25 611 88
25 623 32
25 627 99
25 632 62
25 636 20
25 637 17
25 641 70
25 654 28
25 684 12
25 688 20
25 689 64
25 695 21
25 707 12
25 720 15
25 736 100
25 740 59
25 741 72
25 744 79
25 745 46
25 749 85
25 756 70
25 761 51
25 765 70
25 766 18
25 770 80
25 778 66
25 782 78
25 788 35
25 824 79
25 841 14
25 862 13
25 875 76
25 881 86
25 885 28
25 891 6
25 896 69
25 901 92
25 938 89
25 960 85
25 966 27
25 974 2
25 979 38
25 980 55
25 986 48
25 987 93
25 988 86
25 990 33
25 994 90
25 996 89
25 998 1
26 33 43
26 36 22
26 84 3
26 105 40
26 107 72
26 119 28
26 120 97
26 135 73
26 169 92
26 206 57
26 213 31
26 222 4
26 228 28
26 236 85
26 326 8
26 337 46
26 361 91
26 363 45
26 382 89
26 413 3
26 434 58
26 451 29
26 473 48
26 505 64
26 506 96
26 517 79
26 540 10
26 541 76
26 565 59
26 606 69
26 625 97
26 633 9
26 649 40
26 655 61
26 685 3
26 693 87
26 696 46
26 721 86
26 801 56
26 832 16
26 842 45
26 847 32
26 851 95
26 855 24
26 882 29
26 893 44
26 899 68
26 933 22
26 952 28
26 965 48
26 997 68
27 33 7
27 36 39
27 39 36
27 45 7
27 51 75
27 63 45
27 73 11
27 82 59
27 84 56
27 97 75
27 103 18
27 105 93
27 107 41
27 111 61
27 112 82
27 119 5
27 120 81
27 126 10
27 130 64
27 135 75
27 143 30
27 162 17
27 169 73
27 181 36
27 202 5
27 205 72
27 206 43
27 222 33
27 224 98
27 228 97
27 236 1
27 254 37
27 265 25
27 304 6
27 305 71
27 316 40
27 320 56
27 326 99
27 337 68
27 357 64
27 361 11
27 363 36
27 367 54
27 370 23
27 381 77
27 386 25
27 392 87
27 414 91
27 429 22
27 433 59
27 439 75
27 444 47
27 451 45
27 461 1
27 465 35
27 473 15
27 474 7
27 477 58
27 493 91
27 497 7
27 506 74
27 517 10
27 537 74
27 540 17
27 541 26
27 557 58
27 558 76
27 560 24
27 565 27
27 569 22
27 591 15
27 606 36
27 607 94
27 615 20
27 622 27
27 631 35
27 633 87
27 649 80
27 685 57
27 686 14
27 693 53
27 694 76
27 696 74
27 705 60
27 706 62
27 721 12
27 763 99
27 768 26
27 772 55
27 784 42
27 790 99
27 801 18
27 807 66
27 814 13
27 820 64
27 828 85
27 835 36
27 836 22
27 842 33
27 847 97
27 851 100
27 859 97
27 860 21
27 867 86
27 868 7
27 870 77
27 882 100
27 893 56
27 904 11
27 911 1
27 921 60
27 933 17
27 942 30
27 943 83
27 952 62
27 955 64
27 965 14
27 973 32
27 989 61
27 997 4
27 999 38
28 44 13
28 46 75
28 59 45
28 66 80
28 75 46
28 86 81
28 92 61
28 110 90
28 123 48
28 131 71
28 137 88
28 145 7
28 147 36
28 148 19
28 150 38
28 151 43
28 161 1
28 170 80
28 171 95
28 180 19
28 182 74
28 184 81
28 189 16
28 194 29
28 204 96
28 209 55
28 220 61
28 239 48
28 248 92
28 256 100
28 264 55
28 266 61
28 271 49
28 279 4
28 281 78
28 283 33
28 285 22
28 297 60
28 301 60
28 302 25
28 303 53
28 334 87
28 336 19
28 339 95
28 348 8
28 350 67
28 355 28
28 356 62
28 369 83
28 371 9
28 391 18
28 407 98
28 415 62
28 423 76
28 424 88
28 426 48
28 447 70
28 449 81
28 458 46
28 466 88
28 468 84
28 470 92
28 472 78
28 486 23
28 491 63
28 495 54
28 511 38
28 513 56
28 515 26
28 516 9
28 522 46
28 523 72
28 528 48
28 545 61
28 546 48
28 575 15
28 595 40
28 596 61
28 597 9
28 605 38
28 616 62
28 639 40
28 656 59
28 665 72
28 667 17
28 677 98
28 683 46
28 687 40
28 691 33
28 703 13
28 710 37
28 711 29
28 723 100
28 732 69
28 733 72
28 751 30
28 779 88
28 781 98
28 793 67
28 802 54
28 804 74
28 811 44
28 817 84
28 826 84
28 827 94
28 833 98
28 839 56
28 840 15
28 883 7
28 890 87
28 900 92
28 906 17
28 920 81
28 923 20
28 931 89
28 934 59
28 958 79
28 964 87
28 968 14
28 975 25
28 977 11
28 984 29
29 32 21
29 40 52
29 67 21
29 71 23
29 77 85
29 95 64
29 99 26
29 117 56
29 127 73
29 139 34
29 146 81
29 167 75
29 177 70
29 185 90
29 215 99
29 218 90
29 231 66
29 241 70
29 270 60
29 290 95
29 312 42
29 319 8
29 343 89
29 349 13
29 353 51
29 374 79
29 376 99
29 390 70
29 393 72
29 438 25
29 475 19
29 496 53
29 501 27
29 556 25
29 585 99
29 599 41
29 626 73
29 644 47
29 650 92
29 657 56
29 660 33
29 664 54
29 669 51
29 675 7
29 708 24
29 743 1
29 748 46
29 771 99
29 776 11
29 794 13
29 812 75
29 829 79
29 846 12
29 850 66
29 857 80
29 871 52
29 894 59
29 903 10
29 917 5
29 940 15
29 959 56
29 967 99
30 35 81
30 47 66
30 53 93
30 58 32
30 65 38
30 69 50
30 83 11
30 89 10
30 114 85
30 136 58
30 178 75
30 186 97
30 199 45
30 211 92
30 214 76
30 219 84
30 221 80
30 225 74
30 227 95
30 234 62
30 253 7
30 257 2
30 258 66
30 260 11
30 262 38
30 272 94
30 293 59
30 295 18
30 323 36
30 327 15
30 330 90
30 335 43
30 345 25
30 365 7
30 385 5
30 387 3
30 395 81
30 396 14
30 408 48
30 420 80
30 425 57
30 435 94
30 436 33
30 437 68
30 441 81
30 442 81
30 448 71
30 453 25
30 463 97
30 471 88
30 476 38
30 478 62
30 498 18
30 502 22
30 503 33
30 529 40
30 538 17
30 551 98
30 554 34
30 561 43
30 567 20
30 568 72
30 570 6
30 572 74
30 581 6
30 590 62
30 600 54
30 611 50
30 623 8
30 627 98
30 632 11
30 634 53
30 641 78
30 651 29
30 654 88
30 684 3
30 688 6
30 689 37
30 695 9
30 707 14
30 720 85
30 736 38
30 741 69
30 745 15
30 749 82
30 756 100
30 761 77
30 765 18
30 770 7
30 782 30
30 788 47
30 813 36
30 816 29
30 823 78
30 824 98
30 841 28
30 876 4
30 891 11
30 938 47
30 974 43
30 979 21
30 980 9
30 990 52
30 994 5
30 998 49
31 34 70
31 46 75
31 59 28
31 76 48
31 85 85
31 137 51
31 148 62
31 171 5
31 180 71
31 190 6
31 209 96
31 226 26
31 266 95
31 271 58
31 279 73
31 282 29
31 285 85
31 321 17
31 356 41
31 369 48
31 377 5
31 379 44
31 380 36
31 391 53
31 422 77
31 431 75
31 449 74
31 462 9
31 468 66
31 472 8
31 486 95
31 489 31
31 495 82
31 511 89
31 520 3
31 528 6
31 536 59
31 546 14
31 563 4
31 566 23
31 577 31
31 583 35
31 596 3
31 605 41
31 609 31
31 613 8
31 616 79
31 618 95
31 630 2
31 665 88
31 668 7
31 674 71
31 683 87
31 711 56
31 742 99
31 773 79
31 805 86
31 826 44
31 840 76
31 886 79
31 888 91
31 925 99
31 926 12
31 934 82
31 944 83
31 946 26
31 949 45
31 976 74
32 40 44
32 49 45
32 55 41
32 62 3
32 77 97
32 81 83
32 94 52
32 95 90
32 99 65
32 117 36
32 121 46
32 122 98
32 124 51
32 127 74
32 134 52
32 138 4
32 139 73
32 140 65
32 167 43
32 172 43
32 177 87
32 179 57
32 185 38
32 191 50
32 215 21
32 216 7
32 217 31
32 218 56
32 231 12
32 235 43
32 238 6
32 241 55
32 267 34
32 270 33
32 278 64
32 280 66
32 289 14
32 290 92
32 292 44
32 294 82
32 299 55
32 300 67
32 312 79
32 315 24
32 331 68
32 340 79
32 343 63
32 349 7
32 353 17
32 354 71
32 374 80
32 376 43
32 390 21
32 400 96
32 402 55
32 418 79
32 438 95
32 475 10
32 487 37
32 496 47
32 509 5
32 556 39
32 571 62
32 574 63
32 599 99
32 638 100
32 642 26
32 644 4
32 658 21
32 660 67
32 664 68
32 666 8
32 669 66
32 675 50
32 676 81
32 708 95
32 727 63
32 731 70
32 743 47
32 748 85
32 753 93
32 758 31
32 771 17
32 776 5
32 794 86
32 812 31
32 819 26
32 829 89
32 831 92
32 834 46
32 846 89
32 849 42
32 850 4
32 857 61
32 858 60
32 874 30
32 894 13
32 903 29
32 913 23
32 914 65
32 915 26
32 917 42
32 929 6
32 935 27
32 940 56
32 959 16
32 967 49
32 983 14
33 36 95
33 39 60
33 45 98
33 73 100
33 84 21
33 97 6
33 103 95
33 105 2
33 107 3
33 111 14
33 112 43
33 120 11
33 125 55
33 126 50
33 130 30
33 135 91
33 143 26
33 162 59
33 169 49
33 181 49
33 202 78
33 206 49
33 222 81
33 228 4
33 236 12
33 304 37
33 316 43
33 326 71
33 337 85
33 361 89
33 363 80
33 370 79
33 381 71
33 382 32
33 392 44
33 413 37
33 414 55
33 429 25
33 433 11
33 434 21
33 439 85
33 451 36
33 461 69
33 473 34
33 477 10
33 505 49
33 506 13
33 517 55
33 524 78
33 540 19
33 541 12
33 557 17
33 560 48
33 565 20
33 569 13
33 606 23
33 615 27
33 622 43
33 625 64
33 633 98
33 649 5
33 655 48
33 685 21
33 686 44
33 693 45
33 694 42
33 696 24
33 721 48
33 768 2
33 772 27
33 790 12
33 801 64
33 828 43
33 832 80
33 835 86
33 836 9
33 842 31
33 847 39
33 851 11
33 855 70
33 859 43
33 860 6
33 870 74
33 882 17
33 893 19
33 899 86
33 904 94
33 921 16
33 933 14
33 942 67
33 952 80
33 965 99
33 973 42
33 997 26
34 59 96
34 76 39
34 85 91
34 138 52
34 171 43
34 190 37
34 191 29
34 217 70
34 226 88
34 246 40
34 251 33
34 266 63
34 271 81
34 278 6
34 279 32
34 282 81
34 285 65
34 294 46
34 300 37
34 307 7
34 321 72
34 340 25
34 356 2
34 369 86
34 377 80
34 380 90
34 391 76
34 402 73
34 422 36
34 431 35
34 449 81
34 456 57
34 462 12
34 489 3
34 495 76
34 504 68
34 511 22
34 520 99
34 536 87
34 546 46
34 563 36
34 566 20
34 583 67
34 596 95
34 604 52
34 605 48
34 613 56
34 616 80
34 618 44
34 630 82
34 642 51
34 653 78
34 659 73
34 665 25
34 668 43
34 670 48
34 676 53
34 683 25
34 712 19
34 714 90
34 750 80
34 753 98
34 773 98
34 805 3
34 819 91
34 826 50
34 831 90
34 874 67
34 886 32
34 888 61
34 913 66
34 914 44
34 924 70
34 925 30
34 926 17
34 944 83
34 946 2
34 949 81
34 976 22
34 983 73
35 50 93
35 64 69
35 65 44
35 74 39
35 83 70
35 114 12
35 175 73
35 203 83
35 210 43
35 214 15
35 219 42
35 221 19
35 225 31
35 227 4
35 237 69
35 252 90
35 257 44
35 258 28
35 260 54
35 262 51
35 273 22
35 293 81
35 314 49
35 323 18
35 330 60
35 365 87
35 383 18
35 388 68
35 396 50
35 397 78
35 398 21
35 408 10
35 410 10
35 435 39
35 436 57
35 442 44
35 463 69
35 478 47
35 480 77
35 498 84
35 502 82
35 518 31
35 525 81
35 529 20
35 539 6
35 554 88
35 567 78
35 568 78
35 570 34
35 581 5
35 623 97
35 627 58
35 637 70
35 641 44
35 654 32
35 684 65
35 688 70
35 695 69
35 707 29
35 715 76
35 720 31
35 736 4
35 740 22
35 744 19
35 749 33
35 765 64
35 766 98
35 770 74
35 778 75
35 782 69
35 788 70
35 824 87
35 825 19
35 841 35
35 862 93
35 881 12
35 891 82
35 896 36
35 901 12
35 908 50
35 966 23
35 980 24
35 986 50
35 990 33
35 994 44
35 996 64
36 73 75
36 84 11
36 97 73
36 105 43
36 107 82
36 119 23
36 120 71
36 126 74
36 130 65
36 135 38
36 143 80
36 152 39
36 169 50
36 181 82
36 202 18
36 206 29
36 213 54
36 222 87
36 228 84
36 236 34
36 304 87
36 320 80
36 326 61
36 337 86
36 357 45
36 361 41
36 363 72
36 381 98
36 382 57
36 386 83
36 392 100
36 413 33
36 434 45
36 451 97
36 461 2
36 473 100
36 474 49
36 477 89
36 493 14
36 505 2
36 506 76
36 517 30
36 540 69
36 541 88
36 560 30
36 565 64
36 569 12
36 591 60
36 606 32
36 607 26
36 625 36
36 633 60
36 649 85
36 655 93
36 685 7
36 693 96
36 696 27
36 697 79
36 721 16
36 801 48
36 814 74
36 828 45
36 832 72
36 842 62
36 847 27
36 851 73
36 855 26
36 859 5
36 860 71
36 870 79
36 882 13
36 893 84
36 899 39
36 921 96
36 933 10
36 952 51
36 965 7
36 997 21
37 41 65
37 51 59
37 52 77
37 56 28
37 58 41
37 60 30
37 63 63
37 70 8
37 72 97
37 79 21
37 90 30
37 106 58
37 108 69
37 116 44
37 129 91
37 136 45
37 141 10
37 149 15
37 153 81
37 154 61
37 156 76
37 160 45
37 164 96
37 165 25
37 166 92
37 176 79
37 188 29
37 192 59
37 196 4
37 197 16
37 198 81
37 200 61
37 229 28
37 242 86
37 255 83
37 261 60
37 263 43
37 275 68
37 276 37
37 288 50
37 291 65
37 305 13
37 313 52
37 322 13
37 328 26
37 329 21
37 333 81
37 341 16
37 344 25
37 347 61
37 364 3
37 394 31
37 404 17
37 416 97
37 420 22
37 428 26
37 445 88
37 450 65
37 454 57
37 464 90
37 467 91
37 476 27
37 481 76
37 485 81
37 499 40
37 507 53
37 508 87
37 521 48
37 526 86
37 527 82
37 531 40
37 538 15
37 543 35
37 550 10
37 555 74
37 559 98
37 573 80
37 586 11
37 587 11
37 593 70
37 598 15
37 601 79
37 608 51
37 610 97
37 614 21
37 617 27
37 634 4
37 645 88
37 690 24
37 698 43
37 701 50
37 709 51
37 713 42
37 716 12
37 725 73
37 726 51
37 735 56
37 739 29
37 741 35
37 752 71
37 757 62
37 769 100
37 783 99
37 791 29
37 807 23
37 821 19
37 822 16
37 843 99
37 848 85
37 864 42
37 866 97
37 869 32
37 872 2
37 879 88
37 887 11
37 897 96
37 911 84
37 936 8
37 941 42
37 947 21
37 954 8
37 970 88
37 972 10
37 978 2
37 985 37
37 993 42
38 42 35
38 68 69
38 75 42
38 78 51
38 88 11
38 96 92
38 102 66
38 118 80
38 133 6
38 182 41
38 187 29
38 195 2
38 201 44
38 220 53
38 232 49
38 233 32
38 245 5
38 247 93
38 248 84
38 256 44
38 259 100
38 264 8
38 268 25
38 284 60
38 286 29
38 302 88
38 308 99
38 309 92
38 311 51
38 317 23
38 324 47
38 348 49
38 351 96
38 359 95
38 366 46
38 375 89
38 401 31
38 411 73
38 417 21
38 424 65
38 446 90
38 458 52
38 466 38
38 470 26
38 483 31
38 494 62
38 500 99
38 510 73
38 516 20
38 528 97
38 534 5
38 535 75
38 588 22
38 619 91
38 620 32
38 621 56
38 628 64
38 639 88
38 648 28
38 661 29
38 663 45
38 673 73
38 682 75
38 687 34
38 704 22
38 723 57
38 724 76
38 729 61
38 730 65
38 733 81
38 734 77
38 746 39
38 747 91
38 751 61
38 764 39
38 767 6
38 775 34
38 777 91
38 779 67
38 780 25
38 787 80
38 792 50
38 793 3
38 795 88
38 799 79
38 804 53
38 810 70
38 811 33
38 827 39
38 830 49
38 837 49
38 853 20
38 856 3
38 892 61
38 895 24
38 902 67
38 905 65
38 922 72
38 924 62
38 932 39
38 937 53
38 945 93
38 961 50
38 963 16
38 984 50
38 991 33
38 992 58
39 45 35
39 73 98
39 84 92
39 103 61
39 111 6
39 120 27
39 125 49
39 126 36
39 128 34
39 130 32
39 135 26
39 143 98
39 188 32
39 197 36
39 202 42
39 206 8
39 228 1
39 242 24
39 254 78
39 316 26
39 326 57
39 337 86
39 361 99
39 363 31
39 370 90
39 381 45
39 392 13
39 394 6
39 414 60
39 429 90
39 433 58
39 434 87
39 439 73
39 444 34
39 451 40
39 506 37
39 517 1
39 524 49
39 560 47
39 569 15
39 603 48
39 606 35
39 615 64
39 622 57
39 643 11
39 649 48
39 685 59
39 686 74
39 694 17
39 701 9
39 721 18
39 726 74
39 739 83
39 768 92
39 790 77
39 801 69
39 807 90
39 828 100
39 835 35
39 836 40
39 842 21
39 859 80
39 882 50
39 904 13
39 919 47
39 921 92
39 933 92
39 950 55
39 952 68
39 955 13
39 965 58
39 973 91
39 997 82
40 49 21
40 55 30
40 62 60
40 67 61
40 71 99
40 77 63
40 94 94
40 95 46
40 99 15
40 100 44
40 117 63
40 121 87
40 122 80
40 124 36
40 127 24
40 139 60
40 140 92
40 146 46
40 167 73
40 175 72
40 177 81
40 179 51
40 185 20
40 215 26
40 216 52
40 218 5
40 231 89
40 235 79
40 238 84
40 241 15
40 267 79
40 270 30
40 273 77
40 280 30
40 289 16
40 290 8
40 292 83
40 299 2
40 312 6
40 314 41
40 315 77
40 319 48
40 331 49
40 343 48
40 349 71
40 353 93
40 354 30
40 373 88
40 374 24
40 376 29
40 383 75
40 390 94
40 393 54
40 400 97
40 418 65
40 432 66
40 438 59
40 475 23
40 482 40
40 487 28
40 496 7
40 501 11
40 509 53
40 518 40
40 539 39
40 556 17
40 571 29
40 574 75
40 585 91
40 599 20
40 626 13
40 638 97
40 644 27
40 650 19
40 657 13
40 658 50
40 660 34
40 664 82
40 666 43
40 669 34
40 675 88
40 700 97
40 708 99
40 743 70
40 744 13
40 748 65
40 758 53
40 766 73
40 771 86
40 776 25
40 794 28
40 812 15
40 825 100
40 829 57
40 834 33
40 846 29
40 849 77
40 850 23
40 857 73
40 858 69
40 871 87
40 881 70
40 894 61
40 903 49
40 908 96
40 917 19
40 929 49
40 935 89
40 940 91
40 959 72
40 967 17
40 996 22
41 51 18
41 52 72
41 56 9
41 60 2
41 63 62
41 70 3
41 72 80
41 108 77
41 111 87
41 125 25
41 128 90
41 129 98
41 141 2
41 149 66
41 153 8
41 154 63
41 157 78
41 160 35
41 164 44
41 166 14
41 176 82
41 188 86
41 192 70
41 197 77
41 200 74
41 229 75
41 242 65
41 254 93
41 261 77
41 263 68
41 275 63
41 276 77
41 305 3
41 313 81
41 316 67
41 322 42
41 328 89
41 329 64
41 333 34
41 341 60
41 347 89
41 364 47
41 370 10
41 394 4
41 404 10
41 416 29
41 428 64
41 429 92
41 444 9
41 445 90
41 450 81
41 454 18
41 464 68
41 467 73
41 481 63
41 499 82
41 507 36
41 521 29
41 527 8
41 537 15
41 543 72
41 550 57
41 555 28
41 573 20
41 586 38
41 587 18
41 593 22
41 598 20
41 601 94
41 602 60
41 603 42
41 610 84
41 614 81
41 617 64
41 622 35
41 643 84
41 645 62
41 686 54
41 690 74
41 694 25
41 698 38
41 701 13
41 709 39
41 716 70
41 725 96
41 726 55
41 735 21
41 739 42
41 759 93
41 783 52
41 790 78
41 791 93
41 807 49
41 809 15
41 820 26
41 821 91
41 822 78
41 835 19
41 836 40
41 843 60
41 864 15
41 866 6
41 869 65
41 879 13
41 887 59
41 897 93
41 911 76
41 919 17
41 941 15
41 947 15
41 950 42
41 955 52
41 978 49
41 993 13
42 44 42
42 59 41
42 68 2
42 78 55
42 85 19
42 96 59
42 102 11
42 134 91
42 137 45
42 138 36
42 217 86
42 220 2
42 226 53
42 232 85
42 233 3
42 245 41
42 246 33
42 247 5
42 248 99
42 251 75
42 256 60
42 271 70
42 279 41
42 282 27
42 287 77
42 302 56
42 307 15
42 308 40
42 317 2
42 324 24
42 348 97
42 351 56
42 359 93
42 366 48
42 369 56
42 377 27
42 380 98
42 391 15
42 401 34
42 417 69
42 422 32
42 424 38
42 449 43
42 456 32
42 458 63
42 466 88
42 470 33
42 504 10
42 511 70
42 513 55
42 516 51
42 528 15
42 534 6
42 546 30
42 575 92
42 588 59
42 605 50
42 613 95
42 616 82
42 619 41
42 628 8
42 639 100
42 640 86
42 653 83
42 656 29
42 659 24
42 665 9
42 668 40
42 670 72
42 673 39
42 680 17
42 683 45
42 687 63
42 704 16
42 712 21
42 723 83
42 724 9
42 729 3
42 731 59
42 733 29
42 746 35
42 747 24
42 750 88
42 751 95
42 779 47
42 787 73
42 799 19
42 804 93
42 805 97
42 810 53
42 811 96
42 826 15
42 888 22
42 892 30
42 895 2
42 902 41
42 905 97
42 914 54
42 915 57
42 924 94
42 925 60
42 937 63
42 961 70
42 963 21
42 984 43
42 991 70
43 46 12
43 48 94
43 76 43
43 86 80
43 92 48
43 93 51
43 110 82
43 131 68
43 145 60
43 148 65
43 150 11
43 161 6
43 170 16
43 171 1
43 180 5
43 184 25
43 194 22
43 209 24
43 266 93
43 283 83
43 285 16
43 297 10
43 298 47
43 339 83
43 355 64
43 356 34
43 371 86
43 379 67
43 412 98
43 423 86
43 447 52
43 468 97
43 469 2
43 472 72
43 486 43
43 488 35
43 495 14
43 523 42
43 577 79
43 594 47
43 595 6
43 596 3
43 609 59
43 624 40
43 662 91
43 674 78
43 677 3
43 711 78
43 732 23
43 742 10
43 781 43
43 839 30
43 840 86
43 883 16
43 900 67
43 906 70
43 934 98
43 939 43
43 956 55
43 958 87
43 968 28
43 977 44
43 982 27
44 46 26
44 59 55
44 66 25
44 75 9
44 86 32
44 92 94
44 96 100
44 110 43
44 131 93
44 137 89
44 145 50
44 147 86
44 148 65
44 150 27
44 151 28
44 161 56
44 171 83
44 180 65
44 182 93
44 189 82
44 194 50
44 209 90
44 220 3
44 226 40
44 248 47
44 256 77
44 264 92
44 266 57
44 271 58
44 279 3
44 281 97
44 282 91
44 283 56
44 285 6
44 301 29
44 302 41
44 303 19
44 317 6
44 348 92
44 350 54
44 355 54
44 356 77
44 359 63
44 369 28
44 371 15
44 380 22
44 391 98
44 401 41
44 422 13
44 423 17
44 424 10
44 426 49
44 447 82
44 449 86
44 458 64
44 462 16
44 466 85
44 468 1
44 470 58
44 472 75
44 486 96
44 491 54
44 495 36
44 500 21
44 510 35
44 511 16
44 513 7
44 516 90
44 522 98
44 528 15
44 535 83
44 545 83
44 546 73
44 575 79
44 588 80
44 595 44
44 596 57
44 597 92
44 605 51
44 616 91
44 639 33
44 656 14
44 665 52
44 668 100
44 677 31
44 683 45
44 687 91
44 691 100
44 703 58
44 710 70
44 711 53
44 723 78
44 729 2
44 732 32
44 733 88
44 751 39
44 779 56
44 781 69
44 787 1
44 793 57
44 802 40
44 804 52
44 811 35
44 817 20
44 826 29
44 827 92
44 833 47
44 840 44
44 890 20
44 895 90
44 920 96
44 923 28
44 924 42
44 926 79
44 931 72
44 934 100
44 958 68
44 961 70
44 968 67
44 975 55
44 977 93
44 984 58
45 51 56
45 73 49
45 84 97
45 103 81
45 111 38
45 112 39
45 120 7
45 125 39
45 126 96
45 128 22
45 130 11
45 135 38
45 143 75
45 149 84
45 162 93
45 188 79
45 197 69
45 202 68
45 206 5
45 228 53
45 242 86
45 254 75
45 313 98
45 316 74
45 326 44
45 333 97
45 337 75
45 347 68
45 363 37
45 370 73
45 381 6
45 392 93
45 394 51
45 404 69
45 414 15
45 428 63
45 429 6
45 433 63
45 439 25
45 444 61
45 451 79
45 454 63
45 506 86
45 517 66
45 524 7
45 537 90
45 557 62
45 560 69
45 569 93
45 603 49
45 606 79
45 615 16
45 622 22
45 643 24
45 649 86
45 685 41
45 686 87
45 694 21
45 698 56
45 701 90
45 721 21
45 726 11
45 739 79
45 768 35
45 772 74
45 790 29
45 801 90
45 807 77
45 820 100
45 822 77
45 828 81
45 835 76
45 836 9
45 842 1
45 859 63
45 882 62
45 887 14
45 904 37
45 911 73
45 919 15
45 921 62
45 933 11
45 950 11
45 952 34
45 955 24
45 965 36
45 973 58
45 997 98
46 59 34
46 76 74
46 92 16
46 110 52
46 131 9
46 137 28
46 145 44
46 148 57
46 150 70
46 161 30
46 170 66
46 171 30
46 180 12
46 184 84
46 190 92
46 194 37
46 209 69
46 226 79
46 266 94
46 271 12
46 279 77
46 281 49
46 282 26
46 283 17
46 285 29
46 355 26
46 356 48
46 369 91
46 371 29
46 379 29
46 380 79
46 391 84
46 422 95
46 423 83
46 431 74
46 447 85
46 449 38
46 458 10
46 462 21
46 468 61
46 469 34
46 470 39
46 472 23
46 486 34
46 488 54
46 495 83
46 511 96
46 513 69
46 516 78
46 522 30
46 528 38
46 536 74
46 546 93
46 566 100
46 575 76
46 577 34
46 583 95
46 595 55
46 596 50
46 605 78
46 609 23
46 616 79
46 630 1
46 639 32
46 656 100
46 662 61
46 665 10
46 668 13
46 674 51
46 677 99
46 683 81
46 711 8
46 732 16
46 742 48
46 779 16
46 826 8
46 839 68
46 840 25
46 886 31
46 888 59
46 890 64
46 926 92
46 934 27
46 939 81
46 944 58
46 946 94
46 949 89
46 968 25
46 976 45
46 977 97
46 984 20
47 52 30
47 54 59
47 58 11
47 69 47
47 70 95
47 79 48
47 89 69
47 90 49
47 98 38
47 104 51
47 106 30
47 108 89
47 116 26
47 129 46
47 136 71
47 153 26
47 156 59
47 178 27
47 183 5
47 186 37
47 196 84
47 199 66
47 200 7
47 211 43
47 212 62
47 227 19
47 229 75
47 234 26
47 253 28
47 257 82
47 261 65
47 272 21
47 276 41
47 291 33
47 295 74
47 322 82
47 327 24
47 330 83
47 335 42
47 345 41
47 385 41
47 387 76
47 395 83
47 420 73
47 425 87
47 427 25
47 436 84
47 437 5
47 441 34
47 445 87
47 448 76
47 450 100
47 452 18
47 453 35
47 464 9
47 471 27
47 476 34
47 485 35
47 498 21
47 503 46
47 507 49
47 508 27
47 530 18
47 531 82
47 538 99
47 550 1
47 551 35
47 559 99
47 561 57
47 567 35
47 568 83
47 576 85
47 578 23
47 587 7
47 590 2
47 600 10
47 611 11
47 617 71
47 627 67
47 632 47
47 634 43
47 641 31
47 645 31
47 651 48
47 678 93
47 679 46
47 684 15
47 695 26
47 709 60
47 713 53
47 716 57
47 718 72
47 722 67
47 741 32
47 745 29
47 752 2
47 756 17
47 761 23
47 782 55
47 813 78
47 816 89
47 821 90
47 823 92
47 824 96
47 838 74
47 876 87
47 878 86
47 879 65
47 891 50
47 897 87
47 912 27
47 936 18
47 938 53
47 947 4
47 970 65
47 972 9
47 974 65
47 979 43
47 980 85
47 985 24
48 86 18
48 92 69
48 93 27
48 110 4
48 131 92
48 145 53
48 148 29
48 150 49
48 161 6
48 170 85
48 180 31
48 184 94
48 194 53
48 209 94
48 283 92
48 297 41
48 298 73
48 303 78
48 339 77
48 355 47
48 371 16
48 412 34
48 415 98
48 423 6
48 447 97
48 468 39
48 469 89
48 472 39
48 488 44
48 491 17
48 523 23
48 577 91
48 594 9
48 595 44
48 609 43
48 624 100
48 662 73
48 674 47
48 677 57
48 732 88
48 742 10
48 754 28
48 755 70
48 781 27
48 839 51
48 840 12
48 883 36
48 900 90
48 906 8
48 907 8
48 934 69
48 939 21
48 956 93
48 958 96
48 964 82
48 982 71
49 55 30
49 77 29
49 81 72
49 85 5
49 95 53
49 117 61
49 121 37
49 122 100
49 124 77
49 127 74
49 134 80
49 138 12
49 139 97
49 140 6
49 167 81
49 172 89
49 177 79
49 179 26
49 191 88
49 215 99
49 217 71
49 218 54
49 235 73
49 238 8
49 241 23
49 246 20
49 267 70
49 278 23
49 280 35
49 290 65
49 292 5
49 294 18
49 299 4
49 300 61
49 312 63
49 315 43
49 340 53
49 343 68
49 349 36
49 353 59
49 354 65
49 376 31
49 377 83
49 390 65
49 400 24
49 402 23
49 418 92
49 438 53
49 487 89
49 520 24
49 563 19
49 571 9
49 599 97
49 604 2
49 613 43
49 638 78
49 642 73
49 644 17
49 658 65
49 664 80
49 666 3
49 669 8
49 670 80
49 675 17
49 676 94
49 708 86
49 714 46
49 731 23
49 743 35
49 748 18
49 750 68
49 753 86
49 758 13
49 773 98
49 776 73
49 794 12
49 805 56
49 812 37
49 819 87
49 829 62
49 831 92
49 834 71
49 857 2
49 858 71
49 874 58
49 894 21
49 903 83
49 913 50
49 914 27
49 915 26
49 935 42
49 940 15
49 983 94
50 61 64
50 62 85
50 64 33
50 65 85
50 74 10
50 83 42
50 94 66
50 100 47
50 114 62
50 115 43
50 124 95
50 175 28
50 203 75
50 207 77
50 210 81
50 216 17
50 219 69
50 221 12
50 227 78
50 235 100
50 237 71
50 252 97
50 257 54
50 258 25
50 260 80
50 270 83
50 273 51
50 280 77
50 289 24
50 292 36
50 293 98
50 314 64
50 323 88
50 331 54
50 365 3
50 373 47
50 383 21
50 388 39
50 396 76
50 397 59
50 398 53
50 408 90
50 410 62
50 435 30
50 442 16
50 443 16
50 463 23
50 478 24
50 480 62
50 482 68
50 484 34
50 487 15
50 502 24
50 509 39
50 518 54
50 525 35
50 539 91
50 552 20
50 554 66
50 570 48
50 571 35
50 574 71
50 581 92
50 637 71
50 666 100
50 688 94
50 695 32
50 700 71
50 707 31
50 715 7
50 736 40
50 740 75
50 744 46
50 749 76
50 758 92
50 765 96
50 766 31
50 770 85
50 778 35
50 788 47
50 825 15
50 841 81
50 845 3
50 846 68
50 849 15
50 862 61
50 881 10
50 891 85
50 896 19
50 901 8
50 908 76
50 917 87
50 929 80
50 935 8
50 966 93
50 980 77
50 986 57
50 988 6
50 996 6
51 52 99
51 56 41
51 57 2
51 60 58
51 63 17
51 70 29
51 72 72
51 73 22
51 82 12
51 103 87
51 111 23
51 112 67
51 125 59
51 126 40
51 128 68
51 130 74
51 141 66
51 143 58
51 149 83
51 153 17
51 160 15
51 162 19
51 166 82
51 188 5
51 192 15
51 197 47
51 200 65
51 202 72
51 224 3
51 242 12
51 254 33
51 261 36
51 275 28
51 288 20
51 304 73
51 305 46
51 313 61
51 316 65
51 328 85
51 329 80
51 333 15
51 341 74
51 347 20
51 360 36
51 364 20
51 370 56
51 381 99
51 392 2
51 394 59
51 404 91
51 428 1
51 429 100
51 433 88
51 439 72
51 444 7
51 450 68
51 454 70
51 459 69
51 467 99
51 497 90
51 499 80
51 507 19
51 521 70
51 527 3
51 537 74
51 550 87
51 555 18
51 557 86
51 558 10
51 560 81
51 562 77
51 569 52
51 580 27
51 582 9
51 586 98
51 593 74
51 598 41
51 603 100
51 608 30
51 615 39
51 622 62
51 631 84
51 643 50
51 686 85
51 690 10
51 694 16
51 698 19
51 701 56
51 705 90
51 726 25
51 739 53
51 757 33
51 768 77
51 772 36
51 783 24
51 784 17
51 785 92
51 790 64
51 791 96
51 798 55
51 807 17
51 820 92
51 822 6
51 828 70
51 835 82
51 836 58
51 843 72
51 859 41
51 860 88
51 866 35
51 869 25
51 887 14
51 897 72
51 904 27
51 911 69
51 919 82
51 921 96
51 941 17
51 942 70
51 950 4
51 955 15
51 971 66
51 978 80
51 989 90
51 993 76
52 53 37
52 56 38
52 58 78
52 60 72
52 63 42
52 70 55
52 72 25
52 79 96
52 80 68
52 90 75
52 106 79
52 108 49
52 113 35
52 116 29
52 129 98
52 136 33
52 141 8
52 149 62
52 153 97
52 156 12
52 159 98
52 160 83
52 165 36
52 166 99
52 192 38
52 196 50
52 198 33
52 200 45
52 229 12
52 255 11
52 261 89
52 263 96
52 275 97
52 276 9
52 288 77
52 291 23
52 295 99
52 305 15
52 310 26
52 318 91
52 328 47
52 329 47
52 333 24
52 341 85
52 344 94
52 347 3
52 364 5
52 403 70
52 405 72
52 420 79
52 428 10
52 445 11
52 450 87
52 454 35
52 459 9
52 464 21
52 467 18
52 471 96
52 476 55
52 483 17
52 499 18
52 503 48
52 507 33
52 521 36
52 526 40
52 527 48
52 549 48
52 550 4
52 555 3
52 559 64
52 562 7
52 586 6
52 587 72
52 593 67
52 600 79
52 608 9
52 617 36
52 632 30
52 634 82
52 645 92
52 690 91
52 698 35
52 709 42
52 716 12
52 741 77
52 745 97
52 752 18
52 756 91
52 757 9
52 767 67
52 769 9
52 783 55
52 791 28
52 792 73
52 798 41
52 821 66
52 822 84
52 843 61
52 848 19
52 863 29
52 866 28
52 869 48
52 872 90
52 879 81
52 887 88
52 897 20
52 911 66
52 936 51
52 941 55
52 947 10
52 954 42
52 970 64
52 972 81
52 978 90
52 985 97
52 993 74
53 58 44
53 64 45
53 80 43
53 87 98
53 88 1
53 90 32
53 106 22
53 113 88
53 116 16
53 136 79
53 159 25
53 160 13
53 165 20
53 193 50
53 195 46
53 196 53
53 198 17
53 200 14
53 214 34
53 232 71
53 234 93
53 244 15
53 253 49
53 255 82
53 258 1
53 262 19
53 268 81
53 269 82
53 274 91
53 277 22
53 293 32
53 295 95
53 308 38
53 310 20
53 318 53
53 330 2
53 335 66
53 344 13
53 345 19
53 352 42
53 364 74
53 398 86
53 403 30
53 405 59
53 406 65
53 408 23
53 411 21
53 420 62
53 436 70
53 437 57
53 441 2
53 459 5
53 460 99
53 463 34
53 471 78
53 476 50
53 483 37
53 492 31
53 494 51
53 503 92
53 521 27
53 526 7
53 549 15
53 552 77
53 554 64
53 555 26
53 567 99
53 600 38
53 611 16
53 627 29
53 632 20
53 634 20
53 636 17
53 647 25
53 661 23
53 663 2
53 671 25
53 672 39
53 688 100
53 689 46
53 695 59
53 724 98
53 734 59
53 736 68
53 741 82
53 745 98
53 749 64
53 752 56
53 756 2
53 757 96
53 761 10
53 767 17
53 769 97
53 775 23
53 782 9
53 789 23
53 792 7
53 796 63
53 824 60
53 830 26
53 848 91
53 863 50
53 866 43
53 872 90
53 875 19
53 885 63
53 905 37
53 927 13
53 932 13
53 936 39
53 938 10
53 945 95
53 954 59
53 960 40
53 970 63
53 972 94
53 979 15
53 980 22
53 985 25
53 986 77
53 987 27
53 988 35
53 992 7
53 998 60
54 58 24
54 69 71
54 79 93
54 89 8
54 98 48
54 101 41
54 104 12
54 108 92
54 109 76
54 129 41
54 136 95
54 144 85
54 156 70
54 158 81
54 163 66
54 173 74
54 176 48
54 178 80
54 183 74
54 186 95
54 199 73
54 211 60
54 212 30
54 229 50
54 234 77
54 249 6
54 250 58
54 263 89
54 276 1
54 291 30
54 322 22
54 327 96
54 335 42
54 345 97
54 358 48
54 362 59
54 368 79
54 378 61
54 385 61
54 387 9
54 395 38
54 421 89
54 425 12
54 427 10
54 441 86
54 445 73
54 448 37
54 452 57
54 464 91
54 485 73
54 508 30
54 519 6
54 530 86
54 531 45
54 532 43
54 538 30
54 542 87
54 544 84
54 551 58
54 559 70
54 561 78
54 573 14
54 576 85
54 578 97
54 587 52
54 590 23
54 592 60
54 600 11
54 601 41
54 611 49
54 614 90
54 617 73
54 629 4
54 634 43
54 635 6
54 641 48
54 645 20
54 651 59
54 678 96
54 679 73
54 709 1
54 713 22
54 716 86
54 718 47
54 722 100
54 725 50
54 756 64
54 760 5
54 761 14
54 800 68
54 813 67
54 816 16
54 818 46
54 821 33
54 823 55
54 824 90
54 838 9
54 844 32
54 852 66
54 854 76
54 864 18
54 878 31
54 879 4
54 880 48
54 884 51
54 889 10
54 898 41
54 912 58
54 916 2
54 947 32
54 957 14
54 962 96
54 970 40
54 972 18
54 979 72
54 985 52
55 62 67
55 81 100
55 85 34
55 94 96
55 95 39
55 117 24
55 121 70
55 122 30
55 124 64
55 127 51
55 134 89
55 138 10
55 139 54
55 140 63
55 167 6
55 172 11
55 177 54
55 179 82
55 191 87
55 215 90
55 217 12
55 218 88
55 235 32
55 238 86
55 246 92
55 251 58
55 267 99
55 278 23
55 280 45
55 287 29
55 289 100
55 290 18
55 292 60
55 294 22
55 299 65
55 300 11
55 307 62
55 312 65
55 315 34
55 321 2
55 340 7
55 349 10
55 353 18
55 354 50
55 376 75
55 377 15
55 390 24
55 400 19
55 402 34
55 418 91
55 438 36
55 456 12
55 487 82
55 504 10
55 509 70
55 520 75
55 563 65
55 571 89
55 599 60
55 604 53
55 613 2
55 618 9
55 638 5
55 640 65
55 642 43
55 653 3
55 658 8
55 659 18
55 664 77
55 666 95
55 670 14
55 673 81
55 675 92
55 676 54
55 680 74
55 708 51
55 712 23
55 714 2
55 727 74
55 731 51
55 743 49
55 748 28
55 750 88
55 753 22
55 758 63
55 773 86
55 774 10
55 776 84
55 794 17
55 805 4
55 819 60
55 831 27
55 834 40
55 857 65
55 858 10
55 874 23
55 903 27
55 913 17
55 914 43
55 915 90
55 925 51
55 929 56
55 935 31
55 940 59
55 963 50
55 983 26
55 991 34
56 58 11
56 70 19
56 72 53
56 79 87
56 106 92
56 108 40
56 116 68
56 129 74
56 136 73
56 141 98
56 149 15
56 153 26
56 154 26
56 156 64
56 157 7
56 160 80
56 164 34
56 166 89
56 176 40
56 188 45
56 192 5
56 196 59
56 197 41
56 200 47
56 212 89
56 229 27
56 242 11
56 261 3
56 263 95
56 275 75
56 276 91
56 291 56
56 313 15
56 322 29
56 328 3
56 329 48
56 333 79
56 341 22
56 347 12
56 364 59
56 368 26
56 394 96
56 404 31
56 416 62
56 428 2
56 445 16
56 450 96
56 454 37
56 464 88
56 467 29
56 481 89
56 485 9
56 499 12
56 507 77
56 508 4
56 521 99
56 527 56
56 531 13
56 543 82
56 550 53
56 559 76
56 573 45
56 586 4
56 587 64
56 593 50
56 598 65
56 601 13
56 602 28
56 610 7
56 614 25
56 617 59
56 645 51
56 690 91
56 698 15
56 701 88
56 709 85
56 713 13
56 716 34
56 722 60
56 725 57
56 726 84
56 735 73
56 739 94
56 752 81
56 759 70
56 783 17
56 791 47
56 807 76
56 809 57
56 821 72
56 822 53
56 843 55
56 852 12
56 854 8
56 864 3
56 866 77
56 869 18
56 879 25
56 880 54
56 887 48
56 897 57
56 911 34
56 916 31
56 919 11
56 930 34
56 936 7
56 941 64
56 947 37
56 970 95
56 972 29
56 985 32
56 993 96
57 60 30
57 63 1
57 82 24
57 111 73
57 112 31
57 118 100
57 126 45
57 132 41
57 133 80
57 143 17
57 155 14
57 159 72
57 162 10
57 174 92
57 187 11
57 201 48
57 202 59
57 205 63
57 223 71
57 224 56
57 230 97
57 254 19
57 255 46
57 259 90
57 265 45
57 268 18
57 275 31
57 284 83
57 286 52
57 288 51
57 304 46
57 305 28
57 309 50
57 310 74
57 311 86
57 316 24
57 318 57
57 325 83
57 328 99
57 329 30
57 333 72
57 360 43
57 367 21
57 372 57
57 375 53
57 389 63
57 405 63
57 419 1
57 429 13
57 439 40
57 444 26
57 446 8
57 455 3
57 459 93
57 465 90
57 483 93
57 493 45
57 494 49
57 497 49
57 512 38
57 514 99
57 521 85
57 527 38
57 533 45
57 537 26
57 547 28
57 548 36
57 555 79
57 557 43
57 558 43
57 562 41
57 569 93
57 580 34
57 582 95
57 589 77
57 591 15
57 593 6
57 608 64
57 620 39
57 621 64
57 631 76
57 648 10
57 661 26
57 682 94
57 686 51
57 694 26
57 698 13
57 699 63
57 702 15
57 705 13
57 706 95
57 719 11
57 730 12
57 738 3
57 757 11
57 763 52
57 764 68
57 767 61
57 772 85
57 775 9
57 777 43
57 783 96
57 784 97
57 785 15
57 790 56
57 791 17
57 792 60
57 795 80
57 798 52
57 820 59
57 835 41
57 836 95
57 853 60
57 856 6
57 859 17
57 860 12
57 865 16
57 867 97
57 868 11
57 870 12
57 873 78
57 877 46
57 887 67
57 911 78
57 921 32
57 922 3
57 928 21
57 942 36
57 943 31
57 948 44
57 955 13
57 971 51
57 978 25
57 981 46
57 989 45
57 999 46
58 69 29
58 70 33
58 79 19
58 90 14
58 104 49
58 106 61
58 108 77
58 116 20
58 129 53
58 136 3
58 141 80
58 153 87
58 156 66
58 160 35
58 165 90
58 183 45
58 192 42
58 196 88
58 198 100
58 200 37
58 211 61
58 229 82
58 234 96
58 253 81
58 255 19
58 261 52
58 263 61
58 276 60
58 291 29
58 295 16
58 322 66
58 327 33
58 328 37
58 329 42
58 330 95
58 335 49
58 341 25
58 344 29
58 345 46
58 364 54
58 385 3
58 395 55
58 403 28
58 420 97
58 425 61
58 436 67
58 437 57
58 441 6
58 445 43
58 448 66
58 450 43
58 464 86
58 467 3
58 471 21
58 476 36
58 485 72
58 499 51
58 503 99
58 507 98
58 508 97
58 521 79
58 526 92
58 530 90
58 531 6
58 538 50
58 549 3
58 550 32
58 551 61
58 559 24
58 561 6
58 567 74
58 586 7
58 587 56
58 600 53
58 611 6
58 617 15
58 627 84
58 632 77
58 634 7
58 641 93
58 645 61
58 689 37
58 695 98
58 709 50
58 713 95
58 716 39
58 722 78
58 741 32
58 745 23
58 752 61
58 756 15
58 761 68
58 769 1
58 782 75
58 813 48
58 816 20
58 821 65
58 824 10
58 843 23
58 848 98
58 866 67
58 869 19
58 872 29
58 879 91
58 897 42
58 936 97
58 938 62
58 947 19
58 954 77
58 970 89
58 972 22
58 979 75
58 985 21
58 993 79
58 998 84
59 76 90
59 85 72
59 92 89
59 96 70
59 137 4
59 145 25
59 148 62
59 150 8
59 161 1
59 171 88
59 180 40
59 190 19
59 209 47
59 217 51
59 220 73
59 226 96
59 246 88
59 248 95
59 251 51
59 256 61
59 266 79
59 271 71
59 279 79
59 281 51
59 282 65
59 285 64
59 301 59
59 302 98
59 307 35
59 317 41
59 321 48
59 348 3
59 351 45
59 355 31
59 356 24
59 359 72
59 369 52
59 371 75
59 377 90
59 379 18
59 380 71
59 391 16
59 401 67
59 417 81
59 422 4
59 431 19
59 447 95
59 449 87
59 456 19
59 458 79
59 462 19
59 468 7
59 470 5
59 472 52
59 486 93
59 489 76
59 495 24
59 504 75
59 511 80
59 513 49
59 516 57
59 520 99
59 522 32
59 528 33
59 536 48
59 546 10
59 563 82
59 566 56
59 575 66
59 583 71
59 588 83
59 596 92
59 605 28
59 613 73
59 616 79
59 618 91
59 630 14
59 639 5
59 653 96
59 656 63
59 659 81
59 665 24
59 668 92
59 670 100
59 673 44
59 683 90
59 687 69
59 711 66
59 712 11
59 729 69
59 733 24
59 747 69
59 750 69
59 751 63
59 779 38
59 787 80
59 805 76
59 811 31
59 826 67
59 840 52
59 886 90
59 888 82
59 890 39
59 892 45
59 895 53
59 924 53
59 925 45
59 926 21
59 934 34
59 944 93
59 946 3
59 949 9
59 968 3
59 976 27
59 977 13
59 984 25
60 63 33
60 82 15
60 103 69
60 111 27
60 112 21
60 113 64
60 118 87
60 126 22
60 143 28
60 149 74
60 159 52
60 160 92
60 162 69
60 165 5
60 166 68
60 187 35
60 192 39
60 197 51
60 200 96
60 201 37
60 202 85
60 205 76
60 223 33
60 224 95
60 254 63
60 255 58
60 275 73
60 288 40
60 304 76
60 305 20
60 309 52
60 310 45
60 316 31
60 318 65
60 325 62
60 328 51
60 329 12
60 333 71
60 341 25
60 344 12
60 347 80
60 360 46
60 364 43
60 367 13
60 381 31
60 405 14
60 429 22
60 439 56
60 444 96
60 450 15
60 454 32
60 455 97
60 459 65
60 465 21
60 467 73
60 483 12
60 494 33
60 497 96
60 512 42
60 514 60
60 521 38
60 527 37
60 537 90
60 548 42
60 555 31
60 557 79
60 558 17
60 562 28
60 569 80
60 580 31
60 582 17
60 586 37
60 589 66
60 593 36
60 608 60
60 631 64
60 648 55
60 682 75
60 686 11
60 694 81
60 698 29
60 701 27
60 702 16
60 705 19
60 726 72
60 730 37
60 738 72
60 739 23
60 757 3
60 764 55
60 767 55
60 768 91
60 772 97
60 777 8
60 783 30
60 784 29
60 785 46
60 790 25
60 791 4
60 792 20
60 798 64
60 807 95
60 820 40
60 835 15
60 836 66
60 848 24
60 853 24
60 860 65
60 866 38
60 869 78
60 873 61
60 877 89
60 887 30
60 911 74
60 921 25
60 936 48
60 942 16
60 943 86
60 948 88
60 954 55
60 955 91
60 971 81
60 978 11
60 989 40
60 993 30
61 62 51
61 64 53
61 65 91
61 74 28
61 81 34
61 87 34
61 94 52
61 115 16
61 124 44
61 140 32
61 172 40
61 175 14
61 179 26
61 193 33
61 195 95
61 203 76
61 207 11
61 210 32
61 214 85
61 232 35
61 233 55
61 235 19
61 237 39
61 238 81
61 244 90
61 245 65
61 252 33
61 258 44
61 262 75
61 267 59
61 269 55
61 274 89
61 277 67
61 280 12
61 289 9
61 292 43
61 293 16
61 299 83
61 314 70
61 331 71
61 352 48
61 354 84
61 366 76
61 373 48
61 388 88
61 397 98
61 398 18
61 400 3
61 406 72
61 408 34
61 418 35
61 443 64
61 460 33
61 463 38
61 480 74
61 484 28
61 487 69
61 492 3
61 509 12
61 534 43
61 552 14
61 554 65
61 567 41
61 570 46
61 571 51
61 574 42
61 619 16
61 627 56
61 636 39
61 637 62
61 638 20
61 640 70
61 647 68
61 658 45
61 663 8
61 666 58
61 671 16
61 672 60
61 680 89
61 688 52
61 689 34
61 695 48
61 724 7
61 727 68
61 731 22
61 736 92
61 740 65
61 744 46
61 749 67
61 758 96
61 765 63
61 766 2
61 770 96
61 774 38
61 778 65
61 796 47
61 825 55
61 830 94
61 834 33
61 845 59
61 858 19
61 862 81
61 875 91
61 881 87
61 885 39
61 901 70
61 905 59
61 908 8
61 915 14
61 927 35
61 929 31
61 935 31
61 945 5
61 960 17
61 963 49
61 966 40
61 986 32
61 987 47
61 988 82
61 992 55
61 996 65
61 998 77
62 64 39
62 74 4
62 81 91
62 94 17
62 100 79
62 115 32
62 122 20
62 124 42
62 127 54
62 134 34
62 140 98
62 172 88
62 175 61
62 179 29
62 193 96
62 203 42
62 207 17
62 210 7
62 215 58
62 216 35
62 231 49
62 235 14
62 237 8
62 238 80
62 241 1
62 244 47
62 252 84
62 267 90
62 270 41
62 273 71
62 274 65
62 280 76
62 289 59
62 290 74
62 292 41
62 293 21
62 299 63
62 300 69
62 312 10
62 314 14
62 315 64
62 331 20
62 340 7
62 349 86
62 352 91
62 354 22
62 373 39
62 383 81
62 388 44
62 397 73
62 398 67
62 400 24
62 408 59
62 418 6
62 443 80
62 463 26
62 475 61
62 480 45
62 482 12
62 484 34
62 487 13
62 492 61
62 509 27
62 518 54
62 534 55
62 539 52
62 552 38
62 570 56
62 571 19
62 574 91
62 619 91
62 637 84
62 638 19
62 640 52
62 658 32
62 666 79
62 672 32
62 680 88
62 688 6
62 700 72
62 727 35
62 731 64
62 736 11
62 740 57
62 744 86
62 748 45
62 749 100
62 758 72
62 765 21
62 766 30
62 774 18
62 776 38
62 778 21
62 794 39
62 825 35
62 834 36
62 845 50
62 846 48
62 849 98
62 858 96
62 862 71
62 881 11
62 885 71
62 901 17
62 908 11
62 915 12
62 917 88
62 929 11
62 935 53
62 963 60
62 966 25
62 986 31
62 988 50
62 992 44
62 996 77
63 82 74
63 103 77
63 111 95
63 112 26
63 126 77
63 130 13
63 132 41
63 143 73
63 149 83
63 155 85
63 159 96
63 160 56
63 162 22
63 165 23
63 166 23
63 187 14
63 192 25
63 197 94
63 201 59
63 202 90
63 205 9
63 223 49
63 224 55
63 254 9
63 255 17
63 275 86
63 288 37
63 304 24
63 305 75
63 309 33
63 310 17
63 316 87
63 318 65
63 325 92
63 328 93
63 329 74
63 333 88
63 341 53
63 347 47
63 360 32
63 364 81
63 367 62
63 370 87
63 381 72
63 405 59
63 429 32
63 439 67
63 444 94
63 454 4
63 455 12
63 459 86
63 465 45
63 467 11
63 483 71
63 494 69
63 497 8
63 512 7
63 514 32
63 521 39
63 527 66
63 537 84
63 548 71
63 555 90
63 557 5
63 558 61
63 560 86
63 562 63
63 569 62
63 580 12
63 582 5
63 589 6
63 593 12
63 608 69
63 631 59
63 648 37
63 682 54
63 686 93
63 694 86
63 698 66
63 701 31
63 702 67
63 705 10
63 726 21
63 730 30
63 738 36
63 739 44
63 757 78
63 764 67
63 767 14
63 768 68
63 772 8
63 777 92
63 783 55
63 784 37
63 785 32
63 790 91
63 791 53
63 792 1
63 798 26
63 807 78
63 820 57
63 835 77
63 836 70
63 853 57
63 859 47
63 860 19
63 866 4
63 868 30
63 869 9
63 870 24
63 873 54
63 877 55
63 887 10
63 904 43
63 911 34
63 921 64
63 942 77
63 943 91
63 948 57
63 954 26
63 955 24
63 971 53
63 978 85
63 989 90
63 993 42
64 65 21
64 74 49
64 83 48
64 87 5
64 94 93
64 114 9
64 115 92
64 124 90
64 172 28
64 175 65
64 193 61
64 195 4
64 203 17
64 207 82
64 210 79
64 214 27
64 216 81
64 219 25
64 232 66
64 235 16
64 237 18
64 238 85
64 244 93
64 252 81
64 258 30
64 262 96
64 267 86
64 269 61
64 273 54
64 274 47
64 277 29
64 280 6
64 289 11
64 292 65
64 293 43
64 299 47
64 314 84
64 331 4
64 352 50
64 354 5
64 366 88
64 373 42
64 383 11
64 388 59
64 396 1
64 397 15
64 398 84
64 406 31
64 408 89
64 418 97
64 435 20
64 436 99
64 443 93
64 460 13
64 463 24
64 480 37
64 484 59
64 487 72
64 492 58
64 509 53
64 534 97
64 539 68
64 552 26
64 554 15
64 567 34
64 570 34
64 571 50
64 574 50
64 619 19
64 627 27
64 632 81
64 636 46
64 637 54
64 638 88
64 640 79
64 647 48
64 658 44
64 663 87
64 666 1
64 671 9
64 672 19
64 680 63
64 688 67
64 689 85
64 695 92
64 724 72
64 727 33
64 731 14
64 736 89
64 740 20
64 744 7
64 749 58
64 758 25
64 765 13
64 766 42
64 770 7
64 774 68
64 778 95
64 782 48
64 796 2
64 825 64
64 830 88
64 834 23
64 845 81
64 862 93
64 875 75
64 881 54
64 885 45
64 901 55
64 908 4
64 927 75
64 929 29
64 935 49
64 960 19
64 966 61
64 980 32
64 986 49
64 987 4
64 988 3
64 992 45
64 996 76
64 998 40
65 74 59
65 83 85
65 114 30
65 175 44
65 203 78
65 210 68
65 214 28
65 219 96
65 221 58
65 225 16
65 227 84
65 237 43
65 252 66
65 253 25
65 257 54
65 258 64
65 260 21
65 262 66
65 273 25
65 293 52
65 314 86
65 323 94
65 330 19
65 365 42
65 373 47
65 383 70
65 388 18
65 396 54
65 397 89
65 398 7
65 408 13
65 410 21
65 435 62
65 436 73
65 442 19
65 443 9
65 463 11
65 478 64
65 480 93
65 492 42
65 502 92
65 518 99
65 525 97
65 529 69
65 539 25
65 552 3
65 554 41
65 567 82
65 568 75
65 570 41
65 581 37
65 623 53
65 627 22
65 637 3
65 641 66
65 654 49
65 684 68
65 688 73
65 695 57
65 707 3
65 715 7
65 720 2
65 736 8
65 740 74
65 744 81
65 749 90
65 765 83
65 766 79
65 770 55
65 778 12
65 782 38
65 788 84
65 824 2
65 825 99
65 841 8
65 862 47
65 881 83
65 891 55
65 896 34
65 901 18
65 908 71
65 966 32
65 980 76
65 986 31
65 988 4
65 994 88
65 996 67
65 998 15
66 75 67
66 86 94
66 91 59
66 118 84
66 123 38
66 132 4
66 133 62
66 145 60
66 147 17
66 151 90
66 155 96
66 174 21
66 182 33
66 189 84
66 204 91
66 208 9
66 220 79
66 230 24
66 239 84
66 243 35
66 248 75
66 256 62
66 259 63
66 264 3
66 281 78
66 284 89
66 296 7
66 301 49
66 303 32
66 306 13
66 311 33
66 332 51
66 334 82
66 336 33
66 338 23
66 342 62
66 346 9
66 348 43
66 350 49
66 372 66
66 375 4
66 384 84
66 389 19
66 399 77
66 407 53
66 409 45
66 419 88
66 424 50
66 426 21
66 430 100
66 446 38
66 455 12
66 457 77
66 466 46
66 470 26
66 490 68
66 491 41
66 500 50
66 510 92
66 514 3
66 515 25
66 522 5
66 533 54
66 535 93
66 545 88
66 547 22
66 553 32
66 564 88
66 575 22
66 579 28
66 584 64
66 597 62
66 612 99
66 621 59
66 646 4
66 648 38
66 656 69
66 667 39
66 681 74
66 691 81
66 692 32
66 703 8
66 710 1
66 717 36
66 723 59
66 728 18
66 733 31
66 737 27
66 738 88
66 751 37
66 780 17
66 781 44
66 786 84
66 793 61
66 795 43
66 802 64
66 803 36
66 804 27
66 815 3
66 817 30
66 827 85
66 833 24
66 856 52
66 861 24
66 890 17
66 909 50
66 918 58
66 920 49
66 923 25
66 928 51
66 931 45
66 953 78
66 961 65
66 968 12
66 975 80
66 977 92
66 981 83
66 995 73
67 71 89
67 77 56
67 99 23
67 100 89
67 117 47
67 127 67
67 139 67
67 146 37
67 185 38
67 216 68
67 231 23
67 241 53
67 270 40
67 290 7
67 319 68
67 343 15
67 374 48
67 390 76
67 393 3
67 432 25
67 438 83
67 475 26
67 482 15
67 496 34
67 501 99
67 518 54
67 556 55
67 571 84
67 585 22
67 626 42
67 644 82
67 650 39
67 657 3
67 660 10
67 669 47
67 700 7
67 708 60
67 748 53
67 771 68
67 812 2
67 829 19
67 846 80
67 849 15
67 850 63
67 857 2
67 871 1
67 894 18
67 917 59
67 959 32
67 967 64
68 78 93
68 80 1
68 87 56
68 88 39
68 96 50
68 102 96
68 134 2
68 138 9
68 172 38
68 193 9
68 195 6
68 217 86
68 232 92
68 233 67
68 244 6
68 245 91
68 246 86
68 247 1
68 251 19
68 256 19
68 259 28
68 268 43
68 269 85
68 274 93
68 282 42
68 286 74
68 287 96
68 302 20
68 307 11
68 308 92
68 317 72
68 324 62
68 348 33
68 351 24
68 352 86
68 359 91
68 366 53
68 401 14
68 406 87
68 411 12
68 417 69
68 456 88
68 458 91
68 460 26
68 466 72
68 470 49
68 492 4
68 494 6
68 504 51
68 510 28
68 516 37
68 528 5
68 534 42
68 552 43
68 588 91
68 619 61
68 620 23
68 628 66
68 640 79
68 647 81
68 653 88
68 659 74
68 661 74
68 663 92
68 670 68
68 671 42
68 672 65
68 673 61
68 680 32
68 687 59
68 704 29
68 712 72
68 724 44
68 727 41
68 729 23
68 731 70
68 734 49
68 746 16
68 747 58
68 767 76
68 774 22
68 775 70
68 777 100
68 787 32
68 789 73
68 799 82
68 810 93
68 811 75
68 830 98
68 837 50
68 845 35
68 875 35
68 885 59
68 892 74
68 895 60
68 902 87
68 905 48
68 914 60
68 915 30
68 924 36
68 927 72
68 932 49
68 937 65
68 945 79
68 960 32
68 961 55
68 963 56
68 984 86
68 987 75
68 991 7
68 992 66
69 70 17
69 79 85
69 89 50
69 98 25
69 104 74
69 106 2
69 108 28
69 116 78
69 129 47
69 136 87
69 153 18
69 156 76
69 178 69
69 183 5
69 186 75
69 196 54
69 199 82
69 200 22
69 211 31
69 212 22
69 227 9
69 229 11
69 234 66
69 253 96
69 257 55
69 261 41
69 272 71
69 276 21
69 291 54
69 295 72
69 322 63
69 327 42
69 330 67
69 335 48
69 345 30
69 385 48
69 387 61
69 395 38
69 420 58
69 425 42
69 427 24
69 436 36
69 437 22
69 441 50
69 445 98
69 448 55
69 452 74
69 453 24
69 464 72
69 471 97
69 476 53
69 485 9
69 498 100
69 503 50
69 508 24
69 530 55
69 531 31
69 532 3
69 538 10
69 544 43
69 551 62
69 559 45
69 561 79
69 567 58
69 568 1
69 572 62
69 576 80
69 578 15
69 587 51
69 590 65
69 600 84
69 611 41
69 617 76
69 627 84
69 632 67
69 634 76
69 641 77
69 645 38
69 651 43
69 678 48
69 679 24
69 684 19
69 695 67
69 709 3
69 713 31
69 716 8
69 718 84
69 722 47
69 741 52
69 745 89
69 756 16
69 761 33
69 782 25
69 813 73
69 816 13
69 821 40
69 823 40
69 824 28
69 838 89
69 876 98
69 878 5
69 891 99
69 912 85
69 938 26
69 947 8
69 962 44
69 970 39
69 972 69
69 974 88
69 979 80
69 980 50
69 985 93
70 72 19
70 79 34
70 90 10
70 106 16
70 108 63
70 116 40
70 129 42
70 136 12
70 141 95
70 149 68
70 153 93
70 154 94
70 156 51
70 160 25
70 164 27
70 165 77
70 166 88
70 176 41
70 192 38
70 196 81
70 198 25
70 200 12
70 229 7
70 255 86
70 261 75
70 263 64
70 275 47
70 276 50
70 291 91
70 295 30
70 313 29
70 322 90
70 328 56
70 329 10
70 333 17
70 335 17
70 341 97
70 344 9
70 347 49
70 364 26
70 368 1
70 404 58
70 416 44
70 420 40
70 428 18
70 445 64
70 450 73
70 454 4
70 464 54
70 467 81
70 471 44
70 476 16
70 481 49
70 485 80
70 499 36
70 507 85
70 508 41
70 521 72
70 526 85
70 527 3
70 531 56
70 538 68
70 543 61
70 550 26
70 555 21
70 559 36
70 573 14
70 586 84
70 587 36
70 593 24
70 598 28
70 600 16
70 601 80
70 610 86
70 614 32
70 617 69
70 634 53
70 645 63
70 690 91
70 698 2
70 701 42
70 709 60
70 713 15
70 716 29
70 722 64
70 725 44
70 726 61
70 735 39
70 741 82
70 745 6
70 752 46
70 756 37
70 757 94
70 769 65
70 783 67
70 791 71
70 809 15
70 821 3
70 822 10
70 843 86
70 848 54
70 864 31
70 866 17
70 869 11
70 872 96
70 879 3
70 887 3
70 897 56
70 916 28
70 936 50
70 941 97
70 947 43
70 954 69
70 970 96
70 972 79
70 979 61
70 985 67
70 993 1
71 77 64
71 95 58
71 99 98
71 100 31
71 117 73
71 127 53
71 139 71
71 146 10
71 177 24
71 185 61
71 215 18
71 218 52
71 231 38
71 241 63
71 270 13
71 290 35
71 319 78
71 343 32
71 349 92
71 353 87
71 374 19
71 390 46
71 393 100
71 432 23
71 438 6
71 475 68
71 496 36
71 501 26
71 556 42
71 585 8
71 599 7
71 626 70
71 644 66
71 650 79
71 657 100
71 660 15
71 664 51
71 669 72
71 675 38
71 708 77
71 743 99
71 748 58
71 771 18
71 794 63
71 812 26
71 829 50
71 846 49
71 850 53
71 857 20
71 871 80
71 894 65
71 903 88
71 917 16
71 959 3
71 967 53
72 108 11
72 125 65
72 128 76
72 129 60
72 141 56
72 149 78
72 153 70
72 154 48
72 157 17
72 160 95
72 164 78
72 166 23
72 176 61
72 188 20
72 192 79
72 197 3
72 200 82
72 229 97
72 242 47
72 261 13
72 263 74
72 276 51
72 291 82
72 313 83
72 322 49
72 328 16
72 329 100
72 333 29
72 341 52
72 347 16
72 368 9
72 378 76
72 394 66
72 404 30
72 416 76
72 428 63
72 445 27
72 450 65
72 454 87
72 464 20
72 467 72
72 481 93
72 485 51
72 499 1
72 507 36
72 508 81
72 519 76
72 527 71
72 543 44
72 550 6
72 559 73
72 573 65
72 586 3
72 587 24
72 593 100
72 598 62
72 601 62
72 602 49
72 603 32
72 610 12
72 614 13
72 617 80
72 622 97
72 643 81
72 645 18
72 690 50
72 698 16
72 701 77
72 709 5
72 716 21
72 725 63
72 726 6
72 735 11
72 739 86
72 759 79
72 783 87
72 791 88
72 807 42
72 809 4
72 821 94
72 822 52
72 843 100
72 852 87
72 854 81
72 864 34
72 869 6
72 879 38
72 880 43
72 887 90
72 897 9
72 916 95
72 919 48
72 930 46
72 941 50
72 947 22
72 950 52
72 993 32
73 84 52
73 103 13
73 105 25
73 107 63
73 111 82
73 112 43
73 120 50
73 125 73
73 126 86
73 128 5
73 130 94
73 135 6
73 143 55
73 162 54
73 181 33
73 188 82
73 197 7
73 202 36
73 206 39
73 222 56
73 228 5
73 242 13
73 254 62
73 316 61
73 326 16
73 337 36
73 361 49
73 363 65
73 370 28
73 381 34
73 392 23
73 394 30
73 414 17
73 429 36
73 433 31
73 434 30
73 439 58
73 444 81
73 451 51
73 461 66
73 473 79
73 477 65
73 505 96
73 506 85
73 517 22
73 524 2
73 537 34
73 540 33
73 557 49
73 560 57
73 569 84
73 603 55
73 606 87
73 615 34
73 622 71
73 643 66
73 649 51
73 685 60
73 686 64
73 693 74
73 694 38
73 701 17
73 721 54
73 726 34
73 739 93
73 768 58
73 772 57
73 790 42
73 801 51
73 807 89
73 820 7
73 828 13
73 835 98
73 836 91
73 842 89
73 847 56
73 851 12
73 859 2
73 860 48
73 870 3
73 882 55
73 893 99
73 899 26
73 904 96
73 911 34
73 919 79
73 921 6
73 933 2
73 942 19
73 950 17
73 952 3
73 955 79
73 965 83
73 973 76
73 997 83
74 83 2
74 94 30
74 100 63
74 114 10
74 115 68
74 175 9
74 203 80
74 207 21
74 210 11
74 216 4
74 219 62
74 221 26
74 225 77
74 227 98
74 237 80
74 252 63
74 257 72
74 260 34
74 273 16
74 289 17
74 293 64
74 314 39
74 323 62
74 331 2
74 365 59
74 373 61
74 383 39
74 388 72
74 396 22
74 397 28
74 398 26
74 408 63
74 410 15
74 435 83
74 436 11
74 442 70
74 443 100
74 463 53
74 478 54
74 480 85
74 482 48
74 502 31
74 518 13
74 525 81
74 529 72
74 539 23
74 554 75
74 570 74
74 571 20
74 574 64
74 581 39
74 637 35
74 654 97
74 684 42
74 688 31
74 695 65
74 700 87
74 707 23
74 715 35
74 720 83
74 736 70
74 740 75
74 744 6
74 758 29
74 765 12
74 766 45
74 770 48
74 778 3
74 788 13
74 825 30
74 841 75
74 849 53
74 862 69
74 881 89
74 891 98
74 896 54
74 901 86
74 908 68
74 917 20
74 929 3
74 966 98
74 980 97
74 986 59
74 994 62
74 996 18
75 78 95
75 86 93
75 102 6
75 110 19
75 118 26
75 123 42
75 132 9
75 133 26
75 145 15
75 147 95
75 151 32
75 174 78
75 182 43
75 187 48
75 189 96
75 201 79
75 204 97
75 208 58
75 220 97
75 239 19
75 243 58
75 248 91
75 256 49
75 259 65
75 264 63
75 281 73
75 284 60
75 286 100
75 301 48
75 302 88
75 303 62
75 306 95
75 311 67
75 324 47
75 336 34
75 338 82
75 346 11
75 348 65
75 350 39
75 359 74
75 371 90
75 372 27
75 375 89
75 384 22
75 409 36
75 419 76
75 424 86
75 426 23
75 430 23
75 446 93
75 455 85
75 457 77
75 466 69
75 470 85
75 491 93
75 500 22
75 510 48
75 513 69
75 514 76
75 515 37
75 516 53
75 522 84
75 535 63
75 545 96
75 553 12
75 575 99
75 579 95
75 595 93
75 597 58
75 612 64
75 621 87
75 639 23
75 648 19
75 656 66
75 667 92
75 682 3
75 691 4
75 703 58
75 704 8
75 710 68
75 717 17
75 723 59
75 728 33
75 729 99
75 733 28
75 737 49
75 738 46
75 751 45
75 764 38
75 779 4
75 780 33
75 781 13
75 793 20
75 795 96
75 802 93
75 803 29
75 804 62
75 810 33
75 815 87
75 817 25
75 827 35
75 833 87
75 856 9
75 890 4
75 895 28
75 909 31
75 918 67
75 920 20
75 922 79
75 923 80
75 928 56
75 931 23
75 961 46
75 968 42
75 975 51
75 977 56
75 984 57
75 995 92
76 92 43
76 137 62
76 148 19
76 150 44
76 161 40
76 170 54
76 171 3
76 180 85
76 190 88
76 209 51
76 226 87
76 266 43
76 271 21
76 279 72
76 282 97
76 283 42
76 285 7
76 321 1
76 355 82
76 356 27
76 369 75
76 379 88
76 380 66
76 391 35
76 422 46
76 431 52
76 447 13
76 449 76
76 462 71
76 468 33
76 469 59
76 472 93
76 486 47
76 488 60
76 489 46
76 495 84
76 511 87
76 513 49
76 520 30
76 536 39
76 546 8
76 566 85
76 577 45
76 583 43
76 596 88
76 605 12
76 609 67
76 616 10
76 618 91
76 630 38
76 665 78
76 668 51
76 674 17
76 677 99
76 683 20
76 711 30
76 742 28
76 826 37
76 839 91
76 840 48
76 886 69
76 888 19
76 926 36
76 934 5
76 944 24
76 946 93
76 949 58
76 976 4
77 95 44
77 99 1
77 100 22
77 117 58
77 121 3
77 122 91
77 127 60
77 139 85
77 146 9
77 167 79
77 177 97
77 179 13
77 185 52
77 215 7
77 216 77
77 218 35
77 231 27
77 241 8
77 270 7
77 280 26
77 290 4
77 312 5
77 315 11
77 319 18
77 331 3
77 343 4
77 349 61
77 353 56
77 374 10
77 376 87
77 390 88
77 393 25
77 400 76
77 438 37
77 475 59
77 496 73
77 501 30
77 556 82
77 571 37
77 574 85
77 585 10
77 599 5
77 626 3
77 644 64
77 650 23
77 657 31
77 660 33
77 664 62
77 669 26
77 675 21
77 708 85
77 743 76
77 748 61
77 758 39
77 771 3
77 776 58
77 794 36
77 812 100
77 829 73
77 846 97
77 850 75
77 857 55
77 871 92
77 894 2
77 903 94
77 917 76
77 940 19
77 959 77
77 967 23
77 983 84
78 80 69
78 88 99
78 96 4
78 102 34
78 118 96
78 133 86
78 182 24
78 187 55
78 195 98
78 201 95
78 220 40
78 232 78
78 233 85
78 245 100
78 247 11
78 248 97
78 256 61
78 259 91
78 264 79
78 268 42
78 286 95
78 287 94
78 302 66
78 307 23
78 308 89
78 309 64
78 311 60
78 317 32
78 324 43
78 348 39
78 351 73
78 359 58
78 366 88
78 375 26
78 401 19
78 411 66
78 417 80
78 424 79
78 446 30
78 456 88
78 458 81
78 466 95
78 470 70
78 483 89
78 494 82
78 500 98
78 504 25
78 510 60
78 516 91
78 528 39
78 534 58
78 535 13
78 588 100
78 619 78
78 620 5
78 621 1
78 628 43
78 639 5
78 648 7
78 653 50
78 661 38
78 663 73
78 672 3
78 673 22
78 687 90
78 704 90
78 723 34
78 724 79
78 729 77
78 730 58
78 733 23
78 734 73
78 746 84
78 747 26
78 751 15
78 764 79
78 767 41
78 775 87
78 777 97
78 779 78
78 780 3
78 787 48
78 789 93
78 792 77
78 795 26
78 799 36
78 804 22
78 810 58
78 811 84
78 827 9
78 830 87
78 837 25
78 856 44
78 892 37
78 895 21
78 902 71
78 905 49
78 922 1
78 924 30
78 932 45
78 937 99
78 945 2
78 961 13
78 963 58
78 984 63
78 991 62
78 992 8
79 89 47
79 98 5
79 101 75
79 104 10
79 108 96
79 116 28
79 129 66
79 136 55
79 141 29
79 153 47
79 156 8
79 160 4
79 173 52
79 176 77
79 183 17
79 196 91
79 199 97
79 200 67
79 211 86
79 212 37
79 229 43
79 234 37
79 253 98
79 261 83
79 263 88
79 276 46
79 291 85
79 295 94
79 322 38
79 327 4
79 330 47
79 335 67
79 345 27
79 358 7
79 368 61
79 378 89
79 385 10
79 387 69
79 395 5
79 420 65
79 421 90
79 425 20
79 427 42
79 437 74
79 441 75
79 445 35
79 448 23
79 450 24
79 452 11
79 464 30
79 471 49
79 485 66
79 499 22
79 503 69
79 507 73
79 508 37
79 530 76
79 531 86
79 532 87
79 538 46
79 544 14
79 550 14
79 551 71
79 559 98
79 561 82
79 573 29
79 576 70
79 578 66
79 586 68
79 587 59
79 590 9
79 600 25
79 601 47
79 611 14
79 614 10
79 617 52
79 634 38
79 641 88
79 645 58
79 651 5
79 679 11
79 690 95
79 709 40
79 713 93
79 716 97
79 718 7
79 722 77
79 725 26
79 741 92
79 745 53
79 756 31
79 761 86
79 813 28
79 816 30
79 821 90
79 824 27
79 838 14
79 843 1
79 852 73
79 854 13
79 864 2
79 878 67
79 879 6
79 889 3
79 897 16
79 912 89
79 916 49
79 938 28
79 947 7
79 962 83
79 970 53
79 972 43
79 979 59
79 985 51
80 87 3
80 88 37
80 90 90
80 106 86
80 113 64
80 116 20
80 159 42
80 165 46
80 187 13
80 193 12
80 195 44
80 196 7
80 198 33
80 201 21
80 214 33
80 232 59
80 244 69
80 247 26
80 255 58
80 258 50
80 262 89
80 268 36
80 269 38
80 274 82
80 277 44
80 286 15
80 288 59
80 295 63
80 308 1
80 309 28
80 310 5
80 318 67
80 324 11
80 344 67
80 352 82
80 364 99
80 366 35
80 403 5
80 405 44
80 406 91
80 408 3
80 411 71
80 420 96
80 459 71
80 460 34
80 471 79
80 476 81
80 483 69
80 492 45
80 494 92
80 503 25
80 512 33
80 521 30
80 526 77
80 549 4
80 552 82
80 555 73
80 567 26
80 619 49
80 620 68
80 627 13
80 628 25
80 632 94
80 636 38
80 647 98
80 661 17
80 663 50
80 671 20
80 672 15
80 689 81
80 704 85
80 724 45
80 730 79
80 734 41
80 741 7
80 745 17
80 746 97
80 749 29
80 752 17
80 757 67
80 764 66
80 767 36
80 769 55
80 775 52
80 777 6
80 789 36
80 792 24
80 796 20
80 798 89
80 799 17
80 810 33
80 830 34
80 837 50
80 848 37
80 853 79
80 863 57
80 866 93
80 872 70
80 875 29
80 885 20
80 902 75
80 905 35
80 922 60
80 927 94
80 932 100
80 936 28
80 937 24
80 938 87
80 945 24
80 954 40
80 960 59
80 986 44
80 987 13
80 988 92
80 992 47
80 998 93
81 85 24
81 94 62
81 95 92
81 115 28
81 121 59
81 122 4
81 124 48
81 127 47
81 134 3
81 138 60
81 140 23
81 167 87
81 172 75
81 175 31
81 179 15
81 191 83
81 207 13
81 215 55
81 217 70
81 232 44
81 233 74
81 235 80
81 238 95
81 245 2
81 246 29
81 251 98
81 252 2
81 267 20
81 278 36
81 280 41
81 282 7
81 287 23
81 289 8
81 290 45
81 292 59
81 294 33
81 299 49
81 300 71
81 307 50
81 312 88
81 315 88
81 331 98
81 340 74
81 349 28
81 351 1
81 352 21
81 354 12
81 366 7
81 373 44
81 376 24
81 377 97
81 400 54
81 402 43
81 417 63
81 418 7
81 443 91
81 456 79
81 484 49
81 487 80
81 504 52
81 509 95
81 520 41
81 534 58
81 563 69
81 571 76
81 574 58
81 604 55
81 613 62
81 619 58
81 638 1
81 640 74
81 642 45
81 653 51
81 658 12
81 659 13
81 664 31
81 666 46
81 670 65
81 673 42
81 676 60
81 680 6
81 712 12
81 714 99
81 727 47
81 731 25
81 743 46
81 747 38
81 748 44
81 750 50
81 753 82
81 758 60
81 773 16
81 774 82
81 776 34
81 794 7
81 805 46
81 819 5
81 831 8
81 834 12
81 845 85
81 858 12
81 874 48
81 881 54
81 892 64
81 901 47
81 903 54
81 913 7
81 914 38
81 915 10
81 925 27
81 929 54
81 935 39
81 940 17
81 963 78
81 966 78
81 983 41
81 991 52
81 992 17
82 97 53
82 103 95
82 111 92
82 112 4
82 118 54
82 126 57
82 130 51
82 132 4
82 143 57
82 155 94
82 159 8
82 162 98
82 174 50
82 181 26
82 187 51
82 201 45
82 202 13
82 205 52
82 223 1
82 224 13
82 230 81
82 254 21
82 265 100
82 275 58
82 284 48
82 288 3
82 304 23
82 305 38
82 309 42
82 316 70
82 318 35
82 325 75
82 333 90
82 360 10
82 367 56
82 372 45
82 375 11
82 381 42
82 386 98
82 389 98
82 405 33
82 429 30
82 439 60
82 444 54
82 446 52
82 455 19
82 459 94
82 461 28
82 465 97
82 477 1
82 483 29
82 493 35
82 494 12
82 497 2
82 512 31
82 514 22
82 527 52
82 533 8
82 537 30
82 547 17
82 548 5
82 555 45
82 557 72
82 558 47
82 560 68
82 562 38
82 569 15
82 580 44
82 582 87
82 584 6
82 589 92
82 591 62
82 593 38
82 607 15
82 608 60
82 631 21
82 646 31
82 648 92
82 682 17
82 686 81
82 694 38
82 698 60
82 699 88
82 702 8
82 705 97
82 706 48
82 719 42
82 730 10
82 738 7
82 757 89
82 763 78
82 764 39
82 768 60
82 772 8
82 777 21
82 783 30
82 784 93
82 785 75
82 790 5
82 791 74
82 795 39
82 798 97
82 807 45
82 820 77
82 828 75
82 835 6
82 836 23
82 853 51
82 859 44
82 860 68
82 865 43
82 867 75
82 868 73
82 870 62
82 873 10
82 877 88
82 887 10
82 911 18
82 921 43
82 922 24
82 928 44
82 942 55
82 943 58
82 948 23
82 955 88
82 971 30
82 978 1
82 981 1
82 989 60
82 999 23
83 89 18
83 114 94
83 203 64
83 210 79
83 214 69
83 219 88
83 221 37
83 225 40
83 227 23
83 234 52
83 237 66
83 253 29
83 257 35
83 258 47
83 260 28
83 262 88
83 272 20
83 293 1
83 295 47
83 314 20
83 323 14
83 327 18
83 330 99
83 335 5
83 345 16
83 365 12
83 385 67
83 388 9
83 396 2
83 397 62
83 398 99
83 408 55
83 410 12
83 425 25
83 435 73
83 436 64
83 437 68
83 441 2
83 442 99
83 448 92
83 453 80
83 463 40
83 471 83
83 478 28
83 480 57
83 492 56
83 498 94
83 502 59
83 503 51
83 525 2
83 529 24
83 552 22
83 554 33
83 561 89
83 567 76
83 568 60
83 570 4
83 581 52
83 600 65
83 611 72
83 623 93
83 627 16
83 632 54
83 636 59
83 637 22
83 641 80
83 654 38
83 684 32
83 688 59
83 689 14
83 695 8
83 707 4
83 720 10
83 736 94
83 740 30
83 741 48
83 744 93
83 745 77
83 749 81
83 756 98
83 761 68
83 765 4
83 766 13
83 770 9
83 778 60
83 782 10
83 788 1
83 824 72
83 841 96
83 862 83
83 891 9
83 896 31
83 938 53
83 974 38
83 979 15
83 980 100
83 986 46
83 988 85
83 990 10
83 994 57
83 996 28
83 998 65
84 97 15
84 103 29
84 105 9
84 107 8
84 111 56
84 112 51
84 119 50
84 120 31
84 126 89
84 130 19
84 135 66
84 143 18
84 152 37
84 162 89
84 169 2
84 181 80
84 202 77
84 206 53
84 213 72
84 222 14
84 228 1
84 236 12
84 265 21
84 304 62
84 316 7
84 320 51
84 326 33
84 337 37
84 357 6
84 361 32
84 363 98
84 370 26
84 381 76
84 382 3
84 386 27
84 392 38
84 413 91
84 429 32
84 433 69
84 434 29
84 439 22
84 444 7
84 451 13
84 461 89
84 465 47
84 473 11
84 474 74
84 477 54
84 493 16
84 505 68
84 506 82
84 517 2
84 537 36
84 540 78
84 541 74
84 557 76
84 560 96
84 565 74
84 569 18
84 591 45
84 606 62
84 607 15
84 625 27
84 633 84
84 649 29
84 655 4
84 685 24
84 686 44
84 693 34
84 694 82
84 696 12
84 697 71
84 706 88
84 721 69
84 768 75
84 772 16
84 784 50
84 790 10
84 801 86
84 814 9
84 828 14
84 832 70
84 835 93
84 836 91
84 842 19
84 847 53
84 851 41
84 855 28
84 859 89
84 860 91
84 867 8
84 868 58
84 870 4
84 882 84
84 893 43
84 899 27
84 904 58
84 921 45
84 933 24
84 942 34
84 952 17
84 955 23
84 965 49
84 973 66
84 997 27
84 999 13
85 96 4
85 122 58
85 134 69
85 137 11
85 138 91
85 140 74
85 171 19
85 172 11
85 190 11
85 191 72
85 217 54
85 226 67
85 245 96
85 246 59
85 251 56
85 271 9
85 278 47
85 279 96
85 282 18
85 287 25
85 294 65
85 300 60
85 307 100
85 317 58
85 321 44
85 340 44
85 351 17
85 369 81
85 377 19
85 380 22
85 391 28
85 402 26
85 417 45
85 422 76
85 431 61
85 449 27
85 456 40
85 458 71
85 462 20
85 489 98
85 495 40
85 504 71
85 511 33
85 520 77
85 528 44
85 536 100
85 546 14
85 563 29
85 566 35
85 583 22
85 588 9
85 596 97
85 604 5
85 605 33
85 613 42
85 616 65
85 618 49
85 642 85
85 653 13
85 659 29
85 665 82
85 668 2
85 670 78
85 673 77
85 676 99
85 683 82
85 712 93
85 714 22
85 731 63
85 747 5
85 750 21
85 753 5
85 773 56
85 779 1
85 787 31
85 805 39
85 811 58
85 819 57
85 826 84
85 831 100
85 858 2
85 874 85
85 886 62
85 888 66
85 892 79
85 913 39
85 914 25
85 915 57
85 924 53
85 925 39
85 926 29
85 944 61
85 946 82
85 949 75
85 963 38
85 976 26
85 983 49
85 984 31
85 991 85
86 91 58
86 92 72
86 93 76
86 110 48
86 123 13
86 131 19
86 137 60
86 145 21
86 147 4
86 148 78
86 150 5
86 151 54
86 161 43
86 170 65
86 180 9
86 182 61
86 184 56
86 189 68
86 194 78
86 204 20
86 209 43
86 220 54
86 239 60
86 243 34
86 248 40
86 264 1
86 281 7
86 283 74
86 297 70
86 298 93
86 301 12
86 303 90
86 306 83
86 334 35
86 336 86
86 339 88
86 348 68
86 350 1
86 355 81
86 371 23
86 407 67
86 415 92
86 423 14
86 424 49
86 426 76
86 430 62
86 447 84
86 457 52
86 468 24
86 470 67
86 472 8
86 486 81
86 491 84
86 513 46
86 515 84
86 516 25
86 522 38
86 523 1
86 545 91
86 564 65
86 575 71
86 594 40
86 595 35
86 597 42
86 624 11
86 639 41
86 656 35
86 662 85
86 667 95
86 677 82
86 691 87
86 692 8
86 703 32
86 710 49
86 711 87
86 723 32
86 732 93
86 733 16
86 751 76
86 754 28
86 755 46
86 779 17
86 781 64
86 793 76
86 802 98
86 803 19
86 804 27
86 817 75
86 826 50
86 833 92
86 839 49
86 840 14
86 883 12
86 890 63
86 900 96
86 906 69
86 907 61
86 920 84
86 923 25
86 931 14
86 934 85
86 939 87
86 958 28
86 964 58
86 968 95
86 975 51
86 977 12
87 88 35
87 90 12
87 106 41
87 113 66
87 116 48
87 159 41
87 165 17
87 193 13
87 195 21
87 196 77
87 198 1
87 214 100
87 232 57
87 233 10
87 244 67
87 247 33
87 253 12
87 255 65
87 258 89
87 262 32
87 268 46
87 269 88
87 274 15
87 277 49
87 288 18
87 293 79
87 295 28
87 308 96
87 309 87
87 310 26
87 318 17
87 344 64
87 352 77
87 364 2
87 366 5
87 398 12
87 403 65
87 405 60
87 406 33
87 408 60
87 411 96
87 420 30
87 437 94
87 443 9
87 459 99
87 460 77
87 463 57
87 471 90
87 476 15
87 483 45
87 492 73
87 494 25
87 503 4
87 526 30
87 534 71
87 549 71
87 552 14
87 555 38
87 567 21
87 619 59
87 620 1
87 627 88
87 628 84
87 632 77
87 636 70
87 647 21
87 661 77
87 663 87
87 671 4
87 672 5
87 689 17
87 695 38
87 724 28
87 730 46
87 734 83
87 736 46
87 741 62
87 745 92
87 746 33
87 749 99
87 752 87
87 757 19
87 767 89
87 769 36
87 775 97
87 777 9
87 789 95
87 792 61
87 796 96
87 799 10
87 830 52
87 837 97
87 848 58
87 863 66
87 866 89
87 872 83
87 875 99
87 885 49
87 902 82
87 905 62
87 927 54
87 932 5
87 936 71
87 937 53
87 938 94
87 945 56
87 954 47
87 960 37
87 986 100
87 987 97
87 988 4
87 992 92
87 998 30
88 90 24
88 102 53
88 106 25
88 113 17
88 118 81
88 133 86
88 159 97
88 165 46
88 187 61
88 193 5
88 195 73
88 198 57
88 201 38
88 232 36
88 233 49
88 244 17
88 247 24
88 255 3
88 259 90
88 268 9
88 269 75
88 274 8
88 277 29
88 286 98
88 288 74
88 302 11
88 308 72
88 309 97
88 310 15
88 318 72
88 324 96
88 344 12
88 351 48
88 352 58
88 359 63
88 360 43
88 364 33
88 366 38
88 375 66
88 401 94
88 403 90
88 405 68
88 406 7
88 411 92
88 446 59
88 459 72
88 460 81
88 466 55
88 476 36
88 483 81
88 492 13
88 494 5
88 510 90
88 512 54
88 526 52
88 534 87
88 535 25
88 549 33
88 552 56
88 555 71
88 619 22
88 620 75
88 621 11
88 628 98
88 636 66
88 647 15
88 648 60
88 661 88
88 663 54
88 671 34
88 672 66
88 682 100
88 702 18
88 704 34
88 724 89
88 729 52
88 730 54
88 734 51
88 746 5
88 752 80
88 757 32
88 764 59
88 767 87
88 769 14
88 775 51
88 777 60
88 785 39
88 787 72
88 789 74
88 792 84
88 796 88
88 798 79
88 799 44
88 810 22
88 830 46
88 837 39
88 848 18
88 853 22
88 856 34
88 863 39
88 872 1
88 873 49
88 875 17
88 885 24
88 895 31
88 902 63
88 905 84
88 922 36
88 927 67
88 932 95
88 937 52
88 945 93
88 948 87
88 954 62
88 960 44
88 961 97
88 987 42
88 992 27
89 98 49
89 104 100
89 114 65
89 136 17
89 158 93
89 178 4
89 183 80
89 186 68
89 199 11
89 211 91
89 219 9
89 221 63
89 225 79
89 227 61
89 234 95
89 240 76
89 250 85
89 253 50
89 257 84
89 272 39
89 323 86
89 327 52
89 330 100
89 335 37
89 345 48
89 385 26
89 387 11
89 395 43
89 425 88
89 427 46
89 435 24
89 436 59
89 437 32
89 441 42
89 448 2
89 453 93
89 471 82
89 498 90
89 502 10
89 503 43
89 529 62
89 530 81
89 532 81
89 538 22
89 544 36
89 551 91
89 561 69
89 568 49
89 572 57
89 581 19
89 590 27
89 600 46
89 611 54
89 623 8
89 641 88
89 651 56
89 654 14
89 678 47
89 679 60
89 684 35
89 695 48
89 713 68
89 718 100
89 720 6
89 745 61
89 756 36
89 761 36
89 782 31
89 788 97
89 797 100
89 813 55
89 816 29
89 823 49
89 824 9
89 841 16
89 844 89
89 876 43
89 891 21
89 910 61
89 912 68
89 938 37
89 962 14
89 974 99
89 979 44
89 980 16
89 990 60
89 994 42
90 106 27
90 113 55
90 116 79
90 136 68
90 153 89
90 156 33
90 159 75
90 160 98
90 165 11
90 192 82
90 195 99
90 196 64
90 198 98
90 200 7
90 214 68
90 234 7
90 253 32
90 255 45
90 258 35
90 261 46
90 262 44
90 269 24
90 277 55
90 288 14
90 295 100
90 310 89
90 318 29
90 328 42
90 329 35
90 330 61
90 335 99
90 341 77
90 344 55
90 345 95
90 364 11
90 403 93
90 405 11
90 406 79
90 408 69
90 411 96
90 420 43
90 437 72
90 441 34
90 445 73
90 450 25
90 459 32
90 460 51
90 464 13
90 467 46
90 471 79
90 476 2
90 483 75
90 492 69
90 494 21
90 503 73
90 507 45
90 521 4
90 526 71
90 549 13
90 550 3
90 555 95
90 567 10
90 586 56
90 587 37
90 600 83
90 611 42
90 627 68
90 632 94
90 634 3
90 636 33
90 647 41
90 663 59
90 671 79
90 689 69
90 695 23
90 709 7
90 716 41
90 734 27
90 741 32
90 745 61
90 749 77
90 752 33
90 756 67
90 757 33
90 761 23
90 767 99
90 769 6
90 775 37
90 782 91
90 789 84
90 792 60
90 796 50
90 798 2
90 848 2
90 863 14
90 866 91
90 869 54
90 872 71
90 875 16
90 897 47
90 927 24
90 936 91
90 938 67
90 945 16
90 947 13
90 954 51
90 960 60
90 970 64
90 972 59
90 979 95
90 985 73
90 987 91
90 993 98
90 998 49
91 93 51
91 110 12
91 123 17
91 142 71
91 147 52
91 151 8
91 189 74
91 204 57
91 208 11
91 239 30
91 243 58
91 296 29
91 297 52
91 303 24
91 306 13
91 332 28
91 334 94
91 336 5
91 338 22
91 339 66
91 342 90
91 350 76
91 384 27
91 407 76
91 409 31
91 415 21
91 426 62
91 430 49
91 457 74
91 490 38
91 491 22
91 515 35
91 523 31
91 545 48
91 564 92
91 579 57
91 594 49
91 595 38
91 597 92
91 612 4
91 667 53
91 681 89
91 691 80
91 692 83
91 703 33
91 710 13
91 717 4
91 728 73
91 737 88
91 754 25
91 755 57
91 781 68
91 786 65
91 793 98
91 802 11
91 803 97
91 806 33
91 815 31
91 817 97
91 833 29
91 861 63
91 883 25
91 906 3
91 907 53
91 909 54
91 920 27
91 923 55
91 931 39
91 953 81
91 958 57
91 964 91
91 975 16
91 995 70
92 93 40
92 110 10
92 131 58
92 137 64
92 145 33
92 148 36
92 150 31
92 161 46
92 170 14
92 171 14
92 180 39
92 184 67
92 194 41
92 209 59
92 266 85
92 271 90
92 279 4
92 281 16
92 283 100
92 285 36
92 297 87
92 298 34
92 303 2
92 339 89
92 355 3
92 356 7
92 369 95
92 371 83
92 379 54
92 391 95
92 412 61
92 423 74
92 447 44
92 462 45
92 468 46
92 469 12
92 472 11
92 486 68
92 488 81
92 491 60
92 495 39
92 511 65
92 513 66
92 522 77
92 523 80
92 546 6
92 575 18
92 577 22
92 594 59
92 595 12
92 596 59
92 605 59
92 609 38
92 616 11
92 624 44
92 630 53
92 639 41
92 656 11
92 662 68
92 665 40
92 674 82
92 677 28
92 683 27
92 703 96
92 711 55
92 732 68
92 742 51
92 781 32
92 802 15
92 826 8
92 839 69
92 840 77
92 883 31
92 890 67
92 900 98
92 906 74
92 926 79
92 931 26
92 934 32
92 939 73
92 944 95
92 949 1
92 956 8
92 958 88
92 968 80
92 975 85
92 977 8
92 982 52
93 110 32
93 123 97
93 131 42
93 145 42
93 147 24
93 150 9
93 161 62
93 170 83
93 184 86
93 189 15
93 194 35
93 204 63
93 209 18
93 243 84
93 281 40
93 283 8
93 297 56
93 298 74
93 303 14
93 334 28
93 339 14
93 350 12
93 355 95
93 371 82
93 407 66
93 412 98
93 415 28
93 423 41
93 430 97
93 447 76
93 469 9
93 491 8
93 515 60
93 522 35
93 523 79
93 545 98
93 564 68
93 594 39
93 595 80
93 624 28
93 662 17
93 667 1
93 677 94
93 692 52
93 703 77
93 710 54
93 732 49
93 754 90
93 755 82
93 781 3
93 802 75
93 839 51
93 840 12
93 883 88
93 900 64
93 906 22
93 907 87
93 931 46
93 939 91
93 956 76
93 958 34
93 964 87
93 968 28
93 975 79
93 982 11
94 100 67
94 115 32
94 122 38
94 124 28
94 127 75
94 134 2
94 140 52
94 172 3
94 175 7
94 179 4
94 193 24
94 203 18
94 207 74
94 210 1
94 215 64
94 216 12
94 231 95
94 235 2
94 237 56
94 238 87
94 241 44
94 252 95
94 267 53
94 270 90
94 273 46
94 274 60
94 280 62
94 289 12
94 290 93
94 292 56
94 293 14
94 299 57
94 312 98
94 314 25
94 315 50
94 331 95
94 349 74
94 352 39
94 354 76
94 373 12
94 383 61
94 388 91
94 397 32
94 398 4
94 400 11
94 418 22
94 443 71
94 463 16
94 475 39
94 480 55
94 482 77
94 484 56
94 487 96
94 509 31
94 518 46
94 534 19
94 539 23
94 552 64
94 570 7
94 571 89
94 574 75
94 585 37
94 619 24
94 637 86
94 638 66
94 640 5
94 658 30
94 666 72
94 680 30
94 700 100
94 708 90
94 727 98
94 731 54
94 736 97
94 740 75
94 744 82
94 748 53
94 758 56
94 765 9
94 766 84
94 774 59
94 776 85
94 778 88
94 794 4
94 812 61
94 825 75
94 829 40
94 834 83
94 845 40
94 846 62
94 849 78
94 850 61
94 858 30
94 862 92
94 881 87
94 901 46
94 908 4
94 915 95
94 917 50
94 929 75
94 935 30
94 966 39
94 986 83
94 988 98
94 996 85
95 99 14
95 117 92
95 121 15
95 122 33
95 127 28
95 139 71
95 140 35
95 167 97
95 177 84
95 179 23
95 185 91
95 191 49
95 215 43
95 216 16
95 218 27
95 231 51
95 235 24
95 241 3
95 267 29
95 270 81
95 280 72
95 290 38
95 292 68
95 299 8
95 300 46
95 312 60
95 315 10
95 319 95
95 331 90
95 340 80
95 343 87
95 349 11
95 353 88
95 374 17
95 376 59
95 390 61
95 393 8
95 400 37
95 402 15
95 418 42
95 438 42
95 475 80
95 496 85
95 501 86
95 556 12
95 571 99
95 574 26
95 599 30
95 626 74
95 638 92
95 642 57
95 644 59
95 650 72
95 658 43
95 660 13
95 664 18
95 666 6
95 669 67
95 675 43
95 676 84
95 708 8
95 743 53
95 748 13
95 753 3
95 758 51
95 771 7
95 776 8
95 794 65
95 812 56
95 819 84
95 829 2
95 834 22
95 846 58
95 850 4
95 857 25
95 858 88
95 871 50
95 894 50
95 903 83
95 913 46
95 917 6
95 940 70
95 959 17
95 967 27
95 983 19
96 102 13
96 133 55
96 137 64
96 138 2
96 182 99
96 217 31
96 220 32
96 226 93
96 232 41
96 233 40
96 245 45
96 246 88
96 247 33
96 248 22
96 251 29
96 256 92
96 264 34
96 279 97
96 282 56
96 287 12
96 302 10
96 307 86
96 308 28
96 317 9
96 324 41
96 348 91
96 351 84
96 359 92
96 366 30
96 369 76
96 377 43
96 380 16
96 401 84
96 417 95
96 422 37
96 424 67
96 449 44
96 456 100
96 458 8
96 466 10
96 470 74
96 504 67
96 510 25
96 511 83
96 513 33
96 516 95
96 528 39
96 534 68
96 535 69
96 546 13
96 575 65
96 588 60
96 605 26
96 616 69
96 619 60
96 620 5
96 628 93
96 639 24
96 640 65
96 653 97
96 656 12
96 659 97
96 665 57
96 670 24
96 673 44
96 680 25
96 683 13
96 687 91
96 704 19
96 712 68
96 723 88
96 724 24
96 729 38
96 733 45
96 746 45
96 747 17
96 750 83
96 751 98
96 774 45
96 779 84
96 787 15
96 799 2
96 804 73
96 810 48
96 811 72
96 826 45
96 827 66
96 830 70
96 837 42
96 892 12
96 895 80
96 902 71
96 905 73
96 914 7
96 924 25
96 925 49
96 932 80
96 937 85
96 961 65
96 963 9
96 984 32
96 991 10
96 992 4
97 103 43
97 105 27
97 107 58
97 112 14
97 119 27
97 126 9
97 130 47
97 132 9
97 135 5
97 143 82
97 152 83
97 155 25
97 162 50
97 169 10
97 174 34
97 181 93
97 202 25
97 205 54
97 206 78
97 213 60
97 222 98
97 223 61
97 224 95
97 228 11
97 230 56
97 236 24
97 265 36
97 304 16
97 316 93
97 320 90
97 325 64
97 326 47
97 337 82
97 357 49
97 367 21
97 381 91
97 386 50
97 389 79
97 392 17
97 399 18
97 439 74
97 440 34
97 444 37
97 455 30
97 461 83
97 465 75
97 473 41
97 474 71
97 477 77
97 479 86
97 493 6
97 497 1
97 533 45
97 537 90
97 540 42
97 541 86
97 547 7
97 548 16
97 553 67
97 557 11
97 558 99
97 560 38
97 565 66
97 569 23
97 584 86
97 589 74
97 591 11
97 607 30
97 631 29
97 633 78
97 646 30
97 652 46
97 685 7
97 686 10
97 693 98
97 694 40
97 696 76
97 697 69
97 699 55
97 705 84
97 706 90
97 719 13
97 721 67
97 762 74
97 763 39
97 768 11
97 772 23
97 784 51
97 790 37
97 808 76
97 814 56
97 820 63
97 828 45
97 835 75
97 836 12
97 847 1
97 851 7
97 859 55
97 860 98
97 865 22
97 867 58
97 868 75
97 870 81
97 877 16
97 882 67
97 893 38
97 904 100
97 921 22
97 942 65
97 943 13
97 955 59
97 965 88
97 969 36
97 971 34
97 981 29
97 989 98
97 997 47
97 999 19
98 101 52
98 104 70
98 109 16
98 144 25
98 158 17
98 163 91
98 168 59
98 178 53
98 183 63
98 186 42
98 199 82
98 211 99
98 212 44
98 240 57
98 249 8
98 250 71
98 272 47
98 291 76
98 327 90
98 335 54
98 358 56
98 362 62
98 385 69
98 387 97
98 395 73
98 421 86
98 425 29
98 427 92
98 448 13
98 452 76
98 453 97
98 498 21
98 508 31
98 530 17
98 531 81
98 532 25
98 538 71
98 542 73
98 544 48
98 551 63
98 561 60
98 568 31
98 572 67
98 576 71
98 578 4
98 590 81
98 592 63
98 629 46
98 635 56
98 641 72
98 651 44
98 678 10
98 679 34
98 713 25
98 718 33
98 722 92
98 760 60
98 797 50
98 800 8
98 813 31
98 816 79
98 818 59
98 823 23
98 838 86
98 844 93
98 876 37
98 878 37
98 884 49
98 889 7
98 898 35
98 910 63
98 912 40
98 951 14
98 957 44
98 962 42
98 974 88
99 100 38
99 117 27
99 127 68
99 139 90
99 146 53
99 167 20
99 177 11
99 179 1
99 185 59
99 215 100
99 216 81
99 218 5
99 231 84
99 241 7
99 270 71
99 273 35
99 280 11
99 290 31
99 292 19
99 312 23
99 315 46
99 319 21
99 331 39
99 343 98
99 349 76
99 353 72
99 374 97
99 376 94
99 383 68
99 390 46
99 393 24
99 400 69
99 432 33
99 438 35
99 475 27
99 482 21
99 496 44
99 501 19
99 518 57
99 539 50
99 556 95
99 571 16
99 574 77
99 585 78
99 599 6
99 626 100
99 644 35
99 650 86
99 657 2
99 660 67
99 664 54
99 669 20
99 675 16
99 700 41
99 708 5
99 743 60
99 748 94
99 758 80
99 771 75
99 776 22
99 794 99
99 812 32
99 825 2
99 829 71
99 834 46
99 846 47
99 849 30
99 850 10
99 857 69
99 871 85
99 894 71
99 903 18
99 908 24
99 917 22
99 959 81
99 967 60
100 117 29
100 124 7
100 127 3
100 139 78
100 146 74
100 179 15
100 210 49
100 215 71
100 216 64
100 231 25
100 235 90
100 241 19
100 270 59
100 273 90
100 280 83
100 289 39
100 290 88
100 292 54
100 314 72
100 315 74
100 331 11
100 343 97
100 374 98
100 383 42
100 390 30
100 393 80
100 400 20
100 432 55
100 475 48
100 482 24
100 496 70
100 518 67
100 539 34
100 556 43
100 571 75
100 574 72
100 585 77
100 626 37
100 644 94
100 650 2
100 657 71
100 666 64
100 669 94
100 700 85
100 708 41
100 715 88
100 740 7
100 744 45
100 748 89
100 758 37
100 766 57
100 771 8
100 812 97
100 825 12
100 829 1
100 834 34
100 846 12
100 849 21
100 850 14
100 857 88
100 862 41
100 881 37
100 894 4
100 908 14
100 917 46
100 929 100
100 959 19
100 967 49
100 996 26
101 104 2
101 108 91
101 109 99
101 144 39
101 163 37
101 168 64
101 173 41
101 183 28
101 211 42
101 212 22
101 249 27
101 250 82
101 291 33
101 322 72
101 358 88
101 362 37
101 368 82
101 378 92
101 387 46
101 421 17
101 427 79
101 452 41
101 485 68
101 508 74
101 519 36
101 530 3
101 531 3
101 532 41
101 538 44
101 542 15
101 544 77
101 551 59
101 559 70
101 573 10
101 576 64
101 578 68
101 590 15
101 592 28
101 601 66
101 629 17
101 635 26
101 651 3
101 679 88
101 713 66
101 718 54
101 722 71
101 725 47
101 760 71
101 800 5
101 813 39
101 818 29
101 821 22
101 838 75
101 844 11
101 852 86
101 854 43
101 864 15
101 878 2
101 880 64
101 884 45
101 889 32
101 898 44
101 912 52
101 916 75
101 930 58
101 951 87
101 957 33
101 962 29
102 118 90
102 133 41
102 159 89
102 182 81
102 187 99
102 195 18
102 201 7
102 220 54
102 232 57
102 233 94
102 245 17
102 247 68
102 248 87
102 256 10
102 259 55
102 264 74
102 268 46
102 284 85
102 286 46
102 302 70
102 308 95
102 309 39
102 311 66
102 317 75
102 318 50
102 324 12
102 348 40
102 351 82
102 359 81
102 366 10
102 375 2
102 401 32
102 411 87
102 417 91
102 424 38
102 446 72
102 458 63
102 466 52
102 470 26
102 483 33
102 494 21
102 500 16
102 510 93
102 512 13
102 516 56
102 528 89
102 535 74
102 588 71
102 620 28
102 621 76
102 628 21
102 639 18
102 648 89
102 661 61
102 663 35
102 673 46
102 682 67
102 687 6
102 704 3
102 723 8
102 724 68
102 729 49
102 730 65
102 733 68
102 734 11
102 746 32
102 747 84
102 751 42
102 764 64
102 767 35
102 775 74
102 777 61
102 779 8
102 780 33
102 787 2
102 792 36
102 793 61
102 795 27
102 799 68
102 804 34
102 810 22
102 811 63
102 827 34
102 830 96
102 837 77
102 853 8
102 856 56
102 873 27
102 892 89
102 895 74
102 902 19
102 905 93
102 922 71
102 924 69
102 928 96
102 932 90
102 937 55
102 945 28
102 961 48
102 963 10
102 984 65
102 991 30
102 992 1
103 105 57
103 107 13
103 111 53
103 112 5
103 120 95
103 125 71
103 126 30
103 128 92
103 130 19
103 135 40
103 143 25
103 149 68
103 162 23
103 169 21
103 181 16
103 188 26
103 197 80
103 202 64
103 206 16
103 224 62
103 228 95
103 242 49
103 254 45
103 275 55
103 304 71
103 305 1
103 316 84
103 326 28
103 333 90
103 337 65
103 347 15
103 363 40
103 370 76
103 381 7
103 392 8
103 394 23
103 414 99
103 429 74
103 433 48
103 439 75
103 444 32
103 451 48
103 454 30
103 461 54
103 465 49
103 473 31
103 477 85
103 493 37
103 497 38
103 506 35
103 517 42
103 524 94
103 527 26
103 537 40
103 557 88
103 558 69
103 560 100
103 562 48
103 569 56
103 591 3
103 593 91
103 603 96
103 606 17
103 615 61
103 622 52
103 631 55
103 643 48
103 649 35
103 685 87
103 686 99
103 693 20
103 694 92
103 698 78
103 701 83
103 705 43
103 721 83
103 726 87
103 739 63
103 768 35
103 772 74
103 783 85
103 784 37
103 790 23
103 791 6
103 801 20
103 807 11
103 820 13
103 828 46
103 835 99
103 836 51
103 842 30
103 847 15
103 851 25
103 859 92
103 860 23
103 868 33
103 870 26
103 882 69
103 887 67
103 893 54
103 904 82
103 911 59
103 919 78
103 921 99
103 933 52
103 942 29
103 950 88
103 952 34
103 955 17
103 965 89
103 973 57
103 978 9
103 989 98
103 997 29
104 108 4
104 109 50
104 129 17
104 136 23
104 156 28
104 158 97
104 163 20
104 173 50
104 178 46
104 183 38
104 186 13
104 199 99
104 211 63
104 212 26
104 229 89
104 234 60
104 240 38
104 249 90
104 250 65
104 272 92
104 276 77
104 291 93
104 322 65
104 327 58
104 330 85
104 335 79
104 345 26
104 358 74
104 362 6
104 368 73
104 378 92
104 385 67
104 387 72
104 395 56
104 421 63
104 425 25
104 427 34
104 437 23
104 441 68
104 445 12
104 448 43
104 452 73
104 453 29
104 464 48
104 471 93
104 485 21
104 498 75
104 508 73
104 530 93
104 531 22
104 532 98
104 538 61
104 542 99
104 544 89
104 551 57
104 559 78
104 561 25
104 568 57
104 572 73
104 573 54
104 576 100
104 578 95
104 587 40
104 590 32
104 592 49
104 600 53
104 601 74
104 611 8
104 617 86
104 629 79
104 634 93
104 635 10
104 641 41
104 645 13
104 651 2
104 678 63
104 679 14
104 709 15
104 713 43
104 718 51
104 722 27
104 741 60
104 756 14
104 760 57
104 761 99
104 797 27
104 800 46
104 813 78
104 816 71
104 818 56
104 821 27
104 823 44
104 824 95
104 838 34
104 844 70
104 854 41
104 876 19
104 878 94
104 879 86
104 884 19
104 889 25
104 898 48
104 910 92
104 912 50
104 916 92
104 947 78
104 957 49
104 962 36
104 970 41
104 972 17
104 974 77
104 979 72
104 985 63
105 107 97
105 112 36
105 119 57
105 120 35
105 126 57
105 130 43
105 135 43
105 143 77
105 152 89
105 162 72
105 169 44
105 181 35
105 202 26
105 205 43
105 206 99
105 213 40
105 222 7
105 228 34
105 236 48
105 265 11
105 304 11
105 316 36
105 320 50
105 326 23
105 337 47
105 357 68
105 361 12
105 363 43
105 367 76
105 381 82
105 386 2
105 389 58
105 392 15
105 434 86
105 439 32
105 440 45
105 451 40
105 461 10
105 465 93
105 473 6
105 474 95
105 477 88
105 479 31
105 493 12
105 497 100
105 505 17
105 506 7
105 540 89
105 541 18
105 547 57
105 557 91
105 560 43
105 565 61
105 569 89
105 591 71
105 606 97
105 607 72
105 625 50
105 633 24
105 646 12
105 649 8
105 652 23
105 655 33
105 685 74
105 693 67
105 694 78
105 696 9
105 697 5
105 699 57
105 706 85
105 719 32
105 721 4
105 762 76
105 763 55
105 768 13
105 772 21
105 784 66
105 801 96
105 808 40
105 814 15
105 828 71
105 832 10
105 835 1
105 836 39
105 842 85
105 847 47
105 851 18
105 855 41
105 859 62
105 860 80
105 865 43
105 867 86
105 868 59
105 870 70
105 882 71
105 893 56
105 899 10
105 904 98
105 921 12
105 942 41
105 965 6
105 969 34
105 989 46
105 997 48
105 999 1
106 113 61
106 116 47
106 136 50
106 153 37
106 156 26
106 159 9
106 160 56
106 165 16
106 192 47
106 195 93
106 196 78
106 198 13
106 200 61
106 214 79
106 234 17
106 253 88
106 255 92
106 258 15
106 261 55
106 262 90
106 269 17
106 275 57
106 277 62
106 288 75
106 295 45
106 310 96
106 318 90
106 328 99
106 329 94
106 335 77
106 341 13
106 344 70
106 345 43
106 364 79
106 403 41
106 405 17
106 406 21
106 411 2
106 420 10
106 437 68
106 441 2
106 445 52
106 450 87
106 459 44
106 460 36
106 464 57
106 467 38
106 471 88
106 476 16
106 483 34
106 494 23
106 503 65
106 507 23
106 521 99
106 526 65
106 549 52
106 550 97
106 555 14
106 567 20
106 586 25
106 587 25
106 600 78
106 608 5
106 611 31
106 627 29
106 632 97
106 634 62
106 636 36
106 647 31
106 671 90
106 689 73
106 695 51
106 709 48
106 716 1
106 734 19
106 741 81
106 745 100
106 752 79
106 756 53
106 757 46
106 761 29
106 767 35
106 769 76
106 775 91
106 782 20
106 789 26
106 792 90
106 796 40
106 798 53
106 848 3
106 863 36
106 866 4
106 869 31
106 872 33
106 875 36
106 897 94
106 927 9
106 936 22
106 938 82
106 945 96
106 947 86
106 954 37
106 960 34
106 970 48
106 972 36
106 979 84
106 985 21
106 987 26
106 993 84
106 998 43
107 112 6
107 119 100
107 120 30
107 126 59
107 130 70
107 135 3
107 143 94
107 152 93
107 162 85
107 169 72
107 181 20
107 202 68
107 206 50
107 213 11
107 222 79
107 228 27
107 236 66
107 265 48
107 304 14
107 320 40
107 326 77
107 337 43
107 357 61
107 361 91
107 363 91
107 381 2
107 386 90
107 392 17
107 413 68
107 434 2
107 439 29
107 440 71
107 451 28
107 461 20
107 465 18
107 473 41
107 474 29
107 477 81
107 479 36
107 493 82
107 505 24
107 506 48
107 517 14
107 540 56
107 541 17
107 557 90
107 560 55
107 565 30
107 569 67
107 591 82
107 606 70
107 607 13
107 625 85
107 633 15
107 649 49
107 652 81
107 655 47
107 685 7
107 693 69
107 694 72
107 696 55
107 697 61
107 699 40
107 706 46
107 719 45
107 721 31
107 762 28
107 763 57
107 768 50
107 772 18
107 784 44
107 801 31
107 808 54
107 814 9
107 828 66
107 832 31
107 835 94
107 836 78
107 842 40
107 847 65
107 851 50
107 855 57
107 859 81
107 860 89
107 865 90
107 867 7
107 868 77
107 870 40
107 882 3
107 893 51
107 899 3
107 904 14
107 921 58
107 942 32
107 952 49
107 965 83
107 969 42
107 997 74
107 999 58
108 129 62
108 136 24
108 141 3
108 149 12
108 153 48
108 154 13
108 156 88
108 157 91
108 160 6
108 164 12
108 166 97
108 173 20
108 176 31
108 183 23
108 192 8
108 196 64
108 200 95
108 212 12
108 229 88
108 261 3
108 263 57
108 276 50
108 291 22
108 313 17
108 322 49
108 341 81
108 368 12
108 378 9
108 404 69
108 416 95
108 421 97
108 428 89
108 445 58
108 450 16
108 452 70
108 464 62
108 467 41
108 481 40
108 485 34
108 499 30
108 507 5
108 508 83
108 519 13
108 530 66
108 531 62
108 538 33
108 543 37
108 550 93
108 559 69
108 573 39
108 576 86
108 578 22
108 586 28
108 587 45
108 598 70
108 601 86
108 602 87
108 610 81
108 614 77
108 617 42
108 645 82
108 690 99
108 709 59
108 713 90
108 716 36
108 722 79
108 725 23
108 735 21
108 759 93
108 760 90
108 800 72
108 809 60
108 821 25
108 822 95
108 838 54
108 843 37
108 852 60
108 854 25
108 864 71
108 878 61
108 879 53
108 880 75
108 897 58
108 912 98
108 916 71
108 930 26
108 941 12
108 947 99
108 970 8
108 972 85
108 985 50
108 993 78
109 144 21
109 158 93
109 163 71
109 168 63
109 173 61
109 183 99
109 211 19
109 212 23
109 240 69
109 249 36
109 250 3
109 358 59
109 362 31
109 378 35
109 387 84
109 421 35
109 427 55
109 452 33
109 530 96
109 532 82
109 542 45
109 544 72
109 551 5
109 576 98
109 578 27
109 590 86
109 592 93
109 629 34
109 635 94
109 651 59
109 678 9
109 679 6
109 718 63
109 722 100
109 760 22
109 797 91
109 800 46
109 813 24
109 818 16
109 838 100
109 844 62
109 854 41
109 878 4
109 884 85
109 889 82
109 898 72
109 912 74
109 951 67
109 957 83
109 962 39
110 123 39
110 131 57
110 137 72
110 145 82
110 147 2
110 148 41
110 150 95
110 151 21
110 161 41
110 170 11
110 180 31
110 184 34
110 189 62
110 194 24
110 204 68
110 209 88
110 220 9
110 243 60
110 248 37
110 264 84
110 281 66
110 283 6
110 297 77
110 298 33
110 301 38
110 303 46
110 334 28
110 336 23
110 339 20
110 350 13
110 355 78
110 371 72
110 407 33
110 415 40
110 423 84
110 424 93
110 426 5
110 430 92
110 447 88
110 457 44
110 468 25
110 469 3
110 470 14
110 472 78
110 486 47
110 488 38
110 491 95
110 513 4
110 515 79
110 522 35
110 523 40
110 545 10
110 564 92
110 575 93
110 594 20
110 595 16
110 597 59
110 624 91
110 639 24
110 656 90
110 662 42
110 667 99
110 677 51
110 691 42
110 703 55
110 710 59
110 711 29
110 723 42
110 732 46
110 733 2
110 742 87
110 751 61
110 754 91
110 755 1
110 779 11
110 781 60
110 793 14
110 802 35
110 803 73
110 804 19
110 817 89
110 826 59
110 833 82
110 839 64
110 840 38
110 883 82
110 890 71
110 900 82
110 906 37
110 907 91
110 920 34
110 923 75
110 931 84
110 934 88
110 939 29
110 956 78
110 958 96
110 964 93
110 968 8
110 975 97
110 977 6
111 112 4
111 125 80
111 126 41
111 128 52
111 130 39
111 143 24
111 149 34
111 162 14
111 166 18
111 181 3
111 188 73
111 192 5
111 197 72
111 202 78
111 223 12
111 224 64
111 242 56
111 254 12
111 275 44
111 304 84
111 305 6
111 313 8
111 316 79
111 326 10
111 328 37
111 329 97
111 333 26
111 341 87
111 347 28
111 370 88
111 381 65
111 392 2
111 394 18
111 404 65
111 414 32
111 428 53
111 429 37
111 433 22
111 439 22
111 444 61
111 454 54
111 465 44
111 467 31
111 497 67
111 506 59
111 521 11
111 524 95
111 527 10
111 537 32
111 555 62
111 557 13
111 558 2
111 560 85
111 562 68
111 569 66
111 580 45
111 582 23
111 586 9
111 593 81
111 603 13
111 606 16
111 608 80
111 615 25
111 622 65
111 631 83
111 643 70
111 685 33
111 686 43
111 694 89
111 698 93
111 701 3
111 705 79
111 726 46
111 739 67
111 768 66
111 772 24
111 783 87
111 784 58
111 785 45
111 790 50
111 791 82
111 801 59
111 807 16
111 820 22
111 822 64
111 828 71
111 835 30
111 836 66
111 842 66
111 859 79
111 860 68
111 869 61
111 870 15
111 882 36
111 887 65
111 904 14
111 911 85
111 919 34
111 921 16
111 941 24
111 942 41
111 943 48
111 950 9
111 955 64
111 971 63
111 973 55
111 978 72
111 989 64
111 993 46
111 997 44
112 126 52
112 130 10
112 132 38
112 135 67
112 143 84
112 155 10
112 162 85
112 169 22
112 181 100
112 197 90
112 202 73
112 205 30
112 206 6
112 223 64
112 224 91
112 228 36
112 230 74
112 236 88
112 254 9
112 265 73
112 275 54
112 304 59
112 305 21
112 316 85
112 320 59
112 325 17
112 326 82
112 333 77
112 337 89
112 357 80
112 360 68
112 363 29
112 367 73
112 370 8
112 381 32
112 386 41
112 389 84
112 392 41
112 429 39
112 433 7
112 439 67
112 444 50
112 455 73
112 461 47
112 465 98
112 473 8
112 474 94
112 477 10
112 493 61
112 497 90
112 506 37
112 514 8
112 527 38
112 533 56
112 537 16
112 547 17
112 548 25
112 557 49
112 558 51
112 560 57
112 562 58
112 569 81
112 580 90
112 582 36
112 589 89
112 591 94
112 606 78
112 607 24
112 608 96
112 622 9
112 631 75
112 685 60
112 686 10
112 693 100
112 694 79
112 698 44
112 699 43
112 702 88
112 705 13
112 706 54
112 719 91
112 721 52
112 763 86
112 768 55
112 772 70
112 783 41
112 784 27
112 785 68
112 790 99
112 791 62
112 801 50
112 807 35
112 820 59
112 828 69
112 835 4
112 836 9
112 842 67
112 847 63
112 851 41
112 859 47
112 860 89
112 865 55
112 867 55
112 868 100
112 870 68
112 877 95
112 882 40
112 887 7
112 893 52
112 904 46
112 911 91
112 921 45
112 942 39
112 943 89
112 948 91
112 955 88
112 965 49
112 971 57
112 973 14
112 978 78
112 989 96
112 997 71
112 999 22
113 116 17
113 118 75
113 159 66
113 160 89
113 165 20
113 187 12
113 195 31
113 196 68
113 198 61
113 200 51
113 201 74
113 214 38
113 232 27
113 244 50
113 247 52
113 255 61
113 258 2
113 262 64
113 268 89
113 269 83
113 275 29
113 277 51
113 286 61
113 288 9
113 295 80
113 308 8
113 309 37
113 310 15
113 318 13
113 324 39
113 328 98
113 329 64
113 341 77
113 344 20
113 360 40
113 364 45
113 375 70
113 403 95
113 405 16
113 406 73
113 411 56
113 420 69
113 450 73
113 459 6
113 460 33
113 476 96
113 483 18
113 492 85
113 494 13
113 512 13
113 521 60
113 526 97
113 549 60
113 552 36
113 555 13
113 562 51
113 567 3
113 608 36
113 620 35
113 627 44
113 628 57
113 632 31
113 636 87
113 647 80
113 661 41
113 663 24
113 671 46
113 672 75
113 689 85
113 704 41
113 724 36
113 730 91
113 734 22
113 741 22
113 745 41
113 746 2
113 749 63
113 752 46
113 757 72
113 764 50
113 767 76
113 769 37
113 775 67
113 777 80
113 785 55
113 789 43
113 792 88
113 796 13
113 798 83
113 799 71
113 810 75
113 830 29
113 837 52
113 848 40
113 853 62
113 863 52
113 866 51
113 869 68
113 872 58
113 875 30
113 885 100
113 902 15
113 905 57
113 922 42
113 927 41
113 932 100
113 936 74
113 937 100
113 945 82
113 954 50
113 960 46
113 978 19
113 987 89
113 992 65
113 998 34
114 203 9
114 210 9
114 219 99
114 221 13
114 225 73
114 227 97
114 234 69
114 237 19
114 253 84
114 257 57
114 258 75
114 260 17
114 262 85
114 272 83
114 273 9
114 293 51
114 314 58
114 323 93
114 330 5
114 345 2
114 365 18
114 385 92
114 388 1
114 396 42
114 397 4
114 398 73
114 408 33
114 410 83
114 425 6
114 435 44
114 436 97
114 437 54
114 441 60
114 442 28
114 448 68
114 453 19
114 463 5
114 478 86
114 498 18
114 502 58
114 525 68
114 529 67
114 554 41
114 561 67
114 567 11
114 568 97
114 570 8
114 581 93
114 623 99
114 627 83
114 637 35
114 641 44
114 654 57
114 684 63
114 688 43
114 695 44
114 707 89
114 720 71
114 736 43
114 740 11
114 744 85
114 761 28
114 765 11
114 766 100
114 770 93
114 778 16
114 782 49
114 788 67
114 824 72
114 841 21
114 862 46
114 891 26
114 896 24
114 938 79
114 974 44
114 980 75
114 990 96
114 994 37
114 996 83
115 122 98
115 124 25
115 134 31
115 138 28
115 140 74
115 172 74
115 175 44
115 179 67
115 193 89
115 195 25
115 203 36
115 207 11
115 210 38
115 214 41
115 216 24
115 232 74
115 233 72
115 235 13
115 237 38
115 238 79
115 244 84
115 245 34
115 252 41
115 258 79
115 262 13
115 267 52
115 269 21
115 274 5
115 277 53
115 280 24
115 287 87
115 289 99
115 292 9
115 293 3
115 299 88
115 314 5
115 315 72
115 331 63
115 352 59
115 354 23
115 366 49
115 373 35
115 383 56
115 388 88
115 397 80
115 398 25
115 400 56
115 406 72
115 408 62
115 418 25
115 443 88
115 463 55
115 480 20
115 484 54
115 487 18
115 492 50
115 509 1
115 534 16
115 552 42
115 554 36
115 570 29
115 571 54
115 574 70
115 619 77
115 636 67
115 637 53
115 638 3
115 640 51
115 647 93
115 658 60
115 663 100
115 666 85
115 671 60
115 672 73
115 680 38
115 688 96
115 724 86
115 727 87
115 731 67
115 736 60
115 740 78
115 744 32
115 749 52
115 758 61
115 765 83
115 766 90
115 770 51
115 774 54
115 778 85
115 796 51
115 825 54
115 830 62
115 834 46
115 845 93
115 858 30
115 862 63
115 875 5
115 881 41
115 885 96
115 901 3
115 905 38
115 908 9
115 914 7
115 915 47
115 927 29
115 929 78
115 935 38
115 945 58
115 960 20
115 963 48
115 966 18
115 986 55
115 987 12
115 988 74
115 991 41
115 992 91
115 996 81
115 998 21
116 129 76
116 136 28
116 141 33
116 153 16
116 156 23
116 159 56
116 160 6
116 165 53
116 166 65
116 192 6
116 196 3
116 198 91
116 200 77
116 214 70
116 229 95
116 234 90
116 253 13
116 255 66
116 261 35
116 262 12
116 263 44
116 275 7
116 276 3
116 277 44
116 288 58
116 291 52
116 295 48
116 310 31
116 318 35
116 327 67
116 328 25
116 329 33
116 335 66
116 341 20
116 344 56
116 345 81
116 364 84
116 403 69
116 405 35
116 406 54
116 420 50
116 437 50
116 441 43
116 445 73
116 450 59
116 459 10
116 460 38
116 464 69
116 467 33
116 471 11
116 476 43
116 499 56
116 503 56
116 507 45
116 508 72
116 521 71
116 526 23
116 527 18
116 531 33
116 538 30
116 549 63
116 550 63
116 555 76
116 559 97
116 567 64
116 586 95
116 587 100
116 593 11
116 600 87
116 611 14
116 617 73
116 627 90
116 632 85
116 634 81
116 645 53
116 671 60
116 689 72
116 698 17
116 709 26
116 713 67
116 716 92
116 741 89
116 745 69
116 752 55
116 756 19
116 757 15
116 761 65
116 767 39
116 769 47
116 783 85
116 789 72
116 791 12
116 792 11
116 796 81
116 843 87
116 848 75
116 863 13
116 866 18
116 869 51
116 872 64
116 879 31
116 897 4
116 927 46
116 936 36
116 938 84
116 947 93
116 954 20
116 960 70
116 970 83
116 972 96
116 979 90
116 985 7
116 993 75
116 998 24
117 121 13
117 122 10
117 127 44
117 139 77
117 140 1
117 146 14
117 167 86
117 177 14
117 179 50
117 185 46
117 215 33
117 216 42
117 218 12
117 231 23
117 235 24
117 241 68
117 267 100
117 270 23
117 280 71
117 290 56
117 292 25
117 312 55
117 315 7
117 319 67
117 331 30
117 343 54
117 349 35
117 353 21
117 374 58
117 376 30
117 390 93
117 393 28
117 400 9
117 432 83
117 438 100
117 475 16
117 496 23
117 501 95
117 556 22
117 571 68
117 574 62
117 585 47
117 599 48
117 626 11
117 644 19
117 650 62
117 657 35
117 660 85
117 664 79
117 666 33
117 669 21
117 675 81
117 708 49
117 743 55
117 748 13
117 758 99
117 771 24
117 776 12
117 794 64
117 812 49
117 829 2
117 834 97
117 846 23
117 849 38
117 850 40
117 857 90
117 858 24
117 871 18
117 894 85
117 903 12
117 917 33
117 940 79
117 959 7
117 967 19
117 983 87
118 132 46
118 133 97
118 155 55
118 159 88
118 174 44
118 182 17
118 187 18
118 201 15
118 205 73
118 223 16
118 224 44
118 230 33
118 239 43
118 247 60
118 248 81
118 256 71
118 259 58
118 264 14
118 268 32
118 284 96
118 286 59
118 288 78
118 302 95
118 308 85
118 309 36
118 310 67
118 311 82
118 318 100
118 324 6
118 325 31
118 338 74
118 346 2
118 348 46
118 359 45
118 360 1
118 367 6
118 372 68
118 375 3
118 384 68
118 401 28
118 405 32
118 409 13
118 411 54
118 419 96
118 424 50
118 446 33
118 455 19
118 459 89
118 466 76
118 483 15
118 494 20
118 497 21
118 500 22
118 510 63
118 512 76
118 514 10
118 533 16
118 535 34
118 547 73
118 548 32
118 555 64
118 558 32
118 562 50
118 580 38
118 582 70
118 589 25
118 608 73
118 620 44
118 621 34
118 628 87
118 648 65
118 661 20
118 682 1
118 691 61
118 702 15
118 704 74
118 705 28
118 723 3
118 729 58
118 730 14
118 734 81
118 738 77
118 746 4
118 757 70
118 764 76
118 767 46
118 775 19
118 777 91
118 780 71
118 784 8
118 785 68
118 792 27
118 793 57
118 795 93
118 798 33
118 799 3
118 810 79
118 815 1
118 827 47
118 837 23
118 853 36
118 856 31
118 873 22
118 877 40
118 902 91
118 918 48
118 920 24
118 922 8
118 928 29
118 932 79
118 937 12
118 943 30
118 948 83
118 961 84
118 971 85
118 989 65
119 135 39
119 152 70
119 169 45
119 181 56
119 206 18
119 213 94
119 222 1
119 228 46
119 236 53
119 265 88
119 304 79
119 320 15
119 326 95
119 337 37
119 357 40
119 361 9
119 386 89
119 413 91
119 440 71
119 451 26
119 461 71
119 473 46
119 474 7
119 477 68
119 479 12
119 493 33
119 505 11
119 540 14
119 541 65
119 560 13
119 565 68
119 591 56
119 607 19
119 625 16
119 633 7
119 652 58
119 655 72
119 685 47
119 693 43
119 696 66
119 697 74
119 699 9
119 706 99
119 719 97
119 721 31
119 762 60
119 763 53
119 808 4
119 814 39
119 828 100
119 832 79
119 847 50
119 851 66
119 855 33
119 859 78
119 860 79
119 865 17
119 867 25
119 868 96
119 870 70
119 893 29
119 899 21
119 965 93
119 969 5
119 997 42
119 999 56
120 126 45
120 130 19
120 135 17
120 181 7
120 206 84
120 222 64
120 228 44
120 326 55
120 337 99
120 361 62
120 363 2
120 370 77
120 381 87
120 382 63
120 392 33
120 413 73
120 414 95
120 433 90
120 434 24
120 451 57
120 461 33
120 473 58
120 505 96
120 506 36
120 517 68
120 524 76
120 540 53
120 560 11
120 565 67
120 606 31
120 615 81
120 622 69
120 625 52
120 649 43
120 655 99
120 685 81
120 693 14
120 694 94
120 696 45
120 721 27
120 768 19
120 801 36
120 828 35
120 832 98
120 835 41
120 842 61
120 847 70
120 851 67
120 855 72
120 859 34
120 882 21
120 893 32
120 899 2
120 904 37
120 921 88
120 933 69
120 952 97
120 965 63
120 973 99
120 997 21
121 122 44
121 124 8
121 127 94
121 134 88
121 138 93
121 139 64
121 140 85
121 167 18
121 172 39
121 177 16
121 179 95
121 191 3
121 215 52
121 217 79
121 218 37
121 231 17
121 235 20
121 238 73
121 241 58
121 246 98
121 267 77
121 278 28
121 280 78
121 290 19
121 292 87
121 294 32
121 299 99
121 300 1
121 312 84
121 315 80
121 331 40
121 340 29
121 343 78
121 349 22
121 353 96
121 354 43
121 376 28
121 377 82
121 390 83
121 400 95
121 402 55
121 418 34
121 438 37
121 475 8
121 487 13
121 496 56
121 509 51
121 563 69
121 571 42
121 574 43
121 599 34
121 604 77
121 613 50
121 638 16
121 642 8
121 644 14
121 658 89
121 664 69
121 666 42
121 669 81
121 670 56
121 675 62
121 676 100
121 708 18
121 714 13
121 731 46
121 743 67
121 748 35
121 750 11
121 753 90
121 758 90
121 771 50
121 773 75
121 776 54
121 794 3
121 812 47
121 819 72
121 829 84
121 831 75
121 834 74
121 850 72
121 857 95
121 858 99
121 874 57
121 894 81
121 903 97
121 913 25
121 914 28
121 915 38
121 929 49
121 935 8
121 940 16
121 983 21
122 124 37
122 127 36
122 134 52
122 138 46
122 139 22
122 140 79
122 167 13
122 172 28
122 175 12
122 177 9
122 179 23
122 191 7
122 207 98
122 215 38
122 216 62
122 217 63
122 218 40
122 231 7
122 235 66
122 238 18
122 241 15
122 246 86
122 251 46
122 252 98
122 267 69
122 270 25
122 278 12
122 280 55
122 287 95
122 289 37
122 290 89
122 292 57
122 294 27
122 299 52
122 300 4
122 307 98
122 312 60
122 315 40
122 331 43
122 340 31
122 349 94
122 353 40
122 354 72
122 373 64
122 376 70
122 377 12
122 390 90
122 400 75
122 402 69
122 418 50
122 438 56
122 456 21
122 475 90
122 484 82
122 487 90
122 504 62
122 509 54
122 534 10
122 571 48
122 574 53
122 599 84
122 604 42
122 638 36
122 640 88
122 642 47
122 658 65
122 659 24
122 664 30
122 666 24
122 670 38
122 675 21
122 676 54
122 680 3
122 708 67
122 712 40
122 714 2
122 727 85
122 731 72
122 743 15
122 748 40
122 750 12
122 753 85
122 758 24
122 773 100
122 774 34
122 776 43
122 794 9
122 812 23
122 819 100
122 829 42
122 831 33
122 834 22
122 845 59
122 846 30
122 857 95
122 858 16
122 874 85
122 881 34
122 903 8
122 913 11
122 914 70
122 915 38
122 917 20
122 929 75
122 935 13
122 940 60
122 963 31
122 983 82
122 991 1
123 131 89
123 145 90
123 147 16
123 151 46
123 182 16
123 189 60
123 204 14
123 208 54
123 220 35
123 239 63
123 243 14
123 248 22
123 264 86
123 281 63
123 296 30
123 297 35
123 301 53
123 303 92
123 306 9
123 311 100
123 332 45
123 334 46
123 336 33
123 338 31
123 342 17
123 346 75
123 350 17
123 384 56
123 407 52
123 409 48
123 415 69
123 419 70
123 424 31
123 426 17
123 430 31
123 457 48
123 490 28
123 491 81
123 500 59
123 515 51
123 522 49
123 523 69
123 545 46
123 553 91
123 564 52
123 579 69
123 594 93
123 595 13
123 597 92
123 612 54
123 667 56
123 681 70
123 691 23
123 692 45
123 703 60
123 710 13
123 717 77
123 723 93
123 728 13
123 732 56
123 737 57
123 751 26
123 754 52
123 755 12
123 781 88
123 786 9
123 793 59
123 802 15
123 803 56
123 804 59
123 806 27
123 815 62
123 817 51
123 827 81
123 833 28
123 861 27
123 883 59
123 890 9
123 906 65
123 907 68
123 909 100
123 918 74
123 920 41
123 923 100
123 928 38
123 931 72
123 953 56
123 958 41
123 964 39
123 968 88
123 975 17
123 995 69
124 127 43
124 134 25
124 138 68
124 140 8
124 172 85
124 175 69
124 179 64
124 193 18
124 203 52
124 207 62
124 210 75
124 215 99
124 216 64
124 231 81
124 232 15
124 235 43
124 237 26
124 238 5
124 241 2
124 244 11
124 252 64
124 267 51
124 270 28
124 273 19
124 274 72
124 280 86
124 287 20
124 289 65
124 290 13
124 292 24
124 293 56
124 299 28
124 300 24
124 312 79
124 314 42
124 315 40
124 331 88
124 340 62
124 349 74
124 352 76
124 354 95
124 366 74
124 373 20
124 383 29
124 388 6
124 397 51
124 398 94
124 400 14
124 418 4
124 443 48
124 475 61
124 480 22
124 484 33
124 487 1
124 492 79
124 509 81
124 518 49
124 534 13
124 539 31
124 552 14
124 571 26
124 574 47
124 619 79
124 637 26
124 638 58
124 640 15
124 642 16
124 658 23
124 664 13
124 666 30
124 672 11
124 680 31
124 700 40
124 727 36
124 731 40
124 736 14
124 740 10
124 744 87
124 748 100
124 749 76
124 753 96
124 758 7
124 765 14
124 766 94
124 774 87
124 776 50
124 778 40
124 794 73
124 819 80
124 825 36
124 830 76
124 834 36
124 845 93
124 846 36
124 849 51
124 858 75
124 862 86
124 881 18
124 885 62
124 901 96
124 908 89
124 914 34
124 915 48
124 917 27
124 929 4
124 935 13
124 963 11
124 966 100
124 986 85
124 988 34
124 991 5
124 992 40
124 996 67
125 126 33
125 128 90
125 130 4
125 149 44
125 157 63
125 164 96
125 166 37
125 188 71
125 197 86
125 242 74
125 254 96
125 313 97
125 316 42
125 333 10
125 347 25
125 363 56
125 370 64
125 381 84
125 392 8
125 394 100
125 404 88
125 414 37
125 416 13
125 428 81
125 429 7
125 433 96
125 444 69
125 454 36
125 467 9
125 506 95
125 517 4
125 524 96
125 527 99
125 537 7
125 557 51
125 593 24
125 598 6
125 602 17
125 603 91
125 606 94
125 610 49
125 615 46
125 622 16
125 643 43
125 686 58
125 690 77
125 694 29
125 698 6
125 701 52
125 726 97
125 735 26
125 739 61
125 768 67
125 783 13
125 790 68
125 791 48
125 801 56
125 807 50
125 822 38
125 835 45
125 836 12
125 842 59
125 843 49
125 882 99
125 887 16
125 904 76
125 911 66
125 919 3
125 921 7
125 933 98
125 941 64
125 950 7
125 952 32
125 955 31
125 973 22
126 130 59
126 135 84
126 143 45
126 162 70
126 169 42
126 181 49
126 197 33
126 202 58
126 205 63
126 206 97
126 223 21
126 224 18
126 228 50
126 236 98
126 254 30
126 265 90
126 275 82
126 304 78
126 305 3
126 316 56
126 320 97
126 325 95
126 326 84
126 333 45
126 337 58
126 357 1
126 363 37
126 367 95
126 370 90
126 381 1
126 386 39
126 392 15
126 429 31
126 433 58
126 439 47
126 444 63
126 451 19
126 454 52
126 461 82
126 465 100
126 473 88
126 474 27
126 477 30
126 493 60
126 497 69
126 506 72
126 517 39
126 527 7
126 537 90
126 548 8
126 557 24
126 558 25
126 560 40
126 562 79
126 569 77
126 580 19
126 582 55
126 589 11
126 591 96
126 593 71
126 606 84
126 607 50
126 608 13
126 615 74
126 622 68
126 631 28
126 643 72
126 649 92
126 685 84
126 686 8
126 693 42
126 694 69
126 698 18
126 705 16
126 706 83
126 721 83
126 726 25
126 739 37
126 763 59
126 768 13
126 772 83
126 783 85
126 784 90
126 790 95
126 791 85
126 801 26
126 807 10
126 820 64
126 828 50
126 835 16
126 836 50
126 842 59
126 847 29
126 851 8
126 859 76
126 860 54
126 867 22
126 868 86
126 870 86
126 877 39
126 882 75
126 887 45
126 893 41
126 904 3
126 911 40
126 921 87
126 942 96
126 943 21
126 952 22
126 955 94
126 965 37
126 971 62
126 973 72
126 978 58
126 989 53
126 997 12
126 999 28
127 139 39
127 140 54
127 167 16
127 177 72
127 179 62
127 185 100
127 215 6
127 216 76
127 218 52
127 231 46
127 235 81
127 241 49
127 267 67
127 270 41
127 280 23
127 290 89
127 292 18
127 299 40
127 300 74
127 312 94
127 315 14
127 319 84
127 331 39
127 340 65
127 343 66
127 349 71
127 353 44
127 354 37
127 374 3
127 376 40
127 390 77
127 393 76
127 400 80
127 402 98
127 418 21
127 438 19
127 475 2
127 487 16
127 496 47
127 501 37
127 556 40
127 571 5
127 574 33
127 585 21
127 599 99
127 626 78
127 638 88
127 642 71
127 644 100
127 650 37
127 658 51
127 660 66
127 664 61
127 666 58
127 669 87
127 675 92
127 708 61
127 743 78
127 748 14
127 753 72
127 758 87
127 771 12
127 776 46
127 794 85
127 812 19
127 829 15
127 834 43
127 846 89
127 849 79
127 850 26
127 857 3
127 858 60
127 871 12
127 894 7
127 903 83
127 913 22
127 917 33
127 929 60
127 935 83
127 940 79
127 959 33
127 967 67
127 983 97
128 149 53
128 154 97
128 157 47
128 164 98
128 166 41
128 188 73
128 197 46
128 242 4
128 254 51
128 313 30
128 316 23
128 333 23
128 347 80
128 370 9
128 381 29
128 392 19
128 394 31
128 404 34
128 414 14
128 416 66
128 428 52
128 429 75
128 433 48
128 444 33
128 454 27
128 467 76
128 506 82
128 517 21
128 524 68
128 527 8
128 543 8
128 593 82
128 598 48
128 602 71
128 603 4
128 606 82
128 610 55
128 615 19
128 622 90
128 643 2
128 686 88
128 690 45
128 694 85
128 698 61
128 701 1
128 726 15
128 735 39
128 739 13
128 768 85
128 790 12
128 791 24
128 801 77
128 807 29
128 822 7
128 835 98
128 836 59
128 842 76
128 843 4
128 882 91
128 887 80
128 904 80
128 911 21
128 919 1
128 941 59
128 950 68
128 952 94
128 955 72
128 973 39
129 136 33
129 141 10
129 149 33
129 153 80
129 154 91
129 156 50
129 157 4
129 160 49
129 164 13
129 166 17
129 173 11
129 176 4
129 183 4
129 192 65
129 196 73
129 200 25
129 212 9
129 229 43
129 242 81
129 261 1
129 263 42
129 276 80
129 291 21
129 313 41
129 322 97
129 328 92
129 329 51
129 341 97
129 347 66
129 368 7
129 378 27
129 404 51
129 416 30
129 428 99
129 445 98
129 450 91
129 452 59
129 454 10
129 464 100
129 467 32
129 481 73
129 485 91
129 499 85
129 507 11
129 508 10
129 519 83
129 521 55
129 527 41
129 530 71
129 531 82
129 538 56
129 543 73
129 550 13
129 559 84
129 573 81
129 578 95
129 586 69
129 587 48
129 593 50
129 598 82
129 601 51
129 602 64
129 610 43
129 614 60
129 617 76
129 634 49
129 645 85
129 690 64
129 709 43
129 713 30
129 716 50
129 722 26
129 725 2
129 726 30
129 735 14
129 759 74
129 791 22
129 809 96
129 821 47
129 822 52
129 838 43
129 843 92
129 852 43
129 854 84
129 864 53
129 866 98
129 869 84
129 878 8
129 879 92
129 880 15
129 897 86
129 912 45
129 916 82
129 930 67
129 936 35
129 941 61
129 947 14
129 970 25
129 972 90
129 985 36
129 993 4
130 135 62
130 143 74
130 162 56
130 169 94
130 181 29
130 197 86
130 202 17
130 205 18
130 206 70
130 222 62
130 224 12
130 228 84
130 236 38
130 254 62
130 265 14
130 304 50
130 305 3
130 316 27
130 320 64
130 326 94
130 333 35
130 337 57
130 357 46
130 361 1
130 363 11
130 370 14
130 381 35
130 386 87
130 392 60
130 414 95
130 429 66
130 433 70
130 439 11
130 444 32
130 451 67
130 461 54
130 465 88
130 473 93
130 474 54
130 477 78
130 493 23
130 497 16
130 506 41
130 517 96
130 524 46
130 537 23
130 540 46
130 541 17
130 557 44
130 558 100
130 560 8
130 562 48
130 565 49
130 569 88
130 591 4
130 606 84
130 607 38
130 615 99
130 622 28
130 631 63
130 643 58
130 649 4
130 685 87
130 686 13
130 693 16
130 694 14
130 696 29
130 705 74
130 706 42
130 721 92
130 739 59
130 768 96
130 772 26
130 783 52
130 784 30
130 790 59
130 801 50
130 807 70
130 820 96
130 828 38
130 835 70
130 836 83
130 842 21
130 847 5
130 851 43
130 859 69
130 860 8
130 867 53
130 868 1
130 870 70
130 882 29
130 887 71
130 893 60
130 904 61
130 911 77
130 921 5
130 933 29
130 942 3
130 943 35
130 952 8
130 955 43
130 965 62
130 973 10
130 978 76
130 989 50
130 997 74
130 999 17
131 137 63
131 145 28
131 147 6
131 148 8
131 150 19
131 151 42
131 161 75
131 170 32
131 180 9
131 184 45
131 189 71
131 194 24
131 204 71
131 209 35
131 220 96
131 243 93
131 248 56
131 264 23
131 266 37
131 281 14
131 283 48
131 297 60
131 298 45
131 301 8
131 303 55
131 334 44
131 336 14
131 339 69
131 350 57
131 355 4
131 371 63
131 407 40
131 415 67
131 423 49
131 424 22
131 426 19
131 447 28
131 468 81
131 469 1
131 470 72
131 472 70
131 486 18
131 488 67
131 491 57
131 495 24
131 513 22
131 515 36
131 522 97
131 523 67
131 545 68
131 564 23
131 575 17
131 577 28
131 594 53
131 595 70
131 609 34
131 616 1
131 624 35
131 639 50
131 656 60
131 662 2
131 667 58
131 674 64
131 677 6
131 691 10
131 703 50
131 710 5
131 711 91
131 732 17
131 733 5
131 742 18
131 751 41
131 754 11
131 755 69
131 779 24
131 781 54
131 793 17
131 802 68
131 804 94
131 817 27
131 826 74
131 833 4
131 839 59
131 840 8
131 883 96
131 890 56
131 900 34
131 906 52
131 907 47
131 923 77
131 931 93
131 934 20
131 939 96
131 956 56
131 958 5
131 964 58
131 968 66
131 975 46
131 977 67
132 133 26
132 155 46
132 162 92
132 174 14
132 182 1
132 187 2
132 201 88
132 205 12
132 223 55
132 224 5
132 230 100
132 239 79
132 259 83
132 265 71
132 284 83
132 286 46
132 304 38
132 309 14
132 311 34
132 320 15
132 325 60
132 338 34
132 342 91
132 346 7
132 360 15
132 367 80
132 372 57
132 375 68
132 384 66
132 389 20
132 399 27
132 405 91
132 409 93
132 419 3
132 446 6
132 455 28
132 465 100
132 466 99
132 483 95
132 493 9
132 497 28
132 500 52
132 510 69
132 512 79
132 514 70
132 533 61
132 535 51
132 547 54
132 548 1
132 553 18
132 558 55
132 562 5
132 580 81
132 582 3
132 584 13
132 589 28
132 591 12
132 597 39
132 607 86
132 608 73
132 612 66
132 621 15
132 631 67
132 646 69
132 648 22
132 682 80
132 699 94
132 702 74
132 705 72
132 706 16
132 719 23
132 728 95
132 730 39
132 737 95
132 738 61
132 762 45
132 763 58
132 764 88
132 772 37
132 777 1
132 780 3
132 784 79
132 785 43
132 795 25
132 798 41
132 815 71
132 827 83
132 853 59
132 856 32
132 860 20
132 865 81
132 867 56
132 868 70
132 870 100
132 873 39
132 877 82
132 909 8
132 918 4
132 920 90
132 922 63
132 928 57
132 942 15
132 943 52
132 948 49
132 953 72
132 961 87
132 971 15
132 981 50
132 989 71
132 999 97
133 151 99
133 155 57
133 174 87
133 182 88
133 187 61
133 189 51
133 201 2
133 220 60
133 223 90
133 230 7
133 239 51
133 247 10
133 248 51
133 256 5
133 259 10
133 264 74
133 268 42
133 284 14
133 286 73
133 301 73
133 302 15
133 308 5
133 309 12
133 311 57
133 318 53
133 324 95
133 325 81
133 336 87
133 338 67
133 346 63
133 348 64
133 359 6
133 360 31
133 367 23
133 372 22
133 375 9
133 384 89
133 401 57
133 409 96
133 419 6
133 424 66
133 426 79
133 446 25
133 455 50
133 466 65
133 470 93
133 483 16
133 494 73
133 500 5
133 510 93
133 512 92
133 514 87
133 516 35
133 533 60
133 535 89
133 548 27
133 553 14
133 575 73
133 580 36
133 582 68
133 589 79
133 597 64
133 612 22
133 620 46
133 621 80
133 628 35
133 648 56
133 661 86
133 682 5
133 687 52
133 691 64
133 702 94
133 704 58
133 723 60
133 728 59
133 729 53
133 730 57
133 733 95
133 737 64
133 738 69
133 746 6
133 751 27
133 764 100
133 775 92
133 777 72
133 780 33
133 785 52
133 793 72
133 795 93
133 798 71
133 799 64
133 804 44
133 810 45
133 815 95
133 817 83
133 827 40
133 833 21
133 837 90
133 853 68
133 856 70
133 873 23
133 877 71
133 895 46
133 902 2
133 909 82
133 918 78
133 920 85
133 922 88
133 923 72
133 928 26
133 932 93
133 937 22
133 943 21
133 948 43
133 961 33
133 971 45
133 981 72
134 138 31
134 140 72
134 167 6
134 172 46
134 179 48
134 191 86
134 207 78
134 215 78
134 217 4
134 232 89
134 233 94
134 235 47
134 238 89
134 245 17
134 246 30
134 251 3
134 267 50
134 278 87
134 280 30
134 282 58
134 287 47
134 289 25
134 292 81
134 294 20
134 299 25
134 300 100
134 307 52
134 312 99
134 315 58
134 317 99
134 321 80
134 340 79
134 349 49
134 351 53
134 354 71
134 366 34
134 373 97
134 376 26
134 377 37
134 380 11
134 400 37
134 402 36
134 417 64
134 418 5
134 443 30
134 456 19
134 484 9
134 487 91
134 504 49
134 509 91
134 520 7
134 534 45
134 563 70
134 588 6
134 604 40
134 613 20
134 618 72
134 619 83
134 638 30
134 640 91
134 642 94
134 653 66
134 658 81
134 659 5
134 664 81
134 666 28
134 670 19
134 673 49
134 676 85
134 680 59
134 712 81
134 714 19
134 727 13
134 731 3
134 747 51
134 750 51
134 753 40
134 773 38
134 774 36
134 776 5
134 787 8
134 794 16
134 805 79
134 819 47
134 831 60
134 834 40
134 845 81
134 858 66
134 874 6
134 888 4
134 892 19
134 913 23
134 914 55
134 915 37
134 924 52
134 925 70
134 929 12
134 935 20
134 940 51
134 963 55
134 983 43
134 991 19
134 992 83
135 143 4
135 162 97
135 169 7
135 181 88
135 202 78
135 206 75
135 213 56
135 222 6
135 228 100
135 236 34
135 304 53
135 316 62
135 320 61
135 326 19
135 337 47
135 357 73
135 361 43
135 363 91
135 370 7
135 381 46
135 382 92
135 386 6
135 392 85
135 413 26
135 414 68
135 429 50
135 433 48
135 434 99
135 439 71
135 451 30
135 461 71
135 473 97
135 474 96
135 477 20
135 493 71
135 505 21
135 506 90
135 517 34
135 524 17
135 540 55
135 541 61
135 557 2
135 560 23
135 565 91
135 569 59
135 591 44
135 606 96
135 607 86
135 615 58
135 625 67
135 633 35
135 649 95
135 655 86
135 685 56
135 686 61
135 693 57
135 694 54
135 696 82
135 721 26
135 768 66
135 772 88
135 790 93
135 801 57
135 814 29
135 828 65
135 832 75
135 835 49
135 836 19
135 842 35
135 847 68
135 851 3
135 855 53
135 859 46
135 860 79
135 868 77
135 870 51
135 882 72
135 893 26
135 899 91
135 904 6
135 921 12
135 933 100
135 942 4
135 952 30
135 955 9
135 965 100
135 973 58
135 997 56
135 999 24
136 141 15
136 153 72
136 156 100
136 160 47
136 165 37
136 183 100
136 192 53
136 196 14
136 198 48
136 200 20
136 211 2
136 214 5
136 229 34
136 234 59
136 253 89
136 261 37
136 263 41
136 276 51
136 291 83
136 295 19
136 322 4
136 327 86
136 330 37
136 335 2
136 341 46
136 344 31
136 345 26
136 364 15
136 385 82
136 387 39
136 395 26
136 403 71
136 420 92
136 425 98
136 436 99
136 437 96
136 441 37
136 445 8
136 448 93
136 450 28
136 464 30
136 471 15
136 476 3
136 485 78
136 503 77
136 507 31
136 508 7
136 526 29
136 530 74
136 531 24
136 538 33
136 549 30
136 550 76
136 551 32
136 559 82
136 561 49
136 567 39
136 586 79
136 587 59
136 600 37
136 611 31
136 617 8
136 627 76
136 632 99
136 634 95
136 641 10
136 645 99
136 651 72
136 684 48
136 689 55
136 695 19
136 709 83
136 713 8
136 716 60
136 722 68
136 741 91
136 745 88
136 752 35
136 756 41
136 761 83
136 769 47
136 782 92
136 813 16
136 816 6
136 821 56
136 824 45
136 848 52
136 866 9
136 872 35
136 879 36
136 897 44
136 912 88
136 936 1
136 938 72
136 947 60
136 954 15
136 970 65
136 972 91
136 979 69
136 980 65
136 985 18
136 993 92
136 998 55
137 145 79
137 148 18
137 150 78
137 161 22
137 171 20
137 180 73
137 190 79
137 209 90
137 220 97
137 226 57
137 246 44
137 248 59
137 251 57
137 256 66
137 264 39
137 266 99
137 271 83
137 279 83
137 281 58
137 282 28
137 285 38
137 301 79
137 302 99
137 307 99
137 317 43
137 348 35
137 351 89
137 355 42
137 356 76
137 359 89
137 369 22
137 371 89
137 380 79
137 391 61
137 401 26
137 417 11
137 422 9
137 424 90
137 426 27
137 431 6
137 447 4
137 449 81
137 456 73
137 458 21
137 462 56
137 468 98
137 470 7
137 472 49
137 486 56
137 495 19
137 504 99
137 511 33
137 513 57
137 516 21
137 522 84
137 528 53
137 536 37
137 546 4
137 575 77
137 583 91
137 588 51
137 595 70
137 596 74
137 605 99
137 616 77
137 630 84
137 639 34
137 653 26
137 656 50
137 659 21
137 665 12
137 668 95
137 670 89
137 673 85
137 677 81
137 683 77
137 687 90
137 703 88
137 711 84
137 712 99
137 723 56
137 729 98
137 732 45
137 733 27
137 747 10
137 751 91
137 779 28
137 787 4
137 802 25
137 804 91
137 805 32
137 811 83
137 817 91
137 826 89
137 833 2
137 840 85
137 886 84
137 888 73
137 890 72
137 892 95
137 895 67
137 924 87
137 925 27
137 926 16
137 931 91
137 934 56
137 944 44
137 946 20
137 949 94
137 968 60
137 975 36
137 976 89
137 977 70
137 984 14
138 140 37
138 167 78
138 172 8
138 179 17
138 190 14
138 191 53
138 207 11
138 215 3
138 217 90
138 232 57
138 233 93
138 235 42
138 238 53
138 245 52
138 246 17
138 251 66
138 267 85
138 278 87
138 280 94
138 282 65
138 287 15
138 289 3
138 292 58
138 294 39
138 299 11
138 300 73
138 307 77
138 312 63
138 317 33
138 321 20
138 340 44
138 349 86
138 351 88
138 354 93
138 366 95
138 373 35
138 376 55
138 377 67
138 380 25
138 400 51
138 402 45
138 417 23
138 418 38
138 422 78
138 449 3
138 456 48
138 458 63
138 484 41
138 487 56
138 489 9
138 504 25
138 509 34
138 520 85
138 534 4
138 563 66
138 566 24
138 588 25
138 604 43
138 613 15
138 618 82
138 619 11
138 638 88
138 640 29
138 642 85
138 653 19
138 658 98
138 659 10
138 664 42
138 666 29
138 670 25
138 673 54
138 676 45
138 680 77
138 712 90
138 714 2
138 727 45
138 731 14
138 747 74
138 750 46
138 753 53
138 773 75
138 774 16
138 776 86
138 787 33
138 794 12
138 805 22
138 811 6
138 819 52
138 831 12
138 834 97
138 845 47
138 858 18
138 874 22
138 886 39
138 888 73
138 892 59
138 913 35
138 914 56
138 915 21
138 924 86
138 925 94
138 929 5
138 935 98
138 940 57
138 963 40
138 976 48
138 983 16
138 991 53
139 140 19
139 146 96
139 167 8
139 177 8
139 179 64
139 185 83
139 215 96
139 216 76
139 218 18
139 231 5
139 235 45
139 241 35
139 267 65
139 270 26
139 280 30
139 290 51
139 292 83
139 312 91
139 315 54
139 319 64
139 331 83
139 343 11
139 349 15
139 353 97
139 374 12
139 376 95
139 390 35
139 393 12
139 400 80
139 438 15
139 475 15
139 496 22
139 501 62
139 556 24
139 571 23
139 574 70
139 585 68
139 599 56
139 626 33
139 644 14
139 650 18
139 657 89
139 658 91
139 660 86
139 664 5
139 666 46
139 669 4
139 675 54
139 708 64
139 743 95
139 748 32
139 758 73
139 771 32
139 776 25
139 794 26
139 812 13
139 829 3
139 834 33
139 846 21
139 849 15
139 850 10
139 857 13
139 858 45
139 871 2
139 894 85
139 903 86
139 917 68
139 940 74
139 959 47
139 967 54
139 983 94
140 167 59
140 172 64
140 175 37
140 177 37
140 179 91
140 191 79
140 207 28
140 215 95
140 216 76
140 217 51
140 218 28
140 231 74
140 235 46
140 238 18
140 241 44
140 246 62
140 251 87
140 252 4
140 267 99
140 270 19
140 278 73
140 280 7
140 287 14
140 289 8
140 290 30
140 292 44
140 294 38
140 299 93
140 300 7
140 307 28
140 312 78
140 315 33
140 331 89
140 340 34
140 349 47
140 353 94
140 354 76
140 373 15
140 376 33
140 377 42
140 390 1
140 400 9
140 402 86
140 418 71
140 438 92
140 443 85
140 456 31
140 475 34
140 480 25
140 484 99
140 487 98
140 504 20
140 509 13
140 534 43
140 571 51
140 574 92
140 599 3
140 604 37
140 638 91
140 640 84
140 642 78
140 658 43
140 659 23
140 664 4
140 666 50
140 670 68
140 675 62
140 676 24
140 680 34
140 708 69
140 712 50
140 727 39
140 731 23
140 743 39
140 748 19
140 750 42
140 753 3
140 758 30
140 774 43
140 776 42
140 794 42
140 812 80
140 819 26
140 829 98
140 831 7
140 834 21
140 845 32
140 846 71
140 849 79
140 857 4
140 858 49
140 874 96
140 881 77
140 901 27
140 903 4
140 913 5
140 914 26
140 915 81
140 917 97
140 929 31
140 935 94
140 940 86
140 963 83
140 966 57
140 983 70
140 991 82
141 149 88
141 153 25
141 154 4
141 156 34
141 157 64
141 160 16
141 164 18
141 166 62
141 176 19
141 188 13
141 192 81
141 196 82
141 197 43
141 200 30
141 212 22
141 229 49
141 242 91
141 261 71
141 263 94
141 275 44
141 276 17
141 291 65
141 313 44
141 322 93
141 328 67
141 329 41
141 333 17
141 341 10
141 347 5
141 364 46
141 368 63
141 378 63
141 394 16
141 404 78
141 416 9
141 428 67
141 445 83
141 450 75
141 454 79
141 464 81
141 467 87
141 481 93
141 485 60
141 499 20
141 507 38
141 508 45
141 519 96
141 521 96
141 527 5
141 531 50
141 538 59
141 543 29
141 550 23
141 559 8
141 573 81
141 586 96
141 587 60
141 593 1
141 598 8
141 601 24
141 602 49
141 610 61
141 614 95
141 617 15
141 645 4
141 690 15
141 698 3
141 701 4
141 709 44
141 713 37
141 716 11
141 722 79
141 725 96
141 726 77
141 735 74
141 739 12
141 759 26
141 783 37
141 791 59
141 807 81
141 809 32
141 821 70
141 822 55
141 843 45
141 852 70
141 854 74
141 864 11
141 866 72
141 869 92
141 879 2
141 880 36
141 887 99
141 897 22
141 916 20
141 919 40
141 930 88
141 936 9
141 941 42
141 947 3
141 970 23
141 972 13
141 985 38
141 993 43
142 174 35
142 208 77
142 230 11
142 296 14
142 306 58
142 320 50
142 332 22
142 338 35
142 342 68
142 346 95
142 389 53
142 399 39
142 409 13
142 430 58
142 440 47
142 457 15
142 479 37
142 490 5
142 533 23
142 547 51
142 553 27
142 579 75
142 584 82
142 612 4
142 646 24
142 652 7
142 681 2
142 692 53
142 697 11
142 699 6
142 717 96
142 719 52
142 728 9
142 737 67
142 762 70
142 763 53
142 786 48
142 803 77
142 806 37
142 808 14
142 861 59
142 865 28
142 909 6
142 918 91
142 953 26
142 969 21
142 981 20
142 995 93
143 155 31
143 162 86
143 169 26
143 181 34
143 197 3
143 202 20
143 205 74
143 206 59
143 222 45
143 223 84
143 224 32
143 228 31
143 230 75
143 236 54
143 254 80
143 265 100
143 275 100
143 304 1
143 305 78
143 316 98
143 320 81
143 325 8
143 326 70
143 333 4
143 337 66
143 357 26
143 363 88
143 367 14
143 370 40
143 381 50
143 386 76
143 389 6
143 392 83
143 429 46
143 433 43
143 439 86
143 444 45
143 451 57
143 461 94
143 465 33
143 473 10
143 474 66
143 477 70
143 493 33
143 497 5
143 506 91
143 517 1
143 537 85
143 540 24
143 541 63
143 547 19
143 548 8
143 557 92
143 558 41
143 560 27
143 562 4
143 565 50
143 569 11
143 580 57
143 582 75
143 589 29
143 591 3
143 606 93
143 607 86
143 608 100
143 622 79
143 631 10
143 649 43
143 685 72
143 686 64
143 693 20
143 694 76
143 696 78
143 698 92
143 699 80
143 702 30
143 705 57
143 706 67
143 719 13
143 721 99
143 763 69
143 768 32
143 772 63
143 783 56
143 784 56
143 790 99
143 801 80
143 807 13
143 820 16
143 828 40
143 835 82
143 836 9
143 842 75
143 847 37
143 851 80
143 859 66
143 860 47
143 865 20
143 867 21
143 868 61
143 870 54
143 877 19
143 882 78
143 887 83
143 893 60
143 904 80
143 911 62
143 921 96
143 942 24
143 943 34
143 952 40
143 955 20
143 965 74
143 971 87
143 973 38
143 978 83
143 989 46
143 997 15
143 999 97
144 163 97
144 168 32
144 173 21
144 183 7
144 212 29
144 249 65
144 250 27
144 358 58
144 362 14
144 378 76
144 421 26
144 452 79
144 530 42
144 532 11
144 542 81
144 544 1
144 576 4
144 578 81
144 592 83
144 629 18
144 635 61
144 679 78
144 718 86
144 760 19
144 800 17
144 818 57
144 838 52
144 844 18
144 854 1
144 878 55
144 884 85
144 889 10
144 898 89
144 912 12
144 951 12
144 957 73
144 962 6
145 147 9
145 148 23
145 150 30
145 151 62
145 161 66
145 170 30
145 171 89
145 180 94
145 182 72
145 184 12
145 189 93
145 194 87
145 204 93
145 209 85
145 220 68
145 243 1
145 248 3
145 256 84
145 264 27
145 266 25
145 281 50
145 283 52
145 297 51
145 301 60
145 303 14
145 334 74
145 336 15
145 339 82
145 348 6
145 350 60
145 355 22
145 369 7
145 371 58
145 407 36
145 415 19
145 423 69
145 424 34
145 426 59
145 430 8
145 447 94
145 457 34
145 468 99
145 470 25
145 472 75
145 486 87
145 491 72
145 495 22
145 511 87
145 513 14
145 515 40
145 516 13
145 522 39
145 523 54
145 528 61
145 545 97
145 546 82
145 575 71
145 594 23
145 595 8
145 596 16
145 597 54
145 609 6
145 616 69
145 624 66
145 639 20
145 656 82
145 662 47
145 665 63
145 667 45
145 677 18
145 683 60
145 691 72
145 703 58
145 710 12
145 711 42
145 723 25
145 732 9
145 733 13
145 742 61
145 751 46
145 754 42
145 755 30
145 779 86
145 781 92
145 793 4
145 802 14
145 804 88
145 817 94
145 826 76
145 833 93
145 839 36
145 840 83
145 883 84
145 890 49
145 900 63
145 906 58
145 907 94
145 920 91
145 923 100
145 931 28
145 934 86
145 939 12
145 958 6
145 964 70
145 968 65
145 975 58
145 977 28
145 984 74
146 185 48
146 216 10
146 231 34
146 241 69
146 270 84
146 273 75
146 290 93
146 315 79
146 319 11
146 331 53
146 343 63
146 374 58
146 383 96
146 390 86
146 393 76
146 432 24
146 475 89
146 482 41
146 496 7
146 501 30
146 518 88
146 539 36
146 556 27
146 571 20
146 574 93
146 585 6
146 626 84
146 644 23
146 650 14
146 657 63
146 660 69
146 669 61
146 700 6
146 708 15
146 715 61
146 748 19
146 758 21
146 771 23
146 812 36
146 825 53
146 829 21
146 846 97
146 849 75
146 850 16
146 857 96
146 871 39
146 894 63
146 908 97
146 917 89
146 959 46
146 967 77
147 150 63
147 151 29
147 161 64
147 182 27
147 184 54
147 189 10
147 194 80
147 204 9
147 208 77
147 220 66
147 239 19
147 243 49
147 264 96
147 281 11
147 283 4
147 297 70
147 301 31
147 303 88
147 306 23
147 332 43
147 334 18
147 336 27
147 338 79
147 339 3
147 350 71
147 355 54
147 371 63
147 407 7
147 415 49
147 423 77
147 424 79
147 426 67
147 430 74
147 447 39
147 457 71
147 490 45
147 491 54
147 515 35
147 522 89
147 523 15
147 545 2
147 564 26
147 575 81
147 579 71
147 594 98
147 595 34
147 597 12
147 612 2
147 656 55
147 667 37
147 677 46
147 681 45
147 691 74
147 692 67
147 703 65
147 710 83
147 717 53
147 723 31
147 728 32
147 732 91
147 751 18
147 754 74
147 755 26
147 781 22
147 793 28
147 802 44
147 803 55
147 804 67
147 815 99
147 817 77
147 833 8
147 883 43
147 890 34
147 900 6
147 906 87
147 907 52
147 909 35
147 920 31
147 923 28
147 931 68
147 958 21
147 964 54
147 968 46
147 975 79
147 977 77
147 995 24
148 150 49
148 161 92
148 170 54
148 171 85
148 180 70
148 184 41
148 194 82
148 209 22
148 220 39
148 226 83
148 266 73
148 271 21
148 279 38
148 281 5
148 283 49
148 285 7
148 297 10
148 301 46
148 355 52
148 356 8
148 369 37
148 371 49
148 379 75
148 380 4
148 391 78
148 422 19
148 423 8
148 431 94
148 447 20
148 449 4
148 458 6
148 462 70
148 468 63
148 469 79
148 470 84
148 472 90
148 486 20
148 488 95
148 491 29
148 495 43
148 511 1
148 513 79
148 516 75
148 522 62
148 528 20
148 536 48
148 546 51
148 575 4
148 577 16
148 583 13
148 595 24
148 596 91
148 605 38
148 609 92
148 616 4
148 624 26
148 630 59
148 639 61
148 656 94
148 662 97
148 665 11
148 668 61
148 674 28
148 677 36
148 683 95
148 703 45
148 711 61
148 732 98
148 733 19
148 742 29
148 779 80
148 781 82
148 802 4
148 826 94
148 839 52
148 840 64
148 888 19
148 890 9
148 900 94
148 926 92
148 931 23
148 934 1
148 939 99
148 944 46
148 946 67
148 949 44
148 956 48
148 968 89
148 975 98
148 977 6
148 984 10
149 153 69
149 154 91
149 157 82
149 160 86
149 164 67
149 166 38
149 176 77
149 188 55
149 192 93
149 197 45
149 200 75
149 229 99
149 242 73
149 254 21
149 261 22
149 263 23
149 275 21
149 305 72
149 313 62
149 316 35
149 328 79
149 329 48
149 333 47
149 341 58
149 347 61
149 370 23
149 381 40
149 394 45
149 404 40
149 416 21
149 428 11
149 429 11
149 433 3
149 444 30
149 450 15
149 454 48
149 467 65
149 481 34
149 499 60
149 507 4
149 521 86
149 524 97
149 527 62
149 537 76
149 543 82
149 550 10
149 557 65
149 586 10
149 587 25
149 593 35
149 598 81
149 602 82
149 603 12
149 610 3
149 614 16
149 615 5
149 617 98
149 622 55
149 643 84
149 686 4
149 690 33
149 694 87
149 698 1
149 701 31
149 716 74
149 725 6
149 726 25
149 735 86
149 739 34
149 768 22
149 783 60
149 790 15
149 791 10
149 807 99
149 809 57
149 820 1
149 821 53
149 822 1
149 835 77
149 836 85
149 843 67
149 864 42
149 869 41
149 879 96
149 887 80
149 897 65
149 904 60
149 911 27
149 919 33
149 941 50
149 950 19
149 955 74
149 978 72
149 993 10
150 151 91
150 161 66
150 170 6
150 171 74
150 180 98
150 184 90
150 189 76
150 194 48
150 204 70
150 209 20
150 220 75
150 248 4
150 264 74
150 266 91
150 271 19
150 279 42
150 281 68
150 283 68
150 285 51
150 297 51
150 298 63
150 301 51
150 303 10
150 334 83
150 339 15
150 348 50
150 350 10
150 355 1
150 356 52
150 369 5
150 371 21
150 379 20
150 391 3
150 407 29
150 415 87
150 423 31
150 424 54
150 426 17
150 447 62
150 449 85
150 458 10
150 462 9
150 468 68
150 469 30
150 470 26
150 472 1
150 486 91
150 488 86
150 491 49
150 495 44
150 511 62
150 513 84
150 516 24
150 522 7
150 523 93
150 528 68
150 545 28
150 546 31
150 575 6
150 577 6
150 594 6
150 595 59
150 596 12
150 605 53
150 609 99
150 616 28
150 624 41
150 639 54
150 656 10
150 662 30
150 665 1
150 674 97
150 677 28
150 683 96
150 703 98
150 710 88
150 711 67
150 723 40
150 732 27
150 733 37
150 742 28
150 751 42
150 755 62
150 779 49
150 781 78
150 793 76
150 802 62
150 804 90
150 817 34
150 826 67
150 833 67
150 839 98
150 840 98
150 883 7
150 890 75
150 900 25
150 906 35
150 926 83
150 931 45
150 934 52
150 939 21
150 956 67
150 958 90
150 964 4
150 968 6
150 975 100
150 977 8
150 984 36
151 182 31
151 189 78
151 204 52
151 208 50
151 220 3
151 239 85
151 243 71
151 248 14
151 256 6
151 264 22
151 281 79
151 297 7
151 301 46
151 303 31
151 306 69
151 311 46
151 332 62
151 334 72
151 336 82
151 338 31
151 346 96
151 348 80
151 350 52
151 355 66
151 371 32
151 372 6
151 384 13
151 407 5
151 409 33
151 415 39
151 419 70
151 423 43
151 424 99
151 426 67
151 430 69
151 457 22
151 466 6
151 470 75
151 490 59
151 491 94
151 500 49
151 510 17
151 513 85
151 515 31
151 516 24
151 522 56
151 523 13
151 535 98
151 545 18
151 564 41
151 575 52
151 579 90
151 595 61
151 597 20
151 612 6
151 621 80
151 639 44
151 656 22
151 667 61
151 681 88
151 691 5
151 692 87
151 703 28
151 710 1
151 717 47
151 723 79
151 728 33
151 732 32
151 733 2
151 737 37
151 751 57
151 754 88
151 780 94
151 781 27
151 793 91
151 795 80
151 802 82
151 803 100
151 804 91
151 815 74
151 817 34
151 827 76
151 833 78
151 856 69
151 883 86
151 890 100
151 906 5
151 907 65
151 909 83
151 918 79
151 920 38
151 923 53
151 928 86
151 931 5
151 958 41
151 961 54
151 964 30
151 968 39
151 975 13
151 977 79
151 995 62
152 169 61
152 181 15
152 206 98
152 213 12
152 222 7
152 228 6
152 236 79
152 320 5
152 337 2
152 357 78
152 386 46
152 399 74
152 413 38
152 440 5
152 461 46
152 473 74
152 474 37
152 477 79
152 479 6
152 493 19
152 540 47
152 541 52
152 565 38
152 591 100
152 607 1
152 633 78
152 652 10
152 655 18
152 693 69
152 696 71
152 697 43
152 706 39
152 719 46
152 762 59
152 763 68
152 808 78
152 814 50
152 832 4
152 847 12
152 851 39
152 855 57
152 865 52
152 868 23
152 870 75
152 893 50
152 965 11
152 969 67
152 999 52
153 154 15
153 156 98
153 160 61
153 164 59
153 165 35
153 166 58
153 176 50
153 192 42
153 196 32
153 198 9
153 200 4
153 229 80
153 255 47
153 261 73
153 263 30
153 275 26
153 276 66
153 291 5
153 295 62
153 322 7
153 328 85
153 329 58
153 333 71
153 335 90
153 341 56
153 344 13
153 347 89
153 364 3
153 368 25
153 403 53
153 404 7
153 416 84
153 420 98
153 428 79
153 445 4
153 450 51
153 454 26
153 464 29
153 467 32
153 471 48
153 476 16
153 481 72
153 485 31
153 499 70
153 507 88
153 508 24
153 521 94
153 526 28
153 527 30
153 531 33
153 538 99
153 543 48
153 549 56
153 550 98
153 555 62
153 559 90
153 573 44
153 586 48
153 587 55
153 593 83
153 598 42
153 600 35
153 601 38
153 614 41
153 617 99
153 634 44
153 645 51
153 690 61
153 698 19
153 701 68
153 709 45
153 713 79
153 716 48
153 722 72
153 725 35
153 726 40
153 735 60
153 741 30
153 745 28
153 752 42
153 756 59
153 757 78
153 769 2
153 783 24
153 791 15
153 821 9
153 822 23
153 843 95
153 848 78
153 864 100
153 866 45
153 869 24
153 872 86
153 879 78
153 887 87
153 897 68
153 916 39
153 936 41
153 941 15
153 947 4
153 954 70
153 970 100
153 972 1
153 979 44
153 985 100
153 993 31
154 157 13
154 164 65
154 166 14
154 173 83
154 176 60
154 188 10
154 192 74
154 212 1
154 229 12
154 242 25
154 261 68
154 263 36
154 276 16
154 291 100
154 313 81
154 322 70
154 347 51
154 368 10
154 378 78
154 394 61
154 404 38
154 416 89
154 428 92
154 445 59
154 450 28
154 454 41
154 464 25
154 467 4
154 481 68
154 485 22
154 499 49
154 507 19
154 508 23
154 519 56
154 531 32
154 543 59
154 550 97
154 559 60
154 573 30
154 578 98
154 586 69
154 587 8
154 598 54
154 601 18
154 602 2
154 603 28
154 610 6
154 614 77
154 617 61
154 645 98
154 690 68
154 701 68
154 709 96
154 716 52
154 722 46
154 725 92
154 726 90
154 735 88
154 739 6
154 759 95
154 809 39
154 821 63
154 822 13
154 843 76
154 852 89
154 854 58
154 864 75
154 878 52
154 879 81
154 880 11
154 897 99
154 916 53
154 919 97
154 930 37
154 941 33
154 947 81
154 993 86
155 162 62
155 174 61
155 187 59
155 201 55
155 205 30
155 223 42
155 224 1
155 230 16
155 239 6
155 259 75
155 265 19
155 284 19
155 286 80
155 304 51
155 309 42
155 311 63
155 320 41
155 325 3
155 338 5
155 342 64
155 346 16
155 357 1
155 360 98
155 367 56
155 372 90
155 375 29
155 384 67
155 386 13
155 389 34
155 399 30
155 409 68
155 419 72
155 439 60
155 446 18
155 455 82
155 465 27
155 474 36
155 493 72
155 497 22
155 500 40
155 510 43
155 512 59
155 514 14
155 533 69
155 535 67
155 547 65
155 548 50
155 553 49
155 557 97
155 558 72
155 562 57
155 569 41
155 580 98
155 582 91
155 584 89
155 589 68
155 591 21
155 597 78
155 607 58
155 608 16
155 612 98
155 621 20
155 631 17
155 646 20
155 648 86
155 682 42
155 699 79
155 702 88
155 705 90
155 706 80
155 719 100
155 728 89
155 730 88
155 737 14
155 738 7
155 762 30
155 763 75
155 764 17
155 772 23
155 780 6
155 784 65
155 785 47
155 795 80
155 798 61
155 806 10
155 815 68
155 820 2
155 827 29
155 853 70
155 856 75
155 859 68
155 860 34
155 861 64
155 865 47
155 867 22
155 868 4
155 870 38
155 873 10
155 877 39
155 909 45
155 918 6
155 920 28
155 922 91
155 928 57
155 942 77
155 943 25
155 948 50
155 953 3
155 961 67
155 971 65
155 981 24
155 989 99
155 999 7
156 160 38
156 176 99
156 183 58
156 192 43
156 196 41
156 198 85
156 200 53
156 211 80
156 212 76
156 229 61
156 234 30
156 253 54
156 261 54
156 263 37
156 276 82
156 291 64
156 295 64
156 322 70
156 327 46
156 329 40
156 330 26
156 335 44
156 341 72
156 344 32
156 345 53
156 364 95
156 368 9
156 385 16
156 387 25
156 395 19
156 403 88
156 420 32
156 425 87
156 437 79
156 441 87
156 445 47
156 448 100
156 450 55
156 452 55
156 464 58
156 467 82
156 471 87
156 476 45
156 485 95
156 499 30
156 503 99
156 507 15
156 508 86
156 521 63
156 526 58
156 530 3
156 531 9
156 538 61
156 550 35
156 551 42
156 559 71
156 561 52
156 567 96
156 573 83
156 578 63
156 586 40
156 587 95
156 600 42
156 601 75
156 611 45
156 614 25
156 617 16
156 632 41
156 634 56
156 641 89
156 645 93
156 651 66
156 690 96
156 709 87
156 713 51
156 716 85
156 722 66
156 725 38
156 741 36
156 745 48
156 752 40
156 756 10
156 761 25
156 769 86
156 782 57
156 813 24
156 816 52
156 821 71
156 824 55
156 838 39
156 843 42
156 848 53
156 854 77
156 864 53
156 866 28
156 869 80
156 872 44
156 878 48
156 879 76
156 897 34
156 912 19
156 916 25
156 936 7
156 938 88
156 947 7
156 970 39
156 972 21
156 979 51
156 985 95
156 993 22
157 164 47
157 166 39
157 176 66
157 188 8
157 192 7
157 197 30
157 229 18
157 242 93
157 263 2
157 313 20
157 322 70
157 347 54
157 368 9
157 394 97
157 404 57
157 416 26
157 428 72
157 454 93
157 467 89
157 481 61
157 499 38
157 524 100
157 543 53
157 550 60
157 573 31
157 586 78
157 587 13
157 593 12
157 598 60
157 601 40
157 602 15
157 603 40
157 610 45
157 614 15
157 615 94
157 617 46
157 622 70
157 643 5
157 690 76
157 701 32
157 716 37
157 725 60
157 726 9
157 735 23
157 739 50
157 759 26
157 807 51
157 809 53
157 821 4
157 822 13
157 843 90
157 852 24
157 864 23
157 879 21
157 880 77
157 887 53
157 897 95
157 916 49
157 919 97
157 930 53
157 941 61
157 950 35
158 163 6
158 178 8
158 183 1
158 186 94
158 199 55
158 211 45
158 240 62
158 250 81
158 272 21
158 358 57
158 362 8
158 385 89
158 387 57
158 395 37
158 421 90
158 427 46
158 452 4
158 453 20
158 498 60
158 530 77
158 532 66
158 544 67
158 551 22
158 561 15
158 568 15
158 572 92
158 576 79
158 590 55
158 592 54
158 629 87
158 635 53
158 641 35
158 651 84
158 678 20
158 679 10
158 718 56
158 797 100
158 813 61
158 816 52
158 818 49
158 823 7
158 844 98
158 876 78
158 884 89
158 889 82
158 898 62
158 910 25
158 912 79
158 951 32
158 957 99
158 962 15
158 974 39
158 990 86
159 160 59
159 165 13
159 187 37
159 195 83
159 198 18
159 201 80
159 223 27
159 224 63
159 247 19
159 255 34
159 259 84
159 268 43
159 269 40
159 275 44
159 277 3
159 286 43
159 288 89
159 305 55
159 308 75
159 309 91
159 310 5
159 318 10
159 324 99
159 325 93
159 328 85
159 329 11
159 341 80
159 344 86
159 360 73
159 364 84
159 375 58
159 403 85
159 405 88
159 406 17
159 411 60
159 420 71
159 446 63
159 459 40
159 460 90
159 476 4
159 483 70
159 494 83
159 512 78
159 514 13
159 521 70
159 526 70
159 548 9
159 549 78
159 555 99
159 558 2
159 562 100
159 580 55
159 582 74
159 589 15
159 608 47
159 620 22
159 621 75
159 628 73
159 632 1
159 647 96
159 648 69
159 661 46
159 663 69
159 671 3
159 682 41
159 702 56
159 704 39
159 705 71
159 730 42
159 734 67
159 746 97
159 752 15
159 757 54
159 764 22
159 767 27
159 769 36
159 775 16
159 777 85
159 783 46
159 785 86
159 789 38
159 792 56
159 796 73
159 798 72
159 799 46
159 810 94
159 837 47
159 848 55
159 853 94
159 856 46
159 863 23
159 866 27
159 869 25
159 872 82
159 873 60
159 877 54
159 902 56
159 905 43
159 922 46
159 927 94
159 932 40
159 936 58
159 937 1
159 945 83
159 948 89
159 954 90
159 960 14
159 971 62
159 978 86
159 987 53
160 165 41
160 166 30
160 192 48
160 196 27
160 198 95
160 200 88
160 229 51
160 255 66
160 261 34
160 263 32
160 275 76
160 276 67
160 288 54
160 291 60
160 295 75
160 305 28
160 310 23
160 318 41
160 328 68
160 329 73
160 333 59
160 341 3
160 344 12
160 347 19
160 364 87
160 403 14
160 404 10
160 405 67
160 416 21
160 420 90
160 428 8
160 445 53
160 450 65
160 454 51
160 459 76
160 464 33
160 467 41
160 471 47
160 476 89
160 499 65
160 507 55
160 508 45
160 521 16
160 526 68
160 527 41
160 531 16
160 549 89
160 550 53
160 555 53
160 559 19
160 562 37
160 586 78
160 587 11
160 593 43
160 598 58
160 600 73
160 608 9
160 614 36
160 617 9
160 634 90
160 645 87
160 690 33
160 698 98
160 701 8
160 709 56
160 713 87
160 716 18
160 726 49
160 735 78
160 741 50
160 745 77
160 752 32
160 756 12
160 757 20
160 769 42
160 783 90
160 791 18
160 807 55
160 821 42
160 822 20
160 843 35
160 848 20
160 863 54
160 866 100
160 869 35
160 872 95
160 879 13
160 887 84
160 897 13
160 911 22
160 936 76
160 941 20
160 947 70
160 954 87
160 970 75
160 972 15
160 978 41
160 985 83
160 993 2
161 170 49
161 171 95
161 180 83
161 184 80
161 194 61
161 209 97
161 266 71
161 271 6
161 279 61
161 281 58
161 283 35
161 285 2
161 297 91
161 298 31
161 301 33
161 303 60
161 339 32
161 355 10
161 356 58
161 371 91
161 379 78
161 391 92
161 412 15
161 415 90
161 423 86
161 447 99
161 468 100
161 469 20
161 472 62
161 486 67
161 488 9
161 491 39
161 495 25
161 511 38
161 513 12
161 522 52
161 523 1
161 546 76
161 575 31
161 577 24
161 594 5
161 595 82
161 596 53
161 609 93
161 616 48
161 624 82
161 639 11
161 656 87
161 662 35
161 665 84
161 674 7
161 677 10
161 683 75
161 703 29
161 711 55
161 732 28
161 742 90
161 755 49
161 781 13
161 802 66
161 826 89
161 839 81
161 840 25
161 883 11
161 890 8
161 900 7
161 906 25
161 926 95
161 931 94
161 934 37
161 939 40
161 949 70
161 956 57
161 958 82
161 964 56
161 968 43
161 975 96
161 977 37
161 982 8
162 169 99
162 174 8
162 181 98
162 202 39
162 205 25
162 206 98
162 223 29
162 224 2
162 228 86
162 230 40
162 236 25
162 254 62
162 265 12
162 275 63
162 304 38
162 305 88
162 316 36
162 320 21
162 325 81
162 326 24
162 333 57
162 337 66
162 357 23
162 360 25
162 363 99
162 367 19
162 370 36
162 381 31
162 386 73
162 389 35
162 392 65
162 429 69
162 433 4
162 439 1
162 444 9
162 455 39
162 461 47
162 465 7
162 473 81
162 474 69
162 477 7
162 493 30
162 497 37
162 506 26
162 514 57
162 533 37
162 537 48
162 547 37
162 548 27
162 557 61
162 558 86
162 560 45
162 562 32
162 569 46
162 580 4
162 582 52
162 589 38
162 591 66
162 606 24
162 607 79
162 608 26
162 622 19
162 631 17
162 646 84
162 685 51
162 686 23
162 693 28
162 694 3
162 698 41
162 699 25
162 702 6
162 705 89
162 706 72
162 719 99
162 721 81
162 738 50
162 763 3
162 768 5
162 772 17
162 783 98
162 784 25
162 785 11
162 790 74
162 801 87
162 807 6
162 820 49
162 828 94
162 835 66
162 836 54
162 842 69
162 847 66
162 851 67
162 859 88
162 860 92
162 865 81
162 867 19
162 868 66
162 870 91
162 873 82
162 877 85
162 882 78
162 887 35
162 893 12
162 904 74
162 911 84
162 921 30
162 942 1
162 943 95
162 948 79
162 955 75
162 965 11
162 971 30
162 978 82
162 989 51
162 997 70
162 999 95
163 168 82
163 178 43
163 183 14
163 186 3
163 199 62
163 211 31
163 240 20
163 249 53
163 250 64
163 358 37
163 362 56
163 387 88
163 395 24
163 421 18
163 427 98
163 452 50
163 530 18
163 532 58
163 542 31
163 544 91
163 551 96
163 572 16
163 576 53
163 578 71
163 590 87
163 592 17
163 629 60
163 635 52
163 651 41
163 678 8
163 679 17
163 718 49
163 760 93
163 797 2
163 800 11
163 813 58
163 816 9
163 818 94
163 823 85
163 838 46
163 844 88
163 876 70
163 878 17
163 884 1
163 889 59
163 898 14
163 910 29
163 912 82
163 951 81
163 957 51
163 962 24
164 166 63
164 173 58
164 176 40
164 188 86
164 192 86
164 197 53
164 212 24
164 229 6
164 242 41
164 261 99
164 263 17
164 276 25
164 313 86
164 322 33
164 347 64
164 368 79
164 378 15
164 394 35
164 404 47
164 416 49
164 428 19
164 454 76
164 467 53
164 481 57
164 485 48
164 499 7
164 507 97
164 508 6
164 519 28
164 543 26
164 550 20
164 559 66
164 573 96
164 586 98
164 587 30
164 593 33
164 598 56
164 601 88
164 602 49
164 603 75
164 610 75
164 614 17
164 617 53
164 643 6
164 645 31
164 690 92
164 701 81
164 716 58
164 725 70
164 726 53
164 735 30
164 739 46
164 759 23
164 807 40
164 809 42
164 821 71
164 822 23
164 843 6
164 852 64
164 854 41
164 864 71
164 879 47
164 880 99
164 887 6
164 897 81
164 916 97
164 919 66
164 930 47
164 941 47
164 947 14
164 950 77
164 993 40
165 187 64
165 192 28
165 195 27
165 196 50
165 198 7
165 200 40
165 201 1
165 214 99
165 255 48
165 261 54
165 262 6
165 268 6
165 269 65
165 275 39
165 277 94
165 288 37
165 295 87
165 305 41
165 308 49
165 309 63
165 310 27
165 318 44
165 328 4
165 329 61
165 341 36
165 344 40
165 360 37
165 364 79
165 403 20
165 405 59
165 406 50
165 411 58
165 420 56
165 450 85
165 459 16
165 460 95
165 471 99
165 476 19
165 483 36
165 494 33
165 503 55
165 507 93
165 512 73
165 521 77
165 526 89
165 527 49
165 549 25
165 550 91
165 555 89
165 562 96
165 567 31
165 580 100
165 608 99
165 620 4
165 627 67
165 632 17
165 634 18
165 636 32
165 647 50
165 661 85
165 663 50
165 671 30
165 689 88
165 730 80
165 734 31
165 741 99
165 745 53
165 746 96
165 752 73
165 757 50
165 767 17
165 769 22
165 775 45
165 777 43
165 783 30
165 785 63
165 789 63
165 791 8
165 792 42
165 796 84
165 798 73
165 837 12
165 848 99
165 853 50
165 863 13
165 866 96
165 869 93
165 872 63
165 875 45
165 905 60
165 927 56
165 932 66
165 936 52
165 938 17
165 945 84
165 954 93
165 960 87
165 972 70
165 978 80
165 985 64
165 987 44
165 993 9
165 998 5
166 176 78
166 188 16
166 192 21
166 196 2
166 197 35
166 200 75
166 229 32
166 242 75
166 254 34
166 261 40
166 263 15
166 275 68
166 276 15
166 305 6
166 313 28
166 316 30
166 322 29
166 328 15
166 329 52
166 333 57
166 341 20
166 347 19
166 364 98
166 394 87
166 404 33
166 416 12
166 428 18
166 429 63
166 444 12
166 445 26
166 450 69
166 454 3
166 464 98
166 467 99
166 481 5
166 485 45
166 499 77
166 507 85
166 521 87
166 527 77
166 537 39
166 543 89
166 550 96
166 555 78
166 559 66
166 573 71
166 586 73
166 587 89
166 593 6
166 598 50
166 601 28
166 602 15
166 603 96
166 610 90
166 614 74
166 617 26
166 622 25
166 643 26
166 645 3
166 686 93
166 690 73
166 694 15
166 698 3
166 701 29
166 709 87
166 716 27
166 725 81
166 726 98
166 735 95
166 739 47
166 759 46
166 783 94
166 790 98
166 791 92
166 807 69
166 809 91
166 820 11
166 821 59
166 822 16
166 835 63
166 843 18
166 864 28
166 866 43
166 869 44
166 879 72
166 887 37
166 897 68
166 911 51
166 916 55
166 919 6
166 936 90
166 941 3
166 947 78
166 950 92
166 955 47
166 972 94
166 978 41
166 985 9
166 993 34
167 177 63
167 179 60
167 185 57
167 191 84
167 215 52
167 218 22
167 231 27
167 235 16
167 241 13
167 267 56
167 278 70
167 280 57
167 290 35
167 292 73
167 294 97
167 299 6
167 300 79
167 312 51
167 315 71
167 340 16
167 343 22
167 349 62
167 353 86
167 354 42
167 374 89
167 376 27
167 390 33
167 400 83
167 402 46
167 418 11
167 438 2
167 475 55
167 496 33
167 571 28
167 599 75
167 604 82
167 638 53
167 642 27
167 644 32
167 658 12
167 660 54
167 664 60
167 666 66
167 669 63
167 675 26
167 676 13
167 708 19
167 714 19
167 743 7
167 748 94
167 753 55
167 758 59
167 771 30
167 773 25
167 776 96
167 794 42
167 812 7
167 819 2
167 829 100
167 831 26
167 834 79
167 850 87
167 857 69
167 858 91
167 874 3
167 894 93
167 903 60
167 913 8
167 914 47
167 915 3
167 940 46
167 967 33
167 983 41
168 173 35
168 183 55
168 212 25
168 249 1
168 250 13
168 358 80
168 362 68
168 378 15
168 421 5
168 452 21
168 530 65
168 532 45
168 542 34
168 544 68
168 576 12
168 578 96
168 592 93
168 629 33
168 635 27
168 679 81
168 718 7
168 760 12
168 800 9
168 818 8
168 838 99
168 844 97
168 854 3
168 878 33
168 884 49
168 889 85
168 898 68
168 912 7
168 951 87
168 957 51
168 962 32
169 181 48
169 202 69
169 205 38
169 206 94
169 213 3
169 222 49
169 228 94
169 236 94
169 265 85
169 304 52
169 320 65
169 326 73
169 337 17
169 357 54
169 361 86
169 363 83
169 367 19
169 381 81
169 386 26
169 389 80
169 399 13
169 413 68
169 439 35
169 440 23
169 451 90
169 461 4
169 465 91
169 473 84
169 474 89
169 477 11
169 479 57
169 493 52
169 505 72
169 506 28
169 540 68
169 541 68
169 547 70
169 560 9
169 565 62
169 569 49
169 584 90
169 591 53
169 607 56
169 625 88
169 633 34
169 646 100
169 649 87
169 652 71
169 655 42
169 685 9
169 693 92
169 696 84
169 697 85
169 699 72
169 706 83
169 719 60
169 721 23
169 762 61
169 763 42
169 772 76
169 784 69
169 801 96
169 808 8
169 814 84
169 828 69
169 832 61
169 842 86
169 847 55
169 851 22
169 855 26
169 859 11
169 860 26
169 865 19
169 867 45
169 868 4
169 870 8
169 882 25
169 893 99
169 899 8
169 921 73
169 942 64
169 965 51
169 969 58
169 997 53
169 999 44
170 171 23
170 180 65
170 184 45
170 194 32
170 209 15
170 266 13
170 281 92
170 283 45
170 285 6
170 297 23
170 298 95
170 339 22
170 355 20
170 356 63
170 371 23
170 379 33
170 412 84
170 423 97
170 447 42
170 468 23
170 469 94
170 472 27
170 486 31
170 488 56
170 491 64
170 495 87
170 513 81
170 522 1
170 523 7
170 577 56
170 594 69
170 595 93
170 596 26
170 609 56
170 624 42
170 662 43
170 674 71
170 677 77
170 711 62
170 732 75
170 742 89
170 755 82
170 781 37
170 802 67
170 826 40
170 839 68
170 840 99
170 883 39
170 890 54
170 900 32
170 906 86
170 931 79
170 934 35
170 939 12
170 956 70
170 958 31
170 968 37
170 977 84
170 982 49
171 180 9
171 190 7
171 194 92
171 209 49
171 226 29
171 266 25
171 271 48
171 279 56
171 282 90
171 283 10
171 285 92
171 321 61
171 355 77
171 356 77
171 369 97
171 371 22
171 379 52
171 380 80
171 391 79
171 422 43
171 431 50
171 447 33
171 449 3
171 458 26
171 462 77
171 468 7
171 469 68
171 472 62
171 486 4
171 488 35
171 489 54
171 495 20
171 511 96
171 513 49
171 516 30
171 520 98
171 522 4
171 528 37
171 536 71
171 546 36
171 566 56
171 575 30
171 577 48
171 583 24
171 596 23
171 605 30
171 609 18
171 613 20
171 616 18
171 618 47
171 630 23
171 639 58
171 656 64
171 665 72
171 668 21
171 674 22
171 677 11
171 683 69
171 711 83
171 732 23
171 742 89
171 779 75
171 805 81
171 826 8
171 839 94
171 840 55
171 886 3
171 888 76
171 890 90
171 924 15
171 925 91
171 926 52
171 934 78
171 944 3
171 946 14
171 949 68
171 968 67
171 976 82
171 977 37
171 984 9
172 175 21
172 179 73
172 193 66
172 207 6
172 215 24
172 217 45
172 232 46
172 233 17
172 235 21
172 238 51
172 244 100
172 245 13
172 246 99
172 251 23
172 252 39
172 267 3
172 274 53
172 280 42
172 287 100
172 289 88
172 290 62
172 292 81
172 294 89
172 299 63
172 300 93
172 307 7
172 312 69
172 315 93
172 317 83
172 331 43
172 340 64
172 349 69
172 351 48
172 352 66
172 354 22
172 366 46
172 373 82
172 377 55
172 388 54
172 397 87
172 398 42
172 400 42
172 402 74
172 417 66
172 418 34
172 443 27
172 456 32
172 480 24
172 484 37
172 487 77
172 504 65
172 509 58
172 534 92
172 552 8
172 571 10
172 574 63
172 613 2
172 619 92
172 638 34
172 640 11
172 642 61
172 653 78
172 658 15
172 659 73
172 666 91
172 670 22
172 672 50
172 673 5
172 676 48
172 680 26
172 712 51
172 724 42
172 727 68
172 731 5
172 747 27
172 750 18
172 753 99
172 758 66
172 774 10
172 776 42
172 778 3
172 787 68
172 794 85
172 805 37
172 819 66
172 830 70
172 834 63
172 845 3
172 858 77
172 874 34
172 881 88
172 885 24
172 892 19
172 901 97
172 913 4
172 914 4
172 915 1
172 924 6
172 925 7
172 929 54
172 935 19
172 963 56
172 966 61
172 983 47
172 986 38
172 988 93
172 991 51
172 992 96
173 176 16
173 183 5
173 212 83
173 229 46
173 249 62
173 263 89
173 276 83
173 291 79
173 322 45
173 358 96
173 362 71
173 368 99
173 378 31
173 416 40
173 421 61
173 452 4
173 481 58
173 485 62
173 499 68
173 508 69
173 519 40
173 530 32
173 531 70
173 532 25
173 538 44
173 542 8
173 543 15
173 559 98
173 573 1
173 576 8
173 578 31
173 587 77
173 601 67
173 602 70
173 614 55
173 617 67
173 629 89
173 645 50
173 690 15
173 709 89
173 713 36
173 718 82
173 722 48
173 725 90
173 735 9
173 759 84
173 760 15
173 800 66
173 809 78
173 818 77
173 821 26
173 838 44
173 852 16
173 854 85
173 864 19
173 878 76
173 879 29
173 880 90
173 884 19
173 889 24
173 912 17
173 916 72
173 930 39
173 947 12
173 957 34
174 187 21
174 201 53
174 205 1
174 208 55
174 223 42
174 224 34
174 230 69
174 239 31
174 259 48
174 265 15
174 284 95
174 286 48
174 296 22
174 304 72
174 311 86
174 320 98
174 325 62
174 338 99
174 342 79
174 346 13
174 357 19
174 360 48
174 367 34
174 372 34
174 375 68
174 384 46
174 386 92
174 389 50
174 399 41
174 409 35
174 419 64
174 440 29
174 446 1
174 455 65
174 457 19
174 465 55
174 474 31
174 479 97
174 490 83
174 493 3
174 497 85
174 500 80
174 510 68
174 512 43
174 514 33
174 533 48
174 535 72
174 547 71
174 548 74
174 553 14
174 558 49
174 579 58
174 580 85
174 582 9
174 584 42
174 589 94
174 591 17
174 597 43
174 607 46
174 612 10
174 621 71
174 631 23
174 646 51
174 648 27
174 682 88
174 691 10
174 699 5
174 702 91
174 705 84
174 706 11
174 717 7
174 719 15
174 728 17
174 737 77
174 738 26
174 762 48
174 763 32
174 764 14
174 780 8
174 784 29
174 785 2
174 795 44
174 806 46
174 815 63
174 827 55
174 853 60
174 856 65
174 860 6
174 861 6
174 865 58
174 867 68
174 868 13
174 870 92
174 873 16
174 877 71
174 909 81
174 918 99
174 920 66
174 922 7
174 928 88
174 942 22
174 943 5
174 948 83
174 953 93
174 961 12
174 969 85
174 971 11
174 981 67
174 989 48
174 995 97
174 999 87
175 179 96
175 193 53
175 203 95
175 207 16
175 210 10
175 214 80
175 215 88
175 216 56
175 232 13
175 235 64
175 237 76
175 238 63
175 241 28
175 244 12
175 252 73
175 258 24
175 262 8
175 267 6
175 270 32
175 273 60
175 274 82
175 280 93
175 289 11
175 290 92
175 292 48
175 293 17
175 299 4
175 314 32
175 315 52
175 331 70
175 352 45
175 354 70
175 366 33
175 373 39
175 383 17
175 388 75
175 396 9
175 397 90
175 398 51
175 400 50
175 408 2
175 418 77
175 443 3
175 463 24
175 480 22
175 484 38
175 487 4
175 492 18
175 509 17
175 518 70
175 534 34
175 539 62
175 552 83
175 554 63
175 570 46
175 571 32
175 574 52
175 619 24
175 636 72
175 637 10
175 638 87
175 640 15
175 658 85
175 666 39
175 672 24
175 680 8
175 688 52
175 700 6
175 727 20
175 731 41
175 736 54
175 740 70
175 744 57
175 749 91
175 758 94
175 765 71
175 766 58
175 770 26
175 774 5
175 778 3
175 825 61
175 830 49
175 834 99
175 845 47
175 846 100
175 849 94
175 858 89
175 862 79
175 875 50
175 881 59
175 885 82
175 901 21
175 908 67
175 915 21
175 917 78
175 929 48
175 935 34
175 963 94
175 966 85
175 986 33
175 987 40
175 988 47
175 992 24
175 996 74
176 188 33
176 192 17
176 200 37
176 212 48
176 229 88
176 242 74
176 261 41
176 263 23
176 276 57
176 291 62
176 313 60
176 322 25
176 347 8
176 368 46
176 378 7
176 394 12
176 404 83
176 416 20
176 428 97
176 445 60
176 450 48
176 452 23
176 464 77
176 467 2
176 481 70
176 485 41
176 499 43
176 507 44
176 508 59
176 519 97
176 531 36
176 543 8
176 550 81
176 559 32
176 573 75
176 578 79
176 586 10
176 587 2
176 598 71
176 601 56
176 602 31
176 610 76
176 614 29
176 617 55
176 645 83
176 690 74
176 701 10
176 709 99
176 713 7
176 716 76
176 722 98
176 725 94
176 726 71
176 735 56
176 759 43
176 800 19
176 809 25
176 821 23
176 822 21
176 838 30
176 843 69
176 852 70
176 854 25
176 864 79
176 878 41
176 879 98
176 880 60
176 897 54
176 916 8
176 930 58
176 941 70
176 947 62
176 970 45
176 972 31
176 993 2
177 179 2
177 185 18
177 191 82
177 215 70
177 218 58
177 231 39
177 241 30
177 267 56
177 280 20
177 290 39
177 312 38
177 315 29
177 319 93
177 343 84
177 349 23
177 353 13
177 374 12
177 376 98
177 390 94
177 393 88
177 400 96
177 402 11
177 438 40
177 475 52
177 496 49
177 501 41
177 556 30
177 599 10
177 626 86
177 642 8
177 644 28
177 650 43
177 660 24
177 664 85
177 669 77
177 675 9
177 708 45
177 743 85
177 748 9
177 753 3
177 771 84
177 776 86
177 794 30
177 812 66
177 829 64
177 834 50
177 850 57
177 857 47
177 858 84
177 871 79
177 894 35
177 903 5
177 913 8
177 940 60
177 967 11
177 983 33
178 183 60
178 186 94
178 199 1
178 211 69
178 221 24
178 225 40
178 227 18
178 234 5
178 240 41
178 250 36
178 257 35
178 272 35
178 323 7
178 327 42
178 330 4
178 335 68
178 345 47
178 358 71
178 385 65
178 387 73
178 395 77
178 425 97
178 427 37
178 436 74
178 441 49
178 448 62
178 453 88
178 498 47
178 502 69
178 529 33
178 530 28
178 532 11
178 538 80
178 544 76
178 551 13
178 561 12
178 568 70
178 572 43
178 576 32
178 581 18
178 590 3
178 592 20
178 611 89
178 623 23
178 635 2
178 641 42
178 651 33
178 654 86
178 678 52
178 679 96
178 684 28
178 718 14
178 720 22
178 761 92
178 788 58
178 797 28
178 813 3
178 816 19
178 823 73
178 824 8
178 844 12
178 876 62
178 889 6
178 891 13
178 898 6
178 910 2
178 912 24
178 962 95
178 974 99
178 979 12
178 990 50
178 994 76
179 203 23
179 207 68
179 215 89
179 216 4
179 218 8
179 231 22
179 235 52
179 238 85
179 241 1
179 252 98
179 267 9
179 270 19
179 280 66
179 289 53
179 290 65
179 292 48
179 299 15
179 300 43
179 312 57
179 315 26
179 331 62
179 340 88
179 349 17
179 353 38
179 354 63
179 373 81
179 374 63
179 376 30
179 383 25
179 388 10
179 390 90
179 397 92
179 400 34
179 402 26
179 418 95
179 438 78
179 443 50
179 475 47
179 480 79
179 482 89
179 484 4
179 487 77
179 496 6
179 509 97
179 518 73
179 539 1
179 571 35
179 574 92
179 585 8
179 599 49
179 638 44
179 640 95
179 642 41
179 644 71
179 658 67
179 664 49
179 666 98
179 669 47
179 675 20
179 676 57
179 680 74
179 700 43
179 708 31
179 727 65
179 731 61
179 743 80
179 744 90
179 748 19
179 753 67
179 758 5
179 766 4
179 774 88
179 776 89
179 794 100
179 812 79
179 819 68
179 825 90
179 829 43
179 834 12
179 845 87
179 846 32
179 849 71
179 850 47
179 857 29
179 858 86
179 881 69
179 894 16
179 901 10
179 903 81
179 908 88
179 913 40
179 914 12
179 915 67
179 917 36
179 929 21
179 935 29
179 940 60
179 959 64
179 966 45
179 983 49
180 184 45
180 194 10
180 209 16
180 226 60
180 266 27
180 271 19
180 279 36
180 281 51
180 283 63
180 285 93
180 355 65
180 356 83
180 369 8
180 371 43
180 379 7
180 380 13
180 391 63
180 422 55
180 423 68
180 431 18
180 447 74
180 449 30
180 462 87
180 468 59
180 469 1
180 472 89
180 486 80
180 488 83
180 495 77
180 511 81
180 513 55
180 522 70
180 528 64
180 536 44
180 546 96
180 575 21
180 577 35
180 583 50
180 595 12
180 596 74
180 605 67
180 609 71
180 616 83
180 624 45
180 630 99
180 639 5
180 656 39
180 662 72
180 665 42
180 668 44
180 674 90
180 677 49
180 683 89
180 711 65
180 732 79
180 742 59
180 779 42
180 826 70
180 839 77
180 840 62
180 890 63
180 900 69
180 926 12
180 934 33
180 939 17
180 944 35
180 946 46
180 949 44
180 956 32
180 968 78
180 977 9
181 202 40
181 205 39
181 206 85
181 213 52
181 222 85
181 224 94
181 228 96
181 230 46
181 236 78
181 254 31
181 265 37
181 304 9
181 316 3
181 320 47
181 326 46
181 337 72
181 357 73
181 361 67
181 363 57
181 367 86
181 370 36
181 381 29
181 386 88
181 389 39
181 392 89
181 429 61
181 433 25
181 439 39
181 444 56
181 451 88
181 461 96
181 465 87
181 473 26
181 474 85
181 477 19
181 479 63
181 493 74
181 497 87
181 505 49
181 506 2
181 517 30
181 537 29
181 540 84
181 541 49
181 547 97
181 557 67
181 558 33
181 560 47
181 565 22
181 569 73
181 591 42
181 606 99
181 607 14
181 631 68
181 633 12
181 649 28
181 655 31
181 685 83
181 686 22
181 693 70
181 694 60
181 696 54
181 697 30
181 699 63
181 705 88
181 706 100
181 719 5
181 721 66
181 762 100
181 763 10
181 768 45
181 772 68
181 784 24
181 790 86
181 801 43
181 808 35
181 814 43
181 820 33
181 828 57
181 832 75
181 835 57
181 836 34
181 842 60
181 847 51
181 851 73
181 855 23
181 859 85
181 860 64
181 865 84
181 867 31
181 868 63
181 870 3
181 882 89
181 893 65
181 904 25
181 921 81
181 942 33
181 943 5
181 952 3
181 955 78
181 965 75
181 989 100
181 997 57
181 999 77
182 187 78
182 189 87
182 201 28
182 220 46
182 239 55
182 247 48
182 248 24
182 256 67
182 259 15
182 264 31
182 281 18
182 284 78
182 286 4
182 301 31
182 302 32
182 311 7
182 317 63
182 324 49
182 336 37
182 338 28
182 346 96
182 348 13
182 350 78
182 359 55
182 371 49
182 372 52
182 375 54
182 384 45
182 401 87
182 409 15
182 419 50
182 424 5
182 426 36
182 430 66
182 446 25
182 457 60
182 466 83
182 470 29
182 491 49
182 500 97
182 510 79
182 513 95
182 514 56
182 515 53
182 516 16
182 522 70
182 535 69
182 545 68
182 575 74
182 588 15
182 597 88
182 612 63
182 621 54
182 628 95
182 639 49
182 648 61
182 656 2
182 667 66
182 682 2
182 687 2
182 691 58
182 703 16
182 704 77
182 710 45
182 723 21
182 728 1
182 729 99
182 733 19
182 737 78
182 738 64
182 751 96
182 764 48
182 779 4
182 780 88
182 793 87
182 795 39
182 802 62
182 803 37
182 804 3
182 810 19
182 811 38
182 815 75
182 817 77
182 827 62
182 833 24
182 856 33
182 890 53
182 895 10
182 902 76
182 909 22
182 918 79
182 920 17
182 922 88
182 923 12
182 928 68
182 931 96
182 937 71
182 961 11
182 968 20
182 975 66
182 977 50
182 984 5
183 186 41
183 199 23
183 211 31
183 212 59
183 229 50
183 234 11
183 240 73
183 249 13
183 250 12
183 276 4
183 291 39
183 322 81
183 327 16
183 335 28
183 345 7
183 358 81
183 362 14
183 368 3
183 378 13
183 385 67
183 387 56
183 395 20
183 421 81
183 425 30
183 427 6
183 441 83
183 445 25
183 448 26
183 452 22
183 464 17
183 485 13
183 508 82
183 519 47
183 530 9
183 531 86
183 532 37
183 538 89
183 542 6
183 544 26
183 551 40
183 559 2
183 561 61
183 572 4
183 573 68
183 576 4
183 578 50
183 590 34
183 592 58
183 601 6
183 611 29
183 614 16
183 617 18
183 629 21
183 635 44
183 641 37
183 645 53
183 651 94
183 678 7
183 679 18
183 709 30
183 713 83
183 718 30
183 722 12
183 725 40
183 760 63
183 797 49
183 800 90
183 813 87
183 816 84
183 818 28
183 821 69
183 823 14
183 838 1
183 844 84
183 852 11
183 854 96
183 864 11
183 876 48
183 878 22
183 879 16
183 884 57
183 889 25
183 898 36
183 912 9
183 916 47
183 947 85
183 951 40
183 957 29
183 962 62
183 970 66
183 972 65
183 979 82
183 985 30
184 194 29
184 209 43
184 266 64
184 281 4
184 283 66
184 297 67
184 298 67
184 303 29
184 339 11
184 355 66
184 371 70
184 379 39
184 412 18
184 415 71
184 423 51
184 447 13
184 468 55
184 469 87
184 472 26
184 486 71
184 488 76
184 491 86
184 522 92
184 523 31
184 577 38
184 594 44
184 595 34
184 609 34
184 624 68
184 662 82
184 674 47
184 677 58
184 703 32
184 711 24
184 732 100
184 742 96
184 755 55
184 781 87
184 802 52
184 839 4
184 840 29
184 883 45
184 890 37
184 900 62
184 906 78
184 907 3
184 931 13
184 934 24
184 939 49
184 956 93
184 958 74
184 964 92
184 968 11
184 977 37
184 982 4
185 215 56
185 218 43
185 231 97
185 241 46
185 270 67
185 290 94
185 312 20
185 319 32
185 343 41
185 349 87
185 353 50
185 374 10
185 376 93
185 390 52
185 393 32
185 438 31
185 475 2
185 496 19
185 501 63
185 556 99
185 585 99
185 599 50
185 626 64
185 644 30
185 650 6
185 657 54
185 660 97
185 664 8
185 669 45
185 675 6
185 708 95
185 743 65
185 748 45
185 771 67
185 794 59
185 812 18
185 829 44
185 846 1
185 850 15
185 857 63
185 871 86
185 894 50
185 903 49
185 959 47
185 967 65
186 199 92
186 211 3
186 221 29
186 225 30
186 227 5
186 234 2
186 240 26
186 250 66
186 257 1
186 272 60
186 323 47
186 327 99
186 330 60
186 335 69
186 345 43
186 385 36
186 387 4
186 395 55
186 425 36
186 427 92
186 435 20
186 436 68
186 441 59
186 448 42
186 453 87
186 498 87
186 502 95
186 529 10
186 530 4
186 532 9
186 538 56
186 544 8
186 551 57
186 561 90
186 568 62
186 572 64
186 581 20
186 590 49
186 611 83
186 623 13
186 641 66
186 651 58
186 654 41
186 678 62
186 679 97
186 684 34
186 718 78
186 720 35
186 761 24
186 782 15
186 788 85
186 797 3
186 813 19
186 816 35
186 823 25
186 824 73
186 841 27
186 844 46
186 876 9
186 889 61
186 891 6
186 898 98
186 910 92
186 912 83
186 962 54
186 974 57
186 979 96
186 980 97
186 990 18
186 994 85
187 201 59
187 205 63
187 223 33
187 224 65
187 230 58
187 239 61
187 247 28
187 255 97
187 256 69
187 259 16
187 268 100
187 284 26
187 286 40
187 288 33
187 302 18
187 308 49
187 309 46
187 310 80
187 311 4
187 318 7
187 324 47
187 325 34
187 346 44
187 359 53
187 360 89
187 367 23
187 372 72
187 375 68
187 384 84
187 405 5
187 411 60
187 419 26
187 446 43
187 455 56
187 459 33
187 466 61
187 483 56
187 494 17
187 497 49
187 500 20
187 510 83
187 512 83
187 514 77
187 533 24
187 535 10
187 547 2
187 548 89
187 555 94
187 558 15
187 562 95
187 580 93
187 582 83
187 589 93
187 608 73
187 620 24
187 621 19
187 628 73
187 631 64
187 648 46
187 661 93
187 682 81
187 702 37
187 704 31
187 705 78
187 723 67
187 729 3
187 730 89
187 734 47
187 738 90
187 746 66
187 757 55
187 764 41
187 767 7
187 775 9
187 777 37
187 780 15
187 784 32
187 785 66
187 792 94
187 795 45
187 798 54
187 799 65
187 810 39
187 815 85
187 827 96
187 837 4
187 853 14
187 856 70
187 863 1
187 873 3
187 877 29
187 902 49
187 922 97
187 928 7
187 932 18
187 937 2
187 943 63
187 948 84
187 961 60
187 971 25
187 978 79
187 989 38
188 192 88
188 197 63
188 242 28
188 254 83
188 263 1
188 313 30
188 316 96
188 328 85
188 333 67
188 347 14
188 370 83
188 381 29
188 392 88
188 394 67
188 404 99
188 414 38
188 416 82
188 428 75
188 429 100
188 433 72
188 444 4
188 454 21
188 467 28
188 481 100
188 499 13
188 507 96
188 524 37
188 527 43
188 537 52
188 543 38
188 550 92
188 586 26
188 593 22
188 598 69
188 602 32
188 603 69
188 610 26
188 614 93
188 615 8
188 622 83
188 643 1
188 686 47
188 690 98
188 694 22
188 698 28
188 701 57
188 716 84
188 726 64
188 735 81
188 739 32
188 759 30
188 768 91
188 783 43
188 790 44
188 791 49
188 807 84
188 809 42
188 822 85
188 835 5
188 836 25
188 843 67
188 864 69
188 869 35
188 879 79
188 887 26
188 897 6
188 904 99
188 911 16
188 919 61
188 941 30
188 950 11
188 955 23
188 973 42
188 993 62
189 194 95
189 204 50
189 208 14
189 220 56
189 239 48
189 243 56
189 248 87
189 256 93
189 264 65
189 281 44
189 297 31
189 301 82
189 303 69
189 306 12
189 311 59
189 332 12
189 334 81
189 336 64
189 338 50
189 339 96
189 346 15
189 348 99
189 350 75
189 355 58
189 371 21
189 384 38
189 407 56
189 409 20
189 415 68
189 419 29
189 423 87
189 424 66
189 426 95
189 430 22
189 447 5
189 457 37
189 466 26
189 470 8
189 472 64
189 486 6
189 490 96
189 491 68
189 500 48
189 510 47
189 513 87
189 515 79
189 516 7
189 522 66
189 523 59
189 535 2
189 545 68
189 564 54
189 575 30
189 579 60
189 594 77
189 595 89
189 597 85
189 612 92
189 639 23
189 656 51
189 667 31
189 681 41
189 691 45
189 692 1
189 703 20
189 710 22
189 717 6
189 723 70
189 728 5
189 732 97
189 733 15
189 737 46
189 751 54
189 754 59
189 755 15
189 780 73
189 781 43
189 793 54
189 795 53
189 802 44
189 803 87
189 804 32
189 815 17
189 817 14
189 827 76
189 833 20
189 883 9
189 890 49
189 900 33
189 906 6
189 907 50
189 909 72
189 920 45
189 923 36
189 928 17
189 931 31
189 958 39
189 961 33
189 964 51
189 968 31
189 975 71
189 977 29
189 995 99
190 191 60
190 217 61
190 226 63
190 246 22
190 251 4
190 266 39
190 271 89
190 278 78
190 279 7
190 282 66
190 285 95
190 287 61
190 294 78
190 307 28
190 321 10
190 340 71
190 356 9
190 369 68
190 377 68
190 380 82
190 391 7
190 402 56
190 422 10
190 431 55
190 449 37
190 456 68
190 458 21
190 462 91
190 468 8
190 489 94
190 495 54
190 504 14
190 511 16
190 520 47
190 528 59
190 536 17
190 546 65
190 563 44
190 566 90
190 583 86
190 596 78
190 604 13
190 605 7
190 613 87
190 616 41
190 618 96
190 630 81
190 642 62
190 653 56
190 659 14
190 665 3
190 668 28
190 670 73
190 673 84
190 676 72
190 683 73
190 711 88
190 712 12
190 714 45
190 750 7
190 753 26
190 773 81
190 805 32
190 819 18
190 826 22
190 831 5
190 874 94
190 886 48
190 888 32
190 892 34
190 913 40
190 914 57
190 924 55
190 925 73
190 926 87
190 944 87
190 946 85
190 949 85
190 976 25
191 217 51
191 218 92
191 246 57
191 251 59
191 278 48
191 294 38
191 300 47
191 312 23
191 321 95
191 340 40
191 349 93
191 353 8
191 376 40
191 377 96
191 402 53
191 438 10
191 489 70
191 520 16
191 563 91
191 566 55
191 599 53
191 604 70
191 613 90
191 618 12
191 642 78
191 659 41
191 664 37
191 670 68
191 675 65
191 676 23
191 712 38
191 714 53
191 743 4
191 750 68
191 753 77
191 773 37
191 776 88
191 794 18
191 805 93
191 819 61
191 831 16
191 858 10
191 874 32
191 886 37
191 888 81
191 903 80
191 913 88
191 914 54
191 915 97
191 925 61
191 940 63
191 976 87
191 983 89
192 196 67
192 197 96
192 200 76
192 229 9
192 242 83
192 254 78
192 255 51
192 261 45
192 263 39
192 275 32
192 276 3
192 288 31
192 291 11
192 305 94
192 313 8
192 322 61
192 328 46
192 329 67
192 333 87
192 341 50
192 344 29
192 347 25
192 364 2
192 394 85
192 404 38
192 416 95
192 420 7
192 428 11
192 429 37
192 444 98
192 445 28
192 450 89
192 454 70
192 464 53
192 467 93
192 481 51
192 485 36
192 499 27
192 507 74
192 508 6
192 521 6
192 526 98
192 527 22
192 537 95
192 543 84
192 550 11
192 555 35
192 559 34
192 562 60
192 586 67
192 587 67
192 593 87
192 598 14
192 608 16
192 610 73
192 614 15
192 617 95
192 634 16
192 645 40
192 690 90
192 698 11
192 701 35
192 709 6
192 716 20
192 725 41
192 726 32
192 735 45
192 739 23
192 752 96
192 757 99
192 783 34
192 790 77
192 791 3
192 807 71
192 821 48
192 822 35
192 843 41
192 848 99
192 864 48
192 866 6
192 869 73
192 872 60
192 879 39
192 887 37
192 897 42
192 911 90
192 936 77
192 941 70
192 947 53
192 954 68
192 970 81
192 972 95
192 978 53
192 985 18
192 993 24
193 195 76
193 203 65
193 207 68
193 214 77
193 232 87
193 233 83
193 235 42
193 237 39
193 238 6
193 244 12
193 245 90
193 252 87
193 258 16
193 262 56
193 269 20
193 274 62
193 277 81
193 289 94
193 292 51
193 293 27
193 299 15
193 308 87
193 352 89
193 354 88
193 366 1
193 373 60
193 388 79
193 397 27
193 398 2
193 403 50
193 406 7
193 408 20
193 411 27
193 418 17
193 443 33
193 460 23
193 463 91
193 480 95
193 484 53
193 487 15
193 492 59
193 509 42
193 534 72
193 552 94
193 554 92
193 567 99
193 619 34
193 627 89
193 632 36
193 636 36
193 637 28
193 638 78
193 640 24
193 647 35
193 658 100
193 663 100
193 666 48
193 671 40
193 672 44
193 680 95
193 688 25
193 689 24
193 695 36
193 724 75
193 727 16
193 731 63
193 734 29
193 736 26
193 744 55
193 746 64
193 749 73
193 765 43
193 766 71
193 769 21
193 770 93
193 774 45
193 778 51
193 789 86
193 796 90
193 799 72
193 830 45
193 845 22
193 863 26
193 875 97
193 881 66
193 885 76
193 901 70
193 905 64
193 915 6
193 927 98
193 929 38
193 932 26
193 935 51
193 945 5
193 960 78
193 963 53
193 966 48
193 986 82
193 987 11
193 988 37
193 991 42
193 992 98
193 998 1
194 204 79
194 209 81
194 266 82
194 281 81
194 283 79
194 297 59
194 298 20
194 301 13
194 303 85
194 334 43
194 339 73
194 350 14
194 355 25
194 356 22
194 371 33
194 379 69
194 407 3
194 412 36
194 415 62
194 423 58
194 426 47
194 447 37
194 468 76
194 469 2
194 472 37
194 486 48
194 488 95
194 491 3
194 495 49
194 513 50
194 522 89
194 523 82
194 545 50
194 575 11
194 577 24
194 594 51
194 595 13
194 609 15
194 624 52
194 656 80
194 662 2
194 674 90
194 677 65
194 703 87
194 710 4
194 711 84
194 732 78
194 742 68
194 754 93
194 755 85
194 781 100
194 802 21
194 817 53
194 826 66
194 839 45
194 840 1
194 883 26
194 890 99
194 900 41
194 906 17
194 907 89
194 931 64
194 934 44
194 939 42
194 956 12
194 958 87
194 964 10
194 968 21
194 975 25
194 977 4
194 982 47
195 198 76
195 207 80
195 214 68
195 232 13
195 233 29
195 237 14
195 244 16
195 245 74
195 247 83
195 255 48
195 258 38
195 262 64
195 268 31
195 269 59
195 274 87
195 277 35
195 286 20
195 293 2
195 295 100
195 308 66
195 309 29
195 310 79
195 318 90
195 324 56
195 344 17
195 351 11
195 352 66
195 366 11
195 398 41
195 401 9
195 403 34
195 405 42
195 406 41
195 408 15
195 411 49
195 420 42
195 443 26
195 459 22
195 460 45
195 463 46
195 476 39
195 483 8
195 484 55
195 492 66
195 494 97
195 526 78
195 534 11
195 549 50
195 552 90
195 567 64
195 619 100
195 620 45
195 627 51
195 628 31
195 632 52
195 636 8
195 637 30
195 640 39
195 647 34
195 661 95
195 663 79
195 671 38
195 672 18
195 680 11
195 689 1
195 704 99
195 724 41
195 727 61
195 730 79
195 734 37
195 736 25
195 746 55
195 749 50
195 752 20
195 767 78
195 769 30
195 774 18
195 775 61
195 777 6
195 778 46
195 789 11
195 792 21
195 796 31
195 799 21
195 810 33
195 830 20
195 837 98
195 845 56
195 848 85
195 863 25
195 872 37
195 875 61
195 885 9
195 902 90
195 905 45
195 927 49
195 932 79
195 937 51
195 945 52
195 954 3
195 960 69
195 963 62
195 966 86
195 986 66
195 987 21
195 988 52
195 992 85
195 998 35
196 198 29
196 200 1
196 214 18
196 229 74
196 234 88
196 253 72
196 255 51
196 261 74
196 262 39
196 263 14
196 276 27
196 277 63
196 291 4
196 295 100
196 310 2
196 327 31
196 328 100
196 329 71
196 330 41
196 335 23
196 341 9
196 344 40
196 345 20
196 364 26
196 403 42
196 420 97
196 425 18
196 437 7
196 441 19
196 445 78
196 448 18
196 450 2
196 460 12
196 464 66
196 467 67
196 471 55
196 476 86
196 485 15
196 499 18
196 503 98
196 507 75
196 508 84
196 521 33
196 526 79
196 531 69
196 538 43
196 549 46
196 550 73
196 555 65
196 559 6
196 567 35
196 586 4
196 587 5
196 600 87
196 611 86
196 617 43
196 627 26
196 632 89
196 634 93
196 645 95
196 689 55
196 709 30
196 713 41
196 716 87
196 722 95
196 741 82
196 745 59
196 752 97
196 756 89
196 757 49
196 761 14
196 769 17
196 782 8
196 789 87
196 796 74
196 821 6
196 824 52
196 843 65
196 848 26
196 863 26
196 866 56
196 869 91
196 872 87
196 879 43
196 897 49
196 927 85
196 936 28
196 938 65
196 947 81
196 954 37
196 970 80
196 972 19
196 979 55
196 985 11
196 993 52
196 998 38
197 202 79
197 224 72
197 242 34
197 254 39
197 263 28
197 275 90
197 305 13
197 313 40
197 316 58
197 328 54
197 329 54
197 333 79
197 341 75
197 347 71
197 370 58
197 381 82
197 392 19
197 394 35
197 404 34
197 414 82
197 416 87
197 428 54
197 429 90
197 433 14
197 439 14
197 444 83
197 454 70
197 467 32
197 499 40
197 507 81
197 524 17
197 527 3
197 537 5
197 543 40
197 550 93
197 557 11
197 562 50
197 569 86
197 586 95
197 593 84
197 598 89
197 602 65
197 603 96
197 606 88
197 610 12
197 615 47
197 622 77
197 631 87
197 643 1
197 686 89
197 690 60
197 694 63
197 698 33
197 701 28
197 726 74
197 735 59
197 739 37
197 768 91
197 772 52
197 783 91
197 790 51
197 791 48
197 801 91
197 807 20
197 820 22
197 822 23
197 828 9
197 835 91
197 836 61
197 842 57
197 843 69
197 869 34
197 882 16
197 887 32
197 897 33
197 904 21
197 911 54
197 919 87
197 921 10
197 941 58
197 950 97
197 955 78
197 973 16
197 978 41
197 993 9
198 200 63
198 214 27
198 234 6
198 244 13
198 253 34
198 255 41
198 258 77
198 261 62
198 262 50
198 268 95
198 269 99
198 277 87
198 288 6
198 295 41
198 310 4
198 318 62
198 328 76
198 329 87
198 335 51
198 341 58
198 344 45
198 364 87
198 403 100
198 405 85
198 406 12
198 408 82
198 411 39
198 420 97
198 437 13
198 441 25
198 445 21
198 450 93
198 459 58
198 460 53
198 464 71
198 471 85
198 476 50
198 483 17
198 492 50
198 494 78
198 503 78
198 507 93
198 521 45
198 526 3
198 549 70
198 552 9
198 555 1
198 567 96
198 600 38
198 611 37
198 620 71
198 627 13
198 632 27
198 634 63
198 636 61
198 647 35
198 661 24
198 663 54
198 671 6
198 672 24
198 689 57
198 695 8
198 730 77
198 734 42
198 741 29
198 745 93
198 749 88
198 752 85
198 756 88
198 757 84
198 761 55
198 767 72
198 769 79
198 775 20
198 777 64
198 782 7
198 789 68
198 792 43
198 796 61
198 798 17
198 848 33
198 863 80
198 866 26
198 869 7
198 872 55
198 875 95
198 885 42
198 905 67
198 927 42
198 932 1
198 936 29
198 938 78
198 945 2
198 954 93
198 960 4
198 970 14
198 972 45
198 979 23
198 985 31
198 986 32
198 987 22
198 988 78
198 993 82
198 998 66
199 211 69
199 221 9
199 225 71
199 227 73
199 234 82
199 240 69
199 250 91
199 257 31
199 272 26
199 323 80
199 327 57
199 330 23
199 335 60
199 345 71
199 358 51
199 385 61
199 387 55
199 395 67
199 425 29
199 427 34
199 436 41
199 437 41
199 441 6
199 448 71
199 452 44
199 453 73
199 498 20
199 502 28
199 529 40
199 530 98
199 532 23
199 538 99
199 544 17
199 551 41
199 561 20
199 568 43
199 572 4
199 576 97
199 581 16
199 590 22
199 592 61
199 600 85
199 611 51
199 623 60
199 635 10
199 641 73
199 651 35
199 654 20
199 678 55
199 679 54
199 684 41
199 713 12
199 718 42
199 720 28
199 756 6
199 761 23
199 788 45
199 797 29
199 813 97
199 816 67
199 823 62
199 824 1
199 841 2
199 844 64
199 876 72
199 889 58
199 891 9
199 898 14
199 910 44
199 912 27
199 962 45
199 974 81
199 979 67
199 980 32
199 990 64
199 994 48
200 229 74
200 255 81
200 261 97
200 263 35
200 275 88
200 276 44
200 288 21
200 291 24
200 295 75
200 305 58
200 310 11
200 322 13
200 328 58
200 329 92
200 333 48
200 335 83
200 341 77
200 344 11
200 347 50
200 364 44
200 403 82
200 404 87
200 416 30
200 420 53
200 428 35
200 445 47
200 450 14
200 454 41
200 464 53
200 467 86
200 471 6
200 476 6
200 485 33
200 499 42
200 503 59
200 507 2
200 508 22
200 521 69
200 526 64
200 527 48
200 531 83
200 538 19
200 549 38
200 550 93
200 555 33
200 559 34
200 586 97
200 587 41
200 593 79
200 598 79
200 600 72
200 608 14
200 611 53
200 614 93
200 617 55
200 632 27
200 634 43
200 645 3
200 690 90
200 698 91
200 709 5
200 713 38
200 716 39
200 722 68
200 725 72
200 726 72
200 735 64
200 741 63
200 745 95
200 752 64
200 756 67
200 757 53
200 769 43
200 783 39
200 791 89
200 821 49
200 822 16
200 843 28
200 848 6
200 863 88
200 864 37
200 866 62
200 869 20
200 872 93
200 879 96
200 887 47
200 897 25
200 911 38
200 936 75
200 941 54
200 947 93
200 954 58
200 970 85
200 972 21
200 978 78
200 979 11
200 985 21
200 993 15
201 205 72
201 223 33
201 224 51
201 230 31
201 239 94
201 247 32
201 255 47
201 256 75
201 259 44
201 268 26
201 284 81
201 286 99
201 288 2
201 302 48
201 305 54
201 308 92
201 309 53
201 310 42
201 311 50
201 318 32
201 324 99
201 325 60
201 346 76
201 359 27
201 360 74
201 367 100
201 372 38
201 375 93
201 384 46
201 405 94
201 409 58
201 411 3
201 419 85
201 446 96
201 455 81
201 459 24
201 465 33
201 466 1
201 483 66
201 494 76
201 497 5
201 500 93
201 510 81
201 512 1
201 514 57
201 533 60
201 535 95
201 547 84
201 548 55
201 555 65
201 558 44
201 562 10
201 580 32
201 582 29
201 589 84
201 608 95
201 620 5
201 621 54
201 628 100
201 631 61
201 648 65
201 661 42
201 682 86
201 702 79
201 704 78
201 705 52
201 723 100
201 729 40
201 730 95
201 734 25
201 738 64
201 746 75
201 757 35
201 764 98
201 767 13
201 775 67
201 777 31
201 780 39
201 784 9
201 785 21
201 792 60
201 795 60
201 798 23
201 799 55
201 810 42
201 815 55
201 827 9
201 837 6
201 853 30
201 856 63
201 873 41
201 877 16
201 902 75
201 922 2
201 928 38
201 932 81
201 937 2
201 943 8
201 948 31
201 961 23
201 971 10
201 978 91
201 989 25
202 205 77
202 206 60
202 222 85
202 223 94
202 224 56
202 228 44
202 230 15
202 236 43
202 254 7
202 265 47
202 275 84
202 304 82
202 305 74
202 316 5
202 320 94
202 325 98
202 326 29
202 333 64
202 337 13
202 357 9
202 363 36
202 367 52
202 370 7
202 381 95
202 386 99
202 392 19
202 429 19
202 433 96
202 439 89
202 444 65
202 451 88
202 461 77
202 465 85
202 473 66
202 474 78
202 477 84
202 493 6
202 497 51
202 506 14
202 517 100
202 537 4
202 540 63
202 541 98
202 547 30
202 548 97
202 557 59
202 558 80
202 560 84
202 562 70
202 569 29
202 580 30
202 582 79
202 589 65
202 591 88
202 606 36
202 607 96
202 608 43
202 622 25
202 631 67
202 649 35
202 685 26
202 686 2
202 693 62
202 694 93
202 698 55
202 699 82
202 705 54
202 706 74
202 719 19
202 721 11
202 763 66
202 768 39
202 772 77
202 783 78
202 784 66
202 790 70
202 801 3
202 807 41
202 820 50
202 828 71
202 835 3
202 836 8
202 842 7
202 847 18
202 851 22
202 859 50
202 860 88
202 865 48
202 867 32
202 868 63
202 870 4
202 877 39
202 882 56
202 887 4
202 893 59
202 904 54
202 911 8
202 921 73
202 942 57
202 943 21
202 952 35
202 955 57
202 965 75
202 971 26
202 973 42
202 978 97
202 989 61
202 997 26
202 999 41
203 207 18
203 210 12
203 214 14
203 216 77
203 219 57
203 235 41
203 237 49
203 238 64
203 244 10
203 252 21
203 258 62
203 262 54
203 267 63
203 273 45
203 274 48
203 280 77
203 289 1
203 292 83
203 293 23
203 299 26
203 314 7
203 315 83
203 331 25
203 352 13
203 354 69
203 373 85
203 383 6
203 388 72
203 396 90
203 397 56
203 398 80
203 408 37
203 410 28
203 418 37
203 435 15
203 442 16
203 443 33
203 463 32
203 480 62
203 484 27
203 487 92
203 492 83
203 509 78
203 518 50
203 525 29
203 534 67
203 539 30
203 552 15
203 554 4
203 570 93
203 571 68
203 574 8
203 619 21
203 627 88
203 636 64
203 637 10
203 638 42
203 640 92
203 658 17
203 666 27
203 672 1
203 680 97
203 688 30
203 695 37
203 700 48
203 707 74
203 727 56
203 731 33
203 736 78
203 740 81
203 744 35
203 749 11
203 758 34
203 765 71
203 766 3
203 770 81
203 774 84
203 778 83
203 825 16
203 830 72
203 834 51
203 845 46
203 849 59
203 862 67
203 875 88
203 881 65
203 885 46
203 896 22
203 901 90
203 908 20
203 917 78
203 929 26
203 935 16
203 966 5
203 980 20
203 986 37
203 987 4
203 988 61
203 992 36
203 996 17
203 998 7
204 208 57
204 220 54
204 239 55
204 243 18
204 264 40
204 281 87
204 296 53
204 297 50
204 301 43
204 303 57
204 306 78
204 332 22
204 334 68
204 336 73
204 338 58
204 339 53
204 350 38
204 371 53
204 384 73
204 407 75
204 409 50
204 415 66
204 423 61
204 424 54
204 426 98
204 430 23
204 447 98
204 457 43
204 490 48
204 491 56
204 515 86
204 522 76
204 523 99
204 545 64
204 564 47
204 575 6
204 579 26
204 594 4
204 595 82
204 597 94
204 612 16
204 656 61
204 667 60
204 681 66
204 691 66
204 692 72
204 703 51
204 710 68
204 717 60
204 728 7
204 732 66
204 751 8
204 754 8
204 755 12
204 781 55
204 793 55
204 802 16
204 803 78
204 804 93
204 815 100
204 817 94
204 833 41
204 883 68
204 890 62
204 900 38
204 906 76
204 907 31
204 909 6
204 920 44
204 923 15
204 931 51
204 958 69
204 964 55
204 968 90
204 975 99
204 977 77
204 995 49
205 223 19
205 224 72
205 230 94
205 259 49
205 265 53
205 284 99
205 304 52
205 305 5
205 311 4
205 320 81
205 325 40
205 338 49
205 342 96
205 346 70
205 357 47
205 360 59
205 367 14
205 372 12
205 375 21
205 384 64
205 386 28
205 389 52
205 399 15
205 409 77
205 419 65
205 439 41
205 444 30
205 446 12
205 455 69
205 461 52
205 465 3
205 473 100
205 474 16
205 477 43
205 479 84
205 493 35
205 497 24
205 512 11
205 514 13
205 533 47
205 537 20
205 547 3
205 548 59
205 553 78
205 557 36
205 558 76
205 560 5
205 562 77
205 569 82
205 580 18
205 582 70
205 584 1
205 589 90
205 591 5
205 607 21
205 608 58
205 612 38
205 621 19
205 631 95
205 646 54
205 648 6
205 682 28
205 697 80
205 699 10
205 702 86
205 705 21
205 706 60
205 719 85
205 737 74
205 738 1
205 762 95
205 763 68
205 764 12
205 772 9
205 784 22
205 785 48
205 795 1
205 798 87
205 806 57
205 815 25
205 820 84
205 847 32
205 853 59
205 856 96
205 859 100
205 860 70
205 861 50
205 865 82
205 867 98
205 868 57
205 870 28
205 873 21
205 877 21
205 909 5
205 918 38
205 921 87
205 922 7
205 928 80
205 942 70
205 943 82
205 948 40
205 953 46
205 955 15
205 969 3
205 971 13
205 978 34
205 981 12
205 989 8
205 999 9
206 213 61
206 222 54
206 228 53
206 236 88
206 304 31
206 316 59
206 320 30
206 326 70
206 337 52
206 357 66
206 361 10
206 363 95
206 370 3
206 381 74
206 382 35
206 386 19
206 392 94
206 413 57
206 414 51
206 429 64
206 433 16
206 434 98
206 439 77
206 451 34
206 461 51
206 473 86
206 474 91
206 477 23
206 493 52
206 505 50
206 506 50
206 517 47
206 524 48
206 540 2
206 541 34
206 557 86
206 560 31
206 565 83
206 569 57
206 591 16
206 606 87
206 607 28
206 615 30
206 625 55
206 633 87
206 649 7
206 655 1
206 685 51
206 686 45
206 693 22
206 694 6
206 696 64
206 697 94
206 721 5
206 768 61
206 772 33
206 790 34
206 801 38
206 814 16
206 828 65
206 832 90
206 835 32
206 836 55
206 842 34
206 847 5
206 851 79
206 855 86
206 859 67
206 860 34
206 868 64
206 870 27
206 882 68
206 893 55
206 899 43
206 904 19
206 921 73
206 933 73
206 942 78
206 952 32
206 955 3
206 965 28
206 973 11
206 997 59
206 999 83
207 210 39
207 214 15
207 216 77
207 232 88
207 233 85
207 235 42
207 237 65
207 238 60
207 244 72
207 245 8
207 252 33
207 258 57
207 262 70
207 267 82
207 269 69
207 274 90
207 277 29
207 280 45
207 287 17
207 289 35
207 292 47
207 293 76
207 299 83
207 300 10
207 314 2
207 315 62
207 331 22
207 340 63
207 352 47
207 354 93
207 366 52
207 373 66
207 383 41
207 388 69
207 397 52
207 398 53
207 400 67
207 406 77
207 408 40
207 418 72
207 443 49
207 463 84
207 480 79
207 484 52
207 487 42
207 492 99
207 509 82
207 534 81
207 552 49
207 554 79
207 571 76
207 574 48
207 619 88
207 636 14
207 637 31
207 638 88
207 640 99
207 647 73
207 658 42
207 663 73
207 666 17
207 671 44
207 672 89
207 680 50
207 688 24
207 724 73
207 727 14
207 731 87
207 736 64
207 740 28
207 744 1
207 749 50
207 758 16
207 765 78
207 766 87
207 770 12
207 774 74
207 778 60
207 825 54
207 830 75
207 834 53
207 845 88
207 858 86
207 875 2
207 881 41
207 885 1
207 901 90
207 905 92
207 908 53
207 914 88
207 915 27
207 927 72
207 929 11
207 935 84
207 945 28
207 960 57
207 963 57
207 966 58
207 986 70
207 987 1
207 988 78
207 991 14
207 992 94
207 996 60
208 239 60
208 243 74
208 264 70
208 296 19
208 303 45
208 306 19
208 311 53
208 332 69
208 334 84
208 336 53
208 338 83
208 342 63
208 346 56
208 350 40
208 384 96
208 399 20
208 407 22
208 409 62
208 415 13
208 419 39
208 426 59
208 430 73
208 457 78
208 490 36
208 491 86
208 515 40
208 533 77
208 545 23
208 553 61
208 564 46
208 579 44
208 584 53
208 597 55
208 612 39
208 646 28
208 667 56
208 681 32
208 691 13
208 692 57
208 703 26
208 710 32
208 717 61
208 728 93
208 737 33
208 754 63
208 762 54
208 781 20
208 786 79
208 793 58
208 802 50
208 803 94
208 806 39
208 815 2
208 817 56
208 833 21
208 861 21
208 907 75
208 909 51
208 918 55
208 920 14
208 923 34
208 928 35
208 931 40
208 953 27
208 964 54
208 975 51
208 981 96
208 995 82
209 226 92
209 266 75
209 271 31
209 279 45
209 281 23
209 283 68
209 285 5
209 297 19
209 298 63
209 301 14
209 339 83
209 355 82
209 356 37
209 369 40
209 371 79
209 379 84
209 391 33
209 423 92
209 447 38
209 449 19
209 462 87
209 468 5
209 469 94
209 472 85
209 486 23
209 488 64
209 491 66
209 495 74
209 511 67
209 513 48
209 522 43
209 523 71
209 528 60
209 546 87
209 575 50
209 577 59
209 583 90
209 595 82
209 596 60
209 605 73
209 609 45
209 616 87
209 624 53
209 630 59
209 639 65
209 656 68
209 662 59
209 665 88
209 674 90
209 677 24
209 683 81
209 703 52
209 711 99
209 732 97
209 742 49
209 779 49
209 781 73
209 802 49
209 826 59
209 839 3
209 840 41
209 883 3
209 890 81
209 900 23
209 906 52
209 926 86
209 931 12
209 934 91
209 939 24
209 944 80
209 949 80
209 956 100
209 958 15
209 968 46
209 975 63
209 977 44
210 216 78
210 219 30
210 221 4
210 227 58
210 235 88
210 237 98
210 241 50
210 252 75
210 257 48
210 260 28
210 270 6
210 273 64
210 289 19
210 292 6
210 293 75
210 314 96
210 323 11
210 331 33
210 365 5
210 373 71
210 383 23
210 388 2
210 396 70
210 397 30
210 398 9
210 408 78
210 410 84
210 432 36
210 435 95
210 442 32
210 443 32
210 463 78
210 478 39
210 480 80
210 482 73
210 484 93
210 487 61
210 502 35
210 509 38
210 518 5
210 525 10
210 539 54
210 554 99
210 570 95
210 571 55
210 574 46
210 581 52
210 585 18
210 637 97
210 654 51
210 666 45
210 688 49
210 700 48
210 707 12
210 715 97
210 736 52
210 740 59
210 744 61
210 758 87
210 765 87
210 766 33
210 770 71
210 778 83
210 788 24
210 825 21
210 841 93
210 846 72
210 849 86
210 862 63
210 881 95
210 891 1
210 896 17
210 901 38
210 908 34
210 917 31
210 929 6
210 935 9
210 966 34
210 980 39
210 986 84
210 988 24
210 996 76
211 227 30
211 234 94
211 240 25
211 250 97
211 253 93
211 257 61
211 272 28
211 291 73
211 327 9
211 330 24
211 335 53
211 345 53
211 358 73
211 362 15
211 385 50
211 387 25
211 395 92
211 421 28
211 425 27
211 427 2
211 436 48
211 437 68
211 441 82
211 445 56
211 448 70
211 452 72
211 453 15
211 464 14
211 471 71
211 498 13
211 503 44
211 508 9
211 529 42
211 530 24
211 531 54
211 532 18
211 538 83
211 544 10
211 551 17
211 559 81
211 561 67
211 568 34
211 572 53
211 576 90
211 578 75
211 590 96
211 592 92
211 600 31
211 611 71
211 629 60
211 634 22
211 635 18
211 641 99
211 651 39
211 678 29
211 679 32
211 684 10
211 709 76
211 713 2
211 718 32
211 722 41
211 741 56
211 756 48
211 761 31
211 782 70
211 797 76
211 813 32
211 816 60
211 818 7
211 823 29
211 824 20
211 838 17
211 844 45
211 876 93
211 878 43
211 889 8
211 891 17
211 898 13
211 910 12
211 912 49
211 938 45
211 957 46
211 962 74
211 970 9
211 974 63
211 979 19
211 985 72
211 990 37
212 229 30
212 249 43
212 263 49
212 276 69
212 291 66
212 322 81
212 358 44
212 362 70
212 368 9
212 378 39
212 387 24
212 395 51
212 416 79
212 421 71
212 445 6
212 452 99
212 464 39
212 481 85
212 485 86
212 499 44
212 508 97
212 519 56
212 530 29
212 531 95
212 532 51
212 538 21
212 542 77
212 543 51
212 544 34
212 551 40
212 559 6
212 573 61
212 576 53
212 578 3
212 587 12
212 601 13
212 614 30
212 617 40
212 629 66
212 645 95
212 651 95
212 690 98
212 709 46
212 713 33
212 716 10
212 718 68
212 722 56
212 725 95
212 735 28
212 759 15
212 760 31
212 800 42
212 809 29
212 813 16
212 818 81
212 821 49
212 838 3
212 843 14
212 852 2
212 854 30
212 864 7
212 878 66
212 879 75
212 880 83
212 884 20
212 889 70
212 897 2
212 912 36
212 916 55
212 930 79
212 947 67
212 957 77
212 962 39
212 970 35
213 222 23
213 228 52
213 236 80
213 320 63
213 326 9
213 337 81
213 357 14
213 361 17
213 382 30
213 386 15
213 413 35
213 434 78
213 440 21
213 451 26
213 461 74
213 473 68
213 474 19
213 477 95
213 479 53
213 493 64
213 505 95
213 540 39
213 541 22
213 560 52
213 565 59
213 591 68
213 607 17
213 625 49
213 633 9
213 649 60
213 652 49
213 655 91
213 685 43
213 693 76
213 696 64
213 697 58
213 721 10
213 808 5
213 814 66
213 832 68
213 847 38
213 851 23
213 855 67
213 859 5
213 870 84
213 893 39
213 899 18
213 965 2
213 969 25
213 997 76
214 227 92
214 232 16
214 234 64
214 237 29
214 244 28
214 252 38
214 253 21
214 255 55
214 257 85
214 258 67
214 262 40
214 269 14
214 274 17
214 277 66
214 293 34
214 295 10
214 330 15
214 344 81
214 345 89
214 352 33
214 373 89
214 388 66
214 397 51
214 398 27
214 403 97
214 406 2
214 408 9
214 411 16
214 420 66
214 425 69
214 435 88
214 436 77
214 437 24
214 441 1
214 443 55
214 448 43
214 460 74
214 463 90
214 471 44
214 476 7
214 480 94
214 484 38
214 492 8
214 503 64
214 526 31
214 549 86
214 552 67
214 554 42
214 567 54
214 570 100
214 600 83
214 611 11
214 619 43
214 627 76
214 632 85
214 634 14
214 636 5
214 637 47
214 647 9
214 663 82
214 671 100
214 672 64
214 684 48
214 688 13
214 689 83
214 695 71
214 724 24
214 734 66
214 736 47
214 741 100
214 745 24
214 749 60
214 752 79
214 756 68
214 761 8
214 765 43
214 769 22
214 770 58
214 778 65
214 782 65
214 789 61
214 796 46
214 824 48
214 830 15
214 845 62
214 848 63
214 863 98
214 872 45
214 875 95
214 885 14
214 891 88
214 901 41
214 905 24
214 927 47
214 936 45
214 938 98
214 945 14
214 954 66
214 960 26
214 966 61
214 979 76
214 980 89
214 986 70
214 987 99
214 988 32
214 992 83
214 998 8
215 216 54
215 218 73
215 231 86
215 235 98
215 238 98
215 241 35
215 267 88
215 270 17
215 280 20
215 289 65
215 290 16
215 292 67
215 299 60
215 300 85
215 312 77
215 315 19
215 331 17
215 340 31
215 343 65
215 349 8
215 353 59
215 354 12
215 373 48
215 374 7
215 376 80
215 390 63
215 393 12
215 400 21
215 402 21
215 418 78
215 438 26
215 475 52
215 482 71
215 487 54
215 496 35
215 509 19
215 556 73
215 571 92
215 574 28
215 585 1
215 599 15
215 626 64
215 638 98
215 642 98
215 644 16
215 650 78
215 658 8
215 660 32
215 664 6
215 666 10
215 669 71
215 675 59
215 676 51
215 700 34
215 708 54
215 727 86
215 731 27
215 743 1
215 748 36
215 753 27
215 758 90
215 771 100
215 776 36
215 794 33
215 812 90
215 819 26
215 825 38
215 829 98
215 834 66
215 846 66
215 849 5
215 850 62
215 857 73
215 858 90
215 881 95
215 894 99
215 903 43
215 908 38
215 913 39
215 915 39
215 917 44
215 929 38
215 935 29
215 940 60
215 959 2
215 967 58
215 983 96
216 231 77
216 235 78
216 237 92
216 238 39
216 241 79
216 252 12
216 267 53
216 270 95
216 273 26
216 280 94
216 289 37
216 290 32
216 292 43
216 299 66
216 312 11
216 314 51
216 315 58
216 331 11
216 349 8
216 354 72
216 373 56
216 374 43
216 383 18
216 388 28
216 390 73
216 393 64
216 397 64
216 398 51
216 400 1
216 418 7
216 432 16
216 443 80
216 475 80
216 480 19
216 482 65
216 484 91
216 487 40
216 496 57
216 509 99
216 518 95
216 539 5
216 556 75
216 571 19
216 574 55
216 585 64
216 637 48
216 638 97
216 644 69
216 650 29
216 657 65
216 658 68
216 664 45
216 666 2
216 700 5
216 708 68
216 715 37
216 727 28
216 740 50
216 744 3
216 748 78
216 758 60
216 766 85
216 776 100
216 778 92
216 794 92
216 812 66
216 825 8
216 829 33
216 834 30
216 846 84
216 849 100
216 850 59
216 857 26
216 858 40
216 862 89
216 881 1
216 894 16
216 901 60
216 903 100
216 908 23
216 917 50
216 929 61
216 935 51
216 959 9
216 966 43
216 996 51
217 226 22
217 233 40
217 238 86
217 245 67
217 246 13
217 251 46
217 267 81
217 278 19
217 282 76
217 287 28
217 294 44
217 299 22
217 300 53
217 307 3
217 312 93
217 317 30
217 321 43
217 340 30
217 351 33
217 354 33
217 366 27
217 369 62
217 376 89
217 377 71
217 380 87
217 400 22
217 402 35
217 417 45
217 418 75
217 422 94
217 449 68
217 456 91
217 458 7
217 489 95
217 504 66
217 509 51
217 520 80
217 528 81
217 534 31
217 563 46
217 566 41
217 583 68
217 588 75
217 604 64
217 605 47
217 613 55
217 618 79
217 638 19
217 640 73
217 642 93
217 653 16
217 658 99
217 659 80
217 666 39
217 668 3
217 670 9
217 673 71
217 676 88
217 680 13
217 712 34
217 714 50
217 727 87
217 731 16
217 747 78
217 750 69
217 753 87
217 773 9
217 774 47
217 776 77
217 787 66
217 805 97
217 811 14
217 819 2
217 831 37
217 834 45
217 845 54
217 858 88
217 874 88
217 886 45
217 888 80
217 892 75
217 913 64
217 914 22
217 915 26
217 924 6
217 925 13
217 940 83
217 946 91
217 963 16
217 976 95
217 983 32
217 991 4
218 231 93
218 241 99
218 267 36
218 270 82
218 280 21
218 290 74
218 312 100
218 315 99
218 319 71
218 343 36
218 349 16
218 353 20
218 374 56
218 376 32
218 390 56
218 393 59
218 400 28
218 402 30
218 438 89
218 475 38
218 496 10
218 501 70
218 556 88
218 599 15
218 626 15
218 642 32
218 644 48
218 650 72
218 660 11
218 664 64
218 669 75
218 675 8
218 708 37
218 743 42
218 748 94
218 753 18
218 771 32
218 776 88
218 794 63
218 812 57
218 829 64
218 834 68
218 850 39
218 857 25
218 858 34
218 871 57
218 894 41
218 903 86
218 913 27
218 940 54
218 959 60
218 967 26
218 983 77
219 221 92
219 225 32
219 227 84
219 234 96
219 237 96
219 253 86
219 257 95
219 258 87
219 260 69
219 272 10
219 273 71
219 293 91
219 314 56
219 323 67
219 330 42
219 365 50
219 388 42
219 396 71
219 397 61
219 398 71
219 410 50
219 425 51
219 435 48
219 436 78
219 437 97
219 442 90
219 448 1
219 453 87
219 463 74
219 478 23
219 498 31
219 502 93
219 525 44
219 529 14
219 554 61
219 567 5
219 568 92
219 570 83
219 581 15
219 623 57
219 627 78
219 637 76
219 641 35
219 654 78
219 684 97
219 688 98
219 695 67
219 707 68
219 720 83
219 736 28
219 740 92
219 744 25
219 761 91
219 765 15
219 766 71
219 770 60
219 778 63
219 782 83
219 788 13
219 824 19
219 841 88
219 862 37
219 891 29
219 896 46
219 974 5
219 980 52
219 990 79
219 994 68
219 996 5
220 239 33
220 247 53
220 248 29
220 256 20
220 259 28
220 264 99
220 281 60
220 301 16
220 302 98
220 303 59
220 311 64
220 317 45
220 324 36
220 336 21
220 338 23
220 348 14
220 350 52
220 355 29
220 359 10
220 369 30
220 371 36
220 384 53
220 401 93
220 419 78
220 424 40
220 426 78
220 446 27
220 447 84
220 457 41
220 458 69
220 466 31
220 470 69
220 472 63
220 486 9
220 491 99
220 500 13
220 510 100
220 511 6
220 513 87
220 515 42
220 516 18
220 522 78
220 528 70
220 535 58
220 545 43
220 546 80
220 575 97
220 588 30
220 595 23
220 597 34
220 616 68
220 621 61
220 639 29
220 656 57
220 665 64
220 667 75
220 687 21
220 691 32
220 703 28
220 704 18
220 710 33
220 723 11
220 728 71
220 729 83
220 732 63
220 733 93
220 751 67
220 779 40
220 780 13
220 781 40
220 787 23
220 793 57
220 795 90
220 802 73
220 804 80
220 810 58
220 811 45
220 815 89
220 817 41
220 826 66
220 827 27
220 833 73
220 856 6
220 890 21
220 895 18
220 920 52
220 923 63
220 924 75
220 928 31
220 931 94
220 961 26
220 968 67
220 975 35
220 977 31
220 984 85
221 225 88
221 227 15
221 257 20
221 260 33
221 272 3
221 323 91
221 330 11
221 365 52
221 385 76
221 396 95
221 410 81
221 425 1
221 435 45
221 436 34
221 442 14
221 448 74
221 453 54
221 478 77
221 498 70
221 502 50
221 525 15
221 529 64
221 554 95
221 561 28
221 568 50
221 570 96
221 572 76
221 581 47
221 623 46
221 641 15
221 654 92
221 684 19
221 688 9
221 695 79
221 707 49
221 720 6
221 740 20
221 765 95
221 770 40
221 782 18
221 788 54
221 823 62
221 824 97
221 841 10
221 862 63
221 876 19
221 891 66
221 896 5
221 910 10
221 974 66
221 980 14
221 990 20
221 994 77
222 228 96
222 236 57
222 320 6
222 326 60
222 337 98
222 357 81
222 361 89
222 363 87
222 382 81
222 386 18
222 392 41
222 413 17
222 434 17
222 451 61
222 461 78
222 473 30
222 474 52
222 477 11
222 493 96
222 505 32
222 506 42
222 517 62
222 540 99
222 541 12
222 560 20
222 565 83
222 591 19
222 606 4
222 607 39
222 625 31
222 633 38
222 649 18
222 655 93
222 685 64
222 693 72
222 696 9
222 697 33
222 721 10
222 801 47
222 814 87
222 828 15
222 832 28
222 842 13
222 847 28
222 851 64
222 855 93
222 859 59
222 860 87
222 870 39
222 882 27
222 893 33
222 899 22
222 933 97
222 952 58
222 965 96
222 997 38
223 224 100
223 230 32
223 254 67
223 259 64
223 265 66
223 275 54
223 284 45
223 286 76
223 288 76
223 304 88
223 305 32
223 309 61
223 311 68
223 318 52
223 325 45
223 333 24
223 346 84
223 360 83
223 367 36
223 372 49
223 375 86
223 384 54
223 389 23
223 399 91
223 405 94
223 409 21
223 419 25
223 439 87
223 444 43
223 446 51
223 455 7
223 459 55
223 465 55
223 477 62
223 483 5
223 493 95
223 494 30
223 497 9
223 500 66
223 510 69
223 512 20
223 514 30
223 533 29
223 537 80
223 547 81
223 548 63
223 553 86
223 555 75
223 557 68
223 558 7
223 560 7
223 562 15
223 569 36
223 580 67
223 582 56
223 584 62
223 589 22
223 591 22
223 607 46
223 608 16
223 621 8
223 631 94
223 646 22
223 648 79
223 682 68
223 686 27
223 699 64
223 702 91
223 705 83
223 706 12
223 719 58
223 730 75
223 737 57
223 738 72
223 757 49
223 763 35
223 764 75
223 772 9
223 777 82
223 780 33
223 783 23
223 784 68
223 785 54
223 790 80
223 795 80
223 798 96
223 820 99
223 836 82
223 853 64
223 856 17
223 859 26
223 860 91
223 865 8
223 867 33
223 868 98
223 870 7
223 873 64
223 877 81
223 911 90
223 918 51
223 921 35
223 922 14
223 928 63
223 942 65
223 943 22
223 948 74
223 955 79
223 971 92
223 978 83
223 981 97
223 989 88
223 999 65
224 230 40
224 254 41
224 265 90
224 275 69
224 284 57
224 288 48
224 304 69
224 305 64
224 309 83
224 316 96
224 318 94
224 325 65
224 328 22
224 329 99
224 333 56
224 347 88
224 360 4
224 367 18
224 370 56
224 381 48
224 389 63
224 405 37
224 429 57
224 439 8
224 444 14
224 454 80
224 455 54
224 459 46
224 461 86
224 465 58
224 477 65
224 483 92
224 493 11
224 497 20
224 512 42
224 514 73
224 521 53
224 527 59
224 533 77
224 537 30
224 547 100
224 548 8
224 555 47
224 557 94
224 558 47
224 560 88
224 562 3
224 569 34
224 580 66
224 582 94
224 589 51
224 591 41
224 593 84
224 607 81
224 608 48
224 631 89
224 648 91
224 682 45
224 686 22
224 694 37
224 698 12
224 699 99
224 702 72
224 705 97
224 706 35
224 719 12
224 730 51
224 738 96
224 757 64
224 763 86
224 764 71
224 768 28
224 772 97
224 783 53
224 784 36
224 785 30
224 790 65
224 791 80
224 798 26
224 807 18
224 820 98
224 828 38
224 835 83
224 836 25
224 853 14
224 859 79
224 860 35
224 865 88
224 867 16
224 868 20
224 869 17
224 870 45
224 873 39
224 877 21
224 887 62
224 904 71
224 911 1
224 921 42
224 942 78
224 943 31
224 948 85
224 955 85
224 971 25
224 978 6
224 989 84
224 999 45
225 227 7
225 240 82
225 257 49
225 260 84
225 272 2
225 323 37
225 330 6
225 365 6
225 385 77
225 396 47
225 410 15
225 435 96
225 436 51
225 442 1
225 453 14
225 478 16
225 498 26
225 502 6
225 525 20
225 529 81
225 561 28
225 568 25
225 570 13
225 572 73
225 581 82
225 623 96
225 641 14
225 654 62
225 684 85
225 707 80
225 720 14
225 770 94
225 782 81
225 788 37
225 797 56
225 823 56
225 824 51
225 841 87
225 862 44
225 876 9
225 891 28
225 896 88
225 910 65
225 974 64
225 980 96
225 990 58
225 994 51
226 246 87
226 251 47
226 266 27
226 271 64
226 278 56
226 279 81
226 282 42
226 285 75
226 287 62
226 294 36
226 307 47
226 317 92
226 321 7
226 355 14
226 356 80
226 369 29
226 377 95
226 379 48
226 380 92
226 391 13
226 417 32
226 422 22
226 431 9
226 449 82
226 456 62
226 458 11
226 462 81
226 468 35
226 470 24
226 472 34
226 486 42
226 489 94
226 495 46
226 504 44
226 511 96
226 513 54
226 516 69
226 520 76
226 528 80
226 536 27
226 546 53
226 563 71
226 566 76
226 583 72
226 588 91
226 596 30
226 604 89
226 605 72
226 613 4
226 616 32
226 618 27
226 630 49
226 639 92
226 653 13
226 659 57
226 665 82
226 668 88
226 670 82
226 673 40
226 676 18
226 683 68
226 687 81
226 711 50
226 712 42
226 714 96
226 747 43
226 750 41
226 773 19
226 779 7
226 805 51
226 811 10
226 826 89
226 831 26
226 840 31
226 874 12
226 886 82
226 888 30
226 892 57
226 924 63
226 925 69
226 926 8
226 934 97
226 944 15
226 946 97
226 949 86
226 976 84
226 984 63
227 234 55
227 253 42
227 257 23
227 258 13
227 260 91
227 262 88
227 272 45
227 293 57
227 295 60
227 323 71
227 327 58
227 330 34
227 335 75
227 345 86
227 365 100
227 385 38
227 395 89
227 396 62
227 410 63
227 425 1
227 435 79
227 436 10
227 437 2
227 441 77
227 442 41
227 448 49
227 453 35
227 463 12
227 471 62
227 478 90
227 498 90
227 502 59
227 503 6
227 525 50
227 529 80
227 554 19
227 561 50
227 567 59
227 568 58
227 570 2
227 572 39
227 581 78
227 600 43
227 611 28
227 623 59
227 627 72
227 641 63
227 651 5
227 654 12
227 684 41
227 688 50
227 695 76
227 707 75
227 720 50
227 736 20
227 740 86
227 741 72
227 745 43
227 756 11
227 761 99
227 765 63
227 770 86
227 782 53
227 788 91
227 816 29
227 823 51
227 824 30
227 841 60
227 862 45
227 876 23
227 891 64
227 896 46
227 910 90
227 938 96
227 974 94
227 979 36
227 980 11
227 990 92
227 994 92
227 998 45
228 236 78
228 304 86
228 316 50
228 320 43
228 326 23
228 337 26
228 357 39
228 361 13
228 363 7
228 370 51
228 381 14
228 382 16
228 386 17
228 392 64
228 413 94
228 414 85
228 429 94
228 433 67
228 434 17
228 439 1
228 444 59
228 451 19
228 461 98
228 465 77
228 473 55
228 474 43
228 477 92
228 493 70
228 505 6
228 506 64
228 517 88
228 540 72
228 541 73
228 557 43
228 560 56
228 565 86
228 569 23
228 591 12
228 606 42
228 607 79
228 625 97
228 633 5
228 649 21
228 655 26
228 685 2
228 686 11
228 693 28
228 694 82
228 696 22
228 697 84
228 706 82
228 721 83
228 768 67
228 772 5
228 790 13
228 801 91
228 814 70
228 828 98
228 832 1
228 835 87
228 836 59
228 842 27
228 847 62
228 851 91
228 855 26
228 859 19
228 860 47
228 868 54
228 870 12
228 882 27
228 893 90
228 899 71
228 904 65
228 921 31
228 933 34
228 942 18
228 952 39
228 955 2
228 965 58
228 973 43
228 997 34
228 999 99
229 242 29
229 261 78
229 263 75
229 276 78
229 291 2
229 313 51
229 322 12
229 327 18
229 328 91
229 329 66
229 335 70
229 341 2
229 347 31
229 364 98
229 368 50
229 378 23
229 404 42
229 416 35
229 428 55
229 445 69
229 450 23
229 452 66
229 454 9
229 464 47
229 467 84
229 481 65
229 485 95
229 499 3
229 507 41
229 508 49
229 519 44
229 521 46
229 527 5
229 530 63
229 531 13
229 538 62
229 543 83
229 550 91
229 551 46
229 559 20
229 573 19
229 578 78
229 586 67
229 587 20
229 593 63
229 598 84
229 601 90
229 602 71
229 610 55
229 614 53
229 617 67
229 634 82
229 645 44
229 690 55
229 709 62
229 713 23
229 716 60
229 722 50
229 725 98
229 735 10
229 759 40
229 791 66
229 809 42
229 813 93
229 821 29
229 822 88
229 838 71
229 843 95
229 852 16
229 854 11
229 864 15
229 866 47
229 869 81
229 878 62
229 879 55
229 880 77
229 897 41
229 912 84
229 916 4
229 930 71
229 936 15
229 941 84
229 947 5
229 970 93
229 972 88
229 985 35
229 993 80
230 239 45
230 259 60
230 265 6
230 284 8
230 296 82
230 304 5
230 311 9
230 320 51
230 325 19
230 338 63
230 342 42
230 346 92
230 357 80
230 360 36
230 367 79
230 372 32
230 375 45
230 384 64
230 386 54
230 389 24
230 399 84
230 409 92
230 419 81
230 439 7
230 440 58
230 446 91
230 455 13
230 461 53
230 465 2
230 474 3
230 477 49
230 479 88
230 493 94
230 497 54
230 500 43
230 512 97
230 514 48
230 533 33
230 547 91
230 548 77
230 553 12
230 558 96
230 560 8
230 569 23
230 579 5
230 580 62
230 582 7
230 584 87
230 589 27
230 591 35
230 597 4
230 607 78
230 612 93
230 621 52
230 631 4
230 646 6
230 648 75
230 652 37
230 682 67
230 697 88
230 699 45
230 702 56
230 705 77
230 706 6
230 717 26
230 719 29
230 728 50
230 737 98
230 738 24
230 762 51
230 763 88
230 764 17
230 772 69
230 780 71
230 784 7
230 785 61
230 795 88
230 806 22
230 808 46
230 815 81
230 853 2
230 856 22
230 859 14
230 860 26
230 861 94
230 865 3
230 867 79
230 868 26
230 870 16
230 873 68
230 877 70
230 909 13
230 918 29
230 922 87
230 928 96
230 942 85
230 943 15
230 948 56
230 953 77
230 969 53
230 971 50
230 981 77
230 989 32
230 999 61
231 235 46
231 241 61
231 267 69
231 270 1
231 273 9
231 280 55
231 289 89
231 290 79
231 292 96
231 312 65
231 314 57
231 315 91
231 319 4
231 331 7
231 343 42
231 349 34
231 374 66
231 376 99
231 383 65
231 390 67
231 393 6
231 400 64
231 432 56
231 438 73
231 475 75
231 482 8
231 487 62
231 496 90
231 501 69
231 518 32
231 539 4
231 556 64
231 571 79
231 574 68
231 585 3
231 599 45
231 626 62
231 644 88
231 650 89
231 657 2
231 658 59
231 660 37
231 664 36
231 666 73
231 669 60
231 700 55
231 708 6
231 715 64
231 744 30
231 748 7
231 758 30
231 766 32
231 771 84
231 776 69
231 794 45
231 812 80
231 825 96
231 829 24
231 834 63
231 846 40
231 849 22
231 850 94
231 857 39
231 871 60
231 881 4
231 894 71
231 903 25
231 908 11
231 917 7
231 929 53
231 935 15
231 959 66
231 967 8
231 996 81
232 233 72
232 237 32
232 238 97
232 244 38
232 245 42
232 247 44
232 251 50
232 252 2
232 258 37
232 262 53
232 268 58
232 269 81
232 274 73
232 277 60
232 287 88
232 289 78
232 299 64
232 302 8
232 307 62
232 308 18
232 317 9
232 324 10
232 351 51
232 352 74
232 354 13
232 359 94
232 366 27
232 373 56
232 388 3
232 398 94
232 401 32
232 406 7
232 408 26
232 411 37
232 417 33
232 418 19
232 443 97
232 456 23
232 460 91
232 480 82
232 484 99
232 487 66
232 492 80
232 504 27
232 509 24
232 534 77
232 552 58
232 588 12
232 619 37
232 620 35
232 628 38
232 636 42
232 637 30
232 638 31
232 640 91
232 647 47
232 653 21
232 661 84
232 663 20
232 671 51
232 672 98
232 673 10
232 680 10
232 687 38
232 704 20
232 712 23
232 724 58
232 727 4
232 729 36
232 731 49
232 734 41
232 736 92
232 746 10
232 747 44
232 749 90
232 767 69
232 774 93
232 775 58
232 778 7
232 787 76
232 789 65
232 792 7
232 796 74
232 799 56
232 810 82
232 811 6
232 830 62
232 837 40
232 845 47
232 863 26
232 875 65
232 885 18
232 892 59
232 895 25
232 901 30
232 902 16
232 905 89
232 914 93
232 915 6
232 927 6
232 932 45
232 935 1
232 937 60
232 945 43
232 960 59
232 963 12
232 966 4
232 986 46
232 987 69
232 988 88
232 991 83
232 992 65
233 238 94
233 244 41
233 245 60
233 246 85
233 247 89
233 251 82
233 256 18
233 268 87
233 269 35
233 274 39
233 282 64
233 287 96
233 302 95
233 307 47
233 308 96
233 317 88
233 324 79
233 340 8
233 348 12
233 351 18
233 352 48
233 354 72
233 359 48
233 366 76
233 401 99
233 406 21
233 411 32
233 417 51
233 443 12
233 456 47
233 458 97
233 466 81
233 470 89
233 484 13
233 492 62
233 504 16
233 516 79
233 528 89
233 534 57
233 552 38
233 588 98
233 619 68
233 620 28
233 628 25
233 640 83
233 647 97
233 653 85
233 659 68
233 661 12
233 663 19
233 670 96
233 671 29
233 672 80
233 673 42
233 680 4
233 687 76
233 704 21
233 712 58
233 724 73
233 727 96
233 729 75
233 731 3
233 734 13
233 746 67
233 747 25
233 750 16
233 774 41
233 775 87
233 787 40
233 789 80
233 799 99
233 810 66
233 811 34
233 830 69
233 837 19
233 845 40
233 875 14
233 885 74
233 892 70
233 895 11
233 902 30
233 905 30
233 914 73
233 915 12
233 924 11
233 932 62
233 937 30
233 945 49
233 963 44
233 984 27
233 987 34
233 991 43
233 992 31
234 253 57
234 257 73
234 258 64
234 262 53
234 272 76
234 291 1
234 295 23
234 327 82
234 330 70
234 335 30
234 345 50
234 385 100
234 387 50
234 395 89
234 420 46
234 425 47
234 427 89
234 435 50
234 436 56
234 437 50
234 441 85
234 445 4
234 448 48
234 453 60
234 463 84
234 464 17
234 471 59
234 476 88
234 498 56
234 502 88
234 503 67
234 529 13
234 530 22
234 531 55
234 538 53
234 551 89
234 554 27
234 559 95
234 561 79
234 567 6
234 568 16
234 572 30
234 590 55
234 600 76
234 611 75
234 627 67
234 632 6
234 634 82
234 641 34
234 651 25
234 654 96
234 684 94
234 688 49
234 689 17
234 695 88
234 709 9
234 713 27
234 720 82
234 741 1
234 745 16
234 752 26
234 756 58
234 761 95
234 769 4
234 770 46
234 782 37
234 788 84
234 813 13
234 816 4
234 823 49
234 824 18
234 841 55
234 872 69
234 876 84
234 891 98
234 938 1
234 947 24
234 970 51
234 972 74
234 974 56
234 979 91
234 980 37
234 985 51
234 990 85
234 998 79
235 237 92
235 238 28
235 241 77
235 252 67
235 267 37
235 270 32
235 273 75
235 274 92
235 280 84
235 287 82
235 289 71
235 290 10
235 292 76
235 293 5
235 299 33
235 300 54
235 312 38
235 314 64
235 315 55
235 331 67
235 340 27
235 349 7
235 352 42
235 354 88
235 373 8
235 376 84
235 383 48
235 388 2
235 390 63
235 397 61
235 398 39
235 400 57
235 418 79
235 443 39
235 475 38
235 480 55
235 482 35
235 484 5
235 487 3
235 509 77
235 518 35
235 534 84
235 539 19
235 571 80
235 574 82
235 619 70
235 637 15
235 638 84
235 640 56
235 642 28
235 658 16
235 664 22
235 666 89
235 680 29
235 700 49
235 708 34
235 727 15
235 731 67
235 736 51
235 744 40
235 748 62
235 753 37
235 758 12
235 765 16
235 766 55
235 774 24
235 776 29
235 778 56
235 794 16
235 812 50
235 819 19
235 825 30
235 829 83
235 834 59
235 845 22
235 846 27
235 849 2
235 850 71
235 857 76
235 858 66
235 881 10
235 901 83
235 903 88
235 908 52
235 914 81
235 915 8
235 917 73
235 929 75
235 935 50
235 940 46
235 963 51
235 966 99
235 983 63
235 986 24
235 988 28
235 996 75
236 265 32
236 304 35
236 320 38
236 326 29
236 337 43
236 357 79
236 361 59
236 363 31
236 382 57
236 386 15
236 413 34
236 434 15
236 440 43
236 451 36
236 461 62
236 473 1
236 474 93
236 477 92
236 479 80
236 493 76
236 505 97
236 540 60
236 541 74
236 560 15
236 565 54
236 569 31
236 591 89
236 607 56
236 625 87
236 633 39
236 649 19
236 652 50
236 655 8
236 685 62
236 693 78
236 696 69
236 697 96
236 706 33
236 719 18
236 721 33
236 762 41
236 763 85
236 772 43
236 808 34
236 814 70
236 828 52
236 832 6
236 847 67
236 851 86
236 855 47
236 859 11
236 860 46
236 867 54
236 868 14
236 870 43
236 882 57
236 893 19
236 899 40
236 921 86
236 965 63
236 969 89
236 997 86
236 999 29
237 238 60
237 244 45
237 252 50
237 257 72
237 258 5
237 262 6
237 269 79
237 273 90
237 274 20
237 277 54
237 289 20
237 292 1
237 293 73
237 299 42
237 314 10
237 331 15
237 352 94
237 354 46
237 366 18
237 373 74
237 383 56
237 388 16
237 396 7
237 397 71
237 398 44
237 406 7
237 408 38
237 418 98
237 435 75
237 436 84
237 442 46
237 443 11
237 463 30
237 480 17
237 484 14
237 487 15
237 492 69
237 509 14
237 534 70
237 539 36
237 552 13
237 554 18
237 567 53
237 570 56
237 571 85
237 574 100
237 619 14
237 627 61
237 632 32
237 636 65
237 637 36
237 638 9
237 640 24
237 647 3
237 658 40
237 663 10
237 666 9
237 671 20
237 672 60
237 680 73
237 684 82
237 688 90
237 689 70
237 695 69
237 727 57
237 731 19
237 736 81
237 740 45
237 744 13
237 749 65
237 758 22
237 765 71
237 766 16
237 770 54
237 774 37
237 778 53
237 782 18
237 796 55
237 825 16
237 830 13
237 834 73
237 845 99
237 862 60
237 875 26
237 881 92
237 885 10
237 891 5
237 901 38
237 908 77
237 927 29
237 929 43
237 935 97
237 960 19
237 966 50
237 980 14
237 986 50
237 987 33
237 988 94
237 992 53
237 996 6
237 998 15
238 244 25
238 245 57
238 246 54
238 251 46
238 252 50
238 267 50
238 274 83
238 280 18
238 287 20
238 289 21
238 290 9
238 292 53
238 293 69
238 299 7
238 300 74
238 307 82
238 312 3
238 315 51
238 331 49
238 340 27
238 349 76
238 352 17
238 354 20
238 366 98
238 373 68
238 388 82
238 397 18
238 398 96
238 400 73
238 408 92
238 418 33
238 443 49
238 456 82
238 480 83
238 484 84
238 487 88
238 492 98
238 504 46
238 509 32
238 534 16
238 552 90
238 571 36
238 574 26
238 619 52
238 637 56
238 638 21
238 640 21
238 642 72
238 658 2
238 663 41
238 666 54
238 670 8
238 672 19
238 673 88
238 680 44
238 712 74
238 724 52
238 727 66
238 731 55
238 736 4
238 744 29
238 747 68
238 748 6
238 749 41
238 750 13
238 753 28
238 758 80
238 765 51
238 766 85
238 774 82
238 776 1
238 778 25
238 794 29
238 819 45
238 825 57
238 830 35
238 834 75
238 845 97
238 849 30
238 858 81
238 875 98
238 881 63
238 885 93
238 901 95
238 908 20
238 914 12
238 915 95
238 917 11
238 929 82
238 935 34
238 963 65
238 966 71
238 986 83
238 988 65
238 991 86
238 992 62
238 996 76
239 243 75
239 248 92
239 256 4
239 259 16
239 264 93
239 281 63
239 284 9
239 286 76
239 296 24
239 301 63
239 303 38
239 306 46
239 311 38
239 325 40
239 332 45
239 334 96
239 336 71
239 338 40
239 342 7
239 346 94
239 348 69
239 350 33
239 372 48
239 375 34
239 384 94
239 389 30
239 399 47
239 407 68
239 409 47
239 419 2
239 424 77
239 426 93
239 430 77
239 446 8
239 455 18
239 457 22
239 466 49
239 470 17
239 490 50
239 491 76
239 500 88
239 510 23
239 514 44
239 515 39
239 522 70
239 533 3
239 535 98
239 545 72
239 547 90
239 553 92
239 575 90
239 579 32
239 584 88
239 597 16
239 612 4
239 621 18
239 646 52
239 648 60
239 656 54
239 667 9
239 681 58
239 682 30
239 691 27
239 692 66
239 699 66
239 703 22
239 710 24
239 717 88
239 723 38
239 728 96
239 733 18
239 737 81
239 738 68
239 751 39
239 764 24
239 780 20
239 793 23
239 795 30
239 802 40
239 803 21
239 804 66
239 815 4
239 817 86
239 827 1
239 833 29
239 856 17
239 861 96
239 873 67
239 890 46
239 909 10
239 918 95
239 920 68
239 922 27
239 923 40
239 928 56
239 931 51
239 953 58
239 961 69
239 968 36
239 975 60
239 981 21
239 995 82
240 250 36
240 272 28
240 327 57
240 358 7
240 385 19
240 387 43
240 395 12
240 425 84
240 427 34
240 448 62
240 453 21
240 498 90
240 529 77
240 530 70
240 532 57
240 544 27
240 551 17
240 561 98
240 568 15
240 572 99
240 590 97
240 592 50
240 623 11
240 635 93
240 641 17
240 651 22
240 654 71
240 678 33
240 679 90
240 718 44
240 720 86
240 797 9
240 813 36
240 816 19
240 823 72
240 844 43
240 876 6
240 889 15
240 898 17
240 910 97
240 912 13
240 951 1
240 962 48
240 974 26
240 990 55
241 267 39
241 270 21
241 273 72
241 280 53
241 289 83
241 290 55
241 292 20
241 299 43
241 312 68
241 314 23
241 315 97
241 319 44
241 331 51
241 343 22
241 349 31
241 353 57
241 374 32
241 376 84
241 383 68
241 390 36
241 393 64
241 400 34
241 418 97
241 432 83
241 438 3
241 475 14
241 482 12
241 487 13
241 496 43
241 501 13
241 509 100
241 518 26
241 539 61
241 556 89
241 571 64
241 574 75
241 585 17
241 599 3
241 626 17
241 638 8
241 644 58
241 650 72
241 657 87
241 658 56
241 660 88
241 664 25
241 666 88
241 669 45
241 700 34
241 708 75
241 715 47
241 743 53
241 744 65
241 748 10
241 758 84
241 766 53
241 771 90
241 776 48
241 794 62
241 812 100
241 825 3
241 829 62
241 834 77
241 846 18
241 849 81
241 850 82
241 857 11
241 858 6
241 871 3
241 881 45
241 894 62
241 903 45
241 908 57
241 917 32
241 929 16
241 935 67
241 959 35
241 967 27
241 996 64
242 254 98
242 263 81
242 275 38
242 313 55
242 316 82
242 328 69
242 329 6
242 333 76
242 341 99
242 347 34
242 370 47
242 381 75
242 392 82
242 394 14
242 404 28
242 414 85
242 416 75
242 428 5
242 429 82
242 433 49
242 444 3
242 454 65
242 467 22
242 481 36
242 499 58
242 507 49
242 524 81
242 527 60
242 537 80
242 543 19
242 550 87
242 586 29
242 587 53
242 593 93
242 598 48
242 602 96
242 603 95
242 610 92
242 614 36
242 615 97
242 622 15
242 643 84
242 686 15
242 690 45
242 694 15
242 698 71
242 701 39
242 716 6
242 725 66
242 726 91
242 735 33
242 739 58
242 759 8
242 768 8
242 783 29
242 790 59
242 791 61
242 807 63
242 809 85
242 822 66
242 835 41
242 836 68
242 843 73
242 864 98
242 869 21
242 879 44
242 887 44
242 897 86
242 904 65
242 911 28
242 919 54
242 941 87
242 950 23
242 955 27
242 973 67
242 993 42
243 264 62
243 281 84
243 296 59
243 297 70
243 301 78
243 303 59
243 306 34
243 332 6
243 334 52
243 336 5
243 338 63
243 339 89
243 342 27
243 350 97
243 384 66
243 407 18
243 409 59
243 415 20
243 423 18
243 426 82
243 430 31
243 457 45
243 490 78
243 491 67
243 515 48
243 522 19
243 523 71
243 545 87
243 564 1
243 579 13
243 594 11
243 595 72
243 597 32
243 612 16
243 667 84
243 681 68
243 691 60
243 692 35
243 703 24
243 710 69
243 717 64
243 728 89
243 732 56
243 737 57
243 754 72
243 755 36
243 781 30
243 786 55
243 793 25
243 802 95
243 803 62
243 804 92
243 815 43
243 817 53
243 833 27
243 861 30
243 883 97
243 890 96
243 900 14
243 906 76
243 907 10
243 909 94
243 920 84
243 923 73
243 931 42
243 958 44
243 964 84
243 968 64
243 975 1
243 995 98
244 245 98
244 247 36
244 252 24
244 258 46
244 262 37
244 268 13
244 269 27
244 274 18
244 277 27
244 289 51
244 293 27
244 308 41
244 351 69
244 352 99
244 354 55
244 366 70
244 373 32
244 388 38
244 397 26
244 398 32
244 403 70
244 406 93
244 408 27
244 411 56
244 443 92
244 460 25
244 463 53
244 476 82
244 480 15
244 484 32
244 487 10
244 492 70
244 509 31
244 526 96
244 534 65
244 549 51
244 552 34
244 554 99
244 567 41
244 619 55
244 620 63
244 627 57
244 628 43
244 632 95
244 636 7
244 637 91
244 640 36
244 647 18
244 663 70
244 671 37
244 672 86
244 680 54
244 688 60
244 689 60
244 695 49
244 724 18
244 727 29
244 731 59
244 734 51
244 736 14
244 746 25
244 749 30
244 765 65
244 767 52
244 769 43
244 774 86
244 775 95
244 778 13
244 789 80
244 792 18
244 796 81
244 799 98
244 830 94
244 837 91
244 845 83
244 863 30
244 872 92
244 875 67
244 881 57
244 885 70
244 901 74
244 905 74
244 927 59
244 929 88
244 932 22
244 935 59
244 945 100
244 960 55
244 963 4
244 966 76
244 986 16
244 987 2
244 988 84
244 991 72
244 992 44
244 998 35
245 246 38
245 247 37
245 251 83
245 274 3
245 282 3
245 287 54
245 299 31
245 300 9
245 302 25
245 307 60
245 308 76
245 317 71
245 324 41
245 340 2
245 351 60
245 352 88
245 354 91
245 359 45
245 366 48
245 373 28
245 377 85
245 380 78
245 401 9
245 417 32
245 418 28
245 443 65
245 456 83
245 458 49
245 484 4
245 487 82
245 504 23
245 509 23
245 516 98
245 528 51
245 534 29
245 552 15
245 588 32
245 619 63
245 628 69
245 638 80
245 640 49
245 642 77
245 653 73
245 658 24
245 659 48
245 663 76
245 670 58
245 672 8
245 673 54
245 680 31
245 687 28
245 704 26
245 712 70
245 724 22
245 727 18
245 729 94
245 731 84
245 734 46
245 746 58
245 747 28
245 750 80
245 774 38
245 787 74
245 799 13
245 805 88
245 810 55
245 811 41
245 819 20
245 830 81
245 837 84
245 845 40
245 858 50
245 874 90
245 875 53
245 885 82
245 892 60
245 895 92
245 902 81
245 905 62
245 914 59
245 915 86
245 924 86
245 925 18
245 932 55
245 937 89
245 945 21
245 963 13
245 984 94
245 991 8
245 992 21
246 251 4
246 267 73
246 271 53
246 278 41
246 279 95
246 282 21
246 287 66
246 294 49
246 299 97
246 300 5
246 307 23
246 317 92
246 321 26
246 340 40
246 351 92
246 354 95
246 369 52
246 377 52
246 380 95
246 391 11
246 402 48
246 417 59
246 418 85
246 422 39
246 431 9
246 449 48
246 456 26
246 458 6
246 462 88
246 489 90
246 504 85
246 511 81
246 520 79
246 528 41
246 534 47
246 536 86
246 546 71
246 563 66
246 566 78
246 583 35
246 588 46
246 604 34
246 605 8
246 613 28
246 616 55
246 618 13
246 638 1
246 640 72
246 642 80
246 653 76
246 658 28
246 659 33
246 665 67
246 668 43
246 670 17
246 673 52
246 676 40
246 680 86
246 683 68
246 687 30
246 712 6
246 714 5
246 731 46
246 747 20
246 750 6
246 753 94
246 773 56
246 774 67
246 779 28
246 787 50
246 805 34
246 811 29
246 819 84
246 831 35
246 858 99
246 874 51
246 886 88
246 888 47
246 892 53
246 913 50
246 914 42
246 915 58
246 924 54
246 925 53
246 926 63
246 944 40
246 946 4
246 963 55
246 976 69
246 983 41
246 984 43
246 991 34
247 248 55
247 256 16
247 259 6
247 268 99
247 269 20
247 286 85
247 302 2
247 308 89
247 309 41
247 310 18
247 311 60
247 317 69
247 318 71
247 324 85
247 348 94
247 351 48
247 359 68
247 366 15
247 375 96
247 401 68
247 405 5
247 406 16
247 411 89
247 417 74
247 424 31
247 446 62
247 458 12
247 459 28
247 460 7
247 466 37
247 470 89
247 483 54
247 494 56
247 500 24
247 510 91
247 512 18
247 516 64
247 534 89
247 535 25
247 588 52
247 619 63
247 620 15
247 621 44
247 628 21
247 647 40
247 648 72
247 661 95
247 663 22
247 671 93
247 672 85
247 673 84
247 682 26
247 687 10
247 704 29
247 723 3
247 724 36
247 729 78
247 730 41
247 733 13
247 734 28
247 746 33
247 747 19
247 751 96
247 764 47
247 767 76
247 775 67
247 777 45
247 780 29
247 787 24
247 789 70
247 792 97
247 795 45
247 799 13
247 810 3
247 811 65
247 827 29
247 830 73
247 837 70
247 853 76
247 856 93
247 863 40
247 892 95
247 895 36
247 902 99
247 905 59
247 922 35
247 924 9
247 927 88
247 932 64
247 937 29
247 945 36
247 961 87
247 963 30
247 984 70
247 987 53
247 991 8
247 992 62
248 256 85
248 259 69
248 264 98
248 281 64
248 284 90
248 286 81
248 301 57
248 302 33
248 311 68
248 317 86
248 324 84
248 336 63
248 338 51
248 348 46
248 350 57
248 351 14
248 355 59
248 359 27
248 369 63
248 371 57
248 375 90
248 384 21
248 401 14
248 419 82
248 424 70
248 426 36
248 446 55
248 458 5
248 466 40
248 470 3
248 472 83
248 486 57
248 491 67
248 500 62
248 510 98
248 513 58
248 516 76
248 522 85
248 528 4
248 535 1
248 545 56
248 546 32
248 575 32
248 588 84
248 595 89
248 597 76
248 616 5
248 621 49
248 628 13
248 639 7
248 648 32
248 656 75
248 665 51
248 687 39
248 691 54
248 703 21
248 704 23
248 710 43
248 723 89
248 728 98
248 729 93
248 732 26
248 733 59
248 751 47
248 779 6
248 780 85
248 787 68
248 793 90
248 795 26
248 802 67
248 804 81
248 810 64
248 811 70
248 815 83
248 817 63
248 826 44
248 827 44
248 833 71
248 856 1
248 890 7
248 895 1
248 902 23
248 920 77
248 922 39
248 923 94
248 924 16
248 928 28
248 931 1
248 937 15
248 961 31
248 968 65
248 975 55
248 977 61
248 984 15
249 250 67
249 322 55
249 358 42
249 362 32
249 368 29
249 378 81
249 387 45
249 421 39
249 427 74
249 452 18
249 485 9
249 519 41
249 530 82
249 532 57
249 542 11
249 544 55
249 573 2
249 576 27
249 578 88
249 592 52
249 601 11
249 629 78
249 635 35
249 679 86
249 718 8
249 722 2
249 760 71
249 800 73
249 813 2
249 818 33
249 838 87
249 844 34
249 852 44
249 854 68
249 878 62
249 880 77
249 884 20
249 889 88
249 898 12
249 912 63
249 916 32
249 930 17
249 951 86
249 957 96
249 962 70
250 272 27
250 358 17
250 362 14
250 385 91
250 387 54
250 395 71
250 421 94
250 427 22
250 452 68
250 453 100
250 498 78
250 530 93
250 532 92
250 544 42
250 551 45
250 561 46
250 568 23
250 572 81
250 576 99
250 590 50
250 592 9
250 629 8
250 635 29
250 651 82
250 678 53
250 679 32
250 718 42
250 797 11
250 813 79
250 816 24
250 818 85
250 823 99
250 838 27
250 844 21
250 876 36
250 884 50
250 889 69
250 898 34
250 910 71
250 912 94
250 951 32
250 957 29
250 962 11
250 974 37
250 990 14
251 267 23
251 278 53
251 279 73
251 282 9
251 287 12
251 294 69
251 299 3
251 300 43
251 307 19
251 317 95
251 321 82
251 340 65
251 351 96
251 354 19
251 366 75
251 369 14
251 377 1
251 380 97
251 391 38
251 401 43
251 402 79
251 417 12
251 418 54
251 422 5
251 449 27
251 456 58
251 458 2
251 489 40
251 504 13
251 520 42
251 528 78
251 534 95
251 546 100
251 563 1
251 566 19
251 583 79
251 588 49
251 604 84
251 605 84
251 613 96
251 618 8
251 619 15
251 638 78
251 640 29
251 642 12
251 653 97
251 658 53
251 659 49
251 665 40
251 668 26
251 670 10
251 673 18
251 676 66
251 680 3
251 687 55
251 712 56
251 714 19
251 724 37
251 727 87
251 731 56
251 747 58
251 750 99
251 753 65
251 773 18
251 774 99
251 779 18
251 787 13
251 805 16
251 811 40
251 819 84
251 831 21
251 845 98
251 858 28
251 874 62
251 886 45
251 888 65
251 892 60
251 895 31
251 913 35
251 914 46
251 915 46
251 924 7
251 925 14
251 946 11
251 963 1
251 976 41
251 983 35
251 984 56
251 991 86
252 258 34
252 262 42
252 267 28
252 269 6
252 273 69
252 274 24
252 280 6
252 289 38
252 292 24
252 293 44
252 299 83
252 314 16
252 315 28
252 331 74
252 352 45
252 354 82
252 366 65
252 373 30
252 383 81
252 388 19
252 397 80
252 398 2
252 400 21
252 408 61
252 418 52
252 443 54
252 463 18
252 480 39
252 484 79
252 487 72
252 492 36
252 509 49
252 518 22
252 534 80
252 539 44
252 552 70
252 554 79
252 570 72
252 571 99
252 574 22
252 619 71
252 636 30
252 637 96
252 638 92
252 640 61
252 647 72
252 658 40
252 663 87
252 666 37
252 672 9
252 680 56
252 688 4
252 724 49
252 727 7
252 731 20
252 736 32
252 740 26
252 744 88
252 749 46
252 758 14
252 765 39
252 766 71
252 770 5
252 774 7
252 778 11
252 825 79
252 830 73
252 834 98
252 845 38
252 849 25
252 858 1
252 862 80
252 875 15
252 881 17
252 885 65
252 901 100
252 908 49
252 915 35
252 917 13
252 929 86
252 935 14
252 960 32
252 963 40
252 966 65
252 986 99
252 987 50
252 988 46
252 992 48
252 996 84
252 998 97
253 257 52
253 258 64
253 262 83
253 269 38
253 277 56
253 293 22
253 295 92
253 327 7
253 330 89
253 335 6
253 344 59
253 345 63
253 385 67
253 395 99
253 403 62
253 406 57
253 408 64
253 420 68
253 425 24
253 435 66
253 436 92
253 437 79
253 441 12
253 445 34
253 448 35
253 453 98
253 460 39
253 463 12
253 464 78
253 471 76
253 476 36
253 492 44
253 498 93
253 502 49
253 503 17
253 526 82
253 529 62
253 538 39
253 549 14
253 551 34
253 552 80
253 554 62
253 561 19
253 567 95
253 568 24
253 600 20
253 611 79
253 627 61
253 632 66
253 634 30
253 636 27
253 641 2
253 647 11
253 671 55
253 684 78
253 688 19
253 689 91
253 695 84
253 713 32
253 736 97
253 741 17
253 745 46
253 749 27
253 752 77
253 756 3
253 761 77
253 765 83
253 769 93
253 770 8
253 782 18
253 788 56
253 789 65
253 796 15
253 813 79
253 816 2
253 824 79
253 841 46
253 848 12
253 863 34
253 872 77
253 875 63
253 891 19
253 927 69
253 936 8
253 938 93
253 954 61
253 960 86
253 970 81
253 972 67
253 979 74
253 980 69
253 985 22
253 986 45
253 987 89
253 988 54
253 998 14
254 275 49
254 288 95
254 304 54
254 305 51
254 316 69
254 328 47
254 329 21
254 333 33
254 341 18
254 347 45
254 360 69
254 370 91
254 381 10
254 392 96
254 394 2
254 404 26
254 428 24
254 429 46
254 433 26
254 439 55
254 444 33
254 454 57
254 465 16
254 467 63
254 497 13
254 521 92
254 527 58
254 537 5
254 548 93
254 555 11
254 557 37
254 558 17
254 560 46
254 562 67
254 569 88
254 580 100
254 582 89
254 586 57
254 589 25
254 591 67
254 593 64
254 603 37
254 608 41
254 615 76
254 622 50
254 631 18
254 643 31
254 686 5
254 694 18
254 698 77
254 701 66
254 702 69
254 705 6
254 726 57
254 739 94
254 757 30
254 768 73
254 772 13
254 783 30
254 784 94
254 785 71
254 790 15
254 791 22
254 798 91
254 801 46
254 807 92
254 820 42
254 822 83
254 828 52
254 835 88
254 836 30
254 842 45
254 859 26
254 860 66
254 868 94
254 869 4
254 870 23
254 877 12
254 882 4
254 887 32
254 904 45
254 911 22
254 919 19
254 921 43
254 941 6
254 942 63
254 943 54
254 950 87
254 955 5
254 971 89
254 973 16
254 978 65
254 989 52
254 993 14
255 261 79
255 262 65
255 268 96
255 269 69
255 275 81
255 277 21
255 286 65
255 288 26
255 295 97
255 305 17
255 308 64
255 309 17
255 310 60
255 318 67
255 328 34
255 329 47
255 341 43
255 344 69
255 360 21
255 364 18
255 403 67
255 405 48
255 406 65
255 411 51
255 420 74
255 450 7
255 459 54
255 460 67
255 471 36
255 476 91
255 483 18
255 494 85
255 503 80
255 507 63
255 512 89
255 521 55
255 526 41
255 527 36
255 549 62
255 550 87
255 555 30
255 562 63
255 567 50
255 580 90
255 582 34
255 608 97
255 620 21
255 627 93
255 628 79
255 632 77
255 634 34
255 636 32
255 647 7
255 661 12
255 663 13
255 671 67
255 689 61
255 730 6
255 734 56
255 741 67
255 745 91
255 746 32
255 752 88
255 757 20
255 764 56
255 767 10
255 769 66
255 775 44
255 777 65
255 783 63
255 785 61
255 789 28
255 791 7
255 792 13
255 796 100
255 798 31
255 837 65
255 848 43
255 853 98
255 863 60
255 866 47
255 869 46
255 872 35
255 875 20
255 902 23
255 905 95
255 922 64
255 927 65
255 932 28
255 936 16
255 937 56
255 945 97
255 954 8
255 960 89
255 972 52
255 978 68
255 985 57
255 987 70
255 993 1
255 998 45
256 259 21
256 264 36
256 268 65
256 281 36
256 284 91
256 286 94
256 301 24
256 302 73
256 308 38
256 311 14
256 317 75
256 324 13
256 336 44
256 348 37
256 351 54
256 355 16
256 359 65
256 369 90
256 371 65
256 372 47
256 375 72
256 384 35
256 401 40
256 417 94
256 419 86
256 424 50
256 426 57
256 446 30
256 458 13
256 466 19
256 470 55
256 486 17
256 500 34
256 510 72
256 513 48
256 516 89
256 522 46
256 528 18
256 535 30
256 546 64
256 575 15
256 588 2
256 597 77
256 620 58
256 621 15
256 628 54
256 639 14
256 648 48
256 656 55
256 661 42
256 665 42
256 687 25
256 691 28
256 703 16
256 704 11
256 710 47
256 723 4
256 729 46
256 733 77
256 746 29
256 747 84
256 751 52
256 764 24
256 779 19
256 780 15
256 787 74
256 793 74
256 795 4
256 799 78
256 802 63
256 804 79
256 810 17
256 811 60
256 815 77
256 817 70
256 827 60
256 833 57
256 837 69
256 856 9
256 890 33
256 892 18
256 895 3
256 902 61
256 920 57
256 922 85
256 923 12
256 924 89
256 928 5
256 931 84
256 932 49
256 937 42
256 961 75
256 968 38
256 975 96
256 977 85
256 984 88
257 258 73
257 260 35
257 262 83
257 272 94
257 293 28
257 295 71
257 323 24
257 327 61
257 330 52
257 335 66
257 345 72
257 365 11
257 385 39
257 395 2
257 396 55
257 398 94
257 408 6
257 410 22
257 425 63
257 435 64
257 436 26
257 437 8
257 441 68
257 442 74
257 448 5
257 453 2
257 463 37
257 471 34
257 478 50
257 498 45
257 502 13
257 503 50
257 525 46
257 529 96
257 554 47
257 561 30
257 567 76
257 568 42
257 570 32
257 572 46
257 581 43
257 600 61
257 611 98
257 623 91
257 627 63
257 632 81
257 637 1
257 641 53
257 654 29
257 684 31
257 688 84
257 689 55
257 695 9
257 707 32
257 720 59
257 736 92
257 740 75
257 741 28
257 745 85
257 756 35
257 761 14
257 765 84
257 770 21
257 782 77
257 788 19
257 816 62
257 823 94
257 824 51
257 841 68
257 862 31
257 876 77
257 891 6
257 896 19
257 938 1
257 974 60
257 979 26
257 980 50
257 990 28
257 994 80
257 996 43
257 998 68
258 262 75
258 269 39
258 274 7
258 277 49
258 293 86
258 295 13
258 330 54
258 344 47
258 345 67
258 352 49
258 373 69
258 388 33
258 396 81
258 397 67
258 398 20
258 403 14
258 406 11
258 408 90
258 411 72
258 420 40
258 425 89
258 435 55
258 436 47
258 437 25
258 441 85
258 443 4
258 448 83
258 460 23
258 463 82
258 471 100
258 476 58
258 480 27
258 484 94
258 492 6
258 502 56
258 503 34
258 526 78
258 549 57
258 552 27
258 554 42
258 567 23
258 570 77
258 600 29
258 611 23
258 619 21
258 627 4
258 632 50
258 634 58
258 636 89
258 637 14
258 647 94
258 663 36
258 671 27
258 672 46
258 684 12
258 688 96
258 689 68
258 695 11
258 734 46
258 736 90
258 741 1
258 744 81
258 745 40
258 749 76
258 752 26
258 756 45
258 761 48
258 765 67
258 766 76
258 769 62
258 770 11
258 778 42
258 782 36
258 788 86
258 789 58
258 796 34
258 824 65
258 830 21
258 845 27
258 848 62
258 863 100
258 872 30
258 875 39
258 881 44
258 885 13
258 891 34
258 901 82
258 905 92
258 927 1
258 938 56
258 945 98
258 954 39
258 960 5
258 966 82
258 979 96
258 980 77
258 986 14
258 987 18
258 988 27
258 992 29
258 996 22
258 998 33
259 264 97
259 268 32
259 284 75
259 286 21
259 288 83
259 302 76
259 308 62
259 309 5
259 310 61
259 311 100
259 318 70
259 324 47
259 325 84
259 338 46
259 346 72
259 348 6
259 359 22
259 360 43
259 367 8
259 372 16
259 375 53
259 384 86
259 401 21
259 405 38
259 409 69
259 411 51
259 419 53
259 424 30
259 446 95
259 455 85
259 459 39
259 466 29
259 470 52
259 483 88
259 494 44
259 500 73
259 510 41
259 512 19
259 514 73
259 533 79
259 535 99
259 548 97
259 580 49
259 582 32
259 589 84
259 597 1
259 620 24
259 621 20
259 628 88
259 648 31
259 661 84
259 682 70
259 687 59
259 691 84
259 702 24
259 704 94
259 723 60
259 728 73
259 729 93
259 730 86
259 733 55
259 734 5
259 738 57
259 746 79
259 751 90
259 764 57
259 767 45
259 775 29
259 777 88
259 780 28
259 785 92
259 792 64
259 793 56
259 795 51
259 798 1
259 799 79
259 804 1
259 810 43
259 815 62
259 827 62
259 833 64
259 837 21
259 853 62
259 856 12
259 873 78
259 877 52
259 895 33
259 902 1
259 918 60
259 920 56
259 922 34
259 928 40
259 932 99
259 937 47
259 943 42
259 948 71
259 961 9
259 971 23
259 989 65
260 273 5
260 314 51
260 323 41
260 365 79
260 383 70
260 396 38
260 410 62
260 435 15
260 436 19
260 442 61
260 453 25
260 463 84
260 478 21
260 498 54
260 502 34
260 525 48
260 529 26
260 539 60
260 554 59
260 568 22
260 570 99
260 581 34
260 623 100
260 654 33
260 684 20
260 688 29
260 707 93
260 715 63
260 720 11
260 740 78
260 744 3
260 765 52
260 766 46
260 770 95
260 788 10
260 825 8
260 841 82
260 862 95
260 891 19
260 896 36
260 908 28
260 974 31
260 980 15
260 990 71
260 994 44
260 996 34
261 263 57
261 275 40
261 276 12
261 291 66
261 295 78
261 322 24
261 328 94
261 329 60
261 333 41
261 335 17
261 341 12
261 344 19
261 347 12
261 364 76
261 403 52
261 404 66
261 416 25
261 420 63
261 428 26
261 445 11
261 450 38
261 454 79
261 464 58
261 467 29
261 471 49
261 476 43
261 485 33
261 499 90
261 503 58
261 507 16
261 508 17
261 521 99
261 526 90
261 527 53
261 531 41
261 538 22
261 543 70
261 549 74
261 550 21
261 555 11
261 559 78
261 573 99
261 586 97
261 587 51
261 593 79
261 598 26
261 600 71
261 601 45
261 614 13
261 617 5
261 634 6
261 645 98
261 690 87
261 698 30
261 701 18
261 709 78
261 713 11
261 716 39
261 722 32
261 725 3
261 726 87
261 735 51
261 741 8
261 745 68
261 752 89
261 756 57
261 757 95
261 769 25
261 783 24
261 791 43
261 821 77
261 822 36
261 843 31
261 848 81
261 864 81
261 866 14
261 869 10
261 872 5
261 879 95
261 887 69
261 897 28
261 916 99
261 936 71
261 941 31
261 947 89
261 954 85
261 970 62
261 972 65
261 978 11
261 979 51
261 985 81
261 993 81
262 269 8
262 274 51
262 277 62
262 293 15
262 295 10
262 330 5
262 344 80
262 345 21
262 352 96
262 373 44
262 388 84
262 397 99
262 398 8
262 403 95
262 406 95
262 408 15
262 411 67
262 420 24
262 425 86
262 435 41
262 436 11
262 437 43
262 441 31
262 443 69
262 448 31
262 460 47
262 463 27
262 471 76
262 476 96
262 480 79
262 484 45
262 492 91
262 503 9
262 526 36
262 549 93
262 552 63
262 554 91
262 567 3
262 570 49
262 600 18
262 611 57
262 619 75
262 627 36
262 632 59
262 634 39
262 636 43
262 637 19
262 647 46
262 663 18
262 671 68
262 672 63
262 684 48
262 688 60
262 689 48
262 695 48
262 724 73
262 734 9
262 736 22
262 741 66
262 745 23
262 749 47
262 752 36
262 756 89
262 761 55
262 765 75
262 769 81
262 770 50
262 778 69
262 782 9
262 789 31
262 796 4
262 824 72
262 830 100
262 845 90
262 848 49
262 863 3
262 872 39
262 875 43
262 885 91
262 891 69
262 901 56
262 905 13
262 927 60
262 938 55
262 945 42
262 954 95
262 960 88
262 966 51
262 979 85
262 980 19
262 986 37
262 987 80
262 988 94
262 992 94
262 998 84
263 276 84
263 291 62
263 313 1
263 322 96
263 328 13
263 329 94
263 341 2
263 347 68
263 368 8
263 378 32
263 394 58
263 404 95
263 416 29
263 428 76
263 445 67
263 450 12
263 454 53
263 464 36
263 467 61
263 481 48
263 485 10
263 499 90
263 507 1
263 508 59
263 519 47
263 521 75
263 527 57
263 531 74
263 538 23
263 543 80
263 550 63
263 559 4
263 573 8
263 578 66
263 586 51
263 587 12
263 593 24
263 598 79
263 601 88
263 602 31
263 610 91
263 614 97
263 617 86
263 645 19
263 690 31
263 698 94
263 701 22
263 709 31
263 713 6
263 716 48
263 722 32
263 725 27
263 726 12
263 735 75
263 739 96
263 759 61
263 791 37
263 809 96
263 821 21
263 822 49
263 838 58
263 843 23
263 852 83
263 854 21
263 864 78
263 869 29
263 878 82
263 879 46
263 880 86
263 887 36
263 897 95
263 916 98
263 919 77
263 930 30
263 941 21
263 947 85
263 970 53
263 972 37
263 985 67
263 993 44
264 281 85
264 284 71
264 286 46
264 301 21
264 302 55
264 303 67
264 306 69
264 311 83
264 324 68
264 336 23
264 338 28
264 346 72
264 348 43
264 350 9
264 355 91
264 359 70
264 371 68
264 372 1
264 375 51
264 384 71
264 401 85
264 409 74
264 419 68
264 424 84
264 426 42
264 430 48
264 446 84
264 457 61
264 466 85
264 470 10
264 491 56
264 500 4
264 510 98
264 513 15
264 515 29
264 516 57
264 522 23
264 528 97
264 535 49
264 545 4
264 575 21
264 595 100
264 597 20
264 612 71
264 621 75
264 639 92
264 648 74
264 656 28
264 667 33
264 687 94
264 691 54
264 703 15
264 704 15
264 710 94
264 723 32
264 728 100
264 729 40
264 732 29
264 733 49
264 737 45
264 751 54
264 764 48
264 779 74
264 780 90
264 781 9
264 793 10
264 795 77
264 802 55
264 803 78
264 804 56
264 810 17
264 811 33
264 815 30
264 817 36
264 827 94
264 833 30
264 856 47
264 890 93
264 895 15
264 909 39
264 918 99
264 920 64
264 922 52
264 923 48
264 928 96
264 931 29
264 937 62
264 961 79
264 968 14
264 975 31
264 977 81
264 984 48
265 284 93
265 304 2
265 320 5
265 325 38
265 338 11
265 342 14
265 346 59
265 357 67
265 360 43
265 367 3
265 372 67
265 384 37
265 386 78
265 389 68
265 399 45
265 409 77
265 419 19
265 439 63
265 440 87
265 446 57
265 455 9
265 461 31
265 465 2
265 473 80
265 474 41
265 477 7
265 479 16
265 493 67
265 497 53
265 514 58
265 533 51
265 541 20
265 547 35
265 548 5
265 553 88
265 557 90
265 558 4
265 560 27
265 569 95
265 580 72
265 582 38
265 584 2
265 589 71
265 591 84
265 607 92
265 612 72
265 631 21
265 646 59
265 648 13
265 652 2
265 682 29
265 693 42
265 697 41
265 699 58
265 702 85
265 705 75
265 706 85
265 719 84
265 737 15
265 738 2
265 762 30
265 763 62
265 772 54
265 784 29
265 785 66
265 795 74
265 806 78
265 808 34
265 814 10
265 820 32
265 828 76
265 847 63
265 851 26
265 859 48
265 860 28
265 861 55
265 865 24
265 867 60
265 868 64
265 870 86
265 873 56
265 877 1
265 893 52
265 909 39
265 918 19
265 921 30
265 928 73
265 942 5
265 943 24
265 948 74
265 953 22
265 969 30
265 971 99
265 981 99
265 989 90
265 999 100
266 271 99
266 279 75
266 281 90
266 282 51
266 283 67
266 285 90
266 321 87
266 355 49
266 356 66
266 369 99
266 371 15
266 379 1
266 380 15
266 391 7
266 422 9
266 423 57
266 431 42
266 447 91
266 449 71
266 458 16
266 462 71
266 468 47
266 469 33
266 472 22
266 486 87
266 488 37
266 489 74
266 495 45
266 511 46
266 513 33
266 522 54
266 528 49
266 536 41
266 546 58
266 566 96
266 575 78
266 577 45
266 583 89
266 596 72
266 605 95
266 609 48
266 616 70
266 630 75
266 639 27
266 656 20
266 662 27
266 665 36
266 668 31
266 674 46
266 677 48
266 683 25
266 711 88
266 732 53
266 742 78
266 779 90
266 826 33
266 839 45
266 840 79
266 886 46
266 888 53
266 890 4
266 926 52
266 934 32
266 939 95
266 944 47
266 946 39
266 949 8
266 968 77
266 976 73
266 977 64
266 984 54
267 270 5
267 280 64
267 287 14
267 289 36
267 290 72
267 292 86
267 294 51
267 299 15
267 300 89
267 312 86
267 315 15
267 331 33
267 340 19
267 349 18
267 353 75
267 354 86
267 373 45
267 376 69
267 388 54
267 390 96
267 397 17
267 400 60
267 402 88
267 418 24
267 438 78
267 443 8
267 456 6
267 475 34
267 480 87
267 484 1
267 487 20
267 504 22
267 509 97
267 534 24
267 571 93
267 574 36
267 619 76
267 638 63
267 640 5
267 642 63
267 658 19
267 664 6
267 666 1
267 670 5
267 675 96
267 676 61
267 680 53
267 708 3
267 712 14
267 727 33
267 731 77
267 743 4
267 748 60
267 750 50
267 753 7
267 758 92
267 774 46
267 776 88
267 778 15
267 794 45
267 812 34
267 819 44
267 825 54
267 829 6
267 834 25
267 845 12
267 846 44
267 849 23
267 850 95
267 857 21
267 858 98
267 874 95
267 881 44
267 901 12
267 903 17
267 908 54
267 913 79
267 914 66
267 915 21
267 917 45
267 929 28
267 935 65
267 940 49
267 963 12
267 966 86
267 983 25
267 991 16
268 269 52
268 277 70
268 284 35
268 286 66
268 288 8
268 302 77
268 308 90
268 309 48
268 310 96
268 311 39
268 318 68
268 324 29
268 344 19
268 351 7
268 359 65
268 360 96
268 364 80
268 366 37
268 375 11
268 401 66
268 403 24
268 405 32
268 406 35
268 411 42
268 446 81
268 459 99
268 460 37
268 466 36
268 483 21
268 494 69
268 500 11
268 510 53
268 512 45
268 514 59
268 526 16
268 535 87
268 549 68
268 555 47
268 580 76
268 582 50
268 608 39
268 620 4
268 621 79
268 628 91
268 647 83
268 648 37
268 661 25
268 663 30
268 671 25
268 672 37
268 682 75
268 687 24
268 702 65
268 704 19
268 724 75
268 729 54
268 730 60
268 734 98
268 746 42
268 757 62
268 764 33
268 767 54
268 769 69
268 775 73
268 777 54
268 780 83
268 785 17
268 787 25
268 789 55
268 792 37
268 795 30
268 796 28
268 798 93
268 799 6
268 810 69
268 827 17
268 830 93
268 837 21
268 848 91
268 853 43
268 856 46
268 863 10
268 872 15
268 873 87
268 875 37
268 895 31
268 902 38
268 905 32
268 922 45
268 927 85
268 932 41
268 937 50
268 945 47
268 948 53
268 954 27
268 960 32
268 961 9
268 987 61
268 992 15
269 274 76
269 277 31
269 293 64
269 295 18
269 308 55
269 310 29
269 318 74
269 344 83
269 352 33
269 364 33
269 366 67
269 373 28
269 388 95
269 398 13
269 403 44
269 406 81
269 408 73
269 411 96
269 420 35
269 443 43
269 459 93
269 460 34
269 463 30
269 471 80
269 476 44
269 483 40
269 484 67
269 492 76
269 494 13
269 503 27
269 526 39
269 534 90
269 549 75
269 552 99
269 554 99
269 567 87
269 619 67
269 620 27
269 627 97
269 628 29
269 632 99
269 636 35
269 637 54
269 640 14
269 647 98
269 661 96
269 663 5
269 671 71
269 672 74
269 680 64
269 688 62
269 689 56
269 695 3
269 724 38
269 727 70
269 730 96
269 734 9
269 736 8
269 745 32
269 746 19
269 749 1
269 752 24
269 767 35
269 769 93
269 774 11
269 775 17
269 777 41
269 778 55
269 789 56
269 792 24
269 796 17
269 799 21
269 830 12
269 837 30
269 845 96
269 848 97
269 863 21
269 872 60
269 875 4
269 885 71
269 901 35
269 902 68
269 905 36
269 927 7
269 932 12
269 936 95
269 937 57
269 938 30
269 945 30
269 954 65
269 960 15
269 963 88
269 966 49
269 986 60
269 987 55
269 988 24
269 992 17
269 998 12
270 273 41
270 280 23
270 289 16
270 290 13
270 292 67
270 312 13
270 314 80
270 315 92
270 319 6
270 331 84
270 343 85
270 349 11
270 374 57
270 383 48
270 390 88
270 393 39
270 400 8
270 432 89
270 438 12
270 475 25
270 482 39
270 487 89
270 496 35
270 501 19
270 518 68
270 539 31
270 556 50
270 571 30
270 574 50
270 585 16
270 626 87
270 644 96
270 650 66
270 657 26
270 658 59
270 660 64
270 664 66
270 666 37
270 669 3
270 700 37
270 708 1
270 715 12
270 744 17
270 748 17
270 758 72
270 766 67
270 771 82
270 776 25
270 794 86
270 812 54
270 825 91
270 829 98
270 834 2
270 846 63
270 849 57
270 850 1
270 857 39
270 862 39
270 871 84
270 881 76
270 894 75
270 903 13
270 908 59
270 917 77
270 929 85
270 935 92
270 959 70
270 967 6
270 996 13
271 279 90
271 282 89
271 285 88
271 307 50
271 321 83
271 355 97
271 356 54
271 369 61
271 371 15
271 377 85
271 379 65
271 380 25
271 391 26
271 422 55
271 431 6
271 447 21
271 449 99
271 458 64
271 462 13
271 468 100
271 472 81
271 486 4
271 489 6
271 495 12
271 511 43
271 513 30
271 516 33
271 520 8
271 528 39
271 536 85
271 546 57
271 563 27
271 566 73
271 575 49
271 577 71
271 583 58
271 596 12
271 605 95
271 609 46
271 613 92
271 616 44
271 618 73
271 630 98
271 639 93
271 653 71
271 656 98
271 659 95
271 665 28
271 668 11
271 670 79
271 674 19
271 677 23
271 683 66
271 711 47
271 712 81
271 742 78
271 750 71
271 779 39
271 805 92
271 811 66
271 826 43
271 840 12
271 886 98
271 888 33
271 924 99
271 925 88
271 926 15
271 934 74
271 944 1
271 946 63
271 949 68
271 976 5
271 977 50
271 984 80
272 323 63
272 327 12
272 330 81
272 335 87
272 345 50
272 385 89
272 387 65
272 395 73
272 425 20
272 427 63
272 435 6
272 436 81
272 437 58
272 441 33
272 448 82
272 453 99
272 478 50
272 498 39
272 502 16
272 529 61
272 530 12
272 544 2
272 551 9
272 561 64
272 568 79
272 572 89
272 581 44
272 590 95
272 600 87
272 611 10
272 623 92
272 641 10
272 651 61
272 654 51
272 678 54
272 679 19
272 684 81
272 718 37
272 720 11
272 756 57
272 761 47
272 782 91
272 788 84
272 797 68
272 813 55
272 816 4
272 823 92
272 824 80
272 841 38
272 844 67
272 876 49
272 891 42
272 910 1
272 962 46
272 974 51
272 979 86
272 980 34
272 990 50
272 994 72
273 280 64
273 289 24
273 290 26
273 292 90
273 293 71
273 314 38
273 315 82
273 331 82
273 365 66
273 373 85
273 383 37
273 388 16
273 396 88
273 397 88
273 398 18
273 410 56
273 432 98
273 442 12
273 475 50
273 478 86
273 480 74
273 482 2
273 487 21
273 518 43
273 525 76
273 539 77
273 570 44
273 571 75
273 574 68
273 585 46
273 637 27
273 657 59
273 666 71
273 700 52
273 707 29
273 715 99
273 736 78
273 740 16
273 744 2
273 758 88
273 765 67
273 766 81
273 770 48
273 778 48
273 825 55
273 834 7
273 846 32
273 849 20
273 862 74
273 881 21
273 896 96
273 901 62
273 908 25
273 917 43
273 929 90
273 935 16
273 959 43
273 966 85
273 996 98
274 277 12
274 289 100
274 292 51
274 293 13
274 299 70
274 308 64
274 351 51
274 352 50
274 354 3
274 366 45
274 373 7
274 388 10
274 397 34
274 398 26
274 403 95
274 406 71
274 408 48
274 411 47
274 418 19
274 443 87
274 460 40
274 463 58
274 476 93
274 480 52
274 484 8
274 487 26
274 492 62
274 509 19
274 534 56
274 552 56
274 554 46
274 567 29
274 619 81
274 627 70
274 632 55
274 636 36
274 637 10
274 638 78
274 640 65
274 647 14
274 658 85
274 663 10
274 666 68
274 671 15
274 672 90
274 680 73
274 688 26
274 689 31
274 695 3
274 724 78
274 727 43
274 731 98
274 734 43
274 736 96
274 744 60
274 746 91
274 749 75
274 765 26
274 766 53
274 769 64
274 770 35
274 774 90
274 778 87
274 789 34
274 796 47
274 799 98
274 830 62
274 845 16
274 863 22
274 875 71
274 881 12
274 885 90
274 901 68
274 905 79
274 915 23
274 927 61
274 929 37
274 932 91
274 935 66
274 945 2
274 960 39
274 963 42
274 966 78
274 986 79
274 987 71
274 988 58
274 991 52
274 992 37
274 998 2
275 288 86
275 305 45
275 310 29
275 316 21
275 318 87
275 325 92
275 328 45
275 329 24
275 333 38
275 341 42
275 344 37
275 347 72
275 360 18
275 364 29
275 370 66
275 381 45
275 404 39
275 405 16
275 428 41
275 429 77
275 439 49
275 444 85
275 450 52
275 454 97
275 459 75
275 467 84
275 483 32
275 494 99
275 497 11
275 507 2
275 512 17
275 521 63
275 527 17
275 537 52
275 548 65
275 550 5
275 555 8
275 557 32
275 558 36
275 562 97
275 569 96
275 580 55
275 582 95
275 586 5
275 589 42
275 593 33
275 608 12
275 622 72
275 631 32
275 686 91
275 694 100
275 698 77
275 701 58
275 702 14
275 705 50
275 726 6
275 730 47
275 739 1
275 752 88
275 757 69
275 768 43
275 772 92
275 783 35
275 784 94
275 785 19
275 790 86
275 791 90
275 792 46
275 798 24
275 807 92
275 820 59
275 822 27
275 835 57
275 836 76
275 843 48
275 848 12
275 853 64
275 866 81
275 869 30
275 873 72
275 877 86
275 887 44
275 897 32
275 904 16
275 911 55
275 921 96
275 936 33
275 941 88
275 942 39
275 943 72
275 948 89
275 954 65
275 955 37
275 971 74
275 978 16
275 989 55
275 993 88
276 291 69
276 322 44
276 327 53
276 329 98
276 335 71
276 341 26
276 345 37
276 368 78
276 378 82
276 395 47
276 416 69
276 421 94
276 428 19
276 441 2
276 445 84
276 450 13
276 452 60
276 464 82
276 467 35
276 481 22
276 485 10
276 499 19
276 507 80
276 508 62
276 519 76
276 530 12
276 531 78
276 538 41
276 543 73
276 550 3
276 551 93
276 559 88
276 573 12
276 576 8
276 578 75
276 586 68
276 587 49
276 598 6
276 600 45
276 601 36
276 602 10
276 610 77
276 611 7
276 614 58
276 617 12
276 634 10
276 645 4
276 690 47
276 709 18
276 713 17
276 716 28
276 722 47
276 725 27
276 735 20
276 741 54
276 756 64
276 759 78
276 809 15
276 813 56
276 821 49
276 838 49
276 843 20
276 852 53
276 854 87
276 864 22
276 866 51
276 869 7
276 878 88
276 879 31
276 880 13
276 897 42
276 912 1
276 916 49
276 930 17
276 936 84
276 941 29
276 947 65
276 970 49
276 972 44
276 979 47
276 985 11
276 993 21
277 293 74
277 295 51
277 308 92
277 310 52
277 344 55
277 352 62
277 364 14
277 366 47
277 388 92
277 398 89
277 403 80
277 406 100
277 408 80
277 411 33
277 420 39
277 436 34
277 437 85
277 443 98
277 460 37
277 463 48
277 471 37
277 476 66
277 483 4
277 484 51
277 492 77
277 494 97
277 503 42
277 526 12
277 534 58
277 549 2
277 552 44
277 554 32
277 567 24
277 600 15
277 619 97
277 620 47
277 627 14
277 628 60
277 632 49
277 634 26
277 636 62
277 637 24
277 647 81
277 661 48
277 663 42
277 671 44
277 672 47
277 688 76
277 689 40
277 695 25
277 724 31
277 734 69
277 736 46
277 741 51
277 745 32
277 746 42
277 749 6
277 752 18
277 756 61
277 765 79
277 767 81
277 769 96
277 774 69
277 775 56
277 777 76
277 778 13
277 782 65
277 789 52
277 792 22
277 796 24
277 799 24
277 830 73
277 837 81
277 845 24
277 848 66
277 863 46
277 866 17
277 872 60
277 875 52
277 885 49
277 905 48
277 927 96
277 932 85
277 936 54
277 938 44
277 945 3
277 954 4
277 960 23
277 966 53
277 980 78
277 986 6
277 987 52
277 988 26
277 992 78
277 998 79
278 282 60
278 287 60
278 294 32
278 300 90
278 307 13
278 312 33
278 321 78
278 340 60
278 349 43
278 353 52
278 376 11
278 377 95
278 380 40
278 402 70
278 422 90
278 431 95
278 449 79
278 456 48
278 489 3
278 504 55
278 520 42
278 536 46
278 563 61
278 566 69
278 583 78
278 604 73
278 613 46
278 618 78
278 642 66
278 653 88
278 659 11
278 664 16
278 668 22
278 670 56
278 673 27
278 675 19
278 676 10
278 712 72
278 714 72
278 743 56
278 750 84
278 753 11
278 773 90
278 776 50
278 794 53
278 805 13
278 819 29
278 831 92
278 858 28
278 874 92
278 886 68
278 888 86
278 892 3
278 913 27
278 914 19
278 915 82
278 925 51
278 940 98
278 946 19
278 976 47
278 983 87
279 281 19
279 282 78
279 285 36
279 307 2
279 317 5
279 321 30
279 355 99
279 356 91
279 369 52
279 371 69
279 377 3
279 379 43
279 380 78
279 391 95
279 417 85
279 422 53
279 431 80
279 447 67
279 449 41
279 456 59
279 458 97
279 462 26
279 468 22
279 470 88
279 472 41
279 486 93
279 489 52
279 495 63
279 504 22
279 511 10
279 513 19
279 516 75
279 520 61
279 522 19
279 528 76
279 536 41
279 546 24
279 563 34
279 566 13
279 575 70
279 577 70
279 583 48
279 588 29
279 596 29
279 605 37
279 609 72
279 613 49
279 616 6
279 618 4
279 630 69
279 639 73
279 653 20
279 656 95
279 659 57
279 665 75
279 668 11
279 670 82
279 673 47
279 674 24
279 677 97
279 683 56
279 687 84
279 711 93
279 712 32
279 733 29
279 742 64
279 750 77
279 779 25
279 805 40
279 811 26
279 826 86
279 840 15
279 886 22
279 888 89
279 890 26
279 892 11
279 924 60
279 925 100
279 926 48
279 934 27
279 944 30
279 946 20
279 949 65
279 968 29
279 976 58
279 977 17
279 984 89
280 289 25
280 290 65
280 292 84
280 299 96
280 300 7
280 312 91
280 314 55
280 315 59
280 331 27
280 340 21
280 349 9
280 353 65
280 354 85
280 373 90
280 374 37
280 376 95
280 383 98
280 388 96
280 390 17
280 397 21
280 400 70
280 418 78
280 438 30
280 443 43
280 475 36
280 480 9
280 482 49
280 484 53
280 487 16
280 496 81
280 509 48
280 518 15
280 539 49
280 571 84
280 574 70
280 585 80
280 599 57
280 637 37
280 638 17
280 640 43
280 642 4
280 644 50
280 658 67
280 664 89
280 666 75
280 669 20
280 675 83
280 680 13
280 700 45
280 708 15
280 727 73
280 731 49
280 743 88
280 744 12
280 748 58
280 753 16
280 758 21
280 766 97
280 774 15
280 776 86
280 778 64
280 794 19
280 812 25
280 819 4
280 825 47
280 829 96
280 834 71
280 845 47
280 846 84
280 849 5
280 850 91
280 857 90
280 858 58
280 881 28
280 894 6
280 901 10
280 903 57
280 908 47
280 913 76
280 914 17
280 915 93
280 917 10
280 929 98
280 935 51
280 940 2
280 959 53
280 966 43
280 983 93
280 996 99
281 283 22
281 297 83
281 301 27
281 302 41
281 303 9
281 334 5
281 336 39
281 339 55
281 348 52
281 350 21
281 355 86
281 369 29
281 371 87
281 407 9
281 415 16
281 423 72
281 424 15
281 426 61
281 430 85
281 447 50
281 457 42
281 458 56
281 466 15
281 468 59
281 470 43
281 472 16
281 486 66
281 491 3
281 495 6
281 500 33
281 511 20
281 513 69
281 515 35
281 516 89
281 522 2
281 523 9
281 528 83
281 535 53
281 545 8
281 546 55
281 575 36
281 595 5
281 597 97
281 616 27
281 639 69
281 656 60
281 665 47
281 667 6
281 677 22
281 683 28
281 691 16
281 703 1
281 710 44
281 711 28
281 723 95
281 732 77
281 733 76
281 751 1
281 779 14
281 780 79
281 781 12
281 793 98
281 802 4
281 803 99
281 804 38
281 811 40
281 815 26
281 817 60
281 826 88
281 827 69
281 833 21
281 840 33
281 883 2
281 890 50
281 900 51
281 906 7
281 907 40
281 920 30
281 923 21
281 931 83
281 934 72
281 958 59
281 961 27
281 964 64
281 968 16
281 975 77
281 977 18
281 984 29
282 285 98
282 287 77
282 294 19
282 300 31
282 302 83
282 307 30
282 317 49
282 321 76
282 340 58
282 351 31
282 356 63
282 369 24
282 377 58
282 380 38
282 391 12
282 401 64
282 417 62
282 422 17
282 431 5
282 449 20
282 456 85
282 458 40
282 462 6
282 470 16
282 486 42
282 489 96
282 495 13
282 504 24
282 511 68
282 513 14
282 516 33
282 520 5
282 528 11
282 536 80
282 546 35
282 563 63
282 566 100
282 583 3
282 588 65
282 596 44
282 604 38
282 605 23
282 613 17
282 616 65
282 618 35
282 630 90
282 639 85
282 642 79
282 653 39
282 659 82
282 665 74
282 668 69
282 670 75
282 673 34
282 676 95
282 683 22
282 687 88
282 712 72
282 714 66
282 729 97
282 747 71
282 750 78
282 753 49
282 773 39
282 779 6
282 787 37
282 805 73
282 811 16
282 819 92
282 826 37
282 831 85
282 874 20
282 886 51
282 888 27
282 892 73
282 895 87
282 913 29
282 914 89
282 915 4
282 924 32
282 925 27
282 926 43
282 944 92
282 946 11
282 949 36
282 963 87
282 976 19
282 984 78
282 991 30
283 285 46
283 297 62
283 298 86
283 303 56
283 339 97
283 355 76
283 356 16
283 371 31
283 379 99
283 412 67
283 415 88
283 423 11
283 447 99
283 468 4
283 469 38
283 472 22
283 486 49
283 488 60
283 491 97
283 495 76
283 511 17
283 513 45
283 522 6
283 523 90
283 575 92
283 577 8
283 594 88
283 595 68
283 596 14
283 609 17
283 616 26
283 624 97
283 656 24
283 662 66
283 674 98
283 677 74
283 703 2
283 711 34
283 732 43
283 742 26
283 755 53
283 781 90
283 802 54
283 826 83
283 839 29
283 840 74
283 883 89
283 890 67
283 900 39
283 906 58
283 931 29
283 934 84
283 939 31
283 956 56
283 958 25
283 964 44
283 968 1
283 975 71
283 977 90
283 982 41
284 286 47
284 288 29
284 309 11
284 311 73
284 318 38
284 324 63
284 325 45
284 338 45
284 346 58
284 360 83
284 367 79
284 372 70
284 375 23
284 384 9
284 389 18
284 399 26
284 405 47
284 409 29
284 419 62
284 424 89
284 446 75
284 455 19
284 459 12
284 465 96
284 466 25
284 483 34
284 494 9
284 497 84
284 500 50
284 510 13
284 512 76
284 514 23
284 533 52
284 535 88
284 547 48
284 548 77
284 553 64
284 558 74
284 562 79
284 580 100
284 582 65
284 584 44
284 589 95
284 597 49
284 608 63
284 612 47
284 620 50
284 621 86
284 631 48
284 646 95
284 648 39
284 661 5
284 682 69
284 691 35
284 699 88
284 702 39
284 704 30
284 705 1
284 706 18
284 719 52
284 723 50
284 728 17
284 730 92
284 737 73
284 738 63
284 751 67
284 763 31
284 764 2
284 777 10
284 780 98
284 784 57
284 785 43
284 793 57
284 795 97
284 798 90
284 810 63
284 815 12
284 827 42
284 833 98
284 837 86
284 853 39
284 856 27
284 865 60
284 867 50
284 868 88
284 873 40
284 877 71
284 902 23
284 909 61
284 918 21
284 920 60
284 922 81
284 928 77
284 937 26
284 943 63
284 948 91
284 953 74
284 961 52
284 971 21
284 981 75
284 989 65
284 999 26
285 321 80
285 355 61
285 356 66
285 369 66
285 371 47
285 379 97
285 380 95
285 391 86
285 422 40
285 431 9
285 447 75
285 449 12
285 458 13
285 462 73
285 468 6
285 469 42
285 472 8
285 486 83
285 488 22
285 489 8
285 495 68
285 511 72
285 513 90
285 520 15
285 528 38
285 536 3
285 546 31
285 566 21
285 577 25
285 583 8
285 596 29
285 605 30
285 609 91
285 613 60
285 616 67
285 618 40
285 630 6
285 639 45
285 665 56
285 668 2
285 674 73
285 677 56
285 683 70
285 711 2
285 742 63
285 779 67
285 805 92
285 826 11
285 839 94
285 840 12
285 886 47
285 888 41
285 925 29
285 926 10
285 934 23
285 939 35
285 944 31
285 946 20
285 949 40
285 976 82
285 977 49
285 984 49
286 288 84
286 302 16
286 308 65
286 309 89
286 310 17
286 311 43
286 318 24
286 324 8
286 325 52
286 348 2
286 359 66
286 360 65
286 372 7
286 375 46
286 384 87
286 401 83
286 405 10
286 411 42
286 419 17
286 424 74
286 446 55
286 455 13
286 459 9
286 466 64
286 483 65
286 494 87
286 500 88
286 510 19
286 512 50
286 514 35
286 535 92
286 548 54
286 555 44
286 580 9
286 582 88
286 589 80
286 608 59
286 620 7
286 621 6
286 628 33
286 648 60
286 661 76
286 682 62
286 687 27
286 702 26
286 704 36
286 705 69
286 723 91
286 729 63
286 730 78
286 734 62
286 738 79
286 746 25
286 751 9
286 757 22
286 764 17
286 767 51
286 775 10
286 777 99
286 780 55
286 785 96
286 789 24
286 792 100
286 795 10
286 798 32
286 799 27
286 810 32
286 815 17
286 827 98
286 837 85
286 853 44
286 856 27
286 863 61
286 873 94
286 877 33
286 895 5
286 902 8
286 905 33
286 922 47
286 928 85
286 932 82
286 937 31
286 943 63
286 945 72
286 948 10
286 961 10
286 971 19
286 989 66
287 294 82
287 299 13
287 300 24
287 307 97
287 317 85
287 321 77
287 340 73
287 351 28
287 352 90
287 354 77
287 366 88
287 369 71
287 373 14
287 377 65
287 380 54
287 401 51
287 402 76
287 417 87
287 418 43
287 422 5
287 443 64
287 449 28
287 456 20
287 458 21
287 484 16
287 487 74
287 504 97
287 509 49
287 520 71
287 528 44
287 534 29
287 563 37
287 588 98
287 604 19
287 613 10
287 619 1
287 638 31
287 640 11
287 642 2
287 653 31
287 658 26
287 659 42
287 666 35
287 670 54
287 672 44
287 673 26
287 676 75
287 680 37
287 687 51
287 712 10
287 724 98
287 727 87
287 729 52
287 731 20
287 747 47
287 750 90
287 753 40
287 774 65
287 787 57
287 799 23
287 805 74
287 811 45
287 819 23
287 830 36
287 831 78
287 834 23
287 845 53
287 858 12
287 874 71
287 888 63
287 892 60
287 895 54
287 905 14
287 913 89
287 914 42
287 915 29
287 924 20
287 925 15
287 935 25
287 963 56
287 984 89
287 991 6
287 992 67
288 305 66
288 309 88
288 310 7
288 318 96
288 325 12
288 328 100
288 329 11
288 333 83
288 341 73
288 344 12
288 360 36
288 364 99
288 375 20
288 403 15
288 405 19
288 406 13
288 411 88
288 420 47
288 444 95
288 446 65
288 450 78
288 454 69
288 455 52
288 459 62
288 460 62
288 476 62
288 483 68
288 494 10
288 497 7
288 512 90
288 514 87
288 521 28
288 526 61
288 527 24
288 537 25
288 548 39
288 549 79
288 555 51
288 557 6
288 558 72
288 562 33
288 580 8
288 582 63
288 589 32
288 593 32
288 608 94
288 620 37
288 631 52
288 648 92
288 661 31
288 682 32
288 698 60
288 702 5
288 705 31
288 730 9
288 734 60
288 738 26
288 746 74
288 752 20
288 757 77
288 764 84
288 767 19
288 769 24
288 775 69
288 777 53
288 783 54
288 784 87
288 785 89
288 789 8
288 790 81
288 791 42
288 792 95
288 798 62
288 820 61
288 837 70
288 848 16
288 853 63
288 863 28
288 866 36
288 869 89
288 872 27
288 873 17
288 877 88
288 887 10
288 902 86
288 911 30
288 922 48
288 932 21
288 936 59
288 937 34
288 943 73
288 945 26
288 948 83
288 954 79
288 955 38
288 971 43
288 978 58
288 989 87
288 993 3
289 290 25
289 292 32
289 293 83
289 299 24
289 300 76
289 312 29
289 314 87
289 315 21
289 331 39
289 340 60
289 352 68
289 354 58
289 366 20
289 373 6
289 383 74
289 388 76
289 397 85
289 398 99
289 400 2
289 408 8
289 418 23
289 443 50
289 463 10
289 480 7
289 484 15
289 487 67
289 492 42
289 509 40
289 518 11
289 534 49
289 539 26
289 552 83
289 570 10
289 571 87
289 574 91
289 619 62
289 637 50
289 638 93
289 640 82
289 658 77
289 666 65
289 672 27
289 680 57
289 688 97
289 700 42
289 727 58
289 731 10
289 736 39
289 740 18
289 744 34
289 748 23
289 749 7
289 758 71
289 765 72
289 766 59
289 774 90
289 776 47
289 778 27
289 794 40
289 825 46
289 830 96
289 834 41
289 845 76
289 846 41
289 849 94
289 858 10
289 862 60
289 875 100
289 881 15
289 885 82
289 901 32
289 908 34
289 914 68
289 915 12
289 917 87
289 929 85
289 935 85
289 963 32
289 966 93
289 986 90
289 988 47
289 992 54
289 996 82
290 292 99
290 299 21
290 300 67
290 312 41
290 315 99
290 319 41
290 331 96
290 340 93
290 343 16
290 349 78
290 353 66
290 354 25
290 373 79
290 374 77
290 376 84
290 383 95
290 390 91
290 393 64
290 400 15
290 418 14
290 432 7
290 438 97
290 475 12
290 482 24
290 487 3
290 496 5
290 509 29
290 518 20
290 539 84
290 556 91
290 571 41
290 574 52
290 585 83
290 599 91
290 626 38
290 638 41
290 642 100
290 644 68
290 650 4
290 657 70
290 658 65
290 660 6
290 664 87
290 666 36
290 669 36
290 675 41
290 700 97
290 708 29
290 727 80
290 743 58
290 748 17
290 753 8
290 758 73
290 771 36
290 776 81
290 794 35
290 812 97
290 825 66
290 829 22
290 834 83
290 846 8
290 849 98
290 850 16
290 857 19
290 858 14
290 881 85
290 894 86
290 903 78
290 908 19
290 913 44
290 915 46
290 917 24
290 929 65
290 935 8
290 940 41
290 959 82
290 967 28
290 983 99
291 322 77
291 327 72
291 335 25
291 341 75
291 345 7
291 358 15
291 368 76
291 378 22
291 385 77
291 387 87
291 395 16
291 416 87
291 421 33
291 425 50
291 427 8
291 441 29
291 445 59
291 448 34
291 450 96
291 452 51
291 464 6
291 467 72
291 471 59
291 481 76
291 485 19
291 499 56
291 507 9
291 508 67
291 519 15
291 530 32
291 531 54
291 532 63
291 538 19
291 543 85
291 550 27
291 551 89
291 559 49
291 561 35
291 573 94
291 576 46
291 578 3
291 586 15
291 587 38
291 600 9
291 601 6
291 611 3
291 614 98
291 617 65
291 634 53
291 645 31
291 651 57
291 690 97
291 709 47
291 713 54
291 716 57
291 718 49
291 722 26
291 725 6
291 735 81
291 741 10
291 756 56
291 759 19
291 760 31
291 761 89
291 800 29
291 809 49
291 813 59
291 816 36
291 818 19
291 821 7
291 838 51
291 843 37
291 852 15
291 854 19
291 864 90
291 878 28
291 879 65
291 880 20
291 889 52
291 897 79
291 912 65
291 916 41
291 930 86
291 947 68
291 962 60
291 970 55
291 972 13
291 979 38
291 985 46
292 293 90
292 299 23
292 300 32
292 312 98
292 314 81
292 315 19
292 331 50
292 340 52
292 349 46
292 352 40
292 354 62
292 373 46
292 376 78
292 383 6
292 388 47
292 390 7
292 397 77
292 398 7
292 400 62
292 418 72
292 443 95
292 475 79
292 480 3
292 482 80
292 484 85
292 487 80
292 509 2
292 518 89
292 534 66
292 539 9
292 571 45
292 574 18
292 619 49
292 637 58
292 638 6
292 640 74
292 642 96
292 658 29
292 664 37
292 666 35
292 680 4
292 700 35
292 708 41
292 727 6
292 731 66
292 736 93
292 740 36
292 744 14
292 748 38
292 753 6
292 758 36
292 765 12
292 766 79
292 774 77
292 776 76
292 778 37
292 794 8
292 812 10
292 819 69
292 825 42
292 829 91
292 834 41
292 845 44
292 846 50
292 849 27
292 850 33
292 857 28
292 858 80
292 881 11
292 901 46
292 903 74
292 908 88
292 914 6
292 915 50
292 917 9
292 929 63
292 935 48
292 940 37
292 963 79
292 966 58
292 983 50
292 986 5
292 996 21
293 314 67
293 331 11
293 352 52
293 373 92
293 383 16
293 388 49
293 396 22
293 397 28
293 398 27
293 406 84
293 408 55
293 410 6
293 435 47
293 436 76
293 442 54
293 443 42
293 460 39
293 463 67
293 480 61
293 484 81
293 487 56
293 492 77
293 502 76
293 509 68
293 534 33
293 539 45
293 552 75
293 554 8
293 567 27
293 570 51
293 574 92
293 619 72
293 627 17
293 632 20
293 636 91
293 637 44
293 640 68
293 647 81
293 663 24
293 666 62
293 671 71
293 672 28
293 680 93
293 684 80
293 688 2
293 689 92
293 695 94
293 707 65
293 727 91
293 736 77
293 740 31
293 744 2
293 749 84
293 758 64
293 765 73
293 766 50
293 770 14
293 774 61
293 778 82
293 782 81
293 788 93
293 796 77
293 825 69
293 830 88
293 841 2
293 845 61
293 862 47
293 875 46
293 881 99
293 885 19
293 891 5
293 901 79
293 908 49
293 927 39
293 929 36
293 935 81
293 938 11
293 960 21
293 966 38
293 980 6
293 986 89
293 987 92
293 988 72
293 992 58
293 996 80
293 998 46
294 299 55
294 300 16
294 307 95
294 312 73
294 321 92
294 340 20
294 349 20
294 354 11
294 376 80
294 377 74
294 380 62
294 400 65
294 402 48
294 417 42
294 418 32
294 422 1
294 431 70
294 449 73
294 456 14
294 489 90
294 504 14
294 520 1
294 536 33
294 563 14
294 566 88
294 583 95
294 604 21
294 605 21
294 613 89
294 618 42
294 638 75
294 642 95
294 653 29
294 658 73
294 659 54
294 664 65
294 668 52
294 670 19
294 673 68
294 676 42
294 712 70
294 714 54
294 731 92
294 743 68
294 747 5
294 750 46
294 753 11
294 773 88
294 776 64
294 794 46
294 805 57
294 819 48
294 831 5
294 858 41
294 874 50
294 886 58
294 888 86
294 892 30
294 913 3
294 914 53
294 915 59
294 924 46
294 925 94
294 940 59
294 946 51
294 976 36
294 983 44
294 991 13
295 327 10
295 330 6
295 335 24
295 344 35
295 345 52
295 364 41
295 385 70
295 395 88
295 403 59
295 406 26
295 408 89
295 420 86
295 425 79
295 436 56
295 437 26
295 441 46
295 445 13
295 448 22
295 450 7
295 460 100
295 463 49
295 464 40
295 471 44
295 476 22
295 492 77
295 503 62
295 526 72
295 538 13
295 549 27
295 552 59
295 554 99
295 561 82
295 567 67
295 600 38
295 611 77
295 627 68
295 632 55
295 634 94
295 636 47
295 641 100
295 647 43
295 671 32
295 684 10
295 688 32
295 689 100
295 695 63
295 709 73
295 713 89
295 741 13
295 745 42
295 749 65
295 752 6
295 756 31
295 761 26
295 769 40
295 782 3
295 789 2
295 796 83
295 824 24
295 848 65
295 863 99
295 866 64
295 872 86
295 875 91
295 885 95
295 891 6
295 927 68
295 936 38
295 938 87
295 947 33
295 954 33
295 960 37
295 970 26
295 972 26
295 979 68
295 980 87
295 985 89
295 986 36
295 987 4
295 988 100
295 998 46
296 306 25
296 332 27
296 336 70
296 338 80
296 342 52
296 346 54
296 350 83
296 384 62
296 389 57
296 399 58
296 409 61
296 419 78
296 430 18
296 440 2
296 457 43
296 479 24
296 490 36
296 515 80
296 533 19
296 547 33
296 553 57
296 564 72
296 579 88
296 584 46
296 597 16
296 612 94
296 646 78
296 652 22
296 667 79
296 681 90
296 692 82
296 699 85
296 717 46
296 719 81
296 728 35
296 737 77
296 762 26
296 763 66
296 786 3
296 803 59
296 806 59
296 808 42
296 815 7
296 861 48
296 865 18
296 909 64
296 918 94
296 920 3
296 923 99
296 953 15
296 969 71
296 981 73
296 995 99
297 298 28
297 301 36
297 303 54
297 334 79
297 336 45
297 339 43
297 350 59
297 355 1
297 371 80
297 407 28
297 412 31
297 415 20
297 423 6
297 426 16
297 430 81
297 447 14
297 469 15
297 472 25
297 486 32
297 488 12
297 491 79
297 515 8
297 522 69
297 523 2
297 545 29
297 564 55
297 594 49
297 595 46
297 624 61
297 656 40
297 662 2
297 667 60
297 677 15
297 692 30
297 703 69
297 710 79
297 732 88
297 742 90
297 754 54
297 755 83
297 781 9
297 802 28
297 817 70
297 839 86
297 840 69
297 883 33
297 890 28
297 900 59
297 906 5
297 907 78
297 923 72
297 931 3
297 934 29
297 939 56
297 956 38
297 958 48
297 964 31
297 968 83
297 975 48
297 977 28
297 982 87
298 339 60
298 412 96
298 415 56
298 423 67
298 447 71
298 469 44
298 488 53
298 491 94
298 523 33
298 577 84
298 594 45
298 595 2
298 609 54
298 624 39
298 662 98
298 674 92
298 677 82
298 732 9
298 742 2
298 754 39
298 755 54
298 781 98
298 839 91
298 840 23
298 883 2
298 900 25
298 906 99
298 907 8
298 934 36
298 939 30
298 956 26
298 958 32
298 964 35
298 982 79
299 300 78
299 307 99
299 312 30
299 315 8
299 331 57
299 340 8
299 349 30
299 352 28
299 354 66
299 366 9
299 373 41
299 376 8
299 377 4
299 388 34
299 390 16
299 397 2
299 398 77
299 400 42
299 402 89
299 418 58
299 443 95
299 456 7
299 480 93
299 484 10
299 487 80
299 504 94
299 509 17
299 534 38
299 571 98
299 574 98
299 619 41
299 637 64
299 638 32
299 640 30
299 642 26
299 658 84
299 659 89
299 664 48
299 666 7
299 670 3
299 673 78
299 676 9
299 680 44
299 708 47
299 712 89
299 727 6
299 731 57
299 743 39
299 748 77
299 750 42
299 753 70
299 758 93
299 774 50
299 776 4
299 778 82
299 794 16
299 819 33
299 830 11
299 834 50
299 845 10
299 846 39
299 849 99
299 857 58
299 858 97
299 874 76
299 881 95
299 901 26
299 903 15
299 913 89
299 914 22
299 915 79
299 917 11
299 929 9
299 935 48
299 940 55
299 963 9
299 966 85
299 983 11
299 991 25
299 992 18
300 307 77
300 312 87
300 315 41
300 321 10
300 340 37
300 349 7
300 353 5
300 354 74
300 373 91
300 376 97
300 377 24
300 400 68
300 402 20
300 417 67
300 418 13
300 456 60
300 484 84
300 487 79
300 489 26
300 504 80
300 509 6
300 520 47
300 534 99
300 563 21
300 604 29
300 613 65
300 618 61
300 638 23
300 640 89
300 642 28
300 653 34
300 658 12
300 659 52
300 664 59
300 666 69
300 670 20
300 673 7
300 675 79
300 676 6
300 680 16
300 712 69
300 714 16
300 727 23
300 731 13
300 743 67
300 747 81
300 750 89
300 753 21
300 758 95
300 773 76
300 774 17
300 776 66
300 794 96
300 805 63
300 819 7
300 831 20
300 834 43
300 845 4
300 858 29
300 874 50
300 888 8
300 892 16
300 903 78
300 913 94
300 914 64
300 915 28
300 924 64
300 925 62
300 929 14
300 935 65
300 940 38
300 963 38
300 983 95
300 991 5
301 302 33
301 303 47
301 306 64
301 311 46
301 334 3
301 336 60
301 338 58
301 348 70
301 350 32
301 355 52
301 359 75
301 371 45
301 384 49
301 407 87
301 415 100
301 423 38
301 424 66
301 426 62
301 430 95
301 447 54
301 457 9
301 458 26
301 466 48
301 470 49
301 472 49
301 486 77
301 491 71
301 500 63
301 510 9
301 513 100
301 515 8
301 516 8
301 522 79
301 528 84
301 535 68
301 545 68
301 546 12
301 575 24
301 595 15
301 597 72
301 616 98
301 621 48
301 639 25
301 656 79
301 665 33
301 667 44
301 677 36
301 687 51
301 691 28
301 703 12
301 710 86
301 723 22
301 728 16
301 729 69
301 732 87
301 733 6
301 751 46
301 779 28
301 780 62
301 781 71
301 793 38
301 795 35
301 802 23
301 803 30
301 804 23
301 811 39
301 815 34
301 817 74
301 826 33
301 827 77
301 833 29
301 840 86
301 856 80
301 883 71
301 890 32
301 895 30
301 906 9
301 907 85
301 920 48
301 923 95
301 931 44
301 958 96
301 961 15
301 964 27
301 968 28
301 975 58
301 977 91
301 984 24
302 307 53
302 308 84
302 309 36
302 311 66
302 317 66
302 324 60
302 348 82
302 351 98
302 359 95
302 366 42
302 369 92
302 375 97
302 401 52
302 417 80
302 424 6
302 426 2
302 446 54
302 456 5
302 458 67
302 466 66
302 470 41
302 500 42
302 504 39
302 510 12
302 513 91
302 516 41
302 522 12
302 528 21
302 535 72
302 546 40
302 575 10
302 588 36
302 620 79
302 621 5
302 628 25
302 639 59
302 648 62
302 653 12
302 656 71
302 661 83
302 665 32
302 673 28
302 687 76
302 691 10
302 704 38
302 723 90
302 724 93
302 729 42
302 733 92
302 734 15
302 746 37
302 747 70
302 751 56
302 764 96
302 775 36
302 777 17
302 779 27
302 780 95
302 787 53
302 793 13
302 795 1
302 799 94
302 804 93
302 810 30
302 811 27
302 817 35
302 827 55
302 833 54
302 837 38
302 856 24
302 890 13
302 892 68
302 895 18
302 902 10
302 905 67
302 920 100
302 922 64
302 924 14
302 932 30
302 937 81
302 961 33
302 963 91
302 977 38
302 984 61
302 991 32
303 306 8
303 332 31
303 334 44
303 336 47
303 339 15
303 350 97
303 355 100
303 371 68
303 407 56
303 415 83
303 423 17
303 424 2
303 426 66
303 430 10
303 447 44
303 457 55
303 472 84
303 490 30
303 491 52
303 515 96
303 522 36
303 523 42
303 545 97
303 564 87
303 575 6
303 594 58
303 595 94
303 597 41
303 624 9
303 656 11
303 667 64
303 677 31
303 681 96
303 691 10
303 692 72
303 703 17
303 710 13
303 717 12
303 723 10
303 728 68
303 732 16
303 751 75
303 754 54
303 755 92
303 781 3
303 793 42
303 802 96
303 803 42
303 804 54
303 815 29
303 817 46
303 833 21
303 883 28
303 890 19
303 900 7
303 906 93
303 907 9
303 920 21
303 923 42
303 931 48
303 958 82
303 964 13
303 968 40
303 975 80
303 977 30
303 995 15
304 305 7
304 316 100
304 320 11
304 325 91
304 326 22
304 333 13
304 337 69
304 357 62
304 360 69
304 367 77
304 370 76
304 381 86
304 386 31
304 389 22
304 392 79
304 399 85
304 429 94
304 439 49
304 444 52
304 455 80
304 461 59
304 465 67
304 473 7
304 474 45
304 477 97
304 479 91
304 493 91
304 497 88
304 514 96
304 533 17
304 537 39
304 541 94
304 547 51
304 548 23
304 553 21
304 557 10
304 558 84
304 560 53
304 562 82
304 569 55
304 580 17
304 582 12
304 584 58
304 589 72
304 591 75
304 607 85
304 608 75
304 631 17
304 646 25
304 682 77
304 685 1
304 686 44
304 693 19
304 694 20
304 697 94
304 699 4
304 702 59
304 705 32
304 706 12
304 719 9
304 721 51
304 738 33
304 762 31
304 763 94
304 768 98
304 772 34
304 784 2
304 785 51
304 790 48
304 814 61
304 820 4
304 828 76
304 835 12
304 836 6
304 847 1
304 851 63
304 859 53
304 860 43
304 865 78
304 867 74
304 868 40
304 870 33
304 873 40
304 877 68
304 882 69
304 893 65
304 904 66
304 911 35
304 921 56
304 942 1
304 943 87
304 948 26
304 955 29
304 965 9
304 971 19
304 978 83
304 981 33
304 989 69
304 997 99
304 999 81
305 309 40
305 310 20
305 316 91
305 318 3
305 325 39
305 328 100
305 329 97
305 333 78
305 341 2
305 347 77
305 360 49
305 364 54
305 367 86
305 370 51
305 381 36
305 405 29
305 428 42
305 429 9
305 439 15
305 444 73
305 450 21
305 454 61
305 455 58
305 459 82
305 465 96
305 467 8
305 483 78
305 494 81
305 497 12
305 512 16
305 514 67
305 521 8
305 527 84
305 537 65
305 548 36
305 550 66
305 555 89
305 557 54
305 558 71
305 560 69
305 562 96
305 569 55
305 580 64
305 582 53
305 586 25
305 589 63
305 593 84
305 608 46
305 622 32
305 631 20
305 682 39
305 686 97
305 694 50
305 698 18
305 701 10
305 702 1
305 705 69
305 726 51
305 730 72
305 739 63
305 757 79
305 768 52
305 772 30
305 777 89
305 783 95
305 784 54
305 785 46
305 790 65
305 791 26
305 798 92
305 807 23
305 820 38
305 828 80
305 835 10
305 836 9
305 853 77
305 859 13
305 860 72
305 866 68
305 869 90
305 873 93
305 877 19
305 887 51
305 904 67
305 911 29
305 921 60
305 936 1
305 942 4
305 943 40
305 948 94
305 954 94
305 955 77
305 971 10
305 978 74
305 989 11
305 993 37
306 332 90
306 334 40
306 336 92
306 338 28
306 342 6
306 346 76
306 350 55
306 384 31
306 399 30
306 407 22
306 409 22
306 415 96
306 419 51
306 426 8
306 430 79
306 457 45
306 490 2
306 491 19
306 515 4
306 545 51
306 553 44
306 564 58
306 579 79
306 584 15
306 597 73
306 612 71
306 667 92
306 681 97
306 691 2
306 692 75
306 703 49
306 710 87
306 717 61
306 728 56
306 737 83
306 754 12
306 781 7
306 786 47
306 793 15
306 802 96
306 803 20
306 804 26
306 806 23
306 815 34
306 817 60
306 833 87
306 861 51
306 883 43
306 906 78
306 907 54
306 909 32
306 918 57
306 920 95
306 923 56
306 931 18
306 953 56
306 958 28
306 964 64
306 975 83
306 981 31
306 995 81
307 317 75
307 321 88
307 340 39
307 351 28
307 354 6
307 359 70
307 366 14
307 369 99
307 377 12
307 380 96
307 391 89
307 401 92
307 402 24
307 417 89
307 418 97
307 422 90
307 431 58
307 449 37
307 456 68
307 458 99
307 462 57
307 489 10
307 504 55
307 511 46
307 516 85
307 520 41
307 528 44
307 534 91
307 546 26
307 563 72
307 566 83
307 583 88
307 588 74
307 604 19
307 605 23
307 613 59
307 616 57
307 618 45
307 619 39
307 638 29
307 639 97
307 640 63
307 642 1
307 653 59
307 658 34
307 659 71
307 665 17
307 668 92
307 670 33
307 673 93
307 676 95
307 680 24
307 683 8
307 687 69
307 712 81
307 714 74
307 724 12
307 727 11
307 729 56
307 731 56
307 747 45
307 750 41
307 753 98
307 773 23
307 774 27
307 779 28
307 787 73
307 805 25
307 811 81
307 819 76
307 831 33
307 858 14
307 874 39
307 886 79
307 888 51
307 892 47
307 895 22
307 913 11
307 914 77
307 915 11
307 924 72
307 925 70
307 946 36
307 963 75
307 976 53
307 984 7
307 991 38
308 309 62
308 310 6
308 317 72
308 318 29
308 324 8
308 351 27
308 352 30
308 359 50
308 366 69
308 375 15
308 401 31
308 403 60
308 405 6
308 406 71
308 411 73
308 417 99
308 446 70
308 459 69
308 460 89
308 466 12
308 483 38
308 492 33
308 494 73
308 510 99
308 512 23
308 526 78
308 534 49
308 535 46
308 549 30
308 552 74
308 588 90
308 619 67
308 620 96
308 621 40
308 628 95
308 636 48
308 640 2
308 647 65
308 648 35
308 661 64
308 663 95
308 671 72
308 672 76
308 673 55
308 680 79
308 687 11
308 704 97
308 724 77
308 729 74
308 730 69
308 734 12
308 746 87
308 747 2
308 764 51
308 767 32
308 774 70
308 775 49
308 777 34
308 787 58
308 789 41
308 792 39
308 796 60
308 799 10
308 810 39
308 811 89
308 830 39
308 837 12
308 853 33
308 856 20
308 863 96
308 875 31
308 885 13
308 892 40
308 895 74
308 902 68
308 905 26
308 922 32
308 927 90
308 932 23
308 937 14
308 945 30
308 954 31
308 960 64
308 961 13
308 963 87
308 987 48
308 988 4
308 991 58
308 992 28
309 310 10
309 311 86
309 318 16
309 324 91
309 325 47
309 344 5
309 359 97
309 360 50
309 364 41
309 372 1
309 375 20
309 403 39
309 405 5
309 406 54
309 411 63
309 446 15
309 455 20
309 459 71
309 460 39
309 466 97
309 483 10
309 494 30
309 497 57
309 500 61
309 510 46
309 512 91
309 514 92
309 526 78
309 535 49
309 548 15
309 549 12
309 555 87
309 558 61
309 562 28
309 580 97
309 582 78
309 589 62
309 608 77
309 620 55
309 621 29
309 628 91
309 631 6
309 648 43
309 661 78
309 682 55
309 702 27
309 704 64
309 705 17
309 729 38
309 730 88
309 734 82
309 738 61
309 746 47
309 757 28
309 764 91
309 767 99
309 775 13
309 777 90
309 780 69
309 785 19
309 789 50
309 792 1
309 795 6
309 798 17
309 799 84
309 810 65
309 827 67
309 837 82
309 853 79
309 856 17
309 863 35
309 873 81
309 877 43
309 902 22
309 905 84
309 922 46
309 928 53
309 932 43
309 937 73
309 943 24
309 945 17
309 948 90
309 954 72
309 961 71
309 971 22
309 978 5
309 989 88
310 318 37
310 324 20
310 328 74
310 329 75
310 341 94
310 344 60
310 360 26
310 364 86
310 375 22
310 403 64
310 405 74
310 406 62
310 411 84
310 420 35
310 450 72
310 459 9
310 460 41
310 476 23
310 483 5
310 494 30
310 512 90
310 521 99
310 526 23
310 549 90
310 555 72
310 562 20
310 580 29
310 582 47
310 608 62
310 620 32
310 628 12
310 632 24
310 636 32
310 647 88
310 648 42
310 661 78
310 663 33
310 671 39
310 682 33
310 689 87
310 702 87
310 704 68
310 730 60
310 734 66
310 746 34
310 752 42
310 757 81
310 764 31
310 767 83
310 769 43
310 775 67
310 777 36
310 783 33
310 785 69
310 789 40
310 792 52
310 796 86
310 798 68
310 799 68
310 810 97
310 837 29
310 848 46
310 853 70
310 863 6
310 866 7
310 869 58
310 872 66
310 873 66
310 902 14
310 905 9
310 922 1
310 927 84
310 932 44
310 936 55
310 937 2
310 945 4
310 948 37
310 954 92
310 960 38
310 971 77
310 978 75
310 987 47
310 993 53
311 324 15
311 325 54
311 336 44
311 338 55
311 346 91
311 348 7
311 359 35
311 360 75
311 367 36
311 372 44
311 375 30
311 384 11
311 389 66
311 409 41
311 419 1
311 424 45
311 426 51
311 446 58
311 455 99
311 457 71
311 466 42
311 470 85
311 494 89
311 497 52
311 500 64
311 510 80
311 512 1
311 514 67
311 533 48
311 535 29
311 547 55
311 548 74
311 553 28
311 580 73
311 582 8
311 584 77
311 589 72
311 597 17
311 612 10
311 620 72
311 621 1
311 628 82
311 646 52
311 648 19
311 661 60
311 682 17
311 691 32
311 699 97
311 702 55
311 704 10
311 710 63
311 719 8
311 723 66
311 728 71
311 729 39
311 730 13
311 733 91
311 737 93
311 738 73
311 751 54
311 763 13
311 764 12
311 777 32
311 780 58
311 785 23
311 793 78
311 795 95
311 804 30
311 810 24
311 815 81
311 817 88
311 827 59
311 833 26
311 837 97
311 853 95
311 856 79
311 865 91
311 867 64
311 873 80
311 877 7
311 902 8
311 909 42
311 918 52
311 920 16
311 922 93
311 923 79
311 928 40
311 937 54
311 943 47
311 948 27
311 953 44
311 961 34
311 971 95
311 981 48
311 989 9
312 315 34
312 331 69
312 340 23
312 343 53
312 349 71
312 353 38
312 354 42
312 374 90
312 376 85
312 390 73
312 400 64
312 402 78
312 418 47
312 438 42
312 475 19
312 487 69
312 496 61
312 509 47
312 571 58
312 574 13
312 599 33
312 604 99
312 638 25
312 642 12
312 644 1
312 658 57
312 660 62
312 664 30
312 666 95
312 669 67
312 675 90
312 676 20
312 708 72
312 714 93
312 731 9
312 743 99
312 748 31
312 753 33
312 758 35
312 771 69
312 773 94
312 776 9
312 794 74
312 812 29
312 819 77
312 829 71
312 831 79
312 834 47
312 846 40
312 850 13
312 857 9
312 858 43
312 874 37
312 894 33
312 903 81
312 913 9
312 914 63
312 915 55
312 917 83
312 929 72
312 935 91
312 940 7
312 983 43
313 328 29
313 333 66
313 347 27
313 368 62
313 370 19
313 394 32
313 404 36
313 414 31
313 416 21
313 428 50
313 429 96
313 454 73
313 467 53
313 481 49
313 499 20
313 507 20
313 524 35
313 527 46
313 543 57
313 550 81
313 573 84
313 586 95
313 587 1
313 593 24
313 598 72
313 601 39
313 602 62
313 603 92
313 610 11
313 614 73
313 615 66
313 617 43
313 622 5
313 643 2
313 690 32
313 698 79
313 701 48
313 716 28
313 725 27
313 726 82
313 735 75
313 739 77
313 759 53
313 791 5
313 807 39
313 809 44
313 821 44
313 822 15
313 843 95
313 864 50
313 879 2
313 880 42
313 887 75
313 897 56
313 916 41
313 919 18
313 930 24
313 941 66
313 950 36
313 993 59
314 315 82
314 331 10
314 365 56
314 373 6
314 383 33
314 388 79
314 396 92
314 397 86
314 398 57
314 410 85
314 432 77
314 435 6
314 442 9
314 443 35
314 463 30
314 475 27
314 478 63
314 480 77
314 482 34
314 487 68
314 509 11
314 518 67
314 525 95
314 539 26
314 554 18
314 570 77
314 571 56
314 574 19
314 581 86
314 585 29
314 637 65
314 666 56
314 688 55
314 700 54
314 707 77
314 715 84
314 736 13
314 740 17
314 744 11
314 758 30
314 765 9
314 766 54
314 770 91
314 778 43
314 825 46
314 834 43
314 841 36
314 846 45
314 849 55
314 862 64
314 881 5
314 896 33
314 901 28
314 908 32
314 917 57
314 929 89
314 935 100
314 966 96
314 996 10
315 331 62
315 340 75
315 343 99
315 349 20
315 353 92
315 354 89
315 373 95
315 374 67
315 376 64
315 383 56
315 390 89
315 397 3
315 400 54
315 418 32
315 432 56
315 438 96
315 443 98
315 475 71
315 480 62
315 482 55
315 484 22
315 487 39
315 496 32
315 509 50
315 518 37
315 539 22
315 556 34
315 571 21
315 574 25
315 585 56
315 599 34
315 638 6
315 640 43
315 642 42
315 644 93
315 650 48
315 658 12
315 664 10
315 666 97
315 669 17
315 675 30
315 700 22
315 708 28
315 727 74
315 731 35
315 743 55
315 744 84
315 748 50
315 753 49
315 758 74
315 766 98
315 771 79
315 776 49
315 794 51
315 812 23
315 825 61
315 829 3
315 834 66
315 845 46
315 846 50
315 849 71
315 850 27
315 857 73
315 858 55
315 881 5
315 894 51
315 901 58
315 903 57
315 908 9
315 913 92
315 915 32
315 917 25
315 929 30
315 935 34
315 940 32
315 959 6
315 966 55
315 983 87
315 996 66
316 326 65
316 328 66
316 329 93
316 333 62
316 337 70
316 347 83
316 363 36
316 370 85
316 381 97
316 392 3
316 394 3
316 404 67
316 414 50
316 428 58
316 429 95
316 433 3
316 439 95
316 444 95
316 454 3
316 461 83
316 465 24
316 467 75
316 477 60
316 493 25
316 497 42
316 506 35
316 517 85
316 524 40
316 527 81
316 537 50
316 557 58
316 558 65
316 560 43
316 562 26
316 569 100
316 580 76
316 582 87
316 591 100
316 593 75
316 603 89
316 606 77
316 608 15
316 615 92
316 622 41
316 631 32
316 643 24
316 685 9
316 686 16
316 694 94
316 698 10
316 701 100
316 705 55
316 721 6
316 726 59
316 739 45
316 768 80
316 772 80
316 783 85
316 784 77
316 790 17
316 791 61
316 801 94
316 807 88
316 820 92
316 822 29
316 828 99
316 835 52
316 836 81
316 842 55
316 847 35
316 859 22
316 860 66
316 868 29
316 869 17
316 870 35
316 882 13
316 887 96
316 904 61
316 911 73
316 919 65
316 921 40
316 941 73
316 942 44
316 943 95
316 950 14
316 952 6
316 955 73
316 965 28
316 971 93
316 973 60
316 978 87
316 989 46
316 997 2
317 324 48
317 348 9
317 351 90
317 359 90
317 366 41
317 369 90
317 377 91
317 380 3
317 401 10
317 417 90
317 422 55
317 424 9
317 449 37
317 456 95
317 458 2
317 466 77
317 470 63
317 504 45
317 510 17
317 511 86
317 513 5
317 516 85
317 528 85
317 534 71
317 535 88
317 546 31
317 575 30
317 588 32
317 605 14
317 616 42
317 619 55
317 620 47
317 628 63
317 639 4
317 640 37
317 653 54
317 656 75
317 659 28
317 665 17
317 670 70
317 673 92
317 680 76
317 683 36
317 687 95
317 704 8
317 712 25
317 723 96
317 724 77
317 729 86
317 731 37
317 733 81
317 746 23
317 747 44
317 750 83
317 751 26
317 774 55
317 779 43
317 787 14
317 799 64
317 804 88
317 810 25
317 811 57
317 826 22
317 827 53
317 830 5
317 837 55
317 888 59
317 892 90
317 895 75
317 902 14
317 905 50
317 914 1
317 915 83
317 924 10
317 925 15
317 932 47
317 937 1
317 961 74
317 963 43
317 984 13
317 991 19
317 992 87
318 324 12
318 325 6
318 328 86
318 329 10
318 333 32
318 341 19
318 344 29
318 360 7
318 364 79
318 375 67
318 403 11
318 405 22
318 406 99
318 411 53
318 446 17
318 455 57
318 459 63
318 460 38
318 476 80
318 483 1
318 494 8
318 497 62
318 512 16
318 514 40
318 521 43
318 526 31
318 527 45
318 548 53
318 549 21
318 555 16
318 558 28
318 562 44
318 580 5
318 582 17
318 589 90
318 608 34
318 620 36
318 621 91
318 628 80
318 631 98
318 648 15
318 661 51
318 671 74
318 682 65
318 698 90
318 702 51
318 704 89
318 705 22
318 730 45
318 734 55
318 738 57
318 746 28
318 752 5
318 757 85
318 764 94
318 767 33
318 769 38
318 775 81
318 777 10
318 783 21
318 784 29
318 785 77
318 789 4
318 791 100
318 792 24
318 795 64
318 796 24
318 798 36
318 799 11
318 810 36
318 820 76
318 837 4
318 848 13
318 853 92
318 856 18
318 863 78
318 866 71
318 869 40
318 872 62
318 873 74
318 877 60
318 902 32
318 905 26
318 911 81
318 922 19
318 927 2
318 932 98
318 936 23
318 937 29
318 943 26
318 945 65
318 948 40
318 954 89
318 971 37
318 978 95
318 989 56
319 343 52
319 353 96
319 374 22
319 390 21
319 393 34
319 438 33
319 475 51
319 496 39
319 501 38
319 556 78
319 585 100
319 599 80
319 626 99
319 644 56
319 650 94
319 657 21
319 660 18
319 664 85
319 669 86
319 675 100
319 708 51
319 743 12
319 748 53
319 771 88
319 812 19
319 829 77
319 846 24
319 850 48
319 857 55
319 871 4
319 894 40
319 903 80
319 959 1
319 967 2
320 326 36
320 337 12
320 342 11
320 357 8
320 367 13
320 386 34
320 389 56
320 399 69
320 440 18
320 461 68
320 465 4
320 473 28
320 474 92
320 477 48
320 479 85
320 493 31
320 497 94
320 533 9
320 540 74
320 541 24
320 547 80
320 553 31
320 560 16
320 565 92
320 569 82
320 584 72
320 591 84
320 607 5
320 633 61
320 646 58
320 652 38
320 685 82
320 693 98
320 696 13
320 697 22
320 699 6
320 706 69
320 719 13
320 737 94
320 762 16
320 763 69
320 772 63
320 784 24
320 806 48
320 808 16
320 814 51
320 828 40
320 847 61
320 851 13
320 859 58
320 860 73
320 861 67
320 865 17
320 867 78
320 868 43
320 870 70
320 893 13
320 918 67
320 942 98
320 943 37
320 953 42
320 965 69
320 969 70
320 981 59
320 989 84
320 997 86
320 999 55
321 340 5
321 356 73
321 369 47
321 377 6
321 380 44
321 391 36
321 402 44
321 422 24
321 431 44
321 449 56
321 456 34
321 458 66
321 462 63
321 489 18
321 495 12
321 504 30
321 511 36
321 520 82
321 536 45
321 546 12
321 563 17
321 566 75
321 583 73
321 596 42
321 604 53
321 605 56
321 613 98
321 616 67
321 618 32
321 630 9
321 642 97
321 653 40
321 659 99
321 665 24
321 668 42
321 670 88
321 673 57
321 676 50
321 683 61
321 712 89
321 714 75
321 750 44
321 753 8
321 773 21
321 805 21
321 819 64
321 826 63
321 831 69
321 874 46
321 886 64
321 888 87
321 892 35
321 913 68
321 914 38
321 924 45
321 925 8
321 926 63
321 944 89
321 946 53
321 949 70
321 976 55
321 983 49
322 368 8
322 378 98
322 416 68
322 421 11
322 428 36
322 445 25
322 450 28
322 452 47
322 464 30
322 467 15
322 481 40
322 485 58
322 499 79
322 507 27
322 508 82
322 519 34
322 530 11
322 531 64
322 538 4
322 542 2
322 543 52
322 550 3
322 551 25
322 559 24
322 573 51
322 576 77
322 578 30
322 586 21
322 587 53
322 598 5
322 601 73
322 602 33
322 610 64
322 614 40
322 617 34
322 645 93
322 690 49
322 709 89
322 713 46
322 716 97
322 722 49
322 725 85
322 735 93
322 759 90
322 760 97
322 800 25
322 809 49
322 813 7
322 818 94
322 821 34
322 838 99
322 843 6
322 852 30
322 854 39
322 864 90
322 878 76
322 879 49
322 880 82
322 897 69
322 912 84
322 916 33
322 930 84
322 941 47
322 947 47
322 970 97
322 972 82
322 985 61
323 330 38
323 365 74
323 385 99
323 396 4
323 410 98
323 425 14
323 435 50
323 436 27
323 442 57
323 448 66
323 453 59
323 478 93
323 498 50
323 502 37
323 525 81
323 529 82
323 554 26
323 561 44
323 568 45
323 570 41
323 572 54
323 581 91
323 623 72
323 641 41
323 654 55
323 684 52
323 688 63
323 695 40
323 707 31
323 720 26
323 740 57
323 770 78
323 782 11
323 788 27
323 823 16
323 824 21
323 841 25
323 862 94
323 876 34
323 891 25
323 896 97
323 910 66
323 974 23
323 980 5
323 990 3
323 994 11
324 348 19
324 351 58
324 359 94
324 366 48
324 372 97
324 375 58
324 401 36
324 405 42
324 411 88
324 417 79
324 424 88
324 446 8
324 458 17
324 459 91
324 466 35
324 470 12
324 483 56
324 494 5
324 500 48
324 510 34
324 512 76
324 516 57
324 535 70
324 588 51
324 620 28
324 621 36
324 628 77
324 639 8
324 648 82
324 661 20
324 663 46
324 682 100
324 687 70
324 704 17
324 723 92
324 724 69
324 729 91
324 730 54
324 733 3
324 734 15
324 746 54
324 747 34
324 751 14
324 764 58
324 767 29
324 775 21
324 777 63
324 780 57
324 787 54
324 789 16
324 792 50
324 793 87
324 795 83
324 799 56
324 804 67
324 810 13
324 811 92
324 827 85
324 830 15
324 837 47
324 853 84
324 856 59
324 873 25
324 892 40
324 895 24
324 902 47
324 905 38
324 922 31
324 924 72
324 928 14
324 932 83
324 937 96
324 945 94
324 948 32
324 961 50
324 984 23
324 992 70
325 338 25
325 346 30
325 360 52
325 367 76
325 372 42
325 375 81
325 384 3
325 389 31
325 399 68
325 405 29
325 409 78
325 419 98
325 439 99
325 444 4
325 446 93
325 455 19
325 459 92
325 465 76
325 483 67
325 493 10
325 494 63
325 497 2
325 500 28
325 510 49
325 512 63
325 514 68
325 533 78
325 535 31
325 537 49
325 547 56
325 548 75
325 553 6
325 555 32
325 557 69
325 558 48
325 562 26
325 569 32
325 580 31
325 582 39
325 584 46
325 589 49
325 591 82
325 607 23
325 608 27
325 612 33
325 621 50
325 631 59
325 646 88
325 648 15
325 661 6
325 682 80
325 699 47
325 702 75
325 705 93
325 706 22
325 719 61
325 730 92
325 737 4
325 738 49
325 757 100
325 763 100
325 764 27
325 772 14
325 777 90
325 780 18
325 784 17
325 785 84
325 795 90
325 798 55
325 815 16
325 820 66
325 827 43
325 853 30
325 856 57
325 859 95
325 860 89
325 865 70
325 867 22
325 868 94
325 870 47
325 873 71
325 877 5
325 918 1
325 922 34
325 928 52
325 942 1
325 943 55
325 948 65
325 955 38
325 961 97
325 971 93
325 978 68
325 981 78
325 989 20
325 999 58
326 337 11
326 357 70
326 361 60
326 363 94
326 370 10
326 381 36
326 382 55
326 386 81
326 392 92
326 413 54
326 414 30
326 429 15
326 433 99
326 434 28
326 439 18
326 444 6
326 451 32
326 461 46
326 473 17
326 474 99
326 477 95
326 493 44
326 505 79
326 506 58
326 517 26
326 524 57
326 537 85
326 540 88
326 541 81
326 557 80
326 560 75
326 565 91
326 569 26
326 591 79
326 606 56
326 607 75
326 615 99
326 622 39
326 625 40
326 633 75
326 649 82
326 655 32
326 685 64
326 686 24
326 693 5
326 694 94
326 696 93
326 721 45
326 768 45
326 772 30
326 790 49
326 801 70
326 814 17
326 828 41
326 832 46
326 835 30
326 836 32
326 842 73
326 847 54
326 851 41
326 855 85
326 859 48
326 860 78
326 868 77
326 870 6
326 882 71
326 893 61
326 899 100
326 904 18
326 921 88
326 933 13
326 942 78
326 952 26
326 955 23
326 965 35
326 973 21
326 997 73
327 330 2
327 335 25
327 345 36
327 385 27
327 387 40
327 395 33
327 420 2
327 425 34
327 427 18
327 436 10
327 437 50
327 441 56
327 445 58
327 448 9
327 452 48
327 453 43
327 464 64
327 471 47
327 476 86
327 485 73
327 498 12
327 503 92
327 508 53
327 529 68
327 530 66
327 531 32
327 532 56
327 538 27
327 544 94
327 551 86
327 559 57
327 561 11
327 567 74
327 568 51
327 572 30
327 576 56
327 578 71
327 590 57
327 600 59
327 611 20
327 627 20
327 632 73
327 634 12
327 641 11
327 645 80
327 651 45
327 678 59
327 679 87
327 684 36
327 695 27
327 709 42
327 713 63
327 718 16
327 722 10
327 741 75
327 745 84
327 756 48
327 761 70
327 782 15
327 797 20
327 813 94
327 816 26
327 823 18
327 824 24
327 838 4
327 876 63
327 878 97
327 891 32
327 912 27
327 938 81
327 947 25
327 962 59
327 970 19
327 972 68
327 974 27
327 979 97
327 980 79
327 985 8
327 990 92
328 329 89
328 333 70
328 341 73
328 344 4
328 347 38
328 364 78
328 394 62
328 404 75
328 405 31
328 416 73
328 428 55
328 429 55
328 444 10
328 445 44
328 450 83
328 454 47
328 459 75
328 464 26
328 467 36
328 483 82
328 499 7
328 507 86
328 521 14
328 526 42
328 527 24
328 537 69
328 549 11
328 550 13
328 555 11
328 557 71
328 558 39
328 562 13
328 580 57
328 586 1
328 587 34
328 593 40
328 598 93
328 608 23
328 631 24
328 686 87
328 690 9
328 694 54
328 698 51
328 701 55
328 709 32
328 716 95
328 726 99
328 735 92
328 739 18
328 752 46
328 757 10
328 783 94
328 785 99
328 790 64
328 791 69
328 798 89
328 807 6
328 820 64
328 822 37
328 835 19
328 836 54
328 843 96
328 848 88
328 866 82
328 869 81
328 872 21
328 879 76
328 887 63
328 897 24
328 911 49
328 936 47
328 941 100
328 947 86
328 954 35
328 955 18
328 972 69
328 978 95
328 985 29
328 993 84
329 333 40
329 341 14
329 344 98
329 347 30
329 360 70
329 364 38
329 403 97
329 404 33
329 405 71
329 420 89
329 428 30
329 429 29
329 444 30
329 445 20
329 450 58
329 454 2
329 459 7
329 464 45
329 467 73
329 483 32
329 499 31
329 507 91
329 521 58
329 526 65
329 527 26
329 537 66
329 549 37
329 550 25
329 555 49
329 557 40
329 558 55
329 562 18
329 580 21
329 582 36
329 586 30
329 587 69
329 593 62
329 598 61
329 608 3
329 631 2
329 686 100
329 690 54
329 698 9
329 701 88
329 709 46
329 716 20
329 726 62
329 739 25
329 752 96
329 757 99
329 767 2
329 769 98
329 783 58
329 785 29
329 790 91
329 791 2
329 792 23
329 798 47
329 807 33
329 820 80
329 822 51
329 843 3
329 848 2
329 863 60
329 866 13
329 869 8
329 872 24
329 879 45
329 887 86
329 897 12
329 911 19
329 936 60
329 941 56
329 947 74
329 954 51
329 955 19
329 970 62
329 972 96
329 978 92
329 985 41
329 993 82
330 335 93
330 345 63
330 385 17
330 387 5
330 395 28
330 396 94
330 408 50
330 420 100
330 425 97
330 427 54
330 435 57
330 436 5
330 437 8
330 441 60
330 445 57
330 448 12
330 453 13
330 463 65
330 464 98
330 471 51
330 476 100
330 498 52
330 502 19
330 503 3
330 529 43
330 531 51
330 538 77
330 551 14
330 554 31
330 561 93
330 567 39
330 568 79
330 572 15
330 581 74
330 590 4
330 600 44
330 611 79
330 623 18
330 627 29
330 632 52
330 634 42
330 641 98
330 651 72
330 654 52
330 684 61
330 688 100
330 689 3
330 695 30
330 713 26
330 720 92
330 741 49
330 745 97
330 756 45
330 761 95
330 769 55
330 770 51
330 782 45
330 788 46
330 813 53
330 816 4
330 823 7
330 824 31
330 841 97
330 876 28
330 891 36
330 938 90
330 970 17
330 972 99
330 974 76
330 979 50
330 980 21
330 985 19
330 990 62
330 998 90
331 349 100
331 354 16
331 373 73
331 374 57
331 383 39
331 388 24
331 390 11
331 397 78
331 398 23
331 400 74
331 418 48
331 432 42
331 443 100
331 475 43
331 480 42
331 482 66
331 484 95
331 487 17
331 509 56
331 518 43
331 539 79
331 571 28
331 574 99
331 585 86
331 637 33
331 638 67
331 644 3
331 650 93
331 657 31
331 658 46
331 664 38
331 666 70
331 700 8
331 708 82
331 715 22
331 727 78
331 740 10
331 744 35
331 748 72
331 758 81
331 765 90
331 766 99
331 776 56
331 778 66
331 794 21
331 812 89
331 825 51
331 829 68
331 834 7
331 845 5
331 846 95
331 849 38
331 850 46
331 857 4
331 858 44
331 862 34
331 881 84
331 901 73
331 903 57
331 908 95
331 917 11
331 929 34
331 935 15
331 959 59
331 966 18
331 996 16
332 334 72
332 336 50
332 338 98
332 342 37
332 346 31
332 350 63
332 384 4
332 399 44
332 407 6
332 409 74
332 415 39
332 419 69
332 430 77
332 457 14
332 490 48
332 515 64
332 545 53
332 553 10
332 564 1
332 579 85
332 584 7
332 597 32
332 612 93
332 646 16
332 667 60
332 681 9
332 691 11
332 692 93
332 710 46
332 717 52
332 728 20
332 737 22
332 754 21
332 762 96
332 786 57
332 803 15
332 806 94
332 815 35
332 861 29
332 907 51
332 909 43
332 918 73
332 920 78
332 923 57
332 953 54
332 964 90
332 981 3
332 995 33
333 341 30
333 347 23
333 360 55
333 364 28
333 370 95
333 381 88
333 392 67
333 394 26
333 404 80
333 405 48
333 428 84
333 429 66
333 439 26
333 444 12
333 450 1
333 454 61
333 459 37
333 467 69
333 497 4
333 499 66
333 507 93
333 512 76
333 521 27
333 527 60
333 537 63
333 550 63
333 555 10
333 557 7
333 558 43
333 562 47
333 569 28
333 580 54
333 582 51
333 586 78
333 593 33
333 608 98
333 622 10
333 631 43
333 643 80
333 686 69
333 690 99
333 694 4
333 698 88
333 701 54
333 702 84
333 705 70
333 726 4
333 739 71
333 757 80
333 768 35
333 772 27
333 783 9
333 784 12
333 785 69
333 790 70
333 791 98
333 798 66
333 807 12
333 820 77
333 822 44
333 835 97
333 836 51
333 843 71
333 860 13
333 866 34
333 869 64
333 887 36
333 897 3
333 904 83
333 911 21
333 919 20
333 921 87
333 936 48
333 941 96
333 942 62
333 955 99
333 971 12
333 978 28
333 989 84
333 993 47
334 336 7
334 339 57
334 350 53
334 371 22
334 407 72
334 415 78
334 423 71
334 426 79
334 430 100
334 447 26
334 457 24
334 490 74
334 491 4
334 515 7
334 522 87
334 523 95
334 545 8
334 564 12
334 579 59
334 594 87
334 595 3
334 597 100
334 667 78
334 681 99
334 691 51
334 692 91
334 703 16
334 710 13
334 717 79
334 728 66
334 732 73
334 754 2
334 755 17
334 781 90
334 793 40
334 802 6
334 803 37
334 817 93
334 833 79
334 883 77
334 890 16
334 900 95
334 906 44
334 907 32
334 909 61
334 920 55
334 923 88
334 931 47
334 958 71
334 964 10
334 968 64
334 975 42
334 977 89
334 995 28
335 345 51
335 385 5
335 387 43
335 395 42
335 420 97
335 425 28
335 427 86
335 436 17
335 437 68
335 441 83
335 445 49
335 448 3
335 452 25
335 453 12
335 464 78
335 471 48
335 476 93
335 485 78
335 498 25
335 503 84
335 508 12
335 529 3
335 530 27
335 531 50
335 538 99
335 551 12
335 559 21
335 561 3
335 567 57
335 568 94
335 587 87
335 590 25
335 600 99
335 611 85
335 627 60
335 632 98
335 634 41
335 641 2
335 645 97
335 651 77
335 678 3
335 679 45
335 684 4
335 689 99
335 695 99
335 709 75
335 713 70
335 718 13
335 722 68
335 741 36
335 745 22
335 752 55
335 756 91
335 761 42
335 769 100
335 782 34
335 813 7
335 816 27
335 823 24
335 824 26
335 848 66
335 872 99
335 876 75
335 891 75
335 912 22
335 936 33
335 938 97
335 947 63
335 970 77
335 972 36
335 974 93
335 979 92
335 980 74
335 985 56
335 998 35
336 338 98
336 342 3
336 346 3
336 348 73
336 350 68
336 372 93
336 384 79
336 407 5
336 409 10
336 415 52
336 419 82
336 424 44
336 426 79
336 430 3
336 457 26
336 490 82
336 491 71
336 500 39
336 510 56
336 515 78
336 522 32
336 535 38
336 545 25
336 553 7
336 564 4
336 575 82
336 579 76
336 595 99
336 597 2
336 612 63
336 621 88
336 656 34
336 667 59
336 681 89
336 691 44
336 692 54
336 703 88
336 710 93
336 717 64
336 723 14
336 728 2
336 732 89
336 733 72
336 737 14
336 751 87
336 754 4
336 780 37
336 781 83
336 786 8
336 793 27
336 795 73
336 802 61
336 803 33
336 804 30
336 806 27
336 815 99
336 817 81
336 827 6
336 833 4
336 861 59
336 883 56
336 890 28
336 906 95
336 907 35
336 909 19
336 918 92
336 920 3
336 923 49
336 928 39
336 931 84
336 953 83
336 958 26
336 961 91
336 964 20
336 968 92
336 975 41
336 977 11
336 981 16
336 995 67
337 357 98
337 361 66
337 363 91
337 370 2
337 381 97
337 382 58
337 386 51
337 392 60
337 413 69
337 433 91
337 434 53
337 439 31
337 451 83
337 461 68
337 465 46
337 473 30
337 474 86
337 477 40
337 493 100
337 505 86
337 506 54
337 517 42
337 540 56
337 541 15
337 557 57
337 560 97
337 565 5
337 569 90
337 591 91
337 606 64
337 607 72
337 625 23
337 633 14
337 649 90
337 655 19
337 685 56
337 686 56
337 693 39
337 694 41
337 696 27
337 697 23
337 706 47
337 721 80
337 768 63
337 772 60
337 801 76
337 814 77
337 828 31
337 832 70
337 835 28
337 836 29
337 842 12
337 847 6
337 851 50
337 855 45
337 859 82
337 860 35
337 868 9
337 870 3
337 882 98
337 893 92
337 899 58
337 904 5
337 921 20
337 933 43
337 942 60
337 952 94
337 965 25
337 973 35
337 997 35
337 999 90
338 342 84
338 346 78
338 350 53
338 367 70
338 372 37
338 375 13
338 384 87
338 389 4
338 399 54
338 409 57
338 419 48
338 424 28
338 426 69
338 430 86
338 446 53
338 455 97
338 457 41
338 466 97
338 490 63
338 500 98
338 510 61
338 514 64
338 515 1
338 533 14
338 535 88
338 545 38
338 547 21
338 548 12
338 553 88
338 579 12
338 584 87
338 589 32
338 597 34
338 612 65
338 621 65
338 646 70
338 648 69
338 667 14
338 681 98
338 682 10
338 691 63
338 692 7
338 699 93
338 706 100
338 710 100
338 717 11
338 719 76
338 723 58
338 728 63
338 737 43
338 738 58
338 751 89
338 762 83
338 763 93
338 780 14
338 786 53
338 793 21
338 795 89
338 803 93
338 804 70
338 806 67
338 815 53
338 817 14
338 827 36
338 833 28
338 856 14
338 861 19
338 865 34
338 867 61
338 873 38
338 877 86
338 909 50
338 918 6
338 920 76
338 923 68
338 928 26
338 943 33
338 948 97
338 953 96
338 961 85
338 975 60
338 981 33
338 995 10
339 350 63
339 355 76
339 371 28
339 407 66
339 412 55
339 415 42
339 423 45
339 447 17
339 469 49
339 472 97
339 488 68
339 491 13
339 515 85
339 522 19
339 523 30
339 545 37
339 564 83
339 594 40
339 595 96
339 624 59
339 662 69
339 667 15
339 677 58
339 703 81
339 710 5
339 732 60
339 742 27
339 754 57
339 755 75
339 781 57
339 802 14
339 839 55
339 840 31
339 883 65
339 890 10
339 900 54
339 906 33
339 907 84
339 931 53
339 934 99
339 939 92
339 956 63
339 958 44
339 964 52
339 968 58
339 975 83
339 977 85
339 982 64
340 349 59
340 351 31
340 354 2
340 366 72
340 373 84
340 376 78
340 377 13
340 380 45
340 400 47
340 402 34
340 417 12
340 418 70
340 456 13
340 484 48
340 487 59
340 489 79
340 504 96
340 509 60
340 520 88
340 534 61
340 563 22
340 604 44
340 613 60
340 618 80
340 619 46
340 638 55
340 640 89
340 642 40
340 653 69
340 658 5
340 659 69
340 664 40
340 666 26
340 670 2
340 673 21
340 676 1
340 680 66
340 712 21
340 714 9
340 727 41
340 731 19
340 743 88
340 747 78
340 750 93
340 753 40
340 773 76
340 774 75
340 776 17
340 794 77
340 805 32
340 819 41
340 831 73
340 834 13
340 845 84
340 858 23
340 874 16
340 888 15
340 892 56
340 903 78
340 913 86
340 914 88
340 915 80
340 924 24
340 925 1
340 929 3
340 935 68
340 940 72
340 963 50
340 983 15
340 991 16
341 344 39
341 347 94
341 364 73
341 403 75
341 404 58
341 405 90
341 416 92
341 420 97
341 428 68
341 429 78
341 444 38
341 445 75
341 450 51
341 454 66
341 459 88
341 464 64
341 467 13
341 476 64
341 499 39
341 507 27
341 521 58
341 526 32
341 527 78
341 537 46
341 549 26
341 550 18
341 555 9
341 559 11
341 562 39
341 586 21
341 587 94
341 593 67
341 598 43
341 608 27
341 614 62
341 617 45
341 634 82
341 645 50
341 690 3
341 698 39
341 701 21
341 709 100
341 716 43
341 726 55
341 735 87
341 739 71
341 741 83
341 752 41
341 757 81
341 769 70
341 783 38
341 790 23
341 791 34
341 798 38
341 807 7
341 820 9
341 821 17
341 822 57
341 843 55
341 848 48
341 863 67
341 866 23
341 869 38
341 872 48
341 879 82
341 887 18
341 897 77
341 911 25
341 936 71
341 941 25
341 947 50
341 954 47
341 970 92
341 972 77
341 978 18
341 985 66
341 993 85
342 346 65
342 357 55
342 367 82
342 372 52
342 384 44
342 389 76
342 399 46
342 409 58
342 419 84
342 430 70
342 440 98
342 455 26
342 457 10
342 474 100
342 479 91
342 490 37
342 515 73
342 533 8
342 547 66
342 553 59
342 579 56
342 584 56
342 597 69
342 607 90
342 612 30
342 646 28
342 652 39
342 667 77
342 681 29
342 692 48
342 697 71
342 699 49
342 706 17
342 717 45
342 719 28
342 728 45
342 737 43
342 738 51
342 762 14
342 763 99
342 786 5
342 803 11
342 806 67
342 808 69
342 815 70
342 861 84
342 865 25
342 867 17
342 909 76
342 918 79
342 920 45
342 923 27
342 928 78
342 953 41
342 969 53
342 981 26
342 995 52
342 999 13
343 349 87
343 353 30
343 374 13
343 376 11
343 390 99
343 393 91
343 438 5
343 475 30
343 496 52
343 501 100
343 556 4
343 585 48
343 599 87
343 626 33
343 644 44
343 650 61
343 657 31
343 660 77
343 664 32
343 669 31
343 675 73
343 708 85
343 743 56
343 748 79
343 771 9
343 776 25
343 794 37
343 812 7
343 829 63
343 846 27
343 850 29
343 857 71
343 871 42
343 894 74
343 903 93
343 917 17
343 940 8
343 959 20
343 967 73
344 364 89
344 403 56
344 405 71
344 406 90
344 411 22
344 420 15
344 437 25
344 445 65
344 450 74
344 459 9
344 460 80
344 464 85
344 467 62
344 471 87
344 476 44
344 483 75
344 492 51
344 494 18
344 503 61
344 507 20
344 521 20
344 526 66
344 549 47
344 550 90
344 555 59
344 567 31
344 600 35
344 608 8
344 611 3
344 620 83
344 627 26
344 632 81
344 634 96
344 636 78
344 647 53
344 661 18
344 663 40
344 671 48
344 689 60
344 730 62
344 734 43
344 741 62
344 745 58
344 752 13
344 756 99
344 757 99
344 767 62
344 769 3
344 775 17
344 777 6
344 789 36
344 792 80
344 796 98
344 798 22
344 837 53
344 848 79
344 863 3
344 866 72
344 869 92
344 872 92
344 875 29
344 927 20
344 932 31
344 936 19
344 938 92
344 945 74
344 954 56
344 960 70
344 970 22
344 972 18
344 978 62
344 979 30
344 985 33
344 987 12
344 993 28
344 998 20
345 385 56
345 387 32
345 395 32
345 420 97
345 425 67
345 427 64
345 435 32
345 436 54
345 437 23
345 441 18
345 445 73
345 448 56
345 453 42
345 464 96
345 471 89
345 476 2
345 498 55
345 502 78
345 503 50
345 508 58
345 529 93
345 530 58
345 531 88
345 538 64
345 551 58
345 554 83
345 559 10
345 561 16
345 567 85
345 568 57
345 572 82
345 590 4
345 600 28
345 611 27
345 627 40
345 632 84
345 634 98
345 641 81
345 645 88
345 651 93
345 654 83
345 678 15
345 679 47
345 684 71
345 688 40
345 689 14
345 695 51
345 709 64
345 713 85
345 718 5
345 722 56
345 741 57
345 745 43
345 752 68
345 756 59
345 761 48
345 769 67
345 782 78
345 788 50
345 813 34
345 816 97
345 823 95
345 824 46
345 841 26
345 876 69
345 891 41
345 912 49
345 938 59
345 947 67
345 970 42
345 972 20
345 974 70
345 979 37
345 980 10
345 985 48
345 990 70
345 998 26
346 350 52
346 367 99
346 372 48
346 375 26
346 384 98
346 389 41
346 399 35
346 409 69
346 419 99
346 430 16
346 446 22
346 455 87
346 457 100
346 465 93
346 466 37
346 479 65
346 490 42
346 497 58
346 500 44
346 510 100
346 514 17
346 515 74
346 533 30
346 535 62
346 547 28
346 548 42
346 553 32
346 579 99
346 582 98
346 584 32
346 589 43
346 597 12
346 607 78
346 612 89
346 621 94
346 646 2
346 648 86
346 667 16
346 681 29
346 682 57
346 691 92
346 692 87
346 699 100
346 702 79
346 706 93
346 710 18
346 717 80
346 719 85
346 723 81
346 728 17
346 737 82
346 738 53
346 762 11
346 763 81
346 764 53
346 780 56
346 784 66
346 786 46
346 793 84
346 795 78
346 803 76
346 806 55
346 815 92
346 827 63
346 833 10
346 856 9
346 861 94
346 865 100
346 867 1
346 868 53
346 873 80
346 877 80
346 909 57
346 918 59
346 920 93
346 922 2
346 923 50
346 928 82
346 943 17
346 948 6
346 953 44
346 961 12
346 969 100
346 971 42
346 981 1
346 989 61
346 995 64
346 999 34
347 370 9
347 381 17
347 394 55
347 404 74
347 416 79
347 428 72
347 429 82
347 433 23
347 439 43
347 444 11
347 450 4
347 454 78
347 467 96
347 481 3
347 499 30
347 507 85
347 521 68
347 527 24
347 537 16
347 543 64
347 550 67
347 555 26
347 557 32
347 562 77
347 586 6
347 587 8
347 593 86
347 598 64
347 602 36
347 603 78
347 608 31
347 610 60
347 614 21
347 615 6
347 617 94
347 622 33
347 631 27
347 643 81
347 686 5
347 690 45
347 694 81
347 698 70
347 701 63
347 716 46
347 726 3
347 735 11
347 739 46
347 768 51
347 783 29
347 790 39
347 791 44
347 807 96
347 820 8
347 822 84
347 835 23
347 836 36
347 843 74
347 866 85
347 869 55
347 879 79
347 887 100
347 897 28
347 904 37
347 911 1
347 919 56
347 921 13
347 941 91
347 950 73
347 955 49
347 978 31
347 993 27
348 351 100
348 355 2
348 359 3
348 369 97
348 371 20
348 375 63
348 384 75
348 401 34
348 417 5
348 424 61
348 426 72
348 446 95
348 458 74
348 466 67
348 470 91
348 486 55
348 500 93
348 510 21
348 511 84
348 513 83
348 516 52
348 522 68
348 528 39
348 535 37
348 546 100
348 575 13
348 588 75
348 597 59
348 616 69
348 621 95
348 628 6
348 639 33
348 648 46
348 656 1
348 665 24
348 687 27
348 691 87
348 703 78
348 704 33
348 710 10
348 723 51
348 729 78
348 732 47
348 733 83
348 746 37
348 747 63
348 751 98
348 764 4
348 779 6
348 780 27
348 787 81
348 793 36
348 795 11
348 799 2
348 802 95
348 804 44
348 810 4
348 811 95
348 815 93
348 817 7
348 826 88
348 827 89
348 833 79
348 837 7
348 856 61
348 890 66
348 892 69
348 895 29
348 902 51
348 920 10
348 922 7
348 923 15
348 924 84
348 928 40
348 931 2
348 937 34
348 961 81
348 968 53
348 975 48
348 977 60
348 984 45
349 353 61
349 354 92
349 374 82
349 376 56
349 390 70
349 400 28
349 402 66
349 418 5
349 438 39
349 475 66
349 487 55
349 496 88
349 556 92
349 571 26
349 574 67
349 599 18
349 604 55
349 638 71
349 642 52
349 644 56
349 650 46
349 658 77
349 660 31
349 664 81
349 666 82
349 669 21
349 675 2
349 676 66
349 708 82
349 714 93
349 743 94
349 748 19
349 753 52
349 758 39
349 771 12
349 776 4
349 794 67
349 812 14
349 819 77
349 829 88
349 831 43
349 834 7
349 846 77
349 850 87
349 857 37
349 858 31
349 874 19
349 894 44
349 903 8
349 913 72
349 914 75
349 915 24
349 917 70
349 929 72
349 935 68
349 940 67
349 959 45
349 967 3
349 983 23
350 355 97
350 371 44
350 384 39
350 407 48
350 409 97
350 415 25
350 419 44
350 423 79
350 424 87
350 426 45
350 430 87
350 447 2
350 457 9
350 490 54
350 491 24
350 500 90
350 515 11
350 522 75
350 523 12
350 545 24
350 564 53
350 575 65
350 579 61
350 594 82
350 595 56
350 597 6
350 612 92
350 656 72
350 667 50
350 681 67
350 691 87
350 692 43
350 703 39
350 710 47
350 717 89
350 723 89
350 728 44
350 732 15
350 733 20
350 737 82
350 751 75
350 754 5
350 755 34
350 781 2
350 793 40
350 802 80
350 803 88
350 804 83
350 815 86
350 817 12
350 827 6
350 833 23
350 883 64
350 890 2
350 900 62
350 906 48
350 907 24
350 909 73
350 920 82
350 923 82
350 931 93
350 958 90
350 964 79
350 968 9
350 975 60
350 977 59
350 995 61
351 352 79
351 359 9
351 366 42
351 369 72
351 377 96
351 380 95
351 401 11
351 411 30
351 417 55
351 449 43
351 456 5
351 458 70
351 466 36
351 470 13
351 504 39
351 516 80
351 528 99
351 534 79
351 546 10
351 588 26
351 619 36
351 620 26
351 628 1
351 639 55
351 640 33
351 653 87
351 659 40
351 661 57
351 663 51
351 665 34
351 670 87
351 672 4
351 673 73
351 680 5
351 687 85
351 704 52
351 712 49
351 724 59
351 727 82
351 729 78
351 731 22
351 733 25
351 734 32
351 746 19
351 747 19
351 750 23
351 774 36
351 779 3
351 787 99
351 799 15
351 810 20
351 811 23
351 830 77
351 837 3
351 845 36
351 892 93
351 895 23
351 902 99
351 905 31
351 914 18
351 915 83
351 924 94
351 925 47
351 932 41
351 937 43
351 945 98
351 963 4
351 984 10
351 991 49
351 992 83
352 354 66
352 366 43
352 373 60
352 388 45
352 397 23
352 398 42
352 403 79
352 406 4
352 408 42
352 411 55
352 418 32
352 443 18
352 460 53
352 463 25
352 480 78
352 484 75
352 487 88
352 492 44
352 509 97
352 534 19
352 552 27
352 554 2
352 567 50
352 619 84
352 627 79
352 632 30
352 636 39
352 637 6
352 638 51
352 640 40
352 647 26
352 658 59
352 663 88
352 666 87
352 671 17
352 672 89
352 680 80
352 688 13
352 689 19
352 695 8
352 724 46
352 727 54
352 731 94
352 734 90
352 736 34
352 744 38
352 746 69
352 749 54
352 765 17
352 766 55
352 774 21
352 778 63
352 789 15
352 796 93
352 799 43
352 830 98
352 845 18
352 863 32
352 875 35
352 881 60
352 885 35
352 901 78
352 905 23
352 915 34
352 927 48
352 929 85
352 932 51
352 935 80
352 945 77
352 960 42
352 963 50
352 966 16
352 986 73
352 987 27
352 988 28
352 991 83
352 992 19
352 998 45
353 374 56
353 376 98
353 390 11
353 393 46
353 400 22
353 402 18
353 438 87
353 475 15
353 496 59
353 501 40
353 556 78
353 599 8
353 604 82
353 642 71
353 644 80
353 650 85
353 660 62
353 664 48
353 669 44
353 675 83
353 676 72
353 708 62
353 714 22
353 743 27
353 748 16
353 753 96
353 771 34
353 776 33
353 794 75
353 812 75
353 829 61
353 831 33
353 834 55
353 850 42
353 857 21
353 858 49
353 871 94
353 894 64
353 903 3
353 913 56
353 940 91
353 967 19
353 983 48
354 366 82
354 373 22
354 376 63
354 377 42
354 388 52
354 397 56
354 398 98
354 400 64
354 402 95
354 417 20
354 418 7
354 443 81
354 456 50
354 480 65
354 484 12
354 487 8
354 504 38
354 509 14
354 534 1
354 552 29
354 571 56
354 574 94
354 619 95
354 637 2
354 638 39
354 640 96
354 642 68
354 653 64
354 658 83
354 659 4
354 664 34
354 666 87
354 670 25
354 672 22
354 673 26
354 676 62
354 680 100
354 712 75
354 724 57
354 727 49
354 731 89
354 736 42
354 747 76
354 748 86
354 750 30
354 753 6
354 758 6
354 774 55
354 776 22
354 778 88
354 794 18
354 819 26
354 830 43
354 834 56
354 845 51
354 858 21
354 874 71
354 881 75
354 885 13
354 892 58
354 901 75
354 913 57
354 914 34
354 915 95
354 929 17
354 935 65
354 940 32
354 963 69
354 966 32
354 983 95
354 986 69
354 988 15
354 991 42
354 992 57
355 356 89
355 369 18
355 371 63
355 379 72
355 380 67
355 391 21
355 415 67
355 423 45
355 424 38
355 426 47
355 447 45
355 449 94
355 458 89
355 462 23
355 468 35
355 469 52
355 470 70
355 472 44
355 486 57
355 488 64
355 491 27
355 495 67
355 511 95
355 513 80
355 516 35
355 522 96
355 523 7
355 528 54
355 545 7
355 546 8
355 575 94
355 577 43
355 595 43
355 596 9
355 605 40
355 609 91
355 616 39
355 624 37
355 639 78
355 656 70
355 662 38
355 665 54
355 674 9
355 677 81
355 683 3
355 691 47
355 703 7
355 710 7
355 711 52
355 723 93
355 732 76
355 733 47
355 742 2
355 751 93
355 779 24
355 781 23
355 793 49
355 802 1
355 804 93
355 817 85
355 826 15
355 833 83
355 839 71
355 840 94
355 883 83
355 890 85
355 900 55
355 906 17
355 926 99
355 931 17
355 934 78
355 939 53
355 944 26
355 949 24
355 958 24
355 964 39
355 968 79
355 975 92
355 977 72
355 984 9
356 369 58
356 371 58
356 379 52
356 380 65
356 391 78
356 422 23
356 431 31
356 447 18
356 449 4
356 458 63
356 462 44
356 468 80
356 469 61
356 472 72
356 486 42
356 488 36
356 489 100
356 495 43
356 511 35
356 513 38
356 520 50
356 528 78
356 536 61
356 546 23
356 566 71
356 575 19
356 577 90
356 583 10
356 596 7
356 605 38
356 609 42
356 616 12
356 618 72
356 630 22
356 639 74
356 656 79
356 665 53
356 668 27
356 674 39
356 677 67
356 683 98
356 711 7
356 732 71
356 742 58
356 779 82
356 826 14
356 839 75
356 840 9
356 886 26
356 888 32
356 925 76
356 926 98
356 934 78
356 939 74
356 944 22
356 946 73
356 949 14
356 976 34
356 977 44
356 984 45
357 367 84
357 386 75
357 389 60
357 399 34
357 439 64
357 440 99
357 461 81
357 465 9
357 473 1
357 474 22
357 477 46
357 479 12
357 493 94
357 497 4
357 533 8
357 540 11
357 541 77
357 547 64
357 553 100
357 560 44
357 565 91
357 569 73
357 584 38
357 591 83
357 607 41
357 633 41
357 646 89
357 652 68
357 685 66
357 693 67
357 696 55
357 697 59
357 699 57
357 706 49
357 719 70
357 721 51
357 762 84
357 763 15
357 772 87
357 784 69
357 806 31
357 808 48
357 814 100
357 828 88
357 847 19
357 851 19
357 859 9
357 860 37
357 861 67
357 865 24
357 867 44
357 868 20
357 870 42
357 893 63
357 918 7
357 921 93
357 942 71
357 943 79
357 953 1
357 965 48
357 969 49
357 981 68
357 989 65
357 997 95
357 999 72
358 362 66
358 378 99
358 387 47
358 395 81
358 421 50
358 427 6
358 452 2
358 485 45
358 508 24
358 519 6
358 530 20
358 531 78
358 532 29
358 538 44
358 542 83
358 544 55
358 551 83
358 576 78
358 578 35
358 590 18
358 592 15
358 629 56
358 635 27
358 651 69
358 678 35
358 679 40
358 713 59
358 718 9
358 722 57
358 760 99
358 797 99
358 800 58
358 813 99
358 816 99
358 818 29
358 823 27
358 838 34
358 844 89
358 854 49
358 878 35
358 884 100
358 889 12
358 898 4
358 912 91
358 951 94
358 957 100
358 962 46
359 366 25
359 375 49
359 401 85
359 417 10
359 424 66
359 426 33
359 446 22
359 456 24
359 458 22
359 466 48
359 470 58
359 494 98
359 500 3
359 504 17
359 510 65
359 513 46
359 516 84
359 528 3
359 535 97
359 575 82
359 588 51
359 620 77
359 621 46
359 628 77
359 639 5
359 648 67
359 653 67
359 656 83
359 661 74
359 665 93
359 673 32
359 687 71
359 691 73
359 704 66
359 723 49
359 724 27
359 729 14
359 730 73
359 733 64
359 734 79
359 746 22
359 747 34
359 751 23
359 764 18
359 775 66
359 777 36
359 779 12
359 780 88
359 787 84
359 793 3
359 795 39
359 799 26
359 804 87
359 810 47
359 811 94
359 817 28
359 827 31
359 833 16
359 837 73
359 856 8
359 890 35
359 892 36
359 895 92
359 902 46
359 905 33
359 920 11
359 922 91
359 924 22
359 932 60
359 937 80
359 945 56
359 961 29
359 963 67
359 984 57
359 991 50
360 367 13
360 372 7
360 375 39
360 389 78
360 405 84
360 419 8
360 439 31
360 444 34
360 446 27
360 455 1
360 459 97
360 465 19
360 483 95
360 494 99
360 497 62
360 500 37
360 510 72
360 512 18
360 514 81
360 521 33
360 533 15
360 537 17
360 547 48
360 548 33
360 555 97
360 557 14
360 558 39
360 562 98
360 569 25
360 580 25
360 582 57
360 589 3
360 608 64
360 620 73
360 621 49
360 631 8
360 648 38
360 661 6
360 682 34
360 698 13
360 699 26
360 702 38
360 705 57
360 706 7
360 730 33
360 738 1
360 757 85
360 763 51
360 764 18
360 767 99
360 772 45
360 775 65
360 777 85
360 780 74
360 783 44
360 784 74
360 785 83
360 790 74
360 792 18
360 795 67
360 798 31
360 810 13
360 820 97
360 837 88
360 853 98
360 856 23
360 860 38
360 865 72
360 867 83
360 868 75
360 873 97
360 877 44
360 902 41
360 911 96
360 922 87
360 928 10
360 932 14
360 937 94
360 942 23
360 943 99
360 948 4
360 954 20
360 955 62
360 961 78
360 971 11
360 978 15
360 989 47
360 999 52
361 363 34
361 382 59
361 392 75
361 413 37
361 433 94
361 434 85
361 451 17
361 461 26
361 473 100
361 477 57
361 505 43
361 506 53
361 517 4
361 540 77
361 541 88
361 560 27
361 565 96
361 606 67
361 625 70
361 633 38
361 649 45
361 655 78
361 685 1
361 693 78
361 696 62
361 721 64
361 801 18
361 828 98
361 832 53
361 842 87
361 847 25
361 851 34
361 855 69
361 882 2
361 893 33
361 899 56
361 933 83
361 952 62
361 965 68
361 973 70
361 997 22
362 378 27
362 387 59
362 421 65
362 427 53
362 452 17
362 519 79
362 530 37
362 532 71
362 542 64
362 544 31
362 551 55
362 576 11
362 578 9
362 590 92
362 592 43
362 629 90
362 635 53
362 651 15
362 678 13
362 679 58
362 718 59
362 722 89
362 760 39
362 800 44
362 813 59
362 818 5
362 838 90
362 844 58
362 854 91
362 878 9
362 884 18
362 889 36
362 898 78
362 912 3
362 951 68
362 957 15
362 962 5
363 370 2
363 381 81
363 382 20
363 392 82
363 413 10
363 414 41
363 433 7
363 434 78
363 439 12
363 451 23
363 461 76
363 473 52
363 477 3
363 505 19
363 506 82
363 517 65
363 524 28
363 540 33
363 541 67
363 560 93
363 565 21
363 569 20
363 606 78
363 615 9
363 622 33
363 625 24
363 633 86
363 649 36
363 655 20
363 685 40
363 686 71
363 693 85
363 694 24
363 696 87
363 721 36
363 768 40
363 772 40
363 801 75
363 828 27
363 832 14
363 835 53
363 836 95
363 842 58
363 847 13
363 851 33
363 855 58
363 859 76
363 860 55
363 870 92
363 882 53
363 893 5
363 899 48
363 904 20
363 921 67
363 933 43
363 952 43
363 965 84
363 973 52
363 997 34
364 403 7
364 405 96
364 406 92
364 411 7
364 420 78
364 445 62
364 450 76
364 454 37
364 459 6
364 460 86
364 464 72
364 467 73
364 471 28
364 476 68
364 483 73
364 494 11
364 503 44
364 507 77
364 512 26
364 521 99
364 526 98
364 527 25
364 549 5
364 550 24
364 555 4
364 562 39
364 586 19
364 587 42
364 593 43
364 600 10
364 608 43
364 632 98
364 634 74
364 661 70
364 671 59
364 689 19
364 698 44
364 709 67
364 716 45
364 730 24
364 734 3
364 741 92
364 745 10
364 752 4
364 756 80
364 757 12
364 767 44
364 769 6
364 775 33
364 777 24
364 783 65
364 785 99
364 789 95
364 791 8
364 792 9
364 796 87
364 798 56
364 848 98
364 853 69
364 863 6
364 866 88
364 869 96
364 872 70
364 887 2
364 897 47
364 911 6
364 927 33
364 936 1
364 938 11
364 947 80
364 954 47
364 960 65
364 970 77
364 972 30
364 978 52
364 985 31
364 993 59
365 383 59
365 396 71
365 410 37
365 435 88
365 436 40
365 442 21
365 463 80
365 478 99
365 498 92
365 502 84
365 518 51
365 525 79
365 529 74
365 539 79
365 554 88
365 568 21
365 570 79
365 581 61
365 623 2
365 654 81
365 684 53
365 688 28
365 707 11
365 715 46
365 720 76
365 740 13
365 744 4
365 765 63
365 766 87
365 770 100
365 788 40
365 825 41
365 841 75
365 862 5
365 891 95
365 896 58
365 908 9
365 974 89
365 980 15
365 990 2
365 994 1
365 996 27
366 373 85
366 388 40
366 398 96
366 401 38
366 406 69
366 408 16
366 411 19
366 417 26
366 418 69
366 443 96
366 456 100
366 460 69
366 480 57
366 484 57
366 487 74
366 492 93
366 504 1
366 509 2
366 534 53
366 552 19
366 588 68
366 619 65
366 620 29
366 628 75
366 636 43
366 637 60
366 638 68
366 640 14
366 647 54
366 653 93
366 658 42
366 659 80
366 661 51
366 663 88
366 670 28
366 671 51
366 672 24
366 673 18
366 680 86
366 687 87
366 704 69
366 712 80
366 724 22
366 727 8
366 729 37
366 731 63
366 734 66
366 736 49
366 746 69
366 747 56
366 749 55
366 774 20
366 775 62
366 778 32
366 787 72
366 789 47
366 796 93
366 799 28
366 810 63
366 811 24
366 830 5
366 837 2
366 845 97
366 858 73
366 875 93
366 885 96
366 892 55
366 895 47
366 901 45
366 902 59
366 905 50
366 914 81
366 915 58
366 924 11
366 927 29
366 932 42
366 935 92
366 937 5
366 945 73
366 960 28
366 963 2
366 966 15
366 986 17
366 987 30
366 988 7
366 991 46
366 992 29
367 372 14
367 375 83
367 384 44
367 386 34
367 389 7
367 399 46
367 409 32
367 419 44
367 439 19
367 444 80
367 446 27
367 455 24
367 461 78
367 465 18
367 473 68
367 474 32
367 477 99
367 479 70
367 493 16
367 497 1
367 512 84
367 514 71
367 533 70
367 537 99
367 547 80
367 548 44
367 553 37
367 557 54
367 558 27
367 560 95
367 562 97
367 569 35
367 580 90
367 582 15
367 584 81
367 589 14
367 591 54
367 607 25
367 608 13
367 612 100
367 621 63
367 631 2
367 646 1
367 648 87
367 682 12
367 697 69
367 699 53
367 702 59
367 705 20
367 706 11
367 719 73
367 737 60
367 738 39
367 762 36
367 763 91
367 764 50
367 772 84
367 784 49
367 785 46
367 795 86
367 798 58
367 815 62
367 820 69
367 847 84
367 853 45
367 856 64
367 859 55
367 860 77
367 865 42
367 867 17
367 868 5
367 870 94
367 873 39
367 877 43
367 909 83
367 918 53
367 921 86
367 922 32
367 928 57
367 942 90
367 943 5
367 948 5
367 953 83
367 955 78
367 971 49
367 978 12
367 981 31
367 989 11
367 999 85
368 378 15
368 404 10
368 416 45
368 421 45
368 445 85
368 452 64
368 464 53
368 481 88
368 485 28
368 499 88
368 507 46
368 508 25
368 519 17
368 530 87
368 531 30
368 538 1
368 542 39
368 543 67
368 550 29
368 559 8
368 573 19
368 576 26
368 578 43
368 586 22
368 587 60
368 598 32
368 601 31
368 602 96
368 610 78
368 614 90
368 617 34
368 645 9
368 690 100
368 709 3
368 713 83
368 716 28
368 722 24
368 725 5
368 735 45
368 759 7
368 760 81
368 800 54
368 809 61
368 821 88
368 838 27
368 843 71
368 852 25
368 854 17
368 864 24
368 878 60
368 879 30
368 880 82
368 897 94
368 912 100
368 916 60
368 930 33
368 941 50
368 947 59
369 371 3
369 377 84
369 379 51
369 380 15
369 391 7
369 401 23
369 417 93
369 422 21
369 431 69
369 447 63
369 449 75
369 456 23
369 458 60
369 462 64
369 468 61
369 470 83
369 472 31
369 486 66
369 489 80
369 495 74
369 504 18
369 511 45
369 513 78
369 516 25
369 520 84
369 522 8
369 528 63
369 536 83
369 546 16
369 563 28
369 566 13
369 575 3
369 583 38
369 588 99
369 596 45
369 605 79
369 613 75
369 616 51
369 618 55
369 630 76
369 639 38
369 653 19
369 656 73
369 659 95
369 665 43
369 668 59
369 670 87
369 673 78
369 683 18
369 687 24
369 711 42
369 712 39
369 729 6
369 733 87
369 747 64
369 750 42
369 779 69
369 787 30
369 805 20
369 811 6
369 826 40
369 840 20
369 886 56
369 888 48
369 890 12
369 892 5
369 895 12
369 924 53
369 925 95
369 926 11
369 934 12
369 944 25
369 946 36
369 949 83
369 968 76
369 976 52
369 977 71
369 984 61
370 381 86
370 392 56
370 394 95
370 404 36
370 414 37
370 428 86
370 429 58
370 433 85
370 439 42
370 444 50
370 451 42
370 454 93
370 506 99
370 517 34
370 524 51
370 527 74
370 537 69
370 557 48
370 560 78
370 569 61
370 593 10
370 603 73
370 606 53
370 615 79
370 622 32
370 631 31
370 643 51
370 649 22
370 685 3
370 686 25
370 694 71
370 698 68
370 701 99
370 721 28
370 726 40
370 739 91
370 768 98
370 772 11
370 783 32
370 790 76
370 791 89
370 801 97
370 807 41
370 820 95
370 822 95
370 828 69
370 835 61
370 836 80
370 842 82
370 851 79
370 859 24
370 860 70
370 870 54
370 882 16
370 887 46
370 904 65
370 911 18
370 919 46
370 921 92
370 933 45
370 941 2
370 942 40
370 950 51
370 952 84
370 955 12
370 965 50
370 973 68
370 997 9
371 379 46
371 391 85
371 407 57
371 415 38
371 423 56
371 424 64
371 426 78
371 447 74
371 449 28
371 458 19
371 468 56
371 469 79
371 470 7
371 472 62
371 486 1
371 488 26
371 491 90
371 495 80
371 511 33
371 513 92
371 515 17
371 516 46
371 522 77
371 523 96
371 528 62
371 545 66
371 546 3
371 575 38
371 577 9
371 594 7
371 595 61
371 596 6
371 605 47
371 609 44
371 616 45
371 624 95
371 639 44
371 656 15
371 662 57
371 665 78
371 674 4
371 677 20
371 683 42
371 691 93
371 703 60
371 710 24
371 711 13
371 723 25
371 732 19
371 733 25
371 742 24
371 751 97
371 755 99
371 779 82
371 781 39
371 793 5
371 802 33
371 804 53
371 817 63
371 826 20
371 833 79
371 839 87
371 840 97
371 883 87
371 890 42
371 900 4
371 906 100
371 907 77
371 923 67
371 926 58
371 931 1
371 934 76
371 939 82
371 958 83
371 964 92
371 968 39
371 975 61
371 977 13
371 984 17
372 375 20
372 384 87
372 389 75
372 399 2
372 409 71
372 419 76
372 424 32
372 446 91
372 455 61
372 457 72
372 465 48
372 466 91
372 494 13
372 497 18
372 500 84
372 510 36
372 512 82
372 514 26
372 533 26
372 535 3
372 547 98
372 548 40
372 553 14
372 558 5
372 579 50
372 580 52
372 582 53
372 584 36
372 589 43
372 597 97
372 612 15
372 621 96
372 646 40
372 648 21
372 682 28
372 691 96
372 699 76
372 702 93
372 705 56
372 706 43
372 717 84
372 719 53
372 723 3
372 728 97
372 730 71
372 737 64
372 738 63
372 762 31
372 763 13
372 764 86
372 777 70
372 780 34
372 784 9
372 785 70
372 793 33
372 795 33
372 798 8
372 810 20
372 815 9
372 827 38
372 833 14
372 853 95
372 856 14
372 865 35
372 867 71
372 868 30
372 873 55
372 877 52
372 902 47
372 909 6
372 918 73
372 920 5
372 922 3
372 923 93
372 928 13
372 937 3
372 943 41
372 948 90
372 953 20
372 961 71
372 971 15
372 981 87
372 989 5
372 999 51
373 383 13
373 388 31
373 397 67
373 398 85
373 400 88
373 408 35
373 418 94
373 443 85
373 463 19
373 480 74
373 484 15
373 487 44
373 492 99
373 509 31
373 534 12
373 539 23
373 552 53
373 554 23
373 570 36
373 571 37
373 574 92
373 619 58
373 636 68
373 637 30
373 638 86
373 640 83
373 647 79
373 658 90
373 663 82
373 666 98
373 672 18
373 680 65
373 688 75
373 724 35
373 727 57
373 731 54
373 736 31
373 740 2
373 744 1
373 749 35
373 758 22
373 765 80
373 766 60
373 770 77
373 774 40
373 778 42
373 825 81
373 830 78
373 834 68
373 845 5
373 849 33
373 858 6
373 862 86
373 875 74
373 881 45
373 885 76
373 901 11
373 908 47
373 914 71
373 915 77
373 917 56
373 929 6
373 935 82
373 960 51
373 963 92
373 966 89
373 986 51
373 987 58
373 988 53
373 991 26
373 992 20
373 996 10
374 376 56
374 383 44
374 390 44
374 393 64
374 400 45
374 432 27
374 438 84
374 475 92
374 482 42
374 496 4
374 501 100
374 518 33
374 556 73
374 571 78
374 574 10
374 585 73
374 599 9
374 626 73
374 644 80
374 650 10
374 657 65
374 660 27
374 664 52
374 669 40
374 675 73
374 700 45
374 708 52
374 743 8
374 748 52
374 758 67
374 771 30
374 776 58
374 794 80
374 812 82
374 825 94
374 829 93
374 834 74
374 846 36
374 849 4
374 850 11
374 857 49
374 871 100
374 894 52
374 903 89
374 917 31
374 959 9
374 967 34
375 384 57
375 401 62
375 405 23
375 409 28
375 411 71
375 419 37
375 424 7
375 446 10
375 455 64
375 459 89
375 466 49
375 483 76
375 494 8
375 497 25
375 500 63
375 510 77
375 512 45
375 514 51
375 533 88
375 535 93
375 548 6
375 555 88
375 558 28
375 562 63
375 580 45
375 582 36
375 589 97
375 608 48
375 620 71
375 621 21
375 628 70
375 648 62
375 661 36
375 682 8
375 691 21
375 702 46
375 704 37
375 705 53
375 723 80
375 729 35
375 730 29
375 734 38
375 738 48
375 746 46
375 751 16
375 757 8
375 764 91
375 767 48
375 775 74
375 777 48
375 780 58
375 784 63
375 785 99
375 792 50
375 793 34
375 795 59
375 798 93
375 799 46
375 810 26
375 815 1
375 827 53
375 837 65
375 853 23
375 856 2
375 873 57
375 877 80
375 895 54
375 902 3
375 920 32
375 922 14
375 928 83
375 932 25
375 937 10
375 943 35
375 948 99
375 961 19
375 971 84
375 989 56
376 390 11
376 400 62
376 402 59
376 418 92
376 438 73
376 475 12
376 496 67
376 571 81
376 599 98
376 604 57
376 638 7
376 642 54
376 644 89
376 658 96
376 660 50
376 664 68
376 666 81
376 669 78
376 675 42
376 676 85
376 708 5
376 714 92
376 743 22
376 748 36
376 753 77
376 758 57
376 771 98
376 773 39
376 776 56
376 794 53
376 812 92
376 819 97
376 829 62
376 831 37
376 834 89
376 850 40
376 857 63
376 858 76
376 874 47
376 894 34
376 903 16
376 913 39
376 914 51
376 915 44
376 940 96
376 967 61
376 983 45
377 380 90
377 391 73
377 402 93
377 417 81
377 418 91
377 422 33
377 431 41
377 449 53
377 456 55
377 458 96
377 462 87
377 489 45
377 504 42
377 511 2
377 520 13
377 528 9
377 536 76
377 546 72
377 563 29
377 566 27
377 583 52
377 588 71
377 604 39
377 605 63
377 613 30
377 616 10
377 618 83
377 638 50
377 642 92
377 653 73
377 658 91
377 659 93
377 665 67
377 668 99
377 670 47
377 673 47
377 676 9
377 680 86
377 683 48
377 712 80
377 714 85
377 731 44
377 747 83
377 750 13
377 753 83
377 773 64
377 776 88
377 787 68
377 805 55
377 811 98
377 819 87
377 831 41
377 858 64
377 874 97
377 886 54
377 888 26
377 892 80
377 913 72
377 914 47
377 915 95
377 924 82
377 925 36
377 926 4
377 940 89
377 944 14
377 946 53
377 949 88
377 963 70
377 976 82
377 983 1
377 991 85
378 416 91
378 421 71
378 445 54
378 452 84
378 464 59
378 481 10
378 485 88
378 499 61
378 508 24
378 519 15
378 530 79
378 531 69
378 532 7
378 538 6
378 542 25
378 543 25
378 551 8
378 559 56
378 573 80
378 576 51
378 578 77
378 587 92
378 598 30
378 601 38
378 602 82
378 610 23
378 614 6
378 617 19
378 629 96
378 645 24
378 690 67
378 709 64
378 713 53
378 716 24
378 718 24
378 722 93
378 725 32
378 735 49
378 759 24
378 760 35
378 800 76
378 809 38
378 813 74
378 818 11
378 821 23
378 838 90
378 843 71
378 852 5
378 854 97
378 864 69
378 878 51
378 879 71
378 880 65
378 884 96
378 889 94
378 897 87
378 912 30
378 916 44
378 930 79
378 947 80
378 957 75
379 391 20
379 422 87
379 423 89
379 431 59
379 447 49
379 449 57
379 462 60
379 468 30
379 469 31
379 472 49
379 486 55
379 488 30
379 495 76
379 511 53
379 513 1
379 536 6
379 546 79
379 577 53
379 583 48
379 596 4
379 605 5
379 609 65
379 616 99
379 630 58
379 662 52
379 665 39
379 668 61
379 674 60
379 677 36
379 683 57
379 711 22
379 742 1
379 826 30
379 839 96
379 840 28
379 926 24
379 934 53
379 939 36
379 944 66
379 946 64
379 949 1
379 956 97
380 391 5
380 401 95
380 417 53
380 422 2
380 431 62
380 449 89
380 456 83
380 458 43
380 462 73
380 468 7
380 470 21
380 472 25
380 486 74
380 489 37
380 495 25
380 504 32
380 511 2
380 513 53
380 516 59
380 520 88
380 528 82
380 536 85
380 546 46
380 563 18
380 566 85
380 575 68
380 583 97
380 588 28
380 596 42
380 604 23
380 605 51
380 613 85
380 616 10
380 618 96
380 630 89
380 639 87
380 653 100
380 656 72
380 659 32
380 665 96
380 668 58
380 670 84
380 673 83
380 676 99
380 683 89
380 687 7
380 711 85
380 712 55
380 714 57
380 747 10
380 750 39
380 773 52
380 779 3
380 787 96
380 805 83
380 811 46
380 819 28
380 826 50
380 831 42
380 874 40
380 886 66
380 888 64
380 892 94
380 895 18
380 914 38
380 924 52
380 925 59
380 926 18
380 944 10
380 946 63
380 949 8
380 976 52
380 984 15
380 991 52
381 386 64
381 392 51
381 394 85
381 414 53
381 429 71
381 433 74
381 439 45
381 444 71
381 451 74
381 454 17
381 461 82
381 465 74
381 473 47
381 477 53
381 493 37
381 497 62
381 506 96
381 517 98
381 524 58
381 527 69
381 537 22
381 557 29
381 558 5
381 560 14
381 562 72
381 569 96
381 591 33
381 593 4
381 603 74
381 606 90
381 615 67
381 622 55
381 631 17
381 643 88
381 649 12
381 685 95
381 686 67
381 693 86
381 694 47
381 698 71
381 701 96
381 705 21
381 721 77
381 726 19
381 739 39
381 768 82
381 772 19
381 783 26
381 784 15
381 790 64
381 791 83
381 801 61
381 807 41
381 820 11
381 828 36
381 835 37
381 836 27
381 842 39
381 847 10
381 851 79
381 859 29
381 860 55
381 868 53
381 870 58
381 882 97
381 887 91
381 893 61
381 904 92
381 911 22
381 919 77
381 921 36
381 933 80
381 942 45
381 950 40
381 952 63
381 955 18
381 965 38
381 973 44
381 978 60
381 989 78
381 997 39
381 999 19
382 413 35
382 434 39
382 451 81
382 505 61
382 506 24
382 517 38
382 540 55
382 541 45
382 565 97
382 606 37
382 625 56
382 633 6
382 649 62
382 655 48
382 685 11
382 693 71
382 696 92
382 721 54
382 801 35
382 832 49
382 842 64
382 851 93
382 855 30
382 899 71
382 933 78
382 952 1
382 965 7
382 997 30
383 388 4
383 396 34
383 397 83
383 398 73
383 400 18
383 410 63
383 432 40
383 442 50
383 475 21
383 480 3
383 482 4
383 487 71
383 509 16
383 518 22
383 525 34
383 539 76
383 570 48
383 571 63
383 574 76
383 585 31
383 637 36
383 657 51
383 666 32
383 688 22
383 700 36
383 707 5
383 715 100
383 736 56
383 740 18
383 744 39
383 748 66
383 758 21
383 765 12
383 766 25
383 770 66
383 778 9
383 812 94
383 825 74
383 829 72
383 834 5
383 846 86
383 849 11
383 850 2
383 862 22
383 881 74
383 896 86
383 901 67
383 908 10
383 917 37
383 929 15
383 935 90
383 959 1
383 966 20
383 996 45
384 389 53
384 399 11
384 409 79
384 419 6
384 424 57
384 426 61
384 430 59
384 446 92
384 455 2
384 457 99
384 466 60
384 490 52
384 500 85
384 510 4
384 514 73
384 515 28
384 533 34
384 535 24
384 545 47
384 547 94
384 548 20
384 553 91
384 579 3
384 584 97
384 589 40
384 597 9
384 612 46
384 621 98
384 646 63
384 648 32
384 667 3
384 681 7
384 682 15
384 691 41
384 692 24
384 699 73
384 702 66
384 703 100
384 706 51
384 710 85
384 717 7
384 719 100
384 723 81
384 728 60
384 737 56
384 738 98
384 751 63
384 762 32
384 763 20
384 764 25
384 780 64
384 786 84
384 793 11
384 795 7
384 803 74
384 804 6
384 806 75
384 815 69
384 817 77
384 827 19
384 833 10
384 856 91
384 861 54
384 865 15
384 867 47
384 873 90
384 877 23
384 909 91
384 918 88
384 920 96
384 922 4
384 923 33
384 928 14
384 943 6
384 948 12
384 953 30
384 961 39
384 975 63
384 981 4
384 995 11
385 387 24
385 395 100
385 425 59
385 427 45
385 435 2
385 436 51
385 437 71
385 441 38
385 445 71
385 448 82
385 452 48
385 453 32
385 464 75
385 471 30
385 498 46
385 502 82
385 503 90
385 508 62
385 529 46
385 530 100
385 531 66
385 532 4
385 538 41
385 544 87
385 551 34
385 559 7
385 561 70
385 567 11
385 568 26
385 572 23
385 581 70
385 590 90
385 600 36
385 611 8
385 623 82
385 627 9
385 634 87
385 641 1
385 651 45
385 654 56
385 678 41
385 679 40
385 684 54
385 695 80
385 709 11
385 713 71
385 718 6
385 720 62
385 722 3
385 741 16
385 745 16
385 756 88
385 761 7
385 782 80
385 788 100
385 797 87
385 813 98
385 816 90
385 823 2
385 824 53
385 841 11
385 876 21
385 891 40
385 910 57
385 912 26
385 938 7
385 962 22
385 970 43
385 972 83
385 974 62
385 979 73
385 980 22
385 985 42
385 990 24
386 389 96
386 399 44
386 439 80
386 440 28
386 461 63
386 465 24
386 473 84
386 474 38
386 477 72
386 479 18
386 493 33
386 497 71
386 533 93
386 540 48
386 541 2
386 547 84
386 548 21
386 553 12
386 557 95
386 558 43
386 560 17
386 565 46
386 569 21
386 584 25
386 591 32
386 607 33
386 633 36
386 646 30
386 652 69
386 685 7
386 693 94
386 696 38
386 697 14
386 699 90
386 705 30
386 706 51
386 719 88
386 721 2
386 762 30
386 763 13
386 772 56
386 784 43
386 806 22
386 808 11
386 814 38
386 828 34
386 847 92
386 851 62
386 859 42
386 860 81
386 865 84
386 867 98
386 868 67
386 870 44
386 893 27
386 921 33
386 942 38
386 943 9
386 953 59
386 965 51
386 969 97
386 981 32
386 989 52
386 997 53
386 999 78
387 395 80
387 421 30
387 425 66
387 427 75
387 437 64
387 441 91
387 445 66
387 448 98
387 452 36
387 453 32
387 464 69
387 485 99
387 498 93
387 508 52
387 530 77
387 531 96
387 532 56
387 538 40
387 544 46
387 551 5
387 559 77
387 561 100
387 568 9
387 572 82
387 576 62
387 578 48
387 590 61
387 592 100
387 600 20
387 611 32
387 629 74
387 635 28
387 641 36
387 645 33
387 651 30
387 678 49
387 679 32
387 709 33
387 713 42
387 718 56
387 722 5
387 756 98
387 761 89
387 797 84
387 813 6
387 816 74
387 818 11
387 823 49
387 824 59
387 838 8
387 844 62
387 876 39
387 878 51
387 884 10
387 889 89
387 898 12
387 910 78
387 912 100
387 947 10
387 951 91
387 957 84
387 962 18
387 970 2
387 974 91
387 979 71
387 990 72
388 396 98
388 397 80
388 398 88
388 408 10
388 418 96
388 435 45
388 436 93
388 442 91
388 443 91
388 463 93
388 480 96
388 484 62
388 487 5
388 492 16
388 509 38
388 518 17
388 534 49
388 539 2
388 552 32
388 554 73
388 567 49
388 570 57
388 571 42
388 574 67
388 619 71
388 627 13
388 636 47
388 637 8
388 638 18
388 640 71
388 647 76
388 658 44
388 663 70
388 666 6
388 671 85
388 672 48
388 680 11
388 688 93
388 689 99
388 695 73
388 727 99
388 731 76
388 736 62
388 740 4
388 744 34
388 749 2
388 758 68
388 765 68
388 766 84
388 770 11
388 774 9
388 778 74
388 782 88
388 825 50
388 830 97
388 834 31
388 845 80
388 849 56
388 862 1
388 875 75
388 881 83
388 885 36
388 901 74
388 908 88
388 929 4
388 935 51
388 960 37
388 966 45
388 980 13
388 986 14
388 987 48
388 988 65
388 992 69
388 996 83
388 998 18
389 399 9
389 409 42
389 419 76
389 440 89
389 446 18
389 455 22
389 461 91
389 465 50
389 473 89
389 474 88
389 477 43
389 479 96
389 490 75
389 493 97
389 497 69
389 514 67
389 533 63
389 547 9
389 548 13
389 553 61
389 558 76
389 560 72
389 569 100
389 579 92
389 580 6
389 582 47
389 584 90
389 589 30
389 591 81
389 607 26
389 612 78
389 621 42
389 631 56
389 646 46
389 648 31
389 652 56
389 682 28
389 697 11
389 699 44
389 702 67
389 705 20
389 706 42
389 717 99
389 719 38
389 728 18
389 737 35
389 738 34
389 762 25
389 763 100
389 772 39
389 784 12
389 786 8
389 795 26
389 806 43
389 808 16
389 814 12
389 815 59
389 847 74
389 859 2
389 860 6
389 861 20
389 865 74
389 867 18
389 868 11
389 870 83
389 873 8
389 877 70
389 909 20
389 918 73
389 928 47
389 942 79
389 943 37
389 948 50
389 953 22
389 969 28
389 971 55
389 981 39
389 989 39
389 995 33
389 999 3
390 393 19
390 400 39
390 402 21
390 418 53
390 438 29
390 475 97
390 496 59
390 501 22
390 556 48
390 571 32
390 574 99
390 585 6
390 599 42
390 626 93
390 644 40
390 650 59
390 657 45
390 658 90
390 660 45
390 664 30
390 666 23
390 669 35
390 675 47
390 708 60
390 743 30
390 748 73
390 753 1
390 758 1
390 771 14
390 776 78
390 794 17
390 812 67
390 829 7
390 834 26
390 846 58
390 849 50
390 850 51
390 857 69
390 858 56
390 871 11
390 894 14
390 903 25
390 913 61
390 917 50
390 940 15
390 959 66
390 967 68
390 983 92
391 422 94
391 431 36
391 447 76
391 449 2
391 456 57
391 458 28
391 462 25
391 468 35
391 470 16
391 472 44
391 486 40
391 489 45
391 495 17
391 504 98
391 511 89
391 513 52
391 516 38
391 520 41
391 522 89
391 528 20
391 536 30
391 546 80
391 563 68
391 566 27
391 575 26
391 577 89
391 583 45
391 588 12
391 596 61
391 605 49
391 609 19
391 613 77
391 616 17
391 618 16
391 630 49
391 639 52
391 653 89
391 656 52
391 659 87
391 665 9
391 668 71
391 670 45
391 673 56
391 674 75
391 677 99
391 683 3
391 711 52
391 712 28
391 742 31
391 750 42
391 779 7
391 805 5
391 811 36
391 826 39
391 840 4
391 886 3
391 888 100
391 890 24
391 892 76
391 924 35
391 925 74
391 926 81
391 934 62
391 944 5
391 946 81
391 949 97
391 968 4
391 976 54
391 977 40
391 984 93
392 394 48
392 414 78
392 429 31
392 433 76
392 434 13
392 439 32
392 444 99
392 451 19
392 461 83
392 473 88
392 477 74
392 506 64
392 517 8
392 524 77
392 537 67
392 540 46
392 557 39
392 560 25
392 569 35
392 603 52
392 606 41
392 615 69
392 622 30
392 631 91
392 643 26
392 649 21
392 685 45
392 686 65
392 693 3
392 694 66
392 701 74
392 721 7
392 726 77
392 739 91
392 768 28
392 772 98
392 790 31
392 801 87
392 807 79
392 820 45
392 828 47
392 835 85
392 836 83
392 842 52
392 847 90
392 851 84
392 859 34
392 860 7
392 870 31
392 882 42
392 887 5
392 893 2
392 904 35
392 911 90
392 919 32
392 921 21
392 933 31
392 942 55
392 950 16
392 952 74
392 955 17
392 965 20
392 973 91
392 997 57
393 432 68
393 438 14
393 475 26
393 482 94
393 496 57
393 501 47
393 556 62
393 585 25
393 599 86
393 626 56
393 644 33
393 650 90
393 657 69
393 660 95
393 669 61
393 700 32
393 708 86
393 748 40
393 771 3
393 812 23
393 829 27
393 846 31
393 849 1
393 850 72
393 857 11
393 871 12
393 894 36
393 903 31
393 917 58
393 959 4
393 967 53
394 404 10
394 414 19
394 416 90
394 428 36
394 429 90
394 433 61
394 444 64
394 454 36
394 467 71
394 481 45
394 499 46
394 507 54
394 524 25
394 527 53
394 537 21
394 543 80
394 550 41
394 586 45
394 593 60
394 598 21
394 602 41
394 603 42
394 610 96
394 614 61
394 615 63
394 622 10
394 643 18
394 686 67
394 690 65
394 694 21
394 698 8
394 701 45
394 716 25
394 726 33
394 735 75
394 739 43
394 759 23
394 768 77
394 783 93
394 790 55
394 791 60
394 807 19
394 809 80
394 822 89
394 835 56
394 836 87
394 843 36
394 869 34
394 879 71
394 887 38
394 897 8
394 904 42
394 911 47
394 919 54
394 941 93
394 950 53
394 955 57
394 973 86
394 993 15
395 421 61
395 425 98
395 427 6
395 436 59
395 437 36
395 441 96
395 445 60
395 448 66
395 452 44
395 453 30
395 464 48
395 471 99
395 485 100
395 498 72
395 503 99
395 508 56
395 529 17
395 530 2
395 531 5
395 532 56
395 538 8
395 544 28
395 551 76
395 559 5
395 561 31
395 568 70
395 572 40
395 576 98
395 578 39
395 590 58
395 600 22
395 611 33
395 634 25
395 641 13
395 645 18
395 651 60
395 678 22
395 679 80
395 684 57
395 709 24
395 713 10
395 718 84
395 722 35
395 741 38
395 745 79
395 756 86
395 761 36
395 782 56
395 797 93
395 813 56
395 816 76
395 818 19
395 823 6
395 824 60
395 838 16
395 844 66
395 876 68
395 878 87
395 889 72
395 891 34
395 898 93
395 910 3
395 912 53
395 938 5
395 947 100
395 962 65
395 970 1
395 972 68
395 974 43
395 979 37
395 980 72
395 985 27
395 990 49
396 397 5
396 398 41
396 408 82
396 410 10
396 435 50
396 436 71
396 442 11
396 463 16
396 478 22
396 480 99
396 498 65
396 502 25
396 518 94
396 525 60
396 529 26
396 539 45
396 554 37
396 568 69
396 570 94
396 581 21
396 623 6
396 637 24
396 641 78
396 654 45
396 684 63
396 688 26
396 695 43
396 707 79
396 715 49
396 720 95
396 736 19
396 740 11
396 744 68
396 765 45
396 766 91
396 770 73
396 778 92
396 782 76
396 788 95
396 824 31
396 825 45
396 841 93
396 862 22
396 881 18
396 891 78
396 896 83
396 901 65
396 908 65
396 980 95
396 990 49
396 994 2
396 996 54
397 398 46
397 408 16
397 410 80
397 418 33
397 435 35
397 442 89
397 443 1
397 463 40
397 480 25
397 484 68
397 487 100
397 492 92
397 509 96
397 518 1
397 534 35
397 539 24
397 552 6
397 554 61
397 567 57
397 570 84
397 571 43
397 574 73
397 619 70
397 627 65
397 636 2
397 637 67
397 638 16
397 640 26
397 647 34
397 658 36
397 663 14
397 666 36
397 672 58
397 680 3
397 688 97
397 695 90
397 700 32
397 707 21
397 727 11
397 731 83
397 736 55
397 740 35
397 744 34
397 749 97
397 758 45
397 765 96
397 766 53
397 770 48
397 774 4
397 778 2
397 825 40
397 830 39
397 834 50
397 845 47
397 849 11
397 862 48
397 875 78
397 881 88
397 885 81
397 896 62
397 901 52
397 908 60
397 917 14
397 929 70
397 935 34
397 966 75
397 980 92
397 986 48
397 987 12
397 988 74
397 992 100
397 996 27
397 998 52
398 406 94
398 408 17
398 418 69
398 435 10
398 436 87
398 442 59
398 443 20
398 460 9
398 463 73
398 480 84
398 484 52
398 487 85
398 492 65
398 509 90
398 534 26
398 539 3
398 552 79
398 554 51
398 567 49
398 570 87
398 571 79
398 574 48
398 619 75
398 627 71
398 632 6
398 636 48
398 637 2
398 638 85
398 640 39
398 647 85
398 658 72
398 663 45
398 666 46
398 671 68
398 672 85
398 680 37
398 688 19
398 689 55
398 695 12
398 724 71
398 727 59
398 731 29
398 736 70
398 740 36
398 744 46
398 749 74
398 758 92
398 765 14
398 766 84
398 770 13
398 774 33
398 778 72
398 782 38
398 796 100
398 825 27
398 830 56
398 834 26
398 845 25
398 862 77
398 875 98
398 881 7
398 885 92
398 901 5
398 908 43
398 927 48
398 929 30
398 935 74
398 960 66
398 966 10
398 980 54
398 986 94
398 987 23
398 988 82
398 992 2
398 996 77
398 998 40
399 409 53
399 419 93
399 440 14
399 455 98
399 457 86
399 461 98
399 465 23
399 474 17
399 477 100
399 479 50
399 490 21
399 493 83
399 497 52
399 514 50
399 533 100
399 547 31
399 548 85
399 553 89
399 579 78
399 584 1
399 589 76
399 591 79
399 607 16
399 612 61
399 646 35
399 652 99
399 681 35
399 697 69
399 699 52
399 706 40
399 717 99
399 719 22
399 728 3
399 737 2
399 738 41
399 762 2
399 763 50
399 784 29
399 786 99
399 806 63
399 808 5
399 814 88
399 815 35
399 860 36
399 861 87
399 865 3
399 867 65
399 868 4
399 870 51
399 877 47
399 909 45
399 918 28
399 928 57
399 943 1
399 953 91
399 969 22
399 981 68
399 989 18
399 995 56
399 999 30
400 402 56
400 418 37
400 438 24
400 443 25
400 475 84
400 480 46
400 484 45
400 487 70
400 496 36
400 509 12
400 539 58
400 571 35
400 574 90
400 599 98
400 638 75
400 640 96
400 642 41
400 644 30
400 658 88
400 664 13
400 666 33
400 669 30
400 675 12
400 676 77
400 680 6
400 708 45
400 727 61
400 731 35
400 743 13
400 748 60
400 753 32
400 758 10
400 774 55
400 776 85
400 794 58
400 812 66
400 819 67
400 825 46
400 829 67
400 834 15
400 845 87
400 846 28
400 849 48
400 850 11
400 857 82
400 858 68
400 881 70
400 894 72
400 901 26
400 903 12
400 908 58
400 913 61
400 914 74
400 915 53
400 917 33
400 929 41
400 935 49
400 940 79
400 959 59
400 966 60
400 983 84
401 411 61
401 417 83
401 424 96
401 456 15
401 458 45
401 466 73
401 470 75
401 500 85
401 504 37
401 510 6
401 513 26
401 516 5
401 528 3
401 534 34
401 535 64
401 546 53
401 575 15
401 588 49
401 619 41
401 620 93
401 621 73
401 628 71
401 639 15
401 640 59
401 653 11
401 656 74
401 659 91
401 661 8
401 663 17
401 665 7
401 670 38
401 672 39
401 673 2
401 680 71
401 687 35
401 704 67
401 712 77
401 723 97
401 724 73
401 729 96
401 733 12
401 734 3
401 746 3
401 747 87
401 751 25
401 764 56
401 775 96
401 779 96
401 780 50
401 787 78
401 799 56
401 804 2
401 810 73
401 811 2
401 827 89
401 830 100
401 837 29
401 856 22
401 892 19
401 895 72
401 902 16
401 905 97
401 922 27
401 924 64
401 932 37
401 937 23
401 945 57
401 961 58
401 963 22
401 984 41
401 991 86
401 992 90
402 418 9
402 438 99
402 456 55
402 489 77
402 504 43
402 520 59
402 563 40
402 566 51
402 599 2
402 604 9
402 613 8
402 618 80
402 638 98
402 642 5
402 653 69
402 658 81
402 659 10
402 664 8
402 670 53
402 675 33
402 676 82
402 708 27
402 712 6
402 714 16
402 731 37
402 743 6
402 750 40
402 753 68
402 773 6
402 776 72
402 794 94
402 805 55
402 819 67
402 831 65
402 834 40
402 857 64
402 858 99
402 874 92
402 886 81
402 888 6
402 903 56
402 913 6
402 914 12
402 915 54
402 925 17
402 940 39
402 976 87
402 983 7
403 405 22
403 406 19
403 408 45
403 411 77
403 420 52
403 437 55
403 441 97
403 450 32
403 459 40
403 460 91
403 471 97
403 476 41
403 483 37
403 492 87
403 494 14
403 503 41
403 521 76
403 526 100
403 549 71
403 552 82
403 555 23
403 567 17
403 600 43
403 611 21
403 620 40
403 627 82
403 632 54
403 634 17
403 636 11
403 647 22
403 661 48
403 663 35
403 671 80
403 672 87
403 689 11
403 695 16
403 730 80
403 734 36
403 741 66
403 745 96
403 746 72
403 749 92
403 752 99
403 756 70
403 757 4
403 761 82
403 767 32
403 769 83
403 775 43
403 777 14
403 782 15
403 789 62
403 792 67
403 796 57
403 798 54
403 830 41
403 837 58
403 848 84
403 863 89
403 866 57
403 869 100
403 872 98
403 875 75
403 885 33
403 905 6
403 927 21
403 932 2
403 936 59
403 938 100
403 945 27
403 954 11
403 960 6
403 970 31
403 972 100
403 979 45
403 985 7
403 986 4
403 987 84
403 988 75
403 992 7
403 998 66
404 416 15
404 428 97
404 429 64
404 444 45
404 450 98
404 454 93
404 467 90
404 481 73
404 499 84
404 507 86
404 524 4
404 527 19
404 537 98
404 543 71
404 550 60
404 573 36
404 586 23
404 587 37
404 593 11
404 598 20
404 601 64
404 602 70
404 603 2
404 610 21
404 614 37
404 615 79
404 617 32
404 622 57
404 643 4
404 686 43
404 690 51
404 694 46
404 698 58
404 701 78
404 716 85
404 725 45
404 726 96
404 735 74
404 739 51
404 759 78
404 783 60
404 790 51
404 791 20
404 807 38
404 809 90
404 821 61
404 822 48
404 835 43
404 843 59
404 864 18
404 869 39
404 879 70
404 887 7
404 897 4
404 904 59
404 911 9
404 916 22
404 919 4
404 941 88
404 950 95
404 955 98
404 993 28
405 406 55
405 411 22
405 446 61
405 455 92
405 459 35
405 460 43
405 483 29
405 494 54
405 497 82
405 512 88
405 514 65
405 521 65
405 526 7
405 527 52
405 537 27
405 548 66
405 549 13
405 555 41
405 558 16
405 562 8
405 580 90
405 582 96
405 589 20
405 593 66
405 608 54
405 620 72
405 621 9
405 628 97
405 631 4
405 648 16
405 661 22
405 671 100
405 682 10
405 698 95
405 702 60
405 704 48
405 705 9
405 730 5
405 734 59
405 738 96
405 746 86
405 752 62
405 757 85
405 764 2
405 767 57
405 769 59
405 775 36
405 777 35
405 783 9
405 784 28
405 785 4
405 789 52
405 791 4
405 792 84
405 796 54
405 798 10
405 810 57
405 820 9
405 837 90
405 848 68
405 853 40
405 856 56
405 863 34
405 866 34
405 869 82
405 872 55
405 873 50
405 877 3
405 902 81
405 911 73
405 922 40
405 927 18
405 932 68
405 936 71
405 937 70
405 943 47
405 945 96
405 948 15
405 954 35
405 971 56
405 978 19
405 989 77
405 993 63
406 408 19
406 411 6
406 420 29
406 437 31
406 443 21
406 459 37
406 460 68
406 463 71
406 471 11
406 476 81
406 483 97
406 484 20
406 492 63
406 494 97
406 503 91
406 526 70
406 534 55
406 549 91
406 552 49
406 554 72
406 567 6
406 619 21
406 620 55
406 627 66
406 628 80
406 632 64
406 636 11
406 637 22
406 647 96
406 661 7
406 663 35
406 671 88
406 672 69
406 689 28
406 695 72
406 724 27
406 730 31
406 734 32
406 736 63
406 741 32
406 745 54
406 746 1
406 749 57
406 752 11
406 757 91
406 767 3
406 769 54
406 774 27
406 775 19
406 777 21
406 778 34
406 789 76
406 792 54
406 796 19
406 799 75
406 830 53
406 837 54
406 845 85
406 848 63
406 863 47
406 866 85
406 872 74
406 875 2
406 885 74
406 902 48
406 905 3
406 927 40
406 932 26
406 936 9
406 937 2
406 938 80
406 945 8
406 954 29
406 960 56
406 966 39
406 986 86
406 987 51
406 988 2
406 992 57
406 998 73
407 415 31
407 423 66
407 426 83
407 430 75
407 447 65
407 457 86
407 490 60
407 491 24
407 515 66
407 522 32
407 523 65
407 545 42
407 564 49
407 579 58
407 594 56
407 595 87
407 597 39
407 667 28
407 681 35
407 691 60
407 692 73
407 703 79
407 710 2
407 717 14
407 728 88
407 732 77
407 754 63
407 755 66
407 781 6
407 793 27
407 802 86
407 803 55
407 817 33
407 833 39
407 883 37
407 890 16
407 900 98
407 906 89
407 907 99
407 909 19
407 920 55
407 923 89
407 931 95
407 958 59
407 964 43
407 968 91
407 975 63
407 977 68
407 995 23
408 411 97
408 420 76
408 435 40
408 436 14
408 437 88
408 443 56
408 460 17
408 463 46
408 471 54
408 476 7
408 480 73
408 484 76
408 487 62
408 492 54
408 503 60
408 509 30
408 526 36
408 534 77
408 549 10
408 552 34
408 554 13
408 567 4
408 570 56
408 619 33
408 627 21
408 632 72
408 636 43
408 637 22
408 640 49
408 647 8
408 663 75
408 671 68
408 672 42
408 680 31
408 684 73
408 688 75
408 689 76
408 695 12
408 724 19
408 727 61
408 734 39
408 736 90
408 740 86
408 741 36
408 744 100
408 745 14
408 749 74
408 761 44
408 765 83
408 766 27
408 769 31
408 770 54
408 774 44
408 778 86
408 782 37
408 789 9
408 796 59
408 830 10
408 845 69
408 863 15
408 872 65
408 875 29
408 881 23
408 885 22
408 891 59
408 901 41
408 905 46
408 927 91
408 938 88
408 945 57
408 960 21
408 966 25
408 980 65
408 986 20
408 987 64
408 988 89
408 992 27
408 996 64
408 998 54
409 419 10
409 424 44
409 426 33
409 430 31
409 446 97
409 455 20
409 457 45
409 465 70
409 466 60
409 490 31
409 500 62
409 510 53
409 514 65
409 515 37
409 533 12
409 535 44
409 545 17
409 547 80
409 548 40
409 553 40
409 579 36
409 584 91
409 589 2
409 597 4
409 612 64
409 621 15
409 646 47
409 648 28
409 667 45
409 681 39
409 682 81
409 691 45
409 692 76
409 699 22
409 702 92
409 706 3
409 710 22
409 717 88
409 719 81
409 723 20
409 728 26
409 737 52
409 738 50
409 751 54
409 762 62
409 763 34
409 764 49
409 780 29
409 786 25
409 793 9
409 795 77
409 803 34
409 804 23
409 806 84
409 815 61
409 817 97
409 827 95
409 833 92
409 856 20
409 861 64
409 865 95
409 867 4
409 873 98
409 877 72
409 909 60
409 918 41
409 920 94
409 922 79
409 923 21
409 928 27
409 943 19
409 948 11
409 953 25
409 961 40
409 975 17
409 981 18
409 989 70
409 995 96
409 999 25
410 435 7
410 442 20
410 463 56
410 478 15
410 482 59
410 502 24
410 518 85
410 525 83
410 529 43
410 539 49
410 554 100
410 570 52
410 581 80
410 623 52
410 654 44
410 684 10
410 688 53
410 700 66
410 707 76
410 715 72
410 720 8
410 740 98
410 744 88
410 765 70
410 766 56
410 770 18
410 788 15
410 825 85
410 841 31
410 849 87
410 862 73
410 891 61
410 896 87
410 908 81
410 994 40
410 996 68
411 420 62
411 459 72
411 460 46
411 476 77
411 483 11
411 492 53
411 494 10
411 512 39
411 526 92
411 534 27
411 549 87
411 552 66
411 555 29
411 619 91
411 620 22
411 627 99
411 628 28
411 632 16
411 636 74
411 647 60
411 661 96
411 663 12
411 671 70
411 672 17
411 689 39
411 704 22
411 724 28
411 730 28
411 734 64
411 746 27
411 749 62
411 752 11
411 757 99
411 764 99
411 767 26
411 769 35
411 775 1
411 777 14
411 785 42
411 789 83
411 792 22
411 796 91
411 798 69
411 799 90
411 810 44
411 830 61
411 837 20
411 848 15
411 853 78
411 863 34
411 866 45
411 872 23
411 875 69
411 885 5
411 902 85
411 905 87
411 922 4
411 927 35
411 932 69
411 936 87
411 937 62
411 945 16
411 954 43
411 960 1
411 986 57
411 987 21
411 988 22
411 992 62
411 998 83
412 423 53
412 469 89
412 488 31
412 523 31
412 577 7
412 594 35
412 624 16
412 662 20
412 674 1
412 677 35
412 742 2
412 839 23
412 900 35
412 939 55
412 956 74
412 982 96
413 434 3
413 451 54
413 505 16
413 540 21
413 541 79
413 565 76
413 625 49
413 633 84
413 649 28
413 655 47
413 685 2
413 693 14
413 696 59
413 721 63
413 832 62
413 851 47
413 855 21
413 893 64
413 899 8
413 933 51
413 965 70
413 997 86
414 429 28
414 433 32
414 434 25
414 451 12
414 506 81
414 517 58
414 524 83
414 603 27
414 606 34
414 615 31
414 622 76
414 643 98
414 649 15
414 685 88
414 686 54
414 694 90
414 701 28
414 721 84
414 726 11
414 739 71
414 768 52
414 801 83
414 807 33
414 828 7
414 835 1
414 836 41
414 842 26
414 882 30
414 904 67
414 919 35
414 921 29
414 933 22
414 950 17
414 952 36
414 965 36
414 973 14
414 997 14
415 423 12
415 426 37
415 430 63
415 447 69
415 457 67
415 491 45
415 515 76
415 522 11
415 523 13
415 545 80
415 564 89
415 594 15
415 595 5
415 624 72
415 667 50
415 677 97
415 692 16
415 703 24
415 710 49
415 732 23
415 754 82
415 755 79
415 781 12
415 802 98
415 803 54
415 817 9
415 833 47
415 883 15
415 890 77
415 900 33
415 906 16
415 907 62
415 923 46
415 931 11
415 958 65
415 964 63
415 968 87
415 975 87
415 977 19
415 995 33
416 428 6
416 445 23
416 450 91
416 454 99
416 464 14
416 467 8
416 481 46
416 485 13
416 499 83
416 507 38
416 508 15
416 519 100
416 527 80
416 531 29
416 543 97
416 550 77
416 559 80
416 573 83
416 586 100
416 587 83
416 593 83
416 598 16
416 601 18
416 602 92
416 603 93
416 610 94
416 614 21
416 617 30
416 643 29
416 645 17
416 690 97
416 701 52
416 709 90
416 716 52
416 722 39
416 725 84
416 726 94
416 735 96
416 739 53
416 759 9
416 791 9
416 807 47
416 809 8
416 821 6
416 822 40
416 843 78
416 852 99
416 854 80
416 864 58
416 869 85
416 878 41
416 879 27
416 880 67
416 887 1
416 897 29
416 916 88
416 919 85
416 930 88
416 941 60
416 947 32
416 950 90
416 993 12
417 422 85
417 449 87
417 456 62
417 458 82
417 470 69
417 504 81
417 511 96
417 516 53
417 520 58
417 528 81
417 534 70
417 546 97
417 588 64
417 605 23
417 613 93
417 616 67
417 619 26
417 628 49
417 639 24
417 640 50
417 642 3
417 653 89
417 659 38
417 665 4
417 668 96
417 670 64
417 672 25
417 673 96
417 680 66
417 683 16
417 687 59
417 704 82
417 712 15
417 724 83
417 727 15
417 729 94
417 731 5
417 733 16
417 746 94
417 747 64
417 750 87
417 774 8
417 779 6
417 787 84
417 799 86
417 805 63
417 810 29
417 811 24
417 819 65
417 830 24
417 845 11
417 874 65
417 888 83
417 892 72
417 895 4
417 902 46
417 905 67
417 914 59
417 915 94
417 924 77
417 925 24
417 937 3
417 963 64
417 984 28
417 991 56
417 992 97
418 443 99
418 456 98
418 480 58
418 484 84
418 487 80
418 504 100
418 509 44
418 534 93
418 571 75
418 574 74
418 619 31
418 637 72
418 638 61
418 640 33
418 642 76
418 658 64
418 659 86
418 664 10
418 666 32
418 670 98
418 672 40
418 673 37
418 676 66
418 680 28
418 708 28
418 712 65
418 727 28
418 731 5
418 748 36
418 750 59
418 753 22
418 758 39
418 766 89
418 774 40
418 776 57
418 778 78
418 794 41
418 819 71
418 830 33
418 834 14
418 845 59
418 846 79
418 849 18
418 858 71
418 874 90
418 881 56
418 901 30
418 903 8
418 913 50
418 914 63
418 915 30
418 917 58
418 929 28
418 935 68
418 940 73
418 963 24
418 966 99
418 983 80
418 986 21
418 991 6
418 992 67
419 424 4
419 426 64
419 430 90
419 446 31
419 455 56
419 457 63
419 465 77
419 466 96
419 490 87
419 497 99
419 500 26
419 510 93
419 512 79
419 514 53
419 515 1
419 533 97
419 535 97
419 547 55
419 548 30
419 553 49
419 579 35
419 580 70
419 582 62
419 584 88
419 589 89
419 597 69
419 612 61
419 621 39
419 646 82
419 648 71
419 667 18
419 681 12
419 682 43
419 691 52
419 699 15
419 702 15
419 705 24
419 706 21
419 710 11
419 717 26
419 719 79
419 723 97
419 728 66
419 737 100
419 738 19
419 751 11
419 762 31
419 763 80
419 764 29
419 780 29
419 784 72
419 793 71
419 795 66
419 803 89
419 804 61
419 806 43
419 815 99
419 817 14
419 827 85
419 833 40
419 853 43
419 856 29
419 861 38
419 865 59
419 867 53
419 873 52
419 877 8
419 909 3
419 918 53
419 920 28
419 922 94
419 923 17
419 928 28
419 943 93
419 948 26
419 953 17
419 961 79
419 971 10
419 981 55
419 989 17
419 995 55
419 999 22
420 425 72
420 436 80
420 437 74
420 441 74
420 445 83
420 448 12
420 450 57
420 460 81
420 463 31
420 464 7
420 471 52
420 476 78
420 492 91
420 503 89
420 507 22
420 521 23
420 526 12
420 538 80
420 549 82
420 550 65
420 552 97
420 554 33
420 555 95
420 567 54
420 600 18
420 611 46
420 627 73
420 632 24
420 634 49
420 636 92
420 647 16
420 663 63
420 671 37
420 689 78
420 695 41
420 709 75
420 734 66
420 741 5
420 745 73
420 749 2
420 752 70
420 756 1
420 757 35
420 761 39
420 767 51
420 769 100
420 775 81
420 782 3
420 789 48
420 792 36
420 796 41
420 824 53
420 848 61
420 863 83
420 866 55
420 869 10
420 872 76
420 875 77
420 885 67
420 927 25
420 936 8
420 938 51
420 945 92
420 947 81
420 954 47
420 960 70
420 970 55
420 972 36
420 979 46
420 980 31
420 985 81
420 987 45
420 993 42
420 998 50
421 427 13
421 452 29
421 485 23
421 508 100
421 519 4
421 530 42
421 531 76
421 532 35
421 538 23
421 542 24
421 544 43
421 551 18
421 559 92
421 573 35
421 576 6
421 578 63
421 590 75
421 592 44
421 601 38
421 614 26
421 617 65
421 629 11
421 635 31
421 645 69
421 651 47
421 679 28
421 713 80
421 718 20
421 722 60
421 725 18
421 760 59
421 800 48
421 813 58
421 818 49
421 821 17
421 838 89
421 844 33
421 852 68
421 854 92
421 864 98
421 878 50
421 880 90
421 884 93
421 889 39
421 898 96
421 912 90
421 916 15
421 930 40
421 951 16
421 957 44
421 962 86
422 431 33
422 449 73
422 456 88
422 458 90
422 462 35
422 468 82
422 472 45
422 486 66
422 489 89
422 495 27
422 504 48
422 511 58
422 513 45
422 516 97
422 520 37
422 528 26
422 536 33
422 546 6
422 563 100
422 566 93
422 583 6
422 588 83
422 596 4
422 604 33
422 605 100
422 613 37
422 616 68
422 618 56
422 630 93
422 639 18
422 653 100
422 659 19
422 665 22
422 668 79
422 670 47
422 673 21
422 676 4
422 683 19
422 687 14
422 711 48
422 712 85
422 714 52
422 747 5
422 750 98
422 773 11
422 779 89
422 787 45
422 805 57
422 811 79
422 819 41
422 826 32
422 831 44
422 874 55
422 886 89
422 888 16
422 892 27
422 914 85
422 924 90
422 925 77
422 926 2
422 944 100
422 946 13
422 949 75
422 976 34
422 984 6
422 991 87
423 426 26
423 447 74
423 468 26
423 469 73
423 472 89
423 486 52
423 488 97
423 491 27
423 513 64
423 515 63
423 522 10
423 523 5
423 545 58
423 575 17
423 577 50
423 594 56
423 595 5
423 609 41
423 624 28
423 656 29
423 662 12
423 674 90
423 677 24
423 703 16
423 710 56
423 711 7
423 732 95
423 742 30
423 754 24
423 755 64
423 781 57
423 802 45
423 817 18
423 826 80
423 833 46
423 839 76
423 840 52
423 883 99
423 890 78
423 900 72
423 906 25
423 907 36
423 931 47
423 934 13
423 939 43
423 956 85
423 958 68
423 964 98
423 968 66
423 975 50
423 977 87
423 982 18
424 426 25
424 446 11
424 457 53
424 458 17
424 466 46
424 470 76
424 472 54
424 486 89
424 491 56
424 500 74
424 510 47
424 513 97
424 515 68
424 516 71
424 522 1
424 528 11
424 535 42
424 545 82
424 575 18
424 588 45
424 595 3
424 597 30
424 612 70
424 621 50
424 639 63
424 648 25
424 656 22
424 665 98
424 667 22
424 687 71
424 691 99
424 703 98
424 704 10
424 710 53
424 723 3
424 728 61
424 729 73
424 732 5
424 733 81
424 751 38
424 764 54
424 779 24
424 780 43
424 787 33
424 793 40
424 795 93
424 802 70
424 804 30
424 810 57
424 811 73
424 815 21
424 817 96
424 827 47
424 833 62
424 856 74
424 890 17
424 895 67
424 902 59
424 920 61
424 922 98
424 923 56
424 924 9
424 928 36
424 931 32
424 937 46
424 961 22
424 968 17
424 975 52
424 977 50
424 984 67
425 427 31
425 435 88
425 436 75
425 437 71
425 441 6
425 445 18
425 448 17
425 453 82
425 463 43
425 464 25
425 471 31
425 476 25
425 498 26
425 502 29
425 503 10
425 529 54
425 530 28
425 531 80
425 538 26
425 551 37
425 554 62
425 559 44
425 561 95
425 567 57
425 568 75
425 572 61
425 581 80
425 590 61
425 600 44
425 611 70
425 623 11
425 627 11
425 632 35
425 634 10
425 641 95
425 651 73
425 654 52
425 678 55
425 679 63
425 684 79
425 688 61
425 689 51
425 695 46
425 709 33
425 713 43
425 718 79
425 720 2
425 741 74
425 745 25
425 756 92
425 761 66
425 770 60
425 782 23
425 788 65
425 797 2
425 813 39
425 816 98
425 823 77
425 824 4
425 841 76
425 876 2
425 891 60
425 910 84
425 912 1
425 938 73
425 947 54
425 970 59
425 972 71
425 974 72
425 979 6
425 980 25
425 985 37
425 990 10
425 998 53
426 430 82
426 446 61
426 447 16
426 457 42
426 466 49
426 470 58
426 472 43
426 486 30
426 491 78
426 500 12
426 510 54
426 513 28
426 515 49
426 516 27
426 522 96
426 528 41
426 535 43
426 545 21
426 564 21
426 575 33
426 595 29
426 597 48
426 612 48
426 621 27
426 639 9
426 656 68
426 667 5
426 691 32
426 692 2
426 703 1
426 710 87
426 723 81
426 728 57
426 729 64
426 732 75
426 733 67
426 751 71
426 779 84
426 780 83
426 781 3
426 793 94
426 795 94
426 802 50
426 803 100
426 804 23
426 815 14
426 817 55
426 827 47
426 833 98
426 856 26
426 883 44
426 890 54
426 895 47
426 906 24
426 907 31
426 909 85
426 920 73
426 923 47
426 928 60
426 931 48
426 958 79
426 961 34
426 964 96
426 968 7
426 975 58
426 977 100
426 984 92
426 995 36
427 441 18
427 448 52
427 452 100
427 453 46
427 498 77
427 508 39
427 530 62
427 531 57
427 532 42
427 538 13
427 544 57
427 551 93
427 561 60
427 568 62
427 572 80
427 576 1
427 578 22
427 590 98
427 592 21
427 611 60
427 629 66
427 635 36
427 641 95
427 651 87
427 678 22
427 679 47
427 713 26
427 718 93
427 722 22
427 756 48
427 761 5
427 797 13
427 813 61
427 816 92
427 818 41
427 823 81
427 824 79
427 838 70
427 844 11
427 876 53
427 878 43
427 884 11
427 889 83
427 898 14
427 910 16
427 912 68
427 951 44
427 957 62
427 962 90
427 974 95
427 979 80
427 990 84
428 429 46
428 444 98
428 450 77
428 454 14
428 467 37
428 481 30
428 499 16
428 507 31
428 521 20
428 527 75
428 537 9
428 543 5
428 550 99
428 573 41
428 586 72
428 587 18
428 593 67
428 598 30
428 601 82
428 602 73
428 603 95
428 610 22
428 614 31
428 615 14
428 617 54
428 622 71
428 643 83
428 645 72
428 686 46
428 690 34
428 694 21
428 698 20
428 701 59
428 716 52
428 725 86
428 726 58
428 735 22
428 739 26
428 759 65
428 768 19
428 783 69
428 790 26
428 791 90
428 807 38
428 809 48
428 820 40
428 821 15
428 822 79
428 835 57
428 836 12
428 843 17
428 864 94
428 866 57
428 869 11
428 879 92
428 887 65
428 897 27
428 904 74
428 911 52
428 916 100
428 919 65
428 941 68
428 947 62
428 950 91
428 955 43
428 978 14
428 993 89
429 433 51
429 439 91
429 444 98
429 454 59
429 467 71
429 497 77
429 506 47
429 517 85
429 521 79
429 524 72
429 527 70
429 537 89
429 555 27
429 557 77
429 558 20
429 560 47
429 562 73
429 569 29
429 580 92
429 582 40
429 586 82
429 593 88
429 603 36
429 606 30
429 608 2
429 615 4
429 622 16
429 631 72
429 643 92
429 685 92
429 686 14
429 694 17
429 698 40
429 701 56
429 705 41
429 726 17
429 739 89
429 768 40
429 772 52
429 783 29
429 784 70
429 785 74
429 790 56
429 791 12
429 801 6
429 807 23
429 820 75
429 822 59
429 828 72
429 835 6
429 836 24
429 842 15
429 859 69
429 860 81
429 869 15
429 870 43
429 882 30
429 887 66
429 904 24
429 911 56
429 919 22
429 921 10
429 941 19
429 942 44
429 950 73
429 952 82
429 955 49
429 971 55
429 973 18
429 978 62
429 989 1
429 993 88
429 997 92
430 457 76
430 490 41
430 491 29
430 515 41
430 522 33
430 523 69
430 545 49
430 553 33
430 564 21
430 579 7
430 594 11
430 595 15
430 597 10
430 612 22
430 667 59
430 681 48
430 691 5
430 692 11
430 703 53
430 710 46
430 717 92
430 728 21
430 737 40
430 754 61
430 755 47
430 781 87
430 786 2
430 793 93
430 802 31
430 803 21
430 804 10
430 806 27
430 815 51
430 817 62
430 833 18
430 861 14
430 883 1
430 906 31
430 907 86
430 909 70
430 918 34
430 920 76
430 923 58
430 931 38
430 953 81
430 958 82
430 964 4
430 968 28
430 975 83
430 995 15
431 449 54
431 458 28
431 462 60
431 468 54
431 472 41
431 486 37
431 489 25
431 495 55
431 511 81
431 513 86
431 520 20
431 528 99
431 536 73
431 546 93
431 563 50
431 566 9
431 583 94
431 596 60
431 604 83
431 605 32
431 609 36
431 613 24
431 616 14
431 618 72
431 630 53
431 653 72
431 659 48
431 665 46
431 668 51
431 670 54
431 683 88
431 711 20
431 712 46
431 714 42
431 750 90
431 773 61
431 779 22
431 805 75
431 826 37
431 831 29
431 840 86
431 874 37
431 886 77
431 888 20
431 924 16
431 925 17
431 926 51
431 934 38
431 944 57
431 946 5
431 949 67
431 976 87
432 475 10
432 482 47
432 496 59
432 518 5
432 539 89
432 556 75
432 571 64
432 574 44
432 585 54
432 626 74
432 644 40
432 650 9
432 657 66
432 700 84
432 715 58
432 748 28
432 758 53
432 771 42
432 812 34
432 825 96
432 829 83
432 846 79
432 849 80
432 850 35
432 862 6
432 896 83
432 908 100
432 917 97
432 959 29
433 434 88
433 439 81
433 444 78
433 451 67
433 454 73
433 506 38
433 517 51
433 524 49
433 537 75
433 557 74
433 560 39
433 569 67
433 603 88
433 606 19
433 615 32
433 622 69
433 643 28
433 649 31
433 685 6
433 686 41
433 694 98
433 701 17
433 721 49
433 726 39
433 739 47
433 768 87
433 772 49
433 790 27
433 801 52
433 807 95
433 820 56
433 828 33
433 835 26
433 836 63
433 842 95
433 851 17
433 859 81
433 860 50
433 882 25
433 887 29
433 904 66
433 911 8
433 919 65
433 921 96
433 933 70
433 942 96
433 950 84
433 952 39
433 955 14
433 965 55
433 973 47
433 997 52
434 451 97
434 473 47
434 505 9
434 506 53
434 517 50
434 540 8
434 541 73
434 565 71
434 606 94
434 625 92
434 633 19
434 649 37
434 655 41
434 685 97
434 693 91
434 696 2
434 721 50
434 801 72
434 828 57
434 832 77
434 842 99
434 847 21
434 851 81
434 855 53
434 882 69
434 893 99
434 899 82
434 933 64
434 952 83
434 965 19
434 973 71
434 997 56
435 436 32
435 437 25
435 441 46
435 442 62
435 448 32
435 453 82
435 463 57
435 471 18
435 478 18
435 498 18
435 502 35
435 503 88
435 525 17
435 529 84
435 554 58
435 561 10
435 567 16
435 568 94
435 570 7
435 581 69
435 611 20
435 623 15
435 627 30
435 637 16
435 641 89
435 654 69
435 684 40
435 688 30
435 695 90
435 707 72
435 720 60
435 736 51
435 740 50
435 744 15
435 745 38
435 761 27
435 765 32
435 766 65
435 770 29
435 778 50
435 782 42
435 788 94
435 824 29
435 841 2
435 862 31
435 876 62
435 891 67
435 896 90
435 938 21
435 974 89
435 979 36
435 980 83
435 990 21
435 994 35
435 996 88
435 998 58
436 437 12
436 441 33
436 442 70
436 448 56
436 453 22
436 463 58
436 471 96
436 476 98
436 478 57
436 492 34
436 498 51
436 502 3
436 503 76
436 525 94
436 529 71
436 554 6
436 561 54
436 567 61
436 568 57
436 570 43
436 581 67
436 600 39
436 611 4
436 623 92
436 627 93
436 632 69
436 634 59
436 636 56
436 637 97
436 641 49
436 654 41
436 684 74
436 688 16
436 689 69
436 695 66
436 707 4
436 720 45
436 736 65
436 741 23
436 745 93
436 749 5
436 756 49
436 761 21
436 765 21
436 770 28
436 778 25
436 782 93
436 788 86
436 796 67
436 816 5
436 823 36
436 824 42
436 841 59
436 876 85
436 891 30
436 938 63
436 974 98
436 979 64
436 980 27
436 986 72
436 988 100
436 990 65
436 994 88
436 998 77
437 441 6
437 445 90
437 448 53
437 453 68
437 460 69
437 463 80
437 464 30
437 471 78
437 476 93
437 492 16
437 498 16
437 502 14
437 503 9
437 526 65
437 529 30
437 531 30
437 538 41
437 549 30
437 551 53
437 554 78
437 561 64
437 567 96
437 568 9
437 600 2
437 611 35
437 627 47
437 632 80
437 634 85
437 636 91
437 641 96
437 651 54
437 671 18
437 684 59
437 688 40
437 689 56
437 695 49
437 709 70
437 713 26
437 741 44
437 745 80
437 749 38
437 752 66
437 756 31
437 761 2
437 769 8
437 770 64
437 782 1
437 788 2
437 796 95
437 813 15
437 816 9
437 824 93
437 841 45
437 848 95
437 872 98
437 891 86
437 927 43
437 936 53
437 938 56
437 947 24
437 960 67
437 970 86
437 972 68
437 974 94
437 979 35
437 980 86
437 985 46
437 998 19
438 475 91
438 496 9
438 501 76
438 556 9
438 599 18
438 626 86
438 644 21
438 650 4
438 660 35
438 664 21
438 669 59
438 675 50
438 708 54
438 743 14
438 748 16
438 753 64
438 771 18
438 776 21
438 794 80
438 812 45
438 829 26
438 834 52
438 846 92
438 850 87
438 857 24
438 871 1
438 894 99
438 903 73
438 913 84
438 940 57
438 959 55
438 967 87
438 983 45
439 444 88
439 454 100
439 455 78
439 461 73
439 465 10
439 473 23
439 474 15
439 477 86
439 493 81
439 497 92
439 506 38
439 514 11
439 527 36
439 537 46
439 547 91
439 548 65
439 557 65
439 558 10
439 560 51
439 562 95
439 569 94
439 580 35
439 582 40
439 589 83
439 591 13
439 593 42
439 606 83
439 607 50
439 608 24
439 622 20
439 631 33
439 643 63
439 685 34
439 686 2
439 693 45
439 694 51
439 698 39
439 701 4
439 702 88
439 705 9
439 706 98
439 719 8
439 721 58
439 726 70
439 739 69
439 763 2
439 768 26
439 772 34
439 783 16
439 784 67
439 785 7
439 790 57
439 791 5
439 798 7
439 801 58
439 807 27
439 820 71
439 828 16
439 835 62
439 836 58
439 842 2
439 847 6
439 851 78
439 859 57
439 860 87
439 865 60
439 867 56
439 868 60
439 870 59
439 877 15
439 882 34
439 887 61
439 893 32
439 904 43
439 911 50
439 921 22
439 942 94
439 943 64
439 948 44
439 955 9
439 965 63
439 971 87
439 973 90
439 978 5
439 989 39
439 997 92
439 999 88
440 461 20
440 473 64
440 474 76
440 477 16
440 479 42
440 490 40
440 493 98
440 533 64
440 541 11
440 547 60
440 553 15
440 565 31
440 579 26
440 584 12
440 591 93
440 607 19
440 633 48
440 646 11
440 652 86
440 693 14
440 697 35
440 699 44
440 706 54
440 717 51
440 719 32
440 737 97
440 762 36
440 763 6
440 786 23
440 806 70
440 808 89
440 814 24
440 847 56
440 861 2
440 865 36
440 867 47
440 868 39
440 870 97
440 893 90
440 918 19
440 953 56
440 969 70
440 981 72
440 999 79
441 445 11
441 448 60
441 453 100
441 463 43
441 464 36
441 471 5
441 476 17
441 498 48
441 502 43
441 503 92
441 508 47
441 529 90
441 530 70
441 531 17
441 538 97
441 551 34
441 554 50
441 559 42
441 561 82
441 567 61
441 568 40
441 590 78
441 600 51
441 611 58
441 627 97
441 632 94
441 634 29
441 641 46
441 645 98
441 651 15
441 654 26
441 684 4
441 688 18
441 689 65
441 695 93
441 709 5
441 713 62
441 722 11
441 741 79
441 745 70
441 752 98
441 756 27
441 761 82
441 769 47
441 770 19
441 782 52
441 788 5
441 813 94
441 816 55
441 823 33
441 824 15
441 841 16
441 848 47
441 872 17
441 876 87
441 891 32
441 936 64
441 938 27
441 947 82
441 970 2
441 972 83
441 974 24
441 979 9
441 980 51
441 985 54
441 990 50
441 998 18
442 453 68
442 463 19
442 478 79
442 498 63
442 502 12
442 518 90
442 525 77
442 529 7
442 539 88
442 554 66
442 568 36
442 570 56
442 581 97
442 623 7
442 637 90
442 654 96
442 684 57
442 688 84
442 695 70
442 707 65
442 715 71
442 720 29
442 736 54
442 740 21
442 744 2
442 765 94
442 766 94
442 770 97
442 778 62
442 782 19
442 788 95
442 825 76
442 841 2
442 862 28
442 891 99
442 896 45
442 908 72
442 974 9
442 980 37
442 990 63
442 994 28
442 996 1
443 460 98
443 463 68
443 480 81
443 484 31
443 487 48
443 492 44
443 509 65
443 534 4
443 552 58
443 554 65
443 570 59
443 571 57
443 574 88
443 619 16
443 627 70
443 636 85
443 637 92
443 638 22
443 640 55
443 647 9
443 658 11
443 663 90
443 666 49
443 671 12
443 672 78
443 680 38
443 688 86
443 689 23
443 724 64
443 727 18
443 731 5
443 736 66
443 740 9
443 744 81
443 749 79
443 758 22
443 765 79
443 766 64
443 770 35
443 774 77
443 778 94
443 796 95
443 825 6
443 830 50
443 834 50
443 845 94
443 858 8
443 862 50
443 875 43
443 881 55
443 885 91
443 901 63
443 905 10
443 908 76
443 914 39
443 915 38
443 927 36
443 929 20
443 935 29
443 945 78
443 960 40
443 963 20
443 966 48
443 986 22
443 987 55
443 988 94
443 991 10
443 992 74
443 996 2
443 998 87
444 454 99
444 461 6
444 465 47
444 467 61
444 477 2
444 493 29
444 497 58
444 512 49
444 521 64
444 527 5
444 537 4
444 548 31
444 555 6
444 557 66
444 558 87
444 560 93
444 562 98
444 569 34
444 580 67
444 582 97
444 589 15
444 591 51
444 593 1
444 608 79
444 615 17
444 622 15
444 631 81
444 643 47
444 685 17
444 686 9
444 694 68
444 698 78
444 701 61
444 702 27
444 705 72
444 726 92
444 739 87
444 757 33
444 768 19
444 772 67
444 783 41
444 784 51
444 785 46
444 790 87
444 791 99
444 798 5
444 801 88
444 807 92
444 820 90
444 822 86
444 828 70
444 835 95
444 836 45
444 842 68
444 859 66
444 860 37
444 868 54
444 869 84
444 870 20
444 877 73
444 882 63
444 887 44
444 904 41
444 911 74
444 921 63
444 942 1
444 943 53
444 948 92
444 955 1
444 971 81
444 973 45
444 978 54
444 989 43
444 993 29
444 997 89
444 999 43
445 448 83
445 450 93
445 452 93
445 464 83
445 467 25
445 471 30
445 476 87
445 485 68
445 499 30
445 503 98
445 507 71
445 508 68
445 521 7
445 526 4
445 530 45
445 531 57
445 538 47
445 550 90
445 551 81
445 559 5
445 561 55
445 573 91
445 578 68
445 586 76
445 587 86
445 598 33
445 600 92
445 601 6
445 611 51
445 614 55
445 617 92
445 634 12
445 645 40
445 690 33
445 709 35
445 713 99
445 716 45
445 722 36
445 725 100
445 735 10
445 741 90
445 745 65
445 752 36
445 756 33
445 761 76
445 769 86
445 813 73
445 821 81
445 824 45
445 838 4
445 843 63
445 848 13
445 854 96
445 864 96
445 866 87
445 869 83
445 872 73
445 878 58
445 879 13
445 897 59
445 912 1
445 916 16
445 936 19
445 938 50
445 941 54
445 947 1
445 970 48
445 972 82
445 979 14
445 985 28
445 993 28
446 455 18
446 459 47
446 465 58
446 466 50
446 483 96
446 494 91
446 497 23
446 500 77
446 510 6
446 512 44
446 514 100
446 533 96
446 535 91
446 547 53
446 548 77
446 553 96
446 558 27
446 580 87
446 582 77
446 584 18
446 589 8
446 597 55
446 612 85
446 620 57
446 621 10
446 628 53
446 646 93
446 648 3
446 661 20
446 682 84
446 691 80
446 699 91
446 702 21
446 704 69
446 705 8
446 723 90
446 728 83
446 729 91
446 730 78
446 733 95
446 737 44
446 738 11
446 746 19
446 751 50
446 763 57
446 764 6
446 767 10
446 775 97
446 777 58
446 780 54
446 784 60
446 785 99
446 792 55
446 793 17
446 795 16
446 798 5
446 804 85
446 810 48
446 815 5
446 817 45
446 827 23
446 833 83
446 837 90
446 853 63
446 856 21
446 865 28
446 867 38
446 873 85
446 877 21
446 902 59
446 909 33
446 918 38
446 920 81
446 922 54
446 928 96
446 932 50
446 937 28
446 943 1
446 948 36
446 961 1
446 971 85
446 981 91
446 989 7
447 468 37
447 469 90
447 472 51
447 486 92
447 488 21
447 491 61
447 495 41
447 511 22
447 513 5
447 522 9
447 523 82
447 545 19
447 546 34
447 575 64
447 577 75
447 594 98
447 595 52
447 596 18
447 609 55
447 616 97
447 624 13
447 639 85
447 656 20
447 662 22
447 665 80
447 674 73
447 677 13
447 683 50
447 703 35
447 710 20
447 711 94
447 732 75
447 742 10
447 755 71
447 779 64
447 781 35
447 802 34
447 804 16
447 817 93
447 826 7
447 839 62
447 840 33
447 883 52
447 890 70
447 900 78
447 906 19
447 907 43
447 931 57
447 934 53
447 939 96
447 956 24
447 958 45
447 964 98
447 968 16
447 975 54
447 977 67
448 453 63
448 463 46
448 464 30
448 471 45
448 476 21
448 498 56
448 502 21
448 503 97
448 529 80
448 530 86
448 531 82
448 538 82
448 551 6
448 554 91
448 559 48
448 561 35
448 567 30
448 568 83
448 572 29
448 581 92
448 590 79
448 600 81
448 611 16
448 623 25
448 627 96
448 632 11
448 634 33
448 641 68
448 651 93
448 654 79
448 678 40
448 679 36
448 684 77
448 688 77
448 689 98
448 695 19
448 709 98
448 713 2
448 718 33
448 720 40
448 741 55
448 745 27
448 756 10
448 761 36
448 770 46
448 782 6
448 788 15
448 797 95
448 813 14
448 816 80
448 823 34
448 824 56
448 841 21
448 876 32
448 891 99
448 910 88
448 912 16
448 938 88
448 947 11
448 970 57
448 972 74
448 974 55
448 979 22
448 980 94
448 985 87
448 990 83
448 998 8
449 456 14
449 458 5
449 462 11
449 468 96
449 470 16
449 472 47
449 486 38
449 489 81
449 495 41
449 504 42
449 511 94
449 513 43
449 516 23
449 520 36
449 528 30
449 536 43
449 546 61
449 563 13
449 566 8
449 575 63
449 583 74
449 588 25
449 596 35
449 604 43
449 605 100
449 613 21
449 616 44
449 618 5
449 630 91
449 639 56
449 653 74
449 656 60
449 659 65
449 665 34
449 668 66
449 670 30
449 673 36
449 683 80
449 687 78
449 711 8
449 712 53
449 733 83
449 747 15
449 750 4
449 773 94
449 779 70
449 787 63
449 805 98
449 811 94
449 826 99
449 831 28
449 840 11
449 874 68
449 886 27
449 888 45
449 892 49
449 895 85
449 924 12
449 925 30
449 926 4
449 934 44
449 944 96
449 946 97
449 949 3
449 976 66
449 977 6
449 984 99
449 991 81
450 454 41
450 464 99
450 467 90
450 471 64
450 476 50
450 485 80
450 499 30
450 507 3
450 508 51
450 521 98
450 526 13
450 527 83
450 531 69
450 538 64
450 549 85
450 550 30
450 555 25
450 559 54
450 586 50
450 587 38
450 593 6
450 598 69
450 600 87
450 608 76
450 614 83
450 617 6
450 634 59
450 645 18
450 690 23
450 698 6
450 701 99
450 709 77
450 713 89
450 716 23
450 722 48
450 725 60
450 726 30
450 735 55
450 741 36
450 745 83
450 752 71
450 756 12
450 757 69
450 769 70
450 783 54
450 791 95
450 807 78
450 821 98
450 822 56
450 843 70
450 848 83
450 864 11
450 866 75
450 869 2
450 872 88
450 879 67
450 887 25
450 897 18
450 911 60
450 936 48
450 941 14
450 947 43
450 954 56
450 970 71
450 972 15
450 978 14
450 985 5
450 993 23
451 461 51
451 473 22
451 477 73
451 505 61
451 506 13
451 517 82
451 524 86
451 540 69
451 541 95
451 560 71
451 565 49
451 569 80
451 606 60
451 615 3
451 625 73
451 633 3
451 649 78
451 655 97
451 685 20
451 693 25
451 694 79
451 696 63
451 721 27
451 768 30
451 801 18
451 828 82
451 832 74
451 835 94
451 836 88
451 842 60
451 847 47
451 851 17
451 855 10
451 859 83
451 860 89
451 870 37
451 882 73
451 893 77
451 899 57
451 904 5
451 921 22
451 933 98
451 952 98
451 965 79
451 973 5
451 997 78
452 464 96
452 485 1
452 508 50
452 519 93
452 530 87
452 531 20
452 532 43
452 538 55
452 542 54
452 544 41
452 551 76
452 559 97
452 561 25
452 573 3
452 576 87
452 578 49
452 587 80
452 590 69
452 592 26
452 601 86
452 614 81
452 617 24
452 629 10
452 635 57
452 645 49
452 651 99
452 678 95
452 679 40
452 709 49
452 713 62
452 718 21
452 722 44
452 725 28
452 760 64
452 800 20
452 813 78
452 816 46
452 818 64
452 821 19
452 838 29
452 844 88
452 852 14
452 854 96
452 864 72
452 878 95
452 879 25
452 880 3
452 884 21
452 889 36
452 898 63
452 912 46
452 916 34
452 930 67
452 947 73
452 951 49
452 957 44
452 962 56
452 970 44
453 478 61
453 498 54
453 502 80
453 529 65
453 530 71
453 538 10
453 544 56
453 551 69
453 561 78
453 568 20
453 572 38
453 581 61
453 590 24
453 600 36
453 611 12
453 623 20
453 641 70
453 651 37
453 654 7
453 678 74
453 679 45
453 684 52
453 695 65
453 718 54
453 720 13
453 756 78
453 761 22
453 782 97
453 788 58
453 797 28
453 813 56
453 816 45
453 823 19
453 824 24
453 841 49
453 844 54
453 876 30
453 891 6
453 910 43
453 938 85
453 962 23
453 974 13
453 979 91
453 980 73
453 990 67
453 994 12
454 467 42
454 499 99
454 507 27
454 521 6
454 527 89
454 537 54
454 543 36
454 550 63
454 555 60
454 557 64
454 562 65
454 586 76
454 587 21
454 593 91
454 598 37
454 602 41
454 603 94
454 608 46
454 610 46
454 615 62
454 622 12
454 631 84
454 643 76
454 686 2
454 690 94
454 694 14
454 698 46
454 701 58
454 716 12
454 726 61
454 735 88
454 739 17
454 757 70
454 768 84
454 783 78
454 790 34
454 791 90
454 807 32
454 820 95
454 822 70
454 835 15
454 836 23
454 843 15
454 866 92
454 869 85
454 879 57
454 887 33
454 897 1
454 904 85
454 911 8
454 919 35
454 921 48
454 936 88
454 941 40
454 950 12
454 955 59
454 978 12
454 993 22
455 459 2
455 465 72
455 466 47
455 483 78
455 493 51
455 494 21
455 497 27
455 500 40
455 510 18
455 512 62
455 514 84
455 533 26
455 535 98
455 547 40
455 548 11
455 553 9
455 557 62
455 558 73
455 562 45
455 569 38
455 580 32
455 582 93
455 584 32
455 589 10
455 591 13
455 597 38
455 607 76
455 608 51
455 612 31
455 621 100
455 631 29
455 646 65
455 648 55
455 682 93
455 699 15
455 702 55
455 705 73
455 706 75
455 719 64
455 728 75
455 730 3
455 737 81
455 738 58
455 762 97
455 763 81
455 764 63
455 772 14
455 777 95
455 780 33
455 784 11
455 785 23
455 795 14
455 798 10
455 815 3
455 820 82
455 827 32
455 853 62
455 856 72
455 860 44
455 865 57
455 867 65
455 868 85
455 870 43
455 873 16
455 877 25
455 909 74
455 918 95
455 920 58
455 922 81
455 928 5
455 942 57
455 943 23
455 948 25
455 953 59
455 961 67
455 971 46
455 978 49
455 981 57
455 989 26
455 999 87
456 458 24
456 489 51
456 504 7
456 511 11
456 516 99
456 520 30
456 528 5
456 534 92
456 546 40
456 563 85
456 566 29
456 583 37
456 588 75
456 604 62
456 605 24
456 613 15
456 616 95
456 618 35
456 619 17
456 638 80
456 640 3
456 642 90
456 653 72
456 658 55
456 659 13
456 665 50
456 668 16
456 670 43
456 673 4
456 676 16
456 680 13
456 683 50
456 687 16
456 712 77
456 714 54
456 724 28
456 727 33
456 729 26
456 731 4
456 747 43
456 750 3
456 753 76
456 773 28
456 774 99
456 779 6
456 787 10
456 805 51
456 811 91
456 819 64
456 831 18
456 845 14
456 858 32
456 874 31
456 886 58
456 888 32
456 892 58
456 895 71
456 913 20
456 914 76
456 915 60
456 924 30
456 925 22
456 946 25
456 963 53
456 976 68
456 984 18
456 991 64
456 992 57
457 490 44
457 491 67
457 500 70
457 515 5
457 522 37
457 545 2
457 553 5
457 564 100
457 579 96
457 584 96
457 595 43
457 597 81
457 612 83
457 667 4
457 681 83
457 691 76
457 692 83
457 703 30
457 710 54
457 717 1
457 723 97
457 728 67
457 737 7
457 751 32
457 754 27
457 780 67
457 781 78
457 786 22
457 793 12
457 795 39
457 802 43
457 803 63
457 804 81
457 806 51
457 815 20
457 817 7
457 827 85
457 833 79
457 861 4
457 883 27
457 890 87
457 906 25
457 907 58
457 909 58
457 918 4
457 920 57
457 923 29
457 928 8
457 931 81
457 953 18
457 958 2
457 964 97
457 968 60
457 975 45
457 981 57
457 995 32
458 462 68
458 466 36
458 468 65
458 470 2
458 472 73
458 486 87
458 489 67
458 495 41
458 504 15
458 511 14
458 513 83
458 516 50
458 520 66
458 522 64
458 528 91
458 536 74
458 546 46
458 575 40
458 583 9
458 588 85
458 596 72
458 605 47
458 613 75
458 616 51
458 639 84
458 653 23
458 656 22
458 659 65
458 665 97
458 668 57
458 670 51
458 673 81
458 683 53
458 687 75
458 704 80
458 711 40
458 712 15
458 723 26
458 729 15
458 733 90
458 747 58
458 750 42
458 751 20
458 779 74
458 787 29
458 804 98
458 805 59
458 811 75
458 826 87
458 886 91
458 888 48
458 890 1
458 892 37
458 895 93
458 914 39
458 924 9
458 925 15
458 926 12
458 944 5
458 946 26
458 949 80
458 963 31
458 968 100
458 976 90
458 977 52
458 984 24
458 991 90
459 460 80
459 476 94
459 483 46
459 494 15
459 497 62
459 512 21
459 514 30
459 521 97
459 526 74
459 527 58
459 537 75
459 548 77
459 549 44
459 555 59
459 558 54
459 562 73
459 580 51
459 582 31
459 589 66
459 593 84
459 608 49
459 620 2
459 621 38
459 628 48
459 631 16
459 648 82
459 661 64
459 671 55
459 682 6
459 698 82
459 702 39
459 704 41
459 705 97
459 730 50
459 734 23
459 738 79
459 746 6
459 752 18
459 757 14
459 764 80
459 767 78
459 769 39
459 775 57
459 777 96
459 783 67
459 784 32
459 785 1
459 789 71
459 791 58
459 792 10
459 796 100
459 798 76
459 810 84
459 820 35
459 837 63
459 848 82
459 853 50
459 856 61
459 863 2
459 866 62
459 869 85
459 872 64
459 873 87
459 877 43
459 902 32
459 911 36
459 922 97
459 927 98
459 932 36
459 936 70
459 937 89
459 943 18
459 945 27
459 948 98
459 954 17
459 971 67
459 978 8
459 989 90
459 993 78
460 463 84
460 471 82
460 476 72
460 483 15
460 492 80
460 494 69
460 503 8
460 526 28
460 534 66
460 549 1
460 552 95
460 554 43
460 555 44
460 567 74
460 619 35
460 620 42
460 627 29
460 628 88
460 632 31
460 634 25
460 636 3
460 647 41
460 661 61
460 663 52
460 671 21
460 672 30
460 689 26
460 695 59
460 724 81
460 730 86
460 734 79
460 736 12
460 741 51
460 745 51
460 746 73
460 749 45
460 752 89
460 757 94
460 767 73
460 769 88
460 775 81
460 777 36
460 789 26
460 792 63
460 796 98
460 799 37
460 830 37
460 837 87
460 848 32
460 863 75
460 866 99
460 872 97
460 875 36
460 885 37
460 902 52
460 905 26
460 927 35
460 932 27
460 936 85
460 937 65
460 938 25
460 945 15
460 954 45
460 960 2
460 986 82
460 987 7
460 988 96
460 992 53
460 998 71
461 465 76
461 473 10
461 474 74
461 477 30
461 479 17
461 493 67
461 497 85
461 505 32
461 506 79
461 540 94
461 541 83
461 547 68
461 557 9
461 558 38
461 560 51
461 565 34
461 569 98
461 584 39
461 591 80
461 606 8
461 607 9
461 631 63
461 633 93
461 646 84
461 649 61
461 652 28
461 655 84
461 685 65
461 686 94
461 693 45
461 694 25
461 696 63
461 697 43
461 699 15
461 705 42
461 706 24
461 719 42
461 721 1
461 762 33
461 763 84
461 768 23
461 772 7
461 784 17
461 790 69
461 801 76
461 808 10
461 814 4
461 820 10
461 828 31
461 832 14
461 835 8
461 836 19
461 842 31
461 847 28
461 851 25
461 855 36
461 859 26
461 860 37
461 865 34
461 867 46
461 868 67
461 870 85
461 882 67
461 893 64
461 904 58
461 921 89
461 942 42
461 943 29
461 955 6
461 965 50
461 969 19
461 989 86
461 997 62
461 999 70
462 468 6
462 472 77
462 486 16
462 489 26
462 495 16
462 511 95
462 513 24
462 520 12
462 528 42
462 536 5
462 546 13
462 563 38
462 566 67
462 577 90
462 583 84
462 596 92
462 605 93
462 609 39
462 613 8
462 616 93
462 618 65
462 630 99
462 639 72
462 653 73
462 659 13
462 665 98
462 668 90
462 670 69
462 674 100
462 683 43
462 711 71
462 712 31
462 742 4
462 750 57
462 773 92
462 779 44
462 805 64
462 826 99
462 840 62
462 886 72
462 888 57
462 924 88
462 925 53
462 926 91
462 934 76
462 944 88
462 946 62
462 949 70
462 976 96
462 984 42
463 471 48
463 476 15
463 480 24
463 484 6
463 492 88
463 502 28
463 503 33
463 509 11
463 529 52
463 552 4
463 554 96
463 567 19
463 570 37
463 581 99
463 600 20
463 611 18
463 619 100
463 627 36
463 632 32
463 636 53
463 637 22
463 641 100
463 647 43
463 663 77
463 671 27
463 672 80
463 684 88
463 688 43
463 689 27
463 695 92
463 707 56
463 727 95
463 736 68
463 740 48
463 741 71
463 744 13
463 745 74
463 749 14
463 756 32
463 761 52
463 765 15
463 766 97
463 769 12
463 770 94
463 778 34
463 782 9
463 788 48
463 796 85
463 824 63
463 830 94
463 841 67
463 845 97
463 862 91
463 875 81
463 881 74
463 885 55
463 891 39
463 901 32
463 927 76
463 929 44
463 938 19
463 960 42
463 966 91
463 980 66
463 986 99
463 987 22
463 988 100
463 992 62
463 996 43
463 998 12
464 467 29
464 471 48
464 476 35
464 481 67
464 485 30
464 499 44
464 503 81
464 507 85
464 508 1
464 521 15
464 530 86
464 531 30
464 538 69
464 550 65
464 551 63
464 559 96
464 561 23
464 573 91
464 576 43
464 578 6
464 586 52
464 587 94
464 600 17
464 601 9
464 611 19
464 614 84
464 617 24
464 634 6
464 645 16
464 651 59
464 690 41
464 709 27
464 713 9
464 716 2
464 722 70
464 725 37
464 735 18
464 741 88
464 745 68
464 752 14
464 756 99
464 761 21
464 813 95
464 816 66
464 821 57
464 824 51
464 838 5
464 843 100
464 848 42
464 852 64
464 854 90
464 864 53
464 866 66
464 869 46
464 872 31
464 878 30
464 879 82
464 897 97
464 912 59
464 916 86
464 936 19
464 938 42
464 947 76
464 970 42
464 972 6
464 979 74
464 985 27
464 993 21
465 473 74
465 474 28
465 477 48
465 479 30
465 493 17
465 497 60
465 512 5
465 514 66
465 533 69
465 537 78
465 547 47
465 548 46
465 553 91
465 557 45
465 558 5
465 560 55
465 562 56
465 569 99
465 580 74
465 582 99
465 584 65
465 589 56
465 591 17
465 607 82
465 608 23
465 631 79
465 646 47
465 648 34
465 682 13
465 685 66
465 686 88
465 693 56
465 694 68
465 697 56
465 699 37
465 702 17
465 705 96
465 706 45
465 719 65
465 737 17
465 738 87
465 762 84
465 763 12
465 768 17
465 772 62
465 784 22
465 785 62
465 790 44
465 795 92
465 798 57
465 814 48
465 820 14
465 828 82
465 835 51
465 836 79
465 847 37
465 851 79
465 853 9
465 859 1
465 860 100
465 865 91
465 867 100
465 868 88
465 870 56
465 873 28
465 877 96
465 893 66
465 911 83
465 918 53
465 921 51
465 928 69
465 942 55
465 943 3
465 948 48
465 953 11
465 955 94
465 969 84
465 971 67
465 978 59
465 981 85
465 989 55
465 999 16
466 470 14
466 494 53
466 500 52
466 510 34
466 512 18
466 514 84
466 516 28
466 522 33
466 528 52
466 535 73
466 575 26
466 588 35
466 597 82
466 620 56
466 621 40
466 628 90
466 639 97
466 648 47
466 656 18
466 661 48
466 682 69
466 687 100
466 691 37
466 703 68
466 704 27
466 710 99
466 723 56
466 728 94
466 729 39
466 730 65
466 733 69
466 738 55
466 746 47
466 751 64
466 764 60
466 775 41
466 777 25
466 779 26
466 780 32
466 787 7
466 793 42
466 795 16
466 799 5
466 804 51
466 810 45
466 811 77
466 815 19
466 817 22
466 827 64
466 833 1
466 837 71
466 853 18
466 856 57
466 873 86
466 890 86
466 895 20
466 902 76
466 920 21
466 922 32
466 923 32
466 928 72
466 932 34
466 937 4
466 948 61
466 961 81
466 975 32
466 984 73
467 481 88
467 485 59
467 499 95
467 507 53
467 508 26
467 521 68
467 527 51
467 537 10
467 543 46
467 550 94
467 555 32
467 559 76
467 562 41
467 586 20
467 587 44
467 593 38
467 598 73
467 601 33
467 602 41
467 608 35
467 610 16
467 614 4
467 617 63
467 622 44
467 643 30
467 645 95
467 686 64
467 690 66
467 698 29
467 701 99
467 709 80
467 716 37
467 725 56
467 726 89
467 735 41
467 739 14
467 752 85
467 757 28
467 783 11
467 790 31
467 791 58
467 807 72
467 809 61
467 820 18
467 821 49
467 822 70
467 843 23
467 848 52
467 864 27
467 866 39
467 869 62
467 879 47
467 887 56
467 897 42
467 911 26
467 919 50
467 936 52
467 941 19
467 947 21
467 955 30
467 970 85
467 972 32
467 978 76
467 985 66
467 993 39
468 469 20
468 472 56
468 486 44
468 488 17
468 495 89
468 511 9
468 513 5
468 522 60
468 528 98
468 536 4
468 546 25
468 575 27
468 577 9
468 583 19
468 595 89
468 596 34
468 605 86
468 609 68
468 616 22
468 630 29
468 639 78
468 656 20
468 662 47
468 665 92
468 668 60
468 674 67
468 677 24
468 683 73
468 711 84
468 732 14
468 742 28
468 779 55
468 826 78
468 839 39
468 840 15
468 888 25
468 890 58
468 926 42
468 934 69
468 939 64
468 944 27
468 946 27
468 949 51
468 956 42
468 968 71
468 977 2
468 984 59
469 472 48
469 486 17
469 488 61
469 495 56
469 523 71
469 577 16
469 595 34
469 609 15
469 624 17
469 662 88
469 674 46
469 677 87
469 711 24
469 732 48
469 742 26
469 839 8
469 840 38
469 900 27
469 934 69
469 939 71
469 956 79
469 982 70
470 472 90
470 486 13
470 491 98
470 495 39
470 500 63
470 510 59
470 511 16
470 513 18
470 516 9
470 522 4
470 528 70
470 535 92
470 546 5
470 575 3
470 588 13
470 595 89
470 597 82
470 605 54
470 616 24
470 621 58
470 628 71
470 639 40
470 653 8
470 656 79
470 665 52
470 673 91
470 683 29
470 687 79
470 691 41
470 703 35
470 704 100
470 710 18
470 723 33
470 729 15
470 732 94
470 733 7
470 747 47
470 751 81
470 779 34
470 780 53
470 787 74
470 793 38
470 802 39
470 804 83
470 810 14
470 811 80
470 815 57
470 817 78
470 826 53
470 827 67
470 833 97
470 856 4
470 890 31
470 892 37
470 895 61
470 902 19
470 920 69
470 923 80
470 924 93
470 931 10
470 937 75
470 961 73
470 968 34
470 975 97
470 977 73
470 984 25
471 476 21
471 492 77
471 502 90
471 503 75
471 526 7
471 529 84
471 531 70
471 538 80
471 549 81
471 551 62
471 554 52
471 559 54
471 561 89
471 567 70
471 568 59
471 600 54
471 611 75
471 627 65
471 632 100
471 634 40
471 636 62
471 641 30
471 647 39
471 671 74
471 684 29
471 688 69
471 689 99
471 695 95
471 709 62
471 713 88
471 741 46
471 745 62
471 749 55
471 752 70
471 756 70
471 761 68
471 769 72
471 770 99
471 782 68
471 788 35
471 789 65
471 796 3
471 813 60
471 816 18
471 824 83
471 848 20
471 863 37
471 866 99
471 872 15
471 875 2
471 891 42
471 927 6
471 936 81
471 938 19
471 947 70
471 954 20
471 960 79
471 970 3
471 972 90
471 979 55
471 980 81
471 985 33
471 987 15
471 998 11
472 486 29
472 488 66
472 491 76
472 495 91
472 511 98
472 513 100
472 516 71
472 522 63
472 528 72
472 546 68
472 575 34
472 577 39
472 583 47
472 595 14
472 596 47
472 605 22
472 609 51
472 616 54
472 624 29
472 630 1
472 639 55
472 656 15
472 662 98
472 665 22
472 668 99
472 674 37
472 677 61
472 683 47
472 703 15
472 711 38
472 732 22
472 733 32
472 742 89
472 751 92
472 779 63
472 781 83
472 802 43
472 804 44
472 817 15
472 826 78
472 833 98
472 839 9
472 840 22
472 883 40
472 890 40
472 900 73
472 906 79
472 926 100
472 931 9
472 934 86
472 939 78
472 944 29
472 946 21
472 949 26
472 956 82
472 958 44
472 968 17
472 975 39
472 977 28
472 984 7
473 474 88
473 477 69
473 479 95
473 493 6
473 497 26
473 505 63
473 506 28
473 540 20
473 541 8
473 547 80
473 557 68
473 560 27
473 565 46
473 569 33
473 591 8
473 606 32
473 607 3
473 625 67
473 633 7
473 646 56
473 649 72
473 652 33
473 655 75
473 685 39
473 693 21
473 694 27
473 696 33
473 697 77
473 699 46
473 706 48
473 719 37
473 721 86
473 762 92
473 763 42
473 768 99
473 772 80
473 784 23
473 801 75
473 808 28
473 814 66
473 828 91
473 832 50
473 835 75
473 836 22
473 842 71
473 847 36
473 851 26
473 855 94
473 859 17
473 860 71
473 865 48
473 867 23
473 868 21
473 870 47
473 882 44
473 893 39
473 899 19
473 904 76
473 921 88
473 942 18
473 965 89
473 969 25
473 989 59
473 997 1
473 999 19
474 477 40
474 479 36
474 493 51
474 497 80
474 533 82
474 540 95
474 541 18
474 547 93
474 553 63
474 560 50
474 565 20
474 569 29
474 584 52
474 591 77
474 607 67
474 633 25
474 646 80
474 652 37
474 685 93
474 693 63
474 696 42
474 697 16
474 699 25
474 706 50
474 719 79
474 721 22
474 762 23
474 763 72
474 772 20
474 784 68
474 806 80
474 808 23
474 814 38
474 828 79
474 847 91
474 851 32
474 859 39
474 860 18
474 861 85
474 865 24
474 867 41
474 868 66
474 870 86
474 893 50
474 918 53
474 921 21
474 942 58
474 943 10
474 953 71
474 965 25
474 969 33
474 981 85
474 989 47
474 997 52
474 999 22
475 482 61
475 496 20
475 501 24
475 518 79
475 539 68
475 556 86
475 571 14
475 574 6
475 585 58
475 599 17
475 626 16
475 644 64
475 650 98
475 657 19
475 660 15
475 664 88
475 666 13
475 669 68
475 700 53
475 708 57
475 715 49
475 743 79
475 748 47
475 758 5
475 771 83
475 776 37
475 794 18
475 812 32
475 825 37
475 829 94
475 834 12
475 846 10
475 849 5
475 850 91
475 857 60
475 871 55
475 894 74
475 903 60
475 908 88
475 917 7
475 929 27
475 935 87
475 959 11
475 967 4
476 492 8
476 503 65
476 521 12
476 526 18
476 549 15
476 552 9
476 554 74
476 555 34
476 567 82
476 600 74
476 611 72
476 627 12
476 632 57
476 634 96
476 636 49
476 647 10
476 663 68
476 671 13
476 672 100
476 688 96
476 689 72
476 695 30
476 734 44
476 741 44
476 745 27
476 749 49
476 752 64
476 756 77
476 757 95
476 761 92
476 767 90
476 769 84
476 775 18
476 782 2
476 789 96
476 792 48
476 796 36
476 824 60
476 848 97
476 863 85
476 866 98
476 869 58
476 872 9
476 875 71
476 885 89
476 927 51
476 936 65
476 938 78
476 945 32
476 954 51
476 960 92
476 970 45
476 972 33
476 979 30
476 980 84
476 985 89
476 986 71
476 987 40
476 988 66
476 998 7
477 479 82
477 493 47
477 497 33
477 506 56
477 533 68
477 537 69
477 540 53
477 541 79
477 547 12
477 548 16
477 557 40
477 558 1
477 560 40
477 565 57
477 569 90
477 584 88
477 591 81
477 606 2
477 607 13
477 631 58
477 633 25
477 646 77
477 649 55
477 652 8
477 655 31
477 685 58
477 686 100
477 693 97
477 694 64
477 696 72
477 697 15
477 699 21
477 705 78
477 706 26
477 719 93
477 721 14
477 762 30
477 763 83
477 768 72
477 772 22
477 784 93
477 790 31
477 801 59
477 808 79
477 814 25
477 820 9
477 828 53
477 832 43
477 835 84
477 836 99
477 842 70
477 847 76
477 851 8
477 859 44
477 860 24
477 865 75
477 867 34
477 868 78
477 870 1
477 882 29
477 893 11
477 904 96
477 921 10
477 942 78
477 943 66
477 955 49
477 965 50
477 969 58
477 989 8
477 997 30
477 999 43
478 498 58
478 502 20
478 525 28
478 529 28
478 554 58
478 568 95
478 570 42
478 581 32
478 623 21
478 654 76
478 684 53
478 688 18
478 707 73
478 715 12
478 720 9
478 740 70
478 744 44
478 765 2
478 766 72
478 770 22
478 788 34
478 841 74
478 862 69
478 891 61
478 896 38
478 974 80
478 980 38
478 990 77
478 994 58
478 996 46
479 490 86
479 493 54
479 533 96
479 541 15
479 547 7
479 553 47
479 565 33
479 579 86
479 584 94
479 591 16
479 607 82
479 633 50
479 646 26
479 652 82
479 693 55
479 697 5
479 699 58
479 706 9
479 717 38
479 719 54
479 737 56
479 762 66
479 763 31
479 786 71
479 806 19
479 808 99
479 814 80
479 847 58
479 861 42
479 865 100
479 867 47
479 868 65
479 870 41
479 893 30
479 918 2
479 953 5
479 969 21
479 981 78
479 999 87
480 484 53
480 487 98
480 492 53
480 509 68
480 518 34
480 534 22
480 539 79
480 552 38
480 554 45
480 570 64
480 571 46
480 574 31
480 619 41
480 627 93
480 636 31
480 637 11
480 638 26
480 640 22
480 647 65
480 658 66
480 663 51
480 666 66
480 672 92
480 680 18
480 688 19
480 695 59
480 700 40
480 727 90
480 731 22
480 736 58
480 740 16
480 744 55
480 749 94
480 758 84
480 765 93
480 766 55
480 770 86
480 774 43
480 778 22
480 825 81
480 830 13
480 834 37
480 845 29
480 849 97
480 858 2
480 862 16
480 875 15
480 881 19
480 885 19
480 901 84
480 908 75
480 917 99
480 929 19
480 935 68
480 960 99
480 963 56
480 966 69
480 986 81
480 987 27
480 988 26
480 992 89
480 996 36
480 998 99
481 485 30
481 499 27
481 507 52
481 508 41
481 519 59
481 531 36
481 543 87
481 550 57
481 559 53
481 573 30
481 578 32
481 586 98
481 587 8
481 598 20
481 601 35
481 602 14
481 610 40
481 614 88
481 617 91
481 645 27
481 690 20
481 701 30
481 709 76
481 716 15
481 722 82
481 725 16
481 726 13
481 735 3
481 759 65
481 809 6
481 821 31
481 822 33
481 838 17
481 843 24
481 852 40
481 854 20
481 864 62
481 878 60
481 879 88
481 880 49
481 897 93
481 916 54
481 919 53
481 930 76
481 941 63
481 947 64
482 518 39
482 539 9
482 556 65
482 571 23
482 574 48
482 585 47
482 626 10
482 644 25
482 650 58
482 657 78
482 700 36
482 715 78
482 740 30
482 744 25
482 748 26
482 758 55
482 766 12
482 812 27
482 825 96
482 829 53
482 846 48
482 849 22
482 850 67
482 862 38
482 881 35
482 896 25
482 908 64
482 917 78
482 929 1
482 959 28
482 996 83
483 494 45
483 497 43
483 510 25
483 512 51
483 514 96
483 521 60
483 526 75
483 548 8
483 549 55
483 555 93
483 558 88
483 562 37
483 580 97
483 582 68
483 589 73
483 608 56
483 620 47
483 621 55
483 628 50
483 631 78
483 647 12
483 648 51
483 661 99
483 671 41
483 682 85
483 702 100
483 704 7
483 705 28
483 730 55
483 734 78
483 738 65
483 746 66
483 752 63
483 757 70
483 764 94
483 767 48
483 769 18
483 775 58
483 777 84
483 783 17
483 785 3
483 789 70
483 792 85
483 795 100
483 796 20
483 798 99
483 799 61
483 810 16
483 837 55
483 848 86
483 853 21
483 856 18
483 863 40
483 866 37
483 869 52
483 872 80
483 873 87
483 877 38
483 902 52
483 905 2
483 922 70
483 927 54
483 932 95
483 936 79
483 937 81
483 943 71
483 945 89
483 948 80
483 954 21
483 960 74
483 961 73
483 971 7
483 978 32
483 989 72
484 487 19
484 492 100
484 509 33
484 534 59
484 552 30
484 554 96
484 571 29
484 574 56
484 619 51
484 636 16
484 637 98
484 638 38
484 640 5
484 647 4
484 658 80
484 663 13
484 666 30
484 671 80
484 672 35
484 680 24
484 688 68
484 724 50
484 727 55
484 731 59
484 736 18
484 740 98
484 744 86
484 749 42
484 758 62
484 765 42
484 766 47
484 770 55
484 774 89
484 778 20
484 825 89
484 830 46
484 834 58
484 845 50
484 858 27
484 875 52
484 881 19
484 885 43
484 901 67
484 905 71
484 908 59
484 914 91
484 915 53
484 927 43
484 929 64
484 935 15
484 945 87
484 960 55
484 963 65
484 966 84
484 986 90
484 987 26
484 988 2
484 991 68
484 992 28
484 996 54
484 998 25
485 499 41
485 507 58
485 508 76
485 519 43
485 530 54
485 531 47
485 532 8
485 538 32
485 542 53
485 543 13
485 550 86
485 551 22
485 559 66
485 573 77
485 576 29
485 578 65
485 586 42
485 587 45
485 598 34
485 601 7
485 602 17
485 610 89
485 614 17
485 617 50
485 645 39
485 690 80
485 709 3
485 713 60
485 716 55
485 718 7
485 722 42
485 725 15
485 735 41
485 759 32
485 760 98
485 800 11
485 809 46
485 813 38
485 818 64
485 821 87
485 838 27
485 843 47
485 852 79
485 854 26
485 864 93
485 878 76
485 879 79
485 880 21
485 897 35
485 912 46
485 916 8
485 930 59
485 941 10
485 947 40
485 957 35
485 970 5
485 972 83
485 985 42
486 488 43
486 491 92
486 495 31
486 511 45
486 513 11
486 516 17
486 522 7
486 528 2
486 536 96
486 546 48
486 575 59
486 577 83
486 583 41
486 595 24
486 596 82
486 605 24
486 609 11
486 616 83
486 630 37
486 639 60
486 656 58
486 665 9
486 668 98
486 674 69
486 677 80
486 683 100
486 703 21
486 711 19
486 723 88
486 732 78
486 733 98
486 742 95
486 751 89
486 779 54
486 781 24
486 802 68
486 804 94
486 811 57
486 817 46
486 826 19
486 833 35
486 839 84
486 840 97
486 888 92
486 890 49
486 900 59
486 924 28
486 926 97
486 931 93
486 934 44
486 939 71
486 944 29
486 946 72
486 949 60
486 958 7
486 968 17
486 975 92
486 977 1
486 984 6
487 492 46
487 509 33
487 518 75
487 534 100
487 539 58
487 552 24
487 571 68
487 574 31
487 619 23
487 637 89
487 638 43
487 640 100
487 642 60
487 658 79
487 666 15
487 672 86
487 680 49
487 727 35
487 731 59
487 736 14
487 740 2
487 744 1
487 748 1
487 749 97
487 758 24
487 765 1
487 766 60
487 774 85
487 776 21
487 778 87
487 794 30
487 819 91
487 825 41
487 830 19
487 834 37
487 845 87
487 846 91
487 849 75
487 858 46
487 862 17
487 875 21
487 881 30
487 885 79
487 901 14
487 908 51
487 914 9
487 915 87
487 917 51
487 929 58
487 935 88
487 963 19
487 966 88
487 986 5
487 988 93
487 991 83
487 992 40
487 996 63
488 495 45
488 577 66
488 596 12
488 609 92
488 624 95
488 630 23
488 662 11
488 674 27
488 677 26
488 711 86
488 732 13
488 742 36
488 839 99
488 840 39
488 900 99
488 934 59
488 939 29
488 949 23
488 956 20
488 982 85
489 495 63
489 504 93
489 511 84
489 520 2
489 536 40
489 546 90
489 563 72
489 566 19
489 583 7
489 596 3
489 604 19
489 605 76
489 613 55
489 616 6
489 618 32
489 630 91
489 642 44
489 653 85
489 659 67
489 665 34
489 668 76
489 670 79
489 676 34
489 683 60
489 712 9
489 714 96
489 750 29
489 753 45
489 773 25
489 805 21
489 819 29
489 826 59
489 831 6
489 874 68
489 886 86
489 888 29
489 913 56
489 914 87
489 924 37
489 925 44
489 926 77
489 944 58
489 946 80
489 949 18
489 976 38
490 515 62
490 533 48
490 545 1
490 553 89
490 564 3
490 579 35
490 584 98
490 597 25
490 612 39
490 646 34
490 667 93
490 681 36
490 691 53
490 692 28
490 699 75
490 710 35
490 717 70
490 728 93
490 737 1
490 754 11
490 762 22
490 786 25
490 793 92
490 803 78
490 806 7
490 815 68
490 861 39
490 907 17
490 909 31
490 918 77
490 920 6
490 923 77
490 953 94
490 964 1
490 969 65
490 981 95
490 995 85
491 513 99
491 515 94
491 522 92
491 523 7
491 545 46
491 564 52
491 575 99
491 594 79
491 595 25
491 597 31
491 624 31
491 639 57
491 656 26
491 667 96
491 677 59
491 691 72
491 692 23
491 703 64
491 710 25
491 723 99
491 728 35
491 732 1
491 733 17
491 751 5
491 754 26
491 755 75
491 781 9
491 793 70
491 802 77
491 803 64
491 804 78
491 817 80
491 833 75
491 839 100
491 840 59
491 883 46
491 890 42
491 900 90
491 906 69
491 907 56
491 920 85
491 923 77
491 931 34
491 934 27
491 939 69
491 958 57
491 964 46
491 968 27
491 975 33
491 977 76
492 503 40
492 509 82
492 526 57
492 534 4
492 549 7
492 552 44
492 554 46
492 567 98
492 619 59
492 627 50
492 632 13
492 636 51
492 637 23
492 640 44
492 647 46
492 663 19
492 671 11
492 672 44
492 680 62
492 688 68
492 689 94
492 695 51
492 724 74
492 727 90
492 734 48
492 736 16
492 744 72
492 745 28
492 746 57
492 749 72
492 765 33
492 766 47
492 767 50
492 769 83
492 770 4
492 774 60
492 775 20
492 778 66
492 782 63
492 789 68
492 796 13
492 799 78
492 830 16
492 845 79
492 863 93
492 872 42
492 875 19
492 881 13
492 885 23
492 901 95
492 905 20
492 927 27
492 932 17
492 935 47
492 938 27
492 945 29
492 954 16
492 960 38
492 963 51
492 966 70
492 980 89
492 986 69
492 987 14
492 988 82
492 992 17
492 998 56
493 497 44
493 514 92
493 533 80
493 537 56
493 541 83
493 547 8
493 548 12
493 553 100
493 557 57
493 558 79
493 560 18
493 565 18
493 569 69
493 580 99
493 582 30
493 584 5
493 589 88
493 591 10
493 607 43
493 631 10
493 633 6
493 646 82
493 652 77
493 685 39
493 686 25
493 693 90
493 694 5
493 696 32
493 697 47
493 699 57
493 702 31
493 705 8
493 706 31
493 719 59
493 721 62
493 738 13
493 762 97
493 763 2
493 768 70
493 772 100
493 784 88
493 790 1
493 808 92
493 814 26
493 820 51
493 828 90
493 835 13
493 836 41
493 847 22
493 851 85
493 859 51
493 860 8
493 865 48
493 867 74
493 868 90
493 870 66
493 877 54
493 882 98
493 893 15
493 918 12
493 921 70
493 942 61
493 943 38
493 953 62
493 955 56
493 965 65
493 969 68
493 971 25
493 981 75
493 989 4
493 997 53
493 999 95
494 510 16
494 512 92
494 514 85
494 521 14
494 526 25
494 535 45
494 548 90
494 549 4
494 555 80
494 558 98
494 562 75
494 580 13
494 582 39
494 589 8
494 608 90
494 620 71
494 621 95
494 628 93
494 647 82
494 648 25
494 661 80
494 663 13
494 671 12
494 682 77
494 702 76
494 704 65
494 705 57
494 724 14
494 730 99
494 734 76
494 738 53
494 746 68
494 752 1
494 757 3
494 764 87
494 767 83
494 769 39
494 775 1
494 777 30
494 780 93
494 785 30
494 789 28
494 792 13
494 795 100
494 796 83
494 798 96
494 799 27
494 810 48
494 837 32
494 848 44
494 853 100
494 856 65
494 863 43
494 866 88
494 872 16
494 873 56
494 877 26
494 902 84
494 905 91
494 922 15
494 927 29
494 932 11
494 936 96
494 937 23
494 945 52
494 948 13
494 954 81
494 960 98
494 961 44
494 971 93
494 978 10
495 511 10
495 513 42
495 516 22
495 520 48
495 522 61
495 528 9
495 536 87
495 546 78
495 566 81
495 575 69
495 577 81
495 583 64
495 596 36
495 605 27
495 609 21
495 613 37
495 616 93
495 618 72
495 630 17
495 639 37
495 656 54
495 665 28
495 668 22
495 674 84
495 677 68
495 683 27
495 711 8
495 732 88
495 742 59
495 779 57
495 805 85
495 811 17
495 826 50
495 839 74
495 840 10
495 886 40
495 888 86
495 890 42
495 924 18
495 925 50
495 926 82
495 934 7
495 944 38
495 946 53
495 949 43
495 968 51
495 976 48
495 977 63
495 984 48
496 501 74
496 556 15
496 571 30
496 574 41
496 585 15
496 599 64
496 626 76
496 644 1
496 650 62
496 657 18
496 660 16
496 664 46
496 669 33
496 675 18
496 708 29
496 743 100
496 748 98
496 771 10
496 776 3
496 794 14
496 812 91
496 829 45
496 846 95
496 849 84
496 850 50
496 857 82
496 871 64
496 894 26
496 903 72
496 917 69
496 940 82
496 959 57
496 967 70
497 512 9
497 514 19
497 533 97
497 537 17
497 547 97
497 548 59
497 553 96
497 555 55
497 557 84
497 558 94
497 560 14
497 562 47
497 569 59
497 580 47
497 582 43
497 584 67
497 589 97
497 591 95
497 607 62
497 608 93
497 621 82
497 631 67
497 646 87
497 648 57
497 682 21
497 686 74
497 694 44
497 699 26
497 702 92
497 705 65
497 706 93
497 719 73
497 730 100
497 738 76
497 757 9
497 763 49
497 764 33
497 768 51
497 772 63
497 783 100
497 784 26
497 785 1
497 790 70
497 795 41
497 798 17
497 820 52
497 828 37
497 835 75
497 836 20
497 847 5
497 853 47
497 856 80
497 859 26
497 860 94
497 865 43
497 867 26
497 868 85
497 870 79
497 873 82
497 877 1
497 911 31
497 918 88
497 921 36
497 922 49
497 928 87
497 942 5
497 943 8
497 948 80
497 955 96
497 971 89
497 978 94
497 981 68
497 989 14
497 999 54
498 502 1
498 529 81
498 544 70
498 551 92
498 561 12
498 568 87
498 572 34
498 581 2
498 590 72
498 600 65
498 611 49
498 623 4
498 641 2
498 651 66
498 654 83
498 678 44
498 679 68
498 684 11
498 695 77
498 707 98
498 718 27
498 720 76
498 756 73
498 761 54
498 782 54
498 788 22
498 797 40
498 813 68
498 816 71
498 823 97
498 824 87
498 841 30
498 876 88
498 891 98
498 910 86
498 938 60
498 962 90
498 974 53
498 979 77
498 980 88
498 990 95
498 994 9
499 507 98
499 508 45
499 519 83
499 521 60
499 527 80
499 531 48
499 543 36
499 550 80
499 559 54
499 573 29
499 586 86
499 587 60
499 593 86
499 598 36
499 601 75
499 602 81
499 610 51
499 614 3
499 617 1
499 645 32
499 690 28
499 698 18
499 701 20
499 709 14
499 713 44
499 716 37
499 722 34
499 725 99
499 726 11
499 735 38
499 739 27
499 759 8
499 783 67
499 791 50
499 807 61
499 809 97
499 821 16
499 822 85
499 843 89
499 852 65
499 854 60
499 864 42
499 866 17
499 869 5
499 879 62
499 880 31
499 887 56
499 897 85
499 916 1
499 919 9
499 930 88
499 936 25
499 941 15
499 947 73
499 970 4
499 972 95
499 985 71
499 993 87
500 510 41
500 512 33
500 514 39
500 516 69
500 522 45
500 533 21
500 535 46
500 548 30
500 553 83
500 575 92
500 589 86
500 597 88
500 612 73
500 620 6
500 621 78
500 628 10
500 639 20
500 648 28
500 656 84
500 661 78
500 682 47
500 687 28
500 691 72
500 702 40
500 703 80
500 704 41
500 710 68
500 723 20
500 728 14
500 729 3
500 730 16
500 733 16
500 737 18
500 738 59
500 746 58
500 751 87
500 764 32
500 777 25
500 780 88
500 793 3
500 795 57
500 804 7
500 810 46
500 815 69
500 817 14
500 827 74
500 833 35
500 837 100
500 853 23
500 856 98
500 873 55
500 877 87
500 890 75
500 895 82
500 902 58
500 909 23
500 918 21
500 920 60
500 922 36
500 923 38
500 928 37
500 931 85
500 937 2
500 948 79
500 961 73
500 975 74
500 981 87
501 556 70
501 585 77
501 599 97
501 626 10
501 644 54
501 650 30
501 657 17
501 660 37
501 669 78
501 675 11
501 708 100
501 748 47
501 771 70
501 812 84
501 829 13
501 850 13
501 857 65
501 871 2
501 894 20
501 903 55
501 959 93
501 967 59
502 503 74
502 525 73
502 529 13
502 554 100
502 561 24
502 567 3
502 568 47
502 570 19
502 572 36
502 581 40
502 611 57
502 623 66
502 627 70
502 641 29
502 654 31
502 684 7
502 688 48
502 695 3
502 707 7
502 720 71
502 736 65
502 740 39
502 744 99
502 756 32
502 761 75
502 765 50
502 770 30
502 782 41
502 788 18
502 816 50
502 823 97
502 824 23
502 841 63
502 862 23
502 876 41
502 891 76
502 896 92
502 910 95
502 938 15
502 974 68
502 979 93
502 980 79
502 990 31
502 994 14
502 996 31
503 526 31
503 529 80
503 531 24
503 538 23
503 549 2
503 551 55
503 554 74
503 561 1
503 567 72
503 568 71
503 600 52
503 611 40
503 627 86
503 632 74
503 634 74
503 636 44
503 641 34
503 647 33
503 671 64
503 684 46
503 688 15
503 689 15
503 695 56
503 709 99
503 713 97
503 741 62
503 745 61
503 749 29
503 752 41
503 756 91
503 761 94
503 769 18
503 770 49
503 782 89
503 788 76
503 789 9
503 796 98
503 813 8
503 816 40
503 824 29
503 848 94
503 863 84
503 866 46
503 872 5
503 875 38
503 891 23
503 927 59
503 936 21
503 938 70
503 947 16
503 954 58
503 960 42
503 970 62
503 972 11
503 979 81
503 980 42
503 985 28
503 987 60
503 998 28
504 511 21
504 516 59
504 520 47
504 528 14
504 534 76
504 546 47
504 563 21
504 566 37
504 583 84
504 588 28
504 604 32
504 605 71
504 613 73
504 616 29
504 618 73
504 619 73
504 638 2
504 640 11
504 642 62
504 653 36
504 658 33
504 659 37
504 665 75
504 668 77
504 670 95
504 673 8
504 676 6
504 680 67
504 683 68
504 687 82
504 712 8
504 714 6
504 724 17
504 727 25
504 729 28
504 731 90
504 747 11
504 750 47
504 753 95
504 773 75
504 774 18
504 779 73
504 787 74
504 805 16
504 811 70
504 819 57
504 831 89
504 845 16
504 858 38
504 874 7
504 886 48
504 888 41
504 892 11
504 895 5
504 913 58
504 914 42
504 915 75
504 924 27
504 925 84
504 946 31
504 963 64
504 976 100
504 984 95
504 991 88
505 506 53
505 517 81
505 540 51
505 541 91
505 565 45
505 606 28
505 625 50
505 633 56
505 649 78
505 655 74
505 685 87
505 693 48
505 696 87
505 721 35
505 801 7
505 832 52
505 842 67
505 847 85
505 851 39
505 855 59
505 882 4
505 893 39
505 899 76
505 933 10
505 952 78
505 965 46
505 997 47
506 517 17
506 524 41
506 540 15
506 560 10
506 565 55
506 569 51
506 606 64
506 615 86
506 622 48
506 625 62
506 643 21
506 649 70
506 655 11
506 685 78
506 686 96
506 693 95
506 694 88
506 696 60
506 721 52
506 768 95
506 772 38
506 801 54
506 828 6
506 832 98
506 835 14
506 836 36
506 842 8
506 847 44
506 851 41
506 855 38
506 859 11
506 860 96
506 870 48
506 882 17
506 893 48
506 899 15
506 904 85
506 921 39
506 933 2
506 950 27
506 952 67
506 965 13
506 973 1
506 997 49
507 508 6
507 521 51
507 526 29
507 527 53
507 531 99
507 538 69
507 543 83
507 550 8
507 555 1
507 559 60
507 573 32
507 586 54
507 587 3
507 593 65
507 598 65
507 601 84
507 602 95
507 610 67
507 614 4
507 617 38
507 634 6
507 645 37
507 690 89
507 698 21
507 701 53
507 709 69
507 713 65
507 716 84
507 722 61
507 725 46
507 726 23
507 735 88
507 739 72
507 741 91
507 752 7
507 757 41
507 783 33
507 791 89
507 807 79
507 809 92
507 821 30
507 822 22
507 843 58
507 848 54
507 864 63
507 866 70
507 869 85
507 872 5
507 879 8
507 887 40
507 897 63
507 911 88
507 916 94
507 936 90
507 941 84
507 947 84
507 954 69
507 970 11
507 972 70
507 985 79
507 993 8
508 519 38
508 530 41
508 531 11
508 532 33
508 538 93
508 543 3
508 550 55
508 551 29
508 559 54
508 561 25
508 573 85
508 576 47
508 578 25
508 586 38
508 587 2
508 598 92
508 600 55
508 601 63
508 611 43
508 614 56
508 617 21
508 634 12
508 645 61
508 651 63
508 690 51
508 709 69
508 713 45
508 716 21
508 718 64
508 722 40
508 725 51
508 735 20
508 741 12
508 756 74
508 759 33
508 760 80
508 800 39
508 809 54
508 813 98
508 816 37
508 818 96
508 821 44
508 838 87
508 843 35
508 852 80
508 854 64
508 864 40
508 878 43
508 879 88
508 880 88
508 889 64
508 897 20
508 912 33
508 916 18
508 930 98
508 947 26
508 970 60
508 972 66
508 979 31
508 985 38
509 534 44
509 539 49
509 552 20
509 571 99
509 574 61
509 619 91
509 636 38
509 637 30
509 638 97
509 640 52
509 642 3
509 658 79
509 663 25
509 666 99
509 672 44
509 680 92
509 724 37
509 727 13
509 731 16
509 736 42
509 740 28
509 744 23
509 748 71
509 749 100
509 758 29
509 765 20
509 766 100
509 774 30
509 776 11
509 778 21
509 794 55
509 819 29
509 825 47
509 830 19
509 834 68
509 845 46
509 846 100
509 849 12
509 858 78
509 875 16
509 881 76
509 885 47
509 901 40
509 908 79
509 914 72
509 915 79
509 917 86
509 929 42
509 935 54
509 963 9
509 966 18
509 986 56
509 987 54
509 988 13
509 991 91
509 992 8
509 996 77
510 512 63
510 514 59
510 516 97
510 533 72
510 535 80
510 548 80
510 575 20
510 588 20
510 589 68
510 597 6
510 612 21
510 620 27
510 621 98
510 628 51
510 639 14
510 648 88
510 656 16
510 661 91
510 682 14
510 687 59
510 691 86
510 702 15
510 704 88
510 710 9
510 723 37
510 728 60
510 729 4
510 730 77
510 733 63
510 737 1
510 738 30
510 746 69
510 751 12
510 764 91
510 775 75
510 777 9
510 780 10
510 787 82
510 793 65
510 795 36
510 799 84
510 804 30
510 810 82
510 811 78
510 815 86
510 817 22
510 827 2
510 833 99
510 837 44
510 853 23
510 856 56
510 873 57
510 877 65
510 895 61
510 902 68
510 909 42
510 918 33
510 920 5
510 922 32
510 923 4
510 928 19
510 932 8
510 937 47
510 948 85
510 961 80
510 975 28
510 984 18
511 513 62
511 516 42
511 520 94
511 522 97
511 528 11
511 536 77
511 546 34
511 563 95
511 566 41
511 575 54
511 577 41
511 583 90
511 588 74
511 596 24
511 605 7
511 609 62
511 613 70
511 616 7
511 618 49
511 630 85
511 639 1
511 653 97
511 656 90
511 659 40
511 665 80
511 668 94
511 670 77
511 673 69
511 674 58
511 677 68
511 683 9
511 687 70
511 711 52
511 712 66
511 732 38
511 733 3
511 742 27
511 750 25
511 779 15
511 805 65
511 811 43
511 826 23
511 840 72
511 886 55
511 888 85
511 890 9
511 892 37
511 895 5
511 924 38
511 925 26
511 926 57
511 934 55
511 944 54
511 946 39
511 949 66
511 968 87
511 976 65
511 977 87
511 984 42
512 514 50
512 521 13
512 533 1
512 535 46
512 537 69
512 547 49
512 548 56
512 549 2
512 555 48
512 557 33
512 558 66
512 562 36
512 580 17
512 582 55
512 589 29
512 608 31
512 620 71
512 621 19
512 628 93
512 631 46
512 648 16
512 661 96
512 682 64
512 702 52
512 704 87
512 705 41
512 730 61
512 734 9
512 738 73
512 746 96
512 757 16
512 764 3
512 767 78
512 775 95
512 777 76
512 780 11
512 783 92
512 784 91
512 785 21
512 792 20
512 795 91
512 798 58
512 810 22
512 820 9
512 827 96
512 837 8
512 853 68
512 856 63
512 863 97
512 866 34
512 867 13
512 873 63
512 877 18
512 902 16
512 911 70
512 922 27
512 928 89
512 932 87
512 937 79
512 942 60
512 943 61
512 948 83
512 954 23
512 955 36
512 961 34
512 971 93
512 978 60
512 989 30
513 516 53
513 522 58
513 528 81
513 546 83
513 575 67
513 583 71
513 588 68
513 595 62
513 596 82
513 605 9
513 609 14
513 616 98
513 630 99
513 639 32
513 656 57
513 665 69
513 668 39
513 677 65
513 683 99
513 687 8
513 691 3
513 703 32
513 710 98
513 711 15
513 723 29
513 729 32
513 732 78
513 733 19
513 751 1
513 779 62
513 781 37
513 787 78
513 793 36
513 802 12
513 804 63
513 811 90
513 817 80
513 826 48
513 833 31
513 840 6
513 888 70
513 890 67
513 895 92
513 924 25
513 926 56
513 931 41
513 934 27
513 944 100
513 946 34
513 949 82
513 968 12
513 975 5
513 977 42
513 984 25
514 533 76
514 535 61
514 547 40
514 548 68
514 553 86
514 557 54
514 558 21
514 562 39
514 580 36
514 582 47
514 584 70
514 589 3
514 591 90
514 597 40
514 607 40
514 608 12
514 612 93
514 620 41
514 621 58
514 631 32
514 646 72
514 648 13
514 661 82
514 682 5
514 699 1
514 702 28
514 705 61
514 706 77
514 719 25
514 728 91
514 730 82
514 737 100
514 738 11
514 763 86
514 764 74
514 772 12
514 777 98
514 780 11
514 784 88
514 785 24
514 795 40
514 798 43
514 810 89
514 815 74
514 820 69
514 827 34
514 837 67
514 853 58
514 856 74
514 860 81
514 865 9
514 867 20
514 868 92
514 873 98
514 877 76
514 902 59
514 909 96
514 918 99
514 920 70
514 922 85
514 928 45
514 937 38
514 942 36
514 943 65
514 948 90
514 961 28
514 971 3
514 978 58
514 981 45
514 989 70
514 999 17
515 522 65
515 523 11
515 545 73
515 564 21
515 579 43
515 594 87
515 595 86
515 597 76
515 612 63
515 667 67
515 681 45
515 691 71
515 692 89
515 703 64
515 710 55
515 717 94
515 723 90
515 728 14
515 732 92
515 737 90
515 751 7
515 754 3
515 755 30
515 781 78
515 786 14
515 793 82
515 802 95
515 803 52
515 804 45
515 815 21
515 817 55
515 833 68
515 861 84
515 883 96
515 890 2
515 900 7
515 906 14
515 907 89
515 909 19
515 920 19
515 923 61
515 931 77
515 958 91
515 964 72
515 968 26
515 975 8
515 977 82
515 995 34
516 522 8
516 528 98
516 535 27
516 546 98
516 575 19
516 588 69
516 596 58
516 605 24
516 616 39
516 628 58
516 639 53
516 653 45
516 656 78
516 659 74
516 665 5
516 668 1
516 673 37
516 683 28
516 687 99
516 691 79
516 703 25
516 704 31
516 723 43
516 729 47
516 732 8
516 733 85
516 747 93
516 751 51
516 779 32
516 780 92
516 787 87
516 793 79
516 802 86
516 804 25
516 810 96
516 811 83
516 817 33
516 826 42
516 827 94
516 833 79
516 890 70
516 892 8
516 895 18
516 902 66
516 920 77
516 924 81
516 931 13
516 937 2
516 961 64
516 968 3
516 975 11
516 977 76
516 984 40
517 524 66
517 540 40
517 560 43
517 569 74
517 603 85
517 606 95
517 615 86
517 622 80
517 643 70
517 649 62
517 685 3
517 686 98
517 693 80
517 694 85
517 721 27
517 739 86
517 768 93
517 801 35
517 828 80
517 835 88
517 836 12
517 842 77
517 851 97
517 859 53
517 882 9
517 899 86
517 904 63
517 919 88
517 921 79
517 933 77
517 950 4
517 952 36
517 965 77
517 973 75
517 997 33
518 525 18
518 539 50
518 570 61
518 571 63
518 574 3
518 585 47
518 650 85
518 657 21
518 666 89
518 700 3
518 707 61
518 715 38
518 740 82
518 744 51
518 748 37
518 758 78
518 765 71
518 766 28
518 812 42
518 825 45
518 829 96
518 834 80
518 846 36
518 849 72
518 850 27
518 862 5
518 881 77
518 896 16
518 901 57
518 908 19
518 917 64
518 929 17
518 935 65
518 959 86
518 996 95
519 530 83
519 531 66
519 542 70
519 543 2
519 559 59
519 573 80
519 576 73
519 578 58
519 587 21
519 598 72
519 601 83
519 602 58
519 610 32
519 614 32
519 617 93
519 645 91
519 690 5
519 709 34
519 722 36
519 725 30
519 735 7
519 759 47
519 760 96
519 800 90
519 809 36
519 818 58
519 821 15
519 838 3
519 843 7
519 852 66
519 854 40
519 864 64
519 878 100
519 879 6
519 880 92
519 884 5
519 912 59
519 916 99
519 930 26
519 947 41
519 957 33
520 528 49
520 536 19
520 546 37
520 563 100
520 566 81
520 583 78
520 596 17
520 604 93
520 605 95
520 613 50
520 616 37
520 618 45
520 630 98
520 642 19
520 653 21
520 659 9
520 665 46
520 668 22
520 670 2
520 673 20
520 676 56
520 683 5
520 712 88
520 714 72
520 750 34
520 753 83
520 773 91
520 805 29
520 819 95
520 831 19
520 874 60
520 886 21
520 888 36
520 892 48
520 913 37
520 914 25
520 915 41
520 924 85
520 925 85
520 926 14
520 944 99
520 946 22
520 949 4
520 976 15
520 983 95
520 991 29
521 526 80
521 527 37
521 537 12
521 549 18
521 550 72
521 555 98
521 558 87
521 562 47
521 580 37
521 582 12
521 586 76
521 587 26
521 593 54
521 608 38
521 631 1
521 634 65
521 690 77
521 698 89
521 709 99
521 716 10
521 726 17
521 730 46
521 752 26
521 757 72
521 767 88
521 769 11
521 775 51
521 777 42
521 783 40
521 785 50
521 789 96
521 790 26
521 791 14
521 792 9
521 798 100
521 807 4
521 820 12
521 822 24
521 843 47
521 848 10
521 853 28
521 863 60
521 866 56
521 869 2
521 872 69
521 887 47
521 897 34
521 911 50
521 936 20
521 941 50
521 947 20
521 954 22
521 955 63
521 970 4
521 972 12
521 978 68
521 985 40
521 993 87
522 523 63
522 528 41
522 535 70
522 545 76
522 546 10
522 575 47
522 595 14
522 597 64
522 616 47
522 639 67
522 656 86
522 665 46
522 667 38
522 677 28
522 683 41
522 691 36
522 703 4
522 710 78
522 711 34
522 723 56
522 732 50
522 733 48
522 751 75
522 779 74
522 781 19
522 793 64
522 802 93
522 804 69
522 811 85
522 815 59
522 817 26
522 826 25
522 827 8
522 833 36
522 840 97
522 883 10
522 890 33
522 900 15
522 906 69
522 907 66
522 920 48
522 923 51
522 931 49
522 934 49
522 958 20
522 961 2
522 964 17
522 968 56
522 975 79
522 977 67
522 984 26
523 545 54
523 564 100
523 594 30
523 595 54
523 624 95
523 662 27
523 667 42
523 677 72
523 692 2
523 703 12
523 710 51
523 732 85
523 754 45
523 755 17
523 781 66
523 802 16
523 803 98
523 839 37
523 840 42
523 883 42
523 890 43
523 900 50
523 906 94
523 907 4
523 923 14
523 931 36
523 939 38
523 956 96
523 958 26
523 964 56
523 968 24
523 975 8
523 977 11
523 982 59
524 603 28
524 606 57
524 615 73
524 622 18
524 643 13
524 649 15
524 685 24
524 686 83
524 694 86
524 701 11
524 721 75
524 726 53
524 739 67
524 768 4
524 801 22
524 807 90
524 822 21
524 828 39
524 835 3
524 836 89
524 842 91
524 882 4
524 904 95
524 919 8
524 921 99
524 933 80
524 950 18
524 952 54
524 965 91
524 973 64
524 997 56
525 529 94
525 539 2
525 554 76
525 568 17
525 570 19
525 581 87
525 623 14
525 654 99
525 684 1
525 688 61
525 700 68
525 707 17
525 715 82
525 720 17
525 740 40
525 744 54
525 765 89
525 766 67
525 770 38
525 788 45
525 825 49
525 841 56
525 862 38
525 891 9
525 896 75
525 908 3
525 980 85
525 990 54
525 994 21
525 996 43
526 549 6
526 550 1
526 552 39
526 555 72
526 567 88
526 600 66
526 608 45
526 611 50
526 620 19
526 627 74
526 632 48
526 634 45
526 636 36
526 647 19
526 661 90
526 663 28
526 671 90
526 689 12
526 730 87
526 734 58
526 741 23
526 745 42
526 746 68
526 749 42
526 752 58
526 756 76
526 757 99
526 767 54
526 769 30
526 775 62
526 777 21
526 789 92
526 792 60
526 796 62
526 798 45
526 837 26
526 848 40
526 863 95
526 866 84
526 869 37
526 872 72
526 875 32
526 885 26
526 905 15
526 927 54
526 932 15
526 936 68
526 938 40
526 945 31
526 954 71
526 960 5
526 970 97
526 972 94
526 979 55
526 985 7
526 987 61
526 993 90
526 998 35
527 537 31
527 550 83
527 555 61
527 557 43
527 558 33
527 562 43
527 580 36
527 586 14
527 587 61
527 593 39
527 598 91
527 603 100
527 608 80
527 622 19
527 631 96
527 643 9
527 686 13
527 690 47
527 694 86
527 698 52
527 701 40
527 705 23
527 716 82
527 726 38
527 735 33
527 739 69
527 757 60
527 768 32
527 783 45
527 785 15
527 790 92
527 791 55
527 798 94
527 807 26
527 820 96
527 822 73
527 835 73
527 836 93
527 843 97
527 866 16
527 869 29
527 879 50
527 887 81
527 897 25
527 904 55
527 911 18
527 919 79
527 921 13
527 936 40
527 941 62
527 942 58
527 955 100
527 978 84
527 993 50
528 536 85
528 546 31
528 575 75
528 583 18
528 588 66
528 596 73
528 605 48
528 613 86
528 616 56
528 630 50
528 639 98
528 653 29
528 656 23
528 659 7
528 665 19
528 668 25
528 670 8
528 673 46
528 683 6
528 687 49
528 703 64
528 711 16
528 712 51
528 723 37
528 729 90
528 733 11
528 747 55
528 750 18
528 751 26
528 779 71
528 787 5
528 804 4
528 805 90
528 811 41
528 817 64
528 826 75
528 840 29
528 886 2
528 888 45
528 890 35
528 892 60
528 895 14
528 924 49
528 925 53
528 926 97
528 944 57
528 946 47
528 949 45
528 968 10
528 976 26
528 977 49
528 984 29
528 991 78
529 554 73
529 561 57
529 567 36
529 568 75
529 570 79
529 572 87
529 581 69
529 590 2
529 600 61
529 611 59
529 623 64
529 627 33
529 641 41
529 651 2
529 654 1
529 678 55
529 684 37
529 688 74
529 695 26
529 707 39
529 720 4
529 740 55
529 745 39
529 756 42
529 761 78
529 765 86
529 770 81
529 782 59
529 788 48
529 797 29
529 816 22
529 823 53
529 824 83
529 841 43
529 862 48
529 876 80
529 891 94
529 896 21
529 910 85
529 938 58
529 974 83
529 979 25
529 980 88
529 990 27
529 994 6
530 531 98
530 532 44
530 538 91
530 542 91
530 544 6
530 551 43
530 559 35
530 561 40
530 572 5
530 573 70
530 576 64
530 578 58
530 590 71
530 592 15
530 600 60
530 601 40
530 611 21
530 617 49
530 629 69
530 635 58
530 641 88
530 645 49
530 651 90
530 678 76
530 679 34
530 709 33
530 713 39
530 718 7
530 722 68
530 725 10
530 756 44
530 760 71
530 797 50
530 800 40
530 813 99
530 816 74
530 818 32
530 821 68
530 823 62
530 838 95
530 844 66
530 852 80
530 854 75
530 876 30
530 878 48
530 884 41
530 889 100
530 898 64
530 912 5
530 916 41
530 947 34
530 951 86
530 957 24
530 962 7
530 970 20
530 972 24
530 979 79
530 985 55
531 532 36
531 538 54
531 544 79
531 550 49
531 551 97
531 559 50
531 561 85
531 573 4
531 576 17
531 578 89
531 586 29
531 587 66
531 590 54
531 600 85
531 601 5
531 611 28
531 614 24
531 617 13
531 634 18
531 641 82
531 645 91
531 651 31
531 679 44
531 690 79
531 709 72
531 713 74
531 716 48
531 718 45
531 722 93
531 725 83
531 735 86
531 741 33
531 745 7
531 756 51
531 760 52
531 761 32
531 800 76
531 809 26
531 813 20
531 816 26
531 818 11
531 821 16
531 824 88
531 838 65
531 843 6
531 852 93
531 854 38
531 864 86
531 878 17
531 879 76
531 880 90
531 889 100
531 897 6
531 912 35
531 916 79
531 930 32
531 947 53
531 957 58
531 962 35
531 970 27
531 972 25
531 979 29
531 985 85
532 538 10
532 542 72
532 544 78
532 551 24
532 561 91
532 572 33
532 576 30
532 578 58
532 590 58
532 592 83
532 629 29
532 635 67
532 651 39
532 678 90
532 679 86
532 713 89
532 718 29
532 722 11
532 760 46
532 797 9
532 800 39
532 813 65
532 816 54
532 818 88
532 823 43
532 838 13
532 844 34
532 854 55
532 876 45
532 878 13
532 884 44
532 889 19
532 898 27
532 910 70
532 912 85
532 951 15
532 957 12
532 962 85
533 547 74
533 548 83
533 553 40
533 558 43
533 569 43
533 579 48
533 580 7
533 582 36
533 584 13
533 589 41
533 591 10
533 597 45
533 607 68
533 612 100
533 621 49
533 631 16
533 646 24
533 648 63
533 652 72
533 682 58
533 697 67
533 699 83
533 702 26
533 705 15
533 706 46
533 717 39
533 719 54
533 728 62
533 737 39
533 738 53
533 762 14
533 763 80
533 764 84
533 772 93
533 780 90
533 784 60
533 785 23
533 795 91
533 806 10
533 815 23
533 853 41
533 856 30
533 859 23
533 860 5
533 861 22
533 865 12
533 867 67
533 868 34
533 870 27
533 873 37
533 877 16
533 909 13
533 918 49
533 920 41
533 922 90
533 928 62
533 942 2
533 943 31
533 948 79
533 953 83
533 969 11
533 971 96
533 981 17
533 989 98
533 999 71
534 552 6
534 588 92
534 619 41
534 628 30
534 636 97
534 637 16
534 638 79
534 640 75
534 647 42
534 653 14
534 658 24
534 659 36
534 663 100
534 666 45
534 670 10
534 671 64
534 672 51
534 673 52
534 680 87
534 687 19
534 712 21
534 724 77
534 727 69
534 731 7
534 734 44
534 736 44
534 746 44
534 747 14
534 749 53
534 750 35
534 774 21
534 778 98
534 787 91
534 789 97
534 796 80
534 799 68
534 819 38
534 830 92
534 834 5
534 845 2
534 858 66
534 875 75
534 881 57
534 885 26
534 892 23
534 895 40
534 901 96
534 905 24
534 914 99
534 915 30
534 924 77
534 927 100
534 929 49
534 932 31
534 935 72
534 945 57
534 960 73
534 963 74
534 966 67
534 986 6
534 987 86
534 988 9
534 991 35
534 992 82
535 575 20
535 588 61
535 589 42
535 597 10
535 612 2
535 620 49
535 621 28
535 628 77
535 639 74
535 648 81
535 656 93
535 661 77
535 682 40
535 687 2
535 691 69
535 702 73
535 703 76
535 704 71
535 710 1
535 723 89
535 728 99
535 729 66
535 730 33
535 733 79
535 737 23
535 738 47
535 746 61
535 751 55
535 764 53
535 777 30
535 779 16
535 780 70
535 787 12
535 793 87
535 795 58
535 799 93
535 804 16
535 810 30
535 811 51
535 815 89
535 817 91
535 827 53
535 833 11
535 837 88
535 853 35
535 856 20
535 873 46
535 877 33
535 890 83
535 895 38
535 902 86
535 909 85
535 918 27
535 920 34
535 922 82
535 923 96
535 928 58
535 932 97
535 937 39
535 948 20
535 961 31
535 975 89
535 984 32
536 546 50
536 563 13
536 566 66
536 577 30
536 583 62
536 596 23
536 604 85
536 605 45
536 609 76
536 613 12
536 616 72
536 618 93
536 630 66
536 659 57
536 665 60
536 668 53
536 670 17
536 683 31
536 711 63
536 714 20
536 750 23
536 773 17
536 805 100
536 826 100
536 831 38
536 874 45
536 886 33
536 888 61
536 925 59
536 926 76
536 934 12
536 944 9
536 946 78
536 949 49
536 976 89
537 548 65
537 555 49
537 557 60
537 558 80
537 560 99
537 562 8
537 569 86
537 580 94
537 582 31
537 589 62
537 591 35
537 593 100
537 608 44
537 622 3
537 631 79
537 643 54
537 685 99
537 686 68
537 694 22
537 698 5
537 701 8
537 702 59
537 705 15
537 726 78
537 739 96
537 757 15
537 768 60
537 772 56
537 783 20
537 784 39
537 785 20
537 790 95
537 791 50
537 798 43
537 807 67
537 820 61
537 822 86
537 828 26
537 835 43
537 836 38
537 859 66
537 860 49
537 868 77
537 869 69
537 870 32
537 877 83
537 882 54
537 887 7
537 904 94
537 911 66
537 921 76
537 942 89
537 943 15
537 948 18
537 955 23
537 971 74
537 978 75
537 989 14
537 993 43
537 999 20
538 544 35
538 550 61
538 551 46
538 559 64
538 561 77
538 568 82
538 573 28
538 576 12
538 578 28
538 587 11
538 590 96
538 600 2
538 601 82
538 611 61
538 614 62
538 617 58
538 634 54
538 641 94
538 645 43
538 651 79
538 678 31
538 679 54
538 709 65
538 713 39
538 716 36
538 718 82
538 722 23
538 725 81
538 741 80
538 745 66
538 756 79
538 761 30
538 782 25
538 813 20
538 816 31
538 821 1
538 823 96
538 824 97
538 838 69
538 854 92
538 878 18
538 879 49
538 889 18
538 897 98
538 912 98
538 916 24
538 938 83
538 947 14
538 962 63
538 970 67
538 972 95
538 979 31
538 985 76
539 570 28
539 571 74
539 574 35
539 585 31
539 637 17
539 657 69
539 666 55
539 700 56
539 707 25
539 715 56
539 736 30
539 740 44
539 744 35
539 748 49
539 758 79
539 765 62
539 766 34
539 770 2
539 778 53
539 825 34
539 829 74
539 834 59
539 846 25
539 849 80
539 850 63
539 862 2
539 881 28
539 896 28
539 901 100
539 908 42
539 917 80
539 929 53
539 935 36
539 959 37
539 966 73
539 996 85
540 541 42
540 560 37
540 565 59
540 606 36
540 625 25
540 633 19
540 649 9
540 655 9
540 685 56
540 693 34
540 696 10
540 697 2
540 721 18
540 801 7
540 814 53
540 828 18
540 832 56
540 842 91
540 847 54
540 851 24
540 855 87
540 859 72
540 860 13
540 870 57
540 882 67
540 893 100
540 899 96
540 933 61
540 952 22
540 965 33
540 997 68
541 560 25
541 565 94
541 569 65
541 591 3
541 607 63
541 625 52
541 633 77
541 649 41
541 652 90
541 655 2
541 685 33
541 693 9
541 696 99
541 697 58
541 706 68
541 719 77
541 721 29
541 762 97
541 763 99
541 808 52
541 814 25
541 828 69
541 832 61
541 847 62
541 851 51
541 855 18
541 859 82
541 860 81
541 867 17
541 868 79
541 870 15
541 882 3
541 893 84
541 899 19
541 965 91
541 969 92
541 997 67
541 999 41
542 544 66
542 573 16
542 576 85
542 578 24
542 592 36
542 601 53
542 629 92
542 635 4
542 679 12
542 718 60
542 722 88
542 760 98
542 800 94
542 818 62
542 838 81
542 844 70
542 852 87
542 854 41
542 878 56
542 880 62
542 884 68
542 889 41
542 898 1
542 912 43
542 916 21
542 930 95
542 951 42
542 957 3
542 962 100
543 550 59
543 559 84
543 573 88
543 586 36
543 587 99
543 598 13
543 601 94
543 602 60
543 603 48
543 610 43
543 614 72
543 617 77
543 645 90
543 690 25
543 701 1
543 709 90
543 716 61
543 722 90
543 725 57
543 726 91
543 735 20
543 739 56
543 759 97
543 809 13
543 821 11
543 822 69
543 843 39
543 852 81
543 854 81
543 864 79
543 878 68
543 879 37
543 880 50
543 897 69
543 916 35
543 919 82
543 930 85
543 941 16
543 947 70
543 950 26
543 993 82
544 551 50
544 561 18
544 572 17
544 576 51
544 578 50
544 590 25
544 592 41
544 629 76
544 635 37
544 651 4
544 678 9
544 679 99
544 713 49
544 718 16
544 722 83
544 760 83
544 797 14
544 800 3
544 813 13
544 816 100
544 818 6
544 823 36
544 838 12
544 844 96
544 876 43
544 878 41
544 884 98
544 889 28
544 898 27
544 910 92
544 912 65
544 951 54
544 957 3
544 962 62
544 974 98
545 564 43
545 575 34
545 579 78
545 594 96
545 595 98
545 597 7
545 612 70
545 656 60
545 667 9
545 677 46
545 681 94
545 691 16
545 692 44
545 703 92
545 710 57
545 717 75
545 723 91
545 728 62
545 732 46
545 733 61
545 751 37
545 754 10
545 755 26
545 781 10
545 793 53
545 802 17
545 803 87
545 804 32
545 815 21
545 817 22
545 833 40
545 883 73
545 890 12
545 900 12
545 906 40
545 907 65
545 909 78
545 920 96
545 923 99
545 931 96
545 958 33
545 964 31
545 968 22
545 975 91
545 977 14
545 995 54
546 563 13
546 566 32
546 575 36
546 583 50
546 588 15
546 596 98
546 605 87
546 609 42
546 613 42
546 616 36
546 618 100
546 630 21
546 639 11
546 653 98
546 656 48
546 659 82
546 665 55
546 668 87
546 670 90
546 673 2
546 677 1
546 683 93
546 687 1
546 711 70
546 712 78
546 729 82
546 732 91
546 733 25
546 747 44
546 750 40
546 751 76
546 779 66
546 787 21
546 805 74
546 811 80
546 826 12
546 840 11
546 886 34
546 888 19
546 890 52
546 892 27
546 895 73
546 924 47
546 925 71
546 926 25
546 934 40
546 944 56
546 946 10
546 949 81
546 968 59
546 976 43
546 977 15
546 984 4
547 548 24
547 553 86
547 558 2
547 560 76
547 569 62
547 579 96
547 580 38
547 582 55
547 584 83
547 589 23
547 591 98
547 607 12
547 612 93
547 621 76
547 631 5
547 646 35
547 648 98
547 652 35
547 682 85
547 697 36
547 699 61
547 702 25
547 705 52
547 706 76
547 717 48
547 719 59
547 728 12
547 737 85
547 738 22
547 762 12
547 763 17
547 772 91
547 784 2
547 785 75
547 795 80
547 806 8
547 808 41
547 815 89
547 847 96
547 853 95
547 856 62
547 859 98
547 860 38
547 861 48
547 865 55
547 867 30
547 868 1
547 870 54
547 873 28
547 877 57
547 909 24
547 918 69
547 928 72
547 942 48
547 943 31
547 948 60
547 953 83
547 969 45
547 971 41
547 981 88
547 989 18
547 999 12
548 553 47
548 555 94
548 557 60
548 558 91
548 560 61
548 562 94
548 569 8
548 580 63
548 582 53
548 584 100
548 589 3
548 591 50
548 607 87
548 608 97
548 621 76
548 631 65
548 646 67
548 648 92
548 682 73
548 699 13
548 702 1
548 705 3
548 706 24
548 719 51
548 730 37
548 737 38
548 738 13
548 757 66
548 763 40
548 764 47
548 772 31
548 777 12
548 780 87
548 784 60
548 785 15
548 790 89
548 795 29
548 798 1
548 815 82
548 820 70
548 853 51
548 856 64
548 859 5
548 860 78
548 865 50
548 867 7
548 868 87
548 870 58
548 873 16
548 877 82
548 911 42
548 918 29
548 921 66
548 922 37
548 928 77
548 942 3
548 943 20
548 948 60
548 955 4
548 971 20
548 978 74
548 981 77
548 989 89
548 999 77
549 552 63
549 555 63
549 567 15
549 600 76
549 608 36
549 620 74
549 627 35
549 628 21
549 632 75
549 634 81
549 636 12
549 647 24
549 661 27
549 663 46
549 671 79
549 672 71
549 689 71
549 724 87
549 730 49
549 734 34
549 741 61
549 745 24
549 746 70
549 749 38
549 752 98
549 756 80
549 757 5
549 767 57
549 769 99
549 775 15
549 777 15
549 785 13
549 789 73
549 792 26
549 796 47
549 798 71
549 799 19
549 830 26
549 837 29
549 848 38
549 853 80
549 863 83
549 866 97
549 869 34
549 872 16
549 875 49
549 885 37
549 902 79
549 905 44
549 927 79
549 932 18
549 936 40
549 937 10
549 938 71
549 945 34
549 954 51
549 960 14
549 972 87
549 985 51
549 987 59
549 988 77
549 992 11
549 998 95
550 555 93
550 559 20
550 573 17
550 586 48
550 587 94
550 593 88
550 598 55
550 601 48
550 602 29
550 610 80
550 614 79
550 617 4
550 634 89
550 645 30
550 690 54
550 698 26
550 701 99
550 709 31
550 713 100
550 716 69
550 722 83
550 725 71
550 726 43
550 735 47
550 739 71
550 741 67
550 752 34
550 757 37
550 783 21
550 791 74
550 807 95
550 809 13
550 821 63
550 822 42
550 843 24
550 848 60
550 864 45
550 866 53
550 869 96
550 872 40
550 879 1
550 887 59
550 897 20
550 911 28
550 916 3
550 936 98
550 941 52
550 947 19
550 954 66
550 970 58
550 972 9
550 978 12
550 985 49
550 993 44
551 559 80
551 561 86
551 568 77
551 572 16
551 576 23
551 578 57
551 590 86
551 592 5
551 600 75
551 611 49
551 617 62
551 629 16
551 634 65
551 635 6
551 641 81
551 645 1
551 651 38
551 678 93
551 679 28
551 684 88
551 709 64
551 713 25
551 718 13
551 722 79
551 741 63
551 745 32
551 756 79
551 761 4
551 797 4
551 813 31
551 816 15
551 818 89
551 821 88
551 823 6
551 824 90
551 838 55
551 844 25
551 854 31
551 876 89
551 878 45
551 889 93
551 898 88
551 910 79
551 912 44
551 938 85
551 947 88
551 957 91
551 962 69
551 970 49
551 972 87
551 974 23
551 979 1
551 985 83
551 990 47
552 554 22
552 567 34
552 619 13
552 627 83
552 632 19
552 636 72
552 637 77
552 640 21
552 647 56
552 663 100
552 671 80
552 672 5
552 680 5
552 688 53
552 689 11
552 695 22
552 724 24
552 727 35
552 731 18
552 734 91
552 736 12
552 744 63
552 746 12
552 749 25
552 765 35
552 766 86
552 769 45
552 770 34
552 774 93
552 778 54
552 782 43
552 789 95
552 796 65
552 799 90
552 830 29
552 845 47
552 863 86
552 872 72
552 875 78
552 881 22
552 885 73
552 901 99
552 905 13
552 927 16
552 929 82
552 932 73
552 935 72
552 938 17
552 945 11
552 960 13
552 963 20
552 966 9
552 986 28
552 987 54
552 988 41
552 992 34
552 996 53
552 998 57
553 579 86
553 584 22
553 589 56
553 591 63
553 597 53
553 607 86
553 612 14
553 621 21
553 646 47
553 648 93
553 652 33
553 681 17
553 682 92
553 691 45
553 697 43
553 699 24
553 702 86
553 705 50
553 706 69
553 717 72
553 719 66
553 728 19
553 737 96
553 738 53
553 762 35
553 763 89
553 780 65
553 784 75
553 786 89
553 795 42
553 803 9
553 806 11
553 808 97
553 815 50
553 856 90
553 861 4
553 865 33
553 867 48
553 868 56
553 873 57
553 877 20
553 909 60
553 918 19
553 920 89
553 923 50
553 928 15
553 943 56
553 948 79
553 953 36
553 969 85
553 971 89
553 981 84
553 989 56
553 995 51
553 999 37
554 567 91
554 568 60
554 570 4
554 581 3
554 600 89
554 611 98
554 627 19
554 632 100
554 636 47
554 637 79
554 641 86
554 647 11
554 654 8
554 671 74
554 672 70
554 684 82
554 688 90
554 689 29
554 695 38
554 707 82
554 720 82
554 736 32
554 740 79
554 741 52
554 744 54
554 745 97
554 749 96
554 756 38
554 761 87
554 765 40
554 766 43
554 769 89
554 770 11
554 778 91
554 782 9
554 788 27
554 796 43
554 824 69
554 841 51
554 862 26
554 875 4
554 881 72
554 885 44
554 891 87
554 901 6
554 927 71
554 938 3
554 960 67
554 966 85
554 979 36
554 980 17
554 986 47
554 987 40
554 988 41
554 996 68
554 998 40
555 557 78
555 558 66
555 562 56
555 580 84
555 582 82
555 586 97
555 589 25
555 593 38
555 608 25
555 620 7
555 631 18
555 661 28
555 682 76
555 686 15
555 698 60
555 702 22
555 705 95
555 730 66
555 734 25
555 752 28
555 757 99
555 764 88
555 767 57
555 769 39
555 775 93
555 777 72
555 783 30
555 784 75
555 785 5
555 789 53
555 790 27
555 791 39
555 792 22
555 798 35
555 807 10
555 820 62
555 837 31
555 848 62
555 853 21
555 863 5
555 866 60
555 869 34
555 872 6
555 873 85
555 877 82
555 887 88
555 911 92
555 922 89
555 936 40
555 948 49
555 954 86
555 955 54
555 971 5
555 978 46
555 989 15
555 993 42
556 585 75
556 599 75
556 626 74
556 644 94
556 650 93
556 657 9
556 660 70
556 664 23
556 669 38
556 675 67
556 708 45
556 743 90
556 748 80
556 771 75
556 794 30
556 812 61
556 829 31
556 846 73
556 849 93
556 850 11
556 857 39
556 871 19
556 894 7
556 903 88
556 917 42
556 959 21
556 967 78
557 558 97
557 560 63
557 562 82
557 569 60
557 580 38
557 582 1
557 589 47
557 591 94
557 593 22
557 607 65
557 608 89
557 622 67
557 631 19
557 643 5
557 685 95
557 686 60
557 694 97
557 698 56
557 701 64
557 702 74
557 705 15
557 706 27
557 726 8
557 739 59
557 763 80
557 768 33
557 772 61
557 783 76
557 784 30
557 785 5
557 790 80
557 791 4
557 798 30
557 801 85
557 807 41
557 820 9
557 828 83
557 835 33
557 836 27
557 842 68
557 847 89
557 851 84
557 859 92
557 860 22
557 867 29
557 868 46
557 869 72
557 870 75
557 873 64
557 877 99
557 882 40
557 887 14
557 893 8
557 904 92
557 911 55
557 921 11
557 942 55
557 943 7
557 948 62
557 955 75
557 965 44
557 971 29
557 978 70
557 989 74
557 997 48
557 999 79
558 560 9
558 562 72
558 569 81
558 580 95
558 582 75
558 584 64
558 589 71
558 591 65
558 593 95
558 607 20
558 608 40
558 631 44
558 646 6
558 648 67
558 682 27
558 686 36
558 694 63
558 698 36
558 699 65
558 702 54
558 705 62
558 706 59
558 719 43
558 730 42
558 738 33
558 757 74
558 763 43
558 764 32
558 768 7
558 772 39
558 777 55
558 783 66
558 784 40
558 785 20
558 790 95
558 791 32
558 798 4
558 807 60
558 820 39
558 828 46
558 835 65
558 836 66
558 853 28
558 859 61
558 860 39
558 865 77
558 867 82
558 868 86
558 870 7
558 873 89
558 877 53
558 887 55
558 904 56
558 911 19
558 921 54
558 922 16
558 928 62
558 942 82
558 943 40
558 948 28
558 955 76
558 971 10
558 978 98
558 981 48
558 989 44
558 999 67
559 561 47
559 573 63
559 576 40
559 578 84
559 586 15
559 587 60
559 598 46
559 600 22
559 601 61
559 611 58
559 614 28
559 617 2
559 634 54
559 645 59
559 651 76
559 690 11
559 709 59
559 713 69
559 716 44
559 718 29
559 722 61
559 725 10
559 735 31
559 741 83
559 745 6
559 756 61
559 759 9
559 809 57
559 813 94
559 816 20
559 821 44
559 838 73
559 843 48
559 852 56
559 854 61
559 864 30
559 878 28
559 879 17
559 880 69
559 897 86
559 912 79
559 916 73
559 930 53
559 936 5
559 947 3
559 970 4
559 972 60
559 979 82
559 985 29
559 993 21
560 562 61
560 565 18
560 569 86
560 591 29
560 606 97
560 607 19
560 622 21
560 631 27
560 633 20
560 649 43
560 685 29
560 686 55
560 693 37
560 694 24
560 696 54
560 697 32
560 699 22
560 705 98
560 706 69
560 719 36
560 721 52
560 763 68
560 768 57
560 772 58
560 784 87
560 790 56
560 801 88
560 807 50
560 814 49
560 820 13
560 828 70
560 835 41
560 836 92
560 842 1
560 847 35
560 851 57
560 859 14
560 860 46
560 865 12
560 867 49
560 868 89
560 870 24
560 882 82
560 893 30
560 904 32
560 911 65
560 921 56
560 933 40
560 942 50
560 943 35
560 952 97
560 955 76
560 965 44
560 971 51
560 973 79
560 989 37
560 997 46
560 999 89
561 567 92
561 568 69
561 572 23
561 576 19
561 581 5
561 590 56
561 600 76
561 611 29
561 623 12
561 634 46
561 641 83
561 651 53
561 654 24
561 678 95
561 679 13
561 684 14
561 695 57
561 713 10
561 718 61
561 720 13
561 722 98
561 741 6
561 745 70
561 756 57
561 761 61
561 782 38
561 788 75
561 797 94
561 813 20
561 816 96
561 823 22
561 824 52
561 841 35
561 844 59
561 876 68
561 891 20
561 910 38
561 912 99
561 938 44
561 962 77
561 970 7
561 972 96
561 974 58
561 979 47
561 980 78
561 985 25
561 990 88
562 569 17
562 580 46
562 582 24
562 589 42
562 593 67
562 608 44
562 631 61
562 648 8
562 682 72
562 686 33
562 694 51
562 698 32
562 702 76
562 705 95
562 726 76
562 730 67
562 738 78
562 757 57
562 764 46
562 767 57
562 768 71
562 772 67
562 777 60
562 783 72
562 784 45
562 785 11
562 790 72
562 791 51
562 792 76
562 798 50
562 807 40
562 820 75
562 835 58
562 836 50
562 853 24
562 859 12
562 860 36
562 866 95
562 867 65
562 868 61
562 869 88
562 870 71
562 873 49
562 877 35
562 887 17
562 911 65
562 921 93
562 922 81
562 942 15
562 943 20
562 948 33
562 954 33
562 955 71
562 971 22
562 978 59
562 989 43
562 993 96
563 566 79
563 583 13
563 596 44
563 604 43
563 605 39
563 613 38
563 618 56
563 630 88
563 642 35
563 653 97
563 659 58
563 668 30
563 670 10
563 673 39
563 676 32
563 683 71
563 712 83
563 714 86
563 750 48
563 753 56
563 773 46
563 805 61
563 819 87
563 831 63
563 874 14
563 886 90
563 888 23
563 892 38
563 913 54
563 914 27
563 915 10
563 924 37
563 925 41
563 926 3
563 940 2
563 944 25
563 946 93
563 949 85
563 976 35
563 983 33
564 579 7
564 594 43
564 595 33
564 597 11
564 612 4
564 667 76
564 681 10
564 691 40
564 692 13
564 703 60
564 710 93
564 717 15
564 728 54
564 754 73
564 755 55
564 781 91
564 786 32
564 802 62
564 803 34
564 833 37
564 883 51
564 900 61
564 906 29
564 907 86
564 909 6
564 920 46
564 923 99
564 931 32
564 958 56
564 964 50
564 975 15
564 995 3
565 591 75
565 607 77
565 625 85
565 633 82
565 649 63
565 652 39
565 655 1
565 685 47
565 693 65
565 696 7
565 697 54
565 721 100
565 808 65
565 814 45
565 828 31
565 832 82
565 847 79
565 851 79
565 855 95
565 859 52
565 860 61
565 868 16
565 870 66
565 882 40
565 893 59
565 899 49
565 965 93
565 969 84
565 997 87
566 583 20
566 596 55
566 604 46
566 605 51
566 613 75
566 616 41
566 618 54
566 630 10
566 642 45
566 653 70
566 659 76
566 665 31
566 668 61
566 670 9
566 676 67
566 683 16
566 712 21
566 714 31
566 750 98
566 753 21
566 773 66
566 805 48
566 819 63
566 826 25
566 831 12
566 874 74
566 886 50
566 888 76
566 913 39
566 925 94
566 926 94
566 944 71
566 946 46
566 949 45
566 976 16
567 600 29
567 611 45
567 627 95
567 632 55
567 634 84
567 636 21
567 637 78
567 641 79
567 647 18
567 663 38
567 671 94
567 672 54
567 684 23
567 688 81
567 689 40
567 695 14
567 736 34
567 741 60
567 745 67
567 749 9
567 752 6
567 756 100
567 761 68
567 765 5
567 769 74
567 770 24
567 778 92
567 782 73
567 788 9
567 789 43
567 796 56
567 824 58
567 848 7
567 863 23
567 872 56
567 875 45
567 885 96
567 891 42
567 927 83
567 936 64
567 938 57
567 945 64
567 954 1
567 960 86
567 970 56
567 972 52
567 979 16
567 980 8
567 985 40
567 986 6
567 987 10
567 988 69
567 998 11
568 572 70
568 581 55
568 590 42
568 600 87
568 611 16
568 623 23
568 641 81
568 651 87
568 654 63
568 678 74
568 679 79
568 684 52
568 688 91
568 695 66
568 707 22
568 718 89
568 720 49
568 741 45
568 745 27
568 756 100
568 761 3
568 770 42
568 782 45
568 788 99
568 797 48
568 813 22
568 816 7
568 823 8
568 824 37
568 841 69
568 876 50
568 891 1
568 910 3
568 938 29
568 974 40
568 979 72
568 980 38
568 990 7
568 994 54
569 580 9
569 582 76
569 589 24
569 591 56
569 606 34
569 607 3
569 608 23
569 622 88
569 631 23
569 685 15
569 686 53
569 693 13
569 694 97
569 698 35
569 699 70
569 702 52
569 705 85
569 706 100
569 719 34
569 721 3
569 763 26
569 768 34
569 772 65
569 783 81
569 784 94
569 785 3
569 790 76
569 801 78
569 807 37
569 820 1
569 828 39
569 835 31
569 836 71
569 842 82
569 847 80
569 851 44
569 859 40
569 860 82
569 865 17
569 867 89
569 868 6
569 870 79
569 877 72
569 882 91
569 887 85
569 893 12
569 904 89
569 911 60
569 921 37
569 942 81
569 943 61
569 952 16
569 955 13
569 965 30
569 971 44
569 973 78
569 978 73
569 989 12
569 997 8
569 999 9
570 581 73
570 623 43
570 627 74
570 637 34
570 654 75
570 684 81
570 688 8
570 695 68
570 700 66
570 707 46
570 715 6
570 720 66
570 736 83
570 740 59
570 744 29
570 749 75
570 765 1
570 766 42
570 770 68
570 778 71
570 782 83
570 788 70
570 825 74
570 841 94
570 849 36
570 862 86
570 881 42
570 891 59
570 896 37
570 901 49
570 908 84
570 929 14
570 966 80
570 980 38
570 986 90
570 988 3
570 994 61
570 996 96
571 574 76
571 585 53
571 637 43
571 638 63
571 644 36
571 650 25
571 657 4
571 658 45
571 664 20
571 666 28
571 700 31
571 708 63
571 715 70
571 727 27
571 731 96
571 740 82
571 744 43
571 748 96
571 758 75
571 766 12
571 776 34
571 778 5
571 794 16
571 812 32
571 825 6
571 829 85
571 834 59
571 845 18
571 846 88
571 849 83
571 850 28
571 857 91
571 858 80
571 862 40
571 881 4
571 894 30
571 901 2
571 903 65
571 908 98
571 917 79
571 929 27
571 935 27
571 959 87
571 966 41
571 996 42
572 581 60
572 590 27
572 592 85
572 623 97
572 641 96
572 651 27
572 654 57
572 678 74
572 679 66
572 684 46
572 718 55
572 720 21
572 788 16
572 797 48
572 813 17
572 816 71
572 823 23
572 824 63
572 844 57
572 876 3
572 889 77
572 891 36
572 898 65
572 910 21
572 912 49
572 962 47
572 974 25
572 990 39
572 994 14
573 576 41
573 578 12
573 586 58
573 587 23
573 598 63
573 601 7
573 602 89
573 610 18
573 614 20
573 617 36
573 645 32
573 690 72
573 709 41
573 713 25
573 716 68
573 722 28
573 725 19
573 735 22
573 759 34
573 760 84
573 800 95
573 809 24
573 818 39
573 821 55
573 838 46
573 843 51
573 852 29
573 854 73
573 864 97
573 878 32
573 879 68
573 880 4
573 897 88
573 912 80
573 916 44
573 930 58
573 941 79
573 947 83
573 970 48
573 972 64
574 585 46
574 637 65
574 638 3
574 644 18
574 650 68
574 657 46
574 658 79
574 664 44
574 666 85
574 700 49
574 708 24
574 715 39
574 727 86
574 740 7
574 744 97
574 748 94
574 758 53
574 765 25
574 766 1
574 776 9
574 778 19
574 794 72
574 812 52
574 825 68
574 829 14
574 834 29
574 845 15
574 846 50
574 849 44
574 850 12
574 857 55
574 858 90
574 862 100
574 881 23
574 901 4
574 903 25
574 908 2
574 917 79
574 929 46
574 935 15
574 959 27
574 966 49
574 996 46
575 588 48
575 595 24
575 596 56
575 597 38
575 605 9
575 616 10
575 639 95
575 656 82
575 665 15
575 677 81
575 683 7
575 687 31
575 691 37
575 703 89
575 710 22
575 711 51
575 723 9
575 729 55
575 732 40
575 733 35
575 751 20
575 779 45
575 780 55
575 781 39
575 793 33
575 802 78
575 804 79
575 811 11
575 815 81
575 817 10
575 826 61
575 827 15
575 833 36
575 840 49
575 883 26
575 890 89
575 895 87
575 906 84
575 920 2
575 923 21
575 924 70
575 931 33
575 934 81
575 958 77
575 961 57
575 968 33
575 975 22
575 977 24
575 984 86
576 578 3
576 590 23
576 592 46
576 601 75
576 614 78
576 617 89
576 629 100
576 635 33
576 645 72
576 651 93
576 678 66
576 679 38
576 709 4
576 713 40
576 718 5
576 722 73
576 725 71
576 760 16
576 800 83
576 813 34
576 816 14
576 818 31
576 821 25
576 838 44
576 844 47
576 852 10
576 854 39
576 864 97
576 878 16
576 880 74
576 884 86
576 889 71
576 898 64
576 912 60
576 916 73
576 930 98
576 947 38
576 951 56
576 957 98
576 962 75
577 596 28
577 609 100
577 616 67
577 624 80
577 630 71
577 662 78
577 674 68
577 677 79
577 683 92
577 711 84
577 732 37
577 742 11
577 826 9
577 839 89
577 840 13
577 900 73
577 926 28
577 934 54
577 939 79
577 944 95
577 949 43
577 956 77
577 982 6
578 587 92
578 590 62
578 592 70
578 601 3
578 614 83
578 617 39
578 629 61
578 635 18
578 645 82
578 651 57
578 679 74
578 709 86
578 713 49
578 718 7
578 722 98
578 725 11
578 759 61
578 760 34
578 800 84
578 809 23
578 813 80
578 816 40
578 818 26
578 821 54
578 838 99
578 844 35
578 852 25
578 854 75
578 864 76
578 878 51
578 879 15
578 880 58
578 884 67
578 889 98
578 898 62
578 912 59
578 916 5
578 930 83
578 947 29
578 957 20
578 962 91
578 970 63
579 584 98
579 597 81
579 612 100
579 646 53
579 652 81
579 667 56
579 681 58
579 691 67
579 692 3
579 699 82
579 710 42
579 717 98
579 719 28
579 728 30
579 737 75
579 762 7
579 763 94
579 786 76
579 793 71
579 803 23
579 806 75
579 815 66
579 861 59
579 865 27
579 909 61
579 918 32
579 920 82
579 923 17
579 928 13
579 953 100
579 969 85
579 981 95
579 995 60
580 582 78
580 589 41
580 591 42
580 608 26
580 620 62
580 621 57
580 631 55
580 648 13
580 661 84
580 682 64
580 686 96
580 698 22
580 699 46
580 702 3
580 705 58
580 706 22
580 719 30
580 730 78
580 738 32
580 757 99
580 763 88
580 764 28
580 767 16
580 772 72
580 775 2
580 777 50
580 783 47
580 784 13
580 785 80
580 790 36
580 791 81
580 792 41
580 795 60
580 798 95
580 820 50
580 836 65
580 837 92
580 853 50
580 856 92
580 860 75
580 865 85
580 867 36
580 868 91
580 870 79
580 873 92
580 877 15
580 911 54
580 921 35
580 922 85
580 928 28
580 942 27
580 943 35
580 948 43
580 955 2
580 971 68
580 978 92
580 981 53
580 989 74
580 999 90
581 623 71
581 641 14
581 654 85
581 684 83
581 688 16
581 695 74
581 707 88
581 720 43
581 740 17
581 761 72
581 765 51
581 770 19
581 782 79
581 788 25
581 823 1
581 824 46
581 841 91
581 862 30
581 876 8
581 891 17
581 896 40
581 910 46
581 974 75
581 980 62
581 990 13
581 994 47
581 996 100
582 589 99
582 591 88
582 608 62
582 620 98
582 621 89
582 631 59
582 648 83
582 661 51
582 682 77
582 686 39
582 698 49
582 699 28
582 702 97
582 705 43
582 706 39
582 719 12
582 730 84
582 738 96
582 757 36
582 763 21
582 764 9
582 767 13
582 772 99
582 775 74
582 777 98
582 780 87
582 783 81
582 784 29
582 785 1
582 790 72
582 792 56
582 795 28
582 798 29
582 820 64
582 836 2
582 837 16
582 853 74
582 856 73
582 859 78
582 860 51
582 865 87
582 867 25
582 868 85
582 870 24
582 873 32
582 877 19
582 911 48
582 921 63
582 922 73
582 928 87
582 942 15
582 943 58
582 948 61
582 955 83
582 971 28
582 978 94
582 981 65
582 989 54
582 999 13
583 596 62
583 604 74
583 605 22
583 609 42
583 613 65
583 616 69
583 618 29
583 630 64
583 639 84
583 653 62
583 659 60
583 665 61
583 668 82
583 670 38
583 683 79
583 711 88
583 712 30
583 714 34
583 750 2
583 773 48
583 779 57
583 805 29
583 826 9
583 831 21
583 840 100
583 874 46
583 886 49
583 888 87
583 924 14
583 925 61
583 926 78
583 934 67
583 944 79
583 946 56
583 949 21
583 976 39
583 984 61
584 589 23
584 591 16
584 597 45
584 607 29
584 612 32
584 646 77
584 648 41
584 652 64
584 681 12
584 682 82
584 697 81
584 699 7
584 702 51
584 705 92
584 706 6
584 717 45
584 719 91
584 728 81
584 737 25
584 738 62
584 762 21
584 763 3
584 784 58
584 786 34
584 795 95
584 806 39
584 808 11
584 814 48
584 815 40
584 860 21
584 861 88
584 865 38
584 867 31
584 868 32
584 870 94
584 873 17
584 877 68
584 909 100
584 918 33
584 928 69
584 942 59
584 943 88
584 948 49
584 953 1
584 969 5
584 971 77
584 981 66
584 989 19
584 995 91
584 999 56
585 626 13
585 644 71
585 650 27
585 657 23
585 660 75
585 669 1
585 700 18
585 708 4
585 715 80
585 748 47
585 758 69
585 766 8
585 771 62
585 812 46
585 825 69
585 829 29
585 846 30
585 849 86
585 850 7
585 862 14
585 871 87
585 894 34
585 908 15
585 917 94
585 959 60
585 967 9
585 996 75
586 587 24
586 593 13
586 598 84
586 601 52
586 602 87
586 610 38
586 614 8
586 617 99
586 634 51
586 645 80
586 690 69
586 698 15
586 701 60
586 709 1
586 713 30
586 716 1
586 722 90
586 725 92
586 726 92
586 735 64
586 739 83
586 752 19
586 757 2
586 759 74
586 783 94
586 791 35
586 807 60
586 809 20
586 821 58
586 822 9
586 843 37
586 848 78
586 864 36
586 866 79
586 869 72
586 879 20
586 887 92
586 897 97
586 911 48
586 916 73
586 919 94
586 936 42
586 941 35
586 947 50
586 970 11
586 972 100
586 978 99
586 985 20
586 993 18
587 593 37
587 598 70
587 601 63
587 602 2
587 610 35
587 614 98
587 617 29
587 634 55
587 645 86
587 690 33
587 698 30
587 701 52
587 709 67
587 713 42
587 716 58
587 722 99
587 725 93
587 726 84
587 735 55
587 741 7
587 752 91
587 759 18
587 791 16
587 809 23
587 821 31
587 822 44
587 838 63
587 843 6
587 852 40
587 854 64
587 864 99
587 866 18
587 869 4
587 878 10
587 879 97
587 880 22
587 887 21
587 897 66
587 916 30
587 930 87
587 936 54
587 941 86
587 947 62
587 970 52
587 972 72
587 985 28
587 993 79
588 605 76
588 616 93
588 628 3
588 639 92
588 653 39
588 656 77
588 659 27
588 665 4
588 668 15
588 670 90
588 673 87
588 680 76
588 683 42
588 687 97
588 704 24
588 712 27
588 723 87
588 724 2
588 729 100
588 733 9
588 746 82
588 747 8
588 750 34
588 751 76
588 779 6
588 787 30
588 799 99
588 804 30
588 805 78
588 810 45
588 811 14
588 826 38
588 827 59
588 837 46
588 888 22
588 892 27
588 895 56
588 902 47
588 905 90
588 914 38
588 924 52
588 925 36
588 937 85
588 961 70
588 963 80
588 984 79
588 991 36
589 591 46
589 607 97
589 608 34
589 612 72
589 621 32
589 631 45
589 646 34
589 648 76
589 661 96
589 682 14
589 699 6
589 702 68
589 705 92
589 706 55
589 719 45
589 730 15
589 737 53
589 738 20
589 757 77
589 763 54
589 764 65
589 772 62
589 777 16
589 780 53
589 784 73
589 785 33
589 790 80
589 795 47
589 798 9
589 815 32
589 820 39
589 853 19
589 856 66
589 859 92
589 860 7
589 865 14
589 867 88
589 868 44
589 870 35
589 873 2
589 877 75
589 918 87
589 922 78
589 928 90
589 942 52
589 943 33
589 948 93
589 955 33
589 961 70
589 971 37
589 978 7
589 981 12
589 989 86
589 999 37
590 592 98
590 611 26
590 629 94
590 635 96
590 641 24
590 651 28
590 678 48
590 679 7
590 713 76
590 718 78
590 722 67
590 761 86
590 797 93
590 813 11
590 816 60
590 818 64
590 823 19
590 824 62
590 838 31
590 844 86
590 876 76
590 878 7
590 884 82
590 889 18
590 898 34
590 910 73
590 912 47
590 951 52
590 957 14
590 962 70
590 974 71
590 979 76
590 990 90
591 607 22
591 631 71
591 633 64
591 646 8
591 652 41
591 685 42
591 686 14
591 693 15
591 694 54
591 696 44
591 697 88
591 699 81
591 702 100
591 705 54
591 706 11
591 719 25
591 721 95
591 738 94
591 762 54
591 763 60
591 768 62
591 772 48
591 784 50
591 790 55
591 808 91
591 814 70
591 820 59
591 828 45
591 835 13
591 836 66
591 847 8
591 851 57
591 859 85
591 860 74
591 865 7
591 867 5
591 868 97
591 870 79
591 877 4
591 882 87
591 893 24
591 904 23
591 918 23
591 921 45
591 942 33
591 943 98
591 953 10
591 955 25
591 965 10
591 969 28
591 971 16
591 981 16
591 989 94
591 997 91
591 999 32
592 629 1
592 635 39
592 651 24
592 678 79
592 679 98
592 718 29
592 760 12
592 797 58
592 800 73
592 813 84
592 818 64
592 823 36
592 838 38
592 844 29
592 878 1
592 884 54
592 889 8
592 898 2
592 910 67
592 912 31
592 951 80
592 957 71
592 962 18
593 598 44
593 603 39
593 608 66
593 610 11
593 622 51
593 631 89
593 643 99
593 686 47
593 690 54
593 694 81
593 698 91
593 701 85
593 716 89
593 726 67
593 735 95
593 739 79
593 757 72
593 768 27
593 783 26
593 785 25
593 790 11
593 791 69
593 798 15
593 807 51
593 820 82
593 822 34
593 835 83
593 836 47
593 843 44
593 866 48
593 869 31
593 879 63
593 887 64
593 897 2
593 904 53
593 911 19
593 919 90
593 921 72
593 936 36
593 941 47
593 955 95
593 978 75
593 993 92
594 595 29
594 624 48
594 662 46
594 667 40
594 677 25
594 692 25
594 703 36
594 710 78
594 732 36
594 754 93
594 755 76
594 781 14
594 802 8
594 803 82
594 839 22
594 883 54
594 900 62
594 906 89
594 907 19
594 931 69
594 939 19
594 956 51
594 958 27
594 964 70
594 968 7
594 975 70
594 982 19
595 597 76
595 624 71
595 639 12
595 656 83
595 662 74
595 667 96
595 677 96
595 691 7
595 703 34
595 710 12
595 711 30
595 723 88
595 732 61
595 733 6
595 742 61
595 751 27
595 754 92
595 755 22
595 779 24
595 781 94
595 793 55
595 802 49
595 803 88
595 804 44
595 817 62
595 826 39
595 833 35
595 839 84
595 840 78
595 883 61
595 890 23
595 900 83
595 906 16
595 907 40
595 920 16
595 923 63
595 931 71
595 934 62
595 939 84
595 956 43
595 958 59
595 964 18
595 968 89
595 975 5
595 977 8
596 605 52
596 609 18
596 613 93
596 616 94
596 618 65
596 630 68
596 639 38
596 656 93
596 659 71
596 665 55
596 668 76
596 674 96
596 677 86
596 683 29
596 711 3
596 732 10
596 742 8
596 779 65
596 805 66
596 811 76
596 826 81
596 839 7
596 840 67
596 886 99
596 888 11
596 890 74
596 924 90
596 925 7
596 926 20
596 934 23
596 944 98
596 946 37
596 949 17
596 968 15
596 976 87
596 977 61
596 984 40
597 612 47
597 621 17
597 646 88
597 648 78
597 656 49
597 667 56
597 681 99
597 691 47
597 692 69
597 703 19
597 710 47
597 717 76
597 723 84
597 728 90
597 733 100
597 737 99
597 738 69
597 751 4
597 780 36
597 781 28
597 786 69
597 793 16
597 795 6
597 802 7
597 803 47
597 804 17
597 815 14
597 817 73
597 827 36
597 833 44
597 856 63
597 861 21
597 890 14
597 907 14
597 909 52
597 918 21
597 920 10
597 923 64
597 928 91
597 931 85
597 953 55
597 961 41
597 964 70
597 968 83
597 975 41
597 977 82
597 981 80
597 995 25
598 601 67
598 602 42
598 603 41
598 610 16
598 614 38
598 617 58
598 622 80
598 643 69
598 645 88
598 690 67
598 698 51
598 701 22
598 709 87
598 716 52
598 725 46
598 726 66
598 735 72
598 739 17
598 759 27
598 791 67
598 807 7
598 809 52
598 821 21
598 822 15
598 843 71
598 852 84
598 854 50
598 864 39
598 869 80
598 879 52
598 880 28
598 887 65
598 897 1
598 916 80
598 919 95
598 930 37
598 941 39
598 947 17
598 950 67
598 993 36
599 626 61
599 644 46
599 650 53
599 660 38
599 664 85
599 669 95
599 675 71
599 708 37
599 743 93
599 748 53
599 753 7
599 771 25
599 776 84
599 794 38
599 812 86
599 829 91
599 850 36
599 857 16
599 871 84
599 894 81
599 903 7
599 913 47
599 940 51
599 967 94
599 983 60
600 611 19
600 627 37
600 632 87
600 634 29
600 641 96
600 645 54
600 651 87
600 684 87
600 688 93
600 689 56
600 695 63
600 709 26
600 713 75
600 722 32
600 741 99
600 745 56
600 752 89
600 756 67
600 761 64
600 769 58
600 782 99
600 788 84
600 796 35
600 813 72
600 816 90
600 824 12
600 848 96
600 866 99
600 872 59
600 891 21
600 936 7
600 938 56
600 947 59
600 954 76
600 970 80
600 972 7
600 974 81
600 979 97
600 980 85
600 985 31
600 998 44
601 602 6
601 610 75
601 614 2
601 617 16
601 645 33
601 690 89
601 709 48
601 713 75
601 716 65
601 722 76
601 725 48
601 735 70
601 759 42
601 760 66
601 800 97
601 809 7
601 821 44
601 822 45
601 838 95
601 843 68
601 852 54
601 854 18
601 864 74
601 878 30
601 879 85
601 880 92
601 897 42
601 912 61
601 916 85
601 930 61
601 941 36
601 947 56
601 970 48
602 603 8
602 610 15
602 614 66
602 617 12
602 643 50
602 690 10
602 701 78
602 716 40
602 725 19
602 726 41
602 735 61
602 739 62
602 759 37
602 809 12
602 821 93
602 822 39
602 843 39
602 852 18
602 854 12
602 864 41
602 879 27
602 880 40
602 897 83
602 916 71
602 919 73
602 930 49
602 941 35
602 950 39
603 606 95
603 610 24
603 615 68
603 622 5
603 643 27
603 686 94
603 690 54
603 694 92
603 698 19
603 701 58
603 726 91
603 735 23
603 739 26
603 768 58
603 790 72
603 791 41
603 801 8
603 807 36
603 822 47
603 835 27
603 836 55
603 842 13
603 843 12
603 887 80
603 904 44
603 919 46
603 941 14
603 950 1
603 952 5
603 973 91
604 613 59
604 618 87
604 642 21
604 653 81
604 659 44
604 664 63
604 668 59
604 670 91
604 675 61
604 676 94
604 712 54
604 714 75
604 743 35
604 750 28
604 753 53
604 773 98
604 776 49
604 794 47
604 805 93
604 819 58
604 831 24
604 858 17
604 874 70
604 886 68
604 888 69
604 913 61
604 914 24
604 915 63
604 925 48
604 940 57
604 946 98
604 976 5
604 983 98
605 609 22
605 613 14
605 616 75
605 618 30
605 630 99
605 639 89
605 653 32
605 656 63
605 659 18
605 665 47
605 668 78
605 670 60
605 673 45
605 683 98
605 687 47
605 711 10
605 712 24
605 747 61
605 750 68
605 773 82
605 779 86
605 787 58
605 805 76
605 811 76
605 826 84
605 831 96
605 840 48
605 874 63
605 886 85
605 888 57
605 890 10
605 892 19
605 924 19
605 925 11
605 926 68
605 934 80
605 944 7
605 946 57
605 949 54
605 976 36
605 977 70
605 984 80
606 615 97
606 622 89
606 643 67
606 649 12
606 685 83
606 686 36
606 693 80
606 694 70
606 696 37
606 721 69
606 739 23
606 768 1
606 772 34
606 790 85
606 801 27
606 828 45
606 832 44
606 835 75
606 836 56
606 842 15
606 847 42
606 851 59
606 859 76
606 860 49
606 882 98
606 893 89
606 899 71
606 904 20
606 921 15
606 933 34
606 950 59
606 952 2
606 965 47
606 973 67
606 997 85
607 631 49
607 633 92
607 646 7
607 652 76
607 685 96
607 693 88
607 696 50
607 697 38
607 699 54
607 705 41
607 706 29
607 719 49
607 721 45
607 737 94
607 738 91
607 762 11
607 763 94
607 772 80
607 784 32
607 806 11
607 808 61
607 814 95
607 828 66
607 847 96
607 851 69
607 859 49
607 860 58
607 861 87
607 865 92
607 867 50
607 868 74
607 870 86
607 877 85
607 893 73
607 918 17
607 921 8
607 942 9
607 943 74
607 953 85
607 965 28
607 969 99
607 971 48
607 981 88
607 989 29
607 997 1
607 999 60
608 631 48
608 648 71
608 661 43
608 682 92
608 686 55
608 694 42
608 698 74
608 702 66
608 705 45
608 730 88
608 738 24
608 752 61
608 757 98
608 764 78
608 767 28
608 768 98
608 772 11
608 775 78
608 777 64
608 783 35
608 784 53
608 785 70
608 790 31
608 791 55
608 792 25
608 798 95
608 807 58
608 820 18
608 835 92
608 836 14
608 848 14
608 853 88
608 863 50
608 866 75
608 869 14
608 873 71
608 877 53
608 887 72
608 911 55
608 921 28
608 922 56
608 936 4
608 942 31
608 943 10
608 948 47
608 954 72
608 955 55
608 971 98
608 978 98
608 989 9
608 993 81
609 616 54
609 624 97
609 630 81
609 662 58
609 665 95
609 674 22
609 677 22
609 683 7
609 711 47
609 732 29
609 742 24
609 826 81
609 839 68
609 840 85
609 900 84
609 926 44
609 934 98
609 939 73
609 944 63
609 946 91
609 949 64
609 956 29
609 977 14
609 982 59
610 614 10
610 617 70
610 622 2
610 643 57
610 645 45
610 690 24
610 701 18
610 716 38
610 725 91
610 726 19
610 735 7
610 739 66
610 759 37
610 807 43
610 809 19
610 821 78
610 822 6
610 843 94
610 852 33
610 854 83
610 864 59
610 879 92
610 880 65
610 887 46
610 897 11
610 916 62
610 919 74
610 930 90
610 941 81
610 950 19
610 993 19
611 627 8
611 632 10
611 634 65
611 641 62
611 645 54
611 651 76
611 684 7
611 688 34
611 689 89
611 695 89
611 709 14
611 713 14
611 722 17
611 741 99
611 745 18
611 752 58
611 756 28
611 761 46
611 769 78
611 782 79
611 788 12
611 796 70
611 813 84
611 816 7
611 823 30
611 824 93
611 848 78
611 872 7
611 876 85
611 891 25
611 936 47
611 938 2
611 947 91
611 970 62
611 972 8
611 974 74
611 979 82
611 980 32
611 985 30
611 998 5
612 621 53
612 646 98
612 648 54
612 667 88
612 681 19
612 691 75
612 692 87
612 699 62
612 706 81
612 710 2
612 717 38
612 719 42
612 723 92
612 728 17
612 737 37
612 738 90
612 762 86
612 763 57
612 780 6
612 786 48
612 793 27
612 795 77
612 803 63
612 804 41
612 806 56
612 815 55
612 817 75
612 827 35
612 833 43
612 856 96
612 861 17
612 865 50
612 867 69
612 877 98
612 909 2
612 918 25
612 920 22
612 923 5
612 928 77
612 953 62
612 961 94
612 975 89
612 981 62
612 995 72
613 616 5
613 618 30
613 630 68
613 642 45
613 653 94
613 659 16
613 665 12
613 668 97
613 670 73
613 673 63
613 676 11
613 683 9
613 712 98
613 714 25
613 747 91
613 750 40
613 753 76
613 773 87
613 805 95
613 811 31
613 819 44
613 831 76
613 858 20
613 874 95
613 886 40
613 888 26
613 892 54
613 913 83
613 914 69
613 915 72
613 924 100
613 925 83
613 926 29
613 940 74
613 944 85
613 946 53
613 949 76
613 976 4
613 983 97
613 991 62
614 617 71
614 645 82
614 690 28
614 709 46
614 713 67
614 716 47
614 722 31
614 725 12
614 726 100
614 735 23
614 759 76
614 800 84
614 809 80
614 821 52
614 822 23
614 838 45
614 843 90
614 852 67
614 854 82
614 864 4
614 878 10
614 879 68
614 880 52
614 897 70
614 916 89
614 930 84
614 941 97
614 947 26
614 970 64
614 972 91
614 985 54
614 993 3
615 622 92
615 643 83
615 649 19
615 685 56
615 686 2
615 694 32
615 701 19
615 726 37
615 739 55
615 768 60
615 790 49
615 801 43
615 807 67
615 822 50
615 828 70
615 835 6
615 836 97
615 842 48
615 882 68
615 887 66
615 904 66
615 919 16
615 921 39
615 933 11
615 941 78
615 950 53
615 952 54
615 955 75
615 973 52
615 997 24
616 618 59
616 630 8
616 639 78
616 653 26
616 656 66
616 659 21
616 665 63
616 668 9
616 670 76
616 673 55
616 674 44
616 677 54
616 683 5
616 687 14
616 711 54
616 712 1
616 732 4
616 733 76
616 742 43
616 750 74
616 779 85
616 805 53
616 811 64
616 826 23
616 840 60
616 886 93
616 888 95
616 890 19
616 892 63
616 895 4
616 924 59
616 925 74
616 926 46
616 934 23
616 944 31
616 946 13
616 949 20
616 968 15
616 976 58
616 977 1
616 984 83
617 634 91
617 645 64
617 690 3
617 709 13
617 713 44
617 716 15
617 722 64
617 725 45
617 735 97
617 759 38
617 800 9
617 809 53
617 813 23
617 821 65
617 822 8
617 838 88
617 843 14
617 852 86
617 854 23
617 864 57
617 869 42
617 878 66
617 879 99
617 880 56
617 897 37
617 912 96
617 916 82
617 930 70
617 941 8
617 947 71
617 970 26
617 972 20
617 985 8
617 993 27
618 630 79
618 642 58
618 653 54
618 659 95
618 665 41
618 668 65
618 670 76
618 676 93
618 683 6
618 712 23
618 714 45
618 750 21
618 753 75
618 773 58
618 805 59
618 819 26
618 831 9
618 874 72
618 886 6
618 888 2
618 913 72
618 914 31
618 925 59
618 926 57
618 944 52
618 946 71
618 949 78
618 976 67
618 983 14
619 620 33
619 628 51
619 636 18
619 637 22
619 638 81
619 640 9
619 647 54
619 653 92
619 658 74
619 663 38
619 666 72
619 671 60
619 672 83
619 673 31
619 680 67
619 689 12
619 712 30
619 724 93
619 727 31
619 731 5
619 734 21
619 736 22
619 746 46
619 747 47
619 749 2
619 774 23
619 778 58
619 787 97
619 789 4
619 796 61
619 799 50
619 830 55
619 837 97
619 845 46
619 858 33
619 875 41
619 881 47
619 885 33
619 892 25
619 901 51
619 905 8
619 914 12
619 915 91
619 927 25
619 929 30
619 932 24
619 935 69
619 945 99
619 960 48
619 963 39
619 966 51
619 986 21
619 987 4
619 988 2
619 991 57
619 992 37
619 998 30
620 621 70
620 628 20
620 647 7
620 648 88
620 661 15
620 663 26
620 671 93
620 672 60
620 682 26
620 687 91
620 702 87
620 704 32
620 724 31
620 729 57
620 730 37
620 734 25
620 746 81
620 757 56
620 764 38
620 767 82
620 769 81
620 775 26
620 777 67
620 780 28
620 785 84
620 787 62
620 789 48
620 792 66
620 795 67
620 796 54
620 798 69
620 799 32
620 810 80
620 827 51
620 830 69
620 837 48
620 853 36
620 856 29
620 863 65
620 872 37
620 873 38
620 875 98
620 895 65
620 902 9
620 905 79
620 922 42
620 927 38
620 932 26
620 937 39
620 945 13
620 948 38
620 954 50
620 960 38
620 961 40
620 987 23
620 992 24
621 628 8
621 648 53
621 661 71
621 682 97
621 691 98
621 702 95
621 704 20
621 705 85
621 723 5
621 728 2
621 729 94
621 730 36
621 733 16
621 737 56
621 738 45
621 746 3
621 751 38
621 764 80
621 775 68
621 777 28
621 780 42
621 785 36
621 793 89
621 795 32
621 798 43
621 804 23
621 810 46
621 815 72
621 817 7
621 827 66
621 833 37
621 837 52
621 853 95
621 856 82
621 873 99
621 877 95
621 895 34
621 902 33
621 909 20
621 918 35
621 920 66
621 922 59
621 928 40
621 932 2
621 937 15
621 943 62
621 948 92
621 961 88
621 971 7
621 981 4
621 989 36
622 643 55
622 686 85
622 694 7
622 698 32
622 701 8
622 726 9
622 739 54
622 768 9
622 772 44
622 783 86
622 790 61
622 791 42
622 801 93
622 807 97
622 820 37
622 822 32
622 828 56
622 835 44
622 836 43
622 842 4
622 882 95
622 887 98
622 904 60
622 911 82
622 919 56
622 921 88
622 933 67
622 941 26
622 950 73
622 952 44
622 955 60
622 973 72
622 997 84
623 641 4
623 654 17
623 678 16
623 684 27
623 707 48
623 720 41
623 770 26
623 788 6
623 797 50
623 816 89
623 823 62
623 824 78
623 841 28
623 876 19
623 891 39
623 896 81
623 910 47
623 974 29
623 980 3
623 990 32
623 994 35
624 662 90
624 674 22
624 677 64
624 732 18
624 742 9
624 754 64
624 755 71
624 781 57
624 839 95
624 840 46
624 883 48
624 900 52
624 906 4
624 907 39
624 934 45
624 939 85
624 956 9
624 958 99
624 964 91
624 982 24
625 633 62
625 649 83
625 655 59
625 685 63
625 693 49
625 696 26
625 721 7
625 801 44
625 832 67
625 842 26
625 847 94
625 851 36
625 855 82
625 893 12
625 899 86
625 933 78
625 965 24
625 997 67
626 644 9
626 650 7
626 657 30
626 660 39
626 669 21
626 708 60
626 748 34
626 771 57
626 812 54
626 829 46
626 846 43
626 850 22
626 857 54
626 871 55
626 894 34
626 903 85
626 917 38
626 959 28
626 967 17
627 632 34
627 634 6
627 636 73
627 637 49
627 641 75
627 647 41
627 663 60
627 671 31
627 672 59
627 684 20
627 688 45
627 689 55
627 695 39
627 736 68
627 741 65
627 745 80
627 749 35
627 752 99
627 756 57
627 761 89
627 765 24
627 769 1
627 770 31
627 778 71
627 782 54
627 788 23
627 789 57
627 796 41
627 824 1
627 830 40
627 848 72
627 863 31
627 872 55
627 875 52
627 885 50
627 891 23
627 927 34
627 936 3
627 938 34
627 945 16
627 954 75
627 960 42
627 966 38
627 970 65
627 972 96
627 979 82
627 980 31
627 985 43
627 986 40
627 987 15
627 988 99
627 992 50
627 998 80
628 647 77
628 648 28
628 661 89
628 663 59
628 671 88
628 672 21
628 673 23
628 682 94
628 687 76
628 704 86
628 723 88
628 724 21
628 729 77
628 730 76
628 733 9
628 734 67
628 746 15
628 747 73
628 764 8
628 767 16
628 775 1
628 777 52
628 780 6
628 787 57
628 789 5
628 792 70
628 795 64
628 796 67
628 798 41
628 799 79
628 810 26
628 811 48
628 827 92
628 830 80
628 837 78
628 853 44
628 856 37
628 863 41
628 873 40
628 875 6
628 885 78
628 892 57
628 895 47
628 902 50
628 905 20
628 922 32
628 927 82
628 932 74
628 937 15
628 945 35
628 960 53
628 961 67
628 963 90
628 987 22
628 991 74
628 992 25
629 635 63
629 651 41
629 678 69
629 679 45
629 718 9
629 760 8
629 797 29
629 800 42
629 813 83
629 818 83
629 838 22
629 844 19
629 854 74
629 878 42
629 884 99
629 889 25
629 898 49
629 912 89
629 951 100
629 957 90
629 962 97
630 665 85
630 668 46
630 674 83
630 683 43
630 711 16
630 742 19
630 805 59
630 826 4
630 840 5
630 886 11
630 888 25
630 925 56
630 926 55
630 934 8
630 944 82
630 946 73
630 949 96
630 976 93
631 648 1
631 682 40
631 686 53
631 694 29
631 698 81
631 699 39
631 702 16
631 705 50
631 706 89
631 719 47
631 730 78
631 738 5
631 757 15
631 763 38
631 768 66
631 772 45
631 783 40
631 784 70
631 785 87
631 790 80
631 791 3
631 798 93
631 807 18
631 820 53
631 828 31
631 835 2
631 836 48
631 853 65
631 859 18
631 860 45
631 865 48
631 867 77
631 868 56
631 869 68
631 870 44
631 873 62
631 877 85
631 887 31
631 904 47
631 911 50
631 921 23
631 942 53
631 943 40
631 948 2
631 955 80
631 971 79
631 978 85
631 989 50
631 999 45
632 634 71
632 636 38
632 637 98
632 641 51
632 647 87
632 663 65
632 671 45
632 672 53
632 684 6
632 688 17
632 689 4
632 695 61
632 734 19
632 736 51
632 741 99
632 745 33
632 749 90
632 752 62
632 756 60
632 761 86
632 765 15
632 767 42
632 769 41
632 770 92
632 775 85
632 782 18
632 789 89
632 792 88
632 796 5
632 824 59
632 830 80
632 848 64
632 863 80
632 866 99
632 872 56
632 875 89
632 885 56
632 891 76
632 905 100
632 927 90
632 936 6
632 938 45
632 945 43
632 954 57
632 960 44
632 970 41
632 972 35
632 979 59
632 980 54
632 985 59
632 986 82
632 987 62
632 988 98
632 998 83
633 649 62
633 652 10
633 655 12
633 685 59
633 693 88
633 696 55
633 697 85
633 721 82
633 808 24
633 814 52
633 828 27
633 832 49
633 847 46
633 851 35
633 855 94
633 859 26
633 870 33
633 893 21
633 899 79
633 965 73
633 969 42
633 997 33
634 641 25
634 645 18
634 684 96
634 689 44
634 695 26
634 709 26
634 713 53
634 716 60
634 722 72
634 741 72
634 745 72
634 752 28
634 756 46
634 761 94
634 769 10
634 782 36
634 796 61
634 813 84
634 816 75
634 824 51
634 848 14
634 863 90
634 866 83
634 869 66
634 872 21
634 891 89
634 897 42
634 927 70
634 936 45
634 938 51
634 947 71
634 954 87
634 960 71
634 970 94
634 972 44
634 979 58
634 980 73
634 985 12
634 993 3
634 998 9
635 651 30
635 678 40
635 679 27
635 718 29
635 760 85
635 797 72
635 800 10
635 813 84
635 818 9
635 838 80
635 844 23
635 878 16
635 884 45
635 889 36
635 898 82
635 912 5
635 951 88
635 957 47
635 962 56
636 637 47
636 640 20
636 647 69
636 663 47
636 671 94
636 672 78
636 680 5
636 688 69
636 689 31
636 695 39
636 724 73
636 727 61
636 734 31
636 736 17
636 741 45
636 745 67
636 746 22
636 749 86
636 752 57
636 765 58
636 767 53
636 769 7
636 770 11
636 774 36
636 775 62
636 778 72
636 782 78
636 789 7
636 792 74
636 796 91
636 799 88
636 830 72
636 845 51
636 848 21
636 863 40
636 872 92
636 875 61
636 881 100
636 885 14
636 901 75
636 905 64
636 927 46
636 932 23
636 938 59
636 945 33
636 954 96
636 960 72
636 963 2
636 966 70
636 980 64
636 986 98
636 987 61
636 988 72
636 992 94
636 998 74
637 638 61
637 640 45
637 647 83
637 658 4
637 663 14
637 666 77
637 671 94
637 672 23
637 680 94
637 688 44
637 689 77
637 695 85
637 727 53
637 731 54
637 736 12
637 740 75
637 744 76
637 749 37
637 758 19
637 765 86
637 766 36
637 770 62
637 774 47
637 778 2
637 782 61
637 796 37
637 825 72
637 830 69
637 834 61
637 845 47
637 862 46
637 875 47
637 881 12
637 885 20
637 901 77
637 908 67
637 927 23
637 929 84
637 935 100
637 960 19
637 966 75
637 980 9
637 986 7
637 987 55
637 988 91
637 992 50
637 996 70
637 998 33
638 640 34
638 642 65
638 653 3
638 658 1
638 659 33
638 664 80
638 666 65
638 670 42
638 672 42
638 673 6
638 676 66
638 680 16
638 708 27
638 712 33
638 727 91
638 731 75
638 747 9
638 748 85
638 750 29
638 753 63
638 758 61
638 774 66
638 776 6
638 778 87
638 794 16
638 819 86
638 830 45
638 834 11
638 845 19
638 849 40
638 858 36
638 874 69
638 881 15
638 892 11
638 901 88
638 903 83
638 913 69
638 914 51
638 915 38
638 917 98
638 929 67
638 935 3
638 940 6
638 963 59
638 966 80
638 983 51
638 986 89
638 991 41
638 992 3
639 653 36
639 656 78
639 659 65
639 665 83
639 668 31
639 673 51
639 677 94
639 683 65
639 687 80
639 691 5
639 703 95
639 704 82
639 710 81
639 711 13
639 723 90
639 729 4
639 732 39
639 733 76
639 747 81
639 751 92
639 779 84
639 787 31
639 793 79
639 802 17
639 804 78
639 811 44
639 817 40
639 826 92
639 827 86
639 833 4
639 840 43
639 888 7
639 890 48
639 892 8
639 895 6
639 924 82
639 926 57
639 931 90
639 934 96
639 944 13
639 946 68
639 949 17
639 961 22
639 968 48
639 975 68
639 977 33
639 984 31
640 642 93
640 647 72
640 653 88
640 658 2
640 659 87
640 663 13
640 666 95
640 670 48
640 671 84
640 672 78
640 673 71
640 680 22
640 712 1
640 724 45
640 727 76
640 731 52
640 736 87
640 747 48
640 749 49
640 750 73
640 758 58
640 774 8
640 778 76
640 787 69
640 799 71
640 819 83
640 830 43
640 834 10
640 845 63
640 858 48
640 875 3
640 881 2
640 885 87
640 892 38
640 901 30
640 905 81
640 914 3
640 915 57
640 929 45
640 935 67
640 945 68
640 960 96
640 963 27
640 966 78
640 986 28
640 987 53
640 988 67
640 991 84
640 992 46
641 651 31
641 654 54
641 678 74
641 679 85
641 684 51
641 688 99
641 689 53
641 695 58
641 713 34
641 718 88
641 720 46
641 741 40
641 745 99
641 756 5
641 761 52
641 770 13
641 782 26
641 788 21
641 797 16
641 813 20
641 816 31
641 823 41
641 824 59
641 841 84
641 876 64
641 891 8
641 910 11
641 938 96
641 970 90
641 974 29
641 979 89
641 980 11
641 985 6
641 990 16
641 994 49
641 998 31
642 653 14
642 658 15
642 659 29
642 664 44
642 666 71
642 670 81
642 673 18
642 675 45
642 676 62
642 680 57
642 708 78
642 712 98
642 714 33
642 727 77
642 731 95
642 743 18
642 747 95
642 750 87
642 753 98
642 773 16
642 774 79
642 776 84
642 794 75
642 805 24
642 819 71
642 831 64
642 834 89
642 857 72
642 858 66
642 874 26
642 886 70
642 888 17
642 892 92
642 903 73
642 913 16
642 914 98
642 915 18
642 925 20
642 935 28
642 940 92
642 963 4
642 976 68
642 983 96
642 991 37
643 686 79
643 690 73
643 694 93
643 698 30
643 701 1
643 726 100
643 735 24
643 739 41
643 768 52
643 783 100
643 790 31
643 791 26
643 801 49
643 807 49
643 820 74
643 822 62
643 835 14
643 836 52
643 842 25
643 843 26
643 882 79
643 887 39
643 904 44
643 911 17
643 919 41
643 921 50
643 941 68
643 950 97
643 952 4
643 955 55
643 973 54
644 650 27
644 657 58
644 660 72
644 664 17
644 669 20
644 675 29
644 700 53
644 708 90
644 743 86
644 748 99
644 758 21
644 771 89
644 776 86
644 794 54
644 812 65
644 829 77
644 834 20
644 846 90
644 849 36
644 850 30
644 857 98
644 871 45
644 894 28
644 903 9
644 917 67
644 940 13
644 959 1
644 967 52
645 690 47
645 709 56
645 713 77
645 716 31
645 722 72
645 725 79
645 735 89
645 741 47
645 756 32
645 759 20
645 809 63
645 813 38
645 821 13
645 838 10
645 843 88
645 852 68
645 854 36
645 864 17
645 866 65
645 869 26
645 878 17
645 879 33
645 880 81
645 897 41
645 912 59
645 916 44
645 930 54
645 936 79
645 941 81
645 947 60
645 970 51
645 972 74
645 979 9
645 985 15
645 993 9
646 652 41
646 681 88
646 682 48
646 697 40
646 699 28
646 702 52
646 705 55
646 706 46
646 717 46
646 719 39
646 728 39
646 737 10
646 738 63
646 762 77
646 763 70
646 784 21
646 786 82
646 795 64
646 806 87
646 808 35
646 814 82
646 815 61
646 860 22
646 861 15
646 865 36
646 867 60
646 868 14
646 870 76
646 873 37
646 877 11
646 909 37
646 918 22
646 928 76
646 942 87
646 943 70
646 948 21
646 953 86
646 969 82
646 971 53
646 981 64
646 989 56
646 995 59
646 999 26
647 661 37
647 663 41
647 671 55
647 672 45
647 680 13
647 688 3
647 689 76
647 695 66
647 724 7
647 727 65
647 734 25
647 736 83
647 741 61
647 745 22
647 746 86
647 749 45
647 752 17
647 765 47
647 767 43
647 769 49
647 774 32
647 775 43
647 777 22
647 778 80
647 789 64
647 792 47
647 796 5
647 799 98
647 830 6
647 837 49
647 845 74
647 848 4
647 863 2
647 872 82
647 875 14
647 885 19
647 901 91
647 902 50
647 905 36
647 927 69
647 932 31
647 936 36
647 937 85
647 938 87
647 945 41
647 954 84
647 960 21
647 963 60
647 966 15
647 986 63
647 987 6
647 988 36
647 992 47
647 998 43
648 661 1
648 682 57
648 691 59
648 699 86
648 702 90
648 704 16
648 705 22
648 723 28
648 728 24
648 729 75
648 730 84
648 737 38
648 738 10
648 746 89
648 757 30
648 763 84
648 764 83
648 767 61
648 775 29
648 777 42
648 780 15
648 784 22
648 785 56
648 792 30
648 793 63
648 795 4
648 798 68
648 810 41
648 815 30
648 827 86
648 837 4
648 853 59
648 856 2
648 865 65
648 867 64
648 873 43
648 877 51
648 902 14
648 918 77
648 920 1
648 922 84
648 928 58
648 932 22
648 937 10
648 943 85
648 948 84
648 961 59
648 971 10
648 981 17
648 989 46
649 655 39
649 685 22
649 693 93
649 696 8
649 721 20
649 768 57
649 801 49
649 828 3
649 832 6
649 842 66
649 847 10
649 851 73
649 855 97
649 859 13
649 882 10
649 893 63
649 899 47
649 904 21
649 921 8
649 933 46
649 952 56
649 965 19
649 973 92
649 997 28
650 657 19
650 660 3
650 664 67
650 669 65
650 700 75
650 708 11
650 748 46
650 771 64
650 794 50
650 812 67
650 829 34
650 846 84
650 849 36
650 850 65
650 857 18
650 871 62
650 894 59
650 903 68
650 917 7
650 959 97
650 967 53
651 678 99
651 679 54
651 684 99
651 709 17
651 713 45
651 718 88
651 722 23
651 756 59
651 761 23
651 797 42
651 813 26
651 816 56
651 818 90
651 823 84
651 824 4
651 838 29
651 844 58
651 876 95
651 878 58
651 884 74
651 889 81
651 891 35
651 898 23
651 910 14
651 912 38
651 957 26
651 962 64
651 970 8
651 974 42
651 979 49
651 990 92
652 693 5
652 697 35
652 699 1
652 706 84
652 717 24
652 719 85
652 737 74
652 762 5
652 763 92
652 786 28
652 806 49
652 808 98
652 814 63
652 847 21
652 861 53
652 865 31
652 867 72
652 868 6
652 893 99
652 918 11
652 953 47
652 969 11
652 981 72
652 999 28
653 659 2
653 665 78
653 668 82
653 670 41
653 673 50
653 676 43
653 680 37
653 683 24
653 687 46
653 712 9
653 724 89
653 729 41
653 731 11
653 747 6
653 750 5
653 753 8
653 773 89
653 774 35
653 779 86
653 787 71
653 805 39
653 811 47
653 819 89
653 826 93
653 831 92
653 858 77
653 874 65
653 886 70
653 888 36
653 892 16
653 895 72
653 913 71
653 914 32
653 915 65
653 924 31
653 925 24
653 926 76
653 946 66
653 963 85
653 976 46
653 984 26
653 991 13
654 684 100
654 688 43
654 695 93
654 707 42
654 720 24
654 740 66
654 761 29
654 765 76
654 770 19
654 782 38
654 788 21
654 797 24
654 816 72
654 823 97
654 824 83
654 841 27
654 862 76
654 876 20
654 891 15
654 896 75
654 910 34
654 974 41
654 980 48
654 990 94
654 994 86
655 685 13
655 693 68
655 696 58
655 721 10
655 814 19
655 832 61
655 847 91
655 851 40
655 855 10
655 893 9
655 899 73
655 933 93
655 965 28
655 997 33
656 665 68
656 677 26
656 683 87
656 687 65
656 691 37
656 703 92
656 710 60
656 711 39
656 723 53
656 729 69
656 732 32
656 733 89
656 751 35
656 779 9
656 780 12
656 781 48
656 793 64
656 802 77
656 804 53
656 811 89
656 815 56
656 817 66
656 826 6
656 827 52
656 833 100
656 840 42
656 883 59
656 890 36
656 895 91
656 906 75
656 920 77
656 923 85
656 924 86
656 931 37
656 934 33
656 958 70
656 961 68
656 968 27
656 975 77
656 977 80
656 984 6
657 660 31
657 669 21
657 700 67
657 708 39
657 715 83
657 748 66
657 758 8
657 771 53
657 812 19
657 825 39
657 829 57
657 846 24
657 849 50
657 850 43
657 871 34
657 894 4
657 908 100
657 917 64
657 959 42
657 967 8
658 664 12
658 666 89
658 670 82
658 673 91
658 676 81
658 680 42
658 708 58
658 712 3
658 727 12
658 731 60
658 743 80
658 748 35
658 750 14
658 753 87
658 758 69
658 774 77
658 776 23
658 778 35
658 794 38
658 819 37
658 834 19
658 845 53
658 846 46
658 849 2
658 857 78
658 858 2
658 874 72
658 881 94
658 901 74
658 903 20
658 913 36
658 914 86
658 915 64
658 917 79
658 929 22
658 935 32
658 940 21
658 963 47
658 966 76
658 983 25
658 991 39
658 992 14
659 665 2
659 668 83
659 670 10
659 673 79
659 676 10
659 680 2
659 683 5
659 687 69
659 712 30
659 714 57
659 731 12
659 747 12
659 750 22
659 753 4
659 773 92
659 774 90
659 779 70
659 787 33
659 805 74
659 811 26
659 819 95
659 826 44
659 831 2
659 858 13
659 874 63
659 886 2
659 888 11
659 892 52
659 895 19
659 913 15
659 914 63
659 915 31
659 924 99
659 925 32
659 926 3
659 944 50
659 946 9
659 963 19
659 976 48
659 983 60
659 984 63
659 991 58
660 664 63
660 669 56
660 675 23
660 708 31
660 743 9
660 748 95
660 771 12
660 776 93
660 794 18
660 812 83
660 829 77
660 846 25
660 850 64
660 857 5
660 871 13
660 894 56
660 903 62
660 940 42
660 959 93
660 967 84
661 663 59
661 671 62
661 672 71
661 682 88
661 702 47
661 704 86
661 724 98
661 729 31
661 730 44
661 734 44
661 738 1
661 746 94
661 757 50
661 764 79
661 767 74
661 769 73
661 775 29
661 777 99
661 780 88
661 785 90
661 789 36
661 792 69
661 795 57
661 796 99
661 798 22
661 799 56
661 810 84
661 827 86
661 830 79
661 837 34
661 848 68
661 853 67
661 856 70
661 863 100
661 872 67
661 873 88
661 877 17
661 895 45
661 902 91
661 905 41
661 922 100
661 927 9
661 932 93
661 937 25
661 945 42
661 948 94
661 954 40
661 960 97
661 961 47
661 971 60
661 987 18
661 992 92
662 674 41
662 677 69
662 711 51
662 732 79
662 742 46
662 755 44
662 781 87
662 839 14
662 840 42
662 883 46
662 900 31
662 906 30
662 934 15
662 939 6
662 956 100
662 958 91
662 982 35
663 671 42
663 672 16
663 680 61
663 689 100
663 704 11
663 724 7
663 727 7
663 731 74
663 734 14
663 736 52
663 746 81
663 749 71
663 767 52
663 769 53
663 774 36
663 775 36
663 777 99
663 778 87
663 787 26
663 789 33
663 792 98
663 796 12
663 799 6
663 810 15
663 830 6
663 837 69
663 845 9
663 848 72
663 863 98
663 872 25
663 875 38
663 885 8
663 901 14
663 902 70
663 905 49
663 927 61
663 932 95
663 937 54
663 945 47
663 954 1
663 960 2
663 963 92
663 966 52
663 986 56
663 987 79
663 988 66
663 991 26
663 992 81
663 998 69
664 666 14
664 669 100
664 675 12
664 676 60
664 708 7
664 714 57
664 743 58
664 748 71
664 753 13
664 758 58
664 771 63
664 773 82
664 776 38
664 794 84
664 812 35
664 819 25
664 829 82
664 831 89
664 834 35
664 846 50
664 850 26
664 857 40
664 858 37
664 874 78
664 894 62
664 903 7
664 913 67
664 915 99
664 917 53
664 935 73
664 940 60
664 967 69
664 983 94
665 668 92
665 670 1
665 673 77
665 677 96
665 683 35
665 687 62
665 711 67
665 712 49
665 729 93
665 732 38
665 733 36
665 747 52
665 750 45
665 751 75
665 779 18
665 787 49
665 804 39
665 805 17
665 811 30
665 826 85
665 840 36
665 886 59
665 888 26
665 890 40
665 892 76
665 895 42
665 924 66
665 925 42
665 926 33
665 934 34
665 944 15
665 946 63
665 949 35
665 968 53
665 976 64
665 977 64
665 984 36
666 680 60
666 700 52
666 708 80
666 727 45
666 731 44
666 736 72
666 744 37
666 748 94
666 753 91
666 758 46
666 766 63
666 774 8
666 776 65
666 778 93
666 794 93
666 812 22
666 819 19
666 825 72
666 829 31
666 834 85
666 845 34
666 846 40
666 849 76
666 850 54
666 857 5
666 858 76
666 881 62
666 901 51
666 903 38
666 908 84
666 913 92
666 914 51
666 915 15
666 917 84
666 929 80
666 935 100
666 940 19
666 963 77
666 966 79
666 983 16
666 986 76
666 996 36
667 681 41
667 691 4
667 692 67
667 703 48
667 710 39
667 717 44
667 723 19
667 728 21
667 732 84
667 737 1
667 751 11
667 754 64
667 755 64
667 781 15
667 786 96
667 793 28
667 802 51
667 803 6
667 804 61
667 815 26
667 817 92
667 833 37
667 861 100
667 883 71
667 890 51
667 906 86
667 907 45
667 909 78
667 918 100
667 920 32
667 923 7
667 931 67
667 953 64
667 958 18
667 964 7
667 968 41
667 975 12
667 995 15
668 670 10
668 673 64
668 676 13
668 683 82
668 711 84
668 712 76
668 714 30
668 747 5
668 750 49
668 773 62
668 779 39
668 805 80
668 811 29
668 819 83
668 826 18
668 831 4
668 874 44
668 886 86
668 888 57
668 892 7
668 924 23
668 925 72
668 926 23
668 934 43
668 944 11
668 946 54
668 949 34
668 976 61
668 984 4
669 675 81
669 708 25
669 743 96
669 748 86
669 771 77
669 776 89
669 794 62
669 812 2
669 829 1
669 846 3
669 850 35
669 857 98
669 871 51
669 894 3
669 903 76
669 917 39
669 940 47
669 959 75
669 967 75
670 673 3
670 676 47
670 680 2
670 683 53
670 687 33
670 712 86
670 714 76
670 731 47
670 747 49
670 750 67
670 753 57
670 773 8
670 774 20
670 779 60
670 787 98
670 805 51
670 811 93
670 819 35
670 831 72
670 858 51
670 874 43
670 886 99
670 888 2
670 892 61
670 895 66
670 913 47
670 914 59
670 915 37
670 924 84
670 925 15
670 926 34
670 944 67
670 946 67
670 963 65
670 976 70
670 983 36
670 984 50
670 991 55
671 672 38
671 680 17
671 688 25
671 689 83
671 695 42
671 724 70
671 730 35
671 734 52
671 736 18
671 741 83
671 745 65
671 746 74
671 749 55
671 752 95
671 767 49
671 769 72
671 774 42
671 775 43
671 777 10
671 778 68
671 782 81
671 789 18
671 792 86
671 796 81
671 799 66
671 830 86
671 837 98
671 845 94
671 848 37
671 863 17
671 872 76
671 875 45
671 885 11
671 902 59
671 905 16
671 927 33
671 932 29
671 936 83
671 937 38
671 938 94
671 945 84
671 954 86
671 960 71
671 966 71
671 986 96
671 987 65
671 988 82
671 992 44
671 998 62
672 680 65
672 688 38
672 689 12
672 724 83
672 727 73
672 731 11
672 734 18
672 736 44
672 746 49
672 747 48
672 749 54
672 765 95
672 767 69
672 769 39
672 774 7
672 775 66
672 778 42
672 787 5
672 789 37
672 792 58
672 796 98
672 799 4
672 830 53
672 837 67
672 845 12
672 863 50
672 875 1
672 881 40
672 885 25
672 901 90
672 902 72
672 905 26
672 915 63
672 927 73
672 929 2
672 932 6
672 935 53
672 937 14
672 945 72
672 960 88
672 963 27
672 966 50
672 986 55
672 987 83
672 988 63
672 991 84
672 992 62
672 998 55
673 676 14
673 680 11
673 683 93
673 687 86
673 704 21
673 712 88
673 724 68
673 727 38
673 729 22
673 731 1
673 747 12
673 750 51
673 753 19
673 774 28
673 779 64
673 787 77
673 799 35
673 805 36
673 811 91
673 819 94
673 830 29
673 831 1
673 845 88
673 858 92
673 874 22
673 888 100
673 892 67
673 895 85
673 905 37
673 914 11
673 915 36
673 924 87
673 925 65
673 963 86
673 984 29
673 991 25
673 992 90
674 677 40
674 683 85
674 711 100
674 732 55
674 742 49
674 826 96
674 839 17
674 840 78
674 900 19
674 926 27
674 934 87
674 939 9
674 944 8
674 949 27
674 956 62
674 982 93
675 676 98
675 708 75
675 714 26
675 743 39
675 748 33
675 753 84
675 771 57
675 776 93
675 794 59
675 812 26
675 829 87
675 831 25
675 850 100
675 857 60
675 858 5
675 894 80
675 903 54
675 913 14
675 940 47
675 967 100
675 983 89
676 712 2
676 714 40
676 731 86
676 743 19
676 750 71
676 753 8
676 773 4
676 776 47
676 794 64
676 805 44
676 819 54
676 831 32
676 834 45
676 858 32
676 874 43
676 886 50
676 888 74
676 892 45
676 903 20
676 913 18
676 914 51
676 915 44
676 925 59
676 940 94
676 946 32
676 976 6
676 983 75
676 991 35
677 683 19
677 703 17
677 711 55
677 732 27
677 742 51
677 755 59
677 781 84
677 802 34
677 826 93
677 839 1
677 840 70
677 883 8
677 890 91
677 900 82
677 906 20
677 931 14
677 934 54
677 939 78
677 956 9
677 958 11
677 964 66
677 968 39
677 975 98
677 977 64
677 982 84
678 679 65
678 718 22
678 720 40
678 797 53
678 813 25
678 816 77
678 818 95
678 823 61
678 824 9
678 844 61
678 876 13
678 889 72
678 898 75
678 910 16
678 912 90
678 951 98
678 962 70
678 974 47
678 990 58
679 713 47
679 718 59
679 722 99
679 797 2
679 813 92
679 816 17
679 818 16
679 823 74
679 838 14
679 844 15
679 876 66
679 878 73
679 884 58
679 889 13
679 898 91
679 910 3
679 912 94
679 951 62
679 957 94
679 962 23
679 974 61
679 990 58
680 712 53
680 724 5
680 727 53
680 731 76
680 736 50
680 747 45
680 749 14
680 750 55
680 753 65
680 758 58
680 774 3
680 778 31
680 787 25
680 799 71
680 819 56
680 830 44
680 834 32
680 845 25
680 858 14
680 875 95
680 881 15
680 885 44
680 892 100
680 901 49
680 905 12
680 914 65
680 915 3
680 924 29
680 929 36
680 935 41
680 945 3
680 963 2
680 966 49
680 986 22
680 987 93
680 988 47
680 991 60
680 992 36
681 691 26
681 692 99
681 710 88
681 717 9
681 728 24
681 737 89
681 754 80
681 762 39
681 786 89
681 803 67
681 806 90
681 815 25
681 861 5
681 907 70
681 909 55
681 918 5
681 920 49
681 923 31
681 953 72
681 964 18
681 981 42
681 995 73
682 699 23
682 702 43
682 704 72
682 705 56
682 706 87
682 719 71
682 730 77
682 737 70
682 738 56
682 746 28
682 757 34
682 763 9
682 764 79
682 767 22
682 775 30
682 777 74
682 780 50
682 784 16
682 785 97
682 792 30
682 795 3
682 798 42
682 810 53
682 815 54
682 820 99
682 827 64
682 837 17
682 853 46
682 856 51
682 865 60
682 867 85
682 868 97
682 873 76
682 877 99
682 902 60
682 918 86
682 922 23
682 928 30
682 932 1
682 937 62
682 942 54
682 943 22
682 948 38
682 961 31
682 971 19
682 978 62
682 981 59
682 989 77
682 999 4
683 687 62
683 711 95
683 712 6
683 732 99
683 733 22
683 742 84
683 750 56
683 779 96
683 805 77
683 811 53
683 826 86
683 840 91
683 886 86
683 888 82
683 890 33
683 892 51
683 924 14
683 925 1
683 926 38
683 934 23
683 944 64
683 946 29
683 949 83
683 968 25
683 976 11
683 977 66
683 984 84
684 688 49
684 689 92
684 695 97
684 707 81
684 720 29
684 736 33
684 740 81
684 741 13
684 745 74
684 756 99
684 761 70
684 765 11
684 770 43
684 782 61
684 788 58
684 816 26
684 823 50
684 824 63
684 841 7
684 876 6
684 891 56
684 938 70
684 974 58
684 979 44
684 980 15
684 990 59
684 994 55
684 998 78
685 686 11
685 693 7
685 694 92
685 696 23
685 697 92
685 706 6
685 721 76
685 768 50
685 772 14
685 790 7
685 801 69
685 814 80
685 828 51
685 832 30
685 835 48
685 836 99
685 842 39
685 847 39
685 851 64
685 855 91
685 859 72
685 860 6
685 868 5
685 870 55
685 882 34
685 893 93
685 899 55
685 904 82
685 921 91
685 933 53
685 942 2
685 952 65
685 955 48
685 965 63
685 973 46
685 997 86
685 999 93
686 694 22
686 698 34
686 701 59
686 705 57
686 726 53
686 739 83
686 768 85
686 772 6
686 783 70
686 784 23
686 785 13
686 790 32
686 791 31
686 801 36
686 807 2
686 820 13
686 822 91
686 828 26
686 835 66
686 836 25
686 842 23
686 859 42
686 860 72
686 868 64
686 869 44
686 870 44
686 882 24
686 887 5
686 904 55
686 911 70
686 919 8
686 921 93
686 941 74
686 942 72
686 943 8
686 950 27
686 952 80
686 955 35
686 965 5
686 971 64
686 973 37
686 978 26
686 989 84
686 993 7
686 997 28
687 704 89
687 712 53
687 723 66
687 724 19
687 729 59
687 733 51
687 746 99
687 747 71
687 750 80
687 751 51
687 779 78
687 780 24
687 787 44
687 799 100
687 804 1
687 810 72
687 811 37
687 817 71
687 826 23
687 827 53
687 837 93
687 856 93
687 890 55
687 892 77
687 895 35
687 902 100
687 905 54
687 924 85
687 932 63
687 937 67
687 961 9
687 963 9
687 984 48
687 991 8
688 689 47
688 695 58
688 707 56
688 720 27
688 736 33
688 740 62
688 741 49
688 744 54
688 745 67
688 749 29
688 756 13
688 761 85
688 765 65
688 766 47
688 770 35
688 778 60
688 782 79
688 788 59
688 796 6
688 824 36
688 825 10
688 841 43
688 845 61
688 862 2
688 875 18
688 881 87
688 885 83
688 891 78
688 896 65
688 901 60
688 908 84
688 927 73
688 938 81
688 960 48
688 966 62
688 980 85
688 986 22
688 987 13
688 988 62
688 996 97
688 998 80
689 695 26
689 734 25
689 736 65
689 741 11
689 745 67
689 749 65
689 752 28
689 756 57
689 761 32
689 765 2
689 767 62
689 769 28
689 770 14
689 775 72
689 778 89
689 782 8
689 789 74
689 792 6
689 796 13
689 824 85
689 830 45
689 848 60
689 863 14
689 866 58
689 872 61
689 875 81
689 885 75
689 891 37
689 905 39
689 927 52
689 936 82
689 938 52
689 945 1
689 954 54
689 960 32
689 966 72
689 970 66
689 972 18
689 979 5
689 980 85
689 985 14
689 986 89
689 987 22
689 988 20
689 992 6
689 998 30
690 698 16
690 701 34
690 709 46
690 716 8
690 722 94
690 725 36
690 726 99
690 735 6
690 739 84
690 759 66
690 783 77
690 791 19
690 807 75
690 809 21
690 821 41
690 822 29
690 843 60
690 852 39
690 854 96
690 864 35
690 869 17
690 879 33
690 880 54
690 887 55
690 897 73
690 916 16
690 919 36
690 930 43
690 941 34
690 947 66
690 970 62
690 972 31
690 985 76
690 993 43
691 692 29
691 703 50
691 710 91
691 717 57
691 723 90
691 728 23
691 729 64
691 732 30
691 733 44
691 737 74
691 738 34
691 751 49
691 780 81
691 781 65
691 793 55
691 795 42
691 802 74
691 803 7
691 804 12
691 815 45
691 817 98
691 827 63
691 833 72
691 856 86
691 890 87
691 909 59
691 918 8
691 920 77
691 923 100
691 928 5
691 931 44
691 958 24
691 961 67
691 964 99
691 968 24
691 975 27
691 977 25
691 995 24
692 703 2
692 710 47
692 717 52
692 728 87
692 737 90
692 754 73
692 755 62
692 781 95
692 786 29
692 793 89
692 802 33
692 803 6
692 806 12
692 815 66
692 833 93
692 861 1
692 883 43
692 906 73
692 907 97
692 909 40
692 920 42
692 923 64
692 931 6
692 953 88
692 958 56
692 964 95
692 975 38
692 995 41
693 696 29
693 697 17
693 706 37
693 721 74
693 768 44
693 772 84
693 801 84
693 808 98
693 814 55
693 828 47
693 832 52
693 842 29
693 847 91
693 851 45
693 855 61
693 859 16
693 860 51
693 867 96
693 868 63
693 870 18
693 882 42
693 893 35
693 899 9
693 904 30
693 921 34
693 933 45
693 942 14
693 952 77
693 965 94
693 969 78
693 997 43
693 999 8
694 698 53
694 701 33
694 705 88
694 721 16
694 726 58
694 739 35
694 768 9
694 772 3
694 783 87
694 784 78
694 790 10
694 791 75
694 801 17
694 807 92
694 820 38
694 822 99
694 828 47
694 835 52
694 836 98
694 842 23
694 847 16
694 851 37
694 859 15
694 860 38
694 868 95
694 870 9
694 882 26
694 887 25
694 904 9
694 911 2
694 919 17
694 921 72
694 933 4
694 942 84
694 950 38
694 952 74
694 955 58
694 965 80
694 971 32
694 973 24
694 978 24
694 989 44
694 997 6
695 720 93
695 736 96
695 740 63
695 741 3
695 744 2
695 745 33
695 749 13
695 756 53
695 761 31
695 765 40
695 769 21
695 770 45
695 778 27
695 782 98
695 788 56
695 796 32
695 824 53
695 841 4
695 872 12
695 875 23
695 885 24
695 891 37
695 901 22
695 927 29
695 938 57
695 960 76
695 966 60
695 979 52
695 980 57
695 986 3
695 987 44
695 988 71
695 996 44
695 998 74
696 697 58
696 721 69
696 801 21
696 808 26
696 814 67
696 828 20
696 832 45
696 842 9
696 847 48
696 851 86
696 855 31
696 859 65
696 860 37
696 870 31
696 882 100
696 893 14
696 899 9
696 933 32
696 965 26
696 997 45
697 699 62
697 706 43
697 719 58
697 762 34
697 763 93
697 806 43
697 808 81
697 814 42
697 847 52
697 851 4
697 859 56
697 860 91
697 861 21
697 865 3
697 867 66
697 868 90
697 870 35
697 893 61
697 953 93
697 969 72
697 981 26
697 999 18
698 701 2
698 705 89
698 716 19
698 726 7
698 739 13
698 757 85
698 768 41
698 772 33
698 783 15
698 784 41
698 785 78
698 790 3
698 791 46
698 798 97
698 807 9
698 820 15
698 822 89
698 835 29
698 836 79
698 843 63
698 866 71
698 869 47
698 887 87
698 897 27
698 904 18
698 911 18
698 919 67
698 921 9
698 936 27
698 941 9
698 942 5
698 955 15
698 971 13
698 978 88
698 993 19
699 702 10
699 705 64
699 706 90
699 717 55
699 719 69
699 728 37
699 737 83
699 738 70
699 762 79
699 763 36
699 772 25
699 784 44
699 786 92
699 795 96
699 806 76
699 808 92
699 814 41
699 815 91
699 847 78
699 859 77
699 860 74
699 861 30
699 865 59
699 867 5
699 868 79
699 870 55
699 873 58
699 877 2
699 893 90
699 909 59
699 918 6
699 928 13
699 942 10
699 943 80
699 948 64
699 953 62
699 969 22
699 971 89
699 981 50
699 989 19
699 999 16
700 715 95
700 740 39
700 744 40
700 748 54
700 758 21
700 766 57
700 812 61
700 825 1
700 829 82
700 834 66
700 846 35
700 849 17
700 850 3
700 862 68
700 881 82
700 896 12
700 908 2
700 917 84
700 929 94
700 959 64
700 996 28
701 716 14
701 726 18
701 735 81
701 739 92
701 768 3
701 783 99
701 790 12
701 791 4
701 807 80
701 809 70
701 820 11
701 822 52
701 835 3
701 836 23
701 843 44
701 869 92
701 879 46
701 887 98
701 897 59
701 904 17
701 911 72
701 919 37
701 921 86
701 941 53
701 950 65
701 955 6
701 973 36
701 978 56
701 993 1
702 705 16
702 706 66
702 719 21
702 730 83
702 738 9
702 757 65
702 763 5
702 764 13
702 767 58
702 772 41
702 775 54
702 777 77
702 780 79
702 783 43
702 784 16
702 785 91
702 790 83
702 792 85
702 795 16
702 798 100
702 810 14
702 820 94
702 827 68
702 837 100
702 853 14
702 856 57
702 860 10
702 865 1
702 867 71
702 868 11
702 873 69
702 877 82
702 902 13
702 911 3
702 918 84
702 922 40
702 928 91
702 937 45
702 942 99
702 943 44
702 948 23
702 955 24
702 961 73
702 971 25
702 978 89
702 981 9
702 989 46
702 999 24
703 710 9
703 723 88
703 728 44
703 732 72
703 733 19
703 751 92
703 754 22
703 755 71
703 779 74
703 780 96
703 781 7
703 793 26
703 802 56
703 803 19
703 804 32
703 815 25
703 817 75
703 826 16
703 827 61
703 833 9
703 840 62
703 883 79
703 890 21
703 900 60
703 906 36
703 907 28
703 920 23
703 923 87
703 931 69
703 934 47
703 958 25
703 961 15
703 964 100
703 968 39
703 975 6
703 977 10
703 984 7
704 723 48
704 724 1
704 729 40
704 730 12
704 733 38
704 734 97
704 746 31
704 747 96
704 751 80
704 764 20
704 767 69
704 775 42
704 777 96
704 779 34
704 780 57
704 787 5
704 789 81
704 792 85
704 795 28
704 799 89
704 804 39
704 810 57
704 811 13
704 827 60
704 830 76
704 837 92
704 853 13
704 856 35
704 873 12
704 892 47
704 895 51
704 902 49
704 905 6
704 922 90
704 924 78
704 928 19
704 932 46
704 937 6
704 945 16
704 948 75
704 961 15
704 963 72
704 984 20
704 991 93
704 992 97
705 706 9
705 719 16
705 730 15
705 738 22
705 757 99
705 763 36
705 764 55
705 768 84
705 772 45
705 777 25
705 783 100
705 784 78
705 785 93
705 790 19
705 791 94
705 795 37
705 798 99
705 820 61
705 828 70
705 835 79
705 836 86
705 853 100
705 856 54
705 859 59
705 860 56
705 865 54
705 867 24
705 868 27
705 870 68
705 873 10
705 877 81
705 887 58
705 911 39
705 918 76
705 921 85
705 922 64
705 928 68
705 942 94
705 943 34
705 948 65
705 955 27
705 971 89
705 978 98
705 981 98
705 989 37
705 999 66
706 719 1
706 737 52
706 738 83
706 762 26
706 763 69
706 772 28
706 784 96
706 806 63
706 808 34
706 814 56
706 820 47
706 828 12
706 847 15
706 851 14
706 859 7
706 860 86
706 861 23
706 865 38
706 867 53
706 868 46
706 870 64
706 873 71
706 877 64
706 893 22
706 909 91
706 918 9
706 921 85
706 928 6
706 942 3
706 943 53
706 948 69
706 953 89
706 969 58
706 971 48
706 981 93
706 989 40
706 999 48
707 715 67
707 720 37
707 740 44
707 744 9
707 765 33
707 766 90
707 770 53
707 788 95
707 825 62
707 841 86
707 862 100
707 891 62
707 896 41
707 908 65
707 980 88
707 990 61
707 994 43
707 996 54
708 743 86
708 748 47
708 753 47
708 758 27
708 771 77
708 776 75
708 794 78
708 812 59
708 829 36
708 834 74
708 846 33
708 849 43
708 850 88
708 857 10
708 858 9
708 871 12
708 894 26
708 903 80
708 913 35
708 917 40
708 940 92
708 959 18
708 967 11
708 983 4
709 713 9
709 716 22
709 722 64
709 725 85
709 735 13
709 741 24
709 745 61
709 752 47
709 756 74
709 759 15
709 761 56
709 809 3
709 813 67
709 816 11
709 821 17
709 838 32
709 843 61
709 848 33
709 852 85
709 854 57
709 864 26
709 866 45
709 869 71
709 878 60
709 879 18
709 897 81
709 912 75
709 916 38
709 936 31
709 938 79
709 941 50
709 947 33
709 970 45
709 972 8
709 979 15
709 985 9
709 993 97
710 717 81
710 723 86
710 728 96
710 732 73
710 733 30
710 737 80
710 751 57
710 754 81
710 755 13
710 780 64
710 781 48
710 793 22
710 802 50
710 803 81
710 804 44
710 815 14
710 817 11
710 827 46
710 833 92
710 883 46
710 890 89
710 900 21
710 906 77
710 907 44
710 909 32
710 920 20
710 923 49
710 928 89
710 931 85
710 958 21
710 961 9
710 964 96
710 968 50
710 975 29
710 977 13
710 995 71
711 732 75
711 742 71
711 779 37
711 826 59
711 839 56
711 840 11
711 888 46
711 890 18
711 926 86
711 934 77
711 939 68
711 944 79
711 946 70
711 949 74
711 968 49
711 976 57
711 977 81
711 984 6
712 714 14
712 727 15
712 731 48
712 747 56
712 750 15
712 753 94
712 773 43
712 774 52
712 779 43
712 787 18
712 805 83
712 811 20
712 819 84
712 831 61
712 858 2
712 874 90
712 886 83
712 888 50
712 892 53
712 895 20
712 913 42
712 914 23
712 915 100
712 924 61
712 925 60
712 926 33
712 946 1
712 963 19
712 976 34
712 983 83
712 984 65
712 991 97
713 716 60
713 718 42
713 722 98
713 725 61
713 741 41
713 745 16
713 756 50
713 761 41
713 813 48
713 816 22
713 818 81
713 821 59
713 824 15
713 838 78
713 843 98
713 852 11
713 854 49
713 864 70
713 878 98
713 879 29
713 889 59
713 897 25
713 912 32
713 916 65
713 938 70
713 947 45
713 962 46
713 970 38
713 972 100
713 979 93
713 985 96
714 743 21
714 750 16
714 753 88
714 773 1
714 776 62
714 794 86
714 805 20
714 819 42
714 831 58
714 858 28
714 874 91
714 886 78
714 888 78
714 913 66
714 914 95
714 925 35
714 940 62
714 946 53
714 976 72
714 983 25
715 740 36
715 744 48
715 766 33
715 825 47
715 846 97
715 849 35
715 862 93
715 896 59
715 908 13
715 917 63
715 959 70
715 996 80
716 722 79
716 725 100
716 726 95
716 735 89
716 752 26
716 759 84
716 783 52
716 791 26
716 809 90
716 821 84
716 822 56
716 843 15
716 848 74
716 852 69
716 854 13
716 864 28
716 866 40
716 869 36
716 878 94
716 879 46
716 880 14
716 887 98
716 897 71
716 916 26
716 930 72
716 936 16
716 941 14
716 947 8
716 970 39
716 972 79
716 985 19
716 993 51
717 719 17
717 728 72
717 737 25
717 762 31
717 786 80
717 793 34
717 803 17
717 806 68
717 815 18
717 861 96
717 865 51
717 907 70
717 909 65
717 918 3
717 920 48
717 923 29
717 928 65
717 953 82
717 969 48
717 981 100
717 995 30
718 722 76
718 760 26
718 797 12
718 800 27
718 813 49
718 816 76
718 818 34
718 823 21
718 838 5
718 844 69
718 854 19
718 876 18
718 878 31
718 884 16
718 889 12
718 898 36
718 910 55
718 912 33
718 951 60
718 957 46
718 962 42
718 974 26
719 728 39
719 737 100
719 738 60
719 762 62
719 763 81
719 772 54
719 784 78
719 786 75
719 795 18
719 806 80
719 808 98
719 814 98
719 847 42
719 859 18
719 860 6
719 861 87
719 865 67
719 867 100
719 868 74
719 870 20
719 873 27
719 877 92
719 893 66
719 909 35
719 918 45
719 928 73
719 942 3
719 943 11
719 948 31
719 953 56
719 969 24
719 971 75
719 981 12
719 989 68
719 999 86
720 761 12
720 770 31
720 782 32
720 788 46
720 797 33
720 816 94
720 823 35
720 824 86
720 841 7
720 862 24
720 876 35
720 891 36
720 896 20
720 910 56
720 974 58
720 980 8
720 990 52
720 994 80
721 768 92
721 772 70
721 801 96
721 814 43
721 828 14
721 832 41
721 835 62
721 836 20
721 842 62
721 847 42
721 851 27
721 855 53
721 859 52
721 860 53
721 870 56
721 882 13
721 893 16
721 899 75
721 904 20
721 921 68
721 933 27
721 952 32
721 965 9
721 973 79
721 997 90
722 725 38
722 735 7
722 756 14
722 759 83
722 760 49
722 800 100
722 809 73
722 813 98
722 816 66
722 818 94
722 821 61
722 838 35
722 843 64
722 852 30
722 854 70
722 864 70
722 878 67
722 879 53
722 880 13
722 884 65
722 889 58
722 897 38
722 912 67
722 916 8
722 930 21
722 947 55
722 957 82
722 962 59
722 970 14
722 972 59
722 979 89
722 985 26
723 728 18
723 729 66
723 732 4
723 733 70
723 751 34
723 764 46
723 779 43
723 780 60
723 787 71
723 793 100
723 795 100
723 802 77
723 804 86
723 810 95
723 811 48
723 815 41
723 817 82
723 827 31
723 833 94
723 856 64
723 890 82
723 895 64
723 902 64
723 909 25
723 920 31
723 922 17
723 923 87
723 928 56
723 931 28
723 937 48
723 961 69
723 968 3
723 975 52
723 977 30
723 984 15
724 727 65
724 729 86
724 731 67
724 734 68
724 746 50
724 747 69
724 749 87
724 767 41
724 774 72
724 775 34
724 777 67
724 787 96
724 789 96
724 792 94
724 796 14
724 799 13
724 810 91
724 811 54
724 830 59
724 837 81
724 845 68
724 863 44
724 875 14
724 885 100
724 892 11
724 895 23
724 902 100
724 905 9
724 914 97
724 915 93
724 924 80
724 927 58
724 932 67
724 937 8
724 945 13
724 960 39
724 963 98
724 966 28
724 986 52
724 987 71
724 988 7
724 991 94
724 992 67
725 735 71
725 759 79
725 760 27
725 800 12
725 809 12
725 821 86
725 822 71
725 838 30
725 843 8
725 852 44
725 854 52
725 864 58
725 878 64
725 879 54
725 880 23
725 897 34
725 912 51
725 916 8
725 930 82
725 941 87
725 947 51
725 970 40
725 972 78
726 735 44
726 739 77
726 768 44
726 783 1
726 790 71
726 791 95
726 807 8
726 809 90
726 820 83
726 822 58
726 835 89
726 836 95
726 843 14
726 869 13
726 879 5
726 887 98
726 897 31
726 904 37
726 911 36
726 919 95
726 921 55
726 941 60
726 950 84
726 955 88
726 973 55
726 978 97
726 993 61
727 731 79
727 736 17
727 744 49
727 747 99
727 749 28
727 758 22
727 765 94
727 766 70
727 774 28
727 778 23
727 819 66
727 830 72
727 834 97
727 845 46
727 858 89
727 875 69
727 881 30
727 885 75
727 892 66
727 901 48
727 905 14
727 914 17
727 915 71
727 929 21
727 935 81
727 963 33
727 966 10
727 986 71
727 987 3
727 988 81
727 991 7
727 992 83
727 996 60
728 737 92
728 738 4
728 751 91
728 762 19
728 763 100
728 780 46
728 786 15
728 793 48
728 795 96
728 802 70
728 803 82
728 804 9
728 806 97
728 815 77
728 817 31
728 827 68
728 833 96
728 856 88
728 861 12
728 865 99
728 909 7
728 918 78
728 920 80
728 923 9
728 928 65
728 931 14
728 953 52
728 961 31
728 975 82
728 981 16
728 995 57
729 733 1
729 734 87
729 746 73
729 747 7
729 751 56
729 764 78
729 775 16
729 777 57
729 779 65
729 780 40
729 787 23
729 793 65
729 795 84
729 799 12
729 804 73
729 810 77
729 811 7
729 817 34
729 827 40
729 833 9
729 837 72
729 856 36
729 890 39
729 892 74
729 895 5
729 902 88
729 905 50
729 922 94
729 924 46
729 932 16
729 937 69
729 961 20
729 963 38
729 984 35
729 991 5
730 734 62
730 738 20
730 746 67
730 757 3
730 764 95
730 767 40
730 775 61
730 777 19
730 780 3
730 784 5
730 785 13
730 789 100
730 792 44
730 795 100
730 798 38
730 799 34
730 810 36
730 827 6
730 837 98
730 848 17
730 853 100
730 856 36
730 863 35
730 866 99
730 872 28
730 873 49
730 877 49
730 902 99
730 905 80
730 922 71
730 927 74
730 928 42
730 932 56
730 937 49
730 943 51
730 945 64
730 948 77
730 954 32
730 961 14
730 971 58
730 978 67
730 989 32
731 747 37
731 750 31
731 753 64
731 758 4
731 774 71
731 776 12
731 778 57
731 787 59
731 805 19
731 819 35
731 830 61
731 834 29
731 845 77
731 858 80
731 874 59
731 875 93
731 881 52
731 885 65
731 892 24
731 901 87
731 905 79
731 913 90
731 914 66
731 915 8
731 924 81
731 925 44
731 929 95
731 935 34
731 963 30
731 966 1
731 983 98
731 986 38
731 988 43
731 991 27
731 992 43
732 733 47
732 742 12
732 751 44
732 754 26
732 755 22
732 779 67
732 781 56
732 793 18
732 802 10
732 804 62
732 817 50
732 826 7
732 833 87
732 839 100
732 840 36
732 883 45
732 890 33
732 900 50
732 906 56
732 907 6
732 923 62
732 931 11
732 934 24
732 939 15
732 956 27
732 958 12
732 964 100
732 968 33
732 975 32
732 977 48
733 751 70
733 779 6
733 780 76
733 787 92
733 793 83
733 795 80
733 802 73
733 804 76
733 810 39
733 811 83
733 815 86
733 817 81
733 826 59
733 827 66
733 833 33
733 856 20
733 890 58
733 895 19
733 902 3
733 920 91
733 923 69
733 924 95
733 931 78
733 937 67
733 961 54
733 968 5
733 975 96
733 977 28
733 984 68
734 746 31
734 749 59
734 752 87
734 757 92
734 764 25
734 767 20
734 769 65
734 774 10
734 775 21
734 777 97
734 787 13
734 789 13
734 792 64
734 796 72
734 798 47
734 799 91
734 810 88
734 830 81
734 837 96
734 848 8
734 853 35
734 863 14
734 872 74
734 875 94
734 885 37
734 895 5
734 902 75
734 905 51
734 922 96
734 927 97
734 932 24
734 937 36
734 945 68
734 954 73
734 960 39
734 963 4
734 986 49
734 987 66
734 988 67
734 992 81
734 998 12
735 739 78
735 759 42
735 791 28
735 807 18
735 809 81
735 821 10
735 822 45
735 843 6
735 852 61
735 854 55
735 864 37
735 869 28
735 878 95
735 879 96
735 880 63
735 887 56
735 897 7
735 916 75
735 919 64
735 930 62
735 941 64
735 947 69
735 950 6
735 993 66
736 740 29
736 744 5
736 749 5
736 758 57
736 765 10
736 766 57
736 770 20
736 774 27
736 778 59
736 782 42
736 788 82
736 796 28
736 825 23
736 830 24
736 845 83
736 862 52
736 875 23
736 881 4
736 885 57
736 891 11
736 901 71
736 908 7
736 927 20
736 929 47
736 935 41
736 938 58
736 960 87
736 966 81
736 980 58
736 986 37
736 987 59
736 988 8
736 992 13
736 996 2
736 998 90
737 738 39
737 762 13
737 763 15
737 780 80
737 786 18
737 793 83
737 795 94
737 803 82
737 806 39
737 815 76
737 827 7
737 833 20
737 856 27
737 861 83
737 865 82
737 867 98
737 868 6
737 873 47
737 877 39
737 909 84
737 918 43
737 920 53
737 923 34
737 928 66
737 943 99
737 948 42
737 953 32
737 961 2
737 969 10
737 981 53
737 989 18
737 995 7
737 999 72
738 762 100
738 763 99
738 764 90
738 777 42
738 780 42
738 784 78
738 785 32
738 795 26
738 798 38
738 810 100
738 815 27
738 827 33
738 853 23
738 856 84
738 865 41
738 867 40
738 868 56
738 873 90
738 877 51
738 909 38
738 918 19
738 920 40
738 922 57
738 928 93
738 937 50
738 942 54
738 943 97
738 948 23
738 953 51
738 961 57
738 971 50
738 978 13
738 981 79
738 989 77
738 999 9
739 768 37
739 783 20
739 790 24
739 791 59
739 801 43
739 807 63
739 820 78
739 822 48
739 835 17
739 836 25
739 842 65
739 843 50
739 869 61
739 882 14
739 887 79
739 897 8
739 904 15
739 911 17
739 919 80
739 921 92
739 941 71
739 950 2
739 952 32
739 955 72
739 973 30
739 978 14
739 993 37
740 744 9
740 758 3
740 765 8
740 766 65
740 770 27
740 778 62
740 788 96
740 825 11
740 841 85
740 846 94
740 849 95
740 862 12
740 881 82
740 891 48
740 896 36
740 901 6
740 908 43
740 917 99
740 929 15
740 935 34
740 966 72
740 980 83
740 986 9
740 994 46
740 996 29
741 745 29
741 752 82
741 756 91
741 761 18
741 769 34
741 782 84
741 789 28
741 796 77
741 813 33
741 816 81
741 824 69
741 848 77
741 863 38
741 866 68
741 872 89
741 891 62
741 927 97
741 936 35
741 938 15
741 947 72
741 954 75
741 960 46
741 970 21
741 972 82
741 979 50
741 980 39
741 985 16
741 998 98
742 826 57
742 839 72
742 840 71
742 900 64
742 926 92
742 934 70
742 939 77
742 944 88
742 949 56
742 956 87
742 977 15
742 982 65
743 748 64
743 753 20
743 771 76
743 773 23
743 776 8
743 794 73
743 812 11
743 819 76
743 829 35
743 831 92
743 834 28
743 850 64
743 857 91
743 858 27
743 874 30
743 894 72
743 903 97
743 913 1
743 940 56
743 967 65
743 983 70
744 749 76
744 758 90
744 765 51
744 766 55
744 770 7
744 778 4
744 788 43
744 825 52
744 834 21
744 841 63
744 845 8
744 846 60
744 849 64
744 862 100
744 881 52
744 885 23
744 896 74
744 901 71
744 908 2
744 917 39
744 929 49
744 935 40
744 966 42
744 986 54
744 988 32
744 996 46
745 749 63
745 752 22
745 756 80
745 761 29
745 769 67
745 770 55
745 782 28
745 789 28
745 796 100
745 813 21
745 816 95
745 824 63
745 848 55
745 863 28
745 866 95
745 872 5
745 875 91
745 891 53
745 927 40
745 936 19
745 938 90
745 947 31
745 954 77
745 960 3
745 970 37
745 972 71
745 979 22
745 980 57
745 985 91
745 987 52
745 998 16
746 747 27
746 764 2
746 767 84
746 775 95
746 777 45
746 780 47
746 787 25
746 789 70
746 792 6
746 795 78
746 796 39
746 798 49
746 799 84
746 810 31
746 811 19
746 827 16
746 830 100
746 837 70
746 853 37
746 856 87
746 863 71
746 873 97
746 875 55
746 885 91
746 895 70
746 902 21
746 905 56
746 922 69
746 927 29
746 932 25
746 937 71
746 945 63
746 954 98
746 960 87
746 961 38
746 963 71
746 987 20
746 991 42
746 992 47
747 750 49
747 774 32
747 779 76
747 787 42
747 799 94
747 805 94
747 810 41
747 811 41
747 819 76
747 830 68
747 845 97
747 874 11
747 888 15
747 892 12
747 895 63
747 902 51
747 905 80
747 914 52
747 915 11
747 924 52
747 925 70
747 937 6
747 963 30
747 984 3
747 991 68
747 992 90
748 753 23
748 758 47
748 771 83
748 776 41
748 794 30
748 812 13
748 825 40
748 829 41
748 834 44
748 846 53
748 849 49
748 850 69
748 857 44
748 858 56
748 871 47
748 894 46
748 903 97
748 908 45
748 917 54
748 929 32
748 935 88
748 940 85
748 959 77
748 967 14
748 983 10
749 765 46
749 766 37
749 769 80
749 770 16
749 774 11
749 778 85
749 782 15
749 789 48
749 796 8
749 830 50
749 845 58
749 863 74
749 872 32
749 875 30
749 881 25
749 885 16
749 901 2
749 905 56
749 927 58
749 929 38
749 935 15
749 938 61
749 945 85
749 960 94
749 963 67
749 966 100
749 980 9
749 986 19
749 987 69
749 988 44
749 992 65
749 996 18
749 998 7
750 753 33
750 773 82
750 774 37
750 787 85
750 805 65
750 811 65
750 819 19
750 831 22
750 858 17
750 874 93
750 886 69
750 888 33
750 892 20
750 913 75
750 914 40
750 915 3
750 924 45
750 925 57
750 926 16
750 944 22
750 946 92
750 963 74
750 976 57
750 983 14
750 984 57
750 991 86
751 779 64
751 780 57
751 781 28
751 787 4
751 793 55
751 795 67
751 802 31
751 804 66
751 810 29
751 811 91
751 815 60
751 817 33
751 826 96
751 827 82
751 833 52
751 856 79
751 890 50
751 895 89
751 902 8
751 920 48
751 922 16
751 923 84
751 924 67
751 928 35
751 931 45
751 937 88
751 961 6
751 968 66
751 975 51
751 977 30
751 984 67
752 756 55
752 757 39
752 761 38
752 767 97
752 769 56
752 775 2
752 777 10
752 789 68
752 792 25
752 796 54
752 798 27
752 848 98
752 863 24
752 866 13
752 869 6
752 872 73
752 875 91
752 897 87
752 927 88
752 936 30
752 938 87
752 945 13
752 947 42
752 954 86
752 960 11
752 970 47
752 972 50
752 979 3
752 985 54
752 987 76
752 993 81
752 998 67
753 773 63
753 776 60
753 794 84
753 805 79
753 819 79
753 831 38
753 834 21
753 857 47
753 858 58
753 874 10
753 886 3
753 888 69
753 892 34
753 903 96
753 913 71
753 914 78
753 915 7
753 925 66
753 935 84
753 940 27
753 976 14
753 983 15
753 991 3
754 755 67
754 781 11
754 802 21
754 803 57
754 883 90
754 900 46
754 906 87
754 907 85
754 923 14
754 931 48
754 958 76
754 964 1
754 975 51
754 995 70
755 781 19
755 802 63
755 803 86
755 839 61
755 883 30
755 900 19
755 906 38
755 907 71
755 923 62
755 931 10
755 939 31
755 956 19
755 958 25
755 964 59
755 968 98
755 975 33
756 761 16
756 769 86
756 782 82
756 788 92
756 796 94
756 813 56
756 816 14
756 824 79
756 848 19
756 872 52
756 891 15
756 936 61
756 938 58
756 947 70
756 970 66
756 972 40
756 974 63
756 979 88
756 980 41
756 985 1
756 998 93
757 764 70
757 767 57
757 769 46
757 775 74
757 777 92
757 783 52
757 785 47
757 789 66
757 790 31
757 791 95
757 792 52
757 796 45
757 798 74
757 820 46
757 837 42
757 848 22
757 853 17
757 863 83
757 866 84
757 869 35
757 872 6
757 873 80
757 877 35
757 887 62
757 911 63
757 922 1
757 927 98
757 932 90
757 936 17
757 945 8
757 948 9
757 954 95
757 955 57
757 971 38
757 978 18
757 993 10
758 765 28
758 766 1
758 774 87
758 776 44
758 778 55
758 794 76
758 812 94
758 825 15
758 829 44
758 834 93
758 845 5
758 846 39
758 849 33
758 850 92
758 857 11
758 858 29
758 862 67
758 881 100
758 901 45
758 903 67
758 908 66
758 915 91
758 917 48
758 929 6
758 935 12
758 959 7
758 966 100
758 996 36
759 760 29
759 800 61
759 809 80
759 821 25
759 822 20
759 838 29
759 843 35
759 852 85
759 854 92
759 864 74
759 878 30
759 879 6
759 880 51
759 897 23
759 916 31
759 930 40
759 941 68
759 947 93
760 800 11
760 813 53
760 818 23
760 821 44
760 838 23
760 844 56
760 852 79
760 854 92
760 864 84
760 878 46
760 880 29
760 884 55
760 889 92
760 898 14
760 912 28
760 916 60
760 930 83
760 951 31
760 957 50
760 962 69
761 769 21
761 770 90
761 782 27
761 788 7
761 813 35
761 816 28
761 823 32
761 824 28
761 841 31
761 872 1
761 876 63
761 891 46
761 938 19
761 947 71
761 970 73
761 972 60
761 974 43
761 979 4
761 980 31
761 985 54
761 990 5
761 998 13
762 763 83
762 786 98
762 806 37
762 808 90
762 814 100
762 847 59
762 860 15
762 861 33
762 865 79
762 867 78
762 868 52
762 870 8
762 893 3
762 909 60
762 918 9
762 943 52
762 953 62
762 969 64
762 981 74
762 989 1
762 995 18
762 999 94
763 772 82
763 784 19
763 795 34
763 806 39
763 808 65
763 814 85
763 847 80
763 859 41
763 860 52
763 861 28
763 865 59
763 867 38
763 868 9
763 870 20
763 873 93
763 877 72
763 893 78
763 909 4
763 918 9
763 928 100
763 942 1
763 943 52
763 948 21
763 953 75
763 969 36
763 971 11
763 981 20
763 989 27
763 999 89
764 767 92
764 775 12
764 777 69
764 780 34
764 784 69
764 785 27
764 792 100
764 795 36
764 798 86
764 799 64
764 810 14
764 815 98
764 827 36
764 837 11
764 853 28
764 856 46
764 873 77
764 877 99
764 902 26
764 920 85
764 922 83
764 928 42
764 932 87
764 937 81
764 943 9
764 948 69
764 961 21
764 971 12
764 978 83
764 989 67
765 766 82
765 770 1
765 778 3
765 782 49
765 788 37
765 825 50
765 841 16
765 845 45
765 849 96
765 862 18
765 875 81
765 881 78
765 885 62
765 891 99
765 896 95
765 901 28
765 908 37
765 929 58
765 935 46
765 938 22
765 960 50
765 966 75
765 980 73
765 986 97
765 987 100
765 988 12
765 996 22
765 998 54
766 770 83
766 778 93
766 788 94
766 825 47
766 834 81
766 841 59
766 845 85
766 846 35
766 849 88
766 862 24
766 881 37
766 896 92
766 901 6
766 908 71
766 917 10
766 929 14
766 935 58
766 966 95
766 986 8
766 988 62
766 996 100
767 769 8
767 775 95
767 777 38
767 785 32
767 789 22
767 792 34
767 796 72
767 798 66
767 799 17
767 810 65
767 830 68
767 837 75
767 848 51
767 853 35
767 856 32
767 863 35
767 866 20
767 872 47
767 873 44
767 875 44
767 902 18
767 905 100
767 922 91
767 927 59
767 932 38
767 936 84
767 937 63
767 945 88
767 948 1
767 954 51
767 960 3
767 978 48
767 987 58
767 992 87
768 772 50
768 783 25
768 784 28
768 790 21
768 791 27
768 801 58
768 807 23
768 820 73
768 822 87
768 828 89
768 835 83
768 836 91
768 842 59
768 847 88
768 851 75
768 859 66
768 860 51
768 868 92
768 870 42
768 882 25
768 887 91
768 893 59
768 904 24
768 911 56
768 919 93
768 921 88
768 933 51
768 942 98
768 950 65
768 952 26
768 955 95
768 965 51
768 973 20
768 978 49
768 989 73
768 997 54
769 775 64
769 777 66
769 782 84
769 789 42
769 792 65
769 796 79
769 830 32
769 848 79
769 863 29
769 866 54
769 869 22
769 872 75
769 875 3
769 885 15
769 905 27
769 927 67
769 932 98
769 936 86
769 938 59
769 945 26
769 954 17
769 960 52
769 970 2
769 972 10
769 979 66
769 985 24
769 986 13
769 987 66
769 988 48
769 998 98
770 778 59
770 782 17
770 788 4
770 824 45
770 825 46
770 841 30
770 862 75
770 875 42
770 881 26
770 885 80
770 891 73
770 896 94
770 901 96
770 908 19
770 938 89
770 966 41
770 980 99
770 986 62
770 988 47
770 994 1
770 996 1
770 998 74
771 776 2
771 794 71
771 812 35
771 829 78
771 846 61
771 850 1
771 857 48
771 871 49
771 894 89
771 903 10
771 917 24
771 940 5
771 959 60
771 967 51
772 783 7
772 784 35
772 785 95
772 790 19
772 801 57
772 807 71
772 820 16
772 828 32
772 835 7
772 836 14
772 842 56
772 847 3
772 851 32
772 859 1
772 860 31
772 865 74
772 867 26
772 868 3
772 870 45
772 877 92
772 882 94
772 887 52
772 893 54
772 904 3
772 911 12
772 921 12
772 942 35
772 943 91
772 948 50
772 955 28
772 965 41
772 971 67
772 978 28
772 989 45
772 997 14
772 999 54
773 776 39
773 805 20
773 819 46
773 831 57
773 858 4
773 874 25
773 886 40
773 888 46
773 913 87
773 914 19
773 915 60
773 925 32
773 940 56
773 944 55
773 946 99
773 976 13
773 983 61
774 778 29
774 787 15
774 799 84
774 819 3
774 830 12
774 834 55
774 845 4
774 858 24
774 875 68
774 881 9
774 885 4
774 892 94
774 901 47
774 905 38
774 914 89
774 915 19
774 927 47
774 929 19
774 935 24
774 945 48
774 960 40
774 963 92
774 966 49
774 986 9
774 987 93
774 988 41
774 991 74
774 992 73
775 777 16
775 785 9
775 789 63
775 792 7
775 796 34
775 798 81
775 799 94
775 810 69
775 830 60
775 837 76
775 848 45
775 853 65
775 856 17
775 863 20
775 866 18
775 872 3
775 873 98
775 875 84
775 885 50
775 902 20
775 905 24
775 922 57
775 927 24
775 932 64
775 936 53
775 937 29
775 945 48
775 948 50
775 954 72
775 960 71
775 961 55
775 987 79
775 992 67
776 794 17
776 812 19
776 819 83
776 829 19
776 831 91
776 834 45
776 846 68
776 850 72
776 857 92
776 858 69
776 874 75
776 894 86
776 903 10
776 913 69
776 914 51
776 915 7
776 917 100
776 929 68
776 935 62
776 940 100
776 983 18
777 780 44
777 785 74
777 789 5
777 792 32
777 795 35
777 796 32
777 798 57
777 799 56
777 810 64
777 827 3
777 837 96
777 848 41
777 853 16
777 856 96
777 863 15
777 866 91
777 872 20
777 873 9
777 877 67
777 902 27
777 905 40
777 922 90
777 927 98
777 928 76
777 932 19
777 937 92
777 943 39
777 945 41
777 948 19
777 954 39
777 960 7
777 961 65
777 971 96
777 978 7
778 782 74
778 796 18
778 825 70
778 830 50
778 834 41
778 845 10
778 849 50
778 862 92
778 875 4
778 881 24
778 885 41
778 901 54
778 908 54
778 927 92
778 929 76
778 935 81
778 960 32
778 966 74
778 980 47
778 986 55
778 987 79
778 988 10
778 992 80
778 996 85
778 998 68
779 787 54
779 793 26
779 802 1
779 804 11
779 811 88
779 817 76
779 826 48
779 827 3
779 833 22
779 840 51
779 888 17
779 890 3
779 892 2
779 895 30
779 924 83
779 925 50
779 926 35
779 931 63
779 934 36
779 944 89
779 946 98
779 949 67
779 961 15
779 968 8
779 975 90
779 977 61
779 984 38
780 793 28
780 795 6
780 804 74
780 810 88
780 815 59
780 817 82
780 827 81
780 833 18
780 837 83
780 853 52
780 856 100
780 873 26
780 877 1
780 890 82
780 895 18
780 902 41
780 909 31
780 918 8
780 920 9
780 922 86
780 923 9
780 928 89
780 932 15
780 937 39
780 948 8
780 961 16
780 975 94
780 981 14
781 793 21
781 802 74
781 803 13
781 804 30
781 817 9
781 833 8
781 839 60
781 840 95
781 883 17
781 890 69
781 900 72
781 906 71
781 907 13
781 920 79
781 923 70
781 931 7
781 934 26
781 939 11
781 958 84
781 964 94
781 968 60
781 975 68
781 977 76
782 788 18
782 796 20
782 816 90
782 824 19
782 841 32
782 872 6
782 875 39
782 891 74
782 927 10
782 938 49
782 960 72
782 970 61
782 974 87
782 979 39
782 980 69
782 985 85
782 986 69
782 987 69
782 988 74
782 990 57
782 998 58
783 784 59
783 785 12
783 790 67
783 791 76
783 798 1
783 807 94
783 820 86
783 822 12
783 835 31
783 836 37
783 843 24
783 848 48
783 853 24
783 866 58
783 869 89
783 887 33
783 897 85
783 904 67
783 911 55
783 921 69
783 936 70
783 941 70
783 942 23
783 954 61
783 955 14
783 971 99
783 978 32
783 989 4
783 993 18
784 785 66
784 790 49
784 798 43
784 820 35
784 828 35
784 835 21
784 836 25
784 847 53
784 853 42
784 859 21
784 860 23
784 865 48
784 867 97
784 868 22
784 870 54
784 873 26
784 877 54
784 893 6
784 904 29
784 911 27
784 918 24
784 921 84
784 928 62
784 942 55
784 943 58
784 948 70
784 955 42
784 971 1
784 978 77
784 981 9
784 989 37
784 999 29
785 790 8
785 791 73
785 792 1
785 795 16
785 798 84
785 820 75
785 837 37
785 853 35
785 856 72
785 863 21
785 866 18
785 867 18
785 868 88
785 869 46
785 873 89
785 877 75
785 887 3
785 902 45
785 911 6
785 922 40
785 928 20
785 932 94
785 937 73
785 942 74
785 943 43
785 948 44
785 954 5
785 955 78
785 971 73
785 978 10
785 989 81
786 803 76
786 806 95
786 808 66
786 861 70
786 865 57
786 909 100
786 918 98
786 923 32
786 953 79
786 969 70
786 981 84
786 995 70
787 799 18
787 810 8
787 811 27
787 830 84
787 837 88
787 892 30
787 895 30
787 902 89
787 905 41
787 914 57
787 915 85
787 924 44
787 925 75
787 932 27
787 937 5
787 945 57
787 961 10
787 963 7
787 984 63
787 991 92
787 992 36
788 816 76
788 823 28
788 824 16
788 841 97
788 862 54
788 876 87
788 891 11
788 896 63
788 938 18
788 974 52
788 979 18
788 980 86
788 990 48
788 994 66
788 996 9
789 792 63
789 796 79
789 798 12
789 799 95
789 810 30
789 830 1
789 837 84
789 848 35
789 863 36
789 866 9
789 872 29
789 875 69
789 885 57
789 902 31
789 905 60
789 927 58
789 932 82
789 936 16
789 937 46
789 938 96
789 945 18
789 954 56
789 960 81
789 986 89
789 987 43
789 988 64
789 992 60
789 998 9
790 791 10
790 798 34
790 801 25
790 807 49
790 820 63
790 822 82
790 828 41
790 835 49
790 836 2
790 842 40
790 859 8
790 860 91
790 868 65
790 869 97
790 870 39
790 877 95
790 882 44
790 887 21
790 904 2
790 911 43
790 919 90
790 921 45
790 941 6
790 942 59
790 943 53
790 950 69
790 955 11
790 971 47
790 973 54
790 978 77
790 989 95
790 993 9
790 997 70
791 798 47
791 807 13
791 820 55
791 822 38
791 835 29
791 836 22
791 843 5
791 866 86
791 869 69
791 879 9
791 887 16
791 897 11
791 904 89
791 911 58
791 919 88
791 921 26
791 936 93
791 941 5
791 942 37
791 955 96
791 978 72
791 993 73
792 796 91
792 798 64
792 799 19
792 810 77
792 830 51
792 837 36
792 848 49
792 853 54
792 856 85
792 863 44
792 866 56
792 872 89
792 873 44
792 875 49
792 902 83
792 905 40
792 922 35
792 927 4
792 932 46
792 936 21
792 937 79
792 945 70
792 948 9
792 954 60
792 960 69
792 978 96
792 987 8
792 992 67
793 795 2
793 802 64
793 803 62
793 804 20
793 810 2
793 815 88
793 817 55
793 827 98
793 833 74
793 856 75
793 890 3
793 895 11
793 909 27
793 918 58
793 920 20
793 923 13
793 928 19
793 931 9
793 958 37
793 961 30
793 964 50
793 968 10
793 975 51
793 977 26
793 984 22
793 995 45
794 812 80
794 819 95
794 829 9
794 831 52
794 834 34
794 846 82
794 850 17
794 857 86
794 858 48
794 874 14
794 894 78
794 903 37
794 913 74
794 914 65
794 915 73
794 917 44
794 929 34
794 935 57
794 940 8
794 959 81
794 967 63
794 983 80
795 798 48
795 804 88
795 810 46
795 815 76
795 817 61
795 827 6
795 833 66
795 837 3
795 853 36
795 856 73
795 865 20
795 867 73
795 873 47
795 877 64
795 902 47
795 909 55
795 918 46
795 920 67
795 922 64
795 923 50
795 928 59
795 937 37
795 943 7
795 948 28
795 961 19
795 971 97
795 981 92
795 989 51
796 799 46
796 830 13
796 837 13
796 848 26
796 863 5
796 866 90
796 872 89
796 875 58
796 885 74
796 905 88
796 927 24
796 932 60
796 936 74
796 938 25
796 945 24
796 954 76
796 960 40
796 986 14
796 987 40
796 988 37
796 992 55
796 998 44
797 813 44
797 816 82
797 823 10
797 844 37
797 876 46
797 889 7
797 898 52
797 910 42
797 912 25
797 951 62
797 962 13
797 974 21
797 990 28
798 810 3
798 820 33
798 837 78
798 848 46
798 853 81
798 856 99
798 863 86
798 866 99
798 869 30
798 872 46
798 873 99
798 877 66
798 887 25
798 902 8
798 911 13
798 922 47
798 928 78
798 932 68
798 936 83
798 937 54
798 942 60
798 943 39
798 948 75
798 954 48
798 955 92
798 971 44
798 978 83
798 989 72
799 810 74
799 811 66
799 830 64
799 837 30
799 845 53
799 856 37
799 863 91
799 875 50
799 885 86
799 892 21
799 895 86
799 902 91
799 905 88
799 922 59
799 924 69
799 927 55
799 932 65
799 937 17
799 945 22
799 960 33
799 961 62
799 963 32
799 987 22
799 988 7
799 991 25
799 992 89
800 809 26
800 818 96
800 821 69
800 838 66
800 852 98
800 854 88
800 864 59
800 878 37
800 880 66
800 884 95
800 889 75
800 898 78
800 912 24
800 916 88
800 930 37
800 951 3
800 957 13
800 962 26
801 828 20
801 832 14
801 835 2
801 836 89
801 842 9
801 847 82
801 851 24
801 859 78
801 860 48
801 870 18
801 882 52
801 893 64
801 899 54
801 904 38
801 921 44
801 933 13
801 950 4
801 952 29
801 955 63
801 965 81
801 973 71
801 997 60
802 803 44
802 804 88
802 815 94
802 817 47
802 827 33
802 833 27
802 839 48
802 840 4
802 883 6
802 890 64
802 900 17
802 906 11
802 907 68
802 920 22
802 923 89
802 931 15
802 934 64
802 958 27
802 964 4
802 968 48
802 975 72
802 977 44
803 804 28
803 806 37
803 815 85
803 817 32
803 833 59
803 861 51
803 883 17
803 906 86
803 907 44
803 909 15
803 918 89
803 920 100
803 923 88
803 931 51
803 953 19
803 958 11
803 964 88
803 975 100
803 981 71
803 995 90
804 810 55
804 811 51
804 815 78
804 817 53
804 826 46
804 827 99
804 833 56
804 856 92
804 890 91
804 895 79
804 909 42
804 920 19
804 923 73
804 928 75
804 931 95
804 958 21
804 961 5
804 968 58
804 975 61
804 977 83
804 984 65
805 811 57
805 819 38
805 826 48
805 831 28
805 858 22
805 874 29
805 886 27
805 888 67
805 892 36
805 913 55
805 914 75
805 915 42
805 924 81
805 925 11
805 926 83
805 944 84
805 946 26
805 949 6
805 976 94
805 983 76
805 991 75
806 808 28
806 814 84
806 815 16
806 861 26
806 865 37
806 867 10
806 909 84
806 918 47
806 953 64
806 969 63
806 981 57
806 995 66
806 999 50
807 820 90
807 822 23
807 828 59
807 835 18
807 836 96
807 842 81
807 843 69
807 869 47
807 882 1
807 887 5
807 897 44
807 904 7
807 911 72
807 919 52
807 921 82
807 941 70
807 942 36
807 950 25
807 955 62
807 973 22
807 978 46
807 993 84
808 814 86
808 847 25
808 861 14
808 865 33
808 867 41
808 868 40
808 870 84
808 893 79
808 953 19
808 969 61
808 981 56
808 999 67
809 821 61
809 822 11
809 838 20
809 843 17
809 852 65
809 854 39
809 864 82
809 878 18
809 879 17
809 880 17
809 897 44
809 916 62
809 919 49
809 930 99
809 941 56
809 947 50
810 811 98
810 827 21
810 837 17
810 853 55
810 856 67
810 873 58
810 895 15
810 902 11
810 905 67
810 922 66
810 928 31
810 932 10
810 937 66
810 945 20
810 948 30
810 961 52
810 984 15
811 826 40
811 827 67
811 888 22
811 890 41
811 892 20
811 895 41
811 902 91
811 914 22
811 924 9
811 925 72
811 926 70
811 937 8
811 946 23
811 961 92
811 963 42
811 977 87
811 984 68
811 991 65
812 825 26
812 829 88
812 834 33
812 846 12
812 849 29
812 850 75
812 857 17
812 871 30
812 894 78
812 903 22
812 917 97
812 940 18
812 959 82
812 967 94
813 816 99
813 818 18
813 821 54
813 823 2
813 824 51
813 838 85
813 844 66
813 854 12
813 876 77
813 878 43
813 884 3
813 889 64
813 898 85
813 910 22
813 912 27
813 938 61
813 947 52
813 957 64
813 962 86
813 970 9
813 972 86
813 974 88
813 979 36
813 985 47
814 832 95
814 847 73
814 851 80
814 855 89
814 859 69
814 860 33
814 865 6
814 867 88
814 868 38
814 870 30
814 893 12
814 965 68
814 969 57
814 997 60
814 999 33
815 817 15
815 827 96
815 833 29
815 856 60
815 861 71
815 865 9
815 873 53
815 877 19
815 890 3
815 909 71
815 918 94
815 920 11
815 922 46
815 923 88
815 928 95
815 931 2
815 948 82
815 953 74
815 961 82
815 975 14
815 981 26
815 995 94
816 823 5
816 824 83
816 838 46
816 844 36
816 876 76
816 889 2
816 891 96
816 898 46
816 910 26
816 912 9
816 938 62
816 962 3
816 970 87
816 974 10
816 979 24
816 980 76
816 985 40
816 990 66
817 827 34
817 833 42
817 856 85
817 883 38
817 890 58
817 895 97
817 906 35
817 907 35
817 909 48
817 920 54
817 923 100
817 928 3
817 931 16
817 958 53
817 961 44
817 964 81
817 968 39
817 975 19
817 977 51
817 984 38
818 838 38
818 844 8
818 852 31
818 854 2
818 878 85
818 884 59
818 889 41
818 898 83
818 912 68
818 916 22
818 951 79
818 957 54
818 962 64
819 831 31
819 834 34
819 858 52
819 874 12
819 886 59
819 888 1
819 892 44
819 903 89
819 913 88
819 914 56
819 915 74
819 924 51
819 925 83
819 935 66
819 940 2
819 963 24
819 976 51
819 983 96
819 991 55
820 828 29
820 835 88
820 836 55
820 853 64
820 859 35
820 860 32
820 867 8
820 868 28
820 869 36
820 870 10
820 873 99
820 877 22
820 882 72
820 887 38
820 904 62
820 911 44
820 921 17
820 942 48
820 943 94
820 948 40
820 955 15
820 971 30
820 978 9
820 989 8
820 993 92
820 999 94
821 822 8
821 838 7
821 843 36
821 852 4
821 854 43
821 864 57
821 878 12
821 879 31
821 880 89
821 897 78
821 912 56
821 916 26
821 930 3
821 941 45
821 947 100
821 970 80
821 972 69
821 985 88
821 993 80
822 835 8
822 836 11
822 843 91
822 864 92
822 869 28
822 879 83
822 887 61
822 897 43
822 904 3
822 911 10
822 919 34
822 941 100
822 950 19
822 955 92
822 993 81
823 824 31
823 841 82
823 844 6
823 876 59
823 889 42
823 891 57
823 898 7
823 910 58
823 912 42
823 962 36
823 974 76
823 979 66
823 990 19
823 994 43
824 841 13
824 876 5
824 891 73
824 938 39
824 970 39
824 972 40
824 974 44
824 979 16
824 980 94
824 985 80
824 990 96
824 998 59
825 829 58
825 834 97
825 846 22
825 849 77
825 850 74
825 862 14
825 881 3
825 896 38
825 901 15
825 908 38
825 917 3
825 929 87
825 935 8
825 959 29
825 966 71
825 996 66
826 840 7
826 886 2
826 888 41
826 890 12
826 924 56
826 925 21
826 926 41
826 934 15
826 944 75
826 946 52
826 949 30
826 968 27
826 976 25
826 977 9
826 984 96
827 833 72
827 837 96
827 853 68
827 856 58
827 873 69
827 890 27
827 895 36
827 902 46
827 909 94
827 918 9
827 920 73
827 922 98
827 923 93
827 928 20
827 931 85
827 937 86
827 948 59
827 961 95
827 968 70
827 975 50
827 977 60
827 984 70
828 835 24
828 836 3
828 842 56
828 847 32
828 851 3
828 859 75
828 860 61
828 867 25
828 868 41
828 870 92
828 882 79
828 893 22
828 904 75
828 911 21
828 921 92
828 933 66
828 942 52
828 943 11
828 952 18
828 955 18
828 965 99
828 973 47
828 989 53
828 997 86
828 999 52
829 834 78
829 846 66
829 849 79
829 850 64
829 857 44
829 871 12
829 894 61
829 903 10
829 908 38
829 917 68
829 940 89
829 959 22
829 967 77
830 837 18
830 845 16
830 863 81
830 875 67
830 881 100
830 885 59
830 892 82
830 901 76
830 902 65
830 905 44
830 915 6
830 927 72
830 932 53
830 935 91
830 937 95
830 945 45
830 960 56
830 963 91
830 966 4
830 986 20
830 987 5
830 988 96
830 991 91
830 992 3
830 998 58
831 858 38
831 874 86
831 886 80
831 888 40
831 892 16
831 913 19
831 914 65
831 915 36
831 925 5
831 940 39
831 946 72
831 976 19
831 983 21
832 842 8
832 847 49
832 851 53
832 855 33
832 882 12
832 893 53
832 899 82
832 933 5
832 965 70
832 997 41
833 856 62
833 883 5
833 890 14
833 906 23
833 907 15
833 909 35
833 920 92
833 923 85
833 928 83
833 931 97
833 958 21
833 961 31
833 964 50
833 968 98
833 975 50
833 977 33
833 984 69
833 995 60
834 845 50
834 846 45
834 849 71
834 850 66
834 857 16
834 858 80
834 881 44
834 901 82
834 903 25
834 908 62
834 913 95
834 914 59
834 915 72
834 917 63
834 929 10
834 935 70
834 940 17
834 963 65
834 966 8
834 983 65
834 996 80
835 836 92
835 842 46
835 847 4
835 851 77
835 859 66
835 860 90
835 868 87
835 870 12
835 882 3
835 887 93
835 904 99
835 911 82
835 919 16
835 921 56
835 942 90
835 950 41
835 952 90
835 955 84
835 965 76
835 971 62
835 973 92
835 978 30
835 989 14
835 997 63
836 842 78
836 847 3
836 851 17
836 859 66
836 860 43
836 868 58
836 870 12
836 882 20
836 887 55
836 893 16
836 904 100
836 911 57
836 919 29
836 921 12
836 942 59
836 943 80
836 950 52
836 952 80
836 955 85
836 965 6
836 971 22
836 973 1
836 978 36
836 989 4
836 997 21
836 999 53
837 853 91
837 856 71
837 863 17
837 873 28
837 875 18
837 895 93
837 902 70
837 905 22
837 922 68
837 927 42
837 932 52
837 937 58
837 945 65
837 948 4
837 954 25
837 960 9
837 961 17
837 987 100
837 992 35
838 844 84
838 852 1
838 854 98
838 864 68
838 878 88
838 879 5
838 880 87
838 884 51
838 889 34
838 898 99
838 912 11
838 916 12
838 930 35
838 947 72
838 951 59
838 957 71
838 962 45
838 970 71
839 840 13
839 883 58
839 900 22
839 906 4
839 934 87
839 939 33
839 956 85
839 958 4
839 968 12
839 977 46
839 982 9
840 883 40
840 890 71
840 900 19
840 906 24
840 926 61
840 931 8
840 934 82
840 939 47
840 944 23
840 949 21
840 956 58
840 958 47
840 968 36
840 975 94
840 977 81
841 862 30
841 876 76
841 891 21
841 896 91
841 974 21
841 980 99
841 990 69
841 994 76
841 996 91
842 847 2
842 851 3
842 859 55
842 860 79
842 870 66
842 882 13
842 893 50
842 899 69
842 904 84
842 921 48
842 933 41
842 950 10
842 952 79
842 955 25
842 965 31
842 973 19
842 997 89
843 852 4
843 854 40
843 864 13
843 866 96
843 869 54
843 879 13
843 880 41
843 887 11
843 897 78
843 911 38
843 916 88
843 919 77
843 930 44
843 941 27
843 947 36
843 970 30
843 972 75
843 985 20
843 993 42
844 876 38
844 884 21
844 889 77
844 898 2
844 910 72
844 912 73
844 951 19
844 957 67
844 962 74
844 974 86
845 858 67
845 875 55
845 881 32
845 885 18
845 892 29
845 901 9
845 905 7
845 914 76
845 915 36
845 927 95
845 929 31
845 935 31
845 945 56
845 960 62
845 963 8
845 966 41
845 986 19
845 987 96
845 988 6
845 991 3
845 992 49
845 996 12
846 849 39
846 850 89
846 857 43
846 862 73
846 871 26
846 881 72
846 894 11
846 903 10
846 908 7
846 917 61
846 929 38
846 935 66
846 959 2
846 967 44
846 996 80
847 851 30
847 855 35
847 859 39
847 860 24
847 865 5
847 867 100
847 868 93
847 870 46
847 882 17
847 893 70
847 899 44
847 904 37
847 921 92
847 942 28
847 965 78
847 969 81
847 989 24
847 997 80
847 999 86
848 863 63
848 866 66
848 869 21
848 872 10
848 875 33
848 897 72
848 927 7
848 932 26
848 936 99
848 938 47
848 945 83
848 947 6
848 954 30
848 960 49
848 970 43
848 972 92
848 978 19
848 979 80
848 985 2
848 987 85
848 993 98
848 998 44
849 850 41
849 862 3
849 881 47
849 896 47
849 901 45
849 908 65
849 917 97
849 929 66
849 935 61
849 959 39
849 966 36
849 996 3
850 857 34
850 871 89
850 894 79
850 903 59
850 908 20
850 917 11
850 959 44
850 967 76
851 855 62
851 859 52
851 860 17
851 867 11
851 868 92
851 870 65
851 882 32
851 893 58
851 899 79
851 904 72
851 921 92
851 933 59
851 942 53
851 952 3
851 965 57
851 973 16
851 997 31
851 999 14
852 854 12
852 864 9
852 878 58
852 879 87
852 880 57
852 897 69
852 912 65
852 916 60
852 930 79
852 947 84
852 957 72
853 856 76
853 863 40
853 873 9
853 877 44
853 902 8
853 922 66
853 928 46
853 932 76
853 937 52
853 942 43
853 943 90
853 948 82
853 954 6
853 961 88
853 971 14
853 978 58
853 989 17
854 864 8
854 878 86
854 879 86
854 880 39
854 884 50
854 889 36
854 897 59
854 912 20
854 916 47
854 930 47
854 947 20
854 957 84
855 893 95
855 899 39
855 933 28
855 965 9
855 997 69
856 873 65
856 877 49
856 895 49
856 902 57
856 909 62
856 918 40
856 920 75
856 922 52
856 928 35
856 932 58
856 937 13
856 943 33
856 948 35
856 961 60
856 971 30
856 981 53
856 989 50
857 858 17
857 871 41
857 894 14
857 903 70
857 913 29
857 917 19
857 940 71
857 959 96
857 967 48
857 983 75
858 874 80
858 881 41
858 892 81
858 901 16
858 903 36
858 913 42
858 914 85
858 915 31
858 917 95
858 929 19
858 935 50
858 940 55
858 963 89
858 966 49
858 983 81
858 991 80
859 860 37
859 865 85
859 867 69
859 868 31
859 870 94
859 877 94
859 882 72
859 893 79
859 904 48
859 911 53
859 921 76
859 942 4
859 943 17
859 952 86
859 955 54
859 965 11
859 971 48
859 973 72
859 989 21
859 997 3
859 999 50
860 865 68
860 867 98
860 868 55
860 870 46
860 877 4
860 882 85
860 893 54
860 904 55
860 911 5
860 921 20
860 942 87
860 943 20
860 955 17
860 965 68
860 971 8
860 978 79
860 981 15
860 989 25
860 997 95
860 999 10
861 865 91
861 867 28
861 909 83
861 918 89
861 953 11
861 969 90
861 981 58
861 995 72
861 999 29
862 881 81
862 891 56
862 896 30
862 901 39
862 908 51
862 917 30
862 929 72
862 966 6
862 980 86
862 994 3
862 996 90
863 866 27
863 869 24
863 872 56
863 875 26
863 885 44
863 902 58
863 905 14
863 927 11
863 932 82
863 936 87
863 937 5
863 938 66
863 945 76
863 954 39
863 960 41
863 986 16
863 987 71
863 988 65
863 992 94
863 998 13
864 878 98
864 879 77
864 880 82
864 897 59
864 916 69
864 930 15
864 941 91
864 947 46
865 867 11
865 868 51
865 870 49
865 873 79
865 877 32
865 893 78
865 909 32
865 918 6
865 928 39
865 942 2
865 943 56
865 948 45
865 953 32
865 969 86
865 971 61
865 981 54
865 989 4
865 999 42
866 869 20
866 872 37
866 887 16
866 897 67
866 911 35
866 927 61
866 936 74
866 947 19
866 954 36
866 970 15
866 972 83
866 978 54
866 985 62
866 993 26
867 868 70
867 870 69
867 873 52
867 877 94
867 893 32
867 909 14
867 918 8
867 921 87
867 928 34
867 942 75
867 943 73
867 948 60
867 953 51
867 969 100
867 971 10
867 981 57
867 989 67
867 999 79
868 870 69
868 873 55
868 877 78
868 893 63
868 918 21
868 921 83
868 942 86
868 943 40
868 948 91
868 953 41
868 955 53
868 965 50
868 969 18
868 971 13
868 981 31
868 989 64
868 997 88
868 999 73
869 872 84
869 879 64
869 887 39
869 897 100
869 911 82
869 936 61
869 941 62
869 947 28
869 954 61
869 955 67
869 970 50
869 972 83
869 978 72
869 985 43
869 993 38
870 877 53
870 882 39
870 893 86
870 904 96
870 921 93
870 942 21
870 943 8
870 955 42
870 965 56
870 969 12
870 971 84
870 981 51
870 989 30
870 997 36
870 999 71
871 894 18
871 903 38
871 959 59
871 967 61
872 875 39
872 885 49
872 905 29
872 927 38
872 932 68
872 936 13
872 938 59
872 945 74
872 954 64
872 960 21
872 970 71
872 972 31
872 979 24
872 985 39
872 987 36
872 993 29
872 998 26
873 877 80
873 902 82
873 918 87
873 922 80
873 928 3
873 932 34
873 937 17
873 942 65
873 943 17
873 948 65
873 961 23
873 971 7
873 978 54
873 981 33
873 989 75
873 999 10
874 886 73
874 888 90
874 892 26
874 913 44
874 914 8
874 915 46
874 924 74
874 925 84
874 940 1
874 946 55
874 963 30
874 976 77
874 983 20
874 991 23
875 881 12
875 885 1
875 901 10
875 905 64
875 927 15
875 932 52
875 938 20
875 945 1
875 954 3
875 960 40
875 963 46
875 966 26
875 986 26
875 987 19
875 988 82
875 992 20
875 998 87
876 889 60
876 891 98
876 898 49
876 910 62
876 912 57
876 962 27
876 974 91
876 980 68
876 990 97
876 994 78
877 918 42
877 922 6
877 928 66
877 942 65
877 943 23
877 948 22
877 955 71
877 961 55
877 971 97
877 978 29
877 981 64
877 989 55
877 999 97
878 879 68
878 880 92
878 884 96
878 889 57
878 898 7
878 912 81
878 916 90
878 930 100
878 947 97
878 957 93
878 962 70
878 970 5
879 880 59
879 897 77
879 916 97
879 930 65
879 941 3
879 947 96
879 970 7
879 972 98
879 985 48
879 993 50
880 897 99
880 916 21
880 930 91
880 947 89
881 885 61
881 901 80
881 908 21
881 917 63
881 929 24
881 935 57
881 966 7
881 986 29
881 988 99
881 992 27
881 996 46
882 893 76
882 899 87
882 904 51
882 921 56
882 933 70
882 942 60
882 950 3
882 952 89
882 955 42
882 965 74
882 973 25
882 997 75
883 890 81
883 900 11
883 906 57
883 907 49
883 923 59
883 931 69
883 939 28
883 956 31
883 958 94
883 964 97
883 968 9
883 975 69
883 977 99
884 889 45
884 898 66
884 912 66
884 951 66
884 957 48
884 962 36
885 901 17
885 905 34
885 927 79
885 929 13
885 932 72
885 935 59
885 945 41
885 960 79
885 963 1
885 966 36
885 986 49
885 987 46
885 988 95
885 992 85
885 998 39
886 888 92
886 913 49
886 924 19
886 925 42
886 926 86
886 944 85
886 946 63
886 949 81
886 976 73
887 897 62
887 904 83
887 911 12
887 919 52
887 921 55
887 941 73
887 942 89
887 950 39
887 955 58
887 978 38
887 993 87
888 892 70
888 913 54
888 914 63
888 924 44
888 925 84
888 926 36
888 944 69
888 946 42
888 949 60
888 976 71
888 984 61
888 991 41
889 898 3
889 910 60
889 912 22
889 951 83
889 957 41
889 962 27
890 895 17
890 900 1
890 906 58
890 920 41
890 923 1
890 931 9
890 934 3
890 958 99
890 961 44
890 964 93
890 968 65
890 975 33
890 977 44
890 984 15
891 938 50
891 974 46
891 979 32
891 980 50
891 990 56
891 994 25
891 998 83
892 895 15
892 905 82
892 914 36
892 915 94
892 924 3
892 925 14
892 946 75
892 963 99
892 976 10
892 984 87
892 991 58
892 992 23
893 899 77
893 904 33
893 921 19
893 942 95
893 965 65
893 969 41
893 997 28
893 999 30
894 903 56
894 917 20
894 940 8
894 959 1
894 967 23
894 983 4
895 902 57
895 905 58
895 922 28
895 924 5
895 932 92
895 937 100
895 961 46
895 963 87
895 984 13
895 991 91
896 908 76
896 994 9
896 996 8
897 916 30
897 930 20
897 936 56
897 941 74
897 947 20
897 970 59
897 972 68
897 985 85
897 993 80
898 910 44
898 912 25
898 951 9
898 957 9
898 962 48
899 933 14
899 952 69
899 965 98
899 997 9
900 906 21
900 907 24
900 931 31
900 934 63
900 939 16
900 956 32
900 958 94
900 964 15
900 968 4
900 975 6
900 977 18
900 982 8
901 908 17
901 915 22
901 917 90
901 929 66
901 935 27
901 960 34
901 963 46
901 966 99
901 986 76
901 987 60
901 988 52
901 992 46
901 996 45
901 998 49
902 905 30
902 922 93
902 927 59
902 928 7
902 932 40
902 937 88
902 945 80
902 948 23
902 961 59
902 992 87
903 913 17
903 917 18
903 940 58
903 959 92
903 967 58
903 983 11
904 911 61
904 919 78
904 921 3
904 933 77
904 942 15
904 950 60
904 952 91
904 955 28
904 965 45
904 973 47
904 997 24
905 922 30
905 927 60
905 932 59
905 937 10
905 945 48
905 954 97
905 960 73
905 963 25
905 966 66
905 986 35
905 987 70
905 988 12
905 991 47
905 992 62
905 998 66
906 907 81
906 923 59
906 931 10
906 939 29
906 956 12
906 958 85
906 964 10
906 968 68
906 975 31
906 977 54
907 923 28
907 931 58
907 958 2
907 964 73
907 968 56
907 975 11
907 995 65
908 917 98
908 929 19
908 935 79
908 959 2
908 966 13
908 996 84
909 918 49
909 920 28
909 923 21
909 928 76
909 953 83
909 961 81
909 975 83
909 981 2
909 995 49
910 962 74
910 974 45
910 990 78
910 994 76
911 919 71
911 921 8
911 941 41
911 942 62
911 943 9
911 955 13
911 971 19
911 978 90
911 989 18
911 993 98
912 916 68
912 947 93
912 951 33
912 957 55
912 962 22
912 970 92
912 979 50
913 914 11
913 915 87
913 925 9
913 940 83
913 976 4
913 983 6
914 915 62
914 924 58
914 925 60
914 929 7
914 935 49
914 940 4
914 963 4
914 983 47
914 991 45
914 992 94
915 924 84
915 925 44
915 929 53
915 935 57
915 940 17
915 963 54
915 966 81
915 983 20
915 991 32
915 992 31
916 930 97
916 941 4
916 947 45
916 970 3
917 929 67
917 935 49
917 959 43
917 967 95
917 996 19
918 920 57
918 923 5
918 928 97
918 943 27
918 948 13
918 953 61
918 961 27
918 969 86
918 971 49
918 981 88
918 989 34
918 995 43
918 999 91
919 941 78
919 950 43
919 952 70
919 973 3
920 922 35
920 923 53
920 928 55
920 931 45
920 953 15
920 961 58
920 964 39
920 968 18
920 975 67
920 977 31
920 981 77
920 995 63
921 933 63
921 942 48
921 943 80
921 952 43
921 955 80
921 965 95
921 971 66
921 973 61
921 978 38
921 989 45
921 997 27
921 999 48
922 928 25
922 932 28
922 937 79
922 943 12
922 945 20
922 948 55
922 961 99
922 971 68
922 989 43
923 928 7
923 931 43
923 953 63
923 958 60
923 961 84
923 964 72
923 968 36
923 975 44
923 977 97
923 995 3
924 925 83
924 926 71
924 944 91
924 946 39
924 963 91
924 976 97
924 984 19
924 991 28
925 926 61
925 944 88
925 946 86
925 949 72
925 963 66
925 976 95
925 983 4
925 984 33
925 991 96
926 934 61
926 944 93
926 946 100
926 949 82
926 976 88
926 977 85
926 984 57
927 932 77
927 936 13
927 937 8
927 938 10
927 945 61
927 954 97
927 960 83
927 966 49
927 986 29
927 987 97
927 988 34
927 992 59
927 998 47
928 937 59
928 943 48
928 948 91
928 953 35
928 961 13
928 971 77
928 981 88
928 989 77
928 995 44
928 999 47
929 935 6
929 963 35
929 966 78
929 986 49
929 988 93
929 992 81
929 996 70
930 941 16
930 947 16
931 958 32
931 964 81
931 968 99
931 975 2
931 977 84
931 995 62
932 937 56
932 945 52
932 948 56
932 954 44
932 960 87
932 961 46
932 963 59
932 987 8
932 992 75
933 952 39
933 965 29
933 973 14
933 997 71
934 939 3
934 944 25
934 946 16
934 949 33
934 956 60
934 968 38
934 977 25
935 963 20
935 966 5
935 986 32
935 988 11
935 991 11
935 992 41
935 996 17
936 938 14
936 947 32
936 954 73
936 960 73
936 970 78
936 972 32
936 978 8
936 979 90
936 985 45
936 993 69
936 998 77
937 945 78
937 948 77
937 961 70
937 992 88
938 954 83
938 960 94
938 970 43
938 972 92
938 979 46
938 980 64
938 985 34
938 986 52
938 987 2
938 988 84
938 998 89
939 956 75
939 958 75
939 968 36
939 977 51
939 982 53
940 983 73
941 947 65
941 950 64
941 993 86
942 943 59
942 948 66
942 955 43
942 965 82
942 971 38
942 978 28
942 989 99
942 997 21
942 999 57
943 948 57
943 955 38
943 971 78
943 978 46
943 981 31
943 989 15
943 999 78
944 946 84
944 949 60
944 976 72
944 984 99
945 954 51
945 960 47
945 963 51
945 986 4
945 987 9
945 988 76
945 992 87
945 998 84
946 949 4
946 976 34
946 984 17
947 970 50
947 972 55
947 979 86
947 985 47
947 993 64
948 955 85
948 961 12
948 971 39
948 978 100
948 981 79
948 989 25
948 999 62
949 976 98
950 952 87
950 973 89
951 957 35
951 962 71
952 965 96
952 973 59
952 997 72
953 969 97
953 981 49
953 995 68
953 999 87
954 960 15
954 972 29
954 978 63
954 985 49
954 987 6
954 993 32
954 998 67
955 971 9
955 973 10
955 978 44
955 989 71
955 993 19
955 997 16
955 999 80
956 958 87
956 982 76
957 962 67
958 964 55
958 968 58
958 975 91
958 977 59
959 967 66
960 966 97
960 986 35
960 987 53
960 988 24
960 992 8
960 998 80
961 975 62
961 984 92
962 974 68
963 966 43
963 986 31
963 987 4
963 988 22
963 991 83
963 992 44
964 968 86
964 975 55
964 977 98
964 995 98
965 973 34
965 997 60
965 999 31
966 986 29
966 987 88
966 988 100
966 992 65
966 996 29
966 998 56
968 975 42
968 977 73
968 984 26
969 981 100
969 999 47
970 972 8
970 979 11
970 985 79
970 993 26
971 978 83
971 981 30
971 989 81
971 999 76
972 979 31
972 985 1
972 993 87
973 997 89
974 979 96
974 980 75
974 990 18
974 994 57
975 977 72
975 984 77
975 995 87
977 984 35
978 989 84
978 993 22
979 980 35
979 985 85
979 998 8
980 986 7
980 988 63
980 990 54
980 994 7
980 998 90
981 989 98
981 995 52
981 999 75
984 991 45
985 993 89
986 987 99
986 988 39
986 992 78
986 996 11
986 998 37
987 988 78
987 992 8
987 998 40
988 992 78
988 996 18
988 998 28
989 999 78
990 994 4
991 992 34
992 998 87
