1000 51656
0 9 52
0 11 99
0 46 54
0 55 55
0 57 15
0 59 34
0 71 91
0 78 5
0 85 61
0 90 36
0 107 9
0 109 81
0 113 51
0 116 63
0 135 97
0 149 82
0 158 8
0 163 80
0 177 27
0 179 76
0 180 48
0 184 61
0 198 31
0 205 72
0 247 2
0 256 22
0 273 72
0 280 29
0 296 18
0 322 96
0 336 80
0 343 91
0 345 53
0 353 51
0 355 65
0 358 90
0 359 65
0 374 69
0 380 18
0 387 67
0 391 29
0 404 12
0 407 60
0 414 19
0 445 36
0 446 30
0 456 83
0 473 57
0 495 28
0 503 80
0 523 44
0 532 92
0 567 35
0 570 12
0 577 28
0 601 76
0 602 71
0 615 46
0 627 5
0 631 71
0 635 40
0 649 40
0 654 81
0 668 29
0 669 31
0 704 79
0 718 55
0 723 4
0 742 52
0 757 13
0 763 47
0 767 37
0 768 93
0 771 69
0 774 8
0 797 9
0 808 55
0 809 8
0 823 17
0 831 33
0 840 3
0 841 16
0 844 42
0 882 42
0 895 52
0 899 62
0 926 77
0 954 91
0 959 69
0 966 75
0 979 5
0 980 89
0 986 43
0 991 81
0 998 64
1 31 32
1 37 95
1 51 17
1 60 7
1 66 81
1 101 76
1 103 35
1 111 64
1 120 1
1 139 24
1 190 34
1 192 18
1 194 12
1 222 67
1 223 30
1 231 44
1 239 86
1 306 86
1 325 72
1 331 73
1 342 7
1 366 82
1 376 100
1 383 49
1 405 30
1 406 34
1 416 91
1 424 26
1 429 10
1 435 58
1 455 95
1 460 43
1 466 69
1 481 36
1 483 83
1 485 18
1 496 32
1 512 36
1 513 56
1 516 21
1 557 73
1 561 39
1 574 23
1 586 28
1 596 36
1 608 28
1 611 69
1 612 83
1 634 19
1 727 94
1 728 100
1 731 49
1 733 45
1 737 10
1 765 65
1 783 61
1 793 39
1 801 69
1 806 38
1 838 59
1 852 11
1 909 83
1 922 72
1 936 74
1 939 65
1 941 84
1 943 43
1 945 89
1 972 79
1 976 54
2 7 26
2 8 91
2 12 81
2 13 17
2 24 43
2 25 18
2 27 27
2 47 38
2 69 88
2 100 46
2 114 99
2 121 43
2 129 72
2 131 9
2 140 64
2 143 2
2 147 90
2 152 2
2 178 80
2 181 35
2 210 73
2 233 65
2 238 67
2 249 34
2 251 29
2 254 78
2 257 18
2 266 48
2 278 24
2 281 12
2 289 12
2 294 47
2 297 54
2 304 100
2 310 6
2 314 36
2 317 50
2 333 63
2 339 95
2 378 80
2 388 46
2 396 60
2 398 90
2 402 74
2 408 40
2 413 33
2 421 29
2 422 51
2 427 31
2 432 59
2 440 8
2 467 29
2 472 57
2 478 76
2 488 69
2 489 27
2 492 41
2 507 47
2 509 69
2 534 64
2 540 63
2 546 43
2 556 99
2 560 78
2 571 65
2 584 15
2 585 51
2 589 82
2 591 75
2 592 16
2 597 46
2 637 29
2 640 96
2 644 95
2 665 85
2 666 79
2 673 77
2 684 6
2 685 5
2 688 44
2 694 16
2 700 50
2 726 94
2 729 74
2 743 99
2 748 61
2 749 15
2 751 5
2 754 54
2 755 60
2 756 93
2 775 79
2 777 50
2 779 76
2 781 27
2 786 74
2 789 73
2 798 32
2 835 86
2 839 57
2 858 5
2 880 89
2 887 33
2 889 98
2 890 21
2 893 97
2 894 69
2 898 47
2 900 34
2 913 59
2 917 78
2 923 6
2 929 43
2 932 50
2 942 28
2 950 67
2 952 13
2 955 49
2 960 54
2 971 67
2 978 85
2 982 73
2 997 97
3 6 5
3 18 69
3 19 91
3 34 97
3 41 65
3 44 71
3 48 19
3 50 6
3 51 43
3 61 1
3 67 60
3 73 75
3 75 48
3 79 63
3 82 88
3 95 62
3 97 59
3 99 29
3 112 80
3 133 83
3 134 91
3 144 43
3 164 81
3 195 22
3 199 95
3 200 77
3 213 16
3 222 76
3 228 11
3 241 86
3 248 59
3 273 47
3 338 37
3 340 38
3 344 64
3 346 41
3 351 48
3 357 74
3 364 15
3 365 70
3 369 95
3 373 50
3 386 28
3 406 18
3 410 4
3 412 21
3 423 22
3 428 23
3 431 59
3 441 64
3 449 5
3 459 28
3 493 67
3 503 38
3 512 7
3 526 69
3 535 64
3 538 87
3 544 37
3 548 41
3 549 91
3 559 46
3 564 84
3 574 10
3 580 29
3 581 99
3 595 73
3 613 28
3 620 8
3 630 32
3 634 42
3 643 70
3 659 88
3 677 70
3 692 50
3 695 67
3 769 82
3 790 25
3 814 24
3 822 33
3 828 13
3 857 80
3 862 37
3 863 78
3 866 16
3 873 99
3 874 92
3 877 6
3 905 77
3 908 44
3 915 68
3 933 35
3 944 71
3 957 40
3 968 74
3 983 83
3 987 75
3 993 87
4 9 98
4 11 41
4 55 43
4 65 16
4 70 62
4 80 84
4 81 95
4 85 43
4 94 97
4 116 2
4 117 74
4 124 9
4 136 77
4 160 42
4 180 30
4 204 98
4 207 44
4 214 21
4 217 90
4 226 67
4 234 54
4 235 36
4 236 46
4 240 9
4 246 79
4 260 99
4 261 93
4 270 63
4 271 40
4 275 62
4 279 29
4 282 95
4 291 23
4 307 74
4 316 20
4 320 67
4 322 80
4 326 28
4 327 21
4 329 68
4 341 82
4 352 71
4 355 39
4 363 72
4 368 81
4 372 35
4 381 60
4 387 42
4 389 1
4 391 61
4 393 41
4 404 60
4 407 96
4 418 9
4 425 34
4 434 19
4 436 27
4 445 4
4 446 63
4 447 87
4 456 46
4 482 63
4 514 60
4 520 6
4 537 56
4 552 93
4 553 61
4 567 92
4 570 99
4 572 21
4 576 12
4 577 64
4 602 97
4 624 23
4 628 36
4 632 69
4 638 100
4 655 80
4 669 47
4 679 55
4 680 1
4 708 78
4 710 30
4 718 38
4 723 33
4 725 87
4 740 79
4 741 34
4 753 90
4 768 87
4 795 40
4 797 8
4 807 22
4 809 93
4 812 78
4 817 9
4 823 13
4 831 13
4 841 79
4 844 100
4 895 35
4 899 24
4 919 77
4 920 37
4 925 57
4 934 92
4 963 62
4 964 63
4 967 3
4 979 61
4 980 98
4 986 95
5 17 59
5 31 51
5 34 38
5 36 60
5 38 73
5 39 89
5 45 24
5 68 31
5 76 29
5 89 94
5 101 17
5 108 79
5 112 45
5 119 56
5 133 54
5 144 71
5 151 100
5 159 55
5 162 41
5 164 91
5 185 23
5 192 76
5 193 53
5 197 12
5 201 95
5 208 74
5 213 6
5 228 20
5 229 98
5 232 5
5 252 66
5 259 20
5 264 70
5 287 26
5 303 26
5 306 3
5 315 39
5 318 5
5 324 27
5 337 35
5 361 29
5 365 80
5 379 44
5 382 52
5 384 88
5 386 19
5 392 34
5 412 89
5 419 43
5 439 60
5 455 18
5 458 66
5 459 13
5 462 75
5 463 54
5 464 25
5 466 3
5 471 99
5 483 21
5 497 42
5 516 39
5 536 45
5 544 18
5 548 32
5 557 38
5 558 51
5 559 1
5 606 52
5 607 94
5 609 86
5 612 70
5 623 55
5 625 1
5 629 69
5 650 79
5 653 60
5 657 22
5 664 56
5 672 79
5 683 84
5 721 89
5 746 3
5 759 92
5 766 15
5 769 17
5 783 99
5 794 20
5 796 66
5 801 37
5 804 49
5 811 90
5 824 90
5 838 70
5 851 15
5 857 29
5 862 43
5 867 3
5 871 60
5 872 89
5 886 94
5 912 26
5 915 63
5 916 49
5 918 4
5 922 55
5 927 76
5 935 57
5 937 74
5 939 95
5 941 36
5 948 36
5 956 4
5 961 74
5 981 45
5 984 9
5 989 26
6 17 47
6 18 20
6 19 72
6 34 19
6 39 45
6 41 79
6 44 27
6 45 86
6 48 57
6 50 79
6 51 93
6 61 56
6 67 2
6 73 66
6 75 33
6 79 56
6 82 2
6 95 52
6 99 83
6 112 59
6 133 8
6 134 13
6 144 23
6 164 34
6 195 64
6 199 38
6 200 35
6 213 63
6 222 28
6 228 50
6 241 26
6 273 8
6 306 3
6 325 66
6 334 31
6 338 6
6 340 54
6 344 87
6 346 97
6 357 55
6 364 74
6 365 75
6 366 84
6 369 84
6 373 57
6 386 99
6 392 65
6 406 19
6 409 97
6 412 68
6 423 99
6 428 23
6 431 82
6 435 40
6 441 60
6 459 42
6 493 47
6 496 8
6 512 25
6 513 37
6 516 90
6 526 19
6 536 91
6 538 3
6 544 12
6 548 22
6 549 14
6 557 42
6 559 4
6 564 18
6 574 34
6 575 19
6 581 89
6 595 16
6 596 83
6 613 96
6 620 98
6 630 1
6 634 5
6 643 16
6 653 24
6 659 90
6 677 86
6 692 91
6 695 18
6 769 81
6 783 86
6 790 1
6 814 71
6 822 47
6 828 96
6 833 5
6 857 48
6 862 20
6 863 31
6 866 60
6 873 89
6 874 98
6 877 68
6 905 25
6 908 67
6 915 17
6 916 7
6 918 57
6 933 59
6 944 49
6 945 80
6 957 25
6 968 85
6 983 43
6 984 53
6 987 65
6 993 94
7 10 22
7 13 17
7 21 10
7 32 46
7 36 46
7 58 18
7 69 53
7 70 6
7 72 77
7 83 47
7 100 1
7 127 31
7 129 63
7 131 82
7 136 15
7 138 48
7 140 72
7 176 66
7 178 85
7 181 20
7 183 35
7 201 23
7 206 53
7 210 19
7 216 79
7 220 61
7 238 31
7 249 20
7 251 75
7 255 13
7 257 54
7 259 97
7 266 3
7 278 90
7 281 96
7 290 85
7 305 24
7 314 48
7 330 10
7 333 62
7 341 86
7 354 80
7 389 74
7 398 27
7 402 88
7 403 9
7 408 78
7 421 98
7 426 3
7 432 77
7 439 73
7 440 10
7 442 28
7 467 13
7 474 9
7 475 30
7 478 73
7 489 57
7 490 7
7 492 63
7 511 88
7 518 88
7 525 88
7 528 31
7 531 30
7 534 78
7 540 73
7 556 7
7 560 41
7 571 21
7 585 48
7 597 90
7 598 12
7 626 39
7 640 24
7 650 36
7 658 69
7 679 32
7 681 85
7 684 70
7 685 46
7 686 80
7 688 73
7 694 63
7 700 17
7 705 83
7 711 76
7 722 51
7 726 25
7 729 3
7 748 90
7 753 27
7 755 77
7 756 33
7 766 78
7 775 39
7 779 82
7 789 57
7 798 42
7 803 83
7 821 50
7 835 71
7 839 91
7 853 68
7 871 59
7 875 43
7 880 42
7 885 54
7 889 82
7 890 1
7 891 47
7 894 43
7 898 18
7 904 24
7 912 47
7 913 73
7 917 33
7 931 68
7 932 60
7 935 75
7 950 17
7 952 43
7 955 31
7 965 95
7 985 86
7 989 42
8 13 78
8 16 28
8 23 66
8 28 71
8 32 17
8 35 3
8 40 91
8 42 71
8 43 32
8 62 10
8 64 62
8 69 94
8 104 86
8 130 61
8 131 85
8 140 77
8 143 60
8 178 30
8 189 43
8 191 24
8 202 56
8 206 27
8 210 33
8 221 4
8 230 78
8 233 96
8 244 34
8 249 70
8 255 24
8 257 76
8 265 58
8 274 83
8 278 79
8 281 89
8 286 93
8 288 60
8 289 36
8 294 88
8 301 65
8 302 65
8 309 39
8 312 38
8 317 97
8 319 53
8 339 100
8 347 67
8 370 39
8 378 5
8 388 41
8 396 14
8 397 47
8 402 80
8 411 73
8 420 13
8 427 3
8 432 1
8 437 85
8 440 15
8 444 28
8 450 94
8 457 95
8 468 98
8 472 54
8 474 50
8 478 51
8 484 19
8 488 92
8 506 1
8 517 31
8 518 47
8 521 14
8 534 95
8 540 81
8 556 75
8 578 53
8 582 9
8 585 75
8 588 23
8 589 43
8 591 58
8 610 13
8 622 83
8 636 8
8 644 100
8 645 78
8 658 75
8 663 9
8 665 12
8 674 46
8 678 43
8 684 28
8 685 71
8 690 9
8 693 36
8 694 76
8 719 89
8 722 3
8 729 27
8 730 18
8 734 41
8 748 32
8 751 55
8 752 26
8 755 92
8 756 47
8 761 8
8 777 6
8 780 43
8 781 44
8 784 60
8 799 39
8 800 43
8 816 72
8 820 19
8 827 32
8 843 73
8 860 82
8 861 15
8 864 67
8 870 100
8 875 22
8 885 77
8 887 49
8 894 39
8 900 9
8 907 11
8 911 7
8 913 79
8 917 89
8 923 27
8 924 89
8 942 2
8 946 23
8 949 26
8 951 56
8 994 85
8 997 79
9 11 89
9 55 82
9 65 90
9 71 63
9 78 63
9 81 28
9 85 68
9 90 74
9 94 12
9 107 74
9 113 98
9 116 25
9 117 48
9 124 54
9 135 41
9 158 41
9 160 14
9 163 26
9 177 15
9 179 85
9 180 53
9 204 30
9 205 3
9 207 62
9 214 37
9 234 74
9 235 22
9 236 3
9 240 61
9 246 88
9 247 9
9 260 60
9 270 1
9 271 85
9 279 93
9 282 19
9 291 44
9 316 9
9 322 44
9 326 9
9 327 5
9 329 68
9 336 99
9 343 7
9 353 19
9 355 72
9 358 61
9 363 76
9 368 65
9 372 31
9 381 67
9 387 64
9 391 36
9 404 94
9 407 57
9 414 73
9 418 12
9 425 2
9 434 34
9 436 47
9 445 17
9 446 45
9 447 15
9 456 28
9 514 72
9 523 2
9 537 23
9 552 42
9 553 71
9 567 40
9 570 42
9 577 52
9 583 61
9 602 10
9 618 37
9 624 68
9 628 42
9 631 38
9 632 50
9 635 77
9 649 46
9 654 61
9 669 9
9 704 86
9 708 69
9 710 47
9 718 44
9 723 35
9 725 6
9 736 74
9 740 47
9 741 76
9 757 61
9 763 64
9 768 15
9 774 87
9 797 2
9 807 55
9 808 73
9 809 48
9 812 100
9 817 18
9 823 52
9 831 88
9 840 91
9 841 60
9 844 72
9 882 84
9 895 67
9 899 64
9 919 57
9 920 13
9 925 35
9 934 50
9 967 17
9 979 83
9 980 18
9 986 98
9 991 5
9 998 55
10 21 29
10 36 74
10 38 9
10 58 79
10 70 54
10 76 93
10 83 87
10 89 85
10 94 41
10 102 100
10 117 18
10 119 16
10 129 90
10 136 59
10 151 62
10 159 5
10 160 22
10 183 35
10 185 48
10 193 25
10 201 69
10 204 20
10 206 71
10 207 10
10 208 61
10 210 66
10 216 86
10 234 17
10 240 53
10 252 23
10 255 38
10 259 28
10 264 78
10 303 94
10 305 86
10 315 25
10 318 1
10 330 19
10 337 4
10 341 93
10 354 51
10 379 21
10 382 55
10 389 37
10 398 2
10 403 12
10 426 5
10 439 25
10 442 48
10 447 87
10 458 45
10 462 42
10 463 29
10 467 36
10 471 70
10 474 64
10 489 97
10 490 52
10 497 8
10 511 94
10 518 81
10 528 24
10 534 51
10 553 48
10 560 71
10 597 75
10 598 53
10 607 78
10 626 67
10 629 95
10 632 95
10 640 31
10 650 35
10 658 39
10 664 33
10 679 89
10 683 85
10 686 8
10 700 87
10 722 80
10 746 61
10 753 31
10 756 45
10 759 81
10 766 89
10 779 24
10 794 97
10 798 79
10 803 37
10 804 21
10 807 63
10 812 93
10 817 12
10 821 41
10 824 60
10 835 12
10 853 48
10 867 93
10 871 2
10 872 56
10 879 43
10 885 85
10 886 3
10 891 50
10 904 71
10 912 24
10 927 82
10 932 48
10 935 73
10 952 15
10 956 53
10 961 47
10 967 30
10 977 6
10 985 54
10 989 19
11 46 95
11 55 59
11 59 34
11 65 98
11 68 42
11 71 87
11 78 75
11 81 90
11 85 55
11 90 100
11 94 82
11 107 58
11 109 85
11 113 52
11 116 93
11 117 57
11 135 88
11 158 66
11 160 63
11 163 69
11 177 45
11 180 96
11 184 2
11 193 92
11 198 68
11 205 95
11 207 59
11 214 58
11 234 47
11 235 65
11 236 96
11 240 2
11 246 98
11 247 17
11 256 69
11 270 56
11 271 52
11 279 29
11 280 41
11 291 95
11 296 21
11 316 51
11 322 54
11 326 27
11 327 31
11 329 44
11 334 82
11 336 77
11 343 68
11 345 33
11 353 54
11 355 72
11 358 43
11 363 63
11 372 58
11 374 20
11 381 43
11 387 19
11 391 12
11 404 55
11 407 92
11 409 38
11 414 75
11 418 43
11 436 4
11 445 66
11 446 71
11 447 70
11 456 41
11 473 38
11 495 53
11 523 100
11 532 63
11 552 2
11 553 88
11 567 2
11 570 94
11 577 26
11 602 99
11 627 74
11 631 19
11 632 41
11 635 3
11 649 85
11 654 39
11 656 34
11 657 51
11 668 88
11 669 49
11 671 60
11 704 74
11 708 35
11 710 2
11 718 80
11 723 19
11 736 84
11 742 76
11 757 41
11 763 21
11 767 86
11 768 60
11 771 83
11 774 5
11 797 4
11 808 79
11 809 90
11 812 25
11 817 86
11 823 37
11 831 19
11 840 3
11 841 50
11 844 86
11 851 12
11 867 37
11 879 18
11 882 15
11 895 26
11 899 67
11 920 73
11 925 33
11 926 88
11 934 67
11 954 75
11 959 63
11 962 53
11 966 79
11 967 66
11 979 14
11 980 25
11 986 42
11 991 19
11 998 91
12 22 46
12 24 12
12 25 54
12 27 97
12 29 89
12 47 34
12 56 54
12 69 5
12 100 91
12 114 36
12 121 16
12 127 38
12 132 16
12 138 63
12 140 13
12 142 22
12 143 23
12 147 93
12 152 19
12 153 1
12 157 36
12 169 78
12 172 8
12 176 47
12 178 14
12 181 1
12 187 6
12 225 80
12 238 25
12 245 55
12 249 50
12 251 24
12 254 40
12 266 9
12 276 98
12 281 79
12 290 97
12 297 94
12 304 59
12 310 78
12 314 93
12 333 28
12 348 34
12 396 21
12 402 69
12 408 49
12 413 2
12 421 40
12 422 73
12 430 98
12 440 64
12 472 83
12 488 81
12 492 35
12 500 48
12 507 55
12 509 53
12 524 34
12 530 76
12 540 14
12 546 28
12 556 19
12 569 91
12 571 14
12 584 88
12 589 33
12 592 54
12 594 45
12 603 81
12 614 5
12 637 72
12 639 95
12 642 99
12 660 96
12 661 49
12 673 34
12 681 97
12 684 100
12 688 33
12 694 6
12 724 39
12 726 83
12 729 2
12 743 78
12 745 21
12 749 77
12 751 21
12 754 13
12 755 90
12 775 39
12 779 43
12 786 8
12 789 64
12 830 30
12 839 96
12 845 26
12 854 87
12 855 93
12 858 23
12 880 64
12 884 97
12 887 67
12 888 11
12 889 54
12 890 18
12 893 85
12 898 31
12 901 18
12 923 31
12 929 92
12 931 25
12 942 8
12 950 46
12 955 89
12 971 84
12 978 75
12 982 2
12 997 3
13 16 97
13 21 20
13 23 77
13 32 94
13 36 64
13 40 74
13 42 54
13 43 4
13 62 18
13 64 36
13 69 12
13 83 64
13 100 57
13 104 72
13 105 43
13 130 20
13 131 99
13 140 72
13 159 11
13 178 32
13 183 48
13 189 16
13 202 77
13 206 31
13 210 54
13 221 77
13 230 47
13 233 69
13 249 92
13 255 58
13 257 27
13 259 83
13 265 98
13 266 59
13 274 63
13 278 96
13 281 80
13 288 18
13 289 33
13 294 94
13 301 49
13 302 29
13 305 87
13 312 92
13 317 34
13 319 21
13 333 64
13 339 10
13 347 43
13 370 80
13 378 41
13 382 88
13 388 9
13 396 93
13 397 17
13 398 35
13 402 99
13 411 88
13 420 64
13 427 45
13 432 33
13 437 35
13 440 72
13 450 82
13 457 93
13 468 35
13 474 48
13 478 5
13 489 85
13 506 37
13 511 39
13 518 93
13 521 31
13 534 63
13 540 50
13 556 77
13 560 3
13 582 73
13 585 96
13 589 95
13 591 41
13 597 19
13 607 33
13 610 23
13 626 100
13 636 26
13 640 17
13 644 65
13 645 90
13 658 61
13 663 17
13 665 9
13 674 75
13 678 14
13 684 72
13 685 72
13 690 27
13 693 27
13 694 61
13 719 76
13 722 13
13 729 7
13 730 89
13 748 60
13 751 58
13 755 56
13 756 1
13 761 19
13 766 12
13 777 70
13 779 32
13 781 84
13 784 96
13 798 64
13 799 68
13 800 91
13 827 57
13 849 69
13 850 28
13 853 83
13 861 74
13 870 21
13 875 55
13 885 35
13 887 42
13 889 90
13 894 21
13 900 39
13 907 90
13 913 98
13 917 78
13 923 97
13 932 10
13 935 68
13 942 55
13 946 40
13 949 74
13 950 88
13 952 21
13 961 30
13 989 93
13 997 19
14 15 43
14 24 81
14 33 42
14 52 82
14 72 15
14 77 60
14 86 8
14 126 91
14 127 61
14 132 10
14 137 80
14 138 24
14 152 45
14 153 19
14 169 31
14 170 53
14 171 1
14 176 66
14 181 52
14 203 64
14 212 75
14 215 62
14 220 79
14 224 69
14 253 60
14 263 56
14 276 19
14 290 94
14 300 37
14 307 85
14 328 29
14 348 56
14 350 80
14 362 80
14 367 53
14 395 47
14 399 10
14 400 6
14 408 46
14 415 86
14 421 34
14 422 64
14 430 66
14 433 83
14 443 74
14 452 51
14 465 38
14 469 66
14 475 57
14 486 64
14 487 100
14 492 37
14 500 77
14 507 65
14 509 24
14 524 52
14 530 86
14 531 40
14 543 71
14 565 15
14 569 2
14 571 91
14 593 55
14 614 18
14 619 100
14 637 59
14 642 36
14 648 74
14 660 30
14 661 9
14 673 45
14 675 83
14 681 78
14 699 31
14 705 49
14 711 80
14 712 89
14 713 96
14 726 5
14 739 72
14 749 68
14 764 21
14 770 41
14 773 47
14 778 60
14 787 87
14 788 78
14 789 87
14 802 91
14 815 96
14 818 71
14 826 97
14 836 67
14 839 50
14 865 87
14 878 85
14 888 35
14 890 76
14 898 63
14 901 74
14 906 83
14 914 15
14 931 10
14 940 7
14 947 57
14 953 90
14 955 81
14 965 26
14 971 43
14 974 66
14 975 38
14 978 21
14 990 73
14 995 4
15 33 43
15 52 78
15 70 71
15 72 86
15 77 67
15 80 62
15 86 2
15 124 37
15 126 69
15 127 28
15 136 59
15 137 14
15 138 73
15 146 51
15 153 82
15 166 30
15 170 35
15 171 70
15 176 15
15 181 56
15 196 29
15 203 36
15 212 45
15 215 12
15 217 99
15 220 75
15 224 67
15 226 37
15 253 80
15 267 4
15 275 43
15 282 47
15 290 11
15 300 40
15 307 14
15 320 48
15 341 38
15 350 26
15 352 31
15 354 97
15 368 37
15 389 98
15 390 91
15 393 75
15 399 77
15 400 14
15 408 97
15 415 33
15 426 23
15 433 22
15 442 33
15 443 5
15 452 60
15 465 8
15 467 7
15 469 74
15 475 92
15 476 1
15 480 48
15 486 80
15 492 5
15 501 7
15 525 63
15 531 69
15 539 47
15 543 27
15 554 56
15 565 71
15 571 61
15 593 63
15 614 99
15 624 30
15 628 68
15 638 33
15 642 46
15 648 50
15 661 31
15 675 42
15 679 46
15 680 27
15 681 57
15 686 95
15 699 93
15 700 28
15 705 32
15 711 43
15 712 49
15 713 7
15 726 84
15 738 74
15 764 41
15 787 92
15 788 62
15 795 67
15 815 13
15 821 45
15 826 62
15 836 30
15 865 64
15 878 46
15 890 14
15 891 19
15 898 65
15 901 85
15 906 40
15 914 13
15 931 15
15 940 67
15 947 75
15 953 70
15 955 88
15 963 100
15 965 3
15 973 80
15 974 13
15 975 9
15 985 32
15 995 97
16 23 74
16 26 7
16 28 51
16 30 22
16 32 100
16 35 43
16 40 75
16 42 72
16 62 87
16 63 92
16 69 58
16 104 15
16 130 92
16 131 1
16 143 62
16 173 45
16 186 4
16 189 6
16 191 37
16 202 9
16 209 10
16 227 50
16 230 5
16 233 70
16 237 45
16 244 17
16 249 37
16 265 16
16 277 10
16 278 81
16 281 82
16 286 24
16 288 10
16 289 4
16 294 43
16 301 30
16 309 100
16 310 22
16 317 89
16 319 28
16 339 80
16 347 46
16 370 26
16 378 13
16 388 56
16 396 17
16 401 53
16 411 93
16 413 2
16 420 2
16 427 86
16 432 79
16 440 41
16 444 85
16 450 53
16 457 48
16 468 33
16 472 50
16 478 18
16 479 78
16 484 35
16 488 30
16 506 37
16 508 20
16 510 85
16 517 85
16 540 98
16 556 91
16 562 18
16 578 26
16 579 89
16 585 16
16 588 42
16 589 6
16 591 33
16 600 3
16 610 8
16 621 11
16 622 63
16 636 93
16 641 47
16 644 45
16 645 69
16 665 91
16 666 62
16 690 20
16 734 67
16 751 19
16 752 25
16 754 18
16 761 38
16 777 71
16 780 90
16 781 2
16 785 44
16 800 21
16 816 38
16 827 26
16 843 19
16 847 96
16 860 75
16 861 25
16 864 4
16 881 37
16 887 4
16 900 94
16 907 30
16 911 80
16 913 10
16 917 44
16 923 87
16 924 86
16 929 65
16 942 38
16 951 21
16 960 8
16 969 58
16 994 46
16 997 40
17 19 89
17 31 15
17 34 37
17 37 36
17 38 3
17 39 90
17 45 8
17 68 22
17 73 29
17 89 95
17 101 91
17 108 33
17 112 73
17 119 77
17 133 1
17 139 72
17 144 28
17 151 100
17 159 100
17 162 92
17 164 8
17 192 87
17 193 61
17 197 45
17 208 84
17 213 36
17 228 41
17 229 6
17 232 97
17 252 36
17 264 33
17 287 84
17 303 13
17 306 83
17 315 45
17 318 59
17 324 33
17 337 54
17 361 29
17 364 96
17 365 42
17 379 73
17 382 13
17 384 93
17 386 54
17 392 12
17 406 85
17 412 69
17 419 29
17 429 61
17 435 95
17 455 41
17 458 36
17 459 91
17 460 14
17 462 19
17 463 78
17 464 100
17 466 41
17 471 59
17 481 78
17 483 81
17 497 24
17 513 32
17 516 62
17 536 16
17 544 32
17 548 91
17 557 79
17 558 98
17 559 27
17 606 55
17 609 3
17 612 96
17 623 52
17 625 87
17 634 16
17 653 72
17 657 55
17 664 8
17 672 40
17 683 5
17 721 83
17 746 59
17 759 23
17 769 30
17 783 27
17 794 78
17 796 18
17 801 42
17 811 43
17 824 82
17 838 41
17 851 78
17 857 27
17 862 76
17 872 38
17 886 46
17 915 45
17 916 21
17 918 82
17 922 68
17 927 91
17 937 12
17 939 17
17 941 8
17 948 21
17 956 20
17 968 21
17 981 74
17 984 38
18 19 66
18 41 34
18 44 25
18 50 24
18 51 67
18 67 88
18 79 71
18 82 96
18 99 40
18 134 11
18 175 74
18 195 34
18 199 63
18 200 85
18 222 79
18 299 4
18 325 58
18 340 38
18 364 52
18 366 47
18 369 17
18 373 72
18 406 87
18 431 46
18 449 92
18 461 50
18 512 11
18 535 51
18 538 70
18 549 2
18 550 76
18 564 3
18 573 19
18 574 23
18 575 10
18 586 79
18 590 100
18 595 59
18 596 64
18 613 70
18 620 90
18 630 19
18 634 24
18 643 73
18 677 12
18 692 15
18 695 11
18 696 42
18 728 39
18 790 38
18 813 83
18 814 98
18 828 100
18 863 17
18 866 18
18 873 36
18 874 59
18 877 43
18 908 59
18 933 2
18 945 34
18 968 72
18 972 34
18 988 24
18 993 60
19 31 69
19 34 15
19 39 35
19 41 97
19 44 87
19 45 11
19 48 87
19 50 19
19 51 99
19 61 61
19 67 40
19 73 81
19 75 10
19 79 55
19 82 65
19 95 34
19 99 45
19 101 90
19 112 98
19 133 91
19 134 87
19 144 8
19 164 97
19 175 72
19 195 28
19 199 52
19 200 95
19 213 28
19 222 75
19 228 61
19 241 9
19 306 15
19 325 34
19 340 38
19 344 29
19 364 45
19 365 78
19 366 88
19 369 32
19 373 61
19 386 13
19 392 20
19 406 42
19 412 27
19 423 68
19 424 79
19 428 29
19 431 58
19 435 34
19 449 29
19 455 40
19 459 16
19 481 18
19 493 2
19 496 14
19 512 62
19 513 37
19 516 35
19 536 97
19 538 95
19 544 13
19 548 54
19 549 34
19 557 13
19 559 93
19 564 68
19 574 6
19 575 71
19 581 84
19 586 100
19 595 26
19 596 79
19 612 67
19 613 54
19 620 42
19 630 86
19 634 51
19 643 20
19 659 43
19 677 16
19 692 87
19 695 95
19 737 51
19 769 66
19 783 24
19 790 84
19 813 83
19 814 78
19 828 46
19 838 54
19 857 64
19 862 51
19 863 37
19 866 80
19 873 13
19 874 57
19 877 3
19 908 55
19 915 77
19 916 10
19 918 35
19 933 23
19 944 25
19 945 90
19 968 57
19 972 73
19 984 98
19 987 3
19 993 10
20 55 58
20 74 77
20 88 55
20 150 37
20 154 42
20 166 59
20 179 91
20 182 25
20 226 92
20 235 84
20 243 11
20 250 48
20 260 64
20 261 72
20 270 21
20 292 84
20 293 89
20 295 45
20 313 15
20 316 10
20 372 83
20 381 4
20 385 36
20 387 87
20 417 58
20 425 44
20 434 29
20 438 39
20 454 47
20 482 74
20 499 75
20 514 13
20 520 59
20 522 87
20 537 49
20 545 100
20 552 92
20 572 86
20 576 86
20 583 58
20 604 88
20 616 29
20 618 21
20 655 14
20 691 52
20 708 13
20 709 1
20 714 48
20 717 4
20 718 85
20 725 67
20 740 26
20 768 100
20 792 93
20 832 72
20 842 44
20 846 17
20 848 94
20 859 90
20 892 81
20 919 24
20 964 91
20 999 2
21 32 14
21 36 75
21 38 83
21 43 77
21 58 94
21 70 97
21 76 49
21 83 69
21 89 38
21 102 65
21 119 66
21 129 97
21 136 11
21 140 15
21 151 60
21 159 96
21 178 94
21 183 50
21 185 99
21 201 39
21 204 29
21 206 96
21 208 98
21 210 75
21 216 72
21 234 94
21 240 14
21 252 57
21 255 20
21 257 100
21 259 28
21 281 20
21 303 9
21 305 42
21 315 79
21 330 94
21 333 42
21 354 26
21 361 16
21 379 53
21 382 71
21 397 49
21 398 74
21 402 59
21 403 29
21 426 33
21 439 53
21 442 59
21 458 90
21 462 97
21 467 34
21 471 2
21 474 19
21 489 13
21 490 88
21 511 90
21 518 96
21 528 52
21 534 23
21 540 19
21 560 86
21 585 86
21 597 21
21 598 87
21 607 95
21 625 74
21 626 41
21 629 24
21 632 94
21 640 53
21 645 52
21 650 37
21 658 24
21 663 31
21 664 36
21 674 65
21 679 38
21 683 36
21 684 15
21 685 83
21 700 18
21 722 61
21 729 16
21 746 67
21 748 7
21 753 93
21 755 99
21 756 4
21 759 98
21 766 57
21 779 87
21 794 72
21 798 17
21 799 48
21 803 74
21 804 66
21 821 32
21 824 28
21 835 48
21 853 52
21 871 85
21 875 40
21 885 23
21 886 15
21 891 12
21 894 14
21 904 90
21 912 99
21 913 60
21 927 6
21 932 12
21 935 20
21 952 89
21 955 11
21 961 8
21 977 63
21 985 92
21 989 99
22 24 11
22 25 47
22 27 43
22 29 61
22 47 43
22 56 77
22 91 34
22 92 40
22 114 13
22 121 45
22 132 80
22 142 86
22 143 64
22 147 6
22 148 52
22 152 53
22 157 53
22 169 97
22 172 66
22 187 62
22 225 14
22 237 100
22 245 37
22 251 8
22 254 22
22 276 100
22 297 7
22 304 86
22 310 55
22 314 32
22 335 42
22 348 58
22 349 45
22 371 79
22 375 66
22 413 22
22 422 12
22 430 68
22 470 39
22 488 41
22 500 41
22 507 56
22 509 80
22 530 9
22 546 91
22 569 78
22 584 75
22 592 100
22 594 2
22 603 57
22 637 13
22 639 80
22 660 30
22 666 88
22 667 47
22 673 70
22 682 73
22 688 26
22 701 78
22 707 16
22 724 92
22 743 49
22 745 41
22 749 66
22 754 42
22 775 47
22 786 68
22 830 33
22 837 31
22 839 16
22 845 1
22 847 100
22 854 40
22 855 38
22 858 65
22 880 34
22 883 45
22 884 14
22 893 67
22 903 98
22 929 62
22 960 63
22 971 38
22 978 94
22 982 71
23 32 40
23 35 36
23 36 28
23 40 28
23 42 16
23 43 41
23 62 28
23 63 60
23 64 77
23 69 26
23 93 70
23 104 31
23 105 75
23 130 16
23 131 60
23 140 49
23 155 69
23 189 15
23 191 54
23 202 69
23 206 67
23 210 38
23 221 31
23 230 4
23 233 28
23 249 8
23 255 62
23 257 26
23 265 91
23 274 23
23 278 43
23 281 93
23 288 3
23 289 44
23 294 32
23 301 82
23 302 82
23 312 21
23 317 90
23 319 66
23 321 95
23 339 33
23 347 19
23 370 90
23 378 59
23 382 66
23 388 19
23 396 2
23 397 88
23 411 90
23 420 76
23 427 55
23 432 85
23 437 97
23 440 60
23 444 79
23 450 73
23 457 77
23 468 63
23 474 92
23 478 75
23 484 40
23 506 95
23 518 7
23 521 9
23 534 65
23 540 71
23 551 15
23 555 93
23 556 38
23 578 95
23 582 54
23 585 76
23 588 14
23 589 69
23 591 51
23 607 72
23 610 100
23 622 48
23 636 19
23 644 28
23 645 93
23 658 33
23 663 34
23 665 73
23 674 15
23 678 69
23 684 35
23 685 100
23 690 13
23 693 46
23 719 8
23 722 98
23 729 82
23 730 100
23 734 60
23 748 11
23 751 38
23 752 18
23 755 7
23 756 8
23 758 98
23 761 90
23 762 87
23 777 76
23 781 95
23 784 82
23 799 93
23 800 54
23 820 12
23 827 50
23 843 79
23 849 2
23 850 100
23 861 65
23 870 41
23 875 96
23 885 3
23 887 25
23 894 62
23 900 22
23 907 18
23 911 59
23 913 79
23 917 75
23 923 14
23 946 77
23 949 66
23 951 12
23 961 92
24 25 40
24 27 44
24 29 50
24 47 94
24 56 32
24 100 23
24 114 19
24 121 53
24 127 5
24 132 76
24 138 33
24 140 19
24 142 28
24 143 26
24 147 91
24 152 84
24 153 9
24 157 53
24 169 84
24 176 14
24 178 7
24 181 16
24 187 19
24 215 12
24 225 78
24 238 71
24 245 59
24 251 12
24 254 35
24 266 36
24 276 98
24 290 64
24 297 95
24 304 20
24 314 85
24 333 96
24 335 98
24 348 83
24 395 19
24 402 47
24 408 45
24 421 89
24 422 36
24 430 15
24 433 22
24 440 51
24 443 65
24 492 82
24 500 63
24 507 13
24 509 40
24 524 88
24 530 23
24 531 19
24 546 17
24 569 28
24 571 70
24 584 60
24 592 10
24 594 17
24 603 50
24 614 88
24 637 69
24 639 26
24 642 30
24 660 58
24 661 6
24 673 29
24 681 88
24 688 31
24 694 100
24 724 60
24 726 3
24 743 51
24 745 82
24 749 58
24 754 52
24 775 13
24 779 15
24 786 8
24 787 4
24 788 71
24 789 76
24 837 85
24 839 69
24 854 34
24 858 80
24 880 40
24 884 9
24 888 37
24 889 15
24 890 1
24 893 11
24 898 2
24 901 50
24 914 85
24 931 17
24 950 83
24 953 66
24 955 69
24 965 57
24 971 56
24 978 58
24 982 84
24 995 32
25 27 24
25 29 27
25 47 66
25 56 55
25 69 87
25 100 93
25 114 71
25 121 54
25 127 62
25 132 59
25 138 21
25 140 72
25 142 18
25 143 13
25 147 32
25 152 56
25 153 60
25 157 47
25 169 17
25 172 18
25 176 56
25 178 32
25 181 57
25 187 96
25 215 49
25 225 26
25 238 50
25 245 60
25 249 9
25 251 19
25 254 60
25 266 40
25 276 31
25 290 64
25 297 31
25 304 83
25 314 77
25 333 17
25 348 63
25 349 65
25 402 50
25 408 91
25 413 60
25 421 69
25 422 20
25 430 50
25 440 56
25 492 14
25 500 39
25 507 91
25 509 60
25 524 29
25 530 22
25 531 78
25 546 95
25 556 7
25 569 81
25 571 24
25 584 52
25 592 93
25 594 33
25 603 7
25 614 56
25 637 88
25 639 5
25 642 60
25 660 18
25 661 87
25 673 38
25 681 57
25 682 21
25 684 73
25 688 4
25 694 59
25 724 75
25 726 3
25 743 76
25 745 19
25 749 9
25 751 48
25 754 55
25 775 58
25 786 16
25 789 85
25 830 70
25 837 24
25 839 29
25 845 100
25 854 36
25 858 86
25 880 59
25 884 55
25 887 69
25 888 85
25 889 6
25 890 76
25 893 83
25 898 55
25 901 34
25 923 53
25 929 64
25 931 54
25 942 52
25 950 32
25 955 89
25 971 27
25 978 100
25 982 4
25 995 50
26 30 94
26 35 1
26 40 56
26 42 51
26 49 55
26 62 52
26 63 11
26 84 41
26 87 3
26 93 83
26 98 19
26 104 21
26 115 11
26 130 51
26 141 95
26 145 37
26 167 3
26 173 88
26 186 62
26 189 78
26 191 3
26 202 85
26 209 83
26 230 69
26 244 53
26 258 83
26 265 53
26 268 71
26 269 40
26 277 68
26 284 72
26 286 27
26 288 24
26 298 17
26 301 14
26 309 65
26 319 2
26 347 79
26 401 66
26 411 28
26 420 8
26 444 85
26 477 75
26 479 23
26 484 10
26 491 34
26 504 26
26 505 54
26 508 10
26 555 82
26 562 28
26 568 41
26 578 75
26 587 14
26 588 7
26 600 52
26 605 47
26 617 52
26 621 30
26 622 44
26 636 89
26 641 16
26 644 18
26 647 61
26 652 67
26 689 26
26 690 94
26 693 81
26 715 67
26 716 13
26 734 54
26 747 46
26 750 23
26 752 13
26 772 73
26 776 61
26 780 55
26 827 57
26 829 31
26 843 65
26 860 99
26 861 59
26 864 67
26 869 39
26 881 69
26 902 74
26 907 21
26 911 74
26 921 81
26 924 90
26 951 4
26 969 91
26 994 90
27 28 89
27 42 7
27 47 47
27 56 82
27 69 69
27 100 27
27 114 69
27 121 27
27 140 90
27 142 88
27 143 2
27 147 85
27 152 26
27 157 53
27 172 91
27 178 10
27 227 44
27 233 86
27 237 91
27 238 78
27 245 60
27 249 22
27 251 67
27 254 83
27 266 78
27 278 84
27 281 37
27 294 6
27 297 82
27 304 36
27 310 97
27 314 23
27 317 14
27 347 16
27 349 19
27 370 31
27 396 1
27 402 35
27 408 51
27 413 7
27 420 37
27 421 48
27 422 30
27 427 32
27 432 78
27 440 14
27 472 55
27 478 99
27 488 54
27 507 32
27 509 100
27 510 88
27 517 18
27 540 67
27 546 63
27 556 52
27 569 10
27 579 45
27 584 58
27 589 81
27 591 24
27 592 55
27 603 70
27 637 73
27 639 15
27 644 8
27 665 84
27 666 26
27 667 26
27 673 41
27 684 8
27 688 22
27 694 8
27 724 39
27 729 81
27 734 60
27 743 46
27 745 81
27 749 6
27 751 9
27 754 59
27 755 64
27 775 18
27 777 29
27 781 44
27 785 86
27 786 83
27 789 74
27 816 87
27 830 26
27 839 8
27 845 97
27 847 12
27 854 11
27 855 7
27 858 40
27 860 95
27 880 68
27 884 83
27 887 92
27 889 7
27 893 37
27 900 42
27 907 20
27 917 64
27 923 33
27 929 5
27 942 35
27 950 63
27 960 91
27 971 14
27 978 82
27 982 18
27 994 13
27 997 25
28 42 40
28 62 58
28 69 86
28 130 83
28 143 75
28 173 72
28 189 38
28 209 93
28 227 8
28 230 58
28 233 36
28 237 67
28 244 33
28 249 70
28 265 97
28 277 47
28 278 48
28 286 44
28 294 63
28 297 87
28 309 82
28 310 76
28 317 30
28 319 83
28 339 50
28 347 28
28 370 25
28 378 86
28 388 92
28 396 90
28 411 100
28 413 56
28 420 24
28 427 52
28 440 4
28 444 55
28 472 79
28 488 60
28 508 35
28 510 10
28 517 89
28 562 12
28 579 7
28 588 87
28 589 87
28 591 62
28 600 55
28 621 19
28 622 95
28 636 22
28 641 34
28 644 18
28 665 62
28 666 66
28 667 9
28 690 65
28 724 71
28 734 69
28 745 14
28 751 53
28 752 45
28 754 95
28 777 23
28 780 98
28 781 12
28 785 26
28 786 86
28 816 12
28 827 48
28 845 98
28 847 85
28 855 67
28 860 85
28 864 37
28 887 84
28 900 44
28 907 14
28 911 15
28 923 65
28 924 46
28 929 64
28 942 89
28 951 17
28 960 92
28 982 94
28 994 77
28 997 5
29 47 18
29 56 87
29 91 71
29 92 27
29 96 77
29 106 11
29 114 37
29 121 63
29 132 56
29 142 54
29 147 97
29 148 50
29 152 45
29 157 21
29 169 5
29 172 83
29 187 21
29 225 64
29 245 64
29 254 48
29 263 84
29 276 43
29 283 17
29 297 44
29 304 13
29 308 23
29 328 88
29 335 41
29 348 25
29 349 20
29 362 59
29 367 16
29 371 100
29 375 74
29 377 22
29 395 44
29 422 23
29 430 41
29 470 6
29 487 50
29 500 89
29 507 20
29 509 16
29 515 89
29 524 30
29 530 35
29 546 92
29 566 26
29 569 18
29 584 11
29 592 92
29 594 73
29 599 82
29 603 37
29 614 95
29 619 49
29 637 59
29 639 13
29 642 28
29 660 89
29 661 33
29 673 58
29 682 46
29 688 48
29 701 67
29 702 15
29 706 16
29 707 2
29 724 63
29 732 10
29 739 40
29 743 41
29 744 3
29 745 27
29 749 7
29 773 37
29 778 44
29 802 16
29 818 20
29 819 10
29 830 34
29 837 36
29 839 87
29 854 21
29 858 90
29 883 11
29 884 41
29 888 52
29 893 86
29 897 50
29 901 86
29 903 20
29 971 25
29 978 21
29 982 96
29 990 99
29 992 65
29 995 58
30 35 21
30 40 77
30 49 69
30 62 5
30 63 79
30 84 20
30 87 83
30 93 33
30 98 100
30 104 7
30 115 94
30 122 31
30 130 24
30 141 50
30 145 21
30 156 15
30 165 64
30 167 19
30 173 16
30 186 56
30 191 66
30 202 66
30 209 7
30 230 81
30 244 61
30 258 59
30 268 90
30 269 22
30 277 21
30 284 17
30 286 51
30 288 22
30 298 22
30 301 25
30 312 91
30 319 87
30 401 32
30 411 29
30 444 45
30 477 69
30 479 93
30 484 16
30 491 68
30 502 57
30 504 99
30 505 25
30 555 17
30 562 52
30 568 61
30 578 75
30 587 19
30 588 64
30 600 22
30 605 36
30 617 57
30 621 66
30 622 19
30 636 53
30 641 83
30 646 99
30 647 75
30 652 73
30 670 73
30 687 19
30 689 94
30 693 2
30 697 12
30 715 41
30 716 42
30 747 33
30 750 96
30 752 1
30 772 58
30 776 98
30 791 15
30 820 80
30 827 80
30 829 33
30 843 15
30 861 54
30 864 64
30 868 70
30 869 20
30 881 77
30 902 31
30 911 45
30 921 25
30 924 38
30 951 27
30 969 64
31 34 56
31 37 29
31 38 94
31 39 47
31 45 20
31 51 85
31 53 18
31 101 39
31 103 51
31 108 32
31 112 60
31 139 54
31 144 13
31 162 65
31 164 33
31 190 98
31 192 92
31 194 11
31 197 67
31 211 36
31 213 46
31 219 36
31 223 79
31 229 1
31 231 92
31 232 78
31 239 39
31 287 83
31 306 65
31 318 72
31 324 6
31 325 53
31 331 45
31 337 63
31 340 53
31 342 63
31 356 24
31 361 5
31 364 72
31 365 3
31 366 63
31 376 11
31 379 68
31 383 34
31 384 9
31 392 8
31 405 37
31 406 33
31 416 29
31 419 37
31 424 69
31 429 68
31 435 63
31 455 21
31 459 97
31 460 13
31 464 16
31 466 58
31 481 44
31 483 1
31 496 84
31 498 51
31 512 94
31 513 12
31 516 45
31 533 35
31 536 55
31 544 66
31 548 38
31 557 78
31 558 9
31 559 37
31 574 37
31 596 71
31 606 92
31 608 63
31 609 44
31 611 2
31 612 82
31 625 78
31 630 77
31 634 49
31 664 8
31 672 60
31 721 2
31 727 60
31 731 23
31 733 5
31 737 5
31 765 69
31 783 95
31 796 79
31 801 9
31 806 26
31 838 70
31 852 37
31 857 75
31 862 59
31 872 92
31 886 95
31 909 90
31 915 79
31 916 39
31 918 50
31 922 54
31 937 17
31 939 82
31 941 97
31 943 27
31 945 86
31 948 94
31 968 22
31 981 50
31 984 87
32 36 21
32 40 28
32 42 87
32 43 52
32 62 59
32 64 24
32 69 81
32 83 55
32 104 69
32 105 50
32 130 49
32 131 24
32 140 79
32 159 75
32 178 4
32 183 61
32 189 34
32 202 35
32 206 25
32 210 78
32 221 49
32 230 93
32 249 81
32 252 20
32 255 64
32 257 57
32 259 82
32 265 48
32 274 70
32 278 21
32 281 100
32 288 96
32 289 52
32 294 48
32 301 50
32 302 20
32 305 100
32 312 33
32 317 22
32 319 99
32 339 7
32 347 2
32 378 5
32 382 14
32 388 75
32 396 94
32 397 36
32 398 68
32 402 9
32 411 63
32 432 32
32 437 97
32 440 48
32 450 39
32 457 68
32 468 7
32 474 86
32 478 65
32 489 88
32 506 58
32 511 36
32 518 45
32 521 28
32 534 97
32 540 65
32 551 98
32 556 85
32 560 15
32 582 48
32 585 36
32 589 57
32 591 16
32 597 8
32 607 98
32 610 51
32 623 30
32 626 29
32 636 41
32 644 66
32 645 92
32 658 4
32 663 22
32 665 7
32 674 26
32 678 74
32 684 77
32 685 16
32 690 95
32 693 4
32 719 79
32 722 82
32 729 58
32 730 2
32 748 47
32 751 6
32 755 55
32 756 22
32 758 63
32 761 48
32 762 88
32 766 50
32 777 22
32 781 54
32 784 90
32 798 60
32 799 13
32 800 32
32 820 38
32 827 78
32 849 33
32 850 95
32 853 58
32 861 8
32 870 36
32 871 75
32 875 88
32 885 41
32 887 99
32 894 28
32 900 15
32 907 48
32 912 82
32 913 8
32 917 62
32 927 23
32 932 46
32 935 78
32 946 98
32 949 59
32 952 91
32 961 24
32 989 90
33 52 50
33 74 16
33 77 97
33 80 57
33 86 33
33 126 81
33 127 86
33 137 47
33 138 53
33 146 50
33 153 13
33 154 78
33 166 66
33 170 8
33 171 95
33 176 54
33 196 15
33 203 4
33 212 54
33 215 97
33 217 12
33 220 90
33 224 34
33 226 97
33 253 12
33 267 71
33 275 18
33 290 80
33 300 61
33 307 20
33 320 3
33 328 65
33 350 12
33 390 22
33 393 26
33 399 83
33 400 79
33 415 6
33 433 61
33 438 44
33 443 22
33 452 68
33 465 12
33 469 54
33 475 67
33 476 23
33 480 9
33 486 11
33 501 45
33 531 5
33 539 72
33 543 61
33 545 64
33 554 7
33 565 8
33 593 95
33 614 8
33 638 36
33 648 29
33 655 47
33 675 5
33 699 92
33 709 41
33 711 7
33 712 58
33 713 76
33 714 16
33 726 20
33 738 43
33 764 7
33 770 61
33 787 25
33 788 15
33 815 59
33 826 75
33 836 24
33 865 9
33 878 2
33 906 73
33 914 89
33 931 21
33 940 39
33 947 8
33 953 65
33 963 39
33 973 63
33 974 39
33 975 53
33 995 95
34 39 64
34 41 88
34 44 84
34 45 12
34 51 23
34 68 60
34 73 6
34 79 75
34 82 18
34 95 37
34 99 41
34 101 31
34 112 40
34 133 94
34 139 31
34 144 38
34 164 29
34 199 53
34 213 7
34 222 73
34 228 61
34 229 49
34 232 96
34 241 80
34 287 92
34 306 41
34 318 91
34 325 86
34 334 45
34 337 39
34 340 91
34 344 94
34 364 1
34 365 69
34 366 8
34 369 94
34 379 55
34 384 75
34 386 31
34 392 11
34 406 10
34 409 77
34 412 53
34 423 36
34 435 44
34 455 3
34 459 49
34 466 14
34 481 85
34 493 34
34 496 84
34 497 36
34 512 82
34 513 20
34 516 74
34 536 36
34 544 78
34 548 3
34 549 19
34 557 97
34 559 2
34 574 11
34 581 51
34 595 8
34 596 100
34 606 49
34 612 84
34 613 26
34 620 1
34 630 7
34 634 14
34 643 22
34 653 37
34 657 58
34 659 30
34 692 17
34 695 24
34 737 7
34 746 26
34 769 47
34 783 83
34 796 40
34 811 40
34 814 18
34 833 23
34 838 48
34 851 33
34 857 90
34 862 93
34 866 86
34 872 16
34 873 58
34 874 7
34 877 61
34 905 98
34 908 43
34 915 85
34 916 100
34 918 89
34 939 52
34 944 10
34 945 18
34 948 69
34 956 84
34 962 62
34 968 24
34 981 44
34 984 1
34 987 42
34 993 54
35 40 65
35 42 42
35 49 17
35 62 82
35 63 32
35 64 30
35 84 74
35 87 11
35 93 26
35 98 42
35 104 63
35 110 79
35 115 80
35 122 58
35 123 89
35 130 67
35 141 79
35 145 13
35 167 81
35 173 45
35 186 52
35 188 82
35 189 45
35 191 78
35 202 18
35 209 42
35 230 84
35 244 72
35 258 2
35 265 79
35 268 77
35 269 61
35 272 70
35 274 91
35 286 69
35 288 15
35 289 27
35 298 92
35 301 73
35 302 54
35 311 82
35 312 78
35 317 64
35 319 58
35 321 39
35 339 68
35 347 51
35 378 40
35 388 3
35 394 58
35 401 68
35 411 95
35 420 30
35 427 88
35 437 10
35 444 82
35 450 18
35 457 23
35 468 3
35 477 64
35 479 31
35 484 56
35 491 1
35 502 71
35 504 75
35 505 28
35 506 47
35 521 76
35 555 31
35 562 26
35 568 7
35 578 31
35 582 39
35 587 55
35 588 30
35 591 25
35 600 93
35 605 45
35 610 36
35 617 16
35 621 30
35 622 82
35 636 23
35 641 91
35 644 25
35 646 37
35 647 16
35 651 43
35 652 82
35 670 61
35 676 6
35 678 25
35 689 31
35 690 19
35 693 13
35 697 59
35 715 93
35 716 12
35 719 11
35 730 44
35 747 69
35 750 16
35 752 34
35 758 2
35 761 39
35 762 45
35 772 46
35 776 55
35 784 20
35 800 23
35 820 3
35 827 60
35 843 26
35 861 21
35 864 16
35 868 92
35 869 67
35 870 8
35 881 61
35 900 14
35 902 65
35 907 32
35 911 93
35 921 100
35 924 85
35 930 69
35 946 58
35 949 72
35 951 27
35 969 14
35 996 50
36 38 51
36 43 79
36 58 55
36 64 68
36 76 97
36 83 82
36 89 7
36 102 20
36 105 92
36 108 79
36 119 64
36 129 45
36 131 13
36 140 26
36 151 27
36 159 86
36 162 60
36 183 33
36 185 82
36 197 89
36 201 26
36 206 54
36 210 84
36 216 1
36 221 71
36 232 14
36 252 80
36 255 87
36 257 16
36 259 2
36 281 66
36 303 12
36 305 84
36 315 66
36 324 20
36 330 26
36 361 72
36 379 63
36 382 41
36 397 22
36 398 63
36 403 72
36 419 59
36 432 14
36 437 13
36 439 28
36 450 95
36 457 63
36 458 89
36 462 73
36 471 37
36 474 97
36 489 43
36 490 11
36 506 4
36 511 16
36 518 36
36 521 9
36 528 88
36 534 81
36 540 12
36 558 99
36 560 65
36 585 59
36 597 94
36 598 88
36 607 53
36 609 46
36 623 3
36 625 42
36 626 97
36 640 32
36 645 79
36 650 70
36 658 19
36 663 65
36 664 86
36 674 1
36 678 73
36 683 41
36 685 52
36 719 46
36 722 28
36 729 99
36 730 15
36 746 42
36 748 35
36 755 4
36 756 45
36 759 29
36 766 28
36 779 50
36 784 51
36 794 97
36 798 14
36 799 86
36 803 77
36 804 46
36 824 27
36 835 67
36 849 92
36 850 9
36 853 17
36 871 34
36 872 82
36 875 31
36 885 9
36 886 33
36 894 93
36 904 57
36 912 49
36 913 88
36 927 72
36 932 37
36 935 79
36 952 19
36 961 77
36 977 53
36 981 95
36 989 15
37 53 94
37 54 9
37 66 98
37 101 71
37 103 96
37 108 10
37 118 89
37 120 100
37 128 93
37 139 9
37 155 91
37 162 5
37 190 10
37 192 85
37 194 11
37 197 40
37 211 73
37 219 23
37 223 65
37 229 41
37 231 95
37 232 37
37 239 59
37 242 38
37 306 75
37 324 38
37 331 34
37 342 17
37 356 69
37 361 58
37 376 91
37 383 88
37 384 47
37 392 14
37 405 46
37 416 13
37 419 41
37 424 17
37 429 8
37 435 71
37 448 65
37 451 92
37 453 72
37 455 42
37 460 68
37 464 26
37 466 66
37 481 69
37 483 94
37 485 35
37 496 15
37 498 54
37 513 84
37 516 9
37 533 96
37 536 17
37 544 72
37 551 34
37 557 36
37 558 68
37 561 26
37 563 6
37 606 76
37 608 35
37 609 26
37 611 40
37 612 60
37 623 17
37 625 94
37 633 86
37 662 28
37 672 59
37 703 56
37 721 4
37 727 73
37 731 2
37 733 15
37 735 24
37 737 24
37 760 100
37 765 26
37 783 43
37 793 29
37 796 76
37 801 44
37 806 48
37 810 96
37 838 9
37 852 4
37 856 2
37 896 97
37 909 82
37 916 39
37 922 59
37 928 43
37 936 30
37 937 44
37 938 86
37 939 81
37 941 56
37 943 91
37 970 81
37 976 37
37 981 17
38 39 46
38 43 9
38 45 19
38 53 53
38 76 16
38 89 14
38 105 4
38 108 100
38 118 73
38 119 40
38 144 99
38 151 14
38 155 88
38 159 61
38 162 54
38 183 90
38 192 13
38 197 47
38 201 11
38 206 79
38 211 1
38 219 2
38 221 37
38 229 34
38 232 98
38 252 90
38 255 16
38 259 32
38 287 55
38 303 92
38 305 25
38 306 32
38 315 49
38 318 65
38 324 35
38 337 17
38 356 69
38 361 48
38 379 82
38 382 61
38 384 24
38 392 28
38 397 24
38 403 46
38 419 64
38 437 63
38 439 37
38 451 45
38 455 60
38 458 84
38 462 14
38 464 47
38 466 22
38 471 27
38 474 21
38 483 73
38 497 77
38 498 71
38 511 63
38 516 73
38 518 82
38 521 91
38 533 58
38 536 32
38 551 53
38 558 77
38 606 97
38 607 52
38 609 100
38 612 52
38 623 75
38 625 82
38 626 42
38 650 42
38 658 41
38 662 77
38 663 52
38 664 43
38 672 67
38 678 99
38 683 8
38 719 51
38 721 54
38 722 93
38 730 14
38 733 16
38 746 83
38 758 32
38 759 16
38 760 22
38 766 37
38 784 21
38 794 47
38 796 36
38 799 61
38 801 2
38 824 83
38 838 41
38 849 62
38 850 73
38 871 79
38 872 21
38 885 70
38 886 37
38 912 59
38 915 71
38 916 79
38 918 44
38 922 36
38 927 85
38 928 25
38 935 8
38 937 99
38 939 71
38 941 86
38 948 38
38 961 41
38 981 16
38 984 77
38 989 84
39 45 34
39 51 80
39 68 89
39 73 87
39 79 83
39 89 5
39 95 83
39 101 41
39 103 25
39 108 80
39 112 19
39 119 41
39 133 63
39 139 22
39 144 84
39 151 51
39 164 83
39 192 70
39 197 63
39 199 60
39 213 16
39 228 89
39 229 72
39 232 64
39 252 93
39 264 24
39 287 45
39 303 84
39 306 100
39 315 92
39 318 64
39 325 40
39 337 39
39 340 13
39 344 43
39 361 44
39 364 52
39 365 64
39 379 48
39 384 69
39 386 47
39 392 14
39 406 21
39 409 79
39 412 48
39 419 55
39 429 69
39 435 72
39 455 26
39 459 39
39 460 48
39 463 35
39 464 19
39 466 66
39 471 85
39 481 58
39 483 40
39 493 91
39 496 28
39 497 86
39 512 45
39 513 49
39 516 63
39 536 31
39 544 28
39 548 77
39 557 1
39 558 35
39 559 41
39 581 76
39 606 89
39 609 53
39 612 11
39 620 16
39 625 10
39 630 17
39 634 17
39 653 28
39 657 10
39 664 23
39 672 44
39 683 30
39 746 55
39 759 35
39 769 53
39 783 29
39 794 10
39 796 91
39 811 17
39 824 64
39 833 32
39 838 93
39 851 55
39 857 100
39 862 67
39 872 47
39 873 80
39 877 59
39 886 72
39 915 32
39 916 40
39 918 33
39 922 67
39 937 34
39 939 37
39 941 55
39 945 72
39 948 56
39 956 71
39 962 5
39 968 9
39 981 90
39 984 99
39 987 82
40 42 96
40 43 68
40 49 46
40 62 23
40 63 73
40 64 71
40 87 53
40 93 59
40 104 85
40 105 91
40 115 98
40 130 37
40 131 94
40 167 93
40 173 17
40 186 44
40 189 99
40 191 86
40 202 85
40 206 54
40 209 60
40 221 96
40 230 43
40 233 27
40 244 90
40 249 59
40 255 27
40 265 77
40 274 51
40 278 28
40 286 97
40 288 30
40 289 91
40 294 32
40 301 26
40 302 80
40 309 98
40 311 4
40 312 54
40 317 53
40 319 63
40 321 15
40 339 55
40 347 98
40 370 66
40 378 77
40 388 46
40 394 43
40 396 51
40 397 82
40 411 16
40 420 40
40 427 56
40 432 17
40 437 76
40 444 78
40 450 7
40 457 9
40 468 39
40 474 51
40 478 12
40 479 54
40 484 34
40 504 10
40 506 59
40 521 17
40 551 95
40 555 2
40 578 70
40 582 17
40 585 59
40 588 57
40 589 15
40 591 3
40 605 37
40 610 34
40 617 29
40 621 77
40 622 77
40 636 18
40 644 36
40 645 35
40 647 15
40 651 51
40 658 49
40 663 78
40 665 53
40 674 21
40 676 98
40 678 47
40 690 16
40 693 8
40 719 51
40 730 63
40 734 79
40 747 12
40 748 80
40 750 84
40 752 61
40 758 43
40 761 9
40 762 10
40 772 59
40 777 79
40 781 71
40 784 49
40 799 59
40 800 14
40 820 97
40 827 84
40 843 85
40 849 68
40 850 42
40 860 95
40 861 42
40 864 89
40 868 2
40 870 17
40 875 77
40 881 53
40 900 98
40 902 99
40 907 74
40 911 40
40 913 88
40 917 88
40 921 37
40 924 33
40 946 82
40 949 93
40 951 15
40 969 93
40 994 45
40 996 82
41 44 88
41 48 55
41 50 44
41 51 19
41 61 87
41 67 48
41 73 65
41 75 60
41 79 59
41 82 81
41 95 33
41 99 49
41 112 22
41 134 25
41 164 18
41 175 78
41 195 83
41 199 28
41 200 75
41 213 70
41 222 89
41 241 95
41 325 51
41 340 95
41 346 99
41 364 80
41 365 69
41 369 91
41 373 34
41 386 3
41 406 85
41 423 22
41 428 46
41 431 10
41 449 39
41 459 26
41 512 20
41 513 48
41 526 71
41 535 34
41 538 4
41 549 99
41 550 25
41 559 10
41 564 89
41 573 90
41 574 64
41 575 31
41 580 77
41 581 56
41 590 25
41 595 83
41 596 90
41 613 87
41 620 34
41 630 74
41 634 43
41 643 48
41 659 2
41 677 12
41 692 25
41 695 100
41 790 43
41 814 79
41 822 85
41 828 12
41 857 90
41 862 50
41 863 8
41 866 54
41 873 71
41 874 14
41 877 87
41 908 74
41 933 96
41 944 46
41 945 44
41 957 80
41 968 28
41 987 79
41 993 25
42 62 99
42 64 60
42 69 75
42 104 22
42 130 75
42 131 30
42 143 34
42 173 1
42 186 64
42 189 7
42 191 51
42 202 86
42 209 61
42 227 86
42 230 86
42 233 50
42 237 92
42 244 56
42 249 79
42 265 100
42 277 71
42 278 31
42 281 41
42 286 82
42 288 75
42 289 26
42 294 94
42 301 8
42 302 59
42 309 74
42 310 65
42 317 81
42 319 96
42 339 5
42 347 85
42 370 86
42 378 86
42 388 76
42 396 41
42 401 22
42 411 95
42 413 31
42 420 15
42 427 61
42 432 6
42 440 27
42 444 81
42 450 30
42 457 84
42 468 47
42 472 50
42 478 37
42 484 48
42 488 25
42 506 73
42 508 48
42 510 14
42 517 12
42 540 94
42 556 8
42 562 57
42 578 35
42 579 100
42 585 62
42 588 92
42 589 41
42 591 28
42 600 82
42 610 59
42 621 86
42 622 40
42 636 53
42 641 3
42 644 66
42 645 70
42 665 98
42 666 3
42 674 24
42 684 6
42 685 42
42 690 8
42 694 81
42 734 68
42 751 49
42 752 2
42 754 96
42 761 80
42 777 48
42 780 95
42 781 88
42 785 100
42 800 78
42 816 71
42 827 7
42 843 30
42 847 94
42 855 9
42 860 27
42 861 9
42 864 83
42 881 32
42 887 28
42 894 1
42 900 90
42 907 18
42 911 67
42 913 12
42 917 25
42 923 80
42 924 60
42 929 97
42 942 7
42 951 11
42 960 53
42 969 86
42 994 97
42 997 8
43 62 69
43 64 84
43 104 63
43 105 1
43 108 13
43 110 85
43 118 85
43 131 65
43 155 30
43 159 94
43 162 7
43 183 65
43 189 29
43 197 99
43 202 86
43 206 93
43 210 62
43 219 97
43 221 34
43 230 45
43 252 12
43 255 42
43 257 97
43 259 24
43 265 12
43 272 62
43 274 12
43 278 52
43 281 4
43 288 44
43 289 29
43 294 94
43 301 32
43 302 2
43 305 56
43 311 18
43 312 7
43 319 97
43 321 97
43 324 98
43 339 67
43 356 90
43 361 63
43 378 66
43 382 49
43 388 19
43 397 92
43 411 33
43 419 91
43 432 17
43 437 9
43 450 31
43 451 3
43 457 69
43 458 1
43 464 11
43 468 23
43 474 69
43 478 1
43 489 9
43 498 79
43 506 58
43 511 4
43 518 30
43 521 22
43 533 24
43 551 80
43 555 58
43 558 17
43 582 17
43 585 66
43 591 58
43 607 32
43 609 66
43 610 44
43 623 63
43 625 25
43 626 53
43 636 35
43 645 12
43 651 72
43 658 51
43 662 45
43 663 40
43 665 66
43 674 6
43 678 16
43 685 56
43 690 90
43 693 42
43 719 35
43 722 48
43 730 51
43 748 74
43 756 60
43 758 31
43 760 75
43 761 100
43 762 31
43 766 77
43 784 66
43 799 61
43 800 61
43 810 100
43 820 3
43 827 73
43 849 29
43 850 72
43 853 92
43 861 100
43 870 66
43 875 12
43 885 69
43 886 4
43 894 33
43 896 28
43 900 77
43 913 62
43 917 81
43 927 26
43 928 48
43 935 18
43 946 97
43 949 69
43 952 21
43 961 21
43 989 80
44 48 9
44 50 78
44 51 13
44 61 9
44 67 42
44 73 52
44 75 7
44 79 31
44 82 2
44 95 43
44 99 65
44 112 13
44 134 70
44 164 76
44 175 87
44 195 49
44 199 83
44 200 29
44 213 83
44 222 24
44 241 9
44 299 46
44 325 49
44 340 80
44 346 90
44 364 34
44 365 51
44 366 77
44 369 74
44 373 88
44 386 97
44 406 82
44 423 2
44 428 19
44 431 45
44 449 25
44 459 29
44 461 86
44 512 22
44 513 97
44 526 99
44 535 36
44 538 59
44 544 47
44 549 16
44 550 4
44 559 83
44 564 82
44 573 22
44 574 17
44 575 56
44 586 52
44 590 53
44 595 70
44 596 29
44 613 25
44 620 16
44 630 2
44 634 96
44 643 9
44 659 23
44 677 8
44 692 40
44 695 71
44 696 27
44 728 91
44 790 49
44 813 33
44 814 14
44 822 37
44 828 12
44 857 79
44 862 48
44 863 34
44 866 50
44 873 89
44 874 49
44 877 33
44 908 29
44 933 81
44 944 90
44 945 80
44 968 19
44 972 35
44 987 82
44 988 87
44 993 62
45 68 86
45 73 26
45 76 79
45 89 6
45 95 2
45 101 81
45 108 44
45 112 97
45 119 98
45 133 56
45 139 56
45 144 98
45 151 29
45 159 5
45 162 65
45 164 48
45 192 36
45 193 17
45 197 19
45 201 32
45 208 95
45 213 26
45 228 44
45 229 11
45 232 76
45 252 30
45 264 50
45 287 3
45 303 41
45 306 22
45 315 15
45 318 12
45 324 57
45 337 96
45 344 34
45 361 92
45 364 37
45 365 10
45 379 2
45 382 61
45 384 72
45 386 72
45 392 81
45 409 17
45 412 4
45 419 35
45 429 20
45 439 87
45 455 24
45 458 58
45 459 19
45 460 48
45 462 41
45 463 29
45 464 8
45 466 48
45 471 48
45 481 78
45 483 28
45 497 54
45 513 89
45 516 58
45 536 3
45 544 73
45 548 27
45 557 85
45 558 25
45 559 80
45 606 9
45 609 39
45 612 16
45 625 87
45 629 66
45 634 89
45 653 16
45 657 45
45 664 50
45 671 86
45 672 6
45 683 61
45 721 15
45 746 47
45 759 48
45 769 2
45 783 52
45 794 20
45 796 88
45 804 20
45 811 97
45 824 9
45 838 23
45 851 49
45 857 2
45 862 50
45 867 58
45 872 36
45 886 19
45 915 26
45 916 56
45 918 63
45 922 42
45 927 22
45 935 13
45 937 74
45 939 91
45 941 45
45 948 1
45 956 57
45 962 18
45 968 98
45 981 91
45 984 60
46 57 62
46 59 83
46 71 84
46 85 84
46 107 7
46 109 19
46 113 77
46 135 25
46 149 38
46 158 4
46 163 59
46 177 58
46 180 40
46 184 22
46 198 45
46 247 48
46 248 3
46 256 35
46 280 89
46 296 10
46 336 72
46 343 24
46 345 98
46 353 19
46 355 28
46 358 64
46 359 5
46 380 30
46 404 46
46 407 87
46 410 39
46 414 91
46 445 48
46 446 49
46 473 53
46 495 21
46 503 9
46 523 98
46 601 87
46 615 43
46 627 64
46 631 6
46 635 100
46 649 65
46 654 100
46 668 31
46 669 70
46 704 21
46 723 38
46 742 45
46 757 38
46 763 52
46 767 41
46 771 74
46 774 50
46 808 96
46 831 35
46 840 74
46 841 48
46 844 15
46 882 88
46 926 91
46 954 52
46 959 8
46 966 13
46 991 55
46 998 68
47 56 54
47 69 11
47 100 28
47 114 25
47 121 57
47 132 100
47 142 53
47 143 40
47 147 13
47 152 48
47 157 78
47 169 45
47 172 77
47 187 9
47 225 59
47 233 90
47 237 96
47 238 79
47 245 42
47 249 85
47 251 56
47 254 44
47 266 2
47 276 26
47 297 76
47 304 30
47 310 56
47 314 96
47 348 45
47 349 86
47 396 50
47 402 58
47 408 64
47 413 40
47 421 62
47 422 10
47 430 89
47 440 93
47 472 46
47 488 74
47 500 45
47 507 55
47 509 14
47 530 29
47 546 77
47 556 80
47 569 23
47 584 6
47 589 3
47 592 72
47 594 77
47 603 85
47 637 14
47 639 40
47 642 95
47 660 21
47 666 65
47 667 56
47 673 82
47 682 12
47 688 14
47 694 49
47 707 87
47 724 10
47 743 14
47 745 70
47 749 77
47 751 46
47 754 61
47 775 53
47 785 4
47 786 30
47 789 42
47 830 99
47 837 45
47 839 93
47 845 45
47 847 24
47 854 23
47 855 30
47 858 46
47 880 16
47 884 9
47 887 74
47 889 17
47 893 58
47 923 73
47 929 98
47 942 62
47 950 14
47 960 72
47 971 27
47 978 27
47 982 77
47 997 37
48 61 2
48 67 27
48 73 66
48 75 11
48 79 21
48 82 9
48 95 39
48 97 75
48 99 68
48 133 43
48 134 75
48 195 87
48 199 22
48 213 44
48 228 16
48 241 97
48 248 26
48 273 96
48 280 82
48 338 33
48 344 27
48 346 17
48 351 82
48 357 39
48 364 49
48 374 90
48 386 28
48 410 64
48 412 62
48 423 72
48 428 59
48 441 25
48 493 16
48 503 74
48 526 85
48 532 91
48 538 22
48 549 32
48 580 76
48 581 34
48 595 82
48 613 56
48 620 44
48 630 9
48 643 70
48 656 76
48 659 66
48 692 9
48 767 12
48 769 43
48 814 41
48 822 83
48 828 61
48 833 37
48 857 44
48 863 31
48 866 14
48 873 78
48 874 29
48 877 9
48 905 25
48 908 33
48 933 56
48 944 17
48 957 50
48 968 96
48 983 57
48 987 27
49 63 75
49 84 45
49 87 35
49 93 4
49 98 2
49 110 55
49 115 31
49 122 62
49 123 9
49 125 92
49 130 61
49 141 48
49 145 64
49 156 16
49 165 55
49 167 87
49 168 93
49 173 99
49 174 13
49 186 3
49 188 83
49 191 78
49 258 81
49 268 28
49 269 85
49 272 23
49 284 57
49 285 39
49 288 90
49 298 71
49 301 73
49 311 11
49 312 51
49 321 65
49 332 10
49 360 26
49 394 85
49 401 58
49 444 29
49 477 58
49 479 24
49 484 90
49 491 98
49 494 4
49 502 60
49 504 8
49 505 11
49 519 92
49 527 69
49 529 53
49 541 20
49 542 100
49 555 22
49 568 40
49 578 88
49 587 80
49 588 45
49 605 8
49 617 95
49 621 53
49 622 36
49 636 76
49 646 17
49 647 47
49 651 88
49 652 89
49 670 89
49 676 81
49 687 56
49 689 19
49 693 87
49 697 38
49 698 81
49 715 7
49 716 56
49 720 5
49 747 41
49 750 92
49 752 93
49 772 82
49 776 22
49 782 56
49 791 73
49 820 98
49 829 38
49 843 39
49 861 32
49 868 83
49 869 21
49 881 54
49 902 62
49 921 84
49 930 57
49 951 21
49 969 10
49 996 2
50 51 9
50 60 14
50 67 25
50 79 22
50 82 85
50 99 49
50 111 76
50 134 74
50 175 5
50 199 19
50 200 53
50 222 100
50 299 84
50 325 10
50 340 34
50 364 81
50 366 66
50 369 95
50 373 62
50 406 89
50 424 58
50 431 11
50 449 53
50 459 91
50 461 8
50 496 48
50 512 26
50 513 16
50 535 64
50 549 11
50 550 15
50 564 84
50 573 3
50 574 98
50 575 95
50 586 49
50 590 92
50 595 24
50 596 67
50 613 60
50 620 14
50 630 99
50 634 18
50 677 71
50 692 90
50 695 72
50 696 56
50 728 61
50 737 83
50 790 1
50 813 70
50 814 62
50 828 58
50 862 10
50 863 27
50 866 44
50 873 7
50 877 9
50 933 91
50 943 38
50 945 93
50 968 29
50 972 85
50 988 45
50 993 38
51 60 85
51 67 24
51 73 50
51 79 85
51 82 77
51 95 38
51 99 23
51 101 12
51 103 38
51 111 64
51 112 12
51 134 39
51 139 19
51 144 76
51 164 83
51 175 40
51 199 58
51 213 83
51 222 40
51 239 61
51 299 77
51 306 81
51 325 9
51 340 97
51 342 56
51 364 40
51 365 52
51 366 11
51 369 99
51 373 7
51 384 11
51 386 67
51 392 87
51 406 37
51 424 93
51 429 93
51 431 57
51 435 22
51 455 3
51 459 72
51 460 15
51 466 37
51 481 57
51 496 11
51 512 62
51 513 10
51 516 15
51 536 21
51 544 86
51 548 18
51 550 87
51 557 19
51 559 48
51 564 17
51 573 79
51 574 69
51 575 35
51 586 27
51 595 59
51 596 57
51 612 43
51 613 54
51 620 43
51 630 7
51 634 78
51 677 52
51 692 69
51 695 7
51 728 99
51 731 69
51 737 42
51 783 32
51 790 94
51 813 12
51 814 72
51 838 13
51 852 9
51 857 76
51 862 34
51 863 70
51 866 82
51 873 33
51 877 7
51 915 29
51 916 41
51 918 55
51 933 29
51 936 60
51 939 94
51 943 34
51 945 67
51 968 76
51 972 32
51 984 42
51 988 56
51 993 37
52 77 8
52 86 24
52 126 28
52 127 98
52 132 68
52 137 64
52 138 63
52 153 19
52 169 31
52 170 93
52 171 94
52 176 88
52 181 93
52 196 24
52 203 65
52 212 36
52 215 42
52 224 21
52 253 82
52 263 27
52 276 34
52 290 4
52 300 98
52 328 55
52 348 20
52 350 38
52 362 96
52 367 61
52 390 76
52 395 71
52 399 55
52 400 28
52 415 81
52 433 33
52 443 36
52 465 17
52 469 16
52 480 2
52 486 64
52 487 31
52 500 1
52 501 22
52 524 67
52 531 35
52 539 6
52 543 43
52 554 97
52 565 10
52 593 48
52 599 85
52 614 31
52 619 30
52 642 59
52 648 96
52 661 86
52 675 29
52 699 86
52 712 13
52 713 32
52 726 90
52 739 61
52 770 73
52 773 10
52 778 54
52 787 95
52 788 20
52 802 100
52 815 35
52 818 96
52 826 87
52 836 94
52 865 7
52 878 91
52 888 80
52 901 99
52 906 20
52 914 28
52 931 48
52 940 65
52 947 43
52 953 29
52 973 52
52 974 3
52 975 32
52 990 60
52 995 98
53 54 66
53 66 76
53 105 71
53 108 76
53 110 28
53 118 78
53 120 98
53 123 58
53 128 67
53 139 41
53 155 67
53 162 76
53 168 74
53 192 24
53 194 75
53 197 80
53 211 96
53 219 51
53 221 59
53 223 99
53 229 74
53 231 11
53 239 25
53 242 9
53 272 57
53 274 32
53 311 26
53 321 8
53 324 82
53 331 48
53 332 54
53 356 13
53 361 56
53 376 31
53 383 9
53 384 76
53 394 5
53 405 4
53 416 76
53 419 100
53 429 73
53 437 72
53 448 92
53 451 100
53 453 71
53 455 47
53 460 98
53 464 81
53 466 85
53 483 64
53 485 20
53 498 40
53 521 20
53 533 90
53 547 54
53 551 88
53 558 55
53 561 56
53 563 64
53 606 12
53 608 97
53 609 91
53 611 89
53 612 67
53 623 63
53 625 56
53 633 95
53 651 6
53 662 20
53 672 7
53 676 25
53 703 34
53 720 88
53 721 30
53 727 76
53 730 37
53 733 31
53 735 15
53 758 8
53 760 21
53 762 73
53 793 3
53 796 89
53 801 100
53 806 92
53 810 15
53 834 62
53 838 35
53 849 18
53 850 86
53 852 24
53 856 19
53 870 34
53 896 57
53 909 60
53 922 88
53 928 73
53 930 14
53 937 90
53 938 37
53 939 66
53 941 7
53 946 47
53 949 90
53 958 29
53 970 56
53 976 42
53 981 67
53 996 33
54 66 69
54 110 56
54 118 31
54 120 64
54 123 65
54 128 71
54 155 3
54 168 11
54 188 42
54 190 15
54 192 75
54 194 16
54 211 98
54 219 30
54 223 63
54 231 74
54 242 34
54 272 28
54 311 58
54 321 85
54 331 73
54 332 30
54 356 11
54 360 59
54 376 14
54 383 93
54 394 31
54 405 13
54 416 96
54 448 31
54 451 19
54 453 56
54 460 33
54 464 78
54 483 68
54 485 63
54 498 23
54 519 74
54 527 25
54 529 7
54 533 15
54 547 52
54 551 29
54 561 61
54 563 64
54 608 11
54 611 33
54 633 47
54 651 55
54 662 84
54 672 94
54 676 49
54 698 74
54 703 77
54 720 22
54 721 24
54 727 16
54 733 71
54 735 76
54 758 39
54 760 83
54 762 58
54 782 44
54 793 17
54 801 60
54 806 18
54 810 70
54 834 70
54 852 19
54 856 77
54 868 53
54 896 93
54 909 35
54 922 59
54 928 95
54 930 21
54 938 63
54 941 53
54 958 4
54 970 41
54 976 57
54 996 44
55 57 40
55 81 100
55 85 6
55 90 47
55 107 52
55 149 5
55 150 10
55 158 93
55 161 67
55 177 79
55 179 25
55 180 5
55 182 3
55 184 53
55 214 11
55 218 8
55 235 59
55 243 89
55 246 4
55 250 18
55 260 83
55 261 18
55 262 51
55 270 20
55 271 32
55 279 61
55 291 66
55 292 49
55 293 40
55 295 74
55 296 70
55 313 9
55 316 85
55 322 64
55 323 4
55 326 85
55 329 73
55 336 70
55 345 42
55 353 3
55 359 76
55 372 39
55 380 22
55 381 26
55 387 45
55 404 31
55 407 90
55 414 7
55 417 72
55 425 49
55 434 82
55 436 89
55 445 94
55 446 47
55 454 73
55 482 64
55 499 92
55 514 28
55 520 20
55 523 64
55 537 71
55 552 13
55 567 10
55 570 60
55 572 74
55 576 8
55 583 53
55 601 56
55 602 56
55 604 47
55 615 89
55 618 8
55 631 2
55 649 95
55 654 73
55 669 49
55 691 96
55 704 67
55 708 44
55 717 36
55 718 48
55 725 70
55 740 45
55 741 1
55 768 71
55 797 45
55 805 75
55 809 81
55 825 77
55 832 53
55 840 68
55 841 86
55 842 61
55 844 90
55 846 63
55 848 27
55 882 49
55 892 3
55 895 49
55 910 42
55 919 100
55 925 81
55 959 85
55 980 63
55 986 46
55 991 47
55 998 7
55 999 10
56 91 30
56 114 50
56 121 80
56 132 23
56 142 9
56 143 32
56 147 38
56 152 44
56 157 20
56 169 99
56 172 55
56 187 9
56 225 32
56 237 60
56 238 94
56 245 51
56 251 47
56 254 62
56 276 65
56 297 56
56 304 68
56 310 19
56 314 48
56 348 59
56 349 70
56 413 83
56 422 70
56 430 52
56 470 82
56 472 16
56 488 36
56 500 48
56 507 75
56 509 66
56 530 14
56 546 25
56 569 66
56 584 61
56 592 22
56 594 53
56 603 86
56 637 57
56 639 65
56 660 34
56 666 66
56 667 83
56 673 19
56 682 47
56 688 7
56 694 24
56 701 85
56 707 23
56 724 57
56 743 59
56 745 42
56 749 100
56 754 30
56 775 22
56 785 47
56 786 96
56 830 65
56 837 61
56 839 60
56 845 87
56 847 8
56 854 12
56 855 48
56 858 64
56 880 68
56 883 87
56 884 8
56 887 51
56 893 49
56 903 6
56 923 45
56 929 56
56 942 75
56 950 21
56 960 62
56 971 20
56 978 82
56 982 32
56 997 92
57 59 89
57 71 47
57 85 53
57 90 30
57 107 44
57 109 38
57 135 17
57 149 39
57 158 55
57 161 61
57 177 41
57 179 40
57 180 25
57 184 68
57 198 90
57 218 99
57 247 19
57 250 66
57 256 22
57 260 87
57 262 95
57 296 9
57 323 24
57 336 50
57 343 74
57 345 44
57 353 31
57 358 17
57 359 13
57 380 35
57 387 23
57 404 42
57 414 67
57 445 19
57 446 9
57 523 4
57 567 74
57 583 41
57 601 57
57 615 1
57 618 28
57 631 15
57 635 1
57 649 72
57 654 94
57 668 34
57 669 34
57 704 43
57 718 72
57 742 91
57 757 87
57 768 66
57 771 20
57 774 75
57 805 61
57 825 19
57 832 57
57 840 23
57 841 81
57 842 41
57 844 56
57 882 30
57 910 55
57 926 7
57 959 93
57 966 23
57 991 46
57 998 28
58 70 70
58 72 13
58 76 87
58 80 93
58 83 95
58 89 65
58 94 49
58 102 65
58 117 98
58 119 12
58 124 23
58 129 31
58 136 34
58 151 16
58 160 57
58 183 36
58 185 89
58 201 70
58 204 17
58 207 86
58 208 58
58 210 87
58 216 90
58 220 57
58 234 71
58 236 71
58 240 55
58 259 34
58 264 63
58 303 50
58 305 44
58 315 66
58 327 3
58 330 77
58 333 43
58 341 97
58 354 95
58 363 62
58 368 2
58 389 24
58 398 70
58 403 29
58 418 1
58 426 2
58 439 63
58 442 13
58 447 85
58 458 53
58 462 84
58 463 66
58 467 28
58 471 73
58 475 7
58 489 80
58 490 100
58 492 12
58 511 83
58 518 68
58 525 83
58 528 74
58 534 37
58 553 20
58 560 3
58 597 94
58 598 83
58 626 75
58 629 16
58 632 44
58 640 26
58 650 9
58 679 35
58 680 5
58 683 2
58 686 58
58 700 12
58 705 66
58 710 23
58 711 42
58 722 12
58 753 24
58 756 41
58 759 98
58 766 60
58 779 45
58 794 94
58 798 51
58 803 20
58 804 98
58 807 22
58 812 80
58 817 31
58 821 30
58 824 73
58 835 76
58 853 31
58 867 40
58 871 62
58 885 41
58 891 89
58 904 7
58 912 90
58 920 64
58 927 1
58 932 64
58 935 30
58 952 63
58 955 60
58 965 89
58 967 29
58 977 26
58 985 71
58 989 95
59 71 29
59 78 71
59 85 37
59 97 87
59 107 9
59 109 62
59 113 68
59 116 34
59 135 49
59 149 8
59 163 26
59 177 29
59 180 34
59 184 26
59 198 79
59 205 50
59 241 69
59 247 84
59 248 63
59 256 71
59 273 69
59 280 94
59 296 28
59 334 28
59 338 40
59 343 53
59 345 7
59 351 34
59 355 75
59 357 15
59 358 80
59 374 42
59 391 91
59 407 70
59 409 10
59 410 27
59 414 98
59 441 96
59 445 46
59 446 98
59 473 64
59 493 51
59 495 61
59 503 37
59 523 30
59 526 45
59 532 20
59 570 86
59 577 62
59 580 8
59 627 60
59 631 47
59 635 18
59 654 4
59 656 94
59 668 55
59 669 79
59 704 23
59 723 42
59 736 89
59 742 8
59 757 60
59 763 61
59 767 39
59 771 70
59 774 32
59 808 100
59 831 32
59 833 62
59 840 36
59 841 42
59 844 55
59 882 9
59 899 6
59 905 5
59 926 52
59 954 7
59 957 82
59 959 10
59 966 73
59 980 63
59 983 15
59 986 55
59 991 33
59 998 70
60 101 15
60 103 92
60 111 67
60 139 93
60 175 61
60 190 75
60 194 38
60 222 3
60 231 88
60 239 48
60 299 58
60 325 68
60 331 16
60 340 76
60 342 99
60 366 72
60 369 41
60 406 16
60 416 97
60 424 86
60 429 38
60 435 72
60 460 16
60 481 24
60 496 84
60 512 28
60 513 92
60 557 63
60 564 17
60 573 14
60 574 59
60 575 95
60 586 57
60 596 27
60 608 87
60 634 8
60 695 45
60 728 40
60 731 12
60 737 5
60 765 34
60 783 62
60 813 63
60 852 28
60 909 94
60 936 48
60 943 78
60 945 71
60 972 24
60 988 31
60 993 64
61 67 27
61 73 46
61 75 3
61 79 11
61 82 61
61 95 15
61 97 64
61 99 53
61 133 84
61 134 24
61 195 51
61 213 1
61 228 89
61 241 93
61 248 98
61 273 11
61 280 65
61 338 66
61 344 63
61 346 12
61 351 28
61 357 94
61 364 28
61 374 99
61 386 12
61 410 16
61 423 85
61 428 57
61 441 59
61 473 64
61 493 38
61 503 34
61 526 8
61 532 11
61 538 20
61 549 2
61 580 37
61 581 14
61 595 24
61 613 75
61 620 11
61 627 29
61 630 91
61 643 100
61 656 38
61 659 30
61 692 85
61 767 35
61 769 63
61 814 58
61 822 86
61 828 48
61 833 35
61 857 89
61 863 16
61 866 35
61 873 28
61 874 93
61 877 72
61 905 57
61 908 79
61 933 28
61 944 33
61 957 91
61 968 88
61 983 55
61 987 44
62 63 53
62 64 30
62 69 35
62 93 93
62 104 92
62 115 16
62 130 92
62 131 49
62 173 40
62 186 40
62 189 30
62 191 69
62 202 34
62 206 21
62 209 77
62 221 79
62 230 46
62 233 50
62 244 74
62 249 91
62 255 27
62 257 38
62 265 61
62 274 27
62 277 28
62 278 44
62 281 55
62 286 89
62 288 35
62 289 37
62 294 64
62 301 22
62 302 90
62 309 38
62 312 18
62 317 70
62 319 88
62 339 21
62 347 88
62 370 47
62 378 45
62 388 62
62 396 43
62 397 11
62 411 95
62 420 35
62 427 75
62 432 31
62 437 65
62 440 37
62 444 9
62 450 56
62 457 88
62 468 78
62 472 81
62 474 89
62 478 62
62 479 32
62 484 65
62 504 67
62 506 89
62 508 38
62 517 38
62 521 38
62 540 17
62 555 58
62 556 21
62 578 84
62 579 98
62 582 94
62 585 51
62 588 40
62 589 60
62 591 50
62 600 99
62 610 28
62 621 23
62 622 38
62 636 24
62 644 26
62 645 34
62 658 32
62 663 49
62 665 64
62 674 20
62 678 21
62 684 40
62 685 7
62 690 19
62 693 62
62 719 75
62 730 8
62 734 94
62 748 45
62 751 98
62 752 76
62 761 50
62 762 79
62 777 59
62 780 77
62 781 1
62 784 78
62 799 59
62 800 66
62 816 87
62 820 54
62 827 77
62 843 100
62 860 85
62 861 53
62 864 13
62 870 84
62 875 43
62 881 67
62 887 39
62 894 60
62 900 55
62 902 35
62 907 92
62 911 36
62 913 80
62 917 9
62 921 75
62 923 43
62 924 46
62 942 68
62 946 56
62 949 36
62 951 9
62 969 53
62 994 87
62 997 5
63 84 32
63 87 90
63 93 56
63 98 73
63 104 74
63 110 57
63 115 87
63 122 12
63 123 20
63 130 86
63 141 66
63 145 81
63 165 74
63 167 65
63 173 83
63 186 9
63 188 18
63 189 88
63 191 81
63 202 57
63 209 29
63 230 20
63 258 65
63 265 81
63 268 5
63 269 26
63 272 75
63 274 93
63 284 16
63 286 31
63 288 52
63 298 9
63 301 82
63 302 4
63 311 1
63 312 23
63 319 34
63 321 79
63 332 84
63 339 43
63 360 38
63 388 89
63 394 63
63 401 92
63 411 81
63 444 69
63 457 67
63 468 97
63 477 4
63 479 3
63 484 93
63 491 50
63 502 69
63 504 74
63 505 7
63 506 62
63 519 99
63 521 21
63 541 71
63 542 94
63 555 77
63 562 6
63 568 44
63 578 97
63 582 86
63 587 12
63 588 76
63 605 35
63 610 64
63 617 1
63 621 66
63 622 40
63 636 40
63 641 90
63 646 97
63 647 52
63 651 19
63 652 5
63 670 97
63 676 79
63 687 99
63 689 36
63 690 18
63 693 72
63 697 56
63 698 9
63 715 36
63 716 30
63 720 29
63 730 13
63 747 70
63 750 1
63 752 83
63 758 11
63 761 10
63 762 25
63 772 67
63 776 24
63 791 85
63 800 59
63 820 85
63 827 39
63 829 28
63 843 87
63 861 97
63 868 32
63 869 57
63 870 43
63 881 7
63 902 5
63 907 4
63 911 45
63 921 20
63 930 67
63 946 5
63 949 21
63 951 97
63 969 8
63 996 95
64 69 14
64 104 56
64 105 75
64 130 3
64 131 79
64 140 35
64 155 5
64 159 4
64 162 22
64 183 87
64 189 99
64 191 18
64 197 18
64 202 13
64 206 83
64 210 38
64 221 72
64 230 10
64 249 91
64 252 13
64 255 82
64 257 69
64 259 45
64 265 90
64 274 32
64 278 85
64 281 26
64 288 9
64 289 9
64 294 2
64 301 41
64 302 45
64 305 77
64 312 43
64 317 86
64 319 37
64 321 20
64 324 84
64 339 15
64 347 82
64 361 25
64 378 75
64 382 80
64 388 60
64 397 42
64 398 60
64 411 13
64 432 54
64 437 65
64 450 88
64 457 21
64 468 31
64 474 43
64 478 29
64 489 59
64 506 97
64 511 2
64 518 52
64 521 1
64 534 100
64 540 26
64 551 89
64 555 43
64 556 61
64 582 36
64 585 38
64 591 64
64 607 16
64 610 43
64 623 85
64 626 100
64 636 34
64 644 47
64 645 24
64 651 18
64 658 46
64 662 16
64 663 47
64 665 12
64 674 15
64 678 75
64 684 5
64 685 32
64 690 78
64 693 92
64 719 86
64 722 45
64 729 70
64 730 50
64 748 83
64 755 89
64 756 26
64 758 72
64 760 89
64 761 37
64 762 49
64 766 37
64 781 75
64 784 83
64 799 28
64 800 28
64 810 72
64 820 12
64 827 70
64 849 8
64 850 1
64 853 85
64 861 87
64 870 57
64 875 47
64 885 10
64 894 4
64 900 66
64 907 83
64 913 57
64 917 4
64 927 6
64 928 44
64 935 29
64 946 80
64 949 46
64 952 82
64 961 24
64 989 25
65 68 81
65 70 28
65 71 55
65 78 4
65 81 68
65 85 70
65 94 22
65 102 20
65 113 53
65 116 98
65 117 44
65 124 72
65 136 5
65 160 32
65 180 53
65 185 73
65 193 78
65 204 9
65 205 64
65 207 2
65 208 80
65 214 35
65 234 53
65 235 2
65 236 32
65 240 65
65 246 62
65 264 15
65 270 35
65 271 34
65 279 10
65 282 96
65 291 93
65 316 43
65 322 36
65 326 55
65 327 56
65 329 22
65 352 18
65 355 94
65 363 47
65 368 63
65 372 32
65 381 25
65 389 6
65 391 48
65 404 86
65 407 85
65 418 48
65 434 45
65 436 99
65 445 56
65 446 25
65 447 58
65 456 60
65 463 35
65 537 17
65 552 56
65 553 62
65 567 67
65 570 30
65 577 5
65 602 34
65 624 47
65 628 78
65 629 91
65 632 73
65 635 90
65 669 56
65 671 26
65 679 55
65 680 99
65 704 100
65 708 64
65 710 43
65 718 28
65 723 22
65 736 33
65 741 26
65 753 34
65 757 54
65 795 41
65 797 68
65 804 1
65 807 76
65 808 47
65 809 10
65 812 2
65 817 74
65 823 97
65 831 98
65 841 80
65 844 15
65 851 80
65 867 88
65 879 62
65 895 77
65 899 24
65 920 81
65 925 20
65 934 63
65 963 34
65 967 62
65 977 62
65 979 11
65 980 22
65 986 93
66 101 15
66 103 94
66 110 86
66 118 49
66 120 90
66 123 17
66 128 92
66 139 11
66 155 26
66 190 78
66 192 87
66 194 8
66 211 92
66 219 27
66 223 47
66 229 68
66 231 19
66 239 89
66 242 44
66 272 50
66 331 31
66 332 93
66 356 80
66 376 65
66 383 54
66 405 27
66 416 13
66 429 57
66 448 27
66 451 41
66 453 97
66 460 8
66 464 79
66 466 78
66 481 32
66 483 84
66 485 1
66 498 29
66 533 87
66 547 36
66 561 36
66 563 43
66 608 2
66 609 46
66 611 47
66 633 16
66 662 56
66 672 10
66 703 15
66 720 3
66 721 83
66 727 26
66 731 33
66 733 88
66 735 39
66 760 99
66 765 58
66 793 62
66 801 49
66 806 9
66 810 24
66 834 16
66 852 8
66 856 43
66 896 47
66 909 34
66 922 40
66 928 62
66 937 97
66 938 35
66 939 62
66 941 67
66 958 51
66 970 75
66 976 99
67 73 7
67 75 47
67 79 81
67 82 32
67 95 39
67 99 52
67 134 12
67 175 14
67 195 42
67 199 89
67 200 38
67 222 24
67 299 89
67 325 45
67 340 48
67 346 22
67 364 93
67 369 98
67 373 71
67 406 72
67 423 88
67 428 34
67 431 47
67 449 66
67 459 42
67 461 8
67 512 15
67 535 18
67 538 7
67 549 93
67 550 61
67 559 82
67 564 6
67 573 84
67 574 31
67 575 1
67 590 68
67 595 18
67 596 44
67 613 81
67 620 18
67 630 8
67 634 93
67 643 4
67 659 41
67 677 4
67 692 57
67 695 30
67 696 78
67 790 54
67 813 5
67 814 31
67 822 19
67 828 31
67 857 71
67 863 26
67 866 85
67 873 33
67 874 99
67 877 50
67 908 22
67 933 13
67 944 71
67 945 24
67 968 91
67 972 20
67 987 34
67 988 47
67 993 19
68 73 84
68 76 93
68 78 5
68 89 98
68 94 48
68 95 94
68 102 13
68 113 5
68 116 56
68 117 41
68 119 48
68 133 10
68 144 58
68 151 50
68 160 11
68 163 66
68 164 71
68 185 88
68 193 27
68 201 53
68 204 57
68 205 5
68 208 85
68 213 71
68 228 91
68 240 96
68 241 99
68 264 43
68 273 99
68 280 59
68 287 99
68 303 25
68 315 95
68 318 69
68 334 89
68 337 84
68 338 45
68 344 59
68 355 58
68 357 79
68 363 93
68 365 70
68 374 47
68 379 52
68 386 12
68 391 35
68 409 66
68 412 91
68 423 88
68 441 94
68 456 93
68 462 5
68 463 65
68 471 76
68 493 49
68 495 94
68 497 100
68 532 40
68 548 85
68 553 20
68 559 24
68 577 4
68 581 52
68 629 62
68 632 20
68 650 50
68 653 33
68 656 53
68 657 98
68 659 38
68 671 82
68 723 20
68 736 64
68 746 65
68 759 67
68 763 98
68 767 80
68 769 36
68 794 21
68 804 60
68 808 9
68 811 51
68 812 46
68 817 42
68 823 88
68 824 98
68 831 82
68 833 38
68 851 97
68 857 78
68 867 24
68 872 4
68 879 66
68 899 87
68 905 27
68 915 84
68 918 58
68 948 95
68 956 38
68 962 83
68 967 47
68 977 78
68 979 88
68 980 54
68 984 53
68 986 20
68 987 76
69 100 78
69 129 15
69 131 55
69 140 70
69 143 80
69 147 29
69 152 30
69 178 37
69 189 23
69 206 35
69 210 42
69 230 90
69 233 25
69 237 9
69 238 11
69 249 78
69 251 24
69 255 60
69 257 36
69 265 53
69 266 55
69 278 46
69 281 15
69 289 45
69 294 23
69 297 97
69 304 38
69 310 35
69 314 15
69 317 60
69 319 94
69 333 88
69 339 44
69 347 94
69 370 54
69 378 35
69 388 49
69 396 30
69 398 96
69 402 94
69 408 4
69 411 55
69 413 53
69 420 44
69 421 99
69 427 57
69 432 11
69 440 70
69 450 25
69 457 42
69 468 58
69 472 21
69 478 86
69 488 64
69 489 51
69 492 34
69 506 55
69 534 21
69 540 79
69 546 8
69 556 91
69 560 46
69 584 84
69 585 63
69 589 94
69 591 80
69 597 91
69 610 94
69 637 72
69 640 76
69 644 21
69 645 71
69 658 94
69 665 20
69 666 97
69 674 34
69 684 31
69 685 79
69 688 54
69 690 61
69 694 19
69 729 6
69 734 9
69 743 89
69 748 7
69 749 91
69 751 15
69 754 28
69 755 100
69 756 5
69 775 79
69 777 71
69 779 5
69 781 62
69 786 69
69 789 61
69 798 52
69 827 22
69 835 43
69 839 33
69 875 4
69 880 86
69 885 40
69 887 27
69 889 35
69 893 80
69 894 35
69 898 62
69 900 24
69 907 16
69 913 90
69 917 79
69 923 71
69 929 56
69 932 70
69 942 89
69 950 47
69 952 70
69 955 13
69 960 49
69 994 69
69 997 88
70 72 21
70 76 11
70 80 20
70 83 11
70 94 41
70 102 31
70 117 59
70 124 77
70 129 95
70 136 2
70 138 80
70 160 84
70 183 81
70 185 85
70 201 65
70 204 10
70 207 99
70 208 69
70 210 59
70 212 96
70 214 4
70 216 87
70 217 80
70 220 79
70 234 18
70 236 48
70 240 71
70 246 61
70 279 99
70 282 10
70 291 45
70 305 13
70 307 42
70 320 43
70 326 36
70 327 8
70 330 33
70 341 1
70 350 7
70 352 84
70 354 42
70 363 62
70 368 3
70 389 64
70 398 31
70 400 68
70 403 38
70 418 73
70 426 47
70 439 18
70 442 90
70 447 72
70 452 98
70 456 41
70 462 85
70 467 60
70 475 63
70 489 42
70 490 31
70 492 59
70 511 59
70 525 16
70 528 7
70 534 40
70 543 45
70 553 19
70 560 23
70 597 54
70 598 9
70 624 38
70 626 93
70 628 58
70 629 15
70 632 42
70 640 47
70 648 38
70 650 3
70 679 11
70 680 52
70 681 57
70 686 43
70 700 61
70 705 60
70 710 26
70 711 69
70 741 24
70 753 3
70 766 20
70 779 20
70 795 34
70 798 78
70 803 41
70 804 98
70 807 79
70 812 23
70 817 18
70 821 28
70 835 74
70 836 36
70 853 15
70 867 37
70 871 13
70 891 99
70 904 91
70 906 100
70 912 86
70 920 27
70 925 35
70 932 86
70 934 25
70 952 28
70 955 74
70 963 33
70 965 58
70 967 9
70 977 75
70 985 85
70 989 81
71 78 60
71 85 3
71 97 44
71 107 4
71 109 32
71 113 1
71 116 26
71 117 65
71 135 43
71 149 23
71 163 9
71 177 76
71 180 25
71 184 90
71 198 94
71 205 5
71 247 78
71 248 79
71 256 27
71 273 92
71 279 55
71 280 4
71 296 30
71 334 21
71 336 78
71 338 94
71 343 5
71 345 37
71 351 82
71 353 74
71 355 1
71 357 75
71 358 69
71 363 9
71 374 9
71 391 25
71 404 48
71 407 8
71 409 17
71 410 14
71 414 72
71 441 61
71 445 69
71 446 51
71 456 45
71 473 10
71 495 46
71 503 59
71 523 90
71 532 96
71 553 22
71 570 9
71 577 50
71 602 16
71 627 92
71 631 61
71 635 47
71 649 84
71 654 79
71 656 38
71 668 23
71 669 54
71 671 35
71 704 2
71 723 78
71 736 41
71 742 59
71 757 59
71 763 31
71 767 87
71 771 58
71 774 9
71 797 19
71 808 2
71 809 35
71 823 76
71 831 39
71 833 22
71 840 77
71 841 78
71 844 84
71 882 84
71 899 50
71 905 80
71 926 3
71 954 91
71 959 55
71 962 54
71 966 19
71 979 24
71 980 73
71 983 64
71 986 60
71 991 2
71 998 73
72 77 38
72 80 65
72 86 35
72 100 60
72 124 93
72 127 28
72 129 18
72 136 49
72 138 59
72 146 45
72 153 21
72 170 36
72 171 100
72 176 8
72 181 58
72 204 25
72 207 22
72 212 16
72 215 37
72 216 28
72 217 9
72 220 17
72 224 86
72 234 63
72 240 64
72 266 57
72 290 93
72 307 93
72 320 1
72 330 30
72 333 8
72 341 81
72 350 6
72 352 31
72 354 54
72 368 92
72 389 11
72 398 49
72 400 78
72 408 66
72 421 47
72 426 56
72 433 81
72 442 91
72 443 78
72 452 31
72 465 63
72 467 37
72 475 10
72 486 80
72 490 85
72 492 9
72 525 21
72 531 82
72 543 72
72 560 81
72 565 85
72 571 27
72 597 28
72 598 1
72 614 63
72 624 26
72 628 55
72 638 86
72 640 97
72 648 33
72 661 15
72 675 21
72 679 93
72 680 77
72 681 75
72 686 53
72 700 74
72 705 48
72 711 73
72 712 69
72 713 9
72 726 64
72 753 6
72 764 83
72 779 92
72 787 3
72 788 63
72 789 97
72 795 59
72 798 71
72 803 29
72 807 44
72 821 31
72 826 31
72 835 61
72 836 65
72 865 59
72 890 70
72 891 77
72 898 73
72 906 24
72 914 52
72 931 33
72 932 17
72 934 96
72 947 31
72 953 68
72 955 92
72 963 40
72 965 71
72 985 48
73 75 43
73 79 7
73 82 76
73 95 90
73 97 78
73 99 67
73 112 52
73 113 84
73 133 23
73 134 29
73 144 85
73 163 66
73 164 56
73 193 49
73 195 78
73 199 90
73 205 48
73 213 69
73 228 51
73 241 59
73 248 62
73 264 71
73 273 44
73 280 81
73 287 19
73 306 54
73 318 98
73 334 6
73 337 16
73 338 29
73 340 92
73 344 9
73 346 14
73 351 92
73 357 63
73 364 22
73 365 3
73 374 4
73 386 31
73 406 67
73 409 74
73 410 48
73 412 56
73 423 93
73 428 94
73 441 83
73 459 32
73 463 91
73 493 96
73 497 23
73 503 81
73 512 10
73 513 38
73 526 94
73 532 65
73 536 22
73 538 19
73 544 63
73 548 75
73 549 22
73 557 83
73 559 91
73 580 46
73 581 9
73 595 10
73 613 31
73 620 97
73 630 17
73 634 84
73 643 52
73 653 97
73 656 99
73 657 15
73 659 13
73 671 31
73 692 99
73 736 27
73 767 55
73 769 87
73 811 92
73 814 22
73 822 14
73 828 55
73 833 97
73 851 23
73 857 94
73 862 2
73 863 60
73 866 63
73 873 41
73 874 32
73 877 48
73 905 35
73 908 71
73 915 72
73 916 33
73 918 93
73 944 12
73 948 81
73 956 33
73 957 54
73 962 51
73 968 35
73 983 79
73 984 3
73 987 98
74 77 56
74 80 8
74 86 77
74 88 49
74 137 77
74 146 8
74 150 100
74 154 100
74 166 95
74 170 77
74 171 66
74 196 91
74 203 39
74 214 6
74 217 37
74 224 18
74 226 88
74 235 84
74 253 17
74 261 86
74 267 83
74 270 11
74 275 60
74 282 49
74 307 57
74 320 18
74 329 71
74 350 44
74 352 61
74 381 30
74 390 15
74 393 7
74 399 97
74 415 11
74 434 68
74 436 60
74 438 6
74 476 75
74 480 12
74 482 94
74 486 51
74 499 65
74 501 51
74 514 37
74 520 32
74 522 45
74 537 15
74 539 30
74 543 20
74 545 81
74 552 50
74 554 13
74 572 44
74 576 93
74 593 59
74 604 4
74 616 67
74 624 100
74 628 9
74 638 69
74 655 9
74 675 5
74 699 57
74 709 100
74 712 38
74 713 61
74 714 12
74 717 2
74 725 35
74 738 90
74 740 16
74 741 6
74 764 33
74 792 50
74 795 80
74 815 32
74 836 80
74 859 49
74 878 55
74 892 28
74 919 85
74 925 31
74 940 7
74 963 32
74 964 36
74 973 72
74 974 13
75 79 2
75 82 5
75 95 79
75 97 60
75 99 88
75 113 30
75 133 99
75 134 64
75 163 70
75 195 93
75 213 31
75 228 86
75 241 53
75 248 76
75 273 37
75 280 70
75 334 5
75 338 13
75 344 94
75 346 99
75 351 27
75 357 94
75 364 100
75 374 88
75 386 68
75 409 15
75 410 83
75 412 91
75 423 90
75 428 92
75 441 44
75 473 72
75 493 8
75 495 62
75 503 17
75 526 38
75 532 25
75 538 56
75 549 44
75 580 32
75 581 97
75 613 29
75 620 12
75 627 97
75 643 65
75 653 10
75 656 69
75 659 1
75 692 28
75 763 60
75 767 78
75 769 38
75 814 23
75 822 16
75 828 54
75 833 31
75 857 89
75 863 58
75 866 96
75 873 44
75 874 67
75 877 51
75 905 34
75 908 66
75 944 74
75 954 9
75 957 35
75 962 74
75 968 99
75 983 31
75 987 38
76 83 86
76 89 66
76 94 92
76 102 49
76 117 74
76 119 58
76 136 77
76 151 14
76 159 43
76 160 43
76 183 30
76 185 95
76 193 4
76 201 89
76 204 70
76 208 9
76 210 23
76 216 79
76 232 64
76 234 50
76 240 54
76 252 71
76 259 77
76 264 55
76 287 73
76 303 73
76 305 44
76 315 9
76 318 62
76 330 99
76 337 53
76 354 97
76 363 94
76 379 98
76 382 52
76 398 18
76 403 24
76 426 1
76 439 100
76 442 24
76 447 6
76 456 45
76 458 62
76 462 12
76 463 16
76 471 44
76 474 59
76 489 73
76 490 61
76 497 19
76 511 68
76 518 15
76 528 27
76 553 52
76 558 45
76 560 78
76 597 74
76 598 10
76 607 59
76 625 21
76 626 51
76 629 77
76 632 84
76 640 88
76 650 49
76 657 76
76 658 95
76 664 84
76 671 68
76 679 5
76 683 33
76 722 82
76 736 88
76 746 15
76 753 77
76 759 50
76 766 44
76 794 49
76 798 91
76 803 23
76 804 46
76 807 88
76 811 74
76 812 29
76 817 76
76 824 49
76 835 15
76 851 82
76 853 52
76 867 82
76 871 40
76 872 67
76 879 22
76 885 72
76 886 83
76 891 25
76 904 19
76 912 46
76 927 39
76 935 26
76 948 89
76 952 43
76 956 20
76 961 47
76 967 56
76 977 71
76 985 86
76 989 15
77 80 58
77 86 45
77 124 23
77 126 13
77 127 48
77 137 78
77 138 77
77 146 34
77 153 37
77 154 23
77 166 73
77 170 74
77 171 55
77 176 100
77 196 31
77 203 48
77 212 59
77 214 45
77 215 46
77 217 59
77 220 13
77 224 75
77 226 53
77 253 43
77 267 27
77 275 49
77 282 72
77 290 55
77 291 7
77 300 89
77 307 79
77 320 39
77 341 62
77 350 87
77 352 14
77 368 49
77 389 89
77 390 88
77 393 53
77 399 82
77 400 21
77 415 40
77 433 68
77 438 17
77 442 27
77 443 60
77 452 22
77 465 39
77 469 98
77 475 4
77 476 96
77 480 53
77 486 72
77 501 90
77 520 21
77 525 41
77 531 94
77 539 15
77 543 65
77 545 36
77 554 11
77 565 97
77 572 32
77 576 2
77 593 55
77 624 93
77 628 74
77 638 41
77 648 85
77 655 70
77 675 14
77 679 5
77 680 94
77 681 7
77 686 61
77 699 75
77 705 93
77 709 74
77 711 6
77 712 43
77 713 56
77 714 52
77 726 1
77 738 23
77 741 62
77 764 6
77 787 71
77 788 65
77 792 80
77 795 17
77 807 15
77 815 33
77 821 31
77 826 54
77 836 53
77 859 70
77 865 43
77 878 75
77 891 77
77 892 16
77 906 36
77 914 49
77 925 64
77 931 44
77 934 16
77 940 55
77 947 54
77 953 3
77 963 28
77 964 43
77 965 86
77 973 20
77 974 26
77 975 35
78 89 5
78 94 25
78 102 77
78 113 13
78 116 6
78 117 57
78 133 90
78 160 49
78 163 7
78 180 42
78 185 34
78 193 18
78 204 38
78 205 24
78 208 46
78 228 94
78 234 97
78 236 79
78 240 57
78 246 83
78 264 56
78 273 40
78 279 31
78 280 6
78 303 53
78 318 24
78 327 50
78 334 24
78 338 34
78 344 54
78 355 61
78 357 63
78 363 38
78 374 50
78 391 18
78 407 13
78 409 19
78 412 82
78 418 24
78 441 33
78 445 61
78 446 43
78 447 76
78 456 58
78 463 30
78 471 31
78 493 53
78 495 73
78 497 19
78 532 93
78 553 94
78 570 100
78 577 43
78 581 59
78 602 11
78 627 69
78 629 47
78 631 57
78 632 96
78 635 64
78 653 41
78 656 1
78 657 1
78 669 82
78 671 44
78 704 95
78 710 69
78 723 39
78 736 74
78 757 34
78 763 82
78 767 76
78 769 59
78 794 45
78 797 34
78 804 61
78 808 38
78 811 95
78 812 74
78 817 6
78 823 18
78 824 58
78 831 94
78 833 38
78 851 55
78 867 13
78 879 27
78 895 3
78 899 53
78 905 17
78 920 74
78 954 61
78 956 14
78 962 61
78 967 30
78 977 42
78 979 38
78 980 52
78 986 21
79 82 29
79 95 21
79 99 85
79 112 83
79 133 95
79 134 90
79 144 72
79 164 98
79 175 74
79 195 36
79 199 41
79 200 98
79 213 23
79 222 58
79 241 14
79 325 90
79 340 86
79 346 42
79 364 40
79 365 20
79 366 89
79 369 74
79 373 93
79 386 86
79 406 31
79 423 97
79 428 97
79 431 1
79 449 55
79 459 5
79 493 90
79 496 53
79 512 97
79 513 49
79 526 12
79 535 68
79 536 65
79 538 96
79 544 21
79 548 91
79 549 77
79 550 73
79 557 8
79 559 35
79 564 78
79 574 62
79 575 75
79 581 95
79 595 97
79 596 63
79 613 11
79 620 32
79 630 91
79 634 27
79 643 99
79 659 34
79 677 44
79 692 29
79 695 76
79 769 67
79 783 23
79 790 70
79 813 51
79 814 95
79 822 62
79 828 4
79 857 12
79 862 54
79 863 10
79 866 85
79 873 18
79 874 42
79 877 58
79 908 80
79 915 37
79 916 32
79 933 44
79 944 39
79 945 99
79 968 66
79 972 12
79 987 40
79 993 31
80 86 90
80 124 39
80 126 21
80 127 9
80 129 1
80 136 78
80 137 69
80 138 53
80 146 67
80 160 90
80 166 19
80 170 91
80 171 50
80 176 36
80 203 11
80 204 98
80 207 7
80 212 34
80 214 83
80 215 94
80 216 9
80 217 58
80 220 72
80 224 29
80 226 12
80 234 34
80 236 60
80 240 57
80 246 94
80 253 44
80 267 92
80 271 7
80 275 2
80 282 34
80 290 50
80 291 21
80 307 67
80 320 94
80 326 52
80 327 48
80 329 61
80 341 96
80 350 4
80 352 91
80 354 2
80 368 71
80 389 80
80 390 30
80 393 17
80 400 31
80 415 81
80 418 11
80 426 96
80 433 13
80 434 54
80 436 22
80 438 44
80 442 100
80 443 26
80 447 54
80 452 54
80 465 5
80 467 83
80 475 70
80 476 37
80 480 5
80 486 94
80 501 32
80 520 32
80 525 75
80 531 34
80 539 97
80 543 78
80 552 74
80 565 14
80 572 59
80 576 75
80 593 67
80 624 91
80 628 4
80 638 7
80 648 97
80 655 72
80 675 63
80 679 71
80 680 83
80 681 18
80 686 70
80 699 3
80 700 75
80 705 61
80 710 21
80 711 82
80 712 1
80 713 39
80 714 38
80 726 59
80 738 9
80 741 22
80 753 68
80 764 9
80 787 18
80 788 51
80 795 43
80 807 84
80 821 76
80 826 92
80 836 1
80 865 52
80 891 99
80 906 57
80 914 75
80 920 6
80 925 90
80 931 66
80 934 4
80 947 10
80 955 99
80 963 61
80 964 71
80 965 31
80 973 51
80 985 18
81 85 76
81 90 88
81 94 12
81 107 15
81 116 21
81 117 90
81 124 67
81 150 97
81 158 3
81 177 84
81 179 49
81 180 63
81 207 2
81 214 67
81 226 77
81 235 3
81 236 5
81 246 87
81 260 27
81 261 63
81 270 17
81 271 24
81 275 90
81 279 8
81 282 62
81 291 64
81 293 15
81 316 67
81 322 91
81 326 89
81 327 28
81 329 21
81 336 15
81 352 54
81 353 38
81 355 65
81 363 9
81 368 97
81 372 71
81 381 80
81 387 57
81 404 86
81 407 3
81 414 32
81 418 40
81 425 24
81 434 24
81 436 11
81 445 74
81 446 21
81 447 39
81 454 19
81 456 55
81 482 12
81 499 67
81 514 34
81 520 100
81 537 32
81 552 29
81 567 47
81 570 49
81 572 88
81 576 95
81 577 1
81 583 10
81 601 60
81 602 47
81 618 71
81 624 45
81 628 67
81 635 84
81 638 15
81 649 12
81 655 2
81 669 71
81 680 25
81 704 58
81 708 13
81 710 55
81 718 88
81 723 49
81 725 59
81 740 20
81 741 75
81 768 46
81 795 23
81 797 54
81 807 84
81 809 45
81 823 74
81 831 63
81 832 45
81 841 97
81 842 16
81 844 7
81 848 23
81 882 87
81 892 51
81 895 94
81 899 58
81 919 64
81 920 13
81 925 51
81 934 23
81 963 8
81 964 83
81 967 44
81 979 70
81 980 71
81 986 92
81 991 97
82 95 55
82 99 51
82 112 8
82 134 100
82 164 82
82 175 95
82 195 25
82 199 71
82 200 46
82 213 98
82 222 67
82 241 21
82 325 37
82 340 89
82 346 11
82 364 19
82 365 66
82 369 80
82 373 81
82 386 74
82 406 80
82 423 95
82 428 22
82 431 100
82 449 4
82 459 23
82 512 72
82 513 44
82 526 68
82 535 59
82 538 31
82 544 57
82 549 49
82 550 25
82 559 62
82 564 8
82 573 66
82 574 38
82 575 51
82 580 44
82 581 60
82 590 84
82 595 35
82 596 70
82 613 51
82 620 43
82 630 26
82 634 27
82 643 92
82 659 42
82 677 99
82 692 87
82 695 4
82 790 30
82 813 30
82 814 10
82 822 37
82 828 41
82 857 93
82 862 51
82 863 62
82 866 4
82 873 98
82 874 33
82 877 34
82 908 58
82 933 13
82 944 19
82 945 4
82 957 1
82 968 93
82 987 79
82 993 86
83 89 69
83 102 47
83 119 27
83 129 3
83 136 85
83 140 90
83 151 70
83 159 15
83 160 22
83 178 67
83 183 94
83 185 98
83 201 98
83 204 85
83 206 17
83 208 45
83 210 88
83 216 93
83 234 98
83 240 12
83 252 43
83 255 45
83 257 50
83 259 69
83 281 61
83 303 28
83 305 72
83 315 88
83 330 11
83 333 63
83 341 22
83 354 38
83 379 7
83 382 76
83 397 32
83 398 19
83 402 98
83 403 44
83 426 90
83 439 38
83 442 46
83 458 38
83 462 21
83 467 54
83 471 34
83 474 23
83 489 7
83 490 35
83 492 2
83 511 18
83 518 37
83 528 84
83 534 72
83 540 21
83 560 95
83 585 2
83 597 37
83 598 45
83 607 49
83 626 44
83 629 77
83 632 54
83 640 19
83 645 33
83 650 41
83 658 46
83 663 99
83 664 91
83 674 69
83 679 26
83 683 73
83 684 97
83 685 54
83 686 44
83 700 88
83 722 34
83 729 37
83 746 25
83 748 44
83 753 7
83 755 10
83 756 66
83 759 14
83 766 52
83 779 56
83 794 97
83 798 41
83 803 57
83 804 71
83 821 2
83 824 5
83 835 18
83 853 46
83 871 34
83 875 76
83 885 9
83 886 27
83 891 44
83 894 84
83 904 37
83 912 38
83 913 50
83 927 100
83 932 81
83 935 59
83 952 72
83 955 96
83 961 75
83 977 89
83 985 99
83 989 46
84 87 56
84 93 84
84 98 78
84 115 48
84 122 21
84 125 72
84 141 45
84 145 58
84 156 95
84 165 66
84 167 32
84 173 41
84 174 52
84 186 88
84 191 86
84 209 94
84 258 42
84 268 44
84 269 28
84 284 42
84 285 95
84 288 72
84 298 46
84 301 93
84 401 42
84 444 76
84 477 46
84 479 10
84 484 84
84 491 72
84 494 91
84 502 33
84 504 1
84 505 9
84 541 35
84 555 39
84 562 2
84 568 39
84 578 33
84 587 66
84 588 13
84 605 63
84 617 49
84 621 72
84 622 8
84 641 41
84 646 45
84 647 92
84 652 41
84 670 90
84 687 1
84 689 62
84 697 15
84 715 43
84 716 61
84 747 18
84 750 94
84 752 21
84 772 57
84 776 93
84 791 68
84 829 43
84 843 59
84 861 15
84 868 94
84 869 32
84 881 71
84 902 51
84 921 65
84 951 62
84 969 62
85 90 1
85 107 43
85 109 2
85 116 99
85 135 94
85 149 67
85 158 16
85 161 3
85 177 29
85 179 44
85 180 9
85 184 83
85 198 90
85 235 42
85 236 52
85 246 86
85 247 13
85 256 54
85 260 18
85 262 73
85 270 65
85 271 1
85 279 35
85 296 54
85 316 78
85 322 19
85 323 28
85 326 20
85 329 40
85 336 32
85 343 51
85 345 37
85 353 70
85 355 51
85 358 71
85 359 52
85 363 36
85 372 67
85 380 18
85 381 21
85 387 20
85 391 59
85 404 27
85 407 97
85 414 60
85 425 18
85 434 88
85 436 87
85 445 83
85 446 54
85 454 64
85 456 78
85 482 41
85 495 76
85 523 2
85 537 78
85 552 72
85 567 91
85 570 87
85 577 56
85 583 13
85 601 58
85 602 14
85 615 27
85 618 99
85 631 28
85 635 18
85 649 62
85 654 11
85 668 60
85 669 92
85 704 45
85 708 66
85 718 46
85 723 66
85 725 94
85 740 22
85 742 15
85 757 92
85 763 7
85 768 18
85 771 88
85 774 59
85 797 13
85 805 62
85 808 69
85 809 74
85 823 70
85 825 52
85 831 71
85 832 29
85 840 64
85 841 6
85 842 32
85 844 89
85 882 71
85 895 90
85 899 5
85 919 100
85 926 51
85 954 21
85 959 65
85 966 41
85 979 16
85 980 78
85 986 18
85 991 67
85 998 9
86 124 13
86 126 42
86 127 46
86 137 45
86 138 32
86 146 35
86 153 50
86 166 55
86 170 62
86 171 26
86 176 2
86 181 36
86 196 89
86 203 12
86 212 35
86 215 61
86 217 11
86 220 6
86 224 83
86 226 52
86 253 28
86 267 37
86 275 28
86 282 83
86 290 48
86 300 47
86 307 22
86 320 90
86 341 100
86 350 91
86 352 100
86 354 82
86 368 43
86 389 98
86 390 16
86 393 62
86 399 44
86 400 61
86 415 51
86 426 2
86 433 98
86 438 56
86 442 56
86 443 36
86 452 23
86 465 75
86 467 93
86 469 86
86 475 71
86 476 12
86 480 49
86 486 53
86 492 50
86 501 92
86 525 22
86 531 94
86 539 99
86 543 97
86 554 51
86 565 16
86 571 100
86 576 70
86 593 12
86 614 86
86 624 87
86 628 31
86 638 14
86 648 50
86 655 42
86 661 66
86 675 80
86 679 81
86 680 60
86 681 22
86 686 46
86 699 83
86 700 25
86 705 98
86 711 84
86 712 39
86 713 55
86 714 4
86 726 78
86 738 7
86 764 49
86 787 30
86 788 37
86 795 57
86 815 72
86 821 98
86 826 32
86 836 46
86 865 37
86 878 45
86 890 62
86 891 67
86 898 63
86 906 13
86 914 85
86 931 98
86 940 84
86 947 16
86 953 28
86 955 66
86 963 59
86 965 97
86 973 79
86 974 59
86 975 66
86 985 22
86 995 50
87 93 6
87 98 32
87 115 33
87 122 90
87 130 13
87 141 14
87 145 23
87 156 2
87 165 92
87 167 41
87 173 30
87 174 53
87 186 91
87 191 22
87 209 63
87 258 7
87 268 61
87 269 66
87 284 69
87 285 9
87 286 59
87 288 56
87 298 18
87 301 89
87 401 43
87 444 57
87 477 95
87 479 27
87 484 97
87 491 38
87 494 66
87 502 86
87 504 38
87 505 85
87 541 37
87 555 74
87 562 22
87 568 2
87 578 9
87 587 2
87 588 86
87 600 93
87 605 34
87 617 77
87 621 72
87 622 67
87 636 18
87 641 88
87 646 37
87 647 63
87 652 84
87 670 69
87 687 34
87 689 65
87 693 8
87 697 38
87 715 26
87 716 28
87 747 61
87 750 98
87 752 90
87 772 87
87 776 69
87 791 69
87 829 59
87 843 97
87 861 63
87 868 14
87 869 51
87 881 3
87 902 31
87 911 58
87 921 5
87 924 17
87 951 5
87 969 23
88 146 35
88 150 70
88 154 73
88 166 83
88 196 87
88 203 30
88 226 74
88 235 92
88 243 23
88 260 13
88 261 89
88 267 1
88 270 94
88 271 80
88 275 35
88 282 97
88 292 7
88 293 12
88 295 74
88 313 90
88 316 100
88 372 35
88 381 60
88 390 28
88 393 41
88 417 7
88 425 74
88 434 51
88 436 50
88 438 67
88 454 31
88 476 80
88 480 27
88 482 84
88 499 45
88 501 70
88 514 69
88 520 49
88 522 80
88 537 60
88 539 87
88 545 53
88 552 68
88 554 2
88 572 59
88 576 29
88 604 27
88 616 32
88 618 73
88 628 25
88 638 3
88 655 49
88 708 98
88 709 29
88 714 1
88 717 1
88 725 11
88 738 81
88 740 58
88 792 14
88 842 30
88 846 21
88 848 21
88 859 78
88 892 54
88 919 62
88 964 66
88 973 65
89 94 68
89 102 65
89 116 85
89 117 100
89 119 61
89 133 90
89 144 40
89 151 88
89 159 43
89 160 9
89 183 84
89 185 87
89 193 69
89 201 93
89 204 95
89 205 34
89 208 7
89 213 37
89 228 43
89 232 2
89 240 22
89 252 27
89 259 85
89 264 74
89 287 36
89 303 6
89 305 15
89 315 78
89 318 80
89 330 92
89 334 1
89 337 41
89 344 48
89 361 34
89 363 32
89 379 96
89 382 24
89 403 60
89 409 56
89 412 13
89 419 1
89 439 55
89 456 68
89 458 10
89 462 64
89 463 22
89 471 43
89 490 89
89 497 54
89 511 78
89 528 82
89 536 12
89 548 71
89 553 89
89 558 42
89 598 85
89 625 38
89 626 83
89 629 15
89 632 51
89 650 60
89 653 84
89 656 3
89 657 80
89 664 59
89 671 49
89 683 14
89 722 22
89 736 75
89 746 51
89 753 78
89 759 60
89 766 95
89 769 90
89 794 89
89 796 30
89 803 85
89 804 2
89 811 46
89 812 11
89 817 35
89 824 33
89 833 31
89 851 96
89 867 10
89 871 18
89 872 30
89 879 37
89 886 47
89 904 74
89 912 25
89 915 80
89 918 78
89 927 88
89 935 63
89 948 98
89 956 97
89 962 17
89 967 6
89 977 30
89 981 75
89 984 30
89 989 64
90 107 51
90 149 24
90 158 45
90 161 48
90 177 6
90 179 57
90 180 77
90 182 29
90 184 37
90 198 12
90 218 58
90 235 43
90 243 12
90 247 83
90 250 93
90 260 90
90 261 83
90 262 34
90 270 16
90 271 22
90 292 55
90 293 89
90 295 25
90 296 75
90 313 55
90 316 87
90 322 88
90 323 63
90 329 48
90 336 83
90 343 26
90 345 61
90 353 72
90 359 10
90 372 100
90 380 43
90 381 21
90 385 39
90 387 71
90 404 49
90 407 46
90 414 23
90 417 93
90 425 32
90 434 38
90 436 8
90 445 66
90 446 5
90 454 1
90 482 83
90 499 4
90 514 22
90 523 7
90 537 4
90 552 30
90 567 25
90 583 84
90 601 63
90 602 87
90 604 52
90 615 89
90 618 49
90 631 12
90 635 25
90 649 87
90 654 4
90 669 4
90 691 31
90 704 13
90 708 15
90 717 27
90 718 42
90 725 82
90 740 8
90 742 59
90 768 37
90 805 1
90 809 20
90 825 70
90 832 83
90 840 42
90 841 6
90 842 30
90 844 89
90 846 64
90 848 48
90 876 41
90 882 49
90 895 64
90 910 27
90 919 43
90 959 5
90 991 90
90 998 26
90 999 69
91 92 12
91 96 2
91 106 55
91 114 86
91 132 71
91 142 84
91 148 9
91 157 95
91 169 11
91 172 21
91 187 62
91 225 84
91 245 4
91 254 90
91 263 68
91 276 86
91 283 23
91 308 6
91 328 95
91 335 8
91 348 55
91 349 20
91 362 18
91 367 49
91 371 82
91 375 16
91 377 25
91 395 1
91 422 85
91 430 50
91 470 7
91 487 49
91 500 57
91 507 40
91 509 86
91 515 10
91 524 53
91 530 93
91 546 64
91 566 84
91 569 33
91 584 97
91 592 72
91 594 53
91 599 8
91 603 43
91 619 96
91 637 49
91 639 25
91 642 33
91 660 21
91 673 16
91 682 26
91 701 62
91 702 25
91 706 19
91 707 22
91 732 91
91 739 82
91 744 5
91 773 73
91 778 44
91 802 15
91 818 83
91 819 48
91 830 78
91 837 63
91 854 20
91 858 88
91 883 33
91 884 41
91 888 44
91 893 16
91 897 97
91 901 87
91 903 46
91 978 51
91 990 93
91 992 46
91 995 16
92 96 91
92 106 4
92 132 44
92 142 5
92 148 33
92 169 9
92 172 85
92 187 76
92 225 98
92 245 18
92 263 68
92 276 23
92 283 10
92 308 81
92 328 95
92 335 22
92 348 77
92 362 47
92 367 85
92 371 13
92 375 47
92 377 15
92 395 97
92 430 23
92 470 7
92 487 81
92 500 53
92 507 12
92 515 25
92 524 63
92 530 91
92 566 94
92 569 48
92 594 12
92 599 27
92 603 88
92 619 5
92 639 5
92 642 94
92 660 36
92 682 32
92 701 61
92 702 11
92 706 99
92 707 5
92 732 89
92 739 62
92 744 81
92 773 52
92 778 83
92 802 23
92 818 47
92 819 41
92 837 16
92 883 3
92 884 13
92 888 94
92 897 17
92 901 64
92 903 37
92 990 65
92 992 66
93 104 30
93 105 35
93 110 69
93 115 19
93 122 90
93 123 24
93 125 33
93 130 80
93 141 84
93 145 38
93 155 16
93 165 60
93 167 84
93 168 26
93 186 84
93 188 48
93 189 54
93 191 77
93 202 59
93 230 91
93 242 80
93 258 65
93 265 100
93 268 18
93 269 49
93 272 59
93 274 33
93 288 46
93 298 94
93 301 52
93 302 83
93 311 8
93 312 18
93 319 18
93 321 27
93 332 37
93 360 76
93 394 92
93 401 23
93 411 39
93 437 10
93 444 35
93 453 94
93 468 96
93 479 95
93 484 24
93 491 58
93 502 20
93 504 94
93 506 53
93 519 64
93 521 76
93 527 41
93 529 35
93 541 1
93 542 20
93 547 73
93 551 74
93 555 10
93 568 20
93 578 6
93 582 50
93 587 32
93 588 51
93 605 58
93 610 87
93 617 53
93 622 94
93 636 7
93 646 12
93 647 95
93 651 88
93 652 1
93 662 84
93 670 71
93 676 26
93 678 4
93 687 78
93 689 13
93 690 94
93 693 67
93 697 29
93 698 87
93 715 37
93 716 85
93 719 32
93 720 41
93 730 89
93 747 98
93 750 67
93 758 5
93 760 81
93 761 32
93 762 55
93 772 81
93 776 43
93 782 26
93 784 87
93 800 89
93 810 13
93 820 20
93 827 33
93 834 15
93 843 100
93 849 97
93 861 33
93 868 99
93 869 4
93 870 84
93 881 5
93 896 60
93 902 31
93 911 59
93 921 79
93 928 22
93 930 56
93 946 12
93 949 76
93 951 18
93 969 69
93 996 24
94 102 72
94 113 68
94 116 73
94 117 71
94 119 79
94 124 37
94 136 22
94 160 21
94 180 76
94 185 83
94 193 83
94 201 82
94 204 9
94 205 37
94 207 76
94 208 29
94 214 17
94 216 22
94 234 27
94 236 28
94 240 74
94 246 7
94 264 72
94 271 51
94 279 18
94 282 71
94 291 67
94 303 97
94 322 68
94 326 88
94 327 18
94 329 29
94 330 54
94 334 69
94 341 74
94 352 31
94 354 21
94 355 45
94 363 32
94 368 93
94 389 75
94 391 35
94 403 57
94 407 71
94 409 30
94 418 86
94 426 37
94 436 99
94 439 81
94 442 83
94 447 66
94 456 13
94 462 75
94 463 34
94 471 50
94 490 100
94 497 6
94 528 26
94 553 44
94 570 53
94 577 63
94 598 39
94 602 24
94 624 66
94 629 100
94 632 23
94 650 52
94 657 34
94 671 75
94 679 3
94 680 13
94 686 52
94 710 62
94 723 78
94 736 6
94 741 18
94 753 6
94 759 23
94 794 100
94 795 75
94 797 97
94 804 99
94 807 82
94 808 43
94 811 8
94 812 4
94 817 45
94 823 71
94 824 36
94 831 26
94 851 54
94 867 89
94 879 30
94 891 37
94 895 6
94 899 73
94 904 80
94 920 99
94 925 97
94 934 20
94 956 42
94 962 3
94 963 18
94 967 58
94 977 86
94 979 61
94 980 42
94 985 88
94 986 13
95 97 65
95 99 17
95 112 50
95 113 85
95 133 7
95 134 76
95 144 73
95 163 12
95 164 16
95 193 75
95 195 55
95 199 61
95 205 28
95 213 16
95 228 69
95 241 86
95 248 82
95 264 36
95 273 70
95 280 45
95 306 62
95 318 61
95 334 25
95 337 97
95 338 27
95 340 62
95 344 63
95 346 83
95 351 89
95 357 57
95 364 15
95 365 87
95 374 61
95 386 61
95 406 63
95 409 94
95 410 44
95 412 27
95 423 35
95 428 58
95 441 58
95 459 15
95 493 98
95 497 24
95 503 5
95 526 11
95 532 57
95 536 94
95 538 36
95 544 41
95 548 10
95 549 48
95 557 82
95 559 22
95 580 78
95 581 6
95 595 71
95 613 100
95 620 91
95 630 79
95 634 59
95 643 2
95 653 15
95 656 87
95 657 78
95 659 93
95 671 30
95 692 22
95 736 21
95 767 28
95 769 9
95 811 15
95 814 29
95 822 73
95 828 6
95 833 13
95 851 56
95 857 14
95 862 68
95 863 67
95 866 39
95 873 76
95 874 42
95 877 90
95 905 94
95 908 30
95 915 25
95 916 17
95 918 54
95 944 10
95 948 78
95 956 53
95 957 15
95 962 9
95 968 82
95 983 24
95 984 23
95 987 23
96 106 16
96 148 87
96 169 34
96 172 40
96 187 44
96 225 85
96 245 74
96 263 49
96 276 44
96 283 86
96 308 58
96 335 10
96 348 32
96 367 41
96 371 33
96 375 9
96 377 72
96 395 7
96 470 32
96 487 4
96 515 24
96 530 43
96 566 51
96 594 39
96 599 24
96 603 1
96 639 20
96 682 12
96 701 59
96 702 79
96 706 68
96 707 28
96 732 64
96 739 88
96 744 75
96 773 64
96 818 8
96 819 7
96 837 10
96 883 35
96 897 90
96 903 93
96 990 21
96 992 79
97 109 74
97 113 91
97 133 81
97 135 47
97 163 49
97 195 85
97 205 15
97 228 59
97 241 92
97 248 54
97 256 26
97 273 40
97 280 8
97 334 91
97 338 31
97 344 70
97 346 48
97 351 71
97 357 30
97 358 11
97 374 79
97 386 26
97 409 25
97 410 87
97 423 15
97 428 12
97 441 71
97 473 33
97 493 41
97 495 70
97 503 71
97 526 79
97 532 43
97 538 54
97 549 85
97 580 46
97 581 14
97 620 58
97 627 68
97 643 17
97 653 93
97 656 73
97 659 9
97 692 22
97 757 43
97 763 40
97 767 23
97 769 58
97 771 1
97 774 15
97 808 78
97 814 52
97 822 13
97 833 94
97 866 47
97 873 28
97 874 3
97 877 45
97 905 76
97 908 63
97 926 63
97 944 10
97 954 44
97 957 42
97 962 40
97 983 40
97 987 34
98 115 46
98 122 94
98 141 35
98 145 16
98 156 39
98 165 32
98 167 80
98 173 56
98 174 90
98 186 6
98 191 10
98 258 21
98 268 4
98 269 17
98 284 1
98 285 31
98 298 9
98 401 74
98 444 57
98 477 75
98 479 36
98 484 67
98 491 85
98 494 91
98 502 49
98 504 36
98 505 100
98 562 60
98 568 93
98 578 40
98 587 73
98 588 15
98 605 92
98 617 16
98 621 42
98 641 17
98 647 84
98 652 97
98 670 23
98 687 92
98 689 49
98 715 90
98 716 92
98 747 76
98 750 64
98 752 93
98 772 38
98 776 52
98 791 27
98 829 88
98 843 65
98 869 23
98 881 82
98 902 35
98 921 54
98 969 70
99 112 8
99 133 96
99 134 23
99 144 16
99 164 64
99 175 8
99 195 75
99 199 43
99 200 37
99 213 18
99 222 14
99 241 32
99 325 49
99 338 56
99 340 50
99 346 19
99 364 37
99 365 25
99 366 21
99 369 100
99 373 7
99 386 25
99 406 81
99 423 40
99 428 59
99 431 43
99 449 53
99 459 96
99 493 2
99 512 92
99 513 56
99 526 14
99 535 97
99 538 25
99 544 15
99 548 52
99 549 17
99 550 59
99 557 4
99 559 40
99 564 24
99 574 72
99 575 11
99 580 43
99 581 87
99 595 16
99 596 7
99 613 5
99 620 96
99 630 33
99 634 24
99 643 38
99 659 59
99 677 64
99 692 89
99 695 52
99 769 86
99 790 38
99 814 80
99 822 45
99 828 31
99 857 33
99 862 25
99 863 32
99 866 39
99 873 10
99 874 40
99 877 47
99 905 5
99 908 59
99 915 79
99 916 78
99 933 89
99 944 71
99 945 98
99 957 13
99 968 14
99 987 73
99 993 17
100 127 64
100 129 54
100 131 93
100 138 59
100 140 78
100 143 46
100 147 84
100 152 10
100 176 53
100 178 31
100 181 86
100 210 99
100 215 46
100 238 42
100 249 44
100 251 8
100 254 5
100 257 9
100 266 2
100 278 91
100 281 85
100 290 86
100 294 31
100 297 2
100 304 8
100 314 63
100 330 49
100 333 15
100 354 66
100 396 42
100 398 77
100 402 93
100 408 21
100 421 62
100 422 83
100 426 69
100 430 86
100 432 15
100 440 1
100 443 48
100 467 28
100 475 76
100 478 30
100 489 49
100 492 79
100 507 60
100 509 75
100 531 14
100 534 55
100 540 76
100 546 63
100 556 97
100 560 18
100 571 94
100 584 73
100 585 35
100 589 81
100 592 60
100 597 42
100 637 64
100 640 21
100 642 22
100 661 80
100 673 85
100 681 71
100 684 93
100 685 34
100 688 46
100 694 84
100 700 32
100 705 10
100 711 90
100 726 10
100 729 85
100 743 59
100 748 7
100 749 14
100 751 40
100 755 69
100 756 11
100 775 23
100 779 50
100 781 61
100 787 20
100 789 21
100 798 74
100 803 97
100 821 42
100 835 90
100 839 85
100 853 80
100 858 4
100 880 82
100 885 35
100 887 100
100 889 59
100 890 58
100 893 83
100 894 73
100 898 98
100 913 80
100 917 48
100 923 17
100 931 8
100 932 40
100 942 11
100 950 13
100 952 67
100 955 66
100 965 62
100 971 41
100 978 19
100 985 32
101 103 66
101 111 82
101 112 13
101 139 27
101 144 62
101 164 78
101 190 91
101 192 55
101 194 44
101 199 29
101 222 7
101 223 25
101 229 97
101 231 56
101 239 32
101 287 78
101 306 18
101 325 72
101 331 20
101 340 74
101 342 30
101 364 22
101 365 100
101 366 98
101 369 78
101 376 44
101 383 4
101 384 41
101 392 9
101 405 78
101 406 61
101 416 9
101 424 80
101 429 2
101 435 23
101 455 82
101 459 29
101 460 76
101 464 96
101 466 11
101 481 29
101 483 35
101 496 61
101 512 18
101 513 86
101 516 9
101 536 46
101 544 89
101 557 71
101 559 88
101 574 85
101 575 37
101 586 35
101 595 36
101 596 96
101 606 68
101 608 96
101 611 74
101 612 78
101 630 3
101 634 22
101 672 12
101 695 51
101 721 9
101 727 22
101 728 31
101 731 26
101 733 71
101 737 58
101 765 3
101 783 93
101 796 84
101 801 17
101 838 69
101 852 60
101 862 58
101 909 36
101 915 94
101 916 42
101 918 83
101 922 21
101 936 74
101 937 76
101 939 90
101 941 32
101 943 13
101 945 94
101 948 91
101 968 49
101 972 52
101 981 76
101 984 94
101 993 88
102 116 6
102 117 53
102 119 32
102 124 51
102 129 76
102 136 77
102 151 71
102 160 52
102 183 25
102 185 83
102 193 50
102 201 50
102 204 10
102 207 46
102 208 78
102 210 67
102 216 73
102 234 95
102 236 17
102 240 78
102 259 61
102 264 82
102 279 71
102 303 63
102 305 49
102 315 28
102 318 66
102 327 92
102 330 18
102 341 79
102 354 97
102 363 66
102 368 59
102 379 100
102 389 52
102 398 80
102 403 19
102 418 88
102 426 54
102 439 28
102 442 95
102 447 41
102 456 40
102 458 63
102 462 59
102 463 3
102 467 34
102 471 91
102 489 56
102 490 47
102 497 94
102 511 96
102 525 51
102 528 5
102 553 45
102 560 73
102 577 55
102 597 47
102 598 72
102 626 40
102 629 63
102 632 83
102 640 79
102 650 67
102 664 27
102 671 40
102 679 27
102 680 40
102 683 3
102 686 86
102 700 94
102 710 27
102 722 100
102 736 48
102 746 71
102 753 50
102 759 73
102 766 40
102 794 93
102 797 41
102 798 42
102 803 64
102 804 98
102 807 16
102 812 72
102 817 97
102 821 86
102 823 20
102 824 93
102 835 3
102 851 4
102 853 24
102 867 9
102 871 19
102 879 7
102 886 22
102 891 21
102 899 97
102 904 55
102 912 78
102 920 18
102 927 5
102 935 63
102 952 58
102 956 84
102 967 79
102 977 54
102 979 46
102 985 55
102 989 98
103 111 82
103 112 2
103 120 33
103 139 37
103 190 77
103 192 96
103 194 98
103 211 16
103 222 67
103 223 93
103 229 89
103 231 31
103 239 72
103 306 83
103 325 78
103 331 9
103 340 89
103 342 88
103 366 58
103 376 64
103 383 60
103 384 57
103 392 53
103 405 43
103 406 45
103 416 13
103 424 22
103 429 91
103 435 100
103 455 79
103 459 91
103 460 94
103 466 86
103 481 46
103 483 25
103 485 23
103 496 56
103 512 85
103 513 76
103 516 41
103 536 47
103 544 79
103 557 27
103 574 54
103 575 25
103 586 10
103 596 28
103 606 58
103 608 78
103 611 10
103 612 47
103 634 11
103 672 58
103 721 87
103 727 18
103 728 8
103 731 89
103 733 11
103 737 25
103 765 97
103 783 76
103 796 57
103 801 48
103 806 83
103 838 78
103 852 76
103 862 37
103 909 49
103 916 89
103 922 86
103 936 89
103 937 21
103 939 27
103 941 53
103 943 54
103 945 1
103 972 50
103 976 1
103 993 76
104 105 9
104 110 15
104 115 45
104 130 59
104 131 74
104 155 97
104 189 46
104 191 9
104 202 77
104 206 96
104 221 10
104 230 18
104 255 41
104 257 57
104 265 88
104 272 52
104 274 80
104 278 11
104 288 95
104 289 74
104 294 73
104 301 91
104 302 62
104 311 75
104 312 7
104 317 77
104 319 92
104 321 9
104 339 34
104 347 67
104 370 33
104 378 59
104 388 1
104 394 78
104 397 17
104 411 76
104 420 8
104 427 26
104 432 12
104 437 94
104 444 83
104 450 17
104 457 21
104 468 77
104 474 8
104 478 18
104 479 72
104 484 6
104 504 13
104 506 22
104 521 46
104 551 93
104 555 86
104 578 26
104 582 94
104 585 8
104 588 6
104 591 24
104 605 11
104 607 56
104 610 31
104 622 44
104 636 42
104 644 68
104 645 21
104 646 96
104 651 22
104 658 4
104 663 14
104 665 28
104 674 50
104 676 30
104 678 6
104 685 30
104 690 83
104 693 97
104 719 38
104 730 2
104 747 81
104 748 24
104 750 66
104 752 30
104 758 100
104 760 92
104 761 7
104 762 63
104 772 6
104 777 8
104 781 40
104 784 95
104 799 2
104 800 9
104 810 69
104 820 27
104 827 32
104 843 95
104 849 56
104 850 71
104 861 42
104 864 14
104 868 64
104 870 35
104 875 85
104 881 90
104 896 20
104 900 92
104 902 30
104 907 31
104 911 49
104 913 26
104 917 48
104 921 86
104 928 82
104 946 29
104 949 79
104 951 87
104 961 58
104 969 37
104 996 60
105 108 69
105 110 32
105 118 57
105 123 73
105 128 1
105 155 93
105 159 84
105 162 94
105 192 51
105 197 22
105 202 34
105 206 23
105 211 90
105 219 71
105 221 2
105 229 58
105 242 53
105 252 32
105 255 2
105 272 93
105 274 28
105 289 26
105 301 10
105 302 21
105 311 38
105 312 97
105 321 86
105 324 49
105 332 13
105 356 57
105 361 73
105 382 96
105 394 37
105 397 84
105 419 25
105 437 12
105 448 38
105 450 24
105 451 98
105 453 47
105 457 48
105 464 66
105 468 49
105 474 61
105 485 1
105 498 73
105 506 61
105 518 10
105 521 92
105 533 48
105 551 53
105 555 25
105 558 98
105 582 88
105 607 73
105 609 82
105 610 90
105 623 65
105 625 13
105 645 99
105 646 31
105 651 60
105 658 72
105 662 36
105 663 79
105 672 92
105 674 96
105 676 18
105 678 54
105 693 67
105 719 95
105 720 21
105 721 42
105 722 16
105 730 34
105 733 50
105 735 89
105 758 31
105 760 26
105 761 87
105 762 95
105 784 38
105 799 32
105 800 35
105 801 33
105 806 80
105 810 33
105 820 77
105 849 76
105 850 83
105 861 33
105 868 20
105 870 65
105 875 54
105 896 34
105 922 39
105 928 76
105 930 49
105 937 49
105 938 89
105 946 64
105 949 22
105 961 23
105 970 8
105 981 63
105 996 54
106 148 59
106 169 69
106 187 99
106 225 13
106 263 86
106 276 28
106 283 79
106 308 87
106 335 71
106 348 79
106 362 11
106 367 81
106 371 66
106 375 62
106 377 63
106 395 54
106 470 65
106 487 94
106 515 54
106 530 20
106 566 5
106 594 16
106 599 64
106 619 21
106 682 55
106 701 26
106 702 51
106 706 47
106 707 57
106 732 17
106 739 26
106 744 40
106 773 41
106 778 22
106 802 56
106 818 62
106 819 9
106 837 73
106 883 21
106 897 8
106 903 82
106 990 49
106 992 39
107 109 23
107 135 43
107 149 59
107 158 16
107 161 94
107 177 50
107 179 29
107 180 73
107 184 85
107 198 23
107 235 32
107 247 86
107 256 31
107 260 19
107 262 50
107 271 55
107 296 28
107 316 1
107 322 90
107 323 19
107 336 13
107 343 56
107 345 82
107 353 72
107 355 12
107 358 53
107 359 36
107 372 51
107 380 27
107 387 5
107 404 32
107 407 20
107 414 31
107 425 92
107 436 6
107 445 1
107 446 25
107 495 24
107 523 92
107 552 9
107 567 39
107 570 7
107 583 28
107 601 19
107 602 54
107 615 7
107 618 89
107 627 93
107 631 28
107 635 68
107 649 91
107 654 26
107 668 95
107 669 8
107 704 58
107 708 3
107 718 60
107 723 51
107 725 8
107 742 30
107 757 40
107 763 20
107 768 21
107 771 48
107 774 75
107 797 46
107 805 67
107 808 21
107 809 24
107 825 92
107 831 25
107 832 60
107 840 8
107 841 18
107 842 83
107 844 8
107 882 36
107 895 77
107 899 51
107 910 70
107 919 70
107 926 15
107 954 14
107 959 57
107 966 98
107 979 36
107 980 18
107 986 36
107 991 58
107 998 57
108 118 70
108 119 85
108 128 24
108 151 57
108 155 48
108 159 59
108 162 31
108 192 94
108 197 58
108 206 9
108 211 97
108 219 9
108 221 40
108 223 62
108 229 50
108 232 52
108 252 49
108 255 19
108 259 23
108 272 58
108 274 81
108 287 75
108 306 29
108 315 70
108 324 60
108 337 66
108 356 58
108 361 66
108 376 33
108 379 7
108 382 40
108 383 15
108 384 88
108 392 23
108 397 85
108 405 54
108 419 52
108 429 95
108 437 33
108 448 69
108 451 13
108 453 25
108 455 78
108 458 61
108 460 100
108 464 16
108 466 62
108 474 4
108 483 80
108 485 39
108 498 19
108 516 38
108 518 38
108 521 57
108 533 81
108 536 50
108 551 86
108 558 20
108 582 47
108 606 28
108 607 84
108 609 67
108 611 24
108 612 42
108 623 44
108 625 32
108 651 58
108 662 88
108 663 57
108 664 39
108 672 55
108 678 33
108 683 71
108 719 87
108 721 68
108 722 88
108 727 15
108 730 72
108 733 13
108 735 98
108 746 75
108 758 96
108 759 10
108 760 40
108 762 49
108 766 38
108 784 75
108 796 13
108 799 99
108 801 90
108 806 22
108 810 67
108 838 92
108 849 73
108 850 9
108 870 8
108 872 69
108 886 19
108 896 94
108 922 68
108 927 46
108 928 32
108 935 89
108 937 99
108 939 28
108 941 17
108 946 44
108 948 17
108 949 23
108 961 5
108 970 69
108 981 62
108 984 56
109 113 38
109 135 71
109 149 97
109 163 75
109 177 51
109 180 64
109 184 91
109 198 27
109 205 34
109 247 47
109 248 21
109 256 27
109 273 88
109 280 39
109 296 50
109 336 63
109 338 95
109 343 14
109 345 79
109 351 43
109 355 32
109 357 30
109 358 87
109 374 35
109 391 6
109 407 26
109 410 62
109 414 79
109 441 30
109 445 88
109 446 39
109 473 64
109 495 15
109 503 73
109 523 1
109 526 4
109 532 77
109 580 14
109 627 17
109 631 68
109 635 63
109 649 36
109 654 79
109 656 16
109 668 26
109 669 46
109 704 30
109 723 6
109 742 100
109 757 24
109 763 46
109 767 63
109 771 27
109 774 78
109 808 5
109 831 82
109 840 46
109 841 33
109 844 64
109 882 14
109 905 45
109 926 99
109 954 2
109 957 23
109 959 38
109 966 33
109 983 89
109 991 42
109 998 49
110 115 71
110 118 98
110 120 4
110 122 95
110 123 90
110 128 22
110 145 53
110 155 14
110 167 41
110 168 26
110 188 66
110 202 81
110 211 89
110 219 29
110 221 49
110 242 97
110 258 82
110 269 43
110 272 22
110 274 41
110 301 49
110 302 40
110 311 53
110 312 95
110 321 75
110 332 43
110 356 26
110 360 82
110 394 31
110 437 81
110 448 75
110 451 59
110 453 97
110 485 8
110 498 15
110 502 52
110 504 61
110 519 39
110 521 100
110 527 64
110 529 26
110 533 42
110 541 4
110 542 57
110 547 94
110 551 88
110 555 88
110 561 7
110 563 40
110 568 69
110 582 72
110 605 68
110 623 11
110 633 68
110 646 54
110 651 38
110 662 12
110 670 91
110 676 93
110 689 19
110 693 9
110 697 83
110 698 20
110 703 65
110 719 71
110 720 71
110 721 98
110 730 88
110 733 90
110 735 58
110 747 43
110 750 28
110 758 3
110 760 14
110 761 52
110 762 51
110 772 66
110 776 97
110 782 75
110 784 94
110 793 44
110 800 38
110 801 34
110 806 67
110 810 13
110 820 95
110 834 3
110 849 2
110 850 96
110 856 39
110 861 72
110 868 20
110 870 5
110 896 64
110 902 69
110 921 20
110 928 49
110 930 79
110 938 40
110 946 6
110 949 34
110 958 67
110 970 92
110 976 25
110 996 34
111 139 76
111 175 90
111 190 44
111 199 47
111 222 72
111 239 62
111 299 1
111 325 5
111 340 53
111 342 31
111 366 11
111 369 19
111 406 84
111 416 97
111 424 18
111 429 69
111 431 36
111 435 79
111 459 98
111 460 72
111 461 56
111 481 62
111 496 82
111 512 8
111 513 4
111 550 28
111 557 35
111 564 31
111 573 5
111 574 45
111 575 79
111 586 68
111 595 1
111 596 55
111 634 16
111 677 9
111 695 10
111 728 3
111 731 10
111 737 11
111 765 4
111 783 77
111 790 8
111 813 79
111 852 14
111 936 17
111 943 13
111 945 22
111 972 57
111 988 30
111 993 57
112 133 77
112 139 27
112 144 93
112 164 5
112 199 5
112 213 70
112 222 59
112 228 9
112 229 84
112 232 86
112 241 66
112 287 66
112 306 48
112 318 67
112 325 4
112 334 67
112 337 99
112 340 80
112 344 64
112 364 42
112 365 31
112 366 23
112 369 4
112 379 95
112 384 45
112 386 91
112 392 5
112 406 41
112 409 16
112 412 59
112 423 60
112 429 98
112 435 6
112 455 20
112 459 80
112 460 75
112 466 69
112 481 11
112 483 39
112 493 92
112 496 5
112 497 58
112 512 83
112 513 41
112 516 55
112 536 2
112 544 75
112 548 68
112 549 37
112 557 12
112 559 98
112 574 79
112 581 71
112 595 10
112 596 66
112 606 80
112 612 37
112 620 34
112 630 95
112 634 85
112 643 70
112 653 26
112 657 95
112 659 77
112 692 30
112 695 28
112 737 89
112 746 4
112 769 52
112 783 80
112 796 8
112 811 77
112 814 5
112 833 16
112 838 97
112 857 15
112 862 12
112 866 79
112 872 55
112 873 82
112 874 64
112 877 79
112 905 74
112 908 37
112 915 78
112 916 5
112 918 51
112 937 34
112 939 69
112 945 87
112 948 40
112 956 75
112 962 85
112 968 62
112 981 51
112 984 100
112 987 15
112 993 14
113 116 40
113 117 97
113 133 22
113 135 12
113 163 33
113 177 72
113 180 74
113 193 11
113 205 71
113 208 37
113 213 30
113 228 8
113 241 97
113 247 23
113 248 37
113 256 32
113 264 98
113 273 89
113 280 83
113 334 90
113 338 44
113 344 53
113 351 88
113 355 54
113 357 14
113 358 81
113 363 20
113 374 1
113 386 81
113 391 96
113 407 24
113 409 2
113 410 46
113 412 59
113 423 66
113 428 66
113 441 26
113 445 39
113 446 74
113 456 31
113 463 11
113 473 21
113 493 43
113 495 33
113 497 35
113 503 88
113 523 47
113 526 14
113 532 10
113 553 58
113 570 14
113 577 53
113 581 52
113 627 59
113 629 71
113 631 77
113 635 90
113 653 11
113 656 27
113 657 78
113 659 85
113 669 39
113 671 44
113 704 91
113 723 63
113 736 14
113 757 11
113 763 61
113 767 62
113 769 10
113 771 1
113 774 8
113 797 17
113 804 12
113 808 68
113 811 71
113 812 63
113 817 69
113 823 1
113 831 85
113 833 24
113 841 13
113 851 100
113 867 8
113 879 6
113 899 13
113 905 7
113 926 12
113 944 64
113 954 47
113 956 79
113 957 41
113 962 81
113 966 84
113 967 14
113 979 36
113 980 93
113 983 90
113 986 21
113 987 10
114 121 86
114 132 66
114 142 14
114 143 14
114 147 67
114 152 11
114 157 86
114 169 27
114 172 46
114 187 8
114 225 6
114 237 60
114 238 46
114 245 10
114 251 59
114 254 40
114 276 16
114 297 92
114 304 38
114 310 94
114 314 94
114 348 86
114 349 44
114 408 61
114 413 66
114 422 11
114 430 32
114 440 61
114 470 47
114 472 13
114 488 10
114 500 58
114 507 33
114 509 99
114 524 38
114 530 10
114 546 97
114 569 50
114 584 42
114 592 62
114 594 21
114 603 18
114 637 51
114 639 96
114 642 2
114 660 5
114 666 79
114 667 31
114 673 82
114 682 78
114 688 91
114 694 94
114 701 20
114 707 41
114 724 83
114 743 36
114 745 26
114 749 42
114 751 67
114 754 85
114 775 40
114 785 37
114 786 33
114 789 39
114 830 58
114 837 8
114 839 92
114 845 80
114 847 99
114 854 28
114 855 17
114 858 89
114 880 99
114 883 63
114 884 32
114 887 7
114 889 64
114 893 14
114 903 9
114 923 55
114 929 75
114 942 80
114 950 79
114 960 41
114 971 31
114 978 10
114 982 23
114 997 52
115 122 10
115 123 30
115 125 23
115 130 19
115 141 85
115 145 85
115 156 57
115 165 23
115 167 49
115 168 36
115 173 3
115 174 24
115 186 100
115 188 5
115 191 6
115 202 95
115 258 88
115 268 9
115 269 4
115 272 87
115 284 23
115 285 79
115 288 78
115 298 11
115 301 16
115 302 29
115 311 1
115 312 69
115 321 77
115 332 18
115 360 25
115 394 12
115 401 23
115 411 43
115 444 77
115 477 65
115 479 38
115 484 8
115 491 88
115 494 75
115 502 56
115 504 12
115 505 27
115 519 8
115 527 86
115 541 19
115 542 75
115 555 21
115 562 95
115 568 24
115 578 25
115 582 57
115 587 28
115 588 72
115 605 78
115 617 40
115 621 80
115 622 39
115 636 9
115 641 52
115 646 71
115 647 90
115 651 77
115 652 21
115 670 54
115 676 68
115 687 17
115 689 85
115 693 65
115 697 96
115 698 10
115 715 1
115 716 87
115 720 83
115 747 99
115 750 5
115 752 81
115 772 4
115 776 58
115 782 57
115 791 38
115 820 44
115 827 72
115 829 43
115 843 95
115 861 61
115 868 99
115 869 100
115 881 15
115 902 99
115 911 46
115 921 74
115 930 26
115 946 93
115 951 40
115 969 25
115 996 41
116 117 52
116 160 58
116 163 89
116 180 47
116 185 16
116 193 72
116 204 82
116 205 45
116 207 52
116 208 94
116 228 58
116 234 35
116 236 18
116 240 77
116 246 40
116 264 78
116 271 68
116 273 88
116 279 8
116 280 6
116 291 90
116 303 84
116 322 70
116 326 21
116 327 99
116 329 12
116 334 4
116 344 45
116 355 54
116 363 100
116 368 88
116 374 5
116 391 38
116 407 72
116 409 7
116 414 41
116 418 10
116 436 53
116 445 28
116 446 89
116 447 27
116 456 13
116 463 13
116 495 37
116 497 68
116 532 99
116 553 17
116 570 93
116 577 23
116 602 79
116 629 53
116 631 42
116 632 20
116 635 73
116 653 50
116 656 26
116 657 37
116 669 43
116 671 71
116 704 24
116 710 67
116 723 83
116 736 86
116 753 50
116 757 81
116 763 72
116 797 66
116 804 69
116 807 27
116 808 58
116 809 75
116 811 88
116 812 81
116 817 56
116 823 100
116 831 59
116 833 99
116 841 72
116 844 6
116 851 53
116 867 3
116 879 19
116 895 8
116 899 34
116 920 33
116 925 4
116 934 68
116 956 95
116 962 85
116 967 50
116 977 85
116 979 31
116 980 18
116 986 70
117 133 38
117 160 30
117 163 13
117 180 90
117 185 21
117 193 93
117 204 55
117 205 50
117 207 26
117 208 19
117 228 1
117 234 28
117 236 34
117 240 17
117 246 9
117 264 75
117 279 6
117 280 83
117 291 8
117 303 26
117 318 77
117 322 99
117 326 2
117 327 92
117 329 72
117 334 86
117 344 2
117 355 21
117 363 6
117 368 65
117 374 66
117 391 34
117 407 71
117 409 16
117 418 56
117 445 12
117 446 63
117 447 58
117 456 60
117 462 45
117 463 77
117 471 87
117 497 94
117 532 41
117 553 83
117 570 21
117 577 20
117 602 32
117 629 88
117 632 63
117 635 64
117 650 63
117 653 86
117 656 86
117 657 38
117 669 80
117 671 66
117 710 93
117 723 10
117 736 8
117 753 8
117 757 59
117 763 24
117 769 2
117 794 96
117 797 5
117 804 49
117 807 29
117 808 31
117 809 38
117 811 28
117 812 42
117 817 33
117 823 3
117 824 80
117 831 3
117 833 22
117 841 64
117 844 42
117 851 18
117 867 85
117 879 63
117 895 39
117 899 52
117 920 84
117 925 51
117 934 1
117 956 6
117 962 14
117 967 72
117 977 7
117 979 82
117 980 42
117 986 20
118 120 44
118 123 54
118 128 29
118 155 97
118 159 39
118 162 59
118 168 29
118 188 52
118 192 28
118 194 47
118 197 3
118 211 29
118 219 41
118 221 3
118 223 69
118 229 36
118 231 98
118 242 17
118 272 45
118 274 23
118 302 17
118 311 21
118 312 4
118 321 85
118 324 17
118 331 71
118 332 82
118 356 32
118 360 34
118 361 87
118 376 56
118 383 86
118 394 3
118 405 3
118 419 50
118 437 42
118 448 19
118 451 69
118 453 27
118 460 93
118 464 90
118 466 2
118 483 99
118 485 94
118 498 41
118 521 94
118 527 89
118 533 87
118 547 96
118 551 86
118 555 46
118 558 89
118 561 91
118 563 95
118 582 86
118 606 73
118 607 23
118 608 92
118 609 75
118 611 10
118 623 28
118 625 28
118 633 30
118 646 86
118 651 20
118 662 39
118 672 10
118 676 35
118 678 34
118 693 78
118 698 72
118 703 57
118 719 49
118 720 87
118 721 32
118 727 63
118 730 3
118 733 63
118 735 29
118 758 71
118 760 10
118 762 97
118 782 78
118 784 46
118 793 12
118 796 55
118 799 8
118 801 95
118 806 59
118 810 56
118 820 27
118 834 84
118 849 68
118 850 79
118 856 33
118 868 73
118 870 17
118 896 83
118 909 81
118 922 88
118 928 69
118 930 90
118 937 50
118 938 93
118 939 31
118 941 71
118 946 54
118 949 72
118 958 31
118 970 73
118 976 65
118 981 63
118 996 77
119 144 94
119 151 79
119 159 75
119 160 41
119 162 84
119 183 15
119 185 89
119 193 9
119 197 46
119 201 67
119 204 23
119 208 20
119 216 45
119 228 15
119 232 41
119 240 41
119 252 67
119 259 5
119 264 64
119 287 64
119 303 26
119 305 21
119 315 94
119 318 78
119 324 59
119 330 22
119 337 38
119 361 97
119 379 73
119 382 75
119 384 46
119 403 46
119 409 43
119 412 71
119 419 49
119 439 33
119 458 93
119 462 47
119 463 28
119 471 73
119 474 31
119 489 9
119 490 40
119 497 66
119 511 57
119 518 96
119 528 94
119 536 1
119 548 4
119 553 81
119 558 94
119 598 95
119 606 46
119 607 9
119 609 92
119 625 36
119 626 89
119 629 68
119 632 89
119 650 48
119 653 8
119 657 41
119 664 32
119 671 65
119 683 94
119 722 45
119 736 96
119 746 81
119 759 65
119 766 78
119 769 100
119 794 52
119 796 79
119 803 35
119 804 86
119 811 67
119 812 10
119 817 32
119 824 54
119 851 93
119 853 87
119 867 84
119 871 51
119 872 92
119 879 94
119 885 60
119 886 92
119 904 12
119 912 59
119 915 50
119 918 96
119 927 76
119 935 98
119 948 26
119 956 72
119 961 41
119 962 42
119 977 16
119 981 54
119 984 2
119 989 2
120 123 98
120 128 68
120 139 46
120 155 44
120 168 69
120 190 22
120 192 57
120 194 40
120 211 99
120 219 19
120 223 57
120 229 73
120 231 85
120 239 75
120 242 44
120 272 49
120 331 14
120 332 53
120 356 74
120 376 96
120 383 67
120 405 53
120 416 77
120 429 29
120 448 31
120 451 43
120 453 93
120 460 91
120 464 50
120 483 21
120 485 83
120 498 16
120 527 53
120 533 32
120 547 69
120 561 49
120 563 33
120 608 69
120 611 25
120 633 37
120 662 21
120 672 84
120 703 13
120 720 74
120 721 16
120 727 14
120 731 4
120 733 12
120 735 65
120 760 71
120 765 96
120 793 74
120 801 37
120 806 31
120 810 37
120 834 78
120 852 42
120 856 57
120 896 32
120 909 58
120 922 74
120 928 72
120 938 37
120 939 63
120 941 2
120 958 70
120 970 100
120 976 45
121 132 80
121 142 24
121 143 87
121 147 39
121 152 85
121 157 56
121 169 40
121 172 22
121 187 70
121 225 66
121 237 11
121 238 4
121 245 1
121 251 22
121 254 6
121 276 83
121 297 19
121 304 85
121 310 81
121 314 99
121 348 54
121 349 53
121 396 100
121 408 46
121 413 71
121 422 26
121 430 48
121 440 28
121 470 29
121 472 63
121 488 37
121 500 23
121 507 28
121 509 10
121 530 11
121 546 94
121 569 90
121 584 75
121 589 66
121 592 97
121 594 19
121 603 89
121 637 51
121 639 38
121 642 90
121 660 74
121 666 55
121 667 92
121 673 16
121 682 36
121 688 10
121 694 84
121 707 25
121 724 99
121 743 12
121 745 98
121 749 68
121 751 79
121 754 48
121 775 93
121 785 37
121 786 27
121 789 80
121 830 90
121 837 54
121 839 27
121 845 96
121 847 62
121 854 57
121 855 41
121 858 63
121 880 8
121 883 85
121 884 53
121 887 2
121 889 28
121 893 9
121 903 83
121 923 93
121 929 70
121 942 62
121 950 59
121 960 72
121 971 63
121 978 89
121 982 47
121 997 76
122 123 50
122 125 84
122 141 69
122 145 23
122 156 25
122 165 51
122 167 76
122 168 79
122 174 16
122 188 51
122 191 12
122 242 50
122 258 64
122 268 85
122 269 41
122 272 38
122 274 77
122 284 98
122 285 69
122 298 46
122 301 10
122 311 26
122 312 15
122 321 94
122 332 2
122 360 77
122 394 49
122 453 6
122 479 42
122 484 31
122 491 18
122 494 82
122 502 80
122 504 93
122 505 57
122 519 100
122 527 100
122 529 64
122 541 19
122 542 31
122 547 8
122 555 41
122 568 32
122 578 27
122 587 10
122 605 42
122 617 50
122 646 34
122 647 100
122 651 43
122 652 47
122 670 14
122 676 46
122 687 98
122 689 80
122 693 15
122 697 36
122 698 13
122 715 15
122 716 9
122 720 55
122 747 31
122 750 99
122 762 74
122 772 11
122 776 5
122 782 49
122 791 32
122 810 73
122 820 99
122 829 85
122 834 63
122 843 39
122 861 67
122 868 88
122 869 75
122 881 47
122 896 12
122 902 50
122 921 71
122 930 15
122 946 74
122 949 61
122 958 5
122 969 85
122 996 43
123 125 98
123 128 94
123 145 47
123 155 29
123 167 7
123 168 23
123 188 52
123 202 46
123 211 52
123 219 30
123 242 64
123 258 29
123 269 9
123 272 41
123 274 28
123 301 40
123 302 96
123 311 70
123 312 94
123 321 45
123 332 20
123 356 29
123 360 2
123 394 93
123 437 92
123 448 61
123 451 46
123 453 31
123 485 80
123 498 32
123 502 57
123 504 47
123 519 10
123 521 70
123 527 49
123 529 49
123 533 6
123 541 73
123 542 97
123 547 11
123 551 27
123 555 8
123 561 5
123 563 49
123 568 90
123 582 3
123 605 5
123 623 24
123 633 96
123 646 100
123 651 27
123 662 76
123 670 23
123 676 66
123 687 36
123 689 58
123 693 3
123 697 26
123 698 15
123 703 20
123 719 82
123 720 8
123 730 17
123 733 13
123 735 99
123 747 42
123 750 32
123 758 21
123 760 91
123 762 33
123 772 57
123 776 33
123 782 48
123 793 18
123 806 16
123 810 88
123 820 54
123 834 44
123 849 63
123 850 16
123 856 40
123 861 2
123 868 20
123 870 100
123 896 23
123 902 84
123 921 46
123 928 6
123 930 56
123 938 37
123 946 18
123 949 18
123 958 91
123 970 76
123 976 91
123 996 63
124 136 48
124 146 17
124 160 44
124 166 12
124 170 28
124 171 69
124 204 93
124 207 2
124 212 21
124 214 85
124 216 64
124 217 18
124 220 76
124 224 29
124 226 51
124 234 83
124 236 10
124 240 3
124 246 6
124 270 72
124 271 42
124 275 60
124 279 16
124 282 76
124 291 76
124 307 15
124 316 57
124 320 100
124 322 73
124 326 23
124 327 26
124 329 61
124 341 2
124 350 9
124 352 59
124 354 51
124 363 35
124 368 26
124 381 93
124 389 8
124 393 30
124 400 97
124 418 4
124 426 47
124 434 88
124 436 40
124 438 82
124 442 21
124 447 75
124 452 21
124 456 41
124 467 52
124 475 25
124 486 28
124 514 36
124 520 35
124 525 19
124 537 72
124 543 73
124 552 97
124 565 74
124 572 37
124 576 13
124 602 12
124 624 44
124 628 64
124 632 89
124 638 69
124 648 19
124 655 28
124 675 30
124 679 13
124 680 59
124 681 37
124 686 55
124 700 52
124 705 60
124 708 54
124 710 28
124 711 3
124 713 35
124 714 70
124 738 99
124 741 25
124 753 96
124 764 20
124 795 88
124 797 12
124 807 36
124 817 4
124 821 37
124 836 15
124 891 5
124 895 7
124 906 82
124 920 66
124 925 21
124 934 80
124 947 92
124 963 22
124 964 4
124 965 25
124 967 10
124 979 26
124 980 84
124 985 74
125 141 43
125 145 42
125 156 3
125 165 84
125 167 39
125 168 55
125 174 4
125 188 59
125 258 74
125 269 17
125 284 29
125 285 21
125 298 65
125 360 48
125 394 23
125 491 25
125 494 53
125 502 76
125 504 65
125 505 59
125 519 25
125 527 85
125 529 89
125 541 46
125 542 59
125 547 66
125 568 80
125 587 79
125 605 61
125 617 82
125 646 34
125 652 52
125 670 67
125 676 78
125 687 65
125 689 60
125 697 74
125 698 63
125 715 83
125 716 22
125 720 51
125 747 12
125 750 13
125 772 91
125 776 88
125 782 47
125 791 62
125 829 18
125 834 15
125 868 16
125 869 22
125 902 16
125 921 77
125 930 83
125 958 85
125 996 98
126 127 78
126 137 92
126 138 32
126 146 67
126 153 84
126 166 72
126 170 30
126 171 32
126 176 30
126 181 2
126 196 23
126 203 34
126 212 93
126 215 2
126 217 39
126 220 64
126 224 95
126 253 90
126 267 55
126 290 41
126 300 72
126 307 100
126 320 42
126 328 89
126 350 9
126 362 83
126 390 99
126 393 38
126 399 20
126 400 27
126 415 52
126 433 14
126 443 69
126 452 38
126 465 7
126 469 99
126 475 70
126 476 39
126 480 26
126 486 99
126 501 30
126 524 2
126 531 22
126 539 30
126 543 80
126 554 94
126 565 12
126 593 35
126 614 73
126 619 15
126 638 13
126 642 56
126 648 6
126 661 74
126 675 75
126 681 45
126 699 58
126 711 13
126 712 39
126 713 72
126 726 57
126 738 31
126 764 41
126 770 76
126 778 87
126 787 44
126 788 51
126 802 29
126 815 19
126 818 46
126 826 38
126 836 80
126 865 1
126 878 19
126 888 89
126 901 32
126 906 14
126 914 73
126 931 8
126 940 95
126 947 80
126 953 92
126 973 7
126 974 42
126 975 31
126 995 44
127 129 16
127 132 62
127 138 69
127 147 55
127 152 36
127 153 13
127 169 92
127 170 8
127 171 43
127 176 44
127 181 52
127 212 51
127 215 53
127 220 52
127 224 25
127 238 18
127 251 10
127 266 39
127 276 26
127 290 14
127 300 24
127 307 73
127 320 80
127 328 1
127 333 10
127 341 52
127 348 67
127 350 75
127 354 50
127 389 11
127 400 75
127 402 52
127 408 96
127 421 78
127 422 76
127 426 24
127 430 51
127 433 25
127 442 48
127 443 73
127 452 79
127 465 99
127 467 5
127 469 54
127 475 87
127 486 84
127 492 22
127 500 66
127 507 36
127 509 53
127 524 46
127 525 19
127 531 59
127 543 43
127 565 19
127 569 6
127 571 41
127 593 72
127 614 99
127 637 49
127 642 23
127 648 33
127 660 11
127 661 44
127 673 67
127 675 87
127 681 57
127 686 84
127 688 100
127 699 97
127 700 80
127 705 51
127 711 92
127 712 32
127 713 52
127 726 2
127 749 96
127 764 69
127 778 78
127 779 38
127 787 79
127 788 100
127 789 3
127 821 63
127 826 95
127 835 69
127 836 85
127 839 66
127 858 39
127 865 13
127 880 54
127 888 60
127 889 64
127 890 63
127 891 90
127 893 83
127 898 55
127 901 44
127 906 98
127 914 40
127 931 8
127 932 90
127 947 87
127 950 54
127 953 27
127 955 100
127 965 76
127 971 6
127 975 43
127 978 90
127 985 71
127 995 83
128 155 86
128 162 80
128 168 89
128 190 97
128 192 47
128 194 68
128 197 89
128 211 90
128 219 50
128 223 9
128 229 44
128 231 66
128 239 87
128 242 76
128 272 62
128 274 6
128 311 99
128 321 38
128 324 18
128 331 74
128 332 35
128 356 77
128 360 1
128 376 92
128 383 99
128 394 29
128 405 50
128 416 5
128 429 98
128 437 30
128 448 9
128 451 96
128 453 50
128 460 45
128 464 41
128 466 47
128 483 48
128 485 32
128 498 95
128 521 10
128 527 33
128 533 57
128 547 37
128 551 17
128 561 53
128 563 5
128 606 91
128 608 34
128 609 53
128 611 23
128 623 86
128 633 92
128 651 88
128 662 90
128 672 5
128 676 2
128 698 69
128 703 92
128 720 25
128 721 64
128 727 29
128 733 75
128 735 16
128 758 82
128 760 84
128 762 21
128 782 29
128 793 50
128 801 46
128 806 75
128 810 62
128 834 77
128 849 64
128 850 82
128 852 2
128 856 62
128 868 87
128 896 3
128 909 64
128 922 17
128 928 76
128 930 87
128 937 52
128 938 37
128 939 66
128 941 90
128 949 61
128 958 35
128 970 92
128 976 77
128 996 88
129 136 26
129 138 85
129 140 81
129 176 73
129 178 90
129 181 77
129 183 73
129 201 71
129 210 51
129 212 40
129 216 20
129 220 50
129 238 87
129 251 73
129 257 73
129 259 50
129 266 51
129 281 32
129 290 79
129 305 58
129 330 13
129 333 87
129 341 29
129 354 25
129 389 4
129 398 42
129 400 45
129 402 80
129 403 74
129 408 51
129 421 63
129 426 43
129 439 72
129 442 43
129 443 6
129 452 1
129 467 53
129 475 38
129 489 71
129 490 45
129 492 57
129 511 70
129 525 4
129 528 5
129 531 60
129 534 32
129 540 2
129 556 6
129 560 49
129 571 82
129 585 30
129 597 13
129 598 4
129 626 12
129 640 25
129 648 31
129 650 20
129 658 47
129 679 66
129 681 54
129 684 19
129 685 11
129 686 62
129 700 63
129 705 15
129 711 15
129 722 54
129 726 10
129 729 39
129 748 15
129 753 9
129 755 71
129 756 97
129 766 29
129 779 24
129 789 18
129 798 66
129 803 71
129 821 46
129 835 11
129 853 20
129 871 59
129 880 53
129 885 43
129 889 29
129 890 81
129 891 64
129 894 66
129 898 68
129 904 72
129 906 87
129 912 18
129 913 73
129 931 20
129 932 76
129 950 38
129 952 43
129 955 99
129 965 25
129 977 90
129 985 32
129 989 91
130 131 52
130 167 8
130 173 55
130 186 22
130 189 35
130 191 2
130 202 94
130 209 45
130 230 20
130 233 28
130 244 43
130 249 2
130 265 1
130 268 20
130 277 7
130 278 11
130 286 3
130 288 93
130 289 19
130 294 94
130 301 22
130 302 40
130 309 4
130 312 89
130 317 22
130 319 8
130 339 9
130 347 1
130 370 68
130 378 74
130 388 22
130 396 95
130 401 93
130 411 34
130 420 57
130 427 55
130 432 69
130 444 69
130 450 27
130 457 94
130 468 93
130 472 99
130 477 37
130 478 3
130 479 49
130 484 99
130 504 69
130 506 33
130 508 10
130 510 26
130 517 85
130 555 7
130 562 59
130 578 90
130 579 76
130 582 96
130 585 4
130 588 60
130 589 82
130 591 76
130 600 6
130 605 10
130 610 51
130 617 19
130 621 43
130 622 76
130 636 67
130 641 37
130 644 69
130 645 36
130 647 88
130 665 34
130 674 50
130 678 68
130 690 55
130 693 21
130 719 76
130 734 61
130 747 70
130 750 53
130 751 87
130 752 94
130 761 67
130 772 99
130 777 74
130 780 19
130 781 38
130 784 13
130 800 93
130 816 59
130 820 19
130 827 92
130 843 74
130 860 2
130 861 77
130 864 21
130 870 100
130 881 90
130 900 53
130 902 67
130 907 43
130 911 77
130 913 8
130 917 100
130 921 91
130 923 2
130 924 60
130 946 62
130 949 10
130 951 24
130 969 6
130 994 20
130 997 42
131 140 14
131 143 15
131 178 42
131 183 65
131 189 14
131 202 42
131 206 97
131 210 40
131 221 9
131 230 74
131 233 89
131 249 59
131 255 94
131 257 62
131 259 80
131 265 32
131 266 12
131 278 33
131 281 49
131 288 6
131 289 55
131 294 41
131 302 22
131 305 76
131 314 53
131 317 63
131 319 50
131 333 21
131 339 28
131 347 73
131 370 8
131 378 27
131 382 27
131 388 29
131 396 45
131 397 26
131 398 25
131 402 71
131 411 17
131 420 42
131 427 24
131 432 50
131 440 81
131 450 10
131 457 1
131 468 21
131 472 9
131 474 56
131 478 20
131 489 3
131 506 19
131 511 75
131 518 21
131 534 88
131 540 68
131 556 62
131 560 75
131 582 99
131 585 34
131 589 6
131 591 46
131 597 88
131 607 91
131 610 42
131 636 68
131 640 23
131 644 81
131 645 71
131 658 74
131 663 67
131 665 29
131 674 69
131 678 50
131 684 31
131 685 9
131 690 54
131 694 38
131 719 74
131 722 38
131 729 42
131 730 97
131 734 97
131 748 48
131 751 58
131 755 68
131 756 71
131 761 68
131 766 54
131 777 64
131 779 67
131 781 4
131 784 49
131 798 63
131 799 54
131 800 34
131 827 6
131 853 17
131 870 86
131 875 11
131 885 20
131 887 10
131 889 5
131 894 38
131 900 61
131 907 82
131 911 17
131 913 89
131 917 77
131 923 42
131 932 4
131 942 26
131 946 96
131 950 87
131 951 20
131 952 71
131 961 22
131 997 21
132 138 41
132 142 39
132 147 4
132 148 73
132 152 55
132 153 63
132 169 60
132 176 21
132 181 80
132 187 80
132 215 18
132 225 14
132 238 30
132 245 100
132 251 89
132 254 100
132 263 21
132 276 21
132 283 84
132 290 94
132 297 25
132 300 28
132 304 96
132 328 71
132 335 11
132 348 52
132 362 91
132 367 37
132 375 1
132 377 91
132 395 53
132 408 14
132 421 10
132 422 44
132 430 52
132 433 71
132 443 20
132 465 40
132 470 82
132 487 29
132 492 46
132 500 42
132 507 98
132 509 45
132 524 54
132 530 31
132 531 85
132 546 93
132 566 71
132 569 37
132 571 39
132 584 85
132 592 14
132 594 90
132 599 76
132 603 13
132 614 20
132 619 34
132 637 70
132 639 55
132 642 29
132 660 65
132 661 19
132 673 95
132 681 24
132 682 39
132 688 80
132 701 81
132 702 12
132 707 72
132 726 34
132 732 81
132 739 75
132 743 62
132 744 6
132 749 42
132 773 46
132 775 30
132 778 87
132 787 96
132 788 11
132 789 49
132 802 15
132 818 34
132 826 83
132 837 88
132 839 86
132 854 32
132 858 39
132 865 41
132 880 59
132 883 16
132 884 31
132 888 22
132 890 77
132 893 77
132 897 83
132 898 70
132 901 7
132 903 94
132 914 49
132 931 78
132 953 12
132 971 98
132 978 76
132 990 23
132 992 23
132 995 36
133 144 29
133 151 84
133 163 75
133 164 22
133 193 75
133 195 88
133 205 39
133 208 94
133 213 98
133 228 39
133 241 91
133 248 38
133 264 93
133 273 80
133 280 67
133 287 10
133 303 33
133 318 74
133 334 90
133 337 3
133 338 90
133 344 11
133 346 45
133 351 75
133 357 21
133 364 32
133 365 82
133 374 7
133 386 66
133 391 3
133 409 27
133 410 39
133 412 65
133 423 82
133 428 54
133 441 66
133 459 12
133 463 72
133 471 63
133 493 90
133 495 59
133 497 82
133 503 10
133 526 54
133 532 32
133 536 92
133 538 76
133 544 15
133 548 54
133 549 2
133 553 9
133 559 31
133 581 47
133 620 51
133 629 69
133 630 62
133 643 7
133 653 63
133 656 2
133 657 98
133 659 94
133 671 44
133 692 47
133 723 25
133 736 25
133 746 96
133 763 31
133 767 68
133 769 46
133 794 15
133 804 4
133 808 93
133 811 92
133 812 51
133 814 87
133 822 67
133 824 22
133 833 80
133 851 12
133 857 76
133 862 81
133 866 99
133 867 20
133 873 91
133 874 39
133 877 7
133 879 31
133 905 57
133 908 15
133 915 23
133 916 19
133 918 61
133 944 51
133 948 71
133 956 76
133 957 47
133 962 67
133 968 6
133 983 55
133 984 58
133 987 23
134 175 43
134 195 31
134 199 5
134 200 46
134 222 66
134 241 18
134 340 70
134 346 76
134 364 53
134 369 22
134 373 86
134 423 92
134 428 28
134 431 7
134 449 46
134 512 46
134 526 59
134 535 20
134 538 81
134 549 81
134 550 60
134 564 81
134 574 57
134 575 44
134 580 72
134 590 74
134 595 96
134 613 6
134 620 45
134 630 2
134 643 4
134 659 93
134 677 1
134 692 96
134 695 57
134 696 9
134 790 62
134 814 54
134 822 68
134 828 88
134 863 59
134 866 48
134 873 70
134 874 89
134 877 14
134 908 39
134 933 59
134 944 85
134 957 36
134 968 87
134 987 90
134 993 47
135 149 91
135 163 62
135 177 69
135 180 39
135 184 24
135 198 20
135 205 87
135 247 63
135 248 79
135 256 38
135 273 1
135 280 87
135 296 47
135 336 65
135 338 76
135 343 5
135 345 47
135 351 99
135 353 50
135 355 48
135 357 10
135 358 50
135 359 39
135 374 82
135 380 85
135 391 37
135 404 20
135 407 59
135 410 3
135 414 35
135 441 56
135 445 5
135 446 14
135 473 22
135 495 25
135 503 71
135 523 94
135 532 21
135 570 67
135 577 93
135 627 93
135 631 14
135 635 35
135 649 95
135 654 20
135 668 35
135 669 31
135 704 13
135 723 17
135 742 11
135 757 13
135 763 9
135 767 86
135 771 41
135 774 40
135 808 67
135 831 89
135 840 29
135 841 27
135 844 69
135 882 79
135 899 2
135 926 44
135 954 13
135 959 70
135 966 92
135 980 91
135 983 15
135 986 97
135 991 7
135 998 33
136 138 60
136 160 44
136 183 99
136 185 40
136 201 21
136 204 93
136 207 67
136 210 71
136 212 1
136 214 46
136 216 4
136 217 40
136 220 84
136 234 41
136 236 91
136 240 26
136 246 13
136 279 39
136 282 55
136 291 68
136 305 91
136 307 19
136 320 29
136 326 20
136 327 29
136 330 13
136 333 72
136 341 75
136 350 100
136 352 100
136 354 80
136 363 89
136 368 23
136 389 45
136 398 14
136 400 48
136 403 53
136 418 44
136 426 70
136 439 49
136 442 35
136 447 53
136 452 81
136 456 28
136 462 34
136 467 78
136 475 14
136 489 31
136 490 25
136 492 87
136 511 45
136 525 58
136 528 93
136 534 31
136 543 51
136 560 81
136 597 49
136 598 35
136 624 89
136 626 58
136 628 42
136 632 89
136 640 83
136 648 2
136 650 90
136 679 80
136 680 67
136 681 9
136 686 13
136 700 60
136 705 68
136 710 54
136 711 5
136 713 58
136 741 88
136 753 72
136 764 66
136 766 7
136 779 55
136 795 58
136 798 100
136 803 15
136 804 96
136 807 64
136 812 44
136 817 34
136 821 27
136 835 55
136 836 56
136 853 56
136 867 45
136 871 10
136 891 44
136 898 7
136 904 4
136 906 91
136 912 52
136 920 72
136 925 8
136 932 27
136 934 47
136 952 78
136 955 74
136 963 59
136 965 92
136 967 66
136 977 86
136 985 76
136 989 88
137 146 73
137 154 100
137 166 17
137 170 18
137 171 5
137 196 21
137 203 12
137 212 44
137 215 2
137 217 78
137 220 38
137 224 70
137 226 70
137 253 71
137 267 60
137 275 74
137 282 35
137 300 50
137 307 33
137 320 6
137 350 41
137 352 50
137 390 63
137 393 22
137 399 47
137 400 19
137 415 45
137 433 17
137 438 4
137 443 30
137 452 43
137 465 75
137 469 54
137 475 24
137 476 36
137 480 23
137 486 35
137 501 34
137 520 23
137 522 60
137 531 75
137 539 87
137 543 38
137 545 48
137 554 60
137 565 1
137 572 74
137 576 16
137 593 9
137 616 53
137 628 48
137 638 54
137 648 74
137 655 39
137 675 55
137 680 13
137 699 25
137 709 12
137 711 12
137 712 52
137 713 67
137 714 85
137 738 20
137 764 54
137 770 51
137 787 66
137 788 20
137 792 58
137 795 10
137 815 70
137 826 93
137 836 37
137 859 56
137 865 78
137 878 68
137 892 32
137 906 12
137 914 53
137 940 83
137 947 9
137 953 96
137 963 20
137 964 96
137 973 18
137 974 13
137 975 85
138 146 73
138 152 100
138 153 73
138 170 23
138 171 96
138 176 87
138 178 75
138 181 53
138 212 98
138 215 85
138 216 47
138 217 6
138 220 83
138 224 48
138 238 21
138 251 15
138 266 15
138 276 99
138 290 32
138 300 77
138 307 35
138 320 39
138 333 53
138 341 76
138 350 100
138 352 37
138 354 21
138 389 10
138 400 99
138 402 56
138 408 59
138 421 43
138 422 26
138 426 58
138 430 27
138 433 10
138 442 17
138 443 14
138 452 31
138 465 52
138 467 86
138 475 19
138 486 20
138 492 88
138 500 97
138 509 24
138 524 71
138 525 57
138 531 49
138 543 61
138 560 44
138 565 57
138 571 61
138 593 61
138 597 94
138 614 33
138 637 46
138 640 64
138 642 80
138 648 69
138 661 31
138 673 4
138 675 52
138 679 9
138 680 5
138 681 94
138 686 31
138 688 65
138 699 63
138 700 94
138 705 74
138 711 59
138 712 30
138 713 77
138 726 49
138 749 34
138 764 56
138 779 84
138 787 98
138 788 34
138 789 22
138 798 56
138 821 36
138 826 75
138 835 15
138 836 84
138 839 53
138 865 53
138 880 17
138 888 70
138 889 18
138 890 66
138 891 75
138 898 32
138 901 29
138 906 28
138 914 56
138 931 53
138 932 39
138 947 10
138 950 52
138 953 47
138 955 58
138 963 43
138 965 66
138 971 4
138 975 9
138 978 88
138 985 33
138 995 88
139 164 60
139 190 93
139 192 21
139 194 27
139 211 4
139 222 12
139 223 50
139 229 25
139 231 80
139 239 63
139 287 95
139 306 76
139 325 15
139 331 82
139 340 1
139 342 92
139 364 86
139 365 50
139 366 40
139 376 16
139 383 23
139 384 92
139 392 43
139 405 66
139 406 100
139 416 7
139 424 98
139 429 70
139 435 8
139 455 20
139 459 19
139 460 69
139 464 13
139 466 32
139 481 99
139 483 40
139 485 56
139 496 1
139 498 75
139 512 75
139 513 23
139 516 20
139 536 52
139 544 77
139 557 60
139 559 50
139 574 16
139 575 87
139 586 23
139 596 57
139 606 53
139 608 74
139 611 76
139 612 52
139 634 31
139 672 62
139 721 70
139 727 51
139 731 76
139 733 22
139 737 92
139 765 99
139 783 58
139 796 55
139 801 53
139 806 13
139 838 51
139 852 61
139 862 8
139 909 12
139 916 2
139 922 31
139 936 70
139 937 21
139 939 59
139 941 22
139 943 80
139 945 41
139 981 25
139 984 21
139 993 68
140 143 90
140 147 69
140 152 22
140 178 55
140 183 80
140 206 23
140 210 60
140 216 86
140 233 18
140 238 4
140 249 44
140 251 46
140 255 62
140 257 36
140 259 83
140 266 76
140 278 69
140 281 6
140 289 51
140 294 61
140 304 89
140 305 99
140 314 20
140 317 93
140 330 99
140 333 15
140 339 16
140 354 64
140 378 26
140 388 28
140 396 90
140 397 20
140 398 20
140 402 9
140 408 59
140 421 73
140 426 23
140 432 87
140 440 17
140 450 53
140 457 100
140 467 46
140 474 24
140 478 76
140 489 7
140 492 67
140 511 15
140 518 31
140 534 38
140 540 60
140 556 36
140 560 28
140 571 85
140 585 54
140 589 49
140 591 80
140 597 59
140 598 11
140 626 7
140 640 77
140 645 29
140 658 25
140 665 66
140 674 23
140 681 51
140 684 79
140 685 30
140 688 90
140 694 34
140 700 42
140 722 6
140 729 90
140 748 4
140 749 1
140 751 2
140 755 87
140 756 82
140 766 71
140 775 4
140 777 72
140 779 81
140 781 8
140 789 29
140 798 99
140 803 71
140 821 39
140 835 78
140 839 48
140 853 24
140 875 79
140 880 96
140 885 7
140 887 60
140 889 52
140 890 28
140 894 39
140 898 65
140 900 96
140 904 16
140 913 32
140 917 96
140 923 98
140 932 66
140 942 29
140 950 30
140 952 50
140 955 12
140 965 2
140 971 94
140 997 43
141 145 45
141 156 86
141 165 19
141 167 95
141 173 55
141 174 31
141 186 59
141 188 30
141 191 51
141 258 31
141 268 67
141 269 79
141 284 86
141 285 71
141 288 45
141 298 20
141 301 31
141 401 37
141 444 28
141 477 69
141 479 59
141 484 57
141 491 56
141 494 44
141 502 12
141 504 11
141 505 17
141 541 23
141 542 8
141 555 16
141 562 10
141 568 50
141 578 63
141 587 71
141 588 86
141 605 82
141 617 22
141 621 97
141 622 88
141 641 42
141 646 56
141 647 61
141 652 78
141 670 36
141 687 72
141 689 53
141 697 59
141 715 94
141 716 37
141 747 91
141 750 62
141 752 70
141 772 98
141 776 87
141 791 9
141 829 88
141 843 46
141 861 67
141 868 55
141 869 74
141 881 1
141 902 87
141 921 76
141 969 45
142 143 99
142 147 36
142 148 10
142 152 34
142 157 72
142 169 48
142 172 69
142 187 10
142 225 26
142 237 68
142 238 22
142 245 44
142 251 83
142 254 15
142 276 68
142 297 75
142 304 72
142 310 83
142 314 19
142 335 19
142 348 44
142 349 20
142 371 47
142 375 12
142 395 90
142 408 57
142 413 22
142 422 27
142 430 34
142 470 60
142 500 72
142 507 56
142 509 69
142 524 80
142 530 96
142 546 51
142 569 68
142 584 36
142 592 73
142 594 65
142 603 51
142 637 90
142 639 63
142 642 82
142 660 42
142 667 5
142 673 76
142 682 19
142 688 11
142 694 84
142 701 57
142 702 8
142 707 3
142 724 15
142 732 88
142 743 2
142 744 28
142 745 48
142 749 97
142 754 85
142 775 36
142 786 67
142 789 71
142 830 73
142 837 38
142 839 76
142 845 97
142 854 25
142 855 11
142 858 100
142 880 26
142 883 20
142 884 5
142 888 6
142 893 84
142 901 6
142 903 4
142 929 23
142 971 3
142 978 46
142 982 81
142 992 8
143 147 57
143 152 74
143 157 60
143 178 49
143 227 97
143 233 84
143 237 24
143 238 23
143 249 36
143 251 1
143 254 9
143 266 99
143 278 56
143 281 100
143 294 75
143 297 32
143 304 3
143 309 58
143 310 32
143 314 32
143 317 26
143 333 69
143 339 46
143 347 96
143 370 90
143 378 66
143 388 30
143 396 88
143 402 46
143 413 15
143 420 73
143 421 78
143 422 69
143 427 39
143 432 47
143 440 78
143 472 11
143 478 10
143 488 20
143 508 5
143 509 70
143 510 48
143 517 79
143 540 83
143 546 41
143 556 41
143 579 24
143 584 14
143 585 52
143 589 59
143 591 58
143 592 63
143 637 25
143 644 40
143 665 89
143 666 13
143 667 48
143 673 50
143 684 86
143 685 10
143 688 80
143 694 33
143 724 72
143 729 90
143 734 75
143 743 47
143 745 36
143 749 52
143 751 92
143 754 10
143 755 69
143 775 46
143 777 43
143 780 82
143 781 43
143 785 86
143 786 53
143 789 7
143 816 81
143 830 7
143 839 56
143 845 40
143 847 65
143 854 89
143 855 30
143 858 71
143 860 1
143 864 11
143 880 47
143 884 86
143 887 80
143 889 41
143 893 64
143 894 41
143 900 57
143 907 82
143 913 22
143 917 94
143 923 75
143 929 26
143 942 64
143 950 91
143 960 66
143 971 5
143 978 99
143 982 8
143 994 35
143 997 10
144 151 56
144 164 84
144 193 60
144 199 72
144 205 99
144 208 17
144 213 28
144 228 16
144 229 29
144 232 48
144 241 51
144 264 54
144 287 59
144 303 12
144 306 88
144 318 82
144 334 84
144 337 66
144 340 22
144 344 76
144 357 66
144 364 74
144 365 30
144 374 63
144 379 1
144 384 11
144 386 84
144 392 48
144 406 3
144 409 35
144 412 3
144 423 68
144 435 37
144 455 4
144 459 19
144 463 8
144 466 55
144 471 50
144 493 96
144 497 2
144 512 93
144 513 62
144 516 25
144 532 8
144 536 80
144 544 80
144 548 66
144 557 30
144 558 82
144 559 56
144 581 53
144 595 22
144 606 32
144 612 39
144 620 45
144 625 13
144 629 78
144 630 44
144 634 16
144 643 72
144 653 99
144 656 5
144 657 36
144 659 40
144 664 26
144 671 63
144 683 77
144 692 99
144 736 68
144 746 9
144 759 30
144 769 26
144 783 36
144 794 78
144 796 23
144 811 79
144 814 98
144 824 90
144 833 73
144 838 22
144 851 89
144 857 59
144 862 78
144 866 11
144 872 77
144 873 27
144 877 22
144 879 21
144 886 94
144 905 6
144 908 66
144 915 26
144 916 88
144 918 49
144 937 77
144 939 62
144 945 78
144 948 97
144 956 59
144 962 60
144 968 12
144 981 1
144 984 3
144 987 61
145 156 28
145 165 93
145 167 24
145 168 100
145 174 78
145 186 60
145 188 4
145 191 75
145 258 55
145 268 87
145 269 33
145 272 46
145 284 6
145 285 91
145 298 2
145 301 62
145 311 88
145 321 17
145 332 15
145 360 33
145 394 97
145 479 16
145 484 40
145 491 33
145 494 39
145 502 59
145 504 3
145 505 6
145 519 45
145 527 90
145 529 42
145 541 64
145 542 50
145 547 54
145 555 15
145 568 88
145 578 29
145 587 19
145 605 93
145 617 39
145 646 7
145 647 33
145 651 66
145 652 86
145 670 67
145 676 44
145 687 16
145 689 45
145 693 60
145 697 59
145 698 62
145 715 11
145 716 25
145 720 71
145 747 43
145 750 94
145 772 53
145 776 100
145 782 16
145 791 8
145 820 39
145 829 75
145 834 52
145 843 92
145 861 47
145 868 61
145 869 7
145 881 73
145 902 4
145 921 63
145 930 5
145 958 35
145 969 52
145 996 24
146 154 7
146 166 45
146 170 43
146 171 30
146 196 85
146 203 76
146 207 14
146 212 81
146 214 78
146 217 97
146 220 28
146 224 97
146 226 57
146 253 43
146 267 63
146 270 45
146 275 57
146 282 89
146 291 76
146 300 83
146 307 91
146 320 46
146 326 83
146 329 75
146 341 48
146 350 87
146 352 90
146 368 87
146 381 5
146 389 2
146 390 49
146 393 53
146 399 21
146 400 84
146 415 74
146 433 58
146 434 2
146 436 92
146 438 45
146 443 28
146 452 1
146 465 56
146 469 61
146 475 54
146 476 90
146 480 61
146 486 100
146 501 35
146 514 79
146 520 34
146 522 48
146 525 72
146 531 12
146 537 31
146 539 73
146 543 54
146 545 61
146 552 20
146 554 14
146 565 17
146 572 93
146 576 90
146 593 54
146 616 61
146 624 94
146 628 29
146 638 54
146 648 13
146 655 52
146 675 91
146 679 51
146 680 65
146 686 25
146 699 73
146 705 24
146 709 50
146 710 3
146 711 66
146 712 49
146 713 85
146 714 51
146 738 71
146 740 4
146 741 2
146 764 85
146 787 5
146 788 66
146 792 3
146 795 23
146 807 39
146 815 58
146 826 72
146 836 84
146 859 1
146 865 53
146 878 16
146 892 29
146 906 90
146 914 91
146 925 58
146 934 32
146 940 15
146 947 14
146 953 9
146 963 87
146 964 76
146 965 46
146 973 97
146 974 2
146 975 76
147 152 39
147 153 77
147 157 6
147 169 66
147 172 93
147 176 83
147 178 20
147 181 21
147 187 92
147 215 59
147 225 10
147 238 15
147 245 84
147 251 55
147 254 52
147 266 40
147 276 8
147 290 60
147 297 69
147 304 95
147 310 16
147 314 33
147 333 59
147 335 73
147 348 47
147 349 23
147 402 50
147 408 86
147 413 62
147 421 38
147 422 31
147 430 43
147 440 81
147 492 58
147 500 8
147 507 8
147 509 73
147 524 43
147 530 62
147 546 38
147 556 36
147 569 51
147 571 52
147 584 67
147 592 53
147 594 53
147 603 35
147 614 68
147 637 63
147 639 42
147 642 48
147 660 18
147 661 36
147 673 25
147 682 62
147 688 84
147 694 85
147 707 70
147 724 67
147 726 73
147 743 1
147 745 84
147 749 35
147 751 98
147 754 72
147 775 60
147 786 57
147 789 48
147 830 32
147 837 99
147 839 53
147 845 76
147 854 65
147 858 4
147 880 26
147 884 80
147 887 61
147 888 84
147 889 97
147 890 66
147 893 77
147 898 51
147 901 60
147 923 84
147 929 35
147 931 70
147 942 59
147 950 2
147 955 48
147 971 85
147 978 22
147 982 12
147 995 40
148 169 84
148 172 40
148 187 44
148 225 22
148 245 25
148 254 71
148 263 61
148 276 75
148 283 96
148 308 80
148 328 44
148 335 68
148 348 24
148 349 90
148 362 2
148 367 68
148 371 100
148 375 3
148 377 29
148 395 35
148 422 52
148 430 48
148 470 24
148 487 97
148 500 53
148 507 59
148 509 10
148 515 50
148 524 15
148 530 15
148 566 48
148 569 12
148 592 75
148 594 41
148 599 40
148 603 17
148 619 48
148 637 10
148 639 36
148 642 6
148 660 55
148 673 28
148 682 15
148 701 45
148 702 3
148 706 46
148 707 62
148 732 30
148 739 55
148 744 98
148 773 67
148 778 20
148 802 28
148 818 51
148 819 5
148 837 5
148 854 14
148 858 99
148 883 55
148 884 21
148 888 41
148 893 66
148 897 90
148 901 13
148 903 28
148 978 100
148 990 98
148 992 72
148 995 34
149 158 9
149 161 7
149 177 1
149 179 42
149 180 95
149 184 61
149 198 82
149 218 84
149 247 61
149 256 36
149 260 86
149 262 61
149 296 3
149 323 49
149 336 25
149 343 47
149 345 54
149 353 19
149 358 63
149 359 75
149 380 46
149 387 10
149 404 90
149 414 1
149 445 64
149 446 6
149 523 3
149 567 63
149 583 68
149 601 84
149 615 61
149 618 44
149 631 24
149 635 75
149 649 89
149 654 100
149 668 12
149 669 83
149 704 62
149 718 28
149 742 32
149 757 8
149 768 72
149 771 39
149 774 43
149 805 53
149 825 17
149 831 22
149 832 56
149 840 21
149 841 39
149 842 67
149 844 54
149 882 59
149 910 19
149 926 85
149 954 76
149 959 49
149 966 28
149 991 2
149 998 11
150 154 76
150 166 9
150 179 21
150 182 4
150 226 79
150 235 65
150 243 85
150 260 10
150 261 50
150 267 30
150 270 93
150 271 93
150 275 26
150 282 32
150 292 72
150 293 10
150 295 28
150 313 7
150 316 71
150 372 9
150 381 40
150 387 2
150 393 82
150 417 4
150 425 99
150 434 39
150 436 41
150 438 46
150 454 17
150 476 96
150 482 69
150 499 64
150 514 38
150 520 37
150 522 69
150 537 42
150 545 83
150 552 68
150 567 67
150 572 9
150 576 27
150 583 51
150 604 88
150 616 83
150 618 68
150 638 71
150 655 3
150 691 22
150 708 2
150 709 22
150 714 69
150 717 83
150 718 60
150 725 11
150 740 21
150 768 87
150 792 95
150 832 59
150 842 30
150 846 14
150 848 23
150 859 66
150 892 6
150 919 6
150 964 18
150 999 92
151 159 96
151 162 16
151 164 79
151 183 65
151 185 82
151 193 89
151 197 4
151 201 60
151 204 26
151 208 30
151 213 62
151 228 34
151 229 15
151 232 69
151 252 52
151 259 85
151 264 9
151 287 47
151 303 23
151 305 25
151 306 68
151 315 45
151 318 16
151 324 3
151 330 45
151 334 18
151 337 39
151 361 55
151 379 42
151 382 44
151 384 46
151 392 59
151 403 62
151 409 58
151 412 89
151 419 93
151 439 88
151 455 71
151 458 59
151 462 55
151 463 63
151 464 27
151 471 61
151 490 72
151 497 97
151 511 32
151 518 84
151 528 11
151 536 88
151 548 90
151 553 5
151 558 25
151 598 54
151 606 47
151 607 53
151 609 84
151 625 41
151 626 59
151 629 78
151 632 73
151 650 15
151 653 55
151 657 34
151 664 53
151 671 22
151 672 40
151 683 85
151 722 46
151 736 9
151 746 86
151 759 13
151 766 13
151 769 74
151 794 80
151 796 67
151 803 47
151 804 9
151 811 26
151 812 52
151 824 14
151 833 95
151 851 95
151 853 34
151 867 98
151 871 16
151 872 78
151 879 21
151 886 61
151 904 95
151 912 87
151 915 84
151 916 76
151 918 19
151 927 8
151 935 55
151 937 30
151 948 11
151 956 75
151 961 70
151 962 54
151 977 83
151 981 49
151 984 53
151 989 55
152 153 79
152 157 13
152 169 10
152 176 82
152 178 58
152 181 14
152 187 9
152 215 98
152 225 93
152 238 65
152 245 17
152 251 79
152 254 29
152 266 16
152 276 20
152 290 30
152 297 41
152 304 14
152 314 82
152 333 8
152 335 30
152 348 27
152 402 36
152 408 60
152 413 90
152 421 41
152 422 32
152 430 56
152 433 81
152 440 57
152 443 13
152 492 71
152 500 10
152 507 58
152 509 62
152 524 70
152 530 89
152 531 72
152 546 63
152 556 70
152 569 15
152 571 89
152 584 42
152 592 84
152 594 75
152 603 70
152 614 12
152 637 16
152 639 24
152 642 46
152 660 22
152 661 7
152 673 70
152 681 29
152 688 31
152 694 77
152 724 48
152 726 2
152 743 27
152 745 42
152 749 34
152 754 75
152 775 45
152 779 79
152 786 10
152 787 20
152 789 67
152 830 86
152 837 19
152 839 58
152 854 20
152 858 90
152 880 74
152 884 83
152 887 30
152 888 60
152 889 3
152 890 15
152 893 7
152 898 25
152 901 76
152 914 75
152 931 36
152 942 81
152 950 24
152 955 58
152 971 88
152 978 15
152 982 29
152 995 69
153 169 99
153 170 86
153 171 29
153 176 93
153 181 39
153 212 71
153 215 51
153 220 92
153 224 64
153 238 58
153 251 9
153 263 83
153 276 96
153 290 53
153 300 5
153 307 81
153 328 25
153 348 69
153 350 83
153 362 59
153 367 36
153 395 28
153 399 5
153 400 49
153 408 90
153 415 85
153 421 77
153 422 86
153 430 30
153 433 95
153 443 94
153 452 18
153 465 5
153 469 56
153 475 18
153 486 71
153 487 7
153 492 83
153 500 57
153 507 57
153 509 85
153 524 14
153 525 51
153 530 96
153 531 17
153 543 77
153 565 44
153 569 77
153 571 64
153 593 54
153 614 85
153 619 11
153 637 4
153 642 8
153 648 49
153 660 50
153 661 34
153 673 25
153 675 37
153 681 44
153 688 13
153 699 38
153 700 6
153 705 1
153 711 6
153 712 53
153 713 81
153 726 35
153 749 38
153 764 56
153 770 98
153 773 7
153 778 44
153 787 71
153 788 2
153 789 59
153 802 9
153 815 59
153 818 70
153 821 40
153 826 30
153 836 33
153 839 54
153 858 10
153 865 87
153 878 41
153 888 37
153 890 91
153 893 23
153 898 32
153 901 68
153 906 87
153 914 96
153 931 74
153 940 67
153 947 47
153 953 2
153 955 37
153 965 39
153 971 83
153 974 64
153 975 27
153 978 95
153 995 59
154 166 63
154 170 90
154 171 89
154 196 42
154 203 62
154 226 2
154 253 43
154 261 85
154 267 77
154 270 48
154 275 28
154 282 60
154 381 99
154 390 27
154 393 5
154 399 52
154 415 80
154 434 69
154 438 19
154 476 96
154 480 76
154 482 14
154 486 86
154 499 6
154 501 69
154 514 48
154 520 37
154 522 74
154 537 85
154 539 14
154 545 52
154 552 31
154 554 38
154 572 24
154 576 17
154 604 82
154 616 100
154 628 89
154 638 14
154 655 48
154 675 67
154 709 38
154 714 63
154 717 84
154 725 100
154 738 79
154 740 5
154 764 34
154 792 70
154 848 94
154 859 34
154 892 72
154 919 92
154 940 22
154 964 33
154 973 46
155 159 33
155 162 68
155 168 42
155 192 81
155 197 57
155 202 3
155 206 73
155 211 17
155 219 14
155 221 79
155 223 83
155 229 93
155 242 42
155 252 26
155 255 70
155 272 59
155 274 83
155 301 88
155 302 36
155 311 37
155 312 10
155 321 70
155 324 96
155 332 1
155 356 21
155 361 79
155 382 24
155 383 97
155 394 11
155 397 55
155 419 52
155 437 40
155 448 76
155 450 95
155 451 31
155 453 99
155 464 71
155 468 51
155 474 74
155 485 82
155 498 43
155 506 52
155 518 29
155 521 14
155 533 49
155 547 61
155 551 77
155 555 26
155 558 52
155 563 39
155 582 27
155 606 79
155 607 2
155 609 99
155 611 79
155 623 9
155 625 66
155 645 59
155 646 68
155 651 23
155 662 32
155 663 65
155 672 40
155 674 79
155 676 62
155 678 90
155 693 58
155 719 15
155 720 57
155 721 36
155 727 26
155 730 14
155 733 73
155 735 96
155 758 90
155 760 86
155 761 73
155 762 81
155 784 99
155 793 41
155 796 12
155 799 11
155 800 11
155 801 23
155 806 40
155 810 16
155 820 62
155 849 21
155 850 65
155 856 15
155 861 87
155 868 87
155 870 17
155 896 7
155 922 51
155 928 69
155 930 67
155 937 44
155 938 59
155 941 79
155 946 10
155 949 77
155 961 40
155 970 35
155 981 9
155 996 64
156 165 13
156 167 1
156 168 16
156 174 18
156 188 92
156 258 18
156 268 91
156 269 31
156 284 42
156 285 48
156 298 75
156 360 9
156 479 23
156 491 19
156 494 94
156 502 67
156 504 30
156 505 58
156 519 3
156 527 11
156 529 9
156 541 60
156 542 4
156 568 93
156 587 92
156 605 12
156 617 32
156 646 28
156 647 77
156 652 77
156 670 13
156 687 46
156 689 46
156 697 95
156 698 70
156 715 87
156 716 31
156 747 47
156 750 46
156 772 23
156 776 70
156 782 77
156 791 29
156 829 99
156 868 23
156 869 14
156 902 52
156 921 76
156 930 80
157 172 10
157 187 62
157 225 100
157 237 52
157 245 66
157 254 55
157 297 49
157 304 13
157 310 42
157 314 45
157 349 100
157 375 61
157 413 89
157 422 25
157 470 94
157 472 99
157 488 98
157 507 70
157 509 73
157 530 58
157 546 39
157 569 65
157 584 51
157 592 65
157 594 34
157 603 21
157 637 20
157 639 33
157 660 28
157 666 88
157 667 88
157 673 58
157 682 49
157 688 12
157 701 3
157 707 45
157 724 35
157 743 36
157 745 27
157 749 47
157 754 62
157 775 9
157 785 3
157 786 43
157 830 79
157 837 49
157 845 88
157 847 73
157 854 48
157 855 97
157 858 1
157 880 62
157 883 93
157 884 36
157 893 96
157 903 97
157 929 39
157 960 95
157 978 30
157 982 13
158 161 28
158 177 44
158 179 40
158 180 60
158 182 44
158 184 31
158 198 96
158 218 42
158 235 23
158 243 2
158 247 71
158 250 46
158 260 45
158 261 4
158 262 97
158 270 83
158 271 88
158 292 78
158 293 91
158 295 13
158 296 2
158 313 96
158 316 83
158 322 90
158 323 21
158 336 1
158 343 30
158 345 11
158 353 1
158 359 48
158 372 76
158 380 99
158 381 59
158 385 87
158 387 25
158 404 66
158 407 100
158 414 55
158 417 46
158 425 16
158 434 97
158 436 70
158 445 40
158 446 68
158 454 21
158 482 39
158 523 83
158 537 61
158 552 90
158 567 49
158 583 60
158 601 82
158 615 55
158 618 21
158 631 83
158 635 92
158 649 43
158 654 26
158 668 25
158 669 33
158 691 52
158 704 83
158 708 46
158 718 96
158 725 1
158 740 99
158 742 87
158 757 10
158 768 46
158 774 26
158 805 44
158 809 85
158 825 96
158 832 64
158 840 60
158 841 16
158 842 89
158 844 14
158 846 24
158 848 29
158 876 78
158 882 14
158 895 8
158 910 6
158 919 89
158 959 89
158 966 71
158 991 61
158 998 39
158 999 53
159 162 34
159 183 49
159 192 43
159 197 71
159 201 55
159 206 3
159 210 35
159 211 54
159 219 35
159 221 15
159 229 26
159 232 98
159 252 76
159 255 17
159 257 16
159 259 42
159 274 12
159 287 86
159 302 32
159 303 91
159 305 69
159 315 12
159 324 20
159 337 57
159 356 3
159 361 94
159 379 32
159 382 87
159 384 94
159 397 31
159 398 11
159 403 82
159 419 39
159 437 15
159 439 80
159 450 31
159 451 61
159 458 59
159 462 10
159 464 38
159 471 23
159 474 46
159 489 34
159 498 92
159 506 27
159 511 5
159 518 60
159 521 96
159 528 64
159 533 17
159 551 82
159 558 17
159 582 61
159 585 42
159 606 90
159 607 2
159 609 69
159 623 47
159 625 47
159 626 74
159 645 65
159 650 83
159 658 76
159 662 85
159 663 3
159 664 10
159 672 66
159 674 99
159 678 37
159 683 10
159 719 54
159 721 32
159 722 24
159 730 56
159 746 88
159 748 5
159 758 93
159 759 2
159 760 34
159 761 15
159 762 36
159 766 9
159 784 33
159 794 94
159 796 74
159 799 34
159 800 16
159 801 38
159 803 59
159 810 56
159 824 29
159 849 86
159 850 89
159 853 57
159 870 26
159 871 97
159 872 80
159 875 83
159 885 74
159 886 98
159 904 67
159 912 73
159 922 93
159 927 13
159 928 59
159 935 37
159 937 96
159 946 35
159 948 49
159 949 23
159 952 24
159 961 59
159 981 12
159 989 70
160 185 83
160 193 41
160 201 10
160 204 43
160 207 55
160 208 50
160 214 41
160 216 61
160 217 27
160 234 26
160 236 56
160 240 78
160 246 22
160 264 49
160 271 83
160 279 13
160 282 3
160 291 67
160 303 68
160 322 71
160 326 85
160 327 18
160 329 2
160 330 67
160 341 29
160 352 92
160 354 38
160 355 75
160 363 84
160 368 92
160 389 66
160 391 93
160 403 45
160 407 72
160 418 31
160 426 41
160 436 66
160 439 42
160 442 29
160 447 21
160 456 93
160 462 14
160 463 69
160 471 52
160 490 2
160 525 27
160 528 76
160 553 17
160 570 91
160 577 12
160 598 25
160 602 84
160 624 99
160 628 2
160 629 17
160 632 20
160 650 43
160 671 27
160 679 59
160 680 37
160 686 85
160 710 54
160 723 68
160 736 73
160 741 14
160 753 73
160 759 23
160 794 71
160 795 80
160 797 97
160 803 17
160 804 86
160 807 64
160 812 15
160 817 35
160 823 81
160 824 47
160 851 97
160 867 21
160 871 81
160 879 51
160 891 46
160 895 15
160 899 63
160 904 43
160 912 34
160 920 41
160 925 61
160 934 85
160 956 99
160 963 79
160 967 92
160 977 79
160 979 3
160 980 49
160 985 91
160 986 68
161 179 39
161 182 10
161 184 4
161 218 97
161 235 92
161 243 95
161 250 71
161 260 44
161 261 56
161 262 50
161 292 38
161 293 9
161 295 69
161 296 33
161 313 21
161 316 32
161 323 60
161 336 57
161 345 43
161 353 25
161 359 13
161 372 99
161 380 37
161 385 54
161 387 7
161 404 29
161 414 18
161 417 9
161 425 51
161 446 95
161 454 1
161 482 51
161 499 99
161 567 3
161 583 77
161 601 22
161 604 30
161 615 60
161 618 13
161 649 76
161 654 26
161 691 24
161 717 21
161 718 87
161 725 43
161 768 2
161 805 69
161 809 86
161 825 36
161 832 30
161 840 78
161 841 56
161 842 32
161 844 49
161 846 38
161 848 29
161 876 3
161 882 76
161 910 11
161 919 51
161 959 71
161 991 22
161 998 35
161 999 61
162 192 18
162 197 47
162 206 18
162 211 14
162 219 76
162 221 66
162 223 92
162 229 83
162 232 53
162 252 29
162 255 24
162 259 50
162 272 92
162 274 46
162 287 59
162 302 3
162 306 69
162 315 28
162 324 44
162 337 31
162 356 11
162 361 41
162 379 2
162 382 44
162 383 34
162 384 3
162 392 72
162 397 36
162 419 97
162 437 71
162 439 43
162 448 38
162 451 91
162 453 91
162 455 95
162 458 9
162 460 63
162 464 33
162 466 79
162 471 15
162 474 33
162 483 91
162 485 89
162 498 13
162 516 39
162 518 7
162 521 87
162 533 28
162 551 76
162 558 18
162 582 57
162 606 52
162 607 65
162 609 100
162 611 32
162 612 88
162 623 64
162 625 14
162 651 88
162 658 11
162 662 97
162 663 21
162 664 12
162 672 64
162 674 65
162 678 50
162 683 30
162 719 13
162 721 58
162 722 75
162 727 16
162 730 100
162 733 95
162 735 97
162 746 67
162 758 62
162 759 72
162 760 92
162 762 21
162 766 53
162 784 33
162 796 6
162 799 49
162 801 97
162 806 45
162 810 88
162 838 38
162 849 33
162 850 13
162 870 79
162 872 10
162 875 98
162 886 60
162 896 43
162 922 31
162 927 23
162 928 1
162 935 76
162 937 6
162 939 21
162 941 83
162 946 55
162 948 64
162 949 45
162 961 10
162 981 12
162 989 11
163 177 5
163 180 51
163 193 37
163 205 7
163 208 2
163 213 86
163 228 95
163 241 8
163 247 54
163 248 13
163 256 4
163 264 33
163 273 33
163 280 46
163 334 62
163 338 87
163 344 36
163 351 43
163 355 48
163 357 77
163 358 16
163 363 93
163 374 62
163 386 82
163 391 49
163 407 40
163 409 35
163 410 79
163 412 2
163 423 50
163 428 12
163 441 2
163 445 73
163 446 19
163 456 71
163 463 21
163 473 24
163 493 33
163 495 93
163 497 6
163 503 41
163 523 37
163 526 80
163 532 16
163 553 81
163 570 21
163 577 90
163 580 5
163 581 90
163 627 44
163 629 18
163 631 4
163 635 40
163 643 29
163 653 100
163 656 56
163 657 16
163 659 72
163 669 37
163 671 99
163 704 28
163 723 80
163 736 1
163 757 52
163 763 34
163 767 74
163 769 39
163 771 86
163 774 88
163 797 16
163 808 80
163 811 34
163 812 21
163 817 80
163 823 4
163 831 35
163 833 53
163 841 31
163 851 57
163 867 18
163 879 61
163 899 85
163 905 47
163 926 28
163 944 14
163 954 83
163 956 16
163 957 29
163 962 50
163 966 89
163 967 68
163 979 23
163 980 95
163 983 98
163 986 96
163 987 23
164 199 75
164 213 38
164 222 10
164 228 90
164 229 56
164 232 83
164 287 42
164 306 88
164 318 40
164 325 70
164 334 39
164 337 19
164 340 89
164 344 49
164 364 74
164 365 1
164 366 32
164 379 42
164 384 30
164 386 35
164 392 41
164 406 14
164 409 52
164 412 91
164 423 41
164 429 95
164 435 3
164 455 55
164 459 65
164 460 83
164 466 6
164 481 67
164 483 99
164 493 18
164 496 70
164 497 59
164 512 85
164 513 51
164 516 30
164 536 80
164 544 99
164 548 76
164 549 69
164 557 19
164 559 21
164 574 73
164 581 18
164 595 49
164 596 58
164 606 37
164 612 99
164 620 25
164 630 97
164 634 60
164 643 100
164 653 85
164 657 2
164 659 75
164 692 1
164 695 21
164 737 61
164 746 48
164 769 29
164 783 12
164 794 54
164 796 37
164 811 31
164 814 17
164 824 39
164 833 62
164 838 32
164 851 85
164 857 34
164 862 58
164 866 85
164 872 36
164 873 33
164 877 19
164 908 19
164 915 76
164 916 18
164 918 97
164 937 26
164 939 45
164 941 82
164 945 53
164 948 66
164 956 14
164 962 100
164 968 32
164 981 91
164 984 16
164 987 31
164 993 76
165 167 99
165 168 72
165 174 28
165 188 39
165 258 72
165 268 100
165 269 15
165 284 91
165 285 21
165 298 67
165 360 12
165 479 40
165 491 28
165 494 16
165 502 69
165 504 24
165 505 60
165 519 69
165 527 73
165 529 89
165 541 21
165 542 61
165 568 32
165 587 21
165 605 82
165 617 66
165 646 1
165 647 19
165 652 65
165 670 51
165 687 37
165 689 91
165 697 70
165 698 52
165 715 43
165 716 88
165 747 44
165 750 64
165 772 66
165 776 54
165 782 6
165 791 73
165 829 8
165 868 33
165 869 35
165 902 79
165 921 9
165 930 13
166 170 36
166 171 61
166 196 35
166 203 40
166 214 66
166 217 13
166 224 91
166 226 71
166 235 37
166 253 32
166 261 11
166 267 24
166 270 80
166 275 20
166 282 64
166 307 79
166 320 56
166 329 6
166 350 100
166 352 44
166 381 100
166 390 57
166 393 71
166 399 10
166 415 46
166 434 68
166 436 25
166 438 46
166 452 30
166 469 22
166 476 26
166 480 12
166 482 7
166 486 10
166 499 70
166 501 2
166 514 62
166 520 80
166 522 24
166 537 7
166 539 29
166 543 35
166 545 37
166 552 87
166 554 50
166 565 60
166 572 29
166 576 54
166 593 8
166 616 17
166 624 49
166 628 77
166 638 14
166 655 34
166 675 100
166 680 94
166 699 44
166 709 53
166 712 90
166 713 29
166 714 84
166 738 73
166 740 24
166 741 34
166 764 25
166 792 69
166 795 31
166 815 99
166 836 77
166 859 69
166 878 31
166 892 81
166 919 64
166 925 75
166 934 53
166 940 72
166 947 39
166 963 86
166 964 67
166 973 21
166 974 60
167 168 32
167 173 36
167 174 4
167 186 22
167 188 79
167 191 88
167 258 78
167 268 65
167 269 24
167 284 100
167 285 90
167 288 41
167 298 39
167 301 84
167 311 65
167 312 71
167 321 59
167 360 70
167 394 71
167 401 100
167 444 92
167 477 41
167 479 23
167 484 97
167 491 97
167 494 25
167 502 54
167 504 38
167 505 60
167 519 84
167 527 3
167 541 83
167 542 25
167 555 16
167 562 3
167 568 50
167 578 20
167 587 83
167 588 36
167 605 43
167 617 41
167 621 94
167 622 82
167 636 12
167 641 15
167 646 96
167 647 23
167 651 60
167 652 99
167 670 97
167 676 41
167 687 41
167 689 67
167 693 91
167 697 26
167 698 18
167 715 75
167 716 75
167 720 4
167 747 16
167 750 25
167 752 69
167 772 93
167 776 5
167 782 42
167 791 72
167 820 11
167 829 47
167 843 8
167 861 41
167 868 17
167 869 97
167 881 24
167 902 60
167 911 83
167 921 9
167 930 16
167 951 35
167 969 2
167 996 91
168 188 84
168 242 47
168 258 63
168 269 9
168 272 11
168 274 99
168 298 11
168 311 48
168 312 49
168 321 11
168 332 79
168 356 66
168 360 12
168 394 85
168 448 47
168 451 48
168 453 23
168 485 56
168 494 42
168 498 35
168 502 52
168 504 81
168 519 39
168 527 72
168 529 39
168 533 32
168 541 95
168 542 68
168 547 100
168 551 47
168 555 39
168 561 57
168 563 97
168 568 70
168 587 67
168 605 38
168 633 36
168 646 60
168 651 81
168 662 43
168 670 33
168 676 99
168 687 90
168 689 100
168 693 70
168 697 50
168 698 35
168 703 96
168 720 27
168 735 7
168 747 77
168 750 88
168 758 87
168 760 22
168 762 90
168 772 77
168 776 46
168 782 22
168 793 9
168 806 64
168 810 40
168 820 4
168 834 15
168 856 47
168 868 63
168 896 81
168 902 72
168 921 22
168 928 72
168 930 33
168 938 84
168 946 44
168 949 65
168 958 82
168 970 83
168 976 4
168 996 69
169 176 94
169 181 44
169 187 97
169 215 44
169 225 29
169 238 89
169 245 100
169 251 13
169 254 82
169 263 60
169 276 98
169 283 22
169 290 85
169 300 36
169 304 9
169 308 41
169 328 77
169 335 14
169 348 53
169 362 69
169 367 47
169 371 77
169 375 85
169 377 7
169 395 66
169 408 51
169 422 47
169 430 95
169 433 14
169 443 94
169 465 52
169 470 30
169 487 74
169 500 16
169 507 96
169 509 89
169 524 29
169 530 96
169 531 99
169 546 8
169 566 3
169 569 82
169 571 98
169 584 66
169 592 54
169 594 46
169 599 53
169 603 20
169 614 11
169 619 75
169 637 7
169 639 50
169 642 72
169 660 67
169 661 25
169 673 43
169 682 42
169 688 84
169 701 56
169 702 5
169 707 38
169 726 26
169 732 76
169 739 4
169 743 48
169 744 48
169 749 74
169 770 77
169 773 62
169 775 53
169 778 57
169 787 43
169 788 59
169 789 71
169 802 32
169 818 33
169 819 14
169 837 46
169 839 15
169 854 82
169 858 92
169 865 82
169 880 37
169 883 3
169 884 60
169 888 100
169 890 32
169 893 63
169 897 78
169 901 25
169 903 50
169 914 35
169 931 96
169 953 87
169 971 58
169 978 78
169 990 9
169 992 21
169 995 45
170 171 56
170 176 37
170 196 31
170 203 49
170 212 98
170 215 45
170 217 38
170 220 90
170 224 96
170 226 69
170 253 56
170 267 70
170 275 60
170 282 1
170 290 28
170 300 57
170 307 60
170 320 40
170 341 67
170 350 41
170 352 76
170 389 67
170 390 82
170 393 71
170 399 86
170 400 44
170 415 42
170 433 57
170 438 15
170 443 43
170 452 14
170 465 85
170 469 92
170 475 57
170 476 63
170 480 59
170 486 80
170 501 8
170 520 40
170 522 93
170 525 91
170 531 52
170 539 49
170 543 78
170 545 62
170 554 18
170 565 75
170 572 99
170 576 18
170 593 11
170 614 78
170 624 11
170 628 33
170 638 92
170 648 34
170 655 21
170 675 16
170 680 74
170 681 85
170 686 85
170 699 72
170 705 54
170 709 94
170 711 17
170 712 78
170 713 23
170 714 28
170 726 58
170 738 67
170 764 81
170 770 98
170 787 50
170 788 29
170 792 49
170 795 89
170 815 82
170 826 86
170 836 55
170 859 48
170 865 18
170 878 21
170 892 8
170 906 97
170 914 22
170 931 16
170 940 62
170 947 13
170 953 64
170 963 3
170 964 88
170 965 49
170 973 56
170 974 99
170 975 72
171 176 6
171 181 12
171 196 40
171 203 40
171 212 67
171 215 11
171 217 72
171 220 28
171 224 53
171 226 89
171 253 100
171 267 47
171 275 24
171 282 80
171 290 71
171 300 52
171 307 65
171 320 2
171 328 8
171 341 60
171 350 56
171 352 7
171 389 89
171 390 19
171 393 34
171 399 80
171 400 73
171 415 56
171 433 39
171 438 49
171 443 87
171 452 34
171 465 50
171 469 50
171 475 8
171 476 36
171 480 90
171 486 48
171 501 52
171 525 21
171 531 83
171 539 1
171 543 29
171 554 11
171 565 49
171 576 58
171 593 25
171 614 34
171 628 87
171 638 22
171 648 6
171 655 30
171 661 89
171 675 97
171 680 74
171 681 59
171 686 70
171 699 87
171 705 29
171 709 63
171 711 74
171 712 56
171 713 53
171 714 3
171 726 31
171 738 66
171 764 86
171 770 82
171 787 77
171 788 17
171 795 3
171 815 87
171 826 83
171 836 99
171 865 59
171 878 56
171 906 13
171 914 19
171 931 2
171 940 81
171 947 88
171 953 92
171 963 41
171 964 6
171 965 99
171 973 31
171 974 53
171 975 72
171 995 34
172 187 76
172 225 39
172 237 91
172 245 34
172 254 56
172 297 68
172 304 69
172 308 13
172 335 27
172 349 41
172 371 31
172 375 80
172 413 58
172 422 66
172 470 71
172 507 14
172 509 23
172 530 56
172 546 13
172 569 61
172 584 49
172 592 100
172 594 24
172 603 15
172 637 67
172 639 64
172 660 43
172 667 7
172 673 88
172 682 74
172 701 48
172 707 24
172 724 63
172 743 86
172 745 88
172 749 96
172 754 31
172 786 71
172 830 6
172 837 62
172 845 82
172 847 43
172 854 46
172 855 20
172 858 78
172 883 6
172 884 23
172 893 45
172 903 74
172 978 62
172 982 56
172 992 40
173 186 99
173 191 10
173 209 99
173 227 69
173 230 56
173 244 69
173 265 15
173 268 24
173 277 56
173 286 96
173 288 28
173 301 61
173 309 91
173 317 88
173 319 85
173 339 78
173 347 28
173 370 81
173 388 91
173 401 74
173 411 65
173 420 78
173 427 10
173 444 64
173 477 10
173 479 13
173 484 30
173 491 51
173 504 25
173 505 30
173 508 24
173 510 95
173 517 20
173 562 81
173 578 33
173 579 24
173 588 82
173 600 84
173 617 15
173 621 24
173 622 72
173 636 46
173 641 86
173 644 68
173 647 46
173 652 90
173 690 55
173 715 97
173 716 65
173 734 21
173 750 69
173 752 70
173 772 40
173 777 21
173 780 81
173 816 9
173 827 11
173 843 23
173 860 67
173 861 22
173 864 30
173 869 62
173 881 80
173 902 90
173 907 82
173 911 89
173 921 5
173 924 90
173 951 74
173 969 10
173 994 93
174 258 66
174 268 1
174 269 39
174 284 68
174 285 98
174 298 33
174 491 24
174 494 100
174 502 88
174 505 69
174 541 82
174 542 88
174 568 87
174 587 80
174 605 82
174 617 33
174 647 77
174 652 27
174 670 23
174 687 79
174 689 64
174 697 42
174 715 47
174 716 35
174 750 85
174 772 50
174 776 75
174 791 96
174 829 89
174 869 100
175 199 88
175 200 71
175 222 93
175 299 28
175 325 50
175 340 42
175 342 29
175 366 33
175 369 67
175 373 10
175 406 79
175 424 87
175 431 25
175 449 36
175 461 66
175 496 10
175 512 9
175 513 5
175 535 6
175 550 40
175 564 82
175 573 57
175 574 74
175 575 57
175 586 10
175 590 18
175 595 34
175 596 15
175 613 10
175 630 81
175 634 72
175 677 71
175 695 90
175 696 52
175 728 8
175 737 63
175 790 42
175 813 48
175 828 54
175 863 23
175 933 59
175 936 68
175 943 83
175 945 88
175 972 98
175 988 51
175 993 75
176 181 43
176 212 84
176 215 19
176 220 91
176 224 73
176 238 67
176 251 93
176 266 31
176 276 56
176 290 32
176 300 22
176 307 71
176 320 92
176 328 28
176 333 75
176 341 51
176 348 19
176 350 39
176 354 74
176 389 15
176 400 21
176 402 98
176 408 66
176 421 90
176 422 2
176 426 69
176 430 55
176 433 76
176 442 9
176 443 87
176 452 93
176 465 12
176 467 40
176 469 37
176 475 56
176 486 58
176 492 30
176 500 69
176 507 37
176 509 8
176 524 62
176 525 88
176 531 26
176 543 69
176 565 21
176 569 31
176 571 45
176 593 18
176 614 91
176 637 76
176 640 3
176 642 18
176 648 11
176 660 75
176 661 6
176 673 78
176 675 27
176 681 74
176 686 77
176 688 95
176 699 12
176 700 71
176 705 14
176 711 55
176 712 69
176 713 38
176 726 35
176 749 93
176 764 30
176 779 39
176 787 25
176 788 81
176 789 41
176 821 98
176 826 98
176 835 64
176 836 64
176 839 51
176 858 58
176 865 64
176 880 92
176 888 66
176 889 33
176 890 79
176 891 34
176 893 61
176 898 58
176 901 69
176 906 65
176 914 9
176 931 47
176 932 11
176 947 25
176 950 70
176 953 33
176 955 53
176 965 56
176 971 82
176 975 61
176 978 11
176 985 42
176 995 14
177 179 79
177 180 91
177 184 68
177 198 36
177 247 100
177 256 40
177 260 54
177 262 62
177 280 52
177 296 29
177 322 72
177 323 84
177 336 38
177 343 56
177 345 5
177 353 45
177 355 17
177 358 28
177 359 48
177 372 1
177 380 2
177 387 71
177 391 21
177 404 99
177 407 83
177 414 78
177 445 59
177 446 46
177 473 52
177 495 35
177 523 61
177 567 98
177 570 40
177 577 32
177 583 35
177 601 61
177 602 18
177 615 16
177 627 30
177 631 49
177 635 97
177 649 27
177 654 3
177 668 66
177 669 78
177 704 5
177 718 88
177 723 78
177 742 28
177 757 51
177 763 11
177 767 79
177 768 50
177 771 73
177 774 56
177 797 56
177 805 91
177 808 94
177 809 21
177 825 19
177 831 91
177 832 62
177 840 25
177 841 48
177 844 88
177 882 99
177 895 12
177 899 62
177 926 85
177 954 75
177 959 54
177 966 69
177 979 57
177 980 66
177 986 51
177 991 19
177 998 76
178 181 44
178 183 28
178 206 93
178 210 44
178 216 51
178 233 78
178 238 16
178 249 91
178 251 2
178 255 63
178 257 63
178 266 53
178 278 76
178 281 77
178 289 22
178 294 58
178 304 35
178 305 15
178 314 63
178 330 94
178 333 5
178 354 42
178 378 94
178 396 47
178 398 49
178 402 19
178 408 2
178 421 11
178 426 20
178 432 60
178 440 83
178 450 18
178 457 97
178 467 62
178 474 77
178 478 16
178 489 72
178 492 48
178 511 74
178 518 94
178 534 84
178 540 80
178 556 40
178 560 26
178 571 34
178 585 25
178 589 35
178 591 41
178 597 100
178 598 65
178 626 56
178 637 70
178 640 32
178 645 11
178 658 8
178 665 39
178 674 8
178 681 72
178 684 18
178 685 5
178 688 10
178 694 58
178 700 39
178 722 68
178 726 64
178 729 14
178 743 54
178 748 9
178 749 27
178 751 31
178 755 11
178 756 3
178 775 84
178 779 60
178 781 78
178 789 56
178 798 90
178 803 47
178 821 4
178 835 76
178 839 6
178 853 60
178 875 59
178 880 32
178 885 81
178 887 69
178 889 66
178 890 99
178 893 31
178 894 31
178 898 61
178 900 29
178 904 98
178 913 70
178 917 76
178 923 49
178 932 96
178 942 16
178 950 29
178 952 92
178 955 38
178 965 89
178 971 22
178 985 47
178 997 19
179 180 47
179 182 12
179 184 30
179 218 8
179 235 93
179 243 82
179 250 75
179 260 48
179 261 73
179 262 33
179 270 59
179 271 7
179 292 28
179 293 79
179 295 10
179 296 17
179 313 87
179 316 88
179 322 10
179 323 89
179 336 51
179 343 64
179 345 62
179 353 2
179 359 43
179 372 76
179 380 35
179 381 2
179 385 64
179 387 48
179 404 95
179 414 99
179 417 93
179 425 82
179 434 35
179 436 97
179 445 63
179 446 99
179 454 83
179 482 40
179 499 69
179 514 63
179 523 7
179 537 54
179 552 33
179 567 10
179 583 97
179 601 93
179 604 46
179 615 6
179 618 88
179 631 53
179 649 67
179 654 35
179 691 17
179 704 65
179 708 84
179 717 67
179 718 38
179 725 70
179 740 20
179 742 8
179 768 83
179 805 60
179 809 89
179 825 40
179 832 88
179 840 33
179 841 9
179 842 29
179 844 14
179 846 5
179 848 90
179 876 56
179 882 64
179 895 28
179 910 57
179 919 76
179 959 96
179 991 7
179 998 94
179 999 79
180 184 74
180 198 96
180 205 42
180 214 33
180 235 60
180 236 16
180 246 53
180 247 3
180 256 63
180 260 53
180 270 38
180 271 89
180 279 14
180 280 85
180 291 81
180 296 71
180 316 13
180 322 18
180 326 32
180 327 94
180 329 5
180 336 53
180 343 31
180 345 13
180 353 93
180 355 69
180 358 5
180 359 7
180 363 38
180 372 88
180 381 69
180 387 98
180 391 7
180 404 38
180 407 90
180 414 45
180 418 92
180 425 3
180 434 15
180 436 85
180 445 39
180 446 56
180 447 28
180 456 25
180 473 20
180 495 78
180 523 69
180 537 89
180 552 82
180 553 87
180 567 31
180 570 82
180 577 97
180 583 36
180 601 3
180 602 17
180 627 52
180 631 34
180 635 98
180 649 69
180 654 78
180 668 39
180 669 9
180 704 41
180 708 88
180 710 69
180 718 84
180 723 8
180 736 100
180 742 6
180 757 94
180 763 33
180 768 30
180 771 77
180 774 70
180 797 8
180 808 80
180 809 5
180 817 59
180 823 78
180 831 5
180 840 65
180 841 97
180 844 75
180 882 43
180 895 78
180 899 77
180 919 17
180 920 30
180 925 89
180 926 25
180 934 48
180 954 81
180 959 84
180 966 57
180 967 56
180 979 29
180 980 78
180 986 27
180 991 44
180 998 21
181 212 97
181 215 73
181 220 31
181 224 9
181 238 76
181 251 92
181 254 44
181 266 66
181 276 7
181 290 27
181 300 23
181 304 10
181 314 50
181 328 36
181 333 46
181 348 98
181 350 31
181 354 60
181 400 63
181 402 71
181 408 15
181 421 10
181 422 42
181 426 89
181 430 57
181 433 38
181 443 13
181 452 85
181 465 21
181 467 60
181 475 37
181 492 96
181 500 73
181 507 62
181 509 93
181 524 94
181 525 32
181 530 31
181 531 2
181 546 3
181 565 91
181 569 73
181 571 69
181 584 22
181 592 22
181 603 24
181 614 31
181 637 95
181 642 70
181 648 2
181 660 63
181 661 50
181 673 32
181 681 57
181 686 10
181 688 22
181 694 60
181 700 2
181 705 21
181 711 5
181 712 40
181 713 17
181 726 36
181 743 83
181 749 37
181 775 23
181 778 9
181 779 99
181 787 80
181 788 21
181 789 3
181 821 20
181 826 74
181 835 60
181 836 97
181 839 13
181 858 79
181 865 23
181 880 82
181 884 38
181 888 77
181 889 59
181 890 53
181 893 13
181 898 44
181 901 48
181 906 70
181 914 84
181 931 81
181 932 30
181 947 93
181 950 36
181 953 80
181 955 77
181 965 85
181 971 33
181 978 10
181 995 5
182 218 92
182 243 86
182 250 35
182 260 89
182 261 5
182 262 75
182 292 56
182 293 60
182 295 81
182 313 38
182 323 72
182 336 100
182 353 38
182 359 68
182 372 20
182 380 2
182 385 92
182 387 68
182 417 94
182 425 44
182 454 41
182 482 51
182 499 74
182 567 12
182 583 25
182 601 10
182 604 72
182 615 80
182 618 89
182 649 85
182 691 98
182 717 47
182 718 26
182 725 94
182 768 99
182 805 77
182 825 13
182 832 66
182 842 25
182 846 18
182 848 31
182 876 6
182 910 86
182 919 77
182 999 7
183 185 14
183 201 94
183 204 24
183 206 69
183 208 3
183 210 27
183 216 99
183 240 15
183 252 98
183 255 38
183 257 64
183 259 27
183 281 79
183 303 72
183 305 9
183 315 21
183 330 34
183 333 9
183 354 33
183 361 69
183 379 71
183 382 42
183 397 86
183 398 82
183 402 48
183 403 23
183 426 35
183 432 91
183 439 10
183 442 57
183 450 76
183 458 57
183 462 77
183 467 31
183 471 87
183 474 44
183 489 62
183 490 94
183 511 8
183 518 43
183 528 73
183 534 38
183 540 47
183 558 84
183 560 31
183 585 52
183 597 76
183 598 76
183 607 86
183 625 39
183 626 38
183 640 86
183 645 49
183 650 29
183 658 32
183 663 79
183 664 90
183 674 87
183 678 48
183 679 41
183 683 55
183 684 81
183 685 7
183 700 58
183 722 83
183 729 87
183 746 27
183 748 83
183 753 46
183 755 98
183 756 16
183 759 52
183 766 66
183 779 65
183 794 11
183 798 81
183 799 40
183 803 58
183 804 16
183 821 25
183 824 9
183 835 88
183 853 45
183 871 41
183 875 22
183 885 45
183 886 6
183 891 38
183 894 64
183 904 82
183 912 18
183 913 7
183 927 40
183 932 42
183 935 36
183 952 87
183 955 5
183 961 10
183 977 5
183 985 80
183 989 6
184 198 97
184 247 27
184 256 88
184 262 10
184 296 6
184 323 88
184 336 23
184 343 75
184 345 76
184 353 34
184 355 80
184 358 96
184 359 85
184 380 39
184 387 7
184 404 16
184 414 64
184 445 38
184 446 99
184 473 94
184 495 42
184 523 19
184 567 49
184 583 88
184 601 63
184 615 59
184 627 6
184 631 43
184 635 88
184 649 84
184 654 6
184 668 98
184 669 47
184 704 11
184 718 3
184 742 80
184 757 44
184 763 24
184 768 5
184 771 95
184 774 36
184 805 33
184 808 98
184 809 26
184 825 66
184 831 59
184 832 97
184 840 56
184 841 95
184 844 6
184 882 41
184 926 37
184 954 5
184 959 37
184 966 50
184 991 58
184 998 98
185 193 5
185 201 95
185 204 43
185 207 63
185 208 3
185 210 21
185 216 36
185 234 2
185 240 83
185 252 86
185 259 99
185 264 23
185 303 76
185 305 76
185 315 18
185 318 7
185 327 61
185 330 56
185 337 89
185 354 13
185 363 42
185 379 30
185 382 36
185 398 92
185 403 42
185 418 79
185 426 49
185 439 12
185 442 39
185 447 1
185 456 85
185 458 38
185 462 61
185 463 20
185 471 45
185 489 50
185 490 11
185 497 62
185 511 28
185 518 76
185 528 85
185 553 71
185 577 53
185 598 27
185 626 50
185 629 30
185 632 16
185 640 21
185 650 47
185 657 74
185 664 61
185 671 90
185 679 90
185 683 17
185 710 38
185 722 97
185 736 54
185 746 57
185 753 60
185 759 82
185 766 89
185 794 75
185 798 64
185 803 15
185 804 30
185 807 66
185 811 26
185 812 22
185 817 87
185 823 14
185 824 24
185 835 88
185 851 29
185 853 28
185 867 96
185 871 73
185 872 36
185 879 16
185 885 31
185 886 23
185 891 1
185 904 40
185 912 84
185 920 1
185 927 52
185 935 59
185 948 58
185 952 5
185 956 2
185 962 96
185 967 8
185 977 19
185 985 80
185 989 68
186 191 86
186 209 8
186 230 18
186 244 2
186 268 57
186 269 33
186 277 78
186 284 76
186 286 79
186 288 4
186 298 24
186 301 88
186 309 32
186 347 36
186 401 20
186 411 54
186 420 17
186 444 87
186 477 7
186 479 95
186 484 99
186 491 81
186 504 93
186 505 70
186 508 50
186 562 37
186 578 35
186 587 72
186 588 12
186 600 71
186 605 74
186 617 50
186 621 21
186 622 57
186 636 80
186 641 31
186 647 69
186 652 67
186 689 30
186 715 28
186 716 71
186 734 55
186 747 9
186 750 21
186 752 22
186 772 86
186 780 79
186 827 21
186 829 15
186 843 20
186 860 12
186 861 50
186 864 86
186 869 3
186 881 91
186 902 68
186 907 18
186 911 49
186 921 70
186 924 7
186 951 97
186 969 47
186 994 91
187 225 8
187 245 77
187 254 28
187 263 13
187 276 30
187 283 29
187 297 96
187 304 70
187 308 8
187 335 35
187 348 81
187 349 36
187 367 82
187 371 80
187 375 26
187 377 91
187 395 24
187 422 97
187 430 59
187 470 38
187 487 99
187 500 62
187 507 27
187 509 68
187 515 1
187 524 44
187 530 12
187 546 98
187 566 8
187 569 16
187 584 60
187 592 58
187 594 42
187 599 73
187 603 61
187 637 8
187 639 22
187 642 82
187 660 100
187 673 32
187 682 33
187 688 90
187 701 80
187 702 94
187 706 78
187 707 37
187 724 57
187 732 69
187 739 64
187 743 33
187 744 45
187 745 81
187 749 15
187 773 6
187 778 96
187 786 67
187 818 26
187 819 7
187 830 68
187 837 88
187 839 84
187 854 62
187 858 85
187 883 43
187 884 74
187 888 40
187 893 53
187 897 26
187 901 84
187 903 98
187 971 67
187 978 11
187 982 2
187 990 56
187 992 72
187 995 68
188 242 97
188 258 59
188 269 71
188 272 72
188 274 62
188 298 37
188 311 86
188 312 70
188 321 64
188 332 35
188 360 44
188 394 51
188 453 74
188 494 100
188 502 27
188 504 19
188 519 41
188 527 100
188 529 38
188 541 16
188 542 1
188 547 59
188 555 27
188 563 100
188 568 97
188 587 26
188 605 64
188 633 31
188 646 56
188 651 94
188 670 30
188 676 7
188 687 37
188 689 67
188 693 85
188 697 9
188 698 59
188 703 14
188 715 28
188 716 45
188 720 62
188 735 2
188 747 88
188 750 99
188 760 56
188 762 15
188 772 41
188 776 66
188 782 90
188 791 89
188 810 70
188 820 57
188 834 30
188 856 89
188 861 30
188 868 49
188 869 61
188 896 53
188 902 13
188 921 16
188 928 4
188 930 48
188 938 23
188 958 70
188 970 93
188 996 85
189 191 26
189 202 78
189 206 85
189 209 10
189 221 66
189 230 36
189 233 99
189 244 75
189 249 91
189 255 18
189 257 90
189 265 85
189 274 64
189 278 90
189 281 63
189 286 51
189 288 13
189 289 9
189 294 45
189 301 36
189 302 16
189 309 19
189 312 60
189 317 64
189 319 18
189 339 27
189 347 74
189 370 95
189 378 53
189 388 13
189 396 71
189 397 70
189 411 74
189 420 81
189 427 89
189 432 39
189 437 88
189 440 100
189 444 87
189 450 28
189 457 23
189 468 21
189 472 86
189 474 12
189 478 62
189 479 44
189 484 69
189 506 73
189 508 61
189 517 72
189 521 16
189 540 53
189 555 80
189 556 72
189 578 30
189 579 70
189 582 13
189 585 77
189 588 5
189 589 61
189 591 52
189 610 85
189 622 96
189 636 48
189 644 24
189 645 83
189 658 47
189 663 32
189 665 47
189 674 50
189 678 29
189 684 59
189 685 11
189 690 39
189 693 84
189 719 1
189 729 11
189 730 82
189 734 17
189 748 11
189 751 38
189 752 14
189 755 33
189 756 96
189 761 17
189 777 4
189 780 21
189 781 7
189 784 51
189 799 42
189 800 43
189 816 90
189 820 100
189 827 89
189 843 81
189 860 98
189 861 10
189 864 85
189 870 70
189 875 5
189 881 56
189 887 32
189 894 9
189 900 37
189 907 19
189 911 89
189 913 14
189 917 70
189 921 87
189 923 13
189 924 56
189 942 85
189 946 71
189 949 32
189 951 35
189 969 6
189 994 85
189 997 90
190 192 40
190 194 20
190 223 31
190 231 85
190 239 71
190 325 8
190 331 52
190 342 61
190 366 88
190 376 77
190 383 72
190 405 91
190 416 26
190 424 12
190 429 54
190 435 56
190 460 10
190 466 9
190 481 87
190 483 39
190 485 25
190 496 69
190 513 24
190 516 82
190 557 88
190 561 74
190 586 64
190 596 16
190 608 81
190 611 93
190 612 8
190 727 3
190 731 65
190 733 94
190 737 21
190 765 52
190 783 62
190 793 6
190 801 71
190 806 82
190 838 46
190 852 69
190 909 50
190 922 4
190 936 70
190 939 7
190 941 5
190 943 10
190 945 53
190 976 2
191 202 67
191 209 78
191 230 31
191 244 12
191 258 13
191 265 2
191 268 15
191 269 32
191 274 65
191 277 26
191 286 87
191 288 40
191 289 54
191 298 68
191 301 47
191 302 30
191 309 14
191 311 23
191 312 53
191 317 72
191 319 34
191 321 39
191 339 9
191 347 87
191 370 30
191 378 17
191 388 12
191 394 4
191 401 45
191 411 81
191 420 68
191 427 97
191 444 9
191 450 62
191 457 14
191 468 82
191 477 32
191 479 22
191 484 66
191 491 6
191 504 45
191 506 4
191 555 65
191 562 25
191 568 14
191 578 13
191 582 29
191 587 4
191 588 7
191 591 69
191 600 92
191 605 83
191 610 34
191 617 65
191 621 62
191 622 87
191 636 35
191 641 31
191 644 36
191 646 18
191 647 51
191 651 55
191 652 71
191 665 70
191 676 52
191 689 32
191 690 78
191 693 20
191 697 67
191 715 92
191 716 95
191 719 25
191 730 14
191 734 23
191 747 65
191 750 97
191 752 16
191 761 88
191 762 20
191 772 7
191 776 55
191 777 5
191 780 1
191 800 43
191 820 4
191 827 78
191 843 29
191 860 70
191 861 85
191 864 24
191 868 83
191 869 98
191 870 93
191 881 2
191 900 97
191 902 80
191 907 67
191 911 65
191 921 82
191 924 80
191 946 18
191 949 27
191 951 30
191 969 61
191 994 20
191 996 45
192 194 59
192 197 2
192 211 31
192 219 19
192 221 21
192 223 35
192 229 71
192 231 87
192 232 41
192 239 52
192 242 22
192 252 68
192 287 31
192 306 34
192 324 27
192 331 72
192 337 47
192 356 75
192 361 55
192 376 77
192 379 58
192 382 84
192 383 91
192 384 29
192 392 87
192 405 6
192 416 35
192 419 14
192 429 62
192 435 97
192 437 15
192 448 1
192 451 32
192 453 34
192 455 20
192 460 82
192 464 45
192 466 85
192 481 67
192 483 51
192 485 61
192 498 5
192 516 41
192 521 5
192 533 56
192 536 23
192 544 47
192 551 48
192 557 44
192 558 39
192 561 5
192 563 42
192 606 84
192 607 30
192 608 58
192 609 43
192 611 79
192 612 89
192 623 26
192 625 72
192 662 55
192 664 6
192 672 34
192 683 56
192 721 98
192 727 59
192 733 53
192 735 44
192 758 46
192 760 13
192 762 99
192 783 1
192 793 7
192 796 17
192 801 82
192 806 44
192 810 57
192 838 83
192 849 50
192 850 48
192 852 42
192 856 11
192 872 53
192 886 47
192 896 92
192 909 29
192 916 2
192 922 44
192 928 49
192 937 34
192 938 97
192 939 43
192 941 11
192 948 85
192 970 58
192 976 61
192 981 37
192 984 92
193 201 14
193 204 85
193 205 15
193 208 10
193 213 63
193 228 87
193 234 59
193 240 21
193 264 37
193 273 30
193 279 98
193 280 34
193 287 82
193 303 14
193 315 52
193 318 88
193 334 68
193 337 65
193 344 41
193 355 72
193 357 51
193 363 10
193 374 52
193 379 12
193 386 51
193 391 15
193 407 98
193 409 88
193 412 87
193 418 11
193 439 20
193 447 64
193 456 58
193 458 7
193 462 79
193 463 76
193 471 84
193 490 45
193 493 7
193 497 42
193 528 11
193 532 97
193 548 38
193 553 52
193 570 4
193 577 39
193 581 7
193 629 5
193 632 56
193 650 50
193 653 80
193 656 34
193 657 63
193 664 20
193 671 36
193 683 28
193 723 66
193 736 33
193 746 50
193 753 25
193 759 74
193 763 69
193 769 74
193 794 46
193 797 57
193 804 90
193 808 15
193 811 54
193 812 44
193 817 92
193 823 23
193 824 97
193 831 35
193 833 47
193 851 61
193 867 83
193 872 63
193 879 80
193 886 71
193 899 14
193 905 90
193 915 18
193 918 26
193 920 15
193 948 65
193 956 64
193 962 62
193 967 67
193 977 65
193 979 57
193 980 19
193 986 9
194 211 9
194 219 20
194 223 1
194 229 58
194 231 17
194 239 3
194 242 86
194 331 81
194 342 36
194 356 72
194 376 22
194 383 34
194 405 22
194 416 48
194 424 15
194 429 7
194 435 79
194 448 66
194 451 93
194 453 10
194 460 24
194 464 51
194 466 77
194 481 79
194 483 83
194 485 77
194 496 9
194 498 87
194 516 37
194 533 88
194 561 43
194 563 14
194 608 62
194 611 69
194 612 83
194 633 89
194 672 67
194 703 15
194 721 11
194 727 47
194 731 66
194 733 24
194 735 73
194 737 59
194 765 22
194 783 7
194 793 58
194 801 3
194 806 94
194 838 7
194 852 43
194 856 71
194 909 57
194 922 69
194 936 44
194 937 87
194 938 97
194 939 7
194 941 15
194 943 11
194 970 62
194 976 83
195 200 10
195 213 69
195 228 27
195 241 79
195 248 12
195 273 74
195 280 45
195 338 71
195 344 72
195 346 29
195 351 63
195 357 84
195 364 76
195 386 31
195 410 44
195 423 83
195 428 69
195 441 77
195 493 68
195 503 4
195 526 91
195 532 47
195 538 59
195 549 26
195 580 24
195 581 42
195 595 54
195 613 96
195 620 30
195 630 98
195 643 68
195 659 62
195 692 65
195 767 83
195 769 24
195 814 76
195 822 57
195 828 89
195 857 69
195 863 76
195 866 60
195 873 81
195 874 55
195 877 27
195 905 36
195 908 95
195 933 52
195 944 11
195 957 83
195 968 80
195 983 48
195 987 50
196 203 58
196 217 25
196 224 69
196 226 61
196 253 24
196 267 7
196 275 57
196 300 84
196 307 80
196 320 13
196 350 17
196 390 7
196 393 40
196 399 47
196 415 70
196 438 80
196 465 9
196 469 35
196 476 86
196 480 39
196 486 11
196 501 34
196 520 89
196 522 65
196 539 5
196 543 94
196 545 37
196 554 6
196 565 62
196 572 14
196 576 34
196 593 87
196 616 63
196 638 17
196 655 8
196 675 17
196 699 24
196 709 61
196 712 86
196 713 63
196 714 52
196 738 7
196 764 5
196 770 75
196 792 40
196 815 26
196 826 26
196 836 43
196 859 60
196 878 99
196 892 95
196 940 43
196 947 38
196 964 81
196 973 77
196 974 36
196 975 91
197 206 46
197 211 46
197 219 69
197 221 36
197 223 100
197 229 95
197 232 62
197 252 7
197 255 98
197 259 73
197 274 86
197 287 58
197 306 89
197 315 2
197 324 96
197 337 51
197 356 56
197 361 82
197 379 54
197 382 45
197 383 75
197 384 97
197 392 72
197 397 80
197 419 79
197 437 3
197 448 18
197 451 91
197 453 44
197 455 83
197 458 82
197 460 41
197 464 4
197 466 32
197 471 9
197 474 90
197 483 82
197 485 11
197 498 91
197 516 55
197 518 20
197 521 99
197 533 17
197 536 3
197 551 4
197 558 23
197 582 28
197 606 62
197 607 94
197 609 35
197 611 4
197 612 1
197 623 1
197 625 100
197 651 50
197 662 84
197 663 37
197 664 67
197 672 91
197 674 97
197 678 41
197 683 21
197 719 67
197 721 99
197 722 42
197 727 53
197 730 17
197 733 37
197 735 21
197 746 80
197 758 24
197 759 2
197 760 75
197 762 97
197 766 80
197 784 78
197 796 33
197 799 99
197 801 74
197 806 95
197 810 24
197 838 7
197 849 17
197 850 1
197 870 31
197 872 3
197 886 60
197 896 27
197 922 68
197 927 8
197 928 62
197 935 48
197 937 97
197 939 68
197 941 50
197 946 52
197 948 15
197 949 63
197 961 52
197 970 79
197 981 36
197 984 3
197 989 77
198 247 93
198 256 13
198 296 38
198 336 51
198 343 56
198 345 69
198 353 38
198 355 99
198 358 20
198 359 16
198 380 78
198 404 6
198 414 60
198 445 98
198 446 11
198 473 24
198 495 27
198 503 56
198 523 16
198 601 38
198 615 24
198 627 28
198 631 37
198 635 13
198 649 52
198 654 67
198 668 15
198 669 14
198 704 22
198 723 66
198 742 21
198 757 9
198 763 13
198 767 14
198 771 94
198 774 79
198 808 69
198 831 75
198 840 29
198 841 20
198 844 7
198 882 32
198 926 52
198 954 50
198 959 49
198 966 51
198 991 22
198 998 38
199 200 51
199 213 47
199 222 54
199 299 1
199 306 81
199 325 38
199 340 29
199 342 70
199 364 28
199 365 71
199 366 100
199 369 94
199 373 93
199 386 16
199 406 87
199 424 47
199 431 18
199 435 89
199 449 33
199 459 27
199 461 65
199 481 72
199 496 3
199 512 23
199 513 33
199 516 61
199 535 40
199 536 42
199 538 46
199 544 74
199 548 84
199 549 79
199 550 94
199 557 25
199 559 60
199 564 96
199 573 97
199 574 50
199 575 100
199 586 65
199 590 23
199 595 54
199 596 89
199 613 69
199 620 100
199 630 88
199 634 89
199 643 22
199 659 96
199 677 72
199 692 2
199 695 51
199 728 10
199 737 13
199 783 36
199 790 43
199 813 86
199 814 98
199 828 38
199 838 99
199 857 100
199 862 55
199 863 38
199 866 44
199 873 47
199 874 91
199 877 23
199 908 63
199 915 10
199 916 32
199 933 32
199 943 50
199 945 34
199 968 53
199 972 8
199 987 69
199 988 97
199 993 36
200 222 90
200 299 60
200 340 77
200 364 21
200 369 43
200 373 8
200 431 26
200 449 33
200 461 44
200 512 92
200 535 74
200 538 44
200 549 11
200 550 88
200 564 66
200 573 78
200 574 60
200 575 17
200 590 43
200 595 11
200 596 48
200 613 21
200 620 97
200 630 33
200 677 10
200 692 64
200 695 26
200 696 9
200 790 40
200 813 83
200 814 81
200 828 95
200 863 7
200 866 50
200 873 39
200 874 71
200 877 55
200 908 69
200 933 32
200 972 26
200 988 28
200 993 95
201 204 3
201 206 76
201 208 26
201 210 91
201 216 38
201 232 45
201 234 100
201 240 7
201 252 20
201 255 73
201 259 9
201 264 57
201 287 81
201 303 87
201 305 29
201 315 45
201 318 88
201 324 5
201 330 71
201 337 63
201 354 83
201 361 74
201 379 100
201 382 1
201 398 89
201 403 5
201 419 98
201 426 37
201 439 58
201 442 69
201 458 37
201 462 52
201 463 73
201 471 29
201 474 86
201 489 59
201 490 54
201 497 61
201 511 83
201 518 19
201 528 10
201 534 91
201 553 75
201 558 12
201 560 91
201 597 38
201 598 23
201 607 34
201 625 41
201 626 33
201 629 9
201 632 33
201 640 33
201 650 28
201 658 68
201 663 32
201 664 23
201 679 16
201 683 77
201 722 18
201 746 83
201 753 84
201 756 87
201 759 22
201 766 84
201 794 84
201 798 67
201 803 86
201 804 19
201 812 61
201 817 35
201 824 81
201 835 50
201 853 57
201 867 8
201 871 22
201 872 79
201 875 67
201 879 70
201 885 59
201 886 97
201 891 86
201 904 6
201 912 37
201 927 24
201 932 43
201 935 30
201 948 53
201 952 91
201 956 74
201 961 24
201 977 49
201 981 32
201 985 41
201 989 82
202 206 51
202 221 60
202 230 16
202 255 79
202 257 45
202 265 3
202 272 47
202 274 37
202 278 74
202 288 86
202 289 29
202 294 89
202 301 13
202 302 33
202 311 29
202 312 19
202 317 20
202 319 95
202 321 1
202 332 37
202 339 37
202 347 87
202 378 56
202 388 60
202 394 32
202 397 4
202 411 88
202 420 29
202 427 18
202 432 94
202 437 72
202 444 80
202 450 3
202 457 56
202 468 45
202 474 41
202 478 82
202 479 40
202 484 26
202 504 75
202 506 20
202 521 12
202 551 8
202 555 49
202 578 48
202 582 45
202 585 58
202 588 99
202 591 99
202 605 41
202 607 38
202 610 87
202 622 96
202 636 16
202 644 84
202 645 54
202 646 25
202 651 82
202 658 69
202 662 61
202 663 98
202 665 53
202 674 10
202 676 67
202 678 81
202 685 22
202 690 45
202 693 60
202 719 44
202 730 91
202 747 89
202 748 63
202 752 88
202 758 10
202 760 51
202 761 56
202 762 53
202 772 88
202 777 88
202 781 88
202 784 14
202 799 17
202 800 53
202 810 18
202 820 20
202 827 79
202 843 44
202 849 44
202 850 34
202 861 73
202 868 51
202 870 61
202 875 31
202 881 98
202 896 90
202 900 84
202 902 84
202 907 15
202 911 45
202 913 3
202 917 29
202 921 11
202 928 13
202 946 36
202 949 86
202 951 34
202 961 89
202 969 50
202 996 91
203 212 18
203 217 16
203 220 33
203 224 61
203 226 91
203 253 60
203 267 21
203 275 95
203 282 88
203 300 79
203 307 72
203 320 57
203 350 83
203 352 19
203 390 91
203 393 55
203 399 71
203 400 17
203 415 89
203 433 53
203 438 53
203 443 88
203 452 11
203 465 95
203 469 49
203 476 25
203 480 84
203 486 66
203 501 69
203 520 38
203 522 3
203 539 61
203 543 78
203 545 8
203 554 66
203 565 72
203 572 27
203 576 99
203 593 71
203 616 69
203 628 21
203 638 7
203 648 38
203 655 70
203 675 58
203 699 30
203 709 93
203 712 31
203 713 68
203 714 48
203 738 81
203 764 66
203 770 36
203 787 71
203 788 55
203 792 64
203 795 5
203 815 18
203 826 66
203 836 25
203 859 98
203 865 64
203 878 80
203 892 83
203 906 69
203 914 68
203 940 69
203 947 41
203 953 55
203 963 39
203 964 12
203 973 21
203 974 16
203 975 97
204 207 80
204 208 82
204 214 61
204 216 18
204 234 89
204 236 55
204 240 92
204 246 71
204 264 33
204 279 11
204 291 89
204 303 49
204 315 53
204 326 12
204 327 71
204 329 79
204 330 10
204 341 67
204 352 93
204 354 20
204 363 88
204 368 19
204 389 87
204 391 78
204 403 47
204 407 75
204 418 36
204 426 22
204 439 67
204 442 15
204 447 48
204 456 46
204 458 16
204 462 27
204 463 100
204 467 66
204 471 30
204 490 12
204 497 97
204 511 64
204 525 40
204 528 7
204 553 93
204 570 10
204 577 94
204 598 32
204 602 10
204 624 67
204 626 51
204 629 65
204 632 67
204 640 53
204 650 42
204 671 34
204 679 34
204 680 72
204 686 38
204 700 48
204 710 100
204 736 72
204 741 14
204 753 88
204 759 76
204 794 4
204 795 74
204 797 63
204 798 94
204 803 99
204 804 53
204 807 49
204 812 11
204 817 83
204 821 54
204 823 91
204 824 42
204 835 51
204 851 82
204 867 33
204 871 11
204 879 84
204 891 42
204 895 94
204 899 85
204 904 29
204 912 61
204 920 13
204 925 22
204 934 31
204 956 62
204 963 43
204 967 49
204 977 13
204 979 88
204 980 19
204 985 65
204 986 5
204 989 48
205 208 13
205 213 2
205 228 1
205 241 78
205 248 75
205 264 79
205 273 52
205 279 69
205 280 6
205 303 42
205 318 96
205 334 3
205 338 13
205 344 85
205 351 31
205 355 16
205 357 83
205 363 6
205 374 44
205 386 64
205 391 71
205 407 41
205 409 80
205 410 46
205 412 61
205 423 28
205 441 81
205 445 77
205 456 44
205 463 97
205 471 15
205 473 59
205 493 41
205 495 95
205 497 62
205 503 90
205 526 99
205 532 79
205 548 16
205 553 51
205 570 39
205 577 71
205 581 26
205 627 52
205 629 72
205 632 63
205 635 78
205 653 72
205 656 7
205 657 76
205 659 10
205 669 17
205 671 56
205 723 87
205 736 24
205 757 50
205 763 37
205 767 48
205 769 5
205 794 54
205 797 32
205 804 59
205 808 33
205 811 99
205 812 42
205 817 4
205 823 85
205 824 26
205 831 22
205 833 37
205 851 88
205 857 13
205 867 78
205 879 54
205 899 73
205 905 16
205 944 24
205 954 25
205 956 60
205 962 2
205 967 25
205 979 8
205 980 69
205 983 97
205 986 39
205 987 100
206 210 87
206 221 14
206 230 97
206 249 81
206 252 50
206 255 99
206 257 25
206 259 90
206 265 24
206 274 20
206 278 59
206 281 9
206 289 48
206 294 52
206 302 82
206 305 52
206 312 100
206 315 5
206 319 49
206 324 52
206 330 34
206 339 71
206 361 79
206 378 63
206 382 25
206 388 35
206 397 20
206 398 82
206 403 62
206 419 44
206 432 71
206 437 54
206 439 22
206 450 6
206 457 80
206 458 62
206 462 19
206 468 13
206 474 24
206 478 15
206 489 72
206 506 84
206 511 99
206 518 99
206 521 59
206 528 88
206 534 62
206 540 78
206 551 58
206 556 67
206 558 12
206 560 11
206 582 49
206 585 14
206 591 55
206 597 50
206 598 46
206 607 10
206 609 65
206 610 83
206 623 69
206 625 1
206 626 88
206 640 20
206 645 55
206 658 47
206 663 18
206 664 2
206 665 92
206 674 92
206 678 38
206 683 96
206 684 95
206 685 47
206 690 13
206 693 19
206 719 69
206 722 26
206 729 46
206 730 84
206 748 9
206 755 73
206 756 70
206 758 50
206 760 96
206 761 58
206 762 91
206 766 33
206 781 48
206 784 58
206 798 87
206 799 30
206 800 11
206 803 68
206 820 73
206 827 38
206 835 64
206 849 87
206 850 58
206 853 33
206 870 9
206 871 76
206 875 31
206 885 74
206 886 65
206 894 80
206 900 8
206 904 67
206 912 51
206 913 47
206 917 69
206 927 34
206 932 14
206 935 17
206 946 51
206 949 92
206 952 29
206 961 77
206 989 75
207 214 90
207 216 58
207 217 46
207 220 9
207 226 94
207 234 95
207 236 97
207 240 21
207 246 9
207 270 25
207 271 1
207 275 43
207 279 17
207 282 57
207 291 71
207 307 17
207 316 81
207 320 17
207 322 28
207 326 97
207 327 12
207 329 94
207 341 72
207 350 41
207 352 88
207 354 50
207 363 24
207 368 62
207 381 76
207 389 18
207 407 94
207 418 60
207 426 14
207 434 39
207 436 66
207 442 67
207 447 56
207 452 63
207 456 4
207 490 27
207 520 3
207 525 84
207 543 49
207 552 44
207 553 43
207 570 74
207 572 80
207 576 52
207 577 65
207 598 4
207 602 3
207 624 7
207 628 47
207 629 52
207 632 79
207 638 73
207 650 43
207 679 82
207 680 66
207 686 50
207 705 41
207 708 34
207 710 6
207 711 38
207 713 95
207 741 93
207 753 59
207 764 25
207 795 57
207 797 69
207 804 55
207 807 12
207 809 61
207 812 63
207 817 9
207 821 81
207 823 9
207 836 70
207 867 16
207 891 46
207 895 50
207 899 93
207 920 27
207 925 77
207 934 17
207 963 66
207 967 20
207 977 69
207 979 4
207 980 14
207 985 75
207 986 71
208 216 47
208 228 83
208 232 53
208 234 53
208 240 11
208 259 60
208 264 49
208 287 40
208 303 10
208 315 81
208 318 37
208 330 53
208 334 94
208 337 74
208 344 89
208 363 4
208 374 45
208 379 89
208 391 25
208 403 1
208 409 68
208 412 19
208 418 62
208 439 62
208 447 4
208 456 56
208 458 99
208 462 41
208 463 49
208 471 29
208 490 34
208 493 52
208 497 69
208 511 82
208 528 97
208 532 48
208 548 16
208 553 88
208 577 48
208 598 3
208 626 63
208 629 74
208 632 81
208 650 85
208 653 68
208 656 14
208 657 98
208 664 35
208 671 88
208 683 97
208 723 43
208 736 36
208 746 35
208 753 26
208 759 69
208 766 34
208 769 26
208 794 29
208 803 84
208 804 66
208 811 49
208 812 53
208 817 90
208 823 28
208 824 26
208 833 9
208 851 73
208 867 66
208 871 34
208 872 34
208 879 80
208 886 74
208 899 96
208 904 53
208 912 43
208 915 32
208 918 80
208 920 44
208 927 59
208 935 53
208 948 12
208 956 68
208 962 65
208 967 84
208 977 61
208 979 37
208 984 85
208 986 90
208 989 38
209 227 89
209 230 59
209 233 74
209 244 62
209 265 38
209 268 44
209 277 10
209 286 56
209 288 80
209 301 65
209 309 20
209 317 91
209 319 36
209 339 60
209 347 95
209 370 50
209 388 75
209 401 24
209 411 45
209 420 8
209 427 52
209 444 55
209 472 97
209 477 75
209 479 66
209 484 94
209 488 55
209 508 91
209 510 61
209 517 20
209 562 34
209 578 44
209 579 15
209 588 57
209 591 31
209 600 67
209 617 16
209 621 80
209 622 93
209 636 86
209 641 47
209 644 69
209 647 41
209 666 97
209 690 79
209 734 74
209 752 48
209 777 59
209 780 41
209 785 48
209 816 40
209 827 21
209 843 49
209 860 51
209 864 61
209 881 15
209 900 30
209 907 35
209 911 94
209 921 46
209 924 26
209 951 11
209 969 75
209 994 56
209 997 84
210 216 44
210 249 54
210 255 20
210 257 80
210 259 71
210 266 32
210 278 67
210 281 30
210 289 27
210 294 71
210 305 18
210 315 1
210 330 21
210 333 36
210 354 40
210 378 79
210 382 71
210 397 21
210 398 29
210 402 51
210 403 72
210 421 11
210 426 74
210 432 93
210 439 80
210 440 92
210 442 50
210 450 69
210 457 85
210 458 29
210 462 64
210 467 95
210 474 50
210 478 17
210 489 9
210 490 26
210 492 100
210 506 100
210 511 55
210 518 15
210 528 81
210 534 81
210 540 54
210 556 96
210 560 43
210 585 69
210 597 89
210 598 66
210 607 17
210 626 66
210 640 91
210 645 86
210 650 59
210 658 72
210 663 7
210 665 52
210 674 61
210 678 47
210 684 97
210 685 97
210 700 2
210 722 26
210 729 57
210 748 76
210 755 26
210 756 49
210 759 63
210 766 75
210 779 8
210 781 83
210 798 14
210 799 21
210 803 49
210 821 69
210 835 89
210 853 28
210 871 20
210 875 85
210 885 41
210 889 66
210 891 72
210 894 94
210 898 75
210 904 50
210 912 87
210 913 80
210 917 55
210 927 76
210 932 49
210 935 95
210 950 94
210 952 85
210 955 25
210 961 51
210 977 60
210 985 54
210 989 32
211 219 88
211 221 74
211 223 48
211 229 96
211 231 6
211 232 47
211 239 87
211 242 88
211 252 75
211 272 24
211 274 80
211 311 78
211 321 14
211 324 74
211 331 73
211 332 16
211 356 34
211 361 43
211 376 7
211 383 74
211 384 63
211 392 88
211 394 52
211 405 32
211 416 46
211 419 77
211 429 6
211 437 52
211 448 63
211 451 38
211 453 85
211 455 90
211 460 36
211 464 10
211 466 55
211 483 100
211 485 1
211 498 95
211 516 68
211 521 87
211 533 83
211 547 70
211 551 84
211 558 47
211 561 72
211 563 9
211 606 62
211 607 98
211 608 58
211 609 27
211 611 48
211 612 38
211 623 30
211 625 41
211 633 53
211 651 81
211 662 65
211 672 43
211 676 35
211 703 57
211 719 66
211 720 28
211 721 97
211 727 78
211 730 24
211 733 58
211 735 60
211 758 14
211 760 74
211 762 35
211 793 70
211 796 25
211 801 22
211 806 100
211 810 45
211 838 12
211 849 87
211 850 96
211 852 44
211 856 70
211 870 76
211 896 21
211 909 17
211 922 31
211 928 85
211 937 75
211 938 6
211 939 92
211 941 78
211 946 6
211 949 8
211 970 10
211 976 71
211 981 95
211 996 34
212 215 49
212 217 8
212 220 37
212 224 43
212 253 21
212 290 3
212 300 5
212 307 13
212 320 97
212 341 90
212 350 77
212 352 23
212 354 15
212 368 87
212 389 74
212 390 2
212 393 63
212 399 30
212 400 18
212 408 47
212 415 18
212 421 15
212 426 77
212 433 78
212 442 64
212 443 39
212 452 31
212 465 35
212 467 97
212 469 7
212 475 77
212 480 87
212 486 8
212 492 37
212 524 56
212 525 25
212 531 80
212 539 22
212 543 79
212 565 57
212 571 26
212 593 78
212 614 39
212 638 31
212 642 85
212 648 13
212 661 38
212 675 2
212 679 84
212 680 21
212 681 48
212 686 83
212 699 70
212 700 97
212 705 84
212 711 61
212 712 14
212 713 72
212 726 95
212 738 80
212 764 20
212 787 34
212 788 40
212 789 57
212 795 25
212 815 4
212 821 50
212 826 14
212 836 12
212 839 6
212 865 54
212 878 32
212 888 74
212 890 22
212 891 67
212 898 82
212 901 96
212 906 72
212 914 90
212 931 10
212 940 72
212 947 3
212 953 11
212 955 85
212 963 9
212 965 93
212 971 78
212 973 63
212 975 60
212 985 45
212 995 74
213 228 81
213 232 38
213 241 98
213 264 32
213 273 84
213 280 13
213 287 6
213 306 45
213 318 61
213 334 35
213 337 70
213 338 86
213 340 11
213 344 91
213 346 56
213 357 6
213 364 56
213 365 28
213 374 26
213 379 96
213 386 93
213 392 56
213 406 27
213 409 34
213 412 77
213 423 15
213 428 92
213 441 17
213 455 6
213 459 72
213 463 39
213 471 91
213 493 23
213 497 34
213 513 81
213 516 39
213 526 36
213 532 61
213 536 36
213 538 83
213 544 87
213 548 60
213 549 15
213 557 6
213 559 14
213 581 32
213 595 35
213 612 27
213 620 88
213 630 86
213 634 73
213 643 47
213 653 73
213 656 40
213 657 43
213 659 78
213 671 50
213 692 63
213 736 100
213 746 9
213 769 93
213 794 10
213 811 55
213 814 3
213 822 77
213 824 7
213 833 42
213 851 93
213 857 68
213 862 97
213 866 86
213 873 86
213 874 72
213 877 34
213 879 67
213 905 49
213 908 21
213 915 50
213 916 25
213 918 30
213 944 54
213 948 53
213 956 61
213 957 22
213 962 28
213 968 4
213 983 52
213 984 45
213 987 86
214 217 5
214 220 78
214 226 14
214 234 18
214 235 25
214 236 25
214 240 30
214 246 72
214 260 80
214 261 8
214 267 97
214 270 69
214 271 27
214 275 77
214 279 75
214 282 6
214 291 6
214 307 40
214 316 53
214 320 94
214 322 97
214 326 2
214 327 56
214 329 91
214 341 83
214 350 52
214 352 53
214 363 57
214 368 3
214 372 9
214 381 30
214 387 88
214 389 68
214 393 5
214 407 26
214 418 34
214 425 92
214 434 46
214 436 34
214 438 58
214 442 92
214 447 3
214 452 5
214 456 90
214 482 90
214 486 50
214 514 86
214 520 43
214 525 7
214 537 1
214 543 5
214 552 10
214 567 16
214 570 74
214 572 16
214 576 77
214 602 16
214 616 41
214 624 52
214 628 5
214 632 46
214 638 56
214 655 22
214 675 94
214 679 93
214 680 45
214 686 15
214 708 71
214 709 69
214 710 64
214 713 47
214 714 52
214 718 31
214 725 23
214 738 57
214 740 4
214 741 19
214 753 14
214 764 81
214 795 96
214 797 89
214 807 46
214 809 35
214 817 64
214 823 50
214 836 43
214 844 100
214 859 91
214 891 7
214 892 60
214 895 74
214 899 40
214 919 39
214 920 99
214 925 15
214 934 77
214 963 59
214 964 89
214 967 54
214 979 16
214 980 78
214 986 73
215 220 89
215 224 36
215 238 71
215 251 82
215 253 86
215 276 71
215 290 68
215 300 40
215 307 61
215 320 23
215 328 97
215 341 92
215 348 36
215 350 49
215 362 97
215 399 2
215 400 52
215 408 16
215 415 80
215 421 100
215 422 59
215 430 28
215 433 24
215 443 8
215 452 34
215 465 52
215 467 91
215 469 63
215 475 62
215 486 18
215 492 100
215 500 100
215 507 61
215 509 82
215 524 76
215 525 58
215 531 89
215 543 36
215 565 22
215 569 65
215 571 48
215 593 100
215 614 53
215 637 27
215 642 16
215 648 12
215 660 42
215 661 10
215 673 84
215 675 35
215 681 62
215 686 66
215 688 78
215 699 22
215 700 7
215 705 47
215 711 57
215 712 56
215 713 70
215 726 16
215 749 37
215 764 76
215 770 22
215 778 57
215 787 91
215 788 54
215 789 10
215 802 3
215 815 44
215 821 27
215 826 90
215 836 14
215 839 41
215 858 59
215 865 22
215 878 28
215 888 80
215 890 62
215 893 41
215 898 26
215 901 45
215 906 75
215 914 66
215 931 10
215 940 4
215 947 83
215 953 39
215 955 10
215 965 48
215 971 73
215 974 72
215 975 82
215 978 41
215 995 62
216 220 40
216 234 67
216 240 48
216 257 36
216 259 16
216 303 87
216 305 25
216 315 22
216 327 52
216 330 33
216 333 71
216 341 85
216 354 61
216 368 12
216 389 91
216 398 54
216 400 54
216 402 89
216 403 63
216 421 16
216 426 29
216 439 6
216 442 38
216 447 86
216 452 53
216 458 47
216 462 26
216 467 8
216 475 30
216 489 26
216 490 2
216 492 88
216 511 23
216 518 12
216 525 97
216 528 26
216 534 3
216 560 29
216 597 54
216 598 95
216 626 65
216 632 21
216 640 23
216 650 69
216 658 16
216 679 48
216 680 51
216 681 63
216 685 96
216 686 72
216 700 6
216 705 43
216 711 29
216 722 34
216 729 59
216 753 26
216 755 55
216 756 67
216 759 66
216 766 95
216 779 15
216 798 11
216 803 21
216 804 68
216 807 85
216 812 51
216 817 4
216 821 23
216 835 21
216 853 13
216 871 56
216 885 90
216 891 59
216 894 90
216 898 73
216 904 42
216 912 73
216 920 28
216 927 55
216 932 87
216 935 38
216 952 59
216 955 85
216 963 57
216 965 44
216 977 83
216 985 38
216 989 43
217 220 16
217 224 94
217 226 68
217 234 43
217 236 61
217 240 90
217 246 8
217 253 99
217 267 63
217 270 10
217 271 67
217 275 89
217 279 90
217 282 84
217 291 15
217 307 34
217 320 71
217 322 88
217 326 15
217 327 33
217 329 82
217 341 25
217 350 20
217 352 42
217 354 87
217 368 48
217 381 83
217 389 39
217 390 50
217 393 52
217 400 58
217 415 83
217 418 69
217 426 86
217 434 45
217 436 97
217 438 64
217 442 24
217 443 86
217 447 57
217 452 40
217 465 31
217 475 79
217 476 55
217 480 67
217 486 58
217 501 53
217 514 27
217 520 61
217 525 54
217 531 62
217 537 98
217 539 2
217 543 68
217 552 6
217 554 100
217 565 98
217 572 82
217 576 86
217 593 46
217 602 93
217 624 79
217 628 84
217 638 78
217 648 96
217 655 63
217 675 66
217 679 28
217 680 62
217 681 69
217 686 25
217 699 60
217 700 45
217 705 18
217 708 72
217 709 95
217 710 41
217 711 58
217 712 54
217 713 71
217 714 46
217 738 38
217 740 19
217 741 72
217 753 50
217 764 58
217 787 1
217 788 13
217 795 17
217 807 98
217 821 88
217 826 38
217 836 79
217 859 96
217 865 73
217 891 78
217 892 49
217 895 67
217 906 37
217 920 80
217 925 47
217 934 50
217 947 97
217 963 39
217 964 37
217 965 77
217 973 93
217 985 25
218 243 38
218 250 1
218 260 57
218 261 23
218 262 20
218 292 74
218 293 74
218 295 28
218 296 44
218 313 58
218 323 66
218 336 57
218 345 20
218 353 26
218 359 95
218 380 44
218 385 78
218 387 29
218 404 55
218 417 55
218 425 52
218 454 39
218 482 49
218 499 54
218 567 52
218 583 1
218 601 94
218 604 32
218 615 33
218 618 78
218 649 28
218 691 26
218 717 27
218 725 71
218 768 9
218 805 61
218 825 39
218 832 2
218 842 36
218 846 21
218 848 58
218 876 18
218 882 11
218 910 74
218 991 96
218 999 77
219 221 40
219 223 71
219 229 47
219 231 67
219 232 45
219 242 82
219 252 36
219 272 26
219 274 8
219 311 10
219 321 3
219 324 98
219 331 46
219 332 54
219 356 91
219 361 21
219 376 53
219 382 95
219 383 67
219 384 61
219 392 44
219 394 72
219 405 63
219 416 66
219 419 88
219 429 7
219 437 56
219 448 17
219 451 32
219 453 6
219 455 63
219 460 24
219 464 83
219 466 27
219 483 6
219 485 77
219 498 47
219 521 24
219 533 29
219 547 6
219 551 94
219 558 62
219 561 86
219 563 100
219 582 81
219 606 52
219 607 28
219 608 20
219 609 89
219 611 40
219 612 23
219 623 83
219 625 50
219 633 55
219 651 91
219 662 34
219 663 73
219 672 79
219 676 69
219 678 45
219 703 18
219 719 7
219 720 71
219 721 33
219 727 18
219 730 84
219 733 76
219 735 22
219 758 74
219 760 52
219 762 91
219 784 2
219 793 30
219 796 78
219 799 22
219 801 59
219 806 41
219 810 2
219 820 54
219 838 38
219 849 82
219 850 58
219 856 99
219 870 17
219 872 45
219 886 66
219 896 1
219 909 63
219 922 90
219 928 51
219 937 47
219 938 60
219 939 79
219 941 58
219 946 55
219 949 5
219 961 87
219 970 10
219 976 18
219 981 82
219 996 41
220 224 97
220 234 21
220 253 67
220 275 79
220 282 55
220 290 19
220 300 98
220 307 22
220 320 93
220 341 10
220 350 34
220 352 76
220 354 49
220 368 44
220 389 37
220 390 65
220 393 87
220 400 13
220 408 84
220 415 31
220 421 87
220 426 14
220 433 39
220 442 40
220 443 18
220 452 12
220 465 43
220 467 83
220 475 87
220 486 96
220 492 94
220 525 54
220 531 25
220 543 28
220 565 7
220 571 8
220 593 71
220 598 2
220 614 45
220 624 33
220 628 65
220 638 62
220 640 10
220 648 47
220 661 42
220 675 29
220 679 8
220 680 20
220 681 15
220 686 64
220 699 58
220 700 31
220 705 8
220 711 97
220 712 47
220 713 48
220 726 58
220 738 80
220 741 17
220 753 10
220 764 57
220 779 35
220 787 66
220 788 38
220 795 19
220 798 90
220 807 80
220 821 48
220 826 26
220 835 34
220 836 97
220 865 88
220 890 20
220 891 99
220 898 65
220 906 100
220 914 25
220 925 15
220 931 89
220 932 32
220 934 95
220 947 27
220 953 59
220 955 35
220 963 14
220 965 72
220 973 74
220 985 39
221 252 94
221 255 96
221 257 18
221 259 26
221 265 11
221 272 20
221 274 26
221 289 96
221 301 88
221 302 12
221 305 93
221 311 89
221 312 67
221 319 17
221 321 80
221 324 33
221 332 77
221 356 12
221 361 68
221 378 79
221 382 43
221 394 45
221 397 56
221 419 37
221 432 66
221 437 35
221 448 95
221 450 9
221 451 1
221 453 9
221 457 61
221 458 43
221 464 43
221 468 40
221 474 85
221 498 66
221 506 24
221 511 24
221 518 98
221 521 31
221 533 48
221 551 63
221 555 85
221 558 7
221 582 77
221 585 44
221 607 91
221 609 51
221 610 56
221 623 39
221 625 46
221 645 61
221 651 58
221 658 93
221 662 47
221 663 2
221 664 97
221 672 80
221 674 96
221 676 75
221 678 71
221 683 44
221 690 93
221 693 96
221 719 44
221 721 37
221 722 90
221 730 11
221 735 91
221 748 43
221 758 4
221 760 90
221 761 11
221 762 9
221 766 95
221 784 100
221 799 60
221 800 48
221 801 49
221 810 22
221 820 23
221 827 65
221 849 78
221 850 94
221 861 68
221 870 64
221 875 30
221 885 61
221 886 3
221 896 56
221 913 35
221 927 93
221 928 11
221 935 84
221 937 68
221 946 79
221 949 1
221 961 3
221 981 9
221 989 89
221 996 4
222 299 38
222 325 37
222 340 70
222 342 81
222 364 73
222 365 100
222 366 53
222 369 25
222 373 84
222 406 83
222 424 16
222 431 78
222 435 19
222 449 75
222 459 17
222 461 40
222 481 85
222 496 70
222 512 7
222 513 80
222 516 99
222 535 42
222 544 53
222 550 63
222 557 70
222 559 40
222 564 96
222 573 20
222 574 100
222 575 6
222 586 96
222 590 2
222 595 55
222 596 86
222 613 5
222 630 89
222 634 18
222 677 96
222 692 73
222 695 55
222 696 14
222 728 69
222 731 79
222 737 62
222 783 85
222 790 23
222 813 8
222 828 82
222 862 89
222 863 63
222 873 7
222 877 30
222 916 56
222 933 37
222 936 35
222 943 69
222 945 69
222 968 99
222 972 28
222 988 30
222 993 45
223 229 35
223 231 16
223 239 89
223 242 82
223 306 44
223 324 74
223 331 47
223 342 1
223 356 17
223 376 95
223 383 58
223 384 60
223 392 81
223 405 80
223 416 5
223 419 29
223 429 40
223 435 26
223 448 81
223 451 25
223 453 38
223 455 21
223 460 5
223 464 27
223 466 46
223 481 68
223 483 95
223 485 53
223 496 66
223 498 45
223 516 4
223 533 87
223 551 93
223 557 70
223 561 43
223 563 6
223 606 93
223 608 59
223 609 76
223 611 70
223 612 25
223 623 73
223 633 32
223 662 52
223 672 66
223 703 26
223 721 82
223 727 96
223 731 73
223 733 25
223 735 11
223 737 29
223 760 61
223 765 33
223 783 100
223 793 38
223 796 66
223 801 46
223 806 24
223 810 56
223 838 15
223 852 43
223 856 3
223 896 9
223 909 72
223 922 98
223 928 59
223 936 60
223 937 18
223 938 64
223 939 69
223 941 43
223 943 88
223 970 48
223 976 77
223 981 52
224 226 95
224 253 62
224 267 23
224 275 25
224 290 64
224 300 18
224 307 77
224 320 82
224 328 33
224 341 44
224 350 11
224 352 21
224 389 56
224 390 68
224 393 28
224 399 17
224 400 72
224 415 76
224 433 27
224 438 7
224 443 79
224 452 58
224 465 99
224 469 52
224 475 81
224 476 93
224 480 25
224 486 47
224 501 19
224 524 3
224 525 60
224 531 21
224 539 49
224 543 22
224 554 14
224 565 39
224 571 60
224 593 41
224 614 6
224 628 17
224 638 58
224 642 13
224 648 59
224 661 14
224 675 71
224 680 8
224 681 69
224 686 19
224 699 50
224 700 28
224 705 26
224 711 91
224 712 64
224 713 43
224 714 56
224 726 76
224 738 24
224 764 73
224 770 60
224 787 85
224 788 13
224 795 32
224 815 21
224 821 93
224 826 77
224 836 45
224 865 73
224 878 29
224 888 2
224 890 80
224 898 57
224 901 64
224 906 56
224 914 7
224 931 84
224 940 55
224 947 24
224 953 19
224 963 73
224 965 98
224 973 56
224 974 93
224 975 31
224 995 51
225 245 31
225 254 75
225 263 46
225 276 4
225 283 59
225 297 10
225 304 29
225 308 19
225 335 75
225 348 44
225 349 47
225 367 49
225 371 66
225 375 21
225 377 33
225 395 27
225 422 37
225 430 50
225 470 17
225 487 76
225 500 24
225 507 91
225 509 90
225 515 43
225 524 52
225 530 34
225 546 65
225 566 40
225 569 72
225 584 86
225 592 34
225 594 19
225 599 48
225 603 23
225 637 75
225 639 39
225 642 39
225 660 38
225 673 43
225 682 88
225 688 78
225 701 93
225 702 96
225 706 25
225 707 4
225 724 53
225 732 22
225 739 40
225 743 45
225 744 44
225 745 63
225 749 39
225 775 65
225 778 37
225 786 35
225 819 64
225 830 47
225 837 46
225 839 74
225 845 83
225 854 25
225 858 37
225 880 45
225 883 99
225 884 62
225 888 19
225 893 30
225 897 19
225 901 48
225 903 27
225 971 21
225 978 11
225 982 18
225 990 38
225 992 94
226 235 19
226 236 89
226 246 76
226 253 82
226 261 83
226 267 33
226 270 8
226 271 60
226 275 43
226 282 32
226 291 46
226 307 77
226 316 66
226 320 29
226 322 64
226 326 32
226 329 73
226 350 72
226 352 8
226 368 50
226 372 99
226 381 90
226 390 74
226 393 12
226 415 97
226 425 3
226 434 31
226 436 11
226 438 2
226 452 15
226 454 74
226 476 39
226 480 66
226 482 41
226 486 66
226 499 50
226 501 33
226 514 43
226 520 95
226 522 69
226 537 75
226 539 69
226 543 20
226 545 82
226 552 54
226 554 73
226 572 83
226 576 77
226 604 25
226 616 63
226 624 77
226 628 5
226 638 97
226 655 67
226 675 2
226 680 28
226 708 1
226 709 30
226 710 60
226 713 78
226 714 51
226 717 73
226 725 77
226 738 20
226 740 100
226 741 99
226 764 8
226 792 31
226 795 91
226 836 99
226 848 30
226 859 35
226 892 13
226 895 8
226 919 75
226 925 27
226 934 1
226 963 90
226 964 43
226 973 77
227 233 6
227 237 83
227 244 20
227 277 72
227 286 48
227 297 66
227 309 88
227 310 47
227 317 75
227 347 78
227 370 3
227 388 76
227 396 30
227 413 91
227 420 28
227 427 14
227 440 91
227 472 15
227 488 37
227 508 64
227 510 31
227 517 26
227 579 68
227 589 81
227 600 41
227 622 54
227 641 72
227 644 63
227 666 33
227 667 11
227 724 45
227 734 50
227 745 85
227 751 39
227 752 44
227 754 68
227 777 95
227 780 62
227 781 27
227 785 61
227 786 86
227 816 17
227 845 31
227 847 20
227 855 100
227 860 86
227 864 42
227 887 13
227 900 89
227 907 86
227 911 49
227 923 75
227 924 25
227 929 1
227 942 59
227 951 12
227 960 64
227 982 100
227 994 77
227 997 23
228 241 61
228 248 85
228 264 94
228 273 37
228 280 91
228 287 79
228 303 77
228 318 32
228 334 75
228 337 13
228 338 69
228 344 76
228 346 32
228 351 47
228 357 29
228 364 22
228 365 66
228 374 13
228 379 91
228 386 48
228 391 53
228 409 26
228 410 51
228 412 41
228 423 70
228 428 7
228 441 50
228 463 55
228 471 9
228 493 62
228 495 82
228 497 54
228 503 4
228 526 68
228 532 44
228 536 68
228 544 95
228 548 41
228 549 55
228 553 1
228 559 84
228 581 61
228 620 6
228 629 9
228 643 6
228 653 95
228 656 19
228 657 39
228 659 96
228 671 75
228 692 50
228 723 73
228 736 35
228 746 62
228 763 11
228 767 81
228 769 75
228 794 12
228 804 13
228 808 100
228 811 5
228 812 7
228 814 94
228 824 74
228 833 9
228 851 18
228 857 25
228 862 18
228 866 22
228 867 9
228 873 27
228 874 64
228 877 37
228 879 48
228 905 34
228 908 65
228 915 30
228 916 95
228 918 64
228 944 100
228 948 85
228 956 13
228 957 6
228 962 54
228 968 70
228 983 63
228 984 98
228 987 19
229 231 39
229 232 67
229 239 41
229 252 8
229 287 55
229 306 42
229 324 63
229 331 72
229 337 61
229 356 4
229 361 42
229 365 28
229 376 68
229 379 71
229 382 3
229 383 30
229 384 12
229 392 66
229 405 11
229 416 8
229 419 36
229 429 40
229 435 82
229 448 23
229 451 49
229 453 43
229 455 83
229 459 15
229 460 47
229 464 11
229 466 30
229 481 47
229 483 45
229 485 40
229 496 66
229 498 11
229 513 63
229 516 1
229 533 10
229 536 79
229 544 9
229 551 60
229 557 19
229 558 28
229 606 62
229 607 25
229 608 88
229 609 71
229 611 40
229 612 77
229 623 29
229 625 29
229 662 49
229 664 1
229 672 72
229 683 51
229 721 74
229 727 91
229 733 22
229 735 92
229 746 9
229 760 40
229 783 91
229 796 38
229 801 56
229 806 92
229 838 67
229 849 49
229 850 54
229 852 88
229 862 96
229 872 50
229 886 58
229 909 38
229 915 62
229 916 56
229 918 69
229 922 98
229 928 80
229 937 84
229 939 29
229 941 62
229 948 18
229 970 38
229 981 49
229 984 23
230 233 66
230 244 27
230 249 13
230 257 5
230 265 80
230 274 35
230 277 61
230 278 60
230 281 53
230 286 70
230 288 80
230 289 98
230 294 72
230 301 74
230 302 74
230 309 30
230 312 37
230 317 44
230 319 84
230 339 97
230 347 1
230 370 82
230 378 85
230 388 12
230 396 2
230 397 65
230 401 5
230 411 22
230 420 50
230 427 31
230 432 54
230 440 49
230 444 54
230 450 48
230 457 56
230 468 1
230 472 94
230 478 85
230 479 56
230 484 59
230 488 63
230 504 31
230 506 73
230 508 48
230 510 65
230 517 19
230 540 77
230 555 70
230 556 79
230 562 94
230 578 16
230 579 69
230 582 15
230 585 94
230 588 11
230 589 72
230 591 61
230 600 68
230 610 6
230 621 18
230 622 100
230 636 92
230 641 59
230 644 45
230 645 76
230 665 97
230 674 55
230 678 99
230 684 85
230 685 59
230 690 54
230 693 100
230 719 8
230 730 100
230 734 86
230 748 72
230 751 61
230 752 57
230 761 19
230 777 19
230 780 3
230 781 2
230 784 99
230 799 56
230 800 14
230 816 59
230 820 11
230 827 80
230 843 45
230 860 9
230 861 3
230 864 7
230 870 94
230 875 6
230 881 68
230 887 80
230 894 36
230 900 87
230 902 85
230 907 37
230 911 92
230 913 18
230 917 8
230 921 94
230 923 66
230 924 98
230 942 90
230 946 60
230 949 55
230 951 43
230 969 38
230 994 82
230 997 16
231 239 71
231 331 43
231 342 79
231 356 91
231 366 12
231 376 88
231 383 98
231 384 15
231 392 43
231 405 41
231 416 79
231 424 84
231 429 31
231 435 97
231 448 42
231 451 7
231 455 13
231 460 98
231 464 68
231 466 49
231 481 20
231 483 69
231 485 65
231 496 91
231 498 31
231 516 18
231 533 8
231 561 100
231 563 64
231 606 89
231 608 45
231 611 24
231 612 45
231 633 86
231 672 86
231 703 12
231 721 33
231 727 32
231 731 11
231 733 54
231 735 16
231 737 73
231 765 21
231 783 58
231 793 92
231 801 14
231 806 83
231 838 83
231 852 94
231 856 20
231 909 27
231 922 5
231 936 3
231 937 71
231 938 4
231 939 26
231 941 65
231 943 30
231 970 60
231 976 40
232 252 91
232 259 98
232 264 48
232 287 5
232 303 87
232 306 67
232 315 87
232 318 27
232 324 95
232 337 47
232 356 93
232 361 1
232 365 49
232 379 55
232 382 96
232 384 93
232 392 39
232 412 59
232 419 20
232 439 96
232 455 9
232 458 92
232 459 84
232 460 85
232 462 80
232 463 86
232 464 63
232 466 29
232 471 48
232 483 56
232 497 64
232 516 97
232 518 13
232 533 81
232 536 9
232 544 93
232 548 11
232 557 51
232 558 22
232 559 63
232 606 40
232 607 48
232 609 65
232 612 5
232 623 24
232 625 83
232 629 65
232 650 50
232 663 98
232 664 13
232 672 68
232 683 80
232 721 90
232 722 67
232 746 4
232 759 29
232 766 85
232 794 49
232 796 75
232 801 87
232 804 81
232 824 2
232 838 48
232 850 84
232 857 21
232 862 11
232 871 55
232 872 74
232 886 32
232 912 37
232 915 100
232 916 7
232 918 91
232 922 31
232 927 28
232 935 94
232 937 48
232 939 97
232 941 80
232 948 16
232 956 26
232 961 13
232 981 96
232 984 39
232 989 67
233 237 25
233 244 33
233 249 81
233 265 35
233 277 16
233 278 80
233 281 81
233 286 85
233 288 47
233 289 11
233 294 87
233 297 45
233 304 20
233 309 80
233 310 32
233 314 42
233 317 78
233 319 57
233 339 47
233 347 37
233 370 91
233 378 97
233 388 47
233 396 7
233 402 79
233 411 99
233 413 22
233 420 24
233 427 21
233 432 65
233 440 99
233 450 1
233 457 17
233 468 13
233 472 10
233 478 57
233 488 38
233 508 65
233 510 5
233 517 60
233 540 83
233 556 54
233 579 67
233 585 83
233 588 97
233 589 100
233 591 23
233 600 100
233 610 36
233 622 28
233 636 25
233 644 20
233 665 33
233 666 18
233 667 69
233 684 46
233 685 40
233 690 26
233 694 52
233 729 85
233 734 41
233 743 44
233 751 100
233 752 45
233 754 97
233 755 13
233 775 97
233 777 54
233 780 25
233 781 70
233 785 36
233 786 2
233 816 50
233 827 6
233 845 28
233 847 85
233 855 65
233 860 22
233 864 37
233 880 18
233 887 34
233 889 6
233 894 60
233 900 84
233 907 60
233 911 90
233 913 23
233 917 71
233 923 94
233 924 69
233 929 82
233 942 31
233 950 22
233 951 51
233 960 28
233 982 93
233 994 57
233 997 69
234 236 81
234 240 50
234 246 3
234 264 68
234 271 39
234 279 74
234 282 19
234 291 82
234 303 80
234 307 10
234 320 57
234 322 94
234 326 72
234 327 27
234 329 76
234 330 98
234 341 84
234 352 60
234 354 7
234 363 99
234 368 64
234 389 99
234 391 45
234 403 21
234 407 5
234 418 4
234 426 98
234 436 46
234 439 74
234 442 80
234 447 76
234 452 95
234 456 13
234 462 1
234 463 45
234 467 1
234 490 57
234 525 55
234 528 46
234 553 69
234 570 18
234 577 4
234 598 39
234 602 75
234 624 32
234 628 9
234 629 59
234 632 31
234 650 33
234 679 72
234 680 27
234 686 21
234 700 45
234 705 86
234 710 32
234 741 69
234 753 1
234 795 4
234 797 48
234 803 51
234 804 5
234 807 45
234 812 24
234 817 26
234 821 16
234 823 32
234 835 92
234 867 1
234 871 13
234 879 36
234 891 3
234 895 33
234 899 37
234 904 53
234 912 11
234 920 80
234 925 66
234 934 10
234 963 46
234 967 14
234 977 19
234 979 6
234 980 48
234 985 49
234 986 64
235 236 37
235 243 21
235 246 38
235 260 60
235 261 35
235 262 11
235 270 9
235 271 40
235 275 99
235 279 1
235 282 60
235 291 23
235 292 70
235 293 77
235 295 15
235 313 76
235 316 79
235 322 45
235 323 69
235 326 70
235 327 98
235 329 14
235 336 28
235 352 76
235 353 29
235 368 47
235 372 16
235 381 5
235 387 25
235 393 37
235 404 41
235 407 34
235 414 90
235 417 1
235 418 16
235 425 14
235 434 87
235 436 89
235 438 54
235 445 85
235 446 25
235 454 80
235 482 24
235 499 44
235 514 21
235 520 77
235 522 31
235 537 30
235 552 89
235 567 30
235 570 88
235 572 68
235 576 71
235 583 48
235 601 90
235 602 16
235 604 60
235 616 65
235 618 27
235 624 9
235 628 96
235 638 51
235 649 22
235 655 31
235 708 1
235 709 79
235 710 55
235 714 49
235 717 76
235 718 89
235 725 83
235 740 45
235 741 35
235 768 62
235 792 66
235 795 98
235 797 24
235 809 28
235 832 80
235 841 2
235 842 49
235 844 61
235 846 34
235 848 67
235 859 17
235 882 12
235 892 50
235 895 26
235 919 12
235 920 46
235 925 15
235 934 99
235 964 8
235 979 38
235 980 84
235 986 36
235 991 46
235 999 77
236 240 54
236 246 19
236 270 96
236 271 81
236 275 54
236 279 71
236 282 94
236 291 61
236 307 6
236 316 27
236 320 96
236 322 27
236 326 60
236 327 69
236 329 44
236 341 64
236 352 4
236 355 84
236 363 23
236 368 69
236 372 87
236 381 43
236 389 35
236 391 69
236 407 92
236 418 87
236 426 3
236 434 41
236 436 68
236 442 40
236 445 99
236 446 52
236 447 39
236 456 34
236 514 49
236 520 6
236 525 51
236 537 24
236 552 3
236 553 71
236 570 80
236 572 20
236 576 65
236 577 76
236 602 31
236 624 84
236 628 89
236 629 47
236 632 42
236 638 74
236 679 26
236 680 71
236 686 77
236 708 21
236 710 15
236 718 44
236 723 84
236 740 30
236 741 29
236 753 66
236 795 44
236 797 27
236 804 98
236 807 66
236 809 91
236 812 84
236 817 36
236 823 89
236 831 35
236 844 35
236 867 62
236 879 100
236 891 53
236 895 25
236 899 25
236 919 64
236 920 35
236 925 43
236 934 51
236 963 53
236 967 23
236 977 32
236 979 75
236 980 26
236 985 15
236 986 9
237 244 15
237 245 94
237 249 78
237 254 62
237 277 99
237 286 94
237 297 21
237 304 97
237 309 33
237 310 11
237 314 28
237 317 41
237 347 61
237 349 36
237 370 26
237 388 99
237 396 28
237 413 69
237 420 29
237 427 47
237 440 98
237 472 55
237 488 51
237 508 53
237 510 99
237 517 82
237 546 86
237 579 42
237 584 52
237 589 66
237 592 35
237 644 7
237 666 30
237 667 79
237 694 54
237 724 7
237 734 77
237 743 25
237 745 95
237 751 63
237 754 90
237 775 72
237 777 82
237 780 1
237 781 9
237 785 61
237 786 19
237 816 28
237 830 19
237 845 93
237 847 46
237 854 86
237 855 43
237 860 89
237 864 73
237 887 2
237 907 56
237 923 74
237 924 59
237 929 24
237 942 18
237 960 83
237 982 80
237 994 35
237 997 100
238 249 90
238 251 78
238 254 21
238 257 62
238 266 83
238 276 12
238 278 30
238 281 79
238 290 40
238 294 84
238 297 21
238 304 91
238 314 79
238 333 87
238 396 58
238 402 26
238 408 81
238 413 44
238 421 73
238 422 9
238 430 98
238 432 58
238 440 31
238 443 43
238 467 78
238 475 36
238 478 59
238 492 21
238 500 16
238 507 78
238 509 7
238 524 56
238 531 79
238 534 50
238 540 38
238 546 85
238 556 70
238 560 79
238 569 63
238 571 48
238 584 58
238 589 34
238 592 53
238 597 93
238 603 63
238 614 60
238 637 82
238 640 14
238 642 73
238 660 58
238 661 68
238 673 53
238 681 61
238 684 52
238 685 72
238 688 50
238 694 20
238 700 17
238 726 40
238 729 47
238 743 97
238 745 38
238 749 39
238 751 7
238 754 30
238 755 38
238 756 68
238 775 51
238 779 2
238 781 15
238 786 52
238 787 7
238 789 52
238 798 98
238 821 47
238 835 57
238 839 15
238 854 40
238 858 85
238 880 50
238 884 1
238 887 71
238 889 70
238 890 6
238 893 68
238 894 14
238 898 43
238 901 47
238 913 7
238 917 59
238 923 44
238 931 40
238 932 95
238 942 37
238 950 79
238 955 38
238 965 25
238 971 1
238 978 48
238 982 9
238 997 10
239 306 84
239 325 98
239 331 71
239 340 80
239 342 27
239 366 68
239 376 82
239 383 12
239 384 78
239 392 6
239 405 3
239 406 90
239 416 50
239 424 73
239 429 32
239 435 3
239 448 1
239 455 76
239 459 28
239 460 27
239 466 49
239 481 73
239 483 39
239 485 85
239 496 79
239 512 27
239 513 34
239 516 86
239 544 60
239 557 69
239 561 86
239 574 13
239 586 84
239 596 35
239 606 73
239 608 87
239 611 69
239 612 3
239 634 76
239 672 29
239 721 65
239 727 34
239 731 73
239 733 51
239 737 21
239 765 1
239 783 22
239 793 60
239 801 41
239 806 79
239 838 96
239 852 83
239 862 90
239 909 78
239 916 83
239 922 76
239 936 81
239 937 44
239 939 87
239 941 68
239 943 73
239 945 93
239 976 57
240 246 59
240 264 79
240 279 28
240 282 87
240 291 27
240 303 73
240 315 67
240 320 2
240 322 17
240 326 75
240 327 11
240 329 46
240 330 30
240 341 37
240 352 38
240 354 75
240 363 21
240 368 84
240 389 98
240 391 21
240 403 45
240 407 55
240 418 23
240 426 44
240 439 30
240 442 80
240 447 50
240 456 85
240 462 50
240 463 4
240 467 21
240 471 10
240 490 100
240 525 21
240 528 93
240 553 90
240 570 64
240 577 23
240 598 82
240 602 86
240 624 85
240 626 100
240 628 94
240 629 28
240 632 30
240 640 1
240 650 100
240 671 81
240 679 56
240 680 94
240 686 11
240 700 3
240 705 72
240 710 85
240 723 1
240 736 19
240 741 26
240 753 52
240 759 51
240 794 61
240 795 96
240 797 83
240 803 48
240 804 22
240 807 80
240 812 19
240 817 22
240 821 35
240 823 89
240 824 85
240 835 32
240 851 79
240 867 24
240 871 38
240 879 84
240 891 11
240 895 66
240 899 31
240 904 33
240 912 49
240 920 6
240 925 17
240 934 96
240 963 2
240 967 48
240 977 81
240 979 86
240 980 43
240 985 62
240 986 67
241 248 6
241 273 69
241 280 60
241 334 97
241 338 65
241 344 56
241 346 91
241 351 45
241 357 6
241 364 43
241 365 8
241 374 89
241 386 15
241 409 57
241 410 46
241 412 51
241 423 89
241 428 38
241 441 94
241 473 81
241 493 20
241 495 53
241 503 73
241 526 20
241 532 93
241 538 59
241 548 85
241 549 57
241 559 19
241 580 25
241 581 60
241 613 95
241 620 72
241 627 83
241 630 16
241 643 57
241 653 84
241 656 87
241 657 34
241 659 19
241 671 48
241 692 62
241 736 6
241 763 28
241 767 77
241 769 26
241 811 34
241 814 5
241 822 45
241 828 32
241 833 10
241 851 13
241 857 68
241 863 71
241 866 31
241 873 64
241 874 15
241 877 81
241 905 78
241 908 91
241 915 28
241 944 80
241 954 35
241 957 38
241 962 10
241 968 43
241 983 76
241 987 19
242 258 71
242 272 3
242 274 44
242 311 60
242 321 34
242 332 46
242 356 13
242 360 97
242 376 18
242 383 10
242 394 96
242 405 65
242 437 54
242 448 32
242 451 22
242 453 89
242 485 97
242 498 10
242 502 17
242 519 100
242 521 66
242 527 28
242 529 7
242 533 81
242 541 94
242 542 28
242 547 31
242 551 48
242 555 61
242 561 32
242 563 10
242 568 66
242 608 9
242 611 70
242 623 61
242 633 97
242 646 56
242 651 69
242 662 33
242 670 69
242 676 34
242 693 99
242 697 11
242 698 85
242 703 65
242 720 56
242 721 72
242 727 8
242 733 34
242 735 99
242 758 69
242 760 54
242 762 60
242 782 10
242 793 56
242 801 47
242 806 73
242 810 70
242 820 54
242 834 38
242 849 76
242 856 96
242 868 80
242 896 79
242 909 19
242 922 68
242 928 30
242 930 77
242 938 65
242 946 15
242 949 30
242 958 52
242 970 98
242 976 37
242 996 89
243 250 52
243 260 78
243 261 93
243 262 43
243 292 12
243 293 54
243 295 45
243 313 6
243 323 36
243 353 9
243 359 39
243 372 36
243 385 13
243 387 69
243 404 94
243 417 23
243 425 26
243 454 77
243 482 21
243 499 71
243 514 66
243 537 74
243 567 74
243 583 35
243 601 14
243 604 52
243 615 60
243 618 76
243 691 26
243 717 97
243 718 4
243 725 13
243 740 22
243 768 82
243 805 87
243 825 18
243 832 51
243 842 70
243 846 12
243 848 68
243 876 64
243 910 2
243 919 79
243 999 66
244 265 57
244 277 85
244 286 39
244 288 4
244 294 95
244 309 83
244 310 33
244 317 36
244 319 66
244 339 81
244 347 51
244 370 2
244 378 47
244 388 50
244 396 84
244 401 94
244 411 45
244 420 32
244 427 94
244 444 40
244 472 37
244 477 23
244 479 39
244 484 44
244 488 76
244 508 39
244 510 17
244 517 95
244 562 9
244 578 62
244 579 74
244 588 32
244 589 64
244 591 13
244 600 55
244 610 1
244 621 97
244 622 92
244 636 93
244 641 66
244 644 43
244 647 68
244 665 89
244 666 60
244 667 95
244 690 80
244 734 87
244 751 88
244 752 27
244 777 86
244 780 6
244 781 85
244 785 73
244 816 2
244 827 100
244 843 64
244 847 47
244 855 49
244 860 73
244 864 49
244 881 93
244 900 15
244 907 53
244 911 79
244 923 52
244 924 5
244 929 87
244 942 24
244 951 47
244 960 81
244 969 85
244 994 91
244 997 19
245 254 29
245 276 73
245 297 44
245 304 29
245 308 97
245 335 81
245 348 15
245 349 55
245 371 30
245 375 77
245 413 48
245 422 88
245 430 17
245 470 19
245 500 52
245 507 49
245 509 69
245 530 63
245 546 20
245 569 92
245 584 49
245 592 19
245 594 73
245 603 6
245 637 86
245 639 56
245 660 60
245 667 76
245 673 37
245 682 81
245 688 17
245 701 97
245 707 97
245 724 93
245 743 32
245 744 14
245 745 21
245 749 74
245 754 16
245 775 71
245 786 60
245 830 31
245 837 14
245 845 84
245 847 79
245 854 97
245 855 94
245 858 65
245 883 83
245 884 40
245 893 57
245 903 37
245 929 83
245 978 24
245 982 75
245 992 74
246 260 11
246 270 22
246 271 11
246 275 58
246 279 98
246 282 43
246 291 89
246 316 81
246 320 59
246 322 12
246 326 16
246 327 87
246 329 52
246 341 100
246 352 24
246 355 67
246 363 8
246 368 68
246 372 42
246 381 19
246 387 23
246 389 72
246 391 71
246 404 27
246 407 72
246 418 19
246 425 83
246 434 40
246 436 6
246 445 70
246 446 51
246 447 89
246 456 12
246 514 6
246 520 63
246 537 67
246 552 58
246 553 17
246 567 73
246 570 40
246 572 91
246 576 23
246 577 53
246 602 50
246 624 13
246 628 10
246 632 63
246 638 87
246 669 55
246 679 78
246 680 27
246 686 85
246 708 70
246 710 82
246 718 98
246 723 20
246 725 62
246 740 90
246 741 26
246 753 11
246 795 25
246 797 13
246 807 21
246 809 29
246 812 33
246 817 75
246 823 19
246 831 13
246 841 18
246 844 39
246 895 5
246 899 75
246 919 92
246 920 75
246 925 15
246 934 46
246 963 70
246 964 49
246 967 69
246 979 75
246 980 31
246 986 18
247 256 43
247 280 86
247 296 16
247 336 100
247 343 23
247 345 39
247 353 62
247 355 88
247 358 39
247 359 99
247 380 22
247 391 8
247 404 49
247 407 79
247 410 58
247 414 35
247 445 14
247 446 4
247 473 99
247 495 93
247 503 66
247 523 97
247 567 46
247 570 64
247 601 31
247 615 10
247 627 13
247 631 18
247 635 91
247 649 10
247 654 80
247 668 46
247 669 71
247 704 98
247 723 64
247 742 59
247 757 53
247 763 6
247 767 83
247 768 18
247 771 55
247 774 41
247 808 37
247 831 84
247 840 12
247 841 69
247 844 94
247 882 54
247 926 5
247 954 13
247 959 2
247 966 33
247 986 66
247 991 85
247 998 52
248 256 31
248 273 43
248 280 69
248 334 64
248 338 26
248 344 12
248 346 93
248 351 9
248 357 12
248 358 76
248 374 11
248 409 77
248 410 31
248 423 26
248 428 79
248 441 79
248 473 8
248 493 58
248 495 90
248 503 100
248 526 74
248 532 10
248 538 44
248 549 99
248 580 38
248 581 73
248 620 79
248 627 92
248 643 87
248 656 53
248 659 2
248 668 13
248 692 64
248 757 82
248 763 84
248 767 53
248 769 73
248 771 11
248 774 25
248 808 48
248 814 99
248 822 19
248 833 88
248 866 71
248 873 64
248 874 11
248 905 18
248 908 48
248 926 71
248 944 90
248 954 99
248 957 10
248 966 95
248 983 68
248 987 33
249 251 8
249 255 83
249 257 46
249 265 100
249 266 69
249 278 88
249 281 26
249 289 48
249 294 73
249 297 86
249 304 28
249 309 33
249 310 79
249 314 65
249 317 34
249 319 32
249 333 63
249 339 65
249 347 21
249 370 17
249 378 53
249 388 97
249 396 94
249 397 6
249 398 93
249 402 94
249 411 27
249 413 50
249 420 79
249 421 25
249 427 4
249 432 24
249 440 34
249 450 38
249 457 36
249 468 10
249 472 39
249 474 45
249 478 33
249 488 67
249 489 56
249 492 25
249 506 11
249 517 6
249 534 55
249 540 73
249 556 21
249 560 71
249 585 19
249 589 44
249 591 99
249 597 46
249 610 65
249 636 63
249 644 1
249 645 25
249 658 90
249 665 97
249 666 52
249 674 46
249 684 31
249 685 57
249 688 53
249 690 69
249 694 1
249 729 27
249 734 97
249 743 98
249 748 100
249 751 57
249 754 6
249 755 35
249 756 37
249 775 27
249 777 50
249 779 100
249 781 15
249 785 95
249 786 77
249 789 6
249 798 92
249 827 29
249 860 32
249 875 73
249 880 71
249 885 14
249 887 72
249 889 79
249 894 100
249 900 68
249 907 26
249 913 54
249 917 55
249 923 51
249 929 49
249 932 66
249 942 21
249 950 49
249 952 6
249 960 19
249 994 70
249 997 16
250 260 43
250 261 95
250 262 22
250 292 96
250 293 10
250 295 66
250 313 23
250 323 76
250 336 57
250 353 5
250 359 77
250 380 66
250 385 67
250 387 35
250 404 50
250 417 72
250 425 78
250 454 97
250 482 33
250 499 33
250 567 9
250 583 15
250 601 78
250 604 89
250 615 10
250 618 24
250 649 62
250 691 29
250 717 40
250 725 26
250 768 32
250 805 96
250 825 24
250 832 62
250 842 73
250 846 79
250 848 65
250 876 31
250 882 60
250 910 3
250 999 18
251 254 59
251 266 73
251 276 99
251 281 12
251 290 3
251 297 4
251 304 6
251 314 24
251 333 42
251 348 4
251 396 64
251 402 95
251 408 27
251 413 89
251 421 1
251 422 53
251 430 26
251 440 74
251 443 79
251 467 91
251 492 54
251 500 51
251 507 47
251 509 64
251 524 26
251 530 24
251 531 33
251 534 85
251 540 58
251 546 12
251 556 37
251 560 26
251 569 8
251 571 44
251 584 23
251 589 94
251 592 36
251 597 14
251 603 10
251 614 97
251 637 57
251 639 73
251 642 16
251 660 2
251 661 100
251 673 96
251 681 81
251 684 28
251 685 80
251 688 87
251 694 41
251 700 48
251 724 84
251 726 30
251 729 9
251 743 38
251 745 63
251 749 53
251 751 47
251 754 81
251 755 50
251 775 27
251 779 45
251 781 85
251 786 52
251 787 13
251 789 84
251 821 100
251 839 17
251 854 85
251 858 73
251 880 46
251 884 79
251 887 52
251 888 51
251 889 48
251 890 19
251 893 8
251 894 3
251 898 36
251 901 65
251 923 57
251 929 46
251 931 13
251 932 60
251 942 56
251 950 89
251 955 65
251 965 44
251 971 26
251 978 16
251 982 94
251 997 3
252 255 34
252 259 25
252 287 28
252 303 7
252 305 2
252 315 43
252 318 82
252 324 91
252 337 5
252 356 71
252 361 87
252 379 54
252 382 53
252 384 49
252 392 51
252 397 36
252 403 5
252 419 2
252 437 52
252 439 10
252 455 66
252 458 83
252 462 26
252 464 82
252 466 91
252 471 5
252 474 14
252 489 72
252 497 8
252 498 72
252 511 61
252 518 75
252 521 99
252 528 72
252 533 58
252 536 9
252 551 82
252 558 96
252 606 52
252 607 57
252 609 15
252 612 21
252 623 1
252 625 11
252 626 11
252 645 72
252 650 50
252 658 53
252 662 58
252 663 7
252 664 59
252 672 82
252 674 25
252 678 80
252 683 2
252 719 53
252 721 79
252 722 97
252 730 57
252 746 48
252 758 79
252 759 77
252 760 11
252 766 50
252 784 70
252 794 17
252 796 48
252 799 19
252 801 51
252 824 47
252 849 16
252 850 75
252 853 15
252 870 2
252 871 11
252 872 70
252 875 94
252 885 86
252 886 86
252 904 92
252 912 48
252 918 68
252 922 52
252 927 93
252 928 44
252 935 35
252 937 84
252 939 36
252 941 61
252 948 43
252 952 47
252 961 94
252 977 71
252 981 41
252 984 38
252 989 13
253 267 97
253 275 31
253 282 39
253 300 35
253 307 54
253 320 72
253 350 39
253 352 95
253 390 56
253 393 21
253 399 19
253 400 100
253 415 44
253 433 63
253 438 66
253 443 85
253 452 100
253 465 52
253 469 31
253 476 24
253 480 80
253 486 94
253 501 76
253 520 99
253 522 42
253 539 49
253 543 64
253 545 83
253 554 99
253 565 23
253 572 56
253 576 40
253 593 19
253 616 30
253 628 19
253 638 62
253 648 20
253 655 54
253 675 50
253 699 34
253 709 24
253 712 75
253 713 71
253 714 22
253 738 97
253 764 45
253 770 65
253 787 43
253 788 87
253 792 21
253 795 64
253 815 75
253 826 3
253 836 3
253 859 75
253 865 61
253 878 14
253 892 42
253 906 65
253 914 34
253 940 7
253 947 95
253 953 69
253 963 39
253 964 46
253 973 96
253 974 58
253 975 92
254 266 70
254 276 32
254 297 88
254 304 70
254 310 49
254 314 7
254 335 33
254 348 2
254 349 96
254 402 67
254 408 69
254 413 64
254 421 47
254 422 8
254 430 1
254 440 64
254 470 99
254 488 69
254 500 17
254 507 59
254 509 56
254 524 41
254 530 34
254 546 44
254 569 71
254 571 82
254 584 77
254 592 45
254 594 85
254 603 54
254 637 15
254 639 81
254 642 15
254 660 41
254 661 88
254 667 96
254 673 62
254 682 52
254 688 80
254 694 78
254 701 62
254 707 12
254 724 51
254 726 18
254 743 31
254 745 9
254 749 21
254 751 2
254 754 98
254 775 94
254 786 39
254 789 21
254 830 25
254 837 98
254 839 52
254 845 14
254 854 80
254 855 55
254 858 7
254 880 42
254 883 49
254 884 47
254 887 79
254 888 21
254 889 76
254 890 60
254 893 39
254 898 64
254 901 61
254 903 77
254 923 34
254 929 28
254 942 58
254 950 53
254 971 33
254 978 31
254 982 67
255 257 44
255 259 22
255 265 88
255 274 43
255 278 36
255 281 88
255 289 64
255 294 90
255 302 13
255 305 31
255 312 5
255 315 26
255 319 66
255 324 62
255 330 91
255 333 19
255 339 79
255 361 56
255 378 72
255 382 78
255 397 62
255 398 3
255 402 41
255 403 37
255 419 78
255 432 68
255 437 83
255 439 17
255 450 88
255 457 23
255 458 90
255 462 79
255 468 62
255 474 15
255 478 84
255 489 100
255 490 57
255 506 64
255 511 32
255 518 5
255 521 68
255 528 39
255 534 32
255 540 42
255 551 81
255 556 70
255 558 65
255 560 72
255 582 87
255 585 8
255 591 85
255 597 17
255 598 50
255 607 17
255 610 68
255 623 71
255 625 88
255 626 24
255 640 54
255 645 31
255 658 48
255 663 95
255 664 37
255 665 80
255 674 29
255 678 27
255 683 53
255 684 64
255 685 24
255 690 92
255 719 81
255 722 64
255 729 59
255 730 41
255 748 93
255 755 69
255 756 97
255 758 7
255 759 57
255 761 50
255 762 70
255 766 21
255 779 4
255 781 55
255 784 36
255 798 94
255 799 97
255 800 27
255 803 74
255 835 58
255 849 2
255 850 6
255 853 87
255 870 69
255 871 81
255 875 77
255 885 45
255 886 41
255 894 24
255 900 93
255 904 22
255 912 30
255 913 22
255 917 85
255 927 68
255 932 87
255 935 51
255 946 25
255 949 63
255 952 84
255 961 74
255 989 26
256 273 30
256 280 15
256 296 35
256 336 33
256 338 29
256 343 5
256 345 30
256 351 41
256 355 97
256 357 27
256 358 66
256 374 5
256 391 11
256 410 17
256 414 76
256 441 25
256 445 81
256 446 17
256 473 90
256 495 69
256 503 93
256 523 16
256 532 1
256 580 11
256 627 47
256 631 98
256 635 51
256 654 56
256 668 8
256 669 15
256 704 5
256 723 18
256 742 59
256 757 41
256 763 91
256 767 44
256 771 92
256 774 96
256 808 47
256 831 7
256 840 41
256 841 67
256 844 13
256 882 79
256 905 51
256 926 64
256 954 15
256 957 19
256 959 39
256 966 90
256 983 47
256 991 45
256 998 61
257 259 58
257 265 62
257 266 85
257 278 43
257 281 86
257 289 51
257 294 99
257 305 83
257 314 19
257 317 60
257 319 44
257 330 67
257 333 32
257 339 91
257 378 49
257 382 89
257 388 35
257 396 54
257 397 93
257 398 72
257 402 75
257 403 97
257 421 58
257 432 62
257 439 27
257 440 74
257 450 92
257 457 14
257 467 99
257 468 13
257 474 52
257 478 34
257 489 30
257 490 74
257 492 44
257 506 16
257 511 59
257 518 24
257 528 69
257 534 35
257 540 100
257 556 58
257 560 79
257 585 68
257 589 5
257 591 63
257 597 81
257 598 84
257 607 41
257 610 13
257 626 7
257 640 2
257 645 78
257 658 68
257 663 82
257 665 20
257 674 73
257 678 21
257 684 69
257 685 48
257 690 16
257 694 80
257 700 77
257 719 75
257 722 7
257 729 52
257 748 88
257 751 31
257 755 17
257 756 12
257 761 73
257 766 94
257 777 6
257 779 47
257 781 89
257 784 20
257 798 59
257 799 25
257 800 12
257 803 89
257 835 58
257 853 21
257 871 29
257 875 46
257 885 64
257 887 64
257 889 75
257 894 7
257 900 63
257 904 98
257 912 48
257 913 28
257 917 86
257 923 23
257 927 55
257 932 62
257 935 65
257 942 57
257 950 59
257 952 71
257 955 95
257 961 91
257 989 30
258 268 99
258 269 24
258 272 37
258 274 78
258 284 12
258 285 11
258 288 74
258 298 75
258 301 26
258 311 89
258 312 7
258 321 13
258 332 68
258 360 6
258 394 35
258 453 11
258 479 70
258 484 12
258 491 35
258 494 19
258 502 93
258 504 29
258 505 74
258 519 75
258 527 52
258 529 88
258 541 38
258 542 28
258 547 74
258 555 46
258 568 68
258 578 68
258 587 17
258 605 28
258 617 73
258 646 65
258 647 4
258 651 79
258 652 62
258 670 57
258 676 4
258 687 10
258 689 28
258 693 5
258 697 13
258 698 55
258 715 33
258 716 11
258 720 83
258 747 3
258 750 62
258 758 60
258 762 70
258 772 12
258 776 76
258 782 76
258 791 18
258 810 32
258 820 17
258 829 32
258 834 81
258 843 54
258 861 6
258 868 91
258 869 58
258 881 35
258 896 24
258 902 58
258 921 18
258 930 29
258 946 14
258 949 71
258 958 94
258 969 89
258 996 45
259 281 31
259 303 98
259 305 32
259 315 82
259 324 34
259 330 35
259 337 93
259 361 18
259 379 91
259 382 32
259 397 74
259 398 14
259 403 51
259 419 67
259 439 87
259 450 10
259 458 95
259 462 5
259 471 71
259 474 76
259 489 32
259 490 90
259 506 77
259 511 15
259 518 98
259 528 11
259 534 30
259 558 32
259 560 65
259 585 64
259 597 38
259 598 75
259 607 32
259 609 15
259 623 67
259 625 69
259 626 56
259 640 42
259 645 44
259 650 78
259 658 45
259 663 72
259 664 29
259 674 58
259 678 86
259 683 25
259 685 55
259 719 29
259 722 15
259 729 45
259 746 56
259 748 34
259 755 91
259 756 89
259 759 70
259 766 51
259 779 72
259 784 81
259 794 15
259 798 38
259 799 72
259 803 82
259 804 41
259 824 59
259 835 7
259 849 36
259 850 79
259 853 36
259 871 100
259 872 94
259 875 56
259 885 54
259 886 70
259 894 42
259 904 55
259 912 71
259 913 73
259 927 92
259 932 17
259 935 40
259 952 81
259 961 83
259 977 18
259 981 56
259 989 94
260 261 19
260 262 72
260 270 16
260 271 24
260 292 35
260 293 44
260 295 21
260 296 18
260 313 80
260 316 91
260 322 29
260 323 36
260 326 25
260 329 69
260 336 82
260 345 58
260 353 7
260 359 80
260 372 50
260 380 58
260 381 53
260 385 22
260 387 100
260 404 22
260 407 7
260 414 50
260 417 15
260 425 58
260 434 93
260 436 15
260 445 4
260 446 39
260 454 24
260 482 95
260 499 54
260 514 55
260 520 36
260 523 42
260 537 81
260 552 37
260 567 2
260 570 79
260 572 11
260 576 6
260 583 24
260 601 79
260 602 61
260 604 28
260 615 46
260 618 18
260 649 96
260 654 75
260 691 24
260 704 78
260 708 40
260 717 77
260 718 10
260 725 37
260 740 97
260 741 85
260 768 3
260 805 16
260 809 72
260 825 2
260 832 60
260 840 39
260 841 40
260 842 48
260 844 34
260 846 59
260 848 2
260 876 40
260 882 89
260 892 49
260 895 94
260 910 13
260 919 55
260 959 100
260 991 88
260 998 92
260 999 12
261 262 26
261 270 99
261 271 48
261 275 58
261 282 60
261 292 32
261 293 48
261 295 97
261 313 36
261 316 43
261 322 46
261 323 68
261 326 82
261 329 14
261 353 26
261 372 5
261 381 23
261 385 73
261 387 59
261 404 71
261 417 23
261 425 11
261 434 31
261 436 7
261 438 35
261 454 82
261 482 39
261 499 99
261 514 78
261 520 25
261 522 57
261 537 57
261 545 49
261 552 30
261 567 33
261 572 77
261 576 6
261 583 93
261 601 47
261 604 36
261 616 39
261 618 9
261 628 6
261 649 53
261 655 87
261 691 24
261 708 97
261 709 94
261 714 15
261 717 89
261 718 23
261 725 8
261 740 56
261 741 48
261 768 45
261 792 4
261 809 98
261 832 31
261 842 92
261 846 31
261 848 9
261 859 91
261 892 86
261 895 92
261 919 65
261 964 25
261 999 62
262 292 36
262 293 48
262 295 100
262 296 6
262 313 98
262 316 70
262 323 48
262 336 82
262 345 95
262 353 53
262 359 26
262 372 21
262 380 15
262 385 55
262 387 77
262 404 69
262 414 4
262 417 95
262 425 100
262 446 6
262 454 40
262 482 73
262 499 54
262 523 84
262 567 58
262 583 51
262 601 24
262 604 59
262 615 16
262 618 22
262 649 36
262 654 79
262 691 80
262 717 67
262 718 46
262 725 84
262 742 28
262 768 48
262 805 74
262 809 85
262 825 77
262 832 2
262 840 49
262 841 79
262 842 82
262 844 46
262 846 41
262 848 36
262 876 49
262 882 42
262 910 46
262 919 9
262 959 79
262 991 97
262 998 16
262 999 2
263 276 23
263 283 84
263 300 60
263 308 75
263 328 77
263 335 16
263 348 74
263 362 96
263 367 74
263 371 10
263 375 86
263 377 60
263 395 53
263 430 80
263 433 46
263 470 84
263 487 83
263 500 94
263 507 84
263 515 11
263 524 83
263 530 30
263 566 85
263 569 44
263 594 54
263 599 99
263 603 39
263 614 98
263 619 35
263 642 56
263 660 56
263 661 99
263 673 30
263 701 99
263 702 17
263 706 5
263 707 71
263 732 78
263 739 84
263 744 75
263 770 75
263 773 66
263 778 14
263 802 1
263 818 91
263 819 70
263 837 66
263 883 89
263 888 69
263 897 9
263 901 55
263 903 39
263 953 74
263 975 13
263 978 49
263 990 34
263 992 48
263 995 45
264 273 61
264 280 34
264 287 83
264 303 20
264 315 30
264 318 21
264 334 30
264 337 37
264 344 71
264 357 88
264 363 57
264 374 9
264 379 92
264 386 21
264 391 98
264 403 43
264 409 69
264 412 91
264 439 92
264 456 22
264 458 92
264 462 66
264 463 38
264 471 37
264 490 93
264 493 67
264 497 26
264 528 42
264 532 25
264 548 16
264 553 25
264 577 98
264 581 100
264 629 70
264 632 72
264 650 34
264 653 84
264 656 52
264 657 87
264 664 73
264 671 23
264 683 88
264 723 10
264 736 36
264 746 90
264 753 50
264 759 6
264 769 4
264 794 4
264 804 48
264 808 49
264 811 63
264 812 96
264 817 81
264 823 98
264 824 71
264 833 83
264 851 77
264 857 2
264 867 31
264 871 45
264 872 74
264 879 32
264 886 31
264 899 41
264 905 23
264 912 93
264 915 95
264 918 44
264 927 50
264 948 33
264 956 4
264 962 54
264 967 85
264 977 96
264 979 45
264 980 6
264 984 43
264 986 55
265 274 23
265 277 23
265 278 97
265 281 38
265 286 47
265 288 85
265 289 8
265 294 21
265 301 94
265 302 74
265 309 10
265 312 97
265 317 44
265 319 48
265 339 47
265 347 83
265 370 70
265 378 94
265 388 34
265 396 2
265 397 25
265 411 14
265 420 62
265 427 38
265 432 22
265 437 41
265 440 44
265 444 100
265 450 29
265 457 6
265 468 13
265 472 19
265 474 18
265 478 72
265 479 52
265 484 55
265 504 21
265 506 79
265 508 78
265 517 65
265 521 69
265 540 11
265 555 22
265 556 52
265 578 61
265 579 72
265 582 68
265 585 97
265 588 76
265 589 71
265 591 75
265 610 4
265 621 52
265 622 82
265 636 18
265 644 72
265 645 26
265 658 28
265 663 58
265 665 100
265 674 84
265 678 41
265 684 11
265 685 99
265 690 26
265 693 64
265 719 32
265 729 1
265 730 15
265 734 93
265 748 17
265 751 15
265 752 91
265 755 28
265 756 18
265 761 3
265 777 23
265 780 44
265 781 36
265 784 31
265 799 36
265 800 14
265 816 20
265 820 71
265 827 27
265 843 51
265 860 87
265 861 55
265 864 53
265 870 99
265 875 23
265 881 80
265 887 60
265 894 30
265 900 94
265 907 6
265 911 28
265 913 84
265 917 15
265 921 45
265 923 18
265 924 16
265 942 99
265 946 69
265 949 9
265 951 78
265 969 1
265 994 81
265 997 12
266 278 98
266 281 49
266 290 93
266 294 88
266 297 40
266 304 73
266 314 57
266 330 17
266 333 66
266 354 3
266 396 97
266 398 85
266 402 86
266 408 88
266 421 35
266 422 63
266 426 8
266 430 24
266 432 54
266 440 7
266 443 57
266 467 10
266 475 91
266 478 33
266 489 89
266 492 16
266 507 86
266 509 78
266 531 21
266 534 48
266 540 36
266 546 74
266 556 23
266 560 65
266 571 62
266 584 24
266 585 79
266 589 21
266 592 66
266 597 7
266 637 3
266 640 100
266 642 5
266 661 19
266 665 88
266 673 61
266 681 75
266 684 49
266 685 45
266 688 72
266 694 31
266 700 66
266 705 41
266 711 31
266 726 13
266 729 48
266 743 40
266 748 28
266 749 36
266 751 86
266 755 20
266 756 88
266 775 90
266 779 54
266 781 57
266 789 99
266 798 33
266 803 90
266 821 13
266 835 42
266 839 1
266 853 42
266 858 94
266 880 80
266 885 30
266 887 72
266 889 66
266 890 4
266 893 2
266 894 15
266 898 41
266 913 47
266 917 65
266 923 49
266 931 55
266 932 85
266 942 1
266 950 84
266 952 20
266 955 7
266 965 11
266 971 14
266 978 70
266 985 24
266 997 12
267 270 79
267 275 90
267 282 68
267 307 33
267 320 23
267 350 100
267 352 20
267 381 11
267 390 52
267 393 22
267 399 25
267 415 10
267 434 56
267 438 95
267 452 83
267 465 3
267 469 22
267 476 81
267 480 76
267 486 86
267 501 87
267 514 81
267 520 71
267 522 39
267 537 64
267 539 96
267 543 7
267 545 43
267 552 40
267 554 20
267 565 79
267 572 89
267 576 98
267 593 39
267 616 70
267 624 69
267 628 87
267 638 85
267 655 80
267 675 76
267 699 2
267 709 70
267 712 21
267 713 53
267 714 68
267 738 50
267 740 64
267 741 3
267 764 94
267 792 40
267 795 16
267 815 51
267 836 59
267 859 27
267 878 85
267 892 23
267 925 75
267 940 16
267 947 34
267 963 55
267 964 5
267 973 17
267 974 8
268 269 48
268 284 82
268 285 58
268 286 83
268 288 23
268 298 67
268 301 31
268 401 29
268 444 77
268 477 15
268 479 47
268 484 16
268 491 21
268 494 2
268 502 24
268 504 80
268 505 68
268 562 32
268 568 73
268 578 67
268 587 30
268 588 2
268 600 78
268 605 71
268 617 40
268 621 68
268 622 75
268 641 59
268 647 79
268 652 60
268 670 67
268 687 34
268 689 47
268 697 28
268 715 6
268 716 85
268 747 90
268 750 57
268 752 71
268 772 1
268 776 21
268 791 4
268 829 96
268 843 49
268 861 14
268 869 44
268 881 81
268 902 22
268 911 100
268 921 18
268 951 59
268 969 23
269 284 22
269 285 61
269 298 67
269 301 18
269 311 32
269 321 36
269 360 33
269 394 22
269 401 38
269 477 57
269 479 78
269 484 51
269 491 7
269 494 99
269 502 74
269 504 48
269 505 55
269 519 17
269 527 82
269 529 38
269 541 30
269 542 5
269 547 70
269 555 18
269 568 16
269 578 31
269 587 11
269 605 32
269 617 6
269 646 6
269 647 4
269 652 81
269 670 100
269 676 2
269 687 44
269 689 20
269 697 31
269 698 18
269 715 99
269 716 4
269 720 40
269 747 12
269 750 55
269 772 37
269 776 52
269 782 60
269 791 86
269 820 13
269 829 32
269 834 90
269 843 86
269 861 89
269 868 53
269 869 84
269 881 40
269 902 67
269 921 62
269 930 59
269 969 14
269 996 54
270 271 53
270 275 17
270 279 53
270 282 69
270 291 26
270 292 5
270 293 37
270 295 18
270 316 97
270 322 13
270 326 97
270 327 13
270 329 15
270 352 72
270 353 61
270 368 97
270 372 82
270 381 51
270 387 34
270 393 68
270 404 60
270 407 8
270 418 50
270 425 10
270 434 7
270 436 99
270 438 95
270 446 32
270 447 18
270 454 48
270 482 69
270 499 36
270 514 36
270 520 80
270 522 19
270 537 11
270 545 60
270 552 41
270 567 55
270 570 17
270 572 34
270 576 27
270 583 82
270 602 63
270 604 76
270 616 80
270 618 38
270 624 57
270 628 53
270 638 70
270 649 54
270 655 74
270 680 66
270 708 44
270 709 13
270 710 21
270 714 1
270 717 51
270 718 89
270 725 17
270 738 98
270 740 72
270 741 36
270 768 56
270 792 8
270 795 51
270 797 14
270 807 58
270 809 87
270 832 95
270 841 22
270 842 82
270 844 51
270 848 32
270 859 83
270 892 68
270 895 3
270 919 84
270 920 9
270 925 79
270 934 59
270 963 34
270 964 62
270 979 60
270 980 72
270 986 95
270 991 51
271 275 86
271 279 100
271 282 33
271 291 26
271 293 96
271 316 57
271 320 79
271 322 54
271 326 39
271 327 82
271 329 84
271 352 23
271 355 62
271 363 2
271 368 21
271 372 52
271 381 44
271 387 49
271 393 39
271 404 72
271 407 62
271 414 69
271 418 68
271 425 98
271 434 88
271 436 95
271 438 29
271 445 22
271 446 27
271 447 35
271 454 36
271 456 14
271 482 35
271 499 38
271 514 53
271 520 21
271 537 64
271 552 51
271 567 81
271 570 40
271 572 52
271 576 37
271 577 52
271 583 43
271 602 49
271 616 13
271 618 96
271 624 45
271 628 31
271 638 93
271 649 62
271 655 44
271 669 100
271 680 45
271 708 6
271 709 58
271 710 22
271 714 21
271 718 23
271 725 54
271 740 69
271 741 45
271 768 62
271 795 10
271 797 58
271 807 1
271 809 29
271 823 68
271 832 4
271 841 13
271 842 57
271 844 63
271 848 8
271 859 76
271 882 96
271 892 66
271 895 40
271 899 53
271 919 21
271 920 2
271 925 82
271 934 15
271 963 50
271 964 90
271 967 51
271 979 1
271 980 7
271 986 10
271 991 81
272 274 95
272 301 32
272 302 78
272 311 76
272 312 46
272 321 89
272 332 62
272 356 32
272 360 40
272 394 34
272 437 13
272 448 49
272 451 18
272 453 41
272 485 2
272 498 56
272 502 70
272 504 22
272 519 49
272 521 30
272 527 65
272 529 6
272 533 46
272 541 4
272 542 62
272 547 8
272 551 56
272 555 5
272 561 67
272 563 88
272 568 76
272 582 97
272 605 37
272 609 90
272 623 53
272 633 80
272 646 50
272 651 37
272 662 86
272 670 30
272 676 51
272 678 96
272 693 90
272 697 40
272 698 73
272 703 76
272 719 55
272 720 23
272 721 29
272 730 64
272 733 67
272 735 84
272 747 93
272 750 86
272 758 36
272 760 80
272 761 73
272 762 63
272 772 29
272 776 44
272 782 89
272 784 33
272 793 77
272 799 20
272 800 70
272 801 41
272 806 25
272 810 56
272 820 81
272 834 52
272 849 79
272 850 30
272 856 56
272 861 16
272 868 69
272 870 47
272 896 49
272 902 59
272 921 65
272 928 91
272 930 25
272 938 38
272 946 42
272 949 41
272 958 100
272 970 28
272 976 38
272 996 95
273 280 54
273 334 57
273 338 97
273 344 20
273 346 73
273 351 7
273 355 8
273 357 42
273 358 11
273 374 42
273 386 94
273 391 92
273 409 20
273 410 80
273 412 37
273 423 74
273 428 14
273 441 24
273 473 58
273 493 95
273 495 55
273 497 41
273 503 69
273 526 3
273 532 72
273 538 82
273 548 70
273 549 96
273 553 78
273 577 70
273 580 97
273 581 84
273 620 92
273 627 65
273 631 93
273 635 19
273 643 36
273 653 84
273 656 57
273 657 12
273 659 18
273 669 60
273 671 91
273 692 30
273 723 99
273 736 1
273 757 93
273 763 45
273 767 61
273 769 27
273 771 94
273 774 38
273 808 9
273 811 70
273 814 2
273 822 75
273 831 59
273 833 95
273 851 89
273 857 26
273 866 63
273 873 19
273 874 52
273 877 39
273 879 89
273 899 21
273 905 91
273 908 68
273 926 69
273 944 94
273 954 76
273 956 84
273 957 68
273 962 86
273 983 78
273 987 47
274 288 53
274 289 57
274 301 37
274 302 73
274 311 86
274 312 97
274 319 53
274 321 82
274 324 84
274 332 82
274 356 7
274 361 91
274 382 13
274 394 9
274 397 54
274 419 7
274 437 56
274 448 29
274 450 8
274 451 86
274 453 60
274 457 4
274 464 27
274 468 89
274 474 45
274 498 90
274 504 29
274 506 77
274 518 95
274 521 24
274 533 67
274 547 37
274 551 85
274 555 27
274 568 92
274 582 10
274 607 66
274 609 31
274 610 89
274 623 39
274 636 55
274 645 9
274 646 80
274 651 23
274 658 71
274 662 75
274 663 20
274 674 10
274 676 97
274 678 1
274 690 23
274 693 92
274 719 4
274 720 46
274 721 93
274 730 83
274 733 36
274 735 89
274 747 67
274 758 20
274 760 59
274 761 74
274 762 8
274 772 35
274 784 99
274 799 60
274 800 2
274 801 91
274 806 4
274 810 32
274 820 18
274 827 19
274 849 45
274 850 6
274 861 7
274 868 97
274 870 38
274 875 11
274 896 5
274 902 94
274 921 11
274 928 74
274 930 73
274 938 84
274 946 34
274 949 99
274 961 15
274 970 62
274 996 29
275 282 42
275 291 52
275 307 85
275 316 41
275 320 44
275 322 70
275 326 69
275 329 53
275 341 47
275 350 31
275 352 17
275 368 43
275 381 45
275 389 94
275 390 86
275 393 42
275 399 32
275 400 93
275 415 3
275 434 24
275 436 54
275 438 76
275 452 45
275 476 89
275 480 79
275 482 37
275 486 46
275 501 72
275 514 41
275 520 15
275 522 23
275 537 12
275 539 16
275 543 33
275 545 39
275 552 22
275 554 36
275 565 68
275 572 66
275 576 84
275 593 45
275 616 1
275 624 71
275 628 77
275 638 78
275 648 78
275 655 5
275 675 41
275 680 53
275 699 16
275 708 65
275 709 17
275 710 46
275 712 64
275 713 84
275 714 3
275 725 20
275 738 66
275 740 72
275 741 44
275 764 23
275 792 34
275 795 30
275 807 15
275 836 8
275 859 45
275 892 67
275 906 50
275 919 94
275 925 6
275 934 93
275 940 25
275 947 80
275 963 22
275 964 67
275 973 3
276 283 88
276 290 65
276 300 42
276 304 61
276 308 73
276 328 36
276 335 59
276 348 9
276 362 20
276 367 17
276 371 24
276 375 90
276 377 49
276 395 33
276 408 71
276 422 74
276 430 83
276 433 45
276 443 50
276 465 64
276 470 89
276 487 94
276 500 100
276 507 26
276 509 74
276 524 41
276 530 86
276 531 72
276 546 2
276 566 63
276 569 62
276 571 44
276 584 29
276 592 12
276 594 17
276 599 77
276 603 36
276 614 85
276 619 76
276 637 4
276 639 87
276 642 49
276 660 67
276 661 64
276 673 44
276 682 51
276 688 69
276 701 92
276 702 43
276 707 75
276 726 41
276 732 2
276 739 17
276 743 89
276 744 58
276 749 47
276 770 33
276 773 26
276 775 93
276 778 3
276 787 80
276 788 21
276 789 93
276 802 47
276 818 95
276 819 54
276 826 92
276 837 37
276 839 13
276 854 40
276 858 13
276 865 68
276 880 84
276 883 75
276 884 18
276 888 99
276 890 15
276 893 73
276 897 6
276 898 99
276 901 91
276 903 40
276 914 79
276 931 97
276 953 89
276 971 80
276 975 25
276 978 73
276 990 24
276 992 19
276 995 7
277 286 73
277 288 33
277 309 59
277 310 82
277 317 49
277 319 53
277 339 34
277 347 80
277 370 10
277 388 85
277 396 97
277 401 7
277 411 8
277 420 4
277 427 79
277 444 10
277 472 79
277 477 38
277 484 43
277 488 40
277 508 77
277 510 49
277 517 62
277 562 62
277 578 40
277 579 80
277 588 22
277 589 32
277 591 11
277 600 81
277 621 51
277 622 45
277 636 7
277 641 95
277 644 35
277 666 21
277 667 90
277 690 67
277 734 16
277 752 22
277 777 75
277 780 62
277 785 3
277 816 4
277 827 74
277 843 28
277 847 23
277 855 43
277 860 79
277 864 72
277 881 91
277 900 6
277 907 35
277 911 55
277 923 47
277 924 18
277 929 15
277 942 57
277 951 98
277 960 80
277 969 2
277 994 66
277 997 76
278 281 42
278 288 49
278 289 92
278 294 55
278 302 85
278 309 8
278 310 62
278 314 39
278 317 91
278 319 37
278 333 69
278 339 100
278 347 49
278 370 42
278 378 12
278 388 61
278 396 59
278 397 79
278 398 55
278 402 84
278 411 51
278 413 54
278 420 3
278 427 71
278 432 78
278 440 9
278 450 77
278 457 45
278 468 78
278 472 77
278 474 60
278 478 5
278 488 52
278 489 20
278 506 67
278 517 41
278 518 8
278 534 80
278 540 56
278 556 50
278 560 2
278 582 2
278 585 15
278 588 49
278 589 23
278 591 40
278 597 12
278 610 100
278 622 21
278 636 62
278 644 72
278 645 98
278 658 35
278 663 17
278 665 9
278 666 86
278 674 84
278 678 83
278 684 90
278 685 80
278 690 66
278 694 47
278 719 63
278 722 39
278 729 74
278 734 98
278 748 94
278 751 29
278 754 15
278 755 39
278 756 11
278 761 89
278 775 10
278 777 72
278 779 59
278 781 44
278 784 25
278 799 100
278 800 86
278 827 74
278 860 29
278 864 17
278 875 96
278 885 89
278 887 26
278 889 60
278 894 79
278 900 18
278 907 36
278 911 26
278 913 40
278 917 32
278 923 10
278 929 72
278 932 92
278 942 99
278 950 54
278 951 78
278 952 40
278 994 16
278 997 89
279 282 53
279 291 37
279 316 72
279 322 54
279 326 93
279 327 15
279 329 21
279 352 41
279 355 69
279 363 99
279 368 43
279 372 23
279 381 17
279 387 99
279 389 5
279 391 50
279 404 80
279 407 97
279 414 92
279 418 79
279 434 55
279 436 98
279 445 69
279 446 48
279 447 93
279 456 32
279 537 52
279 552 84
279 553 37
279 567 36
279 570 31
279 572 53
279 576 98
279 577 22
279 602 100
279 624 61
279 628 7
279 629 43
279 632 11
279 635 91
279 669 45
279 671 51
279 679 71
279 680 19
279 704 25
279 708 64
279 710 73
279 718 60
279 723 31
279 736 36
279 740 19
279 741 4
279 753 56
279 757 47
279 795 64
279 797 100
279 804 8
279 807 70
279 808 97
279 809 46
279 812 83
279 817 98
279 823 15
279 831 25
279 841 31
279 844 54
279 867 78
279 879 84
279 895 36
279 899 53
279 919 45
279 920 90
279 925 79
279 934 60
279 963 28
279 967 56
279 979 7
279 980 83
279 986 15
280 334 42
280 338 82
280 343 87
280 344 19
280 346 98
280 351 86
280 355 76
280 357 20
280 358 92
280 374 81
280 386 20
280 391 6
280 407 37
280 409 97
280 410 17
280 412 82
280 423 37
280 428 43
280 441 14
280 445 95
280 456 34
280 463 15
280 473 97
280 493 51
280 495 10
280 497 93
280 503 98
280 523 33
280 526 12
280 532 18
280 538 38
280 553 66
280 570 95
280 577 86
280 580 67
280 581 81
280 620 54
280 627 31
280 631 95
280 635 88
280 643 37
280 653 63
280 656 5
280 657 47
280 659 80
280 668 25
280 669 78
280 671 8
280 704 35
280 723 55
280 736 63
280 757 39
280 763 60
280 767 41
280 769 12
280 771 1
280 774 81
280 808 18
280 811 93
280 822 91
280 823 50
280 831 30
280 833 1
280 851 45
280 866 29
280 874 28
280 879 57
280 899 19
280 905 52
280 908 55
280 926 84
280 944 78
280 954 57
280 956 43
280 957 1
280 962 81
280 966 74
280 979 84
280 980 67
280 983 53
280 986 2
280 987 23
281 289 35
281 294 96
281 305 62
281 314 22
281 317 75
281 319 64
281 330 3
281 333 28
281 339 65
281 347 6
281 370 24
281 378 55
281 388 8
281 396 98
281 397 63
281 398 90
281 402 59
281 411 10
281 421 76
281 427 10
281 432 99
281 440 26
281 450 43
281 457 68
281 467 91
281 468 6
281 472 24
281 474 50
281 478 68
281 489 10
281 492 39
281 506 43
281 511 65
281 518 15
281 534 91
281 540 31
281 556 58
281 560 50
281 585 72
281 589 71
281 591 51
281 597 27
281 610 57
281 626 34
281 640 28
281 644 55
281 645 59
281 658 100
281 663 49
281 665 39
281 674 74
281 678 12
281 684 67
281 685 100
281 688 90
281 690 8
281 694 5
281 722 3
281 729 22
281 748 18
281 751 21
281 755 79
281 756 40
281 761 56
281 766 96
281 775 44
281 777 32
281 779 98
281 781 52
281 784 76
281 789 37
281 798 17
281 799 80
281 800 82
281 803 65
281 827 13
281 835 51
281 853 8
281 875 61
281 880 89
281 885 16
281 887 40
281 889 35
281 894 25
281 898 24
281 900 49
281 907 82
281 913 60
281 917 90
281 923 67
281 932 73
281 942 8
281 950 73
281 952 82
281 955 77
281 997 80
282 291 42
282 307 100
282 316 22
282 320 41
282 322 35
282 326 60
282 327 41
282 329 52
282 341 19
282 350 7
282 352 74
282 363 21
282 368 80
282 372 92
282 381 96
282 389 35
282 390 83
282 393 46
282 400 69
282 418 46
282 425 23
282 434 7
282 436 18
282 438 12
282 442 76
282 447 67
282 452 11
282 476 81
282 480 19
282 482 90
282 486 49
282 501 56
282 514 44
282 520 94
282 522 73
282 525 56
282 537 56
282 539 73
282 543 63
282 545 8
282 552 49
282 570 90
282 572 36
282 576 13
282 602 34
282 616 64
282 624 78
282 628 43
282 638 26
282 655 31
282 675 95
282 679 68
282 680 2
282 686 6
282 708 73
282 709 49
282 710 55
282 713 4
282 714 8
282 718 71
282 725 72
282 738 14
282 740 94
282 741 85
282 753 38
282 764 71
282 792 41
282 795 90
282 797 35
282 807 92
282 809 35
282 836 68
282 859 44
282 891 26
282 892 17
282 895 6
282 919 28
282 920 35
282 925 42
282 934 22
282 963 50
282 964 79
282 967 52
282 973 15
282 979 50
282 980 50
283 308 51
283 328 3
283 335 96
283 348 100
283 362 2
283 367 97
283 371 51
283 375 90
283 377 88
283 395 87
283 430 56
283 470 44
283 487 32
283 500 44
283 515 80
283 524 18
283 530 15
283 566 27
283 569 100
283 594 93
283 599 54
283 603 71
283 619 39
283 660 10
283 682 62
283 701 8
283 702 58
283 706 40
283 707 47
283 732 36
283 739 24
283 744 83
283 773 34
283 778 22
283 802 36
283 818 2
283 819 42
283 837 95
283 883 14
283 888 67
283 897 46
283 901 65
283 903 83
283 990 21
283 992 18
283 995 5
284 285 39
284 298 94
284 401 53
284 477 2
284 479 27
284 484 34
284 491 96
284 494 33
284 502 29
284 504 57
284 505 43
284 541 46
284 568 48
284 587 56
284 605 45
284 617 39
284 647 82
284 652 57
284 670 93
284 687 39
284 689 2
284 697 46
284 715 13
284 716 64
284 747 39
284 750 39
284 772 79
284 776 7
284 791 4
284 829 83
284 869 18
284 881 60
284 902 58
284 921 22
284 969 75
285 298 72
285 491 7
285 494 68
285 502 40
285 505 22
285 541 64
285 542 48
285 568 7
285 587 73
285 605 48
285 617 97
285 647 9
285 652 3
285 670 23
285 687 92
285 689 65
285 697 64
285 715 85
285 716 73
285 750 62
285 772 59
285 776 74
285 791 19
285 829 21
285 869 42
286 288 30
286 294 85
286 301 40
286 309 71
286 310 99
286 317 41
286 319 47
286 339 87
286 347 17
286 370 53
286 378 4
286 388 42
286 396 86
286 401 35
286 411 96
286 420 24
286 427 78
286 444 77
286 472 57
286 477 2
286 479 90
286 484 99
286 488 63
286 508 54
286 510 22
286 517 49
286 562 36
286 578 87
286 579 64
286 588 20
286 589 82
286 591 84
286 600 79
286 610 40
286 617 54
286 621 6
286 622 65
286 636 32
286 641 13
286 644 76
286 647 45
286 665 45
286 666 13
286 690 36
286 734 86
286 751 37
286 752 9
286 777 37
286 780 2
286 781 63
286 785 47
286 816 87
286 827 78
286 843 27
286 860 62
286 864 22
286 881 58
286 900 91
286 907 67
286 911 43
286 923 5
286 924 58
286 929 94
286 951 99
286 960 23
286 969 82
286 994 53
286 997 26
287 303 21
287 306 29
287 315 86
287 318 21
287 324 8
287 337 83
287 361 87
287 365 65
287 379 35
287 382 76
287 384 52
287 386 7
287 392 66
287 412 78
287 419 6
287 429 58
287 439 69
287 455 34
287 458 31
287 459 42
287 460 57
287 462 84
287 463 34
287 464 64
287 466 2
287 471 44
287 483 72
287 497 68
287 516 38
287 536 55
287 544 32
287 548 82
287 557 29
287 558 63
287 559 14
287 606 35
287 609 98
287 612 89
287 623 44
287 625 5
287 629 82
287 653 22
287 657 95
287 664 38
287 672 21
287 683 5
287 721 62
287 746 33
287 759 49
287 769 48
287 783 20
287 794 79
287 796 5
287 801 17
287 804 75
287 811 89
287 824 38
287 838 16
287 851 35
287 857 99
287 862 10
287 867 96
287 872 84
287 886 68
287 915 4
287 916 89
287 918 84
287 922 32
287 927 64
287 935 54
287 937 96
287 939 1
287 941 100
287 948 25
287 956 36
287 968 15
287 981 82
287 984 19
288 289 14
288 294 98
288 301 14
288 302 87
288 309 92
288 311 65
288 312 76
288 317 96
288 319 83
288 321 65
288 339 5
288 347 13
288 370 51
288 378 52
288 388 78
288 401 93
288 411 87
288 420 45
288 427 48
288 432 99
288 437 38
288 444 81
288 450 56
288 457 57
288 468 75
288 477 20
288 478 46
288 479 31
288 484 39
288 504 61
288 506 73
288 508 96
288 517 24
288 521 32
288 555 68
288 562 95
288 578 24
288 579 29
288 582 39
288 588 68
288 591 34
288 600 28
288 605 75
288 610 38
288 617 74
288 621 65
288 622 23
288 636 26
288 641 46
288 644 59
288 645 61
288 647 28
288 651 88
288 665 44
288 674 43
288 678 75
288 690 8
288 693 88
288 715 73
288 716 83
288 719 20
288 730 100
288 734 2
288 747 63
288 750 46
288 752 49
288 761 29
288 762 55
288 772 58
288 777 49
288 780 82
288 781 71
288 784 99
288 799 46
288 800 2
288 816 34
288 820 100
288 827 72
288 843 1
288 860 68
288 861 81
288 864 41
288 868 23
288 869 12
288 870 74
288 881 56
288 900 53
288 902 54
288 907 50
288 911 97
288 917 60
288 921 2
288 924 33
288 946 94
288 949 83
288 951 73
288 969 29
288 994 23
289 294 47
289 301 85
289 302 76
289 309 65
289 312 44
289 317 13
289 319 56
289 339 23
289 347 64
289 370 50
289 378 45
289 388 60
289 396 43
289 397 28
289 402 51
289 411 30
289 420 71
289 427 48
289 432 15
289 437 72
289 440 49
289 444 56
289 450 29
289 457 66
289 468 23
289 472 94
289 474 23
289 478 73
289 484 5
289 506 100
289 517 53
289 518 95
289 521 27
289 534 19
289 540 39
289 556 41
289 578 48
289 582 65
289 585 89
289 588 59
289 589 70
289 591 90
289 607 95
289 610 24
289 622 40
289 636 13
289 644 44
289 645 34
289 658 59
289 663 35
289 665 69
289 674 100
289 678 54
289 684 35
289 685 94
289 690 54
289 693 82
289 719 88
289 722 97
289 729 26
289 730 76
289 734 21
289 748 22
289 751 49
289 752 84
289 755 86
289 756 43
289 758 78
289 761 21
289 777 60
289 781 64
289 784 26
289 799 65
289 800 64
289 820 93
289 827 55
289 843 41
289 849 99
289 850 6
289 860 16
289 861 14
289 864 95
289 870 94
289 875 45
289 885 67
289 887 64
289 894 42
289 900 5
289 907 80
289 911 8
289 913 6
289 917 56
289 923 2
289 942 2
289 946 49
289 949 74
289 951 81
289 952 48
289 961 12
289 994 97
289 997 45
290 300 19
290 307 2
290 320 30
290 333 26
290 341 15
290 348 60
290 350 68
290 354 45
290 389 77
290 400 95
290 402 74
290 408 75
290 421 16
290 422 93
290 426 67
290 430 35
290 433 71
290 442 37
290 443 92
290 452 56
290 465 26
290 467 44
290 469 8
290 475 79
290 486 35
290 492 88
290 500 14
290 507 21
290 509 86
290 524 87
290 525 21
290 531 31
290 543 44
290 565 40
290 571 44
290 593 7
290 614 77
290 637 42
290 640 31
290 642 99
290 648 86
290 660 71
290 661 23
290 673 61
290 675 59
290 679 25
290 681 88
290 686 39
290 688 29
290 699 21
290 700 75
290 705 30
290 711 33
290 712 72
290 713 94
290 726 68
290 749 36
290 764 60
290 779 75
290 787 100
290 788 47
290 789 21
290 821 80
290 826 31
290 835 1
290 836 5
290 839 93
290 858 61
290 865 70
290 880 66
290 888 92
290 889 28
290 890 84
290 891 8
290 893 52
290 898 75
290 901 47
290 906 24
290 914 97
290 931 88
290 932 99
290 947 58
290 950 52
290 953 64
290 955 70
290 965 67
290 971 99
290 975 3
290 978 97
290 985 22
290 995 21
291 307 36
291 316 9
291 320 61
291 322 91
291 326 79
291 327 24
291 329 19
291 341 30
291 352 94
291 355 51
291 363 80
291 368 51
291 372 90
291 381 50
291 387 38
291 389 51
291 393 41
291 404 62
291 407 32
291 418 83
291 425 5
291 434 79
291 436 92
291 438 63
291 442 56
291 447 71
291 452 30
291 456 22
291 482 6
291 486 16
291 514 68
291 520 6
291 525 20
291 537 46
291 543 97
291 552 63
291 553 88
291 567 56
291 570 47
291 572 94
291 576 52
291 577 80
291 602 99
291 624 93
291 628 47
291 632 37
291 638 94
291 655 77
291 679 4
291 680 100
291 686 38
291 708 49
291 710 55
291 714 52
291 718 32
291 725 79
291 738 57
291 740 11
291 741 65
291 753 69
291 764 80
291 795 63
291 797 65
291 807 60
291 809 55
291 812 38
291 817 69
291 823 96
291 836 82
291 844 47
291 891 76
291 892 45
291 895 87
291 899 45
291 919 33
291 920 55
291 925 31
291 934 83
291 963 84
291 964 23
291 967 26
291 979 64
291 980 80
291 986 28
292 293 50
292 295 81
292 313 13
292 316 59
292 323 73
292 353 28
292 372 62
292 385 92
292 387 39
292 417 26
292 425 49
292 434 4
292 454 55
292 482 74
292 499 29
292 514 2
292 522 64
292 537 86
292 567 71
292 583 85
292 601 86
292 604 77
292 615 2
292 616 84
292 618 27
292 691 58
292 717 83
292 718 47
292 725 71
292 740 42
292 768 94
292 792 48
292 805 24
292 825 83
292 832 27
292 842 91
292 846 36
292 848 42
292 876 23
292 892 53
292 910 86
292 919 76
292 999 98
293 295 43
293 313 46
293 316 83
293 323 46
293 336 5
293 353 91
293 359 51
293 372 7
293 380 35
293 381 4
293 385 8
293 387 29
293 404 92
293 417 66
293 425 75
293 434 31
293 436 13
293 454 35
293 482 53
293 499 38
293 514 83
293 520 27
293 537 41
293 552 75
293 567 96
293 583 7
293 601 91
293 604 16
293 615 16
293 616 21
293 618 54
293 649 27
293 691 25
293 708 12
293 717 87
293 718 17
293 725 55
293 740 44
293 768 56
293 792 53
293 805 70
293 809 46
293 825 67
293 832 39
293 842 23
293 846 84
293 848 52
293 876 4
293 882 44
293 892 4
293 910 60
293 919 18
293 991 24
293 999 27
294 302 61
294 309 33
294 310 96
294 314 61
294 317 62
294 319 46
294 333 87
294 339 87
294 347 96
294 370 17
294 378 75
294 388 34
294 396 94
294 397 23
294 402 26
294 411 64
294 413 57
294 420 58
294 427 3
294 432 18
294 440 56
294 450 55
294 457 40
294 468 54
294 472 17
294 474 26
294 478 1
294 488 62
294 506 12
294 508 33
294 517 69
294 534 86
294 540 1
294 556 56
294 560 17
294 579 1
294 582 88
294 585 44
294 588 81
294 589 10
294 591 33
294 597 97
294 610 98
294 622 81
294 636 31
294 644 2
294 645 17
294 658 79
294 665 19
294 666 50
294 674 93
294 678 67
294 684 51
294 685 79
294 690 91
294 694 19
294 719 100
294 729 75
294 734 89
294 748 100
294 751 100
294 754 22
294 755 60
294 756 34
294 761 68
294 775 11
294 777 13
294 780 11
294 781 82
294 784 100
294 785 10
294 799 10
294 800 61
294 816 39
294 827 94
294 860 95
294 864 27
294 875 97
294 885 63
294 887 1
294 889 26
294 894 9
294 900 63
294 907 47
294 911 18
294 913 54
294 917 10
294 923 44
294 924 44
294 929 62
294 932 9
294 942 60
294 950 87
294 951 63
294 952 57
294 960 26
294 994 2
294 997 91
295 313 72
295 316 40
295 323 22
295 353 52
295 372 12
295 385 94
295 387 16
295 404 26
295 417 73
295 425 51
295 454 1
295 482 56
295 499 27
295 514 52
295 537 46
295 567 51
295 583 38
295 601 92
295 604 61
295 615 88
295 616 41
295 618 39
295 691 2
295 717 70
295 718 3
295 725 40
295 740 55
295 768 95
295 805 9
295 825 84
295 832 27
295 842 64
295 846 81
295 848 13
295 876 59
295 892 80
295 910 44
295 919 98
295 999 84
296 323 12
296 336 46
296 343 46
296 345 68
296 353 85
296 358 23
296 359 72
296 372 83
296 380 12
296 387 80
296 404 90
296 414 13
296 425 58
296 445 27
296 446 85
296 523 27
296 567 19
296 583 60
296 601 13
296 615 18
296 618 55
296 631 40
296 635 80
296 649 7
296 654 41
296 668 65
296 669 39
296 704 6
296 718 41
296 742 91
296 757 62
296 768 26
296 771 86
296 774 5
296 805 81
296 809 67
296 825 93
296 831 47
296 832 19
296 840 3
296 841 92
296 842 1
296 844 83
296 882 72
296 910 55
296 926 75
296 954 77
296 959 9
296 966 61
296 991 95
296 998 70
297 304 4
297 310 10
297 314 12
297 349 41
297 396 96
297 408 72
297 413 81
297 422 27
297 430 33
297 440 59
297 472 7
297 488 27
297 500 20
297 507 3
297 509 23
297 530 56
297 546 77
297 569 89
297 584 87
297 589 97
297 592 52
297 594 16
297 603 49
297 637 23
297 639 27
297 660 37
297 666 28
297 667 94
297 673 4
297 682 32
297 688 66
297 694 93
297 707 39
297 724 54
297 743 10
297 745 70
297 749 72
297 751 26
297 754 82
297 775 62
297 785 66
297 786 24
297 789 24
297 830 85
297 837 94
297 839 16
297 845 90
297 847 53
297 854 21
297 855 92
297 858 58
297 880 62
297 884 46
297 887 95
297 889 26
297 893 86
297 923 24
297 929 5
297 942 36
297 950 100
297 960 61
297 971 33
297 978 77
297 982 89
297 997 31
298 301 21
298 311 36
298 360 39
298 394 19
298 401 15
298 444 1
298 477 17
298 479 45
298 484 90
298 491 76
298 494 98
298 502 41
298 504 90
298 505 97
298 519 2
298 527 49
298 529 91
298 541 83
298 542 93
298 555 27
298 568 8
298 578 41
298 587 88
298 605 73
298 617 67
298 646 77
298 647 73
298 652 87
298 670 82
298 676 100
298 687 6
298 689 32
298 697 92
298 698 93
298 715 50
298 716 7
298 747 15
298 750 41
298 772 79
298 776 53
298 782 22
298 791 63
298 829 96
298 843 43
298 861 93
298 868 61
298 869 16
298 881 57
298 902 71
298 921 55
298 930 37
298 969 73
298 996 59
299 325 52
299 340 24
299 342 48
299 366 50
299 369 40
299 373 58
299 406 14
299 424 47
299 431 22
299 449 47
299 461 30
299 496 82
299 512 23
299 513 32
299 535 64
299 550 100
299 564 73
299 573 55
299 574 64
299 575 94
299 586 17
299 590 21
299 595 94
299 596 77
299 630 12
299 634 72
299 677 73
299 695 75
299 696 89
299 728 9
299 737 40
299 790 65
299 813 46
299 933 11
299 936 94
299 943 24
299 945 63
299 972 13
299 988 15
299 993 15
300 307 31
300 328 99
300 348 83
300 350 18
300 362 88
300 367 11
300 390 89
300 395 79
300 399 20
300 400 61
300 415 91
300 430 47
300 433 2
300 443 41
300 452 78
300 465 22
300 469 27
300 475 53
300 480 88
300 486 50
300 487 25
300 500 55
300 501 10
300 524 49
300 531 91
300 539 10
300 543 61
300 554 43
300 565 12
300 571 19
300 593 65
300 599 23
300 614 52
300 619 3
300 642 21
300 648 57
300 661 94
300 675 61
300 681 49
300 699 66
300 711 58
300 712 30
300 713 43
300 726 14
300 738 91
300 739 63
300 764 74
300 770 90
300 773 42
300 778 26
300 787 33
300 788 9
300 802 32
300 815 100
300 818 6
300 826 4
300 836 46
300 865 99
300 878 69
300 888 60
300 890 65
300 901 53
300 906 82
300 914 46
300 931 25
300 940 49
300 947 80
300 953 24
300 973 59
300 974 38
300 975 37
300 990 15
300 995 9
301 302 94
301 311 3
301 312 33
301 317 92
301 319 78
301 321 50
301 332 90
301 339 30
301 347 3
301 378 55
301 388 9
301 394 29
301 397 94
301 401 86
301 411 59
301 420 71
301 427 70
301 437 3
301 444 6
301 450 8
301 457 30
301 468 73
301 477 11
301 479 76
301 484 98
301 502 77
301 504 11
301 506 78
301 521 41
301 551 9
301 555 88
301 562 2
301 568 4
301 578 86
301 582 68
301 588 78
301 591 41
301 605 40
301 610 22
301 617 48
301 621 77
301 622 29
301 636 26
301 641 48
301 644 77
301 645 21
301 646 54
301 647 64
301 651 11
301 665 80
301 670 34
301 674 45
301 676 11
301 678 78
301 689 25
301 690 18
301 693 98
301 697 59
301 715 4
301 716 96
301 719 65
301 730 88
301 747 76
301 750 86
301 752 58
301 758 78
301 760 77
301 761 91
301 762 32
301 772 10
301 776 58
301 784 81
301 799 38
301 800 10
301 810 60
301 820 21
301 827 50
301 843 78
301 849 62
301 850 22
301 861 25
301 864 32
301 868 80
301 869 44
301 870 72
301 881 55
301 896 1
301 900 51
301 902 55
301 907 90
301 911 49
301 921 20
301 924 97
301 930 99
301 946 33
301 949 99
301 951 37
301 969 29
301 996 65
302 311 3
302 312 38
302 317 88
302 319 96
302 321 71
302 324 20
302 332 25
302 339 14
302 347 41
302 378 13
302 382 31
302 388 44
302 394 53
302 397 8
302 411 33
302 432 26
302 437 66
302 450 73
302 453 8
302 457 19
302 468 29
302 474 37
302 478 48
302 484 40
302 504 82
302 506 62
302 518 55
302 521 65
302 551 25
302 555 63
302 578 13
302 582 42
302 585 77
302 588 40
302 591 86
302 605 80
302 607 45
302 610 25
302 622 63
302 623 67
302 636 77
302 644 8
302 645 98
302 646 54
302 651 82
302 658 69
302 662 74
302 663 45
302 665 18
302 674 13
302 676 49
302 678 22
302 690 16
302 693 19
302 719 95
302 722 86
302 730 97
302 747 31
302 748 66
302 758 69
302 760 77
302 761 77
302 762 46
302 772 68
302 784 46
302 799 29
302 800 77
302 810 66
302 820 33
302 827 96
302 843 16
302 849 45
302 850 41
302 861 98
302 868 89
302 870 13
302 875 17
302 881 29
302 896 13
302 900 71
302 902 23
302 907 52
302 911 30
302 913 50
302 917 51
302 921 57
302 928 41
302 930 84
302 946 57
302 949 73
302 951 38
302 961 43
302 969 10
302 996 57
303 305 51
303 315 29
303 318 44
303 330 6
303 334 67
303 337 6
303 344 37
303 363 11
303 374 76
303 379 71
303 382 63
303 391 5
303 403 35
303 409 12
303 412 95
303 419 93
303 439 20
303 456 19
303 458 81
303 462 24
303 463 74
303 471 90
303 490 87
303 497 68
303 511 42
303 528 56
303 548 100
303 553 99
303 558 80
303 577 40
303 598 15
303 625 60
303 626 10
303 629 16
303 632 23
303 650 75
303 653 99
303 656 97
303 657 94
303 664 33
303 671 44
303 683 55
303 736 18
303 746 29
303 753 13
303 759 38
303 766 20
303 769 20
303 794 74
303 803 89
303 804 41
303 811 13
303 812 13
303 817 74
303 823 61
303 824 94
303 833 15
303 851 88
303 867 25
303 871 42
303 872 86
303 879 55
303 886 45
303 904 54
303 912 86
303 915 69
303 918 4
303 927 78
303 935 49
303 948 59
303 956 85
303 962 41
303 967 34
303 977 75
303 981 27
303 984 11
303 989 7
304 310 16
304 314 35
304 333 58
304 348 8
304 349 36
304 396 5
304 402 44
304 408 33
304 413 95
304 421 11
304 422 47
304 430 33
304 440 13
304 472 43
304 488 59
304 492 81
304 500 34
304 507 36
304 509 84
304 524 24
304 530 6
304 540 42
304 546 44
304 556 97
304 569 71
304 571 46
304 584 57
304 589 73
304 592 5
304 594 34
304 603 68
304 637 13
304 639 11
304 642 43
304 660 12
304 661 72
304 666 16
304 667 27
304 673 51
304 682 29
304 684 40
304 688 48
304 694 97
304 724 83
304 726 97
304 743 31
304 745 25
304 749 46
304 751 5
304 754 68
304 775 22
304 786 11
304 789 29
304 830 47
304 837 38
304 839 11
304 845 60
304 847 14
304 854 25
304 855 91
304 858 70
304 880 85
304 884 35
304 887 92
304 888 61
304 889 70
304 890 28
304 893 87
304 898 3
304 901 48
304 923 29
304 929 21
304 931 17
304 942 47
304 950 64
304 960 60
304 971 1
304 978 26
304 982 61
304 997 91
305 315 31
305 324 89
305 330 96
305 333 64
305 354 2
305 361 79
305 379 100
305 382 72
305 397 55
305 398 90
305 402 88
305 403 15
305 419 11
305 426 79
305 432 27
305 439 8
305 450 14
305 458 46
305 462 61
305 467 56
305 471 81
305 474 24
305 478 85
305 489 99
305 490 8
305 506 12
305 511 83
305 518 59
305 528 7
305 534 51
305 540 62
305 556 53
305 558 86
305 560 13
305 585 62
305 597 3
305 598 4
305 607 71
305 625 53
305 626 16
305 640 94
305 645 49
305 650 70
305 658 21
305 663 43
305 664 92
305 674 41
305 678 84
305 683 78
305 684 19
305 685 32
305 700 45
305 719 96
305 722 87
305 729 57
305 746 52
305 748 83
305 755 45
305 756 97
305 759 57
305 766 38
305 779 84
305 784 36
305 794 70
305 798 65
305 799 78
305 803 93
305 824 98
305 835 47
305 853 55
305 871 87
305 875 99
305 885 81
305 886 99
305 894 97
305 904 21
305 912 86
305 913 3
305 917 39
305 927 6
305 932 66
305 935 76
305 952 84
305 961 22
305 977 23
305 985 82
305 989 5
306 318 96
306 324 18
306 325 98
306 331 30
306 337 99
306 340 74
306 342 26
306 361 23
306 364 12
306 365 9
306 366 42
306 379 91
306 383 46
306 384 71
306 386 59
306 392 63
306 406 10
306 412 86
306 419 2
306 424 86
306 429 25
306 435 28
306 455 83
306 459 89
306 460 36
306 464 33
306 466 85
306 481 40
306 483 10
306 496 11
306 497 70
306 512 10
306 513 84
306 516 63
306 536 63
306 544 75
306 548 46
306 557 32
306 558 57
306 559 35
306 574 71
306 595 79
306 596 5
306 606 22
306 609 77
306 611 63
306 612 64
306 625 43
306 630 70
306 634 37
306 664 53
306 672 81
306 683 86
306 721 78
306 737 24
306 746 51
306 783 69
306 796 99
306 801 38
306 838 92
306 852 35
306 857 88
306 862 96
306 872 30
306 877 97
306 886 72
306 915 51
306 916 72
306 918 65
306 922 17
306 937 5
306 939 69
306 941 62
306 943 52
306 945 52
306 948 5
306 968 85
306 981 76
306 984 91
306 993 9
307 320 84
307 326 81
307 327 92
307 329 16
307 341 98
307 350 56
307 352 38
307 354 61
307 368 2
307 389 14
307 390 71
307 393 64
307 399 24
307 400 10
307 415 68
307 426 95
307 433 81
307 438 10
307 442 56
307 443 86
307 447 16
307 452 84
307 465 95
307 467 57
307 469 7
307 475 79
307 476 83
307 480 20
307 486 83
307 501 16
307 520 13
307 525 59
307 531 18
307 539 87
307 543 5
307 554 74
307 565 97
307 572 68
307 576 20
307 593 84
307 624 93
307 628 82
307 638 71
307 648 63
307 655 25
307 675 65
307 679 15
307 680 94
307 681 45
307 686 24
307 699 25
307 700 85
307 705 87
307 709 84
307 710 33
307 711 7
307 712 80
307 713 11
307 714 19
307 726 46
307 738 47
307 741 79
307 753 7
307 764 30
307 787 77
307 788 25
307 795 84
307 807 34
307 815 11
307 821 60
307 826 23
307 836 65
307 859 26
307 865 73
307 878 30
307 891 32
307 906 47
307 914 87
307 925 57
307 931 13
307 934 95
307 940 24
307 947 66
307 953 46
307 963 3
307 964 22
307 965 49
307 973 28
307 975 60
307 985 67
308 335 14
308 348 25
308 367 41
308 371 67
308 375 7
308 377 69
308 395 12
308 470 17
308 487 96
308 515 79
308 530 78
308 566 93
308 594 63
308 599 14
308 603 51
308 639 67
308 682 25
308 701 16
308 702 97
308 706 40
308 707 19
308 732 10
308 739 91
308 744 93
308 773 77
308 818 97
308 819 87
308 837 30
308 883 73
308 897 26
308 903 38
308 990 85
308 992 23
309 310 57
309 317 75
309 319 82
309 339 95
309 347 97
309 370 34
309 378 43
309 388 78
309 396 48
309 401 61
309 411 27
309 413 54
309 420 24
309 427 16
309 440 10
309 444 61
309 472 85
309 477 18
309 478 76
309 484 43
309 488 37
309 508 26
309 510 72
309 517 95
309 562 15
309 578 89
309 579 29
309 588 6
309 589 40
309 591 92
309 600 12
309 610 59
309 621 86
309 622 71
309 636 43
309 641 28
309 644 41
309 665 71
309 666 96
309 667 43
309 690 72
309 734 31
309 751 75
309 752 43
309 754 29
309 777 49
309 780 30
309 781 61
309 785 11
309 816 1
309 827 41
309 843 22
309 847 41
309 855 25
309 860 80
309 864 48
309 881 7
309 887 66
309 900 46
309 907 16
309 911 51
309 917 33
309 923 32
309 924 7
309 929 38
309 942 55
309 951 23
309 960 90
309 969 1
309 994 43
309 997 32
310 314 38
310 317 20
310 339 54
310 347 25
310 349 82
310 370 32
310 388 65
310 396 43
310 413 54
310 420 10
310 427 44
310 440 77
310 472 32
310 478 27
310 488 65
310 508 96
310 510 84
310 517 2
310 546 55
310 556 5
310 579 13
310 584 70
310 589 73
310 591 32
310 592 69
310 644 18
310 665 94
310 666 70
310 667 19
310 694 43
310 724 78
310 734 4
310 743 80
310 745 19
310 751 29
310 754 1
310 775 83
310 777 73
310 780 53
310 781 44
310 785 82
310 786 29
310 816 8
310 830 86
310 845 84
310 847 58
310 854 9
310 855 6
310 860 73
310 864 31
310 880 3
310 887 31
310 900 62
310 907 26
310 917 60
310 923 72
310 924 21
310 929 10
310 942 35
310 950 52
310 960 96
310 982 26
310 994 78
310 997 8
311 312 25
311 321 31
311 332 15
311 356 37
311 360 94
311 394 37
311 437 91
311 448 41
311 451 18
311 453 27
311 468 76
311 479 82
311 484 14
311 485 39
311 498 79
311 502 36
311 504 64
311 506 45
311 519 16
311 521 58
311 527 23
311 529 93
311 533 50
311 541 60
311 542 73
311 547 54
311 551 76
311 555 38
311 563 53
311 568 17
311 578 2
311 582 85
311 605 72
311 623 96
311 633 32
311 646 52
311 651 73
311 662 98
311 670 86
311 676 63
311 678 80
311 689 53
311 693 61
311 697 9
311 698 84
311 703 42
311 719 8
311 720 67
311 730 27
311 733 16
311 735 39
311 747 97
311 750 4
311 758 88
311 760 37
311 761 1
311 762 30
311 772 100
311 776 12
311 782 2
311 784 91
311 799 17
311 800 31
311 806 10
311 810 67
311 820 38
311 834 24
311 843 11
311 849 98
311 850 70
311 856 62
311 861 90
311 868 38
311 869 2
311 870 63
311 881 14
311 896 66
311 902 75
311 921 50
311 928 66
311 930 96
311 938 58
311 946 27
311 949 41
311 958 89
311 969 21
311 970 8
311 996 48
312 317 30
312 319 93
312 321 37
312 332 36
312 339 99
312 356 18
312 378 30
312 388 79
312 394 14
312 397 46
312 411 81
312 437 65
312 444 27
312 450 33
312 451 14
312 453 47
312 457 15
312 468 81
312 479 1
312 484 69
312 504 32
312 506 69
312 521 9
312 547 82
312 551 88
312 555 8
312 568 43
312 578 90
312 582 5
312 588 74
312 591 72
312 605 30
312 607 88
312 610 83
312 622 32
312 623 28
312 636 92
312 645 72
312 646 95
312 651 9
312 662 31
312 663 86
312 670 50
312 674 15
312 676 74
312 678 15
312 690 82
312 693 54
312 697 56
312 719 24
312 720 39
312 730 39
312 747 35
312 750 60
312 758 77
312 760 62
312 761 55
312 762 40
312 772 16
312 784 68
312 799 27
312 800 74
312 810 40
312 820 13
312 827 25
312 843 80
312 849 22
312 850 90
312 861 91
312 868 40
312 870 34
312 875 19
312 881 84
312 896 6
312 900 47
312 902 43
312 911 54
312 921 45
312 928 45
312 930 84
312 946 26
312 949 25
312 951 95
312 969 74
312 996 43
313 323 65
313 372 93
313 385 26
313 387 36
313 417 67
313 425 36
313 454 32
313 482 62
313 499 23
313 514 50
313 522 19
313 537 60
313 567 71
313 583 100
313 601 40
313 604 42
313 616 17
313 618 77
313 691 71
313 717 100
313 718 55
313 725 70
313 740 96
313 768 13
313 792 69
313 805 31
313 825 91
313 832 93
313 842 42
313 846 37
313 848 67
313 876 4
313 892 85
313 910 100
313 919 80
313 999 29
314 317 3
314 333 54
314 370 6
314 378 1
314 396 99
314 402 76
314 408 5
314 413 76
314 421 35
314 422 65
314 427 68
314 430 53
314 432 37
314 440 74
314 472 44
314 478 88
314 488 52
314 492 9
314 507 1
314 509 44
314 534 29
314 540 94
314 546 53
314 556 89
314 560 44
314 569 48
314 571 48
314 584 60
314 585 9
314 589 15
314 591 65
314 592 52
314 597 83
314 603 65
314 637 54
314 644 92
314 660 46
314 665 99
314 666 63
314 667 70
314 673 84
314 684 35
314 685 60
314 688 76
314 694 60
314 724 63
314 729 47
314 743 15
314 745 68
314 749 9
314 751 63
314 754 79
314 755 55
314 756 62
314 775 53
314 777 10
314 779 27
314 781 78
314 785 93
314 786 79
314 789 78
314 839 99
314 845 5
314 847 83
314 854 86
314 855 44
314 858 11
314 880 57
314 884 42
314 887 66
314 889 64
314 890 75
314 893 45
314 894 52
314 898 75
314 900 99
314 913 3
314 917 41
314 923 86
314 929 93
314 932 87
314 942 3
314 950 58
314 955 64
314 960 92
314 971 29
314 978 43
314 982 77
314 997 77
315 318 20
315 324 26
315 330 60
315 337 69
315 361 46
315 379 8
315 382 99
315 397 69
315 398 98
315 403 89
315 419 73
315 439 46
315 458 66
315 462 68
315 463 6
315 464 98
315 471 23
315 474 34
315 489 16
315 490 13
315 497 32
315 511 22
315 518 91
315 528 91
315 558 42
315 598 50
315 606 88
315 607 94
315 609 85
315 625 82
315 626 11
315 629 76
315 632 29
315 650 83
315 658 25
315 663 1
315 664 82
315 671 8
315 683 1
315 722 44
315 746 84
315 759 8
315 766 9
315 794 16
315 796 6
315 803 26
315 804 62
315 811 35
315 812 10
315 824 61
315 851 59
315 853 56
315 867 26
315 871 33
315 872 60
315 879 86
315 885 27
315 886 52
315 904 38
315 912 72
315 918 18
315 927 75
315 935 95
315 937 32
315 948 20
315 952 70
315 956 43
315 961 7
315 977 13
315 981 85
315 984 32
315 989 15
316 322 16
316 326 77
316 327 5
316 329 28
316 336 3
316 352 23
316 353 31
316 355 80
316 359 82
316 363 24
316 368 29
316 372 4
316 381 6
316 387 83
316 404 15
316 407 50
316 414 100
316 418 56
316 425 82
316 434 10
316 436 85
316 438 62
316 445 54
316 446 55
316 447 10
316 454 15
316 456 79
316 482 1
316 499 20
316 514 68
316 520 54
316 537 19
316 552 43
316 567 28
316 570 27
316 572 86
316 576 81
316 583 7
316 601 100
316 602 22
316 604 52
316 616 84
316 618 50
316 624 33
316 628 2
316 638 23
316 649 90
316 655 30
316 669 29
316 704 78
316 708 37
316 710 32
316 717 27
316 718 60
316 725 88
316 740 17
316 741 10
316 768 63
316 795 38
316 797 94
316 809 14
316 832 80
316 841 33
316 842 67
316 844 3
316 846 53
316 848 90
316 859 77
316 882 78
316 892 3
316 895 32
316 899 33
316 919 50
316 920 17
316 925 54
316 934 98
316 964 41
316 967 89
316 979 13
316 980 71
316 986 69
316 991 41
317 319 29
317 339 41
317 347 51
317 370 21
317 378 87
317 388 49
317 396 71
317 411 83
317 413 81
317 420 48
317 427 58
317 432 58
317 440 67
317 444 36
317 450 72
317 457 23
317 468 76
317 472 69
317 478 91
317 484 35
317 488 40
317 506 79
317 508 2
317 510 33
317 517 78
317 540 58
317 556 54
317 578 30
317 579 14
317 582 90
317 585 18
317 588 87
317 589 23
317 591 98
317 600 2
317 610 6
317 621 79
317 622 65
317 636 32
317 641 95
317 644 5
317 645 96
317 665 42
317 666 26
317 674 3
317 678 22
317 684 8
317 685 64
317 690 13
317 694 47
317 729 97
317 734 22
317 748 15
317 751 23
317 752 86
317 754 48
317 755 15
317 761 58
317 777 51
317 780 22
317 781 31
317 785 84
317 800 38
317 816 90
317 827 91
317 843 31
317 860 13
317 861 39
317 864 82
317 875 41
317 881 42
317 887 8
317 894 14
317 900 32
317 907 60
317 911 38
317 913 12
317 917 59
317 923 25
317 924 58
317 929 8
317 942 6
317 951 30
317 960 33
317 969 73
317 994 70
317 997 4
318 334 90
318 337 64
318 344 56
318 361 36
318 365 95
318 374 41
318 379 57
318 384 93
318 386 65
318 392 53
318 409 90
318 412 74
318 419 43
318 439 49
318 455 47
318 458 97
318 459 62
318 462 20
318 463 19
318 471 60
318 493 46
318 497 65
318 516 38
318 532 90
318 536 17
318 544 81
318 548 50
318 553 9
318 558 30
318 559 4
318 581 1
318 606 64
318 612 90
318 625 9
318 629 29
318 632 23
318 650 88
318 653 17
318 656 42
318 657 30
318 664 85
318 671 80
318 683 49
318 736 31
318 746 40
318 759 18
318 769 40
318 794 70
318 796 37
318 804 91
318 811 24
318 812 33
318 817 17
318 824 48
318 833 62
318 851 57
318 857 72
318 862 86
318 867 79
318 871 32
318 872 94
318 879 77
318 886 87
318 912 90
318 915 21
318 916 37
318 918 99
318 927 29
318 935 8
318 937 46
318 948 32
318 956 19
318 962 82
318 968 55
318 977 100
318 981 71
318 984 32
318 987 69
319 339 14
319 347 4
319 370 69
319 378 44
319 388 16
319 396 11
319 397 38
319 411 93
319 420 89
319 427 85
319 432 95
319 437 42
319 440 88
319 444 22
319 450 44
319 457 51
319 468 11
319 472 59
319 474 86
319 478 61
319 479 83
319 484 29
319 504 4
319 506 25
319 508 6
319 517 56
319 521 85
319 540 66
319 555 81
319 556 68
319 578 18
319 579 61
319 582 60
319 585 66
319 588 66
319 589 70
319 591 69
319 610 73
319 621 72
319 622 83
319 636 63
319 644 86
319 645 69
319 658 55
319 663 66
319 665 38
319 674 61
319 678 47
319 684 21
319 685 83
319 690 96
319 693 32
319 719 80
319 730 45
319 734 34
319 748 99
319 751 39
319 752 10
319 761 75
319 762 73
319 777 53
319 780 26
319 781 58
319 784 55
319 799 1
319 800 61
319 816 33
319 820 72
319 827 44
319 843 8
319 860 84
319 861 84
319 864 69
319 870 36
319 875 90
319 881 87
319 887 30
319 894 59
319 900 18
319 902 90
319 907 84
319 911 51
319 913 3
319 917 28
319 921 11
319 923 65
319 924 50
319 942 83
319 946 12
319 949 90
319 951 76
319 969 4
319 994 16
319 997 21
320 326 99
320 327 21
320 329 99
320 341 80
320 350 82
320 352 37
320 354 81
320 368 26
320 381 17
320 389 29
320 390 19
320 393 41
320 400 53
320 415 24
320 418 57
320 426 25
320 433 74
320 434 80
320 436 51
320 438 62
320 442 20
320 443 51
320 447 70
320 452 24
320 465 33
320 467 91
320 475 67
320 476 98
320 480 60
320 486 32
320 501 66
320 514 84
320 520 99
320 525 100
320 531 81
320 539 51
320 543 81
320 552 70
320 554 73
320 565 60
320 572 17
320 576 21
320 593 7
320 624 24
320 628 15
320 638 66
320 648 9
320 655 39
320 675 87
320 679 76
320 680 60
320 681 39
320 686 43
320 699 7
320 700 59
320 705 43
320 709 84
320 710 2
320 711 34
320 712 44
320 713 83
320 714 58
320 726 52
320 738 22
320 741 26
320 753 14
320 764 36
320 787 86
320 788 78
320 795 52
320 807 69
320 821 27
320 826 27
320 836 51
320 865 89
320 891 20
320 906 65
320 914 30
320 920 43
320 925 5
320 931 97
320 934 82
320 947 1
320 953 56
320 963 76
320 964 2
320 965 64
320 973 81
320 985 48
321 332 24
321 356 1
321 360 97
321 394 38
321 437 11
321 448 21
321 450 8
321 451 64
321 453 72
321 468 53
321 479 4
321 484 56
321 485 57
321 498 12
321 502 34
321 504 82
321 506 89
321 519 88
321 521 73
321 527 11
321 529 66
321 533 39
321 541 30
321 542 1
321 547 68
321 551 99
321 555 17
321 563 7
321 568 64
321 578 30
321 582 8
321 605 67
321 610 11
321 623 67
321 646 78
321 651 93
321 662 55
321 670 30
321 676 28
321 678 12
321 689 17
321 693 44
321 697 92
321 698 72
321 719 69
321 720 1
321 730 83
321 733 23
321 735 24
321 747 53
321 750 58
321 758 32
321 760 85
321 761 54
321 762 24
321 772 8
321 776 67
321 782 18
321 784 86
321 799 5
321 800 19
321 806 21
321 810 82
321 820 53
321 834 82
321 843 30
321 849 24
321 850 69
321 856 79
321 861 79
321 868 93
321 870 54
321 881 27
321 896 40
321 902 91
321 921 58
321 928 1
321 930 7
321 938 52
321 946 2
321 949 68
321 958 93
321 969 78
321 970 66
321 996 26
322 326 79
322 327 70
322 329 15
322 336 11
322 352 42
322 353 1
322 355 40
322 363 33
322 368 31
322 372 43
322 381 29
322 387 41
322 391 69
322 404 75
322 407 69
322 414 62
322 418 30
322 425 16
322 434 43
322 436 96
322 445 20
322 446 48
322 447 38
322 454 23
322 456 55
322 482 16
322 514 82
322 520 40
322 523 35
322 537 28
322 552 12
322 553 82
322 567 82
322 570 62
322 572 73
322 576 6
322 577 12
322 583 13
322 602 92
322 618 79
322 624 83
322 628 99
322 632 28
322 635 43
322 638 92
322 649 79
322 669 68
322 680 54
322 704 60
322 708 47
322 710 62
322 718 93
322 723 93
322 725 9
322 740 52
322 741 70
322 757 64
322 768 96
322 795 78
322 797 60
322 807 61
322 808 68
322 809 34
322 817 1
322 823 69
322 831 20
322 832 77
322 841 60
322 842 41
322 844 70
322 848 9
322 882 33
322 892 59
322 895 6
322 899 51
322 919 75
322 920 8
322 925 54
322 934 74
322 963 96
322 964 50
322 967 59
322 979 69
322 980 74
322 986 43
322 991 14
323 336 26
323 345 58
323 353 89
323 359 66
323 372 6
323 380 46
323 385 50
323 387 35
323 404 87
323 414 26
323 417 45
323 425 11
323 446 63
323 454 18
323 482 19
323 499 59
323 567 8
323 583 70
323 601 92
323 604 11
323 615 34
323 618 43
323 649 41
323 654 73
323 691 5
323 718 12
323 725 58
323 768 24
323 805 71
323 825 57
323 832 11
323 840 13
323 841 55
323 842 38
323 844 90
323 846 47
323 848 62
323 876 9
323 882 65
323 910 92
323 919 97
323 959 47
323 991 24
323 998 89
323 999 53
324 337 41
324 356 91
324 361 13
324 379 58
324 382 27
324 383 59
324 384 68
324 392 49
324 397 3
324 419 64
324 437 46
324 439 80
324 448 67
324 451 40
324 453 8
324 455 45
324 458 40
324 462 28
324 464 17
324 466 40
324 471 80
324 474 35
324 483 3
324 485 7
324 498 97
324 506 90
324 511 1
324 516 74
324 518 1
324 521 10
324 533 80
324 551 92
324 558 67
324 582 97
324 606 74
324 607 48
324 609 62
324 611 11
324 612 55
324 623 70
324 625 20
324 626 74
324 645 98
324 658 52
324 662 13
324 663 80
324 664 77
324 672 2
324 674 75
324 678 12
324 683 8
324 719 27
324 721 25
324 722 100
324 730 53
324 733 96
324 735 14
324 746 48
324 758 25
324 759 44
324 760 55
324 762 23
324 766 44
324 784 26
324 796 27
324 799 25
324 801 66
324 806 8
324 810 45
324 824 32
324 838 11
324 849 85
324 850 44
324 870 3
324 871 15
324 872 69
324 875 87
324 885 45
324 886 82
324 896 23
324 912 2
324 922 36
324 927 37
324 928 38
324 935 50
324 937 17
324 939 4
324 941 58
324 946 28
324 948 63
324 949 44
324 961 18
324 981 2
324 984 92
324 989 10
325 340 11
325 342 44
325 364 94
325 365 64
325 366 6
325 369 57
325 373 31
325 392 32
325 406 41
325 424 88
325 429 33
325 431 52
325 435 3
325 455 54
325 459 87
325 460 30
325 461 9
325 466 50
325 481 17
325 496 68
325 512 72
325 513 73
325 516 96
325 536 49
325 544 75
325 550 37
325 557 16
325 559 61
325 564 81
325 573 67
325 574 92
325 575 30
325 586 26
325 595 77
325 596 81
325 612 39
325 613 54
325 630 16
325 634 77
325 677 97
325 692 79
325 695 5
325 728 36
325 731 39
325 737 91
325 765 89
325 783 8
325 790 45
325 813 35
325 838 58
325 852 69
325 857 53
325 862 39
325 863 70
325 873 28
325 877 83
325 916 80
325 933 29
325 936 32
325 939 63
325 943 39
325 945 31
325 968 20
325 972 76
325 988 67
325 993 96
326 327 71
326 329 68
326 341 83
326 352 61
326 355 33
326 363 40
326 368 86
326 372 77
326 381 72
326 387 29
326 389 41
326 393 46
326 404 99
326 407 61
326 418 88
326 425 55
326 434 24
326 436 7
326 438 57
326 445 88
326 446 10
326 447 93
326 456 41
326 482 92
326 514 89
326 520 15
326 537 99
326 552 82
326 553 22
326 567 1
326 570 37
326 572 96
326 576 99
326 577 7
326 602 57
326 624 48
326 628 74
326 632 34
326 638 9
326 655 100
326 679 1
326 680 49
326 686 74
326 708 46
326 710 63
326 718 39
326 723 2
326 725 28
326 740 77
326 741 37
326 753 83
326 764 30
326 795 16
326 797 10
326 807 70
326 809 96
326 812 91
326 817 11
326 823 7
326 841 87
326 844 6
326 891 72
326 892 78
326 895 59
326 899 77
326 919 98
326 920 79
326 925 91
326 934 56
326 963 46
326 964 95
326 967 39
326 979 81
326 980 10
326 986 7
327 329 25
327 341 40
327 352 49
327 354 71
327 355 42
327 363 69
327 368 10
327 372 4
327 381 94
327 389 28
327 391 30
327 407 51
327 418 85
327 426 63
327 434 72
327 436 66
327 442 35
327 447 17
327 456 20
327 520 10
327 525 18
327 537 89
327 552 18
327 553 90
327 570 52
327 572 38
327 576 38
327 577 52
327 602 38
327 624 46
327 628 88
327 629 76
327 632 3
327 638 18
327 679 88
327 680 47
327 686 2
327 708 87
327 710 44
327 718 72
327 723 47
327 740 3
327 741 44
327 753 65
327 795 40
327 797 51
327 804 35
327 807 54
327 809 23
327 812 13
327 817 32
327 823 99
327 844 41
327 867 28
327 879 15
327 891 91
327 895 79
327 899 91
327 919 12
327 920 91
327 925 11
327 934 94
327 963 28
327 967 43
327 977 69
327 979 24
327 980 48
327 985 93
327 986 78
328 335 75
328 348 96
328 362 72
328 367 6
328 377 49
328 395 61
328 399 36
328 415 29
328 430 87
328 433 2
328 443 35
328 465 37
328 469 47
328 487 43
328 500 83
328 524 87
328 530 76
328 531 82
328 565 77
328 566 72
328 569 99
328 593 63
328 599 41
328 614 35
328 619 14
328 642 9
328 660 77
328 661 78
328 699 94
328 702 26
328 712 31
328 726 68
328 732 1
328 739 79
328 744 60
328 770 68
328 773 59
328 778 5
328 787 79
328 788 71
328 802 74
328 815 86
328 818 92
328 819 97
328 826 100
328 865 51
328 878 31
328 888 29
328 897 1
328 901 60
328 914 44
328 931 15
328 940 47
328 947 52
328 953 92
328 974 26
328 975 40
328 990 14
328 995 9
329 352 49
329 355 9
329 363 53
329 368 38
329 372 50
329 381 35
329 387 39
329 389 52
329 393 84
329 404 10
329 407 98
329 418 16
329 425 45
329 434 75
329 436 24
329 438 95
329 445 62
329 446 4
329 447 39
329 454 76
329 456 34
329 482 91
329 514 71
329 520 14
329 537 59
329 552 3
329 567 19
329 570 54
329 572 72
329 576 56
329 577 72
329 583 42
329 602 48
329 618 63
329 624 69
329 628 33
329 632 73
329 638 33
329 649 18
329 655 31
329 679 75
329 680 100
329 708 59
329 709 100
329 710 51
329 714 81
329 718 76
329 725 23
329 740 70
329 741 96
329 753 24
329 764 31
329 768 7
329 795 43
329 797 73
329 807 42
329 809 39
329 817 37
329 823 33
329 841 5
329 844 32
329 848 97
329 859 74
329 892 11
329 895 32
329 899 94
329 919 35
329 920 28
329 925 9
329 934 62
329 963 48
329 964 95
329 967 64
329 979 4
329 980 72
329 986 20
330 333 100
330 341 70
330 354 36
330 382 80
330 389 8
330 398 8
330 402 7
330 403 37
330 426 10
330 439 74
330 442 10
330 458 10
330 462 28
330 467 31
330 471 54
330 474 59
330 489 83
330 490 50
330 492 85
330 511 80
330 518 72
330 525 15
330 528 63
330 534 50
330 540 77
330 560 71
330 585 81
330 597 79
330 598 11
330 626 33
330 632 10
330 640 12
330 650 17
330 658 22
330 679 62
330 683 28
330 684 74
330 685 66
330 686 82
330 700 76
330 705 83
330 722 39
330 729 95
330 748 72
330 753 52
330 755 59
330 756 50
330 759 19
330 766 85
330 779 66
330 794 33
330 798 49
330 803 47
330 804 62
330 807 56
330 812 21
330 821 96
330 824 6
330 835 17
330 853 15
330 871 70
330 875 34
330 885 95
330 891 27
330 894 95
330 898 42
330 904 6
330 912 19
330 913 100
330 927 20
330 932 76
330 935 36
330 952 37
330 955 96
330 961 95
330 965 54
330 977 80
330 985 96
330 989 18
331 342 94
331 356 53
331 366 33
331 376 70
331 383 94
331 384 29
331 392 16
331 405 91
331 416 72
331 424 23
331 429 94
331 435 7
331 448 75
331 451 74
331 453 76
331 455 58
331 460 32
331 464 5
331 466 45
331 481 52
331 483 51
331 485 38
331 496 10
331 498 88
331 513 37
331 516 61
331 533 58
331 557 62
331 561 66
331 563 23
331 606 25
331 608 13
331 611 21
331 612 47
331 633 32
331 672 22
331 703 31
331 721 25
331 727 2
331 731 8
331 733 71
331 735 60
331 737 22
331 765 15
331 783 92
331 793 8
331 796 52
331 801 66
331 806 39
331 838 93
331 852 2
331 856 39
331 909 40
331 922 24
331 936 68
331 937 29
331 938 66
331 939 95
331 941 47
331 943 44
331 945 78
331 970 59
331 976 13
332 356 38
332 360 80
332 376 93
332 394 66
332 437 14
332 448 81
332 451 58
332 453 92
332 485 69
332 498 60
332 502 75
332 504 82
332 519 65
332 521 7
332 527 61
332 529 45
332 533 43
332 541 76
332 542 47
332 547 92
332 551 44
332 555 29
332 561 66
332 563 91
332 568 79
332 582 19
332 605 39
332 623 86
332 633 87
332 646 5
332 651 12
332 662 62
332 670 94
332 676 31
332 689 63
332 693 60
332 697 29
332 698 64
332 703 11
332 719 27
332 720 39
332 721 47
332 727 39
332 730 52
332 733 45
332 735 57
332 747 100
332 750 53
332 758 94
332 760 45
332 761 10
332 762 40
332 772 88
332 776 43
332 782 38
332 784 46
332 793 97
332 800 32
332 801 64
332 806 18
332 810 66
332 820 60
332 834 15
332 849 60
332 850 85
332 856 76
332 861 97
332 868 55
332 870 60
332 896 65
332 902 97
332 921 86
332 928 2
332 930 57
332 938 33
332 946 6
332 949 74
332 958 2
332 970 81
332 976 21
332 996 99
333 354 86
333 396 82
333 398 68
333 402 89
333 403 36
333 408 61
333 421 72
333 422 64
333 426 100
333 432 37
333 440 67
333 442 63
333 443 25
333 467 86
333 475 1
333 478 90
333 489 66
333 490 27
333 492 58
333 509 40
333 511 97
333 525 16
333 528 6
333 531 35
333 534 56
333 540 11
333 556 31
333 560 91
333 571 32
333 585 57
333 589 40
333 597 86
333 598 61
333 626 44
333 637 67
333 640 4
333 658 43
333 661 70
333 681 10
333 684 35
333 685 51
333 686 69
333 688 92
333 694 37
333 700 41
333 705 78
333 711 65
333 726 67
333 729 57
333 748 37
333 749 34
333 751 59
333 755 40
333 756 6
333 775 94
333 779 31
333 781 42
333 789 58
333 798 34
333 803 38
333 821 29
333 835 88
333 839 37
333 853 65
333 875 81
333 880 72
333 885 3
333 887 46
333 889 26
333 890 69
333 891 54
333 893 77
333 894 18
333 898 78
333 904 86
333 913 47
333 917 49
333 931 75
333 932 34
333 942 52
333 950 11
333 952 76
333 955 55
333 965 92
333 971 75
333 985 50
334 337 21
334 338 64
334 344 26
334 351 93
334 355 78
334 357 89
334 363 46
334 365 94
334 374 36
334 386 83
334 391 33
334 409 67
334 410 28
334 412 67
334 423 99
334 428 69
334 441 67
334 456 9
334 463 94
334 471 25
334 473 81
334 493 71
334 495 37
334 497 80
334 503 21
334 526 29
334 532 15
334 548 93
334 553 69
334 559 72
334 577 95
334 581 13
334 620 58
334 627 2
334 629 31
334 632 58
334 635 19
334 643 61
334 653 52
334 656 3
334 657 43
334 659 72
334 669 85
334 671 81
334 723 53
334 736 41
334 746 86
334 757 2
334 763 8
334 767 2
334 769 35
334 794 31
334 804 1
334 808 69
334 811 59
334 812 51
334 817 20
334 823 38
334 824 20
334 831 100
334 833 48
334 851 7
334 857 20
334 866 28
334 867 88
334 873 70
334 877 77
334 879 68
334 899 43
334 905 87
334 908 57
334 915 12
334 918 59
334 944 86
334 948 66
334 954 73
334 956 16
334 957 26
334 962 76
334 967 24
334 979 22
334 980 12
334 983 52
334 986 13
334 987 5
335 348 38
335 362 20
335 367 70
335 371 46
335 375 57
335 377 12
335 395 87
335 422 62
335 430 55
335 470 2
335 487 39
335 500 20
335 507 88
335 509 4
335 515 78
335 524 38
335 530 5
335 546 24
335 566 25
335 569 5
335 584 23
335 592 63
335 594 30
335 599 62
335 603 42
335 614 66
335 619 18
335 637 92
335 639 18
335 642 53
335 660 59
335 661 41
335 673 77
335 682 77
335 701 39
335 702 45
335 706 38
335 707 22
335 732 45
335 739 46
335 744 64
335 749 43
335 773 34
335 778 23
335 802 57
335 818 26
335 819 92
335 837 4
335 839 65
335 854 51
335 858 90
335 883 18
335 884 11
335 888 2
335 893 3
335 897 40
335 901 17
335 903 94
335 971 4
335 978 61
335 990 30
335 992 54
335 995 11
336 343 89
336 345 69
336 353 6
336 355 3
336 358 40
336 359 100
336 372 24
336 380 77
336 387 49
336 404 40
336 407 64
336 414 85
336 425 38
336 445 34
336 446 85
336 454 45
336 523 11
336 567 13
336 583 38
336 601 56
336 615 18
336 618 92
336 631 17
336 635 28
336 649 52
336 654 87
336 668 81
336 669 88
336 704 69
336 708 62
336 718 81
336 725 38
336 742 33
336 757 24
336 768 40
336 771 23
336 774 80
336 805 26
336 809 18
336 825 48
336 831 22
336 832 19
336 840 10
336 841 20
336 842 51
336 844 66
336 846 27
336 882 72
336 910 36
336 919 95
336 926 95
336 959 73
336 966 27
336 991 12
336 998 64
336 999 51
337 344 89
337 361 85
337 365 5
337 379 29
337 382 26
337 384 47
337 386 94
337 392 40
337 409 32
337 412 68
337 419 50
337 439 85
337 455 44
337 458 60
337 459 96
337 462 81
337 463 3
337 464 40
337 466 96
337 471 20
337 493 87
337 497 68
337 516 87
337 536 52
337 544 16
337 548 64
337 557 8
337 558 52
337 559 58
337 581 72
337 606 23
337 609 81
337 612 93
337 625 81
337 629 97
337 650 14
337 653 83
337 657 83
337 664 7
337 671 41
337 672 24
337 683 49
337 736 15
337 746 57
337 759 90
337 769 1
337 794 95
337 796 62
337 804 53
337 811 90
337 812 89
337 824 17
337 833 27
337 838 61
337 851 62
337 857 27
337 862 61
337 867 18
337 871 78
337 872 45
337 879 91
337 886 80
337 912 23
337 915 79
337 916 45
337 918 68
337 927 82
337 935 99
337 937 26
337 939 25
337 948 80
337 956 96
337 962 22
337 968 86
337 977 18
337 981 51
337 984 56
337 989 51
338 344 6
338 346 8
338 351 47
338 357 23
338 358 22
338 374 82
338 386 14
338 391 99
338 409 42
338 410 80
338 412 95
338 423 5
338 428 80
338 441 44
338 473 91
338 493 60
338 495 81
338 503 23
338 526 62
338 532 80
338 538 77
338 548 42
338 549 93
338 580 21
338 581 43
338 620 64
338 627 80
338 643 89
338 653 21
338 656 6
338 657 97
338 659 59
338 671 71
338 692 34
338 723 67
338 736 40
338 757 97
338 763 47
338 767 86
338 769 99
338 771 11
338 808 29
338 811 32
338 814 57
338 822 59
338 831 56
338 833 99
338 851 21
338 857 65
338 866 1
338 873 58
338 874 45
338 877 17
338 879 49
338 905 90
338 908 79
338 926 57
338 944 70
338 954 94
338 956 72
338 957 85
338 962 57
338 983 35
338 987 52
339 347 52
339 370 64
339 378 68
339 388 74
339 396 3
339 397 7
339 411 61
339 420 13
339 427 32
339 432 99
339 440 58
339 444 11
339 450 3
339 457 18
339 468 7
339 472 53
339 474 33
339 478 74
339 484 82
339 488 2
339 506 10
339 508 16
339 510 86
339 517 2
339 540 32
339 556 55
339 578 95
339 579 25
339 582 66
339 585 37
339 588 14
339 589 42
339 591 54
339 600 27
339 610 70
339 621 30
339 622 2
339 636 60
339 644 49
339 645 25
339 658 68
339 665 24
339 666 99
339 674 27
339 678 44
339 684 46
339 685 27
339 690 74
339 693 51
339 719 48
339 729 25
339 730 94
339 734 14
339 748 31
339 751 83
339 752 69
339 755 24
339 756 79
339 761 86
339 777 45
339 780 27
339 781 82
339 784 87
339 799 90
339 800 51
339 816 83
339 820 10
339 827 18
339 843 64
339 860 93
339 861 15
339 864 41
339 870 84
339 875 19
339 881 91
339 887 84
339 894 1
339 900 11
339 907 34
339 911 53
339 913 35
339 917 47
339 923 34
339 924 76
339 942 17
339 946 91
339 949 38
339 951 4
339 969 41
339 994 99
339 997 79
340 342 30
340 364 43
340 365 31
340 366 21
340 369 80
340 373 84
340 384 64
340 386 5
340 392 7
340 406 94
340 424 16
340 429 23
340 431 69
340 435 67
340 449 66
340 455 83
340 459 72
340 460 72
340 466 12
340 481 89
340 496 7
340 512 78
340 513 45
340 516 49
340 536 26
340 544 77
340 548 10
340 549 65
340 550 6
340 557 13
340 559 93
340 564 61
340 573 85
340 574 59
340 575 42
340 586 13
340 595 75
340 596 97
340 612 97
340 613 7
340 620 81
340 630 10
340 634 58
340 677 16
340 692 4
340 695 66
340 728 59
340 737 31
340 783 52
340 790 30
340 813 2
340 814 57
340 828 88
340 838 40
340 857 84
340 862 67
340 863 62
340 866 54
340 873 80
340 877 35
340 908 7
340 915 98
340 916 13
340 918 10
340 933 81
340 936 86
340 943 84
340 945 80
340 968 14
340 972 61
340 984 50
340 987 32
340 988 65
340 993 27
341 350 92
341 352 39
341 354 97
341 368 85
341 389 78
341 393 74
341 400 18
341 418 22
341 426 45
341 442 45
341 443 79
341 447 4
341 452 66
341 467 39
341 475 39
341 486 90
341 490 54
341 492 74
341 525 14
341 528 50
341 531 89
341 543 6
341 560 28
341 565 79
341 571 91
341 597 74
341 598 75
341 624 40
341 628 67
341 632 11
341 638 69
341 640 10
341 648 97
341 675 67
341 679 68
341 680 49
341 681 92
341 686 57
341 700 21
341 705 62
341 710 29
341 711 8
341 712 18
341 713 94
341 726 2
341 741 99
341 753 65
341 764 6
341 779 12
341 787 43
341 788 54
341 795 93
341 798 32
341 803 77
341 807 57
341 821 26
341 826 23
341 835 45
341 836 75
341 865 14
341 890 84
341 891 26
341 898 72
341 904 95
341 906 26
341 914 95
341 920 76
341 925 79
341 931 41
341 932 89
341 934 26
341 947 82
341 955 4
341 963 10
341 965 16
341 967 6
341 977 49
341 985 87
342 366 79
342 369 90
342 376 61
342 383 13
342 392 55
342 405 46
342 406 54
342 416 44
342 424 20
342 429 55
342 435 6
342 455 30
342 459 25
342 460 29
342 466 97
342 481 97
342 483 74
342 496 55
342 512 89
342 513 26
342 516 27
342 544 25
342 557 77
342 574 75
342 575 41
342 586 99
342 596 6
342 608 80
342 611 9
342 612 47
342 634 86
342 695 74
342 727 24
342 728 73
342 731 74
342 737 79
342 765 17
342 783 79
342 813 40
342 838 1
342 852 15
342 862 12
342 909 100
342 916 45
342 922 93
342 936 54
342 939 9
342 941 6
342 943 56
342 945 85
342 972 53
342 993 87
343 345 9
343 353 84
343 355 11
343 358 14
343 359 14
343 380 65
343 387 54
343 404 36
343 407 63
343 414 8
343 445 12
343 446 63
343 473 8
343 495 61
343 523 18
343 567 28
343 570 62
343 601 72
343 615 72
343 627 77
343 631 99
343 635 83
343 649 51
343 654 37
343 668 19
343 669 48
343 704 43
343 723 31
343 742 69
343 757 77
343 763 63
343 767 12
343 768 85
343 771 50
343 774 79
343 808 99
343 809 61
343 825 14
343 831 28
343 840 29
343 841 50
343 844 52
343 882 63
343 926 45
343 954 26
343 959 38
343 966 57
343 986 25
343 991 2
343 998 87
344 346 38
344 351 61
344 357 40
344 364 39
344 365 37
344 374 46
344 386 15
344 391 11
344 409 15
344 410 3
344 412 50
344 423 50
344 428 4
344 441 46
344 463 72
344 471 10
344 493 57
344 495 82
344 497 98
344 503 3
344 526 1
344 532 83
344 536 37
344 538 60
344 548 13
344 549 73
344 553 61
344 559 50
344 577 14
344 580 13
344 581 86
344 620 61
344 627 41
344 629 81
344 643 62
344 653 45
344 656 98
344 657 84
344 659 59
344 671 93
344 692 58
344 723 37
344 736 64
344 746 7
344 763 37
344 767 46
344 769 31
344 794 48
344 804 92
344 808 54
344 811 80
344 812 13
344 814 68
344 822 82
344 823 100
344 824 27
344 833 72
344 851 78
344 857 94
344 866 97
344 867 37
344 873 19
344 874 30
344 877 7
344 879 20
344 905 56
344 908 45
344 915 11
344 918 70
344 944 33
344 948 15
344 956 72
344 957 14
344 962 62
344 968 10
344 983 38
344 984 60
344 987 85
345 353 96
345 358 34
345 359 88
345 372 46
345 380 44
345 387 46
345 404 49
345 414 79
345 445 89
345 446 20
345 523 15
345 567 32
345 583 22
345 601 99
345 615 27
345 618 28
345 631 38
345 635 79
345 649 79
345 654 77
345 668 17
345 669 42
345 704 83
345 718 8
345 742 92
345 757 44
345 768 36
345 771 14
345 774 21
345 805 36
345 809 54
345 825 55
345 831 71
345 832 17
345 840 87
345 841 10
345 842 49
345 844 17
345 882 55
345 910 69
345 926 72
345 954 82
345 959 3
345 966 45
345 991 95
345 998 56
346 351 65
346 357 46
346 374 44
346 386 59
346 410 84
346 423 4
346 428 91
346 441 30
346 473 7
346 493 100
346 495 37
346 503 43
346 526 4
346 532 75
346 538 19
346 549 91
346 580 28
346 581 90
346 613 78
346 620 23
346 627 43
346 643 52
346 656 15
346 659 33
346 692 20
346 767 7
346 769 17
346 814 58
346 822 8
346 828 16
346 833 62
346 857 14
346 863 76
346 866 96
346 873 20
346 874 38
346 877 8
346 905 68
346 908 18
346 944 53
346 957 84
346 968 20
346 983 52
346 987 20
347 370 25
347 378 96
347 388 4
347 396 63
347 401 30
347 411 25
347 413 43
347 420 64
347 427 84
347 432 41
347 440 75
347 444 89
347 450 55
347 457 22
347 468 28
347 472 16
347 478 30
347 484 13
347 488 27
347 506 86
347 508 77
347 510 36
347 517 77
347 540 99
347 556 24
347 562 79
347 578 90
347 579 61
347 585 97
347 588 52
347 589 44
347 591 2
347 600 31
347 610 66
347 621 68
347 622 40
347 636 38
347 641 32
347 644 21
347 645 41
347 665 89
347 666 32
347 684 43
347 685 28
347 690 9
347 694 17
347 734 23
347 751 82
347 752 95
347 754 6
347 761 98
347 777 13
347 780 86
347 781 23
347 785 55
347 800 93
347 816 45
347 827 1
347 843 14
347 847 69
347 860 75
347 861 10
347 864 30
347 881 28
347 887 7
347 900 33
347 907 73
347 911 16
347 913 50
347 917 18
347 923 53
347 924 66
347 929 69
347 942 10
347 951 13
347 960 53
347 969 99
347 994 49
347 997 7
348 362 96
348 367 62
348 371 64
348 375 21
348 377 88
348 395 52
348 408 87
348 422 53
348 430 43
348 433 71
348 470 57
348 487 82
348 500 60
348 507 27
348 509 96
348 515 70
348 524 17
348 530 33
348 546 97
348 566 30
348 569 30
348 571 59
348 584 87
348 592 60
348 594 24
348 599 6
348 603 59
348 614 97
348 619 19
348 637 40
348 639 22
348 642 41
348 660 34
348 661 37
348 673 71
348 682 31
348 688 11
348 701 16
348 702 56
348 707 69
348 726 71
348 732 18
348 739 55
348 743 61
348 744 22
348 749 50
348 770 88
348 773 12
348 778 45
348 787 38
348 788 20
348 789 81
348 802 2
348 818 56
348 819 60
348 837 38
348 839 69
348 854 52
348 858 81
348 880 63
348 883 38
348 884 43
348 888 51
348 890 70
348 893 11
348 897 9
348 901 42
348 903 47
348 914 68
348 931 3
348 953 17
348 971 39
348 978 11
348 990 75
348 992 30
348 995 22
349 371 14
349 375 20
349 413 2
349 422 90
349 470 85
349 507 99
349 530 99
349 546 52
349 569 39
349 584 30
349 592 43
349 594 2
349 603 71
349 637 46
349 639 22
349 660 10
349 667 81
349 682 56
349 701 8
349 707 63
349 724 50
349 743 25
349 745 79
349 749 91
349 754 82
349 786 42
349 830 73
349 837 61
349 845 55
349 847 32
349 854 80
349 855 10
349 858 29
349 883 92
349 884 89
349 893 50
349 903 95
349 929 10
349 982 15
350 352 82
350 354 22
350 368 75
350 389 30
350 390 12
350 393 81
350 399 68
350 400 3
350 415 68
350 426 70
350 433 69
350 438 66
350 442 41
350 443 1
350 452 92
350 465 26
350 467 20
350 469 94
350 475 31
350 476 6
350 480 56
350 486 42
350 492 23
350 501 36
350 525 99
350 531 1
350 539 29
350 543 4
350 554 46
350 565 5
350 571 22
350 572 77
350 576 18
350 593 89
350 614 96
350 624 81
350 628 49
350 638 4
350 648 42
350 655 94
350 661 59
350 675 64
350 679 52
350 680 80
350 681 89
350 686 91
350 699 3
350 700 23
350 705 44
350 711 6
350 712 11
350 713 20
350 714 73
350 726 45
350 738 27
350 741 54
350 764 89
350 787 25
350 788 72
350 795 33
350 807 21
350 815 16
350 821 31
350 826 73
350 836 40
350 865 94
350 878 67
350 890 24
350 891 63
350 898 55
350 906 84
350 914 61
350 925 13
350 931 80
350 934 20
350 940 21
350 947 71
350 953 5
350 955 22
350 963 84
350 964 39
350 965 86
350 973 76
350 974 63
350 975 88
350 985 19
351 357 17
351 358 91
351 374 9
351 386 82
351 409 48
351 410 67
351 423 29
351 428 88
351 441 72
351 473 63
351 493 81
351 495 19
351 503 68
351 526 9
351 532 91
351 538 56
351 549 28
351 580 7
351 581 89
351 620 26
351 627 64
351 643 50
351 653 33
351 656 46
351 659 18
351 692 93
351 757 65
351 763 5
351 767 44
351 769 87
351 771 58
351 774 95
351 808 89
351 814 63
351 822 40
351 833 20
351 866 23
351 873 24
351 874 98
351 877 73
351 905 51
351 908 52
351 926 64
351 944 98
351 954 19
351 957 43
351 962 7
351 983 17
351 987 48
352 354 43
352 368 63
352 381 94
352 389 89
352 390 58
352 393 96
352 400 68
352 418 15
352 426 96
352 434 37
352 436 33
352 438 5
352 442 17
352 443 24
352 447 97
352 452 1
352 475 64
352 476 54
352 480 72
352 486 12
352 501 53
352 514 35
352 520 49
352 525 5
352 531 29
352 537 71
352 539 8
352 543 87
352 552 93
352 565 98
352 572 31
352 576 71
352 602 28
352 624 33
352 628 59
352 632 99
352 638 12
352 648 16
352 655 19
352 675 93
352 679 71
352 680 46
352 681 47
352 686 63
352 700 26
352 705 25
352 708 81
352 709 86
352 710 9
352 711 31
352 712 89
352 713 16
352 714 32
352 738 63
352 740 51
352 741 59
352 753 79
352 764 81
352 795 67
352 797 7
352 807 78
352 821 95
352 826 20
352 836 61
352 865 92
352 891 80
352 892 78
352 895 36
352 906 20
352 920 6
352 925 43
352 934 16
352 947 68
352 963 63
352 964 24
352 965 73
352 967 80
352 973 45
352 985 86
353 358 44
353 359 43
353 372 21
353 380 87
353 387 28
353 404 77
353 414 4
353 417 88
353 425 72
353 445 92
353 446 13
353 454 75
353 482 27
353 523 83
353 567 37
353 583 37
353 601 7
353 615 14
353 618 57
353 631 7
353 635 3
353 649 87
353 654 23
353 668 49
353 669 57
353 691 87
353 704 21
353 708 88
353 718 97
353 725 28
353 742 94
353 757 71
353 768 40
353 771 61
353 774 23
353 805 54
353 809 84
353 825 29
353 831 46
353 832 79
353 840 14
353 841 73
353 842 85
353 844 77
353 846 71
353 848 34
353 876 3
353 882 8
353 910 79
353 919 69
353 959 9
353 966 15
353 991 32
353 998 9
353 999 6
354 368 98
354 389 97
354 398 32
354 400 11
354 402 36
354 403 5
354 421 24
354 426 24
354 439 66
354 442 10
354 443 50
354 447 90
354 452 29
354 467 41
354 475 94
354 489 64
354 490 91
354 492 18
354 511 53
354 525 82
354 528 84
354 531 28
354 534 4
354 543 31
354 560 48
354 571 37
354 597 64
354 598 77
354 624 49
354 626 81
354 632 27
354 640 17
354 648 45
354 650 83
354 679 50
354 680 90
354 681 22
354 686 74
354 700 51
354 705 57
354 710 96
354 711 74
354 713 63
354 726 5
354 729 86
354 753 85
354 755 98
354 756 64
354 764 48
354 766 14
354 779 53
354 787 53
354 789 35
354 795 43
354 798 52
354 803 4
354 807 77
354 821 97
354 835 52
354 836 9
354 853 45
354 871 65
354 885 73
354 890 61
354 891 11
354 898 42
354 904 31
354 906 86
354 912 51
354 920 86
354 931 34
354 932 62
354 947 2
354 952 88
354 955 41
354 963 50
354 965 44
354 977 21
354 985 25
354 989 38
355 357 33
355 358 69
355 363 7
355 372 17
355 374 15
355 387 98
355 391 80
355 404 36
355 407 65
355 409 9
355 414 42
355 418 37
355 436 72
355 445 75
355 446 94
355 447 87
355 456 97
355 473 55
355 495 81
355 523 60
355 532 59
355 553 5
355 567 6
355 570 24
355 577 65
355 602 65
355 627 76
355 629 91
355 631 54
355 632 90
355 635 81
355 649 9
355 653 47
355 654 47
355 656 26
355 657 7
355 668 38
355 669 46
355 671 84
355 704 32
355 708 22
355 710 87
355 718 57
355 723 38
355 736 9
355 742 76
355 757 14
355 763 52
355 767 44
355 771 91
355 774 80
355 797 67
355 808 49
355 809 72
355 811 95
355 812 92
355 817 15
355 823 39
355 831 80
355 833 2
355 840 31
355 841 2
355 844 89
355 851 83
355 867 98
355 879 16
355 882 98
355 895 25
355 899 26
355 920 73
355 926 7
355 954 14
355 959 81
355 962 66
355 966 41
355 967 45
355 979 53
355 980 12
355 986 5
355 991 33
355 998 28
356 361 99
356 376 17
356 383 30
356 384 40
356 394 12
356 405 86
356 416 96
356 419 72
356 429 13
356 437 64
356 448 50
356 451 70
356 453 79
356 455 47
356 460 27
356 464 39
356 466 32
356 483 13
356 485 30
356 498 79
356 521 40
356 533 50
356 547 47
356 551 33
356 558 35
356 561 2
356 563 21
356 582 71
356 606 94
356 607 99
356 608 66
356 609 5
356 611 73
356 612 23
356 623 18
356 625 86
356 633 73
356 651 72
356 662 52
356 672 61
356 676 34
356 693 43
356 703 81
356 719 37
356 720 14
356 721 50
356 727 69
356 730 4
356 733 34
356 735 24
356 758 65
356 760 61
356 762 28
356 784 12
356 793 22
356 796 3
356 799 32
356 801 35
356 806 22
356 810 51
356 820 58
356 834 93
356 838 24
356 849 63
356 850 75
356 856 33
356 868 30
356 870 70
356 896 68
356 909 40
356 922 80
356 928 65
356 930 83
356 937 32
356 938 21
356 939 70
356 941 97
356 946 56
356 949 23
356 961 56
356 970 79
356 976 69
356 981 5
356 996 19
357 358 38
357 374 56
357 386 29
357 391 44
357 409 3
357 410 27
357 412 38
357 423 46
357 428 87
357 441 88
357 463 92
357 473 4
357 493 39
357 495 27
357 497 65
357 503 77
357 526 4
357 532 68
357 538 11
357 548 9
357 549 61
357 559 13
357 580 91
357 581 50
357 620 18
357 627 99
357 635 78
357 643 69
357 653 9
357 656 46
357 657 53
357 659 59
357 671 89
357 692 81
357 723 38
357 736 66
357 757 41
357 763 72
357 767 12
357 769 11
357 771 68
357 808 83
357 811 15
357 814 43
357 822 84
357 831 76
357 833 52
357 851 6
357 857 31
357 866 63
357 873 59
357 874 29
357 877 20
357 879 7
357 905 45
357 908 3
357 915 34
357 944 17
357 954 44
357 956 82
357 957 72
357 962 26
357 983 68
357 987 23
358 359 82
358 374 22
358 380 11
358 391 1
358 404 33
358 407 51
358 410 18
358 414 15
358 441 47
358 445 32
358 446 35
358 473 20
358 495 22
358 503 100
358 523 44
358 532 74
358 570 1
358 627 82
358 631 15
358 635 42
358 649 54
358 654 36
358 668 27
358 669 73
358 704 85
358 723 84
358 742 67
358 757 79
358 763 79
358 767 8
358 771 39
358 774 12
358 808 25
358 831 33
358 840 72
358 841 9
358 844 88
358 882 28
358 899 60
358 926 2
358 954 3
358 959 89
358 966 68
358 980 3
358 983 5
358 986 42
358 991 91
358 998 41
359 372 84
359 380 62
359 387 29
359 404 68
359 414 98
359 425 12
359 445 32
359 446 94
359 454 70
359 523 36
359 567 2
359 583 80
359 601 68
359 615 95
359 618 30
359 631 6
359 635 27
359 649 37
359 654 2
359 668 36
359 669 20
359 704 63
359 718 46
359 725 53
359 742 96
359 757 62
359 768 18
359 771 20
359 774 56
359 805 12
359 809 46
359 825 46
359 832 4
359 840 46
359 841 83
359 842 92
359 844 40
359 846 85
359 876 22
359 882 13
359 910 55
359 926 31
359 959 70
359 966 39
359 991 75
359 998 22
359 999 18
360 394 27
360 453 23
360 494 93
360 502 53
360 504 50
360 519 69
360 527 60
360 529 12
360 541 88
360 542 66
360 547 60
360 555 22
360 561 76
360 563 21
360 568 95
360 587 75
360 605 15
360 633 37
360 646 82
360 651 91
360 670 63
360 676 73
360 687 63
360 689 40
360 693 34
360 697 91
360 698 12
360 703 71
360 720 26
360 735 6
360 747 8
360 750 47
360 762 16
360 772 67
360 776 60
360 782 74
360 791 12
360 793 70
360 810 39
360 820 16
360 834 36
360 856 60
360 868 76
360 869 23
360 896 15
360 902 7
360 921 39
360 928 30
360 930 99
360 938 57
360 958 85
360 970 56
360 996 57
361 379 58
361 382 69
361 383 10
361 384 40
361 392 43
361 397 56
361 403 67
361 419 24
361 437 96
361 439 32
361 448 98
361 451 65
361 453 3
361 455 83
361 458 60
361 462 30
361 464 31
361 466 23
361 471 34
361 474 8
361 483 56
361 498 38
361 511 58
361 516 1
361 518 87
361 521 77
361 533 29
361 536 1
361 551 99
361 558 88
361 582 37
361 606 93
361 607 50
361 609 75
361 611 34
361 612 29
361 623 50
361 625 53
361 626 69
361 658 40
361 662 34
361 663 37
361 664 64
361 672 80
361 674 23
361 678 36
361 683 50
361 719 16
361 721 21
361 722 48
361 730 44
361 733 59
361 746 66
361 758 28
361 759 25
361 760 92
361 762 76
361 766 84
361 784 30
361 794 79
361 796 42
361 799 68
361 801 13
361 806 90
361 810 15
361 824 54
361 838 73
361 849 72
361 850 84
361 870 39
361 871 33
361 872 25
361 875 42
361 885 99
361 886 17
361 896 99
361 912 20
361 918 6
361 922 47
361 927 62
361 928 59
361 935 52
361 937 27
361 939 11
361 941 63
361 946 96
361 948 20
361 949 72
361 961 6
361 981 12
361 984 90
361 989 88
362 367 22
362 377 39
362 395 46
362 399 73
362 430 66
362 433 34
362 465 47
362 469 28
362 487 34
362 500 68
362 524 93
362 530 9
362 566 38
362 593 22
362 599 36
362 614 47
362 619 8
362 642 20
362 660 7
362 661 17
362 699 8
362 702 78
362 732 94
362 739 60
362 744 58
362 770 98
362 773 25
362 778 4
362 788 99
362 802 54
362 815 45
362 818 29
362 819 41
362 878 96
362 888 31
362 897 47
362 901 24
362 914 46
362 953 80
362 974 3
362 975 54
362 990 46
362 992 2
362 995 54
363 368 6
363 374 86
363 391 94
363 407 6
363 409 2
363 418 64
363 436 60
363 445 74
363 446 58
363 447 54
363 456 33
363 463 43
363 497 51
363 532 24
363 553 62
363 570 44
363 577 32
363 602 77
363 624 90
363 629 63
363 632 72
363 635 74
363 650 66
363 653 41
363 656 1
363 657 22
363 669 84
363 671 2
363 679 27
363 680 97
363 708 32
363 710 63
363 723 34
363 736 76
363 741 10
363 753 53
363 757 45
363 763 46
363 795 35
363 797 37
363 804 86
363 807 93
363 808 50
363 809 17
363 811 19
363 812 3
363 817 92
363 823 91
363 831 32
363 841 87
363 844 51
363 851 95
363 867 23
363 879 87
363 895 90
363 899 16
363 920 88
363 925 78
363 934 27
363 956 81
363 962 36
363 967 47
363 977 5
363 979 16
363 980 69
363 986 57
364 365 23
364 366 79
364 369 11
364 373 62
364 384 65
364 386 3
364 392 97
364 406 10
364 412 69
364 423 48
364 424 29
364 431 15
364 435 26
364 455 23
364 459 95
364 481 78
364 493 52
364 496 93
364 512 47
364 513 90
364 516 79
364 536 70
364 538 36
364 544 31
364 548 22
364 549 34
364 557 33
364 559 51
364 564 100
364 574 73
364 575 49
364 581 49
364 586 69
364 595 46
364 596 86
364 612 4
364 613 8
364 620 9
364 630 35
364 634 71
364 643 6
364 659 72
364 677 80
364 692 13
364 695 47
364 737 79
364 769 55
364 783 80
364 790 32
364 813 39
364 814 41
364 828 25
364 838 6
364 857 40
364 862 26
364 863 16
364 866 64
364 873 46
364 874 19
364 877 28
364 908 51
364 915 58
364 916 19
364 918 99
364 933 97
364 944 89
364 945 6
364 948 17
364 968 19
364 972 12
364 984 11
364 987 58
364 993 95
365 366 56
365 369 14
365 379 39
365 384 41
365 386 29
365 392 88
365 406 75
365 409 70
365 412 44
365 423 16
365 435 17
365 455 8
365 459 75
365 466 51
365 481 41
365 493 12
365 496 50
365 497 38
365 512 46
365 513 48
365 516 45
365 536 14
365 544 57
365 548 43
365 549 34
365 557 44
365 559 46
365 574 93
365 581 75
365 595 42
365 596 100
365 606 14
365 612 62
365 613 14
365 620 39
365 630 9
365 634 38
365 643 93
365 653 51
365 657 54
365 659 22
365 692 86
365 695 65
365 737 33
365 746 69
365 769 22
365 783 85
365 796 25
365 811 59
365 814 89
365 833 84
365 838 13
365 857 90
365 862 63
365 866 38
365 872 58
365 873 98
365 874 13
365 877 13
365 905 75
365 908 58
365 915 19
365 916 58
365 918 4
365 939 71
365 944 70
365 945 76
365 948 70
365 956 17
365 962 4
365 968 82
365 981 18
365 984 27
365 987 81
365 993 67
366 369 28
366 392 58
366 406 22
366 416 73
366 424 54
366 429 75
366 431 76
366 435 91
366 455 7
366 459 24
366 460 46
366 466 47
366 481 47
366 483 18
366 496 84
366 512 13
366 513 40
366 516 72
366 536 55
366 544 33
366 550 33
366 557 36
366 559 47
366 564 79
366 573 97
366 574 99
366 575 98
366 586 2
366 595 68
366 596 53
366 612 45
366 630 53
366 634 82
366 677 45
366 695 29
366 728 80
366 731 21
366 737 51
366 765 10
366 783 77
366 790 48
366 813 59
366 838 34
366 852 99
366 862 9
366 916 27
366 933 35
366 936 75
366 939 60
366 941 87
366 943 47
366 945 68
366 968 50
366 972 2
366 988 2
366 993 34
367 371 1
367 375 63
367 377 67
367 395 5
367 430 80
367 470 9
367 487 37
367 500 8
367 507 82
367 515 76
367 524 7
367 530 25
367 566 45
367 569 95
367 594 96
367 599 20
367 603 51
367 614 79
367 619 95
367 642 86
367 660 27
367 661 46
367 673 59
367 682 90
367 701 50
367 702 62
367 706 91
367 707 56
367 732 83
367 739 65
367 744 61
367 770 94
367 773 75
367 778 14
367 802 35
367 818 19
367 819 100
367 837 4
367 883 94
367 888 34
367 897 30
367 901 36
367 903 95
367 953 97
367 978 58
367 990 67
367 992 66
367 995 52
368 381 27
368 389 23
368 393 78
368 400 18
368 407 72
368 418 29
368 426 92
368 434 87
368 436 7
368 438 30
368 442 61
368 447 10
368 452 51
368 456 97
368 475 6
368 486 50
368 514 53
368 520 30
368 525 50
368 537 31
368 543 88
368 552 72
368 553 59
368 570 98
368 572 74
368 576 19
368 577 65
368 598 27
368 602 83
368 624 90
368 628 41
368 632 26
368 638 87
368 648 56
368 655 43
368 675 40
368 679 23
368 680 67
368 686 37
368 700 42
368 705 73
368 708 49
368 710 81
368 711 87
368 713 29
368 738 98
368 740 1
368 741 44
368 753 88
368 764 90
368 795 72
368 797 21
368 807 83
368 809 98
368 812 28
368 817 81
368 821 99
368 823 23
368 836 38
368 891 5
368 895 26
368 899 19
368 906 69
368 920 62
368 925 85
368 934 94
368 963 77
368 964 9
368 965 48
368 967 68
368 979 81
368 980 69
368 985 81
368 986 79
369 373 33
369 406 67
369 424 51
369 431 44
369 435 63
369 449 87
369 459 12
369 461 94
369 496 57
369 512 14
369 513 95
369 535 31
369 544 19
369 549 29
369 550 71
369 557 32
369 559 47
369 564 89
369 573 54
369 574 87
369 575 49
369 586 39
369 590 46
369 595 100
369 596 14
369 613 24
369 620 94
369 630 97
369 634 83
369 677 42
369 692 16
369 695 43
369 696 79
369 728 65
369 737 82
369 783 45
369 790 5
369 813 100
369 814 70
369 828 30
369 862 83
369 863 59
369 866 76
369 873 59
369 877 82
369 933 6
369 936 51
369 943 22
369 945 45
369 968 22
369 972 68
369 988 60
369 993 27
370 378 27
370 388 25
370 396 69
370 411 78
370 413 31
370 420 100
370 427 53
370 432 75
370 440 51
370 444 24
370 457 58
370 468 15
370 472 45
370 478 91
370 488 94
370 508 46
370 510 11
370 517 11
370 540 18
370 556 61
370 562 99
370 578 97
370 579 4
370 588 12
370 589 84
370 591 97
370 600 37
370 610 1
370 621 37
370 622 43
370 636 77
370 641 38
370 644 22
370 665 29
370 666 6
370 667 100
370 684 83
370 690 77
370 694 50
370 734 8
370 751 34
370 752 57
370 754 100
370 777 96
370 780 27
370 781 70
370 785 82
370 816 35
370 827 21
370 843 5
370 847 60
370 855 20
370 860 31
370 864 16
370 887 59
370 900 82
370 907 99
370 911 66
370 913 4
370 917 12
370 923 2
370 924 41
370 929 51
370 942 41
370 951 55
370 960 55
370 994 56
370 997 49
371 375 19
371 377 25
371 395 64
371 470 23
371 487 88
371 515 12
371 530 95
371 566 16
371 569 55
371 594 51
371 599 74
371 603 47
371 639 12
371 660 90
371 682 91
371 701 45
371 702 57
371 706 6
371 707 22
371 732 78
371 739 69
371 744 27
371 773 22
371 819 22
371 837 16
371 883 76
371 884 21
371 897 23
371 903 48
371 990 4
371 992 15
372 381 31
372 387 77
372 404 57
372 407 51
372 414 71
372 417 79
372 418 81
372 425 56
372 434 27
372 436 33
372 445 87
372 446 6
372 454 12
372 482 40
372 499 5
372 514 2
372 520 66
372 537 71
372 552 85
372 567 22
372 570 72
372 572 15
372 576 79
372 583 12
372 601 96
372 602 98
372 604 60
372 615 31
372 616 52
372 618 94
372 624 64
372 628 81
372 649 81
372 655 31
372 669 57
372 704 97
372 708 54
372 710 80
372 717 51
372 718 40
372 725 98
372 740 49
372 741 3
372 768 86
372 797 35
372 805 54
372 809 73
372 825 8
372 832 58
372 840 79
372 841 64
372 842 68
372 844 96
372 846 69
372 848 50
372 882 33
372 892 86
372 895 1
372 919 90
372 920 96
372 925 5
372 934 94
372 964 74
372 979 19
372 980 92
372 986 92
372 991 19
372 999 49
373 406 69
373 431 87
373 449 62
373 461 37
373 512 95
373 535 63
373 538 30
373 549 18
373 550 13
373 564 17
373 573 53
373 574 55
373 575 63
373 586 17
373 590 7
373 595 29
373 596 32
373 613 74
373 620 13
373 630 2
373 634 39
373 677 53
373 692 82
373 695 96
373 696 63
373 728 81
373 790 58
373 813 91
373 814 94
373 828 37
373 863 51
373 866 41
373 873 46
373 874 74
373 877 13
373 908 78
373 933 50
373 945 71
373 968 92
373 972 20
373 988 1
373 993 43
374 386 22
374 391 68
374 407 9
374 409 12
374 410 83
374 412 68
374 423 36
374 428 38
374 441 79
374 445 40
374 456 78
374 463 62
374 473 5
374 493 4
374 495 96
374 497 41
374 503 22
374 526 29
374 532 85
374 548 26
374 553 80
374 570 53
374 577 11
374 580 98
374 581 12
374 620 47
374 627 95
374 629 29
374 631 92
374 635 96
374 643 71
374 653 59
374 656 1
374 657 60
374 659 56
374 669 73
374 671 53
374 723 49
374 736 26
374 757 71
374 763 73
374 767 34
374 769 83
374 794 22
374 804 96
374 808 41
374 811 65
374 812 2
374 817 96
374 823 78
374 831 57
374 833 54
374 851 62
374 857 88
374 866 85
374 867 19
374 873 50
374 879 70
374 899 46
374 905 10
374 908 75
374 915 21
374 944 12
374 954 5
374 956 57
374 957 68
374 962 81
374 979 16
374 980 31
374 983 53
374 986 25
374 987 92
375 377 21
375 395 59
375 430 52
375 470 6
375 487 99
375 500 5
375 507 87
375 515 88
375 524 55
375 530 47
375 566 81
375 569 66
375 594 61
375 599 32
375 603 17
375 639 12
375 660 38
375 682 19
375 701 17
375 702 34
375 706 9
375 707 1
375 732 11
375 739 47
375 744 7
375 773 94
375 778 99
375 818 5
375 819 47
375 830 43
375 837 63
375 854 73
375 858 98
375 883 81
375 884 82
375 888 59
375 897 28
375 903 4
375 990 23
375 992 74
376 383 47
376 384 35
376 405 59
376 416 46
376 429 42
376 435 1
376 448 70
376 451 18
376 453 13
376 460 16
376 464 8
376 466 90
376 481 9
376 483 28
376 485 28
376 498 61
376 533 41
376 547 19
376 561 21
376 563 58
376 606 82
376 608 52
376 609 99
376 611 93
376 612 56
376 633 4
376 662 32
376 672 87
376 703 39
376 721 86
376 727 24
376 731 94
376 733 42
376 735 93
376 765 90
376 793 88
376 801 36
376 806 22
376 810 97
376 838 42
376 852 83
376 856 73
376 896 74
376 909 97
376 922 65
376 928 49
376 936 67
376 937 20
376 938 62
376 939 7
376 941 57
376 958 61
376 970 3
376 976 64
377 395 35
377 470 76
377 487 22
377 500 84
377 515 7
377 524 19
377 530 68
377 566 81
377 594 66
377 599 50
377 619 79
377 660 53
377 701 49
377 702 55
377 706 79
377 707 93
377 732 4
377 739 32
377 744 28
377 770 63
377 773 88
377 778 19
377 802 36
377 818 52
377 819 77
377 837 28
377 883 62
377 888 38
377 897 77
377 901 40
377 903 64
377 990 73
377 992 4
377 995 34
378 388 81
378 396 8
378 397 21
378 402 88
378 411 7
378 420 57
378 427 100
378 432 66
378 440 83
378 444 31
378 450 78
378 457 20
378 468 45
378 472 95
378 474 45
378 478 84
378 488 18
378 506 50
378 508 3
378 517 16
378 518 98
378 534 77
378 540 67
378 556 93
378 578 19
378 579 11
378 582 53
378 585 51
378 588 87
378 589 69
378 591 76
378 610 77
378 622 84
378 636 28
378 644 89
378 645 75
378 658 1
378 663 47
378 665 97
378 674 85
378 678 34
378 684 85
378 685 72
378 690 88
378 693 71
378 694 59
378 719 21
378 729 20
378 730 88
378 734 20
378 748 63
378 751 67
378 752 30
378 755 78
378 756 45
378 761 47
378 777 40
378 780 52
378 781 97
378 784 22
378 799 33
378 800 64
378 816 19
378 820 19
378 827 88
378 843 51
378 860 65
378 861 17
378 864 94
378 870 15
378 875 92
378 885 34
378 887 24
378 894 97
378 900 81
378 907 4
378 911 14
378 913 36
378 917 81
378 923 48
378 924 28
378 942 14
378 946 54
378 949 26
378 950 76
378 951 62
378 994 70
378 997 49
379 382 75
379 384 42
379 392 76
379 403 19
379 412 97
379 419 58
379 439 7
379 455 21
379 458 46
379 462 79
379 463 8
379 464 83
379 466 32
379 471 80
379 490 1
379 497 41
379 511 8
379 516 45
379 518 22
379 528 22
379 536 58
379 544 86
379 548 2
379 558 38
379 559 57
379 606 58
379 607 19
379 609 58
379 612 17
379 623 82
379 625 67
379 626 9
379 629 81
379 650 88
379 653 59
379 657 35
379 663 69
379 664 72
379 671 33
379 672 14
379 683 64
379 721 72
379 722 33
379 746 37
379 759 7
379 766 29
379 769 52
379 794 25
379 796 64
379 804 45
379 811 7
379 812 46
379 824 18
379 838 85
379 851 40
379 867 58
379 871 17
379 872 27
379 879 24
379 886 26
379 904 42
379 912 3
379 915 46
379 916 64
379 918 17
379 927 99
379 935 4
379 937 39
379 939 53
379 948 11
379 956 6
379 961 74
379 962 79
379 977 88
379 981 74
379 984 69
379 989 8
380 387 66
380 404 56
380 414 96
380 425 78
380 445 75
380 446 29
380 523 42
380 567 14
380 583 62
380 601 85
380 615 59
380 618 3
380 631 41
380 635 80
380 649 33
380 654 56
380 668 43
380 669 71
380 704 85
380 718 69
380 742 70
380 768 51
380 771 72
380 774 30
380 805 15
380 825 16
380 832 48
380 840 14
380 841 64
380 842 85
380 844 72
380 846 44
380 876 41
380 882 80
380 910 83
380 926 35
380 959 71
380 966 98
380 991 62
380 998 93
380 999 68
381 387 32
381 393 72
381 404 19
381 407 12
381 418 60
381 425 38
381 434 94
381 436 71
381 438 100
381 446 67
381 447 22
381 454 11
381 482 72
381 499 92
381 514 10
381 520 28
381 522 61
381 537 84
381 552 38
381 567 71
381 570 88
381 572 41
381 576 9
381 583 17
381 602 5
381 604 59
381 616 5
381 618 41
381 624 45
381 628 81
381 638 16
381 649 77
381 655 7
381 680 56
381 708 7
381 709 81
381 710 4
381 714 87
381 717 8
381 718 58
381 725 40
381 738 12
381 740 31
381 741 37
381 768 89
381 792 57
381 795 15
381 797 41
381 807 19
381 809 35
381 832 97
381 841 16
381 842 36
381 844 35
381 848 60
381 859 40
381 892 93
381 895 45
381 919 5
381 920 41
381 925 10
381 934 25
381 963 78
381 964 39
381 967 42
381 979 30
381 980 11
381 986 8
381 991 88
382 397 50
382 398 21
382 403 4
382 419 11
382 437 100
382 439 25
382 450 59
382 457 97
382 458 61
382 462 37
382 464 55
382 471 30
382 474 36
382 489 14
382 490 12
382 506 8
382 511 43
382 518 28
382 521 34
382 528 1
382 534 40
382 551 36
382 558 96
382 582 53
382 585 46
382 598 48
382 606 84
382 607 76
382 609 35
382 623 54
382 625 4
382 626 89
382 645 50
382 650 85
382 658 8
382 662 18
382 663 80
382 664 84
382 672 92
382 674 55
382 678 29
382 683 60
382 685 97
382 719 83
382 721 72
382 722 63
382 730 9
382 746 74
382 748 83
382 756 69
382 758 18
382 759 26
382 760 94
382 761 70
382 762 41
382 766 29
382 784 33
382 794 98
382 796 35
382 799 16
382 800 40
382 803 22
382 824 53
382 849 43
382 850 33
382 853 97
382 870 21
382 871 17
382 872 30
382 875 56
382 885 86
382 886 96
382 894 49
382 904 89
382 912 35
382 913 17
382 927 75
382 928 53
382 935 32
382 937 68
382 946 21
382 948 33
382 949 91
382 952 43
382 961 76
382 977 74
382 981 75
382 989 30
383 384 87
383 392 80
383 405 15
383 416 79
383 419 19
383 429 66
383 435 84
383 448 9
383 451 42
383 453 24
383 455 45
383 460 25
383 464 58
383 466 4
383 481 91
383 483 52
383 485 75
383 496 100
383 498 19
383 516 10
383 533 80
383 551 64
383 557 68
383 561 62
383 563 3
383 606 71
383 608 71
383 609 64
383 611 89
383 612 54
383 623 68
383 633 17
383 662 100
383 672 26
383 703 75
383 721 91
383 727 52
383 731 15
383 733 18
383 735 35
383 737 40
383 760 47
383 765 11
383 783 59
383 793 59
383 796 5
383 801 10
383 806 54
383 810 19
383 838 19
383 852 22
383 856 17
383 896 36
383 909 84
383 922 89
383 928 52
383 936 74
383 937 3
383 938 30
383 939 48
383 941 19
383 943 84
383 970 84
383 976 81
383 981 97
384 392 59
384 405 12
384 406 6
384 419 53
384 429 29
384 435 48
384 448 6
384 451 35
384 455 15
384 459 6
384 460 87
384 464 88
384 466 97
384 471 7
384 481 48
384 483 20
384 485 7
384 496 5
384 498 8
384 513 63
384 516 86
384 533 52
384 536 90
384 544 15
384 548 33
384 557 13
384 558 58
384 559 40
384 606 84
384 609 90
384 611 60
384 612 17
384 623 36
384 625 84
384 634 63
384 664 31
384 672 31
384 683 56
384 721 40
384 727 88
384 733 47
384 737 51
384 746 89
384 783 51
384 796 58
384 801 41
384 806 61
384 824 12
384 838 19
384 852 4
384 857 81
384 862 89
384 872 43
384 886 11
384 915 94
384 916 28
384 918 98
384 922 100
384 937 57
384 939 92
384 941 37
384 945 78
384 948 17
384 968 83
384 981 80
384 984 33
385 417 39
385 425 94
385 454 82
385 482 83
385 499 96
385 583 52
385 601 2
385 604 12
385 615 8
385 618 86
385 691 90
385 717 73
385 725 61
385 768 9
385 805 35
385 825 31
385 832 18
385 842 28
385 846 18
385 848 95
385 876 30
385 910 17
385 999 49
386 392 40
386 406 3
386 409 92
386 412 73
386 423 42
386 428 69
386 441 6
386 455 73
386 459 88
386 463 26
386 493 79
386 497 38
386 513 76
386 516 30
386 526 8
386 532 82
386 536 13
386 538 41
386 544 42
386 548 97
386 549 37
386 557 51
386 559 69
386 581 10
386 595 93
386 613 19
386 620 13
386 630 74
386 634 88
386 643 71
386 653 80
386 656 34
386 657 70
386 659 2
386 671 95
386 692 12
386 736 67
386 769 26
386 811 41
386 814 97
386 822 85
386 833 32
386 851 2
386 857 5
386 862 25
386 866 21
386 873 62
386 874 11
386 877 10
386 879 76
386 905 96
386 908 93
386 915 78
386 916 77
386 918 31
386 944 5
386 948 56
386 956 69
386 957 15
386 962 62
386 968 39
386 983 42
386 984 30
386 987 35
387 404 30
387 407 65
387 414 87
387 417 87
387 425 82
387 434 94
387 436 59
387 445 9
387 446 90
387 454 19
387 482 69
387 499 32
387 514 68
387 520 90
387 523 56
387 537 47
387 552 29
387 567 21
387 570 86
387 572 88
387 576 37
387 583 49
387 601 67
387 602 15
387 604 15
387 615 48
387 618 99
387 631 41
387 635 59
387 649 27
387 654 77
387 669 98
387 691 86
387 704 36
387 708 96
387 717 21
387 718 39
387 725 7
387 740 26
387 741 32
387 742 96
387 768 83
387 797 90
387 805 95
387 809 14
387 825 24
387 832 45
387 840 98
387 841 27
387 842 1
387 844 82
387 846 12
387 848 7
387 882 25
387 892 13
387 895 94
387 910 10
387 919 29
387 959 27
387 980 11
387 986 43
387 991 78
387 998 64
387 999 66
388 396 51
388 397 2
388 411 26
388 420 1
388 427 53
388 432 33
388 440 19
388 444 24
388 450 74
388 457 89
388 468 78
388 472 97
388 478 98
388 484 24
388 488 69
388 506 11
388 508 26
388 510 61
388 517 100
388 540 8
388 556 2
388 578 15
388 579 64
388 582 41
388 585 68
388 588 52
388 589 17
388 591 36
388 600 79
388 610 26
388 621 86
388 622 57
388 636 66
388 644 6
388 645 25
388 665 91
388 666 47
388 674 13
388 678 63
388 684 14
388 685 72
388 690 7
388 693 22
388 694 35
388 719 6
388 729 60
388 734 54
388 748 40
388 751 16
388 752 30
388 755 47
388 756 42
388 761 93
388 777 20
388 780 93
388 781 55
388 784 77
388 785 69
388 800 25
388 816 45
388 827 81
388 843 8
388 860 12
388 861 78
388 864 37
388 875 64
388 881 85
388 887 62
388 894 46
388 900 23
388 907 78
388 911 63
388 913 3
388 917 93
388 923 3
388 924 45
388 929 45
388 942 68
388 951 13
388 960 86
388 969 71
388 994 61
388 997 12
389 393 37
389 400 34
389 418 52
389 426 44
389 442 27
389 443 8
389 447 44
389 452 7
389 467 47
389 475 46
389 486 26
389 490 64
389 492 97
389 525 86
389 528 49
389 531 25
389 543 66
389 565 71
389 576 57
389 598 22
389 624 91
389 628 70
389 632 29
389 638 76
389 640 18
389 648 63
389 675 22
389 679 48
389 680 3
389 681 60
389 686 56
389 700 20
389 705 82
389 710 54
389 711 50
389 712 80
389 713 81
389 738 62
389 741 26
389 753 79
389 764 48
389 779 22
389 787 83
389 788 57
389 795 66
389 798 78
389 803 49
389 807 90
389 817 75
389 821 46
389 826 82
389 835 92
389 836 47
389 865 27
389 891 35
389 898 21
389 904 2
389 906 87
389 920 87
389 925 73
389 932 58
389 934 27
389 947 81
389 955 80
389 963 39
389 965 17
389 967 100
389 977 63
389 985 88
390 393 59
390 399 98
390 400 46
390 415 94
390 433 22
390 438 51
390 452 4
390 465 42
390 469 61
390 476 97
390 480 47
390 486 49
390 501 59
390 520 2
390 522 82
390 539 22
390 543 91
390 545 9
390 554 78
390 565 62
390 572 75
390 576 83
390 593 84
390 616 49
390 628 25
390 638 31
390 648 21
390 655 27
390 675 73
390 699 85
390 709 36
390 712 70
390 713 2
390 714 98
390 738 89
390 764 99
390 770 55
390 788 79
390 792 26
390 795 29
390 815 3
390 826 95
390 836 42
390 859 18
390 865 47
390 878 12
390 892 46
390 906 89
390 940 97
390 947 8
390 953 84
390 963 44
390 964 71
390 973 21
390 974 6
390 975 67
391 407 73
391 409 43
391 412 11
391 414 59
391 418 94
391 441 99
391 445 37
391 446 56
391 447 81
391 456 11
391 463 18
391 473 61
391 493 53
391 495 83
391 497 56
391 503 29
391 523 7
391 532 71
391 553 25
391 570 68
391 577 38
391 581 74
391 602 14
391 627 88
391 629 68
391 631 15
391 632 46
391 635 100
391 653 50
391 656 32
391 657 75
391 669 97
391 671 83
391 704 100
391 710 97
391 723 100
391 736 83
391 757 40
391 763 68
391 767 98
391 769 22
391 771 83
391 774 17
391 797 44
391 804 87
391 808 98
391 811 3
391 812 71
391 817 84
391 823 50
391 831 28
391 833 98
391 841 68
391 844 17
391 851 48
391 867 47
391 879 32
391 895 96
391 899 58
391 905 8
391 920 18
391 954 98
391 956 55
391 962 7
391 967 98
391 979 33
391 980 37
391 986 3
392 405 98
392 406 38
392 412 86
392 419 28
392 424 41
392 429 13
392 435 53
392 455 99
392 459 37
392 460 95
392 464 50
392 466 74
392 471 37
392 481 45
392 483 64
392 496 43
392 497 33
392 498 21
392 512 85
392 513 32
392 516 41
392 533 98
392 536 97
392 544 43
392 548 89
392 557 97
392 558 66
392 559 51
392 606 53
392 609 15
392 611 38
392 612 29
392 623 11
392 625 9
392 630 51
392 634 47
392 664 13
392 672 74
392 683 86
392 721 34
392 727 41
392 733 71
392 737 40
392 746 45
392 783 8
392 796 42
392 801 8
392 824 73
392 838 71
392 852 29
392 857 7
392 862 14
392 872 82
392 886 48
392 915 17
392 916 51
392 918 52
392 922 40
392 937 73
392 939 89
392 941 61
392 945 99
392 948 87
392 968 66
392 981 10
392 984 6
393 399 42
393 400 86
393 415 20
393 434 60
393 436 32
393 438 92
393 452 11
393 465 46
393 469 66
393 476 72
393 480 14
393 486 68
393 501 9
393 514 56
393 520 67
393 522 95
393 525 82
393 537 40
393 539 29
393 543 65
393 545 54
393 552 16
393 554 67
393 565 20
393 572 75
393 576 42
393 593 92
393 616 79
393 624 7
393 628 6
393 638 29
393 648 90
393 655 95
393 675 10
393 680 47
393 686 50
393 699 21
393 708 69
393 709 54
393 711 69
393 712 26
393 713 16
393 714 48
393 738 68
393 740 27
393 741 89
393 764 26
393 788 34
393 792 17
393 795 88
393 815 66
393 826 57
393 836 72
393 859 36
393 865 45
393 878 92
393 892 65
393 906 41
393 919 88
393 925 94
393 934 76
393 940 11
393 947 64
393 963 71
393 964 61
393 973 40
393 974 19
394 437 53
394 448 18
394 451 78
394 453 20
394 484 82
394 485 31
394 498 54
394 502 72
394 504 61
394 519 49
394 521 94
394 527 34
394 529 34
394 533 70
394 541 53
394 542 87
394 547 13
394 551 48
394 555 37
394 563 96
394 568 92
394 582 87
394 605 41
394 623 69
394 633 52
394 646 39
394 651 60
394 662 93
394 670 36
394 676 7
394 689 4
394 693 28
394 697 35
394 698 78
394 703 13
394 719 81
394 720 100
394 730 29
394 733 19
394 735 66
394 747 69
394 750 79
394 758 53
394 760 80
394 761 35
394 762 98
394 772 69
394 776 62
394 782 1
394 784 6
394 793 90
394 800 87
394 806 54
394 810 89
394 820 78
394 834 36
394 849 45
394 850 25
394 856 47
394 861 70
394 868 7
394 869 96
394 870 88
394 896 80
394 902 29
394 921 38
394 928 53
394 930 24
394 938 75
394 946 32
394 949 5
394 958 12
394 969 30
394 970 26
394 996 60
395 422 15
395 430 95
395 433 54
395 470 12
395 487 31
395 500 2
395 507 3
395 509 4
395 515 69
395 524 25
395 530 60
395 566 37
395 569 64
395 594 59
395 599 23
395 603 95
395 614 71
395 619 63
395 637 33
395 642 38
395 660 73
395 661 22
395 673 45
395 682 10
395 701 49
395 702 75
395 706 37
395 707 70
395 732 76
395 739 56
395 744 31
395 770 94
395 773 19
395 778 17
395 802 47
395 818 23
395 819 75
395 837 57
395 858 77
395 883 15
395 884 82
395 888 84
395 897 2
395 901 57
395 903 85
395 953 59
395 971 39
395 978 5
395 990 26
395 992 10
395 995 3
396 402 65
396 411 77
396 413 65
396 420 48
396 427 69
396 432 38
396 440 41
396 450 7
396 457 46
396 468 100
396 472 84
396 478 58
396 488 86
396 508 66
396 510 58
396 517 71
396 540 27
396 546 12
396 556 51
396 579 37
396 584 76
396 585 12
396 589 5
396 591 21
396 610 85
396 622 61
396 636 26
396 644 48
396 645 64
396 665 31
396 666 82
396 667 87
396 684 56
396 685 90
396 688 20
396 690 57
396 694 87
396 729 22
396 734 92
396 743 40
396 748 65
396 751 15
396 754 30
396 755 95
396 756 15
396 775 64
396 777 76
396 780 61
396 781 92
396 785 21
396 786 61
396 816 47
396 827 3
396 845 93
396 847 21
396 855 40
396 860 81
396 864 98
396 880 32
396 887 91
396 889 66
396 894 84
396 900 23
396 907 74
396 911 69
396 913 58
396 917 49
396 923 77
396 924 69
396 929 64
396 942 71
396 950 66
396 951 68
396 960 42
396 982 89
396 994 34
396 997 50
397 398 27
397 403 92
397 411 81
397 419 30
397 432 17
397 437 62
397 439 1
397 450 76
397 457 80
397 458 95
397 468 82
397 474 14
397 478 14
397 489 78
397 506 14
397 511 45
397 518 75
397 521 2
397 534 46
397 540 3
397 551 35
397 556 6
397 558 54
397 560 38
397 582 65
397 585 4
397 591 59
397 597 48
397 607 94
397 609 1
397 610 35
397 623 15
397 625 76
397 626 37
397 645 64
397 658 1
397 662 85
397 663 17
397 664 3
397 665 30
397 674 88
397 678 44
397 683 25
397 684 4
397 685 51
397 690 86
397 693 13
397 719 92
397 722 6
397 729 73
397 730 18
397 748 75
397 755 58
397 756 9
397 758 59
397 760 14
397 761 88
397 762 93
397 766 31
397 781 98
397 784 4
397 799 81
397 800 79
397 810 13
397 820 81
397 827 54
397 849 85
397 850 9
397 853 59
397 861 75
397 870 47
397 871 53
397 875 92
397 885 36
397 886 37
397 894 66
397 900 35
397 904 97
397 912 79
397 913 8
397 917 32
397 927 26
397 928 36
397 935 69
397 946 64
397 949 58
397 952 51
397 961 83
397 989 82
398 402 93
398 403 83
398 421 34
398 426 92
398 432 49
398 439 54
398 442 51
398 450 20
398 458 54
398 462 46
398 467 37
398 474 29
398 478 10
398 489 61
398 490 79
398 492 7
398 511 5
398 518 87
398 528 84
398 534 12
398 540 35
398 556 97
398 560 24
398 585 90
398 597 99
398 598 98
398 607 61
398 626 82
398 640 23
398 645 42
398 650 42
398 658 74
398 663 65
398 674 50
398 679 75
398 684 43
398 685 68
398 700 19
398 705 38
398 722 59
398 729 23
398 748 15
398 753 32
398 755 63
398 756 60
398 759 55
398 766 42
398 779 7
398 798 12
398 799 29
398 803 87
398 821 63
398 835 87
398 853 5
398 871 49
398 875 18
398 885 75
398 889 91
398 891 60
398 894 7
398 898 25
398 904 25
398 912 25
398 913 82
398 917 22
398 927 11
398 932 35
398 935 82
398 950 17
398 952 37
398 955 18
398 961 87
398 965 75
398 977 94
398 985 48
398 989 84
399 415 81
399 433 68
399 438 30
399 443 57
399 465 5
399 469 81
399 476 63
399 480 46
399 486 94
399 501 43
399 539 66
399 543 92
399 545 86
399 554 15
399 565 27
399 593 37
399 614 7
399 619 89
399 638 89
399 648 29
399 675 39
399 699 56
399 712 28
399 713 99
399 714 37
399 738 75
399 764 43
399 770 88
399 778 54
399 787 46
399 788 38
399 802 17
399 815 75
399 826 13
399 836 26
399 865 55
399 878 80
399 906 30
399 914 81
399 940 77
399 947 55
399 953 59
399 973 45
399 974 77
399 975 89
399 995 87
400 408 36
400 415 10
400 421 100
400 426 49
400 433 89
400 442 54
400 443 4
400 452 74
400 465 4
400 467 60
400 469 87
400 475 13
400 486 64
400 492 18
400 525 58
400 531 69
400 539 96
400 543 95
400 565 66
400 571 84
400 593 33
400 614 1
400 624 57
400 628 67
400 638 28
400 640 62
400 642 29
400 648 72
400 661 16
400 675 2
400 679 69
400 680 6
400 681 93
400 686 84
400 699 1
400 700 8
400 705 23
400 711 23
400 712 73
400 713 29
400 726 89
400 738 37
400 753 6
400 764 15
400 779 41
400 787 81
400 788 81
400 789 19
400 795 95
400 807 66
400 815 82
400 821 29
400 826 57
400 835 17
400 836 22
400 865 53
400 878 94
400 890 71
400 891 26
400 898 55
400 901 40
400 906 97
400 914 46
400 931 40
400 947 84
400 953 23
400 955 62
400 963 4
400 965 97
400 971 3
400 973 29
400 975 94
400 985 46
400 995 79
401 411 77
401 420 85
401 444 76
401 477 18
401 479 91
401 484 95
401 491 95
401 504 9
401 505 30
401 508 64
401 517 96
401 562 29
401 578 47
401 579 91
401 587 73
401 588 31
401 600 36
401 605 76
401 617 11
401 621 46
401 622 23
401 636 83
401 641 26
401 647 81
401 652 62
401 715 72
401 716 85
401 734 100
401 747 48
401 750 20
401 752 36
401 772 77
401 780 13
401 816 98
401 827 41
401 829 53
401 843 55
401 860 82
401 861 64
401 864 31
401 869 85
401 881 69
401 902 30
401 907 28
401 911 41
401 921 8
401 924 98
401 951 41
401 969 40
401 994 80
402 408 82
402 421 24
402 422 57
402 426 99
402 432 90
402 440 81
402 467 11
402 478 97
402 489 81
402 492 59
402 509 2
402 511 6
402 534 77
402 540 31
402 546 98
402 556 30
402 560 27
402 571 55
402 584 26
402 585 49
402 589 72
402 591 48
402 592 7
402 597 21
402 598 91
402 637 7
402 640 50
402 658 44
402 665 36
402 673 26
402 681 98
402 684 62
402 685 13
402 688 21
402 694 48
402 700 67
402 726 91
402 729 74
402 743 46
402 748 40
402 749 31
402 751 28
402 755 75
402 756 77
402 775 19
402 779 24
402 781 32
402 789 35
402 798 4
402 803 21
402 821 75
402 835 77
402 839 73
402 853 82
402 858 22
402 875 100
402 880 47
402 885 74
402 887 55
402 889 79
402 890 78
402 893 73
402 894 55
402 898 13
402 900 64
402 913 49
402 917 87
402 923 20
402 931 31
402 932 77
402 942 2
402 950 81
402 952 72
402 955 27
402 965 86
402 971 6
402 978 43
402 997 10
403 426 9
403 439 51
403 442 55
403 458 84
403 462 8
403 463 16
403 467 31
403 471 100
403 474 53
403 489 83
403 490 55
403 511 67
403 518 11
403 528 27
403 534 41
403 558 71
403 560 73
403 585 49
403 597 79
403 598 70
403 607 65
403 625 43
403 626 71
403 629 13
403 632 69
403 640 46
403 650 17
403 658 25
403 663 53
403 664 86
403 674 50
403 679 80
403 683 6
403 685 99
403 700 31
403 722 33
403 729 35
403 746 61
403 748 52
403 753 83
403 755 21
403 756 53
403 759 34
403 766 95
403 779 51
403 794 83
403 798 14
403 803 70
403 804 46
403 812 60
403 821 32
403 824 77
403 835 83
403 853 64
403 867 85
403 871 40
403 872 42
403 875 56
403 885 91
403 886 67
403 891 63
403 894 81
403 904 80
403 912 16
403 927 38
403 932 42
403 935 85
403 952 50
403 961 19
403 977 34
403 985 7
403 989 67
404 407 89
404 414 47
404 425 48
404 434 95
404 436 82
404 445 8
404 446 100
404 454 5
404 482 70
404 514 71
404 523 86
404 537 12
404 552 99
404 567 88
404 570 48
404 583 61
404 601 95
404 602 56
404 615 20
404 618 71
404 631 91
404 635 11
404 649 99
404 654 51
404 668 71
404 669 45
404 704 62
404 708 96
404 718 80
404 725 22
404 740 21
404 742 82
404 757 6
404 768 10
404 774 65
404 797 97
404 805 27
404 808 88
404 809 18
404 825 58
404 831 54
404 832 9
404 840 14
404 841 55
404 842 91
404 844 22
404 846 19
404 848 75
404 882 69
404 895 65
404 899 52
404 910 30
404 919 9
404 959 89
404 966 24
404 979 10
404 980 63
404 986 94
404 991 37
404 998 89
404 999 37
405 416 76
405 424 37
405 429 99
405 435 87
405 448 98
405 451 27
405 453 63
405 455 92
405 460 60
405 464 48
405 466 27
405 481 64
405 483 10
405 485 23
405 496 31
405 498 57
405 516 63
405 533 51
405 561 33
405 563 99
405 606 51
405 608 89
405 609 61
405 611 93
405 612 58
405 633 71
405 662 76
405 672 6
405 703 67
405 721 92
405 727 8
405 731 13
405 733 10
405 735 20
405 737 60
405 765 37
405 783 2
405 793 43
405 796 58
405 801 57
405 806 51
405 838 91
405 852 57
405 856 16
405 896 5
405 909 21
405 922 70
405 928 50
405 936 62
405 937 3
405 938 69
405 939 68
405 941 60
405 943 16
405 970 61
405 976 63
406 424 3
406 429 96
406 431 77
406 435 45
406 455 80
406 459 3
406 460 4
406 466 38
406 481 47
406 483 33
406 496 61
406 512 32
406 513 45
406 516 28
406 536 77
406 544 19
406 548 57
406 550 96
406 557 56
406 559 39
406 564 74
406 573 40
406 574 9
406 575 52
406 586 97
406 595 2
406 596 82
406 612 18
406 613 35
406 620 1
406 630 30
406 634 8
406 677 85
406 692 89
406 695 16
406 728 29
406 731 56
406 737 23
406 783 94
406 790 3
406 813 24
406 814 19
406 838 9
406 852 26
406 857 100
406 862 83
406 863 38
406 873 5
406 877 81
406 915 46
406 916 56
406 918 3
406 933 63
406 936 74
406 939 41
406 941 7
406 943 32
406 945 41
406 968 43
406 972 18
406 984 61
406 993 64
407 414 65
407 418 77
407 434 70
407 436 88
407 445 38
407 446 8
407 447 61
407 456 4
407 495 92
407 523 74
407 532 13
407 552 2
407 553 74
407 567 68
407 570 1
407 577 32
407 602 5
407 624 86
407 631 84
407 632 37
407 635 31
407 649 19
407 654 17
407 656 59
407 669 24
407 671 96
407 704 55
407 708 8
407 710 16
407 718 94
407 723 38
407 736 34
407 741 97
407 742 57
407 757 96
407 763 40
407 768 86
407 771 58
407 774 47
407 797 98
407 807 19
407 808 92
407 809 84
407 812 98
407 817 11
407 823 94
407 831 58
407 840 4
407 841 35
407 844 41
407 851 86
407 867 47
407 879 92
407 882 73
407 895 78
407 899 69
407 919 84
407 920 48
407 925 51
407 934 14
407 954 81
407 966 59
407 967 27
407 979 34
407 980 45
407 986 21
407 991 63
407 998 36
408 421 17
408 422 65
408 430 81
408 433 24
408 443 54
408 465 74
408 467 98
408 475 53
408 492 6
408 500 34
408 507 16
408 509 81
408 524 5
408 525 56
408 530 31
408 531 25
408 546 52
408 556 16
408 560 30
408 565 23
408 569 55
408 571 82
408 584 63
408 592 6
408 597 30
408 603 35
408 614 93
408 637 77
408 640 80
408 642 33
408 648 84
408 660 49
408 661 49
408 673 55
408 681 91
408 684 17
408 688 78
408 694 6
408 700 20
408 705 53
408 711 63
408 726 5
408 729 49
408 743 39
408 749 25
408 755 41
408 775 60
408 779 74
408 787 95
408 788 25
408 789 52
408 821 67
408 826 48
408 835 94
408 839 87
408 858 100
408 865 73
408 880 8
408 884 19
408 888 65
408 889 62
408 890 65
408 893 12
408 898 86
408 901 35
408 906 25
408 914 72
408 931 99
408 932 19
408 947 26
408 950 4
408 953 13
408 955 72
408 965 45
408 971 55
408 978 77
408 995 24
409 410 52
409 412 92
409 423 28
409 428 73
409 441 51
409 456 58
409 463 15
409 471 9
409 473 56
409 493 44
409 495 70
409 497 47
409 503 26
409 526 38
409 532 96
409 548 10
409 553 91
409 559 7
409 577 83
409 581 100
409 620 68
409 627 64
409 629 65
409 632 99
409 643 88
409 653 55
409 656 96
409 657 96
409 659 60
409 671 95
409 723 79
409 736 85
409 746 34
409 757 69
409 763 73
409 767 16
409 769 47
409 794 44
409 804 91
409 808 53
409 811 29
409 812 19
409 817 43
409 823 80
409 824 51
409 831 6
409 833 68
409 851 83
409 857 50
409 866 28
409 867 33
409 873 25
409 877 24
409 879 76
409 899 92
409 905 59
409 908 72
409 915 50
409 918 52
409 944 89
409 948 81
409 954 39
409 956 68
409 957 89
409 962 2
409 967 85
409 979 80
409 980 67
409 983 46
409 984 72
409 986 49
409 987 94
410 423 46
410 428 66
410 441 81
410 473 23
410 493 77
410 495 5
410 503 40
410 526 61
410 532 44
410 538 20
410 549 88
410 580 66
410 581 19
410 620 86
410 627 33
410 631 64
410 635 11
410 643 55
410 653 6
410 656 90
410 659 55
410 668 100
410 692 19
410 757 84
410 763 29
410 767 57
410 769 35
410 771 74
410 774 40
410 808 82
410 814 33
410 822 42
410 831 6
410 833 91
410 866 43
410 873 48
410 874 83
410 905 57
410 908 35
410 926 38
410 944 100
410 954 76
410 957 4
410 962 77
410 966 11
410 983 48
410 987 82
411 420 44
411 427 13
411 432 64
411 440 17
411 444 34
411 450 78
411 457 70
411 468 13
411 472 2
411 478 6
411 479 5
411 484 98
411 488 1
411 504 9
411 506 65
411 508 94
411 510 54
411 517 10
411 540 41
411 555 8
411 556 62
411 562 22
411 578 9
411 579 81
411 582 34
411 585 90
411 588 33
411 589 84
411 591 24
411 600 31
411 610 56
411 621 76
411 622 70
411 636 13
411 641 100
411 644 3
411 645 72
411 647 30
411 665 33
411 674 21
411 678 18
411 684 84
411 685 64
411 690 67
411 693 37
411 719 15
411 730 67
411 734 88
411 748 13
411 751 43
411 752 68
411 761 56
411 777 22
411 780 61
411 781 71
411 784 63
411 799 64
411 800 4
411 816 26
411 820 49
411 827 8
411 843 94
411 860 2
411 861 77
411 864 73
411 870 23
411 875 24
411 881 47
411 887 34
411 900 17
411 902 80
411 907 89
411 911 73
411 913 44
411 917 5
411 921 41
411 923 72
411 924 25
411 942 2
411 946 73
411 949 32
411 951 68
411 969 89
411 994 75
411 997 69
412 423 92
412 428 75
412 441 74
412 459 62
412 463 78
412 471 46
412 493 16
412 497 89
412 526 4
412 532 44
412 536 8
412 544 55
412 548 2
412 553 94
412 559 31
412 581 7
412 620 65
412 629 55
412 630 54
412 643 26
412 653 43
412 656 77
412 657 67
412 659 62
412 671 95
412 692 20
412 736 53
412 746 45
412 759 77
412 763 28
412 767 97
412 769 22
412 794 74
412 804 2
412 811 11
412 812 6
412 814 61
412 824 1
412 833 88
412 851 73
412 857 74
412 862 89
412 866 24
412 867 91
412 872 65
412 873 17
412 874 52
412 877 56
412 879 62
412 905 9
412 908 82
412 915 85
412 916 100
412 918 61
412 944 40
412 948 23
412 956 90
412 962 60
412 968 34
412 983 72
412 984 10
412 987 80
413 420 83
413 422 74
413 427 41
413 440 17
413 472 98
413 488 20
413 508 18
413 510 83
413 517 19
413 546 69
413 556 34
413 579 9
413 584 85
413 589 62
413 592 81
413 603 25
413 637 16
413 639 85
413 644 35
413 665 83
413 666 6
413 667 22
413 688 36
413 694 1
413 724 57
413 734 22
413 743 9
413 745 94
413 749 26
413 751 13
413 754 20
413 775 39
413 777 32
413 780 83
413 781 69
413 785 5
413 786 87
413 816 98
413 830 62
413 845 87
413 847 97
413 854 60
413 855 32
413 858 50
413 860 71
413 864 42
413 880 73
413 884 60
413 887 56
413 889 77
413 893 53
413 900 5
413 907 8
413 923 61
413 929 96
413 942 27
413 950 70
413 960 59
413 982 13
413 994 23
413 997 66
414 425 71
414 436 37
414 445 58
414 446 93
414 473 29
414 495 35
414 523 85
414 567 41
414 570 84
414 577 73
414 583 17
414 601 12
414 602 52
414 615 56
414 618 79
414 627 18
414 631 65
414 635 11
414 649 100
414 654 5
414 668 94
414 669 90
414 704 4
414 708 46
414 718 11
414 723 14
414 742 100
414 757 44
414 763 5
414 768 52
414 771 51
414 774 27
414 797 57
414 805 64
414 808 60
414 809 86
414 825 54
414 831 97
414 832 42
414 840 94
414 841 18
414 842 35
414 844 16
414 882 47
414 895 91
414 899 74
414 919 16
414 926 25
414 954 32
414 959 79
414 966 67
414 979 22
414 980 48
414 986 31
414 991 13
414 998 23
415 433 60
415 438 64
415 443 97
415 452 7
415 465 54
415 469 25
415 475 68
415 476 5
415 480 67
415 486 7
415 501 81
415 531 15
415 539 31
415 543 75
415 545 84
415 554 91
415 565 74
415 593 37
415 614 68
415 638 17
415 648 13
415 655 16
415 675 31
415 699 31
415 709 98
415 711 95
415 712 33
415 713 44
415 714 7
415 738 59
415 764 58
415 770 77
415 787 5
415 788 67
415 815 3
415 826 63
415 836 21
415 859 61
415 865 98
415 878 92
415 906 29
415 914 60
415 940 71
415 947 65
415 953 78
415 963 54
415 964 78
415 973 26
415 974 29
415 975 60
415 995 58
416 424 80
416 429 14
416 435 1
416 448 10
416 451 34
416 455 12
416 460 21
416 466 41
416 481 90
416 483 18
416 485 14
416 496 32
416 498 31
416 516 91
416 533 77
416 561 3
416 563 50
416 608 88
416 611 39
416 612 98
416 633 99
416 672 21
416 703 91
416 721 42
416 727 56
416 731 53
416 733 100
416 735 36
416 737 49
416 765 38
416 783 28
416 793 35
416 801 2
416 806 91
416 838 89
416 852 88
416 856 35
416 909 31
416 922 29
416 936 90
416 937 12
416 938 23
416 939 37
416 941 89
416 943 62
416 970 98
416 976 93
417 425 35
417 454 14
417 482 90
417 499 71
417 514 87
417 537 44
417 567 47
417 583 43
417 601 98
417 604 87
417 615 97
417 616 53
417 618 66
417 691 78
417 717 48
417 718 65
417 725 2
417 740 68
417 768 52
417 805 84
417 825 83
417 832 35
417 842 57
417 846 49
417 848 100
417 876 19
417 892 29
417 910 92
417 919 88
417 999 46
418 426 40
418 434 25
418 436 82
418 442 68
418 445 12
418 446 19
418 447 23
418 456 48
418 520 18
418 525 31
418 537 1
418 552 55
418 553 43
418 570 96
418 572 33
418 576 53
418 577 74
418 602 40
418 624 58
418 628 100
418 629 74
418 632 4
418 638 51
418 669 92
418 679 73
418 680 80
418 686 47
418 708 5
418 710 9
418 718 50
418 723 7
418 736 64
418 741 40
418 753 6
418 795 34
418 797 57
418 804 87
418 807 26
418 808 18
418 809 23
418 812 75
418 817 23
418 823 36
418 831 53
418 844 23
418 867 84
418 879 96
418 891 12
418 895 18
418 899 20
418 919 92
418 920 25
418 925 24
418 934 44
418 963 43
418 967 8
418 977 87
418 979 88
418 980 60
418 985 28
418 986 53
419 437 49
419 439 26
419 448 26
419 451 5
419 455 87
419 458 56
419 460 65
419 462 91
419 464 12
419 466 98
419 471 50
419 474 45
419 483 16
419 498 28
419 511 65
419 516 36
419 518 33
419 521 96
419 533 91
419 536 9
419 551 72
419 558 68
419 606 75
419 607 82
419 609 20
419 611 7
419 612 21
419 623 55
419 625 33
419 626 69
419 658 91
419 662 77
419 663 47
419 664 86
419 672 13
419 678 57
419 683 41
419 719 93
419 721 73
419 722 77
419 730 85
419 733 9
419 746 56
419 758 43
419 759 52
419 760 67
419 762 4
419 766 7
419 784 5
419 794 50
419 796 30
419 799 84
419 801 10
419 806 18
419 810 12
419 824 92
419 838 43
419 849 67
419 850 3
419 870 22
419 871 40
419 872 60
419 886 65
419 912 84
419 916 91
419 918 93
419 922 59
419 927 21
419 928 32
419 935 14
419 937 21
419 939 34
419 941 26
419 948 66
419 949 18
419 961 24
419 981 47
419 984 60
419 989 62
420 427 2
420 432 28
420 440 3
420 444 21
420 457 63
420 468 76
420 472 68
420 478 44
420 484 42
420 488 74
420 508 75
420 510 35
420 517 54
420 562 49
420 578 36
420 579 1
420 588 4
420 589 98
420 591 14
420 600 65
420 610 74
420 621 32
420 622 70
420 636 36
420 641 25
420 644 64
420 665 25
420 666 65
420 667 45
420 690 3
420 734 47
420 751 88
420 752 3
420 754 67
420 777 53
420 780 33
420 781 68
420 785 82
420 816 91
420 827 92
420 843 35
420 847 11
420 855 63
420 860 66
420 864 43
420 881 36
420 887 8
420 900 22
420 907 49
420 911 79
420 917 71
420 923 54
420 924 90
420 929 71
420 942 44
420 951 55
420 960 31
420 969 26
420 994 65
420 997 67
421 422 89
421 426 75
421 430 81
421 440 62
421 442 26
421 443 42
421 467 32
421 475 91
421 489 10
421 492 17
421 500 81
421 507 42
421 509 49
421 524 31
421 525 94
421 531 72
421 534 39
421 540 35
421 546 36
421 556 53
421 560 95
421 569 65
421 571 55
421 584 18
421 592 89
421 597 75
421 614 28
421 637 21
421 640 7
421 642 1
421 648 31
421 660 7
421 661 79
421 673 70
421 681 21
421 684 71
421 685 57
421 686 46
421 688 14
421 694 23
421 700 18
421 705 12
421 711 38
421 726 78
421 729 16
421 743 4
421 749 51
421 751 73
421 755 50
421 756 12
421 775 89
421 779 97
421 787 58
421 788 85
421 789 67
421 798 48
421 821 24
421 826 100
421 835 92
421 839 30
421 858 8
421 865 85
421 880 39
421 887 58
421 888 1
421 889 45
421 890 57
421 891 16
421 893 89
421 894 53
421 898 100
421 901 41
421 906 32
421 914 3
421 931 90
421 932 78
421 950 94
421 952 15
421 955 94
421 965 85
421 971 65
421 978 52
421 985 69
422 430 94
422 433 95
422 443 65
422 492 55
422 500 28
422 507 92
422 509 3
422 524 14
422 530 52
422 531 29
422 546 1
422 569 100
422 571 2
422 584 20
422 592 50
422 594 99
422 603 11
422 614 13
422 637 1
422 639 68
422 642 88
422 660 74
422 661 71
422 673 67
422 681 72
422 682 86
422 688 46
422 694 75
422 701 6
422 702 100
422 707 33
422 724 63
422 726 75
422 732 57
422 743 95
422 744 22
422 745 18
422 749 35
422 754 92
422 775 20
422 778 54
422 786 57
422 787 1
422 789 73
422 830 71
422 837 55
422 839 58
422 854 8
422 858 65
422 880 53
422 884 34
422 888 28
422 889 18
422 890 100
422 893 3
422 898 16
422 901 66
422 903 88
422 914 14
422 931 17
422 950 23
422 955 25
422 971 14
422 978 91
422 982 71
422 995 23
423 428 22
423 441 26
423 473 90
423 493 68
423 495 87
423 497 40
423 503 49
423 526 76
423 532 51
423 538 34
423 548 5
423 549 72
423 559 60
423 580 38
423 581 4
423 595 35
423 613 83
423 620 97
423 627 67
423 630 84
423 643 68
423 653 7
423 656 49
423 657 73
423 659 50
423 671 23
423 692 81
423 736 66
423 763 77
423 767 88
423 769 1
423 811 75
423 814 72
423 822 14
423 828 59
423 833 57
423 851 27
423 857 55
423 863 74
423 866 88
423 873 76
423 874 68
423 877 36
423 905 89
423 908 1
423 915 39
423 918 71
423 944 39
423 956 25
423 957 24
423 962 86
423 968 55
423 983 75
423 987 20
424 429 100
424 431 4
424 435 22
424 455 31
424 459 95
424 460 31
424 466 79
424 481 71
424 483 91
424 496 36
424 512 26
424 513 55
424 516 67
424 544 83
424 557 30
424 564 40
424 573 91
424 574 63
424 575 50
424 586 95
424 595 22
424 596 67
424 608 51
424 612 90
424 630 93
424 634 50
424 677 9
424 695 43
424 728 24
424 731 82
424 737 85
424 765 4
424 783 35
424 790 63
424 813 31
424 838 61
424 852 5
424 862 30
424 909 71
424 916 71
424 936 52
424 939 58
424 941 37
424 943 38
424 945 2
424 972 69
424 988 29
424 993 87
425 434 24
425 436 46
425 446 83
425 454 59
425 482 54
425 499 78
425 514 98
425 520 84
425 522 97
425 537 93
425 552 92
425 567 91
425 572 34
425 576 13
425 583 71
425 601 14
425 602 94
425 604 80
425 615 84
425 616 63
425 618 58
425 628 21
425 649 26
425 655 87
425 691 31
425 708 79
425 709 11
425 717 54
425 718 21
425 725 2
425 740 11
425 741 16
425 768 25
425 792 23
425 805 48
425 809 45
425 825 26
425 832 26
425 841 50
425 842 20
425 844 71
425 846 89
425 848 86
425 859 92
425 882 47
425 892 67
425 895 41
425 910 95
425 919 29
425 925 89
425 964 46
425 991 50
425 999 77
426 439 87
426 442 34
426 443 41
426 447 11
426 452 14
426 467 12
426 475 11
426 486 94
426 489 45
426 490 96
426 492 1
426 511 2
426 525 81
426 528 44
426 531 80
426 534 12
426 543 9
426 560 77
426 565 56
426 571 14
426 597 68
426 598 45
426 624 75
426 626 92
426 632 23
426 640 60
426 648 40
426 650 93
426 679 71
426 680 74
426 681 92
426 686 19
426 700 97
426 705 41
426 710 92
426 711 38
426 713 47
426 726 8
426 753 61
426 756 8
426 764 96
426 779 15
426 787 8
426 795 35
426 798 97
426 803 39
426 807 14
426 821 58
426 826 66
426 835 76
426 836 77
426 853 87
426 865 93
426 871 15
426 890 25
426 891 78
426 898 74
426 904 15
426 906 21
426 912 43
426 920 27
426 931 72
426 932 45
426 934 9
426 947 26
426 952 46
426 955 27
426 963 69
426 965 54
426 977 25
426 985 43
426 989 43
427 432 85
427 440 41
427 444 93
427 450 82
427 457 71
427 468 85
427 472 37
427 478 22
427 484 15
427 488 35
427 506 85
427 508 25
427 510 57
427 517 17
427 540 32
427 556 65
427 562 82
427 578 67
427 579 78
427 585 98
427 588 57
427 589 74
427 591 16
427 600 36
427 610 48
427 621 59
427 622 32
427 636 86
427 641 69
427 644 11
427 645 51
427 665 48
427 666 61
427 667 69
427 684 55
427 690 4
427 694 76
427 734 42
427 751 59
427 752 42
427 754 47
427 761 40
427 777 67
427 780 15
427 781 25
427 785 48
427 800 52
427 816 91
427 827 11
427 843 30
427 847 12
427 855 48
427 860 49
427 864 26
427 887 18
427 900 13
427 907 7
427 911 7
427 913 18
427 917 79
427 923 81
427 924 80
427 929 40
427 942 92
427 951 34
427 960 35
427 994 93
427 997 13
428 441 90
428 473 99
428 493 11
428 495 32
428 503 55
428 526 54
428 532 19
428 538 61
428 549 58
428 580 65
428 581 19
428 613 49
428 620 6
428 627 6
428 643 78
428 653 57
428 656 9
428 659 43
428 692 81
428 763 10
428 767 57
428 769 23
428 814 55
428 822 82
428 828 15
428 833 36
428 857 34
428 863 86
428 866 32
428 873 39
428 874 18
428 877 51
428 905 92
428 908 67
428 944 59
428 954 77
428 957 3
428 968 32
428 983 52
428 987 85
429 435 19
429 448 25
429 451 40
429 455 42
429 459 44
429 460 66
429 464 73
429 466 28
429 481 8
429 483 8
429 485 42
429 496 36
429 498 15
429 512 54
429 513 15
429 516 59
429 533 82
429 536 83
429 544 96
429 557 60
429 574 87
429 586 27
429 596 61
429 606 72
429 608 98
429 609 31
429 611 47
429 612 22
429 634 100
429 672 41
429 721 86
429 727 75
429 731 20
429 733 43
429 737 16
429 765 25
429 783 6
429 793 11
429 796 76
429 801 64
429 806 98
429 838 95
429 852 79
429 862 52
429 909 90
429 916 28
429 922 55
429 936 95
429 937 97
429 939 73
429 941 68
429 943 96
429 945 31
429 976 65
429 981 93
429 984 59
430 433 82
430 443 32
430 465 60
430 470 60
430 487 49
430 492 13
430 500 58
430 507 5
430 509 81
430 524 87
430 530 42
430 531 75
430 546 99
430 566 50
430 569 10
430 571 71
430 584 1
430 592 85
430 594 2
430 599 73
430 603 7
430 614 99
430 619 31
430 637 99
430 639 67
430 642 68
430 660 45
430 661 44
430 673 72
430 681 43
430 682 51
430 688 71
430 701 55
430 702 36
430 707 86
430 726 22
430 732 45
430 739 47
430 743 64
430 744 4
430 749 13
430 773 87
430 775 49
430 778 79
430 787 60
430 788 63
430 789 94
430 802 60
430 818 94
430 826 100
430 837 55
430 839 30
430 854 56
430 858 31
430 865 6
430 880 7
430 883 76
430 884 10
430 888 59
430 889 79
430 890 15
430 893 100
430 897 30
430 898 85
430 901 41
430 903 33
430 914 40
430 931 65
430 950 65
430 953 14
430 971 8
430 978 89
430 982 100
430 990 83
430 995 82
431 449 21
431 461 68
431 512 21
431 513 44
431 535 61
431 549 80
431 550 58
431 564 23
431 573 26
431 574 45
431 575 72
431 586 30
431 590 35
431 595 95
431 596 60
431 613 60
431 630 1
431 634 83
431 677 7
431 692 45
431 695 35
431 696 47
431 728 14
431 790 24
431 813 12
431 814 69
431 828 34
431 863 68
431 877 33
431 933 93
431 945 79
431 968 64
431 972 99
431 988 4
431 993 1
432 440 63
432 450 84
432 457 59
432 468 74
432 472 84
432 474 45
432 478 25
432 488 74
432 489 55
432 506 82
432 518 10
432 534 52
432 540 8
432 556 77
432 560 97
432 582 87
432 585 99
432 589 38
432 591 85
432 597 88
432 610 17
432 636 86
432 640 90
432 644 67
432 645 75
432 658 20
432 663 8
432 665 69
432 674 37
432 678 48
432 684 66
432 685 48
432 690 1
432 694 6
432 719 44
432 722 26
432 729 79
432 734 64
432 748 93
432 751 86
432 755 76
432 756 43
432 761 62
432 777 23
432 779 11
432 781 38
432 784 26
432 798 29
432 799 44
432 800 45
432 827 37
432 853 82
432 875 14
432 885 71
432 887 16
432 889 91
432 894 17
432 900 2
432 907 67
432 911 55
432 913 11
432 917 61
432 923 73
432 932 24
432 942 35
432 950 52
432 951 6
432 952 37
432 961 14
432 994 78
432 997 75
433 443 55
433 452 31
433 465 64
433 469 27
433 475 22
433 486 16
433 487 36
433 492 83
433 500 86
433 507 42
433 509 8
433 524 49
433 525 42
433 531 98
433 539 89
433 543 6
433 554 12
433 565 93
433 571 28
433 593 77
433 614 61
433 619 72
433 642 14
433 648 46
433 660 7
433 661 85
433 673 12
433 675 74
433 681 31
433 699 88
433 705 35
433 711 51
433 712 56
433 713 87
433 726 23
433 764 41
433 770 97
433 773 92
433 778 58
433 787 89
433 788 1
433 789 83
433 802 44
433 815 8
433 818 34
433 821 16
433 826 38
433 836 26
433 839 92
433 865 13
433 878 34
433 888 37
433 890 75
433 898 19
433 901 36
433 906 5
433 914 64
433 931 27
433 940 59
433 947 64
433 953 75
433 955 57
433 965 32
433 971 67
433 973 16
433 974 17
433 975 12
433 978 66
433 995 18
434 436 98
434 438 87
434 446 95
434 447 3
434 454 22
434 482 54
434 499 82
434 514 20
434 520 10
434 522 29
434 537 53
434 545 60
434 552 12
434 567 13
434 570 52
434 572 86
434 576 83
434 583 50
434 602 55
434 604 16
434 616 85
434 618 79
434 624 96
434 628 20
434 638 63
434 649 35
434 655 25
434 680 30
434 708 1
434 709 42
434 710 41
434 714 64
434 717 3
434 718 6
434 725 31
434 738 56
434 740 17
434 741 47
434 764 86
434 768 11
434 792 98
434 795 87
434 797 48
434 807 28
434 809 14
434 832 9
434 842 87
434 844 51
434 848 26
434 859 21
434 892 15
434 895 79
434 919 47
434 920 14
434 925 58
434 934 85
434 963 12
434 964 26
434 979 58
434 980 89
435 455 40
435 459 90
435 460 62
435 466 87
435 481 68
435 483 53
435 496 47
435 512 1
435 513 63
435 516 94
435 536 28
435 544 64
435 557 81
435 559 14
435 574 82
435 575 92
435 586 33
435 595 59
435 596 31
435 606 74
435 608 12
435 611 83
435 612 89
435 630 61
435 634 39
435 672 75
435 695 40
435 727 74
435 728 22
435 731 89
435 737 24
435 765 78
435 783 43
435 796 38
435 801 19
435 813 90
435 838 42
435 852 94
435 857 61
435 862 78
435 909 38
435 915 67
435 916 40
435 918 100
435 922 27
435 936 21
435 937 99
435 939 53
435 941 57
435 943 55
435 945 1
435 968 56
435 972 58
435 984 4
435 993 82
436 438 38
436 445 6
436 446 77
436 447 20
436 454 98
436 456 4
436 482 89
436 499 80
436 514 73
436 520 4
436 537 98
436 552 1
436 567 81
436 570 7
436 572 53
436 576 87
436 577 12
436 583 54
436 602 70
436 616 16
436 618 10
436 624 20
436 628 88
436 638 87
436 649 65
436 655 51
436 680 89
436 708 92
436 709 46
436 710 99
436 714 66
436 718 80
436 725 25
436 740 17
436 741 56
436 768 82
436 795 18
436 797 7
436 807 98
436 809 69
436 823 32
436 841 20
436 842 64
436 844 74
436 848 54
436 859 44
436 882 12
436 892 87
436 895 30
436 899 54
436 919 34
436 920 39
436 925 58
436 934 76
436 963 1
436 964 55
436 967 15
436 979 91
436 980 71
436 986 72
436 991 42
437 448 55
437 450 99
437 451 98
437 453 27
437 457 83
437 464 1
437 468 21
437 474 82
437 498 93
437 506 64
437 518 53
437 521 22
437 533 68
437 551 74
437 555 19
437 558 2
437 582 64
437 585 72
437 607 8
437 609 60
437 610 60
437 623 8
437 625 98
437 645 73
437 646 34
437 651 18
437 658 6
437 662 76
437 663 97
437 672 51
437 674 29
437 676 41
437 678 13
437 690 51
437 693 87
437 719 36
437 720 22
437 721 48
437 722 45
437 730 52
437 733 47
437 735 24
437 747 99
437 748 10
437 758 38
437 760 28
437 761 22
437 762 62
437 784 14
437 799 23
437 800 40
437 801 79
437 806 4
437 810 25
437 820 31
437 827 73
437 849 45
437 850 34
437 861 88
437 868 52
437 870 15
437 875 71
437 885 84
437 896 82
437 928 35
437 930 27
437 946 79
437 949 40
437 961 60
437 970 57
437 996 54
438 454 96
438 476 66
438 480 12
438 482 10
438 486 50
438 499 83
438 501 87
438 514 6
438 520 63
438 522 79
438 537 42
438 539 21
438 543 33
438 545 91
438 552 30
438 554 42
438 572 81
438 576 36
438 593 65
438 604 84
438 616 69
438 624 98
438 628 25
438 638 5
438 655 6
438 675 46
438 680 46
438 708 27
438 709 55
438 712 10
438 713 39
438 714 46
438 717 80
438 725 27
438 738 62
438 740 36
438 741 94
438 764 34
438 792 40
438 795 20
438 836 6
438 848 18
438 859 94
438 892 35
438 919 47
438 925 31
438 934 49
438 940 41
438 963 97
438 964 26
438 973 38
439 442 28
439 458 16
439 462 94
439 463 49
439 471 86
439 474 37
439 489 23
439 490 71
439 497 59
439 511 50
439 518 27
439 528 11
439 534 90
439 558 63
439 560 100
439 597 22
439 598 49
439 607 87
439 625 31
439 626 97
439 629 98
439 632 10
439 640 76
439 650 92
439 658 89
439 663 80
439 664 69
439 683 61
439 722 66
439 746 34
439 748 22
439 753 8
439 756 22
439 759 51
439 766 46
439 794 86
439 798 42
439 803 89
439 804 71
439 812 12
439 817 92
439 824 59
439 835 20
439 853 9
439 867 50
439 871 28
439 872 90
439 875 91
439 879 76
439 885 82
439 886 72
439 891 86
439 904 23
439 912 99
439 927 30
439 932 57
439 935 25
439 948 13
439 952 75
439 956 57
439 961 60
439 977 6
439 981 42
439 985 71
439 989 57
440 450 81
440 457 58
440 472 23
440 478 46
440 488 78
440 492 70
440 517 10
440 534 92
440 540 98
440 546 46
440 556 34
440 560 43
440 579 85
440 584 52
440 585 67
440 589 93
440 591 15
440 592 9
440 597 99
440 610 94
440 637 60
440 644 55
440 645 60
440 665 86
440 666 29
440 667 25
440 684 66
440 685 18
440 688 68
440 690 20
440 694 95
440 729 96
440 734 1
440 743 52
440 748 100
440 749 71
440 751 38
440 754 95
440 755 44
440 756 95
440 775 34
440 777 49
440 779 89
440 781 19
440 785 5
440 786 22
440 789 73
440 816 81
440 827 38
440 839 2
440 847 95
440 855 14
440 860 57
440 875 90
440 880 45
440 887 61
440 889 86
440 893 43
440 894 83
440 900 76
440 907 74
440 913 21
440 917 2
440 923 21
440 929 44
440 932 21
440 942 60
440 950 98
440 960 50
440 982 61
440 994 8
440 997 6
441 473 44
441 493 57
441 495 47
441 503 71
441 526 61
441 532 16
441 538 45
441 549 32
441 580 69
441 581 23
441 620 97
441 627 9
441 635 3
441 643 76
441 653 68
441 656 59
441 657 13
441 659 82
441 671 48
441 692 38
441 723 26
441 736 100
441 757 36
441 763 19
441 767 36
441 769 48
441 771 55
441 774 37
441 808 35
441 811 88
441 814 96
441 822 42
441 831 85
441 833 97
441 851 63
441 857 9
441 866 36
441 873 21
441 874 31
441 877 30
441 905 38
441 908 16
441 926 91
441 944 59
441 954 67
441 957 27
441 962 40
441 983 100
441 987 18
442 443 1
442 447 22
442 452 23
442 467 17
442 475 34
442 486 60
442 489 93
442 490 1
442 492 45
442 511 84
442 525 61
442 528 33
442 531 22
442 534 94
442 543 16
442 560 68
442 565 7
442 571 79
442 597 62
442 598 38
442 624 43
442 626 88
442 628 56
442 632 30
442 640 23
442 648 58
442 650 48
442 679 99
442 680 68
442 681 90
442 686 39
442 700 62
442 705 22
442 710 23
442 711 35
442 713 58
442 726 63
442 741 42
442 753 90
442 764 88
442 779 69
442 787 96
442 795 99
442 798 32
442 803 17
442 807 21
442 817 48
442 821 75
442 826 16
442 835 22
442 836 31
442 853 65
442 865 70
442 871 47
442 890 92
442 891 91
442 898 73
442 904 64
442 906 84
442 912 99
442 920 15
442 925 46
442 931 19
442 932 49
442 934 1
442 947 5
442 952 10
442 955 2
442 963 85
442 965 71
442 967 74
442 977 82
442 985 76
443 452 36
443 465 71
443 467 14
443 469 95
443 475 32
443 486 91
443 492 79
443 500 55
443 509 80
443 524 33
443 525 71
443 531 70
443 543 5
443 565 2
443 571 63
443 593 93
443 614 74
443 642 43
443 648 34
443 660 71
443 661 98
443 673 95
443 675 3
443 679 42
443 680 62
443 681 99
443 686 49
443 688 45
443 699 45
443 700 83
443 705 10
443 711 73
443 712 5
443 713 2
443 726 48
443 749 12
443 764 86
443 778 63
443 779 97
443 787 84
443 788 39
443 789 54
443 815 14
443 821 29
443 826 72
443 836 86
443 839 72
443 865 12
443 878 12
443 888 3
443 890 49
443 891 63
443 898 16
443 901 36
443 906 79
443 914 86
443 931 79
443 947 45
443 953 23
443 955 28
443 963 61
443 965 58
443 971 31
443 975 33
443 978 78
443 985 39
443 995 4
444 457 76
444 468 71
444 477 22
444 479 93
444 484 66
444 491 90
444 504 83
444 505 62
444 508 59
444 510 99
444 517 99
444 555 98
444 562 20
444 578 63
444 579 18
444 588 27
444 591 27
444 600 39
444 605 38
444 610 31
444 617 77
444 621 10
444 622 29
444 636 7
444 641 10
444 644 42
444 647 54
444 652 45
444 690 41
444 693 48
444 715 15
444 716 5
444 734 71
444 747 39
444 750 90
444 752 24
444 761 60
444 772 55
444 777 25
444 780 10
444 816 44
444 820 100
444 827 33
444 843 25
444 860 26
444 861 26
444 864 5
444 869 2
444 881 31
444 900 9
444 902 2
444 907 64
444 911 73
444 921 29
444 924 100
444 951 67
444 969 22
444 994 76
445 446 15
445 456 26
445 473 12
445 495 91
445 523 38
445 553 93
445 567 91
445 570 73
445 577 31
445 583 46
445 601 41
445 602 64
445 615 50
445 627 16
445 631 72
445 635 80
445 649 91
445 654 78
445 668 87
445 669 15
445 704 74
445 708 5
445 718 34
445 723 93
445 742 79
445 757 71
445 763 57
445 767 10
445 768 25
445 771 83
445 774 76
445 797 37
445 808 10
445 809 98
445 823 100
445 831 85
445 832 39
445 840 18
445 841 72
445 844 39
445 882 52
445 895 41
445 899 80
445 926 90
445 954 38
445 959 53
445 966 48
445 967 65
445 979 9
445 980 68
445 986 99
445 991 9
445 998 29
446 456 99
446 473 9
446 495 10
446 523 94
446 537 52
446 552 6
446 567 75
446 570 2
446 577 84
446 583 41
446 601 47
446 602 62
446 615 21
446 618 3
446 627 78
446 631 7
446 635 28
446 649 61
446 654 22
446 668 51
446 669 39
446 704 43
446 708 87
446 718 38
446 723 19
446 725 34
446 742 61
446 757 3
446 763 88
446 768 99
446 771 53
446 774 92
446 797 56
446 808 16
446 809 53
446 823 89
446 825 37
446 831 19
446 832 92
446 840 32
446 841 8
446 842 94
446 844 97
446 882 83
446 895 65
446 899 57
446 919 19
446 926 15
446 954 28
446 959 66
446 966 42
446 967 84
446 979 60
446 980 89
446 986 62
446 991 14
446 998 22
447 456 7
447 490 100
447 525 55
447 528 87
447 552 74
447 553 75
447 570 11
447 576 2
447 577 28
447 598 41
447 602 96
447 624 13
447 628 69
447 629 97
447 632 67
447 638 27
447 650 17
447 679 81
447 680 4
447 686 93
447 708 35
447 710 27
447 723 98
447 741 81
447 753 33
447 795 49
447 797 92
447 804 24
447 807 23
447 809 18
447 812 10
447 817 83
447 823 86
447 867 82
447 879 51
447 891 46
447 895 5
447 899 49
447 920 100
447 925 100
447 934 93
447 963 19
447 967 32
447 977 29
447 979 6
447 980 69
447 985 92
447 986 44
448 451 72
448 453 57
448 460 11
448 464 77
448 466 96
448 483 73
448 485 5
448 498 14
448 521 98
448 527 17
448 533 41
448 547 3
448 551 19
448 561 52
448 563 87
448 606 97
448 608 23
448 609 50
448 611 86
448 623 100
448 633 84
448 651 67
448 662 18
448 672 53
448 676 15
448 698 21
448 703 5
448 720 74
448 721 74
448 727 75
448 730 25
448 733 58
448 735 86
448 758 6
448 760 60
448 762 55
448 793 8
448 796 20
448 801 34
448 806 79
448 810 69
448 834 50
448 849 67
448 850 17
448 852 33
448 856 32
448 868 74
448 870 58
448 896 55
448 909 17
448 922 23
448 928 49
448 930 20
448 937 28
448 938 89
448 939 3
448 941 85
448 946 26
448 949 69
448 958 36
448 970 34
448 976 46
448 981 72
448 996 22
449 461 33
449 512 33
449 535 23
449 549 88
449 550 25
449 564 14
449 573 29
449 574 35
449 575 68
449 590 94
449 595 24
449 596 24
449 613 7
449 630 75
449 677 59
449 692 17
449 695 18
449 696 67
449 728 46
449 790 54
449 813 45
449 814 89
449 828 52
449 863 12
449 933 3
449 972 49
449 988 36
449 993 90
450 457 25
450 468 15
450 474 96
450 478 84
450 489 52
450 506 16
450 511 69
450 518 38
450 521 50
450 534 75
450 540 78
450 551 69
450 555 71
450 556 23
450 582 64
450 585 98
450 588 35
450 589 39
450 591 4
450 607 52
450 610 77
450 623 66
450 636 41
450 644 39
450 645 50
450 658 34
450 663 68
450 665 12
450 674 57
450 678 67
450 684 42
450 685 46
450 690 35
450 693 53
450 719 46
450 722 30
450 729 33
450 730 18
450 748 38
450 751 27
450 755 66
450 756 99
450 758 90
450 760 46
450 761 100
450 762 38
450 766 6
450 777 85
450 781 14
450 784 7
450 799 94
450 800 58
450 820 82
450 827 51
450 843 67
450 849 21
450 850 92
450 853 48
450 861 20
450 870 34
450 875 84
450 885 90
450 894 39
450 900 57
450 907 56
450 911 74
450 913 20
450 917 44
450 935 90
450 946 4
450 949 49
450 951 38
450 952 54
450 961 30
450 989 36
451 453 28
451 460 34
451 464 68
451 466 51
451 483 43
451 485 70
451 498 99
451 521 34
451 527 55
451 533 4
451 547 39
451 551 6
451 555 79
451 558 2
451 561 41
451 563 7
451 582 28
451 606 75
451 607 23
451 608 48
451 609 79
451 611 13
451 623 51
451 625 97
451 633 89
451 651 4
451 662 86
451 672 73
451 676 91
451 693 63
451 698 67
451 703 34
451 719 98
451 720 93
451 721 50
451 727 25
451 730 59
451 733 71
451 735 23
451 758 11
451 760 45
451 762 10
451 784 60
451 793 19
451 796 88
451 801 54
451 806 29
451 810 70
451 820 51
451 834 51
451 849 70
451 850 13
451 856 7
451 868 16
451 870 75
451 896 81
451 909 78
451 922 68
451 928 24
451 930 48
451 937 49
451 938 23
451 939 54
451 941 4
451 946 16
451 949 62
451 958 16
451 970 52
451 976 56
451 981 3
451 996 35
452 465 27
452 467 12
452 469 44
452 475 34
452 480 22
452 486 21
452 492 69
452 501 48
452 525 71
452 531 83
452 539 47
452 543 54
452 565 14
452 571 19
452 576 83
452 593 12
452 614 17
452 624 54
452 628 12
452 638 86
452 648 60
452 661 97
452 675 41
452 679 48
452 680 12
452 681 62
452 686 95
452 699 70
452 700 32
452 705 96
452 710 67
452 711 50
452 712 2
452 713 41
452 726 84
452 738 55
452 741 91
452 753 28
452 764 23
452 787 2
452 788 6
452 795 87
452 807 84
452 821 67
452 826 60
452 835 29
452 836 84
452 865 50
452 890 26
452 891 27
452 898 91
452 906 44
452 914 73
452 925 87
452 931 98
452 934 96
452 947 72
452 953 87
452 955 50
452 963 45
452 965 83
452 973 86
452 975 72
452 985 83
453 464 57
453 483 62
453 485 4
453 498 36
453 519 55
453 521 13
453 527 18
453 529 73
453 533 26
453 542 90
453 547 19
453 551 4
453 555 16
453 561 7
453 563 91
453 568 80
453 582 17
453 608 87
453 609 39
453 611 77
453 623 12
453 633 37
453 646 80
453 651 39
453 662 7
453 672 88
453 676 16
453 693 1
453 697 98
453 698 11
453 703 92
453 719 96
453 720 1
453 721 32
453 727 62
453 730 3
453 733 9
453 735 97
453 758 57
453 760 2
453 762 66
453 782 96
453 784 50
453 793 3
453 801 85
453 806 76
453 810 7
453 820 34
453 834 6
453 849 39
453 850 49
453 856 54
453 868 65
453 870 49
453 896 56
453 909 86
453 922 21
453 928 19
453 930 88
453 937 40
453 938 75
453 941 34
453 946 93
453 949 46
453 958 89
453 970 59
453 976 56
453 996 3
454 482 57
454 499 4
454 514 64
454 520 52
454 522 13
454 537 21
454 545 69
454 552 97
454 567 25
454 572 1
454 576 92
454 583 79
454 601 92
454 604 21
454 615 90
454 616 88
454 618 99
454 649 17
454 655 10
454 691 37
454 708 38
454 709 52
454 714 5
454 717 54
454 718 55
454 725 95
454 740 99
454 768 79
454 792 10
454 805 4
454 809 34
454 825 76
454 832 46
454 842 26
454 844 41
454 846 42
454 848 78
454 859 5
454 876 90
454 882 63
454 892 96
454 895 43
454 910 15
454 919 59
454 964 17
454 991 57
454 999 66
455 459 10
455 460 51
455 464 43
455 466 77
455 481 39
455 483 71
455 496 76
455 498 43
455 512 17
455 513 95
455 516 13
455 533 45
455 536 35
455 544 81
455 548 48
455 557 76
455 558 91
455 559 29
455 606 75
455 609 5
455 611 11
455 612 5
455 623 79
455 625 37
455 630 4
455 634 70
455 664 29
455 672 20
455 683 59
455 721 84
455 727 29
455 733 48
455 737 24
455 746 53
455 783 60
455 796 50
455 801 23
455 838 55
455 852 87
455 857 1
455 862 85
455 872 34
455 886 98
455 915 59
455 916 56
455 918 74
455 922 77
455 937 37
455 939 84
455 941 10
455 945 72
455 948 17
455 968 55
455 981 29
455 984 64
456 463 57
456 497 23
456 532 41
456 553 1
456 570 89
456 577 100
456 602 37
456 624 20
456 629 93
456 632 43
456 635 56
456 650 93
456 653 60
456 656 83
456 657 98
456 669 44
456 671 67
456 679 6
456 704 6
456 708 5
456 710 35
456 723 16
456 736 72
456 741 33
456 753 69
456 757 32
456 763 30
456 797 30
456 804 2
456 807 97
456 808 71
456 809 32
456 811 72
456 812 53
456 817 72
456 823 47
456 831 95
456 833 15
456 841 34
456 844 17
456 851 25
456 867 90
456 879 38
456 895 54
456 899 58
456 920 85
456 925 88
456 934 87
456 956 85
456 962 14
456 967 48
456 977 17
456 979 70
456 980 44
456 986 73
457 468 59
457 474 3
457 478 87
457 484 84
457 506 26
457 518 49
457 521 34
457 534 63
457 540 14
457 551 88
457 555 90
457 556 5
457 578 55
457 582 3
457 585 24
457 588 16
457 589 36
457 591 58
457 607 31
457 610 49
457 622 64
457 636 14
457 644 64
457 645 24
457 658 27
457 663 15
457 665 48
457 674 74
457 678 92
457 684 94
457 685 4
457 690 83
457 693 54
457 719 18
457 722 50
457 729 54
457 730 85
457 734 15
457 748 10
457 751 43
457 752 67
457 755 36
457 756 86
457 758 6
457 761 6
457 762 75
457 777 15
457 781 100
457 784 74
457 799 91
457 800 16
457 820 96
457 827 4
457 843 11
457 849 7
457 850 6
457 861 45
457 864 19
457 870 41
457 875 67
457 885 65
457 887 51
457 894 22
457 900 18
457 907 74
457 911 83
457 913 22
457 917 5
457 923 24
457 946 99
457 949 63
457 951 31
457 952 59
457 961 77
457 994 99
457 997 78
458 462 70
458 463 47
458 464 72
458 471 68
458 474 98
458 489 9
458 490 4
458 497 50
458 511 33
458 518 61
458 528 55
458 534 8
458 558 41
458 560 95
458 598 7
458 606 3
458 607 68
458 609 58
458 623 45
458 625 50
458 626 52
458 629 32
458 632 22
458 640 93
458 650 45
458 658 69
458 663 6
458 664 55
458 674 89
458 683 22
458 722 61
458 746 54
458 756 50
458 759 61
458 766 20
458 794 2
458 796 88
458 798 27
458 799 64
458 803 47
458 804 1
458 812 86
458 824 44
458 853 72
458 867 61
458 871 82
458 872 46
458 875 15
458 885 60
458 886 2
458 904 96
458 912 23
458 918 25
458 927 66
458 935 18
458 948 21
458 952 69
458 956 22
458 961 64
458 977 85
458 981 80
458 989 71
459 460 47
459 466 19
459 481 49
459 483 25
459 496 93
459 512 62
459 513 88
459 516 54
459 536 96
459 544 54
459 548 26
459 557 98
459 559 64
459 574 91
459 575 34
459 586 44
459 595 33
459 596 81
459 606 16
459 612 91
459 620 43
459 630 7
459 634 15
459 659 38
459 692 75
459 695 91
459 737 42
459 769 49
459 783 30
459 790 82
459 796 59
459 814 47
459 838 67
459 857 65
459 862 43
459 866 46
459 873 95
459 877 75
459 908 64
459 915 80
459 916 93
459 918 2
459 933 82
459 937 97
459 939 93
459 941 8
459 943 15
459 945 7
459 948 61
459 968 90
459 972 69
459 981 6
459 984 68
459 987 47
459 993 20
460 464 40
460 466 44
460 481 29
460 483 17
460 485 21
460 496 57
460 498 91
460 512 41
460 513 81
460 516 36
460 533 66
460 536 26
460 544 45
460 557 100
460 561 86
460 586 81
460 596 98
460 606 95
460 608 24
460 609 95
460 611 42
460 612 69
460 634 77
460 672 73
460 721 45
460 727 74
460 731 47
460 733 54
460 735 95
460 737 23
460 765 6
460 783 75
460 793 94
460 796 99
460 801 18
460 806 13
460 838 93
460 852 39
460 862 25
460 909 37
460 916 1
460 922 41
460 936 38
460 937 53
460 939 1
460 941 100
460 943 28
460 945 47
460 970 48
460 976 40
460 981 56
460 984 77
461 512 2
461 535 42
461 550 86
461 564 40
461 573 20
461 574 83
461 575 26
461 586 31
461 590 20
461 595 57
461 596 81
461 613 45
461 677 95
461 695 65
461 696 97
461 728 75
461 790 41
461 813 66
461 863 25
461 933 11
461 972 30
461 988 80
461 993 57
462 463 4
462 471 24
462 474 53
462 489 30
462 490 84
462 497 87
462 511 79
462 518 44
462 528 6
462 553 57
462 558 93
462 560 70
462 598 6
462 607 50
462 625 52
462 626 3
462 629 47
462 632 90
462 640 71
462 650 17
462 657 26
462 658 77
462 663 60
462 664 13
462 671 93
462 683 99
462 722 3
462 746 68
462 753 83
462 759 64
462 766 35
462 794 72
462 798 30
462 803 96
462 804 74
462 811 57
462 812 17
462 817 65
462 824 96
462 835 72
462 851 84
462 853 13
462 867 56
462 871 22
462 872 80
462 879 69
462 885 86
462 886 1
462 904 68
462 912 30
462 918 98
462 927 27
462 935 46
462 948 85
462 952 58
462 956 27
462 961 95
462 977 58
462 981 81
462 989 63
463 471 3
463 490 99
463 493 12
463 497 47
463 528 55
463 532 71
463 548 85
463 553 70
463 577 12
463 581 86
463 629 70
463 632 9
463 650 65
463 653 94
463 656 2
463 657 27
463 664 25
463 671 55
463 683 90
463 723 28
463 736 42
463 746 84
463 753 44
463 759 76
463 769 72
463 794 58
463 804 33
463 808 17
463 811 31
463 812 82
463 817 55
463 823 6
463 824 97
463 833 22
463 851 32
463 867 50
463 871 17
463 872 85
463 879 24
463 886 26
463 899 29
463 904 28
463 905 51
463 912 45
463 915 76
463 918 48
463 927 74
463 948 26
463 956 13
463 962 93
463 967 11
463 977 36
463 979 52
463 980 2
463 984 87
463 986 69
464 466 49
464 481 37
464 483 21
464 485 68
464 498 99
464 516 13
464 521 29
464 533 64
464 536 85
464 551 63
464 557 39
464 558 51
464 606 6
464 607 59
464 609 51
464 611 8
464 612 77
464 623 24
464 625 21
464 662 92
464 663 13
464 664 32
464 672 53
464 683 69
464 719 100
464 721 97
464 727 49
464 730 35
464 733 22
464 735 5
464 746 49
464 758 33
464 760 40
464 762 8
464 784 7
464 796 68
464 799 65
464 801 30
464 806 41
464 810 37
464 838 53
464 849 35
464 850 37
464 870 66
464 872 15
464 886 58
464 896 25
464 916 48
464 918 100
464 922 46
464 927 42
464 928 6
464 935 4
464 937 49
464 939 21
464 941 26
464 948 7
464 949 58
464 961 32
464 970 76
464 981 46
464 984 4
465 469 98
465 475 53
465 476 71
465 480 97
465 486 1
465 500 63
465 501 95
465 524 64
465 525 60
465 531 8
465 539 81
465 543 88
465 554 81
465 565 8
465 571 20
465 593 28
465 614 78
465 619 26
465 638 100
465 642 82
465 648 89
465 661 92
465 675 59
465 681 59
465 699 9
465 705 41
465 711 67
465 712 1
465 713 7
465 726 45
465 738 31
465 764 28
465 770 17
465 778 3
465 787 54
465 788 55
465 802 57
465 815 52
465 818 97
465 826 9
465 836 69
465 865 31
465 878 99
465 888 67
465 890 20
465 898 17
465 901 42
465 906 70
465 914 62
465 931 79
465 940 44
465 947 26
465 953 1
465 965 70
465 973 34
465 974 28
465 975 75
465 995 98
466 481 8
466 483 61
466 485 90
466 496 48
466 498 4
466 513 42
466 516 32
466 533 98
466 536 33
466 544 44
466 548 30
466 557 87
466 558 40
466 559 31
466 606 98
466 608 64
466 609 8
466 611 66
466 612 78
466 623 79
466 625 88
466 634 19
466 664 7
466 672 92
466 683 20
466 721 87
466 727 29
466 733 12
466 737 97
466 765 49
466 783 82
466 796 91
466 801 35
466 806 15
466 838 84
466 852 95
466 862 72
466 872 40
466 886 18
466 909 99
466 915 97
466 916 11
466 918 36
466 922 43
466 937 36
466 939 75
466 941 42
466 943 27
466 945 30
466 948 77
466 981 43
466 984 79
467 475 38
467 489 49
467 490 11
467 492 88
467 511 51
467 525 15
467 528 12
467 531 49
467 534 78
467 540 51
467 543 85
467 556 6
467 560 38
467 571 41
467 597 24
467 598 39
467 626 60
467 640 60
467 648 39
467 650 87
467 661 68
467 679 90
467 680 95
467 681 71
467 684 61
467 685 5
467 686 3
467 700 43
467 705 2
467 711 77
467 713 50
467 726 82
467 729 73
467 748 47
467 753 98
467 755 52
467 756 63
467 766 42
467 779 11
467 787 80
467 788 80
467 789 33
467 798 55
467 803 22
467 807 75
467 821 43
467 826 100
467 835 91
467 836 7
467 839 26
467 853 18
467 865 88
467 871 71
467 885 52
467 889 66
467 890 16
467 891 84
467 894 67
467 898 85
467 904 19
467 906 55
467 912 55
467 931 74
467 932 5
467 947 67
467 950 96
467 952 96
467 955 51
467 963 10
467 965 17
467 977 51
467 985 37
467 989 69
468 474 93
468 478 67
468 479 18
468 484 17
468 504 89
468 506 6
468 518 87
468 521 53
468 540 91
468 551 20
468 555 90
468 556 43
468 578 17
468 582 31
468 585 96
468 588 41
468 589 71
468 591 44
468 607 46
468 610 66
468 622 57
468 636 4
468 644 43
468 645 19
468 651 40
468 658 30
468 663 5
468 665 82
468 674 72
468 678 32
468 684 49
468 685 57
468 690 11
468 693 84
468 719 85
468 722 34
468 730 75
468 747 45
468 748 26
468 752 73
468 756 49
468 758 28
468 760 16
468 761 20
468 762 76
468 777 19
468 781 18
468 784 67
468 799 80
468 800 35
468 810 32
468 820 100
468 827 18
468 843 64
468 849 21
468 850 78
468 861 64
468 864 10
468 870 36
468 875 99
468 881 3
468 885 100
468 894 94
468 900 62
468 902 50
468 907 55
468 911 53
468 913 29
468 917 93
468 921 64
468 928 32
468 946 75
468 949 69
468 951 21
468 961 51
468 969 39
469 476 29
469 480 2
469 486 55
469 501 22
469 531 17
469 539 67
469 543 98
469 554 15
469 565 21
469 593 99
469 614 82
469 619 91
469 648 47
469 661 28
469 675 67
469 699 66
469 712 62
469 713 31
469 738 4
469 764 91
469 770 5
469 773 81
469 778 18
469 787 98
469 788 20
469 802 1
469 815 67
469 818 47
469 826 25
469 836 96
469 865 11
469 878 61
469 888 20
469 901 15
469 906 57
469 914 77
469 931 59
469 940 16
469 947 86
469 953 2
469 973 81
469 974 62
469 975 92
469 995 27
470 487 5
470 500 18
470 507 53
470 515 96
470 530 77
470 546 80
470 566 69
470 569 93
470 584 58
470 592 75
470 594 12
470 599 28
470 603 83
470 639 32
470 660 93
470 673 81
470 682 65
470 701 39
470 702 68
470 706 74
470 707 71
470 732 96
470 739 34
470 744 69
470 819 83
470 830 11
470 837 1
470 854 98
470 858 87
470 883 69
470 884 63
470 897 32
470 903 30
470 990 29
470 992 51
471 490 69
471 497 100
471 511 74
471 518 88
471 528 28
471 536 6
471 548 41
471 553 63
471 558 79
471 598 71
471 606 29
471 625 86
471 626 66
471 629 69
471 632 29
471 650 8
471 653 57
471 657 9
471 664 10
471 671 100
471 683 78
471 722 33
471 736 50
471 746 50
471 759 70
471 766 16
471 769 3
471 794 79
471 796 35
471 803 44
471 804 13
471 811 81
471 812 60
471 817 71
471 824 90
471 833 24
471 851 40
471 853 37
471 867 65
471 871 26
471 872 34
471 879 58
471 886 86
471 904 55
471 912 47
471 915 23
471 918 51
471 927 75
471 935 62
471 948 45
471 956 80
471 961 92
471 962 54
471 977 54
471 981 5
471 984 28
471 989 45
472 478 52
472 488 93
472 508 57
472 510 85
472 517 69
472 540 82
472 546 100
472 556 51
472 579 12
472 584 15
472 589 42
472 591 91
472 600 27
472 622 23
472 644 63
472 665 42
472 666 87
472 667 20
472 684 24
472 690 58
472 694 73
472 724 17
472 734 80
472 743 86
472 745 31
472 751 77
472 752 16
472 754 56
472 775 43
472 777 17
472 780 89
472 781 76
472 785 46
472 786 6
472 816 87
472 827 100
472 845 32
472 847 9
472 855 50
472 860 49
472 864 14
472 880 16
472 887 56
472 900 9
472 907 36
472 911 64
472 917 100
472 923 76
472 924 99
472 929 76
472 942 18
472 950 12
472 951 29
472 960 80
472 982 96
472 994 2
472 997 96
473 493 100
473 495 80
473 503 36
473 523 29
473 526 73
473 532 4
473 580 48
473 581 34
473 627 34
473 631 46
473 635 25
473 654 82
473 656 56
473 668 97
473 669 10
473 704 18
473 723 1
473 742 51
473 757 79
473 763 95
473 767 13
473 771 35
473 774 39
473 808 90
473 822 45
473 831 14
473 833 94
473 840 30
473 841 99
473 905 47
473 926 47
473 944 64
473 954 91
473 957 3
473 959 13
473 966 15
473 983 75
473 998 2
474 478 87
474 489 34
474 490 70
474 506 64
474 511 65
474 518 8
474 521 93
474 528 33
474 534 44
474 540 30
474 551 59
474 556 82
474 558 74
474 560 77
474 582 15
474 585 28
474 591 44
474 597 14
474 598 70
474 607 94
474 609 37
474 610 10
474 623 16
474 625 60
474 626 88
474 640 12
474 645 71
474 650 39
474 658 37
474 663 83
474 664 64
474 665 16
474 674 23
474 678 47
474 683 86
474 684 45
474 685 22
474 690 51
474 719 27
474 722 11
474 729 74
474 730 30
474 748 96
474 755 29
474 756 85
474 758 21
474 759 44
474 761 91
474 762 83
474 766 24
474 779 27
474 781 71
474 784 67
474 798 49
474 799 38
474 800 87
474 803 74
474 835 64
474 849 22
474 850 63
474 853 13
474 870 63
474 871 31
474 875 28
474 885 72
474 886 44
474 894 72
474 900 34
474 904 34
474 912 23
474 913 98
474 917 18
474 927 7
474 932 43
474 935 64
474 946 74
474 949 20
474 952 38
474 961 37
474 989 30
475 486 88
475 492 78
475 525 75
475 531 61
475 543 17
475 560 61
475 565 1
475 571 65
475 593 65
475 597 51
475 598 71
475 614 86
475 638 1
475 640 71
475 642 55
475 648 50
475 661 30
475 675 83
475 679 100
475 680 62
475 681 42
475 686 47
475 699 99
475 700 79
475 705 47
475 711 17
475 712 55
475 713 18
475 726 27
475 753 46
475 764 98
475 779 11
475 787 20
475 788 38
475 789 78
475 795 70
475 798 68
475 807 39
475 821 93
475 826 38
475 835 69
475 836 77
475 839 42
475 865 99
475 890 84
475 891 57
475 898 63
475 901 10
475 906 16
475 914 24
475 931 74
475 932 20
475 947 80
475 953 14
475 955 31
475 963 89
475 965 76
475 971 22
475 985 24
475 995 5
476 480 75
476 486 65
476 501 41
476 514 87
476 520 5
476 522 98
476 539 43
476 543 31
476 545 25
476 554 69
476 565 51
476 572 42
476 576 90
476 593 15
476 616 14
476 628 88
476 638 39
476 655 37
476 675 97
476 699 21
476 709 13
476 712 17
476 713 46
476 714 59
476 738 74
476 764 62
476 792 63
476 795 60
476 815 67
476 826 7
476 836 23
476 859 100
476 878 100
476 892 45
476 940 99
476 947 85
476 963 40
476 964 97
476 973 8
476 974 88
476 975 57
477 479 53
477 484 62
477 491 58
477 504 92
477 505 12
477 508 10
477 562 41
477 578 14
477 587 100
477 588 36
477 600 43
477 605 76
477 617 80
477 621 94
477 622 52
477 636 17
477 641 82
477 647 17
477 652 1
477 689 9
477 715 97
477 716 94
477 747 40
477 750 41
477 752 9
477 772 33
477 780 3
477 829 11
477 843 32
477 861 100
477 864 25
477 869 75
477 881 27
477 902 20
477 911 13
477 921 61
477 924 82
477 951 13
477 969 69
478 488 18
478 489 51
478 506 68
478 517 30
478 518 79
478 534 10
478 540 2
478 556 87
478 560 24
478 582 23
478 585 83
478 588 51
478 589 70
478 591 33
478 597 73
478 610 31
478 636 100
478 644 48
478 645 31
478 658 51
478 663 70
478 665 37
478 674 66
478 678 47
478 684 41
478 685 53
478 690 64
478 694 11
478 719 67
478 722 38
478 729 4
478 734 65
478 748 73
478 751 7
478 755 94
478 756 87
478 761 31
478 775 21
478 777 41
478 779 68
478 781 37
478 784 6
478 799 68
478 800 72
478 827 88
478 853 24
478 860 90
478 864 24
478 875 96
478 885 98
478 887 60
478 889 83
478 894 40
478 900 51
478 907 35
478 911 28
478 913 94
478 917 69
478 923 28
478 929 27
478 932 14
478 942 7
478 950 50
478 951 54
478 952 45
478 994 25
478 997 90
479 484 39
479 491 20
479 502 71
479 504 38
479 505 7
479 541 62
479 555 26
479 562 15
479 568 49
479 578 47
479 587 8
479 588 28
479 600 22
479 605 23
479 610 69
479 617 32
479 621 45
479 622 43
479 636 88
479 641 32
479 646 20
479 647 85
479 652 83
479 670 64
479 687 66
479 689 52
479 690 45
479 693 63
479 697 95
479 715 55
479 716 1
479 747 44
479 750 75
479 752 18
479 772 36
479 776 80
479 791 80
479 820 20
479 827 74
479 829 80
479 843 73
479 861 12
479 864 14
479 868 87
479 869 72
479 881 16
479 902 63
479 907 13
479 911 56
479 921 61
479 924 80
479 930 51
479 951 82
479 969 48
479 996 97
480 486 40
480 501 59
480 514 92
480 520 47
480 522 7
480 539 93
480 543 47
480 545 82
480 554 33
480 565 16
480 572 45
480 576 20
480 593 50
480 616 75
480 628 73
480 638 85
480 655 19
480 675 36
480 699 22
480 709 17
480 712 2
480 713 28
480 714 34
480 738 31
480 764 68
480 788 90
480 792 25
480 795 7
480 815 32
480 826 93
480 836 71
480 859 89
480 865 64
480 878 97
480 892 29
480 906 76
480 940 41
480 947 13
480 953 76
480 963 43
480 964 78
480 973 4
480 974 35
480 975 40
481 483 92
481 496 44
481 512 100
481 513 33
481 516 35
481 536 40
481 544 71
481 557 46
481 559 6
481 574 8
481 575 42
481 586 94
481 596 7
481 606 23
481 608 74
481 611 94
481 612 9
481 630 29
481 634 22
481 672 38
481 695 17
481 721 17
481 727 89
481 728 93
481 731 5
481 733 66
481 737 6
481 765 74
481 783 54
481 796 61
481 801 36
481 838 85
481 852 10
481 862 26
481 909 65
481 916 31
481 922 16
481 936 15
481 937 38
481 939 28
481 941 97
481 943 40
481 945 72
481 968 99
481 972 83
481 981 64
481 984 89
481 993 55
482 499 58
482 514 73
482 520 2
482 522 55
482 537 96
482 545 15
482 552 80
482 567 45
482 572 95
482 576 86
482 583 77
482 601 69
482 604 50
482 616 89
482 618 99
482 628 95
482 649 92
482 655 27
482 691 39
482 708 42
482 709 57
482 714 76
482 717 1
482 718 75
482 725 2
482 740 71
482 741 44
482 768 31
482 792 51
482 809 91
482 832 69
482 842 10
482 844 38
482 846 41
482 848 79
482 859 72
482 892 86
482 895 17
482 919 72
482 925 9
482 964 34
482 991 52
482 999 56
483 485 5
483 496 92
483 498 78
483 513 50
483 516 7
483 533 35
483 536 78
483 544 27
483 557 98
483 558 15
483 561 88
483 606 50
483 608 2
483 609 19
483 611 9
483 612 66
483 623 98
483 625 36
483 634 96
483 662 37
483 672 86
483 721 30
483 727 66
483 731 40
483 733 79
483 735 34
483 737 13
483 765 50
483 783 31
483 793 17
483 796 72
483 801 85
483 806 46
483 838 95
483 852 85
483 862 73
483 872 89
483 909 48
483 916 83
483 918 83
483 922 58
483 928 46
483 936 54
483 937 62
483 939 61
483 941 50
483 943 22
483 945 46
483 948 17
483 970 24
483 976 18
483 981 31
483 984 92
484 491 99
484 502 90
484 504 17
484 505 67
484 555 55
484 562 45
484 568 6
484 578 58
484 582 68
484 587 72
484 588 21
484 591 97
484 600 22
484 605 90
484 610 47
484 617 87
484 621 94
484 622 83
484 636 99
484 641 18
484 644 3
484 646 55
484 647 82
484 652 43
484 670 90
484 676 43
484 689 84
484 690 38
484 693 26
484 697 55
484 715 24
484 716 96
484 734 16
484 747 4
484 750 37
484 752 51
484 761 79
484 772 59
484 776 95
484 780 45
484 800 8
484 820 83
484 827 11
484 829 10
484 843 74
484 861 3
484 864 16
484 868 43
484 869 80
484 881 14
484 900 47
484 902 99
484 907 16
484 911 79
484 921 70
484 924 11
484 946 40
484 951 85
484 969 88
484 996 31
485 498 35
485 527 32
485 533 94
485 547 100
485 551 59
485 561 82
485 563 13
485 606 85
485 608 7
485 609 3
485 611 41
485 623 87
485 633 72
485 651 77
485 662 2
485 672 67
485 676 8
485 703 86
485 720 54
485 721 90
485 727 63
485 733 86
485 735 44
485 758 53
485 760 9
485 762 25
485 765 19
485 793 75
485 801 12
485 806 66
485 810 49
485 834 94
485 849 68
485 850 40
485 852 66
485 856 82
485 896 43
485 909 21
485 922 33
485 928 23
485 930 92
485 937 33
485 938 83
485 939 95
485 941 95
485 958 10
485 970 64
485 976 72
485 996 20
486 501 73
486 520 36
486 525 94
486 531 20
486 539 38
486 543 90
486 545 4
486 554 22
486 565 48
486 572 95
486 576 7
486 593 88
486 614 70
486 624 22
486 628 28
486 638 47
486 648 99
486 655 8
486 675 75
486 679 73
486 680 5
486 681 40
486 686 5
486 699 17
486 700 24
486 705 98
486 709 92
486 711 21
486 712 15
486 713 52
486 714 9
486 726 81
486 738 62
486 741 78
486 764 85
486 787 64
486 788 46
486 795 82
486 807 35
486 815 99
486 821 47
486 826 2
486 836 67
486 859 12
486 865 44
486 878 12
486 891 4
486 906 81
486 914 51
486 925 27
486 931 61
486 934 4
486 940 24
486 947 45
486 953 36
486 963 54
486 964 4
486 965 47
486 973 20
486 974 9
486 975 48
486 985 27
487 500 40
487 507 35
487 515 7
487 524 69
487 530 38
487 566 9
487 569 89
487 594 74
487 599 15
487 603 97
487 614 10
487 619 64
487 642 84
487 660 91
487 661 46
487 673 1
487 701 96
487 702 42
487 707 83
487 732 23
487 739 71
487 744 42
487 770 14
487 773 47
487 778 83
487 802 16
487 818 60
487 819 74
487 837 89
487 883 57
487 888 89
487 897 17
487 901 87
487 903 51
487 914 11
487 953 9
487 975 71
487 978 96
487 990 76
487 992 3
487 995 55
488 508 4
488 510 78
488 517 16
488 540 65
488 546 87
488 556 37
488 579 100
488 584 45
488 589 11
488 591 47
488 592 63
488 600 22
488 644 50
488 665 92
488 666 4
488 667 69
488 684 50
488 694 77
488 724 71
488 734 58
488 743 34
488 745 94
488 751 52
488 754 30
488 775 70
488 777 66
488 780 78
488 781 33
488 785 65
488 786 41
488 816 16
488 830 12
488 845 89
488 847 73
488 854 73
488 855 4
488 860 17
488 864 88
488 880 34
488 887 45
488 900 22
488 907 90
488 911 93
488 917 7
488 923 80
488 924 92
488 929 76
488 942 2
488 950 96
488 960 64
488 982 15
488 994 80
488 997 29
489 490 60
489 492 55
489 511 85
489 518 39
489 528 15
489 534 18
489 540 53
489 556 10
489 560 23
489 585 20
489 597 84
489 598 15
489 607 39
489 626 3
489 640 87
489 645 43
489 650 69
489 658 15
489 663 12
489 674 88
489 678 25
489 679 44
489 683 54
489 684 47
489 685 20
489 700 61
489 722 14
489 729 85
489 748 73
489 753 16
489 755 15
489 756 20
489 759 59
489 766 95
489 779 76
489 798 25
489 799 81
489 803 74
489 821 72
489 835 51
489 853 56
489 871 6
489 875 22
489 885 70
489 889 77
489 891 88
489 894 91
489 904 59
489 912 74
489 913 37
489 917 5
489 927 69
489 932 62
489 935 25
489 950 98
489 952 86
489 955 52
489 961 37
489 977 84
489 985 30
489 989 16
490 511 35
490 518 28
490 525 55
490 528 5
490 534 88
490 553 6
490 560 79
490 597 27
490 598 5
490 626 70
490 629 7
490 632 97
490 640 46
490 650 38
490 658 17
490 664 58
490 679 45
490 683 36
490 686 80
490 700 31
490 705 42
490 722 83
490 746 70
490 753 49
490 756 18
490 759 26
490 766 84
490 779 40
490 794 83
490 798 61
490 803 87
490 804 81
490 807 85
490 812 5
490 817 82
490 821 6
490 824 39
490 835 82
490 853 94
490 867 36
490 871 77
490 885 26
490 886 6
490 891 100
490 904 27
490 912 35
490 920 51
490 927 38
490 932 89
490 935 99
490 952 89
490 955 64
490 961 8
490 967 8
490 977 57
490 985 50
490 989 98
491 494 94
491 502 44
491 504 97
491 505 73
491 541 51
491 562 35
491 568 82
491 578 89
491 587 25
491 605 72
491 617 55
491 621 71
491 641 23
491 646 90
491 647 80
491 652 15
491 670 17
491 687 72
491 689 49
491 697 4
491 715 83
491 716 42
491 747 33
491 750 74
491 772 40
491 776 92
491 791 30
491 829 19
491 843 70
491 869 35
491 881 69
491 902 80
491 921 95
491 969 70
492 509 32
492 525 64
492 531 96
492 534 23
492 540 1
492 556 25
492 560 4
492 565 83
492 571 14
492 597 49
492 598 33
492 614 82
492 637 100
492 640 15
492 642 92
492 648 67
492 661 59
492 673 26
492 679 92
492 681 53
492 684 79
492 685 32
492 686 85
492 688 38
492 694 97
492 700 47
492 705 11
492 711 16
492 726 93
492 729 81
492 749 41
492 755 22
492 756 100
492 775 36
492 779 56
492 787 16
492 788 20
492 789 86
492 798 17
492 803 56
492 821 63
492 826 39
492 835 89
492 836 60
492 839 50
492 853 89
492 858 57
492 865 55
492 880 25
492 889 10
492 890 55
492 891 62
492 893 67
492 894 88
492 898 25
492 906 38
492 914 8
492 931 100
492 932 97
492 947 47
492 950 11
492 952 27
492 955 31
492 965 82
492 971 59
492 978 77
492 985 23
493 495 100
493 497 1
493 503 14
493 526 27
493 532 53
493 538 33
493 548 74
493 549 6
493 553 99
493 559 29
493 580 64
493 581 100
493 620 48
493 627 85
493 629 36
493 643 22
493 653 99
493 656 45
493 657 6
493 659 58
493 671 83
493 692 23
493 723 63
493 736 3
493 763 57
493 767 38
493 769 85
493 808 4
493 811 55
493 814 9
493 822 42
493 833 10
493 851 39
493 857 80
493 866 48
493 867 26
493 873 60
493 874 43
493 877 59
493 879 86
493 905 21
493 908 95
493 915 85
493 918 42
493 944 22
493 954 43
493 956 48
493 957 77
493 962 91
493 968 59
493 983 21
493 984 14
493 987 34
494 502 36
494 504 38
494 505 4
494 519 66
494 527 45
494 529 8
494 541 85
494 542 53
494 568 72
494 587 62
494 605 21
494 617 100
494 646 60
494 652 89
494 670 94
494 687 68
494 689 37
494 697 67
494 698 13
494 715 70
494 716 25
494 747 61
494 750 25
494 772 17
494 776 67
494 782 79
494 791 58
494 829 25
494 869 34
494 902 93
494 930 93
495 503 35
495 523 34
495 526 45
495 532 17
495 570 53
495 577 90
495 580 60
495 581 23
495 627 86
495 631 18
495 635 71
495 653 46
495 654 76
495 656 27
495 657 95
495 659 89
495 668 80
495 669 27
495 671 42
495 704 40
495 723 79
495 736 4
495 742 74
495 757 40
495 763 31
495 767 53
495 771 10
495 774 66
495 808 9
495 811 72
495 823 29
495 831 5
495 833 55
495 840 72
495 841 16
495 844 24
495 851 50
495 899 3
495 905 38
495 926 4
495 944 49
495 954 98
495 957 89
495 959 7
495 962 57
495 966 25
495 980 89
495 983 11
495 986 8
495 998 73
496 512 87
496 513 39
496 516 53
496 536 22
496 544 48
496 557 23
496 559 25
496 564 96
496 574 45
496 575 93
496 586 7
496 595 8
496 596 1
496 606 10
496 608 72
496 611 32
496 612 46
496 630 78
496 634 58
496 695 38
496 727 52
496 728 18
496 731 47
496 737 27
496 765 98
496 783 67
496 790 97
496 813 60
496 838 65
496 852 35
496 862 83
496 909 71
496 916 100
496 922 46
496 936 14
496 939 61
496 941 93
496 943 24
496 945 3
496 968 97
496 972 69
496 984 26
496 993 21
497 532 56
497 536 67
497 548 7
497 553 96
497 558 69
497 559 5
497 577 28
497 581 71
497 625 69
497 629 62
497 632 2
497 650 51
497 653 91
497 656 3
497 657 86
497 659 58
497 664 80
497 671 50
497 683 46
497 736 30
497 746 57
497 759 63
497 769 50
497 794 49
497 796 36
497 804 23
497 811 16
497 812 24
497 817 52
497 823 68
497 824 98
497 833 62
497 851 24
497 857 33
497 867 48
497 871 27
497 872 10
497 879 82
497 886 17
497 905 48
497 912 57
497 915 49
497 916 60
497 918 75
497 927 60
497 948 66
497 956 6
497 962 7
497 977 20
497 981 35
497 984 11
497 987 27
498 521 8
498 533 38
498 547 49
498 551 100
498 558 13
498 561 68
498 563 23
498 582 12
498 606 86
498 607 44
498 608 88
498 609 48
498 611 50
498 612 89
498 623 96
498 625 97
498 633 56
498 651 93
498 662 46
498 672 92
498 676 44
498 703 93
498 719 23
498 720 55
498 721 60
498 727 57
498 730 27
498 733 60
498 735 60
498 758 2
498 760 31
498 762 47
498 784 94
498 793 10
498 796 84
498 801 30
498 806 80
498 810 83
498 834 7
498 838 30
498 849 21
498 850 2
498 856 48
498 870 80
498 896 4
498 909 61
498 922 3
498 928 41
498 930 53
498 937 57
498 938 61
498 939 92
498 941 11
498 946 70
498 949 72
498 958 37
498 970 77
498 976 38
498 981 10
498 996 75
499 514 8
499 520 69
499 522 60
499 537 16
499 545 70
499 552 23
499 567 84
499 572 65
499 576 30
499 583 52
499 604 79
499 616 18
499 618 92
499 655 57
499 691 18
499 708 15
499 709 49
499 714 88
499 717 32
499 718 29
499 725 54
499 740 77
499 768 9
499 792 17
499 832 74
499 842 62
499 846 47
499 848 30
499 859 14
499 892 19
499 919 96
499 964 33
499 999 26
500 507 87
500 509 65
500 524 33
500 530 41
500 531 6
500 546 12
500 566 4
500 569 38
500 571 10
500 584 63
500 592 69
500 594 5
500 599 26
500 603 94
500 614 82
500 619 87
500 637 54
500 639 59
500 642 10
500 660 24
500 661 45
500 673 20
500 681 28
500 682 5
500 688 12
500 701 68
500 702 87
500 707 69
500 726 32
500 732 60
500 739 98
500 743 80
500 744 13
500 749 9
500 773 41
500 775 6
500 778 29
500 787 80
500 788 32
500 789 85
500 802 56
500 818 37
500 819 94
500 826 11
500 837 5
500 839 35
500 854 52
500 858 21
500 865 19
500 880 6
500 883 64
500 884 82
500 888 11
500 890 13
500 893 95
500 897 57
500 898 74
500 901 49
500 903 2
500 914 24
500 931 79
500 953 45
500 971 5
500 978 91
500 990 1
500 992 82
500 995 46
501 514 12
501 520 36
501 522 42
501 539 58
501 543 39
501 545 66
501 554 79
501 565 17
501 572 56
501 576 77
501 593 37
501 616 63
501 628 55
501 638 59
501 655 91
501 675 99
501 699 56
501 709 76
501 712 20
501 713 48
501 714 37
501 738 88
501 764 93
501 792 63
501 795 99
501 815 73
501 826 7
501 836 70
501 859 50
501 865 39
501 878 24
501 892 2
501 906 27
501 940 67
501 947 66
501 963 84
501 964 46
501 973 31
501 974 56
501 975 77
502 504 62
502 505 62
502 519 89
502 527 41
502 529 34
502 541 37
502 542 13
502 547 51
502 555 3
502 568 40
502 587 11
502 605 35
502 617 79
502 646 81
502 647 97
502 651 92
502 652 49
502 670 32
502 676 78
502 687 26
502 689 14
502 693 4
502 697 62
502 698 86
502 715 43
502 716 60
502 720 26
502 747 97
502 750 24
502 772 64
502 776 45
502 782 33
502 791 53
502 820 8
502 829 49
502 834 61
502 861 53
502 868 42
502 869 93
502 881 51
502 896 12
502 902 3
502 921 55
502 930 51
502 958 82
502 969 45
502 996 88
503 526 83
503 532 92
503 538 47
503 549 34
503 580 93
503 581 66
503 620 14
503 627 62
503 631 65
503 635 5
503 643 42
503 653 70
503 656 80
503 657 73
503 659 79
503 668 53
503 669 25
503 723 58
503 736 54
503 757 54
503 763 65
503 767 72
503 769 22
503 771 73
503 774 15
503 808 22
503 814 21
503 822 74
503 831 24
503 833 52
503 866 67
503 874 87
503 905 21
503 908 17
503 926 97
503 944 24
503 954 29
503 957 17
503 962 23
503 966 18
503 983 38
503 987 68
504 505 40
504 519 36
504 527 81
504 541 15
504 542 100
504 555 84
504 562 18
504 568 67
504 578 32
504 582 36
504 587 18
504 588 23
504 605 62
504 610 94
504 617 89
504 621 74
504 622 89
504 636 71
504 641 10
504 646 47
504 647 65
504 651 100
504 652 55
504 670 28
504 676 1
504 687 54
504 689 100
504 693 72
504 697 55
504 698 63
504 715 97
504 716 76
504 720 81
504 747 55
504 750 97
504 752 53
504 761 67
504 762 35
504 772 50
504 776 84
504 782 16
504 791 57
504 800 1
504 820 81
504 827 94
504 829 61
504 843 36
504 861 100
504 868 40
504 869 94
504 870 51
504 881 85
504 902 92
504 911 13
504 921 35
504 930 31
504 946 38
504 949 80
504 951 100
504 969 100
504 996 76
505 541 20
505 562 24
505 568 26
505 578 67
505 587 32
505 605 13
505 617 10
505 621 92
505 641 34
505 647 91
505 652 26
505 670 49
505 687 80
505 689 95
505 697 100
505 715 77
505 716 73
505 747 2
505 750 40
505 772 11
505 776 42
505 791 90
505 829 96
505 869 56
505 881 31
505 902 69
505 921 16
505 969 5
506 518 53
506 521 78
506 540 46
506 551 61
506 555 85
506 556 42
506 578 85
506 582 95
506 585 65
506 588 48
506 591 13
506 607 92
506 610 63
506 623 40
506 636 83
506 644 31
506 645 9
506 651 100
506 658 96
506 662 20
506 663 54
506 665 16
506 674 98
506 678 99
506 684 52
506 685 4
506 690 39
506 693 50
506 719 56
506 722 32
506 729 78
506 730 84
506 748 94
506 755 18
506 756 46
506 758 1
506 760 96
506 761 80
506 762 52
506 766 64
506 777 89
506 781 99
506 784 93
506 799 57
506 800 96
506 810 97
506 820 76
506 827 31
506 843 39
506 849 55
506 850 14
506 861 14
506 870 34
506 875 22
506 885 93
506 894 37
506 900 78
506 907 99
506 911 79
506 913 43
506 917 44
506 928 84
506 946 54
506 949 48
506 951 14
506 952 4
506 961 46
507 509 29
507 524 20
507 530 82
507 531 27
507 546 69
507 569 8
507 571 58
507 584 28
507 592 38
507 594 70
507 603 60
507 614 31
507 637 54
507 639 15
507 642 87
507 660 35
507 661 63
507 673 69
507 682 63
507 688 83
507 694 77
507 701 8
507 702 73
507 707 78
507 724 92
507 726 47
507 732 64
507 743 100
507 744 44
507 745 88
507 749 77
507 775 27
507 778 94
507 786 58
507 787 38
507 789 91
507 830 4
507 837 68
507 839 98
507 854 78
507 858 7
507 880 13
507 883 28
507 884 92
507 888 10
507 889 89
507 890 67
507 893 69
507 897 91
507 898 11
507 901 34
507 903 20
507 914 88
507 931 96
507 950 4
507 971 66
507 978 79
507 982 31
507 995 70
508 510 64
508 517 19
508 562 17
508 578 6
508 579 19
508 588 56
508 589 76
508 591 26
508 600 12
508 621 41
508 622 12
508 636 35
508 641 86
508 644 89
508 665 27
508 666 1
508 667 84
508 690 85
508 734 35
508 751 68
508 752 54
508 754 30
508 777 29
508 780 26
508 781 36
508 785 67
508 816 47
508 827 97
508 843 87
508 847 44
508 855 97
508 860 57
508 864 14
508 887 60
508 900 60
508 907 31
508 911 30
508 923 31
508 924 41
508 929 38
508 942 20
508 951 46
508 960 2
508 994 21
508 997 73
509 524 7
509 530 10
509 531 93
509 546 33
509 569 57
509 571 69
509 584 8
509 592 6
509 594 68
509 603 75
509 614 64
509 637 54
509 639 89
509 642 50
509 660 52
509 661 93
509 673 99
509 681 36
509 682 61
509 688 72
509 694 24
509 702 24
509 707 97
509 724 12
509 726 17
509 732 4
509 743 13
509 744 60
509 745 94
509 749 17
509 754 98
509 775 33
509 778 41
509 786 92
509 787 54
509 788 75
509 789 23
509 830 14
509 837 91
509 839 43
509 854 14
509 858 48
509 880 31
509 884 78
509 888 80
509 889 19
509 890 37
509 893 61
509 898 64
509 901 43
509 914 5
509 931 89
509 950 70
509 953 65
509 955 6
509 971 83
509 978 4
509 982 44
509 995 69
510 517 75
510 562 83
510 579 44
510 588 76
510 589 14
510 591 100
510 600 78
510 621 84
510 622 14
510 636 89
510 641 30
510 644 71
510 666 30
510 667 29
510 734 31
510 751 60
510 752 50
510 754 66
510 777 19
510 780 53
510 781 89
510 785 20
510 816 9
510 845 14
510 847 55
510 855 91
510 860 74
510 864 14
510 887 52
510 900 58
510 907 19
510 911 5
510 923 71
510 924 75
510 929 61
510 942 25
510 951 10
510 960 69
510 994 60
510 997 76
511 518 5
511 528 62
511 534 24
511 540 90
511 558 56
511 560 56
511 585 85
511 597 58
511 598 94
511 607 97
511 625 72
511 626 17
511 640 80
511 645 67
511 650 63
511 658 97
511 663 72
511 664 21
511 674 5
511 678 12
511 683 22
511 684 96
511 685 82
511 700 9
511 722 81
511 729 82
511 746 42
511 748 59
511 753 99
511 755 43
511 756 90
511 759 98
511 766 51
511 779 65
511 784 96
511 794 61
511 798 33
511 799 30
511 803 39
511 804 81
511 824 11
511 835 95
511 853 68
511 871 90
511 872 41
511 875 59
511 885 72
511 886 88
511 891 80
511 894 89
511 904 95
511 912 69
511 913 28
511 927 45
511 932 9
511 935 76
511 952 48
511 961 28
511 977 24
511 985 45
511 989 14
512 513 6
512 516 69
512 535 43
512 536 32
512 544 75
512 550 84
512 557 99
512 559 58
512 564 97
512 573 2
512 574 99
512 575 86
512 586 34
512 590 46
512 595 39
512 596 33
512 612 73
512 613 39
512 620 21
512 630 78
512 634 76
512 677 28
512 692 62
512 695 70
512 728 64
512 731 78
512 737 70
512 783 40
512 790 43
512 813 81
512 814 40
512 828 77
512 838 70
512 857 49
512 862 8
512 863 27
512 873 3
512 877 74
512 915 46
512 916 62
512 933 27
512 936 96
512 943 51
512 945 2
512 968 36
512 972 91
512 988 73
512 993 52
513 516 79
513 536 51
513 544 84
513 548 11
513 557 53
513 559 98
513 564 40
513 574 17
513 575 77
513 586 96
513 595 52
513 596 34
513 606 84
513 612 97
513 630 78
513 634 55
513 677 57
513 692 50
513 695 89
513 728 39
513 731 99
513 737 26
513 765 100
513 783 31
513 790 31
513 796 56
513 813 57
513 838 57
513 852 60
513 857 31
513 862 42
513 873 41
513 877 69
513 915 47
513 916 51
513 918 78
513 933 61
513 936 17
513 939 79
513 941 84
513 943 82
513 945 84
513 968 13
513 972 66
513 984 87
513 993 70
514 520 80
514 522 28
514 537 23
514 545 30
514 552 68
514 567 1
514 572 55
514 576 13
514 583 62
514 602 75
514 604 15
514 616 48
514 618 16
514 624 48
514 628 92
514 638 56
514 655 62
514 708 66
514 709 64
514 710 53
514 714 33
514 717 47
514 718 3
514 725 100
514 738 91
514 740 10
514 741 7
514 764 78
514 768 29
514 792 48
514 795 60
514 809 13
514 832 81
514 842 74
514 846 80
514 848 80
514 859 39
514 892 98
514 895 24
514 919 14
514 925 91
514 934 59
514 963 49
514 964 39
514 973 9
515 530 42
515 566 75
515 594 54
515 599 61
515 603 62
515 639 50
515 682 2
515 701 14
515 702 2
515 706 1
515 707 86
515 732 45
515 739 36
515 744 75
515 773 21
515 818 69
515 819 37
515 837 23
515 883 39
515 897 22
515 903 26
515 990 4
515 992 77
516 536 96
516 544 100
516 548 64
516 557 20
516 558 21
516 559 57
516 574 17
516 586 36
516 595 66
516 596 99
516 606 82
516 608 83
516 609 93
516 611 61
516 612 64
516 625 30
516 630 56
516 634 8
516 664 26
516 672 74
516 721 35
516 727 85
516 731 87
516 733 83
516 737 73
516 765 66
516 783 33
516 796 77
516 801 50
516 838 22
516 852 42
516 857 27
516 862 91
516 872 76
516 886 15
516 915 39
516 916 58
516 918 44
516 922 82
516 936 49
516 937 59
516 939 42
516 941 39
516 943 8
516 945 29
516 948 66
516 968 18
516 981 99
516 984 32
516 993 70
517 562 46
517 578 44
517 579 41
517 588 17
517 589 69
517 591 62
517 600 15
517 610 78
517 621 72
517 622 36
517 636 18
517 641 27
517 644 32
517 665 60
517 666 41
517 667 61
517 690 28
517 734 88
517 751 18
517 752 94
517 754 18
517 777 35
517 780 25
517 781 18
517 785 18
517 816 60
517 827 30
517 843 2
517 845 10
517 847 17
517 855 49
517 860 57
517 864 97
517 887 86
517 900 60
517 907 11
517 911 15
517 917 48
517 923 2
517 924 69
517 929 45
517 942 52
517 951 3
517 960 39
517 994 31
517 997 49
518 521 67
518 528 28
518 534 47
518 540 52
518 551 70
518 558 7
518 560 10
518 582 87
518 585 68
518 597 46
518 598 82
518 607 38
518 609 23
518 610 23
518 623 26
518 625 3
518 626 37
518 640 60
518 645 57
518 650 9
518 658 38
518 663 20
518 664 38
518 674 26
518 678 53
518 683 32
518 684 88
518 685 57
518 719 26
518 722 26
518 729 49
518 730 76
518 746 11
518 748 60
518 755 56
518 756 19
518 758 27
518 759 83
518 761 37
518 766 88
518 779 9
518 784 53
518 798 1
518 799 85
518 800 61
518 803 4
518 824 82
518 835 87
518 849 37
518 850 27
518 853 64
518 870 18
518 871 27
518 872 75
518 875 14
518 885 47
518 886 40
518 894 59
518 904 88
518 912 13
518 913 47
518 917 34
518 927 27
518 932 68
518 935 98
518 946 86
518 949 57
518 952 7
518 961 38
518 977 6
518 981 13
518 989 39
519 527 56
519 529 36
519 541 100
519 542 96
519 547 12
519 555 46
519 563 53
519 568 38
519 587 63
519 605 35
519 633 19
519 646 7
519 651 76
519 670 27
519 676 70
519 687 48
519 689 62
519 693 62
519 697 25
519 698 18
519 703 51
519 715 47
519 720 39
519 735 11
519 747 93
519 750 16
519 762 99
519 772 72
519 776 82
519 782 64
519 791 19
519 810 20
519 820 53
519 834 69
519 856 55
519 868 99
519 869 85
519 896 100
519 902 9
519 921 17
519 930 24
519 938 57
519 958 22
519 970 16
519 996 88
520 522 35
520 537 96
520 539 13
520 543 43
520 545 52
520 552 2
520 554 72
520 567 29
520 572 4
520 576 60
520 583 74
520 602 23
520 604 33
520 616 71
520 618 18
520 624 85
520 628 25
520 638 89
520 655 89
520 675 64
520 680 49
520 708 99
520 709 90
520 710 38
520 713 90
520 714 26
520 717 67
520 718 98
520 725 14
520 738 51
520 740 85
520 741 29
520 764 96
520 792 86
520 795 16
520 809 16
520 836 62
520 848 97
520 859 68
520 892 69
520 895 63
520 919 86
520 925 42
520 934 18
520 963 96
520 964 96
520 973 50
521 533 61
521 551 8
521 555 64
521 558 93
521 582 87
521 607 46
521 609 88
521 610 96
521 623 65
521 625 55
521 645 93
521 646 37
521 651 83
521 658 30
521 662 29
521 663 55
521 672 81
521 674 90
521 676 81
521 678 91
521 690 20
521 693 47
521 719 59
521 720 53
521 721 51
521 722 23
521 730 70
521 733 83
521 735 39
521 747 77
521 758 77
521 760 9
521 761 80
521 762 11
521 784 55
521 799 21
521 800 5
521 801 7
521 806 23
521 810 20
521 820 81
521 827 100
521 849 72
521 850 76
521 861 74
521 868 71
521 870 19
521 875 31
521 896 46
521 928 2
521 930 100
521 946 81
521 949 91
521 961 99
521 970 94
521 996 67
522 537 58
522 539 3
522 545 9
522 552 11
522 554 90
522 572 7
522 576 46
522 604 97
522 616 89
522 628 58
522 638 20
522 655 83
522 709 99
522 714 9
522 717 86
522 725 96
522 738 52
522 740 30
522 792 60
522 848 79
522 859 12
522 892 6
522 919 25
522 964 22
522 973 2
523 567 21
523 570 59
523 577 70
523 583 78
523 601 13
523 615 83
523 627 71
523 631 45
523 635 15
523 649 71
523 654 57
523 668 87
523 669 100
523 704 90
523 718 90
523 723 19
523 742 66
523 757 12
523 763 82
523 767 58
523 768 81
523 771 100
523 774 10
523 808 26
523 809 67
523 825 14
523 831 11
523 832 92
523 840 9
523 841 48
523 844 14
523 882 81
523 899 45
523 926 89
523 954 85
523 959 79
523 966 89
523 979 7
523 980 18
523 986 26
523 991 19
523 998 4
524 530 97
524 531 55
524 546 83
524 565 82
524 566 6
524 569 23
524 571 54
524 584 92
524 592 94
524 594 45
524 599 46
524 603 27
524 614 39
524 619 34
524 637 92
524 639 39
524 642 87
524 648 7
524 660 63
524 661 86
524 673 65
524 681 78
524 688 80
524 699 99
524 701 98
524 702 49
524 707 55
524 712 17
524 726 22
524 732 87
524 739 49
524 743 64
524 744 80
524 749 98
524 770 24
524 773 25
524 775 55
524 778 94
524 787 72
524 788 100
524 789 35
524 802 85
524 818 28
524 819 54
524 826 79
524 837 15
524 839 79
524 858 85
524 865 73
524 880 87
524 884 60
524 888 56
524 890 100
524 893 62
524 897 37
524 898 41
524 901 11
524 914 84
524 931 23
524 947 88
524 953 6
524 971 46
524 975 4
524 978 51
524 990 86
524 992 94
524 995 3
525 531 90
525 543 42
525 560 67
525 565 55
525 571 78
525 597 49
525 598 93
525 624 44
525 628 78
525 638 92
525 640 27
525 648 54
525 661 17
525 675 65
525 679 53
525 680 25
525 681 76
525 686 3
525 700 97
525 705 44
525 710 1
525 711 19
525 712 81
525 713 17
525 726 83
525 741 32
525 753 28
525 764 11
525 779 18
525 787 55
525 788 78
525 795 49
525 798 8
525 803 89
525 807 91
525 821 77
525 826 38
525 835 86
525 836 48
525 865 82
525 890 84
525 891 8
525 898 72
525 904 100
525 906 42
525 914 85
525 920 87
525 925 15
525 931 56
525 932 15
525 934 12
525 947 82
525 955 37
525 963 5
525 965 94
525 985 29
526 532 46
526 538 18
526 549 18
526 580 48
526 581 54
526 613 8
526 620 96
526 627 54
526 643 47
526 653 29
526 656 52
526 657 89
526 659 55
526 692 19
526 763 70
526 767 4
526 769 39
526 811 7
526 814 98
526 822 30
526 828 57
526 833 89
526 857 48
526 863 74
526 866 82
526 873 19
526 874 38
526 877 34
526 905 24
526 908 29
526 944 59
526 954 70
526 957 6
526 962 14
526 968 43
526 983 65
526 987 7
527 529 85
527 541 47
527 542 20
527 547 77
527 555 34
527 561 11
527 563 44
527 568 83
527 587 3
527 605 87
527 633 18
527 646 12
527 651 66
527 662 99
527 670 29
527 676 44
527 687 85
527 689 8
527 693 37
527 697 59
527 698 40
527 703 63
527 720 73
527 735 28
527 747 5
527 750 34
527 760 94
527 762 67
527 772 18
527 776 9
527 782 85
527 793 26
527 806 49
527 810 26
527 820 84
527 834 15
527 856 87
527 868 61
527 896 44
527 902 99
527 921 86
527 928 86
527 930 43
527 938 26
527 958 52
527 970 60
527 976 88
527 996 3
528 534 84
528 560 4
528 597 30
528 598 45
528 607 18
528 626 57
528 629 11
528 632 100
528 640 33
528 650 33
528 658 30
528 663 56
528 664 6
528 679 83
528 683 49
528 685 51
528 686 29
528 700 99
528 722 10
528 729 6
528 746 3
528 748 26
528 753 81
528 755 29
528 756 35
528 759 82
528 766 7
528 779 6
528 794 7
528 798 42
528 803 68
528 804 89
528 807 25
528 812 91
528 817 81
528 821 90
528 824 6
528 835 69
528 853 57
528 867 32
528 871 53
528 872 100
528 875 15
528 885 10
528 886 21
528 891 7
528 894 94
528 904 33
528 912 24
528 927 74
528 932 13
528 935 4
528 952 25
528 961 78
528 977 4
528 985 33
528 989 3
529 541 9
529 542 27
529 547 13
529 555 4
529 561 29
529 563 59
529 568 76
529 587 69
529 605 73
529 633 8
529 646 81
529 651 16
529 670 42
529 676 86
529 687 94
529 689 24
529 697 79
529 698 57
529 703 86
529 720 98
529 735 5
529 747 87
529 750 29
529 776 67
529 782 46
529 791 66
529 793 6
529 810 13
529 834 10
529 856 7
529 868 64
529 896 53
529 902 12
529 930 66
529 938 30
529 958 39
529 970 50
529 996 100
530 546 3
530 566 30
530 569 18
530 584 85
530 592 29
530 594 66
530 599 76
530 603 42
530 614 22
530 619 75
530 637 86
530 639 65
530 642 94
530 660 53
530 661 67
530 673 91
530 682 10
530 688 47
530 701 9
530 702 6
530 706 49
530 707 33
530 724 96
530 732 50
530 739 99
530 743 20
530 744 19
530 745 12
530 749 84
530 773 22
530 778 18
530 802 30
530 818 58
530 819 93
530 830 8
530 837 99
530 839 83
530 854 47
530 858 87
530 880 68
530 883 14
530 884 88
530 888 58
530 893 65
530 897 77
530 901 86
530 903 14
530 971 74
530 978 38
530 982 41
530 990 60
530 992 91
530 995 15
531 543 64
531 565 96
531 571 19
531 593 66
531 614 1
531 637 38
531 642 75
531 648 97
531 660 71
531 661 26
531 673 27
531 675 95
531 679 97
531 680 13
531 681 79
531 686 17
531 688 90
531 699 26
531 700 100
531 705 47
531 711 52
531 712 64
531 713 90
531 726 20
531 749 84
531 764 24
531 779 93
531 787 6
531 788 20
531 789 28
531 815 53
531 821 82
531 826 22
531 835 76
531 836 40
531 839 5
531 865 9
531 878 30
531 880 59
531 888 92
531 889 4
531 890 54
531 891 13
531 898 54
531 901 71
531 906 5
531 914 61
531 931 60
531 932 40
531 947 5
531 953 92
531 955 46
531 963 45
531 965 71
531 971 95
531 975 73
531 978 20
531 985 2
531 995 55
532 538 4
532 548 16
532 553 98
532 577 100
532 580 3
532 581 66
532 620 54
532 627 100
532 629 78
532 631 40
532 635 74
532 643 41
532 653 92
532 656 45
532 657 39
532 659 26
532 669 34
532 671 44
532 723 10
532 736 71
532 757 23
532 763 83
532 767 14
532 769 67
532 771 76
532 808 41
532 811 26
532 812 32
532 817 17
532 822 20
532 823 13
532 831 87
532 833 95
532 851 59
532 857 61
532 866 35
532 867 69
532 873 96
532 874 31
532 877 45
532 879 53
532 899 44
532 905 67
532 908 8
532 915 68
532 944 74
532 954 94
532 956 64
532 957 14
532 962 70
532 979 81
532 980 95
532 983 42
532 986 51
532 987 12
533 547 100
533 551 18
533 558 6
533 561 21
533 563 71
533 582 63
533 606 7
533 607 4
533 608 11
533 609 34
533 611 55
533 612 44
533 623 72
533 625 45
533 633 29
533 651 92
533 662 4
533 672 8
533 676 85
533 693 84
533 703 92
533 719 82
533 720 75
533 721 60
533 727 27
533 730 47
533 733 79
533 735 21
533 758 89
533 760 91
533 762 99
533 784 97
533 793 40
533 796 53
533 799 56
533 801 3
533 806 60
533 810 9
533 820 15
533 834 71
533 838 89
533 849 34
533 850 56
533 856 64
533 870 55
533 896 84
533 909 33
533 922 97
533 928 67
533 930 71
533 937 90
533 938 95
533 939 94
533 941 51
533 946 78
533 949 46
533 961 97
533 970 48
533 976 69
533 981 27
533 996 7
534 540 40
534 556 41
534 560 61
534 585 83
534 597 12
534 598 32
534 607 62
534 626 98
534 640 2
534 645 87
534 650 84
534 658 82
534 663 68
534 665 60
534 674 3
534 684 95
534 685 27
534 694 24
534 700 49
534 705 46
534 722 79
534 729 78
534 748 7
534 755 91
534 756 9
534 766 93
534 779 12
534 781 31
534 789 70
534 798 52
534 799 6
534 803 100
534 821 9
534 835 46
534 853 40
534 871 15
534 875 5
534 880 91
534 885 22
534 887 27
534 889 24
534 891 59
534 894 92
534 898 18
534 904 53
534 912 47
534 913 28
534 917 86
534 927 62
534 932 68
534 935 29
534 950 32
534 952 24
534 955 70
534 961 41
534 965 46
534 985 91
534 989 4
535 549 53
535 550 27
535 564 17
535 573 24
535 574 51
535 575 42
535 590 14
535 595 43
535 613 53
535 630 85
535 677 22
535 692 91
535 695 45
535 696 44
535 728 39
535 790 31
535 813 62
535 814 97
535 828 10
535 863 55
535 933 48
535 972 94
535 988 9
535 993 51
536 544 80
536 548 12
536 557 48
536 558 22
536 559 21
536 574 82
536 581 64
536 595 37
536 596 60
536 606 14
536 609 98
536 612 69
536 625 13
536 630 97
536 634 36
536 653 51
536 664 71
536 672 48
536 683 12
536 721 39
536 737 16
536 746 100
536 769 47
536 783 5
536 794 47
536 796 14
536 811 81
536 824 93
536 838 82
536 857 14
536 862 24
536 872 19
536 873 24
536 877 46
536 886 100
536 915 42
536 916 87
536 918 83
536 922 21
536 937 22
536 939 8
536 941 53
536 945 33
536 948 62
536 956 65
536 968 64
536 981 91
536 984 40
536 987 2
536 993 63
537 545 86
537 552 79
537 567 86
537 570 15
537 572 12
537 576 95
537 583 74
537 602 74
537 604 62
537 616 4
537 618 43
537 624 56
537 628 95
537 638 52
537 649 55
537 655 19
537 708 75
537 709 89
537 710 22
537 714 50
537 717 35
537 718 55
537 725 78
537 738 46
537 740 48
537 741 28
537 768 17
537 792 44
537 795 61
537 797 26
537 809 26
537 832 76
537 842 13
537 844 50
537 846 18
537 848 76
537 859 70
537 892 47
537 895 84
537 919 92
537 920 5
537 925 39
537 934 11
537 963 100
537 964 38
537 991 1
538 549 26
538 580 81
538 581 67
538 595 92
538 613 16
538 620 3
538 630 41
538 643 65
538 659 36
538 692 37
538 767 36
538 814 96
538 822 67
538 828 45
538 857 18
538 863 21
538 866 89
538 873 77
538 874 57
538 877 11
538 905 75
538 908 95
538 933 84
538 944 78
538 957 93
538 968 96
538 983 14
538 987 62
539 543 60
539 545 80
539 554 42
539 565 4
539 572 33
539 576 81
539 593 29
539 616 28
539 628 71
539 638 42
539 648 32
539 655 59
539 675 53
539 699 94
539 709 98
539 712 31
539 713 79
539 714 33
539 738 19
539 764 90
539 770 29
539 788 33
539 792 33
539 815 33
539 826 70
539 836 73
539 859 55
539 865 28
539 878 39
539 892 10
539 906 46
539 914 56
539 940 28
539 947 82
539 953 50
539 963 41
539 964 56
539 973 35
539 974 85
539 975 91
540 556 68
540 560 72
540 585 81
540 589 18
540 591 37
540 597 15
540 610 18
540 626 78
540 640 48
540 644 85
540 645 29
540 658 54
540 663 8
540 665 78
540 674 48
540 678 96
540 684 62
540 685 18
540 688 43
540 690 24
540 694 100
540 722 85
540 729 66
540 748 42
540 751 47
540 755 64
540 756 27
540 775 15
540 777 33
540 779 83
540 781 91
540 789 9
540 798 2
540 803 56
540 827 19
540 835 86
540 853 45
540 875 67
540 880 85
540 885 59
540 887 37
540 889 70
540 894 46
540 898 64
540 900 6
540 907 37
540 913 18
540 917 43
540 923 41
540 932 62
540 942 53
540 950 33
540 952 28
540 955 28
540 997 12
541 542 97
541 547 43
541 555 40
541 568 87
541 587 61
541 605 28
541 617 39
541 646 32
541 651 17
541 652 8
541 670 98
541 676 95
541 687 22
541 689 60
541 697 69
541 698 84
541 715 79
541 716 80
541 720 95
541 747 66
541 750 26
541 772 14
541 776 22
541 782 26
541 791 97
541 829 45
541 834 57
541 868 62
541 869 12
541 902 54
541 921 98
541 930 92
541 958 94
541 996 11
542 547 27
542 555 8
542 563 63
542 568 96
542 587 59
542 605 76
542 633 76
542 646 25
542 651 15
542 670 29
542 676 17
542 687 58
542 689 15
542 697 52
542 698 72
542 703 85
542 715 46
542 716 64
542 720 2
542 735 27
542 747 84
542 750 72
542 772 63
542 776 85
542 782 82
542 791 7
542 829 49
542 834 85
542 856 31
542 868 90
542 869 33
542 896 26
542 902 87
542 921 64
542 930 9
542 938 14
542 958 55
542 970 20
542 996 65
543 554 15
543 565 19
543 572 8
543 576 84
543 593 33
543 624 73
543 628 100
543 638 11
543 648 27
543 655 46
543 675 73
543 679 49
543 680 63
543 681 42
543 686 56
543 699 70
543 700 35
543 705 66
543 709 92
543 710 27
543 711 59
543 712 87
543 713 89
543 714 31
543 726 41
543 738 20
543 741 32
543 764 78
543 787 87
543 788 57
543 795 77
543 807 79
543 815 48
543 821 55
543 826 75
543 836 76
543 865 5
543 878 99
543 890 95
543 891 78
543 906 73
543 914 23
543 925 93
543 931 69
543 934 35
543 940 65
543 947 48
543 953 3
543 963 43
543 964 62
543 965 69
543 973 95
543 974 20
543 975 39
543 985 79
544 548 24
544 557 22
544 559 50
544 574 54
544 575 99
544 586 82
544 595 85
544 596 97
544 606 88
544 612 75
544 620 20
544 630 27
544 634 73
544 672 83
544 692 28
544 695 30
544 737 41
544 769 89
544 783 35
544 796 99
544 814 17
544 838 18
544 857 62
544 862 47
544 866 9
544 872 7
544 873 56
544 877 6
544 908 47
544 915 47
544 916 21
544 918 51
544 937 41
544 939 24
544 941 50
544 943 5
544 945 67
544 948 83
544 968 97
544 981 79
544 984 36
544 987 98
544 993 21
545 554 2
545 572 56
545 576 62
545 604 80
545 616 70
545 628 53
545 638 70
545 655 72
545 675 47
545 709 33
545 714 95
545 717 19
545 725 31
545 738 62
545 740 22
545 764 35
545 792 48
545 848 20
545 859 74
545 892 31
545 919 46
545 940 40
545 964 7
545 973 86
546 569 73
546 571 16
546 584 30
546 589 52
546 592 47
546 594 88
546 603 60
546 637 93
546 639 44
546 642 67
546 660 93
546 661 30
546 666 79
546 667 9
546 673 51
546 682 56
546 688 56
546 694 64
546 707 75
546 724 100
546 743 35
546 745 63
546 749 43
546 751 68
546 754 11
546 775 26
546 786 38
546 789 70
546 830 77
546 837 99
546 839 56
546 845 65
546 847 7
546 854 53
546 855 7
546 858 21
546 880 9
546 883 34
546 884 69
546 887 76
546 888 50
546 889 33
546 890 99
546 893 94
546 901 96
546 903 27
546 923 47
546 929 6
546 942 35
546 950 64
546 960 10
546 971 35
546 978 58
546 982 23
546 997 63
547 551 42
547 555 87
547 561 71
547 563 28
547 568 22
547 605 13
547 633 70
547 646 87
547 651 46
547 662 90
547 670 55
547 676 66
547 689 87
547 693 32
547 697 31
547 698 91
547 703 78
547 720 18
547 733 82
547 735 51
547 747 87
547 758 50
547 760 92
547 762 30
547 776 77
547 782 64
547 793 33
547 806 81
547 810 87
547 820 48
547 834 42
547 856 64
547 868 58
547 896 23
547 902 23
547 928 27
547 930 25
547 938 73
547 946 100
547 949 5
547 958 32
547 970 35
547 976 70
547 996 76
548 557 71
548 559 87
548 581 87
548 595 90
548 606 62
548 612 75
548 620 87
548 629 84
548 630 12
548 634 3
548 643 77
548 653 31
548 656 56
548 657 61
548 659 99
548 664 42
548 671 43
548 683 37
548 692 9
548 736 46
548 746 58
548 759 40
548 769 47
548 783 28
548 794 35
548 796 94
548 804 33
548 811 56
548 814 67
548 824 52
548 833 24
548 838 76
548 851 59
548 857 8
548 862 60
548 866 68
548 867 44
548 872 41
548 873 21
548 877 42
548 879 69
548 886 41
548 905 45
548 908 51
548 915 64
548 916 74
548 918 48
548 944 3
548 948 88
548 956 42
548 962 100
548 968 17
548 981 42
548 984 86
548 987 42
549 559 48
549 564 56
549 580 31
549 581 71
549 595 90
549 613 8
549 620 59
549 630 6
549 643 18
549 659 10
549 677 48
549 692 10
549 695 26
549 769 85
549 790 3
549 814 58
549 822 61
549 828 53
549 857 92
549 863 24
549 866 21
549 873 50
549 874 7
549 877 83
549 905 7
549 908 52
549 933 77
549 944 44
549 957 58
549 968 1
549 983 70
549 987 28
549 993 62
550 564 59
550 573 20
550 574 25
550 575 21
550 586 11
550 590 82
550 595 39
550 596 62
550 613 25
550 630 12
550 677 15
550 695 69
550 696 77
550 728 43
550 790 79
550 813 23
550 828 21
550 863 62
550 933 10
550 945 52
550 972 99
550 988 49
550 993 69
551 555 97
551 558 13
551 563 27
551 582 35
551 607 32
551 609 56
551 611 43
551 623 5
551 625 86
551 645 75
551 646 13
551 651 73
551 662 37
551 663 56
551 672 94
551 674 73
551 676 90
551 678 69
551 693 88
551 719 73
551 720 82
551 721 10
551 730 66
551 733 21
551 735 13
551 758 81
551 760 14
551 761 11
551 762 30
551 784 44
551 799 14
551 800 88
551 801 64
551 806 37
551 810 57
551 820 83
551 849 49
551 850 97
551 856 13
551 861 87
551 868 37
551 870 33
551 875 31
551 896 36
551 922 68
551 928 59
551 930 27
551 937 88
551 938 22
551 946 64
551 949 9
551 961 93
551 970 56
551 981 86
551 996 3
552 567 31
552 570 8
552 572 87
552 576 62
552 583 18
552 602 67
552 604 77
552 616 48
552 618 99
552 624 43
552 628 36
552 638 86
552 649 76
552 655 77
552 680 1
552 708 60
552 709 37
552 710 83
552 714 100
552 717 35
552 718 25
552 725 7
552 738 53
552 740 62
552 741 98
552 768 88
552 792 40
552 795 59
552 797 63
552 807 89
552 809 42
552 832 63
552 841 41
552 842 87
552 844 80
552 848 72
552 859 32
552 892 33
552 895 36
552 919 67
552 920 53
552 925 74
552 934 10
552 963 97
552 964 88
552 967 74
552 979 84
552 980 100
552 986 86
552 991 58
553 570 57
553 577 21
553 602 95
553 629 51
553 632 62
553 635 47
553 650 25
553 653 91
553 656 89
553 657 40
553 669 13
553 671 54
553 710 12
553 723 96
553 736 75
553 746 44
553 753 52
553 757 9
553 759 19
553 763 85
553 769 61
553 794 36
553 797 92
553 804 39
553 807 89
553 808 85
553 811 39
553 812 2
553 817 67
553 823 44
553 824 67
553 831 42
553 833 66
553 851 28
553 867 59
553 879 91
553 895 21
553 899 98
553 920 66
553 934 22
553 956 38
553 962 18
553 967 6
553 977 81
553 979 53
553 980 85
553 986 36
554 565 61
554 572 70
554 576 59
554 593 64
554 616 41
554 638 52
554 655 8
554 675 96
554 699 42
554 709 66
554 712 99
554 713 30
554 714 42
554 738 95
554 764 4
554 770 92
554 788 31
554 792 20
554 815 86
554 826 10
554 836 5
554 859 45
554 865 39
554 878 26
554 892 57
554 906 84
554 940 27
554 947 57
554 953 27
554 964 88
554 973 27
554 974 88
554 975 100
555 568 91
555 578 87
555 582 15
555 587 38
555 588 57
555 605 84
555 610 11
555 617 56
555 622 40
555 636 60
555 646 45
555 647 5
555 651 60
555 662 64
555 670 24
555 676 26
555 678 48
555 689 41
555 690 41
555 693 71
555 697 99
555 698 95
555 715 19
555 716 15
555 719 32
555 720 55
555 730 23
555 735 98
555 747 44
555 750 69
555 758 71
555 760 32
555 761 53
555 762 19
555 772 34
555 776 6
555 782 40
555 784 16
555 799 61
555 800 92
555 810 89
555 820 72
555 827 64
555 834 26
555 843 35
555 849 19
555 850 20
555 861 66
555 868 65
555 869 17
555 870 86
555 881 19
555 896 82
555 902 63
555 921 40
555 928 21
555 930 85
555 946 10
555 949 48
555 951 96
555 969 4
555 996 74
556 560 77
556 585 14
556 589 61
556 591 19
556 597 11
556 610 48
556 640 32
556 644 24
556 645 10
556 658 19
556 665 78
556 674 53
556 684 38
556 685 54
556 688 42
556 690 94
556 694 17
556 729 37
556 743 57
556 748 85
556 749 72
556 751 7
556 754 88
556 755 43
556 756 7
556 775 66
556 777 17
556 779 38
556 781 68
556 789 22
556 798 4
556 827 68
556 835 50
556 839 29
556 853 29
556 875 31
556 880 30
556 885 9
556 887 71
556 889 93
556 894 65
556 898 73
556 900 19
556 907 62
556 913 74
556 917 58
556 923 2
556 929 29
556 932 41
556 942 50
556 950 59
556 952 50
556 955 91
556 997 36
557 559 92
557 574 3
557 575 34
557 586 21
557 595 3
557 596 65
557 606 1
557 611 87
557 612 4
557 630 18
557 634 50
557 672 79
557 692 41
557 695 33
557 721 31
557 731 11
557 737 98
557 765 3
557 783 21
557 796 4
557 838 3
557 852 25
557 857 89
557 862 71
557 872 87
557 873 26
557 877 22
557 915 83
557 916 31
557 918 70
557 922 70
557 936 71
557 937 4
557 939 64
557 941 48
557 943 46
557 945 87
557 948 30
557 968 7
557 981 76
557 984 46
557 993 10
558 606 34
558 607 28
558 609 24
558 612 10
558 623 2
558 625 16
558 626 94
558 662 54
558 663 68
558 664 54
558 672 94
558 683 51
558 719 22
558 721 64
558 722 70
558 730 44
558 733 99
558 746 47
558 758 12
558 759 15
558 760 34
558 766 55
558 784 64
558 794 9
558 796 64
558 799 6
558 801 26
558 824 1
558 838 75
558 849 50
558 850 31
558 871 75
558 872 65
558 886 95
558 912 28
558 915 17
558 916 49
558 918 49
558 922 26
558 927 27
558 928 76
558 935 89
558 937 26
558 939 69
558 941 67
558 948 3
558 961 86
558 981 23
558 984 16
558 989 46
559 574 6
559 581 89
559 595 24
559 596 21
559 606 53
559 612 88
559 613 30
559 620 96
559 630 91
559 634 80
559 643 91
559 653 47
559 657 47
559 659 88
559 692 9
559 695 71
559 737 3
559 746 20
559 769 91
559 783 75
559 796 31
559 811 55
559 814 50
559 833 19
559 838 8
559 851 10
559 857 15
559 862 2
559 866 24
559 872 47
559 873 48
559 874 71
559 877 57
559 905 63
559 908 71
559 915 43
559 916 3
559 918 66
559 939 73
559 944 22
559 945 53
559 948 33
559 956 50
559 962 42
559 968 29
559 984 7
559 987 3
559 993 68
560 571 96
560 585 43
560 597 73
560 598 31
560 626 58
560 640 95
560 645 11
560 650 9
560 658 14
560 674 39
560 679 65
560 681 59
560 684 52
560 685 32
560 686 10
560 694 2
560 700 91
560 705 23
560 711 32
560 722 32
560 729 73
560 748 56
560 753 52
560 755 83
560 756 23
560 766 20
560 779 7
560 789 5
560 798 17
560 803 10
560 821 59
560 835 91
560 853 94
560 871 45
560 875 35
560 880 5
560 885 33
560 889 91
560 890 52
560 891 36
560 894 97
560 898 80
560 904 59
560 912 25
560 913 35
560 917 78
560 927 99
560 932 16
560 935 97
560 950 36
560 952 73
560 955 97
560 965 58
560 977 16
560 985 44
560 989 55
561 563 75
561 608 60
561 611 41
561 633 19
561 662 100
561 698 25
561 703 48
561 720 39
561 721 81
561 727 50
561 733 22
561 735 11
561 765 86
561 782 68
561 793 55
561 801 61
561 806 19
561 810 80
561 834 7
561 852 60
561 856 97
561 896 45
561 909 82
561 922 57
561 928 73
561 938 70
561 941 51
561 958 29
561 970 35
561 976 85
562 578 31
562 579 30
562 588 43
562 600 11
562 617 24
562 621 21
562 622 31
562 636 84
562 641 1
562 644 10
562 647 96
562 652 69
562 715 3
562 716 31
562 734 33
562 752 70
562 772 43
562 780 71
562 816 35
562 827 83
562 843 49
562 860 62
562 864 56
562 869 28
562 881 47
562 907 50
562 911 16
562 921 94
562 924 7
562 951 5
562 969 91
562 994 60
563 608 12
563 611 88
563 633 66
563 646 91
563 651 38
563 662 49
563 676 10
563 698 59
563 703 1
563 720 24
563 721 36
563 727 96
563 733 7
563 735 99
563 758 20
563 760 86
563 762 48
563 782 39
563 793 72
563 801 57
563 806 100
563 810 52
563 834 4
563 856 75
563 868 36
563 896 65
563 909 46
563 922 56
563 928 61
563 930 33
563 938 43
563 941 19
563 958 62
563 970 94
563 976 54
563 996 75
564 573 43
564 574 68
564 575 51
564 586 57
564 590 83
564 595 84
564 596 74
564 613 12
564 630 56
564 634 77
564 677 25
564 692 71
564 695 24
564 696 80
564 728 76
564 737 66
564 790 100
564 813 90
564 828 51
564 863 43
564 933 39
564 943 54
564 945 64
564 968 63
564 972 42
564 988 100
564 993 100
565 571 28
565 593 83
565 614 79
565 628 100
565 638 45
565 642 8
565 648 53
565 661 48
565 675 80
565 680 24
565 681 50
565 686 43
565 699 57
565 700 42
565 705 1
565 711 95
565 712 12
565 713 4
565 726 26
565 738 16
565 764 35
565 770 57
565 787 26
565 788 83
565 795 64
565 815 32
565 821 86
565 826 76
565 836 20
565 865 77
565 878 84
565 888 79
565 890 67
565 891 55
565 898 44
565 901 53
565 906 79
565 914 27
565 931 96
565 940 19
565 947 56
565 953 6
565 955 69
565 963 66
565 965 85
565 973 34
565 974 48
565 975 41
565 995 9
566 569 10
566 594 82
566 599 43
566 603 71
566 619 94
566 642 31
566 660 7
566 682 33
566 701 34
566 702 82
566 706 32
566 707 24
566 732 30
566 739 78
566 744 39
566 773 30
566 778 49
566 802 44
566 818 85
566 819 98
566 837 50
566 883 18
566 888 18
566 897 97
566 901 66
566 903 100
566 990 7
566 992 60
566 995 91
567 570 90
567 572 49
567 583 72
567 601 43
567 602 91
567 604 99
567 615 14
567 618 11
567 631 25
567 635 46
567 649 92
567 654 4
567 669 49
567 704 39
567 708 42
567 717 33
567 718 85
567 725 30
567 740 99
567 741 61
567 742 29
567 757 84
567 768 88
567 797 29
567 805 80
567 809 46
567 825 93
567 831 76
567 832 17
567 840 56
567 841 96
567 842 17
567 844 44
567 846 66
567 848 22
567 882 54
567 895 15
567 910 10
567 919 7
567 925 59
567 959 89
567 979 76
567 980 29
567 986 2
567 991 5
567 998 12
567 999 76
568 578 20
568 587 28
568 605 70
568 617 56
568 646 27
568 647 52
568 651 96
568 652 80
568 670 44
568 676 91
568 687 95
568 689 8
568 693 8
568 697 31
568 698 18
568 715 49
568 716 74
568 720 60
568 747 3
568 750 68
568 758 95
568 762 10
568 772 67
568 776 100
568 782 57
568 791 5
568 810 13
568 820 72
568 829 8
568 834 100
568 843 38
568 861 63
568 868 40
568 869 72
568 881 19
568 896 75
568 902 41
568 921 99
568 930 51
568 946 78
568 949 49
568 958 63
568 969 61
568 996 83
569 571 24
569 584 89
569 592 61
569 594 29
569 599 39
569 603 70
569 614 90
569 637 24
569 639 77
569 642 91
569 660 36
569 661 49
569 673 24
569 682 33
569 688 48
569 694 13
569 701 46
569 702 89
569 707 5
569 724 97
569 726 52
569 732 2
569 739 43
569 743 3
569 744 7
569 745 5
569 749 65
569 775 39
569 778 63
569 786 69
569 789 6
569 818 82
569 830 74
569 837 51
569 839 95
569 854 9
569 858 80
569 880 40
569 883 64
569 884 17
569 888 21
569 890 38
569 893 68
569 897 25
569 898 65
569 901 71
569 903 57
569 914 38
569 931 33
569 971 35
569 978 68
569 982 5
569 990 74
569 992 16
569 995 31
570 577 99
570 602 42
570 624 75
570 629 50
570 631 99
570 632 72
570 635 28
570 649 76
570 654 8
570 656 29
570 669 21
570 671 91
570 704 8
570 708 87
570 710 33
570 718 47
570 723 55
570 736 21
570 741 45
570 757 27
570 763 12
570 768 53
570 774 53
570 797 7
570 807 88
570 808 10
570 809 51
570 812 82
570 817 26
570 823 52
570 831 25
570 840 75
570 841 55
570 844 83
570 851 74
570 867 54
570 879 100
570 882 28
570 895 54
570 899 7
570 919 11
570 920 24
570 925 51
570 934 5
570 967 48
570 979 88
570 980 41
570 986 71
570 991 23
571 584 61
571 592 17
571 597 35
571 603 3
571 614 4
571 637 27
571 640 27
571 642 68
571 648 97
571 660 98
571 661 85
571 673 21
571 681 71
571 686 65
571 688 22
571 694 40
571 700 68
571 705 71
571 711 46
571 712 60
571 713 8
571 726 46
571 743 77
571 749 4
571 775 64
571 779 74
571 787 5
571 788 74
571 789 36
571 798 25
571 821 63
571 826 60
571 835 30
571 836 29
571 839 56
571 858 60
571 865 14
571 880 26
571 884 14
571 888 74
571 889 62
571 890 26
571 893 57
571 898 9
571 901 84
571 906 58
571 914 60
571 931 56
571 932 80
571 947 65
571 950 56
571 953 64
571 955 72
571 965 9
571 971 67
571 978 100
571 985 85
571 995 86
572 576 49
572 602 69
572 604 57
572 616 63
572 618 56
572 624 54
572 628 34
572 638 76
572 655 17
572 675 49
572 680 47
572 708 33
572 709 54
572 710 85
572 713 86
572 714 22
572 717 12
572 718 19
572 725 76
572 738 36
572 740 3
572 741 54
572 764 97
572 792 83
572 795 32
572 807 43
572 809 32
572 836 30
572 848 55
572 859 69
572 892 85
572 895 44
572 919 77
572 920 19
572 925 18
572 934 42
572 963 98
572 964 50
572 973 15
573 574 13
573 575 65
573 586 74
573 590 53
573 595 3
573 596 82
573 613 73
573 630 42
573 677 76
573 695 25
573 696 54
573 728 86
573 737 90
573 790 100
573 813 48
573 863 43
573 933 86
573 936 3
573 943 2
573 945 65
573 972 63
573 988 74
573 993 72
574 575 40
574 586 87
574 590 41
574 595 62
574 596 84
574 612 87
574 613 56
574 630 99
574 634 71
574 677 64
574 692 93
574 695 24
574 728 83
574 731 61
574 737 33
574 783 14
574 790 87
574 813 83
574 814 28
574 828 65
574 838 59
574 857 30
574 862 19
574 863 65
574 873 100
574 877 76
574 916 77
574 933 46
574 936 21
574 943 1
574 945 68
574 968 34
574 972 1
574 988 78
574 993 58
575 586 46
575 590 83
575 595 89
575 596 65
575 613 9
575 630 96
575 634 97
575 677 17
575 692 17
575 695 51
575 696 25
575 728 65
575 731 67
575 737 21
575 783 15
575 790 67
575 813 18
575 828 61
575 862 36
575 863 26
575 877 95
575 933 77
575 936 82
575 943 89
575 945 83
575 968 51
575 972 55
575 988 15
575 993 60
576 602 5
576 604 43
576 616 3
576 624 59
576 628 49
576 638 82
576 655 71
576 675 28
576 680 63
576 708 79
576 709 41
576 710 72
576 713 89
576 714 69
576 717 75
576 718 90
576 725 17
576 738 35
576 740 24
576 741 14
576 764 84
576 792 7
576 795 67
576 807 79
576 809 32
576 836 80
576 848 5
576 859 66
576 892 16
576 895 60
576 919 97
576 920 37
576 925 4
576 934 9
576 963 8
576 964 59
576 973 55
577 602 10
577 629 71
577 631 26
577 632 49
577 635 71
577 653 83
577 656 15
577 657 74
577 669 32
577 671 14
577 704 76
577 708 84
577 710 58
577 723 46
577 736 51
577 753 37
577 757 56
577 763 76
577 797 25
577 804 55
577 807 26
577 808 9
577 809 36
577 811 29
577 812 21
577 817 84
577 823 41
577 831 56
577 833 28
577 841 79
577 844 16
577 851 27
577 867 76
577 879 26
577 895 56
577 899 45
577 920 81
577 925 10
577 934 46
577 956 34
577 962 27
577 967 17
577 979 14
577 980 71
577 986 26
578 582 47
578 587 25
578 588 31
578 591 51
578 600 33
578 605 49
578 610 15
578 617 29
578 621 31
578 622 87
578 636 17
578 641 95
578 644 9
578 646 53
578 647 96
578 652 45
578 689 3
578 690 40
578 693 41
578 715 45
578 716 69
578 734 63
578 747 33
578 750 65
578 752 23
578 761 60
578 772 32
578 777 66
578 780 38
578 800 7
578 816 20
578 820 21
578 827 87
578 843 53
578 860 15
578 861 66
578 864 56
578 868 5
578 869 82
578 881 100
578 900 58
578 902 18
578 907 27
578 911 35
578 921 58
578 924 4
578 946 5
578 951 87
578 969 9
578 994 47
579 588 43
579 589 10
579 591 49
579 600 20
579 621 42
579 622 80
579 636 1
579 641 62
579 644 59
579 665 5
579 666 74
579 667 40
579 690 94
579 734 36
579 751 51
579 752 12
579 754 8
579 777 44
579 780 57
579 781 79
579 785 68
579 816 5
579 827 1
579 845 83
579 847 11
579 855 59
579 860 4
579 864 55
579 887 70
579 900 79
579 907 1
579 911 7
579 923 95
579 924 63
579 929 37
579 942 37
579 951 23
579 960 26
579 994 83
579 997 62
580 581 67
580 613 55
580 620 14
580 627 77
580 643 30
580 659 24
580 692 59
580 763 95
580 767 72
580 814 40
580 822 10
580 828 57
580 863 69
580 866 36
580 873 16
580 874 37
580 877 47
580 905 99
580 908 94
580 944 2
580 954 66
580 957 68
580 983 65
580 987 12
581 620 14
581 627 97
581 629 77
581 630 51
581 643 63
581 653 21
581 656 78
581 657 85
581 659 55
581 671 83
581 692 30
581 723 74
581 736 72
581 763 56
581 767 10
581 769 35
581 808 66
581 811 16
581 814 47
581 822 69
581 833 73
581 851 85
581 857 93
581 862 22
581 866 3
581 873 80
581 874 39
581 877 23
581 879 60
581 905 32
581 908 69
581 915 76
581 918 97
581 944 79
581 956 23
581 957 55
581 962 29
581 968 96
581 983 36
581 984 34
581 987 93
582 585 52
582 588 69
582 591 97
582 607 71
582 609 93
582 610 38
582 623 19
582 636 51
582 645 99
582 646 36
582 651 47
582 658 82
582 662 36
582 663 15
582 665 86
582 674 50
582 676 5
582 678 41
582 690 47
582 693 29
582 719 80
582 722 75
582 730 56
582 747 40
582 748 71
582 758 24
582 760 56
582 761 31
582 762 9
582 772 6
582 784 45
582 799 97
582 800 78
582 810 29
582 820 84
582 827 35
582 843 15
582 849 53
582 850 13
582 861 18
582 868 5
582 870 10
582 875 9
582 885 38
582 896 10
582 900 71
582 902 48
582 913 18
582 917 1
582 921 29
582 928 4
582 930 60
582 946 5
582 949 33
582 961 57
582 969 1
582 996 23
583 601 45
583 602 58
583 604 60
583 615 45
583 618 22
583 649 2
583 654 66
583 691 27
583 704 24
583 708 77
583 717 75
583 718 40
583 725 15
583 740 27
583 768 27
583 805 43
583 809 24
583 825 98
583 832 69
583 840 81
583 841 20
583 842 33
583 844 61
583 846 86
583 848 16
583 876 40
583 882 35
583 895 72
583 910 26
583 919 90
583 959 5
583 991 40
583 998 88
583 999 29
584 592 11
584 594 20
584 603 82
584 637 80
584 639 33
584 642 36
584 660 91
584 661 87
584 666 57
584 667 70
584 673 82
584 682 87
584 688 23
584 694 98
584 707 31
584 724 4
584 743 41
584 745 12
584 749 92
584 751 89
584 754 59
584 775 72
584 786 45
584 789 38
584 830 71
584 837 9
584 839 4
584 845 48
584 847 42
584 854 9
584 855 48
584 858 34
584 880 64
584 883 33
584 884 57
584 887 64
584 888 44
584 889 94
584 890 46
584 893 65
584 898 47
584 901 67
584 903 52
584 923 91
584 929 40
584 942 21
584 950 92
584 960 53
584 971 84
584 978 42
584 982 66
584 997 56
585 589 62
585 591 55
585 597 59
585 607 37
585 610 44
585 626 76
585 636 41
585 640 85
585 644 80
585 645 71
585 658 19
585 663 99
585 665 5
585 674 92
585 678 14
585 684 30
585 685 61
585 690 74
585 694 17
585 719 11
585 722 73
585 729 80
585 730 49
585 748 64
585 751 57
585 755 51
585 756 12
585 761 24
585 766 28
585 777 81
585 779 49
585 781 9
585 784 43
585 798 92
585 799 75
585 800 50
585 803 52
585 827 93
585 835 30
585 853 65
585 870 43
585 875 87
585 885 82
585 887 33
585 889 79
585 894 81
585 900 47
585 907 58
585 913 65
585 917 82
585 923 16
585 932 63
585 935 23
585 942 95
585 950 69
585 952 38
585 961 7
585 989 76
585 997 47
586 590 19
586 595 81
586 596 8
586 630 93
586 634 31
586 677 70
586 695 8
586 728 4
586 731 1
586 737 49
586 765 54
586 783 52
586 790 87
586 813 48
586 838 54
586 852 57
586 862 10
586 933 91
586 936 77
586 943 44
586 945 64
586 972 36
586 988 56
586 993 92
587 605 53
587 617 91
587 646 14
587 647 29
587 652 25
587 670 68
587 687 97
587 689 76
587 697 34
587 698 5
587 715 96
587 716 58
587 747 49
587 750 86
587 772 86
587 776 86
587 782 13
587 791 16
587 829 7
587 868 70
587 869 25
587 881 45
587 902 47
587 921 42
587 930 1
587 969 83
588 591 44
588 600 63
588 605 87
588 610 18
588 617 19
588 621 51
588 622 77
588 636 3
588 641 46
588 644 82
588 647 31
588 652 70
588 665 16
588 690 56
588 693 37
588 715 52
588 716 50
588 734 96
588 747 14
588 750 20
588 752 46
588 761 96
588 772 62
588 777 6
588 780 7
588 781 8
588 800 55
588 816 59
588 820 90
588 827 89
588 843 35
588 860 73
588 861 83
588 864 74
588 869 35
588 881 3
588 900 31
588 902 95
588 907 29
588 911 55
588 921 68
588 924 94
588 946 43
588 951 60
588 969 7
588 994 43
589 591 73
589 610 24
589 622 59
589 636 70
589 644 77
589 645 96
589 665 60
589 666 42
589 667 66
589 684 86
589 685 23
589 688 86
589 690 99
589 694 17
589 729 19
589 734 74
589 743 8
589 748 9
589 751 56
589 754 99
589 755 98
589 756 40
589 775 84
589 777 27
589 780 65
589 781 66
589 785 65
589 786 6
589 816 91
589 827 94
589 845 3
589 847 65
589 855 17
589 860 66
589 864 10
589 880 41
589 887 30
589 889 42
589 894 45
589 900 56
589 907 14
589 911 10
589 913 67
589 917 8
589 923 79
589 924 37
589 929 78
589 942 58
589 950 29
589 951 16
589 960 42
589 982 22
589 994 53
589 997 84
590 595 28
590 596 5
590 613 47
590 677 51
590 695 46
590 696 7
590 728 83
590 790 84
590 813 24
590 828 92
590 863 15
590 933 8
590 972 50
590 988 13
590 993 49
591 610 7
591 622 28
591 636 75
591 644 18
591 645 16
591 658 81
591 665 64
591 666 70
591 674 11
591 678 43
591 684 6
591 685 40
591 690 74
591 693 91
591 694 65
591 719 27
591 729 48
591 734 63
591 748 1
591 751 85
591 752 59
591 755 24
591 756 59
591 761 79
591 777 28
591 780 66
591 781 21
591 784 96
591 785 93
591 799 85
591 800 37
591 816 38
591 827 88
591 843 94
591 860 95
591 861 12
591 864 88
591 870 2
591 875 65
591 887 83
591 894 13
591 900 31
591 907 70
591 911 12
591 913 47
591 917 69
591 923 31
591 924 29
591 929 97
591 942 67
591 946 87
591 950 48
591 951 47
591 960 30
591 994 23
591 997 82
592 594 62
592 603 81
592 637 15
592 639 38
592 642 20
592 660 59
592 661 67
592 667 75
592 673 87
592 682 82
592 688 42
592 694 50
592 701 68
592 707 79
592 724 28
592 726 52
592 743 6
592 745 53
592 749 8
592 751 12
592 754 71
592 775 89
592 786 42
592 789 96
592 830 95
592 837 91
592 839 73
592 845 66
592 854 67
592 855 63
592 858 75
592 880 92
592 883 48
592 884 52
592 887 72
592 888 47
592 889 12
592 890 29
592 893 51
592 898 33
592 901 2
592 903 53
592 923 29
592 929 66
592 942 9
592 950 42
592 971 88
592 978 20
592 982 78
593 614 38
593 619 79
593 638 34
593 648 25
593 661 31
593 675 16
593 681 24
593 699 68
593 711 37
593 712 70
593 713 83
593 714 57
593 726 95
593 738 91
593 764 40
593 770 12
593 778 69
593 787 11
593 788 17
593 802 40
593 815 93
593 826 6
593 836 29
593 865 63
593 878 14
593 888 81
593 901 83
593 906 89
593 914 85
593 931 76
593 940 77
593 947 62
593 953 70
593 973 66
593 974 83
593 975 82
593 995 5
594 599 34
594 603 58
594 637 81
594 639 79
594 642 60
594 660 85
594 673 15
594 682 9
594 701 61
594 702 1
594 706 74
594 707 9
594 724 52
594 732 10
594 739 14
594 743 86
594 744 1
594 745 60
594 749 93
594 773 4
594 778 90
594 786 35
594 818 79
594 819 20
594 830 19
594 837 85
594 839 41
594 854 37
594 858 27
594 883 20
594 884 87
594 888 80
594 893 42
594 897 70
594 901 57
594 903 10
594 971 30
594 978 64
594 982 10
594 990 21
594 992 7
595 596 62
595 613 91
595 620 42
595 630 56
595 634 13
595 643 87
595 659 36
595 677 19
595 692 85
595 695 22
595 728 96
595 737 25
595 783 62
595 790 21
595 813 33
595 814 94
595 828 26
595 857 36
595 862 96
595 863 4
595 866 77
595 873 61
595 874 10
595 877 31
595 908 83
595 915 64
595 916 57
595 933 9
595 943 27
595 944 30
595 945 65
595 968 25
595 972 84
595 987 2
595 988 81
595 993 13
596 612 39
596 613 76
596 630 62
596 634 27
596 677 7
596 692 96
596 695 42
596 728 71
596 731 56
596 737 38
596 765 65
596 783 58
596 790 90
596 813 37
596 838 42
596 852 50
596 862 76
596 877 39
596 916 20
596 933 55
596 936 27
596 943 70
596 945 91
596 968 28
596 972 24
596 988 43
596 993 60
597 598 39
597 626 95
597 640 79
597 645 24
597 650 74
597 658 13
597 674 52
597 679 48
597 681 17
597 684 46
597 685 100
597 686 85
597 694 92
597 700 64
597 705 92
597 711 58
597 722 46
597 729 30
597 748 49
597 753 17
597 755 15
597 756 42
597 766 16
597 779 51
597 789 84
597 798 70
597 803 67
597 821 45
597 835 19
597 853 11
597 871 4
597 875 66
597 880 40
597 885 60
597 889 77
597 890 81
597 891 94
597 894 57
597 898 79
597 904 39
597 912 39
597 913 1
597 917 7
597 927 94
597 932 3
597 935 99
597 950 53
597 952 80
597 955 65
597 965 84
597 977 46
597 985 99
597 989 52
598 626 18
598 629 3
598 632 27
598 640 85
598 650 96
598 658 48
598 679 8
598 680 69
598 681 49
598 683 84
598 685 27
598 686 54
598 700 28
598 705 47
598 711 79
598 722 38
598 729 59
598 748 31
598 753 30
598 755 55
598 756 39
598 759 97
598 766 38
598 779 58
598 794 50
598 798 36
598 803 84
598 804 49
598 807 16
598 812 54
598 817 7
598 821 22
598 824 69
598 835 97
598 853 24
598 867 75
598 871 100
598 875 58
598 885 88
598 891 20
598 894 82
598 904 46
598 912 19
598 927 16
598 932 44
598 935 34
598 952 86
598 955 22
598 965 72
598 977 63
598 985 25
598 989 62
599 614 73
599 619 45
599 642 58
599 660 82
599 701 87
599 702 36
599 706 2
599 707 8
599 732 5
599 739 29
599 744 97
599 770 48
599 773 64
599 778 54
599 802 22
599 818 43
599 819 68
599 837 46
599 883 99
599 888 21
599 897 15
599 901 14
599 903 34
599 990 63
599 992 7
599 995 25
600 617 96
600 621 86
600 622 21
600 636 12
600 641 76
600 644 71
600 647 41
600 666 41
600 734 73
600 752 78
600 777 18
600 780 8
600 785 18
600 816 73
600 827 86
600 843 19
600 860 12
600 864 40
600 881 15
600 907 67
600 911 17
600 924 5
600 951 52
600 960 21
600 969 88
600 994 7
601 615 2
601 618 78
601 631 60
601 649 43
601 654 28
601 668 12
601 669 9
601 691 17
601 704 50
601 708 12
601 718 64
601 725 74
601 742 15
601 768 32
601 805 51
601 809 33
601 825 40
601 832 36
601 840 19
601 841 52
601 842 91
601 844 44
601 846 27
601 848 21
601 876 47
601 882 7
601 910 5
601 919 55
601 959 16
601 966 78
601 991 97
601 998 28
601 999 70
602 624 64
602 628 50
602 631 62
602 632 4
602 635 81
602 649 46
602 669 40
602 680 76
602 704 39
602 708 74
602 710 76
602 718 35
602 723 76
602 725 33
602 740 54
602 741 27
602 753 68
602 757 49
602 768 46
602 795 49
602 797 42
602 807 91
602 808 34
602 809 47
602 812 27
602 817 16
602 823 25
602 831 24
602 841 17
602 844 32
602 882 56
602 895 45
602 899 100
602 919 32
602 920 58
602 925 90
602 934 6
602 963 18
602 967 81
602 979 70
602 980 92
602 986 71
602 991 68
603 614 18
603 637 58
603 639 3
603 642 44
603 660 79
603 661 51
603 673 7
603 682 97
603 688 96
603 701 75
603 702 67
603 707 25
603 724 15
603 732 82
603 743 90
603 744 70
603 745 29
603 749 100
603 754 47
603 775 83
603 778 36
603 786 26
603 789 78
603 830 21
603 837 19
603 839 92
603 845 38
603 854 47
603 858 48
603 880 46
603 883 7
603 884 99
603 888 62
603 893 23
603 897 92
603 901 22
603 903 89
603 971 94
603 978 38
603 982 61
603 992 34
603 995 100
604 616 82
604 618 33
604 655 64
604 691 70
604 708 18
604 709 14
604 714 87
604 717 57
604 718 85
604 725 6
604 740 94
604 768 70
604 792 89
604 832 37
604 842 26
604 846 91
604 848 14
604 859 37
604 876 67
604 892 16
604 919 92
604 964 85
604 999 54
605 617 38
605 621 90
605 622 50
605 636 94
605 646 73
605 647 23
605 651 87
605 652 26
605 670 38
605 676 83
605 687 40
605 689 97
605 693 81
605 697 77
605 698 60
605 715 22
605 716 41
605 720 84
605 747 54
605 750 14
605 752 48
605 772 58
605 776 79
605 782 66
605 791 84
605 820 22
605 829 27
605 834 33
605 843 31
605 861 45
605 868 86
605 869 61
605 881 43
605 902 50
605 921 95
605 930 87
605 946 59
605 951 94
605 969 23
605 996 51
606 607 74
606 609 62
606 611 17
606 612 96
606 623 86
606 625 34
606 634 71
606 662 33
606 664 37
606 672 29
606 683 29
606 721 21
606 727 4
606 733 80
606 746 96
606 759 17
606 783 83
606 794 73
606 796 35
606 801 33
606 806 46
606 824 73
606 838 7
606 849 65
606 850 81
606 862 11
606 872 27
606 886 31
606 915 27
606 916 58
606 918 25
606 922 50
606 927 11
606 937 72
606 939 56
606 941 70
606 948 31
606 961 56
606 981 8
606 984 69
607 609 89
607 610 6
607 623 45
607 625 78
607 626 63
607 645 95
607 658 92
607 662 73
607 663 16
607 664 1
607 672 53
607 674 62
607 678 77
607 683 57
607 685 94
607 693 54
607 719 66
607 721 8
607 722 81
607 730 23
607 746 34
607 748 49
607 756 58
607 758 63
607 759 76
607 760 73
607 761 61
607 762 60
607 766 72
607 784 52
607 796 17
607 799 31
607 800 3
607 810 33
607 820 78
607 849 26
607 850 70
607 853 89
607 870 62
607 871 62
607 872 70
607 875 44
607 885 34
607 886 96
607 894 92
607 904 71
607 912 99
607 913 71
607 927 74
607 928 32
607 935 58
607 937 8
607 946 50
607 949 71
607 952 23
607 961 22
607 981 96
607 989 47
608 611 8
608 612 76
608 633 10
608 672 67
608 703 27
608 721 100
608 727 43
608 731 40
608 733 65
608 735 83
608 737 59
608 765 76
608 783 26
608 793 35
608 801 8
608 806 42
608 838 48
608 852 19
608 856 15
608 909 87
608 922 52
608 936 25
608 937 48
608 938 97
608 939 34
608 941 27
608 943 15
608 970 69
608 976 35
609 611 53
609 612 67
609 623 17
609 625 38
609 651 26
609 662 19
609 663 87
609 664 91
609 672 69
609 678 90
609 683 47
609 719 20
609 721 78
609 722 31
609 727 52
609 730 67
609 733 72
609 735 51
609 746 90
609 758 77
609 759 27
609 760 11
609 762 9
609 784 54
609 796 88
609 799 19
609 801 88
609 806 93
609 810 96
609 838 78
609 849 65
609 850 32
609 870 63
609 872 56
609 886 79
609 896 53
609 922 74
609 927 87
609 928 88
609 935 24
609 937 22
609 939 36
609 941 71
609 946 81
609 948 95
609 949 8
609 961 59
609 970 41
609 981 57
609 984 39
610 622 67
610 636 34
610 644 42
610 645 67
610 658 21
610 663 57
610 665 43
610 674 13
610 678 18
610 684 96
610 685 55
610 690 80
610 693 40
610 719 38
610 729 24
610 730 24
610 734 11
610 748 67
610 751 85
610 752 31
610 755 31
610 756 87
610 758 2
610 761 100
610 762 92
610 777 29
610 781 94
610 784 96
610 799 56
610 800 26
610 820 38
610 827 32
610 843 85
610 849 6
610 850 76
610 860 5
610 861 84
610 864 80
610 870 6
610 875 13
610 881 86
610 885 61
610 887 33
610 894 91
610 900 15
610 907 75
610 911 76
610 913 94
610 917 99
610 921 10
610 923 37
610 924 18
610 942 37
610 946 33
610 949 71
610 951 14
610 969 10
610 994 7
610 997 73
611 612 9
611 623 11
611 633 7
611 662 63
611 672 91
611 703 38
611 721 41
611 727 72
611 731 23
611 733 18
611 735 18
611 737 51
611 760 65
611 765 4
611 783 26
611 793 15
611 796 58
611 801 92
611 806 6
611 810 18
611 838 21
611 852 73
611 856 36
611 896 99
611 909 68
611 922 49
611 928 19
611 937 44
611 938 67
611 939 59
611 941 88
611 943 45
611 970 56
611 976 62
611 981 29
612 623 51
612 625 75
612 630 4
612 634 87
612 664 3
612 672 48
612 683 19
612 721 71
612 727 29
612 733 59
612 737 61
612 746 31
612 765 15
612 783 36
612 796 33
612 801 60
612 806 22
612 838 99
612 852 67
612 857 14
612 862 69
612 872 15
612 886 88
612 915 73
612 916 2
612 918 50
612 922 65
612 937 37
612 939 44
612 941 29
612 943 34
612 945 64
612 948 46
612 968 76
612 981 62
612 984 36
613 620 43
613 630 76
613 634 47
613 643 30
613 659 14
613 677 42
613 692 85
613 695 87
613 696 55
613 790 25
613 814 35
613 822 81
613 828 11
613 857 95
613 863 83
613 866 61
613 873 80
613 874 31
613 877 17
613 908 41
613 933 42
613 944 51
613 945 52
613 957 97
613 968 70
613 987 98
613 993 48
614 619 50
614 637 61
614 642 97
614 648 66
614 660 96
614 661 89
614 673 7
614 675 15
614 681 40
614 688 97
614 699 81
614 702 24
614 705 45
614 711 70
614 712 19
614 713 23
614 726 92
614 732 85
614 739 68
614 744 42
614 749 74
614 770 57
614 773 90
614 778 62
614 787 55
614 788 48
614 789 35
614 802 37
614 815 25
614 818 99
614 826 3
614 836 17
614 839 58
614 858 96
614 865 3
614 878 85
614 880 51
614 888 33
614 890 66
614 893 73
614 897 51
614 898 65
614 901 65
614 906 32
614 914 85
614 931 37
614 947 47
614 953 57
614 955 88
614 965 61
614 971 48
614 974 72
614 975 82
614 978 72
614 990 76
614 995 32
615 618 38
615 631 46
615 649 45
615 654 1
615 668 84
615 691 59
615 704 1
615 718 90
615 725 1
615 742 70
615 768 60
615 805 34
615 825 30
615 832 1
615 840 91
615 841 60
615 842 61
615 844 1
615 846 48
615 848 50
615 876 73
615 882 33
615 910 33
615 959 33
615 966 87
615 991 26
615 998 96
615 999 100
616 618 88
616 628 68
616 638 46
616 655 42
616 708 20
616 709 74
616 714 83
616 717 25
616 725 31
616 738 94
616 740 48
616 741 44
616 792 14
616 848 54
616 859 26
616 892 76
616 919 11
616 964 98
616 973 44
617 621 94
617 622 52
617 636 96
617 641 47
617 646 7
617 647 34
617 652 85
617 670 99
617 687 52
617 689 18
617 693 64
617 697 63
617 715 13
617 716 35
617 747 98
617 750 15
617 752 68
617 772 35
617 776 74
617 791 65
617 820 1
617 829 18
617 843 89
617 861 57
617 868 19
617 869 69
617 881 85
617 902 66
617 911 45
617 921 29
617 951 33
617 969 29
618 649 29
618 691 26
618 708 68
618 717 15
618 718 62
618 725 46
618 740 36
618 768 6
618 805 92
618 809 40
618 825 68
618 832 13
618 840 38
618 841 23
618 842 60
618 844 74
618 846 93
618 848 6
618 876 32
618 882 81
618 892 61
618 895 72
618 910 94
618 919 58
618 991 54
618 999 28
619 642 60
619 660 3
619 699 18
619 702 12
619 732 59
619 739 63
619 744 76
619 770 92
619 773 66
619 778 92
619 802 72
619 815 75
619 818 76
619 819 25
619 878 71
619 888 29
619 897 57
619 901 45
619 914 88
619 940 38
619 953 53
619 974 79
619 975 71
619 990 1
619 992 29
619 995 97
620 630 76
620 634 84
620 643 69
620 653 59
620 656 99
620 659 59
620 692 49
620 695 52
620 767 97
620 769 17
620 790 62
620 811 19
620 814 68
620 822 46
620 828 1
620 833 93
620 857 30
620 862 22
620 863 78
620 866 16
620 873 52
620 874 77
620 877 13
620 905 96
620 908 66
620 915 59
620 916 63
620 918 7
620 933 99
620 944 73
620 957 22
620 962 42
620 968 49
620 983 33
620 987 71
620 993 14
621 622 41
621 636 69
621 641 91
621 644 20
621 647 79
621 652 57
621 715 36
621 716 40
621 734 7
621 750 24
621 752 50
621 772 38
621 777 25
621 780 18
621 816 77
621 827 49
621 843 33
621 860 32
621 861 82
621 864 35
621 869 68
621 881 56
621 902 15
621 907 33
621 911 41
621 921 36
621 924 85
621 951 60
621 969 63
621 994 76
622 636 5
622 641 21
622 644 16
622 647 47
622 665 35
622 690 99
622 693 55
622 715 46
622 716 61
622 734 34
622 747 51
622 750 54
622 752 28
622 761 27
622 772 61
622 777 46
622 780 29
622 781 14
622 800 35
622 816 5
622 820 44
622 827 4
622 843 80
622 860 21
622 861 38
622 864 64
622 869 85
622 881 71
622 900 79
622 902 75
622 907 45
622 911 25
622 921 82
622 924 98
622 951 14
622 969 76
622 994 65
622 997 51
623 625 39
623 645 72
623 651 53
623 658 56
623 662 32
623 663 27
623 664 90
623 672 25
623 674 35
623 676 75
623 678 61
623 683 48
623 693 61
623 719 30
623 721 26
623 722 72
623 727 83
623 730 26
623 733 6
623 735 6
623 758 71
623 760 82
623 761 33
623 762 74
623 766 75
623 784 69
623 796 36
623 799 50
623 800 47
623 801 33
623 806 82
623 810 11
623 820 46
623 849 7
623 850 2
623 870 4
623 872 78
623 875 2
623 886 20
623 896 93
623 922 82
623 927 78
623 928 29
623 935 28
623 937 41
623 938 94
623 939 4
623 941 2
623 946 69
623 949 48
623 961 25
623 970 26
623 981 20
623 996 10
624 628 9
624 632 93
624 638 76
624 648 14
624 655 82
624 675 10
624 679 81
624 680 16
624 686 62
624 705 80
624 708 40
624 709 43
624 710 51
624 711 73
624 713 36
624 714 72
624 718 4
624 738 85
624 740 69
624 741 17
624 753 76
624 764 97
624 795 32
624 797 91
624 807 75
624 809 61
624 817 6
624 823 21
624 836 98
624 891 4
624 892 44
624 895 14
624 899 60
624 906 17
624 919 68
624 920 71
624 925 60
624 934 44
624 963 42
624 964 31
624 967 81
624 973 18
624 979 59
624 980 42
624 985 52
624 986 23
625 626 41
625 658 24
625 662 48
625 663 8
625 664 61
625 672 25
625 683 41
625 719 91
625 721 74
625 722 95
625 730 43
625 733 54
625 746 40
625 758 11
625 759 24
625 760 3
625 766 49
625 784 21
625 794 89
625 796 26
625 799 13
625 801 72
625 824 26
625 838 92
625 849 49
625 850 37
625 871 22
625 872 35
625 886 26
625 912 81
625 915 34
625 916 76
625 918 13
625 922 4
625 927 15
625 928 50
625 935 77
625 937 78
625 939 32
625 941 89
625 948 29
625 961 61
625 981 31
625 984 42
625 989 23
626 629 15
626 640 42
626 645 19
626 650 87
626 658 58
626 663 6
626 664 13
626 674 78
626 678 71
626 679 39
626 683 96
626 684 80
626 685 28
626 700 77
626 722 35
626 729 70
626 746 21
626 748 31
626 753 60
626 755 44
626 756 30
626 759 41
626 766 8
626 779 38
626 794 43
626 798 61
626 799 75
626 803 93
626 804 22
626 824 19
626 835 47
626 853 14
626 867 12
626 871 72
626 872 11
626 875 44
626 885 16
626 886 59
626 891 82
626 894 87
626 904 62
626 912 30
626 913 7
626 927 24
626 932 62
626 935 96
626 952 38
626 961 14
626 977 31
626 985 91
626 989 31
627 631 3
627 635 86
627 654 22
627 656 82
627 659 99
627 668 98
627 669 86
627 704 83
627 723 5
627 736 71
627 742 39
627 757 10
627 763 78
627 767 70
627 771 9
627 774 46
627 808 55
627 831 87
627 833 32
627 840 65
627 841 6
627 905 44
627 926 72
627 944 96
627 954 53
627 957 8
627 959 50
627 962 11
627 966 25
627 983 45
627 998 52
628 638 94
628 648 79
628 655 68
628 675 42
628 679 41
628 680 65
628 686 45
628 705 70
628 708 42
628 709 76
628 710 21
628 711 60
628 713 13
628 714 62
628 718 92
628 725 32
628 738 55
628 740 47
628 741 4
628 753 14
628 764 54
628 792 24
628 795 56
628 797 46
628 807 86
628 809 16
628 836 44
628 859 14
628 891 76
628 892 7
628 895 50
628 906 39
628 919 8
628 920 28
628 925 8
628 934 46
628 947 82
628 963 60
628 964 46
628 967 3
628 973 67
629 632 22
629 650 44
629 653 13
629 656 56
629 657 6
629 664 41
629 671 82
629 683 66
629 723 33
629 736 1
629 746 57
629 753 34
629 759 76
629 769 15
629 794 10
629 797 15
629 804 62
629 808 28
629 811 91
629 812 83
629 817 35
629 823 65
629 824 46
629 833 11
629 851 5
629 867 71
629 871 93
629 872 18
629 879 3
629 886 22
629 899 53
629 904 48
629 912 49
629 918 49
629 920 47
629 927 86
629 935 10
629 948 56
629 956 33
629 962 97
629 967 53
629 977 12
629 979 30
629 980 72
629 986 70
629 989 98
630 634 76
630 643 11
630 659 82
630 677 66
630 692 35
630 695 24
630 728 61
630 737 100
630 769 95
630 783 25
630 790 4
630 813 14
630 814 51
630 828 17
630 838 82
630 857 71
630 862 24
630 863 26
630 866 22
630 873 95
630 874 26
630 877 81
630 908 77
630 915 21
630 916 33
630 918 9
630 933 38
630 943 85
630 944 87
630 945 84
630 968 28
630 972 67
630 984 3
630 987 17
630 993 39
631 635 45
631 649 100
631 654 36
631 668 97
631 669 54
631 704 70
631 718 86
631 723 67
631 742 68
631 757 46
631 763 89
631 767 61
631 768 10
631 771 68
631 774 75
631 797 23
631 808 87
631 809 33
631 823 26
631 831 16
631 840 58
631 841 56
631 844 13
631 882 29
631 899 38
631 926 9
631 954 68
631 959 61
631 966 73
631 979 89
631 980 97
631 986 94
631 991 70
631 998 84
632 650 12
632 653 31
632 657 34
632 671 58
632 679 71
632 680 28
632 686 33
632 710 68
632 723 3
632 736 28
632 741 96
632 746 3
632 753 99
632 759 68
632 794 15
632 795 56
632 797 92
632 803 63
632 804 51
632 807 79
632 808 57
632 811 100
632 812 76
632 817 62
632 823 80
632 824 69
632 851 76
632 867 19
632 871 97
632 879 67
632 891 41
632 895 71
632 899 80
632 904 99
632 912 4
632 920 20
632 925 67
632 934 50
632 956 15
632 962 7
632 967 52
632 977 81
632 979 7
632 980 59
632 985 41
632 986 2
633 646 78
633 651 5
633 662 13
633 676 99
633 698 47
633 703 18
633 720 2
633 727 15
633 733 8
633 735 64
633 760 90
633 782 58
633 793 78
633 801 56
633 806 95
633 810 3
633 834 63
633 856 27
633 868 78
633 896 100
633 909 86
633 922 1
633 928 71
633 930 86
633 938 29
633 958 45
633 970 26
633 976 57
633 996 83
634 677 8
634 692 23
634 695 63
634 728 55
634 731 28
634 737 37
634 783 50
634 790 95
634 813 33
634 814 12
634 838 80
634 852 49
634 857 82
634 862 54
634 866 29
634 873 45
634 877 71
634 915 18
634 916 88
634 918 94
634 933 27
634 936 80
634 939 33
634 941 5
634 943 27
634 945 90
634 968 61
634 972 87
634 984 96
634 993 82
635 649 10
635 654 71
635 656 40
635 668 17
635 669 68
635 704 32
635 718 25
635 723 33
635 736 14
635 742 85
635 757 75
635 763 23
635 767 15
635 768 64
635 771 20
635 774 14
635 797 87
635 808 22
635 809 62
635 823 79
635 831 59
635 840 46
635 841 37
635 844 96
635 882 85
635 895 7
635 899 86
635 926 45
635 954 18
635 959 32
635 966 10
635 967 15
635 979 27
635 980 82
635 986 66
635 991 99
635 998 27
636 641 24
636 644 50
636 645 9
636 647 25
636 665 97
636 674 31
636 678 12
636 690 1
636 693 40
636 719 69
636 730 23
636 734 23
636 747 28
636 750 86
636 751 16
636 752 93
636 761 37
636 772 88
636 777 54
636 780 91
636 781 5
636 784 61
636 800 67
636 816 49
636 820 78
636 827 16
636 843 52
636 860 68
636 861 78
636 864 32
636 870 31
636 881 2
636 900 97
636 902 33
636 907 100
636 911 44
636 913 74
636 917 33
636 921 89
636 923 5
636 924 81
636 946 90
636 949 46
636 951 30
636 969 46
636 994 20
636 997 80
637 639 87
637 642 8
637 660 8
637 661 65
637 673 82
637 682 96
637 688 16
637 694 98
637 707 5
637 724 6
637 726 84
637 743 83
637 745 24
637 749 47
637 754 24
637 775 11
637 786 8
637 787 12
637 789 6
637 830 81
637 837 20
637 839 60
637 845 71
637 854 38
637 858 37
637 880 26
637 884 29
637 887 18
637 888 86
637 889 78
637 890 22
637 893 89
637 898 24
637 901 50
637 914 47
637 931 35
637 942 47
637 950 43
637 955 57
637 971 68
637 978 56
637 982 69
637 995 30
638 648 39
638 655 94
638 675 61
638 679 15
638 680 81
638 686 82
638 699 60
638 705 98
638 708 25
638 709 88
638 710 62
638 711 99
638 712 13
638 713 10
638 714 43
638 738 85
638 740 14
638 741 3
638 764 29
638 792 72
638 795 28
638 807 91
638 826 14
638 836 97
638 859 84
638 865 67
638 892 16
638 895 2
638 906 28
638 919 11
638 920 73
638 925 32
638 934 76
638 940 93
638 947 96
638 963 22
638 964 44
638 973 25
639 642 73
639 660 2
639 667 50
639 673 34
639 682 82
639 688 57
639 701 15
639 707 86
639 724 82
639 732 41
639 743 26
639 744 59
639 745 20
639 749 56
639 754 28
639 775 80
639 786 61
639 830 82
639 837 80
639 839 67
639 845 12
639 847 59
639 854 73
639 855 16
639 858 55
639 880 46
639 883 98
639 884 93
639 893 56
639 903 30
639 929 63
639 971 43
639 978 9
639 982 54
639 992 95
640 650 44
640 658 100
640 679 44
640 681 74
640 684 96
640 685 94
640 686 76
640 700 62
640 705 90
640 711 5
640 722 74
640 729 70
640 748 18
640 753 28
640 755 25
640 756 80
640 766 13
640 779 31
640 789 58
640 798 46
640 803 59
640 821 17
640 835 22
640 853 98
640 871 99
640 875 39
640 885 18
640 889 45
640 890 29
640 891 15
640 894 4
640 898 24
640 904 10
640 912 92
640 913 15
640 927 73
640 932 15
640 935 12
640 950 98
640 952 95
640 955 83
640 965 34
640 977 68
640 985 83
640 989 82
641 644 89
641 647 64
641 652 8
641 715 4
641 716 51
641 734 69
641 752 38
641 772 11
641 780 31
641 816 60
641 827 4
641 843 68
641 860 18
641 864 60
641 869 3
641 881 50
641 907 99
641 911 25
641 921 8
641 924 38
641 951 25
641 969 40
641 994 10
642 648 30
642 660 41
642 661 96
642 673 48
642 681 34
642 688 73
642 702 80
642 711 94
642 712 17
642 726 61
642 732 58
642 739 17
642 743 19
642 744 87
642 749 73
642 770 72
642 773 92
642 775 28
642 778 64
642 787 6
642 788 26
642 789 95
642 802 75
642 818 14
642 826 77
642 837 27
642 839 45
642 858 61
642 865 100
642 880 85
642 884 66
642 888 51
642 889 47
642 890 86
642 893 84
642 897 93
642 898 59
642 901 25
642 906 24
642 914 21
642 931 68
642 947 97
642 953 66
642 955 61
642 965 69
642 971 19
642 975 62
642 978 53
642 990 66
642 995 17
643 653 58
643 656 81
643 659 12
643 692 73
643 767 45
643 769 54
643 814 57
643 822 95
643 828 80
643 833 7
643 857 28
643 863 91
643 866 78
643 873 28
643 874 3
643 877 34
643 905 98
643 908 7
643 915 45
643 933 65
643 944 91
643 957 89
643 962 62
643 968 62
643 983 39
643 987 23
644 645 16
644 665 6
644 666 82
644 684 25
644 685 72
644 690 67
644 694 43
644 734 13
644 751 40
644 752 2
644 754 90
644 761 47
644 777 50
644 780 77
644 781 29
644 785 68
644 800 86
644 816 45
644 827 16
644 843 78
644 847 90
644 855 22
644 860 77
644 861 86
644 864 90
644 881 56
644 887 93
644 894 98
644 900 89
644 907 19
644 911 85
644 913 13
644 917 21
644 923 44
644 924 37
644 929 62
644 942 40
644 951 52
644 960 21
644 969 56
644 994 32
644 997 65
645 658 61
645 663 73
645 665 16
645 674 1
645 678 58
645 684 89
645 685 17
645 690 52
645 693 81
645 719 7
645 722 21
645 729 13
645 730 71
645 748 38
645 755 58
645 756 23
645 758 19
645 760 97
645 761 11
645 762 2
645 766 36
645 777 31
645 781 77
645 784 66
645 799 28
645 800 12
645 820 3
645 827 92
645 849 6
645 850 67
645 853 75
645 861 93
645 870 75
645 875 92
645 885 85
645 894 30
645 900 2
645 907 78
645 913 24
645 917 96
645 927 30
645 935 97
645 946 36
645 949 89
645 952 49
645 961 19
645 989 62
646 647 20
646 651 59
646 662 15
646 670 75
646 676 13
646 687 3
646 689 34
646 693 50
646 697 45
646 698 23
646 703 1
646 715 26
646 716 56
646 720 29
646 730 26
646 735 89
646 747 53
646 750 1
646 758 33
646 760 40
646 762 11
646 772 70
646 776 31
646 782 61
646 791 11
646 810 78
646 820 16
646 834 74
646 843 91
646 856 58
646 861 61
646 868 98
646 869 38
646 870 73
646 881 80
646 896 32
646 902 7
646 921 86
646 928 49
646 930 43
646 938 47
646 946 49
646 949 74
646 958 3
646 969 80
646 970 58
646 996 42
647 652 26
647 670 32
647 687 60
647 689 32
647 697 85
647 715 11
647 716 49
647 747 77
647 750 98
647 752 50
647 772 67
647 776 31
647 791 38
647 827 80
647 829 99
647 843 57
647 861 56
647 864 83
647 869 80
647 881 70
647 902 57
647 911 48
647 921 95
647 924 21
647 951 13
647 969 77
648 661 54
648 675 59
648 679 60
648 680 17
648 681 70
648 686 80
648 699 38
648 700 56
648 705 47
648 711 12
648 712 29
648 713 78
648 726 42
648 738 21
648 764 55
648 779 87
648 787 58
648 788 52
648 789 59
648 795 59
648 807 59
648 815 59
648 821 72
648 826 71
648 835 26
648 836 54
648 839 26
648 865 59
648 878 93
648 888 46
648 890 70
648 891 29
648 898 97
648 901 37
648 906 62
648 914 26
648 931 35
648 947 65
648 953 36
648 955 72
648 963 48
648 965 81
648 971 22
648 973 48
648 975 94
648 985 90
648 995 62
649 654 41
649 668 58
649 669 75
649 704 34
649 708 75
649 718 19
649 725 23
649 740 94
649 742 91
649 757 11
649 768 50
649 771 78
649 774 40
649 797 54
649 805 14
649 808 67
649 809 25
649 825 7
649 831 67
649 832 15
649 840 82
649 841 59
649 842 55
649 844 21
649 846 96
649 848 69
649 882 86
649 895 56
649 910 21
649 919 65
649 926 25
649 959 80
649 966 82
649 980 62
649 986 38
649 991 86
649 998 61
649 999 80
650 658 91
650 664 5
650 671 19
650 679 51
650 683 12
650 722 19
650 736 44
650 746 34
650 753 16
650 759 79
650 766 77
650 794 43
650 798 46
650 803 18
650 804 64
650 807 35
650 811 9
650 812 24
650 817 49
650 824 70
650 835 19
650 851 57
650 853 96
650 867 58
650 871 52
650 872 41
650 879 86
650 885 59
650 886 49
650 891 29
650 904 99
650 912 28
650 920 44
650 927 67
650 932 32
650 935 91
650 952 74
650 956 82
650 961 61
650 967 84
650 977 58
650 985 90
650 989 17
651 662 24
651 670 31
651 676 10
651 678 14
651 693 21
651 697 29
651 698 77
651 703 7
651 719 44
651 720 28
651 721 100
651 730 62
651 733 52
651 735 41
651 747 37
651 750 48
651 758 64
651 760 46
651 761 52
651 762 56
651 772 84
651 776 14
651 782 4
651 784 7
651 793 53
651 799 32
651 800 34
651 801 17
651 806 76
651 810 18
651 820 31
651 834 85
651 849 90
651 850 42
651 856 81
651 861 62
651 868 12
651 870 91
651 896 54
651 902 10
651 921 43
651 928 96
651 930 70
651 938 58
651 946 75
651 949 83
651 958 37
651 970 41
651 996 36
652 670 63
652 687 47
652 689 96
652 697 98
652 715 38
652 716 24
652 747 55
652 750 32
652 752 17
652 772 24
652 776 62
652 791 67
652 829 34
652 843 57
652 869 14
652 881 55
652 902 69
652 921 84
652 969 19
653 656 67
653 657 73
653 659 59
653 671 58
653 723 15
653 736 25
653 746 91
653 759 6
653 763 83
653 767 54
653 769 44
653 794 52
653 804 42
653 808 38
653 811 72
653 812 87
653 817 22
653 823 61
653 824 24
653 831 2
653 833 35
653 851 88
653 857 38
653 866 11
653 867 34
653 873 16
653 877 36
653 879 92
653 899 65
653 905 13
653 908 86
653 915 67
653 918 62
653 944 45
653 948 42
653 956 29
653 962 26
653 968 47
653 983 98
653 984 50
653 987 96
654 668 65
654 669 71
654 704 53
654 718 13
654 723 59
654 742 66
654 757 35
654 763 48
654 767 77
654 768 44
654 771 93
654 774 72
654 805 77
654 808 28
654 809 62
654 825 24
654 831 21
654 832 53
654 840 68
654 841 51
654 844 21
654 882 89
654 926 83
654 954 11
654 959 20
654 966 17
654 980 23
654 986 75
654 991 23
654 998 22
655 675 81
655 680 76
655 708 56
655 709 64
655 713 52
655 714 67
655 717 65
655 725 9
655 738 50
655 740 83
655 741 23
655 764 99
655 792 66
655 795 26
655 836 46
655 848 87
655 859 86
655 892 21
655 919 40
655 925 3
655 934 11
655 940 96
655 963 60
655 964 88
655 973 39
656 657 70
656 659 78
656 669 100
656 671 21
656 723 64
656 736 80
656 757 8
656 763 57
656 767 75
656 769 32
656 794 39
656 804 2
656 808 83
656 811 79
656 812 67
656 817 55
656 823 85
656 824 51
656 831 14
656 833 12
656 851 68
656 857 89
656 866 26
656 867 29
656 873 75
656 877 98
656 879 16
656 899 98
656 905 94
656 908 86
656 915 90
656 918 7
656 944 5
656 954 40
656 956 19
656 957 74
656 962 83
656 979 45
656 980 75
656 983 63
656 986 40
656 987 26
657 659 45
657 671 80
657 723 66
657 736 83
657 746 74
657 759 40
657 763 18
657 767 8
657 769 47
657 794 27
657 804 59
657 808 100
657 811 89
657 812 73
657 817 3
657 823 10
657 824 13
657 831 5
657 833 64
657 851 61
657 857 54
657 867 15
657 879 70
657 899 83
657 905 57
657 915 60
657 918 44
657 948 61
657 956 49
657 962 17
657 967 9
657 977 15
657 979 59
657 980 39
657 983 97
657 984 21
657 986 69
657 987 10
658 663 39
658 664 68
658 665 14
658 674 81
658 678 61
658 683 36
658 684 28
658 685 100
658 690 86
658 719 41
658 722 75
658 729 66
658 730 75
658 748 15
658 755 67
658 756 58
658 759 44
658 761 98
658 766 75
658 779 65
658 781 36
658 784 97
658 798 33
658 799 35
658 800 94
658 803 32
658 835 87
658 849 78
658 850 9
658 853 55
658 870 19
658 871 41
658 875 95
658 885 24
658 886 17
658 894 53
658 900 52
658 904 5
658 912 86
658 913 38
658 917 67
658 927 94
658 932 28
658 935 66
658 946 2
658 949 32
658 952 80
658 961 71
658 989 75
659 671 26
659 692 59
659 736 95
659 763 16
659 767 97
659 769 85
659 811 82
659 814 12
659 822 10
659 828 28
659 833 84
659 851 42
659 857 21
659 862 2
659 863 15
659 866 15
659 873 58
659 874 60
659 877 8
659 905 5
659 908 25
659 915 27
659 918 30
659 944 67
659 956 14
659 957 38
659 962 11
659 968 92
659 983 69
659 987 57
660 661 11
660 673 62
660 682 86
660 688 11
660 701 24
660 702 87
660 707 98
660 724 68
660 726 47
660 732 53
660 739 33
660 743 26
660 744 68
660 745 4
660 749 12
660 773 18
660 775 40
660 778 86
660 786 40
660 787 63
660 788 57
660 789 100
660 802 47
660 818 78
660 819 60
660 830 52
660 837 86
660 839 63
660 854 10
660 858 7
660 880 32
660 883 16
660 884 83
660 888 22
660 890 91
660 893 29
660 897 54
660 898 38
660 901 97
660 903 80
660 914 98
660 931 35
660 953 8
660 971 23
660 978 61
660 982 98
660 990 34
660 992 33
660 995 12
661 673 3
661 681 61
661 688 14
661 699 17
661 700 44
661 705 61
661 711 79
661 712 71
661 713 27
661 726 53
661 743 15
661 749 5
661 775 86
661 778 39
661 787 88
661 788 58
661 789 5
661 802 78
661 821 57
661 826 60
661 836 30
661 839 72
661 858 35
661 865 15
661 880 45
661 884 25
661 888 46
661 889 93
661 890 73
661 893 82
661 898 67
661 901 44
661 906 67
661 914 65
661 931 65
661 947 99
661 950 82
661 953 27
661 955 64
661 965 92
661 971 77
661 975 63
661 978 44
661 995 55
662 663 23
662 672 46
662 676 24
662 678 64
662 693 92
662 703 76
662 719 79
662 720 52
662 721 46
662 727 9
662 730 67
662 733 53
662 735 96
662 758 69
662 760 97
662 761 75
662 762 25
662 784 45
662 793 45
662 796 71
662 799 90
662 800 48
662 801 9
662 806 69
662 810 1
662 820 74
662 834 39
662 849 63
662 850 70
662 856 20
662 868 40
662 870 90
662 896 29
662 922 1
662 928 97
662 930 74
662 937 90
662 938 4
662 939 9
662 941 77
662 946 92
662 949 91
662 958 66
662 961 62
662 970 40
662 976 10
662 981 15
662 996 52
663 664 41
663 674 12
663 678 39
663 683 63
663 685 8
663 690 18
663 693 33
663 719 67
663 722 95
663 729 98
663 730 3
663 748 90
663 755 93
663 756 47
663 758 61
663 759 36
663 760 39
663 761 8
663 762 44
663 766 73
663 784 26
663 799 99
663 800 36
663 803 16
663 810 74
663 820 26
663 849 17
663 850 26
663 853 12
663 870 46
663 871 49
663 872 59
663 875 45
663 885 92
663 886 52
663 894 62
663 904 77
663 912 32
663 913 85
663 917 63
663 927 49
663 928 37
663 935 82
663 946 21
663 949 89
663 952 3
663 961 29
663 981 96
663 989 97
664 672 61
664 683 42
664 721 94
664 722 64
664 746 68
664 759 82
664 766 73
664 794 35
664 796 48
664 799 50
664 804 85
664 824 53
664 838 39
664 849 93
664 850 58
664 853 20
664 867 97
664 871 31
664 872 24
664 885 22
664 886 13
664 904 89
664 912 89
664 915 92
664 916 72
664 918 31
664 927 93
664 935 73
664 937 29
664 939 6
664 941 98
664 948 65
664 956 93
664 961 55
664 977 64
664 981 83
664 984 11
664 989 97
665 666 72
665 674 60
665 678 40
665 684 73
665 685 71
665 690 98
665 694 90
665 719 73
665 729 32
665 734 3
665 748 58
665 751 8
665 752 10
665 754 10
665 755 65
665 756 56
665 761 52
665 777 98
665 780 53
665 781 35
665 784 80
665 785 98
665 799 14
665 800 44
665 816 20
665 827 6
665 843 33
665 860 99
665 861 71
665 864 2
665 875 15
665 885 10
665 887 56
665 889 8
665 894 39
665 900 62
665 907 25
665 911 29
665 913 11
665 917 50
665 923 51
665 924 37
665 929 81
665 942 83
665 950 8
665 951 20
665 960 50
665 994 70
665 997 94
666 667 96
666 694 49
666 724 44
666 734 10
666 743 94
666 745 61
666 751 86
666 754 68
666 775 96
666 777 22
666 780 13
666 781 62
666 785 17
666 786 61
666 816 9
666 830 36
666 845 44
666 847 29
666 854 87
666 855 36
666 860 20
666 864 23
666 887 6
666 900 35
666 907 12
666 911 17
666 923 10
666 924 94
666 929 28
666 942 65
666 960 33
666 982 28
666 994 27
666 997 77
667 694 77
667 724 7
667 734 24
667 743 14
667 745 12
667 751 97
667 754 1
667 775 89
667 777 20
667 780 56
667 785 7
667 786 90
667 816 13
667 830 23
667 845 29
667 847 57
667 854 7
667 855 95
667 860 85
667 864 1
667 887 4
667 923 72
667 929 7
667 942 80
667 960 7
667 982 52
667 994 28
667 997 66
668 669 92
668 704 84
668 723 94
668 742 95
668 757 73
668 763 18
668 767 5
668 771 2
668 774 62
668 808 90
668 831 67
668 840 97
668 841 8
668 844 34
668 882 91
668 926 10
668 954 57
668 959 97
668 966 34
668 991 92
668 998 34
669 704 22
669 708 44
669 718 91
669 723 34
669 736 81
669 742 42
669 757 47
669 763 79
669 767 54
669 768 48
669 771 50
669 774 94
669 797 42
669 808 28
669 809 3
669 817 47
669 823 41
669 831 42
669 840 21
669 841 95
669 844 64
669 882 54
669 895 72
669 899 44
669 926 64
669 954 41
669 959 28
669 966 46
669 967 90
669 979 77
669 980 63
669 986 30
669 991 64
669 998 42
670 676 96
670 687 60
670 689 75
670 693 79
670 697 5
670 698 71
670 715 59
670 716 51
670 720 85
670 747 66
670 750 4
670 772 4
670 776 2
670 782 68
670 791 98
670 820 42
670 829 36
670 834 50
670 861 1
670 868 39
670 869 41
670 881 6
670 896 88
670 902 73
670 921 52
670 930 69
670 958 14
670 969 56
670 996 8
671 723 63
671 736 15
671 746 56
671 759 89
671 763 66
671 767 14
671 769 51
671 794 83
671 797 28
671 804 28
671 808 31
671 811 28
671 812 80
671 817 8
671 823 46
671 824 46
671 831 24
671 833 8
671 851 4
671 857 91
671 867 56
671 879 33
671 899 79
671 905 88
671 915 9
671 918 55
671 948 60
671 956 59
671 962 87
671 967 62
671 977 100
671 979 25
671 980 95
671 986 8
671 987 69
672 683 76
672 721 72
672 727 59
672 733 77
672 735 77
672 746 96
672 758 96
672 760 52
672 762 9
672 783 85
672 796 73
672 801 12
672 806 45
672 810 49
672 838 81
672 849 97
672 850 83
672 852 51
672 862 46
672 872 91
672 886 40
672 896 59
672 909 13
672 916 13
672 918 88
672 922 59
672 928 34
672 937 75
672 939 13
672 941 59
672 948 12
672 961 13
672 970 61
672 981 48
672 984 66
673 681 58
673 682 94
673 688 77
673 694 13
673 701 78
673 702 22
673 707 7
673 724 12
673 726 3
673 732 17
673 743 47
673 744 23
673 745 81
673 749 49
673 775 15
673 778 4
673 786 94
673 787 80
673 788 14
673 789 20
673 830 93
673 837 77
673 839 29
673 854 45
673 858 25
673 880 72
673 883 23
673 884 63
673 888 4
673 889 94
673 890 45
673 893 40
673 898 14
673 901 7
673 903 16
673 914 9
673 931 35
673 950 88
673 953 69
673 955 38
673 971 32
673 978 89
673 982 45
673 995 34
674 678 7
674 684 59
674 685 36
674 690 47
674 693 28
674 719 66
674 722 9
674 729 95
674 730 50
674 748 41
674 755 14
674 756 16
674 758 4
674 760 18
674 761 89
674 762 10
674 766 15
674 781 75
674 784 50
674 799 18
674 800 12
674 820 55
674 827 7
674 849 51
674 850 68
674 853 40
674 861 80
674 870 4
674 871 26
674 875 67
674 885 30
674 894 41
674 900 60
674 912 43
674 913 76
674 917 87
674 927 22
674 932 45
674 935 81
674 946 30
674 949 41
674 952 54
674 961 92
674 989 90
675 680 13
675 681 37
675 686 20
675 699 98
675 705 1
675 709 15
675 711 83
675 712 51
675 713 94
675 714 82
675 726 78
675 738 25
675 741 12
675 764 58
675 787 70
675 788 20
675 795 5
675 815 86
675 821 41
675 826 55
675 836 88
675 859 100
675 865 88
675 878 55
675 906 98
675 914 17
675 925 33
675 931 50
675 940 6
675 947 68
675 953 3
675 963 85
675 964 2
675 965 97
675 973 40
675 974 58
675 975 91
676 687 97
676 689 27
676 693 86
676 697 45
676 698 96
676 703 3
676 719 82
676 720 83
676 730 51
676 733 77
676 735 24
676 747 32
676 750 52
676 758 69
676 760 54
676 761 71
676 762 41
676 772 100
676 776 36
676 782 23
676 784 7
676 793 98
676 800 36
676 806 22
676 810 2
676 820 34
676 834 65
676 849 24
676 850 71
676 856 64
676 861 8
676 868 76
676 869 38
676 870 69
676 896 21
676 902 53
676 921 94
676 928 95
676 930 67
676 938 4
676 946 73
676 949 35
676 958 13
676 969 21
676 970 45
676 996 53
677 692 69
677 695 86
677 696 55
677 728 18
677 790 94
677 813 87
677 814 25
677 828 8
677 863 37
677 873 51
677 877 40
677 933 27
677 945 28
677 968 88
677 972 48
677 988 73
677 993 4
678 685 71
678 690 49
678 693 66
678 719 28
678 722 31
678 729 89
678 730 39
678 748 86
678 755 78
678 756 38
678 758 16
678 760 59
678 761 47
678 762 92
678 766 29
678 781 42
678 784 92
678 799 53
678 800 7
678 810 32
678 820 40
678 827 37
678 849 81
678 850 78
678 853 89
678 861 27
678 870 54
678 875 67
678 885 22
678 894 71
678 896 71
678 900 73
678 913 8
678 917 80
678 927 98
678 928 8
678 935 83
678 946 24
678 949 25
678 952 70
678 961 21
678 989 100
679 680 71
679 681 57
679 686 52
679 700 70
679 705 32
679 710 85
679 711 84
679 713 25
679 741 32
679 753 41
679 764 75
679 779 16
679 795 58
679 798 55
679 803 53
679 804 10
679 807 75
679 812 99
679 817 83
679 821 34
679 835 41
679 836 61
679 853 1
679 871 98
679 891 95
679 898 48
679 904 36
679 906 41
679 912 90
679 920 42
679 925 83
679 932 23
679 934 15
679 947 66
679 952 33
679 955 90
679 963 65
679 965 28
679 967 35
679 977 46
679 985 26
680 681 38
680 686 94
680 700 90
680 705 85
680 708 1
680 710 19
680 711 9
680 712 23
680 713 25
680 714 98
680 738 85
680 741 22
680 753 96
680 764 89
680 795 79
680 797 52
680 807 32
680 817 4
680 821 26
680 826 23
680 836 70
680 865 45
680 891 66
680 895 16
680 906 91
680 920 43
680 925 98
680 934 44
680 947 33
680 963 31
680 964 11
680 965 43
680 967 62
680 973 63
680 985 51
681 686 31
681 688 71
681 699 100
681 700 29
681 705 91
681 711 84
681 712 2
681 713 26
681 726 23
681 749 37
681 764 5
681 779 89
681 787 17
681 788 86
681 789 48
681 798 72
681 821 65
681 826 48
681 835 52
681 836 72
681 839 61
681 865 72
681 880 71
681 888 89
681 889 66
681 890 74
681 891 23
681 898 1
681 901 74
681 906 65
681 914 12
681 931 16
681 932 58
681 947 54
681 950 66
681 953 37
681 955 45
681 963 46
681 965 9
681 971 92
681 978 32
681 985 48
681 995 86
682 701 89
682 702 15
682 706 50
682 707 3
682 724 51
682 732 20
682 743 68
682 744 96
682 745 94
682 749 32
682 786 45
682 819 5
682 830 3
682 837 60
682 845 48
682 854 83
682 858 16
682 883 70
682 884 19
682 893 43
682 897 24
682 903 5
682 978 14
682 982 84
682 992 82
683 722 39
683 746 46
683 759 56
683 766 24
683 794 99
683 796 15
683 799 24
683 803 65
683 804 69
683 812 15
683 824 34
683 850 60
683 853 29
683 867 71
683 871 95
683 872 32
683 885 23
683 886 49
683 904 50
683 912 39
683 915 37
683 918 78
683 927 75
683 935 63
683 937 75
683 948 27
683 952 37
683 956 61
683 961 31
683 977 14
683 981 57
683 984 22
683 989 98
684 685 43
684 688 68
684 690 4
684 694 26
684 700 72
684 722 49
684 729 44
684 743 74
684 748 84
684 751 74
684 755 76
684 756 83
684 775 17
684 777 81
684 779 49
684 781 32
684 789 56
684 798 74
684 803 47
684 835 39
684 853 17
684 875 41
684 880 49
684 885 91
684 887 23
684 889 18
684 894 37
684 898 67
684 900 15
684 907 26
684 913 56
684 917 53
684 923 79
684 932 42
684 942 43
684 950 27
684 952 68
684 955 27
684 997 44
685 690 18
685 694 28
685 719 39
685 722 89
685 729 25
685 748 20
685 751 28
685 755 45
685 756 24
685 761 29
685 766 80
685 777 64
685 779 13
685 781 55
685 784 47
685 789 36
685 798 85
685 799 73
685 800 4
685 803 61
685 827 34
685 835 28
685 853 32
685 871 32
685 875 12
685 880 26
685 885 37
685 887 69
685 889 96
685 894 43
685 900 46
685 904 60
685 907 100
685 912 70
685 913 14
685 917 59
685 923 42
685 932 80
685 935 91
685 942 23
685 950 65
685 952 15
685 955 11
685 961 9
685 989 96
685 997 56
686 700 11
686 705 89
686 710 53
686 711 6
686 712 87
686 713 51
686 726 99
686 741 52
686 753 15
686 764 18
686 779 7
686 787 65
686 788 37
686 795 41
686 798 42
686 803 8
686 807 31
686 821 18
686 826 96
686 835 89
686 836 97
686 865 46
686 890 28
686 891 29
686 898 96
686 904 27
686 906 58
686 914 9
686 920 6
686 925 50
686 931 22
686 932 38
686 934 79
686 947 63
686 955 90
686 963 51
686 965 15
686 977 41
686 985 16
687 689 45
687 697 4
687 698 74
687 715 44
687 716 91
687 720 47
687 747 47
687 750 32
687 772 93
687 776 86
687 782 78
687 791 10
687 829 9
687 834 79
687 868 69
687 869 4
687 881 10
687 902 90
687 921 46
687 930 67
687 996 26
688 694 27
688 724 16
688 726 32
688 729 26
688 743 70
688 745 20
688 749 23
688 751 58
688 754 64
688 755 17
688 775 80
688 779 30
688 786 2
688 787 70
688 789 14
688 839 29
688 854 93
688 858 90
688 880 92
688 884 67
688 887 49
688 888 54
688 889 51
688 890 78
688 893 77
688 898 14
688 901 13
688 914 91
688 923 19
688 929 48
688 931 18
688 932 57
688 942 28
688 950 6
688 955 52
688 971 39
688 978 87
688 982 95
689 697 36
689 698 47
689 715 78
689 716 58
689 720 68
689 747 77
689 750 13
689 772 40
689 776 26
689 782 65
689 791 31
689 829 52
689 834 32
689 843 77
689 861 20
689 868 60
689 869 51
689 881 3
689 902 23
689 921 98
689 930 56
689 969 90
689 996 68
690 693 85
690 719 92
690 729 5
690 730 47
690 734 21
690 748 35
690 751 29
690 752 91
690 755 34
690 756 8
690 761 91
690 777 96
690 780 47
690 781 36
690 784 99
690 799 65
690 800 73
690 816 77
690 820 40
690 827 22
690 843 98
690 860 8
690 861 75
690 864 78
690 870 9
690 875 56
690 881 59
690 887 12
690 894 25
690 900 73
690 907 39
690 911 26
690 913 32
690 917 41
690 921 72
690 923 5
690 924 89
690 942 35
690 946 34
690 949 28
690 951 55
690 969 83
690 994 88
690 997 98
691 717 71
691 725 2
691 768 24
691 805 44
691 825 96
691 832 92
691 842 2
691 846 51
691 848 36
691 876 89
691 910 1
691 919 10
691 999 21
692 695 25
692 769 71
692 790 96
692 814 21
692 822 32
692 828 73
692 833 11
692 857 40
692 862 84
692 863 48
692 866 29
692 873 39
692 874 38
692 877 79
692 905 85
692 908 23
692 915 56
692 916 99
692 933 51
692 944 16
692 945 11
692 957 56
692 968 58
692 983 84
692 987 74
692 993 92
693 697 58
693 698 67
693 719 20
693 720 9
693 730 73
693 735 66
693 747 5
693 750 52
693 758 14
693 760 73
693 761 63
693 762 79
693 772 63
693 776 66
693 782 65
693 784 21
693 799 29
693 800 83
693 810 68
693 820 6
693 827 93
693 843 82
693 849 49
693 850 3
693 861 94
693 868 67
693 869 52
693 870 5
693 881 32
693 896 26
693 902 28
693 911 79
693 921 29
693 928 88
693 930 57
693 946 24
693 949 37
693 951 49
693 969 57
693 996 11
694 724 16
694 729 69
694 743 47
694 745 92
694 748 56
694 749 55
694 751 85
694 754 75
694 755 8
694 756 60
694 775 56
694 777 88
694 779 79
694 781 3
694 785 94
694 786 38
694 789 79
694 839 14
694 845 96
694 854 2
694 855 41
694 858 22
694 880 98
694 884 5
694 887 77
694 889 84
694 890 34
694 893 75
694 894 74
694 898 60
694 900 19
694 913 88
694 917 8
694 923 87
694 929 38
694 932 87
694 942 35
694 950 2
694 955 79
694 960 17
694 971 44
694 978 41
694 982 61
694 997 45
695 696 66
695 728 9
695 737 51
695 783 58
695 790 74
695 813 14
695 814 22
695 828 25
695 857 83
695 862 22
695 863 88
695 866 26
695 873 74
695 877 100
695 908 48
695 916 85
695 933 1
695 936 57
695 943 85
695 945 83
695 968 41
695 972 43
695 988 47
695 993 61
696 728 82
696 790 33
696 813 22
696 828 43
696 863 59
696 933 50
696 972 8
696 988 93
696 993 33
697 698 19
697 715 39
697 716 81
697 720 87
697 747 53
697 750 90
697 762 57
697 772 64
697 776 25
697 782 11
697 791 27
697 810 14
697 820 31
697 829 28
697 834 1
697 861 82
697 868 39
697 869 18
697 881 92
697 896 20
697 902 83
697 921 69
697 930 93
697 958 98
697 969 14
697 996 7
698 703 69
698 720 68
698 735 55
698 747 30
698 750 65
698 762 87
698 772 52
698 776 16
698 782 93
698 791 42
698 793 68
698 810 86
698 820 36
698 834 11
698 856 4
698 868 87
698 869 3
698 896 2
698 902 37
698 921 74
698 928 69
698 930 42
698 938 88
698 958 34
698 970 10
698 996 3
699 711 78
699 712 17
699 713 25
699 726 25
699 738 68
699 764 66
699 770 26
699 778 59
699 787 20
699 788 48
699 802 74
699 815 80
699 826 25
699 836 38
699 865 5
699 878 72
699 888 22
699 901 58
699 906 83
699 914 89
699 931 16
699 940 45
699 947 72
699 953 75
699 973 100
699 974 71
699 975 81
699 995 44
700 705 65
700 711 17
700 713 13
700 726 68
700 729 60
700 753 85
700 755 53
700 756 56
700 764 25
700 779 52
700 787 31
700 788 82
700 789 41
700 798 27
700 803 54
700 807 62
700 821 51
700 826 60
700 835 80
700 836 30
700 839 20
700 853 53
700 865 61
700 889 8
700 890 50
700 891 57
700 894 70
700 898 99
700 904 19
700 906 80
700 914 71
700 931 59
700 932 29
700 947 82
700 950 36
700 952 85
700 955 45
700 963 20
700 965 32
700 971 65
700 985 3
701 702 51
701 706 96
701 707 68
701 732 37
701 739 51
701 744 40
701 773 2
701 778 62
701 818 59
701 819 46
701 830 17
701 837 25
701 854 33
701 858 2
701 883 58
701 884 46
701 888 87
701 897 4
701 901 86
701 903 67
701 978 14
701 990 15
701 992 7
702 706 27
702 707 91
702 732 76
702 739 63
702 744 65
702 770 2
702 773 62
702 778 21
702 802 75
702 818 10
702 819 17
702 837 45
702 858 68
702 883 89
702 884 49
702 888 22
702 897 80
702 901 40
702 903 74
702 978 38
702 990 86
702 992 29
702 995 33
703 720 18
703 727 86
703 733 11
703 735 92
703 782 6
703 793 70
703 801 96
703 806 43
703 810 7
703 834 39
703 856 4
703 868 48
703 896 10
703 909 68
703 928 74
703 930 40
703 938 86
703 958 64
703 970 66
703 976 61
703 996 40
704 718 16
704 723 58
704 742 92
704 757 16
704 763 41
704 767 98
704 768 93
704 771 4
704 774 54
704 797 60
704 808 100
704 809 36
704 823 66
704 831 46
704 832 48
704 840 91
704 841 18
704 844 95
704 882 78
704 895 100
704 899 25
704 926 16
704 954 47
704 959 15
704 966 40
704 979 54
704 980 49
704 986 12
704 991 94
704 998 30
705 711 89
705 712 92
705 713 56
705 726 29
705 753 9
705 764 57
705 779 11
705 787 77
705 788 26
705 789 6
705 795 38
705 798 46
705 803 67
705 807 97
705 821 81
705 826 48
705 835 89
705 836 21
705 865 76
705 890 74
705 891 55
705 898 32
705 906 97
705 914 50
705 931 44
705 932 90
705 947 95
705 953 4
705 955 43
705 963 54
705 965 81
705 985 9
706 707 85
706 732 31
706 739 4
706 744 31
706 819 80
706 837 11
706 883 85
706 897 52
706 903 70
706 990 69
706 992 31
707 724 25
707 732 60
707 739 47
707 744 34
707 745 56
707 819 62
707 830 79
707 837 31
707 854 39
707 858 32
707 883 33
707 884 46
707 893 47
707 897 64
707 903 80
707 978 43
707 982 18
707 990 42
707 992 68
708 709 22
708 710 51
708 714 69
708 717 25
708 718 63
708 725 39
708 740 40
708 741 40
708 768 60
708 795 97
708 797 49
708 807 50
708 809 90
708 823 46
708 832 18
708 841 65
708 842 26
708 844 67
708 848 40
708 859 41
708 882 31
708 892 49
708 895 9
708 899 88
708 919 79
708 920 93
708 925 81
708 934 39
708 963 1
708 964 26
708 967 29
708 979 68
708 980 30
708 986 5
708 991 95
709 714 55
709 717 90
709 725 76
709 738 100
709 740 68
709 741 21
709 764 32
709 792 70
709 795 83
709 848 19
709 859 10
709 892 19
709 919 60
709 925 59
709 940 83
709 963 86
709 964 70
709 973 56
710 718 27
710 723 14
710 740 77
710 741 11
710 753 52
710 764 92
710 795 58
710 797 69
710 807 89
710 809 91
710 812 4
710 817 26
710 823 83
710 836 89
710 844 45
710 867 7
710 891 72
710 895 16
710 899 50
710 919 6
710 920 76
710 925 8
710 934 86
710 963 45
710 967 100
710 977 17
710 979 13
710 980 24
710 985 11
710 986 27
711 712 66
711 713 80
711 726 12
711 738 29
711 753 47
711 764 23
711 779 51
711 787 50
711 788 67
711 789 65
711 795 60
711 798 43
711 807 99
711 821 24
711 826 26
711 835 74
711 836 65
711 839 75
711 865 21
711 890 12
711 891 77
711 898 46
711 906 5
711 914 59
711 931 18
711 932 43
711 947 34
711 953 37
711 955 100
711 963 86
711 965 25
711 971 9
711 985 33
712 713 28
712 714 36
712 726 24
712 738 5
712 764 91
712 770 57
712 778 41
712 787 37
712 788 72
712 795 66
712 815 10
712 826 41
712 836 6
712 865 11
712 878 61
712 888 83
712 890 66
712 901 6
712 906 13
712 914 99
712 931 85
712 940 5
712 947 59
712 953 77
712 963 23
712 965 99
712 973 50
712 974 56
712 975 45
712 995 10
713 714 78
713 726 33
713 738 7
713 741 89
713 764 49
713 787 22
713 788 26
713 795 86
713 807 1
713 815 56
713 821 46
713 826 18
713 836 36
713 865 76
713 878 99
713 890 22
713 891 23
713 898 90
713 906 75
713 914 28
713 925 65
713 931 73
713 934 77
713 940 51
713 947 61
713 953 14
713 955 30
713 963 68
713 964 67
713 965 73
713 973 22
713 974 21
713 975 17
713 985 50
714 717 19
714 725 20
714 738 97
714 740 58
714 741 78
714 764 93
714 792 17
714 795 31
714 836 1
714 848 50
714 859 67
714 878 68
714 892 69
714 919 64
714 925 26
714 934 29
714 940 57
714 963 10
714 964 58
714 973 27
715 716 88
715 747 62
715 750 88
715 752 75
715 772 93
715 776 50
715 791 85
715 829 70
715 843 9
715 861 90
715 868 32
715 869 93
715 881 62
715 902 53
715 921 49
715 951 26
715 969 16
716 747 59
716 750 6
716 752 33
716 772 77
716 776 80
716 791 96
716 829 7
716 843 27
716 861 7
716 868 22
716 869 21
716 881 90
716 902 13
716 921 22
716 951 13
716 969 18
717 718 71
717 725 57
717 740 19
717 768 87
717 792 62
717 832 89
717 842 87
717 846 33
717 848 40
717 859 29
717 876 93
717 892 20
717 919 84
717 964 12
717 999 99
718 725 76
718 740 22
718 741 29
718 768 22
718 797 34
718 805 74
718 809 82
718 825 73
718 831 17
718 832 12
718 840 2
718 841 98
718 842 83
718 844 39
718 846 82
718 848 32
718 882 50
718 892 6
718 895 90
718 899 30
718 919 100
718 925 17
718 934 49
718 959 62
718 979 65
718 980 70
718 986 43
718 991 31
718 998 71
718 999 76
719 722 77
719 730 66
719 748 27
719 756 87
719 758 97
719 760 37
719 761 41
719 762 60
719 766 65
719 784 23
719 799 83
719 800 10
719 810 93
719 820 36
719 827 44
719 849 96
719 850 81
719 861 67
719 868 51
719 870 91
719 875 19
719 885 93
719 894 58
719 896 71
719 900 11
719 913 27
719 917 25
719 928 65
719 935 35
719 946 74
719 949 88
719 961 94
719 996 11
720 733 69
720 735 9
720 747 84
720 750 8
720 758 58
720 760 24
720 762 17
720 772 97
720 776 92
720 782 40
720 793 68
720 806 93
720 810 6
720 820 3
720 834 7
720 856 24
720 861 91
720 868 47
720 870 54
720 896 33
720 902 41
720 921 73
720 928 77
720 930 84
720 938 45
720 946 52
720 949 61
720 958 64
720 970 58
720 976 85
720 996 74
721 727 22
721 730 15
721 733 79
721 735 34
721 758 80
721 760 33
721 762 21
721 783 94
721 793 99
721 796 43
721 801 57
721 806 27
721 810 67
721 838 56
721 849 3
721 850 89
721 852 23
721 856 47
721 872 89
721 886 69
721 896 49
721 909 2
721 916 24
721 922 79
721 928 13
721 937 37
721 938 77
721 939 2
721 941 8
721 948 24
721 949 79
721 961 36
721 970 63
721 976 22
721 981 41
721 984 18
722 729 74
722 730 43
722 746 64
722 748 12
722 755 76
722 756 32
722 759 35
722 761 57
722 766 39
722 779 22
722 784 50
722 798 22
722 799 22
722 800 55
722 803 43
722 824 30
722 835 85
722 849 38
722 850 92
722 853 97
722 870 97
722 871 13
722 872 70
722 875 77
722 885 98
722 886 78
722 894 18
722 904 36
722 912 39
722 913 57
722 917 36
722 927 73
722 932 98
722 935 59
722 949 40
722 952 75
722 961 96
722 977 57
722 981 42
722 989 64
723 736 5
723 742 1
723 757 70
723 763 48
723 767 46
723 769 81
723 771 55
723 774 19
723 797 35
723 804 70
723 808 48
723 809 78
723 811 18
723 812 21
723 817 53
723 823 31
723 831 57
723 833 17
723 841 46
723 844 13
723 851 71
723 867 7
723 879 72
723 895 69
723 899 19
723 905 85
723 920 64
723 926 70
723 954 44
723 956 83
723 962 68
723 966 2
723 967 80
723 979 78
723 980 91
723 986 95
723 991 87
724 743 49
724 745 38
724 749 75
724 751 13
724 754 2
724 775 6
724 785 44
724 786 17
724 830 18
724 837 48
724 845 91
724 847 67
724 854 49
724 855 18
724 858 61
724 880 3
724 883 18
724 884 68
724 887 97
724 893 32
724 903 33
724 923 67
724 929 60
724 942 11
724 960 100
724 978 2
724 982 35
724 997 38
725 740 85
725 741 85
725 768 72
725 792 6
725 805 40
725 809 51
725 825 6
725 832 96
725 842 77
725 844 37
725 846 70
725 848 74
725 859 56
725 882 45
725 892 33
725 895 46
725 910 37
725 919 53
725 925 91
725 964 59
725 991 1
725 999 72
726 749 6
726 764 63
726 775 34
726 778 38
726 779 60
726 787 6
726 788 38
726 789 90
726 821 12
726 826 20
726 835 45
726 836 29
726 839 65
726 858 63
726 865 32
726 880 90
726 888 76
726 889 60
726 890 83
726 891 56
726 893 61
726 898 60
726 901 63
726 906 88
726 914 28
726 931 67
726 932 7
726 947 78
726 950 62
726 953 98
726 955 100
726 965 2
726 971 15
726 975 56
726 978 85
726 985 88
726 995 20
727 731 25
727 733 22
727 735 55
727 737 37
727 760 38
727 765 12
727 783 67
727 793 95
727 796 91
727 801 27
727 806 33
727 810 46
727 838 39
727 852 58
727 856 88
727 896 78
727 909 16
727 922 22
727 928 10
727 936 26
727 937 20
727 938 16
727 939 51
727 941 27
727 970 76
727 976 88
728 731 99
728 737 48
728 783 71
728 790 53
728 813 10
728 933 80
728 936 15
728 943 34
728 945 44
728 972 41
728 988 7
728 993 82
729 748 100
729 751 5
729 755 99
729 756 56
729 766 61
729 775 1
729 777 49
729 779 37
729 781 41
729 789 53
729 798 30
729 803 7
729 821 8
729 835 97
729 853 18
729 871 66
729 875 75
729 880 84
729 885 2
729 887 84
729 889 45
729 894 64
729 898 64
729 900 64
729 904 16
729 912 88
729 913 18
729 917 56
729 923 67
729 932 76
729 942 42
729 950 79
729 952 11
729 955 4
729 989 81
729 997 70
730 733 39
730 735 15
730 747 18
730 748 12
730 758 68
730 760 55
730 761 47
730 762 94
730 784 44
730 799 73
730 800 18
730 810 46
730 820 69
730 827 17
730 849 97
730 850 86
730 861 64
730 868 23
730 870 90
730 875 73
730 885 23
730 896 74
730 913 62
730 928 17
730 930 88
730 946 46
730 949 43
730 961 100
730 996 69
731 737 38
731 765 40
731 783 4
731 813 14
731 838 86
731 852 37
731 909 16
731 936 42
731 939 32
731 941 59
731 943 35
731 945 65
731 972 88
731 976 55
732 739 88
732 744 63
732 770 21
732 773 9
732 778 7
732 802 30
732 818 15
732 819 60
732 837 20
732 858 94
732 883 21
732 884 5
732 888 44
732 897 89
732 901 63
732 903 50
732 978 16
732 990 75
732 992 96
732 995 10
733 735 82
733 758 49
733 760 45
733 762 57
733 765 71
733 793 61
733 796 25
733 801 77
733 806 71
733 810 73
733 834 80
733 838 68
733 849 44
733 850 45
733 852 56
733 856 71
733 896 80
733 909 42
733 922 21
733 928 50
733 937 42
733 938 59
733 939 77
733 941 77
733 949 14
733 958 29
733 970 4
733 976 41
733 981 81
733 996 53
734 751 30
734 752 74
734 754 81
734 777 20
734 780 43
734 781 96
734 785 54
734 816 69
734 827 92
734 843 8
734 847 31
734 855 92
734 860 90
734 864 26
734 887 33
734 900 32
734 907 44
734 911 87
734 917 45
734 923 40
734 924 87
734 929 14
734 942 17
734 951 65
734 960 79
734 994 94
734 997 96
735 758 22
735 760 56
735 762 57
735 782 56
735 793 73
735 801 25
735 806 49
735 810 35
735 820 99
735 834 79
735 849 44
735 850 22
735 856 83
735 868 15
735 870 90
735 896 60
735 909 62
735 922 40
735 928 5
735 930 38
735 937 49
735 938 7
735 939 86
735 941 34
735 946 73
735 949 51
735 958 17
735 970 66
735 976 89
735 996 72
736 746 71
736 757 17
736 759 71
736 763 95
736 767 91
736 769 23
736 794 50
736 797 99
736 804 17
736 808 38
736 811 80
736 812 68
736 817 23
736 823 54
736 824 29
736 831 69
736 833 19
736 851 14
736 867 43
736 879 45
736 899 77
736 905 70
736 915 81
736 918 59
736 920 34
736 956 40
736 962 72
736 967 42
736 977 74
736 979 57
736 980 27
736 986 43
736 987 51
737 765 81
737 783 8
737 790 32
737 813 2
737 838 87
737 852 51
737 862 15
737 909 27
737 916 58
737 936 4
737 939 59
737 941 60
737 943 74
737 945 27
737 968 40
737 972 77
737 993 55
738 740 78
738 741 25
738 764 96
738 788 56
738 792 6
738 795 96
738 815 84
738 826 11
738 836 48
738 859 28
738 865 98
738 878 89
738 892 53
738 906 82
738 925 97
738 934 16
738 940 2
738 947 48
738 963 19
738 964 46
738 973 36
738 974 17
738 975 16
739 744 34
739 770 67
739 773 1
739 778 29
739 802 81
739 818 93
739 819 44
739 837 42
739 883 10
739 888 58
739 897 75
739 901 48
739 903 72
739 953 92
739 975 54
739 990 54
739 992 39
739 995 70
740 741 67
740 768 33
740 792 97
740 795 12
740 797 96
740 809 49
740 832 57
740 842 64
740 844 19
740 846 92
740 848 8
740 859 36
740 892 92
740 895 49
740 919 59
740 925 68
740 934 71
740 963 85
740 964 66
741 753 47
741 764 82
741 792 2
741 795 78
741 797 2
741 807 13
741 809 34
741 817 77
741 823 68
741 836 6
741 859 28
741 891 90
741 892 47
741 895 14
741 919 95
741 920 94
741 925 13
741 934 23
741 963 68
741 964 16
741 967 40
741 973 9
741 979 81
741 980 18
741 986 99
742 757 10
742 763 36
742 767 100
742 768 69
742 771 18
742 774 4
742 805 6
742 808 45
742 825 3
742 831 59
742 832 56
742 840 33
742 841 69
742 844 10
742 882 55
742 926 50
742 954 18
742 959 11
742 966 42
742 991 73
742 998 90
743 745 95
743 749 79
743 751 73
743 754 42
743 775 10
743 785 98
743 786 11
743 789 80
743 830 8
743 837 41
743 839 76
743 845 43
743 847 9
743 854 12
743 855 6
743 858 29
743 880 46
743 884 13
743 887 61
743 889 1
743 890 34
743 893 76
743 898 21
743 923 20
743 929 39
743 942 37
743 950 34
743 960 75
743 971 3
743 978 65
743 982 94
743 997 11
744 773 85
744 778 96
744 802 16
744 818 10
744 819 58
744 837 75
744 858 28
744 883 3
744 884 67
744 888 40
744 897 46
744 901 20
744 903 50
744 978 54
744 990 23
744 992 87
744 995 86
745 749 37
745 751 69
745 754 20
745 775 64
745 785 39
745 786 26
745 830 84
745 837 38
745 839 32
745 845 96
745 847 83
745 854 53
745 855 42
745 858 15
745 880 36
745 883 38
745 884 32
745 887 28
745 893 18
745 903 74
745 923 91
745 929 46
745 942 59
745 960 65
745 978 69
745 982 16
745 997 18
746 759 34
746 766 15
746 769 81
746 794 53
746 796 29
746 804 56
746 811 74
746 812 96
746 824 65
746 833 26
746 851 64
746 857 21
746 867 60
746 871 33
746 872 84
746 879 29
746 886 45
746 904 92
746 912 52
746 915 47
746 916 35
746 918 92
746 927 9
746 935 28
746 937 83
746 948 61
746 956 43
746 961 95
746 962 24
746 977 36
746 981 57
746 984 83
746 989 53
747 750 86
747 752 37
747 758 30
747 761 72
747 762 78
747 772 11
747 776 8
747 782 46
747 791 3
747 800 44
747 810 40
747 820 67
747 827 25
747 829 29
747 834 19
747 843 77
747 861 91
747 868 82
747 869 50
747 870 24
747 881 41
747 896 97
747 902 100
747 921 18
747 930 16
747 946 64
747 949 45
747 951 2
747 969 82
747 996 4
748 751 53
748 755 80
748 756 29
748 761 32
748 766 21
748 777 68
748 779 20
748 781 61
748 784 37
748 798 77
748 799 97
748 800 87
748 803 16
748 827 12
748 835 51
748 853 13
748 870 44
748 871 37
748 875 86
748 885 35
748 887 64
748 889 66
748 894 3
748 900 46
748 904 34
748 912 66
748 913 23
748 917 57
748 923 10
748 927 45
748 932 84
748 935 56
748 950 55
748 952 88
748 961 30
748 989 55
749 754 84
749 775 85
749 786 52
749 787 21
749 789 63
749 830 57
749 837 1
749 839 20
749 845 56
749 854 52
749 858 61
749 880 94
749 884 2
749 887 34
749 888 42
749 889 43
749 890 72
749 893 82
749 898 18
749 901 62
749 914 46
749 931 30
749 942 51
749 950 2
749 955 33
749 971 51
749 978 57
749 982 4
749 995 75
750 752 26
750 772 82
750 776 56
750 782 37
750 791 37
750 820 64
750 829 21
750 843 70
750 861 43
750 868 60
750 869 83
750 881 79
750 902 31
750 921 75
750 930 26
750 951 74
750 969 35
750 996 42
751 754 17
751 755 17
751 756 66
751 775 47
751 777 55
751 780 58
751 781 31
751 785 46
751 786 38
751 789 64
751 816 99
751 827 50
751 845 28
751 847 93
751 855 84
751 860 62
751 864 1
751 880 78
751 887 17
751 889 66
751 893 84
751 894 31
751 900 49
751 907 85
751 911 83
751 913 42
751 917 88
751 923 9
751 924 13
751 929 3
751 942 32
751 950 5
751 951 78
751 960 13
751 982 69
751 994 73
751 997 75
752 772 74
752 777 75
752 780 26
752 781 48
752 816 90
752 827 67
752 843 93
752 860 92
752 861 20
752 864 33
752 869 10
752 881 31
752 900 37
752 902 60
752 907 59
752 911 91
752 921 46
752 924 5
752 951 68
752 969 38
752 994 94
752 997 99
753 759 8
753 795 56
753 797 13
753 798 4
753 803 37
753 804 28
753 807 95
753 812 67
753 817 14
753 821 56
753 823 36
753 835 2
753 836 14
753 853 93
753 867 45
753 871 15
753 879 60
753 891 21
753 899 5
753 904 80
753 912 62
753 920 93
753 925 40
753 932 40
753 934 85
753 952 29
753 963 37
753 965 88
753 967 78
753 977 8
753 979 53
753 980 7
753 985 6
753 986 1
753 989 40
754 775 68
754 777 31
754 780 94
754 781 29
754 785 82
754 786 58
754 816 46
754 830 97
754 845 38
754 847 7
754 854 77
754 855 93
754 858 59
754 860 71
754 880 48
754 884 98
754 887 63
754 889 22
754 893 16
754 900 56
754 907 42
754 917 29
754 923 95
754 929 15
754 942 73
754 950 37
754 960 86
754 982 69
754 994 88
754 997 76
755 756 10
755 766 77
755 775 12
755 777 48
755 779 93
755 781 7
755 789 45
755 798 50
755 803 74
755 821 81
755 835 50
755 853 57
755 871 19
755 875 17
755 880 35
755 885 59
755 887 11
755 889 25
755 894 6
755 898 12
755 900 75
755 904 2
755 913 12
755 917 14
755 923 3
755 932 90
755 942 62
755 950 52
755 952 70
755 955 24
755 989 33
755 997 13
756 761 57
756 766 65
756 779 56
756 781 58
756 784 27
756 789 46
756 798 59
756 799 41
756 800 99
756 803 77
756 821 26
756 835 91
756 853 25
756 871 26
756 875 22
756 885 89
756 887 89
756 889 19
756 894 96
756 898 49
756 900 73
756 904 28
756 912 25
756 913 29
756 917 55
756 927 83
756 932 48
756 935 37
756 950 50
756 952 88
756 955 92
756 961 28
756 985 7
756 989 90
757 763 17
757 767 43
757 771 17
757 774 9
757 797 1
757 808 93
757 809 50
757 823 53
757 831 47
757 840 4
757 841 36
757 844 20
757 882 86
757 895 95
757 899 23
757 905 62
757 926 6
757 954 1
757 959 66
757 962 11
757 966 12
757 979 81
757 980 85
757 983 69
757 986 2
757 991 80
757 998 71
758 760 36
758 761 34
758 762 23
758 784 57
758 799 28
758 800 75
758 801 9
758 806 52
758 810 18
758 820 29
758 849 81
758 850 23
758 861 11
758 868 63
758 870 60
758 875 63
758 896 70
758 902 33
758 922 87
758 928 66
758 930 75
758 938 94
758 946 58
758 949 40
758 961 16
758 970 90
758 996 22
759 766 51
759 794 75
759 796 55
759 803 61
759 804 60
759 811 42
759 812 58
759 817 11
759 824 34
759 851 3
759 853 43
759 867 57
759 871 89
759 872 67
759 879 65
759 885 42
759 886 47
759 904 46
759 912 52
759 915 88
759 918 63
759 927 7
759 935 59
759 948 17
759 952 1
759 956 66
759 961 77
759 977 82
759 981 52
759 984 65
759 989 74
760 761 55
760 762 53
760 784 74
760 793 33
760 799 41
760 800 78
760 801 22
760 806 21
760 810 40
760 820 82
760 834 75
760 849 16
760 850 54
760 856 68
760 861 59
760 868 36
760 870 96
760 896 49
760 922 96
760 928 82
760 930 27
760 937 35
760 938 47
760 941 63
760 946 71
760 949 60
760 961 39
760 970 47
760 981 36
760 996 25
761 762 22
761 777 13
761 781 81
761 784 71
761 799 4
761 800 93
761 810 40
761 820 84
761 827 17
761 843 31
761 849 96
761 850 77
761 861 5
761 868 85
761 870 11
761 875 76
761 881 44
761 885 35
761 894 25
761 896 2
761 900 63
761 902 55
761 907 96
761 911 8
761 913 95
761 917 62
761 921 86
761 928 59
761 946 95
761 949 45
761 951 37
761 961 41
761 969 33
761 996 58
762 782 37
762 784 32
762 799 2
762 800 31
762 801 59
762 806 86
762 810 62
762 820 17
762 834 6
762 849 30
762 850 24
762 861 71
762 868 82
762 870 86
762 875 17
762 896 44
762 902 57
762 921 7
762 928 4
762 930 51
762 938 9
762 946 100
762 949 74
762 961 44
762 970 2
762 996 70
763 767 99
763 769 59
763 771 37
763 774 6
763 797 65
763 808 72
763 811 46
763 823 53
763 831 45
763 833 39
763 840 73
763 841 85
763 844 80
763 851 62
763 879 43
763 899 25
763 905 33
763 926 78
763 944 77
763 954 25
763 957 22
763 962 67
763 966 54
763 979 4
763 980 15
763 983 77
763 986 54
763 998 24
764 787 88
764 788 98
764 795 8
764 807 42
764 815 20
764 821 48
764 826 77
764 836 37
764 859 13
764 865 21
764 878 84
764 891 98
764 892 68
764 906 51
764 914 41
764 925 65
764 931 74
764 934 35
764 940 30
764 947 89
764 953 71
764 963 26
764 964 62
764 965 93
764 973 91
764 974 62
764 975 79
764 985 74
765 783 92
765 793 58
765 801 98
765 806 64
765 838 24
765 852 85
765 909 46
765 922 30
765 936 55
765 939 68
765 941 97
765 943 68
765 945 59
765 976 76
766 779 40
766 784 80
766 794 90
766 798 80
766 799 4
766 803 70
766 804 40
766 824 16
766 835 84
766 850 92
766 853 54
766 871 77
766 872 93
766 875 80
766 885 79
766 886 41
766 894 59
766 904 5
766 912 20
766 913 43
766 927 26
766 932 14
766 935 70
766 952 27
766 961 78
766 977 34
766 981 97
766 989 51
767 769 97
767 771 15
767 774 93
767 808 95
767 811 47
767 822 18
767 831 29
767 833 1
767 851 82
767 866 73
767 874 5
767 905 69
767 908 61
767 926 56
767 944 81
767 954 68
767 957 36
767 962 83
767 966 90
767 983 20
767 987 46
768 805 8
768 809 10
768 825 34
768 832 18
768 840 53
768 841 42
768 842 55
768 844 69
768 846 78
768 848 61
768 876 51
768 882 66
768 895 9
768 910 76
768 919 3
768 959 42
768 991 15
768 998 74
768 999 58
769 794 70
769 804 47
769 808 24
769 811 72
769 812 29
769 814 43
769 824 67
769 833 46
769 851 35
769 857 58
769 862 86
769 866 51
769 867 11
769 873 75
769 874 9
769 877 91
769 879 65
769 905 21
769 908 58
769 915 6
769 916 38
769 918 81
769 944 26
769 948 37
769 956 13
769 957 68
769 962 96
769 968 89
769 983 37
769 984 91
769 987 70
770 773 93
770 778 60
770 787 4
770 788 41
770 802 5
770 815 70
770 818 8
770 826 54
770 865 44
770 878 81
770 888 34
770 897 80
770 901 31
770 914 74
770 940 76
770 947 69
770 953 18
770 974 44
770 975 87
770 990 72
770 995 99
771 774 69
771 808 87
771 831 2
771 840 61
771 841 19
771 844 73
771 882 31
771 926 15
771 954 46
771 959 43
771 966 63
771 983 48
771 991 67
771 998 90
772 776 94
772 782 12
772 791 13
772 820 20
772 827 56
772 829 26
772 843 50
772 861 93
772 868 27
772 869 57
772 881 25
772 902 33
772 911 7
772 921 19
772 930 9
772 946 75
772 951 69
772 969 59
772 996 13
773 778 46
773 802 82
773 818 73
773 819 87
773 837 45
773 888 16
773 897 17
773 901 14
773 953 10
773 975 81
773 990 55
773 992 79
773 995 91
774 808 60
774 831 12
774 840 25
774 841 73
774 844 2
774 882 13
774 926 78
774 954 96
774 959 33
774 966 88
774 986 79
774 991 63
774 998 7
775 779 47
775 781 23
775 786 67
775 789 76
775 830 40
775 839 50
775 845 78
775 854 74
775 855 60
775 858 12
775 880 4
775 884 46
775 887 87
775 889 44
775 890 92
775 893 95
775 898 54
775 917 94
775 923 61
775 929 74
775 931 28
775 932 38
775 942 82
775 950 71
775 955 8
775 960 95
775 971 69
775 978 27
775 982 3
775 997 51
776 782 1
776 791 34
776 820 47
776 829 10
776 834 26
776 861 19
776 868 70
776 869 41
776 881 78
776 902 69
776 921 35
776 930 96
776 958 91
776 969 57
776 996 72
777 780 91
777 781 43
777 785 86
777 800 65
777 816 2
777 827 23
777 843 75
777 847 87
777 855 72
777 860 14
777 864 55
777 887 2
777 894 2
777 900 15
777 907 48
777 911 98
777 913 5
777 917 22
777 923 40
777 924 93
777 929 72
777 942 38
777 950 58
777 951 48
777 960 20
777 994 49
777 997 3
778 787 81
778 788 20
778 802 56
778 815 29
778 818 25
778 819 30
778 826 50
778 837 29
778 865 97
778 878 11
778 888 81
778 897 56
778 901 22
778 914 48
778 931 3
778 953 34
778 971 86
778 974 6
778 975 67
778 978 55
778 990 89
778 992 38
778 995 66
779 789 19
779 798 78
779 803 27
779 821 4
779 835 98
779 839 53
779 853 83
779 871 46
779 875 77
779 880 39
779 885 29
779 887 29
779 889 81
779 890 95
779 891 47
779 894 35
779 898 69
779 904 59
779 912 93
779 913 44
779 917 24
779 931 61
779 932 56
779 950 92
779 952 19
779 955 19
779 965 11
779 971 53
779 985 51
779 989 84
780 781 54
780 785 54
780 816 43
780 827 53
780 843 85
780 847 66
780 855 19
780 860 35
780 864 13
780 881 7
780 887 24
780 900 4
780 907 72
780 911 3
780 923 9
780 924 32
780 929 9
780 942 12
780 951 64
780 960 3
780 994 28
780 997 2
781 785 62
781 800 50
781 816 92
781 827 23
781 860 91
781 864 77
781 875 31
781 880 58
781 885 18
781 887 5
781 889 25
781 894 94
781 900 88
781 907 82
781 911 85
781 913 19
781 917 93
781 923 48
781 924 53
781 929 10
781 942 91
781 950 40
781 951 53
781 960 19
781 994 84
781 997 87
782 791 44
782 793 51
782 810 38
782 820 19
782 834 8
782 856 93
782 868 33
782 869 14
782 896 44
782 902 31
782 921 31
782 928 71
782 930 78
782 938 48
782 958 24
782 970 55
782 996 98
783 796 3
783 801 26
783 813 11
783 838 66
783 852 74
783 857 17
783 862 10
783 877 20
783 909 47
783 915 64
783 916 72
783 918 95
783 922 44
783 936 91
783 937 91
783 939 63
783 941 2
783 943 35
783 945 34
783 948 44
783 968 81
783 972 72
783 981 10
783 984 1
783 993 79
784 799 50
784 800 64
784 810 84
784 820 4
784 827 96
784 849 5
784 850 42
784 853 91
784 861 43
784 870 18
784 875 74
784 885 26
784 894 5
784 896 7
784 900 29
784 913 100
784 917 4
784 927 60
784 928 19
784 935 47
784 946 63
784 949 60
784 952 74
784 961 26
784 989 38
784 996 34
785 786 56
785 816 13
785 830 9
785 845 57
785 847 26
785 855 1
785 860 91
785 864 99
785 887 48
785 900 94
785 907 53
785 911 75
785 923 52
785 924 12
785 929 20
785 942 11
785 960 52
785 982 74
785 994 80
785 997 70
786 789 13
786 830 21
786 839 42
786 845 3
786 847 85
786 854 20
786 855 13
786 858 93
786 880 46
786 884 25
786 887 96
786 889 99
786 893 1
786 923 12
786 929 66
786 942 60
786 950 33
786 960 11
786 971 10
786 978 2
786 982 98
786 997 76
787 788 62
787 789 27
787 815 39
787 821 46
787 826 48
787 836 93
787 839 76
787 865 14
787 878 90
787 888 24
787 890 67
787 891 94
787 898 39
787 901 82
787 906 35
787 914 48
787 931 86
787 940 50
787 947 23
787 953 22
787 955 33
787 963 79
787 965 24
787 971 24
787 974 92
787 975 85
787 978 81
787 985 3
787 995 20
788 789 41
788 802 47
788 815 38
788 821 39
788 826 83
788 836 49
788 839 12
788 865 41
788 878 11
788 888 77
788 890 24
788 898 5
788 901 84
788 906 98
788 914 43
788 931 22
788 940 12
788 947 48
788 953 48
788 955 86
788 963 13
788 965 82
788 971 13
788 973 8
788 974 27
788 975 62
788 978 45
788 995 35
789 798 14
789 821 92
789 835 24
789 839 76
789 858 17
789 865 74
789 880 34
789 884 72
789 887 58
789 888 25
789 889 27
789 890 30
789 893 69
789 894 45
789 898 79
789 901 22
789 906 1
789 914 6
789 931 98
789 932 15
789 942 78
789 950 30
789 955 76
789 965 48
789 971 20
789 978 6
790 813 36
790 814 47
790 828 38
790 863 34
790 866 48
790 873 28
790 874 20
790 877 44
790 908 90
790 933 86
790 945 69
790 968 61
790 972 22
790 988 58
790 993 35
791 829 94
791 869 5
791 881 39
791 902 28
791 921 19
792 848 52
792 859 92
792 892 3
792 919 65
792 964 52
792 973 94
793 801 94
793 806 76
793 810 28
793 834 27
793 852 82
793 856 40
793 896 14
793 909 26
793 922 47
793 928 9
793 930 77
793 938 99
793 941 47
793 958 70
793 970 25
793 976 49
794 796 13
794 803 75
794 804 27
794 811 86
794 812 60
794 817 51
794 824 61
794 833 93
794 851 60
794 867 52
794 871 10
794 872 57
794 879 9
794 886 26
794 904 92
794 912 46
794 915 37
794 918 35
794 927 41
794 935 22
794 948 92
794 956 2
794 962 16
794 977 80
794 981 28
794 984 75
794 989 25
795 797 39
795 807 7
795 821 4
795 826 3
795 836 16
795 859 14
795 891 28
795 892 56
795 895 64
795 906 7
795 919 33
795 920 8
795 925 6
795 934 60
795 947 86
795 963 51
795 964 39
795 965 23
795 967 4
795 973 85
795 979 35
795 985 28
796 801 16
796 806 1
796 824 44
796 838 73
796 849 66
796 850 48
796 862 34
796 872 100
796 886 85
796 915 100
796 916 71
796 918 94
796 922 84
796 927 74
796 935 31
796 937 41
796 939 12
796 941 42
796 948 70
796 961 50
796 981 80
796 984 51
797 804 80
797 807 19
797 808 88
797 809 93
797 812 32
797 817 83
797 823 64
797 831 6
797 841 46
797 844 41
797 867 66
797 879 28
797 895 75
797 899 56
797 919 86
797 920 99
797 925 1
797 934 32
797 963 77
797 967 96
797 979 17
797 980 96
797 986 51
797 991 3
798 803 73
798 821 85
798 835 80
798 853 23
798 871 41
798 875 17
798 885 59
798 889 11
798 890 6
798 891 26
798 894 24
798 898 49
798 904 54
798 912 13
798 913 27
798 927 49
798 932 33
798 935 56
798 950 69
798 952 2
798 955 53
798 965 76
798 977 79
798 985 74
798 989 39
799 800 39
799 810 92
799 820 89
799 827 6
799 849 70
799 850 55
799 853 46
799 861 76
799 870 94
799 875 83
799 885 66
799 886 92
799 894 84
799 896 16
799 900 23
799 912 39
799 913 83
799 917 27
799 927 9
799 928 66
799 935 25
799 946 20
799 949 90
799 952 77
799 961 28
799 989 23
800 810 37
800 820 34
800 827 9
800 843 80
800 849 91
800 850 4
800 861 14
800 868 72
800 870 60
800 875 89
800 881 61
800 885 21
800 894 26
800 896 80
800 900 33
800 902 87
800 907 22
800 911 64
800 913 80
800 917 1
800 921 52
800 928 38
800 946 64
800 949 61
800 951 12
800 961 44
800 969 67
800 996 20
801 806 69
801 810 67
801 838 12
801 849 70
801 850 25
801 852 53
801 856 10
801 872 19
801 896 99
801 909 29
801 922 69
801 928 8
801 937 30
801 938 83
801 939 32
801 941 54
801 970 48
801 976 70
801 981 84
802 815 57
802 818 40
802 819 41
802 878 12
802 888 47
802 897 3
802 901 13
802 914 12
802 953 100
802 974 7
802 975 87
802 990 33
802 992 9
802 995 82
803 804 27
803 807 80
803 812 47
803 821 22
803 824 43
803 835 69
803 853 24
803 871 83
803 875 32
803 885 44
803 891 36
803 894 76
803 904 6
803 912 36
803 913 2
803 927 96
803 932 90
803 935 97
803 952 56
803 955 60
803 961 28
803 965 14
803 977 4
803 985 21
803 989 8
804 807 60
804 811 12
804 812 44
804 817 51
804 823 52
804 824 97
804 833 67
804 851 29
804 867 22
804 871 28
804 872 57
804 879 23
804 886 85
804 899 91
804 904 17
804 912 2
804 918 98
804 920 39
804 927 19
804 935 60
804 948 41
804 956 99
804 962 84
804 967 7
804 977 74
804 979 24
804 980 14
804 986 27
804 989 69
805 825 78
805 832 13
805 840 82
805 841 84
805 842 74
805 844 30
805 846 66
805 848 44
805 876 95
805 882 17
805 910 58
805 959 48
805 991 28
805 998 51
805 999 57
806 810 14
806 834 40
806 849 73
806 850 77
806 852 66
806 856 3
806 896 57
806 909 19
806 922 93
806 928 87
806 930 44
806 937 17
806 938 59
806 939 78
806 941 1
806 958 50
806 970 20
806 976 87
806 981 92
806 996 39
807 812 43
807 817 80
807 821 35
807 823 53
807 836 89
807 867 6
807 891 35
807 895 36
807 899 74
807 904 77
807 906 99
807 920 44
807 925 75
807 934 10
807 963 20
807 965 15
807 967 43
807 977 84
807 979 88
807 980 98
807 985 64
807 986 47
808 809 60
808 811 78
808 812 85
808 817 65
808 823 50
808 831 18
808 833 90
808 840 41
808 841 15
808 844 81
808 851 19
808 867 69
808 879 85
808 882 21
808 895 19
808 899 100
808 905 14
808 926 99
808 954 86
808 956 83
808 959 97
808 962 9
808 966 70
808 967 2
808 979 88
808 980 77
808 983 96
808 986 68
808 991 5
808 998 87
809 823 37
809 831 76
809 832 23
809 840 20
809 841 53
809 842 98
809 844 7
809 848 37
809 882 15
809 895 82
809 899 24
809 919 79
809 920 32
809 925 50
809 934 100
809 959 96
809 967 8
809 979 62
809 980 90
809 986 35
809 991 64
809 998 79
810 820 33
810 834 54
810 849 65
810 850 97
810 856 1
810 861 78
810 868 31
810 870 16
810 896 58
810 902 44
810 922 51
810 928 15
810 930 72
810 937 80
810 938 80
810 946 36
810 949 70
810 958 97
810 970 34
810 976 26
810 996 54
811 812 70
811 817 15
811 823 100
811 824 55
811 833 79
811 851 27
811 857 21
811 867 60
811 872 54
811 873 15
811 877 69
811 879 93
811 899 2
811 905 24
811 915 14
811 918 25
811 948 82
811 956 49
811 962 67
811 967 18
811 977 57
811 984 62
811 986 22
811 987 60
812 817 9
812 823 7
812 824 28
812 831 54
812 833 41
812 851 43
812 867 51
812 871 43
812 879 81
812 895 44
812 899 17
812 904 71
812 912 46
812 920 86
812 934 85
812 956 32
812 962 27
812 967 36
812 977 31
812 979 34
812 980 22
812 986 38
813 933 20
813 936 73
813 943 95
813 945 83
813 972 60
813 988 59
813 993 32
814 822 85
814 828 67
814 833 22
814 857 7
814 862 69
814 863 64
814 866 81
814 873 1
814 874 76
814 877 90
814 905 13
814 908 53
814 915 37
814 933 56
814 944 6
814 957 1
814 968 48
814 983 45
814 987 90
814 993 73
815 818 97
815 826 92
815 836 2
815 865 98
815 878 69
815 888 87
815 901 42
815 906 70
815 914 86
815 940 66
815 947 32
815 953 86
815 973 71
815 974 99
815 975 54
815 995 40
816 827 100
816 843 98
816 845 49
816 847 59
816 855 38
816 860 8
816 864 18
816 887 3
816 900 52
816 907 89
816 911 56
816 923 42
816 924 68
816 929 92
816 942 24
816 951 95
816 960 47
816 994 72
816 997 61
817 823 80
817 824 53
817 831 5
817 833 10
817 851 10
817 867 30
817 879 77
817 891 70
817 895 94
817 899 40
817 904 31
817 920 79
817 925 75
817 934 55
817 956 16
817 962 23
817 967 9
817 977 7
817 979 80
817 980 1
817 986 79
818 819 22
818 837 67
818 888 15
818 897 5
818 901 96
818 953 8
818 975 18
818 990 61
818 992 70
818 995 93
819 837 86
819 883 55
819 888 52
819 897 77
819 903 14
819 990 15
819 992 31
820 827 58
820 843 64
820 849 71
820 850 76
820 861 100
820 868 23
820 869 7
820 870 89
820 881 83
820 896 1
820 902 25
820 911 71
820 921 62
820 928 95
820 930 14
820 946 10
820 949 43
820 951 81
820 969 28
820 996 94
821 826 24
821 835 97
821 836 91
821 839 51
821 853 21
821 865 27
821 889 5
821 890 60
821 891 73
821 898 90
821 904 34
821 906 80
821 914 46
821 931 36
821 932 40
821 947 52
821 950 34
821 952 71
821 955 69
821 963 20
821 965 10
821 971 26
821 985 95
822 828 45
822 863 48
822 866 18
822 873 21
822 874 38
822 877 24
822 905 52
822 908 72
822 944 95
822 957 76
822 983 90
822 987 1
823 831 38
823 833 40
823 841 92
823 844 78
823 851 69
823 867 51
823 879 89
823 895 90
823 899 81
823 920 91
823 925 80
823 934 61
823 956 87
823 962 96
823 967 20
823 977 45
823 979 36
823 980 26
823 986 99
824 833 98
824 851 66
824 867 61
824 871 61
824 872 98
824 879 50
824 886 74
824 904 26
824 912 90
824 915 3
824 916 49
824 918 16
824 927 89
824 935 86
824 948 97
824 956 73
824 961 41
824 962 60
824 977 31
824 981 29
824 984 28
824 989 9
825 832 73
825 840 32
825 841 14
825 842 28
825 844 73
825 846 50
825 848 65
825 876 83
825 882 5
825 910 37
825 959 52
825 991 10
825 998 1
825 999 49
826 836 38
826 839 69
826 865 22
826 878 51
826 888 39
826 890 40
826 891 76
826 898 24
826 901 61
826 906 96
826 914 42
826 931 85
826 940 56
826 947 85
826 953 55
826 955 76
826 963 34
826 965 87
826 971 77
826 973 81
826 974 42
826 975 28
826 995 56
827 843 9
827 860 83
827 861 40
827 864 43
827 870 51
827 875 10
827 881 72
827 887 52
827 894 29
827 900 51
827 902 4
827 907 41
827 911 96
827 913 58
827 917 36
827 921 68
827 923 93
827 924 17
827 942 54
827 946 30
827 949 6
827 951 5
827 969 55
827 994 29
827 997 70
828 863 97
828 866 40
828 873 90
828 874 32
828 877 8
828 908 29
828 933 47
828 944 32
828 957 38
828 968 90
828 987 21
828 993 90
829 869 18
829 881 16
829 902 31
829 921 7
829 969 16
830 837 55
830 845 68
830 847 32
830 854 29
830 855 90
830 858 55
830 883 76
830 884 29
830 893 41
830 903 61
830 929 100
830 960 88
830 978 10
830 982 78
831 833 85
831 840 76
831 841 3
831 844 12
831 851 95
831 879 1
831 882 54
831 895 65
831 899 1
831 905 33
831 926 100
831 954 9
831 959 62
831 962 100
831 966 60
831 967 2
831 979 78
831 980 93
831 986 45
831 991 55
831 998 52
832 840 86
832 841 25
832 842 59
832 844 73
832 846 19
832 848 34
832 876 100
832 882 5
832 910 26
832 919 82
832 959 25
832 991 3
832 998 77
832 999 87
833 851 32
833 857 29
833 866 56
833 867 74
833 873 31
833 874 23
833 877 97
833 879 88
833 899 26
833 905 10
833 908 12
833 915 76
833 918 96
833 944 71
833 948 72
833 954 25
833 956 92
833 957 78
833 962 55
833 968 48
833 983 6
833 984 46
833 987 54
834 856 89
834 868 24
834 896 24
834 928 75
834 930 59
834 938 20
834 958 84
834 970 73
834 976 97
834 996 74
835 853 4
835 871 81
835 875 49
835 885 82
835 889 100
835 890 27
835 891 95
835 894 59
835 898 89
835 904 33
835 912 2
835 913 17
835 927 57
835 931 63
835 932 6
835 935 34
835 950 16
835 952 50
835 955 36
835 965 78
835 977 21
835 985 48
835 989 25
836 865 57
836 878 55
836 890 77
836 891 39
836 898 100
836 906 89
836 914 70
836 925 42
836 931 74
836 934 85
836 940 57
836 947 60
836 953 100
836 955 65
836 963 1
836 964 27
836 965 39
836 973 45
836 974 51
836 975 9
836 985 96
837 854 71
837 858 92
837 883 90
837 884 6
837 888 94
837 893 35
837 897 18
837 901 45
837 903 89
837 971 63
837 978 70
837 982 4
837 990 14
837 992 77
838 852 78
838 857 7
838 862 28
838 872 100
838 886 87
838 909 74
838 915 41
838 916 90
838 918 32
838 922 97
838 936 28
838 937 70
838 939 54
838 941 6
838 943 30
838 945 10
838 948 74
838 968 12
838 981 6
838 984 7
838 993 10
839 854 7
839 858 61
839 865 70
839 880 2
839 884 98
839 888 5
839 889 36
839 890 22
839 893 69
839 898 59
839 901 35
839 914 38
839 931 77
839 932 89
839 950 14
839 953 84
839 955 68
839 965 5
839 971 66
839 978 51
839 982 6
839 995 69
840 841 38
840 842 9
840 844 96
840 882 91
840 910 55
840 926 55
840 954 84
840 959 58
840 966 8
840 991 93
840 998 72
841 842 77
841 844 33
841 882 37
841 895 37
841 899 67
841 919 24
841 926 24
841 954 89
841 959 71
841 966 60
841 979 30
841 980 31
841 986 37
841 991 98
841 998 9
842 844 65
842 846 94
842 848 25
842 876 89
842 882 76
842 892 66
842 910 81
842 919 65
842 991 93
842 999 32
843 860 57
843 861 51
843 864 95
843 868 80
843 869 78
843 870 53
843 881 60
843 900 63
843 902 39
843 907 20
843 911 60
843 921 38
843 924 97
843 946 91
843 949 10
843 951 83
843 969 29
843 994 76
844 882 83
844 895 1
844 899 93
844 919 41
844 920 37
844 926 100
844 954 61
844 959 54
844 966 57
844 967 88
844 979 32
844 980 12
844 986 56
844 991 10
844 998 1
845 847 59
845 854 12
845 855 100
845 858 90
845 880 87
845 884 95
845 887 52
845 893 21
845 923 84
845 929 84
845 942 10
845 960 4
845 982 82
845 997 97
846 848 97
846 876 48
846 910 29
846 919 26
846 999 27
847 854 58
847 855 35
847 860 83
847 864 94
847 887 27
847 923 100
847 924 41
847 929 35
847 942 70
847 960 64
847 982 65
847 994 22
847 997 47
848 859 37
848 876 68
848 892 40
848 910 64
848 919 51
848 964 61
848 999 59
849 850 25
849 861 1
849 868 38
849 870 82
849 875 46
849 885 91
849 886 47
849 896 92
849 922 66
849 927 40
849 928 20
849 935 38
849 937 25
849 946 65
849 949 79
849 961 72
849 970 48
849 981 33
849 996 49
850 861 73
850 868 97
850 870 92
850 875 51
850 885 86
850 886 4
850 896 23
850 922 93
850 927 32
850 928 35
850 935 26
850 937 9
850 946 48
850 949 47
850 961 53
850 970 16
850 981 51
850 996 81
851 857 3
851 867 88
851 879 79
851 899 92
851 905 34
851 915 9
851 918 9
851 948 92
851 956 45
851 962 46
851 967 34
851 977 17
851 979 85
851 980 10
851 984 48
851 986 14
851 987 19
852 909 28
852 922 37
852 936 1
852 937 41
852 939 96
852 941 94
852 943 87
852 945 95
852 976 70
853 871 100
853 875 7
853 885 97
853 886 98
853 891 6
853 894 9
853 904 1
853 912 67
853 913 46
853 917 18
853 927 37
853 932 46
853 935 5
853 952 81
853 955 32
853 961 21
853 977 27
853 985 96
853 989 1
854 855 66
854 858 33
854 880 65
854 883 41
854 884 29
854 893 58
854 903 61
854 929 1
854 960 54
854 971 54
854 978 38
854 982 53
855 860 17
855 864 88
855 884 39
855 887 77
855 923 58
855 929 77
855 942 43
855 960 49
855 982 81
855 994 22
855 997 17
856 868 21
856 896 89
856 909 56
856 922 31
856 928 55
856 930 47
856 938 32
856 958 60
856 970 64
856 976 31
856 996 9
857 862 65
857 866 68
857 873 36
857 874 79
857 877 55
857 905 64
857 908 44
857 915 59
857 916 15
857 918 73
857 944 24
857 945 82
857 948 77
857 956 32
857 962 3
857 968 71
857 984 69
857 987 92
857 993 8
858 880 53
858 883 70
858 884 89
858 888 14
858 889 100
858 890 6
858 893 23
858 898 17
858 901 66
858 903 35
858 931 35
858 950 30
858 971 91
858 978 18
858 982 15
858 995 23
859 892 79
859 919 25
859 964 28
859 973 95
860 864 68
860 887 88
860 900 15
860 907 10
860 911 88
860 917 46
860 923 45
860 924 84
860 929 90
860 942 30
860 951 79
860 960 56
860 994 11
860 997 87
861 868 37
861 869 68
861 870 36
861 881 69
861 896 23
861 900 30
861 902 40
861 907 54
861 911 70
861 921 74
861 928 78
861 930 14
861 946 25
861 949 86
861 951 29
861 969 60
861 996 66
862 866 15
862 872 70
862 873 44
862 877 30
862 908 66
862 915 9
862 916 94
862 918 48
862 937 8
862 939 32
862 941 68
862 943 93
862 945 46
862 948 61
862 968 63
862 981 19
862 984 77
862 987 44
862 993 15
863 866 22
863 873 49
863 874 51
863 877 7
863 908 23
863 933 86
863 944 95
863 957 44
863 968 71
863 987 75
863 993 14
864 881 71
864 887 51
864 900 97
864 907 55
864 911 10
864 917 68
864 923 87
864 924 59
864 929 99
864 942 7
864 951 70
864 960 18
864 969 94
864 994 87
864 997 43
865 878 38
865 888 64
865 890 49
865 898 17
865 901 34
865 906 4
865 914 95
865 931 13
865 940 4
865 947 7
865 953 59
865 955 46
865 963 68
865 965 41
865 971 33
865 973 6
865 974 29
865 975 4
865 995 1
866 873 82
866 874 10
866 877 78
866 905 89
866 908 46
866 915 93
866 933 87
866 944 11
866 957 34
866 968 27
866 983 60
866 987 14
866 993 87
867 871 50
867 872 37
867 879 99
867 886 70
867 899 35
867 904 5
867 912 77
867 918 24
867 920 53
867 927 74
867 935 27
867 948 13
867 956 75
867 962 57
867 967 37
867 977 3
867 979 59
867 980 82
867 986 2
867 989 19
868 869 93
868 870 75
868 881 88
868 896 78
868 902 77
868 921 27
868 928 29
868 930 53
868 938 16
868 946 4
868 949 41
868 958 38
868 969 37
868 970 22
868 996 43
869 881 22
869 902 20
869 921 28
869 930 43
869 951 75
869 969 41
869 996 39
870 875 34
870 896 86
870 902 99
870 913 10
870 921 29
870 928 3
870 930 9
870 946 20
870 949 61
870 961 92
870 996 43
871 872 34
871 875 16
871 885 63
871 886 17
871 891 31
871 894 7
871 904 25
871 912 73
871 927 72
871 932 75
871 935 40
871 952 62
871 961 97
871 977 52
871 985 79
871 989 81
872 886 88
872 912 41
872 915 23
872 916 76
872 918 43
872 922 51
872 927 92
872 935 59
872 937 11
872 939 34
872 941 2
872 948 85
872 956 55
872 961 23
872 977 22
872 981 75
872 984 55
872 989 46
873 874 23
873 877 53
873 905 34
873 908 88
873 915 36
873 916 28
873 918 77
873 933 56
873 944 35
873 945 44
873 957 22
873 962 97
873 968 82
873 983 30
873 984 31
873 987 41
873 993 99
874 877 17
874 905 11
874 908 72
874 933 1
874 944 90
874 957 40
874 968 69
874 983 18
874 987 100
875 885 30
875 894 12
875 900 16
875 904 30
875 912 84
875 913 68
875 917 17
875 927 81
875 932 42
875 935 86
875 946 40
875 949 78
875 952 36
875 961 55
875 989 59
876 910 72
876 999 90
877 905 61
877 908 76
877 915 12
877 916 75
877 918 70
877 933 71
877 944 28
877 945 85
877 957 8
877 962 60
877 968 87
877 983 46
877 984 66
877 987 37
877 993 11
878 906 62
878 914 98
878 940 100
878 947 12
878 953 68
878 973 17
878 974 16
878 975 88
878 995 28
879 899 49
879 905 95
879 915 56
879 918 15
879 920 36
879 948 89
879 956 50
879 962 79
879 967 82
879 977 55
879 979 68
879 980 27
879 986 67
880 884 47
880 887 39
880 888 82
880 889 47
880 890 37
880 893 89
880 894 22
880 898 1
880 901 17
880 917 1
880 923 19
880 929 30
880 931 42
880 932 12
880 942 92
880 950 23
880 955 14
880 971 77
880 978 74
880 982 94
880 997 34
881 902 6
881 907 85
881 911 32
881 921 21
881 924 3
881 951 53
881 969 81
881 996 94
882 895 5
882 910 93
882 919 87
882 926 21
882 954 26
882 959 72
882 966 72
882 980 53
882 986 17
882 991 1
882 998 37
883 884 81
883 897 47
883 903 62
883 990 14
883 992 73
884 888 75
884 889 52
884 893 39
884 901 61
884 903 92
884 950 82
884 971 63
884 978 98
884 982 81
884 992 74
885 886 96
885 894 13
885 904 95
885 912 45
885 913 41
885 917 70
885 927 83
885 932 85
885 935 39
885 952 66
885 961 41
885 977 37
885 989 3
886 904 57
886 912 56
886 915 95
886 916 95
886 918 29
886 927 84
886 935 80
886 937 73
886 939 24
886 941 95
886 948 73
886 956 70
886 961 2
886 977 37
886 981 18
886 984 82
886 989 58
887 889 46
887 893 22
887 894 41
887 900 81
887 907 83
887 913 55
887 917 91
887 923 95
887 929 50
887 942 15
887 950 6
887 960 35
887 982 23
887 994 35
887 997 27
888 890 77
888 893 24
888 897 41
888 898 92
888 901 82
888 906 87
888 914 76
888 931 87
888 947 85
888 953 63
888 971 21
888 975 67
888 978 15
888 990 11
888 992 54
888 995 92
889 890 12
889 893 65
889 894 76
889 898 87
889 913 9
889 917 11
889 923 22
889 931 14
889 932 90
889 942 90
889 950 28
889 952 9
889 955 100
889 965 35
889 971 58
889 978 92
889 997 79
890 891 35
890 893 47
890 898 90
890 901 19
890 906 28
890 914 78
890 931 59
890 932 55
890 947 61
890 950 21
890 953 55
890 955 33
890 965 32
890 971 67
890 978 37
890 985 49
890 995 52
891 898 24
891 904 92
891 906 14
891 912 47
891 920 75
891 925 23
891 931 53
891 932 7
891 934 11
891 947 35
891 952 58
891 955 8
891 963 30
891 965 29
891 967 51
891 977 17
891 985 33
892 919 33
892 925 73
892 934 88
892 963 85
892 964 15
892 973 58
893 898 60
893 901 73
893 903 80
893 923 55
893 929 1
893 931 61
893 942 66
893 950 35
893 955 4
893 971 18
893 978 23
893 982 2
893 995 97
894 900 84
894 904 31
894 912 50
894 913 35
894 917 52
894 923 62
894 932 89
894 935 53
894 942 62
894 950 68
894 952 28
894 955 56
894 961 14
894 989 93
894 997 53
895 899 71
895 919 83
895 920 88
895 925 73
895 934 29
895 963 12
895 964 34
895 967 15
895 979 13
895 980 55
895 986 49
895 991 37
896 902 38
896 922 38
896 928 87
896 930 2
896 938 47
896 946 4
896 949 54
896 958 47
896 970 40
896 976 74
896 996 61
897 901 17
897 903 79
897 990 89
897 992 5
897 995 58
898 901 53
898 906 94
898 914 28
898 931 1
898 932 13
898 947 93
898 950 99
898 952 79
898 953 41
898 955 56
898 965 70
898 971 35
898 978 98
898 985 25
898 995 78
899 920 42
899 925 5
899 934 100
899 954 13
899 956 28
899 962 25
899 967 37
899 979 14
899 980 67
899 986 58
900 907 9
900 911 75
900 913 59
900 917 74
900 923 93
900 924 53
900 929 74
900 942 90
900 950 44
900 951 37
900 960 74
900 994 36
900 997 70
901 906 74
901 914 48
901 931 8
901 947 34
901 953 20
901 971 55
901 975 33
901 978 76
901 990 40
901 995 54
902 911 24
902 921 53
902 930 64
902 946 4
902 949 30
902 951 4
902 969 68
902 996 83
903 978 87
903 990 48
903 992 33
904 912 91
904 927 8
904 932 100
904 935 15
904 952 42
904 955 31
904 961 38
904 977 57
904 985 69
904 989 46
905 908 61
905 915 11
905 944 96
905 954 9
905 956 30
905 957 85
905 962 87
905 968 42
905 983 32
905 987 25
906 914 37
906 931 21
906 940 99
906 947 67
906 953 61
906 955 70
906 963 53
906 965 90
906 971 83
906 973 5
906 975 47
906 985 23
906 995 24
907 911 70
907 913 28
907 917 59
907 923 8
907 924 69
907 929 75
907 942 79
907 951 20
907 960 23
907 969 29
907 994 30
907 997 33
908 915 30
908 933 20
908 944 3
908 957 54
908 962 68
908 968 67
908 983 74
908 987 64
909 922 74
909 936 45
909 938 84
909 939 62
909 941 47
909 943 57
909 970 68
909 976 77
910 959 9
910 991 46
910 999 84
911 917 43
911 921 89
911 923 39
911 924 28
911 942 83
911 951 27
911 969 27
911 994 30
911 997 66
912 927 54
912 932 82
912 935 80
912 952 67
912 961 62
912 977 46
912 985 97
912 989 83
913 917 27
913 923 98
913 932 77
913 935 33
913 942 3
913 950 16
913 952 11
913 961 41
913 989 76
913 997 28
914 931 22
914 940 99
914 947 3
914 953 23
914 955 44
914 965 66
914 971 91
914 974 83
914 975 70
914 978 65
914 995 78
915 916 73
915 918 12
915 937 61
915 939 62
915 945 38
915 948 29
915 956 49
915 962 59
915 968 36
915 981 8
915 984 64
915 987 51
916 918 39
916 922 59
916 937 66
916 939 66
916 941 79
916 945 25
916 948 4
916 956 94
916 968 96
916 981 86
916 984 12
916 987 18
916 993 8
917 923 22
917 929 85
917 932 10
917 942 81
917 950 55
917 951 90
917 952 69
917 994 82
917 997 54
918 937 26
918 939 14
918 941 96
918 948 11
918 956 22
918 962 10
918 968 47
918 981 48
918 984 14
918 987 3
919 925 39
919 934 54
919 964 18
919 991 10
919 999 33
920 925 22
920 934 75
920 963 72
920 967 6
920 977 97
920 979 6
920 980 91
920 985 90
920 986 77
921 930 46
921 946 19
921 949 26
921 951 87
921 969 100
921 996 79
922 928 15
922 937 86
922 938 95
922 939 68
922 941 32
922 948 47
922 970 27
922 976 56
922 981 57
922 984 23
923 924 31
923 929 18
923 942 49
923 950 89
923 951 84
923 960 100
923 982 78
923 994 17
923 997 42
924 929 68
924 942 78
924 951 8
924 960 43
924 969 17
924 994 16
924 997 43
925 934 43
925 963 86
925 964 90
925 967 83
925 979 86
925 980 100
925 986 68
926 954 72
926 959 84
926 966 37
926 983 17
926 991 86
926 998 75
927 935 44
927 937 15
927 948 46
927 952 58
927 956 64
927 961 37
927 977 17
927 981 30
927 989 10
928 930 35
928 937 26
928 938 70
928 941 42
928 946 47
928 949 47
928 958 24
928 961 76
928 970 52
928 976 53
928 981 33
928 996 65
929 942 85
929 950 55
929 960 35
929 982 9
929 994 13
929 997 24
930 938 20
930 946 97
930 949 99
930 958 54
930 969 2
930 970 65
930 996 40
931 932 88
931 947 85
931 950 63
931 953 60
931 955 33
931 965 3
931 971 14
931 975 6
931 978 49
931 985 100
931 995 59
932 935 11
932 950 33
932 952 20
932 955 54
932 965 24
932 985 35
932 989 80
933 945 97
933 968 81
933 972 61
933 988 45
933 993 81
934 963 4
934 964 17
934 967 80
934 979 4
934 980 97
934 985 84
934 986 52
935 948 43
935 952 70
935 961 64
935 977 12
935 981 82
935 989 97
936 943 65
936 945 82
936 972 23
936 993 21
937 939 14
937 941 43
937 948 37
937 961 23
937 970 22
937 981 35
937 984 88
938 941 84
938 958 89
938 970 47
938 976 8
938 996 33
939 941 8
939 943 53
939 945 31
939 948 66
939 976 78
939 981 63
939 984 12
940 947 44
940 953 80
940 973 68
940 974 77
940 975 88
940 995 27
941 943 53
941 945 1
941 948 98
941 970 88
941 976 70
941 981 52
941 984 31
942 950 46
942 960 62
942 982 37
942 994 92
942 997 7
943 945 41
943 972 5
943 988 13
943 993 79
944 957 84
944 962 79
944 968 96
944 983 75
944 987 18
945 968 80
945 972 41
945 984 27
945 988 72
945 993 75
946 949 87
946 961 26
946 969 39
946 996 22
947 953 89
947 955 67
947 963 11
947 965 50
947 973 59
947 974 12
947 975 50
947 985 16
947 995 29
948 956 73
948 962 78
948 968 84
948 981 41
948 984 59
949 961 77
949 970 37
949 996 84
950 952 44
950 955 18
950 971 53
950 978 32
950 982 58
950 997 39
951 969 86
951 994 48
951 997 65
952 955 40
952 961 19
952 977 69
952 985 62
952 989 72
953 965 57
953 971 75
953 973 46
953 974 89
953 975 73
953 978 89
953 990 29
953 995 49
954 957 94
954 959 55
954 966 96
954 983 18
954 986 11
954 991 74
954 998 89
955 965 80
955 971 92
955 978 78
955 985 87
956 962 33
956 967 23
956 977 46
956 984 78
956 987 11
957 983 5
957 987 18
958 970 45
958 976 70
958 996 31
959 966 39
959 991 3
959 998 6
960 982 84
960 994 95
960 997 78
961 981 37
961 989 97
962 967 52
962 979 85
962 980 61
962 983 24
962 984 66
962 986 41
962 987 47
963 964 97
963 965 15
963 967 87
963 973 28
963 985 85
964 973 12
965 971 46
965 985 2
966 991 46
966 998 48
967 977 70
967 979 47
967 980 29
967 986 36
968 984 47
968 987 76
968 993 78
969 996 59
970 976 46
970 996 53
971 978 6
971 982 65
971 995 53
972 988 94
972 993 62
973 974 34
973 975 66
974 975 31
974 995 19
975 990 78
975 995 41
977 985 75
977 989 89
978 982 66
978 995 6
979 980 71
979 986 70
979 991 9
980 986 15
980 991 90
981 984 2
981 989 32
982 997 40
983 987 56
984 987 36
985 989 37
986 991 23
988 993 13
990 992 94
990 995 30
991 998 24
994 997 55
