1000 52265
0 11 95
0 26 62
0 48 88
0 56 74
0 57 9
0 75 99
0 84 14
0 91 100
0 101 73
0 105 44
0 117 53
0 124 32
0 129 49
0 135 95
0 137 44
0 154 12
0 162 47
0 167 89
0 180 2
0 195 90
0 207 44
0 211 66
0 247 57
0 248 96
0 268 28
0 282 13
0 292 66
0 301 96
0 304 6
0 328 52
0 341 27
0 349 91
0 350 34
0 352 59
0 353 56
0 375 96
0 379 29
0 390 16
0 392 92
0 394 86
0 397 65
0 400 8
0 427 5
0 436 32
0 438 8
0 449 99
0 468 33
0 471 64
0 481 25
0 483 65
0 485 23
0 506 98
0 510 96
0 519 82
0 534 67
0 561 80
0 587 89
0 595 91
0 599 32
0 611 44
0 617 8
0 630 27
0 635 51
0 638 30
0 641 21
0 644 22
0 653 85
0 662 24
0 666 68
0 669 18
0 678 6
0 685 57
0 705 3
0 709 31
0 721 1
0 732 71
0 753 55
0 759 93
0 760 14
0 766 82
0 768 41
0 769 42
0 787 81
0 802 36
0 836 10
0 851 27
0 852 63
0 858 90
0 869 72
0 881 5
0 892 37
0 899 36
0 901 80
0 911 93
0 914 39
0 934 54
0 952 22
0 964 78
0 969 96
0 978 76
0 980 41
0 984 68
0 986 5
0 992 20
0 993 90
1 9 89
1 31 33
1 34 48
1 39 49
1 47 34
1 50 24
1 58 13
1 63 79
1 77 85
1 83 2
1 86 98
1 115 34
1 145 6
1 149 24
1 158 31
1 252 24
1 284 89
1 308 15
1 309 95
1 312 96
1 327 36
1 346 99
1 351 67
1 381 98
1 414 38
1 454 23
1 457 20
1 461 12
1 477 24
1 501 39
1 530 33
1 541 31
1 555 9
1 563 62
1 572 9
1 582 54
1 594 31
1 604 43
1 616 83
1 633 57
1 636 78
1 676 16
1 698 84
1 701 8
1 711 68
1 726 78
1 762 98
1 772 19
1 784 80
1 785 17
1 792 13
1 837 87
1 839 32
1 841 66
1 857 90
1 861 91
1 874 30
1 887 63
1 897 88
1 926 21
1 933 21
1 935 67
1 936 2
1 942 60
1 976 91
2 6 13
2 12 31
2 19 83
2 23 94
2 24 32
2 40 64
2 41 86
2 59 3
2 64 32
2 76 98
2 82 49
2 85 84
2 93 46
2 98 62
2 99 66
2 101 14
2 107 30
2 116 86
2 141 93
2 156 41
2 159 91
2 160 97
2 184 74
2 188 15
2 196 50
2 201 12
2 208 74
2 210 59
2 236 78
2 240 64
2 245 31
2 246 27
2 248 47
2 259 91
2 272 22
2 275 6
2 289 45
2 294 67
2 300 89
2 324 30
2 332 67
2 334 44
2 338 3
2 344 29
2 345 81
2 356 26
2 366 98
2 380 55
2 383 10
2 405 47
2 408 46
2 415 45
2 420 77
2 422 18
2 423 69
2 426 77
2 429 96
2 431 7
2 455 59
2 464 47
2 491 85
2 498 68
2 500 5
2 508 27
2 510 6
2 518 91
2 525 19
2 544 51
2 552 28
2 553 39
2 568 49
2 585 4
2 590 2
2 592 89
2 596 95
2 602 63
2 611 80
2 628 59
2 643 29
2 656 26
2 662 84
2 663 76
2 669 38
2 684 32
2 689 10
2 695 99
2 713 42
2 715 38
2 719 56
2 742 52
2 764 37
2 768 50
2 788 78
2 793 74
2 805 89
2 807 9
2 808 76
2 819 90
2 849 53
2 850 29
2 864 91
2 866 49
2 871 14
2 889 51
2 904 82
2 908 61
2 911 60
2 927 70
2 938 29
2 953 75
2 972 14
2 984 43
2 994 57
3 20 73
3 27 85
3 47 4
3 63 93
3 65 29
3 66 22
3 77 28
3 81 75
3 86 64
3 87 2
3 115 33
3 205 83
3 238 63
3 241 72
3 262 61
3 263 10
3 307 93
3 314 73
3 321 19
3 330 41
3 337 20
3 376 30
3 414 32
3 428 30
3 435 77
3 441 84
3 474 45
3 501 35
3 512 63
3 523 42
3 541 21
3 550 16
3 565 71
3 588 41
3 600 37
3 616 32
3 619 44
3 633 80
3 640 13
3 649 91
3 679 83
3 680 80
3 682 46
3 692 14
3 701 64
3 711 100
3 743 76
3 774 87
3 784 4
3 797 16
3 810 60
3 846 64
3 859 32
3 861 32
3 882 96
3 886 68
3 903 59
3 910 77
3 926 16
3 928 79
3 942 26
4 9 42
4 15 65
4 17 92
4 29 25
4 31 52
4 33 54
4 37 54
4 42 37
4 43 89
4 45 62
4 50 2
4 58 93
4 61 32
4 70 91
4 72 11
4 77 15
4 83 47
4 88 12
4 96 32
4 106 46
4 123 77
4 125 1
4 142 24
4 148 65
4 149 87
4 175 13
4 182 48
4 191 16
4 200 40
4 203 35
4 213 1
4 224 91
4 235 41
4 243 84
4 252 60
4 253 56
4 256 15
4 257 8
4 262 65
4 270 94
4 276 60
4 284 60
4 285 53
4 291 75
4 297 16
4 299 39
4 303 50
4 309 96
4 312 66
4 323 26
4 325 62
4 327 100
4 351 29
4 354 17
4 361 9
4 362 37
4 381 39
4 387 9
4 389 2
4 395 96
4 404 50
4 416 92
4 417 51
4 433 7
4 453 40
4 454 81
4 457 98
4 461 52
4 466 55
4 470 31
4 489 27
4 492 36
4 493 73
4 524 36
4 551 40
4 555 43
4 558 4
4 563 41
4 570 34
4 572 100
4 574 91
4 577 5
4 583 51
4 591 40
4 594 11
4 597 21
4 598 78
4 604 45
4 610 19
4 613 58
4 614 94
4 615 58
4 616 79
4 618 36
4 627 64
4 636 50
4 639 27
4 659 15
4 661 53
4 668 81
4 673 67
4 675 7
4 676 95
4 687 45
4 688 37
4 690 34
4 698 4
4 711 94
4 726 26
4 757 41
4 761 15
4 762 41
4 763 81
4 772 1
4 774 34
4 784 76
4 785 14
4 792 36
4 796 13
4 798 48
4 799 36
4 821 66
4 839 14
4 841 91
4 854 88
4 860 74
4 867 69
4 874 26
4 876 68
4 882 1
4 887 26
4 900 60
4 930 65
4 936 28
4 968 86
4 976 60
4 995 59
5 21 36
5 60 94
5 90 97
5 108 72
5 119 24
5 122 84
5 128 52
5 143 82
5 147 29
5 150 21
5 166 76
5 168 41
5 186 93
5 190 88
5 192 26
5 193 26
5 199 50
5 220 87
5 225 81
5 230 58
5 231 77
5 232 31
5 249 74
5 258 57
5 278 27
5 283 99
5 290 46
5 317 48
5 335 10
5 339 41
5 343 34
5 349 6
5 361 35
5 391 38
5 403 81
5 404 66
5 407 41
5 421 82
5 427 40
5 442 60
5 443 79
5 445 8
5 450 48
5 452 11
5 473 69
5 479 17
5 490 32
5 497 5
5 499 42
5 511 5
5 513 78
5 527 42
5 529 36
5 531 71
5 537 76
5 540 74
5 545 53
5 549 92
5 556 19
5 575 85
5 576 96
5 578 63
5 589 61
5 609 29
5 625 95
5 632 59
5 647 65
5 648 31
5 659 36
5 674 38
5 681 15
5 683 61
5 686 10
5 693 93
5 699 28
5 722 58
5 725 100
5 735 80
5 738 30
5 740 23
5 744 54
5 751 66
5 765 66
5 767 94
5 779 80
5 780 1
5 782 58
5 786 24
5 795 83
5 806 7
5 812 68
5 826 76
5 831 64
5 833 66
5 884 34
5 894 17
5 895 71
5 919 44
5 931 39
5 937 3
5 941 91
5 946 11
5 950 38
5 961 58
5 962 70
5 967 64
5 970 81
5 971 11
5 974 33
5 975 86
5 983 17
5 990 44
5 998 7
5 999 47
6 8 36
6 12 50
6 13 93
6 19 83
6 22 75
6 25 27
6 40 68
6 41 97
6 59 24
6 64 15
6 69 4
6 76 87
6 82 78
6 85 42
6 89 45
6 93 30
6 107 40
6 120 53
6 133 43
6 136 30
6 151 51
6 153 62
6 156 37
6 160 36
6 169 48
6 177 33
6 184 33
6 189 84
6 210 45
6 212 91
6 236 23
6 240 38
6 244 15
6 245 65
6 259 85
6 271 55
6 289 33
6 294 56
6 320 8
6 332 30
6 334 64
6 370 96
6 378 25
6 380 42
6 383 74
6 385 59
6 405 94
6 406 22
6 408 63
6 420 96
6 423 97
6 424 61
6 429 16
6 431 25
6 440 12
6 447 37
6 455 87
6 462 59
6 469 14
6 478 37
6 484 43
6 487 35
6 498 74
6 500 1
6 507 52
6 518 71
6 525 85
6 533 69
6 552 94
6 553 92
6 568 23
6 571 70
6 585 98
6 590 47
6 592 87
6 602 5
6 623 17
6 628 13
6 637 48
6 643 15
6 650 20
6 652 19
6 656 91
6 670 3
6 684 38
6 702 32
6 713 100
6 719 7
6 727 92
6 728 52
6 742 78
6 764 100
6 783 66
6 788 40
6 793 76
6 807 63
6 808 56
6 813 28
6 850 62
6 855 73
6 873 92
6 904 9
6 921 23
6 925 91
6 932 31
6 954 3
6 960 5
6 972 69
6 981 98
7 30 27
7 36 69
7 51 84
7 52 74
7 53 24
7 94 31
7 100 20
7 104 73
7 112 73
7 130 66
7 131 12
7 146 83
7 164 96
7 173 49
7 174 35
7 178 32
7 179 41
7 183 54
7 185 59
7 202 44
7 206 14
7 209 18
7 214 76
7 223 89
7 234 31
7 237 98
7 251 71
7 265 68
7 266 33
7 269 96
7 274 95
7 280 77
7 310 56
7 315 54
7 316 98
7 333 23
7 347 23
7 365 34
7 373 95
7 374 85
7 384 2
7 385 15
7 413 1
7 419 44
7 437 73
7 446 38
7 456 36
7 478 20
7 502 61
7 515 97
7 516 17
7 546 83
7 548 60
7 557 27
7 567 5
7 626 20
7 634 23
7 645 94
7 652 98
7 665 73
7 672 82
7 704 4
7 716 14
7 728 98
7 729 100
7 731 16
7 739 48
7 781 51
7 789 61
7 804 9
7 872 17
7 898 92
7 902 7
7 907 62
7 909 22
7 924 55
7 939 39
7 940 43
7 949 7
7 951 28
7 965 26
7 977 56
7 988 53
8 22 67
8 25 93
8 38 64
8 40 16
8 59 87
8 64 47
8 78 96
8 85 57
8 89 89
8 95 75
8 102 40
8 120 82
8 121 97
8 136 23
8 138 34
8 151 45
8 152 26
8 153 9
8 156 89
8 160 94
8 169 53
8 171 78
8 172 98
8 176 18
8 177 61
8 184 19
8 188 90
8 189 39
8 212 46
8 240 44
8 245 57
8 264 5
8 271 88
8 279 46
8 287 35
8 288 37
8 294 83
8 306 80
8 311 98
8 320 82
8 329 26
8 334 75
8 370 71
8 373 93
8 380 92
8 406 45
8 408 84
8 420 88
8 424 47
8 429 42
8 431 87
8 440 35
8 444 53
8 447 49
8 460 36
8 462 71
8 469 92
8 472 14
8 478 8
8 484 75
8 487 54
8 488 99
8 495 8
8 498 2
8 500 70
8 553 66
8 564 39
8 566 25
8 568 25
8 569 66
8 571 5
8 579 33
8 584 17
8 585 97
8 590 31
8 592 61
8 602 64
8 603 20
8 612 23
8 621 49
8 623 36
8 628 98
8 631 59
8 643 63
8 650 85
8 656 14
8 667 19
8 670 48
8 684 20
8 702 40
8 706 46
8 712 39
8 713 28
8 717 96
8 719 24
8 723 26
8 736 37
8 741 64
8 742 47
8 758 53
8 764 35
8 773 61
8 783 33
8 793 50
8 800 96
8 801 34
8 813 10
8 816 27
8 829 13
8 830 82
8 838 43
8 840 15
8 847 41
8 855 8
8 873 35
8 878 3
8 880 94
8 885 25
8 912 43
8 918 41
8 921 95
8 929 14
8 932 56
8 951 39
8 954 9
8 960 19
8 985 92
8 996 70
9 15 17
9 17 29
9 29 54
9 31 82
9 34 45
9 37 42
9 39 64
9 43 2
9 45 44
9 47 94
9 50 17
9 58 4
9 61 83
9 77 32
9 83 53
9 88 13
9 115 60
9 125 76
9 143 49
9 145 76
9 148 8
9 149 26
9 158 3
9 168 73
9 175 24
9 192 51
9 203 41
9 243 81
9 252 1
9 253 67
9 256 12
9 257 74
9 270 67
9 276 74
9 284 51
9 285 36
9 291 57
9 297 81
9 299 74
9 303 72
9 308 18
9 309 31
9 312 96
9 323 59
9 325 88
9 327 96
9 346 83
9 351 48
9 361 75
9 381 27
9 387 45
9 395 81
9 404 51
9 414 53
9 416 79
9 417 36
9 433 80
9 454 97
9 457 50
9 461 98
9 477 90
9 489 61
9 493 29
9 497 76
9 524 3
9 530 62
9 537 100
9 541 63
9 551 72
9 555 72
9 558 10
9 563 99
9 570 47
9 572 49
9 574 23
9 577 14
9 582 11
9 583 53
9 591 46
9 594 23
9 598 91
9 604 11
9 610 76
9 613 38
9 614 84
9 616 72
9 618 17
9 636 2
9 659 48
9 676 12
9 683 76
9 687 99
9 688 70
9 698 91
9 699 8
9 711 60
9 725 95
9 726 98
9 738 96
9 757 59
9 761 57
9 762 64
9 763 92
9 772 98
9 784 88
9 785 20
9 792 58
9 799 71
9 821 10
9 837 54
9 839 2
9 841 50
9 854 78
9 857 67
9 861 96
9 867 29
9 874 21
9 876 46
9 887 96
9 897 67
9 926 25
9 933 88
9 935 42
9 936 95
9 937 6
9 968 18
9 970 41
9 976 48
9 998 97
10 46 38
10 55 27
10 56 31
10 73 48
10 114 95
10 194 72
10 204 25
10 219 91
10 229 45
10 255 98
10 261 65
10 267 79
10 281 75
10 292 17
10 295 73
10 319 53
10 341 10
10 350 87
10 375 45
10 388 46
10 392 61
10 393 99
10 401 4
10 410 87
10 418 51
10 432 16
10 436 93
10 481 55
10 486 88
10 504 38
10 519 67
10 528 17
10 622 19
10 624 85
10 635 71
10 646 30
10 653 69
10 654 69
10 660 77
10 666 56
10 671 31
10 677 53
10 685 39
10 705 80
10 720 64
10 748 94
10 766 59
10 769 100
10 771 60
10 775 28
10 790 5
10 794 79
10 802 51
10 817 38
10 820 48
10 848 65
10 856 45
10 858 83
10 881 98
10 888 40
10 891 11
10 913 70
10 964 9
10 978 70
10 980 62
10 986 100
10 992 3
11 16 47
11 48 26
11 56 59
11 57 21
11 84 23
11 91 41
11 97 38
11 105 19
11 124 89
11 129 1
11 137 11
11 154 99
11 157 63
11 162 10
11 180 29
11 181 3
11 195 83
11 207 52
11 211 81
11 217 65
11 225 28
11 230 37
11 232 89
11 247 14
11 250 52
11 260 88
11 282 6
11 283 20
11 290 34
11 301 36
11 313 21
11 328 39
11 336 93
11 349 98
11 350 32
11 352 4
11 375 88
11 394 22
11 400 49
11 427 47
11 436 26
11 443 74
11 449 53
11 451 3
11 468 7
11 480 41
11 481 70
11 483 26
11 485 67
11 490 61
11 506 85
11 532 65
11 534 27
11 560 11
11 578 86
11 587 3
11 595 5
11 609 89
11 617 21
11 630 84
11 635 88
11 638 83
11 641 30
11 644 4
11 648 1
11 651 9
11 653 54
11 655 11
11 664 47
11 666 13
11 674 50
11 678 17
11 681 88
11 700 6
11 705 47
11 721 10
11 732 13
11 745 20
11 753 73
11 759 78
11 760 78
11 765 81
11 767 22
11 771 13
11 828 4
11 836 93
11 844 63
11 845 13
11 851 99
11 869 77
11 892 25
11 899 23
11 901 17
11 914 29
11 931 82
11 948 45
11 950 37
11 952 70
11 969 8
11 978 64
11 980 46
11 986 35
11 989 41
11 993 94
12 24 71
12 40 12
12 59 99
12 64 37
12 74 66
12 75 83
12 76 12
12 78 33
12 82 71
12 85 10
12 93 85
12 98 85
12 99 62
12 101 87
12 107 4
12 135 47
12 152 33
12 156 8
12 160 37
12 167 23
12 184 48
12 188 87
12 208 25
12 236 74
12 240 50
12 245 54
12 248 84
12 259 11
12 268 27
12 294 93
12 304 71
12 320 48
12 324 90
12 326 89
12 332 28
12 334 75
12 344 84
12 345 3
12 353 8
12 360 26
12 379 43
12 380 86
12 383 50
12 390 4
12 397 5
12 408 92
12 420 44
12 429 44
12 431 3
12 438 35
12 440 96
12 471 41
12 472 80
12 498 2
12 500 58
12 510 36
12 525 62
12 535 71
12 544 38
12 552 22
12 561 98
12 564 5
12 568 44
12 585 24
12 599 76
12 602 55
12 611 33
12 621 19
12 628 8
12 643 44
12 656 44
12 662 88
12 663 63
12 669 84
12 670 30
12 678 86
12 684 25
12 709 10
12 713 74
12 715 12
12 719 81
12 742 78
12 750 8
12 752 17
12 764 69
12 768 34
12 787 59
12 788 32
12 793 83
12 805 97
12 807 52
12 850 21
12 871 29
12 904 68
12 908 46
12 911 67
12 934 37
12 954 39
12 972 56
12 973 35
12 982 87
12 984 47
13 19 71
13 22 53
13 25 95
13 52 33
13 59 28
13 69 12
13 85 30
13 89 22
13 120 31
13 130 4
13 133 86
13 151 78
13 153 42
13 164 92
13 169 5
13 174 21
13 177 63
13 179 88
13 183 4
13 184 71
13 189 33
13 206 53
13 210 36
13 212 4
13 214 40
13 223 26
13 236 82
13 244 31
13 245 35
13 266 22
13 269 48
13 271 8
13 274 58
13 280 80
13 289 70
13 294 13
13 315 48
13 332 53
13 334 69
13 340 57
13 357 39
13 365 32
13 370 8
13 373 74
13 374 61
13 377 78
13 378 74
13 380 91
13 384 19
13 385 20
13 405 81
13 406 65
13 408 52
13 413 82
13 423 98
13 424 41
13 431 20
13 439 23
13 455 84
13 462 76
13 469 41
13 475 28
13 478 38
13 484 33
13 500 88
13 505 7
13 507 5
13 518 34
13 533 85
13 548 9
13 553 57
13 568 5
13 571 36
13 590 78
13 592 72
13 602 29
13 623 88
13 628 45
13 637 77
13 643 57
13 650 1
13 652 56
13 672 53
13 702 4
13 719 93
13 727 12
13 728 59
13 742 83
13 788 66
13 804 17
13 808 65
13 813 80
13 818 14
13 832 31
13 855 17
13 909 50
13 921 26
13 924 8
13 925 96
13 932 97
13 945 49
13 960 84
13 965 7
13 981 88
13 987 9
14 18 73
14 23 4
14 44 16
14 46 86
14 49 64
14 103 91
14 116 90
14 141 27
14 159 10
14 187 14
14 201 3
14 221 38
14 272 36
14 275 93
14 298 9
14 300 95
14 302 93
14 319 14
14 338 49
14 342 83
14 356 98
14 366 68
14 372 11
14 382 10
14 386 100
14 399 43
14 402 34
14 409 8
14 412 1
14 415 32
14 422 4
14 426 95
14 434 15
14 448 36
14 459 36
14 463 18
14 464 61
14 482 40
14 491 74
14 503 76
14 508 48
14 538 44
14 539 36
14 543 78
14 554 46
14 593 39
14 596 33
14 624 40
14 629 100
14 657 92
14 658 67
14 689 78
14 695 80
14 696 11
14 715 66
14 737 8
14 747 50
14 748 81
14 749 80
14 776 38
14 817 60
14 819 71
14 822 3
14 825 45
14 835 63
14 843 67
14 849 12
14 853 82
14 864 40
14 866 82
14 871 65
14 883 59
14 888 86
14 889 55
14 890 83
14 891 88
14 896 14
14 908 87
14 927 23
14 938 99
14 953 83
14 955 2
14 979 13
14 994 19
15 17 27
15 29 45
15 31 24
15 33 63
15 42 46
15 43 78
15 45 85
15 61 2
15 70 98
15 71 29
15 88 13
15 109 43
15 142 68
15 143 47
15 149 91
15 166 18
15 168 66
15 175 42
15 180 5
15 186 14
15 191 40
15 192 16
15 195 17
15 203 59
15 211 23
15 222 36
15 235 7
15 242 1
15 243 18
15 249 14
15 253 13
15 256 12
15 257 34
15 273 9
15 276 88
15 282 24
15 284 39
15 285 99
15 291 23
15 293 65
15 303 5
15 312 100
15 323 70
15 325 6
15 354 53
15 361 47
15 381 20
15 387 63
15 389 38
15 394 99
15 395 32
15 396 59
15 404 85
15 417 24
15 433 7
15 442 97
15 453 30
15 461 71
15 467 19
15 473 42
15 489 64
15 492 98
15 493 9
15 497 56
15 511 57
15 513 90
15 524 36
15 537 84
15 545 3
15 551 34
15 570 3
15 574 42
15 575 95
15 577 41
15 578 71
15 583 21
15 591 13
15 598 31
15 601 87
15 608 66
15 609 43
15 610 60
15 613 45
15 615 86
15 618 98
15 636 99
15 639 78
15 648 9
15 659 44
15 661 56
15 668 82
15 675 27
15 683 87
15 686 50
15 688 74
15 699 76
15 700 41
15 714 18
15 725 94
15 735 56
15 738 38
15 740 52
15 751 2
15 757 75
15 762 31
15 763 15
15 792 35
15 795 38
15 803 39
15 806 32
15 812 94
15 821 47
15 824 96
15 831 57
15 833 82
15 834 53
15 839 55
15 867 40
15 874 54
15 876 41
15 887 55
15 917 66
15 936 98
15 937 47
15 946 91
15 968 71
15 970 14
15 976 8
15 983 95
15 990 40
15 998 35
16 21 48
16 48 14
16 57 57
16 62 35
16 84 64
16 90 8
16 97 95
16 108 68
16 119 41
16 126 85
16 137 96
16 150 27
16 154 32
16 157 72
16 162 14
16 166 39
16 181 95
16 211 37
16 217 97
16 225 9
16 230 61
16 231 90
16 232 78
16 247 5
16 250 34
16 258 73
16 260 4
16 282 67
16 283 67
16 290 18
16 313 93
16 317 64
16 328 53
16 336 11
16 343 82
16 349 54
16 352 10
16 375 94
16 394 44
16 400 19
16 427 49
16 443 59
16 450 11
16 451 11
16 468 74
16 480 15
16 483 10
16 485 4
16 490 86
16 499 49
16 506 98
16 532 80
16 534 37
16 545 27
16 560 64
16 578 37
16 595 21
16 609 17
16 617 41
16 620 38
16 630 44
16 632 88
16 638 100
16 644 61
16 648 35
16 651 10
16 655 94
16 664 60
16 674 3
16 681 35
16 700 17
16 721 95
16 732 9
16 745 60
16 751 16
16 753 35
16 759 45
16 760 34
16 765 72
16 767 84
16 778 56
16 786 80
16 795 18
16 806 58
16 809 9
16 826 79
16 828 70
16 831 88
16 844 60
16 845 69
16 851 31
16 869 16
16 884 46
16 892 90
16 899 88
16 901 74
16 914 6
16 931 10
16 948 28
16 950 69
16 952 10
16 969 27
16 975 17
16 986 87
16 989 16
16 990 80
16 993 16
16 999 6
17 29 100
17 31 84
17 34 56
17 37 5
17 39 86
17 42 10
17 43 29
17 45 30
17 50 42
17 58 92
17 61 63
17 70 29
17 72 55
17 77 12
17 83 6
17 88 15
17 106 83
17 125 51
17 143 4
17 145 7
17 148 42
17 149 98
17 168 99
17 175 52
17 192 62
17 203 66
17 213 59
17 235 74
17 243 18
17 252 7
17 253 54
17 256 28
17 257 15
17 270 27
17 276 36
17 284 26
17 285 79
17 291 55
17 297 81
17 299 68
17 303 75
17 308 26
17 309 11
17 312 33
17 323 49
17 325 7
17 327 81
17 346 80
17 351 1
17 354 18
17 361 70
17 381 36
17 387 86
17 389 65
17 395 5
17 404 58
17 416 7
17 417 20
17 433 38
17 442 44
17 453 34
17 454 86
17 457 42
17 461 69
17 477 94
17 489 72
17 492 68
17 493 84
17 497 9
17 524 72
17 537 15
17 551 90
17 555 99
17 558 41
17 563 33
17 570 9
17 572 73
17 574 36
17 577 96
17 582 40
17 583 85
17 591 1
17 594 75
17 597 3
17 598 93
17 604 29
17 610 22
17 613 94
17 614 59
17 615 15
17 616 25
17 618 25
17 636 46
17 639 43
17 659 28
17 668 53
17 673 99
17 675 61
17 676 89
17 683 12
17 687 90
17 688 60
17 690 8
17 698 88
17 699 12
17 711 54
17 726 20
17 740 24
17 757 82
17 761 33
17 762 12
17 763 9
17 772 73
17 784 79
17 785 87
17 792 69
17 799 79
17 821 45
17 837 1
17 839 22
17 841 63
17 854 34
17 857 93
17 860 59
17 867 38
17 874 58
17 876 77
17 887 99
17 897 21
17 933 19
17 935 52
17 936 35
17 937 58
17 968 57
17 970 69
17 976 57
17 998 74
18 23 31
18 41 62
18 44 26
18 49 66
18 82 85
18 93 40
18 103 58
18 116 31
18 141 53
18 159 36
18 187 95
18 196 8
18 201 67
18 221 9
18 246 13
18 272 38
18 275 41
18 298 2
18 300 30
18 302 2
18 338 71
18 342 72
18 344 42
18 355 24
18 356 56
18 366 15
18 372 80
18 382 5
18 399 36
18 402 53
18 409 6
18 412 91
18 415 39
18 426 43
18 448 84
18 459 25
18 463 49
18 464 19
18 482 94
18 491 87
18 503 91
18 508 82
18 538 20
18 539 48
18 543 13
18 554 9
18 593 61
18 596 34
18 624 99
18 629 91
18 657 19
18 658 32
18 689 21
18 695 17
18 696 35
18 715 23
18 747 74
18 749 58
18 776 65
18 819 84
18 822 48
18 825 69
18 835 27
18 843 8
18 849 28
18 853 83
18 864 92
18 866 82
18 871 12
18 883 87
18 889 13
18 890 73
18 891 48
18 896 57
18 908 47
18 927 88
18 938 11
18 953 45
18 955 33
18 994 80
19 23 100
19 41 52
19 59 100
19 69 36
19 76 33
19 82 55
19 85 69
19 93 62
19 133 73
19 153 4
19 169 54
19 189 71
19 196 51
19 201 94
19 210 20
19 236 44
19 244 20
19 245 27
19 246 26
19 259 79
19 272 46
19 289 17
19 294 61
19 300 57
19 332 9
19 334 51
19 338 77
19 340 27
19 355 71
19 356 60
19 357 40
19 377 9
19 378 67
19 380 26
19 382 70
19 384 78
19 405 63
19 408 20
19 412 71
19 415 89
19 423 22
19 424 82
19 431 53
19 439 76
19 455 48
19 462 50
19 469 18
19 475 11
19 482 86
19 484 8
19 500 28
19 505 44
19 507 59
19 518 43
19 533 98
19 553 100
19 554 78
19 568 77
19 590 28
19 592 74
19 596 83
19 602 60
19 637 48
19 643 80
19 672 65
19 684 34
19 702 83
19 719 6
19 727 51
19 742 16
19 788 12
19 808 64
19 813 84
19 818 30
19 832 40
19 835 99
19 849 19
19 904 63
19 925 74
19 938 66
19 945 65
19 981 87
19 987 87
19 994 78
20 31 16
20 32 65
20 37 54
20 47 28
20 63 30
20 66 8
20 68 93
20 72 93
20 77 82
20 81 25
20 86 73
20 87 63
20 106 61
20 113 41
20 115 93
20 125 68
20 132 7
20 148 68
20 182 78
20 205 100
20 213 20
20 238 71
20 241 48
20 262 74
20 263 66
20 270 98
20 296 81
20 297 82
20 299 38
20 307 24
20 314 40
20 321 54
20 327 85
20 330 74
20 337 72
20 348 75
20 358 37
20 359 35
20 362 16
20 367 98
20 369 43
20 371 49
20 376 83
20 414 67
20 416 67
20 428 55
20 435 94
20 441 89
20 454 2
20 457 62
20 466 20
20 470 6
20 474 73
20 476 57
20 489 33
20 501 20
20 509 9
20 512 33
20 517 42
20 521 70
20 523 64
20 541 74
20 550 26
20 558 85
20 559 97
20 562 65
20 563 24
20 565 82
20 572 54
20 586 23
20 588 66
20 597 66
20 600 58
20 604 52
20 606 69
20 607 78
20 610 82
20 614 64
20 616 74
20 619 28
20 627 74
20 633 90
20 640 56
20 649 6
20 679 74
20 680 47
20 682 15
20 687 3
20 690 16
20 691 27
20 692 83
20 694 33
20 697 17
20 698 16
20 707 6
20 711 74
20 724 66
20 743 35
20 755 78
20 761 44
20 763 95
20 770 72
20 774 49
20 784 71
20 791 22
20 797 96
20 799 39
20 810 80
20 811 40
20 841 74
20 846 85
20 854 22
20 859 1
20 860 43
20 861 69
20 870 7
20 877 46
20 879 23
20 882 44
20 886 17
20 900 80
20 903 71
20 910 8
20 916 95
20 920 84
20 926 54
20 928 22
20 930 45
20 942 35
20 944 84
20 947 4
20 959 82
20 995 93
21 28 78
21 35 67
21 60 24
21 62 96
21 84 73
21 90 99
21 92 70
21 97 25
21 108 79
21 119 56
21 122 9
21 126 5
21 150 59
21 157 66
21 161 26
21 163 74
21 165 59
21 181 67
21 190 33
21 193 71
21 199 41
21 217 91
21 220 61
21 225 24
21 230 14
21 231 32
21 232 91
21 250 79
21 254 2
21 258 87
21 260 72
21 278 60
21 283 96
21 290 67
21 313 91
21 317 87
21 331 6
21 335 57
21 343 63
21 349 8
21 391 6
21 398 54
21 400 64
21 407 73
21 427 72
21 443 89
21 450 58
21 451 35
21 452 22
21 480 3
21 490 19
21 499 73
21 531 51
21 532 37
21 540 6
21 545 5
21 560 6
21 581 23
21 589 9
21 609 49
21 620 12
21 625 73
21 632 17
21 648 81
21 655 7
21 664 35
21 674 18
21 681 76
21 693 5
21 721 82
21 751 47
21 759 15
21 765 7
21 767 87
21 778 79
21 779 100
21 780 82
21 782 83
21 786 79
21 795 75
21 809 85
21 826 22
21 828 69
21 831 85
21 844 81
21 845 40
21 884 23
21 894 48
21 895 54
21 899 84
21 931 18
21 941 43
21 948 22
21 950 57
21 962 77
21 967 40
21 974 1
21 975 94
21 989 58
21 999 12
22 25 44
22 38 34
22 51 87
22 52 78
22 53 89
22 64 68
22 69 64
22 85 21
22 89 73
22 102 26
22 104 1
22 120 96
22 130 86
22 133 43
22 136 44
22 138 15
22 151 11
22 153 77
22 164 90
22 169 34
22 170 21
22 173 75
22 174 25
22 176 35
22 177 1
22 178 82
22 179 99
22 183 38
22 184 56
22 185 56
22 189 79
22 206 36
22 212 40
22 214 9
22 223 43
22 244 23
22 245 2
22 251 65
22 266 65
22 269 18
22 271 14
22 274 40
22 280 99
22 287 5
22 288 89
22 289 13
22 294 81
22 311 94
22 315 62
22 329 82
22 334 69
22 357 90
22 364 89
22 365 48
22 370 6
22 373 54
22 374 41
22 378 8
22 380 33
22 384 81
22 385 29
22 406 57
22 408 57
22 413 66
22 419 8
22 424 47
22 431 16
22 437 3
22 444 69
22 446 16
22 447 94
22 456 60
22 462 96
22 469 88
22 478 3
22 484 78
22 487 98
22 488 60
22 495 79
22 500 63
22 514 71
22 515 64
22 518 16
22 533 80
22 553 79
22 567 73
22 568 34
22 569 37
22 571 50
22 590 46
22 592 4
22 602 37
22 623 7
22 628 70
22 637 62
22 643 62
22 645 53
22 650 49
22 652 39
22 665 98
22 670 72
22 672 38
22 702 41
22 704 86
22 712 42
22 716 81
22 717 25
22 719 41
22 723 53
22 727 92
22 728 21
22 729 13
22 731 6
22 742 100
22 783 46
22 801 37
22 804 8
22 813 5
22 840 63
22 855 87
22 902 33
22 906 43
22 907 61
22 909 87
22 921 100
22 924 34
22 925 41
22 932 45
22 951 94
22 954 49
22 960 92
22 963 63
22 965 2
22 981 28
22 996 68
23 24 81
23 41 79
23 44 27
23 76 3
23 82 67
23 93 21
23 99 17
23 107 44
23 116 51
23 141 95
23 159 53
23 187 73
23 196 8
23 201 25
23 208 36
23 210 92
23 221 69
23 236 37
23 246 34
23 259 24
23 272 88
23 275 15
23 298 32
23 300 87
23 324 51
23 332 100
23 338 87
23 340 41
23 342 92
23 344 53
23 345 69
23 355 3
23 356 27
23 366 31
23 372 49
23 382 26
23 383 31
23 402 100
23 405 12
23 409 31
23 412 45
23 415 52
23 422 28
23 423 82
23 426 38
23 448 99
23 455 3
23 459 28
23 463 91
23 464 68
23 482 86
23 491 80
23 503 41
23 505 2
23 508 61
23 525 82
23 538 74
23 539 17
23 543 69
23 552 25
23 554 18
23 593 59
23 596 59
23 611 78
23 629 57
23 657 9
23 658 27
23 663 81
23 684 60
23 689 3
23 695 40
23 715 81
23 747 39
23 749 43
23 788 43
23 805 59
23 808 18
23 819 22
23 822 8
23 825 75
23 835 92
23 843 48
23 849 97
23 850 54
23 864 40
23 866 95
23 871 5
23 889 55
23 896 96
23 904 24
23 908 28
23 927 97
23 938 1
23 945 37
23 953 58
23 972 55
23 994 47
24 26 20
24 56 12
24 75 64
24 76 84
24 82 63
24 91 72
24 98 7
24 99 66
24 101 51
24 107 70
24 114 54
24 116 95
24 117 83
24 124 41
24 129 74
24 141 34
24 159 55
24 167 28
24 187 12
24 194 96
24 201 85
24 204 96
24 207 99
24 208 33
24 219 21
24 240 78
24 248 10
24 259 31
24 261 32
24 268 12
24 275 91
24 281 80
24 292 88
24 304 22
24 324 65
24 338 93
24 341 64
24 344 9
24 345 71
24 350 72
24 353 47
24 356 15
24 366 49
24 372 10
24 379 69
24 383 41
24 390 56
24 401 57
24 409 40
24 410 59
24 418 16
24 422 36
24 426 12
24 432 15
24 438 82
24 459 94
24 464 21
24 471 51
24 491 82
24 508 83
24 510 97
24 519 21
24 525 7
24 528 49
24 538 64
24 544 19
24 552 78
24 561 15
24 593 97
24 599 47
24 611 51
24 622 25
24 635 25
24 641 18
24 654 97
24 657 30
24 660 68
24 662 99
24 663 26
24 666 86
24 669 30
24 671 83
24 678 82
24 685 98
24 689 82
24 695 71
24 705 22
24 715 4
24 748 79
24 749 88
24 766 83
24 768 94
24 769 21
24 787 21
24 790 32
24 805 98
24 819 86
24 820 51
24 822 52
24 825 30
24 836 1
24 843 31
24 850 92
24 852 61
24 858 81
24 864 81
24 866 94
24 871 95
24 881 3
24 888 25
24 889 65
24 904 46
24 908 39
24 911 41
24 927 21
24 934 23
24 953 23
24 972 69
24 980 14
24 984 55
24 992 33
25 38 23
25 40 65
25 59 83
25 64 54
25 78 65
25 85 51
25 89 65
25 102 41
25 120 45
25 121 18
25 130 97
25 133 10
25 136 77
25 138 63
25 151 82
25 152 97
25 153 30
25 156 67
25 160 93
25 169 66
25 171 76
25 174 31
25 176 33
25 177 57
25 184 12
25 185 39
25 189 22
25 212 61
25 244 55
25 245 54
25 266 32
25 271 9
25 279 3
25 287 43
25 288 10
25 289 91
25 294 85
25 306 44
25 311 35
25 320 45
25 329 50
25 334 15
25 370 97
25 373 31
25 380 58
25 385 40
25 406 17
25 408 55
25 413 1
25 420 22
25 424 45
25 429 39
25 431 64
25 440 97
25 444 15
25 447 44
25 462 30
25 469 64
25 472 82
25 478 40
25 484 2
25 487 72
25 488 7
25 495 59
25 500 51
25 518 56
25 533 90
25 553 63
25 568 83
25 569 90
25 571 6
25 584 62
25 585 91
25 590 3
25 592 16
25 602 58
25 612 98
25 621 42
25 623 100
25 628 63
25 637 29
25 643 18
25 650 48
25 652 6
25 656 50
25 670 93
25 684 67
25 702 76
25 704 47
25 706 3
25 712 30
25 713 56
25 716 66
25 717 68
25 719 88
25 723 41
25 727 95
25 728 22
25 736 35
25 741 54
25 742 11
25 764 83
25 773 64
25 783 70
25 788 58
25 793 79
25 800 33
25 801 94
25 804 55
25 813 26
25 816 32
25 838 58
25 840 33
25 847 97
25 855 64
25 873 82
25 878 87
25 880 67
25 921 3
25 932 21
25 951 50
25 954 2
25 960 10
25 985 78
25 996 47
26 48 46
26 56 21
26 75 60
26 91 43
26 98 29
26 99 94
26 101 33
26 105 10
26 107 68
26 114 75
26 117 97
26 124 56
26 129 60
26 135 74
26 137 86
26 167 5
26 194 9
26 204 13
26 207 75
26 208 16
26 219 55
26 248 48
26 261 94
26 268 63
26 281 64
26 292 4
26 301 85
26 304 88
26 324 6
26 341 57
26 345 33
26 350 24
26 352 49
26 353 35
26 375 5
26 379 12
26 388 42
26 390 55
26 392 87
26 397 44
26 401 69
26 410 23
26 418 12
26 422 15
26 426 69
26 432 82
26 438 11
26 449 20
26 464 63
26 468 34
26 471 27
26 481 75
26 483 16
26 510 100
26 519 8
26 525 75
26 528 8
26 544 89
26 561 99
26 587 50
26 595 61
26 599 42
26 611 43
26 617 41
26 622 49
26 630 21
26 635 30
26 641 53
26 654 67
26 660 44
26 662 87
26 663 19
26 666 1
26 669 14
26 671 49
26 678 22
26 685 12
26 689 63
26 705 60
26 709 9
26 715 5
26 748 54
26 760 90
26 766 76
26 768 63
26 769 96
26 787 57
26 790 52
26 802 14
26 805 95
26 819 85
26 820 10
26 825 49
26 836 61
26 851 74
26 852 92
26 856 4
26 858 15
26 864 41
26 881 89
26 892 99
26 901 43
26 911 9
26 934 14
26 952 19
26 953 80
26 964 59
26 978 80
26 980 8
26 984 14
26 986 86
26 992 12
26 993 67
27 63 58
27 65 94
27 81 99
27 87 7
27 205 60
27 238 42
27 241 42
27 263 54
27 307 10
27 314 9
27 321 11
27 376 30
27 441 1
27 501 21
27 512 42
27 523 36
27 565 91
27 588 11
27 600 3
27 619 54
27 640 89
27 649 58
27 679 60
27 680 47
27 692 9
27 743 35
27 810 99
27 846 9
27 859 23
27 886 89
27 903 63
27 910 76
27 928 7
27 942 28
28 35 94
28 60 29
28 62 57
28 92 77
28 122 81
28 126 35
28 128 18
28 134 37
28 150 9
28 157 79
28 161 86
28 163 61
28 165 89
28 190 38
28 193 90
28 220 24
28 230 33
28 231 54
28 232 5
28 254 92
28 258 1
28 278 16
28 283 32
28 290 76
28 331 94
28 335 96
28 339 55
28 343 58
28 391 21
28 398 43
28 407 6
28 430 38
28 443 19
28 450 10
28 451 41
28 499 66
28 531 28
28 532 72
28 581 63
28 589 80
28 620 59
28 625 29
28 681 27
28 693 42
28 765 39
28 778 40
28 779 73
28 780 53
28 782 32
28 786 31
28 809 84
28 844 44
28 845 15
28 865 94
28 884 76
28 894 13
28 895 67
28 931 39
28 941 2
28 948 27
28 950 62
28 961 63
28 962 8
28 967 45
28 974 83
28 975 18
28 991 85
29 31 46
29 33 50
29 42 40
29 43 16
29 45 45
29 61 97
29 70 67
29 71 89
29 74 53
29 79 16
29 88 22
29 95 63
29 106 27
29 109 27
29 123 77
29 142 18
29 148 73
29 166 94
29 175 36
29 180 67
29 191 99
29 195 6
29 200 88
29 203 24
29 222 41
29 235 87
29 242 38
29 243 71
29 249 92
29 253 91
29 256 80
29 257 18
29 273 45
29 276 9
29 284 66
29 285 44
29 291 42
29 293 77
29 303 6
29 312 7
29 323 42
29 325 55
29 354 93
29 360 67
29 361 80
29 387 95
29 389 19
29 395 75
29 396 86
29 404 92
29 417 73
29 433 71
29 442 60
29 453 52
29 461 99
29 467 90
29 473 76
29 489 2
29 492 52
29 493 56
29 511 56
29 513 83
29 524 79
29 535 66
29 551 39
29 570 62
29 574 90
29 575 6
29 577 20
29 578 81
29 579 56
29 583 68
29 591 93
29 598 74
29 601 53
29 608 14
29 610 28
29 613 13
29 615 9
29 618 36
29 636 6
29 639 20
29 659 9
29 661 83
29 668 1
29 673 15
29 675 34
29 688 49
29 700 26
29 710 24
29 714 22
29 735 4
29 740 64
29 752 98
29 757 21
29 761 49
29 763 83
29 796 85
29 798 7
29 803 44
29 806 65
29 821 22
29 824 78
29 833 38
29 834 86
29 839 45
29 867 61
29 876 39
29 885 92
29 917 18
29 936 34
29 956 63
29 958 95
29 968 30
29 976 37
29 982 27
29 990 57
30 36 44
30 51 86
30 52 39
30 53 62
30 94 37
30 100 99
30 104 8
30 112 4
30 130 47
30 131 82
30 146 32
30 164 4
30 178 16
30 179 55
30 183 26
30 202 39
30 209 1
30 214 13
30 223 23
30 234 71
30 237 82
30 251 48
30 265 91
30 266 37
30 269 71
30 274 29
30 280 71
30 310 43
30 316 37
30 333 85
30 347 77
30 374 79
30 419 36
30 437 61
30 446 47
30 456 95
30 502 37
30 515 96
30 516 63
30 546 72
30 548 28
30 557 80
30 567 87
30 626 35
30 634 31
30 645 61
30 704 72
30 729 49
30 731 100
30 739 9
30 781 83
30 789 32
30 804 52
30 872 67
30 898 66
30 902 38
30 907 90
30 909 36
30 924 51
30 939 89
30 940 32
30 949 88
30 965 29
30 977 38
30 988 95
31 37 97
31 39 56
31 43 93
31 45 42
31 47 78
31 50 3
31 58 78
31 61 83
31 72 2
31 77 28
31 81 97
31 83 62
31 86 57
31 106 95
31 115 95
31 125 11
31 148 48
31 149 39
31 158 86
31 175 68
31 182 76
31 203 65
31 213 57
31 224 50
31 243 33
31 252 67
31 253 77
31 256 73
31 257 83
31 262 75
31 270 63
31 276 90
31 284 91
31 285 97
31 291 9
31 297 69
31 299 62
31 303 74
31 308 4
31 309 57
31 312 77
31 323 60
31 325 86
31 327 17
31 346 57
31 351 98
31 362 52
31 381 16
31 387 2
31 389 32
31 395 85
31 414 30
31 416 35
31 433 65
31 454 79
31 457 50
31 461 31
31 466 16
31 470 70
31 474 35
31 477 45
31 489 36
31 493 68
31 509 21
31 512 62
31 524 71
31 541 77
31 550 21
31 551 73
31 555 96
31 558 23
31 563 42
31 570 68
31 572 9
31 574 27
31 577 12
31 582 47
31 583 54
31 591 93
31 594 83
31 597 56
31 598 49
31 604 37
31 610 34
31 614 39
31 616 31
31 627 96
31 633 60
31 636 43
31 673 41
31 676 63
31 687 65
31 688 90
31 690 85
31 691 95
31 698 38
31 711 97
31 726 49
31 757 96
31 761 83
31 762 52
31 763 60
31 772 10
31 774 7
31 784 61
31 785 38
31 791 18
31 792 29
31 796 92
31 797 74
31 799 21
31 821 71
31 839 3
31 841 14
31 854 17
31 857 80
31 860 5
31 861 89
31 867 13
31 874 60
31 876 68
31 879 37
31 882 84
31 887 9
31 897 55
31 900 18
31 926 90
31 930 45
31 936 98
31 968 67
31 976 81
31 995 85
32 66 65
32 67 54
32 68 18
32 80 28
32 87 3
32 113 59
32 118 87
32 132 32
32 139 7
32 197 4
32 198 86
32 205 73
32 218 70
32 226 83
32 228 68
32 233 56
32 239 89
32 241 12
32 296 22
32 318 28
32 322 35
32 330 4
32 337 92
32 348 16
32 358 96
32 359 68
32 367 73
32 368 42
32 369 52
32 371 85
32 428 25
32 435 20
32 441 94
32 465 18
32 476 85
32 509 86
32 517 55
32 520 72
32 521 65
32 523 4
32 536 52
32 542 87
32 559 22
32 562 27
32 573 31
32 580 12
32 586 81
32 606 82
32 607 5
32 627 5
32 649 91
32 679 58
32 682 91
32 691 12
32 694 20
32 697 57
32 703 6
32 707 20
32 724 13
32 733 87
32 743 2
32 754 24
32 755 76
32 770 72
32 791 67
32 797 48
32 810 68
32 811 16
32 862 76
32 870 39
32 875 81
32 877 68
32 879 43
32 900 40
32 903 60
32 910 94
32 915 71
32 916 56
32 920 29
32 922 5
32 923 9
32 943 80
32 944 88
32 947 25
32 959 48
32 997 68
33 42 70
33 45 48
33 70 21
33 74 75
33 78 19
33 79 5
33 95 6
33 96 15
33 106 43
33 109 16
33 121 11
33 123 46
33 127 23
33 142 48
33 144 88
33 148 15
33 152 68
33 175 29
33 182 47
33 188 8
33 191 76
33 200 59
33 222 66
33 224 39
33 242 5
33 243 56
33 253 10
33 257 12
33 264 40
33 270 10
33 273 36
33 276 82
33 279 40
33 291 88
33 299 89
33 303 46
33 320 85
33 323 83
33 326 11
33 354 51
33 360 9
33 362 62
33 387 92
33 389 34
33 395 40
33 396 66
33 433 84
33 440 36
33 453 47
33 460 61
33 470 7
33 472 100
33 493 98
33 495 24
33 496 44
33 524 61
33 526 14
33 535 76
33 564 9
33 566 51
33 570 3
33 574 1
33 577 28
33 579 53
33 583 65
33 584 33
33 597 63
33 598 30
33 603 70
33 610 64
33 612 89
33 615 88
33 618 62
33 621 76
33 639 96
33 661 11
33 667 73
33 668 46
33 673 41
33 675 23
33 710 64
33 730 27
33 736 84
33 741 89
33 746 100
33 750 47
33 752 65
33 757 34
33 761 96
33 773 7
33 783 94
33 796 70
33 798 70
33 800 67
33 816 61
33 823 78
33 829 2
33 834 36
33 838 78
33 847 70
33 860 8
33 873 11
33 876 25
33 878 41
33 880 45
33 885 67
33 912 66
33 917 15
33 929 1
33 930 34
33 956 79
33 958 28
33 966 84
33 968 33
33 973 35
33 982 65
33 985 73
34 39 24
34 50 71
34 58 30
34 61 48
34 83 98
34 143 63
34 145 90
34 147 96
34 149 27
34 158 51
34 168 29
34 192 11
34 203 31
34 252 8
34 284 16
34 285 56
34 308 3
34 309 75
34 312 91
34 325 17
34 346 3
34 351 97
34 381 53
34 404 34
34 454 34
34 457 57
34 461 81
34 477 33
34 479 98
34 497 55
34 529 83
34 530 23
34 537 68
34 551 3
34 555 98
34 556 95
34 563 89
34 582 97
34 591 18
34 594 15
34 604 32
34 636 62
34 647 19
34 676 14
34 683 82
34 688 50
34 699 10
34 722 70
34 725 47
34 726 46
34 738 23
34 744 96
34 762 2
34 772 52
34 785 2
34 792 38
34 837 83
34 839 36
34 841 88
34 857 30
34 867 47
34 874 39
34 887 46
34 897 45
34 933 61
34 935 79
34 936 99
34 937 65
34 970 86
34 971 87
34 998 3
35 60 71
35 62 46
35 92 18
35 97 8
35 122 34
35 126 36
35 134 86
35 150 1
35 157 9
35 161 56
35 163 27
35 165 58
35 181 33
35 190 27
35 193 51
35 217 17
35 220 48
35 230 87
35 231 6
35 232 40
35 254 11
35 258 1
35 260 68
35 283 2
35 290 62
35 313 39
35 331 7
35 335 34
35 343 92
35 391 75
35 398 69
35 407 53
35 430 39
35 443 23
35 450 68
35 451 30
35 499 4
35 531 75
35 532 87
35 560 94
35 581 22
35 620 98
35 625 16
35 664 24
35 681 95
35 693 64
35 765 74
35 767 81
35 778 97
35 779 82
35 780 69
35 782 100
35 786 16
35 809 53
35 828 89
35 844 79
35 845 10
35 865 95
35 884 90
35 894 2
35 931 18
35 941 38
35 948 69
35 950 81
35 974 93
35 989 24
35 991 7
36 51 82
36 52 94
36 69 45
36 94 59
36 100 61
36 112 38
36 130 43
36 131 22
36 146 40
36 164 23
36 179 6
36 183 73
36 202 61
36 206 86
36 209 27
36 214 19
36 223 33
36 234 85
36 237 52
36 251 3
36 265 89
36 266 5
36 269 16
36 274 48
36 280 97
36 315 46
36 316 37
36 347 8
36 357 17
36 365 68
36 374 35
36 378 49
36 384 69
36 385 63
36 413 61
36 437 57
36 446 89
36 462 45
36 475 3
36 478 67
36 502 22
36 515 12
36 516 84
36 533 14
36 548 74
36 567 91
36 626 50
36 634 69
36 645 40
36 652 5
36 672 76
36 704 39
36 727 64
36 728 60
36 739 7
36 789 62
36 804 34
36 832 50
36 898 27
36 907 50
36 909 46
36 924 72
36 925 54
36 965 88
36 981 97
36 988 46
37 43 30
37 47 86
37 58 70
37 63 27
37 66 16
37 68 26
37 72 88
37 77 29
37 81 38
37 83 54
37 86 86
37 106 89
37 115 1
37 125 86
37 148 69
37 158 84
37 175 35
37 182 9
37 205 78
37 213 7
37 224 39
37 241 16
37 243 33
37 257 4
37 262 49
37 263 44
37 270 2
37 276 97
37 297 44
37 299 60
37 308 23
37 309 40
37 314 88
37 323 37
37 327 22
37 330 55
37 337 72
37 348 45
37 351 88
37 359 25
37 362 25
37 369 92
37 395 22
37 414 66
37 416 66
37 428 89
37 433 24
37 435 80
37 441 50
37 454 54
37 457 32
37 466 33
37 470 21
37 474 12
37 489 17
37 493 89
37 501 94
37 509 37
37 512 38
37 521 63
37 523 23
37 541 51
37 550 97
37 555 100
37 558 36
37 559 12
37 562 9
37 563 15
37 570 56
37 572 26
37 574 27
37 577 65
37 583 63
37 588 86
37 597 42
37 600 59
37 604 63
37 606 81
37 610 33
37 614 38
37 616 55
37 619 11
37 627 90
37 633 51
37 636 42
37 649 56
37 673 4
37 676 99
37 679 87
37 682 70
37 687 60
37 690 39
37 691 8
37 692 90
37 694 2
37 697 39
37 698 90
37 701 76
37 711 90
37 724 78
37 726 50
37 743 52
37 761 55
37 763 1
37 774 97
37 784 90
37 785 44
37 791 43
37 797 39
37 799 97
37 841 41
37 846 23
37 854 91
37 857 26
37 859 52
37 860 33
37 861 27
37 877 42
37 879 81
37 882 44
37 900 84
37 910 56
37 916 86
37 926 11
37 928 47
37 930 39
37 942 83
37 944 10
37 947 22
37 959 43
37 976 51
37 995 71
38 40 72
38 53 27
38 54 18
38 64 15
38 80 91
38 102 48
38 104 83
38 111 99
38 120 98
38 121 54
38 127 31
38 136 51
38 138 17
38 139 41
38 144 95
38 155 65
38 170 14
38 171 24
38 172 87
38 173 28
38 174 90
38 176 23
38 177 79
38 185 1
38 198 82
38 212 35
38 215 19
38 216 58
38 227 39
38 233 79
38 264 74
38 271 16
38 279 26
38 286 82
38 287 77
38 288 72
38 305 60
38 306 66
38 311 72
38 322 58
38 329 84
38 363 81
38 364 73
38 370 21
38 373 32
38 406 69
38 425 69
38 444 27
38 447 28
38 458 24
38 460 48
38 472 78
38 487 16
38 488 9
38 495 74
38 496 2
38 514 84
38 522 59
38 526 58
38 566 3
38 569 55
38 571 51
38 573 89
38 584 13
38 603 19
38 605 99
38 612 61
38 623 24
38 631 6
38 642 79
38 665 82
38 667 31
38 670 46
38 706 53
38 712 52
38 713 46
38 716 40
38 717 76
38 723 15
38 730 38
38 734 87
38 736 49
38 741 27
38 746 78
38 756 99
38 758 80
38 773 42
38 783 100
38 800 93
38 801 22
38 814 89
38 816 17
38 823 83
38 829 74
38 830 22
38 838 95
38 840 62
38 842 15
38 847 88
38 863 88
38 868 10
38 873 18
38 878 66
38 880 99
38 885 56
38 906 58
38 912 21
38 918 93
38 929 86
38 932 12
38 951 88
38 954 94
38 957 85
38 960 71
38 963 89
38 966 66
38 985 95
38 996 87
39 43 41
39 47 93
39 50 2
39 58 61
39 61 58
39 77 25
39 83 79
39 86 31
39 115 13
39 125 41
39 145 56
39 149 91
39 158 4
39 203 3
39 252 90
39 284 26
39 308 16
39 309 1
39 312 55
39 327 14
39 346 95
39 351 66
39 381 12
39 414 30
39 416 36
39 454 71
39 457 39
39 461 92
39 477 53
39 489 19
39 501 85
39 530 57
39 541 80
39 555 90
39 563 23
39 570 97
39 572 76
39 582 30
39 591 12
39 594 57
39 604 24
39 616 97
39 633 22
39 636 21
39 676 27
39 698 40
39 701 36
39 711 23
39 726 32
39 762 91
39 763 80
39 772 42
39 784 31
39 785 18
39 792 38
39 837 61
39 839 98
39 841 24
39 857 89
39 861 65
39 867 73
39 874 64
39 887 99
39 897 62
39 926 56
39 933 28
39 935 52
39 936 25
39 942 88
39 976 59
40 59 15
40 64 67
40 74 19
40 78 11
40 79 84
40 85 19
40 95 83
40 120 95
40 121 33
40 135 7
40 136 4
40 138 20
40 151 74
40 152 90
40 153 3
40 156 46
40 160 63
40 171 52
40 176 80
40 177 19
40 184 49
40 188 76
40 189 20
40 240 19
40 245 94
40 271 40
40 279 13
40 287 11
40 294 47
40 311 89
40 320 22
40 326 75
40 329 55
40 334 4
40 370 5
40 380 79
40 383 4
40 406 47
40 408 86
40 420 51
40 424 9
40 429 95
40 431 71
40 440 85
40 444 76
40 447 73
40 460 36
40 472 69
40 487 47
40 495 19
40 498 2
40 500 6
40 525 95
40 535 12
40 544 16
40 552 77
40 553 8
40 564 24
40 566 86
40 568 19
40 571 44
40 579 56
40 584 82
40 585 57
40 590 9
40 592 53
40 602 49
40 612 52
40 621 1
40 623 14
40 628 39
40 643 100
40 650 8
40 656 95
40 670 75
40 684 68
40 702 30
40 712 41
40 713 94
40 719 73
40 736 21
40 741 43
40 742 50
40 750 83
40 752 39
40 764 35
40 773 58
40 783 59
40 788 68
40 793 63
40 800 37
40 807 19
40 816 18
40 829 87
40 834 78
40 838 85
40 840 57
40 847 59
40 850 82
40 855 47
40 873 14
40 878 93
40 880 45
40 885 51
40 904 46
40 921 32
40 932 79
40 954 71
40 958 32
40 960 26
40 973 78
40 982 32
40 985 11
41 44 22
41 59 24
41 76 46
41 82 30
41 85 23
41 93 82
41 116 55
41 133 38
41 187 21
41 196 85
41 201 85
41 210 68
41 221 27
41 236 87
41 246 30
41 259 59
41 272 81
41 275 100
41 289 58
41 298 70
41 300 97
41 332 18
41 338 73
41 340 23
41 344 85
41 355 29
41 356 92
41 366 36
41 377 79
41 382 67
41 405 68
41 408 42
41 412 22
41 415 44
41 423 8
41 431 60
41 439 78
41 448 57
41 455 96
41 482 54
41 491 60
41 500 58
41 505 92
41 507 96
41 508 97
41 518 28
41 543 23
41 554 15
41 592 78
41 596 40
41 629 14
41 657 77
41 684 43
41 695 65
41 719 54
41 747 68
41 788 38
41 808 2
41 818 98
41 822 94
41 832 67
41 835 27
41 849 88
41 871 62
41 889 41
41 904 29
41 908 41
41 938 78
41 945 86
41 972 1
41 987 52
41 994 61
42 43 75
42 45 58
42 61 94
42 70 47
42 71 28
42 74 55
42 79 43
42 84 54
42 88 66
42 109 29
42 143 36
42 166 17
42 168 55
42 180 100
42 186 98
42 191 79
42 192 30
42 195 80
42 203 44
42 211 8
42 222 15
42 235 5
42 242 7
42 249 4
42 253 98
42 256 98
42 273 60
42 276 100
42 282 31
42 284 98
42 285 18
42 291 62
42 293 58
42 303 31
42 312 38
42 317 41
42 323 7
42 325 8
42 354 12
42 360 51
42 361 96
42 387 37
42 389 99
42 394 73
42 395 98
42 396 94
42 404 46
42 417 46
42 442 25
42 453 44
42 461 73
42 467 12
42 473 34
42 485 78
42 490 32
42 492 8
42 493 68
42 511 43
42 513 15
42 524 86
42 535 61
42 545 27
42 551 34
42 570 65
42 574 46
42 575 54
42 578 65
42 583 16
42 591 41
42 598 5
42 601 59
42 608 71
42 609 61
42 613 97
42 615 83
42 618 16
42 638 97
42 639 27
42 648 96
42 659 23
42 661 21
42 668 18
42 674 53
42 675 19
42 683 72
42 686 74
42 688 62
42 699 57
42 700 9
42 710 16
42 714 46
42 735 52
42 738 44
42 740 91
42 751 9
42 752 76
42 757 47
42 795 67
42 803 17
42 806 93
42 812 13
42 821 33
42 824 72
42 831 9
42 833 60
42 834 62
42 839 70
42 867 34
42 869 71
42 876 18
42 917 57
42 936 83
42 946 6
42 958 61
42 968 39
42 973 90
42 982 86
42 983 70
42 990 18
43 45 34
43 50 63
43 58 50
43 61 8
43 70 82
43 72 8
43 77 1
43 83 92
43 88 36
43 106 51
43 123 7
43 125 37
43 142 72
43 143 14
43 148 7
43 149 69
43 168 50
43 175 16
43 191 12
43 192 14
43 203 80
43 213 94
43 224 35
43 235 68
43 243 69
43 252 19
43 253 99
43 256 9
43 257 12
43 262 70
43 270 65
43 276 6
43 284 22
43 285 28
43 291 68
43 297 46
43 299 5
43 303 25
43 308 37
43 309 52
43 312 39
43 323 71
43 325 64
43 327 29
43 351 35
43 354 13
43 361 52
43 362 27
43 381 20
43 387 54
43 389 63
43 395 34
43 404 94
43 416 15
43 417 77
43 433 47
43 453 92
43 454 47
43 457 28
43 461 61
43 466 77
43 470 35
43 489 81
43 492 5
43 493 45
43 524 40
43 551 46
43 555 79
43 558 54
43 563 37
43 570 64
43 572 80
43 574 52
43 577 71
43 582 9
43 583 37
43 591 13
43 594 10
43 597 69
43 598 47
43 604 27
43 610 9
43 613 63
43 614 95
43 615 60
43 616 30
43 618 56
43 627 72
43 636 50
43 639 93
43 659 58
43 668 44
43 673 16
43 675 100
43 676 12
43 687 73
43 688 87
43 690 65
43 698 57
43 699 63
43 711 48
43 726 93
43 757 31
43 761 72
43 762 65
43 763 12
43 772 9
43 784 66
43 785 82
43 792 13
43 796 38
43 799 85
43 821 15
43 837 44
43 839 30
43 841 25
43 854 84
43 860 4
43 867 100
43 874 46
43 876 76
43 882 8
43 887 6
43 897 93
43 900 8
43 926 14
43 930 19
43 933 46
43 936 6
43 968 36
43 976 42
43 995 85
44 49 14
44 82 36
44 93 34
44 116 22
44 141 27
44 159 88
44 187 26
44 196 15
44 201 10
44 221 41
44 246 13
44 272 23
44 275 12
44 298 72
44 300 55
44 302 24
44 338 49
44 342 50
44 355 72
44 356 71
44 366 86
44 372 3
44 382 12
44 399 6
44 402 86
44 405 54
44 409 63
44 412 88
44 415 33
44 448 71
44 459 59
44 463 3
44 482 66
44 491 5
44 503 44
44 505 55
44 508 7
44 538 30
44 539 35
44 543 67
44 554 98
44 593 67
44 596 33
44 629 56
44 657 69
44 658 29
44 689 50
44 695 10
44 747 67
44 749 65
44 776 76
44 822 2
44 835 8
44 843 43
44 849 79
44 853 27
44 866 10
44 871 33
44 889 15
44 896 87
44 908 15
44 927 47
44 938 7
44 945 9
44 955 96
44 994 58
45 61 38
45 70 2
45 71 27
45 74 33
45 79 39
45 88 98
45 95 14
45 106 9
45 109 99
45 123 44
45 142 89
45 148 11
45 166 19
45 175 71
45 180 33
45 191 47
45 195 38
45 200 67
45 203 46
45 222 23
45 235 64
45 242 91
45 243 75
45 249 61
45 253 23
45 256 66
45 257 28
45 273 23
45 276 53
45 284 92
45 285 47
45 291 15
45 293 47
45 303 22
45 312 45
45 323 31
45 325 91
45 354 51
45 360 61
45 361 6
45 387 57
45 389 85
45 395 96
45 396 84
45 404 97
45 417 88
45 433 69
45 442 43
45 453 81
45 461 83
45 467 37
45 473 49
45 489 100
45 492 86
45 493 33
45 511 86
45 513 77
45 524 60
45 535 66
45 551 61
45 570 24
45 574 33
45 575 10
45 577 84
45 578 27
45 579 38
45 583 9
45 591 94
45 598 7
45 601 9
45 608 17
45 610 73
45 613 67
45 615 27
45 618 95
45 636 78
45 639 55
45 659 69
45 661 40
45 668 90
45 673 9
45 675 9
45 688 62
45 700 21
45 710 88
45 714 27
45 735 14
45 740 43
45 752 36
45 757 22
45 761 21
45 763 92
45 796 59
45 798 31
45 803 23
45 806 41
45 821 38
45 824 100
45 833 39
45 834 81
45 839 29
45 867 90
45 876 99
45 885 6
45 917 75
45 936 62
45 956 42
45 958 65
45 966 22
45 968 82
45 973 99
45 976 25
45 982 91
45 990 49
46 49 23
46 55 23
46 73 73
46 103 33
46 114 8
46 194 48
46 204 73
46 219 5
46 229 6
46 255 25
46 267 99
46 281 3
46 295 78
46 302 71
46 319 90
46 342 91
46 372 12
46 386 31
46 393 5
46 399 87
46 402 87
46 410 24
46 411 88
46 418 3
46 432 27
46 434 26
46 459 65
46 486 71
46 503 91
46 504 53
46 528 22
46 538 53
46 547 74
46 593 32
46 624 26
46 646 62
46 654 84
46 658 45
46 660 6
46 671 81
46 677 47
46 696 77
46 718 44
46 720 52
46 737 10
46 748 3
46 749 83
46 775 77
46 776 89
46 790 31
46 794 75
46 817 33
46 820 96
46 825 43
46 843 98
46 853 91
46 883 63
46 888 87
46 890 77
46 891 86
46 893 53
46 896 49
46 913 94
46 955 73
46 979 10
47 50 66
47 58 95
47 63 62
47 72 96
47 77 89
47 81 81
47 83 43
47 86 71
47 115 10
47 125 60
47 145 49
47 158 54
47 238 38
47 241 58
47 252 15
47 262 48
47 263 67
47 297 87
47 307 4
47 308 30
47 309 86
47 314 74
47 327 93
47 346 87
47 351 64
47 414 33
47 416 94
47 441 53
47 454 35
47 457 40
47 474 23
47 477 3
47 489 21
47 501 1
47 512 37
47 541 58
47 550 29
47 555 49
47 563 95
47 565 73
47 572 91
47 582 74
47 588 18
47 594 96
47 600 82
47 604 11
47 614 7
47 616 39
47 633 67
47 636 76
47 649 66
47 676 38
47 687 18
47 692 62
47 698 100
47 701 4
47 711 57
47 726 38
47 763 45
47 772 26
47 774 43
47 784 14
47 785 27
47 792 22
47 797 38
47 799 74
47 841 37
47 846 48
47 854 24
47 857 21
47 861 77
47 882 40
47 886 83
47 897 99
47 926 33
47 935 93
47 942 15
47 976 73
47 995 2
48 56 63
48 57 72
48 71 75
48 75 25
48 84 89
48 91 64
48 105 5
48 109 33
48 117 41
48 124 69
48 129 3
48 135 94
48 137 51
48 154 19
48 162 27
48 166 84
48 180 25
48 195 14
48 207 37
48 211 71
48 222 15
48 225 90
48 242 2
48 248 10
48 273 2
48 282 5
48 293 30
48 301 61
48 326 62
48 328 90
48 349 3
48 350 67
48 352 11
48 353 85
48 360 85
48 375 58
48 379 95
48 394 86
48 397 4
48 400 28
48 427 65
48 438 84
48 449 92
48 467 24
48 468 8
48 471 96
48 480 3
48 483 94
48 485 3
48 490 83
48 506 43
48 510 8
48 511 68
48 513 13
48 534 67
48 561 16
48 578 74
48 587 73
48 595 28
48 599 42
48 601 7
48 608 11
48 609 97
48 617 5
48 630 83
48 635 44
48 638 33
48 641 77
48 644 41
48 648 22
48 661 1
48 668 3
48 674 73
48 678 92
48 700 53
48 705 23
48 709 62
48 714 21
48 721 14
48 732 87
48 750 71
48 759 90
48 760 19
48 767 48
48 787 96
48 795 65
48 803 15
48 806 87
48 824 50
48 831 51
48 836 100
48 851 75
48 852 34
48 869 46
48 892 59
48 899 18
48 901 73
48 914 32
48 917 10
48 934 80
48 952 26
48 969 75
48 982 97
48 990 74
48 993 40
49 73 97
49 103 100
49 116 55
49 141 35
49 159 98
49 187 57
49 221 37
49 275 74
49 298 8
49 302 43
49 319 43
49 338 66
49 342 49
49 366 4
49 372 42
49 382 88
49 386 92
49 399 20
49 402 87
49 409 55
49 411 38
49 412 51
49 434 18
49 448 9
49 459 56
49 463 12
49 491 88
49 503 22
49 504 85
49 538 80
49 539 65
49 543 9
49 547 63
49 593 1
49 596 60
49 624 29
49 629 23
49 657 87
49 658 81
49 696 26
49 718 37
49 720 47
49 737 62
49 747 94
49 748 22
49 749 55
49 775 24
49 776 53
49 817 75
49 822 4
49 825 50
49 843 67
49 853 12
49 866 33
49 883 93
49 888 98
49 890 40
49 891 21
49 893 86
49 896 56
49 927 76
49 938 39
49 955 2
49 979 12
49 994 42
50 58 21
50 61 3
50 77 61
50 83 78
50 86 45
50 115 90
50 125 51
50 143 27
50 145 79
50 149 80
50 158 22
50 168 31
50 203 99
50 252 37
50 284 39
50 285 35
50 308 86
50 309 22
50 312 16
50 325 72
50 327 84
50 346 10
50 351 58
50 381 21
50 404 98
50 414 78
50 416 28
50 454 77
50 457 83
50 461 30
50 477 59
50 489 75
50 530 6
50 541 28
50 551 99
50 555 92
50 563 80
50 570 8
50 572 51
50 574 58
50 582 83
50 591 66
50 594 78
50 604 24
50 616 47
50 633 3
50 636 65
50 676 40
50 688 6
50 698 10
50 699 31
50 701 61
50 711 14
50 726 4
50 762 84
50 763 11
50 772 60
50 784 37
50 785 31
50 792 18
50 821 89
50 837 1
50 839 99
50 841 39
50 857 9
50 861 20
50 867 68
50 874 48
50 887 45
50 897 25
50 926 37
50 933 59
50 935 97
50 936 17
50 937 41
50 976 87
50 998 11
51 52 27
51 53 54
51 69 59
51 89 99
51 94 93
51 100 54
51 102 1
51 104 72
51 112 62
51 120 67
51 130 36
51 131 7
51 146 26
51 151 39
51 153 25
51 164 91
51 169 83
51 170 78
51 173 89
51 174 26
51 176 77
51 177 34
51 178 45
51 179 59
51 183 35
51 185 72
51 189 34
51 202 85
51 206 43
51 209 14
51 212 66
51 214 43
51 215 85
51 216 78
51 223 51
51 227 66
51 234 43
51 237 62
51 244 99
51 251 19
51 265 48
51 266 91
51 269 55
51 271 30
51 274 12
51 280 17
51 288 88
51 310 41
51 311 70
51 315 63
51 316 98
51 329 70
51 333 4
51 347 70
51 357 8
51 364 9
51 365 20
51 370 98
51 373 84
51 374 5
51 378 98
51 384 94
51 385 56
51 406 65
51 413 96
51 419 54
51 437 96
51 444 7
51 446 67
51 447 23
51 456 78
51 462 71
51 469 11
51 478 32
51 484 47
51 487 34
51 488 14
51 494 84
51 502 51
51 514 95
51 515 41
51 516 27
51 546 2
51 548 89
51 557 80
51 567 51
51 569 18
51 571 45
51 623 89
51 626 55
51 634 66
51 645 90
51 650 2
51 652 84
51 665 78
51 672 23
51 702 100
51 704 78
51 712 48
51 716 100
51 717 66
51 723 69
51 727 85
51 728 81
51 729 81
51 731 90
51 739 57
51 756 85
51 781 63
51 789 20
51 801 99
51 804 12
51 813 72
51 815 10
51 827 56
51 840 45
51 855 43
51 872 50
51 898 66
51 902 97
51 905 21
51 906 92
51 907 48
51 909 38
51 924 80
51 925 100
51 932 26
51 939 2
51 940 76
51 949 63
51 951 27
51 960 87
51 963 94
51 965 56
51 977 57
51 981 72
51 988 93
51 996 77
52 53 84
52 69 46
52 89 27
52 94 63
52 100 81
52 112 17
52 130 39
52 131 86
52 146 41
52 151 97
52 164 79
52 169 63
52 173 80
52 174 99
52 178 54
52 179 35
52 183 59
52 185 42
52 202 81
52 206 52
52 209 43
52 212 52
52 214 94
52 223 93
52 234 94
52 237 2
52 244 28
52 251 86
52 265 72
52 266 42
52 269 88
52 271 74
52 274 3
52 280 59
52 315 53
52 316 9
52 347 40
52 357 9
52 365 53
52 373 12
52 374 7
52 378 43
52 384 4
52 385 56
52 413 70
52 419 13
52 437 69
52 446 72
52 456 22
52 462 44
52 469 78
52 475 36
52 478 59
52 484 18
52 502 69
52 515 50
52 516 94
52 533 75
52 546 21
52 548 98
52 557 55
52 567 51
52 626 21
52 634 32
52 637 81
52 645 60
52 652 81
52 672 80
52 704 36
52 716 68
52 727 43
52 728 91
52 729 5
52 731 86
52 739 88
52 781 78
52 789 12
52 804 27
52 813 12
52 898 11
52 902 35
52 907 10
52 909 8
52 924 43
52 925 30
52 939 8
52 940 100
52 949 94
52 951 79
52 965 89
52 977 72
52 981 67
52 988 19
53 89 48
53 94 27
53 100 100
53 102 56
53 104 64
53 110 72
53 112 68
53 120 95
53 130 34
53 131 79
53 138 87
53 140 56
53 146 81
53 151 38
53 155 46
53 164 23
53 169 11
53 170 73
53 173 79
53 174 22
53 176 28
53 177 36
53 178 92
53 179 97
53 185 82
53 212 20
53 214 3
53 215 34
53 216 69
53 223 63
53 227 35
53 237 57
53 251 82
53 266 58
53 269 62
53 271 100
53 274 81
53 277 20
53 280 50
53 286 82
53 288 21
53 310 77
53 311 64
53 316 24
53 329 19
53 333 3
53 347 30
53 364 33
53 365 22
53 370 22
53 373 88
53 374 28
53 385 61
53 406 11
53 413 11
53 419 59
53 425 90
53 437 90
53 444 58
53 446 11
53 447 18
53 456 91
53 462 74
53 478 5
53 484 53
53 487 5
53 488 12
53 494 97
53 502 53
53 514 31
53 515 10
53 516 15
53 546 18
53 557 9
53 567 14
53 569 13
53 571 27
53 605 72
53 623 58
53 626 95
53 634 81
53 645 41
53 652 9
53 665 67
53 704 88
53 712 48
53 716 52
53 717 20
53 723 10
53 728 37
53 729 70
53 731 43
53 734 38
53 756 44
53 777 42
53 781 78
53 801 50
53 804 5
53 815 50
53 827 34
53 840 37
53 842 39
53 868 47
53 872 18
53 902 76
53 905 36
53 906 67
53 907 71
53 909 17
53 918 98
53 924 82
53 932 51
53 939 93
53 940 2
53 949 21
53 951 20
53 960 21
53 963 22
53 965 35
53 977 64
53 988 9
53 996 50
54 67 58
54 68 22
54 80 9
54 96 83
54 106 27
54 111 31
54 113 1
54 121 38
54 123 10
54 127 3
54 138 72
54 139 24
54 142 14
54 144 19
54 155 35
54 171 81
54 172 26
54 182 37
54 197 95
54 198 13
54 200 12
54 213 43
54 218 65
54 224 53
54 226 35
54 228 96
54 233 52
54 239 51
54 243 85
54 264 1
54 286 38
54 287 89
54 305 5
54 306 89
54 318 95
54 322 77
54 359 6
54 362 33
54 363 60
54 367 38
54 368 26
54 369 86
54 371 54
54 458 54
54 460 2
54 465 97
54 470 49
54 488 27
54 495 82
54 496 13
54 514 69
54 517 70
54 520 74
54 522 83
54 526 51
54 536 14
54 542 59
54 559 100
54 562 40
54 566 27
54 573 18
54 579 7
54 580 3
54 584 20
54 597 84
54 603 4
54 605 66
54 606 94
54 612 84
54 631 8
54 642 30
54 667 63
54 673 69
54 691 88
54 697 90
54 703 71
54 706 30
54 708 71
54 724 66
54 730 45
54 733 74
54 734 74
54 736 78
54 741 33
54 746 79
54 754 54
54 755 67
54 758 6
54 761 85
54 770 61
54 773 79
54 791 26
54 796 76
54 798 97
54 800 91
54 814 96
54 823 39
54 829 67
54 830 86
54 838 90
54 840 85
54 842 81
54 847 80
54 860 85
54 862 85
54 863 11
54 868 39
54 870 34
54 875 6
54 877 19
54 878 24
54 879 33
54 880 22
54 885 46
54 900 3
54 912 63
54 915 52
54 916 66
54 918 83
54 922 91
54 929 68
54 930 20
54 947 82
54 956 31
54 957 98
54 966 85
54 985 34
54 997 32
55 73 70
55 103 9
55 114 17
55 194 26
55 204 17
55 219 16
55 229 1
55 255 95
55 261 39
55 267 29
55 281 61
55 295 7
55 319 23
55 341 75
55 386 13
55 388 95
55 392 64
55 393 15
55 401 2
55 410 95
55 418 6
55 432 13
55 434 48
55 436 5
55 481 74
55 486 32
55 504 91
55 519 6
55 528 63
55 547 72
55 593 87
55 622 62
55 624 56
55 646 19
55 653 82
55 654 78
55 660 86
55 666 42
55 671 57
55 677 28
55 685 2
55 696 65
55 718 43
55 720 73
55 748 6
55 766 4
55 769 21
55 771 71
55 775 48
55 790 91
55 794 54
55 802 81
55 817 71
55 820 21
55 848 54
55 856 80
55 858 53
55 881 90
55 883 75
55 888 12
55 891 98
55 913 7
55 955 17
55 964 74
55 978 84
55 979 5
55 980 72
55 992 90
56 57 52
56 75 92
56 91 46
56 101 16
56 105 100
56 114 50
56 117 90
56 124 10
56 129 88
56 137 33
56 154 28
56 162 6
56 167 47
56 207 66
56 219 21
56 247 85
56 248 42
56 250 96
56 261 74
56 267 65
56 268 85
56 281 41
56 292 64
56 301 16
56 304 90
56 328 98
56 336 17
56 341 68
56 350 35
56 352 94
56 375 2
56 379 66
56 388 51
56 390 48
56 392 68
56 397 70
56 400 51
56 401 47
56 410 77
56 418 71
56 432 60
56 436 26
56 438 25
56 449 41
56 468 52
56 481 98
56 483 5
56 506 52
56 510 20
56 519 26
56 528 80
56 534 55
56 561 10
56 587 46
56 595 99
56 599 13
56 611 9
56 617 46
56 622 34
56 630 41
56 635 65
56 641 63
56 644 75
56 651 40
56 653 39
56 655 46
56 660 71
56 662 64
56 666 79
56 669 10
56 678 91
56 685 88
56 705 75
56 721 95
56 732 85
56 745 28
56 753 21
56 759 44
56 760 22
56 766 52
56 768 19
56 769 66
56 771 84
56 787 2
56 790 54
56 802 24
56 820 51
56 836 28
56 848 24
56 851 79
56 852 11
56 856 27
56 858 11
56 881 49
56 892 34
56 899 21
56 901 97
56 911 71
56 914 67
56 934 30
56 952 55
56 964 55
56 969 71
56 978 95
56 980 58
56 984 4
56 986 75
56 992 30
56 993 95
57 84 75
57 97 77
57 124 92
57 137 38
57 154 3
57 157 90
57 162 48
57 181 4
57 217 14
57 225 20
57 230 74
57 232 63
57 247 26
57 250 58
57 260 75
57 290 73
57 313 51
57 328 74
57 336 30
57 349 25
57 350 93
57 352 9
57 375 86
57 392 55
57 400 25
57 427 24
57 436 60
57 443 33
57 451 42
57 468 65
57 480 42
57 481 31
57 483 8
57 499 46
57 506 66
57 532 65
57 534 2
57 560 27
57 595 9
57 617 49
57 620 40
57 630 25
57 635 73
57 638 45
57 644 23
57 651 99
57 653 87
57 655 38
57 664 43
57 666 53
57 681 70
57 721 25
57 732 99
57 745 95
57 753 19
57 759 43
57 760 66
57 765 17
57 767 16
57 771 55
57 778 73
57 828 48
57 844 1
57 845 20
57 848 20
57 851 6
57 869 99
57 892 95
57 899 30
57 901 61
57 914 25
57 931 46
57 948 35
57 950 92
57 952 50
57 969 25
57 978 63
57 986 98
57 989 96
57 993 8
58 61 26
58 72 93
58 77 96
58 81 52
58 83 14
58 86 91
58 106 19
58 115 17
58 125 99
58 145 5
58 148 8
58 149 91
58 158 80
58 175 2
58 203 6
58 213 4
58 243 68
58 252 68
58 256 88
58 257 10
58 262 10
58 270 87
58 276 77
58 284 94
58 285 49
58 291 74
58 297 24
58 299 3
58 303 41
58 308 5
58 309 19
58 312 49
58 323 70
58 325 100
58 327 48
58 346 63
58 351 80
58 381 87
58 387 53
58 395 39
58 404 35
58 414 25
58 416 42
58 433 64
58 454 2
58 457 21
58 461 42
58 466 48
58 474 28
58 477 77
58 489 98
58 493 88
58 512 11
58 530 73
58 541 75
58 550 55
58 551 85
58 555 5
58 558 29
58 563 42
58 570 60
58 572 39
58 574 34
58 577 69
58 582 20
58 583 17
58 591 41
58 594 99
58 597 68
58 598 48
58 604 24
58 610 33
58 614 13
58 616 82
58 627 18
58 633 41
58 636 97
58 676 20
58 687 21
58 688 19
58 690 77
58 698 68
58 701 50
58 711 17
58 726 73
58 757 43
58 761 100
58 762 32
58 763 11
58 772 40
58 774 49
58 784 30
58 785 53
58 792 28
58 797 60
58 799 82
58 821 87
58 837 98
58 839 81
58 841 83
58 854 24
58 857 86
58 860 21
58 861 95
58 867 23
58 874 75
58 876 92
58 882 25
58 887 15
58 897 50
58 900 55
58 926 72
58 933 73
58 935 8
58 936 43
58 976 96
58 995 41
59 64 52
59 76 96
59 78 62
59 82 28
59 85 49
59 89 43
59 93 8
59 98 9
59 107 13
59 133 66
59 136 44
59 153 40
59 156 79
59 160 8
59 169 73
59 177 17
59 184 99
59 188 63
59 189 84
59 196 91
59 210 72
59 236 81
59 240 57
59 244 62
59 245 1
59 259 99
59 289 24
59 294 58
59 320 6
59 324 24
59 332 17
59 334 13
59 344 28
59 345 24
59 356 19
59 380 8
59 383 23
59 405 76
59 406 94
59 408 44
59 415 13
59 420 40
59 423 2
59 424 45
59 429 75
59 431 75
59 440 92
59 455 5
59 469 22
59 484 65
59 498 1
59 500 65
59 518 37
59 525 71
59 533 58
59 544 25
59 552 3
59 553 60
59 568 74
59 571 65
59 585 50
59 590 12
59 592 60
59 602 26
59 623 35
59 628 13
59 637 52
59 643 1
59 650 67
59 656 74
59 670 7
59 684 95
59 702 77
59 713 60
59 719 40
59 742 13
59 764 77
59 783 86
59 788 37
59 793 73
59 805 68
59 807 68
59 808 64
59 813 56
59 850 39
59 855 93
59 873 40
59 904 10
59 921 63
59 954 36
59 960 29
59 972 56
60 62 10
60 90 10
60 92 71
60 108 72
60 122 95
60 126 55
60 128 69
60 134 81
60 150 42
60 161 69
60 163 87
60 165 38
60 190 70
60 193 85
60 199 16
60 220 11
60 231 28
60 254 66
60 258 4
60 278 80
60 331 79
60 335 78
60 339 15
60 343 22
60 391 38
60 398 31
60 403 84
60 407 52
60 421 33
60 430 36
60 445 4
60 450 92
60 452 33
60 499 45
60 527 64
60 531 96
60 540 52
60 549 46
60 576 33
60 581 88
60 589 56
60 625 79
60 632 92
60 693 53
60 779 72
60 780 86
60 782 31
60 786 100
60 809 7
60 865 31
60 884 15
60 894 69
60 895 71
60 919 72
60 941 91
60 961 47
60 962 46
60 967 11
60 974 60
60 975 57
60 991 6
61 70 38
61 77 55
61 83 88
61 88 27
61 125 42
61 143 58
61 145 31
61 148 48
61 149 100
61 168 61
61 175 19
61 192 50
61 203 43
61 235 65
61 242 50
61 243 97
61 249 76
61 252 6
61 253 72
61 256 42
61 257 9
61 270 29
61 276 61
61 284 10
61 285 57
61 291 22
61 299 72
61 303 10
61 308 100
61 309 25
61 312 5
61 323 11
61 325 75
61 327 44
61 346 1
61 351 31
61 354 85
61 361 13
61 381 49
61 387 97
61 395 14
61 404 67
61 416 12
61 417 41
61 433 93
61 442 63
61 453 16
61 454 83
61 457 40
61 461 49
61 473 88
61 477 7
61 489 58
61 492 100
61 493 29
61 497 83
61 524 21
61 529 6
61 530 8
61 537 40
61 551 18
61 555 5
61 563 19
61 570 9
61 572 79
61 574 84
61 575 42
61 577 18
61 582 29
61 583 51
61 591 75
61 594 1
61 598 50
61 604 83
61 610 49
61 613 59
61 615 6
61 618 47
61 636 3
61 639 19
61 659 88
61 661 34
61 668 56
61 675 77
61 676 81
61 683 39
61 686 38
61 688 5
61 698 97
61 699 9
61 722 9
61 725 88
61 726 93
61 735 90
61 738 76
61 740 55
61 757 27
61 761 29
61 762 90
61 763 77
61 772 56
61 785 32
61 792 32
61 799 85
61 812 28
61 821 19
61 833 56
61 837 30
61 839 81
61 841 73
61 867 59
61 874 53
61 876 56
61 887 36
61 897 63
61 933 61
61 935 22
61 936 67
61 937 77
61 968 76
61 970 46
61 976 7
61 983 37
61 998 93
62 90 62
62 92 74
62 97 28
62 108 48
62 122 40
62 126 35
62 134 50
62 150 70
62 157 75
62 161 64
62 163 49
62 165 96
62 181 60
62 190 35
62 193 52
62 217 76
62 220 37
62 225 38
62 230 41
62 231 65
62 232 60
62 254 58
62 258 38
62 260 49
62 283 74
62 290 75
62 313 12
62 331 15
62 335 38
62 343 26
62 391 26
62 398 19
62 407 42
62 430 70
62 443 41
62 450 62
62 451 4
62 480 82
62 499 25
62 531 12
62 532 41
62 560 65
62 581 12
62 620 15
62 625 45
62 632 91
62 655 9
62 664 94
62 681 93
62 693 44
62 765 54
62 767 93
62 778 3
62 779 20
62 780 26
62 782 4
62 786 44
62 809 66
62 826 81
62 828 89
62 844 31
62 845 44
62 865 37
62 884 8
62 894 93
62 895 18
62 931 17
62 941 59
62 948 19
62 950 39
62 974 16
62 975 82
62 989 66
63 65 41
63 77 65
63 81 59
63 83 44
63 86 27
63 115 85
63 158 47
63 205 52
63 238 95
63 241 45
63 262 97
63 263 85
63 297 38
63 307 34
63 314 7
63 321 54
63 327 15
63 330 46
63 337 25
63 376 9
63 414 47
63 435 88
63 441 10
63 454 50
63 457 63
63 474 72
63 477 25
63 501 75
63 509 34
63 512 4
63 523 88
63 541 31
63 550 21
63 563 20
63 565 30
63 588 18
63 600 64
63 604 49
63 616 86
63 619 36
63 633 75
63 640 15
63 649 18
63 679 7
63 680 13
63 687 23
63 692 66
63 698 93
63 701 44
63 711 12
63 743 50
63 774 9
63 784 33
63 797 50
63 846 45
63 854 80
63 857 1
63 859 11
63 861 46
63 882 82
63 886 96
63 903 21
63 910 16
63 926 52
63 928 41
63 942 10
63 995 9
64 74 38
64 78 21
64 79 71
64 85 70
64 95 96
64 120 50
64 121 20
64 135 43
64 136 33
64 138 50
64 151 56
64 152 96
64 153 40
64 156 30
64 160 40
64 171 33
64 176 36
64 177 52
64 184 43
64 188 9
64 189 83
64 212 13
64 240 85
64 245 21
64 271 76
64 279 68
64 287 57
64 294 38
64 311 63
64 320 8
64 326 68
64 329 72
64 334 1
64 370 71
64 380 44
64 383 97
64 406 15
64 408 37
64 420 40
64 424 3
64 429 35
64 431 47
64 440 17
64 444 73
64 447 29
64 460 83
64 472 84
64 487 35
64 495 25
64 498 65
64 500 25
64 525 36
64 535 90
64 544 84
64 552 92
64 553 45
64 564 22
64 566 68
64 568 60
64 571 45
64 579 45
64 584 28
64 585 68
64 590 84
64 592 25
64 602 5
64 612 35
64 621 1
64 623 47
64 628 48
64 643 90
64 650 96
64 656 32
64 670 16
64 684 7
64 702 35
64 712 2
64 713 41
64 719 84
64 736 55
64 741 72
64 742 9
64 750 86
64 752 79
64 764 31
64 773 94
64 783 45
64 788 66
64 793 98
64 800 53
64 807 49
64 816 10
64 829 79
64 838 76
64 840 48
64 847 43
64 850 81
64 855 90
64 873 86
64 878 53
64 880 42
64 885 86
64 904 20
64 921 52
64 932 83
64 954 7
64 958 99
64 960 40
64 973 21
64 982 25
64 985 29
65 81 53
65 87 17
65 205 5
65 238 87
65 241 53
65 263 64
65 307 29
65 314 52
65 321 24
65 376 17
65 441 25
65 501 56
65 512 72
65 523 9
65 565 34
65 588 58
65 600 89
65 619 31
65 633 2
65 640 26
65 649 4
65 679 11
65 680 56
65 692 93
65 743 100
65 810 71
65 846 7
65 859 95
65 886 77
65 903 51
65 910 57
65 928 99
65 942 81
66 67 62
66 68 39
66 72 88
66 81 62
66 87 91
66 113 45
66 132 6
66 182 18
66 197 17
66 205 47
66 213 64
66 218 36
66 226 66
66 228 6
66 233 78
66 241 51
66 262 85
66 263 58
66 296 47
66 297 56
66 314 46
66 321 29
66 330 3
66 337 31
66 348 94
66 358 97
66 359 34
66 362 32
66 367 30
66 368 57
66 369 84
66 371 13
66 416 40
66 428 62
66 435 75
66 441 4
66 466 52
66 470 56
66 474 30
66 476 40
66 509 34
66 512 20
66 517 7
66 521 70
66 523 81
66 536 73
66 542 70
66 550 80
66 558 70
66 559 55
66 562 84
66 580 16
66 586 96
66 588 24
66 600 89
66 606 88
66 607 29
66 614 39
66 616 94
66 619 78
66 627 44
66 640 40
66 649 3
66 679 91
66 682 2
66 687 23
66 690 37
66 691 8
66 692 25
66 694 91
66 697 59
66 703 8
66 707 8
66 711 75
66 724 98
66 733 91
66 743 6
66 754 1
66 755 26
66 770 55
66 774 63
66 791 39
66 797 25
66 799 11
66 810 51
66 811 93
66 854 9
66 859 98
66 860 55
66 862 84
66 870 31
66 875 6
66 877 93
66 879 79
66 882 90
66 900 20
66 903 55
66 910 96
66 915 8
66 916 2
66 920 28
66 922 72
66 923 75
66 928 56
66 930 54
66 943 53
66 944 1
66 947 72
66 959 19
66 995 25
67 68 80
67 72 59
67 80 95
67 96 36
67 106 20
67 111 42
67 113 78
67 118 28
67 121 28
67 123 55
67 127 47
67 132 84
67 139 8
67 144 3
67 148 18
67 155 75
67 171 95
67 172 2
67 182 87
67 197 85
67 198 85
67 213 94
67 218 34
67 224 15
67 226 78
67 228 56
67 233 78
67 239 58
67 243 54
67 264 23
67 270 56
67 286 98
67 296 90
67 299 74
67 305 64
67 306 59
67 318 100
67 322 46
67 330 88
67 337 56
67 348 10
67 358 45
67 359 84
67 362 88
67 363 33
67 367 54
67 368 97
67 369 48
67 371 2
67 435 25
67 458 77
67 460 19
67 465 72
67 466 86
67 470 16
67 496 8
67 509 79
67 517 8
67 520 100
67 521 99
67 522 80
67 526 47
67 536 67
67 542 61
67 558 13
67 559 49
67 562 52
67 566 25
67 573 93
67 580 51
67 597 40
67 603 27
67 606 28
67 607 56
67 614 7
67 627 53
67 631 8
67 642 31
67 667 96
67 673 9
67 682 26
67 690 19
67 691 81
67 694 87
67 697 70
67 703 64
67 706 81
67 707 15
67 708 29
67 724 70
67 730 57
67 733 22
67 736 17
67 746 100
67 754 93
67 755 28
67 758 99
67 761 81
67 770 84
67 774 38
67 791 54
67 796 37
67 798 92
67 811 96
67 814 93
67 823 29
67 829 35
67 830 24
67 860 56
67 862 49
67 863 97
67 870 8
67 875 88
67 877 86
67 879 38
67 880 25
67 900 73
67 912 81
67 915 41
67 916 82
67 918 3
67 922 89
67 923 25
67 929 32
67 930 39
67 943 16
67 944 65
67 947 61
67 957 35
67 959 42
67 966 36
67 985 48
67 995 39
67 997 22
68 72 56
68 80 6
68 81 5
68 87 92
68 96 98
68 106 75
68 113 41
68 132 75
68 139 89
68 144 88
68 148 27
68 182 71
68 197 65
68 198 83
68 205 75
68 213 69
68 218 21
68 224 45
68 226 25
68 228 80
68 233 80
68 239 93
68 241 36
68 262 41
68 270 74
68 296 19
68 297 8
68 299 27
68 314 18
68 318 5
68 322 88
68 330 1
68 337 64
68 348 23
68 358 42
68 359 90
68 362 90
68 367 32
68 368 15
68 369 52
68 371 82
68 416 25
68 428 88
68 435 76
68 441 81
68 466 6
68 470 44
68 474 70
68 476 26
68 496 1
68 509 66
68 512 51
68 517 21
68 521 90
68 523 93
68 536 82
68 542 8
68 550 41
68 558 8
68 559 63
68 562 4
68 573 11
68 580 84
68 586 13
68 588 49
68 597 88
68 600 29
68 606 58
68 607 33
68 614 98
68 616 36
68 619 83
68 627 86
68 649 70
68 673 5
68 679 24
68 682 80
68 687 38
68 690 61
68 691 12
68 694 31
68 697 93
68 703 11
68 707 23
68 724 48
68 733 86
68 743 17
68 746 10
68 754 44
68 755 39
68 761 22
68 770 77
68 774 1
68 791 44
68 797 36
68 799 4
68 810 82
68 811 9
68 814 43
68 854 69
68 859 83
68 860 6
68 862 20
68 870 24
68 875 28
68 877 91
68 879 6
68 882 64
68 900 17
68 903 2
68 910 51
68 915 88
68 916 44
68 920 35
68 922 54
68 923 67
68 928 100
68 930 88
68 943 77
68 944 92
68 947 31
68 959 94
68 995 41
68 997 81
69 89 97
69 130 88
69 133 28
69 151 41
69 153 89
69 164 34
69 169 24
69 174 12
69 179 51
69 183 39
69 189 63
69 206 28
69 210 40
69 212 49
69 214 81
69 223 57
69 244 97
69 245 60
69 266 82
69 269 31
69 271 79
69 274 55
69 280 30
69 289 37
69 294 70
69 315 53
69 334 61
69 340 84
69 357 92
69 365 87
69 370 15
69 373 10
69 374 63
69 377 13
69 378 20
69 384 80
69 385 81
69 406 29
69 408 23
69 413 13
69 423 24
69 424 12
69 431 93
69 437 5
69 439 3
69 455 84
69 462 65
69 469 93
69 475 48
69 478 19
69 484 34
69 500 36
69 505 99
69 507 94
69 518 92
69 533 22
69 548 91
69 553 18
69 567 73
69 571 49
69 590 17
69 592 78
69 623 99
69 637 90
69 643 55
69 650 24
69 652 73
69 672 80
69 702 60
69 719 64
69 727 28
69 728 16
69 742 35
69 804 44
69 808 8
69 813 11
69 818 52
69 832 92
69 855 54
69 898 61
69 909 63
69 921 36
69 924 40
69 925 25
69 932 33
69 945 80
69 965 87
69 981 60
69 987 41
70 71 77
70 74 70
70 79 58
70 88 19
70 95 18
70 109 62
70 135 75
70 142 1
70 152 56
70 166 84
70 175 48
70 180 39
70 191 72
70 195 32
70 200 27
70 211 58
70 222 97
70 235 93
70 242 72
70 249 72
70 253 17
70 256 18
70 257 30
70 273 63
70 276 57
70 282 71
70 285 89
70 291 83
70 293 15
70 303 67
70 323 56
70 325 52
70 326 90
70 354 6
70 360 76
70 361 64
70 387 81
70 389 18
70 394 92
70 395 89
70 396 22
70 397 56
70 417 14
70 433 36
70 442 36
70 453 79
70 467 34
70 473 2
70 485 61
70 492 100
70 493 41
70 511 45
70 513 39
70 524 20
70 535 57
70 564 75
70 570 92
70 574 23
70 575 49
70 577 90
70 578 41
70 579 96
70 583 81
70 591 51
70 598 51
70 601 91
70 608 69
70 613 84
70 615 41
70 618 54
70 621 51
70 638 15
70 639 99
70 648 77
70 659 85
70 661 66
70 668 42
70 675 21
70 688 83
70 700 72
70 709 99
70 710 44
70 714 89
70 735 90
70 740 69
70 750 29
70 752 53
70 757 23
70 798 35
70 803 44
70 806 42
70 821 40
70 824 51
70 831 43
70 833 33
70 834 53
70 869 82
70 876 82
70 885 31
70 917 58
70 956 38
70 958 39
70 968 22
70 973 46
70 982 48
70 990 89
71 74 74
71 79 1
71 84 14
71 88 65
71 105 13
71 109 6
71 135 56
71 154 59
71 166 65
71 180 83
71 191 67
71 195 89
71 211 67
71 222 86
71 235 81
71 242 75
71 249 32
71 253 49
71 256 86
71 273 36
71 282 5
71 285 18
71 291 3
71 293 21
71 301 67
71 303 81
71 317 4
71 325 67
71 326 83
71 353 4
71 354 93
71 360 49
71 361 53
71 387 29
71 389 36
71 394 2
71 396 21
71 397 84
71 417 18
71 427 59
71 442 65
71 449 6
71 453 91
71 467 95
71 473 85
71 485 63
71 490 97
71 492 54
71 511 36
71 513 36
71 524 55
71 535 95
71 545 16
71 575 81
71 578 25
71 587 84
71 598 90
71 601 69
71 608 28
71 609 60
71 613 9
71 615 63
71 618 54
71 638 59
71 639 64
71 648 46
71 659 31
71 661 12
71 668 43
71 674 3
71 675 30
71 688 27
71 700 28
71 709 55
71 710 85
71 714 49
71 735 31
71 740 44
71 750 80
71 751 12
71 752 11
71 757 59
71 795 98
71 803 21
71 806 11
71 821 75
71 824 7
71 831 81
71 833 19
71 834 64
71 836 62
71 869 91
71 876 78
71 892 29
71 917 32
71 952 5
71 958 87
71 968 33
71 973 62
71 982 1
71 990 85
72 77 4
72 81 16
72 83 38
72 96 75
72 106 86
72 113 92
72 115 64
72 123 28
72 125 93
72 139 83
72 144 89
72 148 22
72 175 77
72 182 42
72 205 38
72 213 8
72 224 33
72 241 1
72 243 11
72 257 37
72 262 47
72 263 60
72 270 42
72 276 100
72 291 57
72 297 54
72 299 4
72 309 55
72 314 91
72 323 99
72 327 79
72 330 62
72 337 25
72 348 5
72 359 82
72 362 41
72 367 69
72 369 54
72 395 57
72 414 33
72 416 65
72 428 4
72 433 71
72 435 33
72 441 52
72 454 56
72 457 43
72 466 74
72 470 85
72 474 92
72 489 35
72 493 61
72 496 62
72 509 42
72 512 35
72 517 32
72 521 31
72 526 56
72 541 95
72 550 59
72 555 70
72 558 96
72 559 86
72 562 99
72 563 53
72 570 36
72 572 60
72 574 85
72 577 83
72 583 64
72 588 10
72 597 8
72 600 25
72 604 42
72 606 72
72 610 47
72 614 58
72 616 29
72 627 83
72 633 14
72 649 64
72 673 1
72 679 5
72 682 68
72 687 63
72 690 92
72 691 18
72 692 39
72 694 65
72 697 19
72 698 60
72 711 22
72 724 77
72 746 28
72 755 57
72 761 85
72 763 87
72 770 14
72 774 4
72 784 40
72 791 42
72 796 15
72 797 14
72 799 92
72 841 27
72 854 71
72 860 92
72 861 1
72 862 38
72 877 22
72 879 10
72 882 23
72 900 25
72 915 85
72 916 92
72 926 95
72 930 81
72 944 63
72 947 36
72 959 50
72 976 54
72 995 34
73 103 9
73 114 61
73 141 52
73 159 3
73 187 14
73 194 78
73 204 27
73 219 43
73 229 94
73 255 92
73 261 79
73 267 87
73 281 7
73 295 94
73 302 26
73 319 92
73 342 12
73 372 94
73 386 44
73 388 79
73 393 27
73 399 22
73 401 51
73 409 61
73 410 27
73 411 45
73 418 3
73 422 21
73 426 92
73 432 8
73 434 98
73 459 91
73 464 42
73 486 78
73 503 4
73 504 59
73 519 21
73 528 1
73 538 26
73 547 4
73 593 69
73 622 18
73 624 100
73 646 3
73 654 50
73 658 86
73 660 69
73 671 21
73 677 54
73 685 10
73 696 32
73 718 60
73 720 34
73 737 20
73 748 97
73 749 31
73 766 55
73 769 13
73 775 54
73 776 47
73 790 7
73 794 32
73 802 31
73 817 2
73 819 2
73 820 98
73 825 77
73 843 96
73 853 68
73 856 4
73 858 76
73 864 52
73 881 71
73 883 2
73 888 42
73 890 89
73 891 98
73 893 40
73 896 84
73 913 90
73 927 65
73 953 85
73 955 42
73 979 74
73 992 26
74 78 15
74 79 82
74 95 5
74 98 77
74 105 33
74 109 89
74 135 47
74 142 38
74 152 15
74 156 30
74 160 70
74 180 24
74 188 38
74 191 25
74 195 19
74 200 18
74 222 2
74 240 83
74 242 30
74 248 41
74 253 6
74 273 77
74 279 50
74 293 68
74 301 87
74 320 96
74 326 18
74 353 44
74 354 30
74 360 26
74 379 10
74 389 50
74 396 8
74 397 40
74 420 60
74 429 9
74 438 57
74 440 32
74 449 18
74 453 66
74 467 73
74 471 27
74 472 81
74 498 61
74 510 29
74 524 32
74 535 77
74 544 42
74 564 77
74 579 63
74 585 24
74 587 10
74 601 72
74 608 96
74 612 22
74 615 11
74 621 90
74 639 51
74 661 1
74 668 4
74 675 67
74 678 91
74 709 2
74 710 47
74 713 82
74 714 98
74 750 95
74 752 24
74 764 27
74 773 82
74 783 67
74 793 73
74 803 22
74 807 27
74 816 86
74 824 11
74 834 82
74 836 44
74 873 17
74 878 89
74 885 67
74 892 24
74 917 13
74 952 56
74 956 64
74 958 63
74 968 79
74 973 46
74 982 12
75 91 28
75 98 51
75 99 23
75 101 11
75 105 59
75 107 83
75 114 80
75 117 19
75 124 5
75 129 18
75 135 78
75 137 2
75 154 86
75 162 42
75 167 28
75 194 4
75 207 40
75 208 42
75 219 60
75 248 77
75 261 70
75 268 86
75 281 95
75 292 59
75 301 63
75 304 74
75 324 45
75 341 2
75 345 47
75 350 10
75 352 35
75 353 38
75 375 79
75 379 53
75 390 86
75 392 20
75 397 48
75 401 43
75 418 22
75 422 65
75 426 3
75 432 62
75 438 79
75 449 8
75 464 55
75 468 30
75 471 60
75 483 69
75 510 32
75 519 60
75 525 10
75 528 34
75 544 94
75 561 83
75 587 6
75 595 34
75 599 8
75 611 47
75 617 99
75 622 88
75 630 69
75 635 51
75 641 2
75 654 24
75 660 82
75 662 11
75 663 39
75 666 54
75 669 79
75 671 81
75 678 86
75 685 41
75 689 38
75 705 57
75 709 59
75 715 45
75 760 16
75 766 78
75 768 22
75 769 43
75 787 83
75 790 52
75 802 50
75 805 43
75 807 39
75 819 26
75 820 97
75 825 15
75 836 92
75 851 66
75 852 65
75 856 97
75 858 4
75 864 34
75 881 41
75 892 99
75 901 66
75 911 31
75 914 24
75 934 15
75 952 38
75 953 21
75 978 93
75 980 77
75 984 78
75 992 85
75 993 83
76 82 39
76 85 37
76 93 92
76 98 94
76 99 14
76 107 68
76 116 88
76 133 37
76 141 81
76 156 65
76 159 93
76 160 87
76 187 36
76 196 83
76 201 78
76 208 5
76 210 91
76 221 35
76 236 19
76 240 99
76 245 28
76 246 7
76 259 47
76 272 46
76 275 78
76 289 51
76 294 95
76 300 6
76 324 90
76 332 71
76 334 86
76 338 46
76 340 49
76 344 17
76 345 22
76 355 5
76 356 60
76 366 61
76 380 63
76 382 44
76 383 57
76 405 85
76 408 52
76 409 69
76 412 17
76 415 1
76 420 47
76 422 62
76 423 79
76 426 86
76 429 92
76 431 1
76 455 82
76 464 35
76 482 15
76 491 8
76 498 43
76 500 48
76 505 87
76 507 84
76 508 72
76 518 63
76 525 29
76 543 11
76 552 27
76 553 52
76 554 61
76 568 9
76 585 17
76 590 77
76 592 5
76 596 70
76 602 54
76 611 33
76 629 70
76 643 24
76 656 59
76 657 100
76 662 55
76 663 21
76 684 94
76 689 47
76 695 62
76 715 54
76 719 42
76 742 54
76 747 26
76 788 85
76 793 36
76 805 76
76 808 99
76 818 5
76 819 81
76 822 91
76 835 56
76 849 80
76 850 22
76 864 40
76 866 16
76 871 50
76 889 95
76 904 5
76 908 5
76 911 26
76 927 24
76 938 10
76 945 75
76 953 39
76 972 87
76 987 12
76 994 37
77 81 4
77 83 46
77 86 36
77 106 20
77 115 30
77 125 92
77 145 63
77 148 12
77 158 65
77 175 84
77 213 99
77 241 89
77 252 5
77 262 96
77 263 28
77 270 98
77 284 35
77 297 51
77 299 27
77 307 39
77 308 27
77 309 98
77 314 2
77 323 45
77 327 37
77 330 81
77 337 94
77 351 70
77 395 36
77 414 69
77 416 94
77 435 41
77 441 52
77 454 99
77 457 95
77 461 46
77 466 4
77 470 66
77 474 40
77 477 85
77 489 23
77 493 100
77 501 19
77 509 16
77 512 87
77 541 13
77 550 46
77 555 31
77 558 16
77 563 41
77 570 24
77 572 8
77 574 96
77 577 44
77 582 83
77 588 23
77 594 54
77 597 81
77 600 82
77 604 20
77 610 12
77 614 59
77 616 84
77 627 61
77 633 33
77 636 58
77 649 9
77 676 40
77 679 100
77 682 78
77 687 40
77 690 31
77 691 31
77 692 14
77 698 9
77 701 4
77 711 42
77 726 29
77 761 86
77 763 72
77 772 22
77 774 37
77 784 85
77 785 85
77 791 42
77 792 81
77 797 51
77 799 91
77 841 97
77 846 13
77 854 22
77 857 96
77 859 64
77 860 14
77 861 93
77 882 47
77 887 33
77 897 26
77 900 45
77 926 14
77 928 22
77 942 16
77 976 2
77 995 43
78 79 7
78 85 93
78 95 64
78 109 24
78 121 35
78 135 24
78 136 91
78 142 22
78 152 11
78 156 91
78 160 31
78 184 75
78 188 18
78 191 54
78 200 39
78 222 32
78 240 98
78 279 87
78 287 32
78 294 17
78 320 71
78 326 86
78 334 40
78 353 17
78 360 46
78 379 12
78 380 52
78 389 72
78 396 57
78 420 7
78 429 26
78 440 60
78 460 57
78 471 83
78 472 94
78 495 19
78 498 8
78 535 86
78 544 83
78 552 26
78 564 67
78 566 29
78 568 10
78 579 90
78 584 90
78 585 38
78 602 92
78 612 32
78 621 77
78 628 62
78 643 79
78 656 99
78 667 63
78 670 1
78 675 98
78 709 38
78 710 7
78 713 40
78 736 48
78 741 16
78 750 10
78 752 66
78 764 67
78 773 92
78 783 19
78 793 92
78 798 22
78 800 29
78 807 82
78 816 41
78 823 29
78 829 85
78 834 62
78 838 62
78 847 34
78 850 47
78 873 88
78 878 44
78 880 14
78 885 62
78 912 44
78 917 74
78 921 59
78 954 91
78 956 68
78 958 38
78 960 3
78 966 5
78 973 50
78 982 42
78 985 88
79 95 30
79 96 21
79 109 81
79 123 99
79 127 94
79 135 17
79 142 66
79 152 15
79 156 57
79 175 33
79 188 48
79 191 73
79 200 36
79 222 2
79 235 46
79 242 16
79 243 7
79 253 63
79 257 75
79 273 17
79 276 35
79 279 31
79 291 58
79 293 41
79 303 62
79 320 1
79 323 13
79 326 66
79 354 66
79 360 95
79 389 18
79 396 63
79 429 90
79 433 7
79 440 44
79 453 83
79 460 13
79 471 57
79 472 21
79 493 71
79 495 99
79 496 88
79 498 41
79 524 26
79 526 8
79 535 74
79 564 50
79 566 91
79 579 67
79 583 92
79 584 27
79 598 52
79 601 46
79 612 18
79 615 49
79 621 57
79 639 54
79 661 79
79 667 50
79 668 79
79 670 29
79 673 54
79 675 9
79 709 49
79 710 20
79 713 31
79 714 7
79 730 16
79 736 99
79 741 60
79 746 78
79 750 3
79 752 27
79 757 16
79 764 60
79 773 47
79 783 88
79 796 52
79 798 53
79 800 23
79 807 75
79 816 43
79 823 91
79 824 96
79 829 9
79 834 35
79 838 23
79 847 70
79 873 97
79 876 65
79 878 66
79 880 30
79 885 60
79 912 29
79 917 92
79 929 27
79 956 77
79 958 31
79 966 48
79 968 41
79 973 49
79 982 74
79 985 47
80 110 100
80 111 67
80 113 62
80 118 22
80 121 94
80 127 43
80 132 75
80 139 4
80 140 57
80 144 68
80 155 62
80 171 82
80 172 32
80 197 46
80 198 11
80 215 10
80 218 100
80 226 18
80 227 78
80 228 23
80 233 14
80 239 84
80 264 4
80 286 49
80 296 42
80 305 94
80 306 54
80 318 60
80 322 62
80 358 8
80 359 25
80 363 77
80 367 57
80 368 52
80 369 15
80 371 77
80 425 28
80 458 24
80 465 6
80 514 76
80 517 86
80 520 86
80 522 9
80 536 46
80 542 3
80 559 15
80 562 44
80 573 35
80 580 82
80 603 26
80 605 78
80 606 44
80 607 52
80 631 77
80 642 38
80 694 58
80 697 30
80 703 36
80 706 17
80 707 80
80 708 75
80 724 68
80 733 78
80 734 84
80 754 62
80 755 40
80 756 60
80 758 98
80 770 68
80 814 10
80 830 35
80 842 35
80 862 4
80 863 94
80 868 46
80 870 84
80 875 89
80 877 88
80 906 50
80 915 34
80 916 82
80 918 91
80 922 90
80 923 37
80 929 61
80 943 100
80 944 87
80 947 14
80 957 98
80 997 85
81 83 21
81 86 86
81 87 95
81 115 18
81 125 93
81 158 76
81 205 73
81 213 20
81 238 34
81 241 27
81 262 31
81 263 37
81 270 77
81 297 41
81 299 16
81 307 39
81 314 26
81 321 20
81 327 84
81 330 6
81 337 8
81 348 71
81 376 26
81 414 72
81 416 64
81 428 70
81 435 54
81 441 50
81 454 13
81 457 5
81 466 15
81 470 15
81 474 60
81 476 1
81 489 59
81 501 34
81 509 2
81 512 82
81 521 70
81 523 54
81 541 37
81 550 66
81 555 76
81 558 92
81 559 67
81 563 78
81 565 65
81 572 70
81 586 99
81 588 69
81 600 35
81 604 2
81 614 41
81 616 76
81 619 61
81 627 61
81 633 49
81 640 91
81 649 94
81 679 7
81 680 88
81 682 98
81 687 93
81 690 23
81 691 14
81 692 73
81 694 70
81 697 7
81 698 47
81 701 99
81 711 26
81 724 89
81 743 24
81 774 14
81 784 49
81 791 79
81 797 97
81 799 8
81 810 30
81 811 77
81 841 2
81 846 8
81 854 14
81 857 95
81 859 39
81 860 88
81 861 13
81 879 100
81 882 43
81 886 62
81 900 93
81 903 4
81 910 43
81 916 22
81 920 83
81 926 38
81 928 14
81 942 98
81 944 62
81 959 8
81 995 93
82 85 87
82 93 63
82 98 92
82 99 38
82 107 83
82 116 58
82 133 96
82 141 5
82 159 60
82 160 83
82 187 78
82 196 60
82 201 45
82 208 32
82 210 74
82 221 69
82 236 97
82 240 63
82 245 96
82 246 45
82 259 98
82 272 55
82 275 35
82 289 49
82 298 42
82 300 68
82 324 85
82 332 72
82 334 92
82 338 35
82 340 91
82 344 49
82 345 1
82 355 39
82 356 47
82 366 53
82 372 63
82 380 97
82 382 3
82 383 25
82 405 40
82 408 95
82 409 99
82 412 17
82 415 71
82 420 38
82 422 98
82 423 52
82 426 27
82 431 69
82 455 87
82 459 40
82 464 59
82 482 68
82 491 93
82 500 51
82 505 1
82 507 77
82 508 29
82 518 12
82 525 15
82 543 25
82 552 96
82 554 62
82 568 61
82 585 69
82 596 42
82 602 30
82 611 71
82 629 25
82 656 97
82 657 15
82 662 85
82 663 80
82 684 72
82 689 87
82 695 12
82 715 8
82 719 74
82 747 39
82 749 92
82 788 77
82 793 36
82 805 56
82 808 36
82 818 9
82 819 12
82 822 65
82 835 21
82 849 90
82 850 53
82 864 64
82 866 19
82 871 15
82 889 3
82 904 90
82 908 64
82 911 93
82 927 39
82 938 59
82 945 85
82 953 55
82 972 62
82 984 12
82 994 83
83 86 46
83 115 44
83 125 59
83 145 3
83 149 1
83 158 4
83 203 35
83 252 66
83 262 7
83 270 82
83 284 77
83 285 93
83 297 88
83 299 94
83 308 79
83 309 71
83 312 69
83 327 43
83 346 37
83 351 73
83 381 7
83 395 70
83 414 85
83 416 39
83 454 6
83 457 58
83 461 11
83 474 59
83 477 18
83 489 81
83 501 53
83 512 27
83 530 96
83 541 66
83 550 52
83 555 13
83 563 3
83 570 90
83 572 78
83 574 99
83 577 75
83 582 85
83 591 66
83 594 71
83 604 25
83 610 69
83 614 64
83 616 44
83 633 58
83 636 3
83 676 1
83 687 44
83 688 94
83 692 20
83 698 43
83 701 87
83 711 58
83 726 81
83 762 92
83 763 16
83 772 45
83 774 77
83 784 24
83 785 40
83 792 72
83 799 18
83 821 64
83 837 1
83 839 20
83 841 87
83 854 67
83 857 5
83 861 76
83 867 54
83 874 62
83 882 57
83 887 91
83 897 51
83 926 36
83 933 51
83 935 54
83 936 66
83 942 74
83 976 24
83 995 56
84 88 26
84 90 88
84 105 79
84 108 2
84 119 82
84 137 19
84 154 37
84 162 52
84 166 49
84 180 93
84 186 10
84 195 88
84 207 92
84 211 42
84 225 41
84 230 53
84 232 11
84 235 98
84 242 15
84 249 96
84 260 94
84 273 26
84 282 62
84 283 66
84 293 23
84 301 81
84 317 76
84 328 100
84 349 3
84 352 73
84 394 91
84 397 50
84 400 30
84 417 94
84 427 79
84 442 95
84 443 51
84 449 26
84 453 19
84 467 7
84 468 49
84 473 65
84 480 26
84 483 22
84 485 61
84 490 43
84 492 2
84 499 9
84 511 51
84 513 7
84 534 78
84 545 50
84 575 91
84 578 89
84 587 53
84 601 79
84 608 99
84 609 69
84 613 33
84 617 46
84 630 85
84 632 79
84 638 50
84 644 68
84 648 80
84 655 67
84 661 2
84 664 27
84 668 90
84 674 94
84 678 18
84 681 14
84 700 38
84 714 100
84 721 84
84 735 70
84 740 58
84 751 62
84 759 87
84 760 60
84 765 99
84 767 3
84 795 97
84 803 3
84 806 34
84 824 29
84 826 13
84 831 87
84 833 84
84 836 38
84 869 84
84 884 48
84 892 60
84 899 72
84 901 32
84 914 11
84 917 82
84 931 61
84 946 77
84 948 29
84 950 48
84 952 61
84 969 89
84 975 66
84 989 37
84 990 52
84 993 20
84 999 96
85 89 7
85 93 17
85 98 70
85 107 60
85 133 12
85 136 82
85 151 9
85 153 78
85 156 50
85 160 58
85 169 58
85 177 61
85 184 53
85 188 42
85 189 66
85 196 44
85 210 25
85 236 22
85 240 17
85 244 3
85 245 38
85 259 21
85 271 20
85 289 11
85 294 58
85 320 59
85 324 73
85 332 95
85 334 27
85 344 92
85 345 81
85 370 70
85 378 35
85 380 16
85 383 40
85 405 15
85 406 91
85 408 14
85 420 35
85 423 8
85 424 22
85 429 22
85 431 55
85 440 74
85 455 36
85 462 3
85 469 54
85 484 27
85 498 37
85 500 22
85 507 39
85 518 90
85 525 65
85 533 7
85 544 11
85 552 70
85 553 10
85 568 31
85 571 33
85 585 47
85 590 6
85 592 47
85 602 98
85 623 71
85 628 19
85 637 87
85 643 10
85 650 38
85 656 59
85 670 95
85 684 63
85 702 15
85 713 74
85 719 99
85 742 7
85 764 15
85 783 62
85 788 7
85 793 49
85 807 4
85 808 3
85 813 11
85 850 58
85 855 75
85 873 74
85 904 39
85 921 73
85 954 52
85 960 81
85 972 43
85 981 42
86 115 50
86 125 55
86 145 92
86 158 2
86 238 43
86 241 46
86 252 8
86 262 87
86 263 42
86 297 22
86 307 15
86 308 85
86 309 60
86 314 58
86 327 23
86 346 94
86 351 95
86 414 53
86 416 82
86 441 68
86 454 52
86 457 88
86 474 73
86 477 96
86 501 21
86 512 23
86 541 95
86 550 29
86 555 71
86 563 78
86 565 61
86 572 29
86 582 88
86 588 21
86 594 84
86 600 25
86 604 47
86 616 37
86 633 18
86 649 73
86 676 14
86 687 64
86 692 72
86 698 86
86 701 30
86 711 95
86 726 18
86 772 81
86 774 78
86 784 71
86 785 24
86 792 18
86 797 15
86 799 86
86 841 92
86 846 16
86 854 10
86 857 71
86 859 40
86 861 87
86 882 94
86 886 31
86 897 34
86 926 15
86 928 57
86 942 20
86 995 95
87 113 95
87 132 43
87 205 3
87 241 22
87 296 94
87 314 77
87 321 37
87 330 51
87 337 70
87 348 40
87 358 38
87 367 88
87 368 74
87 371 37
87 376 29
87 428 53
87 435 44
87 441 5
87 476 89
87 509 11
87 512 29
87 517 86
87 521 85
87 523 86
87 542 47
87 550 22
87 559 54
87 580 33
87 586 68
87 588 59
87 600 63
87 607 40
87 619 18
87 640 59
87 649 36
87 679 81
87 680 90
87 682 7
87 692 14
87 694 84
87 697 48
87 707 39
87 724 53
87 743 2
87 774 10
87 797 35
87 810 45
87 811 43
87 859 43
87 870 75
87 875 91
87 903 84
87 910 76
87 920 14
87 923 90
87 928 19
87 943 40
87 944 13
87 959 84
88 90 21
88 108 93
88 119 9
88 143 85
88 149 84
88 166 34
88 168 51
88 180 18
88 186 92
88 192 63
88 195 61
88 199 40
88 203 59
88 211 97
88 235 40
88 242 50
88 249 50
88 253 36
88 256 51
88 273 43
88 282 59
88 284 94
88 285 8
88 291 77
88 293 88
88 303 24
88 312 11
88 317 22
88 323 10
88 325 70
88 354 53
88 361 71
88 381 70
88 387 95
88 394 85
88 395 23
88 404 70
88 417 10
88 442 78
88 453 80
88 461 22
88 467 28
88 473 67
88 479 15
88 485 10
88 490 49
88 492 47
88 493 25
88 497 45
88 511 8
88 513 32
88 524 57
88 529 79
88 537 61
88 540 84
88 545 19
88 551 68
88 570 64
88 574 26
88 575 4
88 578 6
88 583 96
88 591 31
88 598 20
88 601 13
88 608 56
88 609 49
88 613 23
88 615 8
88 618 74
88 632 10
88 636 50
88 638 88
88 639 45
88 648 4
88 659 57
88 661 95
88 668 62
88 674 11
88 675 50
88 683 40
88 686 45
88 688 82
88 699 5
88 700 4
88 714 19
88 722 52
88 725 1
88 735 68
88 738 15
88 740 66
88 744 64
88 751 3
88 757 91
88 762 58
88 795 89
88 803 18
88 806 8
88 812 12
88 821 39
88 824 16
88 826 30
88 831 1
88 833 92
88 839 65
88 867 72
88 869 74
88 876 36
88 887 86
88 917 65
88 919 53
88 936 5
88 937 27
88 946 93
88 968 15
88 970 91
88 983 98
88 990 97
88 998 52
88 999 82
89 102 54
89 120 52
89 130 98
89 133 47
89 136 38
89 138 11
89 151 31
89 153 13
89 164 26
89 169 43
89 173 50
89 174 3
89 176 85
89 177 28
89 179 46
89 183 42
89 184 83
89 185 80
89 189 54
89 206 26
89 210 81
89 212 10
89 214 29
89 223 42
89 244 67
89 245 42
89 251 86
89 266 85
89 269 47
89 271 79
89 274 92
89 280 45
89 288 22
89 289 6
89 294 26
89 311 46
89 315 7
89 329 98
89 334 97
89 357 71
89 365 6
89 370 33
89 373 18
89 374 52
89 377 27
89 378 5
89 380 2
89 384 51
89 385 30
89 406 77
89 408 64
89 413 91
89 419 61
89 424 71
89 431 80
89 437 75
89 439 35
89 444 46
89 447 97
89 455 89
89 462 18
89 469 93
89 475 92
89 478 9
89 484 92
89 487 34
89 500 34
89 515 53
89 518 32
89 533 69
89 548 73
89 553 52
89 567 1
89 568 2
89 571 45
89 590 47
89 592 21
89 602 79
89 623 23
89 628 68
89 637 15
89 643 8
89 650 2
89 652 81
89 670 98
89 672 41
89 702 88
89 704 64
89 712 83
89 716 60
89 717 23
89 719 100
89 723 67
89 727 88
89 728 77
89 742 48
89 801 97
89 804 65
89 808 83
89 813 22
89 832 45
89 840 18
89 855 83
89 907 76
89 909 76
89 921 17
89 924 33
89 925 21
89 932 52
89 951 21
89 954 100
89 960 39
89 965 35
89 981 60
89 996 93
90 108 95
90 119 87
90 122 18
90 128 52
90 143 41
90 147 96
90 150 3
90 157 89
90 166 76
90 168 57
90 186 81
90 190 2
90 192 53
90 193 23
90 199 71
90 211 23
90 225 54
90 230 65
90 231 52
90 232 6
90 249 83
90 258 74
90 278 100
90 283 70
90 290 42
90 317 36
90 335 32
90 343 5
90 349 19
90 361 78
90 391 81
90 403 48
90 404 68
90 407 42
90 421 29
90 427 4
90 442 9
90 443 15
90 445 99
90 450 49
90 451 4
90 452 69
90 473 55
90 479 4
90 480 70
90 490 65
90 492 22
90 497 70
90 499 99
90 511 55
90 513 78
90 527 88
90 529 3
90 531 28
90 537 2
90 540 2
90 545 94
90 549 98
90 556 45
90 575 70
90 576 92
90 578 28
90 589 54
90 609 91
90 625 21
90 632 24
90 648 68
90 659 52
90 674 32
90 681 39
90 683 70
90 686 7
90 693 78
90 699 80
90 700 43
90 721 49
90 722 97
90 725 96
90 735 31
90 738 27
90 740 17
90 744 11
90 751 41
90 759 18
90 765 54
90 767 8
90 779 87
90 780 20
90 782 55
90 786 26
90 795 6
90 806 9
90 812 98
90 826 89
90 831 88
90 833 26
90 845 13
90 869 97
90 884 56
90 894 6
90 895 96
90 919 17
90 931 45
90 941 1
90 946 20
90 948 32
90 950 82
90 961 10
90 962 96
90 967 53
90 970 27
90 971 96
90 974 56
90 975 95
90 983 40
90 990 18
90 998 80
90 999 71
91 98 64
91 101 44
91 105 100
91 117 26
91 124 87
91 129 94
91 135 21
91 137 13
91 154 92
91 162 60
91 167 78
91 180 33
91 195 75
91 207 30
91 208 40
91 219 2
91 248 10
91 261 93
91 268 33
91 273 65
91 282 75
91 292 89
91 301 6
91 304 80
91 324 90
91 326 52
91 341 86
91 345 43
91 350 13
91 352 95
91 353 57
91 360 92
91 375 24
91 379 3
91 390 62
91 394 49
91 397 37
91 400 35
91 401 23
91 438 32
91 449 50
91 467 87
91 468 74
91 471 76
91 483 25
91 485 94
91 510 49
91 519 54
91 534 33
91 544 64
91 561 43
91 587 81
91 595 38
91 599 61
91 611 1
91 617 10
91 622 77
91 630 69
91 635 10
91 638 73
91 641 16
91 644 98
91 662 53
91 663 22
91 666 76
91 669 52
91 678 29
91 685 57
91 705 25
91 709 20
91 750 63
91 760 8
91 766 35
91 768 40
91 769 75
91 787 70
91 805 39
91 807 58
91 836 96
91 851 55
91 852 47
91 858 19
91 869 50
91 881 7
91 892 27
91 899 28
91 901 83
91 911 58
91 914 34
91 917 31
91 934 1
91 952 78
91 973 37
91 978 23
91 980 37
91 982 54
91 984 46
91 986 90
91 992 87
91 993 87
92 122 9
92 126 53
92 128 48
92 134 93
92 150 85
92 157 79
92 161 64
92 163 40
92 165 79
92 190 52
92 193 28
92 220 100
92 230 79
92 231 58
92 232 20
92 254 60
92 258 29
92 278 36
92 283 36
92 290 80
92 331 89
92 335 95
92 339 65
92 343 14
92 391 32
92 398 64
92 407 4
92 430 77
92 443 32
92 450 88
92 451 65
92 499 93
92 531 69
92 581 28
92 589 43
92 620 72
92 625 79
92 681 78
92 693 76
92 765 86
92 778 67
92 779 84
92 780 62
92 782 9
92 786 57
92 809 47
92 844 74
92 845 91
92 865 2
92 884 88
92 894 43
92 895 78
92 931 92
92 941 69
92 948 50
92 950 45
92 961 97
92 962 5
92 967 45
92 974 47
92 975 13
92 991 80
93 99 26
93 107 81
93 116 84
93 133 59
93 141 86
93 159 29
93 187 60
93 196 10
93 201 49
93 208 72
93 210 18
93 221 54
93 236 97
93 240 44
93 245 33
93 246 52
93 259 14
93 272 54
93 275 54
93 289 77
93 298 9
93 300 71
93 324 50
93 332 14
93 338 98
93 340 20
93 344 4
93 345 7
93 355 75
93 356 61
93 366 97
93 372 38
93 380 41
93 382 69
93 383 39
93 405 1
93 408 16
93 409 7
93 412 64
93 415 17
93 422 5
93 423 94
93 426 45
93 431 39
93 448 12
93 455 64
93 459 44
93 464 95
93 482 65
93 491 10
93 500 21
93 505 66
93 507 65
93 508 68
93 518 4
93 525 8
93 543 87
93 552 41
93 554 35
93 596 74
93 629 71
93 656 58
93 657 81
93 663 43
93 684 7
93 689 85
93 695 37
93 715 7
93 719 6
93 747 13
93 749 61
93 788 25
93 805 84
93 808 92
93 818 100
93 819 56
93 822 51
93 835 73
93 849 95
93 850 74
93 864 33
93 866 69
93 871 28
93 889 40
93 904 93
93 908 75
93 927 100
93 938 32
93 945 13
93 953 63
93 972 60
93 987 12
93 994 43
94 100 13
94 112 38
94 130 73
94 131 63
94 146 88
94 164 27
94 178 93
94 179 25
94 202 88
94 209 14
94 223 59
94 234 7
94 237 69
94 251 56
94 265 10
94 269 65
94 274 13
94 280 15
94 310 99
94 316 83
94 333 27
94 347 46
94 374 59
94 419 5
94 437 49
94 446 52
94 456 94
94 502 57
94 515 35
94 516 35
94 546 58
94 557 95
94 567 17
94 626 47
94 634 24
94 645 71
94 704 85
94 729 95
94 731 38
94 739 88
94 781 87
94 789 67
94 872 43
94 898 26
94 902 2
94 907 57
94 909 51
94 939 80
94 940 86
94 949 57
94 965 16
94 977 52
94 988 88
95 96 4
95 109 35
95 121 97
95 123 24
95 127 47
95 135 70
95 136 74
95 142 48
95 152 6
95 156 69
95 171 4
95 188 72
95 191 53
95 200 78
95 222 67
95 243 18
95 253 2
95 257 32
95 264 87
95 273 1
95 276 51
95 279 46
95 287 90
95 291 56
95 320 56
95 326 69
95 354 28
95 360 1
95 389 88
95 396 87
95 420 16
95 429 6
95 433 61
95 440 29
95 460 14
95 472 42
95 495 63
95 496 95
95 498 94
95 524 16
95 526 3
95 535 32
95 564 61
95 566 63
95 579 38
95 584 52
95 585 23
95 603 82
95 612 94
95 621 61
95 661 78
95 667 71
95 670 95
95 673 46
95 675 8
95 709 76
95 710 74
95 713 49
95 730 78
95 736 20
95 741 39
95 746 95
95 750 52
95 752 36
95 757 53
95 764 65
95 773 39
95 783 28
95 793 41
95 796 91
95 798 19
95 800 75
95 807 55
95 816 53
95 823 29
95 829 27
95 834 2
95 838 40
95 847 40
95 873 43
95 878 85
95 880 54
95 885 93
95 912 81
95 917 69
95 929 100
95 954 15
95 956 78
95 958 50
95 966 33
95 968 86
95 973 60
95 982 73
95 985 43
96 106 94
96 113 41
96 121 51
96 123 14
96 125 63
96 127 36
96 139 87
96 142 99
96 144 36
96 148 7
96 171 28
96 172 75
96 175 86
96 182 88
96 191 98
96 197 85
96 200 95
96 213 23
96 218 83
96 224 75
96 226 46
96 228 85
96 233 58
96 243 89
96 253 100
96 257 95
96 264 19
96 270 53
96 276 50
96 291 41
96 299 18
96 306 44
96 322 38
96 323 13
96 359 26
96 362 84
96 363 88
96 367 44
96 369 6
96 389 2
96 395 21
96 416 76
96 433 31
96 458 51
96 460 19
96 466 26
96 470 85
96 489 58
96 493 75
96 495 26
96 496 9
96 509 52
96 517 20
96 522 98
96 526 73
96 558 48
96 559 84
96 562 86
96 566 96
96 572 76
96 573 5
96 577 56
96 579 72
96 583 14
96 584 33
96 597 8
96 598 12
96 603 90
96 606 94
96 610 12
96 612 35
96 614 65
96 627 60
96 631 72
96 642 68
96 667 60
96 673 42
96 675 13
96 687 76
96 690 79
96 691 86
96 697 25
96 706 88
96 710 14
96 724 29
96 730 25
96 736 11
96 741 86
96 746 57
96 754 28
96 755 57
96 757 19
96 758 98
96 761 97
96 763 21
96 770 56
96 773 77
96 791 63
96 796 46
96 798 2
96 799 42
96 800 15
96 814 58
96 816 41
96 823 58
96 829 67
96 830 21
96 834 96
96 838 71
96 847 20
96 854 50
96 860 93
96 862 37
96 863 90
96 876 64
96 877 8
96 878 92
96 879 91
96 880 77
96 885 14
96 900 79
96 912 43
96 915 88
96 916 23
96 929 3
96 930 86
96 947 39
96 956 93
96 958 50
96 966 63
96 985 87
96 995 76
97 126 30
97 150 78
97 157 53
97 161 25
97 162 59
97 181 89
97 217 97
97 225 67
97 230 35
97 231 5
97 232 38
97 247 98
97 250 86
97 258 82
97 260 14
97 283 58
97 290 54
97 313 74
97 328 23
97 336 81
97 349 20
97 400 17
97 427 82
97 443 73
97 451 64
97 480 92
97 499 35
97 506 30
97 532 24
97 534 14
97 560 31
97 595 91
97 620 51
97 644 17
97 651 9
97 655 24
97 664 35
97 681 98
97 721 15
97 732 51
97 745 18
97 753 59
97 759 89
97 760 18
97 765 49
97 767 43
97 778 58
97 786 62
97 809 30
97 828 15
97 844 58
97 845 18
97 851 38
97 899 37
97 901 18
97 914 72
97 931 4
97 948 63
97 950 38
97 969 61
97 986 96
97 989 9
97 993 57
98 99 67
98 101 4
98 105 46
98 107 72
98 117 52
98 124 17
98 129 49
98 135 12
98 156 93
98 160 72
98 167 23
98 188 34
98 201 99
98 207 32
98 208 63
98 236 24
98 240 11
98 248 39
98 259 100
98 261 32
98 268 22
98 275 51
98 292 54
98 301 14
98 304 11
98 324 52
98 326 33
98 332 16
98 344 61
98 345 69
98 353 75
98 356 82
98 360 86
98 379 72
98 380 99
98 383 56
98 390 58
98 397 94
98 401 78
98 420 10
98 422 31
98 426 61
98 429 100
98 438 9
98 440 12
98 449 55
98 464 20
98 471 54
98 498 82
98 508 33
98 510 46
98 525 35
98 535 55
98 544 25
98 552 45
98 561 51
98 585 18
98 587 16
98 599 55
98 611 30
98 622 68
98 641 99
98 656 21
98 662 72
98 663 29
98 669 41
98 671 82
98 678 77
98 684 24
98 689 11
98 695 7
98 705 83
98 709 36
98 715 80
98 750 7
98 752 2
98 764 18
98 768 71
98 787 11
98 788 59
98 793 56
98 805 56
98 807 44
98 819 66
98 825 13
98 836 17
98 850 48
98 852 39
98 858 55
98 864 29
98 866 17
98 871 43
98 889 99
98 904 31
98 908 87
98 911 12
98 934 32
98 953 85
98 972 35
98 973 81
98 982 51
98 984 68
99 101 71
99 107 57
99 116 50
99 117 83
99 141 44
99 159 88
99 160 73
99 167 15
99 187 44
99 194 5
99 201 80
99 204 93
99 208 17
99 219 40
99 221 14
99 236 60
99 240 85
99 248 95
99 259 43
99 261 97
99 268 53
99 272 12
99 275 35
99 281 22
99 292 7
99 300 21
99 304 87
99 324 85
99 332 32
99 338 75
99 344 51
99 345 57
99 356 65
99 366 44
99 372 67
99 383 62
99 390 74
99 401 97
99 409 54
99 412 88
99 415 67
99 418 69
99 422 72
99 426 49
99 438 98
99 459 24
99 464 95
99 482 45
99 491 2
99 503 77
99 508 86
99 510 65
99 519 38
99 525 26
99 528 4
99 538 41
99 543 37
99 544 33
99 552 86
99 561 16
99 593 35
99 596 68
99 599 24
99 611 6
99 622 89
99 629 62
99 641 87
99 654 16
99 656 48
99 657 73
99 658 53
99 660 14
99 662 86
99 663 71
99 669 89
99 671 37
99 684 32
99 685 91
99 689 68
99 695 81
99 715 60
99 747 2
99 748 64
99 749 11
99 766 9
99 768 73
99 769 36
99 787 92
99 788 88
99 805 24
99 819 76
99 820 33
99 822 23
99 825 28
99 843 8
99 850 15
99 852 42
99 858 87
99 864 19
99 866 15
99 871 76
99 888 38
99 889 37
99 896 55
99 904 27
99 908 16
99 911 99
99 927 67
99 934 73
99 938 71
99 953 37
99 972 54
99 984 51
99 992 70
99 994 2
100 112 41
100 131 52
100 146 68
100 164 93
100 178 41
100 179 22
100 202 60
100 209 30
100 223 40
100 234 100
100 237 1
100 251 95
100 265 96
100 269 99
100 274 72
100 280 71
100 310 52
100 316 67
100 333 32
100 347 79
100 374 27
100 419 87
100 437 19
100 446 79
100 456 74
100 502 32
100 515 43
100 516 38
100 546 3
100 557 12
100 567 37
100 626 31
100 634 46
100 645 89
100 704 28
100 729 75
100 731 48
100 739 41
100 781 47
100 789 30
100 872 20
100 898 81
100 902 53
100 907 65
100 909 90
100 939 47
100 940 85
100 949 96
100 977 70
100 988 74
101 105 81
101 107 26
101 114 97
101 116 99
101 117 43
101 124 65
101 129 80
101 135 3
101 141 82
101 159 90
101 167 68
101 194 82
101 201 19
101 204 93
101 207 15
101 208 24
101 219 12
101 240 88
101 248 87
101 261 51
101 268 38
101 275 72
101 281 79
101 292 57
101 301 3
101 304 28
101 324 98
101 341 24
101 344 96
101 345 20
101 350 48
101 352 42
101 353 56
101 356 25
101 366 72
101 375 88
101 379 80
101 383 54
101 390 83
101 401 84
101 409 48
101 410 66
101 418 32
101 422 7
101 426 71
101 432 66
101 438 34
101 449 63
101 464 5
101 468 69
101 471 54
101 483 11
101 508 73
101 510 7
101 519 68
101 525 33
101 528 2
101 538 62
101 544 83
101 552 22
101 561 89
101 587 64
101 593 87
101 599 9
101 611 76
101 622 25
101 635 82
101 641 10
101 654 74
101 660 45
101 662 42
101 663 60
101 666 31
101 669 86
101 671 11
101 678 99
101 685 50
101 689 23
101 695 100
101 705 18
101 715 99
101 748 62
101 749 80
101 766 9
101 768 8
101 769 100
101 787 63
101 790 16
101 805 60
101 819 12
101 820 21
101 825 13
101 836 46
101 843 6
101 850 79
101 852 46
101 856 49
101 858 41
101 864 63
101 866 48
101 871 80
101 881 53
101 888 44
101 889 61
101 904 30
101 908 91
101 911 96
101 927 13
101 934 7
101 953 27
101 972 24
101 980 34
101 984 30
101 992 80
102 104 72
102 110 63
102 111 14
102 120 83
102 121 36
102 136 56
102 138 13
102 140 29
102 151 46
102 155 16
102 170 60
102 171 88
102 172 57
102 173 75
102 174 41
102 176 79
102 177 72
102 178 81
102 185 97
102 212 12
102 215 14
102 216 96
102 227 30
102 264 74
102 269 43
102 271 11
102 274 95
102 277 69
102 280 98
102 286 92
102 287 97
102 288 70
102 306 29
102 311 41
102 329 35
102 363 50
102 364 66
102 370 34
102 373 17
102 406 48
102 419 7
102 425 3
102 444 15
102 446 64
102 447 80
102 456 53
102 458 49
102 478 69
102 484 59
102 487 86
102 488 34
102 494 75
102 495 82
102 514 83
102 515 77
102 522 3
102 567 44
102 569 99
102 571 80
102 584 63
102 603 30
102 605 43
102 623 18
102 631 92
102 642 60
102 645 3
102 650 1
102 665 32
102 670 77
102 704 6
102 706 81
102 712 92
102 716 17
102 717 68
102 723 14
102 729 42
102 731 17
102 734 29
102 736 86
102 741 84
102 756 63
102 758 41
102 777 48
102 781 75
102 783 91
102 800 71
102 801 75
102 804 23
102 814 31
102 815 36
102 827 21
102 830 52
102 838 36
102 840 3
102 842 11
102 847 87
102 855 74
102 863 81
102 868 10
102 873 36
102 902 93
102 905 9
102 906 76
102 907 87
102 918 12
102 921 88
102 929 84
102 932 30
102 951 56
102 954 59
102 957 61
102 960 70
102 963 80
102 985 63
102 996 98
103 114 12
103 141 5
103 159 87
103 187 46
103 194 38
103 204 50
103 221 2
103 229 34
103 255 83
103 281 27
103 295 13
103 302 65
103 319 9
103 342 53
103 372 15
103 386 63
103 393 90
103 399 1
103 402 41
103 409 23
103 410 91
103 411 4
103 418 41
103 426 95
103 432 60
103 434 89
103 459 100
103 463 1
103 486 44
103 503 62
103 504 62
103 538 17
103 539 79
103 547 82
103 593 16
103 624 98
103 646 59
103 654 17
103 658 77
103 660 25
103 671 39
103 677 76
103 696 35
103 718 32
103 720 28
103 737 75
103 748 8
103 749 71
103 775 18
103 776 98
103 790 1
103 794 99
103 817 85
103 820 89
103 825 58
103 843 91
103 853 3
103 883 52
103 888 6
103 890 100
103 891 59
103 893 32
103 896 26
103 913 34
103 927 3
103 955 58
103 979 98
104 110 20
104 112 8
104 120 23
104 130 28
104 138 56
104 140 16
104 151 54
104 155 16
104 170 21
104 172 22
104 173 66
104 174 80
104 176 83
104 178 25
104 179 69
104 185 58
104 212 6
104 215 65
104 216 64
104 227 8
104 251 1
104 266 54
104 269 70
104 271 42
104 274 37
104 277 91
104 280 87
104 286 87
104 288 14
104 310 4
104 311 94
104 316 49
104 329 64
104 333 5
104 364 86
104 370 88
104 373 95
104 374 84
104 419 46
104 425 25
104 437 68
104 444 10
104 446 60
104 447 27
104 456 77
104 478 99
104 487 47
104 488 98
104 494 35
104 514 89
104 515 12
104 546 64
104 557 71
104 567 39
104 569 69
104 605 17
104 631 82
104 634 91
104 642 14
104 645 50
104 665 80
104 704 57
104 706 59
104 712 27
104 716 24
104 717 53
104 723 9
104 729 61
104 731 13
104 734 34
104 756 25
104 777 58
104 781 24
104 801 6
104 804 32
104 815 92
104 827 55
104 840 21
104 842 17
104 868 63
104 872 17
104 902 39
104 905 60
104 906 71
104 907 33
104 918 80
104 932 60
104 939 81
104 940 42
104 949 47
104 951 27
104 957 90
104 963 41
104 977 71
104 996 28
105 109 9
105 117 19
105 124 31
105 129 60
105 135 27
105 137 65
105 154 80
105 162 21
105 167 68
105 180 64
105 195 40
105 207 21
105 211 97
105 222 30
105 248 82
105 268 85
105 273 51
105 282 91
105 292 38
105 301 28
105 304 25
105 326 52
105 349 97
105 350 11
105 352 65
105 353 28
105 360 78
105 375 47
105 379 97
105 390 77
105 394 88
105 397 56
105 400 20
105 438 60
105 449 1
105 467 32
105 468 35
105 471 68
105 483 85
105 485 72
105 510 53
105 534 74
105 535 65
105 544 88
105 561 52
105 587 13
105 595 33
105 599 5
105 601 3
105 611 78
105 617 53
105 630 93
105 635 58
105 638 100
105 641 18
105 644 65
105 662 49
105 666 11
105 669 7
105 674 31
105 678 21
105 700 98
105 705 62
105 709 39
105 714 1
105 721 24
105 750 67
105 752 70
105 759 67
105 760 1
105 787 90
105 805 64
105 807 35
105 824 82
105 836 100
105 851 26
105 852 90
105 869 46
105 892 27
105 899 25
105 901 49
105 911 19
105 914 15
105 917 10
105 934 21
105 952 50
105 973 50
105 980 21
105 982 2
105 984 4
105 993 79
106 113 23
106 123 69
106 125 34
106 127 48
106 139 71
106 142 72
106 144 46
106 148 65
106 175 31
106 182 64
106 191 9
106 200 61
106 213 16
106 224 65
106 243 47
106 253 27
106 257 99
106 262 41
106 270 22
106 276 95
106 291 70
106 297 21
106 299 14
106 303 87
106 309 89
106 323 95
106 327 20
106 330 63
106 337 30
106 359 80
106 362 13
106 367 12
106 369 93
106 389 57
106 395 43
106 416 14
106 433 33
106 435 68
106 454 2
106 457 19
106 460 67
106 466 94
106 470 41
106 474 59
106 489 1
106 493 47
106 496 87
106 509 19
106 517 32
106 521 77
106 524 81
106 526 37
106 550 59
106 555 11
106 558 20
106 559 95
106 562 33
106 563 41
106 570 31
106 572 27
106 574 13
106 577 83
106 579 90
106 583 23
106 597 92
106 598 56
106 604 58
106 606 96
106 610 26
106 614 52
106 616 66
106 627 6
106 636 33
106 667 9
106 673 64
106 675 35
106 682 37
106 687 33
106 690 18
106 691 14
106 697 32
106 698 89
106 710 37
106 711 36
106 724 53
106 730 78
106 746 79
106 755 42
106 757 73
106 761 58
106 763 96
106 770 37
106 774 27
106 791 87
106 796 97
106 797 19
106 798 10
106 799 4
106 821 25
106 823 12
106 829 73
106 841 63
106 854 30
106 860 18
106 876 89
106 877 2
106 879 43
106 882 56
106 900 73
106 912 14
106 915 77
106 916 75
106 926 30
106 930 31
106 947 15
106 956 58
106 966 92
106 976 28
106 995 61
107 116 63
107 117 55
107 135 55
107 141 10
107 156 24
107 159 97
107 160 63
107 167 13
107 188 94
107 201 90
107 208 14
107 236 78
107 240 79
107 248 29
107 259 43
107 261 95
107 268 42
107 272 2
107 275 80
107 292 48
107 304 1
107 324 36
107 332 64
107 338 70
107 344 35
107 345 63
107 353 5
107 356 74
107 366 93
107 379 28
107 380 90
107 383 17
107 390 100
107 401 61
107 408 36
107 409 83
107 415 79
107 420 21
107 422 33
107 426 67
107 429 43
107 431 6
107 438 25
107 440 43
107 464 81
107 471 11
107 491 38
107 498 78
107 500 41
107 508 87
107 510 41
107 525 32
107 544 43
107 552 64
107 561 88
107 568 39
107 585 97
107 596 31
107 599 71
107 602 97
107 611 57
107 656 49
107 662 17
107 663 44
107 669 88
107 671 81
107 684 53
107 689 83
107 695 33
107 715 31
107 719 3
107 749 35
107 750 33
107 764 85
107 768 57
107 787 38
107 788 89
107 793 19
107 805 10
107 807 18
107 819 7
107 825 16
107 850 95
107 852 73
107 858 78
107 864 73
107 866 3
107 871 7
107 889 60
107 904 69
107 908 44
107 911 86
107 927 31
107 934 72
107 953 83
107 972 62
107 984 23
108 119 51
108 122 30
108 128 93
108 147 47
108 150 71
108 157 51
108 166 21
108 186 14
108 190 66
108 192 99
108 193 64
108 199 95
108 211 52
108 225 81
108 230 39
108 231 58
108 232 29
108 249 1
108 258 78
108 278 95
108 283 86
108 290 73
108 317 27
108 335 38
108 343 51
108 349 66
108 361 40
108 391 29
108 403 4
108 407 53
108 421 31
108 427 80
108 442 9
108 443 41
108 445 27
108 450 95
108 451 48
108 452 10
108 473 37
108 479 52
108 480 99
108 490 44
108 497 50
108 499 55
108 511 33
108 513 32
108 527 60
108 529 19
108 531 11
108 537 44
108 540 56
108 545 55
108 549 85
108 556 4
108 575 13
108 576 10
108 578 26
108 589 14
108 609 63
108 625 17
108 632 15
108 638 50
108 648 17
108 659 68
108 674 99
108 681 71
108 683 5
108 686 47
108 693 4
108 699 84
108 700 79
108 721 65
108 722 64
108 725 67
108 735 43
108 738 32
108 740 100
108 744 89
108 751 98
108 759 20
108 765 24
108 767 9
108 779 45
108 780 86
108 782 20
108 786 35
108 795 19
108 806 12
108 809 97
108 812 42
108 826 98
108 831 4
108 833 79
108 844 25
108 845 33
108 869 21
108 884 34
108 894 52
108 895 68
108 919 24
108 931 50
108 941 81
108 946 28
108 948 43
108 950 66
108 961 6
108 962 93
108 967 40
108 970 18
108 971 26
108 974 54
108 975 41
108 983 32
108 990 8
108 999 22
109 135 69
109 142 34
109 152 54
109 156 88
109 166 44
109 180 8
109 188 41
109 191 72
109 195 73
109 200 98
109 222 56
109 235 29
109 242 65
109 253 22
109 273 87
109 279 86
109 282 80
109 291 41
109 293 64
109 301 52
109 320 14
109 326 96
109 353 23
109 354 20
109 360 8
109 379 42
109 387 97
109 389 65
109 394 94
109 396 70
109 397 53
109 440 87
109 449 5
109 453 39
109 467 62
109 471 45
109 472 20
109 485 64
109 492 5
109 498 21
109 510 16
109 524 51
109 535 91
109 544 11
109 564 72
109 579 5
109 587 25
109 598 75
109 601 57
109 608 82
109 615 56
109 618 16
109 621 83
109 639 37
109 661 60
109 668 88
109 675 17
109 678 83
109 700 88
109 709 21
109 710 56
109 714 72
109 750 21
109 752 46
109 757 34
109 764 76
109 803 90
109 807 26
109 824 22
109 834 80
109 836 43
109 876 90
109 878 88
109 885 16
109 892 11
109 917 92
109 952 95
109 956 87
109 958 62
109 968 33
109 973 8
109 982 17
110 111 19
110 118 36
110 140 73
110 155 93
110 170 44
110 172 52
110 173 85
110 178 34
110 185 48
110 198 86
110 215 43
110 216 58
110 227 79
110 239 13
110 277 65
110 286 18
110 305 40
110 306 64
110 310 59
110 318 21
110 333 29
110 363 13
110 364 73
110 425 74
110 456 59
110 458 20
110 465 36
110 494 40
110 514 56
110 520 15
110 546 51
110 569 54
110 573 85
110 605 70
110 631 62
110 642 1
110 665 15
110 706 82
110 708 65
110 717 98
110 723 3
110 729 31
110 731 91
110 733 21
110 734 59
110 756 40
110 777 5
110 801 50
110 814 25
110 815 21
110 827 6
110 842 97
110 863 19
110 868 64
110 872 87
110 902 97
110 905 21
110 906 53
110 918 59
110 922 2
110 940 70
110 949 82
110 957 92
110 963 7
110 977 76
110 997 27
111 113 91
111 118 52
111 139 23
111 140 12
111 155 74
111 170 44
111 171 50
111 172 72
111 197 27
111 198 83
111 215 9
111 216 85
111 218 6
111 226 65
111 227 39
111 228 50
111 233 73
111 239 61
111 264 12
111 277 40
111 286 37
111 305 32
111 306 30
111 318 46
111 322 36
111 363 80
111 364 30
111 367 78
111 368 11
111 371 47
111 425 65
111 458 43
111 465 33
111 488 93
111 494 5
111 514 73
111 517 60
111 520 27
111 522 2
111 536 13
111 542 34
111 569 81
111 573 4
111 580 61
111 603 60
111 605 98
111 631 10
111 642 45
111 665 67
111 703 78
111 706 13
111 708 35
111 733 40
111 734 100
111 754 31
111 755 84
111 756 91
111 758 37
111 770 21
111 777 97
111 814 67
111 815 81
111 827 57
111 830 86
111 842 68
111 862 79
111 863 51
111 868 43
111 870 50
111 875 68
111 905 85
111 906 65
111 915 30
111 918 81
111 922 30
111 943 45
111 957 57
111 963 85
111 997 74
112 131 27
112 146 64
112 164 2
112 178 6
112 179 7
112 202 61
112 209 6
112 223 7
112 234 21
112 237 34
112 251 30
112 265 17
112 269 66
112 274 96
112 280 84
112 310 3
112 316 42
112 333 49
112 347 42
112 374 21
112 419 28
112 437 36
112 446 80
112 456 97
112 502 7
112 515 14
112 516 21
112 546 10
112 557 73
112 567 70
112 626 34
112 634 8
112 645 33
112 665 46
112 704 22
112 729 28
112 731 61
112 739 30
112 781 65
112 789 33
112 872 3
112 898 72
112 902 7
112 907 44
112 909 26
112 939 2
112 940 47
112 949 85
112 977 10
112 988 14
113 118 91
113 127 50
113 132 45
113 139 43
113 144 88
113 182 90
113 197 84
113 198 14
113 213 72
113 218 76
113 224 57
113 226 83
113 228 62
113 233 55
113 239 93
113 241 16
113 264 54
113 296 75
113 305 28
113 318 51
113 322 41
113 330 8
113 337 15
113 348 49
113 358 91
113 359 30
113 362 49
113 363 45
113 367 98
113 368 69
113 369 91
113 371 76
113 428 19
113 435 89
113 458 71
113 465 13
113 466 29
113 470 64
113 476 16
113 496 87
113 509 68
113 517 55
113 520 93
113 521 31
113 522 5
113 536 7
113 542 96
113 558 34
113 559 36
113 562 70
113 573 29
113 580 89
113 586 74
113 597 52
113 606 52
113 607 21
113 614 58
113 627 15
113 642 97
113 673 74
113 679 17
113 682 17
113 690 94
113 691 95
113 694 94
113 697 84
113 703 60
113 707 43
113 708 99
113 724 63
113 730 61
113 733 39
113 746 10
113 754 38
113 755 82
113 770 85
113 774 34
113 791 99
113 797 33
113 810 79
113 811 92
113 814 69
113 860 71
113 862 28
113 863 89
113 870 26
113 875 62
113 877 44
113 879 100
113 900 73
113 915 61
113 916 67
113 920 60
113 922 82
113 923 53
113 930 13
113 943 50
113 944 96
113 947 67
113 957 39
113 959 1
113 995 73
113 997 45
114 117 67
114 124 27
114 167 79
114 194 41
114 204 89
114 219 40
114 229 94
114 255 53
114 261 83
114 267 60
114 268 67
114 281 5
114 292 30
114 295 3
114 304 81
114 319 66
114 341 58
114 350 5
114 375 10
114 388 45
114 390 60
114 392 93
114 393 69
114 401 95
114 410 24
114 418 47
114 422 86
114 426 86
114 432 52
114 436 26
114 464 25
114 481 89
114 486 40
114 504 17
114 519 80
114 528 35
114 538 29
114 593 51
114 599 57
114 622 11
114 624 62
114 635 57
114 646 60
114 653 79
114 654 73
114 660 94
114 663 52
114 666 96
114 669 56
114 671 52
114 677 92
114 685 66
114 696 51
114 705 89
114 720 77
114 748 16
114 749 36
114 766 78
114 768 50
114 769 52
114 771 71
114 775 100
114 790 50
114 794 10
114 802 52
114 817 46
114 819 35
114 820 4
114 825 45
114 843 52
114 848 69
114 852 28
114 856 44
114 858 1
114 864 14
114 881 93
114 888 70
114 891 35
114 913 92
114 953 10
114 955 3
114 964 41
114 978 49
114 980 78
114 986 41
114 992 100
115 125 26
115 158 25
115 205 89
115 213 39
115 238 64
115 241 16
115 252 13
115 262 95
115 263 17
115 270 10
115 297 90
115 299 98
115 307 11
115 308 69
115 309 6
115 314 11
115 327 73
115 330 100
115 337 48
115 351 80
115 414 14
115 416 1
115 435 60
115 441 63
115 454 62
115 457 16
115 466 74
115 474 26
115 477 39
115 489 90
115 501 49
115 509 85
115 512 15
115 523 89
115 541 99
115 550 39
115 555 22
115 558 10
115 563 45
115 565 38
115 572 47
115 582 9
115 588 92
115 594 9
115 600 83
115 604 25
115 610 32
115 614 33
115 616 52
115 619 6
115 627 12
115 633 41
115 636 76
115 649 30
115 676 34
115 679 33
115 682 54
115 687 28
115 690 50
115 691 53
115 692 82
115 698 98
115 701 15
115 711 61
115 726 55
115 743 89
115 763 30
115 774 11
115 784 27
115 785 94
115 792 40
115 797 2
115 799 84
115 841 46
115 846 59
115 854 21
115 857 26
115 859 39
115 861 40
115 882 12
115 886 53
115 926 66
115 928 3
115 942 80
115 976 7
115 995 25
116 141 13
116 159 79
116 187 42
116 196 86
116 201 28
116 208 73
116 221 72
116 236 15
116 246 91
116 259 8
116 261 58
116 272 70
116 275 79
116 298 91
116 300 9
116 304 35
116 324 51
116 332 62
116 338 82
116 342 37
116 344 57
116 345 5
116 355 6
116 356 42
116 366 34
116 372 77
116 382 61
116 383 31
116 399 69
116 401 75
116 402 9
116 405 78
116 409 28
116 412 33
116 415 25
116 422 100
116 426 32
116 448 47
116 459 91
116 463 9
116 464 39
116 482 10
116 491 56
116 503 9
116 505 70
116 508 95
116 525 55
116 538 76
116 539 45
116 543 2
116 554 30
116 593 30
116 596 57
116 611 48
116 622 11
116 629 11
116 657 8
116 658 19
116 662 95
116 663 19
116 669 28
116 671 80
116 689 45
116 695 35
116 715 95
116 747 36
116 748 74
116 749 88
116 768 37
116 776 76
116 805 91
116 819 48
116 820 6
116 822 81
116 825 19
116 835 11
116 843 2
116 849 69
116 858 43
116 864 21
116 866 64
116 871 22
116 888 16
116 889 82
116 891 60
116 896 73
116 904 70
116 908 36
116 927 4
116 938 81
116 953 69
116 955 38
116 972 47
116 994 28
117 124 69
117 129 5
117 135 26
117 137 59
117 154 3
117 167 23
117 194 14
117 204 24
117 207 95
117 208 68
117 219 40
117 248 36
117 261 28
117 268 100
117 281 15
117 292 61
117 301 8
117 304 92
117 324 75
117 341 22
117 345 87
117 350 46
117 352 54
117 353 25
117 375 28
117 379 28
117 388 32
117 390 54
117 392 25
117 397 32
117 401 78
117 410 62
117 418 94
117 422 78
117 426 78
117 432 9
117 438 66
117 449 28
117 464 15
117 468 66
117 471 95
117 481 78
117 483 23
117 510 38
117 519 27
117 525 20
117 528 18
117 544 91
117 561 21
117 587 86
117 595 88
117 599 81
117 611 23
117 617 15
117 622 45
117 630 41
117 635 29
117 641 41
117 654 40
117 660 21
117 662 62
117 663 28
117 666 30
117 669 38
117 671 56
117 678 7
117 685 13
117 689 57
117 705 9
117 709 40
117 715 80
117 760 61
117 766 49
117 768 76
117 769 45
117 787 17
117 790 9
117 802 70
117 805 17
117 819 79
117 820 76
117 825 25
117 836 91
117 851 44
117 852 44
117 856 38
117 858 56
117 864 66
117 881 91
117 892 5
117 901 42
117 911 2
117 914 52
117 934 40
117 952 90
117 953 60
117 978 66
117 980 68
117 984 75
117 992 10
117 993 46
118 132 70
118 140 66
118 155 11
118 172 80
118 197 24
118 198 96
118 215 33
118 216 75
118 218 26
118 226 51
118 227 90
118 228 69
118 233 89
118 239 82
118 277 94
118 286 45
118 296 7
118 305 9
118 318 17
118 322 14
118 363 93
118 367 71
118 368 3
118 371 64
118 425 91
118 458 92
118 465 57
118 494 10
118 514 40
118 517 62
118 520 34
118 522 37
118 536 38
118 542 50
118 573 40
118 580 7
118 605 21
118 607 9
118 642 2
118 703 70
118 707 43
118 708 87
118 733 8
118 734 70
118 754 33
118 755 89
118 756 44
118 770 79
118 777 25
118 814 36
118 815 60
118 827 42
118 842 62
118 862 30
118 863 75
118 868 39
118 870 64
118 875 54
118 906 25
118 915 11
118 918 72
118 922 54
118 923 58
118 943 100
118 957 53
118 997 56
119 143 23
119 147 71
119 150 49
119 157 36
119 166 66
119 168 39
119 186 65
119 190 30
119 192 61
119 193 93
119 199 35
119 211 83
119 225 26
119 230 47
119 231 76
119 232 92
119 249 73
119 258 86
119 278 50
119 282 94
119 283 90
119 290 36
119 317 88
119 335 52
119 343 96
119 349 40
119 361 23
119 391 4
119 394 55
119 403 67
119 404 91
119 417 17
119 421 20
119 427 66
119 442 97
119 443 3
119 445 27
119 450 34
119 451 70
119 452 91
119 473 66
119 479 2
119 480 61
119 485 46
119 490 96
119 492 48
119 497 24
119 499 28
119 511 5
119 513 52
119 527 83
119 529 85
119 531 85
119 537 59
119 540 5
119 545 5
119 549 49
119 556 19
119 575 10
119 576 16
119 578 35
119 589 32
119 608 30
119 609 25
119 613 72
119 625 30
119 632 25
119 638 82
119 648 34
119 659 60
119 674 82
119 681 100
119 683 80
119 686 68
119 699 56
119 700 22
119 721 93
119 722 73
119 725 32
119 735 73
119 738 30
119 740 24
119 744 84
119 751 92
119 759 38
119 765 93
119 767 39
119 780 3
119 782 48
119 786 63
119 795 66
119 803 4
119 806 52
119 812 46
119 826 43
119 831 94
119 833 59
119 845 19
119 869 61
119 884 76
119 894 70
119 895 33
119 919 49
119 931 83
119 941 82
119 946 17
119 948 35
119 950 15
119 961 58
119 962 9
119 967 96
119 970 61
119 971 17
119 975 37
119 983 91
119 990 81
119 999 3
120 121 49
120 130 27
120 136 50
120 138 2
120 151 7
120 153 24
120 155 68
120 169 56
120 170 69
120 171 71
120 172 99
120 173 57
120 174 36
120 176 31
120 177 78
120 178 22
120 179 89
120 184 24
120 185 44
120 189 98
120 212 22
120 214 51
120 216 45
120 227 96
120 244 73
120 245 23
120 264 84
120 266 71
120 269 17
120 271 88
120 274 32
120 280 60
120 286 60
120 287 23
120 288 45
120 294 2
120 306 11
120 311 63
120 329 12
120 334 94
120 363 3
120 364 54
120 365 40
120 370 7
120 373 87
120 374 14
120 385 24
120 406 42
120 408 58
120 413 9
120 419 17
120 424 86
120 425 92
120 437 88
120 444 5
120 446 7
120 447 16
120 456 30
120 462 57
120 469 8
120 478 10
120 484 30
120 487 33
120 488 52
120 494 49
120 495 53
120 500 1
120 514 31
120 515 14
120 522 85
120 553 16
120 567 68
120 568 40
120 569 47
120 571 93
120 584 44
120 590 60
120 592 50
120 602 3
120 603 91
120 605 32
120 623 46
120 628 96
120 631 30
120 642 75
120 643 95
120 645 74
120 650 49
120 652 25
120 665 33
120 670 20
120 672 45
120 702 16
120 704 87
120 706 3
120 712 59
120 713 55
120 716 93
120 717 16
120 723 45
120 727 24
120 728 43
120 729 48
120 731 16
120 734 31
120 741 12
120 742 71
120 756 40
120 758 75
120 783 86
120 800 53
120 801 35
120 804 79
120 813 95
120 816 10
120 830 33
120 838 92
120 840 60
120 847 77
120 855 39
120 873 32
120 902 50
120 906 23
120 907 94
120 918 36
120 921 1
120 932 41
120 951 65
120 954 100
120 960 64
120 963 14
120 985 12
120 996 2
121 123 37
121 127 20
121 136 51
121 138 37
121 139 24
121 142 34
121 144 41
121 152 12
121 155 73
121 171 57
121 172 2
121 176 83
121 177 66
121 182 49
121 197 21
121 198 40
121 200 72
121 224 26
121 226 87
121 228 4
121 233 43
121 264 12
121 279 9
121 286 7
121 287 67
121 288 84
121 306 18
121 311 65
121 320 44
121 322 78
121 329 44
121 362 46
121 363 10
121 370 100
121 425 89
121 444 99
121 447 90
121 458 68
121 460 78
121 472 30
121 487 57
121 488 36
121 495 18
121 496 47
121 514 92
121 522 34
121 526 76
121 562 75
121 566 59
121 569 26
121 571 20
121 573 7
121 579 74
121 584 41
121 603 43
121 605 9
121 606 68
121 612 5
121 631 3
121 642 67
121 667 77
121 670 9
121 673 29
121 706 88
121 710 10
121 712 7
121 713 96
121 717 28
121 723 56
121 730 65
121 734 45
121 736 20
121 741 93
121 746 24
121 756 3
121 758 31
121 773 54
121 783 64
121 796 97
121 798 41
121 800 51
121 801 28
121 814 72
121 816 75
121 823 61
121 829 77
121 830 25
121 838 56
121 840 97
121 842 94
121 847 70
121 863 54
121 868 18
121 873 13
121 877 80
121 878 24
121 880 84
121 885 41
121 906 87
121 912 84
121 915 69
121 918 70
121 929 50
121 954 3
121 956 25
121 957 4
121 960 36
121 963 58
121 966 12
121 985 90
121 996 37
122 126 77
122 128 26
122 134 75
122 150 26
122 161 80
122 163 82
122 165 29
122 190 5
122 193 90
122 199 44
122 220 46
122 231 7
122 254 21
122 258 83
122 278 49
122 331 74
122 335 69
122 339 13
122 343 30
122 391 75
122 398 82
122 403 36
122 407 59
122 421 76
122 430 96
122 445 70
122 450 16
122 452 7
122 499 37
122 527 100
122 531 56
122 540 75
122 549 86
122 576 36
122 581 44
122 589 99
122 625 89
122 632 28
122 693 22
122 779 14
122 780 38
122 782 84
122 786 46
122 809 31
122 865 97
122 884 16
122 894 32
122 895 80
122 919 22
122 941 52
122 961 85
122 962 18
122 967 40
122 974 63
122 975 41
122 991 66
123 127 90
123 139 11
123 142 5
123 144 42
123 148 9
123 152 7
123 171 73
123 175 40
123 182 20
123 191 56
123 200 52
123 213 16
123 224 75
123 233 63
123 243 39
123 253 63
123 257 8
123 264 8
123 270 98
123 276 43
123 279 12
123 291 81
123 299 46
123 303 9
123 323 62
123 359 73
123 362 99
123 369 92
123 389 39
123 395 73
123 396 96
123 433 27
123 460 46
123 466 68
123 470 42
123 472 69
123 489 94
123 493 22
123 495 32
123 496 41
123 522 67
123 524 64
123 526 99
123 558 40
123 562 77
123 564 47
123 566 55
123 570 37
123 574 97
123 577 41
123 579 45
123 583 72
123 584 14
123 597 3
123 598 7
123 603 28
123 606 95
123 610 83
123 612 72
123 614 84
123 621 38
123 627 13
123 667 84
123 673 1
123 675 77
123 690 82
123 691 12
123 710 63
123 730 45
123 736 29
123 741 27
123 746 9
123 757 64
123 758 98
123 761 77
123 763 49
123 770 61
123 773 66
123 791 38
123 796 51
123 798 70
123 799 64
123 800 86
123 814 8
123 816 9
123 823 92
123 829 82
123 830 50
123 834 97
123 838 71
123 847 96
123 860 4
123 876 26
123 877 52
123 878 73
123 879 28
123 880 100
123 885 68
123 900 60
123 912 36
123 916 62
123 929 40
123 930 48
123 947 4
123 956 69
123 958 53
123 966 60
123 968 8
123 985 60
124 129 18
124 135 66
124 137 77
124 154 78
124 162 74
124 167 93
124 194 17
124 207 80
124 208 47
124 219 27
124 247 3
124 248 86
124 261 48
124 268 67
124 281 34
124 292 86
124 301 58
124 304 80
124 341 52
124 350 79
124 352 50
124 353 91
124 375 33
124 379 84
124 388 39
124 390 9
124 392 70
124 397 24
124 400 24
124 401 5
124 418 16
124 422 100
124 432 68
124 436 56
124 438 41
124 449 39
124 468 98
124 471 91
124 481 5
124 483 77
124 506 59
124 510 23
124 519 83
124 528 40
124 534 73
124 544 34
124 561 78
124 587 28
124 595 73
124 599 26
124 611 63
124 617 91
124 622 42
124 630 16
124 635 95
124 641 46
124 644 77
124 653 74
124 660 56
124 662 19
124 663 83
124 666 79
124 669 63
124 671 74
124 678 70
124 685 90
124 705 37
124 709 34
124 732 1
124 760 77
124 766 41
124 768 98
124 769 63
124 771 4
124 787 16
124 802 72
124 805 32
124 820 94
124 836 81
124 851 40
124 852 79
124 856 74
124 858 96
124 881 48
124 892 11
124 899 27
124 901 23
124 911 89
124 914 89
124 934 97
124 952 54
124 964 79
124 969 6
124 978 67
124 980 77
124 984 5
124 986 56
124 992 80
124 993 35
125 148 79
125 158 26
125 175 42
125 182 34
125 213 42
125 224 19
125 241 3
125 243 11
125 252 38
125 257 55
125 262 64
125 270 22
125 276 5
125 284 39
125 291 15
125 297 71
125 299 79
125 303 77
125 308 33
125 309 82
125 312 10
125 314 58
125 323 72
125 327 100
125 330 59
125 337 95
125 351 7
125 359 67
125 362 92
125 369 45
125 395 54
125 414 17
125 416 87
125 433 89
125 435 32
125 441 22
125 454 4
125 457 17
125 461 75
125 466 53
125 470 59
125 474 57
125 477 98
125 489 58
125 493 52
125 509 1
125 512 58
125 541 27
125 550 36
125 555 91
125 558 4
125 563 79
125 570 24
125 572 30
125 574 56
125 577 53
125 582 77
125 583 27
125 588 43
125 591 10
125 594 43
125 597 7
125 598 59
125 604 57
125 606 76
125 610 37
125 614 42
125 616 13
125 627 83
125 633 37
125 636 67
125 649 91
125 673 25
125 676 22
125 682 50
125 687 15
125 688 99
125 690 31
125 691 49
125 692 69
125 698 63
125 701 52
125 711 36
125 724 71
125 726 25
125 746 13
125 757 13
125 761 72
125 763 70
125 774 20
125 784 51
125 785 79
125 791 82
125 792 62
125 796 87
125 797 9
125 799 69
125 821 23
125 839 48
125 841 20
125 854 5
125 857 54
125 860 46
125 861 88
125 876 21
125 877 64
125 879 38
125 882 27
125 887 11
125 900 35
125 916 71
125 926 72
125 930 12
125 947 100
125 976 60
125 995 99
126 134 44
126 150 19
126 157 78
126 161 42
126 163 47
126 165 36
126 181 20
126 190 20
126 193 29
126 217 58
126 220 9
126 225 23
126 230 51
126 231 20
126 232 23
126 254 7
126 258 49
126 260 29
126 283 63
126 290 32
126 313 78
126 331 42
126 335 26
126 343 33
126 391 85
126 398 46
126 407 80
126 430 2
126 443 27
126 450 48
126 451 8
126 480 78
126 499 34
126 531 70
126 532 59
126 560 27
126 581 67
126 620 18
126 625 9
126 664 69
126 681 2
126 693 64
126 765 51
126 767 46
126 778 77
126 779 17
126 780 80
126 782 9
126 786 62
126 809 92
126 828 56
126 844 50
126 845 97
126 865 54
126 884 68
126 894 65
126 931 4
126 941 71
126 948 82
126 950 65
126 974 47
126 975 37
126 989 3
126 991 31
127 138 1
127 139 90
127 142 76
127 144 59
127 148 25
127 152 89
127 155 94
127 171 50
127 172 37
127 175 11
127 182 97
127 191 73
127 197 100
127 198 88
127 200 16
127 213 32
127 218 84
127 224 24
127 226 67
127 228 57
127 233 22
127 239 86
127 243 38
127 257 96
127 264 94
127 270 86
127 276 39
127 279 27
127 286 53
127 287 20
127 291 14
127 299 74
127 306 53
127 322 15
127 359 14
127 362 44
127 363 3
127 367 65
127 369 86
127 389 77
127 433 37
127 458 64
127 460 35
127 470 66
127 472 27
127 488 31
127 495 96
127 496 99
127 517 53
127 522 48
127 526 50
127 542 45
127 558 63
127 559 84
127 562 70
127 566 18
127 573 46
127 577 10
127 579 41
127 584 8
127 597 87
127 603 43
127 606 100
127 612 25
127 631 97
127 642 73
127 667 43
127 673 61
127 675 46
127 690 25
127 691 98
127 697 85
127 706 40
127 710 26
127 724 58
127 730 98
127 736 2
127 741 5
127 746 26
127 754 5
127 755 72
127 758 4
127 761 56
127 770 87
127 773 66
127 783 35
127 791 2
127 796 7
127 798 23
127 800 43
127 814 41
127 816 58
127 823 24
127 829 34
127 830 49
127 834 44
127 838 78
127 840 83
127 847 64
127 860 40
127 862 35
127 863 4
127 873 52
127 877 14
127 878 69
127 879 91
127 880 79
127 885 98
127 900 98
127 912 80
127 915 73
127 916 66
127 918 5
127 929 66
127 930 59
127 947 77
127 956 31
127 957 79
127 958 48
127 966 47
127 985 53
128 134 21
128 150 46
128 161 3
128 163 76
128 165 62
128 190 37
128 193 36
128 199 71
128 220 80
128 231 74
128 254 10
128 258 37
128 278 100
128 331 10
128 335 73
128 339 96
128 343 86
128 391 6
128 398 52
128 403 30
128 407 64
128 421 92
128 430 100
128 445 77
128 450 26
128 452 82
128 527 52
128 531 61
128 540 25
128 549 32
128 576 49
128 581 99
128 589 2
128 625 69
128 632 53
128 647 93
128 693 41
128 779 63
128 780 60
128 782 62
128 786 71
128 809 5
128 865 13
128 884 15
128 894 42
128 895 81
128 919 23
128 941 18
128 961 99
128 962 16
128 967 71
128 971 68
128 974 78
128 975 58
128 991 43
128 999 60
129 135 47
129 137 52
129 154 48
129 162 97
129 167 45
129 180 77
129 195 21
129 207 42
129 208 18
129 219 79
129 247 44
129 248 75
129 261 95
129 268 8
129 292 53
129 301 63
129 304 18
129 324 63
129 326 66
129 341 74
129 345 47
129 350 94
129 352 40
129 353 36
129 375 65
129 379 26
129 390 7
129 392 28
129 394 55
129 397 26
129 400 39
129 401 29
129 422 97
129 432 78
129 438 24
129 449 28
129 468 25
129 471 26
129 481 94
129 483 62
129 485 74
129 510 1
129 519 1
129 528 78
129 534 25
129 544 18
129 561 81
129 587 81
129 595 45
129 599 22
129 611 36
129 617 28
129 622 5
129 630 45
129 635 69
129 638 63
129 641 90
129 644 9
129 660 2
129 662 82
129 663 80
129 666 65
129 669 37
129 671 68
129 678 55
129 685 50
129 705 63
129 709 90
129 750 32
129 760 21
129 766 96
129 768 99
129 769 92
129 787 25
129 802 13
129 805 4
129 820 72
129 836 31
129 851 72
129 852 22
129 858 84
129 881 2
129 892 18
129 899 24
129 901 7
129 911 66
129 914 42
129 934 86
129 952 63
129 978 49
129 980 58
129 984 14
129 986 53
129 992 46
129 993 5
130 131 73
130 133 80
130 146 4
130 151 75
130 153 8
130 164 52
130 169 32
130 173 10
130 174 73
130 176 19
130 177 81
130 178 70
130 179 58
130 183 80
130 185 25
130 189 54
130 202 96
130 206 90
130 209 13
130 212 39
130 214 52
130 223 83
130 237 7
130 244 30
130 251 41
130 265 58
130 266 47
130 269 82
130 271 12
130 274 86
130 280 84
130 288 6
130 289 50
130 311 100
130 315 96
130 316 73
130 329 24
130 347 79
130 357 18
130 365 44
130 370 39
130 373 11
130 374 83
130 378 10
130 384 78
130 385 12
130 406 78
130 413 38
130 419 76
130 424 46
130 437 9
130 446 2
130 447 42
130 456 22
130 462 98
130 469 91
130 475 55
130 478 73
130 484 68
130 487 85
130 502 92
130 515 70
130 516 72
130 518 65
130 533 7
130 548 10
130 553 50
130 557 58
130 567 72
130 571 40
130 590 35
130 592 68
130 623 46
130 626 82
130 634 89
130 637 97
130 645 15
130 650 84
130 652 92
130 665 53
130 672 92
130 702 63
130 704 30
130 712 38
130 716 68
130 717 39
130 723 4
130 727 25
130 728 84
130 729 59
130 731 64
130 739 11
130 742 68
130 781 96
130 789 69
130 801 39
130 804 2
130 813 51
130 832 2
130 855 81
130 898 28
130 902 74
130 907 20
130 909 18
130 921 62
130 924 56
130 925 5
130 932 90
130 951 8
130 960 42
130 965 30
130 981 37
130 988 54
130 996 64
131 146 31
131 164 70
131 174 18
131 178 41
131 179 17
131 183 37
131 202 65
131 206 16
131 209 36
131 214 25
131 223 47
131 234 87
131 237 46
131 251 46
131 265 71
131 266 82
131 269 34
131 274 96
131 280 84
131 310 79
131 315 89
131 316 84
131 333 54
131 347 44
131 365 27
131 374 99
131 413 30
131 419 73
131 437 86
131 446 51
131 456 7
131 502 7
131 515 68
131 516 68
131 546 15
131 548 53
131 557 28
131 567 8
131 626 94
131 634 4
131 645 70
131 704 80
131 729 53
131 731 40
131 739 24
131 781 13
131 789 19
131 804 25
131 872 3
131 898 63
131 902 75
131 907 62
131 909 46
131 924 50
131 939 27
131 940 87
131 949 99
131 965 31
131 977 40
131 988 8
132 197 19
132 198 16
132 205 81
132 218 33
132 226 60
132 228 95
132 233 69
132 239 54
132 241 13
132 296 35
132 318 51
132 322 90
132 330 45
132 337 48
132 348 49
132 358 65
132 359 64
132 367 10
132 368 89
132 369 20
132 371 75
132 428 18
132 435 12
132 441 14
132 465 80
132 476 41
132 509 8
132 517 70
132 520 93
132 521 9
132 523 14
132 536 43
132 542 95
132 559 57
132 562 64
132 573 7
132 580 40
132 586 18
132 600 94
132 606 60
132 607 86
132 640 61
132 649 91
132 679 17
132 682 35
132 691 5
132 694 46
132 697 49
132 703 42
132 707 37
132 724 85
132 733 3
132 743 95
132 754 6
132 755 10
132 770 21
132 791 25
132 797 22
132 810 99
132 811 32
132 862 54
132 870 19
132 875 8
132 877 39
132 879 85
132 903 87
132 910 65
132 915 88
132 916 54
132 920 98
132 922 61
132 923 30
132 943 92
132 944 19
132 947 12
132 959 87
132 997 44
133 151 99
133 153 9
133 169 10
133 179 73
133 183 30
133 184 8
133 189 17
133 196 44
133 206 9
133 210 56
133 214 79
133 236 57
133 244 91
133 245 41
133 246 82
133 259 97
133 266 96
133 271 15
133 280 94
133 289 48
133 294 35
133 315 96
133 332 39
133 334 88
133 340 97
133 355 72
133 357 18
133 365 83
133 370 81
133 377 40
133 378 53
133 380 14
133 384 27
133 385 51
133 405 34
133 406 47
133 408 79
133 413 50
133 423 92
133 424 46
133 431 45
133 439 84
133 455 46
133 462 18
133 469 3
133 475 3
133 478 2
133 484 78
133 500 24
133 505 13
133 507 29
133 518 10
133 533 98
133 548 30
133 553 79
133 568 32
133 571 77
133 590 21
133 592 58
133 602 48
133 623 54
133 628 43
133 637 90
133 643 63
133 650 70
133 652 32
133 672 32
133 684 44
133 702 10
133 719 76
133 727 21
133 728 96
133 742 41
133 788 80
133 808 9
133 813 64
133 818 50
133 832 94
133 855 65
133 921 3
133 924 11
133 925 100
133 945 47
133 965 89
133 981 62
133 987 77
134 150 43
134 161 76
134 163 86
134 165 82
134 190 77
134 193 14
134 220 28
134 231 90
134 254 40
134 258 95
134 278 75
134 331 87
134 335 83
134 339 61
134 343 95
134 391 75
134 398 8
134 407 37
134 421 74
134 430 74
134 445 24
134 450 98
134 452 3
134 527 26
134 531 80
134 581 83
134 589 1
134 625 54
134 693 38
134 779 57
134 780 11
134 782 22
134 786 77
134 809 8
134 865 19
134 894 65
134 895 39
134 941 52
134 961 10
134 962 43
134 967 73
134 974 77
134 991 88
135 152 81
135 156 49
135 160 24
135 167 79
135 180 37
135 188 20
135 195 51
135 207 50
135 222 89
135 240 23
135 248 49
135 268 53
135 273 11
135 279 45
135 301 55
135 320 80
135 324 67
135 326 24
135 345 68
135 353 97
135 360 88
135 379 26
135 383 80
135 390 2
135 396 53
135 397 31
135 420 100
135 429 52
135 438 32
135 440 88
135 449 47
135 467 3
135 468 73
135 471 36
135 498 72
135 510 19
135 525 59
135 535 75
135 544 37
135 552 15
135 561 60
135 564 34
135 585 61
135 587 3
135 599 99
135 611 73
135 621 6
135 641 7
135 656 71
135 662 40
135 669 55
135 678 12
135 709 44
135 713 8
135 750 40
135 752 6
135 764 63
135 787 82
135 793 93
135 805 81
135 807 29
135 834 72
135 836 26
135 850 93
135 852 62
135 892 17
135 911 92
135 917 72
135 934 37
135 952 31
135 958 65
135 973 30
135 982 65
135 984 1
136 138 7
136 151 89
136 152 66
136 153 87
136 156 14
136 169 48
136 171 51
136 172 27
136 174 39
136 176 99
136 177 64
136 184 15
136 185 11
136 188 42
136 189 44
136 212 72
136 245 89
136 264 23
136 271 15
136 279 16
136 287 33
136 288 22
136 294 65
136 306 6
136 311 1
136 320 38
136 329 35
136 334 6
136 370 80
136 373 60
136 380 61
136 406 14
136 408 76
136 420 10
136 424 8
136 429 31
136 440 76
136 444 42
136 447 98
136 460 61
136 462 12
136 469 91
136 472 41
136 478 19
136 484 8
136 487 81
136 488 11
136 495 80
136 500 80
136 514 63
136 522 73
136 553 91
136 564 29
136 566 90
136 568 16
136 569 35
136 571 50
136 579 95
136 584 56
136 585 83
136 590 13
136 592 56
136 602 49
136 603 93
136 605 37
136 612 52
136 621 5
136 623 39
136 628 50
136 631 5
136 642 57
136 643 6
136 650 33
136 656 99
136 667 59
136 670 12
136 702 94
136 706 97
136 712 89
136 713 78
136 716 79
136 717 88
136 719 96
136 723 84
136 736 8
136 741 67
136 742 60
136 758 42
136 764 66
136 773 6
136 783 37
136 793 33
136 800 1
136 801 54
136 804 75
136 813 86
136 816 42
136 829 24
136 830 68
136 838 91
136 840 85
136 847 59
136 855 97
136 873 15
136 878 19
136 880 17
136 885 11
136 912 88
136 918 99
136 921 41
136 929 64
136 932 98
136 951 33
136 954 42
136 960 41
136 963 97
136 985 66
136 996 9
137 154 4
137 162 76
137 167 99
137 180 57
137 195 50
137 207 87
137 211 87
137 217 55
137 225 22
137 247 97
137 248 15
137 250 33
137 260 6
137 268 77
137 282 95
137 292 30
137 301 42
137 313 31
137 328 25
137 336 79
137 341 16
137 349 51
137 350 85
137 352 99
137 375 94
137 390 93
137 392 7
137 394 78
137 397 62
137 400 69
137 427 13
137 436 77
137 438 97
137 449 4
137 468 15
137 480 41
137 481 86
137 483 24
137 485 68
137 506 16
137 519 68
137 534 79
137 561 88
137 587 39
137 595 29
137 599 68
137 617 18
137 630 97
137 635 44
137 638 91
137 641 58
137 644 84
137 651 54
137 653 97
137 655 84
137 664 75
137 666 60
137 678 32
137 685 23
137 705 99
137 721 38
137 732 98
137 745 25
137 753 100
137 759 86
137 760 21
137 766 61
137 769 19
137 771 54
137 787 94
137 802 50
137 836 48
137 848 43
137 851 39
137 852 32
137 869 66
137 881 4
137 892 57
137 899 47
137 901 6
137 914 46
137 934 96
137 952 39
137 964 49
137 969 49
137 978 62
137 980 47
137 986 42
137 993 52
138 151 75
138 155 28
138 170 12
138 171 44
138 172 92
138 173 12
138 174 78
138 176 47
138 177 64
138 184 76
138 185 69
138 212 88
138 215 58
138 216 88
138 227 19
138 264 48
138 271 76
138 279 82
138 286 97
138 287 81
138 288 49
138 294 20
138 306 93
138 311 48
138 320 19
138 329 16
138 363 6
138 364 42
138 370 96
138 373 60
138 406 14
138 419 38
138 424 72
138 425 16
138 444 28
138 447 57
138 458 34
138 460 9
138 472 76
138 478 46
138 487 22
138 488 44
138 494 97
138 495 13
138 514 55
138 515 43
138 522 66
138 566 72
138 569 85
138 571 52
138 584 39
138 603 3
138 605 34
138 612 65
138 623 26
138 628 14
138 631 24
138 642 14
138 650 100
138 665 31
138 667 96
138 670 83
138 704 75
138 706 10
138 712 84
138 713 99
138 716 8
138 717 24
138 723 21
138 730 93
138 734 66
138 736 21
138 741 38
138 756 57
138 758 37
138 773 21
138 783 15
138 800 35
138 801 15
138 804 73
138 814 22
138 816 52
138 829 13
138 830 49
138 838 81
138 840 94
138 842 98
138 847 80
138 855 44
138 863 12
138 868 38
138 873 82
138 878 80
138 880 93
138 902 21
138 906 68
138 912 95
138 918 60
138 921 15
138 929 40
138 932 56
138 951 16
138 954 92
138 957 51
138 960 62
138 963 32
138 985 88
138 996 92
139 142 58
139 144 42
139 148 37
139 155 62
139 171 22
139 172 79
139 182 28
139 197 42
139 198 2
139 200 100
139 213 75
139 218 84
139 224 61
139 226 80
139 228 32
139 233 81
139 239 70
139 243 31
139 257 82
139 264 3
139 270 83
139 286 63
139 287 60
139 299 30
139 305 50
139 306 61
139 318 62
139 322 36
139 359 60
139 362 67
139 363 42
139 367 4
139 368 83
139 369 88
139 371 35
139 433 26
139 458 26
139 460 78
139 465 76
139 466 2
139 470 31
139 495 84
139 496 46
139 509 89
139 517 82
139 520 27
139 521 40
139 522 88
139 526 95
139 536 7
139 542 40
139 558 2
139 559 66
139 562 59
139 566 17
139 573 100
139 579 5
139 580 100
139 584 1
139 597 50
139 603 62
139 605 7
139 606 99
139 612 1
139 627 49
139 631 64
139 642 57
139 667 5
139 673 39
139 690 96
139 691 87
139 697 16
139 703 57
139 706 99
139 707 66
139 708 46
139 724 60
139 730 84
139 733 59
139 734 25
139 736 58
139 741 79
139 746 50
139 754 70
139 755 89
139 758 82
139 761 54
139 770 73
139 773 3
139 791 68
139 796 27
139 798 85
139 800 46
139 814 16
139 823 52
139 829 64
139 830 57
139 838 62
139 847 49
139 860 74
139 862 79
139 863 53
139 868 11
139 870 65
139 875 90
139 877 19
139 878 84
139 879 9
139 880 24
139 900 13
139 912 43
139 915 60
139 916 50
139 918 43
139 922 60
139 929 27
139 930 34
139 943 3
139 944 55
139 947 56
139 956 79
139 957 84
139 966 82
139 985 46
139 997 55
140 155 62
140 170 21
140 172 49
140 173 81
140 178 26
140 185 36
140 198 72
140 215 100
140 216 84
140 227 78
140 277 65
140 286 9
140 288 15
140 305 26
140 306 83
140 310 78
140 311 86
140 333 89
140 363 21
140 364 92
140 419 71
140 425 92
140 446 64
140 456 58
140 458 87
140 465 77
140 488 73
140 494 46
140 514 67
140 515 60
140 520 27
140 546 88
140 557 25
140 569 36
140 605 4
140 631 44
140 634 94
140 642 55
140 645 93
140 665 39
140 704 20
140 706 15
140 708 35
140 716 91
140 717 35
140 723 19
140 729 51
140 731 27
140 734 31
140 756 81
140 777 40
140 781 33
140 801 81
140 815 54
140 827 22
140 842 42
140 863 84
140 868 11
140 872 93
140 902 97
140 905 64
140 906 28
140 907 95
140 918 65
140 939 1
140 940 41
140 949 2
140 951 43
140 957 52
140 963 53
140 977 10
140 996 81
140 997 84
141 159 56
141 187 1
141 194 45
141 201 43
141 204 7
141 208 1
141 219 36
141 221 20
141 259 40
141 261 99
141 268 38
141 272 39
141 275 59
141 281 2
141 292 11
141 298 89
141 300 83
141 302 87
141 304 20
141 319 5
141 324 43
141 338 88
141 342 27
141 344 90
141 345 98
141 356 74
141 366 55
141 372 87
141 382 97
141 386 80
141 390 9
141 399 26
141 401 51
141 402 53
141 409 8
141 412 60
141 415 90
141 418 23
141 422 38
141 426 72
141 432 18
141 434 80
141 448 67
141 459 30
141 463 8
141 464 28
141 482 99
141 491 99
141 503 77
141 508 89
141 538 93
141 539 73
141 543 74
141 554 28
141 593 61
141 596 10
141 611 79
141 622 29
141 624 86
141 629 1
141 654 21
141 657 48
141 658 65
141 660 62
141 662 8
141 663 56
141 669 8
141 671 28
141 689 75
141 695 37
141 696 52
141 715 12
141 720 21
141 747 59
141 748 34
141 749 35
141 768 23
141 769 15
141 776 83
141 805 20
141 817 51
141 819 17
141 820 83
141 822 72
141 825 12
141 835 68
141 843 51
141 849 20
141 853 21
141 858 55
141 864 4
141 866 80
141 871 34
141 883 17
141 888 8
141 889 66
141 890 53
141 891 63
141 896 77
141 908 53
141 911 75
141 927 37
141 938 89
141 953 54
141 955 35
141 972 19
141 992 70
141 994 90
142 144 32
142 148 21
142 152 73
142 175 12
142 182 68
142 191 16
142 200 81
142 213 89
142 222 27
142 224 80
142 242 43
142 243 44
142 253 14
142 257 11
142 264 17
142 270 28
142 276 61
142 279 27
142 291 22
142 299 70
142 303 6
142 320 75
142 323 54
142 354 52
142 359 22
142 360 4
142 362 35
142 369 23
142 387 58
142 389 55
142 395 70
142 396 79
142 433 74
142 453 56
142 460 75
142 470 64
142 472 80
142 489 41
142 493 93
142 496 64
142 524 57
142 526 7
142 535 71
142 558 42
142 562 89
142 564 11
142 566 51
142 570 76
142 574 69
142 577 37
142 579 52
142 583 20
142 584 32
142 597 93
142 598 47
142 603 24
142 606 44
142 610 28
142 612 2
142 615 96
142 618 3
142 621 12
142 639 9
142 661 2
142 667 48
142 668 92
142 673 61
142 675 36
142 690 37
142 710 96
142 730 77
142 736 100
142 741 65
142 746 18
142 752 98
142 757 64
142 761 95
142 763 4
142 773 48
142 796 99
142 798 59
142 800 30
142 816 37
142 821 86
142 823 75
142 829 2
142 834 15
142 838 40
142 847 77
142 860 89
142 876 100
142 877 9
142 878 90
142 879 66
142 880 39
142 885 97
142 900 39
142 912 99
142 916 65
142 929 26
142 930 20
142 947 83
142 956 49
142 958 57
142 966 28
142 968 84
142 973 82
142 982 77
142 985 20
143 145 59
143 147 66
143 149 57
143 168 65
143 186 90
143 192 99
143 199 80
143 203 75
143 235 5
143 249 46
143 252 87
143 256 37
143 284 100
143 285 56
143 303 90
143 309 61
143 312 87
143 317 10
143 325 58
143 346 71
143 351 7
143 361 66
143 381 38
143 387 68
143 403 64
143 404 98
143 417 25
143 442 29
143 452 34
143 461 13
143 473 46
143 479 98
143 492 94
143 497 96
143 511 61
143 513 15
143 529 11
143 530 23
143 537 76
143 540 53
143 545 46
143 549 78
143 551 17
143 556 100
143 570 97
143 574 48
143 575 2
143 576 2
143 591 30
143 594 93
143 613 28
143 618 96
143 632 69
143 636 36
143 639 7
143 647 7
143 659 83
143 676 21
143 683 31
143 686 41
143 688 14
143 699 37
143 722 20
143 725 31
143 726 99
143 735 28
143 738 74
143 740 81
143 744 56
143 751 17
143 762 9
143 772 7
143 785 65
143 792 45
143 795 24
143 806 43
143 812 14
143 821 52
143 831 14
143 833 96
143 837 53
143 839 72
143 867 45
143 874 68
143 887 4
143 897 38
143 919 41
143 933 29
143 935 62
143 936 7
143 937 32
143 946 63
143 970 25
143 971 16
143 983 9
143 990 72
143 998 91
143 999 67
144 148 88
144 171 6
144 172 85
144 175 40
144 182 93
144 191 63
144 197 24
144 198 24
144 200 64
144 213 43
144 218 80
144 224 68
144 226 30
144 228 47
144 233 26
144 239 53
144 243 94
144 257 26
144 264 98
144 270 80
144 276 86
144 291 56
144 299 90
144 306 58
144 322 65
144 323 71
144 330 95
144 337 23
144 359 8
144 362 19
144 363 42
144 367 2
144 368 18
144 369 95
144 389 46
144 416 95
144 433 25
144 458 49
144 460 31
144 466 72
144 470 72
144 489 42
144 493 35
144 496 95
144 509 80
144 517 1
144 522 70
144 526 69
144 542 27
144 558 54
144 559 98
144 562 36
144 566 34
144 573 28
144 577 14
144 579 25
144 583 40
144 584 49
144 597 76
144 603 72
144 606 6
144 610 27
144 612 59
144 614 47
144 627 82
144 631 51
144 642 20
144 667 41
144 673 52
144 675 34
144 687 79
144 690 82
144 691 42
144 697 74
144 706 21
144 710 95
144 724 7
144 730 82
144 736 56
144 741 89
144 746 29
144 754 42
144 755 98
144 758 42
144 761 22
144 770 83
144 773 99
144 774 17
144 791 62
144 796 21
144 798 78
144 799 82
144 800 94
144 814 88
144 823 53
144 829 38
144 830 62
144 838 58
144 847 34
144 854 2
144 860 22
144 862 40
144 863 21
144 870 56
144 875 15
144 877 4
144 878 90
144 879 39
144 880 70
144 885 42
144 900 37
144 912 47
144 915 92
144 916 75
144 922 73
144 929 10
144 930 68
144 944 88
144 947 11
144 956 31
144 957 81
144 966 39
144 985 69
144 995 67
145 149 29
145 158 82
145 168 79
145 192 51
145 203 22
145 252 68
145 284 19
145 285 74
145 308 53
145 309 61
145 312 18
145 346 59
145 351 35
145 381 60
145 404 98
145 454 72
145 457 61
145 461 97
145 477 58
145 497 69
145 530 98
145 537 19
145 551 63
145 555 13
145 563 6
145 582 54
145 591 10
145 594 5
145 604 51
145 636 94
145 676 94
145 688 80
145 699 3
145 701 74
145 726 6
145 762 44
145 772 97
145 784 81
145 785 32
145 792 85
145 837 4
145 839 86
145 841 35
145 857 59
145 861 63
145 867 77
145 874 1
145 887 93
145 897 73
145 933 37
145 935 58
145 936 78
145 937 13
145 970 57
145 998 87
146 164 79
146 174 2
146 178 63
146 179 37
146 183 90
146 185 3
146 202 97
146 206 58
146 209 24
146 214 3
146 223 54
146 234 70
146 237 71
146 251 43
146 265 48
146 266 43
146 269 93
146 274 59
146 280 22
146 310 48
146 315 90
146 316 33
146 333 70
146 347 28
146 365 68
146 374 26
146 384 64
146 385 58
146 413 19
146 419 45
146 437 83
146 446 67
146 456 94
146 478 61
146 502 12
146 515 19
146 516 99
146 546 63
146 548 12
146 557 89
146 567 33
146 626 37
146 634 27
146 645 9
146 652 95
146 672 18
146 704 68
146 716 92
146 728 87
146 729 63
146 731 33
146 739 90
146 781 46
146 789 81
146 804 50
146 872 31
146 898 66
146 902 6
146 907 22
146 909 54
146 924 31
146 925 79
146 939 56
146 940 52
146 949 77
146 965 30
146 977 1
146 988 42
147 149 80
147 168 85
147 186 7
147 192 13
147 193 82
147 199 44
147 203 12
147 249 42
147 278 7
147 285 84
147 312 24
147 317 60
147 325 12
147 346 91
147 361 62
147 381 60
147 403 18
147 404 79
147 421 76
147 445 68
147 450 68
147 452 38
147 473 46
147 479 24
147 497 46
147 527 27
147 529 52
147 530 47
147 537 50
147 540 40
147 549 78
147 551 67
147 556 95
147 575 65
147 576 81
147 589 87
147 632 16
147 647 68
147 659 58
147 683 53
147 686 89
147 699 84
147 722 57
147 725 12
147 735 89
147 738 18
147 740 1
147 744 5
147 751 11
147 762 53
147 772 36
147 782 22
147 812 40
147 837 56
147 839 15
147 867 33
147 874 79
147 887 65
147 895 62
147 897 87
147 919 88
147 933 85
147 935 74
147 936 69
147 937 73
147 946 74
147 961 85
147 962 100
147 967 19
147 970 47
147 971 32
147 983 44
147 998 1
147 999 54
148 175 9
148 182 12
148 191 7
148 200 4
148 213 36
148 224 3
148 243 84
148 253 100
148 257 31
148 262 34
148 270 13
148 276 33
148 284 19
148 291 17
148 297 79
148 299 26
148 303 66
148 309 10
148 323 62
148 327 32
148 330 60
148 337 7
148 351 36
148 359 54
148 362 87
148 369 61
148 387 83
148 389 97
148 395 25
148 414 55
148 416 18
148 433 56
148 435 62
148 454 33
148 457 71
148 466 17
148 470 17
148 474 64
148 489 44
148 493 11
148 496 71
148 509 2
148 524 83
148 526 64
148 550 55
148 555 49
148 558 7
148 559 69
148 562 82
148 563 15
148 570 18
148 572 62
148 574 5
148 577 58
148 579 86
148 583 10
148 591 34
148 597 32
148 598 96
148 604 2
148 606 10
148 610 79
148 614 22
148 616 42
148 627 7
148 636 24
148 667 96
148 673 90
148 675 34
148 676 4
148 687 3
148 690 70
148 691 19
148 697 77
148 698 58
148 710 67
148 711 70
148 724 23
148 730 90
148 746 16
148 757 87
148 761 53
148 763 2
148 770 82
148 774 73
148 784 1
148 785 55
148 791 63
148 796 17
148 797 32
148 798 12
148 799 39
148 821 44
148 823 59
148 841 1
148 854 85
148 860 58
148 876 80
148 877 23
148 879 92
148 882 71
148 900 19
148 912 17
148 916 50
148 926 80
148 930 99
148 947 4
148 956 41
148 966 78
148 968 11
148 976 15
148 995 20
149 158 42
149 168 75
149 186 79
149 192 80
149 203 48
149 252 72
149 256 60
149 284 60
149 285 15
149 303 82
149 308 28
149 309 15
149 312 83
149 325 52
149 346 4
149 351 20
149 361 18
149 381 59
149 387 96
149 395 12
149 403 76
149 404 21
149 417 25
149 454 82
149 457 8
149 461 72
149 473 7
149 477 56
149 479 85
149 497 30
149 529 13
149 530 71
149 537 75
149 551 51
149 555 57
149 556 23
149 563 18
149 570 54
149 574 72
149 575 54
149 582 89
149 591 21
149 594 92
149 604 69
149 613 97
149 618 64
149 636 51
149 647 31
149 659 35
149 676 21
149 683 5
149 686 91
149 688 74
149 699 65
149 722 42
149 725 55
149 726 88
149 735 49
149 738 3
149 740 81
149 744 18
149 762 1
149 763 86
149 772 7
149 785 20
149 792 80
149 812 76
149 821 83
149 837 77
149 839 35
149 841 7
149 857 17
149 867 80
149 874 62
149 887 66
149 897 26
149 933 16
149 935 70
149 936 81
149 937 24
149 946 80
149 970 13
149 971 44
149 976 30
149 983 65
149 998 55
150 157 9
150 161 32
150 163 41
150 165 56
150 181 19
150 190 64
150 193 38
150 199 60
150 217 87
150 220 41
150 225 22
150 230 96
150 231 29
150 232 35
150 254 40
150 258 85
150 260 88
150 278 5
150 283 87
150 290 2
150 313 53
150 317 77
150 331 36
150 335 57
150 339 18
150 343 5
150 349 8
150 391 71
150 398 23
150 407 4
150 427 76
150 430 78
150 443 76
150 445 45
150 450 45
150 451 20
150 452 97
150 480 88
150 490 53
150 499 23
150 531 46
150 532 59
150 540 34
150 545 43
150 560 91
150 576 39
150 581 2
150 589 92
150 620 26
150 625 60
150 632 23
150 664 60
150 681 71
150 693 61
150 765 39
150 767 65
150 778 92
150 779 6
150 780 82
150 782 12
150 786 67
150 809 81
150 826 72
150 828 51
150 844 85
150 845 42
150 865 46
150 884 99
150 894 8
150 895 12
150 931 61
150 941 13
150 948 77
150 950 15
150 961 67
150 962 20
150 967 80
150 974 32
150 975 70
150 989 56
150 991 25
150 999 5
151 153 73
151 164 99
151 169 14
151 170 86
151 173 77
151 174 29
151 176 15
151 177 50
151 178 34
151 179 20
151 183 45
151 184 54
151 185 16
151 189 33
151 206 79
151 212 95
151 214 3
151 223 64
151 244 47
151 245 73
151 251 98
151 266 8
151 269 45
151 271 95
151 274 2
151 280 53
151 287 59
151 288 64
151 289 2
151 294 47
151 311 68
151 315 84
151 329 83
151 334 38
151 357 64
151 365 96
151 370 39
151 373 9
151 374 86
151 378 23
151 380 100
151 384 33
151 385 74
151 406 27
151 408 8
151 413 18
151 419 28
151 424 58
151 431 19
151 437 85
151 444 46
151 446 25
151 447 64
151 462 40
151 469 96
151 478 29
151 484 37
151 487 72
151 488 95
151 495 82
151 500 1
151 515 8
151 518 94
151 533 80
151 553 88
151 567 50
151 568 91
151 569 79
151 571 35
151 590 41
151 592 6
151 602 10
151 623 84
151 628 20
151 637 25
151 643 3
151 645 97
151 650 18
151 652 69
151 670 52
151 672 1
151 702 50
151 704 89
151 712 24
151 713 41
151 716 7
151 717 47
151 719 18
151 723 9
151 727 81
151 728 13
151 742 83
151 783 49
151 801 98
151 804 1
151 813 1
151 840 87
151 855 57
151 873 94
151 902 91
151 907 59
151 909 3
151 921 47
151 924 9
151 925 77
151 932 63
151 951 5
151 954 89
151 960 20
151 963 1
151 965 72
151 981 29
151 996 75
152 156 84
152 160 48
152 171 44
152 184 55
152 188 79
152 191 61
152 200 26
152 222 32
152 240 39
152 264 54
152 279 8
152 287 44
152 294 80
152 320 75
152 326 6
152 353 77
152 360 37
152 389 58
152 396 10
152 420 4
152 429 43
152 440 97
152 460 53
152 471 85
152 472 15
152 495 11
152 496 88
152 498 42
152 526 51
152 535 73
152 544 80
152 564 50
152 566 76
152 568 21
152 579 32
152 584 40
152 585 45
152 602 18
152 603 40
152 612 18
152 621 100
152 628 73
152 656 26
152 667 13
152 670 2
152 675 3
152 709 57
152 710 92
152 713 61
152 730 55
152 736 62
152 741 60
152 750 89
152 752 46
152 764 31
152 773 84
152 783 55
152 793 5
152 796 26
152 798 59
152 800 59
152 807 24
152 816 46
152 823 20
152 829 56
152 834 62
152 838 1
152 847 74
152 873 36
152 878 92
152 880 37
152 885 40
152 912 7
152 917 46
152 929 35
152 954 99
152 956 58
152 958 42
152 966 28
152 973 26
152 982 61
152 985 57
153 169 85
153 174 36
153 176 98
153 177 22
153 179 75
153 183 22
153 184 94
153 185 16
153 189 47
153 206 70
153 210 93
153 212 2
153 214 23
153 236 94
153 244 57
153 245 4
153 266 64
153 269 79
153 271 9
153 274 36
153 280 32
153 288 21
153 289 9
153 294 10
153 311 38
153 315 6
153 329 63
153 332 46
153 334 47
153 357 42
153 365 37
153 370 94
153 373 63
153 377 40
153 378 57
153 380 1
153 384 80
153 385 4
153 406 35
153 408 50
153 413 64
153 420 91
153 423 81
153 424 50
153 429 27
153 431 50
153 439 98
153 444 34
153 447 63
153 455 15
153 462 92
153 469 25
153 475 49
153 478 12
153 484 7
153 487 21
153 500 97
153 507 35
153 515 36
153 518 78
153 533 7
153 553 8
153 568 21
153 571 77
153 590 64
153 592 13
153 602 37
153 623 33
153 628 33
153 637 28
153 643 37
153 650 49
153 652 60
153 656 19
153 670 72
153 672 75
153 684 22
153 702 83
153 704 4
153 712 4
153 713 11
153 716 44
153 717 12
153 719 13
153 723 94
153 727 35
153 728 31
153 742 37
153 783 56
153 788 10
153 801 85
153 804 35
153 808 96
153 813 96
153 832 93
153 840 24
153 855 34
153 873 51
153 907 6
153 909 47
153 921 73
153 924 11
153 925 50
153 932 16
153 951 73
153 954 11
153 960 90
153 965 2
153 981 31
153 996 55
154 162 68
154 166 68
154 180 8
154 195 36
154 207 57
154 211 41
154 225 98
154 230 18
154 247 2
154 248 64
154 250 80
154 260 38
154 273 30
154 282 82
154 293 92
154 301 48
154 328 83
154 349 27
154 350 93
154 352 92
154 353 24
154 375 66
154 379 88
154 394 45
154 397 87
154 400 74
154 427 43
154 438 64
154 449 46
154 467 50
154 468 67
154 480 79
154 483 82
154 485 14
154 490 12
154 506 42
154 510 50
154 511 20
154 513 6
154 534 62
154 545 56
154 561 18
154 578 57
154 587 6
154 595 29
154 599 51
154 601 89
154 608 42
154 609 42
154 617 4
154 630 69
154 635 58
154 638 45
154 641 36
154 644 87
154 648 37
154 655 47
154 664 10
154 674 50
154 678 99
154 700 29
154 705 29
154 709 57
154 714 16
154 721 78
154 732 21
154 759 90
154 760 31
154 765 61
154 767 87
154 795 10
154 803 59
154 806 7
154 824 93
154 831 13
154 836 54
154 851 96
154 852 47
154 869 10
154 892 17
154 899 92
154 901 83
154 914 15
154 917 29
154 934 84
154 950 99
154 952 6
154 969 98
154 986 85
154 990 34
154 993 47
155 170 78
155 171 95
155 172 3
155 173 71
155 176 46
155 185 65
155 197 53
155 198 86
155 212 76
155 215 36
155 216 32
155 218 21
155 226 3
155 227 52
155 228 59
155 233 8
155 239 5
155 264 80
155 277 20
155 286 27
155 287 55
155 288 88
155 305 43
155 306 31
155 311 59
155 318 97
155 322 46
155 329 84
155 363 65
155 364 88
155 425 61
155 444 95
155 447 41
155 456 13
155 458 33
155 465 43
155 487 100
155 488 45
155 494 52
155 495 36
155 514 91
155 520 37
155 522 18
155 569 55
155 573 12
155 584 93
155 603 21
155 605 23
155 631 71
155 642 32
155 665 56
155 667 13
155 706 76
155 708 45
155 712 93
155 716 13
155 717 92
155 723 33
155 729 23
155 731 4
155 733 97
155 734 73
155 736 89
155 741 87
155 754 69
155 756 27
155 758 99
155 777 76
155 800 56
155 801 87
155 814 32
155 815 79
155 827 30
155 829 75
155 830 71
155 838 88
155 840 44
155 842 5
155 847 8
155 863 35
155 868 70
155 902 35
155 905 56
155 906 89
155 915 67
155 918 40
155 922 85
155 929 91
155 932 73
155 951 34
155 957 5
155 963 58
155 985 88
155 996 71
155 997 89
156 160 29
156 184 39
156 188 23
156 222 62
156 236 37
156 240 29
156 245 74
156 248 54
156 279 97
156 294 57
156 320 91
156 324 67
156 326 37
156 332 11
156 334 36
156 345 89
156 353 26
156 360 58
156 379 49
156 380 32
156 383 1
156 396 78
156 397 81
156 408 75
156 420 32
156 424 95
156 429 85
156 431 27
156 438 21
156 440 41
156 471 1
156 472 40
156 498 87
156 500 17
156 510 31
156 525 92
156 535 39
156 544 35
156 552 58
156 553 17
156 564 98
156 568 49
156 585 58
156 590 36
156 602 4
156 621 75
156 628 52
156 643 79
156 650 77
156 656 4
156 662 89
156 670 86
156 684 50
156 709 97
156 713 83
156 719 79
156 742 8
156 750 35
156 752 97
156 764 7
156 783 34
156 788 100
156 793 82
156 805 89
156 807 77
156 816 9
156 850 28
156 855 9
156 873 35
156 878 51
156 904 7
156 911 33
156 921 50
156 954 52
156 958 62
156 972 23
156 973 100
156 982 96
156 984 91
157 161 94
157 162 86
157 181 73
157 193 90
157 217 55
157 220 75
157 225 36
157 230 43
157 231 32
157 232 88
157 250 39
157 258 48
157 260 84
157 283 14
157 290 100
157 313 77
157 317 37
157 328 54
157 331 32
157 335 70
157 343 5
157 349 21
157 391 89
157 398 9
157 400 25
157 427 44
157 443 65
157 450 78
157 451 34
157 480 43
157 490 37
157 499 97
157 506 84
157 531 29
157 532 33
157 534 67
157 560 37
157 581 86
157 620 16
157 625 13
157 632 25
157 644 86
157 651 19
157 655 16
157 664 33
157 674 74
157 681 43
157 693 2
157 721 65
157 732 29
157 753 93
157 759 25
157 765 98
157 767 8
157 778 48
157 780 95
157 786 67
157 809 88
157 826 41
157 828 33
157 844 70
157 845 68
157 884 90
157 894 98
157 899 76
157 931 20
157 941 32
157 948 89
157 950 6
157 969 52
157 974 41
157 975 9
157 989 68
157 999 22
158 252 52
158 262 81
158 263 26
158 297 75
158 307 15
158 308 66
158 309 100
158 312 36
158 327 19
158 346 77
158 351 20
158 381 59
158 414 51
158 416 41
158 454 42
158 457 75
158 461 94
158 474 21
158 477 4
158 489 50
158 501 62
158 512 71
158 530 63
158 541 100
158 550 56
158 555 30
158 563 76
158 572 82
158 582 72
158 594 61
158 604 60
158 616 12
158 633 77
158 636 2
158 676 68
158 692 17
158 698 56
158 701 11
158 711 23
158 726 51
158 762 19
158 763 35
158 772 46
158 784 17
158 785 35
158 792 37
158 799 27
158 837 12
158 841 43
158 846 77
158 854 28
158 857 16
158 861 41
158 874 79
158 882 42
158 887 25
158 897 86
158 926 73
158 933 38
158 935 93
158 942 78
158 976 65
159 187 15
159 194 28
159 196 41
159 201 7
159 204 32
159 208 47
159 219 56
159 221 17
159 236 80
159 259 42
159 261 10
159 268 45
159 272 26
159 275 86
159 281 8
159 292 27
159 298 66
159 300 79
159 304 56
159 319 71
159 324 33
159 332 7
159 338 57
159 342 51
159 344 57
159 345 90
159 356 85
159 366 90
159 372 16
159 382 30
159 383 29
159 390 28
159 399 78
159 401 37
159 402 30
159 409 1
159 412 57
159 415 13
159 418 71
159 422 9
159 426 61
159 448 98
159 459 45
159 463 58
159 464 98
159 482 85
159 491 51
159 503 30
159 508 89
159 525 53
159 538 100
159 539 68
159 543 1
159 554 93
159 593 17
159 596 43
159 611 90
159 622 91
159 624 23
159 629 48
159 654 66
159 657 31
159 658 90
159 660 10
159 662 59
159 663 100
159 669 33
159 671 12
159 689 95
159 695 18
159 696 5
159 715 24
159 720 59
159 747 54
159 748 23
159 749 83
159 768 5
159 769 14
159 776 8
159 805 33
159 819 35
159 820 94
159 822 68
159 825 63
159 835 27
159 843 50
159 849 53
159 853 67
159 858 74
159 864 85
159 866 56
159 871 20
159 883 19
159 888 57
159 889 46
159 890 50
159 891 20
159 896 21
159 904 46
159 908 85
159 911 30
159 927 73
159 938 2
159 953 61
159 955 66
159 972 39
159 984 64
159 992 85
159 994 4
160 184 48
160 188 55
160 208 87
160 236 68
160 240 72
160 245 95
160 248 52
160 259 50
160 279 44
160 294 39
160 320 44
160 324 71
160 326 17
160 332 48
160 334 44
160 344 86
160 345 83
160 353 80
160 360 95
160 379 55
160 380 96
160 383 74
160 397 61
160 408 30
160 420 17
160 424 83
160 429 4
160 431 52
160 438 6
160 440 4
160 471 65
160 472 46
160 498 89
160 500 36
160 510 19
160 525 5
160 535 33
160 544 96
160 552 82
160 553 47
160 564 54
160 568 48
160 585 36
160 590 22
160 602 42
160 611 79
160 621 66
160 628 29
160 643 87
160 656 95
160 662 43
160 669 60
160 670 20
160 684 45
160 709 67
160 713 33
160 719 58
160 742 76
160 750 95
160 752 22
160 764 29
160 783 91
160 787 1
160 788 32
160 793 37
160 805 92
160 807 81
160 816 49
160 850 22
160 873 11
160 904 55
160 911 73
160 921 19
160 954 68
160 972 99
160 973 36
160 982 52
160 984 94
161 163 12
161 165 69
161 181 40
161 190 43
161 193 82
161 217 16
161 220 9
161 230 14
161 231 72
161 232 84
161 254 49
161 258 100
161 260 53
161 283 11
161 290 30
161 313 46
161 331 65
161 335 6
161 339 39
161 343 85
161 391 74
161 398 61
161 407 14
161 430 99
161 443 47
161 450 39
161 451 15
161 499 52
161 531 97
161 532 33
161 560 93
161 581 54
161 620 49
161 625 59
161 664 67
161 681 51
161 693 77
161 765 19
161 767 90
161 778 32
161 779 73
161 780 90
161 782 35
161 786 89
161 809 7
161 828 97
161 844 3
161 845 43
161 865 98
161 884 22
161 894 41
161 895 11
161 931 67
161 941 78
161 948 97
161 950 13
161 974 11
161 975 13
161 989 90
161 991 7
162 180 3
162 181 44
162 207 34
162 211 56
162 217 21
162 225 27
162 230 66
162 232 6
162 247 48
162 250 51
162 260 88
162 282 51
162 301 14
162 313 7
162 328 14
162 336 23
162 341 27
162 349 21
162 350 31
162 352 9
162 375 37
162 392 89
162 394 13
162 400 78
162 427 81
162 436 44
162 443 78
162 449 84
162 468 14
162 480 93
162 481 55
162 483 85
162 485 43
162 490 5
162 506 35
162 534 52
162 560 81
162 561 14
162 587 70
162 595 75
162 617 2
162 630 63
162 635 50
162 638 21
162 641 18
162 644 69
162 651 85
162 653 31
162 655 69
162 664 65
162 666 66
162 674 56
162 678 62
162 705 85
162 721 9
162 732 31
162 745 35
162 753 29
162 759 39
162 760 7
162 765 28
162 767 67
162 771 14
162 828 98
162 836 42
162 848 52
162 851 63
162 852 24
162 869 70
162 881 56
162 892 53
162 899 98
162 901 65
162 914 16
162 934 64
162 948 36
162 950 81
162 952 54
162 964 100
162 969 6
162 978 50
162 980 20
162 986 74
162 989 88
162 993 72
163 165 7
163 190 70
163 193 75
163 220 65
163 231 28
163 254 47
163 258 41
163 278 94
163 290 90
163 331 59
163 335 95
163 339 54
163 343 39
163 391 29
163 398 23
163 407 48
163 430 59
163 450 44
163 451 56
163 499 43
163 531 80
163 581 72
163 589 57
163 625 34
163 693 45
163 778 67
163 779 81
163 780 74
163 782 53
163 786 31
163 809 9
163 844 24
163 865 86
163 894 80
163 895 72
163 941 76
163 961 28
163 962 59
163 974 12
163 991 16
164 169 12
164 174 69
164 178 30
164 179 6
164 183 55
164 185 34
164 202 68
164 206 55
164 209 5
164 214 89
164 223 13
164 234 100
164 237 95
164 244 97
164 251 15
164 265 22
164 266 43
164 269 8
164 274 13
164 280 21
164 315 43
164 316 25
164 347 26
164 357 84
164 365 47
164 373 43
164 374 89
164 378 98
164 384 90
164 385 81
164 413 54
164 419 24
164 437 87
164 446 99
164 462 12
164 469 37
164 475 78
164 478 74
164 484 18
164 502 19
164 515 99
164 516 13
164 533 28
164 548 11
164 557 46
164 567 98
164 626 7
164 634 75
164 637 40
164 645 11
164 652 46
164 672 16
164 704 31
164 716 1
164 727 43
164 728 98
164 739 32
164 781 74
164 789 21
164 804 82
164 813 37
164 832 98
164 898 26
164 907 18
164 909 83
164 924 87
164 925 58
164 965 15
164 981 79
164 988 88
165 190 63
165 193 35
165 220 45
165 231 47
165 254 98
165 258 50
165 278 23
165 290 48
165 331 22
165 335 91
165 339 51
165 343 23
165 391 71
165 398 66
165 407 84
165 421 5
165 430 57
165 445 12
165 450 57
165 452 37
165 499 37
165 531 19
165 581 9
165 589 84
165 625 99
165 693 82
165 778 73
165 779 56
165 780 83
165 782 74
165 786 34
165 809 50
165 865 22
165 894 27
165 895 86
165 941 6
165 961 88
165 962 53
165 967 64
165 974 98
165 991 88
166 180 73
166 186 10
166 192 93
166 195 8
166 199 49
166 211 57
166 222 94
166 225 78
166 235 46
166 242 72
166 249 98
166 253 12
166 256 28
166 273 24
166 282 56
166 283 55
166 285 15
166 293 40
166 301 45
166 317 86
166 325 15
166 349 73
166 354 61
166 361 52
166 387 21
166 394 96
166 404 23
166 417 33
166 427 61
166 442 1
166 453 47
166 467 53
166 473 55
166 480 23
166 485 1
166 490 81
166 492 18
166 511 16
166 513 17
166 524 69
166 537 46
166 540 100
166 545 8
166 575 60
166 578 99
166 587 31
166 601 10
166 608 65
166 609 68
166 613 74
166 615 47
166 618 93
166 632 27
166 638 84
166 639 61
166 644 62
166 648 19
166 659 28
166 661 89
166 668 93
166 674 69
166 683 10
166 686 87
166 700 66
166 714 75
166 721 2
166 725 99
166 735 22
166 738 13
166 740 84
166 751 64
166 759 70
166 767 95
166 795 61
166 803 56
166 806 1
166 812 14
166 824 64
166 826 3
166 831 63
166 833 70
166 869 2
166 884 46
166 892 2
166 899 10
166 914 67
166 917 93
166 946 55
166 952 40
166 968 75
166 975 100
166 983 80
166 990 40
166 993 58
166 999 67
167 194 85
167 204 65
167 207 42
167 208 29
167 219 16
167 248 38
167 261 100
167 268 41
167 281 53
167 292 33
167 301 65
167 304 73
167 324 89
167 341 50
167 344 6
167 345 80
167 350 68
167 352 4
167 353 7
167 375 56
167 379 80
167 383 25
167 388 75
167 390 27
167 392 23
167 397 7
167 401 89
167 410 93
167 418 7
167 422 55
167 426 73
167 432 34
167 438 97
167 449 99
167 464 33
167 468 2
167 471 25
167 483 73
167 510 60
167 519 91
167 525 12
167 528 70
167 544 39
167 561 57
167 587 51
167 595 57
167 599 86
167 611 67
167 617 71
167 622 58
167 630 98
167 635 48
167 641 83
167 654 6
167 660 42
167 662 29
167 663 24
167 666 80
167 669 15
167 671 42
167 678 92
167 685 45
167 689 18
167 705 65
167 709 69
167 715 60
167 748 80
167 760 62
167 766 99
167 768 18
167 769 75
167 787 44
167 790 71
167 802 38
167 805 91
167 819 53
167 820 34
167 825 45
167 836 47
167 851 71
167 852 16
167 856 59
167 858 33
167 864 24
167 866 72
167 871 82
167 881 28
167 892 91
167 901 3
167 911 6
167 934 51
167 952 34
167 953 36
167 972 88
167 978 17
167 980 90
167 984 85
167 992 24
167 993 80
168 186 20
168 192 26
168 199 93
168 203 65
168 235 61
168 249 3
168 252 94
168 256 73
168 284 48
168 285 40
168 303 71
168 309 27
168 312 91
168 317 18
168 325 20
168 346 75
168 351 46
168 361 78
168 381 21
168 387 48
168 403 56
168 404 15
168 417 50
168 442 51
168 445 45
168 452 23
168 461 2
168 473 58
168 479 23
168 492 38
168 497 80
168 511 16
168 513 95
168 529 45
168 530 8
168 537 2
168 540 24
168 545 97
168 549 91
168 551 79
168 556 50
168 570 67
168 574 22
168 575 58
168 576 22
168 591 3
168 594 8
168 613 12
168 618 6
168 632 44
168 636 44
168 647 61
168 659 2
168 676 89
168 683 15
168 686 20
168 688 99
168 699 73
168 722 58
168 725 33
168 726 13
168 735 9
168 738 98
168 740 55
168 744 93
168 751 80
168 762 59
168 772 42
168 785 61
168 792 28
168 795 33
168 806 39
168 812 85
168 821 39
168 831 1
168 833 15
168 837 8
168 839 82
168 867 72
168 874 50
168 887 97
168 897 90
168 919 13
168 933 9
168 935 24
168 936 64
168 937 17
168 946 20
168 970 25
168 971 86
168 983 55
168 990 21
168 998 67
168 999 55
169 173 26
169 174 49
169 176 19
169 177 97
169 179 45
169 183 47
169 184 52
169 185 88
169 189 27
169 206 47
169 210 54
169 212 58
169 214 5
169 223 56
169 244 19
169 245 63
169 251 82
169 266 45
169 269 75
169 271 98
169 274 83
169 280 97
169 288 19
169 289 69
169 294 11
169 311 24
169 315 94
169 329 49
169 334 26
169 357 30
169 365 41
169 370 61
169 373 90
169 374 46
169 377 45
169 378 26
169 380 59
169 384 87
169 385 18
169 406 46
169 408 88
169 413 14
169 419 84
169 424 9
169 431 21
169 437 21
169 439 44
169 444 7
169 447 22
169 455 32
169 462 35
169 469 71
169 475 32
169 478 75
169 484 88
169 487 1
169 500 75
169 507 27
169 515 65
169 518 98
169 533 39
169 548 96
169 553 43
169 567 23
169 568 97
169 571 71
169 590 30
169 592 89
169 602 72
169 623 53
169 628 38
169 637 100
169 643 87
169 650 67
169 652 42
169 672 46
169 702 63
169 704 43
169 712 94
169 716 43
169 717 32
169 719 40
169 723 90
169 727 89
169 728 47
169 742 99
169 801 71
169 804 24
169 808 56
169 813 85
169 832 30
169 855 95
169 898 98
169 907 75
169 909 95
169 921 62
169 924 86
169 925 78
169 932 99
169 951 9
169 954 57
169 960 53
169 965 67
169 981 90
169 996 12
170 171 30
170 172 94
170 173 97
170 174 46
170 176 89
170 177 75
170 178 39
170 185 93
170 212 28
170 215 21
170 216 89
170 227 33
170 251 85
170 269 31
170 271 74
170 274 48
170 277 38
170 280 28
170 286 87
170 287 43
170 288 21
170 305 98
170 306 30
170 310 60
170 311 3
170 316 28
170 329 63
170 333 61
170 363 83
170 364 56
170 370 83
170 373 40
170 374 65
170 419 98
170 425 45
170 437 55
170 444 51
170 446 8
170 447 42
170 456 70
170 458 33
170 478 54
170 487 28
170 488 6
170 494 82
170 514 51
170 515 67
170 522 11
170 546 63
170 557 42
170 567 89
170 569 63
170 605 67
170 631 32
170 634 79
170 642 49
170 645 72
170 665 47
170 704 100
170 706 55
170 708 87
170 712 5
170 716 85
170 717 81
170 723 26
170 729 94
170 731 33
170 734 40
170 756 55
170 758 20
170 777 59
170 781 41
170 801 71
170 804 27
170 815 93
170 827 96
170 830 43
170 840 19
170 842 45
170 863 18
170 868 53
170 872 54
170 902 93
170 905 23
170 906 17
170 907 75
170 918 29
170 932 59
170 939 74
170 940 100
170 949 58
170 951 81
170 957 86
170 963 86
170 977 86
170 996 92
171 172 5
171 176 82
171 177 53
171 197 96
171 198 76
171 200 28
171 212 24
171 216 70
171 226 29
171 227 82
171 228 22
171 233 20
171 239 96
171 264 86
171 279 82
171 286 61
171 287 36
171 288 92
171 305 70
171 306 3
171 311 21
171 320 59
171 322 28
171 329 3
171 363 88
171 364 20
171 370 48
171 406 68
171 425 43
171 444 66
171 447 100
171 458 48
171 460 73
171 472 68
171 487 54
171 488 61
171 495 83
171 496 12
171 514 76
171 522 98
171 526 9
171 562 37
171 566 87
171 569 87
171 571 23
171 573 56
171 579 34
171 584 8
171 603 77
171 605 63
171 612 82
171 631 45
171 642 26
171 667 4
171 670 96
171 706 44
171 712 84
171 713 77
171 717 55
171 723 82
171 730 24
171 734 10
171 736 73
171 741 77
171 746 52
171 756 71
171 758 66
171 773 41
171 783 32
171 796 1
171 798 65
171 800 24
171 801 59
171 814 50
171 816 28
171 823 17
171 829 91
171 830 95
171 838 35
171 840 99
171 842 75
171 847 47
171 863 6
171 868 59
171 873 96
171 878 29
171 880 43
171 885 92
171 906 70
171 912 93
171 915 42
171 918 19
171 929 46
171 932 21
171 951 8
171 954 3
171 956 72
171 957 68
171 960 21
171 963 38
171 966 98
171 985 14
171 996 56
172 173 18
172 176 14
172 177 24
172 185 26
172 197 10
172 198 82
172 215 86
172 216 7
172 218 60
172 226 91
172 227 100
172 228 10
172 233 52
172 239 71
172 264 10
172 277 26
172 286 99
172 287 2
172 288 48
172 305 98
172 306 52
172 311 26
172 318 63
172 322 6
172 329 33
172 363 68
172 364 1
172 425 5
172 444 37
172 447 13
172 458 63
172 460 42
172 465 2
172 487 65
172 488 43
172 494 67
172 495 98
172 496 38
172 514 58
172 520 56
172 522 5
172 526 76
172 542 41
172 562 10
172 566 4
172 569 46
172 573 15
172 584 67
172 603 27
172 605 84
172 612 11
172 631 40
172 642 55
172 665 79
172 667 28
172 706 83
172 708 30
172 712 73
172 716 73
172 717 15
172 723 22
172 730 42
172 733 58
172 734 91
172 736 91
172 741 7
172 746 31
172 754 67
172 755 27
172 756 77
172 758 88
172 770 55
172 773 66
172 783 38
172 800 86
172 801 53
172 814 55
172 815 28
172 816 99
172 823 41
172 827 42
172 829 16
172 830 13
172 838 49
172 840 35
172 842 34
172 847 24
172 862 83
172 863 19
172 868 39
172 873 90
172 878 42
172 880 10
172 906 13
172 912 45
172 915 32
172 918 71
172 922 78
172 929 13
172 932 63
172 951 14
172 957 11
172 960 47
172 963 10
172 966 90
172 985 41
172 996 19
172 997 63
173 174 17
173 176 27
173 177 28
173 178 93
173 179 97
173 185 24
173 212 8
173 214 57
173 215 1
173 216 65
173 227 83
173 251 73
173 266 33
173 269 97
173 271 69
173 274 55
173 277 7
173 280 47
173 286 79
173 287 9
173 288 6
173 306 86
173 310 32
173 311 39
173 316 71
173 329 90
173 333 81
173 363 26
173 364 79
173 370 55
173 373 21
173 374 55
173 385 33
173 406 61
173 413 74
173 419 97
173 425 63
173 437 42
173 444 58
173 446 100
173 447 12
173 456 42
173 462 55
173 478 47
173 484 66
173 487 60
173 488 19
173 494 27
173 514 94
173 515 81
173 546 3
173 557 76
173 567 19
173 569 5
173 571 88
173 605 62
173 623 83
173 631 27
173 634 2
173 642 38
173 645 78
173 652 59
173 665 52
173 704 22
173 706 28
173 712 45
173 716 19
173 717 67
173 723 4
173 728 87
173 729 37
173 731 19
173 734 36
173 756 47
173 777 34
173 781 62
173 801 98
173 804 69
173 815 88
173 827 80
173 830 34
173 840 73
173 842 58
173 868 81
173 872 44
173 902 74
173 905 26
173 906 75
173 907 8
173 918 97
173 932 48
173 939 16
173 940 29
173 949 67
173 951 50
173 957 89
173 960 75
173 963 35
173 977 94
173 996 44
174 176 6
174 177 51
174 178 55
174 179 38
174 183 7
174 185 55
174 189 100
174 206 68
174 212 89
174 214 15
174 215 52
174 216 18
174 223 50
174 227 10
174 237 20
174 244 5
174 251 90
174 266 88
174 269 67
174 271 99
174 274 43
174 280 48
174 288 98
174 310 24
174 311 54
174 315 54
174 316 68
174 329 40
174 333 12
174 347 66
174 357 34
174 364 78
174 365 45
174 370 90
174 373 88
174 374 45
174 378 26
174 384 59
174 385 59
174 406 22
174 413 27
174 419 1
174 424 91
174 425 63
174 437 72
174 444 23
174 446 20
174 447 30
174 456 45
174 462 40
174 469 19
174 478 55
174 484 33
174 487 6
174 488 92
174 494 94
174 502 94
174 514 95
174 515 63
174 516 67
174 533 84
174 546 21
174 553 60
174 557 92
174 567 58
174 569 20
174 571 52
174 590 1
174 592 1
174 605 82
174 623 48
174 626 36
174 634 71
174 637 77
174 645 40
174 650 57
174 652 67
174 665 96
174 672 6
174 702 6
174 704 8
174 712 41
174 716 72
174 717 38
174 723 77
174 727 11
174 728 76
174 729 39
174 731 96
174 734 60
174 742 16
174 756 80
174 781 19
174 801 33
174 804 90
174 813 83
174 815 76
174 827 39
174 840 46
174 855 21
174 872 75
174 898 30
174 902 10
174 905 55
174 906 78
174 907 72
174 909 95
174 921 44
174 924 13
174 925 39
174 932 99
174 939 50
174 940 15
174 949 86
174 951 96
174 960 73
174 963 67
174 965 66
174 977 89
174 981 12
174 988 16
174 996 19
175 182 85
175 191 56
175 200 66
175 213 46
175 224 30
175 235 95
175 243 41
175 253 35
175 256 75
175 257 79
175 262 62
175 270 29
175 276 17
175 284 44
175 285 76
175 291 55
175 297 31
175 299 74
175 303 17
175 309 2
175 312 74
175 323 10
175 325 28
175 327 69
175 351 57
175 354 76
175 359 84
175 362 85
175 369 83
175 387 30
175 389 73
175 395 23
175 416 8
175 417 46
175 433 24
175 453 12
175 454 18
175 457 88
175 461 81
175 466 75
175 470 70
175 474 42
175 489 15
175 493 92
175 496 9
175 509 45
175 524 9
175 526 76
175 555 20
175 558 41
175 562 26
175 563 59
175 570 56
175 572 97
175 574 62
175 577 4
175 579 88
175 583 92
175 591 98
175 597 87
175 598 22
175 604 82
175 606 52
175 610 44
175 614 62
175 615 25
175 616 59
175 618 78
175 627 34
175 636 58
175 639 32
175 667 15
175 668 40
175 673 87
175 675 46
175 676 49
175 687 45
175 688 64
175 690 85
175 691 39
175 698 58
175 710 84
175 711 8
175 730 47
175 746 33
175 757 64
175 761 80
175 763 40
175 774 28
175 785 58
175 791 36
175 796 97
175 798 94
175 799 46
175 821 8
175 823 40
175 834 60
175 839 65
175 841 76
175 854 10
175 860 61
175 876 5
175 877 4
175 879 85
175 882 4
175 885 30
175 900 9
175 912 90
175 916 74
175 930 62
175 947 35
175 956 36
175 958 38
175 966 62
175 968 3
175 976 60
175 995 36
176 177 82
176 178 64
176 179 80
176 184 60
176 185 38
176 189 58
176 212 27
176 214 37
176 215 10
176 216 58
176 227 99
176 245 23
176 264 71
176 266 30
176 269 88
176 271 55
176 274 90
176 280 90
176 286 13
176 287 63
176 288 9
176 294 48
176 306 1
176 311 41
176 329 72
176 334 1
176 363 47
176 364 97
176 365 63
176 370 9
176 373 28
176 374 3
176 385 11
176 406 91
176 413 10
176 419 72
176 424 43
176 425 88
176 437 61
176 444 52
176 446 9
176 447 35
176 456 23
176 462 55
176 469 26
176 478 100
176 484 80
176 487 41
176 488 25
176 494 12
176 495 1
176 514 60
176 515 50
176 522 45
176 553 65
176 567 84
176 569 61
176 571 94
176 584 63
176 590 50
176 592 35
176 602 34
176 603 37
176 605 37
176 623 58
176 628 69
176 631 30
176 642 11
176 643 40
176 645 92
176 650 33
176 652 78
176 665 6
176 670 61
176 702 47
176 704 82
176 706 61
176 712 33
176 713 56
176 716 83
176 717 54
176 723 21
176 727 11
176 728 26
176 729 29
176 731 36
176 734 25
176 741 45
176 742 49
176 756 53
176 758 65
176 781 84
176 783 35
176 800 100
176 801 99
176 804 9
176 813 9
176 815 79
176 816 18
176 827 94
176 830 68
176 838 84
176 840 82
176 842 56
176 847 100
176 855 43
176 863 64
176 873 60
176 902 92
176 905 100
176 906 87
176 907 35
176 918 41
176 921 30
176 932 13
176 951 91
176 954 5
176 957 98
176 960 65
176 963 55
176 985 16
176 996 78
177 184 54
177 185 76
177 189 1
177 212 9
177 244 85
177 245 44
177 264 15
177 266 91
177 269 54
177 271 7
177 274 32
177 279 39
177 280 19
177 287 99
177 288 82
177 294 51
177 306 92
177 311 57
177 320 18
177 329 34
177 334 58
177 364 60
177 365 6
177 370 81
177 373 92
177 380 18
177 385 71
177 406 90
177 408 60
177 413 52
177 419 78
177 424 26
177 429 74
177 431 85
177 444 38
177 447 9
177 462 33
177 469 80
177 472 70
177 478 29
177 484 41
177 487 57
177 488 29
177 495 21
177 500 31
177 514 73
177 515 49
177 518 62
177 553 54
177 568 9
177 569 19
177 571 77
177 584 1
177 590 67
177 592 37
177 602 89
177 603 54
177 605 57
177 623 18
177 628 75
177 631 41
177 637 44
177 643 6
177 650 31
177 652 89
177 670 32
177 702 100
177 704 85
177 706 11
177 712 65
177 713 93
177 716 33
177 717 94
177 719 57
177 723 57
177 727 13
177 728 83
177 734 59
177 736 51
177 741 87
177 742 98
177 758 70
177 773 16
177 783 97
177 800 40
177 801 36
177 804 42
177 813 71
177 816 86
177 830 75
177 838 11
177 840 90
177 847 92
177 855 49
177 873 15
177 878 11
177 902 60
177 906 98
177 907 56
177 918 18
177 921 52
177 932 69
177 951 27
177 954 49
177 960 5
177 963 68
177 985 57
177 996 30
178 179 62
178 185 85
178 202 44
178 212 66
178 214 18
178 215 54
178 216 62
178 223 23
178 227 47
178 234 57
178 237 74
178 251 35
178 266 41
178 269 46
178 271 72
178 274 11
178 277 40
178 280 9
178 288 67
178 310 31
178 311 43
178 316 27
178 333 3
178 347 30
178 364 91
178 370 14
178 373 84
178 374 86
178 413 87
178 419 89
178 425 22
178 437 60
178 444 58
178 446 60
178 447 94
178 456 42
178 478 28
178 487 93
178 488 75
178 494 68
178 502 25
178 514 57
178 515 8
178 516 51
178 546 85
178 557 66
178 567 70
178 569 84
178 605 9
178 626 46
178 634 54
178 645 80
178 665 60
178 704 45
178 712 92
178 716 19
178 717 54
178 723 70
178 728 58
178 729 80
178 731 11
178 734 56
178 739 62
178 756 23
178 777 38
178 781 1
178 789 14
178 801 96
178 804 37
178 815 90
178 827 70
178 842 60
178 872 61
178 898 97
178 902 38
178 905 91
178 906 79
178 907 48
178 909 32
178 932 53
178 939 92
178 940 100
178 949 69
178 951 50
178 963 46
178 965 94
178 977 61
178 988 75
178 996 90
179 183 50
179 185 42
179 189 99
179 202 83
179 206 35
179 209 38
179 212 67
179 214 63
179 223 66
179 237 73
179 244 93
179 251 20
179 265 75
179 266 30
179 269 24
179 271 22
179 274 90
179 280 92
179 288 27
179 315 34
179 316 28
179 347 21
179 357 100
179 365 64
179 370 52
179 373 87
179 374 78
179 378 12
179 384 94
179 385 20
179 406 7
179 413 83
179 419 56
179 437 59
179 446 81
179 456 61
179 462 97
179 469 9
179 475 17
179 478 95
179 484 83
179 502 16
179 515 18
179 516 65
179 533 74
179 548 8
179 557 17
179 567 41
179 571 27
179 592 23
179 623 47
179 626 34
179 634 58
179 637 2
179 645 67
179 650 88
179 652 99
179 665 74
179 672 86
179 702 27
179 704 92
179 716 65
179 717 92
179 723 65
179 727 54
179 728 52
179 729 47
179 731 64
179 739 73
179 781 52
179 789 38
179 801 5
179 804 3
179 813 70
179 832 70
179 855 88
179 898 65
179 902 45
179 907 75
179 909 22
179 924 75
179 925 2
179 932 72
179 939 34
179 951 57
179 965 89
179 977 94
179 981 10
179 988 25
179 996 27
180 195 22
180 207 36
180 211 52
180 222 60
180 225 65
180 235 64
180 242 100
180 249 89
180 273 21
180 282 2
180 293 90
180 301 74
180 317 95
180 326 51
180 349 64
180 352 75
180 353 85
180 354 26
180 360 61
180 379 41
180 394 70
180 396 94
180 397 100
180 400 27
180 417 25
180 427 75
180 442 30
180 449 32
180 453 11
180 467 25
180 468 70
180 471 28
180 473 67
180 480 45
180 483 85
180 485 34
180 490 94
180 492 36
180 510 73
180 511 33
180 513 59
180 524 17
180 535 36
180 545 55
180 561 53
180 575 34
180 578 24
180 587 54
180 601 6
180 608 54
180 609 65
180 613 90
180 615 56
180 617 71
180 618 2
180 630 28
180 638 53
180 639 5
180 644 99
180 648 34
180 661 49
180 668 87
180 674 69
180 678 20
180 700 62
180 709 49
180 714 56
180 721 26
180 735 34
180 740 32
180 750 100
180 751 29
180 752 84
180 759 6
180 760 21
180 795 86
180 803 56
180 806 43
180 824 42
180 826 9
180 831 36
180 833 48
180 836 33
180 869 81
180 892 37
180 899 48
180 901 2
180 914 3
180 917 65
180 952 41
180 968 57
180 973 3
180 982 89
180 990 95
180 993 47
181 217 48
181 225 7
181 230 51
181 231 52
181 232 88
181 247 40
181 250 44
181 258 36
181 260 56
181 283 64
181 290 24
181 313 89
181 328 68
181 336 63
181 349 2
181 400 95
181 427 35
181 443 59
181 451 71
181 480 28
181 499 31
181 506 72
181 532 92
181 534 49
181 560 2
181 595 74
181 620 21
181 644 4
181 651 28
181 655 17
181 664 18
181 681 52
181 721 56
181 732 86
181 745 84
181 753 29
181 759 2
181 760 40
181 765 17
181 767 74
181 778 91
181 786 24
181 809 32
181 828 10
181 844 68
181 845 99
181 851 98
181 899 77
181 901 47
181 931 16
181 948 73
181 950 24
181 969 84
181 986 30
181 989 59
181 993 29
182 197 14
182 200 16
182 213 7
182 218 64
182 224 93
182 226 10
182 228 66
182 233 66
182 239 40
182 243 90
182 257 89
182 262 10
182 264 56
182 270 90
182 276 47
182 291 68
182 297 5
182 299 17
182 322 41
182 323 94
182 327 1
182 330 24
182 337 58
182 348 98
182 359 74
182 362 95
182 367 66
182 368 77
182 369 66
182 371 12
182 389 91
182 395 16
182 416 58
182 433 70
182 435 54
182 458 53
182 460 28
182 466 2
182 470 90
182 474 83
182 489 51
182 493 85
182 496 81
182 509 94
182 517 38
182 521 12
182 522 4
182 526 76
182 542 39
182 550 82
182 558 79
182 559 78
182 562 38
182 566 94
182 572 19
182 573 39
182 577 95
182 579 98
182 583 28
182 597 77
182 603 57
182 606 20
182 610 12
182 612 53
182 614 21
182 616 3
182 627 95
182 667 88
182 673 73
182 682 6
182 687 21
182 690 68
182 691 9
182 694 85
182 697 55
182 724 27
182 730 6
182 736 23
182 746 48
182 754 36
182 755 44
182 758 62
182 761 40
182 763 77
182 770 46
182 773 66
182 774 54
182 791 85
182 796 29
182 797 35
182 798 3
182 799 18
182 814 22
182 823 6
182 829 46
182 854 23
182 860 45
182 862 23
182 863 49
182 870 10
182 875 52
182 877 29
182 879 70
182 880 59
182 882 93
182 900 97
182 912 13
182 915 87
182 916 2
182 929 62
182 930 47
182 944 18
182 947 65
182 956 60
182 966 58
182 985 43
182 995 48
183 189 34
183 202 85
183 206 36
183 209 26
183 212 24
183 214 7
183 223 49
183 237 67
183 244 33
183 251 58
183 265 75
183 266 32
183 269 42
183 271 90
183 274 35
183 280 67
183 289 34
183 315 16
183 347 93
183 357 73
183 365 36
183 373 19
183 374 28
183 377 6
183 378 5
183 384 83
183 385 33
183 413 36
183 419 73
183 437 97
183 439 57
183 446 27
183 462 88
183 469 37
183 475 98
183 478 65
183 484 50
183 502 13
183 507 9
183 515 46
183 516 30
183 518 90
183 533 6
183 548 34
183 567 41
183 592 68
183 623 76
183 626 60
183 637 19
183 645 74
183 652 58
183 672 46
183 702 24
183 704 29
183 716 71
183 727 39
183 728 57
183 739 19
183 789 86
183 804 64
183 813 33
183 832 47
183 898 72
183 907 95
183 909 81
183 924 19
183 925 90
183 932 20
183 965 81
183 981 48
183 988 83
184 188 66
184 189 19
184 212 70
184 236 95
184 240 58
184 244 78
184 245 78
184 271 20
184 279 18
184 287 79
184 288 83
184 289 19
184 294 75
184 311 54
184 320 94
184 329 26
184 332 73
184 334 68
184 370 4
184 373 21
184 380 41
184 383 24
184 406 51
184 408 78
184 420 29
184 424 94
184 429 39
184 431 39
184 440 60
184 444 32
184 447 75
184 455 75
184 462 37
184 469 32
184 472 81
184 484 31
184 487 56
184 495 60
184 498 79
184 500 65
184 518 39
184 525 21
184 552 65
184 553 48
184 564 62
184 568 62
184 571 10
184 584 100
184 585 58
184 590 31
184 592 61
184 602 56
184 621 96
184 623 15
184 628 62
184 643 86
184 650 51
184 656 61
184 670 44
184 684 60
184 702 46
184 712 54
184 713 47
184 719 79
184 741 91
184 742 76
184 764 14
184 773 81
184 783 75
184 788 38
184 793 25
184 800 68
184 807 80
184 813 59
184 816 19
184 838 31
184 840 90
184 847 26
184 850 69
184 855 39
184 873 72
184 878 10
184 904 5
184 921 95
184 932 91
184 954 25
184 960 96
185 189 59
185 212 35
185 214 35
185 215 65
185 216 86
185 223 50
185 227 74
185 251 49
185 266 57
185 269 96
185 271 10
185 274 66
185 277 36
185 280 53
185 286 79
185 287 95
185 288 37
185 306 52
185 310 18
185 311 95
185 316 71
185 329 3
185 333 76
185 364 96
185 365 73
185 370 46
185 373 96
185 374 93
185 385 78
185 406 58
185 413 67
185 419 70
185 425 95
185 437 38
185 444 13
185 446 30
185 447 66
185 456 80
185 462 1
185 478 56
185 484 49
185 487 83
185 488 80
185 494 14
185 502 52
185 514 68
185 515 17
185 546 48
185 557 46
185 567 66
185 569 19
185 571 11
185 605 96
185 623 72
185 631 63
185 634 88
185 642 65
185 645 28
185 650 56
185 652 38
185 665 69
185 704 74
185 706 11
185 712 2
185 716 28
185 717 86
185 723 45
185 728 59
185 729 61
185 731 19
185 734 57
185 756 24
185 777 73
185 781 69
185 801 22
185 804 83
185 813 20
185 815 18
185 827 79
185 840 38
185 842 88
185 855 41
185 868 17
185 872 35
185 902 76
185 905 53
185 906 33
185 907 45
185 909 72
185 918 30
185 924 98
185 932 60
185 939 8
185 940 4
185 949 91
185 951 26
185 960 84
185 963 87
185 965 77
185 977 16
185 988 6
185 996 52
186 190 1
186 192 58
186 193 6
186 199 75
186 203 11
186 211 63
186 235 26
186 249 98
186 256 17
186 278 99
186 283 3
186 285 66
186 293 100
186 312 52
186 317 78
186 325 4
186 335 96
186 361 80
186 381 39
186 403 61
186 404 96
186 417 53
186 421 8
186 442 60
186 445 39
186 450 53
186 452 2
186 473 54
186 479 41
186 490 6
186 492 1
186 497 90
186 511 81
186 513 58
186 527 66
186 529 60
186 537 49
186 540 60
186 545 67
186 549 16
186 551 92
186 556 14
186 575 12
186 576 87
186 578 63
186 589 13
186 591 44
186 608 75
186 609 9
186 613 27
186 618 90
186 625 44
186 632 69
186 647 77
186 648 22
186 659 70
186 674 2
186 683 6
186 686 89
186 688 80
186 699 79
186 700 40
186 722 3
186 725 78
186 735 45
186 738 99
186 740 76
186 744 57
186 751 82
186 762 10
186 767 62
186 780 71
186 782 35
186 786 15
186 795 23
186 803 23
186 806 10
186 812 58
186 826 6
186 831 34
186 833 40
186 837 29
186 839 70
186 867 22
186 884 87
186 895 30
186 919 20
186 933 84
186 936 96
186 937 48
186 946 1
186 961 60
186 962 51
186 967 57
186 970 98
186 971 30
186 975 67
186 983 27
186 990 38
186 998 77
186 999 96
187 194 21
187 196 33
187 201 72
187 208 52
187 219 48
187 221 21
187 246 9
187 259 61
187 261 94
187 272 46
187 275 62
187 281 53
187 298 86
187 300 27
187 302 51
187 319 9
187 338 80
187 342 7
187 344 32
187 356 21
187 366 28
187 372 99
187 382 87
187 386 38
187 399 29
187 401 35
187 402 37
187 409 47
187 412 87
187 415 70
187 422 35
187 426 44
187 434 81
187 448 93
187 459 22
187 463 61
187 464 71
187 482 27
187 491 78
187 503 43
187 508 95
187 538 4
187 539 8
187 543 20
187 554 48
187 593 86
187 596 88
187 611 29
187 622 72
187 624 73
187 629 55
187 654 98
187 657 35
187 658 41
187 663 6
187 671 24
187 689 4
187 695 48
187 696 82
187 715 94
187 747 56
187 748 68
187 749 21
187 768 2
187 776 85
187 817 72
187 819 60
187 820 25
187 822 95
187 825 53
187 835 98
187 843 48
187 849 74
187 853 84
187 864 77
187 866 24
187 871 93
187 883 34
187 888 52
187 889 94
187 890 94
187 891 45
187 896 50
187 908 73
187 927 14
187 938 17
187 953 30
187 955 75
187 972 29
187 994 65
188 191 91
188 222 81
188 240 8
188 248 70
188 273 26
188 279 25
188 294 46
188 320 75
188 324 4
188 326 15
188 334 98
188 345 14
188 353 62
188 360 13
188 379 84
188 380 30
188 383 29
188 396 16
188 397 71
188 420 66
188 429 90
188 438 1
188 440 93
188 471 82
188 472 94
188 498 89
188 510 59
188 525 88
188 535 86
188 544 15
188 552 12
188 564 70
188 566 14
188 568 80
188 579 77
188 585 35
188 602 74
188 612 4
188 621 79
188 628 71
188 643 66
188 656 37
188 670 19
188 678 89
188 684 69
188 709 42
188 710 58
188 713 31
188 736 39
188 750 53
188 752 26
188 764 2
188 773 60
188 783 57
188 793 26
188 807 15
188 816 58
188 834 8
188 847 69
188 850 7
188 873 29
188 878 67
188 880 62
188 885 1
188 904 50
188 911 29
188 917 91
188 954 21
188 956 93
188 958 100
188 973 13
188 982 92
188 984 5
189 206 61
189 210 93
189 212 40
189 214 14
189 244 8
189 245 82
189 266 42
189 269 77
189 271 56
189 274 71
189 280 69
189 288 64
189 289 2
189 294 17
189 311 41
189 315 64
189 329 42
189 332 8
189 334 36
189 357 73
189 365 2
189 370 58
189 373 40
189 377 28
189 378 36
189 380 65
189 384 16
189 385 24
189 406 41
189 408 74
189 413 91
189 420 92
189 423 97
189 424 52
189 429 20
189 431 98
189 439 43
189 444 7
189 447 9
189 455 99
189 462 8
189 469 82
189 475 39
189 478 100
189 484 64
189 487 64
189 500 98
189 507 73
189 515 64
189 518 15
189 533 33
189 553 86
189 568 28
189 571 84
189 590 2
189 592 97
189 602 70
189 623 76
189 628 35
189 637 64
189 643 23
189 650 37
189 652 54
189 656 93
189 670 9
189 672 35
189 684 48
189 702 85
189 704 66
189 712 97
189 713 26
189 716 14
189 717 13
189 719 38
189 723 94
189 727 7
189 728 89
189 742 71
189 783 45
189 788 77
189 801 72
189 804 36
189 808 77
189 813 1
189 832 79
189 840 84
189 855 13
189 873 73
189 907 98
189 921 92
189 924 91
189 925 29
189 932 55
189 951 14
189 954 94
189 960 81
189 965 86
189 981 59
189 996 50
190 193 95
190 199 57
190 220 21
190 230 97
190 231 99
190 254 100
190 258 83
190 278 71
190 283 11
190 290 18
190 317 41
190 331 28
190 335 63
190 339 94
190 343 88
190 391 92
190 398 63
190 403 29
190 407 29
190 421 93
190 430 82
190 443 13
190 445 75
190 450 68
190 451 88
190 452 85
190 499 50
190 527 29
190 531 72
190 540 25
190 549 72
190 576 56
190 581 37
190 589 41
190 625 84
190 632 50
190 681 62
190 693 6
190 778 18
190 779 23
190 780 98
190 782 82
190 786 66
190 809 33
190 826 76
190 865 13
190 884 15
190 894 37
190 895 92
190 919 20
190 931 24
190 941 13
190 950 73
190 961 51
190 962 73
190 967 84
190 971 94
190 974 93
190 975 63
190 991 49
190 999 98
191 200 80
191 222 100
191 224 8
191 235 65
191 242 6
191 243 95
191 253 87
191 256 80
191 257 49
191 273 81
191 276 31
191 279 82
191 291 30
191 293 2
191 303 3
191 320 75
191 323 4
191 326 17
191 354 78
191 360 37
191 387 82
191 389 76
191 395 37
191 396 21
191 417 4
191 433 59
191 440 80
191 453 97
191 460 28
191 467 43
191 472 79
191 492 88
191 493 3
191 496 73
191 524 72
191 526 42
191 535 96
191 564 62
191 566 36
191 570 89
191 574 61
191 577 35
191 579 22
191 583 84
191 597 15
191 598 40
191 601 5
191 608 2
191 610 96
191 612 83
191 615 75
191 618 93
191 621 88
191 639 67
191 661 64
191 667 5
191 668 91
191 673 1
191 675 31
191 709 32
191 710 31
191 714 22
191 730 76
191 736 11
191 746 35
191 750 92
191 752 54
191 757 93
191 761 35
191 773 74
191 796 92
191 798 72
191 800 23
191 803 62
191 816 94
191 821 91
191 823 56
191 824 51
191 829 93
191 834 35
191 847 7
191 876 19
191 878 5
191 880 61
191 885 5
191 912 81
191 917 6
191 956 92
191 958 78
191 966 25
191 968 95
191 973 93
191 982 88
192 199 100
192 203 8
192 235 13
192 249 5
192 252 98
192 256 64
192 284 77
192 285 85
192 303 91
192 312 71
192 317 18
192 325 40
192 346 98
192 351 30
192 361 23
192 381 36
192 387 52
192 403 84
192 404 25
192 417 62
192 421 75
192 442 99
192 445 40
192 452 51
192 453 79
192 461 89
192 473 74
192 479 67
192 492 38
192 497 52
192 511 82
192 513 95
192 529 7
192 530 2
192 537 89
192 540 68
192 545 87
192 549 81
192 551 65
192 556 24
192 570 67
192 574 24
192 575 66
192 576 97
192 591 77
192 594 46
192 598 23
192 613 79
192 615 56
192 618 18
192 632 38
192 636 83
192 639 91
192 647 49
192 659 30
192 676 20
192 683 95
192 686 59
192 688 42
192 699 32
192 722 94
192 725 94
192 726 9
192 735 76
192 738 82
192 740 58
192 744 38
192 751 65
192 762 46
192 772 5
192 785 9
192 792 35
192 795 91
192 803 40
192 806 88
192 812 88
192 821 45
192 826 74
192 831 25
192 833 27
192 837 26
192 839 30
192 867 7
192 874 11
192 887 49
192 897 5
192 919 29
192 933 2
192 935 85
192 936 9
192 937 46
192 946 21
192 967 84
192 970 62
192 971 87
192 983 10
192 990 59
192 998 92
192 999 49
193 199 32
193 220 97
193 230 80
193 231 100
193 232 8
193 254 37
193 258 30
193 278 28
193 283 88
193 290 65
193 317 78
193 331 83
193 335 72
193 339 57
193 343 95
193 391 72
193 398 64
193 403 26
193 407 79
193 421 85
193 430 14
193 443 14
193 445 38
193 450 18
193 451 23
193 452 64
193 499 24
193 527 74
193 529 32
193 531 82
193 540 94
193 545 25
193 549 81
193 556 50
193 576 25
193 581 64
193 589 57
193 625 92
193 632 77
193 681 82
193 693 89
193 722 1
193 744 95
193 751 30
193 765 6
193 767 1
193 778 27
193 779 70
193 780 59
193 782 42
193 786 91
193 795 73
193 809 36
193 812 43
193 826 8
193 844 10
193 845 91
193 865 41
193 884 5
193 894 83
193 895 47
193 919 19
193 931 83
193 941 64
193 946 62
193 948 64
193 950 5
193 961 74
193 962 7
193 967 65
193 971 1
193 974 53
193 975 71
193 983 99
193 991 55
193 999 76
194 204 52
194 208 90
194 219 12
194 229 11
194 255 42
194 261 71
194 267 89
194 268 8
194 275 84
194 281 5
194 292 89
194 295 20
194 304 7
194 319 83
194 341 84
194 342 85
194 366 45
194 372 76
194 386 22
194 388 89
194 390 2
194 392 34
194 393 69
194 399 92
194 401 84
194 409 45
194 410 55
194 418 77
194 422 56
194 426 16
194 432 72
194 434 10
194 459 12
194 464 53
194 481 44
194 486 52
194 503 15
194 504 75
194 519 8
194 528 33
194 538 33
194 593 15
194 599 61
194 611 61
194 622 6
194 624 90
194 635 51
194 641 60
194 646 50
194 654 96
194 660 57
194 662 36
194 663 63
194 666 32
194 669 67
194 671 33
194 677 42
194 685 57
194 689 90
194 696 79
194 705 76
194 715 91
194 720 28
194 748 39
194 749 99
194 766 75
194 768 50
194 769 64
194 775 6
194 776 14
194 787 19
194 790 47
194 794 75
194 802 12
194 817 62
194 819 9
194 820 43
194 825 36
194 843 11
194 852 10
194 856 2
194 858 39
194 864 22
194 866 76
194 871 46
194 881 20
194 883 69
194 888 49
194 890 87
194 891 31
194 896 46
194 908 98
194 913 23
194 927 42
194 934 87
194 953 41
194 955 22
194 964 2
194 978 63
194 979 77
194 980 14
194 992 84
195 207 100
195 211 27
195 222 82
195 225 23
195 235 25
195 242 38
195 249 10
195 253 30
195 273 91
195 282 90
195 293 19
195 301 41
195 317 44
195 326 76
195 349 15
195 352 19
195 353 65
195 354 57
195 360 98
195 379 21
195 394 32
195 396 67
195 397 95
195 400 32
195 417 98
195 427 52
195 442 1
195 449 46
195 453 3
195 467 27
195 468 42
195 471 28
195 473 92
195 483 84
195 485 49
195 490 60
195 492 71
195 510 53
195 511 73
195 513 47
195 524 46
195 535 42
195 545 98
195 561 49
195 575 55
195 578 2
195 587 87
195 601 78
195 608 49
195 609 91
195 613 14
195 615 46
195 617 98
195 618 84
195 630 3
195 638 67
195 639 92
195 644 77
195 648 48
195 661 93
195 668 90
195 674 39
195 678 65
195 700 43
195 709 19
195 714 19
195 721 10
195 735 89
195 740 43
195 750 68
195 751 66
195 752 70
195 759 7
195 760 97
195 795 10
195 803 22
195 806 23
195 824 24
195 826 70
195 831 70
195 833 53
195 836 81
195 869 25
195 892 44
195 899 78
195 901 31
195 914 20
195 917 68
195 952 80
195 968 38
195 973 43
195 982 5
195 990 6
195 993 62
196 201 91
196 210 58
196 221 95
196 236 19
196 246 32
196 259 77
196 272 88
196 275 7
196 289 100
196 298 55
196 300 28
196 332 22
196 338 20
196 340 11
196 344 90
196 355 84
196 356 47
196 366 60
196 372 26
196 377 88
196 382 47
196 405 77
196 412 35
196 415 21
196 423 58
196 431 63
196 439 62
196 448 29
196 455 36
196 482 42
196 491 97
196 500 56
196 505 65
196 507 89
196 508 86
196 518 14
196 543 84
196 554 58
196 596 36
196 629 93
196 657 47
196 684 93
196 695 61
196 747 17
196 788 26
196 808 94
196 818 38
196 822 1
196 835 47
196 849 54
196 866 35
196 871 91
196 889 48
196 904 75
196 908 6
196 927 38
196 938 82
196 945 18
196 972 98
196 987 79
196 994 78
197 198 47
197 218 30
197 224 21
197 226 81
197 228 81
197 233 42
197 239 76
197 264 22
197 286 14
197 296 83
197 305 71
197 306 2
197 318 52
197 322 22
197 330 98
197 337 73
197 348 96
197 358 79
197 359 37
197 362 88
197 363 13
197 367 17
197 368 57
197 369 42
197 371 82
197 428 76
197 458 39
197 465 18
197 470 10
197 496 69
197 509 68
197 517 3
197 520 11
197 521 18
197 522 70
197 526 33
197 536 54
197 542 36
197 559 58
197 562 92
197 573 97
197 580 59
197 603 13
197 605 25
197 606 19
197 607 62
197 631 15
197 642 90
197 667 71
197 682 77
197 691 62
197 694 24
197 697 89
197 703 91
197 706 74
197 707 46
197 708 8
197 724 15
197 730 20
197 733 81
197 734 53
197 746 71
197 754 33
197 755 51
197 758 94
197 770 27
197 791 84
197 811 57
197 814 64
197 830 57
197 842 40
197 860 57
197 862 72
197 863 88
197 868 97
197 870 33
197 875 39
197 877 59
197 879 63
197 900 89
197 915 25
197 916 87
197 918 93
197 920 55
197 922 88
197 923 35
197 929 36
197 930 46
197 943 35
197 944 1
197 947 8
197 957 51
197 959 52
197 985 53
197 997 45
198 215 73
198 216 90
198 218 14
198 226 65
198 227 69
198 228 43
198 233 65
198 239 3
198 264 99
198 277 7
198 286 99
198 296 27
198 305 76
198 306 26
198 318 16
198 322 46
198 359 63
198 363 6
198 367 92
198 368 93
198 369 9
198 371 1
198 425 97
198 458 5
198 465 4
198 488 89
198 514 64
198 517 60
198 520 2
198 522 100
198 536 59
198 542 55
198 559 44
198 562 73
198 569 17
198 573 45
198 580 5
198 603 17
198 605 77
198 606 12
198 607 19
198 631 50
198 642 79
198 697 93
198 703 7
198 706 6
198 707 52
198 708 21
198 733 3
198 734 77
198 754 76
198 755 94
198 756 80
198 758 97
198 770 60
198 814 57
198 815 8
198 827 31
198 830 71
198 842 58
198 862 32
198 863 59
198 868 98
198 870 43
198 875 55
198 877 76
198 906 31
198 915 66
198 918 48
198 922 96
198 923 9
198 929 59
198 943 30
198 957 33
198 963 1
198 997 15
199 203 22
199 249 49
199 278 15
199 283 92
199 317 13
199 325 32
199 335 53
199 343 36
199 361 83
199 391 66
199 403 46
199 404 14
199 407 73
199 417 5
199 421 61
199 442 19
199 445 27
199 450 30
199 452 92
199 473 42
199 479 23
199 490 25
199 492 13
199 497 60
199 499 73
199 511 32
199 513 86
199 527 26
199 529 3
199 531 33
199 537 44
199 540 77
199 545 3
199 549 43
199 551 38
199 556 82
199 575 54
199 576 15
199 578 16
199 589 62
199 609 37
199 613 5
199 625 12
199 632 87
199 647 60
199 648 44
199 659 98
199 674 13
199 681 32
199 683 87
199 686 97
199 699 97
199 722 57
199 725 61
199 735 62
199 738 90
199 740 64
199 744 15
199 751 9
199 767 59
199 780 19
199 782 78
199 786 61
199 795 8
199 806 59
199 812 75
199 826 27
199 831 52
199 833 12
199 867 35
199 884 75
199 894 8
199 895 95
199 919 78
199 937 62
199 941 38
199 946 13
199 961 57
199 962 63
199 967 63
199 970 28
199 971 61
199 975 35
199 983 67
199 990 13
199 998 58
199 999 12
200 213 18
200 222 96
200 224 74
200 243 3
200 253 11
200 257 54
200 264 6
200 270 41
200 276 75
200 279 84
200 287 33
200 291 23
200 299 38
200 303 21
200 320 83
200 323 11
200 354 46
200 359 59
200 360 68
200 362 63
200 369 42
200 389 23
200 395 18
200 396 63
200 433 62
200 440 57
200 460 49
200 470 74
200 472 25
200 493 8
200 495 76
200 496 89
200 524 47
200 526 65
200 535 28
200 558 52
200 562 81
200 564 90
200 566 80
200 574 90
200 577 7
200 579 64
200 583 22
200 584 6
200 597 26
200 598 14
200 603 37
200 606 75
200 610 17
200 612 26
200 615 59
200 621 16
200 661 3
200 667 22
200 668 55
200 673 28
200 675 59
200 710 18
200 730 26
200 736 70
200 741 20
200 746 26
200 752 33
200 757 8
200 758 70
200 761 25
200 773 14
200 783 98
200 796 83
200 798 59
200 800 50
200 816 43
200 823 19
200 829 30
200 834 90
200 838 21
200 847 32
200 860 32
200 873 29
200 876 40
200 877 57
200 878 55
200 879 67
200 880 28
200 885 74
200 900 80
200 912 81
200 929 8
200 930 83
200 947 60
200 956 87
200 958 55
200 966 100
200 968 26
200 973 81
200 982 38
200 985 36
201 208 36
201 221 27
201 236 8
201 246 74
201 259 38
201 261 73
201 272 40
201 275 96
201 298 68
201 300 13
201 324 50
201 332 100
201 338 65
201 342 42
201 344 68
201 345 58
201 355 5
201 356 25
201 366 16
201 372 77
201 382 27
201 383 97
201 401 46
201 402 94
201 405 41
201 409 20
201 412 73
201 415 18
201 422 21
201 423 65
201 426 96
201 448 18
201 455 85
201 459 40
201 463 62
201 464 52
201 482 61
201 491 96
201 503 88
201 505 62
201 508 29
201 525 19
201 538 85
201 539 5
201 543 79
201 552 83
201 554 98
201 593 63
201 596 74
201 611 65
201 629 85
201 657 94
201 658 14
201 662 53
201 663 58
201 671 99
201 684 71
201 689 90
201 695 25
201 715 64
201 747 26
201 749 59
201 768 80
201 776 8
201 788 75
201 805 86
201 819 86
201 822 57
201 825 74
201 835 46
201 843 50
201 849 31
201 850 78
201 864 30
201 866 1
201 871 25
201 889 89
201 896 30
201 904 28
201 908 93
201 911 19
201 927 38
201 938 57
201 945 25
201 953 74
201 972 99
201 994 99
202 209 13
202 214 90
202 223 97
202 234 61
202 237 9
202 251 28
202 265 35
202 269 90
202 274 18
202 280 17
202 315 20
202 316 94
202 333 56
202 347 94
202 374 21
202 437 71
202 446 14
202 502 18
202 516 31
202 546 10
202 548 91
202 557 14
202 567 75
202 626 32
202 634 64
202 645 20
202 739 24
202 781 30
202 789 41
202 898 77
202 907 7
202 909 63
202 924 51
202 939 83
202 940 11
202 949 12
202 965 32
202 977 58
202 988 97
203 235 94
203 249 67
203 252 96
203 256 12
203 284 8
203 285 93
203 303 28
203 308 98
203 309 39
203 312 8
203 325 93
203 346 76
203 351 35
203 354 80
203 361 31
203 381 6
203 387 12
203 395 39
203 403 67
203 404 33
203 417 6
203 442 56
203 453 37
203 454 47
203 461 75
203 473 16
203 479 18
203 492 85
203 497 96
203 511 72
203 513 35
203 524 76
203 529 55
203 530 27
203 537 97
203 540 66
203 549 8
203 551 46
203 555 9
203 556 99
203 570 17
203 574 91
203 575 34
203 582 2
203 583 71
203 591 74
203 594 20
203 598 97
203 613 86
203 615 65
203 618 48
203 636 75
203 639 74
203 647 48
203 659 50
203 676 15
203 683 39
203 686 6
203 688 8
203 699 62
203 722 9
203 725 45
203 726 55
203 735 49
203 738 26
203 740 48
203 744 90
203 751 23
203 757 92
203 762 97
203 772 51
203 785 23
203 792 85
203 806 8
203 812 28
203 821 8
203 833 71
203 837 20
203 839 78
203 841 88
203 867 83
203 874 22
203 876 25
203 887 26
203 897 24
203 919 62
203 933 14
203 935 56
203 936 9
203 937 63
203 946 59
203 968 39
203 970 6
203 971 23
203 976 56
203 983 95
203 998 58
204 208 8
204 219 91
204 229 35
204 255 11
204 261 37
204 267 48
204 268 44
204 281 30
204 292 47
204 295 40
204 304 27
204 319 83
204 341 44
204 342 16
204 366 74
204 386 97
204 388 32
204 390 47
204 392 93
204 393 45
204 399 9
204 401 93
204 409 26
204 410 69
204 418 29
204 422 7
204 426 45
204 432 29
204 434 17
204 459 19
204 464 61
204 481 64
204 486 81
204 503 92
204 504 61
204 519 91
204 528 61
204 538 84
204 547 31
204 593 2
204 611 20
204 622 9
204 624 46
204 646 74
204 654 12
204 660 37
204 663 18
204 666 95
204 669 92
204 671 75
204 677 58
204 685 59
204 689 96
204 696 85
204 715 76
204 718 30
204 720 75
204 748 99
204 749 48
204 766 2
204 768 7
204 769 49
204 775 57
204 776 98
204 790 24
204 794 41
204 802 35
204 817 46
204 819 46
204 820 33
204 825 12
204 843 43
204 848 13
204 852 25
204 856 50
204 858 40
204 864 9
204 866 91
204 881 68
204 883 24
204 888 72
204 890 38
204 891 100
204 896 27
204 913 70
204 927 15
204 953 45
204 955 81
204 964 58
204 978 87
204 979 42
204 980 97
204 992 90
205 238 8
205 241 45
205 262 73
205 263 34
205 296 17
205 297 50
205 307 87
205 314 77
205 321 30
205 330 55
205 337 6
205 348 33
205 358 36
205 371 72
205 376 18
205 414 37
205 428 50
205 435 84
205 441 40
205 466 38
205 474 77
205 476 30
205 501 28
205 509 85
205 512 73
205 521 89
205 523 78
205 541 6
205 550 1
205 559 2
205 565 37
205 586 53
205 588 15
205 600 17
205 607 75
205 614 48
205 616 13
205 619 100
205 627 60
205 633 70
205 640 44
205 649 28
205 679 70
205 680 21
205 682 37
205 687 1
205 690 23
205 691 87
205 692 94
205 694 38
205 697 67
205 707 74
205 711 9
205 724 41
205 743 67
205 774 79
205 784 53
205 791 55
205 797 70
205 810 86
205 811 69
205 846 56
205 854 93
205 859 61
205 882 72
205 886 7
205 903 5
205 910 96
205 920 34
205 923 79
205 926 36
205 928 57
205 942 93
205 944 87
205 959 10
205 995 55
206 209 90
206 210 96
206 212 97
206 214 74
206 223 97
206 237 20
206 244 32
206 251 79
206 265 24
206 266 80
206 269 72
206 271 7
206 274 51
206 280 82
206 289 65
206 315 87
206 347 29
206 357 45
206 365 40
206 373 68
206 374 76
206 377 58
206 378 43
206 384 15
206 385 74
206 413 99
206 437 87
206 439 47
206 462 87
206 469 88
206 475 27
206 478 38
206 484 7
206 502 95
206 507 70
206 515 5
206 516 9
206 518 82
206 533 99
206 548 52
206 553 10
206 567 65
206 592 15
206 623 45
206 626 13
206 637 36
206 652 11
206 672 9
206 702 49
206 704 34
206 727 28
206 728 88
206 739 50
206 789 30
206 804 33
206 808 26
206 813 33
206 832 43
206 898 77
206 907 3
206 909 45
206 924 99
206 925 93
206 965 94
206 981 83
206 987 90
206 988 43
207 247 47
207 248 56
207 261 60
207 268 86
207 273 10
207 282 66
207 292 100
207 301 59
207 304 32
207 326 39
207 341 2
207 350 19
207 352 82
207 353 78
207 360 97
207 375 83
207 379 57
207 390 43
207 392 27
207 394 38
207 397 90
207 400 93
207 401 38
207 438 16
207 449 28
207 467 55
207 468 67
207 471 93
207 483 11
207 485 76
207 506 22
207 510 17
207 519 9
207 534 80
207 544 71
207 561 40
207 587 87
207 595 95
207 599 25
207 611 59
207 617 25
207 622 75
207 630 19
207 635 96
207 638 93
207 641 58
207 644 48
207 662 69
207 666 20
207 669 66
207 678 50
207 685 79
207 705 28
207 709 67
207 750 48
207 759 38
207 760 69
207 766 65
207 768 16
207 769 6
207 787 86
207 805 26
207 836 83
207 851 16
207 852 6
207 858 84
207 869 13
207 881 74
207 892 77
207 899 33
207 901 42
207 911 53
207 914 75
207 917 17
207 934 30
207 952 43
207 969 46
207 978 58
207 980 5
207 982 80
207 984 62
207 986 96
207 992 50
207 993 56
208 219 62
208 221 30
208 236 20
208 240 58
208 248 40
208 259 13
208 261 93
208 268 89
208 272 74
208 275 29
208 281 2
208 292 42
208 304 55
208 324 94
208 332 63
208 338 43
208 344 21
208 345 55
208 356 50
208 366 88
208 372 42
208 379 60
208 383 56
208 390 1
208 401 100
208 409 100
208 418 96
208 422 27
208 426 29
208 432 3
208 438 34
208 459 83
208 464 72
208 491 12
208 503 15
208 508 25
208 510 17
208 519 28
208 525 69
208 528 97
208 538 72
208 543 79
208 544 7
208 552 25
208 561 78
208 593 26
208 596 35
208 599 80
208 611 47
208 622 90
208 641 100
208 654 61
208 656 42
208 657 39
208 660 48
208 662 62
208 663 46
208 669 6
208 671 47
208 684 28
208 685 94
208 689 3
208 695 83
208 705 20
208 715 99
208 747 39
208 748 62
208 749 52
208 766 65
208 768 48
208 769 27
208 787 13
208 805 32
208 819 55
208 820 84
208 822 41
208 825 66
208 843 70
208 850 14
208 852 77
208 858 89
208 864 41
208 866 62
208 871 63
208 888 48
208 889 4
208 896 100
208 904 47
208 908 99
208 911 9
208 927 16
208 934 37
208 938 67
208 953 89
208 972 100
208 984 58
208 992 66
208 994 60
209 214 66
209 223 80
209 234 96
209 237 49
209 251 24
209 265 31
209 266 7
209 269 13
209 274 73
209 280 90
209 315 40
209 316 58
209 347 6
209 374 83
209 437 26
209 446 5
209 502 82
209 515 54
209 516 21
209 546 47
209 548 97
209 557 68
209 567 46
209 626 45
209 634 45
209 645 86
209 739 73
209 781 47
209 789 86
209 898 97
209 907 51
209 909 96
209 924 22
209 939 19
209 949 52
209 965 36
209 977 88
209 988 4
210 236 24
210 244 56
210 245 12
210 246 89
210 259 97
210 272 57
210 289 91
210 294 42
210 300 41
210 332 83
210 334 72
210 340 25
210 355 28
210 357 100
210 365 65
210 377 11
210 378 91
210 380 25
210 384 6
210 385 73
210 405 21
210 408 9
210 413 41
210 415 82
210 423 38
210 424 33
210 431 43
210 439 74
210 455 6
210 462 85
210 469 32
210 475 97
210 482 89
210 484 60
210 500 61
210 505 31
210 507 36
210 518 33
210 533 100
210 552 34
210 553 91
210 554 66
210 568 75
210 590 81
210 592 61
210 602 66
210 623 3
210 628 89
210 637 9
210 643 88
210 650 87
210 652 36
210 672 44
210 684 44
210 702 81
210 719 98
210 727 43
210 728 73
210 742 32
210 788 29
210 808 50
210 813 60
210 818 25
210 832 52
210 835 86
210 849 40
210 855 75
210 904 7
210 921 86
210 925 80
210 945 45
210 981 12
210 987 77
211 222 1
211 225 7
211 230 68
211 235 11
211 242 17
211 249 61
211 273 28
211 282 81
211 283 25
211 293 66
211 301 67
211 317 98
211 349 23
211 354 52
211 361 88
211 394 90
211 397 70
211 400 53
211 417 25
211 427 27
211 442 53
211 449 75
211 453 91
211 467 92
211 468 82
211 473 98
211 480 71
211 483 59
211 485 61
211 490 5
211 492 68
211 511 99
211 513 86
211 534 64
211 545 61
211 575 35
211 578 68
211 587 42
211 601 59
211 608 21
211 609 30
211 613 97
211 615 19
211 617 70
211 618 55
211 630 27
211 632 49
211 638 55
211 639 15
211 644 27
211 648 24
211 659 48
211 661 36
211 668 72
211 674 60
211 678 20
211 681 40
211 700 66
211 714 92
211 721 34
211 735 45
211 740 86
211 751 6
211 759 59
211 760 85
211 765 84
211 767 71
211 795 21
211 803 42
211 806 58
211 824 5
211 826 51
211 831 79
211 833 41
211 836 90
211 869 40
211 884 24
211 892 74
211 899 84
211 901 41
211 914 10
211 917 81
211 946 60
211 950 71
211 952 48
211 975 12
211 990 31
211 993 94
211 999 42
212 214 74
212 216 1
212 227 45
212 244 34
212 245 10
212 251 13
212 266 67
212 269 4
212 271 96
212 274 55
212 280 5
212 287 14
212 288 89
212 294 83
212 306 94
212 311 39
212 329 90
212 334 22
212 364 6
212 365 87
212 370 17
212 373 6
212 374 50
212 378 81
212 385 11
212 406 54
212 408 18
212 413 17
212 419 99
212 424 9
212 437 16
212 444 57
212 446 17
212 447 74
212 456 24
212 462 50
212 469 13
212 478 68
212 484 98
212 487 33
212 488 89
212 495 91
212 500 20
212 514 65
212 515 66
212 533 12
212 553 96
212 567 18
212 568 13
212 569 97
212 571 54
212 584 66
212 590 68
212 592 43
212 602 100
212 605 76
212 623 50
212 628 69
212 631 25
212 637 47
212 643 72
212 645 80
212 650 78
212 652 75
212 665 70
212 670 7
212 672 25
212 702 23
212 704 13
212 706 46
212 712 87
212 716 9
212 717 58
212 719 74
212 723 60
212 727 57
212 728 65
212 729 22
212 731 82
212 734 15
212 741 18
212 742 91
212 756 4
212 781 49
212 783 3
212 801 59
212 804 61
212 813 67
212 838 93
212 840 18
212 855 17
212 873 88
212 902 91
212 906 66
212 907 13
212 909 32
212 918 30
212 921 49
212 924 64
212 925 31
212 932 41
212 951 53
212 954 50
212 960 68
212 963 1
212 965 93
212 981 59
212 996 32
213 224 74
213 233 53
213 241 43
213 243 74
213 257 49
213 262 89
213 270 22
213 276 19
213 291 84
213 297 92
213 299 93
213 303 90
213 309 3
213 314 36
213 323 87
213 327 2
213 330 77
213 337 86
213 348 28
213 359 12
213 362 90
213 367 15
213 369 2
213 389 90
213 395 14
213 414 84
213 416 41
213 433 6
213 435 36
213 441 39
213 454 29
213 457 87
213 466 94
213 470 13
213 474 14
213 489 57
213 493 70
213 496 29
213 509 2
213 512 34
213 517 30
213 521 70
213 526 77
213 550 77
213 555 71
213 558 100
213 559 93
213 562 27
213 563 89
213 570 15
213 572 38
213 574 15
213 577 70
213 583 78
213 597 83
213 604 62
213 606 81
213 610 39
213 614 37
213 616 59
213 627 23
213 649 21
213 673 93
213 679 42
213 682 61
213 687 50
213 690 35
213 691 54
213 692 41
213 694 59
213 697 85
213 698 35
213 711 26
213 724 90
213 730 59
213 746 20
213 754 10
213 755 21
213 761 55
213 763 13
213 770 50
213 774 96
213 784 75
213 791 67
213 796 42
213 797 79
213 798 18
213 799 76
213 823 21
213 841 8
213 854 24
213 860 88
213 862 42
213 876 75
213 877 74
213 879 31
213 882 80
213 900 83
213 915 94
213 916 86
213 926 9
213 930 52
213 944 99
213 947 6
213 966 54
213 976 11
213 995 47
214 223 18
214 237 33
214 244 49
214 251 56
214 265 100
214 266 65
214 269 89
214 271 33
214 274 27
214 280 39
214 289 54
214 315 90
214 347 15
214 357 69
214 365 98
214 370 39
214 373 29
214 374 70
214 377 55
214 378 3
214 384 34
214 385 99
214 406 20
214 413 12
214 419 5
214 424 23
214 437 91
214 439 49
214 446 56
214 462 51
214 469 71
214 475 54
214 478 86
214 484 74
214 502 14
214 515 84
214 516 39
214 518 83
214 533 55
214 548 9
214 553 86
214 567 29
214 571 96
214 590 48
214 592 75
214 623 71
214 626 82
214 634 54
214 637 99
214 645 95
214 650 65
214 652 29
214 672 5
214 702 24
214 704 90
214 716 53
214 723 36
214 727 11
214 728 25
214 739 19
214 742 22
214 781 56
214 789 68
214 804 53
214 813 67
214 832 77
214 855 58
214 898 75
214 902 18
214 907 67
214 909 59
214 921 9
214 924 43
214 925 82
214 932 67
214 951 85
214 965 9
214 981 70
214 988 42
215 216 15
215 227 65
215 277 49
215 286 93
215 288 28
215 305 68
215 306 15
215 310 24
215 311 16
215 333 27
215 363 91
215 364 83
215 419 89
215 425 54
215 444 4
215 446 74
215 456 59
215 458 7
215 465 48
215 488 48
215 494 67
215 514 69
215 515 84
215 520 5
215 522 89
215 546 33
215 557 75
215 569 63
215 605 99
215 631 28
215 634 23
215 642 43
215 645 65
215 665 12
215 704 30
215 706 10
215 708 70
215 716 80
215 717 86
215 723 10
215 729 36
215 731 31
215 734 33
215 756 73
215 777 59
215 781 92
215 801 47
215 814 12
215 815 47
215 827 27
215 830 11
215 840 75
215 842 1
215 863 71
215 868 83
215 872 44
215 902 24
215 905 56
215 906 63
215 907 52
215 918 73
215 939 70
215 940 1
215 949 90
215 951 92
215 957 34
215 963 74
215 977 22
215 996 20
215 997 39
216 227 69
216 269 95
216 274 89
216 277 42
216 286 27
216 288 14
216 305 78
216 306 73
216 310 24
216 311 24
216 316 8
216 329 38
216 333 96
216 363 11
216 364 52
216 373 15
216 419 18
216 425 56
216 444 97
216 446 81
216 447 28
216 456 93
216 458 26
216 465 96
216 487 81
216 488 42
216 494 65
216 514 75
216 515 84
216 520 74
216 522 92
216 546 14
216 557 79
216 567 63
216 569 76
216 605 41
216 631 79
216 634 81
216 642 86
216 645 25
216 665 70
216 704 72
216 706 92
216 708 73
216 712 47
216 716 77
216 717 10
216 723 66
216 729 86
216 731 22
216 734 31
216 756 33
216 758 60
216 777 14
216 781 81
216 801 7
216 804 68
216 814 62
216 815 7
216 827 83
216 830 16
216 840 25
216 842 57
216 863 30
216 868 65
216 872 24
216 902 19
216 905 24
216 906 22
216 907 56
216 918 29
216 932 21
216 939 25
216 940 87
216 949 75
216 951 49
216 957 3
216 963 57
216 977 40
216 996 40
217 225 56
217 230 49
217 231 60
217 232 97
217 247 15
217 250 59
217 258 30
217 260 85
217 283 69
217 290 78
217 313 50
217 328 54
217 336 14
217 349 75
217 400 94
217 427 47
217 436 10
217 443 60
217 451 90
217 480 67
217 499 67
217 506 33
217 532 24
217 534 72
217 560 15
217 595 53
217 617 16
217 620 80
217 644 38
217 651 29
217 655 83
217 664 14
217 681 92
217 721 78
217 732 55
217 745 67
217 753 2
217 759 56
217 760 66
217 765 55
217 767 45
217 778 2
217 786 68
217 809 42
217 828 52
217 844 43
217 845 69
217 851 95
217 899 62
217 901 66
217 914 86
217 931 94
217 948 22
217 950 68
217 969 86
217 986 26
217 989 81
217 993 53
218 224 94
218 226 10
218 228 6
218 233 33
218 239 94
218 264 44
218 286 76
218 296 83
218 305 71
218 306 7
218 318 20
218 322 15
218 330 23
218 337 97
218 348 77
218 358 34
218 359 77
218 362 56
218 363 46
218 367 34
218 368 81
218 369 87
218 371 65
218 428 55
218 435 79
218 458 79
218 465 45
218 470 16
218 476 9
218 496 97
218 509 97
218 517 71
218 520 69
218 521 18
218 522 33
218 536 24
218 542 87
218 559 10
218 562 71
218 573 32
218 580 15
218 586 55
218 606 9
218 607 45
218 627 67
218 631 56
218 642 26
218 682 72
218 691 87
218 694 42
218 697 39
218 703 22
218 707 21
218 708 75
218 724 41
218 730 74
218 733 97
218 746 17
218 754 42
218 755 5
218 758 43
218 770 91
218 791 4
218 811 82
218 814 55
218 830 17
218 842 14
218 862 94
218 863 74
218 868 25
218 870 40
218 875 19
218 877 29
218 879 98
218 900 40
218 915 66
218 916 39
218 920 49
218 922 94
218 923 1
218 929 36
218 930 64
218 943 73
218 944 2
218 947 98
218 957 79
218 959 9
218 997 93
219 229 13
219 248 65
219 255 65
219 261 68
219 267 27
219 268 100
219 275 82
219 281 58
219 292 81
219 295 84
219 304 50
219 319 57
219 341 28
219 344 94
219 350 20
219 366 34
219 375 37
219 388 68
219 390 74
219 392 23
219 393 86
219 401 54
219 409 86
219 410 36
219 418 97
219 422 82
219 426 9
219 432 9
219 438 61
219 459 59
219 464 49
219 481 92
219 486 12
219 508 40
219 519 91
219 528 63
219 538 13
219 561 34
219 593 58
219 599 57
219 611 2
219 622 65
219 624 59
219 635 34
219 641 56
219 646 88
219 654 58
219 660 81
219 662 47
219 663 62
219 666 53
219 669 46
219 671 50
219 677 37
219 685 25
219 689 49
219 696 59
219 705 47
219 715 9
219 720 70
219 748 42
219 749 49
219 766 67
219 768 77
219 769 87
219 776 27
219 787 58
219 790 76
219 794 91
219 802 65
219 805 61
219 817 92
219 819 37
219 820 19
219 825 74
219 843 68
219 852 61
219 856 41
219 858 9
219 864 64
219 866 8
219 871 30
219 881 4
219 888 9
219 891 29
219 896 14
219 908 18
219 911 78
219 913 70
219 927 63
219 934 11
219 953 6
219 955 73
219 964 57
219 978 65
219 980 42
219 984 97
219 992 63
220 230 28
220 231 92
220 232 70
220 254 94
220 258 28
220 278 15
220 283 77
220 290 30
220 331 43
220 335 6
220 339 68
220 343 6
220 391 41
220 398 26
220 407 46
220 430 52
220 443 93
220 445 82
220 450 97
220 451 61
220 452 9
220 499 56
220 531 89
220 581 20
220 589 63
220 620 62
220 625 11
220 681 60
220 693 16
220 765 86
220 778 26
220 779 83
220 780 30
220 782 37
220 786 24
220 809 61
220 844 29
220 845 61
220 865 73
220 884 32
220 894 74
220 895 52
220 931 65
220 941 88
220 948 57
220 950 14
220 961 35
220 962 2
220 967 82
220 974 65
220 975 8
220 991 43
221 246 23
221 259 72
221 272 58
221 275 66
221 298 67
221 300 51
221 302 16
221 338 35
221 342 71
221 344 10
221 355 16
221 356 31
221 366 53
221 372 1
221 382 91
221 399 85
221 402 69
221 405 45
221 409 91
221 412 18
221 415 62
221 422 64
221 426 75
221 448 3
221 459 51
221 463 18
221 464 41
221 482 83
221 491 95
221 503 67
221 508 33
221 538 68
221 539 80
221 543 88
221 554 53
221 593 5
221 596 39
221 624 88
221 629 27
221 657 2
221 658 89
221 663 31
221 671 84
221 689 77
221 695 42
221 696 13
221 715 49
221 747 50
221 748 91
221 749 87
221 776 67
221 819 50
221 822 92
221 825 62
221 835 77
221 843 33
221 849 69
221 853 16
221 864 13
221 866 78
221 871 42
221 883 84
221 888 46
221 889 57
221 890 13
221 891 65
221 896 51
221 908 71
221 927 90
221 938 56
221 953 89
221 955 87
221 994 56
222 235 40
222 242 41
222 253 97
222 273 75
222 279 41
222 282 100
222 291 35
222 293 20
222 301 61
222 320 1
222 326 79
222 353 18
222 354 18
222 360 94
222 379 61
222 387 66
222 389 76
222 394 49
222 396 46
222 397 69
222 417 47
222 440 44
222 449 89
222 453 89
222 467 4
222 471 18
222 472 76
222 485 77
222 492 80
222 498 62
222 510 63
222 524 60
222 535 20
222 544 51
222 564 96
222 579 4
222 587 13
222 598 26
222 601 73
222 608 32
222 615 9
222 618 9
222 621 32
222 638 53
222 639 96
222 661 74
222 668 60
222 675 71
222 678 2
222 700 76
222 709 16
222 710 17
222 714 40
222 750 62
222 752 49
222 757 37
222 764 58
222 803 96
222 807 61
222 824 11
222 834 87
222 836 27
222 869 89
222 876 39
222 878 67
222 885 26
222 892 71
222 917 42
222 952 56
222 956 67
222 958 83
222 968 83
222 973 32
222 982 86
223 234 3
223 237 99
223 244 16
223 251 77
223 265 48
223 266 30
223 269 2
223 274 44
223 280 26
223 315 50
223 316 94
223 347 94
223 357 14
223 365 32
223 373 27
223 374 15
223 378 98
223 384 32
223 385 30
223 413 21
223 419 51
223 437 89
223 446 37
223 462 85
223 469 17
223 475 25
223 478 3
223 484 12
223 502 2
223 515 30
223 516 76
223 533 100
223 548 3
223 557 64
223 567 93
223 626 85
223 634 6
223 637 57
223 645 39
223 652 51
223 672 64
223 704 56
223 716 20
223 727 91
223 728 26
223 739 31
223 781 52
223 789 81
223 804 98
223 813 13
223 832 63
223 898 48
223 902 6
223 907 24
223 909 26
223 924 8
223 925 99
223 939 70
223 965 93
223 981 19
223 988 94
224 226 8
224 228 85
224 233 85
224 243 27
224 257 16
224 262 52
224 264 17
224 270 15
224 276 23
224 291 88
224 297 51
224 299 29
224 303 12
224 322 41
224 323 56
224 327 97
224 330 85
224 337 59
224 359 66
224 362 94
224 367 76
224 369 73
224 389 68
224 395 92
224 416 63
224 433 66
224 435 14
224 458 95
224 460 35
224 466 48
224 470 32
224 474 26
224 489 62
224 493 94
224 496 52
224 509 90
224 517 78
224 521 19
224 522 90
224 526 36
224 542 31
224 558 51
224 559 13
224 562 69
224 566 94
224 570 2
224 572 2
224 573 58
224 574 63
224 577 56
224 579 89
224 583 99
224 597 46
224 598 81
224 603 42
224 606 30
224 610 24
224 612 41
224 614 10
224 616 16
224 627 87
224 667 32
224 673 87
224 675 64
224 682 95
224 687 4
224 690 86
224 691 42
224 697 19
224 710 24
224 724 82
224 730 31
224 736 39
224 746 15
224 754 20
224 755 7
224 757 81
224 761 55
224 763 65
224 770 99
224 773 80
224 774 96
224 791 14
224 796 6
224 797 58
224 798 94
224 799 60
224 814 2
224 823 60
224 829 84
224 854 3
224 860 53
224 862 30
224 876 58
224 877 48
224 878 33
224 879 52
224 880 3
224 882 82
224 885 20
224 900 27
224 912 99
224 915 5
224 916 58
224 929 77
224 930 5
224 947 86
224 956 34
224 966 48
224 976 1
224 985 66
224 995 71
225 230 49
225 231 81
225 232 52
225 249 22
225 250 56
225 258 96
225 260 91
225 282 25
225 283 88
225 290 53
225 313 34
225 317 21
225 328 96
225 343 62
225 349 17
225 394 72
225 400 63
225 427 86
225 443 99
225 450 46
225 451 85
225 467 82
225 480 99
225 485 58
225 490 41
225 499 72
225 506 74
225 511 97
225 513 25
225 532 56
225 534 28
225 545 40
225 560 3
225 578 70
225 609 5
225 617 88
225 620 20
225 630 45
225 632 91
225 638 39
225 644 81
225 648 61
225 655 50
225 664 7
225 674 70
225 681 93
225 700 72
225 721 73
225 732 90
225 751 26
225 759 46
225 760 39
225 765 3
225 767 62
225 778 41
225 786 97
225 795 98
225 806 99
225 826 3
225 828 93
225 831 37
225 844 33
225 845 29
225 869 64
225 884 97
225 892 97
225 899 57
225 901 72
225 914 14
225 931 74
225 948 31
225 950 60
225 952 84
225 969 68
225 975 81
225 989 60
225 990 82
225 993 98
225 999 72
226 228 5
226 233 89
226 239 25
226 264 61
226 286 57
226 296 48
226 305 18
226 306 94
226 318 29
226 322 16
226 348 61
226 358 74
226 359 97
226 362 79
226 363 87
226 367 16
226 368 98
226 369 63
226 371 8
226 425 76
226 428 1
226 458 8
226 465 83
226 470 38
226 496 31
226 517 52
226 520 63
226 521 4
226 522 4
226 536 58
226 542 7
226 559 55
226 562 83
226 573 33
226 580 22
226 603 47
226 605 39
226 606 10
226 607 59
226 631 20
226 642 36
226 682 21
226 691 27
226 694 56
226 697 79
226 703 47
226 706 76
226 707 34
226 708 14
226 724 79
226 730 87
226 733 6
226 734 33
226 746 52
226 754 73
226 755 45
226 758 46
226 770 100
226 791 12
226 811 34
226 814 66
226 830 93
226 842 28
226 862 22
226 863 85
226 868 42
226 870 96
226 875 64
226 877 20
226 879 40
226 900 33
226 915 94
226 916 96
226 918 15
226 920 32
226 922 51
226 923 92
226 929 7
226 930 95
226 943 34
226 944 75
226 947 69
226 957 69
226 959 32
226 997 13
227 239 37
227 264 27
227 277 64
227 286 27
227 287 51
227 288 24
227 305 29
227 306 82
227 310 38
227 311 98
227 322 34
227 329 12
227 333 11
227 363 3
227 364 18
227 373 82
227 419 37
227 425 43
227 444 96
227 446 73
227 447 68
227 456 77
227 458 13
227 465 39
227 487 77
227 488 21
227 494 95
227 514 89
227 515 16
227 520 65
227 522 32
227 546 8
227 557 94
227 569 64
227 573 27
227 603 63
227 605 45
227 631 8
227 634 90
227 642 82
227 645 7
227 665 97
227 704 13
227 706 81
227 708 29
227 712 91
227 716 75
227 717 91
227 723 80
227 729 41
227 731 51
227 734 35
227 756 72
227 758 44
227 777 56
227 781 99
227 801 78
227 804 17
227 814 60
227 815 66
227 827 100
227 830 4
227 840 83
227 842 11
227 863 71
227 868 22
227 872 51
227 902 68
227 905 89
227 906 50
227 907 70
227 918 68
227 932 58
227 939 66
227 940 44
227 949 57
227 951 58
227 957 24
227 963 17
227 977 40
227 996 54
227 997 50
228 233 68
228 239 85
228 264 81
228 286 97
228 296 74
228 305 89
228 306 18
228 318 8
228 322 83
228 330 30
228 337 94
228 348 20
228 358 54
228 359 44
228 362 37
228 363 62
228 367 26
228 368 44
228 369 83
228 371 37
228 428 43
228 458 9
228 465 27
228 470 57
228 496 20
228 517 73
228 520 39
228 521 42
228 522 62
228 536 8
228 542 49
228 559 86
228 562 29
228 573 40
228 580 5
228 603 91
228 605 75
228 606 66
228 607 32
228 631 99
228 642 69
228 682 37
228 691 70
228 694 100
228 697 77
228 703 49
228 706 62
228 707 24
228 708 49
228 724 9
228 730 83
228 733 99
228 734 11
228 746 35
228 754 21
228 755 20
228 758 23
228 770 95
228 791 50
228 811 55
228 814 84
228 830 64
228 842 75
228 862 15
228 863 56
228 868 9
228 870 49
228 875 57
228 877 77
228 879 42
228 900 33
228 915 58
228 916 22
228 918 49
228 920 90
228 922 75
228 923 50
228 929 55
228 930 24
228 943 78
228 944 85
228 947 86
228 957 11
228 959 23
228 997 93
229 255 100
229 261 68
229 267 72
229 281 51
229 295 53
229 319 16
229 341 62
229 386 76
229 388 40
229 392 16
229 393 76
229 401 44
229 410 5
229 418 51
229 432 61
229 434 61
229 436 6
229 481 43
229 486 84
229 504 36
229 519 78
229 528 2
229 547 5
229 593 62
229 622 31
229 624 47
229 646 9
229 653 100
229 654 47
229 660 15
229 666 45
229 671 21
229 677 87
229 685 53
229 696 23
229 718 29
229 720 42
229 748 53
229 766 69
229 769 22
229 771 77
229 775 43
229 776 63
229 790 37
229 794 21
229 802 97
229 817 12
229 820 58
229 825 2
229 843 75
229 848 49
229 856 35
229 858 54
229 881 32
229 883 72
229 888 59
229 890 94
229 891 71
229 913 54
229 955 12
229 964 2
229 978 78
229 979 23
229 980 41
229 992 67
230 231 61
230 232 21
230 250 98
230 258 75
230 260 59
230 283 31
230 290 37
230 313 4
230 317 49
230 328 7
230 335 42
230 343 2
230 349 51
230 391 13
230 398 10
230 400 46
230 427 87
230 443 52
230 450 63
230 451 67
230 480 46
230 490 4
230 499 82
230 511 82
230 531 73
230 532 95
230 534 60
230 545 76
230 560 15
230 578 86
230 581 63
230 609 86
230 620 52
230 625 33
230 632 78
230 638 10
230 644 36
230 648 56
230 655 34
230 664 12
230 674 73
230 681 49
230 693 22
230 721 5
230 732 40
230 751 32
230 759 51
230 760 81
230 765 79
230 767 76
230 778 93
230 780 27
230 786 25
230 795 97
230 806 64
230 809 93
230 826 47
230 828 46
230 831 76
230 844 49
230 845 59
230 869 59
230 884 12
230 894 36
230 899 79
230 901 52
230 914 18
230 931 5
230 941 1
230 948 16
230 950 100
230 969 30
230 974 9
230 975 10
230 989 54
230 990 48
230 993 5
230 999 94
231 232 7
231 254 8
231 258 31
231 260 16
231 278 48
231 283 72
231 290 33
231 313 93
231 317 49
231 331 74
231 335 31
231 339 42
231 343 26
231 391 87
231 398 56
231 407 28
231 430 83
231 443 57
231 450 7
231 451 37
231 452 12
231 480 3
231 499 86
231 531 73
231 532 92
231 560 99
231 581 77
231 589 85
231 620 91
231 625 75
231 632 17
231 664 11
231 681 64
231 693 25
231 765 6
231 767 7
231 778 53
231 779 63
231 780 55
231 782 70
231 786 42
231 809 67
231 826 53
231 828 86
231 844 51
231 845 20
231 865 25
231 884 39
231 894 69
231 895 87
231 931 86
231 941 67
231 948 9
231 950 13
231 961 39
231 962 93
231 967 19
231 974 47
231 975 38
231 989 50
231 991 73
231 999 90
232 250 18
232 258 4
232 260 11
232 283 50
232 290 81
232 313 17
232 317 46
232 328 30
232 335 40
232 343 55
232 349 87
232 391 73
232 398 58
232 400 28
232 427 7
232 443 6
232 450 45
232 451 6
232 480 5
232 490 59
232 499 39
232 506 15
232 531 3
232 532 59
232 534 58
232 545 13
232 560 14
232 581 23
232 609 45
232 620 67
232 625 21
232 632 24
232 644 17
232 648 93
232 651 9
232 655 21
232 664 75
232 674 44
232 681 78
232 693 93
232 721 39
232 732 86
232 753 34
232 759 91
232 760 97
232 765 99
232 767 75
232 778 10
232 780 83
232 786 93
232 795 16
232 809 82
232 826 43
232 828 10
232 844 31
232 845 60
232 884 82
232 894 4
232 899 57
232 901 26
232 914 1
232 931 85
232 941 71
232 948 39
232 950 39
232 969 34
232 974 61
232 975 34
232 989 99
232 993 5
232 999 24
233 239 29
233 264 92
233 286 14
233 296 92
233 305 46
233 306 66
233 318 11
233 322 13
233 348 64
233 358 84
233 359 32
233 362 57
233 363 70
233 367 15
233 368 68
233 369 27
233 371 92
233 458 14
233 460 5
233 465 87
233 470 18
233 496 68
233 509 17
233 514 80
233 517 40
233 520 49
233 521 77
233 522 84
233 526 23
233 536 53
233 542 82
233 559 7
233 562 28
233 573 80
233 580 57
233 597 9
233 603 80
233 605 32
233 606 24
233 607 77
233 627 56
233 631 25
233 642 100
233 667 78
233 673 81
233 682 81
233 690 28
233 691 8
233 694 15
233 697 16
233 703 88
233 706 58
233 707 17
233 708 97
233 724 66
233 730 59
233 733 85
233 734 40
233 736 50
233 741 14
233 746 12
233 754 25
233 755 71
233 758 91
233 770 12
233 791 67
233 796 93
233 800 76
233 814 72
233 823 53
233 829 40
233 830 40
233 842 38
233 860 2
233 862 57
233 863 41
233 868 29
233 870 98
233 875 21
233 877 9
233 879 75
233 880 76
233 900 28
233 912 30
233 915 66
233 916 49
233 918 51
233 922 37
233 923 34
233 929 69
233 930 100
233 943 70
233 944 35
233 947 50
233 957 98
233 966 4
233 985 91
233 997 11
234 237 59
234 251 33
234 265 71
234 269 58
234 274 46
234 310 13
234 316 68
234 333 31
234 347 96
234 374 22
234 419 63
234 437 81
234 446 27
234 456 39
234 502 82
234 516 50
234 546 59
234 557 22
234 567 9
234 626 84
234 634 92
234 645 51
234 729 97
234 731 91
234 739 85
234 781 54
234 789 91
234 872 62
234 898 41
234 907 30
234 909 57
234 939 13
234 940 28
234 949 67
234 977 37
234 988 6
235 242 6
235 249 99
235 253 68
235 256 91
235 273 76
235 276 17
235 282 43
235 284 94
235 285 70
235 291 60
235 293 97
235 303 76
235 312 48
235 317 98
235 323 56
235 325 83
235 354 44
235 360 96
235 361 92
235 387 24
235 389 43
235 394 39
235 395 16
235 396 77
235 404 3
235 417 35
235 442 46
235 453 19
235 461 68
235 467 10
235 473 33
235 485 7
235 490 4
235 492 20
235 493 79
235 511 3
235 513 67
235 524 19
235 535 85
235 537 85
235 545 89
235 551 7
235 570 40
235 574 79
235 575 59
235 578 84
235 583 63
235 591 44
235 598 1
235 601 2
235 608 17
235 609 97
235 613 41
235 615 67
235 618 37
235 638 55
235 639 42
235 648 41
235 659 61
235 661 86
235 668 78
235 674 25
235 675 69
235 683 81
235 686 30
235 688 5
235 699 72
235 700 41
235 710 45
235 714 5
235 725 76
235 735 90
235 738 63
235 740 73
235 751 30
235 752 79
235 757 73
235 795 17
235 803 78
235 806 38
235 812 98
235 821 12
235 824 71
235 831 6
235 833 83
235 834 38
235 839 75
235 867 60
235 869 61
235 876 93
235 917 14
235 936 40
235 946 31
235 958 76
235 968 12
235 982 18
235 983 53
235 990 75
236 240 6
236 244 69
236 245 5
236 246 17
236 259 36
236 272 64
236 275 70
236 289 37
236 294 23
236 300 22
236 324 54
236 332 8
236 334 67
236 338 71
236 340 73
236 344 18
236 345 67
236 355 84
236 356 47
236 366 35
236 380 7
236 382 87
236 383 80
236 405 52
236 408 83
236 412 83
236 415 25
236 420 34
236 423 95
236 424 88
236 429 61
236 431 43
236 455 79
236 482 68
236 491 92
236 498 86
236 500 52
236 505 5
236 507 37
236 508 30
236 518 86
236 525 25
236 543 53
236 552 71
236 553 31
236 554 30
236 568 57
236 585 58
236 590 46
236 592 41
236 596 49
236 602 54
236 628 18
236 629 11
236 637 41
236 643 72
236 656 16
236 657 69
236 684 31
236 689 36
236 695 89
236 702 5
236 715 92
236 719 29
236 742 51
236 788 30
236 793 86
236 805 6
236 808 64
236 818 66
236 822 79
236 835 13
236 849 7
236 850 1
236 866 18
236 871 28
236 889 4
236 904 55
236 908 87
236 921 1
236 927 88
236 938 30
236 945 64
236 972 52
236 987 57
236 994 60
237 251 16
237 265 49
237 266 5
237 269 100
237 274 50
237 280 82
237 315 20
237 316 2
237 347 11
237 357 37
237 365 56
237 374 91
237 384 87
237 385 94
237 413 33
237 419 100
237 437 67
237 446 98
237 456 70
237 478 10
237 502 16
237 515 97
237 516 64
237 546 15
237 548 44
237 557 19
237 567 96
237 626 18
237 634 46
237 645 2
237 652 69
237 672 72
237 704 38
237 727 27
237 728 54
237 729 7
237 731 28
237 739 65
237 781 90
237 789 41
237 804 34
237 898 5
237 907 61
237 909 93
237 924 57
237 925 47
237 939 56
237 940 56
237 949 93
237 965 11
237 977 41
237 988 2
238 241 60
238 263 73
238 307 66
238 314 95
238 321 77
238 376 58
238 414 2
238 441 3
238 474 87
238 501 96
238 512 11
238 523 67
238 541 70
238 550 41
238 565 88
238 588 82
238 600 26
238 619 58
238 633 24
238 640 68
238 649 20
238 679 4
238 680 80
238 692 98
238 701 11
238 711 84
238 743 29
238 784 4
238 797 57
238 810 7
238 846 21
238 859 48
238 861 71
238 882 87
238 886 34
238 903 27
238 910 79
238 926 94
238 928 3
238 942 26
239 264 51
239 286 67
239 296 32
239 305 94
239 306 86
239 318 20
239 322 87
239 348 19
239 358 87
239 359 55
239 363 79
239 367 76
239 368 38
239 369 18
239 371 5
239 425 45
239 458 67
239 465 53
239 514 56
239 517 47
239 520 32
239 522 30
239 536 37
239 542 66
239 559 34
239 562 56
239 573 97
239 580 82
239 603 66
239 605 33
239 606 87
239 607 76
239 631 71
239 642 23
239 694 98
239 697 31
239 703 72
239 706 22
239 707 38
239 708 42
239 724 19
239 730 6
239 733 30
239 734 96
239 754 31
239 755 65
239 756 88
239 758 33
239 770 24
239 811 79
239 814 91
239 830 26
239 842 2
239 862 38
239 863 87
239 868 37
239 870 92
239 875 91
239 877 76
239 879 9
239 915 9
239 916 83
239 918 60
239 922 28
239 923 36
239 929 56
239 943 50
239 944 16
239 947 83
239 957 29
239 997 44
240 245 15
240 248 33
240 259 13
240 279 90
240 294 69
240 320 52
240 324 19
240 326 52
240 332 24
240 334 75
240 344 5
240 345 49
240 353 94
240 360 18
240 379 74
240 380 42
240 383 75
240 408 44
240 420 28
240 424 73
240 429 39
240 431 66
240 438 76
240 440 77
240 471 60
240 472 16
240 498 59
240 500 39
240 510 78
240 525 61
240 535 69
240 544 75
240 552 14
240 553 96
240 564 77
240 568 82
240 585 68
240 590 69
240 602 7
240 611 68
240 621 21
240 628 67
240 643 19
240 656 89
240 662 51
240 669 66
240 670 46
240 684 35
240 709 47
240 713 24
240 719 65
240 742 64
240 750 88
240 752 48
240 764 61
240 783 91
240 787 62
240 788 29
240 793 46
240 805 38
240 807 59
240 816 1
240 850 9
240 873 72
240 904 75
240 911 17
240 921 74
240 954 16
240 972 17
240 973 15
240 982 66
240 984 10
241 262 20
241 263 30
241 296 76
241 297 46
241 307 22
241 314 30
241 321 77
241 327 49
241 330 44
241 337 48
241 348 38
241 358 8
241 359 9
241 369 89
241 371 37
241 376 43
241 414 29
241 416 69
241 428 79
241 435 62
241 441 53
241 466 84
241 470 78
241 474 52
241 476 85
241 501 51
241 509 82
241 512 36
241 517 35
241 521 38
241 523 68
241 541 67
241 550 2
241 558 12
241 559 90
241 565 37
241 586 11
241 588 1
241 600 33
241 607 77
241 614 60
241 616 79
241 619 51
241 627 62
241 633 4
241 640 84
241 649 68
241 679 18
241 680 28
241 682 72
241 687 11
241 690 37
241 691 97
241 692 14
241 694 35
241 697 56
241 698 54
241 707 74
241 711 88
241 724 16
241 743 5
241 770 70
241 774 92
241 784 89
241 791 81
241 797 40
241 799 73
241 810 39
241 811 48
241 846 28
241 854 85
241 859 82
241 861 26
241 879 83
241 882 59
241 886 24
241 900 87
241 903 59
241 910 74
241 916 75
241 920 77
241 923 79
241 926 36
241 928 38
241 942 16
241 944 39
241 947 60
241 959 45
241 995 25
242 249 41
242 253 68
242 256 75
242 273 37
242 276 57
242 282 90
242 285 25
242 291 85
242 293 13
242 303 22
242 323 68
242 325 72
242 326 4
242 354 5
242 360 64
242 361 16
242 387 29
242 389 29
242 394 2
242 396 85
242 397 27
242 404 25
242 417 59
242 442 67
242 453 39
242 467 89
242 473 78
242 485 14
242 490 17
242 492 91
242 493 93
242 511 18
242 513 29
242 524 76
242 535 14
242 545 99
242 574 79
242 575 60
242 578 47
242 583 3
242 591 41
242 598 67
242 601 30
242 608 20
242 609 41
242 613 71
242 615 29
242 618 69
242 638 2
242 639 99
242 648 58
242 659 76
242 661 16
242 668 71
242 674 41
242 675 60
242 688 49
242 700 31
242 709 34
242 710 85
242 714 50
242 735 46
242 740 9
242 750 73
242 751 69
242 752 55
242 757 55
242 795 64
242 803 56
242 806 61
242 821 4
242 824 61
242 831 59
242 833 12
242 834 66
242 869 92
242 876 59
242 892 49
242 917 30
242 952 64
242 958 24
242 968 45
242 973 38
242 982 54
242 990 4
243 253 77
243 256 4
243 257 2
243 262 82
243 270 55
243 276 14
243 284 7
243 291 25
243 297 36
243 299 51
243 303 54
243 323 52
243 327 97
243 354 99
243 359 66
243 362 38
243 369 52
243 387 71
243 389 3
243 395 22
243 416 9
243 433 36
243 454 60
243 457 88
243 460 90
243 466 44
243 470 48
243 474 6
243 489 74
243 493 98
243 496 20
243 509 46
243 524 40
243 526 33
243 558 52
243 562 74
243 566 16
243 570 56
243 572 76
243 574 2
243 577 37
243 579 50
243 583 13
243 597 17
243 598 55
243 606 17
243 610 19
243 612 31
243 614 31
243 615 84
243 616 64
243 627 85
243 636 68
243 667 30
243 673 33
243 675 46
243 687 19
243 690 45
243 691 17
243 698 83
243 710 30
243 724 70
243 730 100
243 746 4
243 757 16
243 761 61
243 763 45
243 774 40
243 791 7
243 796 11
243 797 45
243 798 58
243 799 56
243 821 79
243 823 19
243 829 2
243 834 44
243 841 80
243 854 59
243 860 53
243 876 22
243 877 35
243 879 25
243 880 92
243 882 25
243 885 8
243 900 57
243 912 1
243 916 16
243 929 42
243 930 25
243 947 14
243 956 24
243 958 21
243 966 66
243 968 47
243 976 47
243 995 22
244 245 71
244 266 1
244 269 78
244 271 83
244 274 38
244 280 71
244 289 30
244 294 76
244 315 69
244 332 44
244 334 2
244 340 25
244 357 16
244 365 37
244 370 76
244 373 76
244 374 42
244 377 12
244 378 77
244 380 46
244 384 27
244 385 90
244 405 9
244 406 11
244 408 71
244 413 55
244 423 57
244 424 61
244 431 36
244 439 26
244 455 16
244 462 85
244 469 25
244 475 59
244 478 99
244 484 35
244 500 54
244 505 99
244 507 33
244 518 7
244 533 6
244 548 25
244 553 1
244 568 94
244 571 11
244 590 37
244 592 29
244 602 73
244 623 88
244 628 100
244 637 90
244 643 16
244 650 30
244 652 41
244 672 5
244 702 7
244 719 27
244 727 26
244 728 41
244 742 40
244 788 63
244 804 87
244 808 64
244 813 68
244 818 50
244 832 68
244 855 12
244 909 18
244 921 97
244 924 43
244 925 3
244 932 7
244 945 76
244 960 51
244 965 70
244 981 5
244 987 88
245 259 63
245 271 46
245 289 48
245 294 21
245 320 28
245 329 65
245 332 77
245 334 6
245 365 21
245 370 35
245 373 82
245 377 99
245 378 79
245 380 62
245 383 58
245 385 26
245 405 7
245 406 39
245 408 65
245 413 19
245 420 84
245 423 95
245 424 83
245 429 69
245 431 17
245 440 39
245 447 83
245 455 77
245 462 76
245 469 16
245 478 85
245 484 56
245 487 45
245 498 26
245 500 95
245 507 78
245 518 36
245 525 81
245 533 90
245 552 28
245 553 38
245 568 47
245 571 23
245 585 69
245 590 24
245 592 76
245 602 55
245 623 64
245 628 65
245 637 52
245 643 32
245 650 10
245 652 15
245 656 93
245 670 65
245 672 80
245 684 89
245 702 96
245 712 60
245 713 69
245 719 26
245 727 49
245 728 58
245 742 5
245 764 1
245 783 92
245 788 96
245 793 37
245 808 29
245 813 97
245 850 86
245 855 54
245 873 96
245 904 19
245 921 99
245 925 74
245 932 51
245 954 18
245 960 60
245 972 33
245 981 35
246 259 22
246 272 67
246 275 50
246 289 78
246 298 17
246 300 91
246 332 11
246 338 100
246 340 70
246 344 34
246 355 40
246 356 38
246 377 22
246 382 24
246 405 51
246 412 79
246 415 86
246 423 98
246 431 13
246 439 6
246 448 89
246 455 65
246 482 27
246 491 45
246 505 90
246 507 15
246 508 36
246 518 78
246 543 32
246 554 54
246 596 91
246 629 56
246 657 83
246 695 48
246 747 18
246 788 83
246 808 46
246 818 65
246 822 70
246 832 5
246 835 23
246 849 95
246 871 87
246 889 72
246 908 64
246 938 35
246 945 44
246 987 98
246 994 2
247 250 33
247 260 65
247 313 37
247 328 46
247 336 27
247 341 5
247 350 53
247 352 99
247 375 44
247 388 66
247 392 41
247 400 36
247 436 88
247 468 89
247 480 40
247 481 45
247 483 79
247 506 82
247 519 15
247 534 23
247 560 72
247 595 34
247 617 98
247 630 46
247 635 84
247 641 1
247 644 38
247 651 85
247 653 79
247 655 60
247 664 87
247 666 92
247 685 55
247 705 47
247 721 65
247 732 36
247 745 36
247 753 59
247 759 49
247 760 78
247 771 21
247 802 96
247 828 15
247 848 33
247 851 90
247 856 17
247 881 51
247 899 98
247 901 10
247 914 25
247 964 97
247 969 84
247 978 45
247 980 4
247 986 82
247 989 23
247 993 70
248 261 28
248 268 28
248 292 82
248 301 60
248 304 60
248 324 90
248 326 33
248 341 73
248 344 24
248 345 81
248 350 100
248 352 42
248 353 68
248 360 84
248 375 27
248 379 98
248 383 24
248 390 44
248 397 9
248 401 41
248 422 7
248 426 37
248 438 40
248 449 45
248 464 2
248 468 58
248 471 15
248 483 65
248 498 91
248 510 77
248 519 69
248 525 22
248 535 13
248 544 9
248 552 4
248 561 62
248 585 69
248 587 71
248 599 81
248 611 9
248 617 28
248 622 39
248 630 75
248 635 12
248 641 67
248 662 6
248 663 20
248 666 34
248 669 80
248 671 90
248 678 20
248 685 42
248 689 48
248 705 61
248 709 30
248 715 18
248 750 42
248 752 68
248 766 99
248 768 14
248 769 72
248 787 81
248 793 39
248 805 18
248 807 88
248 819 12
248 820 73
248 836 88
248 850 64
248 852 66
248 858 49
248 864 13
248 881 55
248 892 36
248 901 55
248 904 47
248 911 88
248 934 34
248 952 96
248 953 51
248 972 3
248 973 37
248 980 28
248 982 46
248 984 55
248 992 89
248 993 56
249 253 59
249 256 68
249 273 55
249 282 47
249 283 16
249 284 27
249 285 89
249 293 97
249 303 22
249 312 45
249 317 21
249 325 59
249 349 97
249 354 51
249 361 23
249 381 75
249 387 76
249 394 71
249 403 76
249 404 80
249 417 55
249 427 46
249 442 51
249 450 15
249 453 50
249 461 93
249 467 41
249 473 95
249 479 38
249 485 17
249 490 18
249 492 67
249 497 76
249 511 16
249 513 55
249 524 21
249 529 75
249 537 54
249 540 38
249 545 18
249 551 7
249 556 33
249 575 66
249 578 75
249 591 28
249 598 86
249 601 6
249 608 67
249 609 63
249 613 31
249 615 97
249 618 48
249 632 1
249 638 13
249 639 51
249 648 58
249 659 51
249 661 20
249 668 91
249 674 83
249 683 2
249 686 55
249 688 57
249 699 62
249 700 65
249 714 11
249 722 93
249 725 87
249 735 72
249 738 57
249 740 62
249 744 85
249 751 76
249 757 59
249 759 75
249 767 66
249 795 79
249 803 41
249 806 9
249 812 35
249 821 76
249 824 38
249 826 94
249 831 37
249 833 25
249 839 53
249 867 63
249 869 88
249 876 35
249 884 64
249 917 23
249 919 20
249 936 1
249 937 55
249 946 57
249 968 56
249 970 25
249 975 23
249 983 19
249 990 23
249 998 7
249 999 87
250 260 71
250 290 59
250 313 86
250 328 96
250 336 89
250 349 75
250 350 99
250 352 44
250 375 6
250 400 4
250 427 49
250 436 1
250 443 66
250 451 91
250 480 41
250 481 47
250 483 52
250 499 83
250 506 78
250 532 19
250 534 48
250 560 1
250 595 84
250 617 73
250 620 30
250 630 9
250 644 100
250 651 92
250 653 35
250 655 27
250 664 69
250 681 76
250 721 61
250 732 69
250 745 44
250 753 11
250 759 34
250 760 84
250 765 18
250 767 7
250 771 43
250 778 45
250 828 41
250 844 56
250 845 15
250 848 41
250 851 7
250 899 82
250 901 76
250 914 77
250 931 26
250 948 73
250 950 4
250 969 70
250 978 46
250 986 89
250 989 88
250 993 98
251 265 55
251 266 18
251 269 54
251 271 74
251 274 81
251 280 15
251 310 62
251 315 1
251 316 61
251 333 69
251 347 60
251 357 38
251 364 39
251 365 91
251 373 19
251 374 73
251 378 64
251 384 28
251 385 57
251 413 55
251 419 44
251 437 14
251 446 27
251 456 52
251 462 12
251 478 4
251 484 93
251 502 78
251 515 41
251 516 84
251 546 40
251 548 3
251 557 80
251 567 94
251 626 36
251 634 36
251 645 6
251 652 42
251 665 55
251 672 1
251 704 4
251 716 25
251 717 84
251 723 14
251 727 86
251 728 30
251 729 77
251 731 13
251 739 95
251 781 50
251 789 61
251 801 46
251 804 77
251 813 53
251 872 90
251 898 98
251 902 9
251 905 2
251 907 61
251 909 57
251 924 17
251 925 17
251 932 69
251 939 90
251 940 67
251 949 82
251 951 76
251 965 43
251 977 47
251 988 60
251 996 10
252 256 46
252 284 35
252 285 62
252 303 93
252 308 43
252 309 12
252 312 92
252 325 6
252 327 73
252 346 58
252 351 27
252 381 8
252 395 50
252 404 88
252 414 42
252 416 91
252 454 85
252 457 31
252 461 86
252 477 97
252 489 64
252 497 79
252 530 75
252 541 60
252 551 73
252 555 11
252 563 57
252 570 11
252 572 30
252 574 67
252 577 74
252 582 7
252 591 65
252 594 32
252 604 10
252 610 41
252 616 70
252 633 47
252 636 53
252 676 73
252 688 19
252 698 94
252 699 79
252 701 54
252 711 92
252 726 14
252 762 6
252 763 44
252 772 15
252 784 44
252 785 70
252 792 3
252 799 20
252 821 34
252 837 48
252 839 50
252 841 33
252 857 40
252 861 96
252 867 27
252 874 58
252 887 24
252 897 20
252 926 60
252 933 30
252 935 97
252 936 87
252 937 52
252 970 100
252 976 35
252 998 4
253 256 12
253 257 46
253 270 35
253 273 83
253 276 1
253 284 2
253 285 76
253 291 42
253 293 47
253 299 42
253 303 43
253 312 9
253 323 31
253 325 60
253 354 62
253 360 39
253 361 57
253 387 44
253 389 99
253 395 59
253 396 100
253 404 49
253 417 74
253 433 86
253 442 60
253 453 28
253 461 91
253 467 43
253 473 88
253 489 17
253 492 3
253 493 20
253 513 96
253 524 92
253 526 10
253 535 92
253 570 47
253 574 90
253 577 28
253 579 43
253 583 48
253 591 52
253 597 5
253 598 18
253 601 20
253 608 27
253 610 21
253 613 76
253 615 75
253 618 6
253 636 96
253 639 98
253 659 85
253 661 32
253 668 54
253 673 20
253 675 11
253 688 89
253 700 84
253 710 31
253 714 86
253 740 73
253 752 84
253 757 68
253 761 49
253 763 10
253 796 91
253 798 19
253 803 80
253 821 42
253 823 97
253 824 14
253 833 61
253 834 83
253 839 81
253 867 29
253 876 62
253 885 83
253 912 66
253 917 100
253 936 74
253 956 98
253 958 57
253 966 34
253 968 60
253 973 74
253 976 88
253 982 4
254 258 83
254 278 35
254 290 58
254 331 47
254 335 8
254 339 93
254 343 68
254 391 56
254 398 96
254 407 22
254 430 98
254 450 50
254 451 13
254 499 37
254 531 48
254 581 15
254 589 55
254 625 43
254 693 55
254 778 28
254 779 25
254 780 32
254 782 92
254 786 13
254 809 82
254 865 65
254 894 1
254 895 72
254 941 31
254 961 86
254 962 95
254 967 81
254 974 15
254 991 89
255 267 22
255 281 80
255 295 52
255 302 38
255 319 93
255 342 55
255 386 35
255 388 49
255 393 67
255 399 43
255 410 37
255 411 68
255 418 88
255 432 57
255 434 44
255 486 94
255 504 24
255 519 46
255 528 81
255 538 33
255 547 33
255 593 90
255 622 85
255 624 89
255 646 93
255 654 87
255 660 19
255 671 63
255 677 88
255 696 41
255 718 81
255 720 14
255 737 63
255 748 78
255 775 3
255 776 50
255 790 18
255 794 54
255 802 60
255 817 82
255 820 73
255 843 99
255 853 74
255 856 64
255 883 5
255 888 2
255 890 58
255 891 41
255 893 23
255 896 50
255 913 43
255 955 60
255 979 89
255 992 76
256 257 63
256 273 7
256 276 49
256 284 27
256 285 72
256 291 57
256 293 81
256 303 40
256 309 13
256 312 55
256 323 9
256 325 87
256 351 22
256 354 41
256 361 69
256 381 48
256 387 83
256 389 10
256 395 15
256 404 58
256 417 36
256 433 47
256 442 67
256 453 7
256 461 45
256 467 97
256 473 69
256 489 29
256 492 40
256 493 33
256 497 42
256 511 31
256 513 60
256 524 42
256 529 36
256 537 58
256 551 53
256 570 56
256 574 34
256 575 33
256 577 81
256 578 24
256 583 55
256 591 4
256 598 1
256 601 46
256 608 23
256 610 13
256 613 57
256 615 39
256 618 100
256 636 59
256 639 81
256 659 61
256 661 44
256 668 3
256 675 22
256 676 37
256 683 65
256 686 49
256 688 13
256 699 95
256 700 63
256 714 43
256 725 63
256 726 96
256 735 7
256 738 58
256 740 1
256 751 99
256 757 39
256 762 31
256 763 41
256 785 31
256 792 44
256 795 25
256 803 37
256 806 26
256 812 38
256 821 3
256 824 57
256 831 3
256 833 24
256 837 8
256 839 83
256 867 86
256 874 19
256 876 80
256 887 53
256 917 92
256 933 75
256 936 14
256 937 43
256 946 41
256 968 93
256 970 87
256 976 2
256 983 29
256 990 17
256 998 86
257 262 1
257 270 67
257 276 68
257 284 28
257 285 91
257 291 89
257 297 1
257 299 64
257 303 69
257 309 74
257 323 81
257 327 68
257 354 64
257 359 36
257 362 6
257 369 61
257 387 20
257 389 63
257 395 9
257 416 12
257 433 66
257 453 70
257 454 82
257 457 54
257 460 52
257 461 51
257 466 37
257 470 20
257 489 86
257 493 25
257 496 25
257 509 13
257 524 31
257 526 39
257 558 87
257 562 30
257 566 60
257 570 45
257 572 21
257 574 61
257 577 56
257 579 76
257 583 59
257 591 76
257 597 45
257 598 41
257 606 78
257 610 84
257 612 91
257 614 69
257 615 45
257 616 7
257 618 13
257 627 70
257 636 10
257 639 89
257 661 44
257 667 31
257 668 11
257 673 96
257 675 63
257 687 49
257 688 16
257 690 72
257 691 70
257 698 78
257 710 22
257 730 93
257 746 74
257 757 80
257 761 55
257 763 76
257 774 58
257 791 74
257 796 83
257 798 75
257 799 50
257 821 7
257 823 85
257 829 65
257 834 77
257 841 56
257 854 37
257 860 65
257 876 73
257 877 21
257 879 85
257 880 72
257 882 46
257 885 29
257 900 4
257 912 35
257 916 78
257 930 44
257 947 78
257 956 40
257 958 34
257 966 34
257 968 19
257 976 37
257 995 51
258 260 24
258 278 87
258 283 63
258 290 91
258 313 48
258 317 27
258 331 50
258 335 98
258 339 46
258 343 56
258 391 19
258 398 33
258 407 61
258 430 55
258 443 74
258 450 17
258 451 12
258 480 54
258 499 96
258 531 71
258 532 13
258 560 56
258 581 91
258 589 15
258 620 31
258 625 75
258 632 57
258 664 97
258 681 24
258 693 99
258 765 97
258 767 38
258 778 59
258 779 26
258 780 96
258 782 62
258 786 78
258 809 76
258 826 61
258 828 43
258 844 35
258 845 5
258 865 30
258 884 41
258 894 79
258 895 65
258 931 43
258 941 61
258 948 24
258 950 56
258 962 79
258 967 94
258 974 23
258 975 87
258 989 34
258 991 28
258 999 27
259 272 60
259 275 8
259 289 11
259 294 95
259 300 67
259 324 53
259 332 60
259 334 50
259 338 61
259 340 2
259 344 49
259 345 85
259 355 66
259 356 87
259 366 78
259 372 85
259 380 32
259 382 16
259 383 90
259 405 100
259 408 96
259 409 31
259 412 22
259 415 40
259 420 67
259 422 41
259 423 18
259 426 75
259 431 96
259 455 41
259 464 49
259 482 87
259 491 63
259 500 46
259 505 53
259 507 33
259 508 33
259 518 51
259 525 58
259 543 75
259 552 32
259 553 19
259 554 98
259 568 26
259 585 21
259 590 60
259 592 89
259 596 53
259 602 40
259 611 16
259 629 94
259 643 60
259 656 62
259 657 73
259 662 62
259 663 56
259 684 76
259 689 90
259 695 25
259 715 35
259 719 86
259 742 82
259 747 58
259 788 3
259 793 51
259 805 37
259 808 60
259 818 6
259 819 98
259 822 59
259 835 90
259 849 27
259 850 8
259 864 22
259 866 73
259 871 1
259 889 39
259 904 56
259 908 49
259 911 50
259 927 100
259 938 9
259 945 50
259 953 12
259 972 95
259 987 36
259 994 100
260 283 22
260 290 48
260 313 43
260 328 37
260 336 32
260 343 28
260 349 17
260 400 42
260 427 74
260 443 58
260 450 80
260 451 90
260 480 61
260 490 56
260 499 89
260 506 45
260 532 4
260 534 38
260 560 66
260 595 24
260 609 53
260 617 9
260 620 73
260 638 85
260 644 64
260 648 7
260 651 37
260 655 19
260 664 78
260 674 47
260 681 3
260 721 84
260 732 36
260 745 78
260 753 42
260 759 12
260 760 23
260 765 54
260 767 82
260 778 42
260 786 27
260 809 9
260 826 24
260 828 28
260 844 37
260 845 87
260 851 89
260 884 90
260 899 51
260 901 39
260 914 30
260 931 9
260 948 1
260 950 20
260 969 8
260 974 74
260 975 91
260 989 82
260 993 13
261 267 56
261 268 45
261 275 96
261 281 22
261 292 87
261 295 86
261 304 76
261 319 41
261 324 51
261 341 85
261 344 18
261 345 1
261 350 54
261 356 77
261 366 39
261 372 99
261 388 60
261 390 11
261 392 16
261 401 26
261 409 98
261 410 30
261 418 75
261 422 72
261 426 65
261 432 1
261 438 35
261 459 9
261 464 46
261 486 27
261 503 66
261 508 51
261 510 90
261 519 53
261 525 49
261 528 39
261 538 38
261 561 95
261 593 70
261 599 70
261 611 99
261 622 66
261 624 11
261 635 77
261 641 95
261 654 80
261 660 74
261 662 50
261 663 34
261 666 11
261 669 24
261 671 60
261 685 67
261 689 44
261 695 14
261 705 67
261 715 100
261 720 73
261 748 86
261 749 86
261 766 19
261 768 45
261 769 30
261 776 14
261 787 83
261 790 83
261 794 57
261 802 44
261 805 85
261 819 18
261 820 92
261 822 19
261 825 59
261 843 46
261 852 80
261 856 45
261 858 71
261 864 100
261 866 94
261 871 66
261 881 7
261 888 55
261 889 20
261 891 3
261 896 96
261 908 26
261 911 56
261 913 73
261 927 8
261 934 43
261 953 39
261 955 70
261 972 69
261 978 80
261 980 51
261 984 73
261 992 3
262 263 57
262 270 79
262 276 89
262 297 36
262 299 42
262 307 88
262 309 54
262 314 84
262 323 24
262 327 36
262 330 86
262 337 46
262 348 50
262 359 3
262 362 93
262 369 39
262 395 60
262 414 41
262 416 91
262 428 6
262 433 89
262 435 67
262 441 26
262 454 33
262 457 62
262 466 87
262 470 23
262 474 8
262 489 2
262 493 73
262 501 97
262 509 82
262 512 1
262 517 71
262 521 52
262 523 10
262 541 56
262 550 21
262 555 78
262 558 48
262 559 55
262 562 98
262 563 75
262 570 5
262 572 39
262 577 19
262 588 92
262 597 35
262 600 77
262 604 30
262 606 84
262 610 2
262 614 96
262 616 7
262 619 71
262 627 89
262 633 48
262 649 57
262 673 91
262 679 57
262 682 27
262 687 14
262 690 38
262 691 82
262 692 7
262 694 83
262 697 26
262 698 70
262 701 9
262 711 11
262 724 20
262 743 72
262 761 96
262 763 1
262 770 89
262 774 34
262 784 6
262 785 22
262 791 71
262 797 36
262 799 39
262 811 28
262 841 100
262 846 66
262 854 79
262 857 47
262 859 73
262 860 51
262 861 55
262 877 14
262 879 51
262 882 58
262 900 65
262 910 57
262 916 14
262 926 72
262 928 22
262 930 7
262 942 24
262 944 1
262 947 93
262 959 90
262 976 81
262 995 100
263 297 39
263 307 56
263 314 64
263 321 10
263 327 13
263 330 79
263 337 38
263 376 62
263 414 57
263 416 16
263 435 79
263 441 42
263 454 40
263 457 44
263 466 85
263 474 61
263 501 18
263 509 10
263 512 78
263 521 23
263 523 75
263 541 91
263 550 27
263 563 47
263 565 69
263 588 39
263 600 87
263 604 91
263 614 29
263 616 88
263 619 73
263 627 50
263 633 27
263 640 3
263 649 50
263 679 35
263 680 7
263 682 23
263 687 36
263 692 55
263 698 51
263 701 19
263 711 97
263 743 19
263 774 83
263 784 84
263 797 32
263 799 14
263 810 70
263 846 94
263 854 55
263 857 60
263 859 82
263 861 20
263 882 22
263 886 45
263 903 89
263 910 88
263 926 79
263 928 53
263 942 97
263 995 86
264 279 10
264 286 47
264 287 9
264 288 21
264 305 91
264 306 96
264 311 42
264 322 63
264 329 72
264 359 29
264 362 40
264 363 71
264 367 14
264 369 48
264 425 68
264 444 88
264 447 42
264 458 33
264 460 92
264 470 90
264 472 72
264 487 16
264 488 66
264 495 90
264 496 50
264 514 8
264 517 14
264 522 47
264 526 39
264 562 60
264 566 91
264 569 30
264 573 5
264 579 27
264 584 63
264 603 12
264 605 35
264 606 3
264 612 11
264 631 35
264 642 59
264 667 53
264 670 47
264 673 64
264 706 19
264 712 5
264 717 12
264 730 70
264 734 3
264 736 19
264 741 79
264 746 20
264 754 8
264 755 77
264 756 23
264 758 65
264 770 18
264 773 24
264 783 61
264 796 55
264 798 98
264 800 49
264 801 44
264 814 70
264 816 4
264 823 47
264 829 85
264 830 63
264 838 100
264 840 13
264 842 43
264 847 62
264 862 73
264 863 79
264 868 47
264 873 27
264 877 77
264 878 31
264 880 8
264 885 89
264 906 10
264 912 85
264 915 74
264 918 31
264 929 64
264 930 44
264 947 85
264 954 38
264 956 14
264 957 65
264 963 90
264 966 99
264 985 66
264 996 69
264 997 98
265 266 57
265 269 11
265 274 82
265 280 21
265 315 14
265 316 37
265 347 8
265 365 57
265 374 75
265 384 11
265 413 76
265 437 16
265 446 22
265 502 82
265 515 51
265 516 41
265 546 87
265 548 75
265 557 48
265 567 8
265 626 83
265 634 80
265 645 23
265 652 19
265 672 71
265 739 53
265 781 21
265 789 100
265 898 82
265 907 90
265 909 82
265 924 67
265 939 5
265 965 90
265 988 57
266 269 29
266 271 59
266 274 71
266 280 15
266 288 13
266 289 30
266 311 30
266 315 90
266 316 52
266 347 17
266 357 65
266 365 10
266 370 70
266 373 48
266 374 53
266 377 39
266 378 53
266 384 16
266 385 23
266 406 93
266 413 52
266 419 34
266 424 30
266 437 20
266 439 28
266 446 60
266 447 54
266 456 82
266 462 86
266 469 29
266 475 69
266 478 76
266 484 50
266 487 16
266 502 59
266 515 34
266 516 17
266 518 17
266 533 87
266 548 45
266 553 45
266 567 83
266 571 60
266 590 62
266 592 39
266 623 3
266 626 39
266 634 52
266 637 87
266 645 6
266 650 35
266 652 66
266 672 12
266 702 52
266 704 6
266 712 1
266 716 17
266 717 47
266 723 45
266 727 6
266 728 11
266 729 7
266 731 75
266 739 80
266 742 23
266 781 99
266 789 51
266 801 10
266 804 16
266 813 14
266 832 6
266 855 94
266 898 93
266 902 7
266 907 91
266 909 50
266 921 63
266 924 27
266 925 15
266 932 41
266 951 67
266 960 78
266 965 75
266 981 65
266 988 14
266 996 61
267 281 90
267 292 16
267 295 71
267 319 76
267 341 78
267 388 71
267 392 92
267 393 61
267 401 53
267 410 42
267 418 11
267 432 16
267 436 9
267 481 97
267 486 73
267 504 26
267 519 39
267 528 78
267 622 10
267 624 25
267 646 6
267 653 66
267 654 8
267 660 71
267 666 53
267 671 100
267 677 15
267 685 55
267 720 32
267 748 16
267 766 67
267 769 89
267 771 97
267 775 40
267 790 68
267 794 88
267 802 69
267 817 79
267 820 32
267 848 68
267 856 41
267 858 79
267 881 38
267 888 49
267 891 23
267 913 43
267 964 70
267 978 96
267 980 6
267 986 57
267 992 68
268 275 88
268 281 20
268 292 97
268 301 61
268 304 95
268 324 26
268 341 2
268 344 4
268 345 30
268 350 77
268 352 70
268 353 42
268 366 34
268 375 70
268 379 83
268 383 75
268 388 56
268 390 64
268 392 77
268 397 31
268 401 56
268 409 63
268 410 35
268 418 15
268 422 41
268 426 38
268 432 44
268 438 58
268 449 21
268 464 70
268 468 91
268 471 89
268 483 92
268 508 74
268 510 48
268 519 84
268 525 22
268 528 70
268 544 61
268 561 63
268 587 45
268 593 2
268 599 66
268 611 58
268 622 100
268 630 18
268 635 23
268 641 29
268 654 20
268 660 86
268 662 74
268 663 14
268 666 61
268 669 54
268 671 9
268 678 15
268 685 64
268 689 42
268 705 24
268 715 15
268 748 42
268 749 78
268 766 56
268 768 37
268 769 91
268 787 69
268 790 89
268 802 22
268 805 35
268 819 67
268 820 92
268 825 94
268 836 58
268 843 26
268 852 81
268 856 70
268 858 28
268 864 66
268 866 59
268 871 69
268 881 25
268 888 54
268 889 29
268 908 83
268 911 82
268 927 68
268 934 74
268 953 81
268 972 87
268 978 64
268 980 84
268 984 25
268 992 36
269 271 72
269 274 51
269 280 49
269 288 47
269 310 78
269 311 1
269 315 41
269 316 85
269 333 99
269 347 39
269 357 4
269 364 23
269 365 19
269 370 93
269 373 81
269 374 72
269 378 54
269 384 56
269 385 10
269 406 34
269 413 91
269 419 59
269 437 79
269 446 37
269 447 49
269 456 27
269 462 10
269 469 39
269 478 2
269 484 3
269 487 50
269 494 37
269 502 32
269 515 91
269 516 28
269 546 38
269 548 32
269 557 50
269 567 23
269 569 63
269 623 16
269 626 21
269 634 86
269 645 86
269 652 91
269 665 95
269 672 15
269 704 51
269 712 20
269 716 96
269 717 12
269 723 68
269 727 90
269 728 34
269 729 80
269 731 46
269 739 42
269 781 23
269 789 20
269 801 16
269 804 62
269 813 26
269 872 45
269 898 63
269 902 5
269 905 15
269 906 17
269 907 30
269 909 7
269 924 12
269 925 33
269 932 11
269 939 6
269 940 35
269 949 52
269 951 68
269 963 82
269 965 74
269 977 63
269 981 70
269 988 64
269 996 76
270 276 70
270 284 93
270 291 40
270 297 89
270 299 75
270 303 87
270 309 57
270 314 35
270 323 86
270 327 7
270 330 74
270 337 43
270 351 44
270 359 6
270 362 94
270 369 46
270 389 48
270 395 71
270 414 30
270 416 20
270 433 22
270 435 85
270 441 97
270 454 72
270 457 5
270 466 80
270 470 16
270 474 77
270 489 89
270 493 98
270 496 93
270 509 27
270 512 76
270 517 45
270 521 8
270 526 57
270 541 71
270 550 59
270 555 55
270 558 63
270 559 28
270 562 81
270 563 26
270 570 80
270 572 11
270 574 9
270 577 2
270 583 26
270 597 75
270 598 94
270 604 99
270 606 91
270 610 66
270 614 42
270 616 32
270 627 93
270 636 55
270 649 49
270 673 29
270 675 37
270 676 8
270 682 1
270 687 23
270 690 82
270 691 2
270 697 99
270 698 90
270 711 72
270 724 54
270 730 70
270 746 97
270 757 27
270 761 42
270 763 89
270 770 79
270 774 15
270 784 70
270 785 56
270 791 34
270 796 85
270 797 9
270 798 17
270 799 90
270 821 59
270 823 98
270 841 12
270 854 60
270 860 87
270 861 35
270 876 48
270 877 92
270 879 83
270 882 42
270 900 54
270 916 99
270 926 18
270 930 1
270 947 12
270 966 96
270 976 22
270 995 2
271 274 83
271 280 57
271 287 96
271 288 25
271 289 5
271 294 59
271 311 88
271 329 44
271 334 85
271 357 78
271 364 69
271 365 65
271 370 87
271 373 98
271 374 94
271 378 91
271 380 6
271 384 54
271 385 2
271 406 22
271 408 86
271 413 59
271 419 83
271 424 91
271 431 17
271 437 33
271 444 68
271 446 61
271 447 71
271 456 37
271 462 94
271 469 77
271 478 41
271 484 59
271 487 34
271 488 46
271 495 20
271 500 81
271 514 93
271 515 87
271 518 30
271 533 7
271 553 30
271 567 85
271 568 17
271 569 78
271 571 56
271 584 99
271 590 17
271 592 36
271 602 71
271 623 1
271 628 76
271 637 93
271 643 93
271 645 5
271 650 27
271 652 28
271 665 60
271 670 23
271 672 44
271 702 6
271 704 57
271 712 59
271 713 76
271 716 47
271 717 38
271 719 20
271 723 12
271 727 50
271 728 24
271 729 97
271 742 95
271 783 46
271 801 41
271 804 18
271 813 84
271 838 24
271 840 35
271 855 79
271 873 38
271 902 10
271 906 26
271 907 14
271 909 67
271 921 56
271 924 70
271 925 11
271 932 84
271 951 16
271 954 77
271 960 3
271 963 58
271 965 11
271 981 32
271 996 26
272 275 78
272 298 50
272 300 51
272 332 35
272 338 66
272 340 80
272 342 65
272 344 29
272 355 43
272 356 36
272 366 38
272 372 32
272 382 53
272 383 44
272 399 25
272 402 85
272 405 84
272 409 48
272 412 90
272 415 83
272 422 75
272 423 99
272 426 25
272 448 56
272 455 11
272 459 45
272 463 74
272 464 62
272 482 90
272 491 54
272 503 8
272 505 77
272 508 88
272 538 82
272 539 23
272 543 26
272 554 57
272 593 91
272 596 16
272 629 34
272 657 54
272 658 10
272 663 49
272 684 79
272 689 29
272 695 89
272 715 42
272 747 45
272 749 79
272 788 61
272 808 85
272 818 36
272 819 24
272 822 43
272 825 16
272 835 19
272 843 28
272 849 77
272 864 54
272 866 8
272 871 80
272 889 30
272 896 58
272 904 87
272 908 87
272 927 49
272 938 15
272 945 49
272 953 55
272 972 59
272 994 10
273 282 3
273 293 17
273 301 68
273 326 72
273 353 35
273 354 31
273 360 70
273 379 8
273 387 78
273 389 95
273 394 18
273 396 9
273 397 87
273 417 15
273 442 23
273 449 79
273 453 4
273 467 52
273 468 94
273 471 5
273 473 70
273 485 71
273 490 66
273 492 37
273 510 16
273 511 92
273 513 43
273 524 35
273 535 3
273 564 4
273 578 60
273 587 55
273 598 56
273 601 53
273 608 6
273 609 25
273 613 5
273 615 1
273 618 52
273 621 99
273 630 30
273 638 10
273 639 85
273 648 31
273 661 11
273 668 33
273 674 32
273 675 89
273 678 46
273 700 20
273 709 48
273 710 4
273 714 59
273 750 46
273 752 38
273 757 76
273 803 54
273 806 91
273 824 98
273 831 5
273 833 51
273 834 22
273 836 14
273 869 88
273 876 11
273 892 93
273 914 49
273 917 87
273 952 24
273 958 54
273 968 5
273 973 46
273 982 75
273 990 52
274 280 39
274 288 84
274 310 94
274 311 62
274 315 8
274 316 58
274 329 91
274 333 8
274 347 43
274 357 23
274 364 59
274 365 99
274 370 12
274 373 91
274 374 43
274 378 91
274 384 59
274 385 26
274 406 50
274 413 16
274 419 26
274 437 24
274 444 34
274 446 3
274 447 26
274 456 35
274 462 96
274 469 54
274 478 43
274 484 96
274 487 29
274 494 49
274 502 10
274 515 80
274 516 32
274 533 4
274 546 89
274 548 39
274 557 9
274 567 4
274 569 78
274 571 45
274 623 74
274 626 13
274 634 34
274 637 6
274 645 81
274 650 86
274 652 78
274 665 100
274 672 53
274 702 24
274 704 79
274 712 44
274 716 19
274 717 69
274 723 49
274 727 18
274 728 79
274 729 43
274 731 29
274 739 33
274 756 50
274 781 79
274 789 40
274 801 48
274 804 18
274 813 54
274 855 24
274 872 13
274 898 3
274 902 46
274 905 6
274 906 43
274 907 52
274 909 28
274 924 16
274 925 82
274 932 58
274 939 2
274 940 100
274 949 2
274 951 70
274 960 8
274 963 63
274 965 59
274 977 53
274 981 47
274 988 12
274 996 37
275 281 61
275 298 61
275 300 23
275 304 5
275 324 24
275 332 31
275 338 76
275 342 81
275 344 97
275 345 52
275 355 5
275 356 58
275 366 50
275 372 13
275 382 22
275 383 92
275 399 3
275 401 42
275 402 82
275 405 17
275 409 70
275 412 82
275 415 60
275 422 30
275 426 47
275 448 77
275 459 54
275 463 23
275 464 88
275 482 85
275 491 45
275 503 55
275 508 63
275 525 74
275 538 51
275 539 15
275 543 18
275 552 12
275 554 33
275 593 16
275 596 22
275 611 31
275 622 5
275 629 63
275 657 96
275 658 21
275 662 91
275 663 87
275 669 27
275 671 56
275 689 38
275 695 93
275 715 72
275 747 27
275 748 61
275 749 9
275 768 70
275 776 80
275 805 74
275 819 52
275 820 86
275 822 42
275 825 50
275 835 30
275 843 68
275 849 51
275 858 49
275 864 22
275 866 87
275 871 36
275 888 25
275 889 45
275 891 45
275 896 84
275 904 5
275 908 45
275 911 76
275 927 50
275 938 99
275 953 82
275 955 90
275 972 37
275 984 31
275 992 53
275 994 80
276 284 25
276 285 79
276 291 53
276 297 89
276 299 12
276 303 10
276 323 74
276 325 92
276 327 20
276 354 67
276 359 3
276 362 38
276 369 34
276 387 54
276 389 9
276 395 71
276 396 89
276 416 10
276 417 43
276 433 9
276 453 1
276 457 91
276 460 27
276 461 34
276 466 23
276 470 56
276 489 80
276 493 84
276 496 34
276 524 23
276 526 3
276 558 27
276 562 17
276 566 37
276 570 7
276 572 17
276 574 24
276 577 48
276 579 27
276 583 77
276 591 71
276 597 16
276 598 96
276 606 1
276 610 75
276 612 47
276 614 27
276 615 68
276 616 18
276 618 1
276 627 36
276 636 39
276 639 34
276 661 38
276 667 79
276 668 64
276 673 67
276 675 43
276 687 87
276 688 82
276 690 15
276 691 2
276 698 40
276 710 65
276 730 85
276 746 9
276 757 40
276 761 42
276 763 81
276 791 11
276 796 12
276 798 7
276 799 90
276 821 89
276 823 91
276 829 62
276 834 44
276 841 14
276 854 35
276 860 6
276 876 71
276 877 7
276 879 40
276 880 42
276 885 44
276 900 93
276 912 45
276 916 90
276 930 100
276 947 34
276 956 75
276 958 78
276 966 90
276 968 39
276 976 51
276 995 1
277 286 31
277 288 93
277 305 27
277 310 3
277 311 71
277 316 23
277 333 20
277 363 13
277 364 1
277 419 8
277 425 70
277 446 65
277 456 83
277 465 37
277 488 59
277 494 84
277 514 27
277 515 96
277 520 85
277 546 17
277 557 42
277 569 33
277 605 31
277 634 3
277 642 22
277 645 68
277 665 98
277 704 99
277 708 95
277 716 25
277 717 11
277 723 57
277 729 48
277 731 82
277 734 16
277 756 69
277 777 58
277 781 43
277 801 25
277 815 46
277 827 25
277 842 2
277 868 21
277 872 69
277 902 99
277 905 98
277 906 87
277 907 95
277 918 86
277 939 48
277 940 40
277 949 74
277 951 80
277 957 5
277 963 85
277 977 65
277 996 73
278 283 72
278 290 82
278 317 23
278 331 67
278 335 50
278 339 12
278 343 28
278 391 95
278 403 45
278 407 78
278 421 67
278 430 47
278 445 7
278 450 50
278 452 94
278 479 56
278 497 3
278 499 2
278 527 36
278 529 79
278 531 90
278 537 28
278 540 80
278 545 61
278 549 69
278 556 63
278 575 67
278 576 80
278 581 79
278 589 20
278 625 91
278 632 94
278 647 40
278 681 40
278 683 80
278 686 47
278 693 22
278 722 49
278 725 67
278 735 81
278 738 82
278 744 53
278 751 3
278 779 41
278 780 30
278 782 40
278 786 41
278 795 83
278 809 78
278 812 9
278 826 12
278 865 22
278 884 70
278 894 27
278 895 8
278 919 18
278 931 57
278 941 27
278 946 73
278 961 100
278 962 4
278 967 100
278 970 39
278 971 36
278 974 38
278 975 62
278 983 39
278 999 71
279 287 32
279 294 34
279 306 93
279 311 48
279 320 2
279 326 64
279 329 8
279 334 6
279 360 2
279 380 86
279 389 27
279 396 41
279 406 51
279 420 34
279 424 33
279 429 63
279 440 97
279 444 9
279 447 18
279 460 14
279 472 25
279 487 92
279 488 31
279 495 90
279 496 48
279 498 4
279 526 85
279 535 46
279 564 45
279 566 49
279 568 94
279 571 76
279 579 37
279 584 38
279 585 93
279 602 59
279 603 30
279 612 47
279 621 73
279 628 62
279 631 94
279 643 94
279 650 67
279 656 49
279 667 35
279 670 60
279 706 14
279 710 51
279 712 98
279 713 38
279 730 50
279 736 45
279 741 37
279 742 33
279 750 67
279 752 47
279 758 87
279 764 20
279 773 12
279 783 20
279 793 18
279 798 75
279 800 64
279 807 49
279 816 14
279 823 38
279 829 69
279 830 36
279 834 49
279 838 66
279 840 78
279 847 9
279 855 100
279 873 18
279 878 67
279 880 19
279 885 77
279 912 58
279 921 43
279 929 90
279 954 96
279 956 71
279 958 52
279 960 99
279 966 29
279 973 74
279 982 83
279 985 48
280 288 87
280 311 28
280 315 54
280 316 85
280 329 48
280 347 64
280 357 4
280 364 44
280 365 51
280 370 16
280 373 12
280 374 64
280 378 1
280 384 44
280 385 60
280 406 52
280 413 62
280 419 9
280 424 53
280 437 94
280 444 98
280 446 28
280 447 35
280 456 39
280 462 32
280 469 59
280 475 100
280 478 46
280 484 32
280 487 94
280 502 33
280 515 85
280 516 97
280 533 1
280 546 83
280 548 50
280 553 33
280 557 77
280 567 29
280 569 26
280 571 16
280 590 83
280 592 43
280 623 17
280 626 16
280 634 55
280 637 68
280 645 87
280 650 77
280 652 31
280 665 44
280 672 91
280 702 100
280 704 46
280 712 96
280 716 30
280 717 76
280 723 76
280 727 38
280 728 40
280 729 8
280 731 57
280 739 100
280 781 73
280 789 38
280 801 93
280 804 51
280 813 85
280 832 44
280 855 19
280 898 24
280 902 52
280 907 82
280 909 83
280 921 52
280 924 72
280 925 51
280 932 83
280 939 25
280 951 8
280 960 90
280 963 56
280 965 14
280 977 30
280 981 21
280 988 15
280 996 38
281 292 98
281 295 65
281 304 22
281 319 68
281 341 85
281 342 100
281 350 58
281 366 2
281 372 94
281 386 58
281 388 69
281 390 98
281 392 43
281 393 15
281 399 57
281 401 4
281 409 74
281 410 39
281 418 24
281 422 59
281 426 27
281 432 72
281 434 36
281 459 97
281 464 12
281 481 60
281 486 51
281 503 54
281 504 70
281 508 68
281 519 53
281 528 73
281 538 95
281 593 98
281 599 22
281 611 76
281 622 60
281 624 42
281 635 8
281 641 21
281 646 8
281 654 90
281 660 73
281 662 57
281 663 96
281 666 62
281 669 88
281 671 26
281 677 1
281 685 94
281 689 37
281 696 27
281 705 35
281 715 89
281 720 30
281 748 55
281 749 65
281 766 49
281 768 15
281 769 53
281 775 63
281 776 3
281 787 57
281 790 71
281 794 87
281 802 94
281 817 62
281 819 29
281 820 38
281 825 98
281 843 63
281 852 56
281 856 39
281 858 84
281 864 94
281 866 2
281 871 40
281 881 9
281 883 53
281 888 21
281 890 65
281 891 24
281 896 34
281 908 91
281 913 94
281 927 91
281 934 52
281 953 67
281 955 91
281 964 28
281 978 13
281 979 4
281 980 2
281 984 54
281 992 61
282 283 4
282 293 70
282 301 20
282 317 34
282 326 29
282 349 82
282 352 63
282 353 71
282 354 79
282 360 32
282 361 77
282 394 69
282 396 83
282 397 24
282 400 7
282 417 51
282 427 9
282 442 24
282 449 90
282 453 10
282 467 28
282 468 81
282 473 57
282 480 41
282 483 82
282 485 2
282 490 85
282 492 59
282 511 76
282 513 42
282 534 7
282 545 31
282 575 96
282 578 65
282 587 82
282 601 34
282 608 36
282 609 85
282 613 13
282 615 75
282 617 42
282 618 22
282 630 26
282 638 1
282 639 85
282 644 29
282 648 35
282 661 97
282 668 36
282 674 52
282 678 67
282 700 9
282 709 65
282 714 4
282 721 21
282 735 16
282 740 57
282 751 12
282 752 24
282 759 63
282 760 60
282 767 65
282 795 63
282 803 70
282 806 69
282 824 25
282 826 54
282 831 95
282 833 36
282 836 20
282 869 70
282 892 71
282 899 52
282 901 9
282 914 77
282 917 93
282 952 34
282 968 47
282 975 86
282 982 14
282 990 44
282 993 7
282 999 52
283 290 86
283 313 92
283 317 23
283 335 6
283 343 3
283 349 78
283 391 43
283 394 48
283 400 79
283 403 85
283 407 70
283 427 82
283 442 67
283 443 40
283 450 42
283 451 59
283 452 56
283 473 98
283 480 49
283 485 69
283 490 74
283 499 33
283 511 46
283 513 82
283 531 95
283 532 45
283 540 34
283 545 18
283 560 40
283 575 2
283 576 17
283 578 53
283 581 30
283 589 7
283 609 28
283 620 42
283 625 10
283 632 65
283 638 21
283 644 46
283 648 29
283 655 35
283 664 50
283 674 33
283 681 88
283 686 20
283 693 7
283 700 24
283 721 2
283 735 23
283 740 100
283 751 10
283 759 93
283 765 22
283 767 35
283 778 9
283 779 50
283 780 61
283 782 36
283 786 57
283 795 48
283 806 81
283 809 72
283 812 87
283 826 2
283 828 30
283 831 88
283 833 65
283 844 63
283 845 87
283 869 49
283 884 95
283 894 100
283 895 47
283 899 80
283 914 27
283 919 97
283 931 81
283 941 33
283 946 27
283 948 6
283 950 14
283 961 27
283 962 89
283 967 39
283 974 46
283 975 43
283 983 28
283 989 86
283 990 18
283 999 82
284 285 92
284 291 21
284 299 44
284 303 46
284 308 70
284 309 60
284 312 74
284 323 88
284 325 31
284 327 47
284 346 82
284 351 42
284 354 70
284 361 22
284 381 100
284 387 76
284 395 29
284 404 9
284 416 72
284 417 81
284 433 17
284 442 47
284 453 40
284 454 92
284 457 16
284 461 29
284 473 41
284 477 30
284 479 96
284 489 71
284 492 27
284 493 5
284 497 79
284 524 42
284 529 55
284 530 44
284 537 38
284 551 23
284 555 47
284 563 65
284 570 33
284 572 7
284 574 69
284 575 27
284 577 25
284 582 54
284 583 93
284 591 82
284 594 56
284 598 46
284 604 7
284 610 39
284 613 78
284 615 11
284 618 12
284 636 59
284 639 50
284 659 14
284 668 72
284 676 47
284 683 70
284 686 51
284 688 47
284 698 11
284 699 15
284 722 71
284 725 29
284 726 62
284 735 27
284 738 23
284 740 57
284 757 61
284 762 26
284 763 10
284 772 74
284 785 14
284 792 58
284 799 57
284 812 37
284 821 69
284 833 10
284 837 8
284 839 80
284 841 78
284 867 95
284 874 7
284 876 5
284 887 47
284 897 80
284 933 27
284 935 5
284 936 60
284 937 84
284 968 22
284 970 32
284 976 90
284 983 27
284 998 2
285 291 18
285 293 91
285 303 93
285 309 47
285 312 27
285 323 20
285 325 35
285 346 90
285 351 64
285 354 12
285 361 31
285 381 25
285 387 41
285 395 73
285 404 41
285 417 14
285 433 66
285 442 73
285 453 93
285 454 88
285 461 87
285 473 89
285 479 83
285 489 78
285 492 88
285 493 53
285 497 49
285 511 76
285 513 31
285 524 56
285 529 24
285 530 41
285 537 64
285 551 9
285 555 22
285 556 30
285 570 100
285 572 30
285 574 23
285 575 43
285 577 28
285 583 87
285 591 55
285 594 52
285 598 1
285 601 15
285 608 30
285 610 9
285 613 50
285 615 12
285 618 19
285 636 92
285 639 35
285 659 98
285 661 29
285 668 74
285 675 97
285 676 93
285 683 35
285 686 91
285 688 9
285 699 60
285 714 36
285 722 54
285 725 2
285 726 54
285 735 70
285 738 27
285 740 75
285 744 79
285 751 47
285 757 30
285 762 52
285 763 85
285 772 84
285 785 59
285 792 98
285 803 11
285 806 46
285 812 67
285 821 25
285 824 40
285 831 94
285 833 29
285 837 84
285 839 54
285 841 21
285 867 19
285 874 53
285 876 68
285 887 26
285 897 74
285 933 1
285 935 97
285 936 70
285 937 79
285 946 95
285 968 85
285 970 96
285 976 90
285 983 3
285 990 18
285 998 15
286 287 1
286 288 35
286 305 21
286 306 3
286 311 90
286 318 48
286 322 98
286 329 68
286 363 10
286 364 46
286 425 70
286 444 82
286 447 88
286 456 5
286 458 70
286 465 14
286 487 22
286 488 30
286 494 100
286 495 23
286 514 53
286 520 16
286 522 24
286 536 64
286 542 60
286 569 58
286 573 74
286 584 40
286 603 73
286 605 33
286 631 78
286 642 80
286 665 82
286 703 14
286 706 34
286 708 100
286 712 95
286 716 30
286 717 65
286 723 9
286 729 2
286 731 98
286 733 2
286 734 16
286 741 35
286 754 24
286 755 64
286 756 22
286 758 73
286 777 85
286 800 56
286 801 82
286 814 91
286 815 53
286 827 98
286 830 98
286 838 45
286 840 88
286 842 39
286 862 29
286 863 88
286 868 19
286 875 66
286 902 35
286 905 20
286 906 50
286 915 93
286 918 60
286 922 46
286 929 77
286 951 76
286 957 31
286 963 6
286 985 33
286 996 11
286 997 30
287 288 93
287 294 70
287 306 70
287 311 17
287 320 86
287 329 52
287 334 66
287 363 17
287 364 91
287 370 48
287 373 100
287 406 58
287 424 28
287 425 46
287 440 66
287 444 11
287 447 30
287 458 14
287 460 8
287 472 1
287 487 26
287 488 25
287 495 43
287 496 84
287 514 18
287 522 75
287 526 21
287 566 90
287 569 89
287 571 68
287 579 38
287 584 59
287 602 95
287 603 52
287 605 5
287 612 31
287 621 5
287 623 40
287 628 68
287 631 28
287 642 77
287 643 78
287 650 68
287 667 60
287 670 81
287 706 31
287 712 82
287 713 77
287 716 66
287 717 27
287 723 65
287 730 35
287 734 29
287 736 10
287 741 76
287 742 27
287 756 6
287 758 71
287 773 52
287 783 13
287 798 1
287 800 54
287 801 87
287 814 45
287 816 6
287 823 97
287 829 33
287 830 58
287 838 19
287 840 6
287 842 19
287 847 69
287 855 50
287 863 61
287 873 41
287 878 51
287 880 88
287 885 75
287 906 68
287 912 24
287 918 32
287 921 89
287 929 96
287 932 62
287 951 77
287 954 74
287 956 66
287 957 92
287 960 15
287 963 97
287 966 35
287 985 46
287 996 100
288 294 94
288 306 1
288 311 11
288 329 43
288 363 62
288 364 31
288 370 15
288 373 99
288 374 70
288 385 69
288 406 77
288 413 89
288 419 20
288 424 83
288 425 79
288 437 10
288 444 68
288 446 12
288 447 83
288 456 17
288 458 27
288 462 73
288 478 21
288 484 63
288 487 30
288 488 98
288 494 10
288 495 70
288 514 86
288 515 46
288 522 49
288 553 74
288 567 64
288 569 25
288 571 72
288 584 82
288 590 5
288 603 87
288 605 63
288 623 88
288 628 79
288 631 7
288 642 57
288 643 54
288 645 62
288 650 37
288 665 10
288 670 94
288 702 38
288 704 55
288 706 59
288 712 10
288 716 95
288 717 95
288 723 23
288 728 86
288 729 40
288 731 28
288 734 71
288 741 2
288 742 23
288 756 42
288 758 62
288 781 29
288 783 41
288 800 48
288 801 36
288 804 31
288 813 54
288 815 14
288 827 58
288 830 5
288 838 94
288 840 84
288 842 53
288 847 74
288 855 93
288 863 12
288 868 31
288 873 25
288 902 87
288 905 23
288 906 2
288 907 92
288 918 100
288 921 49
288 932 76
288 951 58
288 954 19
288 957 34
288 960 79
288 963 28
288 985 22
288 996 55
289 294 23
289 315 5
289 332 24
289 334 63
289 340 88
289 355 91
289 357 35
289 365 25
289 370 73
289 377 48
289 378 100
289 380 18
289 384 54
289 385 9
289 405 92
289 406 67
289 408 34
289 413 82
289 415 28
289 423 58
289 424 39
289 431 68
289 439 50
289 455 5
289 462 89
289 469 5
289 475 78
289 478 4
289 484 89
289 500 93
289 505 12
289 507 90
289 518 11
289 533 49
289 552 96
289 553 27
289 568 63
289 571 78
289 590 99
289 592 21
289 602 30
289 623 91
289 628 5
289 637 85
289 643 38
289 650 21
289 652 78
289 656 52
289 672 9
289 684 31
289 702 85
289 719 32
289 727 24
289 728 85
289 742 64
289 788 68
289 808 62
289 813 13
289 818 74
289 832 70
289 849 98
289 850 28
289 855 29
289 904 89
289 921 74
289 924 70
289 925 72
289 945 38
289 960 58
289 965 73
289 981 74
289 987 13
290 313 40
290 317 88
290 328 46
290 331 47
290 335 45
290 343 43
290 349 30
290 391 98
290 398 31
290 400 51
290 407 72
290 427 15
290 443 70
290 450 4
290 451 17
290 480 35
290 490 93
290 499 62
290 531 7
290 532 59
290 534 40
290 545 3
290 560 12
290 581 73
290 609 98
290 620 19
290 625 21
290 632 13
290 644 57
290 648 97
290 655 50
290 664 82
290 674 30
290 681 61
290 693 21
290 721 10
290 759 61
290 765 25
290 767 89
290 778 86
290 779 81
290 780 51
290 782 46
290 786 43
290 795 21
290 809 11
290 826 17
290 828 75
290 844 31
290 845 10
290 884 15
290 894 49
290 895 86
290 899 9
290 931 75
290 941 70
290 948 34
290 950 98
290 962 13
290 969 100
290 974 86
290 975 17
290 989 34
290 999 99
291 293 6
291 299 31
291 303 47
291 312 73
291 323 7
291 325 24
291 327 52
291 354 97
291 361 92
291 362 37
291 387 44
291 389 53
291 395 48
291 396 16
291 416 87
291 417 65
291 433 96
291 453 96
291 460 13
291 461 27
291 470 29
291 489 38
291 492 20
291 493 67
291 496 20
291 524 3
291 526 79
291 558 71
291 570 26
291 572 86
291 574 69
291 577 86
291 579 47
291 583 39
291 591 31
291 597 41
291 598 85
291 601 78
291 608 15
291 610 36
291 613 51
291 614 25
291 615 92
291 618 94
291 636 50
291 639 61
291 661 48
291 667 65
291 668 73
291 673 37
291 675 26
291 688 63
291 690 4
291 710 84
291 714 1
291 730 66
291 746 12
291 757 55
291 761 2
291 763 40
291 796 50
291 798 36
291 799 21
291 803 16
291 821 82
291 823 21
291 824 46
291 829 32
291 834 92
291 839 12
291 841 93
291 860 77
291 876 78
291 885 58
291 900 77
291 912 17
291 930 48
291 956 77
291 958 60
291 966 48
291 968 80
291 976 29
292 301 55
292 304 33
292 324 13
292 341 77
292 344 90
292 345 68
292 350 49
292 352 86
292 353 30
292 366 6
292 375 25
292 379 54
292 388 52
292 390 18
292 392 8
292 397 88
292 401 4
292 409 67
292 410 89
292 418 68
292 422 27
292 426 1
292 432 94
292 438 54
292 449 31
292 464 26
292 468 100
292 471 39
292 481 9
292 483 74
292 510 30
292 519 91
292 525 93
292 528 78
292 544 17
292 561 65
292 587 73
292 593 42
292 595 86
292 599 16
292 611 94
292 617 78
292 622 23
292 630 93
292 635 33
292 641 70
292 654 85
292 660 25
292 662 33
292 663 58
292 666 1
292 669 88
292 671 87
292 678 43
292 685 89
292 689 99
292 705 58
292 715 27
292 748 15
292 749 88
292 766 68
292 768 97
292 769 77
292 787 7
292 790 95
292 802 69
292 805 61
292 819 40
292 820 95
292 825 82
292 836 11
292 843 25
292 851 2
292 852 42
292 856 34
292 858 99
292 864 46
292 866 8
292 871 70
292 881 16
292 888 91
292 908 52
292 911 46
292 913 58
292 927 20
292 934 89
292 952 27
292 953 47
292 964 63
292 978 22
292 980 15
292 984 86
292 992 60
293 301 40
293 303 86
293 317 2
293 325 47
293 326 43
293 354 50
293 360 11
293 361 27
293 387 95
293 389 6
293 394 60
293 396 83
293 397 49
293 404 100
293 417 69
293 427 36
293 442 48
293 453 14
293 467 45
293 473 2
293 485 41
293 490 20
293 492 3
293 511 2
293 513 95
293 524 33
293 535 16
293 545 37
293 575 17
293 578 38
293 583 11
293 591 89
293 598 73
293 601 99
293 608 20
293 609 77
293 613 82
293 615 82
293 618 74
293 638 7
293 639 99
293 648 19
293 659 1
293 661 63
293 668 84
293 674 5
293 675 10
293 683 27
293 686 50
293 688 66
293 700 31
293 709 51
293 710 2
293 714 40
293 735 6
293 740 34
293 750 12
293 751 54
293 752 28
293 757 52
293 795 85
293 803 54
293 806 8
293 821 91
293 824 50
293 826 95
293 831 38
293 833 1
293 834 15
293 869 73
293 876 10
293 892 84
293 917 49
293 946 55
293 952 62
293 958 96
293 968 16
293 973 85
293 982 43
293 990 29
294 311 62
294 320 21
294 329 17
294 332 65
294 334 25
294 370 52
294 373 67
294 378 2
294 380 81
294 383 9
294 385 92
294 406 65
294 408 18
294 420 5
294 423 75
294 424 45
294 429 93
294 431 98
294 440 68
294 444 79
294 447 67
294 455 63
294 462 45
294 469 98
294 472 6
294 478 87
294 484 43
294 487 13
294 495 74
294 498 66
294 500 74
294 518 79
294 533 54
294 552 20
294 553 3
294 568 41
294 571 79
294 584 57
294 585 91
294 590 84
294 592 11
294 602 77
294 621 92
294 623 81
294 628 63
294 637 19
294 643 88
294 650 58
294 656 74
294 670 73
294 684 56
294 702 81
294 712 56
294 713 72
294 719 24
294 727 90
294 728 24
294 742 95
294 764 24
294 783 16
294 788 90
294 793 90
294 807 5
294 808 74
294 813 89
294 816 16
294 838 4
294 840 93
294 847 18
294 850 28
294 855 2
294 873 14
294 904 1
294 921 65
294 932 58
294 954 71
294 960 58
294 981 33
295 319 30
295 341 40
295 386 61
295 388 4
295 392 74
295 393 28
295 401 99
295 410 45
295 411 34
295 418 70
295 432 66
295 434 73
295 481 25
295 486 91
295 504 76
295 519 34
295 528 94
295 538 20
295 547 48
295 593 29
295 622 8
295 624 19
295 646 10
295 654 65
295 660 6
295 671 44
295 677 74
295 685 79
295 696 28
295 718 38
295 720 99
295 748 81
295 766 59
295 769 56
295 775 42
295 776 67
295 790 89
295 794 75
295 802 93
295 817 24
295 820 94
295 825 67
295 843 100
295 848 13
295 856 54
295 858 48
295 881 21
295 883 66
295 888 85
295 890 62
295 891 8
295 893 73
295 896 75
295 913 36
295 955 96
295 964 97
295 979 4
295 980 92
295 992 22
296 318 40
296 322 5
296 330 10
296 337 52
296 348 26
296 358 57
296 359 37
296 367 36
296 368 24
296 369 60
296 371 45
296 428 9
296 435 38
296 441 34
296 465 99
296 476 39
296 509 4
296 517 69
296 520 90
296 521 81
296 523 14
296 536 79
296 542 32
296 559 39
296 573 68
296 580 88
296 586 40
296 607 76
296 640 34
296 679 35
296 682 34
296 694 76
296 697 14
296 703 47
296 707 43
296 724 22
296 733 63
296 743 63
296 754 76
296 755 64
296 770 83
296 791 10
296 810 34
296 811 10
296 862 92
296 870 80
296 875 48
296 903 18
296 910 100
296 915 6
296 916 5
296 920 84
296 922 37
296 923 92
296 943 97
296 944 21
296 959 96
296 997 40
297 299 96
297 309 69
297 314 82
297 323 50
297 327 2
297 330 44
297 337 35
297 348 91
297 351 48
297 359 22
297 362 83
297 369 87
297 395 23
297 414 87
297 416 39
297 428 47
297 433 58
297 435 35
297 441 82
297 454 88
297 457 75
297 466 20
297 470 2
297 474 40
297 489 94
297 493 22
297 501 42
297 509 20
297 512 46
297 517 39
297 521 6
297 523 95
297 541 34
297 550 58
297 555 91
297 558 31
297 559 94
297 562 30
297 563 27
297 570 13
297 572 50
297 574 68
297 577 45
297 583 17
297 588 16
297 597 61
297 600 63
297 604 79
297 606 57
297 610 34
297 614 46
297 616 97
297 619 73
297 627 61
297 633 69
297 636 15
297 649 55
297 673 82
297 676 44
297 679 29
297 682 61
297 687 7
297 690 37
297 691 46
297 692 10
297 694 36
297 697 74
297 698 99
297 701 15
297 711 8
297 724 63
297 726 24
297 743 64
297 761 40
297 763 38
297 770 22
297 774 15
297 784 51
297 785 40
297 791 23
297 797 94
297 799 19
297 841 54
297 846 5
297 854 100
297 857 17
297 859 11
297 860 89
297 861 88
297 877 66
297 879 69
297 882 23
297 900 77
297 910 7
297 916 31
297 926 70
297 928 30
297 930 100
297 942 80
297 944 33
297 947 33
297 959 18
297 976 92
297 995 38
298 300 13
298 302 71
298 338 74
298 342 57
298 344 57
298 355 76
298 356 14
298 366 1
298 372 91
298 382 39
298 399 88
298 402 9
298 405 30
298 409 28
298 412 41
298 415 87
298 426 88
298 448 38
298 459 35
298 463 10
298 482 60
298 491 56
298 503 49
298 505 45
298 508 11
298 538 46
298 539 18
298 543 88
298 554 18
298 593 93
298 596 14
298 629 78
298 657 78
298 658 51
298 689 70
298 695 37
298 696 73
298 715 91
298 747 75
298 749 100
298 776 42
298 819 85
298 822 41
298 825 53
298 835 74
298 843 27
298 849 79
298 853 68
298 866 28
298 871 56
298 889 96
298 890 81
298 891 30
298 896 79
298 908 97
298 927 59
298 938 27
298 953 50
298 955 6
298 994 43
299 303 60
299 309 14
299 314 5
299 323 45
299 327 57
299 330 28
299 337 88
299 351 97
299 359 46
299 362 73
299 369 85
299 389 33
299 395 55
299 414 36
299 416 60
299 433 64
299 435 96
299 441 66
299 454 90
299 457 17
299 461 66
299 466 40
299 470 25
299 474 51
299 489 51
299 493 80
299 496 2
299 509 61
299 512 90
299 521 28
299 526 41
299 541 39
299 550 44
299 555 89
299 558 19
299 559 87
299 562 92
299 563 26
299 570 59
299 572 1
299 574 35
299 577 38
299 583 98
299 591 5
299 597 99
299 598 37
299 604 73
299 606 89
299 610 63
299 614 29
299 616 52
299 627 44
299 636 48
299 649 92
299 673 49
299 675 29
299 676 73
299 682 99
299 687 8
299 690 67
299 691 47
299 697 42
299 698 69
299 711 67
299 724 14
299 726 6
299 730 55
299 746 16
299 757 69
299 761 18
299 763 77
299 770 33
299 774 91
299 784 86
299 785 38
299 791 24
299 796 82
299 797 84
299 798 26
299 799 40
299 821 99
299 823 77
299 841 53
299 854 1
299 860 35
299 861 72
299 876 5
299 877 68
299 879 11
299 882 2
299 900 71
299 916 47
299 926 19
299 930 56
299 947 22
299 966 10
299 976 15
299 995 18
300 332 4
300 338 93
300 340 91
300 344 7
300 355 59
300 356 57
300 366 16
300 372 25
300 382 89
300 402 42
300 405 12
300 409 46
300 412 11
300 415 10
300 423 28
300 448 67
300 455 34
300 459 74
300 463 63
300 482 33
300 491 21
300 503 28
300 505 67
300 507 93
300 508 2
300 538 78
300 539 88
300 543 66
300 554 11
300 596 42
300 629 97
300 657 45
300 658 7
300 689 46
300 695 15
300 715 24
300 747 72
300 749 12
300 788 95
300 808 44
300 818 34
300 822 86
300 835 27
300 843 21
300 849 4
300 866 60
300 871 45
300 889 48
300 904 24
300 908 44
300 927 67
300 938 80
300 945 22
300 953 29
300 972 92
300 987 37
300 994 50
301 304 65
301 326 81
301 349 73
301 350 17
301 352 42
301 353 99
301 360 45
301 375 61
301 379 89
301 390 63
301 394 1
301 396 29
301 397 4
301 400 70
301 427 16
301 438 4
301 449 39
301 467 90
301 468 9
301 471 14
301 483 32
301 485 91
301 510 3
301 535 36
301 544 30
301 561 95
301 578 60
301 587 70
301 595 94
301 599 31
301 601 75
301 608 29
301 611 51
301 617 41
301 630 38
301 635 78
301 638 32
301 641 96
301 644 91
301 662 26
301 666 87
301 669 75
301 674 34
301 678 42
301 700 94
301 705 13
301 709 86
301 714 64
301 721 6
301 750 3
301 752 23
301 759 54
301 760 57
301 787 18
301 807 39
301 824 28
301 836 8
301 851 16
301 852 53
301 869 43
301 892 81
301 899 25
301 901 21
301 911 52
301 914 45
301 917 49
301 934 18
301 952 17
301 973 68
301 980 26
301 982 4
301 984 78
301 993 85
302 319 5
302 342 28
302 372 52
302 386 89
302 399 22
302 402 51
302 411 23
302 434 19
302 448 96
302 459 83
302 463 100
302 503 33
302 504 17
302 538 89
302 539 82
302 547 55
302 593 83
302 624 77
302 629 74
302 657 86
302 658 28
302 696 39
302 718 92
302 720 29
302 737 84
302 747 97
302 749 16
302 775 79
302 776 81
302 817 47
302 822 26
302 843 83
302 853 95
302 883 37
302 888 39
302 890 79
302 891 98
302 893 55
302 896 60
302 955 68
302 979 75
303 309 81
303 312 67
303 323 73
303 325 46
303 327 45
303 351 33
303 354 2
303 361 98
303 381 8
303 387 72
303 389 67
303 395 74
303 396 79
303 404 46
303 416 51
303 417 75
303 433 96
303 442 11
303 453 15
303 454 3
303 457 94
303 461 79
303 473 84
303 489 50
303 492 6
303 493 66
303 524 97
303 551 41
303 555 26
303 558 54
303 570 49
303 572 78
303 574 48
303 577 39
303 583 2
303 591 17
303 597 23
303 598 72
303 601 55
303 608 24
303 610 58
303 613 8
303 615 45
303 618 53
303 636 52
303 639 1
303 659 37
303 661 31
303 668 92
303 673 62
303 675 4
303 676 5
303 688 90
303 699 31
303 710 30
303 714 84
303 726 58
303 735 52
303 740 20
303 757 16
303 761 24
303 762 22
303 763 83
303 785 73
303 792 21
303 796 8
303 798 38
303 799 68
303 803 84
303 821 98
303 824 24
303 833 74
303 834 63
303 839 31
303 841 75
303 860 82
303 867 64
303 874 35
303 876 86
303 887 97
303 936 64
303 956 55
303 958 63
303 968 87
303 976 65
304 324 5
304 341 58
304 344 100
304 345 4
304 350 53
304 352 75
304 353 63
304 356 79
304 366 21
304 375 22
304 379 26
304 383 88
304 388 84
304 390 13
304 392 12
304 397 24
304 401 78
304 409 79
304 410 52
304 418 42
304 422 8
304 426 59
304 432 22
304 438 29
304 449 18
304 464 3
304 468 85
304 471 82
304 483 57
304 508 100
304 510 27
304 519 19
304 525 87
304 528 17
304 538 12
304 544 14
304 561 55
304 587 8
304 593 42
304 599 47
304 611 49
304 622 38
304 635 20
304 641 64
304 654 99
304 660 18
304 662 81
304 663 4
304 666 100
304 669 100
304 671 93
304 678 94
304 685 49
304 689 83
304 695 34
304 705 33
304 715 83
304 748 36
304 749 81
304 766 15
304 768 62
304 769 16
304 787 2
304 790 74
304 802 83
304 805 10
304 819 10
304 820 20
304 825 65
304 836 51
304 843 46
304 852 84
304 856 93
304 858 1
304 864 85
304 866 5
304 871 84
304 881 41
304 888 11
304 889 51
304 908 85
304 911 63
304 913 18
304 927 85
304 934 97
304 953 4
304 972 89
304 978 100
304 980 73
304 984 40
304 992 29
305 306 68
305 318 76
305 322 50
305 363 46
305 364 49
305 367 79
305 368 43
305 371 64
305 425 15
305 458 19
305 465 80
305 488 11
305 494 34
305 514 30
305 517 56
305 520 53
305 522 90
305 536 96
305 542 44
305 569 56
305 573 69
305 580 86
305 603 12
305 605 48
305 631 93
305 642 59
305 703 60
305 706 50
305 708 65
305 733 88
305 734 84
305 754 74
305 755 32
305 756 41
305 758 96
305 770 97
305 777 86
305 814 48
305 815 33
305 827 36
305 830 20
305 842 89
305 862 8
305 863 12
305 868 51
305 870 1
305 875 98
305 905 21
305 906 70
305 915 41
305 918 81
305 922 11
305 943 40
305 957 40
305 963 57
305 997 11
306 311 43
306 322 18
306 329 76
306 363 69
306 364 20
306 370 8
306 425 24
306 444 23
306 447 95
306 458 53
306 460 71
306 465 73
306 472 50
306 487 26
306 488 66
306 494 81
306 495 47
306 496 35
306 514 79
306 520 16
306 522 78
306 526 13
306 562 40
306 566 22
306 569 74
306 573 27
306 584 17
306 603 27
306 605 49
306 612 11
306 631 10
306 642 14
306 667 17
306 670 24
306 706 49
306 708 95
306 712 65
306 716 41
306 717 68
306 723 97
306 730 99
306 734 87
306 736 71
306 741 46
306 746 100
306 754 28
306 756 46
306 758 77
306 773 46
306 783 15
306 800 82
306 801 56
306 814 88
306 815 51
306 816 86
306 823 67
306 827 21
306 829 55
306 830 79
306 838 36
306 840 9
306 842 87
306 847 95
306 863 64
306 868 2
306 873 87
306 878 71
306 880 84
306 906 33
306 912 87
306 915 99
306 918 95
306 922 97
306 929 75
306 932 1
306 951 35
306 954 51
306 957 99
306 960 57
306 963 50
306 966 84
306 985 5
306 996 57
306 997 3
307 314 28
307 321 60
307 376 13
307 414 2
307 435 49
307 441 58
307 474 100
307 501 99
307 512 42
307 523 4
307 541 9
307 550 65
307 565 41
307 588 51
307 600 65
307 616 84
307 619 29
307 633 46
307 640 54
307 649 3
307 679 13
307 680 31
307 692 65
307 698 64
307 701 26
307 711 98
307 743 74
307 784 71
307 797 57
307 846 48
307 857 9
307 859 11
307 861 1
307 882 36
307 886 42
307 903 14
307 910 64
307 926 74
307 928 15
307 942 7
308 309 90
308 312 73
308 327 74
308 346 79
308 351 36
308 381 4
308 414 57
308 416 65
308 454 25
308 457 47
308 461 66
308 477 54
308 489 80
308 501 20
308 530 59
308 541 63
308 555 7
308 563 54
308 570 53
308 572 73
308 582 22
308 591 53
308 594 35
308 604 58
308 616 47
308 633 31
308 636 75
308 676 32
308 698 5
308 701 63
308 711 8
308 726 36
308 762 45
308 763 59
308 772 93
308 784 63
308 785 43
308 792 90
308 799 61
308 837 65
308 839 99
308 841 26
308 857 64
308 861 22
308 867 42
308 874 27
308 882 71
308 887 4
308 897 34
308 926 53
308 933 94
308 935 14
308 936 42
308 942 53
308 976 100
309 312 38
309 323 12
309 325 92
309 327 52
309 346 90
309 351 73
309 381 28
309 395 51
309 404 17
309 414 64
309 416 61
309 454 61
309 457 42
309 461 88
309 466 80
309 474 61
309 477 35
309 489 69
309 493 63
309 530 72
309 541 7
309 550 24
309 551 82
309 555 95
309 558 47
309 563 47
309 570 4
309 572 39
309 574 45
309 577 82
309 582 5
309 583 37
309 591 36
309 594 94
309 598 16
309 604 73
309 610 21
309 614 98
309 616 15
309 633 3
309 636 78
309 676 41
309 687 65
309 688 2
309 690 40
309 698 61
309 699 50
309 701 25
309 711 1
309 726 33
309 761 87
309 762 98
309 763 80
309 772 59
309 774 96
309 784 32
309 785 67
309 792 54
309 799 36
309 821 100
309 837 47
309 839 3
309 841 66
309 854 91
309 857 3
309 861 85
309 867 60
309 874 17
309 876 27
309 882 90
309 887 15
309 897 40
309 926 25
309 933 95
309 935 66
309 936 53
309 937 5
309 976 58
309 995 7
310 316 64
310 333 11
310 347 50
310 364 82
310 374 55
310 419 9
310 425 52
310 437 5
310 446 11
310 456 73
310 494 39
310 502 79
310 515 30
310 546 13
310 557 53
310 567 31
310 634 11
310 645 15
310 665 12
310 704 38
310 716 91
310 717 81
310 723 62
310 729 63
310 731 71
310 739 91
310 756 47
310 777 47
310 781 19
310 804 21
310 815 70
310 827 73
310 872 41
310 902 41
310 905 21
310 906 95
310 907 25
310 939 26
310 940 31
310 949 45
310 951 73
310 963 99
310 977 25
310 988 10
311 329 91
311 334 82
311 363 98
311 364 86
311 370 14
311 373 19
311 406 100
311 419 54
311 424 49
311 425 42
311 444 100
311 446 39
311 447 70
311 456 44
311 458 15
311 462 31
311 472 74
311 478 27
311 484 50
311 487 58
311 488 10
311 494 6
311 495 96
311 514 5
311 515 16
311 522 6
311 566 86
311 567 13
311 569 42
311 571 44
311 584 78
311 590 84
311 603 50
311 605 94
311 623 35
311 628 71
311 631 40
311 642 40
311 643 51
311 645 49
311 650 94
311 665 27
311 670 83
311 702 85
311 704 76
311 706 61
311 712 50
311 716 85
311 717 46
311 723 37
311 729 73
311 731 81
311 734 61
311 736 24
311 741 48
311 742 50
311 756 13
311 758 94
311 773 27
311 783 21
311 800 91
311 801 87
311 804 19
311 813 93
311 814 66
311 815 79
311 816 17
311 827 65
311 830 17
311 838 38
311 840 49
311 842 99
311 847 61
311 855 79
311 863 36
311 868 67
311 873 21
311 880 9
311 902 95
311 905 63
311 906 74
311 907 71
311 918 66
311 921 7
311 929 31
311 932 68
311 951 5
311 954 47
311 957 27
311 960 79
311 963 36
311 985 52
311 996 20
312 323 10
312 325 61
312 346 94
312 351 34
312 354 67
312 361 55
312 381 17
312 387 42
312 395 53
312 404 39
312 417 16
312 442 42
312 454 4
312 457 100
312 461 68
312 473 12
312 477 89
312 479 98
312 489 10
312 492 12
312 493 23
312 497 45
312 524 48
312 529 26
312 530 39
312 537 22
312 551 7
312 555 79
312 556 21
312 563 77
312 570 31
312 572 12
312 574 17
312 575 29
312 577 53
312 582 76
312 583 7
312 591 87
312 594 31
312 598 6
312 604 66
312 610 28
312 613 85
312 615 50
312 618 36
312 636 70
312 639 30
312 659 98
312 676 98
312 683 97
312 686 20
312 688 32
312 699 96
312 722 12
312 725 12
312 726 91
312 735 88
312 738 89
312 740 27
312 744 38
312 757 48
312 762 8
312 763 67
312 772 14
312 785 56
312 792 7
312 812 53
312 821 18
312 833 5
312 837 95
312 839 66
312 841 45
312 857 51
312 867 48
312 874 24
312 876 76
312 887 99
312 897 72
312 933 58
312 935 81
312 936 53
312 937 68
312 946 57
312 968 17
312 970 16
312 976 14
312 983 12
312 998 30
313 328 63
313 336 24
313 349 99
313 400 51
313 427 95
313 443 65
313 451 59
313 480 60
313 499 50
313 506 17
313 532 34
313 534 70
313 560 25
313 595 99
313 620 72
313 644 79
313 651 52
313 655 45
313 664 11
313 681 38
313 721 51
313 732 28
313 745 20
313 753 46
313 759 76
313 760 72
313 765 41
313 767 5
313 778 32
313 786 62
313 809 54
313 828 30
313 844 4
313 845 49
313 851 38
313 899 58
313 901 66
313 914 25
313 931 98
313 948 10
313 950 89
313 969 27
313 986 97
313 989 60
313 993 30
314 321 62
314 327 42
314 330 89
314 337 16
314 348 63
314 358 40
314 376 3
314 414 64
314 416 100
314 428 2
314 435 66
314 441 34
314 454 21
314 457 18
314 466 4
314 474 42
314 476 81
314 501 76
314 509 90
314 512 64
314 521 79
314 523 100
314 541 21
314 550 64
314 558 61
314 559 94
314 563 66
314 565 26
314 572 41
314 586 96
314 588 14
314 600 69
314 604 31
314 614 5
314 616 43
314 619 79
314 627 51
314 633 40
314 640 72
314 649 57
314 679 29
314 680 12
314 682 73
314 687 93
314 690 97
314 691 91
314 692 64
314 694 96
314 697 100
314 698 44
314 701 72
314 711 84
314 724 50
314 743 25
314 774 4
314 784 59
314 791 12
314 797 85
314 799 38
314 810 59
314 811 93
314 841 57
314 846 9
314 854 61
314 857 92
314 859 9
314 861 67
314 879 37
314 882 89
314 886 44
314 900 42
314 903 29
314 910 83
314 916 54
314 920 82
314 926 35
314 928 22
314 942 22
314 944 69
314 959 78
314 995 76
315 347 17
315 357 25
315 365 38
315 374 31
315 377 85
315 378 99
315 384 12
315 385 35
315 413 20
315 437 27
315 439 21
315 462 85
315 469 13
315 475 3
315 478 13
315 484 5
315 502 44
315 507 51
315 515 53
315 516 68
315 518 65
315 533 95
315 548 23
315 567 37
315 592 22
315 626 9
315 637 93
315 652 57
315 672 34
315 702 17
315 704 67
315 727 46
315 728 72
315 739 69
315 789 43
315 804 39
315 813 42
315 832 35
315 898 63
315 907 60
315 909 85
315 924 79
315 925 40
315 965 42
315 981 39
315 987 11
315 988 84
316 333 28
316 347 97
316 364 43
316 374 33
316 419 75
316 437 68
316 446 4
316 456 55
316 494 12
316 502 6
316 515 100
316 516 84
316 546 29
316 557 63
316 567 52
316 626 19
316 634 58
316 645 48
316 665 78
316 704 27
316 716 18
316 729 23
316 731 10
316 739 90
316 777 96
316 781 87
316 789 8
316 804 56
316 815 21
316 827 37
316 872 38
316 898 14
316 902 71
316 905 75
316 907 10
316 909 62
316 939 7
316 940 47
316 949 15
316 951 1
316 965 87
316 977 94
316 988 90
317 335 1
317 343 15
317 349 39
317 361 3
317 394 31
317 403 47
317 404 59
317 417 70
317 421 81
317 427 29
317 442 95
317 443 36
317 445 50
317 450 91
317 451 4
317 452 40
317 467 40
317 473 32
317 479 3
317 480 50
317 485 49
317 490 2
317 492 4
317 497 92
317 499 11
317 511 23
317 513 82
317 529 82
317 531 78
317 537 10
317 540 39
317 545 90
317 549 68
317 556 7
317 575 76
317 576 17
317 578 15
317 589 14
317 601 100
317 608 80
317 609 77
317 613 59
317 625 27
317 632 30
317 638 48
317 648 61
317 659 22
317 674 83
317 681 64
317 683 99
317 686 58
317 699 36
317 700 59
317 714 41
317 721 82
317 722 56
317 725 58
317 735 80
317 738 71
317 740 55
317 744 31
317 751 68
317 759 45
317 765 78
317 767 6
317 780 11
317 782 22
317 786 52
317 795 99
317 803 35
317 806 60
317 812 71
317 824 34
317 826 81
317 831 76
317 833 51
317 845 58
317 869 59
317 884 80
317 895 59
317 919 59
317 931 29
317 946 78
317 948 40
317 950 91
317 961 23
317 962 1
317 967 10
317 970 43
317 975 10
317 983 38
317 990 71
317 999 56
318 322 58
318 348 19
318 358 61
318 359 60
318 363 73
318 367 11
318 368 3
318 371 41
318 425 73
318 458 54
318 465 8
318 517 91
318 520 95
318 522 92
318 536 49
318 542 78
318 559 100
318 562 89
318 573 2
318 580 35
318 607 79
318 642 76
318 694 72
318 697 98
318 703 27
318 707 87
318 708 82
318 724 37
318 733 35
318 734 4
318 754 87
318 755 33
318 770 82
318 811 11
318 814 12
318 842 63
318 862 21
318 863 95
318 868 65
318 870 19
318 875 83
318 877 82
318 915 86
318 920 51
318 922 32
318 923 89
318 943 90
318 944 35
318 957 69
318 997 82
319 342 44
319 366 34
319 372 35
319 386 22
319 393 16
319 399 86
319 401 67
319 402 77
319 409 29
319 410 96
319 411 77
319 418 67
319 426 74
319 432 41
319 434 66
319 459 90
319 463 65
319 464 18
319 486 71
319 503 52
319 504 54
319 528 26
319 538 17
319 539 47
319 547 45
319 593 61
319 622 83
319 624 52
319 646 99
319 654 83
319 658 41
319 660 9
319 671 93
319 677 34
319 696 33
319 718 43
319 720 32
319 737 46
319 748 5
319 749 75
319 775 30
319 776 3
319 790 62
319 794 43
319 817 52
319 819 33
319 820 2
319 825 30
319 843 7
319 853 57
319 856 85
319 866 50
319 883 62
319 888 14
319 890 95
319 891 60
319 893 68
319 896 29
319 913 25
319 927 87
319 953 60
319 955 62
319 979 23
319 992 18
320 326 24
320 329 14
320 334 23
320 353 75
320 360 72
320 380 32
320 396 8
320 406 3
320 408 49
320 420 97
320 424 81
320 429 81
320 440 59
320 460 35
320 471 79
320 472 15
320 487 62
320 495 69
320 498 77
320 535 46
320 544 89
320 552 67
320 564 93
320 566 73
320 568 55
320 571 87
320 579 59
320 584 30
320 585 96
320 590 81
320 602 31
320 603 20
320 612 7
320 621 42
320 628 21
320 643 43
320 650 30
320 656 37
320 667 76
320 670 10
320 684 20
320 709 66
320 710 34
320 713 68
320 719 8
320 736 43
320 741 32
320 742 82
320 750 45
320 752 44
320 764 95
320 773 43
320 783 54
320 793 65
320 798 47
320 800 66
320 807 28
320 816 36
320 823 37
320 829 70
320 834 97
320 838 98
320 840 90
320 847 1
320 850 33
320 855 34
320 873 70
320 878 33
320 880 28
320 885 75
320 912 91
320 921 47
320 929 77
320 954 44
320 956 30
320 958 53
320 960 30
320 966 66
320 973 43
320 982 62
320 985 96
321 330 91
321 337 33
321 348 73
321 358 83
321 376 39
321 428 61
321 435 35
321 441 3
321 476 36
321 501 60
321 512 94
321 521 29
321 523 48
321 550 17
321 565 23
321 586 78
321 588 18
321 600 10
321 619 33
321 640 90
321 649 93
321 679 100
321 680 46
321 682 98
321 692 19
321 694 13
321 743 64
321 797 35
321 810 13
321 811 28
321 846 44
321 859 79
321 886 31
321 903 52
321 910 45
321 920 53
321 928 38
321 942 58
321 959 11
322 359 43
322 362 17
322 363 8
322 367 39
322 368 50
322 369 52
322 371 66
322 425 96
322 458 36
322 460 78
322 465 17
322 470 54
322 488 20
322 496 29
322 514 17
322 517 1
322 520 89
322 522 66
322 526 55
322 536 43
322 542 60
322 559 5
322 562 22
322 573 43
322 580 26
322 584 9
322 603 11
322 605 43
322 606 57
322 607 50
322 631 13
322 642 61
322 667 82
322 694 6
322 697 41
322 703 24
322 706 40
322 707 70
322 708 37
322 724 49
322 730 9
322 733 7
322 734 12
322 736 46
322 741 88
322 746 59
322 754 70
322 755 3
322 756 32
322 758 68
322 770 10
322 791 25
322 800 44
322 814 36
322 823 60
322 829 87
322 830 24
322 842 86
322 862 73
322 863 46
322 868 32
322 870 89
322 875 71
322 877 69
322 879 23
322 900 43
322 912 54
322 915 84
322 916 43
322 918 72
322 922 48
322 923 54
322 929 89
322 930 70
322 943 18
322 944 47
322 947 44
322 957 38
322 966 77
322 985 20
322 997 15
323 325 57
323 327 97
323 351 100
323 354 28
323 362 28
323 387 88
323 389 66
323 395 84
323 416 29
323 417 2
323 433 86
323 453 23
323 454 94
323 457 5
323 461 27
323 466 23
323 470 51
323 489 40
323 492 25
323 493 22
323 496 69
323 524 28
323 526 46
323 555 81
323 558 12
323 563 1
323 570 76
323 572 86
323 574 22
323 577 16
323 579 25
323 583 82
323 591 81
323 597 52
323 598 19
323 604 99
323 606 43
323 610 15
323 613 80
323 614 33
323 615 23
323 616 80
323 618 60
323 627 22
323 636 98
323 639 56
323 661 70
323 668 88
323 673 81
323 675 7
323 676 80
323 687 78
323 688 86
323 690 38
323 691 57
323 698 9
323 710 53
323 726 17
323 730 78
323 746 95
323 757 93
323 761 37
323 763 32
323 785 93
323 791 9
323 792 42
323 796 18
323 798 79
323 799 37
323 821 25
323 823 46
323 834 41
323 839 40
323 841 72
323 854 59
323 860 71
323 867 89
323 876 30
323 879 41
323 882 6
323 887 31
323 900 5
323 912 24
323 916 27
323 930 35
323 936 59
323 947 18
323 956 42
323 958 38
323 966 6
323 968 90
323 976 60
323 995 60
324 332 9
324 338 66
324 344 48
324 345 54
324 353 12
324 356 88
324 366 39
324 379 97
324 380 69
324 383 11
324 390 20
324 397 81
324 401 36
324 409 28
324 420 95
324 422 11
324 426 1
324 429 30
324 438 91
324 464 13
324 471 93
324 498 69
324 508 58
324 510 74
324 525 84
324 544 11
324 552 39
324 561 15
324 568 18
324 585 52
324 599 61
324 611 41
324 622 98
324 641 73
324 656 21
324 662 18
324 663 60
324 669 54
324 671 4
324 678 94
324 684 14
324 689 64
324 695 41
324 709 57
324 715 93
324 749 83
324 750 36
324 764 51
324 768 33
324 787 49
324 788 39
324 793 45
324 805 19
324 807 85
324 819 21
324 825 67
324 836 99
324 850 57
324 852 6
324 858 12
324 864 14
324 866 100
324 871 34
324 889 29
324 904 69
324 908 74
324 911 79
324 927 7
324 934 23
324 953 32
324 972 53
324 984 60
325 346 17
325 351 50
325 354 98
325 361 72
325 381 21
325 387 42
325 395 57
325 403 57
325 404 97
325 417 57
325 442 78
325 453 1
325 461 84
325 473 40
325 479 4
325 489 33
325 492 71
325 493 84
325 497 93
325 511 77
325 513 42
325 524 5
325 529 23
325 530 94
325 537 74
325 540 35
325 545 19
325 551 92
325 555 81
325 556 75
325 570 23
325 574 46
325 575 83
325 577 87
325 583 41
325 591 42
325 594 51
325 598 31
325 601 16
325 608 27
325 610 68
325 613 80
325 615 61
325 618 27
325 636 44
325 639 96
325 659 21
325 661 78
325 668 68
325 676 20
325 683 5
325 686 46
325 688 18
325 699 25
325 714 44
325 722 62
325 725 17
325 726 58
325 735 19
325 738 8
325 740 34
325 744 27
325 751 10
325 757 34
325 762 92
325 763 9
325 772 18
325 785 15
325 792 83
325 795 97
325 803 39
325 806 89
325 812 99
325 821 98
325 824 45
325 831 92
325 833 46
325 837 1
325 839 34
325 841 90
325 867 4
325 874 89
325 876 69
325 887 24
325 897 29
325 919 9
325 933 1
325 935 42
325 936 17
325 937 27
325 946 35
325 968 41
325 970 73
325 976 13
325 983 12
325 990 14
325 998 34
326 345 84
326 353 23
326 354 35
326 360 70
326 379 73
326 394 98
326 396 3
326 397 84
326 420 20
326 429 41
326 438 74
326 440 62
326 449 4
326 453 29
326 467 10
326 471 38
326 472 32
326 485 2
326 498 16
326 510 34
326 525 98
326 535 52
326 544 72
326 561 86
326 564 23
326 579 59
326 585 29
326 587 55
326 601 61
326 608 99
326 615 13
326 621 39
326 656 6
326 661 72
326 668 8
326 675 20
326 678 57
326 709 80
326 710 15
326 713 49
326 714 58
326 750 38
326 752 6
326 764 51
326 787 12
326 793 75
326 803 74
326 807 86
326 816 23
326 824 55
326 834 54
326 836 32
326 885 31
326 892 18
326 911 58
326 917 96
326 934 52
326 952 96
326 956 92
326 958 64
326 973 80
326 982 18
326 984 58
327 330 63
327 337 80
327 351 27
327 359 29
327 362 91
327 369 24
327 395 11
327 414 79
327 416 7
327 433 70
327 435 12
327 441 81
327 454 69
327 457 77
327 461 21
327 466 53
327 470 85
327 474 75
327 477 49
327 489 83
327 493 55
327 501 2
327 509 3
327 512 59
327 521 3
327 541 40
327 550 23
327 555 25
327 558 41
327 563 19
327 570 88
327 572 22
327 574 94
327 577 72
327 582 17
327 583 13
327 588 11
327 591 57
327 594 15
327 597 23
327 600 26
327 604 71
327 606 31
327 610 5
327 614 93
327 616 18
327 627 44
327 633 52
327 636 63
327 649 45
327 673 81
327 676 53
327 679 26
327 682 93
327 687 26
327 690 11
327 691 29
327 692 67
327 698 40
327 701 64
327 711 25
327 724 98
327 726 83
327 761 81
327 763 12
327 774 86
327 784 62
327 785 88
327 791 89
327 792 88
327 797 16
327 799 69
327 821 45
327 841 48
327 846 23
327 854 29
327 857 78
327 860 98
327 861 65
327 876 92
327 877 78
327 879 88
327 882 39
327 887 52
327 900 5
327 916 50
327 926 81
327 930 67
327 942 44
327 947 95
327 976 46
327 995 53
328 336 21
328 349 52
328 350 3
328 352 5
328 375 66
328 392 66
328 400 32
328 427 71
328 436 26
328 443 43
328 451 48
328 468 74
328 480 91
328 481 45
328 483 4
328 506 51
328 532 32
328 534 18
328 560 6
328 595 53
328 617 65
328 620 98
328 630 24
328 635 47
328 638 25
328 644 91
328 651 50
328 653 95
328 655 94
328 664 11
328 666 5
328 681 85
328 721 89
328 732 46
328 745 67
328 753 35
328 759 79
328 760 98
328 765 13
328 767 10
328 771 35
328 778 39
328 828 94
328 844 91
328 845 7
328 848 16
328 851 55
328 892 34
328 899 20
328 901 77
328 914 66
328 931 2
328 948 84
328 950 86
328 952 43
328 964 37
328 969 38
328 978 36
328 986 16
328 989 37
328 993 65
329 334 100
329 363 12
329 364 76
329 370 97
329 373 64
329 406 2
329 419 4
329 424 47
329 425 80
329 444 52
329 447 81
329 458 10
329 460 41
329 462 80
329 469 50
329 472 72
329 478 26
329 484 30
329 487 45
329 488 47
329 495 6
329 514 1
329 515 40
329 522 97
329 553 32
329 566 80
329 568 85
329 569 57
329 571 28
329 584 17
329 590 66
329 602 30
329 603 81
329 605 29
329 612 31
329 623 47
329 628 80
329 631 7
329 642 53
329 643 62
329 650 4
329 665 72
329 667 88
329 670 19
329 702 58
329 704 43
329 706 74
329 712 7
329 713 8
329 716 71
329 717 85
329 723 85
329 728 20
329 734 1
329 736 65
329 741 100
329 742 52
329 756 13
329 758 86
329 773 30
329 783 3
329 800 2
329 801 41
329 804 58
329 813 89
329 816 46
329 829 9
329 830 62
329 838 51
329 840 86
329 847 87
329 855 36
329 863 6
329 873 29
329 878 55
329 880 5
329 902 97
329 906 1
329 907 55
329 918 37
329 921 3
329 929 54
329 932 56
329 951 1
329 954 90
329 957 44
329 960 23
329 963 26
329 985 23
329 996 6
330 337 70
330 348 83
330 358 40
330 359 87
330 362 74
330 367 45
330 368 22
330 369 86
330 371 12
330 414 48
330 416 89
330 428 77
330 435 28
330 441 71
330 466 3
330 470 28
330 474 8
330 476 14
330 489 63
330 509 23
330 512 39
330 517 15
330 521 57
330 523 19
330 541 94
330 542 25
330 550 48
330 558 22
330 559 98
330 562 73
330 572 18
330 580 74
330 586 17
330 588 72
330 597 82
330 600 31
330 606 100
330 607 52
330 610 98
330 614 58
330 616 23
330 619 68
330 627 11
330 640 3
330 649 94
330 679 39
330 682 7
330 687 64
330 690 26
330 691 60
330 692 9
330 694 90
330 697 66
330 698 13
330 707 2
330 711 68
330 724 25
330 743 55
330 754 85
330 755 5
330 761 1
330 770 79
330 774 56
330 784 94
330 791 16
330 797 63
330 799 9
330 810 21
330 811 1
330 846 4
330 854 31
330 859 68
330 860 48
330 862 77
330 870 66
330 875 27
330 877 81
330 879 33
330 882 13
330 900 6
330 903 34
330 910 68
330 915 61
330 916 39
330 920 18
330 923 31
330 926 84
330 928 32
330 930 71
330 944 53
330 947 96
330 959 39
330 995 43
331 335 74
331 339 61
331 343 36
331 391 99
331 398 66
331 407 40
331 430 92
331 443 49
331 450 45
331 451 59
331 499 67
331 531 68
331 581 46
331 589 52
331 620 67
331 625 68
331 681 3
331 693 33
331 778 6
331 779 45
331 780 16
331 782 61
331 786 24
331 809 79
331 844 30
331 845 27
331 865 86
331 884 29
331 894 84
331 895 5
331 931 65
331 941 15
331 948 75
331 961 90
331 962 49
331 967 87
331 974 24
331 991 43
332 334 37
332 338 2
332 340 37
332 344 55
332 345 99
332 355 38
332 356 84
332 366 96
332 380 12
332 382 94
332 383 15
332 405 85
332 408 15
332 412 51
332 415 7
332 420 99
332 423 78
332 424 36
332 429 79
332 431 90
332 455 99
332 482 41
332 491 90
332 498 11
332 500 62
332 505 69
332 507 60
332 508 80
332 518 61
332 525 71
332 543 51
332 552 14
332 553 86
332 554 56
332 568 51
332 585 64
332 590 77
332 592 38
332 596 19
332 602 12
332 628 28
332 637 38
332 643 73
332 650 69
332 656 94
332 657 47
332 662 48
332 684 58
332 689 82
332 695 61
332 702 18
332 715 25
332 719 19
332 742 7
332 764 30
332 788 22
332 793 64
332 805 69
332 808 13
332 818 17
332 822 75
332 835 20
332 849 89
332 850 97
332 855 88
332 866 57
332 871 57
332 889 65
332 904 65
332 908 41
332 911 96
332 921 23
332 927 61
332 938 75
332 945 79
332 972 36
332 987 13
332 994 95
333 347 91
333 364 73
333 374 57
333 419 6
333 425 100
333 437 13
333 446 36
333 456 42
333 494 23
333 502 15
333 515 65
333 516 46
333 546 4
333 557 58
333 567 54
333 626 13
333 634 85
333 645 91
333 665 54
333 704 5
333 716 81
333 717 37
333 723 46
333 729 62
333 731 26
333 739 6
333 756 88
333 777 50
333 781 24
333 804 97
333 815 11
333 827 61
333 872 52
333 902 36
333 905 34
333 906 84
333 907 60
333 939 56
333 940 19
333 949 18
333 951 100
333 963 90
333 977 56
333 988 53
334 370 8
334 373 34
334 378 59
334 380 83
334 383 21
334 385 56
334 406 51
334 408 51
334 420 59
334 423 48
334 424 9
334 429 65
334 431 100
334 440 68
334 444 24
334 447 43
334 455 18
334 462 10
334 469 66
334 472 26
334 478 12
334 484 55
334 487 31
334 495 95
334 498 8
334 500 80
334 518 79
334 525 94
334 533 39
334 552 90
334 553 77
334 568 47
334 571 75
334 585 39
334 590 28
334 592 81
334 602 99
334 621 9
334 623 46
334 628 69
334 637 66
334 643 64
334 650 36
334 656 59
334 670 52
334 684 82
334 702 29
334 712 14
334 713 12
334 719 97
334 727 21
334 728 11
334 742 25
334 764 61
334 783 75
334 788 27
334 793 2
334 807 8
334 808 5
334 813 52
334 816 93
334 840 61
334 850 85
334 855 81
334 873 80
334 904 33
334 921 79
334 932 66
334 954 69
334 960 21
334 972 58
334 981 56
335 339 50
335 343 77
335 391 56
335 398 94
335 403 73
335 407 81
335 421 14
335 430 24
335 443 37
335 445 14
335 450 15
335 451 43
335 452 48
335 499 100
335 527 55
335 531 86
335 540 79
335 545 71
335 549 88
335 576 11
335 581 77
335 589 40
335 625 54
335 632 67
335 681 71
335 693 49
335 765 64
335 767 64
335 778 2
335 779 51
335 780 90
335 782 54
335 786 26
335 809 6
335 826 30
335 844 31
335 845 79
335 865 50
335 884 90
335 894 78
335 895 67
335 919 37
335 931 47
335 941 34
335 946 49
335 948 43
335 950 36
335 961 83
335 962 96
335 967 43
335 971 12
335 974 10
335 975 7
335 991 48
335 999 43
336 341 69
336 350 79
336 352 76
336 375 63
336 388 77
336 392 74
336 400 37
336 436 95
336 480 24
336 481 96
336 483 68
336 506 30
336 532 31
336 534 36
336 560 89
336 595 65
336 617 53
336 635 17
336 644 40
336 651 7
336 653 100
336 655 75
336 664 86
336 666 42
336 732 40
336 745 57
336 753 12
336 760 12
336 771 75
336 802 58
336 828 67
336 848 21
336 851 57
336 856 84
336 881 79
336 899 35
336 901 57
336 964 51
336 969 3
336 978 24
336 980 2
336 986 25
336 989 25
336 993 31
337 348 68
337 358 42
337 359 37
337 362 23
337 367 1
337 368 87
337 369 66
337 371 31
337 414 35
337 416 75
337 428 19
337 435 15
337 441 61
337 466 55
337 470 35
337 474 3
337 476 25
337 489 38
337 509 83
337 512 77
337 517 5
337 521 88
337 523 21
337 541 98
337 542 1
337 550 21
337 558 11
337 559 79
337 562 45
337 572 99
337 580 74
337 586 53
337 588 18
337 597 53
337 600 85
337 606 89
337 607 32
337 610 78
337 614 32
337 616 80
337 619 46
337 627 43
337 640 82
337 649 23
337 679 72
337 682 92
337 687 67
337 690 82
337 691 2
337 692 54
337 694 64
337 697 64
337 698 28
337 707 6
337 711 74
337 724 94
337 743 52
337 754 25
337 755 80
337 761 65
337 770 2
337 774 26
337 784 18
337 791 88
337 797 43
337 799 66
337 810 44
337 811 96
337 846 69
337 854 58
337 859 30
337 860 31
337 862 49
337 870 80
337 875 37
337 877 5
337 879 79
337 882 74
337 900 97
337 903 90
337 910 97
337 915 100
337 916 16
337 920 98
337 923 43
337 926 79
337 928 91
337 930 61
337 944 93
337 947 48
337 959 5
337 995 66
338 342 45
338 344 87
338 345 24
338 355 71
338 356 23
338 366 8
338 372 42
338 382 49
338 383 13
338 399 57
338 402 56
338 405 55
338 409 94
338 412 81
338 415 72
338 422 62
338 423 34
338 426 83
338 448 71
338 455 87
338 459 33
338 463 76
338 464 74
338 482 60
338 491 52
338 503 40
338 505 96
338 508 93
338 525 81
338 538 31
338 539 43
338 543 18
338 552 34
338 554 21
338 593 78
338 596 44
338 611 35
338 629 12
338 657 17
338 658 27
338 663 81
338 671 43
338 689 95
338 695 16
338 715 2
338 747 98
338 749 49
338 768 86
338 776 13
338 788 19
338 805 77
338 819 21
338 822 56
338 825 95
338 835 23
338 843 54
338 849 71
338 864 84
338 866 11
338 871 67
338 889 89
338 896 84
338 904 19
338 908 62
338 927 28
338 938 45
338 945 58
338 953 48
338 955 77
338 972 52
338 994 52
339 343 56
339 391 90
339 398 19
339 407 98
339 421 92
339 430 56
339 445 56
339 450 68
339 452 12
339 527 81
339 531 31
339 549 89
339 576 89
339 581 69
339 589 84
339 625 84
339 693 84
339 779 99
339 780 53
339 782 66
339 786 100
339 809 25
339 865 21
339 894 91
339 895 25
339 941 5
339 961 65
339 962 47
339 967 78
339 974 62
339 991 74
340 355 28
340 357 94
340 377 5
340 378 97
340 382 68
340 405 34
340 412 82
340 415 69
340 423 34
340 431 40
340 439 73
340 455 54
340 475 43
340 482 53
340 505 47
340 507 88
340 518 49
340 533 90
340 554 17
340 592 2
340 596 77
340 637 19
340 788 75
340 808 49
340 818 90
340 832 24
340 835 91
340 849 99
340 938 56
340 945 11
340 981 71
340 987 65
340 994 76
341 350 92
341 352 36
341 375 96
341 388 90
341 390 66
341 392 56
341 393 7
341 401 11
341 410 78
341 418 28
341 432 84
341 436 45
341 438 90
341 468 30
341 481 57
341 483 4
341 486 77
341 506 5
341 519 15
341 528 16
341 534 79
341 561 31
341 595 29
341 599 19
341 617 27
341 622 24
341 630 9
341 635 93
341 641 20
341 646 21
341 651 28
341 653 1
341 654 40
341 660 52
341 666 25
341 669 16
341 671 31
341 677 12
341 685 82
341 705 10
341 732 18
341 745 37
341 748 14
341 753 59
341 760 9
341 766 92
341 768 60
341 769 68
341 771 15
341 787 32
341 790 29
341 794 11
341 802 26
341 820 87
341 848 97
341 851 22
341 852 98
341 856 54
341 858 60
341 881 62
341 888 82
341 901 48
341 913 48
341 934 60
341 964 65
341 969 48
341 978 73
341 980 92
341 986 2
341 992 77
341 993 59
342 356 23
342 366 35
342 372 45
342 382 47
342 386 6
342 399 63
342 402 67
342 409 70
342 411 100
342 412 45
342 422 35
342 426 20
342 434 98
342 448 92
342 459 20
342 463 3
342 464 20
342 482 43
342 491 68
342 503 40
342 504 91
342 508 27
342 538 68
342 539 72
342 543 21
342 547 13
342 593 12
342 596 68
342 624 54
342 629 86
342 654 5
342 657 98
342 658 29
342 671 99
342 689 80
342 695 38
342 696 70
342 715 46
342 718 70
342 720 82
342 737 72
342 747 24
342 748 75
342 749 40
342 775 53
342 776 33
342 817 66
342 819 10
342 820 57
342 822 62
342 825 30
342 843 83
342 853 31
342 864 71
342 866 81
342 871 82
342 883 95
342 888 32
342 889 12
342 890 84
342 891 72
342 893 80
342 896 49
342 908 1
342 927 73
342 938 98
342 953 17
342 955 57
342 979 90
342 994 78
343 391 47
343 398 30
343 407 18
343 421 46
343 430 76
343 443 42
343 445 90
343 450 97
343 451 35
343 452 87
343 480 90
343 490 11
343 499 47
343 531 15
343 532 43
343 540 32
343 545 88
343 560 49
343 576 65
343 581 56
343 589 30
343 620 38
343 625 50
343 632 20
343 664 81
343 681 19
343 693 92
343 765 61
343 767 21
343 778 17
343 779 54
343 780 58
343 782 47
343 786 87
343 795 62
343 809 9
343 826 98
343 828 41
343 844 10
343 845 5
343 865 98
343 884 37
343 894 37
343 895 58
343 919 1
343 931 22
343 941 89
343 948 29
343 950 41
343 961 63
343 962 27
343 967 1
343 974 21
343 975 63
343 989 55
343 991 86
343 999 21
344 345 40
344 356 96
344 366 58
344 372 56
344 382 41
344 383 74
344 390 63
344 401 71
344 405 52
344 409 68
344 412 35
344 415 47
344 422 75
344 423 77
344 426 79
344 438 11
344 455 8
344 459 6
344 464 56
344 482 71
344 491 10
344 498 24
344 503 42
344 508 52
344 510 52
344 525 27
344 538 53
344 543 11
344 544 55
344 552 17
344 554 48
344 585 93
344 593 75
344 596 62
344 599 98
344 611 56
344 622 2
344 629 40
344 656 68
344 657 29
344 662 24
344 663 3
344 669 47
344 671 37
344 684 21
344 689 57
344 695 36
344 715 73
344 747 25
344 749 41
344 768 86
344 787 8
344 788 32
344 793 57
344 805 77
344 819 60
344 820 57
344 822 91
344 825 23
344 835 87
344 843 40
344 849 46
344 850 78
344 858 99
344 864 90
344 866 79
344 871 10
344 889 30
344 904 53
344 908 1
344 911 53
344 927 79
344 938 72
344 953 5
344 972 27
344 984 27
344 994 5
345 353 70
345 356 22
345 366 21
345 379 13
345 380 8
345 383 13
345 390 61
345 397 8
345 401 27
345 409 25
345 420 2
345 422 58
345 426 32
345 429 47
345 438 59
345 440 89
345 464 56
345 471 53
345 498 54
345 508 81
345 510 14
345 525 46
345 544 91
345 552 84
345 561 45
345 568 9
345 585 67
345 599 26
345 611 5
345 622 90
345 641 6
345 656 82
345 662 96
345 663 6
345 669 84
345 671 96
345 678 83
345 684 59
345 689 13
345 695 84
345 709 77
345 715 4
345 719 24
345 749 74
345 750 50
345 764 57
345 768 43
345 787 88
345 788 30
345 793 60
345 805 29
345 807 36
345 819 92
345 825 21
345 836 41
345 850 100
345 852 14
345 858 45
345 864 62
345 866 73
345 871 43
345 889 48
345 904 51
345 908 59
345 911 60
345 927 50
345 934 83
345 953 59
345 972 32
345 984 35
346 351 80
346 381 93
346 404 86
346 454 22
346 457 26
346 461 17
346 477 43
346 479 27
346 497 62
346 529 44
346 530 56
346 537 17
346 551 57
346 555 69
346 556 89
346 563 7
346 582 30
346 591 31
346 594 45
346 604 50
346 636 92
346 676 40
346 688 97
346 699 67
346 701 29
346 722 85
346 726 77
346 762 100
346 772 32
346 785 69
346 792 13
346 837 67
346 839 88
346 841 13
346 857 41
346 861 1
346 867 75
346 874 50
346 887 56
346 897 67
346 933 70
346 935 79
346 936 2
346 937 24
346 970 16
346 976 59
346 998 1
347 365 55
347 374 8
347 413 87
347 419 48
347 437 61
347 446 23
347 456 56
347 502 84
347 515 94
347 516 67
347 546 31
347 548 61
347 557 30
347 567 35
347 626 60
347 634 66
347 645 79
347 704 67
347 729 88
347 731 20
347 739 30
347 781 28
347 789 98
347 804 9
347 872 23
347 898 72
347 902 73
347 907 61
347 909 73
347 924 14
347 939 7
347 940 68
347 949 19
347 965 24
347 977 21
347 988 92
348 358 14
348 359 75
348 362 93
348 367 77
348 368 4
348 369 61
348 371 44
348 428 60
348 435 54
348 441 45
348 466 23
348 470 45
348 474 92
348 476 55
348 509 69
348 512 50
348 517 62
348 521 73
348 523 92
348 536 49
348 542 50
348 550 45
348 558 54
348 559 80
348 562 10
348 580 70
348 586 85
348 588 62
348 600 20
348 606 69
348 607 86
348 614 12
348 616 58
348 619 100
348 627 8
348 640 62
348 649 30
348 679 38
348 682 73
348 687 35
348 690 71
348 691 79
348 692 35
348 694 58
348 697 33
348 703 28
348 707 13
348 724 36
348 733 77
348 743 71
348 754 78
348 755 38
348 770 28
348 774 45
348 791 33
348 797 29
348 810 90
348 811 87
348 854 43
348 859 77
348 862 25
348 870 99
348 875 78
348 877 77
348 879 46
348 882 80
348 900 99
348 903 95
348 910 22
348 915 47
348 916 74
348 920 40
348 922 66
348 923 48
348 928 94
348 930 81
348 943 26
348 944 73
348 947 4
348 959 29
348 995 82
349 352 44
349 394 64
349 400 8
349 427 84
349 442 11
349 443 75
349 450 12
349 451 56
349 467 50
349 468 49
349 473 1
349 480 44
349 483 43
349 485 50
349 490 95
349 499 2
349 506 84
349 511 50
349 513 96
349 532 85
349 534 9
349 545 79
349 560 98
349 578 20
349 587 90
349 595 30
349 601 51
349 608 61
349 609 13
349 617 42
349 630 11
349 632 13
349 638 7
349 644 31
349 648 64
349 655 29
349 664 33
349 674 75
349 681 92
349 700 52
349 714 96
349 721 76
349 732 60
349 735 11
349 751 8
349 759 54
349 760 7
349 765 81
349 767 26
349 786 70
349 795 83
349 803 47
349 806 59
349 826 48
349 828 41
349 831 7
349 833 89
349 844 57
349 845 62
349 851 17
349 869 50
349 884 87
349 892 27
349 899 34
349 901 28
349 914 66
349 931 52
349 948 95
349 950 21
349 952 17
349 969 89
349 975 97
349 989 73
349 990 3
349 993 95
349 999 77
350 352 73
350 353 19
350 375 74
350 379 45
350 388 51
350 390 18
350 392 28
350 397 32
350 400 78
350 401 40
350 418 37
350 432 36
350 436 80
350 438 8
350 449 34
350 468 32
350 481 10
350 483 27
350 506 85
350 510 44
350 519 63
350 528 25
350 534 62
350 561 52
350 587 28
350 595 37
350 599 68
350 611 18
350 617 38
350 622 57
350 630 77
350 635 60
350 641 19
350 644 32
350 651 54
350 653 64
350 655 27
350 660 52
350 662 63
350 666 51
350 669 83
350 678 49
350 685 57
350 705 98
350 732 66
350 745 79
350 753 40
350 759 44
350 760 35
350 766 72
350 768 11
350 769 30
350 771 81
350 787 28
350 790 71
350 802 70
350 820 24
350 836 78
350 848 97
350 851 5
350 852 47
350 856 48
350 858 93
350 881 47
350 892 50
350 899 53
350 901 52
350 911 90
350 914 41
350 934 19
350 952 93
350 964 10
350 969 5
350 978 98
350 980 37
350 984 83
350 986 81
350 992 26
350 993 15
351 381 37
351 387 1
351 395 5
351 404 29
351 414 83
351 416 94
351 454 60
351 457 74
351 461 91
351 477 71
351 489 77
351 493 14
351 497 43
351 530 84
351 537 81
351 541 84
351 551 32
351 555 52
351 563 29
351 570 48
351 572 1
351 574 70
351 577 53
351 582 2
351 583 37
351 591 64
351 594 41
351 598 54
351 604 81
351 610 68
351 614 52
351 616 67
351 633 70
351 636 76
351 659 15
351 676 32
351 687 22
351 688 6
351 698 91
351 699 52
351 701 49
351 711 15
351 726 84
351 762 25
351 763 78
351 772 72
351 784 99
351 785 74
351 792 40
351 799 51
351 821 71
351 837 28
351 839 23
351 841 73
351 854 3
351 857 23
351 861 11
351 867 5
351 874 18
351 876 60
351 882 73
351 887 16
351 897 20
351 926 68
351 933 17
351 935 41
351 936 19
351 937 12
351 970 87
351 976 32
351 998 72
352 353 100
352 375 51
352 379 18
352 388 96
352 390 26
352 392 67
352 394 7
352 397 35
352 400 82
352 427 52
352 436 20
352 438 28
352 449 3
352 468 40
352 471 58
352 480 90
352 481 8
352 483 10
352 485 35
352 506 10
352 510 40
352 519 54
352 528 20
352 534 77
352 561 100
352 587 6
352 595 21
352 599 52
352 617 9
352 630 22
352 635 96
352 638 16
352 641 70
352 644 94
352 651 82
352 653 50
352 655 25
352 666 60
352 669 18
352 678 16
352 685 46
352 705 25
352 709 57
352 721 91
352 732 69
352 745 85
352 753 30
352 759 87
352 760 90
352 766 15
352 769 87
352 771 59
352 787 20
352 802 5
352 836 46
352 851 87
352 852 61
352 856 25
352 858 34
352 869 21
352 881 14
352 892 32
352 899 2
352 901 57
352 914 63
352 934 76
352 952 18
352 964 6
352 969 40
352 978 32
352 980 71
352 984 87
352 986 44
352 992 75
352 993 43
353 360 13
353 379 80
353 383 27
353 390 15
353 394 86
353 396 17
353 397 53
353 420 8
353 429 6
353 438 25
353 440 99
353 449 60
353 467 28
353 468 4
353 471 26
353 483 96
353 485 61
353 498 18
353 510 55
353 525 12
353 535 48
353 544 89
353 552 84
353 561 58
353 564 11
353 585 2
353 587 68
353 599 45
353 611 49
353 621 71
353 630 97
353 635 93
353 641 81
353 656 12
353 662 36
353 669 51
353 678 29
353 705 13
353 709 83
353 750 48
353 752 25
353 764 56
353 787 31
353 793 41
353 805 81
353 807 49
353 836 41
353 850 17
353 852 60
353 892 97
353 911 12
353 917 27
353 934 91
353 952 35
353 958 91
353 973 75
353 982 54
353 984 28
354 360 83
354 361 99
354 387 70
354 389 55
354 394 91
354 395 17
354 396 20
354 404 67
354 417 21
354 433 87
354 442 33
354 453 18
354 461 58
354 467 76
354 473 24
354 485 32
354 492 52
354 493 95
354 511 40
354 513 20
354 524 47
354 535 78
354 551 48
354 570 56
354 574 50
354 575 87
354 577 86
354 578 76
354 579 19
354 583 7
354 591 44
354 598 76
354 601 14
354 608 22
354 610 42
354 613 97
354 615 49
354 618 18
354 639 44
354 648 73
354 659 31
354 661 7
354 668 77
354 675 22
354 688 41
354 700 85
354 710 53
354 714 72
354 735 49
354 740 61
354 751 1
354 752 66
354 757 47
354 798 48
354 803 44
354 806 63
354 821 99
354 824 42
354 831 90
354 833 37
354 834 89
354 839 47
354 867 11
354 876 85
354 917 54
354 936 49
354 956 17
354 958 48
354 968 62
354 973 17
354 976 3
354 982 47
354 990 53
355 356 81
355 377 70
355 382 87
355 405 11
355 412 22
355 415 92
355 423 88
355 431 5
355 439 92
355 448 93
355 455 19
355 482 51
355 491 15
355 505 63
355 507 90
355 508 30
355 518 73
355 543 82
355 554 93
355 596 98
355 629 17
355 657 92
355 695 53
355 747 79
355 788 16
355 808 20
355 818 53
355 822 29
355 832 47
355 835 64
355 849 32
355 889 67
355 908 24
355 938 84
355 945 38
355 987 3
355 994 9
356 366 16
356 372 40
356 382 60
356 383 20
356 401 82
356 402 3
356 405 14
356 409 68
356 412 46
356 415 46
356 422 52
356 423 76
356 426 59
356 448 32
356 455 30
356 459 16
356 463 1
356 464 85
356 482 57
356 491 58
356 503 20
356 505 29
356 508 45
356 525 52
356 538 41
356 539 55
356 543 31
356 552 21
356 554 80
356 593 84
356 596 96
356 611 78
356 629 87
356 656 93
356 657 19
356 658 76
356 662 42
356 663 59
356 669 22
356 671 19
356 684 75
356 689 66
356 695 83
356 715 20
356 747 10
356 749 54
356 768 29
356 776 83
356 788 43
356 805 29
356 819 97
356 822 87
356 825 30
356 835 61
356 843 64
356 849 46
356 850 1
356 864 4
356 866 50
356 871 90
356 889 45
356 896 51
356 904 26
356 908 68
356 911 4
356 927 6
356 938 98
356 945 75
356 953 7
356 972 10
356 984 53
356 994 51
357 365 43
357 373 57
357 374 42
357 377 11
357 378 52
357 384 65
357 385 64
357 413 21
357 423 38
357 424 9
357 431 78
357 437 34
357 439 58
357 455 75
357 462 92
357 469 65
357 475 7
357 478 69
357 484 69
357 500 58
357 502 17
357 507 52
357 515 90
357 516 91
357 518 39
357 533 99
357 548 81
357 553 1
357 567 90
357 590 70
357 592 69
357 623 21
357 626 18
357 637 32
357 650 76
357 652 25
357 672 11
357 702 38
357 727 58
357 728 52
357 742 31
357 804 21
357 808 89
357 813 67
357 818 51
357 832 39
357 855 83
357 898 97
357 907 22
357 909 46
357 924 15
357 925 99
357 965 56
357 981 50
357 987 17
357 988 1
358 359 16
358 367 46
358 368 27
358 369 98
358 371 7
358 428 73
358 435 67
358 441 47
358 476 57
358 509 27
358 517 17
358 521 90
358 523 75
358 536 60
358 542 90
358 550 2
358 559 97
358 562 10
358 573 97
358 580 45
358 586 48
358 588 13
358 600 56
358 606 8
358 607 26
358 619 58
358 627 78
358 640 98
358 649 72
358 679 58
358 682 8
358 691 29
358 694 29
358 697 50
358 703 91
358 707 40
358 724 79
358 733 15
358 743 73
358 754 95
358 755 54
358 770 77
358 774 47
358 791 71
358 797 28
358 810 79
358 811 2
358 859 70
358 862 70
358 870 10
358 875 4
358 877 9
358 879 31
358 900 86
358 903 86
358 910 4
358 915 5
358 916 2
358 920 47
358 922 76
358 923 2
358 928 78
358 943 61
358 944 65
358 947 5
358 959 13
358 997 9
359 362 47
359 363 8
359 367 13
359 368 23
359 369 49
359 371 1
359 416 4
359 428 5
359 433 47
359 435 5
359 441 8
359 458 18
359 460 79
359 466 91
359 470 21
359 474 59
359 476 51
359 489 24
359 496 1
359 509 15
359 517 32
359 521 75
359 522 23
359 526 20
359 536 53
359 542 89
359 550 64
359 558 65
359 559 20
359 562 85
359 572 16
359 573 98
359 577 90
359 580 27
359 597 9
359 603 67
359 606 14
359 607 34
359 610 46
359 614 95
359 616 18
359 627 60
359 667 16
359 673 79
359 679 84
359 682 75
359 687 84
359 690 10
359 691 18
359 694 100
359 697 19
359 703 30
359 707 16
359 724 81
359 730 95
359 733 59
359 746 80
359 754 43
359 755 46
359 761 74
359 770 49
359 774 11
359 791 38
359 796 22
359 797 22
359 798 50
359 799 17
359 811 8
359 814 4
359 823 59
359 829 90
359 854 2
359 860 47
359 862 93
359 863 33
359 870 7
359 875 67
359 877 73
359 879 15
359 882 59
359 900 12
359 912 82
359 915 15
359 916 90
359 920 20
359 922 29
359 923 55
359 929 93
359 930 29
359 943 3
359 944 53
359 947 95
359 959 29
359 966 28
359 995 44
359 997 26
360 379 27
360 389 28
360 394 22
360 396 40
360 397 73
360 420 95
360 429 49
360 438 62
360 440 86
360 449 86
360 453 20
360 467 100
360 471 11
360 472 24
360 485 97
360 492 47
360 498 30
360 510 7
360 524 90
360 535 21
360 544 34
360 561 95
360 564 6
360 579 60
360 585 69
360 587 29
360 601 4
360 608 23
360 615 81
360 618 59
360 621 8
360 638 2
360 639 100
360 661 13
360 668 36
360 675 61
360 678 88
360 700 58
360 709 71
360 710 95
360 714 2
360 750 83
360 752 2
360 764 68
360 793 38
360 803 54
360 807 20
360 824 98
360 834 7
360 836 91
360 869 66
360 885 13
360 892 57
360 917 41
360 952 35
360 956 8
360 958 53
360 968 81
360 973 40
360 982 66
361 381 38
361 387 56
361 395 41
361 403 24
361 404 43
361 417 45
361 442 29
361 453 46
361 461 1
361 467 87
361 473 65
361 479 99
361 490 90
361 492 6
361 497 21
361 511 2
361 513 30
361 524 78
361 529 63
361 537 6
361 540 60
361 545 59
361 551 25
361 556 92
361 570 26
361 574 4
361 575 58
361 578 22
361 583 3
361 591 38
361 598 7
361 601 49
361 608 35
361 609 59
361 613 43
361 615 89
361 618 82
361 632 98
361 636 16
361 639 61
361 648 72
361 659 65
361 661 81
361 668 88
361 674 75
361 683 36
361 686 39
361 688 97
361 699 34
361 700 40
361 714 69
361 722 38
361 725 89
361 735 46
361 738 79
361 740 45
361 744 79
361 751 55
361 757 53
361 762 35
361 792 41
361 795 98
361 803 88
361 806 80
361 812 4
361 821 77
361 824 4
361 826 40
361 831 14
361 833 18
361 837 57
361 839 23
361 867 50
361 874 35
361 876 14
361 887 95
361 919 73
361 933 39
361 936 68
361 937 53
361 946 92
361 968 61
361 970 55
361 983 97
361 990 23
361 998 2
361 999 9
362 367 88
362 368 97
362 369 34
362 389 7
362 395 13
362 416 19
362 433 98
362 435 62
362 458 14
362 460 68
362 466 90
362 470 73
362 474 8
362 489 86
362 493 7
362 496 57
362 509 91
362 517 59
362 521 90
362 522 7
362 526 90
362 542 35
362 550 34
362 558 82
362 559 39
362 562 55
362 566 99
362 570 5
362 572 46
362 573 55
362 574 63
362 577 40
362 579 25
362 583 100
362 597 2
362 603 69
362 606 96
362 610 24
362 612 93
362 614 45
362 616 29
362 627 22
362 667 57
362 673 27
362 675 96
362 682 75
362 687 65
362 690 55
362 691 30
362 697 16
362 698 45
362 710 36
362 724 14
362 730 96
362 736 45
362 746 1
362 754 37
362 755 66
362 761 54
362 763 87
362 770 94
362 773 74
362 774 91
362 791 69
362 796 79
362 797 95
362 798 5
362 799 22
362 814 83
362 823 56
362 829 66
362 854 44
362 860 12
362 862 11
362 870 53
362 875 32
362 877 92
362 879 76
362 880 72
362 882 15
362 885 61
362 900 83
362 912 17
362 915 30
362 916 69
362 929 53
362 930 87
362 944 45
362 947 40
362 956 58
362 966 18
362 976 28
362 985 77
362 995 45
363 364 89
363 367 25
363 368 95
363 425 11
363 444 62
363 447 69
363 458 48
363 460 52
363 465 34
363 487 9
363 488 83
363 494 74
363 495 40
363 496 23
363 514 92
363 517 16
363 520 87
363 522 11
363 526 61
363 536 61
363 542 91
363 562 20
363 566 17
363 569 28
363 573 29
363 584 81
363 603 85
363 605 77
363 606 70
363 612 80
363 631 76
363 642 3
363 667 18
363 703 46
363 706 99
363 708 78
363 712 15
363 717 64
363 723 71
363 730 3
363 733 57
363 734 64
363 736 77
363 741 52
363 746 87
363 754 85
363 755 85
363 756 14
363 758 72
363 770 92
363 773 45
363 800 88
363 801 27
363 814 54
363 815 83
363 823 40
363 827 13
363 829 46
363 830 76
363 838 90
363 840 77
363 842 3
363 847 94
363 862 5
363 863 33
363 868 13
363 875 68
363 877 40
363 878 4
363 880 60
363 906 30
363 912 35
363 915 62
363 918 44
363 922 23
363 929 45
363 957 17
363 963 39
363 966 20
363 985 73
363 996 18
363 997 99
364 370 14
364 373 15
364 374 47
364 419 78
364 425 87
364 437 58
364 444 18
364 446 91
364 447 46
364 456 5
364 458 69
364 478 16
364 487 75
364 488 3
364 494 5
364 514 17
364 515 84
364 522 53
364 546 1
364 557 38
364 567 15
364 569 36
364 605 89
364 631 46
364 634 21
364 642 39
364 645 47
364 665 80
364 704 6
364 706 97
364 708 56
364 712 85
364 716 29
364 717 91
364 723 34
364 729 3
364 731 54
364 734 46
364 756 88
364 758 90
364 777 42
364 781 34
364 801 68
364 804 66
364 815 19
364 827 56
364 830 51
364 840 8
364 842 84
364 863 30
364 868 19
364 872 51
364 902 94
364 905 55
364 906 15
364 907 45
364 918 35
364 932 94
364 939 58
364 940 81
364 949 52
364 951 100
364 957 79
364 963 60
364 977 73
364 996 88
365 370 49
365 373 49
365 374 62
365 377 95
365 378 49
365 384 43
365 385 76
365 406 52
365 413 12
365 419 99
365 424 90
365 431 37
365 437 41
365 439 57
365 446 53
365 462 17
365 469 10
365 475 11
365 478 95
365 484 54
365 500 89
365 502 69
365 507 41
365 515 59
365 516 30
365 518 14
365 533 30
365 548 9
365 553 49
365 567 72
365 571 16
365 590 15
365 592 56
365 623 76
365 626 11
365 637 83
365 645 97
365 650 41
365 652 88
365 672 22
365 702 86
365 704 28
365 716 50
365 727 50
365 728 2
365 739 45
365 742 11
365 804 84
365 808 19
365 813 78
365 832 5
365 855 87
365 898 5
365 907 18
365 909 22
365 921 73
365 924 3
365 925 19
365 932 27
365 951 1
365 965 98
365 981 12
365 988 72
366 372 6
366 382 44
366 383 33
366 390 66
366 399 78
366 401 79
366 402 51
366 409 28
366 412 57
366 415 88
366 418 30
366 422 2
366 426 37
366 448 94
366 459 98
366 463 96
366 464 4
366 482 59
366 491 53
366 503 34
366 508 2
366 525 37
366 538 80
366 539 9
366 543 21
366 554 58
366 593 2
366 596 83
366 611 25
366 622 52
366 624 50
366 629 71
366 654 40
366 657 32
366 658 16
366 662 91
366 663 8
366 669 99
366 671 50
366 689 87
366 695 59
366 696 36
366 715 44
366 747 81
366 748 47
366 749 12
366 768 77
366 776 8
366 805 53
366 819 59
366 820 69
366 822 67
366 825 64
366 835 32
366 843 17
366 849 33
366 853 85
366 858 64
366 864 39
366 866 13
366 871 21
366 888 86
366 889 31
366 890 21
366 891 93
366 896 47
366 904 65
366 908 26
366 911 29
366 927 20
366 938 57
366 953 83
366 955 43
366 972 30
366 984 36
366 992 28
366 994 84
367 368 40
367 369 77
367 371 48
367 428 37
367 435 47
367 458 30
367 465 54
367 466 60
367 470 20
367 476 75
367 496 99
367 509 19
367 517 14
367 520 89
367 521 5
367 522 44
367 536 29
367 542 67
367 558 31
367 559 80
367 562 73
367 573 3
367 580 87
367 586 45
367 597 61
367 606 29
367 607 72
367 614 59
367 627 4
367 642 10
367 673 65
367 679 70
367 682 59
367 690 49
367 691 77
367 694 75
367 697 8
367 703 6
367 707 75
367 708 16
367 724 66
367 730 32
367 733 29
367 746 82
367 754 2
367 755 53
367 770 7
367 774 6
367 791 67
367 797 66
367 811 30
367 814 23
367 860 69
367 862 32
367 863 54
367 870 49
367 875 67
367 877 61
367 879 80
367 900 39
367 915 51
367 916 25
367 920 10
367 922 58
367 923 15
367 929 15
367 930 78
367 943 36
367 944 54
367 947 40
367 957 70
367 959 37
367 995 12
367 997 89
368 369 84
368 371 32
368 428 22
368 435 71
368 458 95
368 465 56
368 470 92
368 476 14
368 509 72
368 517 46
368 520 86
368 521 91
368 522 70
368 536 99
368 542 41
368 559 15
368 562 91
368 573 55
368 580 7
368 586 89
368 606 57
368 607 67
368 627 36
368 679 52
368 682 33
368 691 50
368 694 37
368 697 61
368 703 65
368 707 49
368 708 96
368 724 77
368 733 7
368 754 90
368 755 48
368 770 7
368 791 8
368 810 50
368 811 79
368 814 41
368 862 45
368 863 49
368 870 33
368 875 78
368 877 23
368 879 14
368 900 51
368 915 21
368 916 17
368 920 56
368 922 56
368 923 23
368 930 21
368 943 40
368 944 5
368 947 54
368 957 91
368 959 27
368 997 63
369 371 95
369 416 79
369 428 22
369 433 73
369 435 90
369 441 6
369 458 37
369 460 61
369 466 52
369 470 26
369 474 13
369 476 56
369 489 62
369 496 43
369 509 4
369 517 86
369 521 36
369 522 70
369 526 97
369 536 6
369 542 83
369 550 42
369 558 16
369 559 28
369 562 91
369 572 85
369 573 70
369 577 86
369 580 81
369 597 10
369 603 7
369 606 36
369 607 16
369 610 32
369 614 82
369 616 89
369 627 36
369 649 17
369 667 26
369 673 64
369 679 49
369 682 82
369 687 43
369 690 17
369 691 39
369 694 75
369 697 67
369 703 65
369 707 19
369 724 2
369 730 24
369 733 20
369 746 2
369 754 38
369 755 19
369 761 74
369 763 88
369 770 64
369 774 24
369 791 51
369 796 21
369 797 36
369 798 88
369 799 6
369 811 30
369 814 46
369 823 60
369 829 45
369 854 52
369 860 53
369 862 91
369 863 25
369 870 59
369 875 23
369 877 41
369 879 50
369 882 10
369 900 14
369 912 33
369 915 98
369 916 55
369 920 47
369 922 86
369 923 97
369 929 3
369 930 91
369 944 25
369 947 39
369 959 19
369 966 15
369 995 6
370 373 34
370 374 87
370 378 49
370 380 36
370 385 13
370 406 44
370 408 58
370 413 86
370 419 2
370 424 50
370 431 41
370 437 69
370 444 10
370 446 79
370 447 68
370 462 88
370 469 19
370 472 55
370 478 90
370 484 67
370 487 12
370 488 41
370 495 90
370 500 24
370 514 25
370 515 45
370 518 64
370 533 80
370 553 82
370 567 92
370 568 22
370 569 26
370 571 32
370 584 80
370 590 84
370 592 35
370 602 4
370 605 63
370 623 75
370 628 99
370 631 98
370 637 59
370 643 93
370 645 40
370 650 95
370 652 12
370 665 96
370 670 50
370 672 59
370 702 51
370 704 29
370 706 92
370 712 40
370 713 61
370 716 87
370 717 52
370 719 1
370 723 69
370 727 5
370 728 39
370 734 43
370 741 77
370 742 14
370 756 4
370 783 84
370 800 76
370 801 27
370 804 78
370 813 21
370 816 40
370 838 34
370 840 36
370 847 76
370 855 4
370 873 21
370 902 68
370 906 11
370 907 11
370 918 59
370 921 64
370 924 7
370 925 20
370 932 55
370 951 67
370 954 12
370 960 56
370 963 77
370 965 48
370 981 3
370 996 55
371 428 97
371 435 3
371 441 41
371 458 59
371 465 100
371 470 64
371 476 99
371 509 20
371 517 8
371 520 95
371 521 48
371 536 52
371 542 57
371 559 19
371 562 81
371 573 94
371 580 73
371 586 46
371 606 98
371 607 19
371 627 54
371 679 33
371 682 90
371 691 67
371 694 72
371 697 42
371 703 68
371 707 80
371 708 30
371 724 84
371 733 59
371 754 74
371 755 93
371 770 51
371 791 93
371 810 97
371 811 26
371 814 69
371 862 22
371 870 67
371 875 5
371 877 89
371 879 53
371 900 2
371 903 84
371 910 75
371 915 5
371 916 36
371 920 38
371 922 86
371 923 65
371 930 34
371 943 29
371 944 53
371 947 1
371 959 83
371 997 68
372 382 25
372 386 52
372 399 61
372 401 25
372 402 77
372 409 94
372 412 46
372 415 44
372 422 81
372 426 67
372 434 11
372 448 88
372 459 58
372 463 59
372 464 79
372 482 67
372 491 2
372 503 57
372 508 98
372 538 85
372 539 5
372 543 77
372 554 5
372 593 45
372 596 30
372 622 39
372 624 73
372 629 48
372 657 45
372 658 96
372 663 60
372 671 66
372 689 90
372 695 32
372 696 62
372 715 62
372 747 5
372 748 30
372 749 9
372 768 84
372 776 34
372 817 33
372 819 25
372 820 49
372 822 84
372 825 4
372 835 21
372 843 22
372 849 100
372 853 87
372 864 84
372 866 97
372 871 12
372 883 68
372 888 50
372 889 35
372 890 16
372 891 91
372 896 95
372 908 28
372 927 89
372 938 55
372 953 62
372 955 69
372 979 58
372 994 43
373 374 29
373 378 35
373 384 60
373 385 68
373 406 93
373 413 91
373 419 80
373 424 75
373 425 62
373 437 55
373 444 86
373 446 74
373 447 10
373 456 20
373 462 78
373 469 52
373 478 91
373 484 34
373 487 87
373 488 50
373 494 51
373 495 15
373 514 38
373 515 25
373 533 62
373 553 8
373 567 32
373 569 88
373 571 28
373 590 50
373 592 7
373 605 58
373 623 9
373 628 74
373 634 79
373 637 37
373 643 52
373 645 87
373 650 49
373 652 2
373 665 8
373 670 70
373 672 1
373 702 53
373 704 98
373 706 39
373 712 4
373 716 95
373 717 54
373 723 94
373 727 24
373 728 92
373 729 73
373 731 70
373 734 52
373 742 67
373 756 39
373 781 48
373 801 2
373 804 9
373 813 69
373 840 85
373 855 50
373 902 46
373 905 100
373 906 78
373 907 39
373 909 65
373 918 11
373 921 74
373 924 59
373 925 43
373 932 83
373 951 19
373 954 69
373 960 20
373 963 7
373 965 57
373 981 64
373 996 5
374 378 68
374 384 35
374 385 94
374 413 14
374 419 33
374 437 14
374 446 11
374 456 2
374 462 56
374 469 9
374 475 12
374 478 49
374 484 45
374 502 65
374 515 33
374 516 21
374 533 81
374 546 75
374 548 10
374 557 8
374 567 97
374 626 87
374 634 90
374 637 55
374 645 60
374 652 53
374 665 62
374 672 23
374 704 37
374 716 91
374 717 92
374 723 57
374 727 10
374 728 74
374 729 47
374 731 49
374 739 27
374 781 81
374 789 37
374 801 17
374 804 6
374 813 10
374 872 3
374 898 24
374 902 29
374 907 43
374 909 71
374 924 88
374 925 86
374 932 61
374 939 65
374 940 53
374 949 64
374 951 1
374 965 81
374 977 92
374 981 44
374 988 44
374 996 59
375 388 61
375 390 53
375 392 84
375 397 40
375 400 16
375 432 99
375 436 54
375 438 29
375 449 94
375 468 19
375 480 3
375 481 62
375 483 88
375 506 38
375 519 64
375 528 93
375 534 85
375 561 18
375 587 9
375 595 65
375 599 63
375 617 61
375 622 100
375 630 21
375 635 48
375 641 16
375 644 13
375 651 53
375 653 48
375 655 38
375 660 9
375 666 99
375 669 23
375 678 14
375 685 84
375 705 43
375 721 86
375 732 72
375 745 9
375 753 26
375 759 62
375 760 81
375 766 82
375 769 21
375 771 3
375 787 64
375 790 85
375 802 9
375 836 80
375 848 18
375 851 97
375 852 61
375 856 72
375 858 67
375 881 28
375 892 36
375 899 83
375 901 48
375 914 55
375 934 23
375 952 59
375 964 60
375 969 90
375 978 6
375 980 2
375 986 43
375 992 27
375 993 30
376 428 84
376 441 11
376 476 24
376 501 40
376 512 71
376 523 22
376 550 87
376 565 1
376 586 56
376 588 88
376 600 58
376 619 16
376 640 80
376 649 89
376 679 20
376 680 44
376 692 8
376 743 25
376 810 20
376 846 39
376 859 38
376 886 50
376 903 15
376 910 21
376 928 3
376 942 42
376 959 69
377 378 23
377 384 55
377 385 44
377 405 92
377 408 86
377 413 91
377 423 47
377 431 77
377 439 79
377 455 83
377 462 76
377 469 87
377 475 79
377 484 21
377 500 76
377 505 84
377 507 51
377 518 56
377 533 78
377 548 81
377 553 9
377 590 47
377 592 53
377 637 56
377 652 91
377 672 11
377 702 22
377 727 47
377 728 87
377 808 64
377 813 67
377 818 80
377 832 70
377 909 7
377 924 61
377 925 93
377 945 34
377 965 32
377 981 92
377 987 90
378 384 66
378 385 22
378 406 15
378 408 21
378 413 16
378 423 93
378 424 74
378 431 30
378 437 91
378 439 56
378 455 24
378 462 18
378 469 2
378 475 21
378 478 96
378 484 36
378 500 82
378 507 17
378 515 56
378 518 39
378 533 72
378 548 52
378 553 72
378 567 88
378 571 37
378 590 90
378 592 1
378 623 1
378 637 44
378 643 76
378 650 19
378 652 8
378 672 91
378 702 25
378 704 70
378 719 6
378 727 33
378 728 56
378 742 98
378 804 56
378 808 24
378 813 52
378 818 72
378 832 3
378 855 63
378 898 20
378 907 65
378 909 88
378 921 91
378 924 36
378 925 30
378 932 74
378 945 89
378 965 64
378 981 88
378 987 28
379 383 41
379 390 14
379 396 71
379 397 86
379 420 82
379 429 65
379 438 23
379 440 69
379 449 5
379 467 29
379 468 31
379 471 61
379 483 18
379 485 10
379 498 32
379 510 92
379 525 40
379 535 89
379 544 91
379 552 58
379 561 50
379 564 41
379 585 8
379 587 97
379 599 11
379 611 19
379 617 93
379 621 36
379 630 7
379 635 55
379 641 15
379 656 39
379 662 27
379 663 76
379 669 63
379 678 35
379 705 76
379 709 9
379 750 81
379 752 30
379 764 34
379 768 7
379 787 53
379 793 80
379 805 73
379 807 1
379 836 54
379 850 43
379 852 57
379 858 54
379 892 38
379 904 82
379 911 7
379 917 34
379 934 69
379 952 29
379 972 10
379 973 18
379 982 51
379 984 9
380 383 75
380 406 59
380 408 28
380 420 87
380 423 18
380 424 96
380 429 15
380 431 45
380 440 2
380 447 2
380 455 97
380 462 21
380 469 96
380 472 68
380 484 97
380 487 77
380 498 49
380 500 8
380 518 8
380 525 58
380 533 23
380 544 50
380 552 31
380 553 77
380 568 71
380 571 68
380 585 30
380 590 53
380 592 89
380 602 50
380 621 28
380 623 17
380 628 17
380 637 54
380 643 11
380 650 41
380 656 87
380 670 79
380 684 34
380 702 50
380 713 63
380 719 95
380 742 29
380 764 35
380 783 42
380 788 7
380 793 53
380 807 95
380 808 2
380 813 96
380 816 49
380 850 49
380 855 96
380 873 32
380 904 35
380 921 52
380 954 50
380 960 3
380 972 100
381 387 41
381 395 59
381 403 14
381 404 55
381 417 23
381 442 88
381 454 67
381 457 76
381 461 19
381 473 9
381 477 73
381 479 69
381 489 54
381 497 51
381 529 14
381 530 84
381 537 19
381 551 7
381 555 29
381 556 34
381 563 67
381 570 3
381 574 38
381 575 44
381 582 56
381 583 40
381 591 23
381 594 95
381 598 70
381 604 1
381 613 74
381 618 67
381 636 70
381 647 52
381 659 60
381 676 41
381 683 79
381 686 22
381 688 15
381 699 34
381 722 62
381 725 61
381 726 36
381 735 28
381 738 85
381 740 24
381 744 73
381 762 60
381 763 6
381 772 94
381 785 73
381 792 52
381 812 14
381 821 81
381 837 32
381 839 86
381 841 12
381 857 85
381 867 86
381 874 17
381 876 19
381 887 49
381 897 58
381 933 11
381 935 87
381 936 27
381 937 9
381 946 4
381 970 87
381 971 81
381 976 10
381 983 97
381 998 28
382 399 36
382 402 42
382 405 17
382 409 72
382 412 59
382 415 33
382 423 61
382 426 58
382 448 51
382 455 57
382 459 5
382 463 91
382 482 88
382 491 14
382 503 100
382 505 91
382 508 79
382 538 54
382 539 48
382 543 25
382 554 75
382 593 16
382 596 61
382 629 58
382 657 93
382 658 11
382 689 11
382 695 33
382 715 23
382 747 46
382 749 76
382 776 90
382 818 41
382 819 44
382 822 54
382 835 95
382 843 82
382 849 69
382 866 30
382 871 57
382 889 11
382 896 90
382 908 22
382 927 35
382 938 28
382 945 13
382 953 32
382 994 25
383 390 34
383 408 88
383 415 27
383 420 36
383 422 11
383 423 91
383 426 56
383 429 26
383 431 20
383 438 3
383 440 2
383 455 77
383 464 25
383 471 43
383 491 10
383 498 87
383 500 12
383 508 48
383 510 43
383 525 86
383 544 23
383 552 81
383 568 31
383 585 13
383 596 74
383 599 47
383 602 51
383 611 53
383 628 16
383 643 55
383 656 42
383 662 53
383 663 33
383 669 73
383 684 78
383 689 79
383 695 19
383 713 13
383 715 2
383 719 1
383 742 29
383 764 18
383 768 76
383 787 60
383 788 81
383 793 14
383 805 57
383 807 85
383 819 86
383 850 13
383 864 66
383 866 58
383 871 62
383 889 74
383 904 66
383 908 83
383 911 78
383 927 51
383 953 13
383 972 67
383 984 17
384 385 53
384 413 25
384 437 77
384 439 40
384 462 22
384 469 10
384 475 48
384 478 90
384 484 17
384 502 96
384 507 3
384 515 30
384 516 38
384 518 40
384 533 16
384 548 25
384 553 33
384 567 72
384 592 15
384 623 22
384 626 72
384 637 33
384 652 15
384 672 39
384 702 90
384 704 64
384 727 40
384 728 34
384 789 51
384 804 81
384 808 4
384 813 5
384 818 14
384 832 51
384 898 23
384 907 13
384 909 92
384 924 89
384 925 90
384 965 38
384 981 79
384 987 49
384 988 45
385 406 88
385 408 18
385 413 58
385 419 51
385 424 20
385 431 9
385 437 78
385 439 71
385 446 20
385 447 93
385 455 11
385 462 90
385 469 91
385 475 24
385 478 45
385 484 79
385 487 45
385 500 100
385 502 67
385 507 27
385 515 1
385 516 70
385 518 19
385 533 48
385 548 19
385 553 56
385 567 34
385 571 20
385 590 32
385 592 2
385 623 54
385 626 7
385 628 96
385 637 88
385 643 61
385 645 31
385 650 38
385 652 15
385 672 92
385 702 70
385 704 69
385 712 29
385 716 69
385 717 97
385 719 83
385 723 33
385 727 27
385 728 37
385 742 38
385 801 51
385 804 21
385 808 91
385 813 92
385 832 64
385 855 85
385 898 53
385 907 19
385 909 50
385 921 22
385 924 1
385 925 16
385 932 96
385 951 42
385 960 73
385 965 59
385 981 57
385 988 26
385 996 39
386 399 51
386 402 13
386 409 71
386 410 63
386 411 49
386 418 2
386 434 52
386 459 100
386 463 32
386 486 78
386 503 75
386 504 33
386 538 32
386 539 95
386 547 30
386 593 29
386 624 56
386 654 70
386 658 29
386 677 93
386 696 87
386 718 69
386 720 5
386 737 57
386 748 63
386 749 60
386 775 27
386 776 66
386 794 59
386 817 31
386 820 87
386 825 34
386 843 28
386 853 88
386 883 62
386 888 56
386 890 7
386 891 22
386 893 5
386 896 89
386 913 52
386 955 75
386 979 33
387 389 83
387 395 1
387 396 52
387 404 78
387 417 57
387 433 43
387 442 76
387 453 56
387 461 24
387 467 21
387 473 100
387 489 83
387 492 36
387 493 84
387 497 10
387 511 59
387 513 68
387 524 65
387 537 61
387 551 95
387 570 68
387 574 34
387 575 37
387 577 79
387 578 66
387 583 97
387 591 83
387 598 89
387 601 40
387 608 58
387 610 66
387 613 10
387 615 24
387 618 83
387 636 100
387 639 79
387 659 85
387 661 89
387 668 57
387 675 97
387 676 38
387 683 21
387 686 95
387 688 67
387 699 80
387 700 5
387 710 64
387 714 31
387 725 29
387 735 47
387 738 56
387 740 7
387 751 49
387 757 85
387 762 5
387 763 4
387 792 93
387 803 92
387 806 73
387 812 87
387 821 11
387 824 84
387 831 96
387 833 31
387 834 44
387 839 28
387 867 19
387 874 88
387 876 58
387 887 36
387 917 19
387 936 25
387 946 92
387 958 62
387 968 100
387 970 3
387 976 7
387 983 95
387 990 68
387 998 10
388 390 29
388 392 61
388 393 34
388 401 35
388 410 67
388 418 20
388 432 91
388 436 21
388 481 20
388 486 10
388 519 9
388 528 52
388 595 2
388 622 62
388 635 1
388 646 25
388 653 87
388 654 38
388 660 54
388 666 26
388 671 69
388 677 7
388 685 70
388 705 93
388 720 22
388 745 89
388 748 53
388 766 12
388 769 42
388 771 87
388 790 30
388 794 70
388 802 61
388 820 84
388 848 3
388 851 7
388 852 19
388 856 13
388 858 86
388 881 98
388 888 79
388 913 48
388 964 22
388 978 27
388 980 1
388 986 13
388 992 100
389 395 50
389 396 41
389 417 16
389 433 17
389 453 36
389 460 65
389 470 50
389 472 67
389 489 25
389 492 83
389 493 28
389 496 5
389 524 42
389 526 69
389 535 37
389 558 49
389 564 97
389 566 11
389 570 31
389 574 93
389 577 98
389 579 23
389 583 23
389 597 56
389 598 19
389 601 19
389 608 56
389 610 18
389 612 37
389 613 67
389 615 75
389 618 55
389 621 35
389 639 53
389 661 46
389 667 41
389 668 53
389 673 43
389 675 23
389 710 20
389 714 69
389 730 81
389 736 45
389 746 86
389 752 82
389 757 75
389 761 42
389 763 13
389 773 52
389 796 68
389 798 54
389 803 64
389 816 74
389 821 78
389 823 12
389 824 31
389 829 51
389 834 39
389 860 38
389 876 96
389 878 75
389 880 69
389 885 72
389 912 29
389 917 48
389 929 98
389 930 60
389 956 73
389 958 3
389 966 69
389 968 50
389 973 53
389 976 40
389 982 38
390 392 68
390 397 95
390 401 24
390 409 55
390 410 50
390 418 34
390 422 9
390 426 73
390 432 82
390 438 41
390 449 52
390 464 96
390 468 1
390 471 12
390 483 27
390 510 53
390 519 18
390 525 46
390 528 93
390 544 86
390 561 79
390 587 56
390 595 29
390 599 6
390 611 93
390 617 82
390 622 18
390 630 65
390 635 78
390 641 99
390 654 43
390 660 76
390 662 67
390 663 65
390 666 68
390 669 83
390 671 52
390 678 50
390 685 75
390 689 75
390 705 3
390 709 3
390 715 3
390 748 62
390 749 38
390 766 23
390 768 36
390 769 27
390 787 21
390 790 68
390 802 34
390 805 95
390 819 55
390 820 41
390 825 6
390 836 93
390 843 34
390 851 70
390 852 82
390 856 94
390 858 53
390 864 42
390 866 29
390 871 33
390 881 47
390 888 15
390 892 85
390 908 37
390 911 63
390 934 44
390 952 8
390 953 52
390 972 27
390 978 15
390 980 56
390 984 69
390 992 81
391 398 25
391 407 65
391 421 31
391 430 83
391 443 22
391 445 74
391 450 69
391 451 84
391 452 48
391 499 31
391 527 65
391 531 98
391 540 62
391 576 98
391 581 45
391 589 71
391 620 35
391 625 67
391 632 27
391 681 24
391 693 61
391 765 89
391 767 47
391 778 73
391 779 94
391 780 26
391 782 18
391 786 6
391 809 33
391 826 73
391 844 28
391 845 49
391 865 12
391 884 78
391 894 25
391 895 24
391 931 40
391 941 36
391 948 69
391 950 52
391 961 94
391 962 20
391 967 83
391 974 94
391 975 3
391 991 70
391 999 98
392 393 10
392 401 100
392 410 22
392 418 23
392 432 48
392 436 73
392 468 37
392 481 44
392 483 40
392 486 70
392 506 88
392 519 33
392 528 63
392 534 20
392 595 17
392 599 77
392 617 44
392 622 76
392 630 62
392 635 6
392 641 54
392 646 96
392 651 36
392 653 24
392 654 17
392 660 24
392 666 73
392 671 39
392 677 8
392 685 10
392 705 54
392 732 69
392 745 8
392 748 74
392 753 64
392 760 77
392 766 24
392 769 5
392 771 42
392 790 60
392 794 41
392 802 91
392 820 33
392 848 41
392 851 38
392 852 96
392 856 2
392 858 81
392 881 43
392 901 11
392 913 20
392 934 32
392 964 92
392 969 4
392 978 39
392 980 32
392 986 91
392 992 22
393 401 41
393 410 36
393 418 83
393 432 11
393 436 11
393 481 4
393 486 95
393 504 31
393 519 13
393 528 89
393 547 26
393 622 68
393 624 95
393 646 47
393 653 95
393 654 15
393 660 27
393 666 80
393 671 5
393 677 11
393 685 42
393 718 35
393 720 9
393 748 10
393 766 77
393 769 37
393 771 70
393 775 12
393 790 49
393 794 100
393 802 2
393 817 59
393 820 82
393 848 41
393 856 26
393 881 33
393 888 58
393 891 60
393 913 11
393 964 66
393 978 72
393 979 23
393 980 21
393 992 61
394 396 8
394 397 88
394 400 83
394 417 93
394 427 32
394 442 18
394 449 94
394 453 17
394 467 39
394 468 34
394 473 38
394 480 9
394 483 73
394 485 16
394 490 52
394 492 49
394 511 80
394 513 8
394 534 13
394 535 90
394 545 43
394 575 85
394 578 84
394 587 2
394 601 12
394 608 23
394 609 49
394 613 49
394 615 81
394 617 35
394 618 42
394 630 16
394 638 67
394 639 77
394 644 65
394 648 36
394 661 39
394 668 49
394 674 20
394 678 15
394 700 2
394 709 57
394 714 97
394 721 80
394 735 49
394 740 99
394 751 61
394 752 8
394 759 94
394 760 33
394 767 14
394 795 60
394 803 2
394 806 13
394 824 99
394 826 77
394 831 22
394 833 36
394 836 89
394 869 2
394 892 69
394 899 96
394 901 22
394 914 62
394 917 77
394 952 55
394 968 55
394 982 63
394 990 26
394 993 90
395 404 33
395 416 39
395 417 59
395 433 19
395 453 86
395 454 39
395 457 21
395 461 54
395 466 68
395 470 93
395 474 35
395 489 4
395 493 68
395 496 82
395 524 2
395 526 75
395 551 43
395 555 26
395 558 6
395 563 42
395 570 33
395 572 40
395 574 44
395 577 35
395 583 17
395 591 71
395 594 54
395 597 32
395 598 95
395 604 95
395 610 41
395 613 55
395 614 81
395 615 84
395 616 39
395 618 12
395 627 11
395 636 40
395 639 91
395 668 47
395 673 39
395 675 22
395 676 52
395 687 51
395 688 92
395 690 1
395 691 98
395 698 25
395 710 40
395 711 43
395 726 12
395 746 31
395 757 70
395 761 22
395 763 41
395 774 78
395 784 63
395 785 7
395 791 81
395 792 39
395 796 8
395 798 11
395 799 52
395 821 40
395 823 26
395 839 43
395 841 52
395 854 3
395 860 88
395 867 89
395 874 65
395 876 34
395 879 95
395 882 4
395 887 66
395 900 90
395 926 81
395 930 57
395 936 24
395 947 86
395 956 8
395 966 88
395 968 2
395 976 45
395 995 63
396 397 59
396 417 48
396 433 8
396 440 48
396 449 21
396 453 100
396 467 8
396 471 87
396 472 52
396 485 86
396 492 48
396 498 15
396 524 5
396 535 41
396 544 60
396 564 30
396 566 81
396 579 77
396 583 31
396 598 28
396 601 82
396 608 21
396 612 96
396 615 19
396 618 98
396 621 91
396 639 70
396 661 37
396 668 30
396 675 40
396 700 64
396 709 25
396 710 87
396 714 52
396 750 20
396 752 65
396 757 6
396 764 72
396 773 20
396 798 35
396 803 5
396 807 11
396 816 96
396 823 51
396 824 51
396 834 8
396 876 51
396 878 87
396 880 29
396 885 43
396 912 55
396 917 92
396 956 50
396 958 36
396 966 16
396 968 69
396 973 26
396 982 21
397 438 59
397 449 36
397 467 48
397 468 37
397 471 34
397 483 8
397 485 90
397 498 79
397 510 94
397 535 84
397 544 58
397 561 74
397 564 16
397 587 93
397 599 20
397 601 77
397 608 64
397 611 66
397 617 25
397 621 76
397 630 98
397 635 58
397 638 19
397 641 23
397 644 30
397 661 41
397 662 35
397 668 44
397 669 13
397 678 88
397 700 41
397 705 21
397 709 89
397 714 91
397 750 42
397 752 66
397 760 45
397 787 74
397 803 83
397 805 48
397 807 21
397 824 75
397 836 21
397 852 47
397 869 48
397 892 65
397 901 88
397 911 34
397 914 83
397 917 25
397 934 19
397 952 44
397 973 22
397 982 39
397 984 86
397 993 55
398 407 22
398 430 62
398 443 59
398 450 72
398 451 35
398 499 77
398 531 46
398 532 51
398 560 48
398 581 22
398 620 49
398 625 75
398 681 64
398 693 49
398 765 66
398 778 52
398 779 7
398 780 11
398 782 39
398 786 35
398 809 77
398 828 48
398 844 7
398 845 56
398 865 74
398 884 64
398 894 28
398 895 31
398 931 53
398 941 1
398 948 83
398 950 67
398 974 43
398 989 20
398 991 60
399 402 74
399 409 49
399 411 20
399 412 1
399 426 43
399 434 26
399 448 25
399 459 63
399 463 88
399 464 88
399 482 3
399 491 79
399 503 18
399 504 41
399 508 20
399 538 51
399 539 33
399 543 30
399 547 89
399 593 62
399 596 2
399 624 15
399 629 23
399 654 8
399 657 36
399 658 27
399 671 61
399 689 74
399 695 91
399 696 90
399 715 66
399 718 15
399 720 15
399 737 78
399 747 17
399 748 19
399 749 40
399 775 26
399 776 81
399 817 91
399 819 10
399 820 14
399 822 77
399 825 64
399 843 29
399 853 39
399 864 5
399 866 78
399 871 74
399 883 4
399 888 22
399 889 56
399 890 6
399 891 45
399 893 95
399 896 25
399 908 80
399 927 11
399 938 27
399 953 54
399 955 12
399 979 7
399 994 47
400 427 85
400 436 32
400 443 5
400 449 3
400 451 79
400 468 47
400 480 86
400 483 56
400 485 74
400 490 83
400 499 93
400 506 4
400 532 67
400 534 62
400 560 38
400 578 66
400 587 89
400 595 90
400 609 98
400 617 56
400 620 15
400 630 56
400 635 96
400 638 16
400 641 57
400 644 55
400 648 22
400 651 62
400 655 30
400 664 88
400 666 21
400 674 49
400 681 28
400 700 97
400 705 68
400 721 29
400 732 96
400 745 64
400 753 15
400 759 35
400 760 99
400 765 48
400 767 60
400 828 29
400 836 91
400 844 5
400 845 89
400 851 6
400 869 60
400 892 50
400 899 4
400 901 44
400 914 87
400 931 3
400 948 79
400 950 79
400 952 35
400 969 13
400 978 33
400 986 39
400 989 27
400 993 21
401 409 77
401 410 79
401 418 14
401 422 95
401 426 74
401 432 5
401 438 37
401 459 14
401 464 68
401 486 28
401 503 45
401 508 30
401 519 23
401 528 32
401 538 32
401 561 17
401 593 14
401 599 57
401 611 23
401 622 4
401 624 25
401 635 7
401 641 98
401 646 14
401 654 25
401 660 90
401 662 31
401 663 86
401 666 53
401 669 59
401 671 22
401 677 60
401 685 51
401 689 75
401 695 86
401 696 75
401 705 55
401 715 2
401 720 67
401 748 35
401 749 99
401 766 71
401 768 83
401 769 74
401 776 11
401 787 56
401 790 70
401 794 94
401 802 67
401 805 68
401 819 23
401 820 41
401 822 53
401 825 90
401 843 7
401 852 61
401 856 85
401 858 83
401 864 30
401 866 49
401 871 96
401 881 51
401 888 33
401 889 76
401 891 10
401 896 29
401 908 69
401 911 56
401 913 25
401 927 23
401 934 48
401 953 19
401 955 8
401 964 22
401 978 25
401 980 44
401 984 44
401 992 2
402 409 87
402 412 98
402 415 71
402 426 25
402 434 60
402 448 100
402 459 30
402 463 26
402 482 21
402 491 82
402 503 1
402 508 92
402 538 42
402 539 77
402 543 26
402 547 34
402 554 93
402 593 54
402 596 40
402 624 86
402 629 47
402 657 82
402 658 81
402 689 63
402 695 47
402 696 89
402 737 20
402 747 23
402 749 54
402 776 77
402 817 36
402 822 69
402 825 7
402 835 7
402 843 24
402 849 90
402 853 16
402 866 8
402 871 78
402 883 42
402 888 2
402 889 57
402 890 46
402 891 50
402 896 81
402 908 60
402 927 97
402 938 79
402 955 25
402 979 77
402 994 75
403 404 5
403 421 15
403 442 9
403 445 64
403 450 10
403 452 54
403 473 20
403 479 17
403 497 26
403 511 48
403 513 11
403 527 30
403 529 30
403 531 59
403 537 86
403 540 25
403 545 80
403 549 84
403 551 89
403 556 41
403 575 76
403 576 57
403 589 55
403 625 67
403 632 7
403 647 4
403 659 59
403 683 26
403 686 72
403 699 23
403 722 91
403 725 26
403 735 67
403 738 61
403 740 83
403 744 83
403 751 100
403 762 20
403 780 83
403 782 47
403 795 82
403 806 100
403 812 6
403 826 51
403 831 33
403 833 11
403 837 57
403 867 80
403 884 75
403 895 88
403 919 21
403 933 41
403 936 57
403 937 25
403 941 54
403 946 57
403 961 48
403 962 72
403 967 88
403 970 4
403 971 17
403 975 100
403 983 38
403 990 59
403 998 14
403 999 12
404 417 24
404 442 99
404 453 79
404 461 49
404 473 54
404 479 48
404 492 37
404 497 87
404 511 59
404 513 19
404 524 51
404 529 10
404 530 50
404 537 78
404 540 28
404 545 44
404 549 54
404 551 54
404 556 74
404 570 93
404 574 97
404 575 43
404 576 53
404 583 78
404 591 20
404 594 83
404 598 32
404 608 57
404 613 86
404 615 39
404 618 80
404 636 32
404 639 88
404 647 4
404 659 100
404 668 99
404 676 94
404 683 33
404 686 18
404 688 8
404 699 89
404 714 33
404 722 79
404 725 68
404 726 67
404 735 91
404 738 85
404 740 21
404 744 93
404 751 15
404 757 58
404 762 62
404 772 71
404 785 34
404 792 66
404 795 36
404 803 79
404 806 94
404 812 41
404 821 96
404 831 80
404 833 33
404 837 3
404 839 59
404 867 69
404 874 61
404 876 10
404 887 93
404 897 9
404 919 38
404 933 71
404 935 4
404 936 57
404 937 29
404 946 5
404 968 55
404 970 66
404 971 62
404 976 15
404 983 82
404 990 89
404 998 44
404 999 51
405 408 18
405 412 91
405 415 33
405 423 25
405 431 6
405 439 54
405 455 37
405 482 42
405 491 47
405 500 1
405 505 65
405 507 15
405 508 87
405 518 9
405 533 47
405 543 21
405 554 55
405 592 77
405 596 82
405 629 10
405 637 74
405 657 6
405 684 49
405 695 71
405 719 57
405 747 43
405 788 72
405 808 29
405 818 78
405 822 1
405 832 41
405 835 16
405 849 57
405 871 31
405 889 72
405 904 22
405 908 83
405 938 25
405 945 44
405 972 5
405 981 29
405 987 88
405 994 2
406 408 98
406 413 77
406 419 48
406 420 75
406 424 52
406 429 66
406 431 11
406 444 98
406 447 83
406 462 61
406 469 31
406 472 85
406 478 28
406 484 82
406 487 55
406 488 69
406 495 60
406 500 76
406 515 88
406 518 89
406 533 41
406 553 65
406 567 85
406 568 87
406 569 3
406 571 56
406 584 36
406 590 44
406 592 49
406 602 75
406 623 31
406 628 2
406 637 61
406 643 99
406 650 38
406 652 70
406 670 8
406 672 49
406 702 12
406 704 83
406 712 68
406 713 76
406 716 74
406 717 23
406 719 25
406 723 91
406 727 83
406 728 27
406 741 66
406 742 47
406 783 68
406 788 74
406 800 30
406 801 37
406 804 94
406 813 89
406 816 98
406 838 32
406 840 62
406 847 33
406 855 43
406 873 24
406 907 47
406 921 9
406 925 41
406 932 57
406 951 100
406 954 48
406 960 28
406 963 36
406 981 72
406 996 2
407 421 47
407 430 80
407 443 90
407 445 55
407 450 51
407 451 28
407 452 89
407 499 35
407 527 24
407 531 80
407 540 19
407 576 1
407 581 81
407 589 55
407 625 74
407 632 49
407 681 88
407 693 96
407 778 19
407 779 8
407 780 12
407 782 22
407 786 26
407 809 60
407 844 44
407 865 4
407 884 93
407 894 60
407 895 30
407 919 55
407 931 4
407 941 31
407 961 86
407 962 39
407 967 66
407 974 46
407 975 53
407 991 82
407 999 75
408 420 47
408 423 55
408 424 90
408 429 36
408 431 32
408 440 91
408 447 39
408 455 91
408 462 43
408 469 16
408 478 22
408 484 93
408 487 53
408 498 58
408 500 18
408 507 73
408 518 100
408 525 82
408 533 67
408 552 69
408 553 8
408 568 65
408 571 49
408 585 54
408 590 67
408 592 10
408 602 33
408 623 8
408 628 84
408 637 57
408 643 5
408 650 21
408 652 33
408 656 50
408 670 34
408 684 40
408 702 70
408 713 76
408 719 14
408 727 28
408 728 28
408 742 77
408 764 84
408 783 24
408 788 61
408 793 28
408 807 94
408 808 30
408 813 92
408 850 25
408 855 42
408 873 99
408 904 68
408 921 11
408 925 17
408 932 57
408 954 88
408 960 64
408 972 42
408 981 25
409 410 66
409 412 60
409 415 54
409 418 61
409 422 26
409 426 43
409 432 72
409 434 22
409 448 45
409 459 18
409 463 87
409 464 24
409 482 7
409 491 24
409 503 18
409 508 83
409 525 28
409 528 90
409 538 8
409 539 47
409 543 52
409 554 24
409 593 96
409 596 39
409 611 67
409 622 27
409 624 24
409 629 49
409 654 1
409 657 80
409 658 44
409 660 78
409 662 73
409 663 75
409 669 1
409 671 94
409 689 47
409 695 30
409 696 33
409 715 66
409 720 41
409 747 40
409 748 21
409 749 74
409 766 40
409 768 16
409 769 14
409 776 49
409 805 64
409 817 86
409 819 29
409 820 49
409 822 58
409 825 26
409 835 19
409 843 95
409 849 44
409 853 37
409 858 80
409 864 96
409 866 20
409 871 6
409 883 91
409 888 86
409 889 31
409 890 29
409 891 67
409 896 57
409 908 67
409 911 35
409 913 21
409 927 6
409 938 29
409 953 13
409 955 100
409 972 38
409 984 7
409 992 74
409 994 24
410 418 70
410 422 70
410 426 17
410 432 25
410 434 65
410 436 56
410 464 7
410 481 45
410 486 64
410 504 93
410 519 36
410 528 25
410 538 13
410 547 99
410 593 80
410 622 52
410 624 62
410 635 81
410 646 11
410 653 20
410 654 77
410 660 67
410 663 12
410 666 78
410 669 3
410 671 47
410 677 96
410 685 62
410 689 6
410 696 18
410 705 96
410 715 80
410 718 24
410 720 25
410 748 68
410 749 40
410 766 70
410 768 6
410 769 72
410 771 52
410 775 18
410 776 4
410 790 80
410 794 79
410 802 98
410 817 41
410 819 17
410 820 55
410 825 3
410 843 59
410 848 19
410 852 9
410 856 43
410 858 37
410 864 77
410 881 49
410 888 85
410 891 84
410 896 87
410 913 12
410 953 20
410 955 25
410 964 88
410 978 16
410 979 7
410 980 86
410 992 26
411 434 46
411 486 5
411 504 23
411 547 56
411 624 90
411 658 20
411 677 66
411 696 67
411 718 81
411 720 47
411 737 70
411 775 83
411 776 65
411 794 59
411 817 83
411 853 60
411 883 24
411 890 87
411 891 85
411 893 10
411 896 47
411 955 7
411 979 71
412 415 81
412 422 22
412 423 13
412 426 68
412 448 23
412 455 5
412 459 58
412 463 3
412 464 82
412 482 17
412 491 75
412 503 25
412 505 74
412 508 85
412 538 79
412 539 93
412 543 79
412 554 64
412 593 60
412 596 7
412 629 93
412 657 21
412 658 21
412 689 60
412 695 63
412 715 11
412 747 92
412 749 12
412 776 89
412 818 15
412 819 61
412 822 30
412 825 92
412 835 5
412 843 3
412 849 90
412 864 78
412 866 10
412 871 71
412 889 57
412 896 79
412 908 82
412 927 77
412 938 81
412 945 42
412 953 28
412 972 96
412 994 4
413 419 62
413 424 15
413 437 24
413 439 20
413 446 47
413 447 3
413 462 60
413 469 58
413 475 51
413 478 43
413 484 38
413 487 17
413 500 47
413 502 98
413 507 2
413 515 34
413 516 75
413 518 27
413 533 40
413 548 52
413 553 5
413 567 31
413 571 35
413 590 14
413 592 70
413 623 72
413 626 83
413 637 37
413 643 83
413 645 68
413 650 8
413 652 34
413 672 7
413 702 8
413 704 82
413 712 48
413 716 9
413 717 99
413 723 44
413 727 60
413 728 39
413 739 48
413 742 23
413 789 36
413 801 27
413 804 9
413 813 51
413 832 71
413 855 94
413 898 49
413 902 30
413 907 41
413 909 26
413 921 90
413 924 23
413 925 57
413 932 43
413 951 75
413 960 27
413 965 89
413 981 18
413 988 8
413 996 57
414 416 58
414 435 31
414 441 23
414 454 77
414 457 7
414 466 15
414 474 45
414 477 34
414 489 55
414 501 6
414 509 60
414 512 65
414 523 93
414 541 100
414 550 98
414 555 6
414 558 91
414 563 59
414 565 13
414 572 99
414 582 4
414 588 75
414 594 24
414 600 73
414 604 99
414 610 37
414 614 37
414 616 37
414 619 19
414 627 49
414 633 3
414 636 41
414 649 92
414 676 86
414 679 89
414 682 26
414 687 24
414 690 76
414 691 58
414 692 43
414 698 18
414 701 33
414 711 47
414 726 71
414 743 48
414 763 45
414 774 7
414 784 16
414 785 99
414 791 96
414 792 47
414 797 39
414 799 85
414 841 42
414 846 14
414 854 49
414 857 8
414 859 69
414 860 29
414 861 97
414 882 56
414 886 49
414 900 55
414 926 63
414 928 85
414 942 19
414 976 55
414 995 56
415 423 48
415 426 92
415 431 70
415 448 11
415 455 31
415 459 64
415 463 21
415 482 34
415 491 55
415 503 23
415 505 1
415 507 10
415 508 66
415 518 88
415 539 13
415 543 6
415 552 83
415 554 64
415 596 67
415 629 53
415 657 52
415 658 63
415 684 63
415 689 32
415 695 10
415 715 9
415 747 84
415 749 33
415 788 89
415 808 94
415 818 6
415 819 16
415 822 84
415 835 2
415 849 94
415 864 80
415 866 6
415 871 61
415 889 21
415 904 82
415 908 100
415 927 87
415 938 93
415 945 36
415 953 15
415 972 35
415 987 80
415 994 70
416 433 64
416 435 77
416 441 50
416 454 9
416 457 6
416 461 9
416 466 82
416 470 71
416 474 38
416 489 95
416 493 57
416 501 67
416 509 67
416 512 5
416 521 98
416 541 13
416 550 98
416 555 50
416 558 72
416 559 50
416 562 11
416 563 59
416 570 77
416 572 19
416 574 29
416 577 11
416 583 54
416 588 65
416 591 6
416 594 21
416 597 53
416 598 95
416 600 87
416 604 19
416 606 6
416 610 52
416 614 84
416 616 90
416 627 29
416 633 25
416 636 32
416 649 13
416 673 93
416 676 5
416 679 97
416 682 66
416 687 58
416 690 23
416 691 18
416 692 45
416 697 99
416 698 42
416 701 5
416 711 64
416 724 67
416 726 50
416 746 64
416 757 83
416 761 39
416 763 45
416 774 57
416 784 73
416 785 23
416 791 84
416 792 43
416 796 89
416 797 6
416 799 37
416 821 29
416 841 90
416 854 1
416 857 32
416 860 8
416 861 98
416 876 12
416 877 52
416 879 42
416 882 78
416 900 4
416 916 92
416 926 23
416 930 87
416 942 81
416 947 76
416 976 14
416 995 64
417 442 77
417 453 27
417 461 12
417 467 2
417 473 44
417 485 77
417 490 18
417 492 56
417 493 90
417 497 70
417 511 80
417 513 86
417 524 94
417 529 82
417 537 64
417 545 66
417 551 11
417 570 28
417 574 42
417 575 7
417 577 4
417 578 74
417 583 100
417 591 21
417 598 75
417 601 77
417 608 36
417 609 41
417 613 68
417 615 3
417 618 89
417 636 1
417 639 39
417 648 45
417 659 77
417 661 1
417 668 89
417 674 57
417 675 16
417 683 11
417 686 30
417 688 32
417 699 48
417 700 90
417 714 36
417 722 3
417 725 52
417 735 48
417 738 25
417 740 89
417 751 29
417 757 84
417 762 42
417 795 39
417 803 85
417 806 10
417 812 76
417 821 45
417 824 9
417 826 57
417 831 19
417 833 71
417 839 26
417 867 8
417 869 96
417 874 17
417 876 48
417 887 43
417 917 45
417 936 73
417 937 70
417 946 41
417 968 46
417 970 47
417 976 96
417 983 8
417 990 63
417 998 82
417 999 52
418 422 13
418 426 21
418 432 6
418 434 70
418 436 15
418 459 75
418 464 5
418 481 56
418 486 1
418 504 30
418 519 84
418 528 13
418 538 27
418 593 44
418 599 98
418 611 41
418 622 24
418 624 17
418 635 26
418 641 80
418 646 86
418 653 96
418 654 73
418 660 25
418 662 51
418 663 12
418 666 19
418 669 85
418 671 55
418 677 69
418 685 52
418 689 95
418 696 9
418 705 67
418 715 74
418 720 31
418 748 4
418 749 95
418 766 3
418 768 68
418 769 28
418 771 3
418 775 90
418 776 43
418 787 99
418 790 61
418 794 8
418 802 13
418 817 56
418 819 13
418 820 66
418 825 89
418 843 42
418 848 15
418 852 44
418 856 69
418 858 52
418 864 81
418 866 10
418 881 20
418 888 57
418 890 58
418 891 32
418 896 69
418 913 22
418 927 10
418 934 43
418 953 24
418 955 83
418 964 35
418 978 24
418 979 30
418 980 93
418 992 90
419 425 13
419 437 42
419 444 29
419 446 51
419 447 29
419 456 50
419 462 53
419 478 35
419 484 69
419 487 6
419 488 78
419 494 54
419 502 89
419 514 1
419 515 71
419 516 65
419 546 43
419 557 16
419 567 44
419 569 85
419 605 3
419 626 1
419 634 93
419 645 48
419 652 80
419 665 12
419 672 7
419 704 54
419 712 77
419 716 96
419 717 66
419 723 3
419 728 32
419 729 69
419 731 75
419 734 6
419 739 54
419 756 49
419 777 8
419 781 66
419 789 92
419 801 90
419 804 22
419 813 56
419 815 20
419 827 39
419 840 49
419 842 100
419 872 64
419 898 79
419 902 44
419 905 91
419 906 3
419 907 79
419 909 60
419 924 2
419 932 24
419 939 12
419 940 24
419 949 56
419 951 90
419 963 39
419 965 30
419 977 17
419 988 54
419 996 97
420 424 99
420 429 54
420 431 73
420 440 47
420 471 15
420 472 79
420 498 91
420 500 86
420 510 51
420 525 90
420 535 70
420 544 20
420 552 68
420 553 28
420 564 13
420 568 70
420 571 24
420 585 77
420 590 90
420 602 53
420 621 76
420 623 3
420 628 89
420 643 63
420 650 26
420 656 87
420 662 71
420 670 87
420 684 4
420 702 89
420 709 3
420 713 58
420 719 42
420 742 47
420 750 93
420 752 97
420 764 66
420 783 26
420 788 87
420 793 52
420 805 8
420 807 36
420 816 4
420 850 69
420 855 76
420 873 14
420 878 99
420 904 96
420 911 65
420 921 60
420 954 7
420 960 60
420 972 90
420 973 55
420 982 62
420 984 74
421 445 78
421 450 93
421 452 60
421 479 62
421 497 65
421 527 44
421 529 12
421 531 10
421 537 7
421 540 19
421 549 95
421 556 16
421 576 57
421 589 73
421 625 52
421 632 87
421 647 67
421 683 69
421 686 42
421 699 93
421 722 37
421 725 9
421 738 56
421 744 5
421 779 5
421 780 67
421 782 89
421 786 30
421 812 89
421 826 2
421 884 65
421 894 50
421 895 40
421 919 40
421 937 61
421 941 53
421 946 55
421 961 20
421 962 10
421 967 1
421 970 75
421 971 17
421 975 30
421 983 66
421 998 18
421 999 26
422 426 65
422 432 92
422 438 27
422 459 37
422 464 77
422 491 86
422 503 64
422 508 70
422 510 71
422 519 31
422 525 78
422 528 77
422 538 40
422 543 59
422 552 16
422 561 35
422 593 29
422 596 87
422 599 74
422 611 44
422 622 17
422 629 91
422 641 93
422 654 47
422 657 15
422 658 91
422 660 1
422 662 72
422 663 98
422 669 78
422 671 21
422 685 88
422 689 42
422 695 61
422 705 58
422 715 40
422 720 58
422 747 64
422 748 77
422 749 92
422 766 100
422 768 3
422 769 75
422 776 100
422 787 79
422 790 48
422 805 30
422 819 18
422 820 71
422 822 71
422 825 18
422 843 73
422 852 11
422 858 75
422 864 24
422 866 76
422 871 74
422 881 19
422 888 65
422 889 24
422 891 77
422 896 23
422 904 42
422 908 2
422 911 96
422 913 84
422 927 27
422 934 36
422 938 88
422 953 92
422 955 68
422 972 51
422 980 24
422 984 19
422 992 89
422 994 21
423 424 7
423 431 75
423 439 42
423 455 15
423 469 39
423 482 51
423 491 53
423 500 97
423 505 14
423 507 29
423 508 17
423 518 2
423 533 7
423 552 53
423 553 26
423 554 22
423 568 39
423 590 67
423 592 37
423 596 89
423 602 66
423 637 49
423 643 25
423 650 47
423 656 3
423 684 67
423 695 1
423 702 55
423 719 47
423 727 91
423 742 10
423 788 47
423 808 94
423 813 67
423 818 23
423 832 3
423 835 30
423 849 83
423 850 58
423 855 97
423 889 8
423 904 61
423 921 87
423 938 9
423 945 8
423 972 65
423 981 93
423 987 99
423 994 61
424 429 40
424 431 73
424 444 86
424 447 44
424 455 63
424 462 31
424 469 15
424 472 86
424 478 38
424 484 36
424 487 77
424 495 58
424 500 57
424 518 20
424 533 1
424 552 44
424 553 57
424 568 78
424 571 30
424 585 1
424 590 98
424 592 75
424 602 35
424 623 24
424 628 41
424 637 9
424 643 52
424 650 26
424 652 71
424 656 16
424 670 84
424 672 8
424 684 3
424 702 1
424 712 57
424 713 78
424 717 2
424 719 27
424 723 93
424 727 10
424 728 12
424 742 70
424 764 95
424 783 19
424 788 9
424 793 11
424 801 85
424 804 2
424 808 52
424 813 88
424 816 3
424 840 91
424 850 85
424 855 15
424 873 41
424 921 15
424 925 1
424 932 54
424 951 18
424 954 39
424 960 28
424 981 11
424 996 54
425 444 80
425 446 23
425 447 70
425 456 82
425 458 21
425 465 2
425 487 66
425 488 56
425 494 33
425 514 52
425 515 65
425 520 99
425 522 84
425 546 61
425 569 97
425 573 45
425 603 15
425 605 64
425 631 23
425 642 34
425 645 34
425 665 50
425 704 43
425 706 10
425 708 31
425 712 76
425 716 6
425 717 46
425 723 48
425 729 52
425 731 27
425 734 18
425 756 89
425 758 23
425 777 92
425 781 41
425 801 20
425 814 60
425 815 92
425 827 51
425 830 7
425 840 9
425 842 52
425 863 80
425 868 68
425 872 7
425 902 99
425 905 61
425 906 24
425 907 21
425 918 20
425 922 85
425 932 19
425 940 25
425 949 20
425 951 59
425 957 82
425 963 60
425 977 6
425 996 30
425 997 3
426 432 58
426 438 36
426 448 61
426 459 71
426 463 11
426 464 41
426 482 95
426 491 59
426 503 83
426 508 21
426 519 54
426 525 24
426 528 96
426 538 31
426 539 27
426 543 65
426 593 67
426 596 9
426 599 47
426 611 80
426 622 68
426 624 40
426 629 8
426 654 10
426 657 78
426 658 7
426 660 87
426 662 37
426 663 6
426 669 16
426 671 68
426 685 25
426 689 63
426 695 5
426 696 75
426 715 70
426 720 94
426 747 92
426 748 4
426 749 78
426 766 49
426 768 48
426 769 19
426 776 37
426 787 69
426 790 89
426 805 36
426 819 88
426 820 67
426 822 2
426 825 29
426 843 83
426 852 26
426 858 70
426 864 20
426 866 4
426 871 50
426 888 60
426 889 56
426 890 99
426 891 11
426 896 27
426 904 66
426 908 50
426 911 45
426 913 44
426 927 11
426 934 82
426 938 15
426 953 3
426 955 66
426 972 99
426 984 42
426 992 83
426 994 60
427 442 86
427 443 7
427 450 26
427 451 93
427 467 62
427 468 4
427 473 58
427 480 42
427 483 63
427 485 100
427 490 61
427 499 45
427 506 10
427 511 61
427 513 32
427 534 9
427 545 85
427 575 58
427 578 92
427 587 69
427 595 56
427 601 53
427 608 53
427 609 93
427 617 9
427 630 1
427 632 48
427 638 48
427 644 29
427 648 100
427 655 79
427 664 81
427 674 56
427 681 63
427 700 1
427 714 1
427 721 100
427 732 14
427 735 66
427 751 9
427 759 41
427 760 35
427 765 99
427 767 52
427 786 66
427 795 7
427 803 59
427 806 36
427 826 89
427 828 34
427 831 24
427 833 74
427 844 66
427 845 23
427 851 71
427 869 49
427 884 25
427 892 28
427 899 2
427 901 60
427 914 49
427 931 27
427 948 30
427 950 32
427 952 63
427 969 98
427 975 14
427 989 44
427 990 74
427 993 75
427 999 76
428 435 81
428 441 94
428 466 85
428 474 74
428 476 47
428 509 28
428 512 6
428 517 96
428 521 76
428 523 95
428 536 83
428 542 97
428 550 50
428 559 94
428 562 33
428 580 88
428 586 67
428 588 33
428 600 93
428 606 81
428 607 75
428 619 43
428 627 48
428 640 96
428 649 30
428 679 98
428 680 15
428 682 19
428 690 23
428 691 26
428 692 98
428 694 57
428 697 82
428 703 48
428 707 45
428 724 48
428 733 46
428 743 45
428 754 100
428 755 19
428 770 67
428 774 2
428 791 85
428 797 52
428 810 57
428 811 24
428 859 93
428 862 42
428 870 36
428 875 30
428 877 65
428 879 91
428 882 81
428 900 57
428 903 15
428 910 60
428 915 58
428 916 83
428 920 20
428 922 14
428 923 31
428 928 80
428 943 61
428 944 69
428 947 47
428 959 100
428 995 69
429 431 9
429 440 66
429 471 6
429 472 74
429 495 40
429 498 16
429 500 84
429 510 13
429 525 25
429 535 64
429 544 20
429 552 19
429 553 56
429 564 12
429 568 82
429 571 85
429 585 32
429 590 18
429 592 67
429 602 92
429 621 36
429 623 17
429 628 91
429 643 75
429 650 2
429 656 41
429 670 42
429 684 6
429 702 85
429 709 31
429 713 8
429 719 7
429 742 67
429 750 28
429 752 35
429 764 70
429 773 5
429 783 9
429 788 62
429 793 60
429 805 26
429 807 45
429 816 3
429 847 58
429 850 100
429 855 46
429 873 79
429 878 6
429 885 64
429 904 92
429 911 43
429 921 62
429 954 9
429 960 46
429 972 87
429 973 34
429 982 92
430 531 11
430 581 40
430 625 86
430 693 62
430 778 77
430 779 67
430 780 58
430 782 26
430 786 21
430 809 12
430 865 87
430 894 69
430 895 93
430 941 26
430 961 48
430 962 70
430 974 91
430 991 32
431 439 17
431 455 9
431 462 19
431 469 69
431 484 46
431 500 59
431 505 24
431 507 38
431 518 83
431 525 17
431 533 16
431 552 38
431 553 31
431 568 79
431 571 5
431 585 52
431 590 4
431 592 61
431 602 50
431 623 40
431 628 69
431 637 2
431 643 23
431 650 87
431 652 69
431 656 21
431 670 27
431 672 92
431 684 70
431 702 94
431 713 67
431 719 30
431 727 18
431 728 12
431 742 58
431 788 35
431 793 64
431 808 48
431 813 8
431 818 23
431 832 21
431 849 76
431 850 76
431 855 1
431 904 41
431 921 46
431 925 49
431 945 29
431 954 64
431 960 3
431 972 50
431 981 54
431 987 88
432 436 7
432 464 70
432 481 72
432 486 51
432 504 45
432 519 38
432 528 58
432 538 41
432 593 79
432 599 85
432 611 73
432 622 71
432 624 30
432 635 86
432 641 27
432 646 54
432 653 42
432 654 72
432 660 34
432 663 54
432 666 12
432 669 98
432 671 51
432 677 52
432 685 76
432 689 85
432 696 74
432 705 11
432 715 43
432 720 75
432 748 20
432 749 59
432 766 94
432 768 17
432 769 32
432 771 91
432 775 1
432 787 19
432 790 31
432 794 67
432 802 79
432 817 71
432 819 6
432 820 96
432 825 26
432 843 93
432 848 97
432 852 70
432 856 64
432 858 34
432 864 16
432 881 48
432 888 18
432 891 2
432 896 90
432 913 88
432 934 93
432 953 4
432 955 10
432 964 31
432 978 18
432 980 23
432 986 65
432 992 51
433 453 96
433 454 41
433 457 72
433 460 65
433 461 1
433 466 45
433 470 93
433 489 87
433 493 55
433 496 7
433 509 38
433 524 9
433 526 41
433 558 60
433 562 56
433 566 9
433 570 73
433 572 2
433 574 22
433 577 56
433 579 61
433 583 52
433 591 25
433 597 10
433 598 99
433 606 12
433 610 94
433 612 36
433 614 50
433 615 38
433 616 30
433 618 15
433 627 19
433 636 91
433 639 10
433 661 18
433 667 57
433 668 34
433 673 28
433 675 56
433 687 32
433 688 55
433 690 100
433 691 54
433 698 38
433 710 77
433 730 5
433 746 20
433 757 54
433 761 25
433 763 70
433 774 35
433 791 27
433 796 83
433 798 22
433 799 56
433 821 39
433 823 59
433 829 15
433 834 73
433 841 77
433 854 7
433 860 54
433 876 16
433 877 88
433 879 15
433 880 29
433 882 80
433 885 44
433 900 34
433 912 55
433 916 84
433 930 35
433 947 98
433 956 43
433 958 84
433 966 33
433 968 35
433 976 3
433 995 2
434 459 14
434 463 56
434 486 40
434 503 21
434 504 62
434 538 3
434 539 36
434 547 77
434 593 43
434 624 53
434 646 72
434 654 60
434 658 65
434 677 4
434 696 28
434 718 63
434 720 91
434 737 13
434 748 94
434 749 42
434 775 12
434 776 40
434 790 43
434 794 13
434 817 11
434 820 39
434 825 22
434 843 23
434 853 89
434 883 19
434 888 18
434 890 44
434 891 73
434 893 31
434 896 15
434 913 44
434 955 20
434 979 100
435 441 64
435 457 75
435 466 89
435 470 82
435 474 94
435 476 72
435 489 94
435 501 3
435 509 99
435 512 38
435 517 83
435 521 85
435 523 96
435 541 89
435 542 80
435 550 51
435 558 98
435 559 23
435 562 33
435 563 69
435 572 26
435 586 15
435 588 56
435 597 52
435 600 37
435 604 11
435 606 26
435 607 88
435 610 75
435 614 87
435 616 86
435 619 88
435 627 68
435 633 53
435 640 92
435 649 21
435 679 77
435 682 21
435 687 33
435 690 29
435 691 2
435 692 90
435 694 45
435 697 69
435 698 14
435 707 91
435 711 84
435 724 20
435 743 8
435 754 25
435 755 39
435 761 15
435 770 72
435 774 14
435 784 12
435 791 99
435 797 99
435 799 60
435 810 49
435 811 56
435 841 73
435 846 18
435 854 13
435 859 89
435 860 96
435 861 90
435 862 7
435 870 42
435 875 75
435 877 3
435 879 10
435 882 78
435 900 79
435 903 13
435 910 91
435 915 8
435 916 23
435 920 43
435 923 91
435 926 42
435 928 49
435 930 80
435 942 71
435 944 43
435 947 55
435 959 33
435 995 77
436 468 2
436 481 64
436 483 52
436 506 63
436 519 35
436 528 5
436 534 26
436 595 50
436 617 53
436 630 72
436 635 82
436 641 60
436 646 37
436 651 41
436 653 64
436 655 86
436 660 7
436 666 34
436 685 58
436 705 6
436 732 40
436 745 58
436 753 31
436 760 34
436 766 36
436 769 23
436 771 37
436 790 82
436 802 86
436 848 84
436 851 38
436 856 47
436 881 5
436 899 96
436 901 70
436 964 67
436 969 97
436 978 25
436 980 39
436 986 33
436 993 60
437 446 3
437 456 81
437 462 20
437 469 3
437 478 72
437 484 75
437 494 83
437 502 100
437 515 19
437 516 63
437 546 53
437 548 5
437 557 32
437 567 21
437 626 49
437 634 9
437 645 40
437 652 73
437 665 62
437 672 54
437 704 77
437 716 99
437 717 73
437 723 15
437 727 35
437 728 46
437 729 83
437 731 27
437 739 39
437 781 30
437 789 57
437 801 66
437 804 67
437 813 54
437 872 76
437 898 70
437 902 45
437 905 15
437 907 72
437 909 43
437 924 67
437 925 92
437 932 8
437 939 13
437 940 74
437 949 35
437 951 96
437 963 86
437 965 83
437 977 89
437 981 90
437 988 5
437 996 66
438 449 38
438 464 68
438 468 95
438 471 74
438 483 61
438 498 74
438 510 90
438 519 35
438 525 54
438 544 22
438 552 52
438 561 92
438 585 39
438 587 12
438 599 11
438 611 60
438 617 26
438 622 79
438 630 90
438 635 56
438 641 43
438 662 73
438 663 40
438 666 70
438 669 41
438 671 80
438 678 53
438 685 6
438 689 38
438 705 69
438 709 39
438 715 17
438 750 71
438 752 66
438 766 30
438 768 39
438 769 51
438 787 23
438 793 39
438 805 62
438 807 89
438 819 7
438 820 85
438 825 32
438 836 84
438 850 81
438 852 67
438 858 32
438 864 49
438 881 74
438 892 36
438 901 91
438 904 43
438 911 9
438 934 83
438 952 8
438 953 61
438 972 83
438 973 75
438 980 85
438 982 3
438 984 28
438 992 60
438 993 46
439 455 41
439 462 65
439 469 33
439 475 63
439 484 72
439 500 85
439 505 24
439 507 97
439 518 46
439 533 67
439 548 25
439 553 60
439 592 6
439 637 98
439 652 89
439 672 47
439 702 59
439 727 88
439 728 14
439 808 60
439 813 64
439 818 49
439 832 72
439 849 43
439 924 33
439 925 86
439 945 71
439 965 48
439 981 11
439 987 95
440 460 38
440 471 67
440 472 83
440 495 95
440 498 68
440 510 91
440 525 13
440 535 84
440 544 54
440 552 66
440 564 77
440 566 23
440 568 85
440 579 85
440 584 98
440 585 67
440 602 60
440 612 56
440 621 41
440 628 63
440 643 27
440 656 22
440 670 21
440 684 90
440 709 87
440 710 20
440 713 55
440 719 13
440 736 67
440 741 48
440 742 76
440 750 9
440 752 13
440 764 21
440 773 84
440 783 58
440 793 53
440 800 66
440 807 84
440 816 62
440 829 79
440 834 60
440 838 23
440 847 60
440 850 46
440 873 49
440 878 62
440 880 49
440 885 59
440 912 53
440 921 94
440 954 11
440 956 28
440 958 35
440 960 54
440 973 74
440 982 88
441 457 55
441 466 67
441 470 30
441 474 1
441 476 37
441 501 96
441 509 88
441 512 44
441 521 17
441 523 51
441 541 28
441 550 45
441 558 75
441 559 100
441 563 28
441 565 11
441 572 59
441 586 35
441 588 62
441 600 52
441 604 1
441 607 98
441 614 81
441 616 20
441 619 28
441 627 63
441 633 42
441 640 83
441 649 6
441 679 9
441 680 44
441 682 12
441 687 63
441 690 36
441 691 3
441 692 14
441 694 96
441 697 38
441 698 70
441 701 12
441 707 38
441 711 70
441 724 89
441 743 4
441 774 44
441 784 36
441 791 99
441 797 49
441 799 23
441 810 55
441 811 16
441 846 11
441 854 39
441 859 6
441 861 95
441 879 59
441 882 47
441 886 59
441 900 85
441 903 48
441 910 9
441 916 57
441 920 80
441 926 88
441 928 47
441 942 17
441 944 38
441 959 50
441 995 58
442 453 75
442 461 62
442 467 76
442 473 8
442 479 1
442 485 58
442 490 18
442 492 37
442 497 36
442 511 62
442 513 85
442 524 94
442 529 47
442 537 32
442 540 33
442 545 77
442 551 99
442 574 54
442 575 46
442 578 67
442 591 14
442 598 41
442 601 1
442 608 37
442 609 97
442 613 87
442 615 29
442 618 37
442 632 97
442 638 37
442 639 20
442 648 79
442 659 37
442 661 31
442 668 11
442 674 2
442 683 37
442 686 6
442 688 36
442 699 39
442 700 78
442 714 54
442 722 79
442 725 17
442 735 7
442 738 14
442 740 40
442 744 9
442 751 43
442 757 57
442 795 18
442 803 52
442 806 89
442 812 89
442 821 56
442 824 37
442 826 31
442 831 18
442 833 89
442 839 15
442 867 36
442 869 19
442 876 6
442 884 14
442 917 85
442 919 85
442 936 51
442 937 27
442 946 67
442 968 100
442 970 65
442 975 26
442 983 46
442 990 59
442 998 91
442 999 29
443 450 90
443 451 6
443 480 88
443 490 55
443 499 63
443 531 54
443 532 88
443 534 87
443 545 30
443 560 37
443 581 51
443 609 42
443 620 45
443 625 14
443 632 83
443 644 87
443 648 5
443 655 86
443 664 83
443 674 4
443 681 38
443 693 96
443 721 81
443 732 78
443 759 33
443 765 88
443 767 8
443 778 80
443 779 59
443 780 55
443 782 28
443 786 89
443 795 77
443 809 67
443 826 87
443 828 16
443 844 9
443 845 21
443 884 3
443 894 37
443 899 85
443 931 99
443 941 10
443 948 20
443 950 20
443 969 48
443 974 33
443 975 69
443 989 60
443 999 25
444 447 17
444 456 30
444 458 71
444 460 77
444 462 68
444 472 95
444 478 36
444 484 43
444 487 60
444 488 13
444 494 50
444 495 19
444 514 33
444 515 12
444 522 84
444 553 87
444 566 54
444 569 28
444 571 91
444 584 76
444 590 3
444 602 72
444 603 99
444 605 75
444 612 43
444 623 10
444 628 80
444 631 98
444 642 39
444 643 100
444 650 25
444 665 68
444 667 26
444 670 89
444 702 37
444 704 16
444 706 85
444 712 82
444 713 63
444 716 30
444 717 25
444 723 18
444 729 54
444 731 74
444 734 61
444 736 72
444 741 99
444 742 46
444 756 66
444 758 21
444 773 88
444 783 22
444 800 36
444 801 50
444 804 99
444 813 62
444 814 69
444 816 17
444 827 70
444 829 33
444 830 97
444 838 87
444 840 39
444 842 63
444 847 35
444 855 85
444 863 76
444 868 62
444 873 74
444 878 64
444 880 36
444 902 25
444 906 29
444 907 85
444 918 56
444 921 94
444 929 72
444 932 92
444 951 78
444 954 49
444 957 61
444 960 97
444 963 43
444 985 36
444 996 43
445 450 23
445 452 59
445 479 88
445 497 53
445 527 96
445 529 97
445 531 38
445 537 97
445 540 66
445 549 38
445 556 62
445 576 41
445 589 24
445 625 14
445 632 46
445 647 75
445 683 3
445 686 61
445 693 50
445 699 19
445 722 55
445 725 97
445 738 92
445 744 3
445 779 98
445 780 75
445 782 100
445 786 5
445 812 41
445 826 47
445 884 12
445 894 74
445 895 50
445 919 11
445 937 34
445 941 60
445 946 94
445 961 29
445 962 5
445 967 8
445 970 87
445 971 87
445 975 51
445 983 44
445 998 35
445 999 42
446 456 12
446 462 1
446 478 42
446 494 23
446 502 29
446 514 97
446 515 48
446 516 88
446 546 54
446 557 11
446 567 37
446 569 23
446 626 28
446 634 78
446 645 68
446 652 18
446 665 41
446 704 54
446 716 66
446 717 15
446 723 63
446 728 11
446 729 24
446 731 35
446 739 83
446 756 96
446 777 10
446 781 89
446 789 85
446 801 47
446 804 59
446 815 9
446 827 17
446 872 16
446 898 80
446 902 12
446 905 97
446 906 62
446 907 91
446 909 15
446 924 7
446 932 77
446 939 12
446 940 59
446 949 14
446 951 89
446 963 55
446 965 82
446 977 5
446 988 100
446 996 36
447 456 4
447 462 43
447 469 21
447 472 84
447 478 97
447 484 96
447 487 54
447 488 31
447 495 76
447 500 91
447 514 29
447 515 76
447 522 7
447 553 97
447 567 45
447 568 71
447 569 22
447 571 51
447 584 21
447 590 78
447 592 57
447 602 54
447 603 8
447 605 39
447 623 61
447 628 59
447 631 96
447 642 67
447 643 83
447 645 61
447 650 91
447 652 15
447 665 74
447 670 25
447 702 66
447 704 21
447 706 87
447 712 66
447 713 90
447 716 99
447 717 94
447 719 40
447 723 15
447 728 93
447 729 20
447 734 4
447 736 77
447 741 2
447 742 35
447 756 46
447 758 88
447 773 80
447 783 13
447 800 6
447 801 91
447 804 77
447 813 65
447 816 7
447 830 77
447 838 81
447 840 81
447 847 82
447 855 41
447 863 21
447 873 66
447 878 27
447 880 20
447 902 96
447 906 64
447 907 3
447 918 84
447 921 70
447 929 24
447 932 27
447 951 73
447 954 67
447 960 54
447 963 23
447 985 64
447 996 74
448 459 47
448 463 36
448 482 51
448 491 30
448 503 99
448 508 90
448 538 45
448 539 82
448 543 49
448 554 88
448 593 32
448 596 75
448 629 19
448 657 58
448 658 15
448 689 84
448 695 31
448 696 40
448 747 47
448 749 98
448 776 1
448 819 95
448 822 30
448 825 53
448 835 94
448 843 65
448 849 24
448 853 2
448 866 64
448 871 77
448 883 84
448 889 87
448 890 17
448 891 32
448 896 84
448 908 20
448 927 52
448 938 32
448 953 28
448 955 53
448 994 18
449 467 30
449 468 7
449 471 39
449 483 51
449 485 17
449 510 44
449 535 47
449 544 73
449 561 1
449 587 46
449 595 78
449 599 30
449 601 96
449 611 47
449 617 12
449 630 39
449 635 67
449 638 19
449 641 36
449 644 4
449 662 16
449 666 7
449 669 48
449 674 41
449 678 88
449 700 38
449 705 39
449 709 14
449 714 29
449 721 14
449 750 29
449 752 14
449 759 6
449 760 85
449 787 1
449 805 6
449 807 12
449 824 59
449 836 20
449 851 21
449 852 35
449 869 37
449 892 84
449 899 71
449 901 50
449 911 47
449 914 60
449 917 80
449 934 44
449 952 62
449 973 77
449 980 35
449 982 17
449 984 9
449 993 11
450 451 1
450 452 97
450 473 76
450 479 93
450 480 78
450 490 13
450 499 2
450 511 23
450 513 56
450 527 27
450 529 84
450 531 80
450 540 8
450 545 66
450 549 98
450 556 57
450 575 64
450 576 3
450 581 66
450 589 83
450 609 12
450 625 83
450 632 91
450 648 29
450 674 34
450 681 13
450 683 35
450 686 21
450 693 80
450 722 80
450 725 35
450 735 81
450 738 17
450 740 84
450 744 4
450 751 78
450 765 92
450 767 39
450 778 58
450 779 19
450 780 27
450 782 27
450 786 6
450 795 5
450 806 84
450 809 16
450 812 27
450 826 85
450 831 10
450 844 87
450 845 71
450 884 45
450 894 25
450 895 73
450 919 66
450 931 66
450 941 86
450 946 44
450 948 32
450 950 29
450 961 95
450 962 83
450 967 40
450 971 87
450 974 45
450 975 75
450 983 38
450 989 78
450 990 42
450 999 30
451 480 79
451 490 20
451 499 82
451 531 78
451 532 65
451 534 6
451 560 93
451 581 70
451 620 2
451 625 95
451 632 87
451 655 36
451 664 92
451 681 5
451 693 96
451 721 30
451 732 97
451 759 96
451 765 26
451 767 15
451 778 94
451 779 79
451 780 14
451 782 88
451 786 16
451 809 29
451 826 55
451 828 72
451 844 8
451 845 93
451 884 91
451 894 46
451 899 42
451 931 56
451 941 10
451 948 49
451 950 99
451 969 65
451 974 53
451 975 86
451 989 56
452 479 82
452 497 82
452 527 81
452 529 58
452 531 45
452 537 95
452 540 93
452 545 23
452 549 20
452 556 41
452 575 22
452 576 92
452 589 85
452 625 54
452 632 50
452 647 16
452 683 2
452 686 37
452 693 44
452 699 83
452 722 1
452 725 51
452 735 100
452 738 99
452 740 37
452 744 14
452 751 13
452 779 74
452 780 17
452 782 69
452 786 59
452 795 69
452 812 46
452 826 96
452 884 81
452 894 88
452 895 15
452 919 89
452 937 82
452 941 81
452 946 87
452 961 14
452 962 2
452 967 91
452 970 43
452 971 87
452 975 40
452 983 42
452 998 20
452 999 16
453 461 30
453 467 66
453 473 13
453 485 77
453 490 78
453 492 76
453 493 70
453 511 42
453 513 16
453 524 75
453 535 26
453 545 29
453 551 37
453 570 88
453 574 71
453 575 56
453 578 69
453 583 5
453 591 100
453 598 85
453 601 2
453 608 63
453 609 75
453 613 8
453 615 92
453 618 35
453 638 73
453 639 19
453 648 24
453 659 9
453 661 79
453 668 66
453 674 94
453 675 76
453 683 46
453 686 40
453 688 19
453 700 57
453 709 5
453 710 16
453 714 15
453 735 97
453 740 88
453 751 37
453 752 39
453 757 65
453 795 47
453 803 86
453 806 72
453 821 73
453 824 20
453 831 28
453 833 1
453 834 23
453 839 84
453 867 63
453 869 93
453 876 54
453 917 27
453 936 26
453 958 64
453 968 11
453 973 94
453 982 90
453 990 71
454 457 84
454 461 65
454 466 12
454 474 95
454 477 95
454 489 67
454 493 99
454 501 69
454 509 94
454 512 96
454 530 5
454 541 91
454 550 9
454 555 82
454 558 79
454 563 12
454 570 77
454 572 3
454 574 7
454 577 35
454 582 48
454 583 12
454 591 71
454 594 97
454 597 52
454 604 80
454 610 96
454 614 58
454 616 48
454 627 40
454 633 50
454 636 35
454 676 97
454 687 86
454 688 44
454 690 58
454 691 35
454 692 52
454 698 46
454 701 6
454 711 9
454 726 71
454 761 15
454 762 57
454 763 87
454 772 67
454 774 47
454 784 99
454 785 22
454 792 100
454 797 76
454 799 80
454 821 12
454 837 43
454 839 36
454 841 55
454 854 97
454 857 6
454 860 86
454 861 41
454 867 91
454 874 24
454 882 46
454 887 67
454 897 77
454 926 15
454 933 61
454 935 24
454 936 52
454 942 84
454 976 60
454 995 89
455 462 1
455 469 71
455 475 53
455 482 1
455 484 56
455 500 89
455 505 98
455 507 22
455 518 72
455 533 35
455 552 80
455 553 61
455 554 77
455 568 16
455 590 90
455 592 66
455 596 8
455 602 12
455 623 19
455 628 15
455 637 4
455 643 25
455 650 87
455 656 20
455 672 93
455 684 20
455 695 48
455 702 43
455 719 98
455 727 6
455 742 64
455 788 30
455 808 22
455 813 97
455 818 90
455 832 29
455 835 4
455 849 40
455 850 79
455 855 24
455 904 69
455 921 87
455 925 17
455 938 82
455 945 79
455 972 8
455 981 47
455 987 26
455 994 12
456 478 11
456 487 70
456 488 5
456 494 16
456 502 45
456 514 59
456 515 95
456 516 81
456 546 48
456 557 25
456 567 64
456 569 28
456 605 5
456 626 66
456 634 84
456 645 6
456 665 73
456 704 8
456 712 28
456 716 37
456 717 33
456 723 9
456 729 35
456 731 21
456 734 46
456 739 83
456 756 4
456 777 11
456 781 67
456 801 44
456 804 2
456 815 46
456 827 42
456 842 67
456 868 21
456 872 17
456 902 90
456 905 5
456 906 11
456 907 47
456 932 93
456 939 17
456 940 52
456 949 33
456 951 82
456 963 89
456 977 53
456 988 42
456 996 80
457 461 21
457 466 40
457 474 7
457 477 45
457 489 81
457 493 91
457 501 96
457 509 35
457 512 68
457 541 31
457 550 61
457 555 73
457 558 52
457 563 77
457 570 61
457 572 29
457 574 1
457 577 99
457 582 60
457 583 4
457 588 1
457 591 3
457 594 36
457 597 24
457 604 95
457 610 20
457 614 39
457 616 83
457 627 20
457 633 31
457 636 98
457 649 36
457 676 55
457 687 8
457 688 74
457 690 100
457 691 88
457 692 44
457 698 31
457 701 70
457 711 76
457 726 80
457 761 23
457 762 58
457 763 12
457 772 90
457 774 95
457 784 33
457 785 75
457 791 38
457 792 14
457 797 34
457 799 87
457 821 10
457 839 33
457 841 7
457 846 74
457 854 55
457 857 97
457 860 23
457 861 10
457 874 10
457 882 91
457 887 66
457 897 66
457 900 73
457 926 5
457 935 93
457 936 80
457 942 84
457 976 64
457 995 40
458 460 96
458 465 83
458 488 77
458 495 21
458 496 66
458 514 47
458 517 90
458 520 91
458 522 44
458 526 88
458 536 65
458 542 77
458 559 36
458 562 37
458 566 65
458 569 23
458 573 4
458 580 61
458 584 70
458 603 81
458 605 99
458 606 33
458 612 89
458 631 64
458 642 11
458 667 91
458 703 28
458 706 4
458 708 58
458 717 16
458 730 61
458 733 39
458 734 54
458 736 73
458 741 83
458 746 7
458 754 72
458 755 62
458 756 97
458 758 29
458 770 62
458 773 89
458 800 68
458 801 65
458 814 50
458 815 85
458 823 72
458 827 99
458 829 66
458 830 29
458 838 35
458 840 92
458 842 70
458 847 32
458 862 95
458 863 86
458 868 64
458 870 68
458 875 72
458 877 100
458 880 55
458 906 85
458 912 23
458 915 67
458 916 72
458 918 20
458 922 89
458 929 6
458 943 70
458 947 23
458 957 21
458 963 2
458 966 20
458 985 73
458 996 69
458 997 92
459 463 75
459 464 77
459 482 49
459 491 87
459 503 20
459 508 1
459 538 59
459 539 8
459 543 11
459 554 65
459 593 41
459 596 61
459 622 9
459 624 60
459 629 95
459 654 37
459 657 36
459 658 26
459 663 100
459 671 12
459 689 53
459 695 78
459 696 14
459 715 42
459 720 44
459 747 37
459 748 61
459 749 19
459 768 62
459 776 30
459 817 44
459 819 2
459 820 83
459 822 87
459 825 49
459 835 62
459 843 33
459 849 73
459 853 1
459 858 100
459 864 32
459 866 44
459 871 35
459 883 53
459 888 30
459 889 45
459 890 62
459 891 31
459 896 84
459 908 38
459 927 14
459 938 2
459 953 54
459 955 33
459 979 60
459 992 97
459 994 50
460 470 8
460 472 81
460 488 97
460 495 21
460 496 69
460 522 46
460 526 95
460 562 15
460 564 22
460 566 50
460 579 89
460 584 12
460 597 65
460 603 88
460 606 15
460 612 30
460 621 63
460 631 89
460 642 49
460 667 22
460 670 39
460 673 13
460 675 89
460 706 66
460 710 48
460 713 97
460 730 21
460 736 52
460 741 76
460 746 44
460 758 47
460 761 81
460 773 45
460 783 97
460 796 71
460 798 26
460 800 48
460 814 39
460 816 27
460 823 45
460 829 38
460 830 58
460 834 7
460 838 8
460 840 56
460 847 8
460 860 85
460 863 48
460 873 34
460 877 100
460 878 58
460 880 74
460 885 17
460 912 94
460 918 77
460 929 68
460 930 26
460 947 62
460 954 90
460 956 29
460 957 48
460 958 90
460 966 27
460 985 82
461 473 55
461 477 95
461 479 92
461 489 34
461 492 71
461 493 83
461 497 15
461 524 80
461 529 11
461 530 11
461 537 5
461 551 8
461 555 36
461 563 97
461 570 83
461 572 53
461 574 48
461 575 88
461 577 12
461 582 43
461 583 74
461 591 11
461 594 43
461 598 55
461 604 15
461 610 83
461 613 59
461 615 43
461 618 83
461 636 49
461 639 97
461 659 47
461 676 52
461 683 62
461 686 89
461 688 49
461 698 99
461 699 34
461 722 74
461 725 90
461 726 79
461 735 85
461 738 24
461 740 45
461 744 65
461 757 49
461 762 59
461 763 62
461 772 69
461 785 99
461 792 38
461 812 46
461 821 95
461 833 15
461 837 27
461 839 37
461 841 91
461 857 85
461 867 59
461 874 67
461 876 61
461 887 58
461 897 12
461 933 4
461 935 92
461 936 72
461 937 67
461 968 67
461 970 40
461 976 14
461 983 89
461 998 7
462 469 75
462 475 53
462 478 35
462 484 26
462 487 90
462 500 32
462 507 65
462 515 18
462 518 99
462 533 32
462 548 84
462 553 94
462 567 74
462 568 72
462 571 4
462 590 13
462 592 49
462 602 93
462 623 69
462 628 49
462 637 53
462 643 20
462 645 6
462 650 21
462 652 100
462 672 64
462 702 97
462 704 39
462 712 49
462 716 1
462 717 83
462 719 4
462 723 37
462 727 72
462 728 21
462 742 35
462 801 51
462 804 59
462 808 93
462 813 73
462 832 77
462 855 13
462 898 34
462 907 57
462 909 75
462 921 20
462 924 7
462 925 65
462 932 67
462 951 83
462 960 3
462 965 65
462 981 46
462 996 49
463 482 69
463 491 44
463 503 23
463 508 73
463 538 91
463 539 51
463 543 87
463 554 84
463 593 16
463 596 6
463 624 33
463 629 50
463 657 12
463 658 60
463 689 88
463 695 7
463 696 77
463 737 88
463 747 64
463 749 85
463 776 62
463 819 24
463 822 13
463 825 37
463 835 66
463 843 55
463 849 77
463 853 20
463 866 21
463 871 95
463 883 29
463 889 32
463 890 83
463 891 45
463 896 43
463 908 1
463 927 40
463 938 86
463 953 46
463 955 56
463 979 35
463 994 70
464 491 41
464 503 71
464 508 54
464 519 1
464 525 59
464 528 46
464 538 86
464 543 36
464 561 75
464 593 36
464 596 44
464 599 35
464 611 55
464 622 58
464 624 41
464 629 51
464 641 89
464 654 69
464 657 74
464 658 17
464 660 100
464 662 83
464 663 89
464 669 69
464 671 13
464 685 81
464 689 72
464 695 47
464 696 87
464 705 20
464 715 74
464 720 68
464 747 76
464 748 56
464 749 96
464 766 5
464 768 53
464 769 100
464 776 59
464 787 8
464 790 78
464 805 28
464 819 57
464 820 15
464 822 45
464 825 33
464 843 10
464 852 34
464 858 73
464 864 7
464 866 100
464 871 22
464 881 23
464 888 61
464 889 74
464 891 90
464 896 99
464 904 44
464 908 6
464 911 50
464 913 47
464 927 88
464 934 44
464 938 12
464 953 56
464 955 33
464 972 87
464 984 96
464 992 63
464 994 82
465 494 83
465 514 36
465 517 87
465 520 2
465 522 77
465 536 51
465 542 27
465 573 69
465 580 89
465 605 86
465 607 97
465 631 69
465 642 53
465 703 77
465 706 85
465 707 68
465 708 27
465 733 90
465 734 72
465 754 13
465 755 57
465 756 32
465 770 40
465 777 84
465 814 87
465 815 6
465 827 64
465 830 92
465 842 96
465 862 32
465 863 18
465 868 5
465 870 24
465 875 19
465 906 19
465 915 9
465 918 76
465 922 24
465 923 11
465 943 56
465 957 88
465 997 89
466 470 59
466 474 15
466 489 94
466 493 21
466 496 70
466 509 56
466 512 78
466 517 86
466 521 20
466 526 87
466 541 37
466 550 18
466 555 87
466 558 67
466 559 38
466 562 100
466 563 54
466 570 12
466 572 70
466 574 46
466 577 98
466 583 93
466 588 67
466 597 58
466 600 58
466 604 87
466 606 58
466 610 28
466 614 43
466 616 87
466 627 37
466 649 93
466 673 49
466 679 22
466 682 97
466 687 95
466 690 18
466 691 81
466 692 35
466 694 81
466 697 36
466 698 17
466 711 77
466 724 53
466 743 79
466 746 3
466 754 27
466 755 39
466 761 50
466 763 13
466 770 81
466 774 7
466 784 70
466 791 92
466 796 54
466 797 3
466 799 69
466 811 89
466 841 69
466 854 35
466 859 100
466 860 51
466 861 62
466 862 57
466 870 61
466 877 14
466 879 84
466 882 55
466 900 60
466 910 70
466 915 60
466 916 24
466 926 97
466 930 98
466 944 63
466 947 84
466 959 82
466 976 41
466 995 26
467 468 33
467 471 60
467 473 90
467 485 73
467 490 57
467 492 47
467 511 74
467 513 89
467 524 14
467 535 32
467 545 23
467 575 33
467 578 80
467 587 32
467 601 47
467 608 42
467 609 43
467 613 43
467 615 39
467 617 50
467 618 4
467 630 74
467 638 29
467 639 31
467 644 12
467 648 15
467 659 20
467 661 35
467 668 29
467 674 66
467 675 63
467 678 55
467 700 2
467 709 27
467 714 49
467 721 54
467 735 61
467 740 93
467 750 53
467 751 9
467 752 32
467 759 89
467 760 36
467 795 61
467 803 43
467 806 53
467 824 62
467 826 41
467 831 38
467 833 27
467 836 84
467 869 61
467 892 74
467 901 81
467 914 34
467 917 96
467 952 54
467 958 1
467 968 22
467 973 93
467 982 54
467 990 67
467 993 19
468 471 39
468 480 57
468 481 95
468 483 99
468 485 27
468 506 50
468 510 27
468 519 80
468 534 12
468 561 82
468 587 61
468 595 64
468 599 74
468 617 78
468 630 4
468 635 91
468 638 51
468 641 45
468 644 97
468 662 32
468 666 22
468 669 19
468 674 64
468 678 68
468 685 83
468 700 94
468 705 45
468 709 96
468 721 77
468 732 22
468 759 2
468 760 18
468 766 90
468 769 5
468 787 41
468 836 74
468 851 90
468 852 70
468 858 74
468 869 27
468 881 8
468 892 100
468 899 45
468 901 47
468 911 23
468 914 57
468 917 73
468 934 53
468 952 45
468 969 64
468 978 5
468 980 59
468 984 49
468 986 90
468 993 53
469 475 77
469 478 94
469 484 98
469 487 56
469 500 2
469 507 4
469 515 68
469 518 2
469 533 84
469 548 91
469 553 10
469 567 6
469 568 78
469 571 37
469 590 86
469 592 56
469 602 64
469 623 39
469 628 42
469 637 9
469 643 55
469 650 76
469 652 28
469 672 80
469 684 74
469 702 19
469 704 82
469 712 73
469 716 63
469 719 56
469 727 78
469 728 76
469 742 42
469 788 95
469 804 42
469 808 69
469 813 68
469 818 91
469 832 93
469 855 8
469 907 60
469 909 55
469 921 94
469 924 16
469 925 53
469 932 13
469 951 36
469 960 62
469 965 96
469 981 32
469 987 6
470 474 7
470 489 3
470 493 31
470 496 100
470 509 94
470 517 72
470 521 6
470 526 51
470 542 69
470 550 95
470 558 18
470 559 16
470 562 70
470 570 99
470 572 21
470 573 55
470 574 80
470 577 71
470 583 87
470 597 43
470 606 42
470 610 25
470 614 90
470 616 96
470 627 86
470 649 99
470 667 49
470 673 62
470 679 96
470 682 73
470 687 6
470 690 32
470 691 52
470 694 28
470 697 17
470 698 78
470 711 23
470 724 70
470 730 97
470 746 19
470 754 31
470 755 95
470 761 50
470 763 60
470 770 30
470 774 91
470 791 78
470 796 83
470 797 81
470 798 90
470 799 96
470 814 5
470 823 93
470 829 53
470 841 29
470 854 45
470 860 68
470 862 15
470 870 24
470 875 83
470 877 28
470 879 64
470 882 1
470 900 53
470 912 79
470 915 20
470 916 72
470 929 63
470 930 20
470 944 96
470 947 91
470 956 100
470 966 53
470 976 34
470 995 94
471 483 71
471 485 80
471 498 15
471 510 93
471 525 11
471 535 46
471 544 63
471 552 66
471 561 4
471 564 86
471 585 41
471 587 86
471 599 18
471 611 16
471 621 32
471 630 72
471 635 87
471 641 82
471 656 48
471 662 71
471 669 79
471 678 46
471 705 4
471 709 41
471 750 57
471 752 40
471 764 26
471 787 45
471 793 27
471 805 57
471 807 75
471 836 8
471 850 74
471 852 56
471 892 59
471 904 48
471 911 42
471 917 38
471 934 14
471 952 3
471 958 77
471 972 100
471 973 94
471 982 22
471 984 71
472 487 86
472 488 47
472 495 54
472 496 97
472 498 96
472 526 100
472 535 55
472 564 69
472 566 4
472 568 66
472 571 9
472 579 16
472 584 29
472 585 97
472 590 30
472 602 29
472 603 50
472 612 6
472 621 61
472 623 79
472 628 8
472 631 82
472 643 33
472 650 100
472 656 96
472 667 62
472 670 73
472 706 56
472 710 82
472 712 40
472 713 41
472 730 38
472 736 55
472 741 89
472 742 88
472 750 63
472 752 7
472 758 14
472 764 67
472 773 27
472 783 36
472 793 22
472 798 44
472 800 8
472 807 71
472 816 22
472 823 37
472 829 15
472 830 65
472 834 20
472 838 77
472 840 5
472 847 83
472 855 13
472 873 100
472 878 75
472 880 11
472 885 45
472 912 41
472 921 41
472 929 61
472 954 7
472 956 43
472 958 79
472 960 29
472 966 46
472 973 44
472 982 8
472 985 93
473 479 61
473 485 90
473 490 51
473 492 82
473 497 40
473 511 97
473 513 92
473 524 7
473 529 27
473 537 47
473 540 26
473 545 80
473 551 59
473 556 59
473 575 18
473 576 47
473 578 36
473 591 9
473 598 92
473 601 84
473 608 9
473 609 79
473 613 26
473 615 76
473 618 78
473 632 78
473 638 91
473 639 4
473 648 7
473 659 15
473 661 62
473 668 25
473 674 98
473 683 26
473 686 49
473 688 8
473 699 49
473 700 97
473 714 7
473 722 10
473 725 43
473 735 4
473 738 24
473 740 72
473 744 10
473 751 74
473 757 17
473 762 46
473 795 49
473 803 52
473 806 86
473 812 72
473 821 37
473 824 32
473 826 7
473 831 2
473 833 97
473 839 67
473 867 92
473 869 49
473 876 7
473 884 16
473 919 93
473 936 13
473 937 73
473 946 93
473 968 10
473 970 6
473 975 9
473 983 50
473 990 20
473 998 73
473 999 46
474 476 41
474 489 25
474 501 81
474 509 43
474 512 1
474 521 42
474 523 44
474 541 100
474 550 78
474 555 52
474 558 15
474 559 77
474 563 89
474 572 12
474 577 29
474 588 21
474 597 35
474 600 60
474 604 13
474 606 38
474 610 93
474 614 26
474 616 29
474 619 84
474 627 95
474 633 58
474 640 70
474 649 75
474 679 53
474 682 66
474 687 3
474 690 24
474 691 59
474 692 8
474 694 13
474 697 57
474 698 82
474 701 91
474 711 32
474 724 50
474 743 48
474 761 82
474 763 55
474 774 46
474 784 48
474 785 8
474 791 91
474 797 54
474 799 32
474 811 89
474 841 95
474 846 2
474 854 97
474 857 26
474 859 44
474 860 75
474 861 44
474 877 40
474 879 11
474 882 45
474 900 83
474 910 17
474 916 54
474 926 53
474 928 96
474 930 100
474 942 6
474 944 51
474 947 29
474 959 64
474 976 95
474 995 15
475 478 56
475 484 82
475 507 6
475 518 28
475 533 95
475 548 40
475 592 70
475 637 14
475 652 38
475 672 37
475 702 21
475 727 85
475 728 84
475 808 9
475 813 40
475 818 44
475 832 87
475 898 27
475 909 10
475 924 45
475 925 25
475 945 72
475 965 3
475 981 41
475 987 54
476 509 67
476 512 45
476 517 61
476 521 53
476 523 39
476 536 52
476 542 44
476 550 35
476 559 24
476 580 87
476 586 64
476 588 84
476 600 33
476 607 54
476 619 58
476 627 9
476 640 70
476 649 86
476 679 69
476 680 81
476 682 88
476 691 22
476 692 75
476 694 83
476 697 50
476 703 85
476 707 73
476 724 93
476 733 57
476 743 86
476 754 94
476 755 70
476 770 15
476 774 73
476 791 30
476 797 62
476 810 87
476 811 42
476 859 5
476 862 6
476 870 15
476 875 4
476 879 42
476 903 32
476 910 46
476 915 78
476 916 37
476 920 13
476 922 28
476 923 45
476 928 89
476 943 89
476 944 8
476 959 30
477 501 11
477 530 40
477 541 3
477 555 80
477 563 100
477 572 48
477 582 50
477 591 61
477 594 1
477 604 53
477 616 79
477 633 98
477 636 34
477 676 58
477 698 77
477 701 51
477 711 4
477 726 65
477 762 96
477 772 85
477 784 29
477 785 14
477 792 86
477 837 62
477 839 53
477 841 96
477 857 46
477 861 98
477 874 54
477 887 35
477 897 29
477 926 15
477 933 30
477 935 82
477 936 94
477 942 18
477 976 89
478 484 71
478 487 6
478 488 91
478 500 10
478 502 39
478 515 19
478 516 81
478 518 1
478 533 39
478 548 39
478 553 87
478 567 17
478 569 83
478 571 26
478 590 88
478 592 70
478 623 71
478 626 38
478 628 63
478 634 20
478 637 16
478 643 47
478 645 43
478 650 98
478 652 11
478 665 84
478 672 97
478 702 82
478 704 65
478 712 38
478 716 36
478 717 25
478 723 35
478 727 50
478 728 18
478 729 10
478 731 23
478 742 42
478 781 7
478 801 15
478 804 64
478 813 46
478 840 47
478 855 85
478 898 8
478 902 16
478 906 19
478 907 23
478 909 34
478 921 48
478 924 18
478 925 41
478 932 63
478 951 72
478 960 60
478 963 26
478 965 66
478 981 50
478 988 18
478 996 11
479 497 10
479 511 37
479 527 65
479 529 63
479 530 1
479 537 79
479 540 95
479 545 5
479 549 71
479 551 89
479 556 27
479 575 15
479 576 50
479 589 68
479 591 17
479 613 74
479 632 20
479 647 34
479 659 88
479 683 100
479 686 4
479 688 2
479 699 22
479 722 51
479 725 19
479 735 44
479 738 2
479 740 48
479 744 41
479 751 42
479 762 61
479 772 99
479 792 18
479 795 93
479 812 79
479 826 94
479 833 91
479 837 5
479 839 85
479 867 94
479 874 3
479 887 100
479 895 67
479 897 83
479 919 36
479 933 47
479 935 69
479 936 60
479 937 30
479 946 8
479 961 80
479 962 72
479 967 77
479 970 96
479 971 23
479 983 39
479 998 46
479 999 43
480 483 65
480 485 52
480 490 80
480 499 43
480 506 45
480 511 55
480 532 88
480 534 33
480 545 74
480 560 53
480 578 44
480 595 10
480 609 35
480 617 89
480 620 58
480 630 17
480 632 57
480 638 49
480 644 26
480 648 86
480 651 28
480 655 71
480 664 80
480 674 71
480 681 55
480 700 3
480 721 62
480 732 100
480 745 22
480 751 54
480 753 9
480 759 43
480 760 82
480 765 12
480 767 81
480 778 48
480 786 55
480 795 16
480 806 53
480 826 76
480 828 95
480 831 22
480 844 46
480 845 50
480 851 39
480 869 71
480 884 90
480 892 27
480 899 95
480 901 29
480 914 24
480 931 96
480 948 71
480 950 98
480 952 33
480 969 10
480 975 15
480 986 20
480 989 9
480 990 10
480 993 57
480 999 65
481 483 58
481 486 50
481 506 90
481 519 30
481 528 22
481 534 89
481 595 17
481 617 5
481 622 61
481 630 77
481 635 46
481 641 71
481 646 54
481 651 41
481 653 57
481 654 32
481 655 91
481 660 69
481 666 89
481 677 29
481 685 98
481 705 64
481 732 11
481 745 73
481 753 99
481 760 6
481 766 99
481 769 19
481 771 18
481 790 46
481 794 41
481 802 38
481 820 2
481 848 71
481 851 1
481 852 14
481 856 83
481 858 38
481 881 96
481 901 55
481 913 97
481 964 60
481 969 34
481 978 41
481 980 46
481 986 39
481 992 62
481 993 71
482 491 61
482 503 82
482 505 39
482 508 71
482 538 66
482 539 50
482 543 91
482 554 17
482 596 55
482 629 63
482 657 53
482 658 19
482 689 9
482 695 47
482 715 92
482 747 83
482 749 64
482 808 82
482 818 51
482 819 89
482 822 85
482 835 51
482 843 75
482 849 68
482 866 41
482 871 59
482 889 89
482 896 98
482 908 71
482 927 8
482 938 60
482 945 34
482 953 58
482 972 6
482 987 72
482 994 16
483 485 42
483 506 60
483 510 82
483 519 59
483 534 25
483 561 19
483 587 72
483 595 14
483 599 31
483 617 86
483 630 69
483 635 55
483 638 22
483 641 49
483 644 50
483 651 76
483 653 54
483 655 17
483 662 25
483 666 28
483 669 83
483 678 98
483 685 33
483 705 37
483 709 45
483 721 7
483 732 45
483 745 5
483 753 38
483 759 100
483 760 84
483 766 6
483 768 77
483 769 62
483 771 66
483 787 14
483 802 62
483 836 43
483 851 82
483 852 26
483 858 9
483 869 39
483 881 94
483 892 93
483 899 50
483 901 16
483 911 95
483 914 1
483 934 3
483 952 55
483 964 54
483 969 71
483 978 28
483 980 40
483 984 34
483 986 3
483 993 43
484 487 50
484 500 31
484 507 15
484 515 19
484 518 25
484 533 6
484 548 25
484 553 22
484 567 6
484 568 43
484 571 84
484 590 40
484 592 92
484 602 6
484 623 73
484 628 25
484 637 96
484 643 11
484 645 82
484 650 5
484 652 59
484 672 42
484 702 61
484 704 38
484 712 52
484 716 56
484 717 9
484 719 69
484 723 70
484 727 100
484 728 30
484 742 32
484 801 41
484 804 56
484 808 19
484 813 100
484 832 19
484 855 54
484 898 8
484 907 36
484 909 7
484 921 75
484 924 68
484 925 81
484 932 88
484 951 81
484 954 68
484 960 76
484 965 49
484 981 26
484 996 72
485 490 5
485 492 2
485 511 95
485 513 64
485 534 43
485 535 18
485 545 23
485 561 76
485 575 4
485 578 44
485 587 41
485 601 84
485 608 76
485 609 37
485 613 47
485 615 99
485 617 49
485 618 33
485 630 53
485 638 71
485 639 64
485 644 19
485 648 69
485 661 20
485 668 50
485 674 95
485 678 47
485 700 62
485 709 50
485 714 99
485 721 21
485 735 69
485 740 35
485 750 32
485 751 19
485 752 29
485 759 10
485 760 76
485 767 54
485 795 79
485 803 62
485 806 74
485 824 42
485 826 92
485 831 52
485 833 90
485 836 10
485 869 54
485 892 67
485 899 84
485 901 72
485 914 45
485 917 14
485 952 28
485 982 1
485 990 46
485 993 1
486 504 24
486 519 25
486 528 13
486 538 15
486 547 98
486 593 4
486 622 89
486 624 68
486 646 29
486 654 15
486 660 8
486 671 33
486 677 68
486 685 61
486 696 35
486 718 78
486 720 54
486 737 87
486 748 79
486 766 3
486 769 69
486 775 37
486 776 48
486 790 42
486 794 19
486 802 89
486 817 93
486 820 82
486 825 42
486 843 39
486 848 71
486 856 85
486 858 98
486 881 10
486 883 99
486 888 66
486 890 27
486 891 65
486 893 88
486 896 71
486 913 90
486 955 2
486 964 53
486 979 2
486 980 99
486 992 23
487 488 25
487 495 8
487 500 98
487 514 23
487 515 11
487 522 82
487 553 84
487 566 23
487 567 32
487 568 92
487 569 98
487 571 52
487 584 73
487 590 66
487 592 43
487 602 70
487 603 79
487 605 43
487 612 83
487 623 2
487 628 29
487 631 92
487 642 1
487 643 17
487 650 16
487 652 43
487 665 8
487 670 23
487 702 40
487 704 68
487 706 31
487 712 61
487 713 11
487 716 24
487 717 57
487 719 83
487 723 43
487 728 24
487 729 50
487 734 69
487 736 7
487 741 41
487 742 17
487 756 13
487 758 89
487 773 56
487 783 77
487 800 57
487 801 31
487 804 88
487 813 76
487 816 28
487 830 55
487 838 66
487 840 69
487 847 79
487 855 61
487 863 20
487 873 17
487 878 71
487 880 12
487 902 78
487 906 100
487 907 12
487 918 96
487 921 54
487 929 77
487 932 58
487 951 88
487 954 28
487 960 34
487 963 74
487 985 91
487 996 69
488 494 96
488 495 14
488 514 84
488 515 46
488 522 53
488 566 43
488 569 7
488 571 78
488 573 23
488 584 62
488 603 64
488 605 81
488 612 94
488 623 68
488 631 57
488 642 59
488 650 87
488 665 47
488 667 30
488 670 7
488 704 1
488 706 46
488 712 2
488 716 70
488 717 100
488 723 46
488 729 32
488 730 79
488 731 15
488 734 76
488 736 6
488 741 4
488 756 97
488 758 57
488 773 89
488 783 99
488 800 24
488 801 70
488 804 78
488 814 20
488 815 41
488 816 85
488 827 59
488 829 82
488 830 46
488 838 4
488 840 17
488 842 84
488 847 61
488 855 77
488 863 16
488 868 28
488 873 2
488 878 37
488 880 22
488 902 47
488 905 29
488 906 82
488 907 40
488 912 65
488 918 89
488 921 74
488 929 64
488 932 32
488 951 1
488 954 70
488 957 41
488 960 30
488 963 3
488 985 79
488 996 11
489 493 90
489 496 25
489 509 37
489 512 9
489 524 51
489 541 47
489 550 90
489 555 46
489 558 50
489 563 42
489 570 99
489 572 28
489 574 78
489 577 56
489 582 4
489 583 61
489 591 45
489 594 43
489 597 87
489 598 6
489 604 33
489 606 32
489 610 87
489 614 84
489 616 2
489 627 32
489 636 48
489 673 92
489 675 54
489 676 19
489 687 55
489 688 38
489 690 5
489 691 80
489 698 73
489 711 93
489 726 56
489 746 68
489 757 59
489 761 42
489 763 69
489 774 18
489 784 31
489 785 80
489 791 97
489 792 33
489 796 71
489 797 3
489 798 80
489 799 78
489 821 71
489 839 31
489 841 31
489 854 2
489 857 1
489 860 45
489 861 83
489 874 20
489 876 41
489 877 14
489 879 34
489 882 29
489 887 23
489 900 7
489 916 41
489 926 39
489 930 55
489 936 29
489 947 6
489 968 43
489 976 24
489 995 3
490 492 33
490 499 89
490 511 65
490 513 99
490 534 10
490 540 16
490 545 47
490 575 89
490 578 32
490 601 42
490 608 59
490 609 93
490 613 35
490 617 59
490 630 87
490 632 78
490 638 82
490 644 42
490 648 11
490 659 58
490 664 13
490 674 58
490 681 32
490 683 5
490 686 74
490 700 7
490 714 61
490 721 68
490 735 85
490 740 93
490 751 63
490 759 74
490 760 40
490 765 6
490 767 23
490 786 78
490 795 89
490 803 83
490 806 94
490 812 90
490 824 68
490 826 55
490 831 36
490 833 1
490 844 16
490 845 48
490 869 4
490 884 98
490 892 34
490 899 12
490 901 18
490 914 21
490 919 93
490 931 20
490 946 30
490 948 7
490 950 22
490 952 15
490 975 69
490 983 9
490 989 6
490 990 59
490 993 53
490 999 4
491 503 7
491 505 87
491 508 57
491 538 5
491 539 80
491 543 72
491 554 56
491 593 78
491 596 61
491 629 74
491 657 27
491 658 50
491 663 92
491 671 34
491 689 17
491 695 73
491 715 10
491 747 40
491 749 11
491 776 88
491 805 35
491 819 83
491 822 69
491 825 88
491 835 86
491 843 94
491 849 38
491 864 38
491 866 12
491 871 32
491 889 65
491 896 82
491 904 38
491 908 100
491 927 3
491 938 30
491 945 52
491 953 8
491 955 68
491 972 14
491 994 53
492 493 94
492 497 6
492 511 16
492 513 32
492 524 70
492 537 60
492 545 27
492 551 53
492 570 22
492 574 34
492 575 94
492 578 77
492 583 59
492 591 87
492 598 69
492 601 4
492 608 87
492 609 98
492 613 33
492 615 98
492 618 82
492 638 82
492 639 82
492 648 77
492 659 53
492 661 100
492 668 86
492 674 5
492 675 79
492 683 12
492 686 3
492 688 25
492 699 4
492 700 98
492 714 67
492 725 19
492 735 85
492 738 32
492 740 67
492 751 80
492 757 33
492 795 55
492 803 57
492 806 89
492 812 9
492 821 95
492 824 85
492 826 3
492 831 59
492 833 92
492 839 37
492 867 16
492 869 97
492 876 7
492 917 39
492 936 16
492 946 62
492 968 42
492 970 57
492 983 8
492 990 35
492 999 79
493 496 100
493 524 1
493 526 72
493 555 53
493 558 24
493 563 67
493 570 47
493 572 31
493 574 30
493 577 48
493 579 49
493 583 39
493 591 98
493 597 32
493 598 81
493 604 36
493 606 5
493 610 11
493 613 41
493 614 69
493 615 25
493 616 75
493 618 25
493 627 73
493 636 28
493 639 89
493 661 63
493 668 89
493 673 8
493 675 11
493 676 34
493 687 99
493 688 59
493 690 84
493 691 25
493 698 45
493 710 6
493 726 15
493 730 67
493 746 62
493 757 51
493 761 90
493 763 54
493 785 48
493 791 28
493 796 55
493 798 80
493 799 65
493 821 27
493 823 64
493 834 5
493 839 78
493 841 3
493 854 90
493 860 30
493 867 79
493 876 52
493 879 7
493 885 95
493 900 59
493 912 56
493 916 64
493 930 49
493 936 89
493 947 54
493 956 43
493 958 17
493 966 48
493 968 50
493 976 85
493 995 26
494 514 91
494 515 13
494 520 13
494 546 39
494 557 38
494 567 88
494 569 80
494 605 3
494 631 84
494 634 10
494 642 54
494 645 42
494 665 27
494 704 80
494 706 69
494 708 22
494 716 70
494 717 92
494 723 2
494 729 62
494 731 12
494 734 77
494 756 65
494 777 30
494 781 58
494 801 57
494 804 60
494 815 72
494 827 2
494 840 17
494 842 55
494 863 24
494 868 52
494 872 18
494 902 4
494 905 87
494 906 74
494 907 42
494 918 73
494 932 40
494 939 63
494 940 31
494 949 75
494 951 78
494 957 76
494 963 64
494 977 9
494 996 60
495 496 9
495 514 37
495 522 66
495 526 93
495 564 42
495 566 59
495 568 84
495 569 100
495 571 87
495 579 49
495 584 55
495 590 8
495 602 22
495 603 16
495 605 73
495 612 19
495 621 21
495 623 75
495 628 32
495 631 33
495 642 75
495 643 85
495 650 8
495 667 62
495 670 11
495 706 89
495 710 42
495 712 61
495 713 45
495 717 44
495 723 56
495 730 80
495 734 48
495 736 65
495 741 20
495 742 57
495 746 9
495 758 21
495 764 29
495 773 16
495 783 68
495 798 35
495 800 95
495 801 79
495 814 94
495 816 44
495 823 50
495 829 27
495 830 68
495 838 98
495 840 82
495 847 20
495 855 23
495 863 83
495 873 61
495 878 62
495 880 4
495 885 100
495 906 100
495 912 12
495 918 84
495 921 67
495 929 16
495 932 17
495 951 37
495 954 52
495 956 31
495 957 37
495 960 38
495 963 31
495 966 24
495 985 18
495 996 61
496 517 45
496 522 74
496 526 13
496 558 1
496 559 90
496 562 4
496 566 10
496 573 35
496 577 28
496 579 38
496 583 23
496 584 24
496 597 54
496 603 92
496 606 51
496 610 96
496 612 2
496 614 62
496 627 4
496 631 36
496 642 8
496 667 24
496 673 28
496 675 7
496 690 32
496 691 16
496 697 100
496 706 32
496 710 14
496 724 50
496 730 22
496 736 81
496 741 45
496 746 44
496 754 67
496 755 57
496 757 33
496 758 67
496 761 5
496 770 28
496 773 95
496 791 84
496 796 95
496 798 15
496 800 83
496 814 17
496 816 89
496 823 44
496 829 29
496 830 33
496 834 74
496 838 63
496 847 35
496 860 71
496 862 6
496 863 29
496 877 51
496 878 23
496 879 67
496 880 50
496 885 53
496 900 11
496 912 47
496 915 10
496 916 79
496 929 60
496 930 87
496 947 5
496 956 62
496 958 67
496 966 34
496 985 44
497 511 33
497 513 37
497 527 15
497 529 35
497 530 68
497 537 65
497 540 11
497 545 88
497 549 57
497 551 15
497 556 46
497 575 63
497 576 20
497 589 51
497 591 83
497 594 10
497 613 89
497 618 80
497 632 39
497 636 52
497 647 87
497 659 76
497 676 4
497 683 71
497 686 38
497 688 58
497 699 97
497 722 78
497 725 19
497 726 94
497 735 85
497 738 27
497 740 9
497 744 6
497 751 88
497 762 89
497 772 45
497 792 91
497 795 56
497 806 84
497 812 25
497 821 41
497 826 35
497 831 99
497 833 83
497 837 85
497 839 94
497 867 42
497 874 90
497 887 35
497 897 59
497 919 64
497 933 43
497 935 46
497 936 95
497 937 45
497 946 97
497 961 38
497 962 25
497 967 97
497 970 11
497 971 25
497 983 56
497 990 54
497 998 26
497 999 98
498 500 84
498 510 33
498 525 18
498 535 51
498 544 60
498 552 88
498 561 89
498 564 83
498 568 24
498 585 18
498 602 3
498 611 36
498 621 3
498 628 54
498 643 90
498 656 91
498 662 57
498 669 87
498 670 97
498 678 28
498 684 88
498 709 53
498 713 1
498 719 80
498 742 28
498 750 51
498 752 65
498 764 58
498 783 86
498 787 55
498 788 62
498 793 57
498 805 18
498 807 27
498 816 12
498 836 72
498 850 15
498 873 53
498 904 29
498 911 96
498 954 14
498 958 73
498 972 86
498 973 55
498 982 34
498 984 19
499 531 29
499 532 28
499 545 96
499 560 51
499 581 6
499 589 65
499 609 85
499 620 81
499 625 82
499 632 62
499 648 33
499 655 53
499 664 29
499 674 30
499 681 25
499 693 37
499 721 92
499 751 73
499 759 79
499 765 20
499 767 71
499 778 24
499 779 20
499 780 89
499 782 29
499 786 20
499 795 100
499 809 67
499 826 98
499 828 61
499 844 7
499 845 39
499 884 69
499 894 27
499 895 39
499 899 54
499 931 61
499 941 56
499 948 84
499 950 82
499 962 20
499 967 10
499 974 87
499 975 98
499 989 60
499 999 37
500 505 70
500 507 15
500 518 37
500 525 79
500 533 37
500 552 37
500 553 70
500 568 26
500 571 71
500 585 99
500 590 30
500 592 15
500 602 44
500 623 28
500 628 96
500 637 8
500 643 65
500 650 89
500 652 39
500 656 23
500 670 66
500 672 60
500 684 28
500 702 88
500 713 49
500 719 22
500 727 43
500 728 78
500 742 38
500 764 35
500 783 72
500 788 61
500 793 83
500 808 97
500 813 81
500 818 79
500 832 68
500 850 12
500 855 87
500 873 95
500 904 41
500 921 63
500 925 11
500 932 29
500 945 31
500 954 60
500 960 38
500 972 56
500 981 95
500 987 58
501 512 33
501 523 68
501 541 6
501 550 28
501 555 3
501 563 31
501 565 94
501 582 100
501 588 20
501 600 84
501 604 48
501 616 37
501 619 91
501 633 30
501 640 80
501 649 57
501 679 19
501 680 17
501 687 30
501 692 19
501 698 24
501 701 89
501 711 23
501 743 49
501 774 30
501 784 84
501 797 61
501 799 84
501 841 65
501 846 3
501 854 1
501 857 35
501 859 44
501 861 58
501 882 56
501 886 19
501 910 23
501 926 85
501 928 61
501 942 64
501 995 17
502 515 84
502 516 70
502 546 79
502 548 45
502 557 68
502 567 91
502 626 85
502 634 8
502 645 55
502 652 74
502 672 44
502 704 61
502 716 40
502 727 19
502 728 52
502 729 86
502 731 69
502 739 83
502 781 71
502 789 70
502 804 46
502 872 15
502 898 87
502 902 4
502 907 71
502 909 66
502 924 41
502 925 44
502 939 19
502 940 60
502 949 9
502 965 41
502 977 28
502 988 92
503 508 57
503 538 15
503 539 33
503 543 38
503 547 8
503 554 27
503 593 91
503 596 7
503 624 58
503 629 77
503 654 20
503 657 2
503 658 68
503 663 12
503 671 88
503 689 86
503 695 25
503 696 81
503 715 78
503 718 10
503 720 31
503 737 34
503 747 80
503 748 3
503 749 45
503 776 28
503 817 37
503 819 9
503 820 20
503 822 44
503 825 20
503 835 34
503 843 76
503 849 24
503 853 56
503 864 56
503 866 32
503 871 12
503 883 51
503 888 84
503 889 58
503 890 82
503 891 51
503 896 95
503 908 33
503 927 13
503 938 41
503 953 78
503 955 12
503 979 17
503 994 11
504 538 19
504 547 58
504 593 55
504 624 76
504 646 50
504 654 23
504 660 9
504 677 14
504 696 17
504 718 31
504 720 23
504 737 18
504 748 27
504 775 87
504 776 97
504 790 41
504 794 94
504 817 51
504 853 98
504 883 52
504 888 3
504 890 53
504 891 38
504 893 99
504 896 52
504 913 19
504 955 80
504 979 70
505 507 40
505 518 50
505 533 97
505 543 7
505 554 14
505 592 85
505 596 21
505 629 57
505 637 5
505 657 12
505 695 13
505 747 13
505 788 88
505 808 96
505 818 79
505 832 91
505 835 28
505 849 44
505 889 98
505 938 6
505 945 69
505 981 58
505 987 13
505 994 23
506 532 85
506 534 39
506 560 92
506 595 46
506 617 89
506 630 93
506 635 20
506 641 78
506 644 14
506 651 84
506 653 10
506 655 31
506 664 52
506 666 5
506 705 36
506 721 76
506 732 16
506 745 1
506 753 5
506 759 24
506 760 56
506 765 87
506 771 23
506 802 18
506 828 15
506 848 26
506 851 92
506 881 10
506 899 81
506 901 32
506 914 99
506 948 82
506 952 72
506 964 67
506 969 35
506 978 21
506 980 71
506 986 58
506 989 39
506 993 59
507 518 67
507 533 26
507 553 63
507 554 21
507 590 40
507 592 81
507 637 18
507 652 84
507 672 84
507 702 99
507 719 6
507 727 3
507 728 5
507 788 85
507 808 11
507 813 79
507 818 43
507 832 53
507 835 14
507 849 2
507 925 21
507 945 10
507 981 31
507 987 37
508 525 62
508 538 38
508 539 67
508 543 20
508 552 27
508 554 76
508 593 78
508 596 6
508 611 88
508 622 22
508 629 52
508 657 29
508 658 78
508 662 50
508 663 15
508 669 27
508 671 26
508 684 50
508 689 16
508 695 49
508 715 91
508 747 66
508 748 27
508 749 45
508 768 28
508 776 42
508 788 29
508 805 95
508 819 59
508 820 67
508 822 30
508 825 38
508 835 81
508 843 6
508 849 66
508 850 41
508 858 67
508 864 70
508 866 97
508 871 90
508 888 61
508 889 11
508 896 32
508 904 95
508 908 37
508 911 22
508 927 36
508 938 23
508 953 97
508 955 2
508 972 64
508 984 24
508 992 75
508 994 27
509 512 61
509 517 33
509 521 95
509 523 64
509 541 3
509 542 99
509 550 70
509 558 90
509 559 56
509 562 93
509 563 48
509 572 55
509 577 71
509 586 16
509 588 30
509 597 54
509 600 30
509 604 5
509 606 83
509 607 95
509 610 26
509 614 86
509 616 60
509 619 13
509 627 80
509 649 74
509 673 50
509 679 12
509 682 21
509 687 59
509 690 9
509 691 38
509 692 57
509 694 87
509 697 5
509 698 16
509 707 9
509 711 14
509 724 54
509 743 64
509 746 46
509 754 87
509 755 32
509 761 85
509 763 4
509 770 76
509 774 21
509 784 68
509 791 34
509 796 45
509 797 82
509 799 6
509 810 62
509 811 69
509 841 43
509 854 63
509 859 30
509 860 56
509 861 93
509 862 58
509 870 50
509 875 54
509 877 72
509 879 7
509 882 49
509 900 14
509 910 96
509 915 76
509 916 1
509 920 8
509 923 95
509 926 81
509 928 90
509 930 41
509 944 7
509 947 68
509 959 61
509 976 20
509 995 5
510 525 12
510 535 25
510 544 6
510 552 80
510 561 81
510 564 26
510 585 68
510 587 43
510 599 90
510 611 74
510 617 45
510 621 25
510 630 74
510 635 38
510 641 71
510 656 76
510 662 55
510 663 65
510 669 39
510 678 17
510 705 53
510 709 91
510 715 54
510 750 19
510 752 10
510 764 99
510 768 53
510 769 78
510 787 17
510 793 29
510 805 8
510 807 28
510 836 23
510 850 28
510 852 24
510 858 62
510 864 40
510 892 13
510 904 58
510 911 63
510 917 28
510 934 38
510 952 33
510 972 8
510 973 68
510 982 68
510 984 37
511 513 55
511 524 18
511 529 72
511 537 32
511 540 78
511 545 34
511 551 26
511 575 25
511 578 49
511 601 1
511 608 40
511 609 75
511 613 81
511 615 1
511 618 41
511 632 30
511 638 54
511 639 52
511 648 35
511 659 82
511 661 41
511 668 32
511 674 14
511 681 80
511 683 90
511 686 42
511 688 20
511 699 52
511 700 10
511 714 78
511 721 94
511 722 89
511 725 66
511 735 87
511 738 75
511 740 35
511 744 15
511 751 91
511 759 32
511 767 2
511 795 41
511 803 60
511 806 15
511 812 70
511 824 6
511 826 43
511 831 4
511 833 83
511 867 37
511 869 100
511 884 30
511 892 75
511 914 62
511 917 65
511 919 29
511 946 95
511 950 18
511 968 9
511 970 2
511 975 24
511 983 73
511 990 10
511 999 7
512 521 60
512 523 73
512 541 15
512 550 12
512 555 72
512 558 44
512 559 6
512 563 24
512 565 72
512 572 21
512 586 58
512 588 16
512 600 64
512 604 41
512 614 87
512 616 97
512 619 59
512 627 51
512 633 21
512 640 77
512 649 31
512 679 80
512 680 60
512 682 16
512 687 89
512 690 53
512 691 80
512 692 13
512 694 95
512 697 85
512 698 15
512 701 23
512 711 2
512 724 1
512 743 96
512 774 2
512 784 40
512 791 18
512 797 52
512 799 25
512 810 76
512 811 68
512 841 71
512 846 77
512 854 92
512 857 50
512 859 83
512 860 96
512 861 6
512 879 40
512 882 10
512 886 36
512 900 63
512 903 51
512 910 50
512 916 74
512 920 34
512 926 47
512 928 3
512 942 100
512 944 62
512 959 26
512 995 34
513 524 26
513 529 53
513 537 31
513 540 66
513 545 36
513 551 69
513 575 93
513 578 43
513 598 89
513 601 51
513 608 87
513 609 31
513 613 15
513 615 32
513 618 86
513 632 27
513 638 47
513 639 2
513 648 30
513 659 68
513 661 63
513 668 16
513 674 84
513 683 24
513 686 94
513 688 15
513 699 67
513 700 92
513 714 37
513 721 98
513 725 65
513 735 5
513 738 45
513 740 40
513 751 25
513 759 35
513 767 84
513 795 37
513 803 22
513 806 57
513 812 35
513 821 97
513 824 97
513 826 72
513 831 64
513 833 49
513 867 64
513 869 79
513 884 51
513 892 14
513 914 40
513 917 80
513 919 72
513 946 6
513 952 80
513 968 50
513 970 61
513 975 74
513 983 60
513 990 58
513 999 66
514 515 65
514 520 73
514 522 51
514 569 21
514 573 20
514 584 14
514 603 25
514 605 95
514 631 79
514 642 77
514 645 82
514 665 50
514 704 70
514 706 81
514 708 94
514 712 10
514 716 8
514 717 50
514 723 41
514 729 66
514 731 57
514 734 70
514 741 36
514 756 97
514 758 28
514 777 41
514 781 100
514 800 23
514 801 18
514 804 39
514 814 94
514 815 68
514 827 6
514 830 76
514 838 56
514 840 99
514 842 84
514 847 30
514 863 44
514 868 1
514 902 16
514 905 99
514 906 60
514 907 58
514 918 82
514 929 42
514 932 46
514 951 58
514 957 90
514 960 22
514 963 6
514 985 10
514 996 98
514 997 30
515 516 32
515 546 27
515 548 35
515 557 38
515 567 51
515 569 94
515 571 73
515 605 80
515 623 53
515 626 63
515 634 14
515 645 62
515 650 63
515 652 45
515 665 59
515 672 16
515 702 41
515 704 19
515 712 42
515 716 100
515 717 29
515 723 47
515 727 1
515 728 79
515 729 29
515 731 97
515 734 19
515 739 52
515 756 66
515 777 47
515 781 89
515 789 52
515 801 45
515 804 15
515 813 72
515 815 41
515 827 96
515 840 13
515 855 8
515 872 36
515 898 36
515 902 33
515 905 13
515 906 67
515 907 33
515 909 27
515 924 26
515 925 17
515 932 73
515 939 99
515 940 73
515 949 40
515 951 88
515 960 35
515 963 31
515 965 21
515 977 94
515 988 51
515 996 28
516 546 98
516 548 64
516 557 44
516 567 57
516 626 78
516 634 71
516 645 81
516 652 53
516 672 22
516 704 64
516 727 70
516 728 61
516 729 69
516 731 4
516 739 23
516 781 1
516 789 99
516 804 44
516 898 2
516 907 13
516 909 38
516 924 43
516 925 18
516 939 70
516 940 49
516 949 59
516 965 98
516 977 9
516 988 7
517 520 48
517 521 51
517 522 60
517 526 50
517 536 16
517 542 25
517 558 25
517 559 22
517 562 61
517 573 37
517 580 75
517 586 83
517 597 75
517 606 94
517 607 77
517 614 29
517 627 40
517 642 100
517 673 41
517 679 92
517 682 93
517 687 27
517 690 87
517 691 21
517 694 46
517 697 65
517 703 91
517 707 23
517 708 25
517 724 42
517 730 82
517 733 35
517 746 50
517 754 70
517 755 35
517 761 89
517 770 29
517 774 97
517 791 21
517 796 1
517 797 70
517 811 15
517 814 92
517 854 33
517 860 15
517 862 11
517 863 45
517 870 79
517 875 51
517 877 37
517 879 94
517 900 18
517 915 52
517 916 4
517 920 32
517 922 57
517 923 69
517 929 19
517 930 50
517 943 85
517 944 81
517 947 30
517 957 49
517 959 59
517 995 52
517 997 1
518 533 72
518 552 11
518 553 53
518 568 76
518 571 32
518 590 34
518 592 52
518 602 45
518 623 66
518 628 17
518 637 71
518 643 98
518 650 92
518 652 14
518 656 64
518 672 32
518 684 94
518 702 3
518 719 62
518 727 66
518 728 22
518 742 53
518 788 28
518 808 51
518 813 98
518 818 58
518 832 8
518 849 31
518 850 67
518 855 11
518 904 22
518 921 87
518 924 55
518 925 6
518 945 50
518 960 66
518 965 21
518 981 97
518 987 36
519 528 29
519 561 37
519 593 98
519 595 28
519 599 55
519 611 52
519 622 100
519 635 58
519 641 76
519 646 34
519 653 30
519 654 52
519 660 24
519 662 69
519 663 29
519 666 94
519 669 98
519 671 24
519 677 42
519 685 37
519 705 26
519 715 87
519 720 60
519 748 90
519 766 89
519 768 69
519 769 84
519 771 59
519 787 71
519 790 50
519 794 53
519 802 16
519 819 10
519 820 19
519 825 21
519 843 37
519 848 16
519 851 65
519 852 56
519 856 7
519 858 68
519 864 18
519 881 82
519 888 38
519 913 71
519 934 15
519 953 94
519 964 45
519 978 13
519 980 58
519 984 39
519 986 72
519 992 64
520 522 4
520 536 11
520 542 12
520 573 30
520 580 63
520 605 79
520 607 94
520 631 75
520 642 39
520 703 33
520 707 51
520 708 71
520 733 52
520 734 66
520 754 61
520 755 26
520 756 48
520 770 56
520 777 60
520 814 91
520 815 27
520 827 9
520 830 92
520 842 25
520 862 77
520 863 89
520 868 42
520 870 70
520 875 44
520 906 76
520 915 2
520 918 28
520 922 85
520 923 31
520 943 2
520 957 14
520 997 36
521 523 100
521 536 17
521 542 2
521 550 92
521 558 80
521 559 24
521 562 44
521 580 5
521 586 74
521 588 86
521 597 100
521 600 36
521 606 35
521 607 19
521 614 58
521 616 61
521 619 77
521 627 50
521 640 20
521 649 65
521 679 45
521 682 70
521 687 82
521 690 19
521 691 70
521 692 65
521 694 97
521 697 10
521 703 53
521 707 3
521 711 16
521 724 69
521 733 41
521 743 9
521 754 62
521 755 96
521 770 89
521 774 64
521 791 55
521 797 31
521 799 97
521 810 25
521 811 11
521 854 100
521 859 32
521 860 82
521 862 44
521 870 1
521 875 24
521 877 8
521 879 62
521 882 82
521 900 89
521 903 5
521 910 85
521 915 10
521 916 97
521 920 39
521 922 87
521 923 22
521 928 38
521 930 40
521 943 76
521 944 56
521 947 57
521 959 89
521 995 43
522 526 70
522 542 46
522 562 94
522 566 31
522 569 93
522 573 31
522 584 16
522 603 3
522 605 95
522 606 37
522 612 23
522 631 92
522 642 54
522 667 34
522 706 85
522 708 33
522 712 7
522 717 64
522 723 75
522 730 91
522 733 42
522 734 87
522 736 19
522 741 79
522 746 15
522 754 19
522 755 49
522 756 1
522 758 87
522 770 45
522 773 47
522 783 16
522 796 46
522 798 72
522 800 34
522 801 60
522 814 46
522 816 84
522 823 84
522 829 10
522 830 89
522 838 41
522 840 16
522 842 70
522 847 31
522 862 39
522 863 58
522 868 95
522 873 16
522 875 55
522 877 22
522 878 83
522 880 29
522 906 3
522 912 68
522 915 60
522 918 91
522 922 68
522 929 10
522 947 22
522 957 20
522 963 38
522 966 7
522 985 46
522 996 49
522 997 83
523 541 53
523 550 99
523 565 8
523 586 82
523 588 39
523 600 16
523 607 17
523 619 30
523 633 82
523 640 98
523 649 95
523 679 42
523 680 27
523 682 18
523 692 16
523 694 57
523 697 20
523 707 26
523 711 34
523 724 92
523 743 99
523 774 61
523 797 60
523 810 91
523 811 7
523 846 62
523 859 24
523 882 20
523 886 6
523 903 18
523 910 90
523 920 51
523 926 90
523 928 58
523 942 93
523 944 74
523 959 84
523 995 33
524 535 87
524 551 58
524 570 59
524 574 12
524 575 52
524 577 21
524 579 86
524 583 32
524 591 41
524 598 47
524 601 37
524 608 89
524 610 42
524 613 81
524 615 39
524 618 71
524 636 95
524 639 52
524 659 34
524 661 44
524 668 82
524 673 12
524 675 47
524 688 100
524 700 18
524 710 50
524 714 81
524 735 82
524 740 18
524 752 16
524 757 85
524 761 7
524 763 56
524 796 43
524 798 28
524 803 14
524 821 40
524 824 21
524 833 80
524 834 12
524 839 38
524 867 82
524 876 67
524 885 55
524 917 85
524 936 23
524 956 71
524 958 65
524 966 63
524 968 98
524 973 27
524 976 16
524 982 67
525 544 80
525 552 33
525 561 6
525 568 84
525 585 8
525 599 79
525 602 96
525 611 10
525 656 7
525 662 31
525 663 1
525 669 40
525 678 11
525 684 76
525 689 72
525 695 4
525 709 41
525 713 74
525 715 74
525 719 23
525 750 55
525 764 96
525 768 47
525 787 6
525 788 61
525 793 13
525 805 61
525 807 67
525 819 60
525 825 33
525 850 76
525 852 13
525 858 13
525 864 90
525 866 94
525 871 43
525 889 51
525 904 46
525 908 64
525 911 35
525 927 45
525 934 78
525 953 56
525 972 83
525 984 4
526 558 35
526 562 33
526 564 98
526 566 37
526 577 45
526 579 20
526 583 26
526 584 82
526 597 59
526 598 88
526 603 10
526 606 11
526 610 2
526 612 64
526 614 42
526 627 8
526 631 24
526 642 56
526 667 95
526 673 4
526 675 20
526 690 73
526 691 72
526 706 15
526 710 92
526 730 5
526 736 86
526 741 64
526 746 81
526 755 66
526 757 49
526 758 41
526 761 32
526 770 70
526 773 23
526 783 30
526 791 89
526 796 96
526 798 46
526 800 98
526 814 86
526 816 56
526 823 93
526 829 97
526 830 73
526 834 48
526 838 89
526 847 35
526 860 90
526 863 67
526 873 53
526 876 64
526 877 36
526 878 5
526 879 89
526 880 69
526 885 12
526 900 86
526 912 44
526 915 24
526 916 4
526 929 2
526 930 55
526 947 24
526 956 77
526 958 5
526 966 28
526 985 23
527 529 54
527 531 77
527 537 89
527 540 75
527 549 52
527 556 84
527 576 52
527 589 6
527 625 20
527 632 62
527 647 44
527 683 82
527 686 17
527 722 31
527 725 61
527 738 77
527 744 80
527 779 63
527 780 79
527 782 22
527 812 75
527 894 2
527 895 52
527 919 70
527 937 60
527 941 29
527 946 35
527 961 80
527 962 40
527 967 33
527 970 87
527 971 77
527 983 27
527 998 83
527 999 48
528 538 74
528 593 57
528 595 95
528 599 6
528 611 57
528 622 97
528 624 36
528 635 56
528 641 37
528 646 87
528 653 74
528 654 73
528 660 23
528 663 94
528 666 70
528 669 40
528 671 33
528 677 29
528 685 90
528 689 60
528 705 23
528 715 75
528 720 42
528 748 96
528 749 56
528 766 85
528 768 82
528 769 39
528 771 56
528 775 98
528 787 78
528 790 19
528 794 15
528 802 45
528 817 84
528 819 97
528 820 73
528 825 42
528 843 97
528 848 77
528 851 77
528 852 75
528 856 61
528 858 71
528 864 12
528 881 40
528 888 96
528 891 43
528 913 55
528 934 29
528 953 86
528 964 5
528 978 21
528 980 65
528 986 12
528 992 86
529 530 38
529 537 17
529 540 74
529 545 86
529 549 6
529 551 100
529 556 5
529 575 53
529 576 56
529 589 77
529 591 18
529 613 35
529 632 59
529 647 83
529 659 70
529 683 87
529 686 1
529 688 59
529 699 96
529 722 73
529 725 23
529 735 58
529 738 45
529 740 92
529 744 46
529 751 73
529 762 11
529 772 10
529 792 33
529 795 15
529 806 72
529 812 72
529 826 94
529 831 71
529 833 44
529 837 23
529 839 81
529 867 98
529 874 97
529 887 80
529 895 18
529 897 62
529 919 79
529 933 17
529 935 81
529 936 43
529 937 86
529 946 20
529 961 41
529 962 86
529 967 94
529 970 94
529 971 47
529 975 30
529 983 78
529 990 84
529 998 30
529 999 5
530 537 80
530 551 7
530 555 36
530 556 68
530 582 72
530 591 57
530 594 29
530 636 12
530 647 32
530 676 11
530 683 90
530 688 31
530 699 65
530 722 97
530 725 15
530 726 10
530 738 65
530 744 78
530 762 9
530 772 13
530 785 36
530 792 65
530 837 28
530 839 49
530 857 94
530 867 56
530 874 17
530 887 79
530 897 59
530 933 68
530 935 2
530 936 56
530 937 77
530 970 15
530 971 95
530 998 21
531 540 39
531 549 33
531 576 33
531 581 70
531 589 96
531 625 9
531 632 3
531 681 99
531 693 96
531 765 54
531 767 21
531 778 50
531 779 21
531 780 55
531 782 92
531 786 41
531 809 70
531 826 65
531 844 32
531 845 64
531 865 50
531 884 16
531 894 29
531 895 41
531 919 15
531 931 93
531 941 95
531 948 50
531 950 39
531 961 2
531 962 67
531 967 57
531 974 18
531 975 46
531 991 44
531 999 65
532 534 49
532 560 24
532 581 98
532 620 34
532 651 9
532 655 23
532 664 41
532 681 92
532 721 44
532 732 99
532 745 10
532 753 44
532 765 41
532 767 38
532 778 67
532 786 58
532 809 30
532 828 17
532 844 70
532 845 97
532 899 56
532 931 48
532 948 10
532 950 4
532 969 75
532 974 95
532 989 74
533 548 36
533 553 86
533 568 43
533 571 59
533 590 44
533 592 6
533 602 83
533 623 61
533 628 25
533 637 49
533 643 23
533 650 76
533 652 31
533 672 80
533 702 52
533 719 55
533 727 82
533 728 30
533 742 3
533 788 48
533 804 97
533 808 50
533 813 52
533 818 30
533 832 51
533 855 28
533 909 57
533 921 64
533 924 96
533 925 38
533 932 62
533 945 21
533 965 49
533 981 34
533 987 28
534 560 93
534 587 76
534 595 88
534 617 90
534 620 26
534 630 76
534 635 51
534 638 69
534 641 70
534 644 49
534 651 54
534 653 30
534 655 33
534 664 7
534 666 44
534 674 39
534 681 44
534 705 64
534 721 83
534 732 57
534 745 9
534 753 41
534 759 20
534 760 59
534 765 41
534 767 50
534 771 64
534 828 77
534 844 66
534 845 32
534 848 13
534 851 32
534 869 95
534 892 6
534 899 38
534 901 88
534 914 47
534 931 29
534 948 56
534 950 32
534 952 96
534 964 58
534 969 77
534 978 44
534 980 97
534 986 16
534 989 93
534 993 68
535 544 4
535 564 69
535 579 24
535 585 5
535 587 71
535 601 46
535 608 47
535 612 48
535 615 92
535 621 92
535 639 33
535 661 93
535 668 22
535 675 18
535 678 53
535 709 26
535 710 19
535 713 57
535 714 45
535 750 28
535 752 61
535 764 88
535 773 74
535 783 64
535 793 53
535 803 15
535 807 69
535 816 73
535 824 47
535 834 36
535 836 17
535 873 1
535 878 34
535 885 87
535 892 23
535 917 9
535 952 54
535 956 66
535 958 50
535 968 16
535 973 68
535 982 93
536 542 96
536 559 83
536 562 32
536 573 77
536 580 44
536 586 69
536 606 30
536 607 35
536 682 39
536 694 92
536 697 80
536 703 75
536 707 14
536 708 78
536 724 28
536 733 32
536 754 54
536 755 1
536 770 69
536 811 53
536 814 99
536 842 82
536 862 84
536 863 25
536 868 68
536 870 47
536 875 9
536 877 48
536 915 46
536 920 92
536 922 99
536 923 41
536 943 100
536 944 99
536 957 61
536 959 71
536 997 67
537 540 98
537 545 61
537 549 16
537 551 52
537 556 69
537 575 68
537 576 54
537 589 62
537 591 39
537 609 98
537 613 10
537 618 98
537 632 96
537 636 38
537 647 26
537 659 80
537 676 94
537 683 8
537 686 39
537 688 44
537 699 75
537 722 42
537 725 29
537 735 60
537 738 80
537 740 81
537 744 80
537 751 70
537 762 21
537 772 70
537 792 72
537 795 65
537 806 39
537 812 94
537 821 1
537 826 96
537 831 63
537 833 48
537 837 29
537 839 45
537 867 92
537 874 61
537 887 5
537 897 28
537 919 68
537 933 97
537 935 49
537 936 16
537 937 14
537 946 57
537 961 19
537 962 29
537 967 94
537 970 8
537 971 50
537 983 44
537 990 27
537 998 55
537 999 16
538 539 34
538 543 68
538 547 43
538 593 98
538 596 35
538 611 34
538 622 6
538 624 53
538 629 100
538 654 1
538 657 32
538 658 100
538 660 38
538 663 81
538 671 11
538 689 98
538 695 68
538 696 18
538 715 18
538 718 75
538 720 62
538 737 72
538 747 12
538 748 70
538 749 81
538 768 78
538 775 98
538 776 77
538 790 2
538 794 60
538 817 6
538 819 24
538 820 10
538 822 5
538 825 44
538 835 54
538 843 70
538 853 29
538 858 18
538 864 74
538 866 38
538 871 4
538 883 64
538 888 8
538 889 8
538 890 68
538 891 70
538 896 31
538 908 33
538 913 49
538 927 77
538 938 3
538 953 16
538 955 5
538 979 1
538 992 90
538 994 34
539 543 44
539 554 91
539 593 25
539 596 88
539 624 74
539 629 48
539 657 41
539 658 23
539 689 77
539 695 1
539 696 81
539 737 81
539 747 9
539 749 17
539 776 86
539 817 83
539 822 54
539 825 60
539 835 76
539 843 95
539 849 50
539 853 5
539 866 33
539 871 88
539 883 15
539 889 19
539 890 83
539 891 19
539 896 99
539 908 51
539 927 14
539 938 91
539 955 64
539 979 40
539 994 23
540 545 58
540 549 37
540 551 97
540 556 46
540 575 78
540 576 60
540 578 21
540 589 60
540 609 44
540 613 35
540 625 1
540 632 94
540 647 45
540 648 7
540 659 36
540 674 3
540 683 32
540 686 75
540 699 63
540 722 64
540 725 10
540 735 32
540 738 9
540 740 15
540 744 79
540 751 53
540 767 26
540 780 50
540 782 2
540 786 52
540 795 54
540 806 46
540 812 40
540 826 91
540 831 21
540 833 42
540 867 56
540 884 66
540 894 21
540 895 68
540 919 56
540 937 53
540 941 62
540 946 30
540 961 99
540 962 34
540 967 87
540 970 80
540 971 47
540 975 37
540 983 15
540 990 59
540 998 27
540 999 8
541 550 100
541 555 60
541 558 49
541 563 83
541 565 21
541 572 34
541 582 26
541 588 48
541 594 55
541 600 43
541 604 21
541 614 64
541 616 93
541 619 18
541 627 61
541 633 24
541 649 96
541 676 92
541 679 94
541 687 66
541 690 15
541 691 99
541 692 60
541 698 89
541 701 88
541 711 79
541 726 98
541 743 17
541 763 33
541 774 77
541 784 56
541 785 49
541 792 36
541 797 74
541 799 82
541 841 94
541 846 3
541 854 7
541 857 94
541 859 14
541 861 88
541 882 45
541 886 76
541 926 49
541 928 55
541 942 72
541 976 94
541 995 70
542 559 36
542 562 1
542 573 79
542 580 92
542 586 59
542 606 64
542 607 19
542 642 66
542 679 14
542 682 53
542 691 86
542 694 9
542 697 14
542 703 94
542 707 7
542 708 74
542 724 25
542 733 58
542 746 67
542 754 70
542 755 78
542 770 71
542 791 86
542 811 84
542 814 75
542 862 72
542 863 96
542 868 67
542 870 42
542 875 12
542 877 29
542 879 83
542 900 28
542 915 75
542 916 12
542 920 66
542 922 87
542 923 45
542 930 73
542 943 13
542 944 45
542 947 11
542 957 30
542 959 13
542 997 53
543 554 37
543 593 39
543 596 36
543 629 4
543 657 36
543 658 59
543 663 12
543 689 60
543 695 95
543 715 39
543 747 100
543 749 19
543 776 72
543 819 19
543 822 29
543 825 15
543 835 80
543 843 65
543 849 97
543 853 81
543 864 97
543 866 42
543 871 7
543 889 5
543 896 93
543 908 78
543 927 18
543 938 68
543 945 46
543 953 91
543 955 7
543 994 20
544 552 50
544 561 73
544 564 76
544 568 5
544 585 62
544 587 14
544 599 46
544 611 40
544 621 82
544 641 35
544 656 85
544 662 2
544 663 40
544 669 99
544 678 69
544 684 10
544 709 88
544 713 98
544 750 93
544 752 90
544 764 23
544 768 29
544 787 31
544 788 47
544 793 66
544 805 54
544 807 94
544 836 23
544 850 36
544 852 44
544 904 52
544 911 41
544 917 15
544 934 20
544 972 52
544 973 38
544 982 11
544 984 56
545 551 40
545 575 82
545 576 24
545 578 68
545 589 90
545 601 21
545 608 33
545 609 24
545 613 2
545 618 96
545 625 51
545 632 6
545 638 96
545 639 68
545 648 26
545 659 64
545 668 42
545 674 11
545 681 55
545 683 30
545 686 74
545 699 87
545 700 87
545 714 42
545 721 23
545 722 58
545 725 98
545 735 24
545 738 34
545 740 46
545 744 11
545 751 85
545 759 100
545 765 80
545 767 11
545 786 44
545 795 22
545 803 58
545 806 86
545 812 91
545 824 88
545 826 89
545 831 80
545 833 83
545 869 30
545 884 13
545 895 29
545 919 13
545 931 100
545 946 55
545 950 10
545 962 92
545 967 97
545 970 39
545 975 17
545 983 70
545 990 76
545 999 69
546 557 69
546 567 78
546 626 8
546 634 17
546 645 66
546 665 70
546 704 8
546 716 43
546 717 77
546 723 49
546 729 20
546 731 94
546 739 66
546 756 95
546 777 34
546 781 97
546 789 66
546 804 27
546 815 62
546 827 99
546 872 30
546 902 34
546 905 72
546 906 29
546 907 35
546 939 72
546 940 7
546 949 40
546 951 50
546 963 98
546 977 13
546 988 60
547 593 48
547 624 56
547 646 68
547 654 16
547 658 6
547 677 7
547 696 7
547 718 99
547 720 82
547 737 98
547 748 77
547 775 7
547 776 41
547 794 61
547 817 21
547 853 29
547 883 33
547 888 47
547 890 89
547 891 64
547 893 46
547 896 31
547 913 96
547 955 14
547 979 38
548 567 13
548 626 39
548 637 7
548 652 61
548 672 56
548 727 23
548 728 59
548 739 41
548 789 16
548 804 69
548 813 93
548 832 67
548 898 61
548 907 18
548 909 93
548 924 77
548 925 100
548 965 68
548 981 84
548 988 53
549 551 30
549 556 8
549 575 5
549 576 26
549 589 77
549 625 89
549 632 56
549 647 52
549 659 14
549 683 70
549 686 79
549 699 3
549 722 70
549 725 29
549 735 83
549 738 41
549 740 76
549 744 80
549 762 100
549 780 30
549 782 35
549 812 92
549 837 58
549 867 18
549 895 54
549 919 60
549 933 42
549 937 21
549 941 94
549 946 74
549 961 41
549 962 31
549 967 90
549 970 99
549 971 46
549 983 64
549 998 53
549 999 37
550 555 73
550 558 48
550 559 57
550 563 17
550 565 11
550 572 72
550 586 64
550 588 18
550 597 85
550 600 50
550 604 74
550 606 75
550 610 68
550 614 90
550 616 52
550 619 87
550 627 44
550 633 94
550 640 23
550 649 78
550 679 64
550 680 13
550 682 33
550 687 72
550 690 48
550 691 85
550 692 35
550 694 45
550 697 77
550 698 50
550 701 99
550 711 41
550 724 67
550 743 52
550 761 96
550 763 86
550 774 97
550 784 28
550 791 34
550 797 92
550 799 48
550 810 95
550 811 38
550 841 54
550 846 32
550 854 99
550 857 4
550 859 62
550 860 78
550 861 74
550 877 74
550 879 55
550 882 63
550 886 36
550 900 36
550 903 24
550 910 47
550 916 52
550 920 64
550 926 13
550 928 36
550 930 64
550 942 65
550 944 59
550 947 62
550 959 24
550 976 16
550 995 23
551 555 11
551 556 57
551 570 34
551 574 54
551 575 33
551 576 100
551 582 32
551 583 59
551 591 65
551 594 98
551 598 20
551 613 10
551 615 23
551 618 33
551 636 48
551 639 92
551 647 11
551 659 42
551 676 16
551 683 73
551 686 68
551 688 85
551 699 64
551 722 99
551 725 56
551 726 66
551 735 63
551 738 55
551 740 50
551 744 95
551 751 44
551 757 93
551 762 72
551 772 51
551 785 81
551 792 16
551 795 82
551 803 19
551 806 53
551 812 20
551 821 64
551 831 100
551 833 64
551 837 12
551 839 44
551 867 24
551 874 42
551 876 92
551 887 49
551 897 24
551 919 16
551 933 93
551 935 49
551 936 47
551 937 57
551 946 56
551 968 28
551 970 24
551 971 62
551 976 49
551 983 10
551 990 30
551 998 46
551 999 56
552 553 2
552 568 3
552 585 31
552 590 17
552 592 53
552 602 57
552 611 68
552 628 72
552 643 77
552 656 63
552 662 4
552 663 74
552 669 9
552 670 94
552 684 23
552 689 91
552 695 35
552 713 35
552 715 8
552 719 16
552 742 94
552 750 77
552 764 93
552 787 48
552 788 37
552 793 37
552 805 89
552 807 51
552 850 94
552 864 34
552 871 71
552 889 31
552 904 16
552 908 42
552 911 64
552 921 28
552 953 93
552 954 73
552 972 81
552 984 73
553 568 54
553 571 33
553 585 57
553 590 92
553 592 50
553 602 62
553 623 38
553 628 33
553 637 62
553 643 30
553 650 1
553 652 91
553 656 50
553 670 41
553 672 82
553 684 88
553 702 35
553 712 63
553 713 60
553 719 80
553 727 92
553 728 73
553 742 43
553 764 10
553 783 33
553 788 56
553 793 6
553 804 7
553 808 86
553 813 83
553 832 7
553 850 74
553 855 68
553 873 91
553 904 8
553 921 78
553 924 32
553 925 89
553 932 25
553 954 100
553 960 68
553 981 54
554 596 89
554 629 37
554 657 17
554 658 23
554 695 5
554 747 45
554 808 11
554 818 13
554 822 90
554 835 4
554 849 27
554 866 3
554 871 33
554 889 40
554 908 30
554 927 95
554 938 13
554 945 60
554 987 18
554 994 3
555 558 72
555 563 43
555 570 9
555 572 23
555 574 59
555 577 35
555 582 78
555 583 82
555 591 9
555 594 93
555 598 83
555 604 65
555 610 38
555 614 63
555 616 31
555 627 58
555 633 86
555 636 53
555 676 51
555 687 38
555 688 11
555 690 69
555 692 12
555 698 26
555 701 56
555 711 45
555 726 66
555 761 11
555 762 95
555 763 4
555 772 83
555 774 59
555 784 4
555 785 88
555 792 7
555 797 93
555 799 5
555 821 82
555 837 70
555 839 44
555 841 1
555 854 98
555 857 56
555 861 93
555 867 74
555 874 23
555 876 83
555 882 100
555 887 57
555 897 59
555 926 46
555 933 52
555 935 43
555 936 21
555 942 75
555 976 48
555 995 87
556 575 21
556 576 57
556 589 9
556 632 97
556 647 69
556 659 11
556 683 80
556 686 18
556 699 74
556 722 71
556 725 33
556 735 47
556 738 34
556 740 95
556 744 56
556 751 98
556 762 10
556 772 4
556 782 16
556 812 15
556 837 36
556 839 53
556 867 30
556 874 45
556 887 83
556 895 24
556 897 40
556 919 91
556 933 8
556 935 33
556 936 99
556 937 11
556 946 25
556 961 21
556 962 12
556 967 78
556 970 68
556 971 3
556 983 98
556 998 24
556 999 58
557 567 8
557 626 36
557 634 25
557 645 11
557 665 29
557 704 62
557 716 3
557 723 4
557 729 30
557 731 100
557 739 29
557 756 75
557 777 88
557 781 61
557 789 85
557 804 90
557 815 69
557 827 59
557 872 52
557 898 72
557 902 44
557 905 12
557 907 38
557 909 31
557 939 36
557 940 82
557 949 77
557 951 21
557 963 49
557 977 35
557 988 61
558 559 58
558 562 81
558 563 96
558 570 80
558 572 85
558 574 38
558 577 41
558 583 70
558 597 94
558 598 10
558 604 27
558 606 45
558 610 37
558 614 35
558 616 2
558 627 86
558 636 92
558 649 49
558 673 44
558 679 13
558 682 88
558 687 89
558 690 5
558 691 60
558 692 1
558 697 68
558 698 38
558 711 81
558 724 80
558 730 14
558 746 28
558 755 70
558 757 87
558 761 89
558 763 66
558 770 58
558 774 4
558 784 45
558 791 50
558 796 59
558 797 85
558 798 49
558 799 52
558 823 78
558 841 99
558 854 74
558 860 52
558 861 60
558 862 99
558 876 41
558 877 56
558 879 12
558 882 40
558 900 27
558 915 97
558 916 42
558 926 66
558 930 60
558 944 90
558 947 55
558 966 34
558 976 25
558 995 38
559 562 29
559 573 78
559 580 48
559 586 94
559 597 56
559 600 23
559 606 10
559 607 87
559 614 35
559 616 98
559 627 62
559 649 98
559 673 8
559 679 14
559 682 9
559 687 70
559 690 9
559 691 38
559 694 18
559 697 61
559 703 1
559 707 21
559 724 9
559 730 15
559 733 65
559 743 47
559 746 62
559 754 52
559 755 23
559 761 67
559 770 84
559 774 60
559 791 83
559 797 3
559 799 60
559 810 26
559 811 7
559 814 11
559 854 71
559 860 41
559 862 93
559 870 1
559 875 16
559 877 99
559 879 14
559 882 60
559 900 14
559 910 36
559 915 41
559 916 51
559 920 90
559 922 89
559 923 64
559 930 39
559 943 49
559 944 31
559 947 3
559 959 5
559 995 40
559 997 28
560 581 62
560 620 72
560 651 50
560 655 56
560 664 58
560 681 90
560 721 67
560 732 90
560 745 57
560 753 60
560 765 42
560 767 64
560 778 17
560 786 72
560 809 65
560 828 67
560 844 39
560 845 2
560 899 94
560 931 46
560 948 21
560 950 35
560 969 73
560 974 62
560 989 70
561 587 80
561 595 44
561 599 40
561 611 33
561 617 24
561 622 48
561 630 41
561 635 8
561 641 82
561 644 38
561 662 58
561 663 92
561 666 2
561 669 91
561 671 89
561 678 30
561 685 69
561 705 67
561 709 59
561 715 18
561 750 58
561 760 35
561 766 76
561 768 96
561 769 1
561 787 14
561 805 31
561 807 78
561 836 12
561 851 34
561 852 14
561 858 28
561 864 18
561 881 16
561 892 72
561 901 3
561 911 73
561 914 22
561 934 2
561 952 86
561 973 79
561 978 20
561 980 63
561 982 100
561 984 58
561 992 35
561 993 19
562 566 68
562 573 17
562 580 80
562 597 82
562 603 96
562 606 92
562 607 40
562 610 10
562 612 23
562 614 17
562 627 63
562 631 25
562 642 40
562 667 80
562 673 17
562 682 44
562 687 74
562 690 81
562 691 73
562 694 73
562 697 23
562 703 72
562 706 4
562 707 93
562 724 57
562 730 68
562 733 90
562 736 100
562 746 54
562 754 53
562 755 61
562 758 49
562 761 82
562 770 10
562 774 14
562 791 84
562 796 43
562 797 53
562 798 72
562 799 25
562 811 38
562 814 97
562 823 56
562 829 91
562 830 71
562 854 96
562 860 54
562 862 4
562 863 23
562 870 10
562 875 43
562 877 53
562 879 90
562 880 20
562 900 76
562 912 8
562 915 57
562 916 98
562 922 73
562 923 32
562 929 14
562 930 3
562 943 90
562 944 20
562 947 73
562 957 81
562 959 52
562 966 91
562 985 68
562 995 95
562 997 92
563 570 55
563 572 96
563 574 65
563 577 94
563 582 79
563 583 73
563 588 84
563 591 15
563 594 30
563 597 42
563 604 94
563 610 87
563 614 93
563 616 49
563 627 24
563 633 42
563 636 61
563 649 8
563 676 56
563 687 39
563 690 72
563 691 76
563 692 76
563 698 27
563 701 88
563 711 40
563 726 77
563 761 1
563 762 33
563 763 91
563 772 12
563 774 70
563 784 89
563 785 10
563 792 29
563 797 46
563 799 16
563 821 85
563 839 72
563 841 69
563 846 60
563 854 25
563 857 90
563 860 60
563 861 45
563 874 5
563 882 13
563 887 20
563 897 70
563 926 63
563 935 60
563 936 98
563 942 73
563 976 9
563 995 87
564 566 62
564 568 29
564 579 82
564 584 80
564 585 46
564 602 87
564 612 20
564 621 15
564 628 66
564 656 43
564 661 64
564 667 6
564 670 61
564 675 44
564 709 17
564 710 50
564 713 2
564 736 82
564 741 43
564 750 75
564 752 85
564 764 13
564 773 85
564 783 31
564 793 89
564 798 85
564 800 100
564 807 94
564 816 2
564 823 58
564 829 66
564 834 2
564 838 85
564 847 80
564 873 71
564 878 28
564 880 40
564 885 26
564 912 90
564 917 21
564 954 24
564 956 16
564 958 77
564 966 18
564 973 43
564 982 43
565 588 66
565 600 33
565 619 85
565 633 25
565 640 54
565 649 95
565 679 58
565 680 31
565 692 70
565 701 50
565 743 44
565 784 54
565 810 91
565 846 74
565 859 64
565 861 95
565 886 76
565 903 3
565 910 5
565 926 10
565 928 79
565 942 13
566 579 21
566 584 31
566 603 67
566 612 39
566 621 1
566 631 53
566 642 75
566 667 80
566 670 9
566 673 76
566 675 8
566 706 85
566 710 85
566 712 20
566 713 53
566 730 31
566 736 55
566 741 56
566 746 77
566 758 72
566 773 84
566 783 95
566 796 11
566 798 59
566 800 12
566 814 71
566 816 4
566 823 31
566 829 81
566 830 41
566 834 37
566 838 97
566 840 44
566 847 52
566 863 4
566 873 64
566 878 56
566 880 95
566 885 48
566 912 6
566 918 56
566 929 83
566 954 46
566 956 63
566 958 74
566 960 22
566 966 56
566 985 50
567 569 86
567 623 93
567 626 38
567 634 58
567 645 71
567 652 29
567 665 85
567 672 67
567 704 67
567 712 53
567 716 87
567 717 38
567 723 17
567 727 1
567 728 29
567 729 27
567 731 32
567 739 72
567 781 3
567 789 97
567 801 84
567 804 49
567 813 57
567 827 1
567 872 67
567 898 33
567 902 20
567 905 31
567 906 15
567 907 44
567 909 64
567 924 24
567 925 1
567 932 8
567 939 65
567 940 94
567 949 5
567 951 37
567 963 97
567 965 52
567 977 100
567 981 43
567 988 71
567 996 78
568 571 20
568 585 70
568 590 15
568 592 29
568 602 46
568 621 13
568 623 43
568 628 41
568 637 80
568 643 10
568 650 51
568 656 3
568 670 52
568 684 75
568 702 17
568 712 62
568 713 3
568 719 49
568 742 86
568 764 55
568 783 17
568 788 37
568 793 89
568 807 88
568 808 6
568 813 63
568 816 23
568 850 19
568 855 12
568 873 95
568 904 21
568 921 30
568 932 52
568 954 5
568 960 14
568 972 95
569 571 7
569 584 19
569 603 11
569 605 56
569 623 62
569 631 6
569 642 52
569 645 61
569 665 11
569 704 3
569 706 66
569 708 49
569 712 85
569 716 89
569 717 93
569 723 68
569 729 40
569 731 55
569 734 27
569 741 64
569 756 70
569 758 65
569 777 58
569 781 20
569 800 64
569 801 90
569 804 60
569 814 1
569 815 1
569 827 88
569 830 6
569 838 62
569 840 65
569 842 11
569 847 96
569 855 48
569 863 56
569 868 57
569 902 35
569 905 29
569 906 12
569 907 19
569 918 67
569 929 99
569 932 61
569 951 37
569 957 58
569 960 58
569 963 49
569 985 47
569 996 2
570 572 21
570 574 98
570 577 92
570 582 70
570 583 17
570 591 30
570 594 75
570 597 94
570 598 63
570 604 45
570 610 81
570 613 72
570 614 95
570 615 18
570 616 38
570 618 76
570 627 40
570 636 69
570 639 85
570 659 64
570 668 97
570 673 96
570 675 53
570 676 81
570 687 41
570 688 97
570 690 53
570 698 9
570 699 34
570 711 46
570 726 63
570 757 53
570 761 21
570 762 46
570 763 30
570 772 21
570 784 57
570 785 17
570 792 42
570 796 84
570 798 62
570 799 78
570 821 58
570 839 27
570 841 98
570 854 67
570 860 82
570 867 24
570 874 4
570 876 92
570 882 15
570 887 85
570 897 94
570 900 44
570 926 64
570 930 23
570 933 20
570 936 25
570 968 36
570 976 68
570 995 1
571 584 61
571 585 25
571 590 24
571 592 72
571 602 4
571 623 49
571 628 55
571 637 69
571 643 67
571 650 21
571 652 22
571 656 18
571 670 74
571 672 45
571 684 13
571 702 84
571 704 65
571 706 92
571 712 56
571 713 15
571 716 9
571 717 44
571 719 49
571 723 31
571 727 96
571 728 63
571 741 31
571 742 89
571 764 37
571 783 50
571 788 37
571 800 44
571 801 52
571 804 51
571 813 43
571 816 46
571 838 34
571 840 94
571 847 96
571 855 100
571 873 38
571 907 68
571 921 38
571 925 74
571 932 37
571 951 71
571 954 81
571 960 43
571 963 87
571 981 37
571 985 64
571 996 4
572 574 73
572 577 86
572 582 24
572 583 51
572 591 78
572 594 71
572 597 94
572 598 57
572 604 43
572 606 73
572 610 36
572 614 53
572 616 98
572 627 4
572 633 12
572 636 82
572 649 34
572 673 6
572 676 71
572 687 82
572 688 31
572 690 35
572 691 24
572 692 33
572 698 32
572 701 87
572 711 59
572 724 39
572 726 62
572 746 32
572 757 77
572 761 57
572 763 4
572 774 83
572 784 45
572 785 81
572 791 30
572 792 89
572 796 27
572 797 67
572 799 7
572 821 80
572 839 19
572 841 88
572 854 5
572 857 88
572 860 77
572 861 34
572 876 85
572 877 37
572 879 88
572 882 29
572 887 49
572 900 19
572 916 81
572 926 91
572 930 42
572 936 83
572 947 55
572 976 63
572 995 4
573 580 36
573 603 52
573 605 47
573 606 17
573 607 38
573 631 97
573 642 65
573 667 30
573 694 71
573 697 13
573 703 20
573 706 56
573 707 2
573 708 78
573 724 54
573 730 18
573 733 65
573 734 69
573 746 87
573 754 1
573 755 3
573 756 8
573 758 65
573 770 38
573 791 64
573 814 4
573 830 1
573 842 73
573 862 66
573 863 46
573 868 15
573 870 6
573 875 78
573 877 67
573 879 15
573 915 35
573 916 11
573 918 12
573 922 19
573 923 29
573 929 87
573 930 12
573 943 4
573 944 2
573 947 5
573 957 6
573 985 62
573 997 53
574 577 30
574 583 17
574 591 53
574 594 20
574 597 22
574 598 39
574 604 22
574 610 67
574 613 54
574 614 94
574 615 5
574 616 27
574 618 83
574 636 39
574 639 71
574 659 29
574 661 11
574 668 96
574 673 96
574 675 57
574 676 18
574 687 37
574 688 18
574 690 97
574 698 77
574 699 43
574 726 43
574 757 68
574 761 90
574 762 40
574 763 61
574 772 34
574 785 91
574 792 76
574 796 64
574 798 86
574 799 39
574 821 13
574 839 15
574 841 82
574 854 89
574 860 33
574 867 79
574 874 82
574 876 33
574 887 58
574 930 3
574 936 96
574 968 38
574 976 14
574 995 10
575 576 64
575 578 15
575 589 71
575 591 43
575 601 39
575 608 72
575 609 96
575 613 53
575 615 23
575 618 70
575 632 99
575 638 40
575 639 86
575 648 31
575 659 21
575 661 41
575 668 21
575 674 58
575 683 92
575 686 66
575 688 76
575 699 1
575 700 94
575 714 29
575 722 18
575 725 13
575 735 16
575 738 24
575 740 61
575 744 95
575 751 75
575 762 60
575 795 20
575 803 22
575 806 73
575 812 82
575 821 29
575 824 45
575 826 62
575 831 74
575 833 51
575 837 74
575 839 34
575 867 21
575 869 87
575 884 93
575 919 54
575 933 64
575 936 35
575 937 57
575 946 98
575 962 81
575 967 35
575 968 79
575 970 23
575 971 67
575 975 89
575 983 36
575 990 13
575 998 42
575 999 72
576 589 72
576 625 81
576 632 82
576 647 4
576 659 69
576 683 81
576 686 95
576 699 36
576 722 82
576 725 11
576 735 37
576 738 78
576 740 33
576 744 44
576 751 79
576 779 18
576 780 32
576 782 95
576 786 47
576 795 8
576 812 84
576 826 17
576 884 58
576 894 80
576 895 78
576 919 88
576 937 85
576 941 9
576 946 39
576 961 6
576 962 92
576 967 19
576 970 31
576 971 30
576 975 84
576 983 52
576 998 32
576 999 98
577 579 55
577 583 41
577 591 90
577 597 57
577 598 28
577 604 70
577 606 46
577 610 95
577 614 24
577 615 32
577 616 33
577 618 78
577 627 76
577 636 68
577 639 95
577 673 11
577 675 36
577 676 73
577 687 67
577 688 19
577 690 84
577 691 96
577 698 71
577 710 55
577 711 18
577 726 25
577 730 10
577 746 80
577 757 25
577 761 68
577 763 8
577 774 40
577 784 56
577 785 34
577 791 64
577 792 29
577 796 27
577 797 100
577 798 46
577 799 33
577 821 41
577 823 83
577 834 62
577 839 10
577 841 76
577 854 8
577 860 34
577 876 18
577 877 64
577 879 67
577 882 24
577 887 56
577 900 22
577 912 87
577 916 66
577 926 52
577 930 86
577 936 51
577 947 87
577 956 5
577 966 86
577 968 94
577 976 25
577 995 34
578 587 39
578 601 3
578 608 4
578 609 65
578 613 87
578 615 26
578 617 55
578 618 92
578 630 3
578 632 100
578 638 96
578 639 10
578 644 90
578 648 38
578 659 14
578 661 4
578 668 2
578 674 32
578 681 49
578 683 81
578 686 33
578 700 45
578 714 2
578 721 62
578 735 72
578 738 79
578 740 59
578 751 34
578 759 87
578 760 4
578 767 5
578 795 5
578 803 28
578 806 27
578 812 15
578 824 98
578 826 46
578 831 43
578 833 36
578 869 32
578 884 37
578 892 90
578 899 81
578 901 47
578 914 36
578 917 16
578 946 57
578 950 71
578 952 91
578 968 40
578 975 22
578 983 76
578 990 53
578 993 8
578 999 58
579 583 10
579 584 70
579 597 19
579 598 87
579 603 92
579 612 69
579 621 17
579 661 81
579 667 9
579 670 79
579 673 11
579 675 8
579 710 45
579 713 73
579 730 48
579 736 5
579 741 54
579 746 28
579 750 53
579 752 22
579 757 95
579 758 6
579 761 81
579 764 79
579 773 3
579 783 93
579 796 57
579 798 64
579 800 55
579 816 76
579 823 83
579 829 15
579 834 78
579 838 40
579 847 74
579 873 85
579 876 39
579 878 97
579 880 24
579 885 51
579 912 12
579 929 6
579 930 19
579 954 77
579 956 51
579 958 26
579 966 88
579 968 74
579 973 83
579 982 43
579 985 61
580 586 82
580 606 74
580 607 11
580 679 54
580 682 70
580 694 37
580 697 77
580 703 23
580 707 68
580 708 60
580 724 42
580 733 48
580 754 7
580 755 28
580 770 66
580 810 6
580 811 6
580 814 87
580 862 100
580 870 64
580 875 93
580 877 14
580 915 79
580 916 44
580 920 96
580 922 41
580 923 39
580 943 71
580 944 15
580 947 98
580 957 61
580 959 46
580 997 12
581 589 24
581 620 7
581 625 16
581 681 37
581 693 25
581 765 7
581 778 27
581 779 70
581 780 45
581 782 58
581 786 39
581 809 47
581 828 15
581 844 4
581 845 78
581 865 98
581 884 59
581 894 90
581 895 97
581 931 32
581 941 67
581 948 12
581 950 94
581 961 84
581 962 35
581 974 85
581 975 3
581 989 99
581 991 12
582 591 66
582 594 100
582 604 32
582 616 16
582 633 60
582 636 30
582 676 44
582 698 37
582 701 81
582 711 77
582 726 96
582 762 78
582 763 67
582 772 57
582 784 13
582 785 77
582 792 65
582 837 82
582 839 16
582 841 4
582 857 73
582 861 14
582 867 6
582 874 52
582 887 51
582 897 31
582 926 88
582 933 57
582 935 42
582 936 70
582 937 21
582 976 14
583 591 32
583 597 91
583 598 83
583 604 51
583 610 91
583 613 17
583 614 19
583 615 54
583 616 30
583 618 86
583 627 62
583 636 69
583 639 54
583 659 66
583 661 25
583 668 12
583 673 51
583 675 84
583 676 48
583 687 39
583 688 72
583 690 35
583 698 54
583 710 55
583 726 25
583 746 67
583 757 96
583 761 52
583 763 49
583 785 95
583 792 6
583 796 33
583 798 96
583 799 51
583 821 66
583 823 40
583 824 80
583 834 81
583 839 27
583 841 88
583 854 12
583 860 51
583 867 38
583 876 60
583 887 71
583 900 90
583 912 92
583 930 32
583 936 72
583 956 32
583 958 27
583 966 60
583 968 53
583 976 47
583 995 44
584 603 48
584 605 60
584 612 17
584 621 1
584 623 63
584 628 34
584 631 35
584 642 19
584 650 84
584 667 20
584 670 38
584 706 23
584 710 3
584 712 6
584 713 50
584 717 100
584 723 30
584 730 68
584 734 3
584 736 12
584 741 62
584 746 1
584 758 82
584 773 20
584 783 1
584 798 41
584 800 14
584 801 73
584 814 93
584 816 46
584 823 96
584 829 53
584 830 69
584 838 37
584 840 41
584 847 29
584 855 20
584 863 24
584 873 28
584 878 60
584 880 31
584 885 48
584 906 36
584 912 43
584 918 64
584 921 22
584 929 99
584 932 53
584 951 52
584 954 88
584 956 35
584 957 60
584 960 74
584 963 33
584 966 51
584 985 66
584 996 13
585 590 40
585 602 79
585 621 11
585 628 29
585 643 62
585 650 72
585 656 58
585 662 8
585 670 48
585 684 19
585 709 64
585 713 32
585 719 69
585 742 32
585 750 57
585 752 28
585 764 23
585 783 57
585 788 34
585 793 96
585 805 7
585 807 9
585 816 12
585 850 46
585 855 2
585 873 5
585 878 64
585 904 75
585 911 39
585 921 63
585 954 37
585 960 26
585 972 30
585 973 60
585 982 28
585 984 70
586 588 87
586 600 97
586 607 95
586 619 26
586 640 63
586 649 77
586 679 91
586 680 28
586 682 49
586 694 66
586 697 68
586 703 33
586 707 19
586 724 40
586 743 44
586 755 65
586 770 1
586 797 82
586 810 29
586 811 98
586 859 39
586 862 82
586 870 83
586 875 47
586 903 38
586 910 63
586 920 77
586 923 37
586 928 45
586 943 17
586 944 71
586 959 18
587 595 5
587 599 14
587 601 22
587 617 14
587 630 18
587 635 69
587 638 16
587 641 97
587 644 31
587 662 27
587 666 99
587 669 33
587 674 95
587 678 13
587 700 42
587 705 13
587 709 30
587 714 13
587 721 63
587 750 21
587 752 80
587 759 31
587 760 50
587 787 73
587 824 91
587 836 28
587 851 55
587 852 48
587 869 81
587 892 36
587 899 68
587 901 64
587 911 64
587 914 31
587 917 13
587 934 90
587 952 75
587 969 27
587 973 42
587 980 70
587 982 46
587 984 72
587 993 84
588 600 46
588 604 37
588 614 87
588 616 15
588 619 71
588 627 1
588 633 56
588 640 18
588 649 38
588 679 48
588 680 60
588 682 91
588 687 4
588 690 51
588 691 34
588 692 57
588 694 69
588 697 76
588 698 26
588 701 94
588 711 38
588 724 61
588 743 100
588 774 67
588 784 67
588 791 64
588 797 56
588 799 56
588 810 29
588 811 49
588 846 45
588 854 80
588 859 34
588 861 96
588 882 59
588 886 6
588 903 62
588 910 72
588 920 71
588 926 51
588 928 65
588 942 36
588 944 92
588 959 37
588 995 32
589 625 65
589 632 35
589 647 40
589 681 18
589 683 66
589 686 93
589 693 11
589 722 11
589 725 90
589 735 90
589 738 99
589 744 90
589 751 34
589 779 42
589 780 11
589 782 14
589 786 44
589 795 29
589 812 26
589 826 22
589 884 22
589 894 21
589 895 28
589 919 31
589 941 35
589 946 43
589 961 96
589 962 12
589 967 79
589 970 70
589 971 59
589 974 65
589 975 79
589 983 77
589 998 95
589 999 23
590 592 84
590 602 2
590 623 4
590 628 42
590 637 8
590 643 16
590 650 67
590 652 34
590 656 76
590 670 51
590 672 53
590 684 73
590 702 2
590 712 17
590 713 55
590 719 14
590 727 55
590 728 87
590 742 93
590 764 45
590 783 99
590 788 75
590 793 48
590 804 54
590 808 73
590 813 73
590 832 11
590 840 8
590 850 37
590 855 49
590 873 14
590 904 28
590 921 43
590 925 90
590 932 40
590 951 12
590 954 85
590 960 72
590 981 43
590 996 80
591 594 83
591 598 30
591 604 94
591 608 87
591 610 50
591 613 61
591 615 52
591 618 1
591 636 59
591 639 1
591 659 77
591 661 44
591 668 69
591 676 44
591 683 22
591 686 75
591 688 96
591 699 26
591 722 6
591 725 69
591 726 3
591 735 89
591 738 69
591 740 12
591 744 91
591 757 52
591 762 39
591 763 18
591 772 93
591 785 54
591 792 49
591 803 68
591 812 29
591 821 87
591 833 41
591 837 29
591 839 57
591 841 28
591 867 77
591 874 33
591 876 63
591 887 5
591 897 82
591 933 53
591 935 89
591 936 91
591 937 6
591 946 96
591 968 72
591 970 50
591 976 80
591 983 1
591 998 71
592 602 60
592 623 48
592 628 79
592 637 95
592 643 96
592 650 85
592 652 44
592 656 66
592 670 52
592 672 38
592 684 15
592 702 36
592 712 21
592 713 40
592 719 24
592 727 41
592 728 4
592 742 92
592 788 89
592 804 35
592 808 39
592 813 38
592 818 93
592 832 17
592 850 58
592 855 31
592 904 29
592 921 60
592 924 37
592 925 58
592 932 15
592 945 95
592 954 73
592 960 19
592 965 93
592 981 37
592 987 12
593 596 44
593 611 76
593 622 74
593 624 50
593 629 15
593 654 52
593 657 61
593 658 88
593 660 24
593 663 55
593 669 48
593 671 68
593 677 12
593 685 57
593 689 34
593 695 99
593 696 41
593 715 87
593 718 43
593 720 11
593 737 32
593 747 43
593 748 41
593 749 80
593 766 84
593 768 83
593 769 50
593 775 10
593 776 68
593 790 52
593 794 4
593 817 40
593 819 91
593 820 75
593 822 91
593 825 67
593 843 32
593 853 46
593 858 33
593 864 71
593 866 22
593 871 18
593 883 57
593 888 37
593 889 90
593 890 26
593 891 52
593 896 85
593 908 14
593 913 38
593 927 15
593 938 5
593 953 36
593 955 38
593 979 14
593 992 50
593 994 63
594 604 42
594 616 36
594 633 78
594 636 25
594 676 74
594 688 34
594 698 42
594 699 92
594 701 27
594 711 12
594 726 13
594 762 11
594 763 46
594 772 10
594 784 41
594 785 17
594 792 8
594 821 27
594 837 94
594 839 98
594 841 51
594 857 98
594 861 74
594 867 56
594 874 38
594 887 83
594 897 10
594 926 72
594 933 37
594 935 49
594 936 44
594 937 93
594 976 30
594 998 46
595 599 57
595 617 10
595 630 29
595 635 92
595 638 63
595 641 34
595 644 77
595 651 10
595 653 73
595 655 76
595 664 53
595 666 6
595 678 85
595 685 45
595 705 15
595 721 14
595 732 69
595 745 34
595 753 22
595 759 86
595 760 85
595 766 18
595 769 65
595 771 16
595 787 15
595 802 32
595 836 15
595 848 90
595 851 94
595 852 65
595 856 5
595 881 53
595 892 65
595 899 50
595 901 64
595 914 33
595 934 95
595 952 84
595 964 79
595 969 55
595 978 95
595 980 95
595 986 9
595 993 87
596 629 42
596 657 62
596 658 29
596 663 12
596 689 16
596 695 92
596 715 19
596 747 38
596 749 69
596 776 51
596 788 100
596 819 49
596 822 31
596 825 61
596 835 99
596 843 26
596 849 37
596 864 96
596 866 77
596 871 63
596 889 84
596 896 82
596 904 97
596 908 94
596 927 11
596 938 15
596 945 40
596 953 67
596 955 28
596 972 72
596 994 2
597 598 98
597 604 67
597 606 85
597 610 100
597 614 92
597 616 35
597 627 75
597 667 81
597 673 83
597 675 71
597 682 51
597 687 100
597 690 77
597 691 84
597 697 31
597 698 24
597 710 63
597 711 37
597 724 72
597 730 70
597 746 36
597 755 1
597 757 42
597 761 10
597 763 33
597 770 15
597 774 64
597 791 90
597 796 40
597 797 53
597 798 72
597 799 93
597 821 12
597 823 72
597 829 91
597 841 26
597 854 20
597 860 22
597 862 61
597 876 62
597 877 86
597 879 99
597 882 64
597 900 37
597 912 46
597 915 11
597 916 80
597 926 97
597 929 3
597 930 45
597 947 6
597 956 44
597 966 48
597 976 48
597 995 56
598 601 20
598 608 24
598 610 89
598 613 15
598 615 54
598 618 6
598 636 16
598 639 80
598 659 34
598 661 35
598 668 25
598 673 35
598 675 26
598 676 2
598 688 58
598 710 100
598 714 16
598 735 39
598 740 27
598 757 10
598 761 52
598 763 61
598 785 96
598 792 86
598 796 97
598 798 99
598 799 84
598 803 35
598 821 44
598 823 25
598 824 16
598 833 82
598 834 25
598 839 97
598 841 25
598 860 28
598 867 80
598 876 43
598 887 92
598 917 54
598 936 16
598 956 45
598 958 42
598 966 67
598 968 96
598 976 69
599 611 61
599 617 77
599 622 59
599 630 9
599 635 38
599 641 10
599 654 27
599 660 24
599 662 93
599 663 10
599 666 3
599 669 31
599 671 42
599 678 13
599 685 75
599 689 69
599 705 45
599 709 20
599 715 56
599 760 2
599 766 58
599 768 52
599 769 56
599 787 36
599 790 98
599 802 16
599 805 99
599 807 23
599 819 17
599 820 6
599 825 57
599 836 73
599 851 51
599 852 61
599 856 85
599 858 18
599 864 46
599 881 48
599 892 82
599 901 16
599 911 22
599 934 82
599 952 4
599 953 59
599 978 77
599 980 55
599 984 49
599 992 16
599 993 76
600 614 93
600 616 4
600 619 10
600 627 64
600 633 10
600 640 87
600 649 22
600 679 33
600 680 58
600 682 46
600 687 49
600 690 17
600 691 47
600 692 97
600 694 30
600 697 22
600 698 79
600 701 39
600 707 38
600 711 84
600 724 36
600 743 18
600 774 40
600 784 55
600 791 35
600 797 42
600 799 72
600 810 87
600 811 29
600 846 96
600 854 93
600 859 64
600 861 83
600 882 10
600 886 77
600 903 14
600 910 41
600 920 45
600 926 89
600 928 62
600 942 37
600 944 31
600 959 85
600 995 19
601 608 16
601 609 10
601 613 84
601 615 98
601 618 15
601 638 54
601 639 63
601 648 20
601 659 69
601 661 92
601 668 10
601 674 4
601 675 28
601 688 61
601 700 72
601 709 22
601 714 43
601 735 60
601 740 22
601 750 56
601 751 77
601 752 66
601 757 84
601 759 21
601 795 50
601 803 38
601 806 2
601 821 65
601 824 84
601 826 37
601 831 100
601 833 2
601 834 2
601 836 58
601 869 11
601 876 11
601 892 27
601 914 18
601 917 67
601 952 100
601 958 4
601 968 12
601 973 20
601 982 40
601 990 51
602 621 92
602 623 79
602 628 18
602 637 77
602 643 43
602 650 50
602 656 91
602 670 31
602 684 57
602 702 24
602 712 60
602 713 64
602 719 24
602 742 13
602 764 41
602 783 72
602 788 45
602 793 66
602 807 3
602 808 58
602 813 72
602 816 24
602 847 11
602 850 19
602 855 56
602 873 49
602 904 33
602 921 95
602 932 37
602 954 41
602 960 54
602 972 48
603 605 25
603 606 3
603 612 90
603 631 71
603 642 80
603 667 100
603 670 61
603 673 15
603 706 95
603 712 57
603 717 4
603 723 69
603 730 11
603 734 56
603 736 8
603 741 33
603 746 42
603 754 4
603 755 7
603 756 66
603 758 29
603 770 99
603 773 71
603 783 64
603 796 99
603 798 5
603 800 5
603 801 47
603 814 21
603 816 40
603 823 1
603 829 9
603 830 70
603 838 15
603 840 6
603 842 32
603 847 20
603 863 50
603 868 64
603 873 4
603 877 45
603 878 2
603 880 11
603 885 54
603 906 17
603 912 52
603 915 41
603 918 46
603 929 67
603 947 20
603 954 43
603 956 33
603 957 61
603 960 65
603 963 30
603 966 61
603 985 86
603 996 67
604 610 80
604 614 82
604 616 84
604 627 1
604 633 47
604 636 28
604 649 6
604 676 80
604 687 33
604 690 15
604 691 78
604 692 76
604 698 36
604 701 25
604 711 69
604 726 61
604 761 55
604 762 20
604 763 17
604 772 38
604 774 6
604 784 99
604 785 22
604 792 64
604 797 57
604 799 46
604 821 74
604 839 67
604 841 74
604 846 34
604 854 58
604 857 73
604 860 85
604 861 37
604 874 57
604 882 19
604 887 70
604 897 27
604 900 3
604 926 90
604 935 2
604 936 94
604 942 36
604 976 32
604 995 86
605 631 43
605 642 15
605 665 75
605 704 28
605 706 85
605 708 59
605 712 85
605 716 2
605 717 22
605 723 32
605 729 26
605 731 30
605 734 25
605 736 39
605 741 28
605 756 80
605 758 79
605 777 10
605 800 4
605 801 31
605 804 23
605 814 48
605 815 3
605 827 51
605 830 30
605 838 62
605 840 7
605 842 73
605 847 63
605 863 66
605 868 13
605 902 23
605 905 8
605 906 13
605 918 7
605 929 62
605 932 38
605 951 40
605 957 55
605 960 31
605 963 39
605 985 9
605 996 42
605 997 79
606 607 14
606 610 48
606 614 79
606 616 20
606 627 72
606 667 42
606 673 95
606 679 61
606 682 16
606 687 96
606 690 28
606 691 4
606 694 54
606 697 77
606 703 66
606 707 29
606 724 40
606 730 72
606 733 11
606 746 99
606 754 13
606 755 90
606 758 90
606 761 59
606 763 80
606 770 56
606 774 43
606 791 94
606 796 90
606 797 62
606 798 62
606 799 61
606 811 10
606 814 10
606 823 21
606 829 93
606 830 63
606 854 12
606 860 70
606 862 35
606 863 72
606 870 82
606 875 98
606 877 68
606 879 71
606 882 19
606 900 19
606 912 17
606 915 91
606 916 38
606 922 96
606 923 52
606 929 76
606 930 65
606 944 26
606 947 78
606 959 60
606 966 33
606 985 88
606 995 84
606 997 54
607 679 14
607 682 20
607 691 92
607 694 93
607 697 76
607 703 12
607 707 14
607 724 8
607 733 12
607 743 22
607 754 10
607 755 52
607 770 98
607 791 21
607 810 54
607 811 78
607 862 71
607 870 42
607 875 88
607 877 44
607 879 80
607 903 56
607 910 64
607 915 61
607 916 87
607 920 26
607 922 19
607 923 96
607 943 27
607 944 41
607 947 69
607 959 10
607 997 6
608 609 82
608 613 6
608 615 22
608 618 23
608 638 10
608 639 78
608 648 74
608 659 11
608 661 11
608 668 25
608 674 42
608 675 23
608 683 18
608 686 52
608 688 71
608 700 67
608 709 31
608 714 13
608 735 17
608 740 71
608 751 73
608 752 61
608 757 22
608 759 62
608 795 30
608 803 61
608 806 73
608 812 96
608 821 73
608 824 92
608 826 81
608 831 85
608 833 48
608 834 23
608 869 100
608 876 12
608 892 63
608 917 83
608 946 50
608 952 74
608 958 4
608 968 62
608 973 75
608 982 56
608 983 42
608 990 88
609 613 17
609 615 27
609 618 11
609 632 79
609 638 72
609 639 10
609 644 15
609 648 2
609 659 48
609 661 94
609 668 34
609 674 40
609 681 74
609 683 93
609 686 20
609 700 5
609 714 46
609 721 94
609 725 98
609 735 56
609 738 73
609 740 70
609 751 52
609 759 28
609 760 39
609 765 42
609 767 2
609 786 53
609 795 98
609 803 79
609 806 66
609 812 63
609 824 97
609 826 71
609 831 89
609 833 21
609 869 98
609 884 63
609 892 39
609 899 39
609 901 65
609 914 91
609 917 70
609 919 70
609 931 6
609 946 10
609 950 14
609 952 52
609 975 86
609 983 52
609 990 23
609 993 10
609 999 9
610 614 17
610 616 59
610 627 11
610 636 94
610 673 38
610 675 39
610 676 50
610 687 33
610 688 73
610 690 9
610 691 65
610 698 25
610 711 31
610 724 58
610 726 28
610 730 73
610 746 88
610 757 89
610 761 56
610 763 28
610 774 75
610 784 44
610 785 79
610 791 75
610 792 14
610 796 6
610 797 20
610 798 56
610 799 31
610 821 52
610 823 46
610 839 79
610 841 19
610 854 73
610 860 89
610 861 48
610 876 74
610 877 89
610 879 41
610 882 80
610 887 79
610 900 1
610 916 21
610 926 14
610 930 24
610 936 42
610 947 1
610 956 81
610 966 49
610 968 72
610 976 35
610 995 3
611 622 82
611 635 47
611 641 41
611 654 45
611 656 49
611 660 82
611 662 71
611 663 34
611 666 60
611 669 24
611 671 92
611 678 91
611 685 24
611 689 61
611 695 8
611 705 5
611 715 69
611 748 20
611 749 69
611 766 88
611 768 79
611 769 76
611 787 45
611 793 74
611 805 59
611 807 75
611 819 73
611 820 53
611 825 74
611 836 53
611 843 55
611 850 79
611 852 3
611 858 42
611 864 46
611 866 62
611 871 10
611 881 30
611 888 62
611 889 35
611 904 64
611 908 72
611 911 99
611 927 77
611 934 3
611 953 17
611 972 5
611 980 46
611 984 91
611 992 65
612 621 98
612 631 47
612 642 28
612 667 34
612 670 3
612 673 23
612 675 83
612 706 71
612 710 58
612 712 11
612 713 60
612 730 6
612 736 51
612 741 51
612 746 25
612 758 50
612 764 55
612 773 26
612 783 10
612 796 3
612 798 68
612 800 54
612 814 60
612 816 100
612 823 23
612 829 90
612 830 67
612 834 93
612 838 74
612 840 71
612 847 62
612 863 76
612 873 74
612 878 91
612 880 24
612 885 78
612 912 24
612 918 59
612 929 38
612 954 75
612 956 41
612 958 86
612 960 29
612 966 49
612 985 9
613 615 54
613 618 22
613 636 56
613 639 76
613 648 28
613 659 80
613 661 38
613 668 46
613 674 4
613 675 94
613 683 63
613 686 60
613 688 41
613 699 85
613 700 16
613 714 56
613 722 7
613 725 49
613 735 86
613 738 72
613 740 31
613 744 12
613 751 23
613 757 83
613 762 67
613 795 97
613 803 44
613 806 60
613 812 44
613 821 42
613 824 67
613 826 80
613 831 10
613 833 1
613 839 83
613 867 62
613 869 69
613 874 32
613 876 14
613 887 86
613 917 52
613 919 41
613 933 58
613 936 86
613 937 71
613 946 48
613 968 45
613 970 97
613 976 27
613 983 91
613 990 73
613 998 73
613 999 27
614 616 55
614 627 91
614 633 20
614 636 25
614 649 79
614 673 20
614 679 62
614 682 22
614 687 26
614 690 3
614 691 53
614 692 48
614 694 67
614 697 29
614 698 46
614 711 9
614 724 35
614 746 87
614 755 4
614 761 34
614 763 37
614 770 65
614 774 46
614 784 32
614 785 49
614 791 41
614 796 7
614 797 34
614 799 19
614 841 5
614 854 74
614 860 18
614 861 95
614 877 31
614 879 23
614 882 41
614 900 14
614 916 80
614 926 55
614 930 54
614 944 47
614 947 98
614 959 33
614 976 41
614 995 95
615 618 98
615 638 11
615 639 76
615 648 22
615 659 84
615 661 39
615 668 83
615 674 60
615 675 81
615 683 77
615 688 7
615 700 9
615 710 98
615 714 94
615 735 37
615 740 31
615 751 58
615 752 82
615 757 16
615 795 94
615 803 56
615 806 7
615 821 47
615 824 29
615 831 71
615 833 44
615 834 53
615 839 47
615 867 38
615 869 17
615 876 100
615 917 45
615 936 60
615 956 43
615 958 12
615 968 96
615 973 29
615 982 84
615 990 42
616 619 77
616 627 10
616 633 28
616 636 55
616 649 93
616 673 53
616 676 26
616 679 99
616 682 61
616 687 96
616 690 59
616 691 35
616 692 10
616 697 57
616 698 66
616 701 89
616 711 46
616 724 84
616 726 65
616 743 68
616 761 29
616 763 88
616 774 27
616 784 20
616 785 82
616 791 44
616 797 95
616 799 79
616 841 87
616 846 44
616 854 70
616 857 83
616 859 90
616 860 91
616 861 37
616 877 44
616 879 33
616 882 2
616 900 62
616 910 38
616 916 64
616 926 67
616 928 1
616 930 60
616 942 91
616 947 16
616 976 73
616 995 15
617 630 10
617 635 61
617 638 71
617 641 52
617 644 22
617 648 81
617 651 61
617 653 83
617 655 15
617 664 21
617 666 47
617 674 71
617 678 74
617 685 71
617 700 56
617 705 96
617 721 45
617 732 67
617 745 42
617 753 55
617 759 90
617 760 47
617 767 83
617 787 5
617 836 88
617 851 45
617 852 6
617 869 72
617 881 73
617 892 54
617 899 48
617 901 44
617 914 99
617 934 95
617 952 69
617 969 92
617 978 44
617 980 69
617 986 56
617 993 3
618 636 65
618 639 100
618 648 8
618 659 90
618 661 25
618 668 99
618 674 66
618 675 100
618 683 86
618 686 33
618 688 90
618 699 28
618 700 87
618 710 43
618 714 42
618 725 95
618 735 8
618 738 88
618 740 76
618 751 40
618 757 79
618 763 22
618 795 7
618 803 57
618 806 96
618 812 37
618 821 27
618 824 95
618 831 73
618 833 67
618 834 18
618 839 33
618 867 96
618 869 99
618 876 5
618 887 90
618 917 35
618 936 1
618 946 46
618 958 37
618 968 1
618 970 28
618 976 42
618 983 65
618 990 100
619 633 73
619 640 87
619 649 62
619 679 88
619 680 74
619 682 27
619 692 86
619 694 22
619 711 61
619 743 30
619 774 57
619 797 76
619 810 52
619 811 71
619 846 29
619 859 85
619 882 11
619 886 69
619 903 21
619 910 5
619 920 1
619 926 36
619 928 36
619 942 56
619 944 30
619 959 5
619 995 61
620 651 93
620 655 59
620 664 12
620 681 9
620 693 85
620 721 89
620 732 6
620 753 70
620 765 23
620 767 67
620 778 78
620 786 99
620 809 35
620 828 33
620 844 74
620 845 98
620 884 42
620 894 23
620 931 19
620 948 97
620 950 66
620 969 59
620 974 58
620 989 18
621 628 71
621 656 39
621 667 98
621 670 48
621 675 35
621 709 87
621 710 13
621 713 66
621 736 100
621 741 84
621 750 38
621 752 72
621 764 93
621 773 82
621 783 88
621 793 46
621 798 17
621 800 57
621 807 95
621 816 73
621 823 64
621 829 80
621 834 21
621 838 12
621 847 61
621 850 58
621 873 14
621 878 3
621 880 21
621 885 36
621 912 80
621 917 99
621 954 30
621 956 19
621 958 96
621 966 59
621 973 98
621 982 92
621 985 9
622 624 22
622 635 95
622 641 69
622 646 62
622 654 89
622 660 75
622 662 96
622 663 47
622 666 91
622 669 81
622 671 44
622 677 16
622 685 56
622 689 42
622 695 51
622 696 22
622 705 70
622 715 16
622 720 93
622 748 64
622 749 53
622 766 96
622 768 100
622 769 6
622 776 68
622 787 39
622 790 55
622 794 80
622 802 13
622 805 60
622 817 86
622 819 5
622 820 6
622 825 18
622 843 47
622 852 98
622 856 65
622 858 17
622 864 1
622 866 7
622 871 21
622 881 53
622 888 59
622 889 60
622 891 47
622 896 96
622 908 84
622 911 68
622 913 46
622 927 82
622 934 77
622 953 61
622 955 50
622 964 26
622 978 99
622 980 42
622 984 50
622 992 72
623 628 9
623 637 64
623 643 5
623 650 90
623 652 30
623 656 44
623 670 1
623 672 68
623 684 50
623 702 67
623 704 77
623 712 92
623 713 25
623 716 22
623 717 93
623 719 11
623 723 17
623 727 61
623 728 57
623 742 1
623 783 74
623 788 20
623 801 77
623 804 87
623 813 92
623 816 88
623 838 46
623 840 70
623 855 69
623 873 50
623 907 53
623 921 80
623 924 76
623 925 17
623 932 62
623 951 13
623 954 50
623 960 16
623 965 87
623 981 55
623 996 16
624 646 4
624 654 79
624 658 4
624 660 66
624 671 68
624 677 63
624 689 46
624 696 84
624 718 62
624 720 44
624 737 39
624 748 98
624 749 46
624 775 48
624 776 28
624 790 24
624 794 42
624 817 87
624 819 66
624 820 85
624 822 7
624 825 28
624 843 62
624 853 53
624 866 40
624 883 97
624 888 97
624 890 7
624 891 61
624 893 69
624 896 2
624 913 4
624 927 44
624 953 10
624 955 68
624 979 6
624 992 99
625 632 97
625 681 6
625 693 27
625 765 31
625 767 63
625 778 24
625 779 50
625 780 24
625 782 35
625 786 47
625 795 85
625 809 74
625 812 37
625 826 56
625 844 40
625 845 57
625 865 52
625 884 69
625 894 19
625 895 39
625 919 77
625 931 11
625 941 9
625 946 98
625 948 66
625 950 9
625 961 25
625 962 37
625 967 70
625 974 75
625 975 71
625 991 68
625 999 33
626 634 92
626 645 31
626 652 38
626 672 90
626 704 9
626 716 26
626 727 92
626 728 31
626 729 68
626 731 41
626 739 73
626 781 27
626 789 34
626 804 85
626 872 22
626 898 58
626 902 13
626 907 69
626 909 25
626 924 94
626 925 33
626 939 31
626 940 91
626 949 17
626 965 72
626 977 69
626 988 56
627 649 81
627 673 56
627 679 64
627 682 9
627 687 14
627 690 89
627 691 79
627 692 53
627 694 86
627 697 95
627 698 52
627 707 83
627 711 58
627 724 64
627 743 12
627 746 19
627 754 84
627 755 63
627 761 52
627 763 15
627 770 28
627 774 69
627 784 23
627 791 28
627 796 14
627 797 95
627 799 89
627 811 33
627 841 69
627 854 29
627 859 10
627 860 26
627 861 49
627 862 65
627 870 96
627 877 42
627 879 45
627 882 41
627 900 52
627 910 32
627 915 10
627 916 51
627 920 39
627 926 69
627 928 73
627 930 77
627 944 88
627 947 7
627 959 31
627 976 35
627 995 78
628 637 92
628 643 67
628 650 99
628 656 70
628 670 93
628 684 7
628 702 70
628 712 99
628 713 4
628 719 45
628 741 4
628 742 30
628 764 39
628 773 84
628 783 57
628 788 31
628 793 12
628 800 42
628 807 25
628 813 92
628 816 54
628 838 80
628 840 90
628 847 47
628 850 73
628 855 57
628 873 39
628 878 18
628 904 74
628 921 49
628 932 16
628 954 80
628 960 44
628 996 35
629 657 76
629 658 71
629 689 86
629 695 98
629 715 66
629 747 38
629 749 89
629 776 60
629 819 55
629 822 81
629 825 98
629 835 95
629 843 29
629 849 55
629 853 6
629 864 12
629 866 76
629 871 45
629 889 73
629 896 13
629 908 9
629 927 34
629 938 64
629 945 23
629 953 98
629 955 9
629 994 34
630 635 35
630 638 25
630 641 53
630 644 19
630 651 36
630 655 16
630 666 36
630 674 18
630 678 18
630 685 43
630 700 24
630 705 24
630 709 57
630 721 59
630 732 85
630 745 42
630 753 49
630 759 49
630 760 43
630 787 31
630 836 7
630 851 78
630 852 66
630 869 41
630 881 66
630 892 98
630 899 8
630 901 86
630 914 17
630 917 95
630 934 97
630 952 2
630 969 10
630 978 13
630 980 85
630 986 30
630 993 82
631 642 58
631 665 70
631 667 97
631 706 20
631 708 24
631 712 93
631 716 41
631 717 98
631 723 57
631 730 1
631 734 65
631 736 14
631 741 34
631 746 75
631 754 58
631 756 59
631 758 25
631 773 96
631 783 52
631 800 87
631 801 1
631 814 70
631 815 15
631 816 31
631 823 79
631 827 1
631 829 92
631 830 89
631 838 98
631 840 87
631 842 28
631 847 11
631 863 24
631 868 83
631 873 69
631 878 27
631 880 91
631 906 8
631 912 73
631 915 93
631 918 30
631 922 6
631 929 61
631 932 99
631 951 19
631 957 65
631 960 81
631 963 46
631 966 69
631 985 63
631 996 49
631 997 66
632 648 40
632 659 32
632 674 94
632 681 45
632 683 79
632 686 66
632 693 65
632 699 35
632 700 87
632 721 8
632 722 36
632 725 17
632 735 86
632 738 84
632 740 100
632 744 76
632 751 62
632 759 45
632 765 14
632 767 57
632 779 91
632 780 82
632 782 67
632 786 19
632 795 90
632 806 79
632 812 76
632 826 35
632 831 85
632 833 42
632 844 61
632 845 89
632 869 58
632 884 12
632 894 88
632 895 81
632 919 80
632 931 10
632 941 72
632 946 100
632 948 12
632 950 68
632 961 82
632 962 4
632 967 98
632 970 46
632 971 94
632 974 52
632 975 58
632 983 47
632 990 27
632 999 72
633 649 39
633 676 26
633 680 89
633 687 85
633 692 68
633 698 49
633 701 44
633 711 3
633 726 72
633 743 28
633 774 26
633 784 54
633 785 72
633 797 2
633 799 63
633 841 56
633 846 93
633 854 54
633 857 1
633 859 25
633 861 12
633 882 11
633 886 37
633 926 4
633 928 23
633 942 99
633 995 58
634 645 19
634 665 95
634 704 100
634 716 84
634 717 33
634 723 38
634 729 28
634 731 52
634 739 79
634 756 87
634 777 97
634 781 13
634 789 40
634 801 97
634 804 30
634 815 19
634 827 97
634 872 78
634 898 73
634 902 40
634 905 20
634 906 76
634 907 13
634 909 33
634 939 46
634 940 29
634 949 55
634 951 99
634 963 92
634 965 86
634 977 98
634 988 45
635 641 53
635 644 21
635 651 9
635 653 3
635 654 92
635 660 100
635 662 50
635 663 9
635 666 93
635 669 55
635 671 80
635 678 66
635 685 2
635 705 17
635 732 38
635 745 49
635 753 23
635 760 4
635 766 26
635 768 51
635 769 32
635 771 90
635 787 59
635 790 14
635 802 92
635 820 86
635 836 74
635 848 88
635 851 55
635 852 17
635 856 67
635 858 58
635 881 33
635 892 100
635 899 62
635 901 52
635 911 18
635 914 97
635 934 79
635 952 50
635 964 10
635 969 84
635 978 92
635 980 100
635 984 30
635 986 91
635 992 20
635 993 67
636 639 66
636 659 66
636 676 54
636 683 79
636 687 81
636 688 85
636 698 2
636 699 28
636 711 100
636 725 95
636 726 58
636 738 51
636 757 93
636 761 98
636 762 77
636 763 51
636 772 100
636 784 78
636 785 61
636 792 58
636 799 14
636 821 90
636 837 78
636 839 38
636 841 18
636 854 10
636 857 36
636 861 40
636 867 92
636 874 73
636 876 38
636 887 43
636 897 94
636 926 78
636 933 15
636 935 55
636 936 29
636 937 63
636 968 56
636 970 63
636 976 88
636 998 57
637 643 47
637 650 86
637 652 74
637 672 53
637 702 3
637 719 10
637 727 43
637 728 4
637 742 27
637 788 4
637 804 29
637 808 98
637 813 42
637 818 39
637 832 13
637 855 19
637 909 64
637 921 84
637 924 10
637 925 84
637 932 42
637 945 28
637 960 23
637 965 99
637 981 51
637 987 64
638 639 15
638 644 11
638 648 14
638 661 48
638 668 42
638 674 22
638 678 45
638 681 50
638 700 100
638 709 90
638 714 83
638 721 100
638 735 11
638 740 67
638 751 47
638 759 47
638 760 45
638 765 39
638 767 56
638 795 58
638 803 87
638 806 87
638 824 67
638 826 15
638 831 98
638 833 42
638 836 21
638 851 15
638 869 43
638 884 17
638 892 94
638 899 35
638 901 6
638 914 12
638 917 33
638 950 22
638 952 30
638 969 81
638 975 32
638 990 61
638 993 25
638 999 40
639 648 73
639 659 48
639 661 98
639 668 11
639 674 43
639 675 60
639 683 30
639 686 37
639 688 51
639 699 48
639 700 5
639 710 80
639 714 20
639 735 76
639 740 71
639 751 29
639 752 34
639 757 59
639 795 21
639 803 1
639 806 84
639 821 44
639 824 34
639 831 36
639 833 56
639 834 24
639 839 6
639 867 98
639 869 87
639 876 54
639 917 42
639 936 44
639 958 46
639 968 34
639 973 85
639 976 26
639 982 76
639 990 72
640 649 68
640 679 16
640 680 95
640 682 96
640 692 22
640 694 41
640 743 99
640 797 77
640 810 48
640 811 26
640 846 9
640 859 61
640 886 43
640 903 18
640 910 89
640 920 53
640 928 58
640 942 52
640 944 43
640 959 59
641 644 93
641 660 58
641 662 15
641 663 72
641 666 46
641 669 2
641 671 97
641 678 70
641 685 37
641 705 9
641 709 2
641 760 33
641 766 57
641 768 63
641 769 17
641 787 47
641 802 31
641 805 4
641 820 75
641 836 89
641 851 19
641 852 47
641 856 45
641 858 50
641 864 28
641 881 52
641 892 9
641 899 66
641 901 87
641 911 83
641 914 10
641 934 83
641 952 29
641 964 45
641 978 35
641 980 51
641 984 3
641 986 68
641 992 25
641 993 74
642 665 95
642 667 59
642 706 40
642 708 78
642 712 100
642 717 39
642 723 91
642 730 9
642 733 29
642 734 66
642 736 17
642 741 12
642 746 76
642 754 10
642 755 91
642 756 65
642 758 34
642 770 52
642 773 14
642 800 47
642 801 28
642 814 92
642 815 85
642 823 91
642 827 28
642 829 22
642 830 81
642 838 26
642 840 20
642 842 27
642 847 44
642 862 52
642 863 66
642 868 30
642 875 81
642 878 4
642 880 22
642 905 35
642 906 14
642 912 18
642 915 66
642 918 47
642 922 26
642 929 6
642 951 63
642 957 86
642 963 1
642 966 75
642 985 75
642 996 49
642 997 76
643 650 32
643 652 78
643 656 77
643 670 58
643 684 55
643 702 41
643 712 59
643 713 40
643 719 98
643 727 69
643 728 74
643 742 56
643 764 72
643 783 52
643 788 100
643 793 1
643 808 34
643 813 94
643 816 12
643 840 42
643 850 86
643 855 2
643 873 43
643 904 64
643 921 72
643 925 45
643 932 22
643 954 85
643 960 50
643 981 80
644 648 48
644 651 54
644 655 12
644 664 25
644 666 32
644 674 32
644 678 10
644 681 76
644 700 12
644 705 49
644 721 30
644 732 70
644 745 93
644 753 71
644 759 87
644 760 61
644 765 17
644 767 2
644 795 54
644 826 12
644 828 43
644 831 45
644 836 2
644 845 52
644 851 30
644 869 49
644 892 26
644 899 12
644 901 49
644 914 2
644 931 85
644 948 7
644 950 77
644 952 10
644 969 96
644 978 97
644 986 53
644 989 6
644 990 6
644 993 100
645 652 33
645 665 85
645 704 30
645 712 46
645 716 96
645 717 5
645 723 98
645 728 36
645 729 89
645 731 92
645 739 33
645 756 58
645 777 51
645 781 54
645 789 62
645 801 78
645 804 88
645 815 59
645 827 72
645 872 48
645 898 99
645 902 22
645 905 98
645 906 95
645 907 63
645 909 13
645 924 19
645 932 2
645 939 98
645 940 4
645 949 19
645 951 73
645 963 45
645 965 93
645 977 46
645 988 68
645 996 24
646 653 18
646 654 3
646 660 52
646 666 53
646 671 48
646 677 79
646 685 93
646 718 92
646 720 100
646 748 50
646 766 92
646 769 23
646 771 54
646 775 88
646 790 35
646 794 35
646 802 51
646 817 67
646 820 27
646 848 92
646 856 30
646 881 79
646 888 24
646 891 8
646 913 40
646 964 92
646 978 64
646 979 62
646 980 55
646 992 84
647 683 98
647 686 39
647 699 73
647 722 13
647 725 58
647 738 49
647 744 20
647 762 70
647 812 36
647 837 81
647 867 100
647 874 34
647 895 65
647 919 22
647 933 55
647 935 94
647 937 75
647 946 36
647 961 68
647 962 24
647 967 36
647 970 74
647 971 77
647 983 64
647 998 62
648 659 69
648 661 9
648 668 91
648 674 10
648 681 76
648 683 93
648 686 50
648 700 73
648 714 77
648 721 37
648 725 58
648 735 44
648 738 38
648 740 30
648 751 17
648 759 57
648 760 31
648 765 98
648 767 90
648 786 44
648 795 88
648 803 22
648 806 6
648 812 35
648 824 89
648 826 36
648 831 76
648 833 67
648 869 92
648 884 61
648 892 55
648 899 40
648 901 30
648 914 72
648 917 34
648 919 21
648 931 87
648 946 96
648 950 46
648 952 51
648 975 81
648 983 37
648 990 60
648 993 71
648 999 12
649 679 20
649 680 28
649 682 68
649 687 20
649 690 73
649 691 82
649 692 85
649 694 85
649 697 88
649 698 25
649 701 61
649 707 79
649 711 49
649 724 16
649 743 74
649 774 9
649 784 20
649 791 26
649 797 69
649 799 99
649 810 52
649 811 86
649 846 71
649 854 47
649 859 56
649 860 9
649 861 43
649 879 1
649 882 96
649 886 72
649 900 18
649 903 77
649 910 83
649 916 59
649 920 37
649 926 36
649 928 80
649 942 72
649 944 84
649 959 87
649 995 63
650 652 39
650 656 85
650 670 57
650 672 17
650 684 45
650 702 52
650 704 48
650 712 71
650 713 98
650 716 66
650 717 40
650 719 52
650 723 86
650 727 87
650 728 40
650 742 61
650 764 71
650 783 80
650 788 24
650 793 63
650 801 36
650 804 48
650 808 23
650 813 21
650 816 89
650 838 71
650 840 24
650 847 61
650 850 84
650 855 87
650 873 81
650 921 97
650 925 92
650 932 57
650 951 59
650 954 39
650 960 82
650 981 97
650 996 20
651 653 100
651 655 98
651 664 23
651 666 23
651 721 79
651 732 82
651 745 77
651 753 2
651 759 70
651 760 36
651 765 14
651 771 27
651 802 96
651 828 7
651 848 51
651 851 5
651 881 78
651 899 12
651 901 6
651 914 79
651 948 1
651 964 45
651 969 86
651 978 5
651 980 92
651 986 79
651 989 49
651 993 61
652 672 24
652 702 57
652 704 38
652 716 99
652 727 84
652 728 43
652 742 49
652 804 66
652 808 81
652 813 35
652 832 45
652 855 32
652 898 53
652 907 10
652 909 8
652 921 76
652 924 27
652 925 29
652 932 21
652 951 81
652 960 86
652 965 62
652 981 17
652 987 23
652 988 32
653 655 76
653 660 46
653 666 75
653 685 58
653 705 88
653 732 76
653 745 10
653 753 86
653 760 18
653 766 97
653 769 100
653 771 60
653 790 36
653 802 93
653 848 60
653 851 76
653 856 93
653 881 89
653 901 13
653 964 39
653 969 22
653 978 80
653 980 21
653 986 59
653 993 67
654 660 43
654 663 8
654 666 42
654 669 35
654 671 17
654 677 2
654 685 8
654 689 3
654 696 20
654 705 51
654 715 2
654 718 57
654 720 21
654 748 81
654 749 47
654 766 26
654 768 61
654 769 2
654 775 40
654 776 32
654 790 90
654 794 92
654 802 8
654 817 30
654 819 41
654 820 2
654 825 65
654 843 98
654 848 99
654 852 79
654 856 60
654 858 53
654 864 1
654 866 68
654 881 96
654 883 56
654 888 41
654 890 49
654 891 74
654 896 58
654 913 48
654 927 98
654 953 27
654 955 87
654 964 86
654 978 81
654 979 7
654 980 76
654 992 82
655 664 16
655 681 42
655 721 99
655 732 40
655 745 88
655 753 91
655 759 43
655 760 62
655 765 98
655 767 81
655 771 24
655 778 47
655 828 16
655 844 47
655 845 95
655 851 16
655 899 70
655 901 70
655 914 42
655 931 72
655 948 11
655 950 76
655 969 35
655 978 97
655 986 47
655 989 76
655 993 65
656 662 83
656 670 57
656 684 5
656 702 20
656 713 3
656 719 90
656 742 61
656 750 50
656 764 79
656 783 2
656 788 23
656 793 45
656 805 25
656 807 92
656 850 12
656 855 28
656 873 23
656 904 98
656 911 67
656 921 56
656 954 59
656 960 53
656 972 53
656 984 78
657 658 10
657 663 48
657 671 28
657 689 23
657 695 96
657 696 96
657 715 7
657 747 10
657 748 74
657 749 58
657 776 14
657 819 10
657 822 33
657 825 10
657 835 8
657 843 65
657 849 65
657 853 78
657 864 8
657 866 14
657 871 55
657 888 11
657 889 62
657 890 21
657 891 85
657 896 35
657 908 58
657 927 12
657 938 68
657 953 44
657 955 59
657 972 28
657 994 87
658 671 25
658 689 37
658 695 81
658 696 19
658 715 37
658 718 57
658 720 82
658 737 65
658 747 75
658 748 95
658 749 57
658 776 52
658 817 83
658 819 48
658 822 76
658 825 55
658 835 87
658 843 87
658 849 89
658 853 12
658 864 94
658 866 89
658 871 18
658 883 24
658 888 38
658 889 85
658 890 68
658 891 6
658 896 20
658 908 88
658 927 71
658 938 46
658 953 96
658 955 79
658 979 54
658 994 99
659 661 6
659 668 90
659 674 47
659 683 34
659 686 36
659 688 89
659 699 26
659 700 90
659 714 1
659 722 47
659 725 71
659 735 6
659 738 96
659 740 27
659 744 37
659 751 39
659 757 28
659 762 23
659 792 22
659 795 81
659 803 94
659 806 91
659 812 75
659 821 100
659 824 70
659 826 67
659 831 47
659 833 65
659 837 31
659 839 60
659 867 40
659 874 15
659 876 80
659 887 23
659 919 65
659 933 82
659 936 93
659 937 22
659 946 55
659 968 74
659 970 10
659 971 99
659 983 24
659 990 4
659 998 1
659 999 80
660 662 45
660 663 95
660 666 88
660 669 25
660 671 38
660 677 87
660 685 11
660 689 29
660 696 20
660 705 44
660 715 28
660 720 89
660 748 11
660 749 51
660 766 57
660 768 13
660 769 71
660 771 57
660 775 86
660 776 58
660 787 2
660 790 62
660 794 84
660 802 11
660 817 82
660 819 11
660 820 94
660 825 35
660 843 51
660 848 2
660 852 19
660 856 97
660 858 34
660 864 69
660 866 40
660 881 3
660 888 84
660 891 90
660 896 35
660 913 40
660 927 86
660 934 36
660 953 7
660 955 60
660 964 17
660 978 11
660 980 5
660 992 94
661 668 24
661 674 97
661 675 18
661 688 36
661 700 33
661 709 83
661 710 39
661 714 26
661 735 62
661 740 36
661 750 71
661 751 83
661 752 90
661 757 63
661 795 29
661 803 67
661 806 67
661 821 63
661 824 58
661 831 4
661 833 84
661 834 52
661 869 37
661 876 48
661 892 1
661 917 64
661 956 94
661 958 88
661 968 22
661 973 12
661 982 40
661 990 42
662 663 78
662 666 70
662 669 91
662 671 86
662 678 65
662 684 54
662 685 16
662 689 25
662 695 67
662 705 98
662 709 64
662 715 88
662 748 97
662 749 30
662 750 99
662 766 66
662 768 59
662 769 54
662 787 56
662 793 59
662 805 99
662 807 88
662 819 54
662 820 66
662 825 23
662 836 26
662 843 56
662 850 81
662 852 34
662 858 16
662 864 80
662 866 7
662 871 88
662 889 100
662 904 62
662 908 57
662 911 9
662 927 52
662 934 6
662 953 14
662 972 25
662 980 34
662 984 16
662 992 58
663 666 24
663 669 79
663 671 65
663 685 54
663 689 45
663 695 82
663 705 16
663 715 8
663 748 29
663 749 65
663 766 37
663 768 48
663 769 81
663 776 27
663 787 65
663 790 92
663 805 15
663 819 20
663 820 44
663 822 54
663 825 17
663 843 21
663 850 96
663 852 68
663 858 34
663 864 26
663 866 66
663 871 69
663 881 52
663 888 9
663 889 90
663 891 48
663 896 94
663 904 31
663 908 83
663 911 19
663 913 31
663 927 7
663 934 26
663 953 31
663 955 31
663 972 18
663 980 71
663 984 94
663 992 40
664 681 97
664 721 82
664 732 76
664 745 75
664 753 9
664 759 16
664 760 85
664 765 11
664 767 14
664 778 96
664 786 98
664 809 20
664 828 46
664 844 82
664 845 68
664 851 84
664 884 7
664 899 26
664 901 10
664 914 10
664 931 6
664 948 21
664 950 65
664 969 82
664 975 86
664 986 53
664 989 59
664 993 22
665 704 1
665 706 26
665 712 66
665 716 51
665 717 3
665 723 41
665 729 16
665 731 1
665 734 10
665 756 35
665 777 33
665 781 50
665 801 1
665 804 96
665 815 97
665 827 36
665 840 76
665 842 57
665 868 29
665 872 24
665 902 33
665 905 42
665 906 10
665 907 52
665 918 49
665 932 89
665 939 40
665 940 87
665 949 80
665 951 57
665 957 77
665 963 38
665 977 91
665 996 90
666 669 38
666 671 10
666 678 74
666 685 87
666 705 92
666 732 99
666 745 54
666 748 39
666 753 100
666 760 79
666 766 51
666 768 82
666 769 62
666 771 55
666 787 44
666 790 10
666 802 99
666 820 23
666 836 61
666 848 83
666 851 100
666 852 82
666 856 42
666 858 84
666 881 38
666 899 44
666 901 21
666 913 12
666 914 14
666 934 42
666 952 6
666 964 4
666 969 70
666 978 94
666 980 83
666 984 97
666 986 5
666 992 82
666 993 74
667 670 81
667 673 34
667 675 41
667 706 82
667 710 79
667 730 59
667 736 24
667 741 68
667 746 5
667 755 31
667 758 73
667 761 87
667 770 46
667 773 99
667 783 21
667 796 38
667 798 23
667 800 36
667 814 82
667 816 49
667 823 65
667 829 9
667 830 27
667 834 59
667 838 8
667 840 4
667 847 53
667 860 64
667 863 68
667 873 74
667 877 24
667 878 50
667 879 40
667 880 23
667 885 9
667 900 78
667 912 76
667 915 73
667 916 36
667 918 82
667 929 39
667 930 73
667 947 10
667 954 15
667 956 29
667 957 19
667 958 62
667 966 14
667 985 15
668 674 55
668 675 83
668 688 99
668 700 61
668 709 33
668 710 100
668 714 20
668 735 56
668 740 26
668 750 45
668 751 96
668 752 69
668 757 81
668 795 95
668 803 99
668 806 45
668 821 40
668 824 14
668 831 42
668 833 75
668 834 16
668 869 36
668 876 61
668 892 16
668 917 98
668 956 11
668 958 86
668 968 16
668 973 75
668 982 86
668 990 84
669 671 92
669 678 19
669 685 12
669 689 28
669 695 53
669 705 99
669 715 63
669 748 33
669 749 20
669 766 65
669 768 24
669 769 79
669 787 64
669 790 39
669 805 39
669 807 63
669 819 38
669 820 51
669 825 26
669 836 65
669 843 45
669 850 25
669 852 31
669 858 94
669 864 93
669 866 66
669 871 68
669 881 27
669 888 74
669 889 25
669 904 62
669 908 90
669 911 30
669 927 68
669 934 45
669 953 68
669 972 36
669 980 94
669 984 94
669 992 61
670 684 51
670 702 28
670 706 54
670 712 36
670 713 69
670 719 34
670 736 29
670 741 44
670 742 58
670 758 22
670 764 87
670 773 31
670 783 66
670 788 19
670 793 67
670 800 92
670 801 47
670 807 35
670 816 17
670 829 99
670 838 49
670 840 30
670 847 48
670 850 37
670 855 27
670 873 83
670 878 96
670 880 97
670 885 62
670 912 9
670 921 52
670 929 2
670 932 25
670 954 64
670 956 18
670 960 25
670 985 10
670 996 50
671 677 76
671 685 44
671 689 65
671 695 66
671 696 21
671 705 48
671 715 13
671 720 60
671 748 42
671 749 9
671 766 92
671 768 90
671 769 30
671 776 35
671 787 68
671 790 3
671 794 76
671 802 10
671 805 52
671 817 10
671 819 18
671 820 59
671 822 15
671 825 53
671 843 96
671 852 74
671 856 57
671 858 36
671 864 65
671 866 50
671 871 58
671 881 54
671 888 45
671 889 58
671 891 1
671 896 2
671 908 16
671 911 51
671 913 79
671 927 97
671 934 49
671 953 58
671 955 7
671 980 95
671 984 54
671 992 10
672 702 47
672 704 6
672 716 51
672 727 12
672 728 62
672 742 39
672 804 60
672 808 73
672 813 20
672 832 78
672 855 88
672 898 89
672 907 79
672 909 39
672 921 4
672 924 37
672 925 95
672 932 100
672 951 96
672 965 72
672 981 85
672 987 33
672 988 51
673 675 56
673 687 37
673 690 72
673 691 43
673 697 43
673 710 29
673 724 89
673 730 49
673 736 39
673 746 63
673 755 16
673 757 82
673 761 6
673 763 59
673 770 63
673 773 54
673 774 12
673 791 46
673 796 79
673 798 49
673 799 9
673 821 52
673 823 20
673 829 38
673 834 7
673 841 85
673 854 13
673 860 86
673 876 12
673 877 23
673 878 82
673 879 24
673 880 1
673 882 8
673 885 91
673 900 2
673 912 73
673 915 69
673 916 32
673 929 100
673 930 69
673 947 7
673 956 25
673 958 7
673 966 64
673 968 35
673 976 96
673 985 90
673 995 75
674 681 64
674 686 7
674 700 54
674 714 55
674 721 68
674 735 62
674 740 81
674 751 97
674 759 48
674 760 33
674 765 75
674 767 6
674 786 77
674 795 84
674 803 30
674 806 44
674 812 1
674 824 28
674 826 53
674 831 40
674 833 25
674 869 1
674 884 24
674 892 63
674 899 86
674 901 28
674 914 11
674 917 47
674 931 18
674 946 62
674 948 73
674 950 17
674 952 39
674 975 99
674 983 2
674 989 62
674 990 16
674 993 7
674 999 99
675 688 53
675 710 99
675 714 96
675 730 4
675 736 80
675 746 53
675 750 27
675 752 88
675 757 28
675 761 88
675 763 64
675 773 17
675 796 48
675 798 49
675 803 7
675 821 33
675 823 35
675 824 26
675 829 2
675 834 88
675 860 83
675 876 8
675 878 85
675 880 85
675 885 26
675 912 73
675 917 70
675 956 100
675 958 53
675 966 45
675 968 20
675 973 66
675 976 21
675 982 4
676 687 88
676 688 70
676 698 47
676 699 97
676 701 78
676 711 55
676 726 21
676 762 40
676 763 54
676 772 57
676 784 95
676 785 94
676 792 42
676 799 74
676 821 81
676 837 65
676 839 71
676 841 66
676 854 3
676 857 79
676 861 23
676 867 73
676 874 42
676 876 59
676 882 65
676 887 36
676 897 33
676 926 12
676 933 16
676 935 96
676 936 65
676 937 85
676 970 50
676 976 42
676 998 29
677 685 46
677 696 96
677 718 9
677 720 30
677 748 15
677 766 3
677 769 71
677 775 51
677 790 6
677 794 26
677 802 32
677 817 35
677 820 89
677 848 57
677 856 80
677 881 43
677 883 79
677 888 8
677 890 65
677 891 95
677 893 93
677 913 45
677 955 26
677 964 14
677 979 45
677 980 56
677 992 1
678 700 5
678 705 36
678 709 54
678 750 41
678 752 77
678 760 31
678 768 14
678 769 71
678 787 90
678 805 75
678 807 58
678 836 93
678 851 80
678 852 27
678 858 79
678 869 19
678 892 97
678 901 80
678 911 30
678 914 71
678 917 16
678 934 29
678 952 40
678 973 61
678 980 61
678 982 4
678 984 65
678 993 46
679 680 75
679 682 73
679 687 24
679 690 81
679 691 77
679 692 6
679 694 45
679 697 65
679 698 62
679 707 41
679 711 58
679 724 2
679 743 95
679 755 54
679 770 60
679 774 19
679 784 82
679 791 74
679 797 11
679 799 76
679 810 35
679 811 28
679 846 89
679 854 29
679 859 49
679 862 69
679 870 13
679 875 92
679 877 29
679 879 52
679 882 60
679 886 71
679 900 40
679 903 80
679 910 71
679 915 41
679 916 24
679 920 40
679 923 54
679 926 36
679 928 18
679 930 41
679 942 90
679 944 18
679 947 40
679 959 3
679 995 44
680 692 23
680 743 26
680 810 30
680 846 55
680 859 21
680 886 35
680 903 16
680 910 58
680 928 98
680 942 95
681 693 62
681 721 23
681 751 19
681 759 70
681 765 54
681 767 71
681 778 54
681 779 53
681 780 60
681 782 56
681 786 96
681 795 4
681 806 96
681 809 3
681 826 86
681 828 51
681 831 78
681 844 64
681 845 16
681 869 73
681 884 52
681 894 89
681 895 18
681 899 81
681 914 98
681 931 2
681 941 96
681 948 20
681 950 63
681 962 66
681 969 22
681 974 87
681 975 93
681 989 77
681 990 36
681 999 62
682 687 3
682 690 88
682 691 8
682 692 76
682 694 88
682 697 52
682 698 5
682 703 34
682 707 55
682 711 11
682 724 16
682 743 22
682 754 92
682 755 21
682 761 6
682 770 55
682 774 76
682 791 64
682 797 76
682 799 93
682 810 65
682 811 60
682 854 95
682 859 3
682 860 24
682 862 96
682 870 76
682 875 28
682 877 88
682 879 65
682 882 63
682 900 62
682 903 80
682 910 63
682 915 33
682 916 35
682 920 60
682 923 97
682 926 17
682 928 34
682 930 96
682 943 89
682 944 36
682 947 97
682 959 29
682 995 87
683 686 39
683 688 26
683 699 47
683 714 19
683 722 100
683 725 97
683 735 27
683 738 56
683 740 78
683 744 76
683 751 82
683 762 15
683 772 41
683 792 15
683 795 30
683 803 43
683 806 80
683 812 58
683 821 17
683 826 44
683 831 21
683 833 1
683 837 75
683 839 47
683 867 37
683 874 78
683 887 6
683 897 76
683 919 48
683 933 49
683 935 59
683 936 97
683 937 42
683 946 2
683 962 88
683 967 45
683 970 80
683 971 20
683 975 25
683 983 90
683 990 45
683 998 17
683 999 26
684 695 38
684 702 100
684 713 92
684 719 95
684 742 21
684 764 16
684 788 77
684 793 84
684 805 27
684 807 95
684 808 11
684 850 100
684 855 69
684 871 4
684 889 21
684 904 77
684 908 32
684 911 98
684 921 5
684 954 93
684 972 89
684 984 36
685 689 52
685 705 58
685 715 51
685 720 89
685 748 77
685 766 41
685 768 15
685 769 89
685 771 63
685 787 98
685 790 8
685 794 70
685 802 98
685 819 84
685 820 82
685 825 62
685 843 78
685 848 98
685 851 65
685 852 87
685 856 52
685 858 33
685 864 24
685 881 54
685 888 66
685 911 95
685 913 12
685 934 73
685 953 45
685 964 61
685 978 12
685 980 99
685 984 7
685 986 92
685 992 1
686 688 72
686 699 1
686 700 71
686 722 38
686 725 57
686 735 66
686 738 50
686 740 79
686 744 17
686 751 4
686 762 16
686 795 47
686 803 18
686 806 69
686 812 23
686 821 32
686 826 55
686 831 78
686 833 41
686 837 4
686 839 27
686 867 65
686 874 53
686 884 64
686 887 68
686 895 84
686 919 72
686 933 3
686 936 44
686 937 92
686 946 86
686 961 71
686 962 76
686 967 72
686 970 53
686 971 79
686 975 30
686 983 23
686 990 91
686 998 19
686 999 22
687 690 54
687 691 30
687 692 64
687 694 24
687 697 82
687 698 94
687 711 45
687 724 25
687 726 8
687 743 65
687 746 27
687 761 51
687 763 92
687 770 49
687 774 10
687 784 40
687 785 91
687 791 76
687 796 67
687 797 90
687 799 66
687 841 71
687 854 47
687 857 93
687 859 2
687 860 50
687 861 1
687 877 80
687 879 26
687 882 87
687 900 54
687 916 71
687 926 93
687 928 80
687 930 53
687 942 7
687 944 96
687 947 88
687 959 80
687 976 92
687 995 94
688 699 30
688 714 45
688 722 48
688 725 3
688 726 15
688 735 81
688 738 13
688 740 73
688 744 95
688 751 81
688 757 42
688 762 41
688 763 26
688 772 78
688 785 8
688 792 88
688 803 31
688 806 51
688 812 96
688 821 32
688 824 78
688 833 39
688 837 4
688 839 86
688 841 54
688 867 53
688 874 90
688 876 4
688 887 57
688 897 59
688 933 33
688 935 5
688 936 29
688 937 25
688 946 74
688 968 59
688 970 1
688 976 43
688 983 73
688 998 75
689 695 48
689 696 56
689 715 87
689 747 41
689 748 11
689 749 54
689 766 80
689 768 60
689 769 35
689 776 14
689 787 6
689 805 16
689 819 58
689 820 67
689 822 24
689 825 70
689 835 43
689 843 17
689 852 61
689 858 13
689 864 68
689 866 66
689 871 30
689 888 66
689 889 6
689 891 96
689 896 67
689 904 69
689 908 3
689 911 29
689 927 6
689 938 8
689 953 34
689 955 24
689 972 91
689 984 88
689 992 6
689 994 76
690 691 53
690 692 76
690 694 5
690 697 33
690 698 24
690 711 17
690 724 12
690 730 69
690 746 87
690 754 41
690 755 55
690 761 4
690 763 68
690 770 55
690 774 76
690 784 84
690 791 100
690 796 41
690 797 4
690 798 54
690 799 29
690 823 43
690 841 18
690 854 11
690 860 55
690 861 83
690 862 80
690 877 56
690 879 25
690 882 33
690 900 92
690 915 83
690 916 39
690 926 42
690 930 49
690 944 25
690 947 32
690 959 78
690 966 19
690 976 81
690 995 82
691 692 6
691 694 56
691 697 96
691 698 6
691 707 88
691 711 20
691 724 18
691 730 45
691 743 82
691 746 59
691 754 45
691 755 61
691 761 23
691 763 78
691 770 27
691 774 32
691 784 59
691 791 45
691 796 1
691 797 44
691 799 52
691 811 17
691 841 58
691 854 98
691 859 56
691 860 22
691 862 28
691 870 39
691 875 12
691 877 55
691 879 5
691 882 79
691 900 89
691 910 47
691 915 96
691 916 79
691 920 31
691 926 45
691 928 74
691 930 61
691 944 59
691 947 21
691 959 6
691 976 48
691 995 40
692 698 17
692 701 33
692 711 77
692 724 46
692 743 93
692 774 60
692 784 85
692 791 33
692 797 10
692 799 97
692 810 99
692 811 80
692 841 78
692 846 34
692 854 29
692 857 89
692 859 74
692 861 73
692 882 84
692 886 27
692 900 51
692 903 32
692 910 19
692 926 1
692 928 66
692 942 91
692 959 46
692 995 58
693 765 91
693 767 38
693 778 60
693 779 22
693 780 82
693 782 50
693 786 61
693 809 20
693 844 98
693 845 84
693 865 3
693 884 5
693 894 91
693 895 14
693 931 36
693 941 27
693 948 96
693 950 8
693 961 91
693 962 8
693 967 35
693 974 52
693 975 89
693 991 66
694 697 92
694 703 89
694 707 19
694 724 96
694 733 59
694 743 22
694 754 77
694 755 53
694 770 79
694 774 69
694 791 3
694 797 77
694 810 52
694 811 33
694 859 80
694 862 87
694 870 70
694 875 37
694 877 34
694 879 21
694 882 86
694 900 61
694 903 14
694 910 95
694 915 9
694 916 91
694 920 83
694 922 25
694 923 19
694 928 74
694 930 82
694 943 95
694 944 59
694 947 86
694 959 42
694 995 84
694 997 20
695 715 77
695 747 79
695 748 68
695 749 86
695 768 26
695 776 75
695 788 82
695 805 60
695 819 90
695 820 7
695 822 39
695 825 7
695 835 96
695 843 99
695 849 4
695 850 80
695 858 37
695 864 87
695 866 58
695 871 5
695 888 94
695 889 91
695 896 89
695 904 27
695 908 12
695 911 26
695 927 80
695 938 90
695 945 95
695 953 19
695 955 30
695 972 58
695 984 37
695 994 88
696 718 43
696 720 92
696 737 6
696 747 75
696 748 93
696 749 25
696 775 85
696 776 99
696 790 29
696 794 22
696 817 33
696 819 79
696 820 40
696 822 90
696 825 57
696 843 67
696 853 89
696 866 50
696 883 35
696 888 39
696 890 14
696 891 17
696 893 36
696 896 73
696 913 24
696 927 65
696 953 31
696 955 57
696 979 62
696 992 99
697 703 71
697 707 83
697 724 39
697 733 41
697 743 29
697 746 31
697 754 9
697 755 10
697 761 25
697 770 95
697 774 96
697 791 52
697 797 18
697 799 15
697 810 31
697 811 52
697 814 99
697 854 80
697 860 51
697 862 28
697 870 27
697 875 63
697 877 12
697 879 91
697 882 38
697 900 40
697 910 85
697 915 25
697 916 67
697 920 24
697 922 83
697 923 10
697 930 38
697 943 75
697 944 16
697 947 87
697 959 96
697 995 16
697 997 25
698 701 57
698 711 24
698 724 24
698 726 13
698 761 100
698 763 51
698 772 10
698 774 21
698 784 60
698 785 45
698 791 86
698 792 86
698 797 84
698 799 59
698 841 57
698 846 6
698 854 71
698 857 41
698 859 13
698 860 18
698 861 63
698 879 30
698 882 55
698 887 73
698 900 64
698 916 34
698 926 94
698 930 5
698 942 33
698 976 96
698 995 43
699 722 44
699 725 94
699 726 17
699 735 69
699 738 98
699 740 69
699 744 76
699 751 93
699 762 48
699 772 89
699 785 2
699 792 50
699 795 37
699 806 9
699 812 76
699 821 54
699 831 27
699 833 73
699 837 38
699 839 27
699 867 52
699 874 40
699 887 64
699 897 62
699 919 41
699 933 44
699 935 1
699 936 71
699 937 2
699 946 42
699 970 38
699 971 7
699 983 5
699 990 68
699 998 45
699 999 45
700 709 40
700 714 47
700 721 61
700 735 100
700 740 88
700 751 40
700 759 38
700 760 55
700 767 49
700 795 62
700 803 81
700 806 52
700 824 100
700 826 55
700 831 78
700 833 6
700 836 46
700 869 58
700 884 1
700 892 36
700 899 79
700 901 100
700 914 27
700 917 11
700 946 100
700 952 6
700 968 9
700 975 87
700 990 70
700 993 15
700 999 60
701 711 95
701 726 72
701 772 41
701 784 18
701 785 31
701 792 41
701 797 20
701 841 51
701 846 21
701 854 84
701 857 98
701 861 70
701 882 33
701 886 53
701 897 37
701 926 46
701 942 68
702 704 19
702 712 52
702 713 13
702 719 1
702 727 20
702 728 56
702 742 88
702 788 88
702 804 44
702 808 16
702 813 22
702 832 63
702 855 53
702 921 46
702 924 61
702 925 77
702 932 44
702 951 60
702 954 99
702 960 42
702 965 85
702 981 93
702 987 64
702 996 13
703 707 83
703 708 77
703 724 17
703 733 38
703 754 72
703 755 61
703 770 66
703 811 87
703 814 33
703 842 64
703 862 68
703 863 61
703 868 2
703 870 22
703 875 51
703 877 35
703 915 12
703 920 70
703 922 74
703 923 29
703 943 14
703 944 6
703 957 1
703 959 29
703 997 29
704 712 54
704 716 82
704 717 94
704 723 80
704 727 82
704 728 93
704 729 3
704 731 39
704 734 94
704 739 96
704 756 99
704 777 87
704 781 74
704 801 9
704 804 90
704 813 83
704 815 91
704 827 33
704 840 98
704 855 26
704 872 56
704 898 62
704 902 77
704 905 56
704 906 70
704 907 86
704 909 12
704 924 1
704 925 75
704 932 12
704 939 55
704 940 83
704 949 25
704 951 39
704 960 12
704 963 32
704 965 13
704 977 91
704 988 74
704 996 52
705 732 88
705 760 64
705 766 17
705 768 96
705 769 53
705 771 46
705 787 80
705 790 17
705 802 94
705 805 61
705 820 95
705 836 21
705 848 58
705 851 45
705 852 10
705 856 37
705 858 67
705 864 42
705 881 2
705 892 36
705 899 17
705 901 56
705 911 31
705 914 79
705 934 86
705 952 68
705 964 95
705 969 83
705 978 32
705 980 42
705 984 25
705 986 20
705 992 35
705 993 34
706 708 25
706 712 13
706 716 98
706 717 100
706 723 71
706 730 39
706 734 95
706 736 69
706 741 59
706 746 81
706 754 72
706 756 73
706 758 56
706 773 72
706 783 7
706 800 68
706 801 41
706 814 100
706 815 85
706 816 27
706 823 24
706 827 10
706 829 71
706 830 66
706 838 23
706 840 20
706 842 28
706 847 49
706 863 72
706 868 85
706 873 67
706 878 82
706 880 97
706 906 49
706 912 26
706 915 7
706 918 85
706 929 57
706 932 55
706 951 92
706 954 30
706 957 46
706 960 6
706 963 74
706 966 99
706 985 96
706 996 1
706 997 17
707 724 69
707 733 14
707 743 95
707 754 95
707 755 79
707 770 91
707 791 23
707 797 14
707 810 47
707 811 59
707 862 88
707 870 6
707 875 67
707 877 67
707 879 42
707 900 68
707 903 66
707 910 79
707 915 37
707 916 47
707 920 36
707 922 33
707 923 37
707 943 37
707 944 20
707 947 5
707 959 88
707 997 67
708 733 98
708 734 6
708 754 11
708 755 100
708 756 42
708 758 13
708 770 91
708 777 8
708 814 59
708 815 34
708 827 11
708 830 50
708 842 47
708 862 73
708 863 4
708 868 80
708 870 60
708 875 64
708 905 2
708 906 45
708 915 19
708 918 18
708 922 23
708 943 53
708 957 10
708 963 86
708 997 49
709 710 57
709 714 42
709 750 74
709 752 89
709 764 67
709 787 73
709 793 22
709 803 32
709 805 13
709 807 3
709 824 51
709 834 48
709 836 38
709 852 18
709 869 99
709 892 95
709 911 78
709 917 74
709 934 98
709 952 75
709 958 20
709 973 49
709 982 62
709 984 5
710 713 2
710 730 77
710 736 66
710 741 69
710 746 41
710 750 96
710 752 16
710 757 73
710 761 42
710 764 55
710 773 28
710 783 56
710 796 56
710 798 5
710 800 28
710 816 28
710 823 52
710 824 92
710 829 69
710 834 88
710 838 83
710 847 21
710 873 96
710 876 78
710 878 27
710 880 36
710 885 78
710 912 9
710 917 74
710 929 84
710 956 88
710 958 31
710 966 42
710 968 36
710 973 99
710 982 14
710 985 36
711 724 4
711 726 15
711 743 22
711 761 49
711 763 6
711 774 45
711 784 7
711 785 3
711 791 19
711 792 81
711 797 12
711 799 64
711 841 87
711 846 4
711 854 30
711 857 91
711 859 4
711 860 70
711 861 30
711 879 41
711 882 88
711 900 45
711 910 24
711 916 80
711 926 62
711 928 61
711 930 96
711 942 67
711 976 27
711 995 14
712 713 24
712 716 41
712 717 17
712 723 66
712 728 21
712 729 59
712 731 87
712 734 94
712 736 9
712 741 96
712 742 45
712 756 54
712 758 1
712 773 4
712 783 55
712 800 82
712 801 91
712 804 85
712 813 30
712 816 80
712 830 39
712 838 39
712 840 14
712 842 35
712 847 47
712 855 85
712 863 61
712 873 23
712 878 28
712 880 92
712 902 2
712 906 38
712 907 3
712 918 4
712 921 78
712 929 66
712 932 8
712 951 47
712 954 41
712 957 63
712 960 67
712 963 98
712 985 48
712 996 85
713 719 61
713 736 64
713 741 73
713 742 15
713 750 35
713 752 31
713 764 29
713 773 71
713 783 6
713 788 56
713 793 34
713 800 77
713 807 73
713 816 95
713 829 60
713 834 69
713 838 49
713 840 42
713 847 95
713 850 10
713 855 47
713 873 47
713 878 94
713 880 81
713 885 100
713 904 72
713 912 66
713 921 98
713 954 50
713 956 41
713 958 21
713 960 73
713 973 42
713 982 40
713 985 17
714 735 92
714 740 69
714 750 71
714 751 25
714 752 37
714 757 6
714 759 29
714 795 78
714 803 16
714 806 41
714 821 99
714 824 56
714 826 9
714 831 53
714 833 88
714 834 3
714 869 37
714 876 37
714 892 35
714 917 3
714 952 80
714 958 51
714 968 4
714 973 56
714 982 76
714 990 73
715 747 74
715 748 74
715 749 56
715 766 66
715 768 6
715 769 41
715 776 10
715 787 18
715 790 31
715 805 39
715 819 6
715 820 97
715 822 66
715 825 19
715 843 48
715 850 78
715 852 69
715 858 12
715 864 50
715 866 68
715 871 93
715 888 26
715 889 20
715 891 69
715 896 99
715 904 45
715 908 17
715 911 41
715 927 21
715 934 22
715 938 79
715 953 20
715 955 30
715 972 68
715 984 2
715 992 6
715 994 70
716 717 80
716 723 75
716 727 6
716 728 71
716 729 99
716 731 27
716 734 66
716 756 5
716 777 9
716 781 42
716 801 49
716 804 100
716 813 1
716 815 4
716 827 25
716 840 47
716 842 71
716 855 78
716 872 66
716 902 63
716 905 30
716 906 85
716 907 87
716 909 87
716 918 29
716 924 89
716 932 65
716 939 31
716 940 78
716 949 62
716 951 37
716 960 48
716 963 91
716 965 90
716 977 72
716 988 42
716 996 50
717 723 69
717 728 4
717 729 78
717 731 23
717 734 83
717 741 61
717 756 64
717 758 14
717 777 66
717 781 47
717 800 23
717 801 46
717 804 81
717 813 84
717 815 18
717 827 34
717 830 27
717 838 41
717 840 50
717 842 11
717 847 62
717 855 86
717 863 57
717 868 88
717 872 45
717 902 63
717 905 59
717 906 68
717 907 27
717 918 64
717 921 82
717 932 25
717 951 9
717 957 77
717 960 4
717 963 81
717 977 72
717 985 71
717 996 32
718 720 47
718 737 75
718 748 21
718 775 4
718 776 70
718 794 42
718 817 100
718 853 16
718 883 70
718 888 86
718 890 16
718 891 15
718 893 96
718 896 87
718 913 30
718 955 94
718 979 19
719 727 3
719 728 99
719 742 64
719 764 6
719 783 99
719 788 86
719 793 29
719 807 35
719 808 91
719 813 55
719 850 80
719 855 53
719 873 31
719 904 7
719 921 36
719 925 8
719 932 16
719 954 63
719 960 27
719 972 93
719 981 1
720 737 82
720 748 85
720 749 78
720 766 31
720 769 28
720 775 48
720 776 83
720 790 73
720 794 90
720 802 50
720 817 39
720 819 31
720 820 57
720 825 12
720 843 63
720 853 75
720 856 54
720 858 71
720 864 12
720 881 63
720 883 51
720 888 21
720 890 68
720 891 22
720 893 41
720 896 65
720 913 47
720 953 6
720 955 100
720 979 89
720 992 58
721 732 77
721 745 11
721 751 39
721 753 22
721 759 90
721 760 92
721 765 58
721 767 93
721 778 65
721 786 34
721 795 27
721 806 60
721 826 92
721 828 40
721 831 42
721 844 33
721 845 16
721 851 44
721 869 31
721 884 63
721 892 32
721 899 62
721 901 52
721 914 87
721 931 60
721 948 61
721 950 9
721 952 52
721 969 73
721 975 100
721 989 19
721 990 97
721 993 48
721 999 65
722 725 59
722 735 90
722 738 85
722 740 73
722 744 6
722 751 93
722 762 63
722 772 35
722 792 55
722 795 93
722 806 7
722 812 81
722 826 33
722 833 24
722 837 78
722 839 96
722 867 91
722 874 53
722 887 79
722 895 94
722 897 67
722 919 56
722 933 49
722 935 18
722 936 21
722 937 51
722 946 62
722 961 56
722 962 11
722 967 5
722 970 10
722 971 5
722 983 52
722 998 62
722 999 26
723 728 68
723 729 38
723 731 6
723 734 63
723 741 25
723 756 52
723 758 53
723 777 4
723 781 71
723 801 61
723 804 84
723 813 72
723 815 14
723 827 29
723 830 25
723 838 12
723 840 14
723 842 56
723 855 41
723 863 53
723 868 49
723 872 17
723 902 78
723 905 66
723 906 76
723 907 96
723 918 40
723 921 31
723 932 36
723 940 92
723 949 73
723 951 87
723 957 46
723 960 24
723 963 72
723 977 89
723 996 30
724 730 63
724 733 88
724 743 57
724 746 15
724 754 29
724 755 76
724 761 49
724 770 10
724 774 74
724 791 78
724 796 86
724 797 96
724 799 73
724 810 27
724 811 60
724 814 97
724 854 88
724 859 86
724 860 42
724 862 3
724 870 16
724 875 69
724 877 33
724 879 64
724 882 91
724 900 75
724 910 21
724 915 42
724 916 37
724 920 73
724 922 100
724 923 5
724 928 32
724 930 78
724 943 80
724 944 81
724 947 66
724 959 95
724 995 97
725 735 26
725 738 52
725 740 50
725 744 10
725 751 62
725 762 18
725 772 53
725 792 63
725 795 99
725 806 28
725 812 58
725 821 81
725 826 32
725 831 46
725 833 39
725 837 95
725 839 2
725 867 22
725 874 47
725 887 84
725 895 1
725 897 3
725 919 83
725 933 90
725 935 33
725 936 55
725 937 17
725 946 41
725 961 56
725 962 51
725 967 75
725 970 11
725 971 76
725 975 43
725 983 1
725 990 53
725 998 73
725 999 31
726 762 72
726 763 74
726 772 93
726 784 71
726 785 36
726 792 4
726 799 43
726 821 77
726 837 96
726 839 64
726 841 100
726 854 66
726 857 79
726 861 93
726 867 53
726 874 91
726 887 23
726 897 81
726 926 92
726 933 37
726 935 13
726 936 40
726 937 23
726 970 21
726 976 77
726 998 87
727 728 53
727 742 90
727 804 45
727 808 93
727 813 26
727 818 35
727 832 42
727 855 25
727 898 95
727 907 17
727 909 69
727 921 11
727 924 60
727 925 62
727 932 11
727 951 16
727 960 61
727 965 33
727 981 22
727 987 79
727 988 93
728 742 90
728 801 95
728 804 18
728 808 87
728 813 97
728 832 28
728 855 43
728 898 40
728 902 85
728 907 5
728 909 53
728 921 99
728 924 3
728 925 72
728 932 55
728 951 49
728 960 42
728 965 60
728 981 27
728 988 1
728 996 31
729 731 51
729 734 53
729 739 30
729 756 86
729 777 21
729 781 54
729 801 30
729 804 91
729 815 75
729 827 5
729 842 29
729 868 76
729 872 36
729 902 9
729 905 14
729 906 60
729 907 52
729 932 30
729 939 39
729 940 54
729 949 1
729 951 31
729 963 16
729 977 68
729 988 18
729 996 72
730 736 87
730 741 88
730 746 70
730 754 18
730 755 64
730 758 68
730 761 41
730 770 65
730 773 99
730 783 66
730 791 99
730 796 29
730 798 41
730 800 83
730 814 23
730 816 39
730 823 52
730 829 32
730 830 65
730 834 40
730 838 74
730 840 43
730 847 53
730 860 19
730 862 5
730 863 46
730 873 30
730 877 91
730 878 58
730 879 21
730 880 66
730 885 100
730 900 56
730 912 70
730 915 77
730 916 92
730 918 5
730 929 14
730 930 42
730 947 12
730 956 77
730 957 22
730 958 10
730 966 81
730 985 91
731 734 11
731 739 74
731 756 98
731 777 79
731 781 35
731 801 54
731 804 20
731 815 99
731 827 16
731 842 54
731 868 40
731 872 77
731 902 67
731 905 94
731 906 77
731 907 92
731 932 61
731 939 22
731 940 35
731 949 97
731 951 77
731 963 43
731 977 69
731 988 70
731 996 75
732 745 10
732 753 98
732 759 58
732 760 100
732 765 34
732 767 15
732 771 11
732 828 82
732 844 73
732 845 98
732 848 98
732 851 92
732 881 61
732 899 35
732 901 7
732 914 3
732 948 17
732 950 45
732 952 84
732 964 92
732 969 41
732 978 65
732 980 43
732 986 27
732 989 18
732 993 32
733 754 58
733 755 63
733 770 97
733 811 40
733 814 31
733 842 99
733 862 86
733 863 94
733 868 63
733 870 4
733 875 23
733 877 22
733 915 68
733 916 82
733 920 48
733 922 10
733 923 75
733 943 74
733 944 17
733 947 76
733 957 35
733 959 81
733 997 91
734 741 58
734 756 11
734 758 80
734 777 4
734 800 76
734 801 60
734 814 13
734 815 43
734 827 24
734 830 47
734 838 88
734 840 4
734 842 14
734 847 63
734 863 59
734 868 4
734 902 7
734 905 25
734 906 76
734 918 28
734 922 16
734 929 98
734 932 5
734 951 52
734 957 65
734 963 63
734 985 45
734 996 54
734 997 81
735 738 1
735 740 44
735 744 21
735 751 34
735 762 42
735 795 72
735 803 70
735 806 58
735 812 28
735 821 3
735 824 23
735 826 76
735 831 32
735 833 70
735 839 83
735 867 41
735 869 94
735 884 11
735 919 89
735 933 59
735 936 29
735 937 60
735 946 96
735 967 59
735 968 64
735 970 72
735 971 21
735 975 24
735 983 33
735 990 8
735 998 85
735 999 58
736 741 95
736 746 45
736 758 32
736 773 15
736 783 82
736 796 54
736 798 84
736 800 27
736 814 41
736 816 94
736 823 10
736 829 92
736 830 76
736 834 92
736 838 74
736 840 46
736 847 5
736 863 36
736 873 89
736 878 27
736 880 32
736 885 79
736 912 3
736 918 35
736 929 57
736 954 18
736 956 52
736 957 15
736 958 93
736 960 10
736 966 68
736 985 41
737 775 57
737 776 15
737 794 18
737 817 39
737 853 71
737 883 22
737 888 34
737 890 67
737 891 49
737 893 70
737 896 68
737 955 63
737 979 42
738 740 55
738 744 90
738 751 23
738 762 8
738 772 70
738 792 27
738 795 56
738 803 99
738 806 34
738 812 73
738 821 89
738 826 39
738 831 92
738 833 77
738 837 19
738 839 81
738 867 49
738 874 100
738 887 56
738 895 39
738 897 51
738 919 28
738 933 36
738 935 24
738 936 24
738 937 87
738 946 13
738 961 28
738 962 57
738 967 76
738 970 17
738 971 94
738 975 60
738 983 29
738 990 37
738 998 5
738 999 89
739 781 73
739 789 47
739 872 40
739 898 66
739 907 55
739 909 44
739 924 71
739 939 83
739 940 43
739 949 99
739 965 21
739 977 22
739 988 27
740 744 67
740 751 71
740 762 51
740 795 93
740 803 29
740 806 35
740 812 16
740 821 7
740 824 97
740 826 17
740 831 99
740 833 22
740 837 81
740 839 7
740 867 26
740 869 27
740 874 76
740 876 48
740 884 95
740 887 41
740 919 91
740 933 26
740 936 55
740 937 96
740 946 3
740 967 89
740 968 52
740 970 58
740 971 58
740 975 93
740 983 18
740 990 19
740 998 50
740 999 100
741 746 4
741 758 92
741 773 71
741 783 48
741 796 59
741 798 8
741 800 95
741 801 44
741 814 95
741 816 54
741 823 7
741 829 23
741 830 48
741 834 2
741 838 100
741 840 78
741 847 100
741 863 32
741 873 29
741 878 37
741 880 66
741 885 44
741 906 71
741 912 76
741 918 18
741 929 52
741 932 99
741 954 40
741 956 1
741 957 79
741 958 82
741 960 22
741 963 68
741 966 87
741 985 64
741 996 17
742 764 77
742 783 8
742 788 49
742 793 88
742 804 93
742 808 95
742 813 80
742 816 34
742 840 60
742 850 99
742 855 25
742 873 99
742 904 91
742 921 44
742 925 67
742 932 92
742 954 47
742 960 40
742 981 36
742 996 70
743 774 77
743 784 31
743 797 49
743 810 45
743 811 15
743 846 75
743 854 19
743 859 18
743 882 73
743 886 39
743 903 75
743 910 44
743 920 85
743 926 18
743 928 32
743 942 38
743 944 15
743 959 13
743 995 4
744 751 40
744 762 67
744 782 78
744 795 41
744 806 91
744 812 76
744 826 87
744 833 87
744 837 84
744 839 31
744 867 9
744 874 52
744 887 77
744 895 3
744 897 77
744 919 54
744 933 52
744 935 49
744 936 64
744 937 32
744 946 24
744 961 25
744 962 23
744 967 82
744 970 97
744 971 74
744 975 39
744 983 98
744 998 70
744 999 5
745 753 91
745 760 81
745 771 86
745 802 97
745 828 98
745 848 86
745 851 18
745 881 27
745 899 23
745 901 87
745 914 65
745 964 41
745 969 45
745 978 97
745 980 37
745 986 60
745 989 56
745 993 45
746 754 3
746 755 33
746 758 24
746 761 41
746 763 78
746 770 68
746 773 92
746 791 43
746 796 12
746 798 30
746 799 32
746 800 70
746 814 49
746 823 20
746 829 57
746 830 31
746 834 74
746 838 52
746 847 51
746 854 88
746 860 12
746 862 9
746 863 38
746 877 34
746 878 28
746 879 96
746 880 54
746 885 98
746 900 35
746 912 73
746 915 49
746 916 69
746 929 68
746 930 16
746 947 76
746 956 40
746 958 40
746 966 87
746 985 11
746 995 27
747 749 13
747 776 79
747 819 72
747 822 96
747 825 32
747 835 32
747 843 59
747 849 76
747 853 77
747 864 5
747 866 56
747 871 50
747 883 63
747 889 12
747 890 39
747 891 80
747 896 10
747 908 85
747 927 30
747 938 10
747 953 97
747 955 21
747 994 8
748 749 39
748 766 48
748 768 28
748 769 7
748 775 47
748 776 58
748 790 98
748 794 43
748 802 56
748 817 88
748 819 97
748 820 65
748 822 77
748 825 99
748 843 76
748 852 53
748 853 52
748 856 87
748 858 65
748 864 92
748 866 86
748 871 50
748 881 58
748 883 37
748 888 28
748 889 50
748 890 76
748 891 84
748 896 45
748 908 47
748 913 58
748 927 76
748 953 78
748 955 10
748 979 21
748 980 53
748 992 89
749 766 42
749 768 96
749 769 31
749 776 24
749 790 100
749 805 27
749 817 41
749 819 35
749 820 83
749 822 66
749 825 18
749 835 99
749 843 14
749 853 64
749 858 93
749 864 64
749 866 10
749 871 78
749 883 83
749 888 72
749 889 47
749 890 85
749 891 14
749 896 51
749 908 51
749 911 67
749 913 62
749 927 49
749 938 46
749 953 93
749 955 44
749 972 88
749 979 13
749 984 94
749 992 66
749 994 87
750 752 79
750 764 50
750 787 29
750 793 28
750 805 34
750 807 35
750 816 84
750 824 61
750 834 92
750 836 48
750 850 56
750 885 90
750 892 88
750 911 74
750 917 37
750 934 18
750 952 45
750 958 100
750 973 99
750 982 47
750 984 46
751 759 92
751 767 67
751 786 31
751 795 52
751 803 94
751 806 34
751 812 97
751 824 94
751 826 95
751 831 50
751 833 12
751 867 20
751 869 61
751 884 83
751 919 16
751 931 24
751 937 15
751 946 77
751 950 54
751 962 2
751 967 57
751 970 2
751 975 70
751 983 44
751 990 50
751 998 80
751 999 44
752 764 87
752 793 30
752 803 19
752 807 58
752 816 59
752 824 49
752 834 58
752 836 66
752 873 13
752 878 70
752 885 28
752 892 1
752 917 33
752 952 1
752 956 8
752 958 25
752 968 91
752 973 27
752 982 27
753 759 74
753 760 37
753 765 31
753 771 33
753 802 54
753 828 12
753 848 75
753 851 10
753 881 37
753 899 3
753 901 44
753 914 45
753 948 3
753 964 91
753 969 94
753 978 14
753 980 98
753 986 34
753 989 11
753 993 14
754 755 72
754 758 55
754 770 36
754 791 26
754 811 12
754 814 80
754 830 64
754 842 18
754 860 50
754 862 64
754 863 9
754 868 81
754 870 76
754 875 54
754 877 70
754 879 83
754 900 37
754 915 32
754 916 62
754 918 17
754 920 87
754 922 78
754 923 34
754 929 46
754 930 29
754 943 88
754 944 64
754 947 96
754 957 51
754 959 34
754 997 31
755 758 56
755 761 82
755 770 70
755 774 40
755 791 87
755 796 89
755 797 92
755 811 43
755 814 81
755 830 37
755 860 11
755 862 19
755 863 38
755 870 80
755 875 5
755 877 97
755 879 64
755 900 70
755 915 65
755 916 5
755 920 4
755 922 58
755 923 3
755 929 96
755 930 50
755 943 11
755 944 76
755 947 70
755 957 43
755 959 26
755 995 28
755 997 52
756 758 66
756 777 32
756 781 65
756 801 87
756 804 19
756 814 2
756 815 10
756 827 32
756 830 24
756 840 67
756 842 74
756 863 85
756 868 77
756 872 51
756 902 90
756 905 68
756 906 3
756 907 55
756 918 90
756 932 82
756 940 77
756 949 30
756 951 93
756 957 47
756 963 51
756 977 25
756 996 57
756 997 10
757 761 44
757 763 26
757 796 37
757 798 45
757 799 50
757 803 63
757 821 50
757 823 57
757 824 91
757 833 54
757 834 58
757 839 31
757 841 28
757 860 79
757 867 32
757 876 84
757 885 69
757 917 65
757 936 43
757 956 73
757 958 96
757 966 92
757 968 89
757 976 14
758 770 5
758 773 85
758 783 6
758 798 35
758 800 56
758 801 45
758 814 45
758 816 51
758 823 59
758 829 58
758 830 25
758 838 43
758 840 49
758 842 83
758 847 10
758 862 16
758 863 92
758 868 38
758 873 64
758 877 37
758 878 31
758 880 96
758 885 62
758 906 75
758 912 33
758 915 58
758 918 99
758 929 16
758 932 93
758 951 80
758 954 94
758 956 41
758 957 84
758 960 3
758 963 62
758 966 82
758 985 51
758 996 15
758 997 6
759 760 67
759 765 97
759 767 89
759 786 5
759 795 17
759 803 13
759 806 96
759 826 60
759 828 30
759 831 56
759 836 17
759 844 77
759 845 63
759 851 2
759 869 89
759 884 1
759 892 8
759 899 13
759 901 63
759 914 38
759 931 75
759 948 26
759 950 44
759 952 30
759 969 40
759 975 52
759 989 53
759 990 59
759 993 3
759 999 57
760 765 34
760 767 69
760 771 12
760 828 70
760 836 39
760 851 73
760 852 55
760 869 70
760 892 12
760 899 86
760 901 72
760 914 60
760 934 37
760 950 36
760 952 18
760 969 37
760 978 57
760 980 22
760 986 61
760 989 83
760 993 83
761 763 47
761 770 66
761 774 70
761 791 30
761 796 41
761 797 40
761 798 59
761 799 56
761 821 71
761 823 65
761 829 16
761 841 69
761 854 24
761 860 52
761 876 53
761 877 57
761 879 45
761 882 63
761 900 69
761 912 85
761 915 78
761 916 14
761 926 80
761 930 88
761 947 58
761 956 8
761 966 100
761 976 51
761 995 87
762 772 35
762 785 2
762 792 34
762 812 85
762 821 5
762 837 89
762 839 48
762 841 32
762 857 9
762 867 98
762 874 65
762 887 47
762 897 68
762 919 61
762 933 91
762 935 95
762 936 48
762 937 38
762 946 90
762 970 92
762 971 16
762 976 24
762 983 98
762 998 42
763 772 1
763 774 35
763 784 50
763 785 11
763 791 7
763 792 2
763 796 100
763 797 14
763 798 83
763 799 36
763 821 77
763 839 96
763 841 8
763 854 9
763 857 58
763 860 42
763 861 74
763 867 85
763 874 86
763 876 50
763 879 38
763 882 2
763 887 80
763 900 14
763 916 37
763 926 16
763 930 51
763 936 11
763 947 17
763 968 85
763 976 75
763 995 10
764 773 36
764 783 6
764 788 75
764 793 39
764 805 66
764 807 30
764 816 25
764 834 82
764 847 38
764 850 41
764 855 41
764 873 59
764 878 90
764 885 4
764 904 42
764 911 3
764 921 68
764 954 46
764 958 25
764 960 85
764 972 34
764 973 70
764 982 95
764 984 13
765 767 56
765 778 71
765 780 8
765 786 77
765 795 35
765 809 80
765 826 87
765 828 56
765 831 46
765 844 33
765 845 97
765 869 30
765 884 9
765 894 64
765 899 21
765 901 18
765 914 3
765 931 12
765 941 48
765 948 60
765 950 4
765 969 26
765 974 84
765 975 51
765 989 7
765 993 68
765 999 99
766 768 66
766 769 96
766 771 14
766 787 82
766 790 26
766 794 92
766 802 42
766 805 20
766 819 89
766 820 47
766 825 93
766 843 98
766 848 49
766 851 18
766 852 32
766 856 62
766 858 22
766 864 25
766 866 98
766 881 22
766 888 40
766 911 83
766 913 58
766 934 78
766 953 95
766 964 10
766 978 77
766 980 11
766 984 21
766 986 91
766 992 95
767 778 60
767 780 51
767 786 34
767 795 24
767 806 1
767 809 50
767 826 59
767 828 58
767 831 57
767 844 7
767 845 91
767 869 55
767 884 13
767 894 13
767 899 89
767 901 53
767 914 20
767 931 65
767 946 18
767 948 12
767 950 53
767 969 63
767 974 72
767 975 58
767 989 58
767 990 5
767 993 88
767 999 58
768 769 98
768 787 19
768 790 73
768 802 26
768 805 85
768 819 11
768 820 81
768 822 42
768 825 62
768 836 34
768 843 38
768 852 23
768 856 71
768 858 74
768 864 67
768 866 14
768 871 34
768 881 56
768 888 3
768 889 91
768 896 89
768 904 31
768 908 19
768 911 4
768 913 8
768 927 81
768 934 24
768 953 36
768 972 51
768 980 79
768 984 69
768 992 78
769 771 86
769 787 53
769 790 24
769 794 7
769 802 83
769 805 54
769 819 87
769 820 35
769 825 68
769 836 31
769 843 4
769 848 43
769 851 94
769 852 61
769 856 57
769 858 44
769 864 20
769 866 46
769 881 68
769 888 7
769 911 31
769 913 61
769 934 56
769 953 41
769 964 40
769 978 71
769 980 40
769 984 12
769 986 74
769 992 55
770 774 36
770 791 75
770 796 96
770 797 42
770 811 47
770 814 41
770 823 79
770 830 100
770 854 42
770 860 63
770 862 47
770 863 96
770 870 26
770 875 74
770 877 19
770 879 49
770 900 3
770 915 88
770 916 57
770 920 1
770 922 69
770 923 68
770 929 21
770 930 79
770 943 46
770 944 72
770 947 51
770 957 56
770 959 65
770 966 67
770 995 14
770 997 21
771 790 75
771 802 49
771 848 65
771 851 43
771 856 36
771 881 84
771 964 59
771 969 81
771 978 12
771 980 80
771 986 24
772 784 94
772 785 9
772 792 4
772 821 84
772 837 33
772 839 89
772 841 27
772 857 28
772 861 20
772 867 17
772 874 2
772 887 94
772 897 44
772 933 32
772 935 11
772 936 44
772 937 16
772 970 55
772 976 25
772 998 14
773 783 69
773 796 30
773 798 5
773 800 60
773 814 23
773 816 92
773 823 11
773 829 71
773 830 24
773 834 99
773 838 63
773 840 32
773 847 31
773 863 71
773 873 72
773 878 35
773 880 55
773 885 77
773 912 70
773 918 84
773 929 77
773 954 64
773 956 28
773 958 10
773 960 24
773 966 46
773 985 60
774 784 52
774 791 37
774 797 47
774 799 68
774 810 37
774 811 73
774 841 41
774 846 28
774 854 33
774 859 49
774 860 79
774 861 53
774 862 24
774 877 75
774 879 51
774 882 26
774 900 22
774 910 5
774 915 99
774 916 97
774 920 1
774 926 60
774 928 100
774 930 2
774 942 45
774 944 1
774 947 56
774 959 92
774 976 81
774 995 29
775 776 24
775 790 51
775 794 61
775 817 14
775 820 48
775 853 32
775 883 61
775 888 47
775 890 86
775 891 85
775 893 40
775 896 70
775 913 49
775 955 21
775 979 38
776 790 85
776 794 67
776 817 55
776 819 61
776 820 99
776 822 78
776 825 52
776 843 59
776 853 94
776 864 14
776 866 34
776 871 98
776 883 77
776 888 81
776 889 54
776 890 34
776 891 50
776 893 95
776 896 73
776 908 50
776 913 99
776 927 73
776 938 89
776 953 69
776 955 58
776 979 59
776 992 92
776 994 18
777 781 25
777 801 73
777 815 26
777 827 61
777 842 64
777 868 6
777 872 51
777 902 19
777 905 39
777 906 54
777 907 62
777 918 1
777 939 97
777 940 75
777 949 45
777 951 6
777 957 21
777 963 93
777 977 43
777 996 55
778 779 32
778 780 66
778 786 33
778 809 38
778 828 88
778 844 38
778 845 56
778 884 17
778 894 59
778 931 64
778 941 5
778 948 57
778 950 34
778 974 62
778 975 48
778 989 49
779 780 35
779 782 76
779 786 80
779 809 77
779 844 77
779 845 31
779 865 65
779 884 90
779 894 19
779 895 2
779 931 71
779 941 37
779 961 51
779 962 87
779 967 64
779 974 46
779 975 65
779 991 70
780 782 90
780 786 84
780 809 64
780 826 24
780 844 13
780 845 67
780 865 99
780 884 47
780 894 50
780 895 44
780 919 66
780 931 20
780 941 69
780 948 48
780 950 7
780 961 68
780 962 15
780 967 9
780 974 48
780 975 68
780 991 82
780 999 66
781 789 91
781 801 21
781 804 64
781 815 72
781 827 92
781 872 77
781 898 71
781 902 65
781 905 36
781 906 92
781 907 77
781 909 42
781 932 72
781 939 87
781 940 4
781 949 65
781 951 70
781 963 24
781 965 24
781 977 3
781 988 95
781 996 15
782 786 48
782 809 8
782 812 86
782 826 21
782 865 52
782 884 5
782 894 29
782 895 54
782 919 28
782 931 81
782 941 50
782 946 95
782 950 32
782 961 16
782 962 70
782 967 40
782 971 51
782 974 49
782 975 7
782 991 83
782 999 73
783 793 2
783 798 2
783 800 14
783 801 26
783 807 9
783 816 44
783 823 79
783 829 49
783 830 32
783 834 28
783 838 23
783 840 41
783 847 91
783 855 26
783 873 46
783 878 18
783 880 36
783 885 97
783 912 63
783 918 82
783 921 57
783 929 42
783 932 72
783 954 82
783 956 74
783 958 44
783 960 21
783 966 16
783 973 40
783 985 29
783 996 50
784 785 19
784 791 92
784 792 31
784 797 39
784 799 19
784 841 1
784 846 52
784 854 97
784 857 67
784 859 43
784 860 58
784 861 84
784 882 95
784 887 70
784 897 6
784 900 32
784 926 31
784 928 55
784 942 95
784 976 85
784 995 42
785 792 41
785 799 83
785 821 36
785 837 19
785 839 35
785 841 74
785 854 26
785 857 63
785 861 44
785 867 54
785 874 70
785 876 11
785 882 36
785 887 49
785 897 22
785 926 52
785 933 7
785 935 40
785 936 21
785 937 15
785 976 24
785 998 64
786 795 45
786 809 59
786 826 67
786 828 77
786 844 22
786 845 31
786 884 9
786 894 13
786 895 68
786 919 38
786 931 61
786 941 4
786 946 92
786 948 40
786 950 45
786 961 41
786 962 67
786 967 95
786 974 37
786 975 68
786 989 96
786 999 90
787 805 74
787 807 25
787 819 23
787 820 39
787 825 13
787 836 56
787 850 49
787 851 70
787 852 59
787 858 16
787 864 2
787 866 30
787 871 51
787 881 98
787 892 90
787 904 78
787 908 61
787 911 99
787 934 75
787 952 1
787 953 33
787 972 33
787 980 55
787 984 1
787 992 97
788 793 98
788 805 70
788 807 12
788 808 50
788 813 81
788 818 67
788 849 30
788 850 43
788 855 10
788 871 35
788 889 24
788 904 88
788 908 78
788 921 97
788 945 84
788 954 37
788 972 35
789 898 75
789 907 90
789 909 60
789 924 20
789 939 94
789 940 94
789 949 63
789 965 9
789 977 86
789 988 53
790 794 16
790 802 37
790 817 90
790 819 78
790 820 70
790 825 21
790 843 14
790 848 67
790 852 88
790 856 96
790 858 50
790 864 56
790 881 81
790 888 37
790 891 33
790 896 88
790 913 5
790 953 73
790 955 97
790 964 15
790 978 97
790 980 19
790 992 71
791 796 31
791 797 11
791 798 74
791 799 20
791 811 1
791 823 75
791 841 69
791 854 7
791 860 73
791 862 83
791 870 36
791 875 27
791 877 92
791 879 48
791 882 56
791 900 73
791 910 18
791 915 7
791 916 67
791 920 54
791 923 36
791 926 68
791 930 3
791 944 54
791 947 40
791 959 5
791 966 39
791 976 52
791 995 23
792 821 26
792 837 91
792 839 57
792 841 31
792 857 36
792 861 84
792 867 68
792 874 1
792 876 85
792 887 47
792 897 33
792 926 11
792 933 8
792 935 25
792 936 18
792 937 62
792 970 19
792 976 3
792 998 3
793 805 94
793 807 15
793 816 35
793 850 24
793 855 42
793 873 58
793 904 96
793 911 77
793 921 81
793 954 21
793 972 59
793 973 31
793 982 74
793 984 16
794 802 53
794 817 82
794 820 79
794 825 74
794 843 5
794 848 35
794 856 27
794 881 84
794 883 74
794 888 95
794 890 31
794 891 92
794 893 56
794 896 42
794 913 31
794 955 32
794 964 62
794 979 63
794 992 52
795 803 23
795 806 94
795 812 92
795 824 47
795 826 75
795 831 24
795 833 89
795 869 5
795 884 89
795 914 89
795 919 14
795 931 9
795 946 89
795 950 13
795 962 25
795 967 87
795 970 50
795 975 51
795 983 26
795 990 12
795 999 18
796 798 100
796 799 9
796 800 26
796 814 4
796 823 90
796 829 78
796 834 17
796 847 53
796 854 64
796 860 35
796 876 2
796 877 96
796 878 19
796 879 57
796 880 93
796 885 83
796 900 16
796 912 95
796 915 99
796 916 9
796 929 48
796 930 26
796 947 96
796 956 84
796 958 12
796 966 32
796 968 80
796 976 15
796 985 80
796 995 100
797 799 73
797 810 90
797 811 56
797 841 60
797 846 8
797 854 57
797 859 53
797 860 85
797 861 37
797 877 87
797 879 7
797 882 71
797 900 20
797 903 95
797 910 42
797 916 73
797 920 8
797 926 10
797 928 24
797 930 52
797 942 58
797 944 33
797 947 47
797 959 90
797 976 19
797 995 43
798 800 7
798 814 85
798 816 71
798 823 65
798 829 15
798 830 67
798 834 53
798 838 54
798 847 59
798 860 53
798 873 75
798 876 24
798 877 60
798 878 28
798 879 47
798 880 55
798 885 98
798 900 14
798 912 88
798 916 24
798 929 62
798 930 73
798 947 51
798 956 48
798 958 49
798 966 56
798 968 48
798 985 48
799 821 86
799 841 100
799 854 80
799 857 17
799 860 73
799 861 97
799 876 84
799 877 25
799 879 43
799 882 63
799 900 32
799 916 19
799 926 10
799 930 21
799 947 94
799 976 11
799 995 65
800 801 73
800 814 96
800 816 6
800 823 66
800 829 13
800 830 22
800 834 53
800 838 4
800 840 35
800 847 19
800 863 96
800 873 60
800 878 85
800 880 54
800 885 23
800 912 73
800 918 53
800 929 93
800 932 44
800 954 4
800 956 45
800 957 9
800 958 12
800 960 49
800 966 15
800 985 26
800 996 35
801 804 77
801 813 66
801 815 99
801 827 24
801 830 64
801 838 70
801 840 13
801 842 68
801 847 10
801 855 93
801 863 63
801 868 2
801 902 91
801 905 41
801 906 21
801 907 27
801 918 44
801 921 4
801 932 82
801 951 86
801 954 38
801 957 66
801 960 91
801 963 22
801 985 55
801 996 86
802 820 89
802 848 19
802 851 58
802 852 94
802 856 52
802 858 32
802 881 9
802 888 65
802 913 20
802 964 98
802 978 65
802 980 89
802 986 9
802 992 64
803 806 94
803 812 78
803 821 97
803 824 97
803 826 98
803 831 29
803 833 94
803 834 34
803 869 43
803 876 21
803 892 14
803 917 3
803 946 94
803 952 7
803 958 94
803 968 79
803 973 28
803 982 23
803 983 2
803 990 36
803 999 8
804 813 43
804 840 3
804 855 87
804 872 19
804 898 74
804 902 21
804 905 71
804 906 29
804 907 45
804 909 23
804 921 2
804 924 63
804 925 54
804 932 14
804 939 1
804 940 99
804 949 75
804 951 24
804 960 69
804 963 100
804 965 26
804 977 84
804 981 94
804 988 55
804 996 43
805 807 72
805 819 88
805 820 78
805 825 90
805 836 37
805 843 51
805 850 81
805 852 15
805 858 78
805 864 55
805 866 62
805 871 25
805 889 91
805 904 55
805 908 62
805 911 5
805 927 85
805 934 31
805 953 7
805 972 67
805 984 15
805 992 89
806 812 43
806 824 14
806 826 94
806 831 62
806 833 94
806 869 97
806 884 31
806 892 88
806 914 52
806 917 3
806 919 99
806 946 97
806 950 97
806 968 57
806 970 44
806 975 24
806 983 93
806 990 13
806 999 96
807 816 91
807 834 57
807 836 49
807 850 57
807 873 69
807 904 51
807 911 70
807 917 95
807 934 87
807 954 96
807 958 15
807 972 15
807 973 13
807 982 11
807 984 89
808 813 72
808 818 29
808 832 30
808 835 18
808 849 97
808 904 39
808 921 87
808 925 22
808 945 27
808 981 37
808 987 24
808 994 94
809 828 68
809 844 84
809 845 89
809 865 79
809 884 64
809 894 10
809 895 33
809 931 68
809 941 77
809 948 87
809 950 65
809 962 52
809 974 81
809 975 48
809 989 97
809 991 2
810 811 63
810 859 27
810 870 32
810 886 16
810 903 96
810 910 42
810 920 28
810 923 20
810 928 10
810 943 88
810 944 23
810 959 89
811 859 7
811 862 41
811 870 72
811 875 6
811 877 8
811 879 82
811 882 6
811 900 88
811 903 22
811 910 61
811 915 69
811 916 44
811 920 29
811 922 55
811 923 24
811 928 53
811 943 94
811 944 92
811 947 98
811 959 29
811 995 74
812 826 63
812 831 72
812 833 64
812 837 92
812 839 28
812 867 15
812 874 38
812 884 38
812 887 36
812 895 71
812 919 3
812 933 92
812 936 49
812 937 66
812 946 94
812 961 86
812 962 100
812 967 93
812 970 32
812 971 54
812 975 13
812 983 48
812 990 55
812 998 86
812 999 91
813 832 1
813 855 38
813 907 46
813 909 72
813 921 74
813 924 3
813 925 40
813 932 80
813 951 98
813 954 26
813 960 53
813 965 32
813 981 51
813 987 42
813 996 3
814 823 95
814 829 27
814 830 15
814 838 62
814 840 60
814 842 93
814 847 62
814 862 8
814 863 76
814 868 65
814 870 100
814 875 70
814 877 7
814 878 88
814 879 26
814 880 23
814 906 2
814 912 85
814 915 84
814 916 54
814 918 60
814 922 41
814 929 41
814 930 6
814 943 48
814 947 65
814 957 43
814 963 60
814 966 26
814 985 45
814 997 74
815 827 23
815 842 99
815 863 36
815 868 86
815 872 14
815 902 9
815 905 40
815 906 71
815 907 60
815 918 29
815 939 57
815 940 49
815 949 53
815 951 38
815 957 35
815 963 28
815 977 69
815 996 45
816 823 55
816 829 86
816 830 2
816 834 44
816 838 32
816 840 85
816 847 14
816 855 89
816 873 23
816 878 7
816 880 83
816 885 52
816 912 28
816 918 62
816 921 7
816 929 69
816 954 10
816 956 48
816 958 29
816 960 26
816 966 65
816 973 52
816 982 53
816 985 73
817 820 9
817 825 11
817 843 1
817 853 12
817 883 72
817 888 8
817 890 47
817 891 78
817 893 49
817 896 14
817 913 77
817 955 22
817 979 70
817 992 29
818 832 59
818 835 26
818 849 51
818 925 97
818 945 24
818 981 58
818 987 24
818 994 70
819 820 76
819 822 62
819 825 21
819 843 87
819 852 7
819 858 79
819 864 86
819 866 63
819 871 91
819 888 87
819 889 59
819 891 47
819 896 78
819 904 62
819 908 85
819 911 23
819 913 6
819 927 65
819 934 68
819 938 79
819 953 70
819 955 11
819 972 32
819 984 66
819 992 62
819 994 58
820 822 53
820 825 35
820 843 47
820 852 24
820 856 55
820 858 62
820 864 34
820 866 14
820 871 56
820 881 34
820 883 11
820 888 66
820 889 3
820 890 41
820 891 8
820 896 18
820 908 93
820 911 3
820 913 88
820 927 9
820 934 39
820 953 60
820 955 5
820 964 70
820 978 70
820 980 72
820 984 6
820 992 75
821 824 16
821 833 29
821 837 56
821 839 10
821 841 37
821 867 88
821 874 26
821 876 15
821 887 26
821 897 63
821 933 75
821 936 37
821 937 23
821 968 60
821 970 71
821 976 29
821 998 44
822 825 34
822 835 9
822 843 13
822 849 22
822 853 40
822 864 35
822 866 93
822 871 43
822 883 48
822 888 45
822 889 41
822 890 40
822 891 22
822 896 17
822 908 19
822 927 17
822 938 23
822 953 85
822 955 95
822 972 7
822 994 58
823 829 82
823 830 28
823 834 72
823 838 88
823 847 15
823 860 9
823 863 63
823 873 7
823 876 44
823 877 38
823 878 45
823 879 77
823 880 96
823 885 3
823 900 47
823 912 16
823 915 88
823 916 65
823 929 42
823 930 73
823 947 73
823 956 70
823 958 77
823 966 35
823 985 18
824 831 19
824 833 22
824 834 74
824 869 82
824 876 53
824 892 44
824 917 9
824 952 16
824 958 43
824 968 1
824 973 40
824 982 45
824 990 1
825 843 77
825 852 60
825 853 30
825 856 43
825 858 9
825 864 8
825 866 68
825 871 36
825 881 2
825 883 10
825 888 58
825 889 6
825 890 18
825 891 63
825 896 52
825 908 90
825 911 52
825 913 41
825 927 56
825 938 6
825 953 79
825 955 71
825 972 95
825 984 99
825 992 23
825 994 89
826 831 74
826 833 59
826 844 82
826 845 9
826 869 20
826 884 40
826 894 100
826 895 48
826 919 81
826 931 10
826 941 95
826 946 18
826 948 4
826 950 21
826 961 65
826 962 95
826 967 5
826 970 93
826 975 12
826 983 58
826 989 36
826 990 41
826 999 3
827 840 40
827 842 33
827 863 27
827 868 73
827 872 91
827 902 95
827 905 46
827 906 72
827 907 45
827 918 16
827 939 99
827 940 80
827 949 84
827 951 90
827 957 33
827 963 34
827 977 71
827 996 36
828 844 4
828 845 17
828 884 76
828 899 97
828 931 52
828 948 90
828 950 18
828 969 81
828 974 4
828 989 11
829 830 52
829 834 82
829 838 71
829 840 46
829 847 71
829 860 30
829 863 89
829 873 70
829 877 35
829 878 8
829 880 67
829 885 28
829 912 90
829 918 81
829 929 92
829 930 38
829 947 46
829 954 8
829 956 63
829 957 78
829 958 12
829 966 32
829 985 64
830 838 40
830 840 25
830 842 81
830 847 69
830 862 34
830 863 62
830 868 4
830 873 2
830 877 5
830 878 23
830 880 71
830 885 46
830 906 86
830 912 61
830 915 93
830 918 87
830 922 53
830 929 10
830 932 21
830 951 83
830 957 100
830 960 73
830 963 82
830 966 36
830 985 36
830 996 84
830 997 50
831 833 45
831 869 39
831 884 58
831 892 46
831 914 80
831 917 12
831 919 3
831 931 96
831 946 71
831 950 59
831 952 63
831 968 62
831 970 42
831 975 17
831 983 71
831 990 96
831 999 15
832 909 89
832 924 41
832 925 82
832 945 67
832 965 89
832 981 72
832 987 100
833 839 32
833 867 32
833 869 36
833 876 10
833 884 9
833 917 11
833 919 72
833 936 65
833 937 40
833 946 32
833 968 69
833 970 4
833 975 88
833 983 3
833 990 71
833 998 13
833 999 44
834 847 58
834 873 6
834 876 84
834 878 24
834 880 10
834 885 50
834 912 71
834 917 30
834 929 1
834 956 51
834 958 44
834 966 9
834 968 73
834 973 77
834 982 8
834 985 56
835 849 18
835 866 66
835 871 32
835 889 9
835 908 56
835 927 39
835 938 78
835 945 5
835 987 65
835 994 2
836 851 58
836 852 77
836 858 26
836 869 97
836 892 33
836 899 62
836 901 93
836 911 92
836 914 48
836 917 46
836 934 62
836 952 96
836 973 3
836 980 13
836 982 92
836 984 90
836 993 71
837 839 89
837 857 38
837 867 6
837 874 92
837 887 87
837 897 38
837 919 61
837 933 62
837 935 29
837 936 29
837 937 66
837 946 100
837 970 58
837 971 27
837 976 61
837 983 34
837 998 47
838 840 26
838 847 61
838 855 76
838 863 40
838 873 88
838 878 22
838 880 7
838 885 38
838 906 19
838 912 61
838 918 18
838 921 22
838 929 12
838 932 58
838 951 55
838 954 86
838 956 63
838 957 19
838 960 24
838 963 65
838 966 97
838 985 70
838 996 99
839 841 61
839 867 82
839 874 12
839 876 7
839 887 40
839 897 86
839 933 43
839 935 9
839 936 85
839 937 91
839 946 83
839 968 27
839 970 61
839 976 72
839 983 58
839 998 45
840 842 91
840 847 94
840 855 29
840 863 100
840 868 100
840 873 97
840 878 91
840 880 62
840 902 88
840 906 12
840 907 57
840 912 49
840 918 25
840 921 85
840 929 65
840 932 6
840 951 18
840 954 12
840 957 13
840 960 34
840 963 67
840 985 1
840 996 42
841 854 76
841 857 69
841 860 44
841 861 8
841 867 72
841 874 57
841 876 15
841 882 35
841 887 45
841 897 49
841 900 7
841 926 92
841 930 92
841 933 82
841 935 87
841 936 39
841 942 80
841 976 12
841 995 29
842 863 98
842 868 73
842 872 69
842 902 5
842 905 9
842 906 86
842 918 32
842 922 13
842 951 34
842 957 35
842 963 28
842 996 36
842 997 83
843 853 86
843 858 79
843 864 57
843 866 28
843 871 42
843 883 50
843 888 30
843 889 29
843 890 56
843 891 28
843 896 19
843 908 44
843 913 67
843 927 36
843 938 66
843 953 73
843 955 36
843 972 74
843 979 24
843 992 31
843 994 34
844 845 58
844 884 93
844 894 11
844 899 58
844 931 78
844 941 78
844 948 16
844 950 35
844 969 74
844 974 4
844 975 90
844 989 84
845 884 70
845 894 48
845 899 6
845 931 97
845 941 19
845 948 14
845 950 74
845 969 21
845 974 4
845 975 97
845 989 4
846 854 66
846 857 96
846 859 87
846 861 28
846 882 93
846 886 15
846 903 72
846 910 13
846 926 11
846 928 5
846 942 32
846 995 80
847 855 42
847 863 58
847 873 79
847 878 11
847 880 59
847 885 14
847 912 21
847 918 27
847 921 22
847 929 55
847 932 74
847 954 37
847 956 88
847 957 86
847 958 80
847 960 44
847 966 64
847 985 20
847 996 27
848 851 76
848 856 70
848 881 78
848 913 91
848 964 23
848 969 2
848 978 19
848 980 52
848 986 45
849 866 17
849 871 28
849 889 53
849 904 49
849 908 9
849 927 70
849 938 71
849 945 76
849 972 75
849 987 4
849 994 82
850 855 42
850 871 71
850 889 37
850 904 94
850 908 23
850 911 98
850 921 96
850 954 57
850 972 99
850 984 47
851 852 68
851 856 98
851 881 8
851 892 46
851 899 24
851 901 81
851 914 83
851 934 51
851 952 100
851 964 3
851 969 76
851 978 95
851 980 88
851 986 92
851 993 60
852 856 46
852 858 46
852 864 42
852 881 10
852 892 21
852 901 62
852 911 43
852 914 87
852 934 80
852 952 90
852 953 89
852 964 22
852 978 27
852 980 9
852 984 75
852 986 29
852 992 92
852 993 50
853 883 5
853 888 95
853 890 33
853 891 76
853 893 60
853 896 72
853 927 46
853 955 97
853 979 60
854 857 54
854 859 90
854 860 40
854 861 83
854 877 86
854 879 10
854 882 23
854 900 39
854 910 85
854 916 92
854 926 37
854 928 14
854 930 94
854 942 36
854 944 88
854 947 84
854 959 96
854 976 97
854 995 75
855 873 43
855 921 33
855 925 1
855 932 77
855 951 28
855 954 93
855 960 61
855 981 21
855 996 11
856 858 46
856 881 70
856 888 87
856 913 97
856 964 31
856 978 68
856 980 75
856 986 90
856 992 44
857 861 62
857 874 87
857 882 62
857 887 62
857 897 30
857 926 90
857 933 10
857 935 91
857 942 39
857 976 94
858 864 91
858 866 87
858 871 7
858 881 7
858 888 89
858 889 34
858 908 15
858 911 15
858 913 52
858 927 15
858 934 72
858 953 56
858 964 1
858 972 84
858 978 46
858 980 77
858 984 84
858 992 21
859 861 32
859 882 80
859 886 18
859 903 10
859 910 58
859 920 30
859 926 46
859 928 59
859 942 96
859 944 36
859 959 52
859 995 83
860 862 80
860 876 22
860 877 44
860 879 85
860 882 34
860 900 7
860 912 29
860 915 9
860 916 15
860 926 56
860 929 63
860 930 50
860 944 72
860 947 9
860 956 32
860 966 31
860 976 71
860 995 10
861 882 7
861 887 92
861 897 92
861 926 33
861 928 78
861 942 48
861 976 5
861 995 63
862 863 78
862 868 18
862 870 58
862 875 4
862 877 18
862 879 8
862 900 90
862 915 78
862 916 70
862 920 24
862 922 9
862 923 50
862 929 3
862 930 35
862 943 53
862 944 60
862 947 1
862 957 79
862 959 8
862 997 65
863 868 1
863 870 37
863 875 90
863 877 27
863 880 39
863 906 87
863 912 3
863 915 86
863 918 45
863 922 28
863 929 30
863 947 28
863 957 99
863 963 40
863 966 44
863 985 32
863 996 48
863 997 2
864 866 56
864 871 82
864 888 9
864 889 77
864 891 10
864 896 69
864 904 27
864 908 70
864 911 6
864 913 32
864 927 89
864 934 54
864 938 21
864 953 91
864 955 79
864 972 58
864 984 92
864 992 35
864 994 84
865 894 76
865 895 48
865 941 34
865 961 37
865 962 92
865 974 24
865 991 27
866 871 29
866 888 70
866 889 72
866 891 65
866 896 59
866 904 43
866 908 20
866 911 76
866 927 61
866 938 97
866 953 8
866 955 14
866 972 57
866 984 78
866 992 99
866 994 65
867 874 6
867 876 99
867 887 26
867 897 92
867 919 61
867 933 63
867 935 17
867 936 46
867 937 67
867 946 97
867 968 32
867 970 34
867 971 11
867 976 65
867 983 83
867 998 18
868 875 18
868 902 60
868 905 1
868 906 80
868 915 69
868 918 18
868 922 43
868 929 70
868 951 35
868 957 30
868 963 14
868 985 88
868 996 51
868 997 59
869 884 38
869 892 85
869 899 42
869 901 95
869 914 11
869 917 38
869 950 31
869 952 66
869 969 75
869 975 4
869 990 44
869 993 36
869 999 87
870 875 85
870 877 80
870 879 82
870 900 25
870 910 29
870 915 61
870 916 99
870 920 15
870 922 31
870 923 46
870 930 40
870 943 7
870 944 41
870 947 86
870 957 80
870 959 59
870 997 79
871 888 84
871 889 34
871 891 35
871 896 46
871 904 66
871 908 96
871 911 26
871 927 66
871 938 77
871 953 64
871 955 61
871 972 47
871 984 38
871 992 57
871 994 68
872 902 97
872 905 56
872 906 42
872 907 62
872 939 13
872 940 29
872 949 13
872 951 27
872 963 65
872 977 76
872 988 91
873 878 17
873 880 56
873 885 3
873 912 51
873 921 17
873 929 7
873 932 86
873 954 89
873 956 8
873 958 46
873 960 75
873 966 69
873 973 85
873 985 92
873 996 23
874 887 6
874 897 59
874 933 78
874 935 13
874 936 3
874 937 7
874 970 82
874 971 55
874 976 6
874 983 24
874 998 41
875 877 46
875 879 53
875 900 62
875 915 61
875 916 26
875 920 20
875 922 18
875 923 18
875 930 51
875 943 19
875 944 53
875 947 30
875 957 42
875 959 96
875 997 10
876 887 88
876 930 92
876 936 32
876 956 100
876 958 15
876 966 49
876 968 17
876 976 60
877 879 96
877 882 88
877 900 1
877 912 51
877 915 36
877 916 72
877 922 45
877 923 14
877 929 92
877 930 89
877 943 61
877 944 100
877 947 2
877 959 71
877 966 76
877 985 33
877 995 57
877 997 51
878 880 7
878 885 88
878 912 85
878 929 64
878 954 37
878 956 68
878 958 23
878 960 88
878 966 74
878 973 78
878 982 61
878 985 15
879 882 82
879 900 81
879 912 94
879 915 12
879 916 95
879 920 69
879 922 18
879 929 47
879 930 43
879 944 41
879 947 5
879 959 14
879 966 2
879 995 33
880 885 23
880 912 18
880 918 28
880 929 1
880 954 16
880 956 96
880 958 46
880 960 69
880 966 81
880 985 26
881 888 50
881 913 44
881 934 38
881 964 19
881 978 60
881 980 42
881 986 74
881 992 69
882 900 94
882 910 57
882 916 41
882 926 42
882 928 10
882 930 74
882 942 50
882 944 22
882 947 100
882 959 88
882 976 43
882 995 11
883 888 92
883 890 37
883 891 96
883 893 73
883 896 13
883 913 76
883 927 71
883 955 84
883 979 54
884 894 9
884 895 14
884 919 11
884 931 90
884 941 38
884 946 61
884 948 42
884 950 17
884 961 65
884 962 41
884 967 93
884 974 49
884 975 78
884 983 2
884 989 39
884 990 92
884 999 50
885 912 67
885 929 97
885 954 92
885 956 58
885 958 21
885 966 36
885 968 23
885 973 28
885 982 18
885 985 19
886 903 28
886 910 48
886 926 56
886 928 12
886 942 40
887 897 45
887 933 82
887 935 63
887 936 98
887 937 86
887 970 13
887 976 23
887 983 73
887 998 66
888 889 61
888 890 99
888 891 69
888 896 77
888 908 18
888 913 53
888 927 50
888 953 21
888 955 65
888 979 36
888 980 61
888 992 30
889 896 82
889 904 33
889 908 43
889 911 48
889 927 26
889 938 21
889 953 7
889 955 82
889 972 28
889 984 40
889 994 43
890 891 17
890 893 11
890 896 23
890 913 14
890 927 21
890 955 22
890 979 84
891 893 46
891 896 4
891 913 99
891 927 52
891 953 77
891 955 18
891 979 74
891 992 97
892 899 41
892 901 34
892 914 93
892 917 65
892 934 77
892 952 66
892 969 25
892 973 9
892 982 53
892 990 31
892 993 32
893 896 31
893 955 95
893 979 63
894 895 26
894 931 90
894 941 71
894 948 40
894 950 37
894 961 52
894 962 69
894 967 58
894 974 9
894 975 19
894 991 86
894 999 6
895 919 74
895 931 35
895 941 58
895 946 43
895 961 59
895 962 88
895 967 39
895 971 84
895 974 85
895 975 52
895 983 78
895 991 35
895 999 44
896 908 8
896 913 99
896 927 19
896 938 51
896 953 80
896 955 69
896 979 38
896 992 90
896 994 76
897 933 1
897 935 31
897 936 91
897 937 71
897 970 4
897 976 81
897 998 82
898 907 34
898 909 50
898 924 62
898 925 56
898 939 22
898 965 55
898 981 91
898 988 99
899 901 92
899 914 48
899 931 80
899 948 50
899 950 25
899 952 93
899 969 53
899 978 37
899 986 51
899 989 24
899 993 50
900 912 41
900 915 70
900 916 29
900 926 59
900 930 28
900 944 69
900 947 29
900 959 96
900 966 11
900 976 5
900 995 47
901 914 22
901 934 89
901 950 19
901 952 60
901 969 5
901 978 89
901 980 50
901 986 75
901 989 69
901 993 74
902 905 56
902 906 82
902 907 81
902 918 66
902 932 17
902 939 68
902 940 72
902 949 1
902 951 38
902 963 9
902 977 68
902 988 94
902 996 56
903 910 3
903 920 86
903 923 9
903 928 30
903 944 61
903 959 1
904 908 26
904 911 10
904 927 68
904 953 75
904 972 41
904 984 41
904 994 64
905 906 49
905 907 23
905 918 93
905 939 85
905 940 18
905 949 23
905 951 97
905 957 19
905 963 1
905 977 50
905 996 78
906 907 95
906 918 23
906 932 16
906 940 62
906 949 99
906 951 35
906 957 30
906 960 81
906 963 61
906 977 57
906 985 7
906 996 64
907 909 72
907 924 44
907 925 85
907 932 12
907 939 12
907 940 18
907 949 64
907 951 99
907 960 26
907 963 44
907 965 80
907 977 92
907 988 75
907 996 42
908 911 7
908 927 52
908 938 21
908 953 27
908 955 28
908 972 71
908 984 49
908 992 55
908 994 89
909 924 67
909 925 91
909 932 90
909 951 23
909 965 37
909 981 42
909 988 33
910 920 73
910 923 34
910 928 64
910 942 17
910 944 17
910 959 1
910 995 48
911 927 28
911 934 55
911 953 41
911 972 22
911 984 57
911 992 13
912 916 38
912 918 36
912 929 79
912 930 35
912 947 88
912 954 43
912 956 72
912 958 25
912 966 98
912 985 89
913 953 12
913 955 76
913 964 50
913 978 68
913 979 31
913 980 83
913 992 10
914 917 22
914 934 28
914 950 83
914 952 92
914 969 12
914 978 82
914 986 3
914 989 39
914 990 28
914 993 27
915 916 76
915 918 78
915 920 32
915 922 89
915 923 92
915 929 94
915 930 31
915 943 36
915 944 70
915 947 74
915 957 16
915 959 43
915 997 50
916 920 25
916 922 42
916 923 63
916 929 61
916 930 16
916 944 5
916 947 100
916 959 38
916 966 69
916 995 39
917 952 44
917 958 26
917 968 37
917 973 3
917 982 72
917 990 9
918 922 60
918 929 70
918 932 3
918 951 2
918 957 56
918 960 32
918 963 59
918 985 48
918 996 85
918 997 32
919 933 3
919 937 38
919 941 95
919 946 14
919 961 38
919 962 40
919 967 46
919 970 31
919 971 39
919 975 82
919 983 51
919 990 16
919 998 40
919 999 46
920 922 34
920 923 30
920 928 18
920 943 91
920 944 58
920 959 52
921 925 94
921 932 4
921 951 61
921 954 57
921 960 40
921 981 67
921 996 46
922 923 11
922 943 94
922 944 92
922 947 24
922 957 60
922 959 12
922 997 10
923 943 9
923 944 63
923 959 39
923 997 3
924 925 62
924 932 33
924 951 84
924 965 92
924 981 34
924 988 43
925 932 27
925 965 81
925 981 38
925 987 74
925 988 8
926 928 56
926 942 66
926 976 97
926 995 96
927 938 77
927 953 8
927 955 25
927 972 72
927 984 5
927 992 28
927 994 22
928 942 52
928 944 6
928 959 63
928 995 90
929 930 91
929 947 79
929 954 64
929 956 61
929 957 60
929 966 90
929 985 43
930 944 16
930 947 98
930 956 100
930 966 56
930 976 57
930 995 25
931 941 11
931 948 32
931 950 90
931 969 86
931 974 46
931 975 59
931 989 61
931 999 19
932 951 36
932 954 17
932 960 54
932 963 49
932 965 71
932 981 29
932 996 20
933 935 36
933 936 89
933 937 82
933 946 45
933 970 89
933 971 24
933 976 67
933 983 96
933 998 40
934 952 53
934 953 16
934 978 6
934 980 35
934 984 61
934 992 57
934 993 93
935 936 94
935 937 78
935 970 21
935 971 90
935 976 75
935 998 32
936 937 48
936 946 56
936 968 85
936 970 29
936 976 57
936 983 20
936 998 90
937 946 71
937 967 2
937 970 22
937 971 19
937 983 12
937 998 76
937 999 98
938 945 44
938 953 23
938 972 23
938 994 72
939 940 21
939 949 13
939 951 59
939 963 91
939 977 31
939 988 27
940 949 11
940 951 42
940 963 7
940 977 49
940 988 100
941 948 82
941 950 37
941 961 40
941 962 71
941 967 86
941 974 30
941 975 5
941 991 100
941 999 82
942 995 42
943 944 93
943 957 41
943 959 19
943 997 29
944 947 1
944 959 73
944 995 69
944 997 11
945 981 37
945 987 36
945 994 11
946 961 68
946 962 15
946 967 34
946 970 58
946 971 33
946 975 26
946 983 22
946 990 14
946 998 23
946 999 64
947 956 67
947 959 61
947 966 81
947 995 54
948 950 22
948 969 89
948 974 59
948 975 29
948 989 32
948 999 89
949 951 48
949 963 37
949 977 66
949 988 97
950 969 42
950 974 18
950 975 16
950 989 15
950 990 95
950 993 8
950 999 68
951 960 48
951 963 28
951 965 64
951 977 26
951 996 17
952 969 82
952 973 58
952 980 100
952 982 54
952 990 41
952 993 36
953 955 84
953 972 76
953 984 94
953 992 73
953 994 92
954 960 29
954 985 63
954 996 82
955 979 50
955 992 35
956 958 100
956 966 7
956 968 21
956 973 25
956 982 93
956 985 32
957 963 48
957 985 83
957 996 62
957 997 82
958 966 3
958 968 13
958 973 87
958 982 51
959 995 74
960 963 87
960 985 10
960 996 14
961 962 10
961 967 85
961 970 36
961 971 9
961 974 56
961 975 87
961 983 60
961 999 92
962 967 57
962 970 100
962 971 3
962 974 15
962 975 10
962 983 80
962 999 3
963 977 24
963 985 13
963 996 47
964 969 56
964 978 23
964 980 84
964 986 22
964 992 77
965 981 31
965 988 5
966 985 11
967 970 85
967 971 60
967 974 76
967 975 60
967 983 3
967 998 27
967 999 9
968 973 9
968 976 85
968 982 34
968 990 97
969 978 75
969 980 74
969 986 25
969 989 84
969 993 5
970 971 16
970 983 40
970 990 10
970 998 62
970 999 34
971 983 41
971 998 34
971 999 35
972 984 91
972 994 81
973 982 73
974 975 68
974 989 71
974 991 75
975 983 5
975 989 69
975 990 11
975 999 66
976 995 11
977 988 68
978 980 19
978 986 2
978 992 58
978 993 4
980 984 89
980 986 87
980 992 53
980 993 7
981 987 18
983 990 64
983 998 29
983 999 99
984 992 92
985 996 96
986 993 20
989 993 14
990 999 60
998 999 65
