1000 53180
0 5 52
0 21 12
0 24 62
0 39 97
0 51 53
0 64 31
0 77 62
0 83 29
0 87 18
0 100 91
0 104 19
0 114 19
0 144 60
0 147 1
0 163 8
0 185 35
0 186 18
0 196 66
0 205 27
0 234 8
0 235 76
0 237 9
0 240 56
0 251 13
0 256 5
0 269 96
0 300 68
0 321 90
0 323 29
0 328 99
0 336 88
0 413 82
0 416 7
0 421 38
0 432 82
0 441 15
0 442 78
0 450 12
0 451 55
0 463 99
0 477 7
0 500 29
0 517 16
0 539 48
0 574 45
0 578 31
0 579 63
0 595 33
0 598 29
0 601 39
0 602 66
0 675 17
0 743 26
0 751 44
0 753 48
0 790 84
0 796 86
0 803 71
0 825 72
0 842 19
0 864 91
0 878 75
0 885 50
0 911 4
0 915 9
0 917 30
0 926 33
0 987 26
1 14 19
1 22 38
1 33 29
1 58 28
1 84 34
1 86 32
1 133 33
1 150 55
1 159 77
1 181 43
1 184 38
1 229 43
1 250 30
1 253 10
1 278 92
1 303 40
1 306 55
1 312 72
1 326 14
1 364 90
1 404 28
1 410 33
1 429 11
1 458 20
1 459 52
1 461 1
1 479 87
1 487 8
1 492 59
1 505 78
1 508 25
1 529 98
1 545 7
1 547 48
1 580 51
1 637 20
1 639 13
1 650 64
1 661 20
1 671 66
1 689 27
1 694 91
1 728 59
1 737 15
1 767 14
1 769 74
1 774 67
1 776 14
1 780 95
1 797 7
1 801 74
1 834 53
1 852 81
1 855 49
1 858 42
1 896 57
1 910 71
1 920 61
1 942 92
1 955 18
1 968 10
1 974 54
1 988 2
1 989 82
1 994 8
1 997 14
1 999 98
2 8 35
2 17 1
2 19 11
2 40 45
2 41 63
2 48 80
2 55 71
2 66 76
2 81 18
2 97 6
2 98 56
2 99 96
2 118 20
2 132 66
2 137 18
2 138 44
2 157 43
2 161 4
2 166 93
2 173 81
2 177 58
2 190 22
2 191 36
2 197 89
2 199 64
2 208 20
2 215 30
2 219 1
2 224 32
2 227 64
2 228 77
2 239 25
2 260 47
2 263 97
2 265 52
2 282 80
2 292 57
2 298 35
2 301 27
2 302 95
2 304 32
2 308 83
2 315 20
2 348 9
2 353 23
2 382 82
2 383 29
2 397 17
2 399 6
2 409 61
2 438 54
2 454 94
2 456 6
2 484 81
2 513 95
2 515 57
2 516 11
2 524 87
2 535 21
2 546 51
2 548 22
2 556 89
2 564 32
2 572 7
2 581 68
2 582 28
2 585 29
2 597 50
2 599 22
2 604 66
2 607 38
2 618 74
2 620 78
2 627 4
2 628 22
2 631 93
2 640 27
2 651 63
2 652 37
2 658 55
2 670 50
2 673 84
2 679 61
2 683 39
2 690 27
2 695 45
2 700 52
2 712 14
2 721 59
2 736 91
2 754 82
2 784 6
2 800 93
2 805 32
2 808 77
2 809 55
2 814 27
2 818 96
2 819 20
2 830 12
2 847 94
2 851 16
2 853 38
2 854 81
2 869 95
2 881 22
2 895 69
2 902 10
2 913 71
2 924 29
2 931 71
2 938 46
2 965 30
2 971 81
2 981 91
2 985 19
3 10 38
3 23 62
3 44 24
3 56 82
3 60 94
3 65 24
3 69 90
3 101 71
3 117 17
3 119 30
3 122 35
3 128 80
3 148 9
3 152 66
3 153 95
3 158 19
3 168 79
3 193 54
3 200 10
3 203 74
3 210 2
3 211 57
3 214 83
3 218 86
3 225 98
3 226 24
3 241 24
3 247 87
3 252 53
3 276 98
3 281 46
3 309 27
3 325 80
3 327 15
3 338 38
3 352 68
3 360 36
3 371 21
3 386 26
3 388 29
3 389 73
3 390 98
3 401 86
3 423 38
3 433 14
3 437 20
3 482 58
3 511 34
3 523 23
3 527 14
3 533 89
3 537 83
3 540 61
3 542 53
3 544 93
3 555 14
3 557 7
3 560 72
3 561 52
3 570 12
3 614 24
3 616 33
3 617 77
3 634 46
3 638 27
3 649 22
3 656 57
3 660 95
3 664 71
3 666 66
3 676 63
3 680 42
3 684 81
3 685 12
3 688 67
3 702 8
3 707 5
3 710 62
3 722 25
3 725 13
3 729 1
3 735 69
3 747 9
3 750 39
3 759 98
3 761 17
3 766 9
3 786 81
3 788 77
3 793 97
3 799 11
3 811 33
3 816 63
3 821 43
3 827 52
3 836 38
3 841 93
3 843 89
3 861 71
3 866 65
3 874 91
3 875 37
3 890 47
3 904 71
3 905 89
3 912 88
3 922 11
3 927 88
3 932 45
3 935 26
3 936 94
3 956 86
3 960 94
3 966 95
3 972 82
3 978 88
3 980 91
3 998 87
4 32 54
4 42 27
4 43 5
4 59 51
4 82 57
4 89 34
4 96 31
4 115 55
4 136 56
4 146 3
4 162 47
4 202 82
4 206 62
4 230 19
4 280 15
4 305 21
4 313 34
4 316 17
4 339 82
4 340 34
4 368 86
4 381 76
4 445 64
4 460 65
4 481 36
4 485 68
4 518 50
4 526 1
4 551 68
4 569 87
4 576 45
4 591 3
4 593 76
4 596 57
4 608 94
4 609 77
4 611 10
4 615 56
4 645 67
4 655 75
4 659 35
4 674 55
4 677 13
4 678 89
4 692 40
4 705 26
4 714 28
4 718 65
4 719 64
4 742 76
4 756 36
4 760 61
4 783 14
4 802 93
4 806 66
4 820 87
4 845 96
4 865 87
4 870 30
4 941 35
4 946 21
4 947 69
4 948 88
4 950 58
4 953 32
4 991 23
5 21 17
5 39 2
5 44 55
5 51 51
5 56 62
5 64 31
5 65 88
5 76 5
5 77 49
5 87 19
5 100 47
5 104 2
5 117 50
5 119 63
5 126 22
5 144 73
5 147 85
5 163 19
5 168 79
5 185 46
5 186 26
5 200 77
5 205 29
5 212 7
5 231 82
5 234 40
5 235 62
5 240 17
5 241 18
5 251 1
5 256 37
5 273 74
5 286 33
5 300 34
5 321 77
5 323 49
5 327 70
5 328 32
5 336 12
5 371 17
5 372 100
5 389 67
5 416 29
5 418 45
5 423 58
5 430 58
5 432 84
5 442 52
5 446 47
5 450 10
5 451 9
5 462 34
5 468 81
5 470 63
5 477 60
5 482 70
5 494 13
5 500 2
5 507 95
5 517 82
5 533 41
5 537 23
5 539 29
5 552 99
5 554 97
5 574 5
5 578 18
5 590 3
5 594 46
5 598 28
5 601 96
5 602 77
5 616 50
5 619 1
5 649 75
5 664 50
5 688 8
5 707 96
5 720 38
5 743 55
5 753 64
5 766 93
5 782 68
5 790 76
5 803 89
5 815 59
5 821 68
5 825 45
5 832 91
5 842 8
5 856 74
5 866 38
5 875 58
5 885 20
5 892 97
5 904 95
5 911 67
5 912 74
5 915 14
5 917 30
5 978 99
5 998 54
6 8 61
6 11 68
6 13 49
6 25 98
6 27 84
6 28 93
6 36 72
6 49 11
6 70 38
6 73 24
6 78 27
6 90 91
6 94 51
6 106 53
6 112 39
6 113 70
6 116 5
6 123 58
6 137 12
6 140 69
6 155 85
6 156 78
6 164 1
6 167 29
6 172 57
6 174 2
6 176 54
6 178 31
6 179 18
6 180 25
6 187 1
6 188 43
6 197 44
6 216 91
6 267 40
6 270 73
6 271 89
6 275 74
6 287 100
6 297 54
6 302 95
6 311 75
6 314 56
6 317 49
6 320 77
6 341 51
6 347 87
6 350 36
6 357 94
6 358 6
6 363 36
6 366 85
6 374 28
6 394 44
6 398 44
6 399 51
6 407 18
6 411 1
6 417 82
6 426 20
6 431 63
6 439 31
6 448 54
6 457 73
6 486 36
6 495 31
6 501 35
6 510 45
6 516 23
6 525 27
6 534 12
6 535 52
6 553 2
6 563 77
6 565 34
6 566 62
6 568 27
6 577 30
6 584 49
6 588 93
6 603 11
6 606 86
6 612 8
6 613 51
6 626 72
6 629 50
6 630 5
6 632 16
6 635 34
6 665 17
6 667 7
6 691 48
6 696 63
6 699 14
6 701 16
6 703 93
6 704 72
6 708 24
6 731 65
6 733 32
6 736 83
6 739 59
6 745 47
6 773 82
6 794 63
6 795 79
6 810 70
6 813 93
6 822 8
6 824 88
6 826 25
6 828 22
6 867 3
6 872 93
6 887 17
6 889 88
6 897 29
6 899 30
6 907 85
6 914 14
6 930 80
6 952 41
6 959 97
6 964 80
6 984 44
6 990 68
6 993 60
7 26 78
7 29 98
7 31 14
7 35 27
7 50 38
7 62 57
7 74 19
7 93 73
7 110 83
7 145 90
7 195 42
7 201 76
7 213 28
7 238 97
7 243 98
7 245 92
7 246 55
7 284 10
7 290 99
7 310 79
7 318 31
7 324 80
7 331 93
7 343 88
7 373 46
7 385 58
7 403 44
7 405 60
7 410 56
7 419 19
7 443 76
7 444 9
7 497 42
7 499 72
7 502 51
7 503 76
7 520 45
7 543 2
7 575 36
7 586 1
7 636 67
7 643 26
7 697 67
7 723 82
7 724 83
7 726 9
7 737 66
7 744 99
7 752 54
7 758 91
7 770 54
7 779 44
7 787 71
7 791 83
7 837 68
7 844 68
7 860 7
7 871 85
7 882 77
7 883 80
7 891 63
7 893 47
7 894 73
7 908 44
7 909 29
7 929 56
7 939 49
7 943 94
7 944 34
7 945 60
7 949 76
7 961 72
7 967 14
7 969 87
7 979 15
7 999 52
8 11 60
8 17 82
8 25 7
8 27 36
8 40 16
8 48 88
8 49 45
8 70 52
8 103 53
8 112 42
8 113 32
8 118 44
8 123 60
8 132 50
8 137 85
8 138 12
8 140 92
8 141 60
8 155 38
8 156 5
8 157 8
8 167 15
8 172 100
8 173 73
8 176 56
8 179 33
8 183 57
8 187 70
8 197 56
8 216 19
8 219 29
8 224 73
8 239 74
8 260 98
8 271 87
8 301 49
8 302 5
8 304 62
8 315 71
8 317 90
8 320 10
8 348 81
8 356 86
8 357 70
8 358 44
8 363 53
8 382 61
8 394 70
8 397 82
8 398 42
8 399 15
8 409 31
8 411 49
8 417 58
8 436 44
8 438 80
8 440 59
8 454 68
8 456 3
8 466 24
8 484 84
8 510 100
8 515 63
8 516 51
8 535 76
8 548 82
8 556 61
8 565 45
8 566 18
8 568 46
8 572 59
8 577 37
8 581 54
8 582 19
8 585 39
8 603 19
8 606 82
8 607 27
8 610 37
8 612 69
8 618 91
8 620 26
8 630 79
8 632 22
8 640 59
8 652 90
8 665 89
8 673 79
8 679 53
8 687 17
8 704 36
8 712 49
8 721 100
8 736 28
8 738 38
8 749 82
8 773 68
8 789 76
8 794 19
8 800 83
8 805 8
8 814 82
8 819 60
8 822 37
8 826 44
8 848 92
8 869 19
8 895 90
8 914 5
8 916 60
8 930 18
8 931 22
8 938 40
8 964 93
8 985 69
8 993 88
9 13 84
9 28 89
9 57 3
9 63 80
9 73 41
9 78 24
9 112 73
9 116 43
9 123 76
9 134 87
9 142 89
9 156 87
9 169 45
9 174 12
9 180 83
9 262 12
9 267 64
9 270 86
9 271 45
9 287 21
9 296 87
9 297 16
9 330 31
9 335 85
9 341 3
9 347 56
9 350 35
9 358 63
9 370 51
9 374 29
9 412 87
9 420 73
9 424 75
9 439 8
9 440 44
9 448 74
9 457 54
9 491 86
9 501 30
9 525 66
9 534 98
9 563 10
9 568 38
9 588 24
9 600 89
9 603 51
9 626 54
9 641 40
9 657 23
9 665 18
9 667 95
9 672 43
9 691 46
9 693 100
9 701 87
9 739 53
9 745 13
9 794 31
9 824 100
9 857 16
9 867 95
9 899 93
9 903 40
9 914 70
9 951 79
9 952 13
9 990 15
9 996 49
10 16 97
10 23 80
10 32 33
10 42 51
10 43 97
10 59 63
10 69 27
10 89 19
10 119 56
10 121 94
10 128 52
10 136 37
10 162 77
10 192 69
10 193 98
10 206 59
10 207 94
10 210 92
10 214 61
10 218 65
10 223 65
10 225 16
10 226 30
10 231 21
10 244 20
10 257 28
10 276 86
10 279 77
10 281 100
10 313 73
10 316 50
10 327 80
10 338 32
10 346 33
10 352 67
10 354 54
10 360 72
10 368 41
10 381 29
10 390 67
10 396 96
10 408 81
10 418 69
10 423 40
10 452 29
10 460 1
10 468 93
10 512 23
10 518 55
10 523 18
10 527 71
10 531 53
10 544 37
10 550 42
10 551 29
10 557 81
10 560 77
10 567 30
10 569 100
10 589 16
10 593 41
10 596 30
10 609 1
10 614 78
10 616 86
10 617 84
10 647 82
10 648 67
10 656 93
10 659 33
10 660 61
10 666 6
10 678 85
10 680 1
10 685 50
10 692 79
10 698 2
10 707 1
10 714 77
10 725 9
10 735 19
10 742 88
10 747 24
10 750 11
10 756 93
10 759 48
10 765 20
10 781 68
10 783 71
10 786 48
10 788 68
10 792 66
10 793 60
10 799 9
10 807 99
10 816 50
10 817 82
10 820 74
10 827 21
10 841 80
10 843 83
10 845 26
10 863 92
10 865 21
10 875 47
10 886 60
10 922 57
10 927 35
10 932 99
10 941 45
10 946 59
10 953 46
10 960 4
10 991 95
11 13 44
11 25 53
11 27 30
11 28 100
11 36 73
11 48 97
11 49 64
11 70 88
11 90 74
11 94 81
11 106 49
11 112 6
11 113 9
11 116 96
11 123 28
11 137 47
11 140 29
11 155 56
11 156 16
11 157 53
11 164 66
11 167 31
11 172 50
11 174 19
11 176 17
11 178 30
11 179 5
11 187 12
11 188 84
11 197 64
11 216 40
11 267 15
11 270 86
11 271 75
11 275 59
11 297 3
11 302 35
11 311 13
11 314 53
11 317 54
11 320 35
11 341 49
11 347 82
11 350 32
11 357 64
11 358 91
11 363 40
11 366 52
11 374 91
11 392 89
11 394 11
11 398 40
11 399 83
11 407 59
11 411 26
11 417 17
11 426 39
11 431 57
11 439 100
11 448 65
11 486 88
11 495 23
11 510 63
11 516 13
11 534 85
11 535 32
11 553 7
11 563 35
11 565 91
11 566 42
11 568 44
11 577 56
11 581 29
11 583 25
11 584 64
11 603 60
11 606 3
11 612 94
11 613 2
11 618 13
11 624 70
11 626 87
11 629 60
11 630 77
11 632 76
11 635 67
11 646 66
11 652 66
11 665 11
11 667 22
11 673 14
11 699 69
11 703 7
11 704 6
11 708 17
11 727 11
11 731 94
11 733 92
11 736 31
11 739 83
11 745 67
11 773 81
11 794 99
11 795 14
11 800 62
11 810 91
11 813 97
11 822 24
11 826 28
11 828 51
11 867 79
11 872 26
11 887 91
11 889 35
11 897 28
11 899 42
11 907 50
11 914 38
11 930 8
11 952 45
11 964 98
11 977 92
11 984 63
11 990 69
11 993 84
12 28 42
12 33 12
12 36 87
12 46 28
12 57 29
12 58 52
12 68 11
12 78 85
12 80 42
12 84 31
12 86 52
12 88 48
12 90 32
12 94 45
12 106 16
12 107 83
12 109 16
12 116 13
12 133 56
12 134 2
12 159 87
12 164 7
12 169 97
12 178 91
12 181 90
12 184 33
12 188 63
12 194 41
12 217 86
12 220 73
12 229 9
12 236 78
12 242 2
12 253 38
12 264 72
12 267 54
12 275 8
12 277 97
12 283 16
12 297 61
12 306 63
12 312 26
12 322 97
12 332 51
12 337 95
12 344 20
12 347 73
12 349 93
12 350 59
12 364 16
12 366 29
12 374 72
12 379 35
12 380 57
12 384 82
12 387 7
12 400 66
12 402 49
12 404 93
12 420 47
12 424 90
12 426 45
12 431 53
12 439 75
12 453 4
12 459 96
12 472 65
12 473 56
12 479 62
12 486 9
12 487 13
12 488 32
12 492 18
12 493 89
12 498 51
12 505 19
12 508 79
12 514 70
12 532 9
12 536 47
12 538 27
12 545 28
12 549 94
12 553 1
12 584 44
12 588 90
12 600 38
12 613 15
12 629 4
12 637 7
12 639 80
12 644 19
12 661 24
12 667 73
12 669 64
12 682 36
12 694 69
12 696 19
12 708 31
12 709 14
12 717 72
12 728 46
12 730 90
12 731 23
12 739 48
12 767 92
12 769 24
12 775 97
12 776 97
12 777 80
12 785 78
12 795 51
12 797 83
12 801 87
12 828 64
12 829 57
12 834 89
12 838 69
12 852 12
12 855 70
12 857 23
12 858 78
12 859 49
12 889 73
12 896 100
12 899 94
12 906 48
12 920 27
12 955 58
12 959 21
12 962 58
12 963 38
12 968 94
12 970 88
12 984 35
12 988 95
12 989 37
12 997 55
13 27 66
13 28 45
13 36 32
13 57 55
13 63 36
13 70 95
13 73 73
13 78 7
13 90 76
13 94 83
13 103 44
13 106 2
13 112 54
13 116 99
13 123 18
13 134 7
13 141 66
13 142 8
13 155 73
13 156 44
13 164 80
13 167 93
13 174 36
13 176 64
13 179 54
13 180 92
13 216 20
13 262 86
13 267 19
13 270 44
13 271 48
13 275 34
13 287 70
13 296 59
13 297 31
13 314 27
13 330 68
13 335 26
13 341 5
13 347 4
13 350 87
13 358 28
13 363 2
13 370 81
13 374 18
13 394 17
13 398 20
13 412 42
13 424 48
13 431 77
13 439 12
13 440 62
13 448 94
13 457 63
13 466 34
13 491 71
13 501 16
13 525 63
13 534 82
13 563 94
13 568 23
13 584 11
13 588 43
13 603 46
13 606 65
13 612 49
13 626 41
13 635 24
13 641 57
13 657 45
13 665 99
13 667 70
13 687 13
13 691 88
13 693 47
13 701 36
13 703 92
13 708 7
13 731 44
13 733 55
13 739 19
13 745 24
13 773 27
13 794 20
13 795 3
13 824 37
13 857 24
13 867 84
13 899 74
13 903 6
13 914 77
13 951 93
13 952 33
13 990 17
13 993 38
13 996 24
14 33 36
14 45 31
14 50 27
14 58 10
14 84 71
14 86 12
14 145 61
14 150 18
14 159 88
14 184 19
14 217 56
14 229 68
14 245 5
14 253 4
14 278 98
14 283 19
14 284 81
14 303 9
14 306 37
14 364 87
14 365 71
14 410 38
14 429 46
14 443 74
14 458 11
14 459 20
14 461 31
14 464 77
14 473 42
14 479 35
14 492 38
14 497 55
14 503 38
14 505 22
14 508 14
14 514 41
14 532 73
14 543 4
14 580 52
14 636 82
14 637 34
14 639 34
14 650 42
14 694 45
14 697 100
14 724 11
14 728 33
14 730 76
14 737 27
14 767 64
14 769 27
14 774 63
14 776 71
14 780 27
14 797 60
14 838 51
14 855 68
14 891 68
14 896 48
14 909 1
14 942 81
14 944 45
14 949 6
14 955 22
14 961 39
14 967 11
14 968 16
14 974 85
14 988 5
14 989 61
14 994 55
14 997 62
14 999 83
15 39 55
15 42 84
15 65 62
15 79 20
15 87 87
15 89 73
15 96 50
15 115 57
15 119 44
15 126 12
15 136 13
15 143 94
15 162 9
15 192 10
15 193 5
15 206 31
15 210 40
15 212 35
15 231 30
15 241 71
15 257 49
15 273 20
15 286 33
15 305 45
15 327 78
15 340 43
15 361 93
15 368 62
15 371 3
15 372 84
15 381 66
15 408 59
15 418 13
15 430 33
15 446 7
15 460 49
15 468 86
15 469 15
15 481 23
15 482 55
15 494 52
15 507 36
15 523 98
15 551 88
15 554 67
15 562 59
15 569 33
15 590 76
15 602 19
15 608 22
15 609 81
15 616 48
15 619 6
15 645 61
15 659 50
15 674 62
15 677 63
15 678 76
15 692 66
15 707 6
15 714 11
15 720 63
15 725 91
15 734 68
15 742 93
15 760 25
15 765 64
15 782 66
15 790 71
15 799 19
15 802 34
15 807 80
15 820 64
15 823 49
15 832 21
15 843 9
15 845 89
15 856 85
15 870 60
15 875 15
15 892 74
15 912 51
15 927 6
15 946 20
15 947 8
15 948 77
15 950 33
15 978 98
15 991 31
16 32 61
16 43 73
16 55 26
16 59 22
16 72 63
16 95 65
16 97 33
16 105 58
16 120 72
16 121 4
16 149 52
16 151 60
16 161 31
16 162 84
16 166 61
16 170 36
16 177 38
16 190 75
16 204 39
16 207 64
16 215 77
16 223 48
16 225 63
16 228 25
16 244 73
16 263 73
16 272 41
16 276 8
16 279 68
16 288 46
16 313 4
16 316 87
16 346 1
16 354 37
16 390 50
16 396 17
16 452 25
16 512 75
16 518 41
16 523 82
16 531 78
16 550 85
16 557 76
16 560 26
16 567 20
16 589 80
16 593 61
16 596 99
16 611 77
16 614 95
16 615 37
16 617 3
16 628 76
16 647 49
16 648 75
16 651 77
16 656 45
16 658 9
16 670 36
16 698 25
16 700 98
16 714 63
16 719 86
16 735 49
16 754 11
16 756 60
16 781 41
16 783 93
16 786 9
16 788 27
16 792 86
16 817 75
16 820 20
16 830 52
16 835 70
16 841 85
16 845 74
16 847 12
16 851 13
16 854 37
16 863 30
16 865 28
16 886 45
16 902 88
16 924 40
16 941 73
16 946 92
16 953 33
16 960 87
16 965 52
16 976 1
17 19 2
17 41 87
17 48 83
17 81 65
17 97 15
17 98 100
17 99 72
17 129 51
17 130 29
17 132 90
17 138 59
17 154 31
17 157 92
17 171 38
17 173 17
17 190 36
17 191 26
17 197 17
17 199 52
17 208 66
17 215 63
17 219 9
17 224 79
17 227 79
17 239 1
17 260 28
17 265 41
17 282 55
17 292 29
17 295 12
17 298 29
17 301 16
17 304 55
17 315 13
17 345 65
17 348 34
17 353 38
17 382 72
17 383 85
17 391 32
17 397 13
17 399 20
17 409 40
17 438 69
17 454 4
17 456 14
17 476 78
17 484 56
17 489 9
17 513 98
17 515 46
17 521 26
17 524 76
17 528 33
17 535 41
17 546 43
17 548 4
17 556 45
17 564 13
17 571 2
17 572 22
17 581 67
17 587 15
17 597 18
17 599 17
17 604 9
17 605 28
17 607 56
17 618 20
17 627 68
17 631 62
17 640 40
17 651 30
17 673 51
17 683 21
17 690 94
17 695 76
17 712 17
17 713 82
17 721 45
17 736 14
17 749 72
17 768 57
17 778 17
17 784 27
17 800 57
17 808 58
17 809 16
17 814 35
17 818 38
17 819 89
17 830 86
17 839 42
17 847 36
17 853 44
17 869 14
17 881 76
17 895 15
17 902 57
17 913 82
17 919 48
17 924 42
17 931 33
17 937 61
17 938 80
17 954 95
17 965 73
17 971 33
17 981 75
17 985 71
18 20 81
18 29 46
18 34 62
18 35 72
18 37 17
18 38 79
18 53 52
18 71 13
18 74 91
18 75 91
18 92 56
18 93 25
18 107 75
18 122 62
18 125 85
18 135 23
18 158 70
18 160 31
18 165 36
18 182 86
18 189 8
18 209 64
18 221 5
18 232 76
18 247 59
18 255 42
18 258 52
18 259 20
18 268 89
18 274 10
18 277 66
18 299 80
18 319 32
18 324 16
18 333 62
18 337 43
18 342 73
18 359 88
18 362 72
18 367 69
18 369 23
18 375 14
18 376 74
18 377 19
18 378 34
18 385 12
18 387 90
18 392 63
18 393 18
18 395 86
18 401 87
18 403 80
18 407 17
18 414 69
18 437 75
18 444 45
18 447 91
18 467 23
18 475 79
18 495 7
18 499 15
18 509 94
18 519 18
18 520 43
18 530 61
18 541 77
18 542 58
18 553 58
18 583 7
18 592 3
18 621 19
18 633 9
18 634 33
18 642 99
18 646 13
18 653 85
18 654 30
18 662 17
18 668 100
18 681 80
18 684 63
18 686 59
18 699 13
18 709 16
18 711 58
18 716 18
18 717 32
18 732 39
18 740 63
18 752 81
18 757 21
18 758 89
18 762 77
18 770 4
18 771 39
18 772 33
18 785 17
18 787 30
18 798 100
18 804 77
18 813 72
18 836 52
18 840 100
18 859 21
18 860 14
18 862 37
18 868 87
18 874 72
18 876 77
18 880 81
18 889 22
18 890 12
18 893 9
18 894 57
18 905 10
18 906 72
18 908 23
18 918 37
18 921 37
18 928 49
18 935 16
18 945 25
18 958 55
18 962 39
18 969 2
18 973 10
18 975 2
18 982 82
18 992 54
19 41 32
19 48 54
19 81 7
19 97 53
19 98 24
19 99 37
19 118 1
19 129 40
19 130 77
19 132 15
19 138 23
19 154 43
19 157 68
19 171 69
19 173 41
19 190 81
19 191 20
19 197 75
19 199 74
19 208 33
19 215 68
19 219 4
19 224 48
19 227 20
19 239 46
19 260 39
19 265 3
19 282 47
19 292 98
19 295 7
19 298 9
19 301 66
19 304 3
19 315 59
19 345 28
19 348 65
19 353 42
19 382 47
19 383 34
19 391 44
19 397 76
19 409 33
19 438 73
19 454 12
19 456 28
19 476 93
19 484 88
19 489 33
19 513 60
19 515 29
19 521 90
19 524 48
19 528 52
19 535 1
19 546 35
19 548 12
19 556 88
19 564 95
19 571 42
19 572 52
19 581 10
19 587 75
19 597 90
19 599 39
19 604 15
19 605 31
19 607 83
19 618 75
19 627 69
19 631 17
19 640 88
19 651 57
19 673 58
19 683 84
19 690 96
19 695 68
19 712 52
19 713 74
19 721 34
19 736 11
19 768 21
19 778 71
19 784 68
19 800 10
19 808 57
19 809 82
19 814 99
19 818 82
19 819 11
19 830 91
19 847 100
19 851 21
19 853 81
19 869 13
19 881 93
19 895 27
19 902 50
19 913 26
19 924 57
19 931 51
19 937 58
19 938 6
19 954 79
19 965 73
19 971 34
19 981 31
19 985 51
20 29 83
20 31 7
20 34 38
20 35 59
20 37 7
20 38 83
20 53 11
20 54 67
20 71 38
20 74 31
20 75 7
20 92 56
20 93 31
20 107 77
20 122 13
20 125 27
20 131 87
20 135 27
20 158 13
20 160 29
20 165 18
20 182 57
20 189 10
20 209 10
20 221 95
20 232 59
20 247 38
20 255 10
20 258 36
20 259 100
20 268 63
20 274 83
20 277 62
20 299 4
20 319 80
20 324 87
20 333 75
20 337 24
20 342 50
20 351 89
20 359 51
20 362 85
20 367 11
20 369 76
20 373 45
20 375 14
20 376 5
20 377 85
20 378 3
20 385 25
20 393 40
20 395 12
20 401 79
20 403 19
20 407 56
20 414 12
20 415 78
20 425 3
20 437 8
20 444 27
20 447 96
20 467 74
20 475 2
20 499 100
20 509 22
20 519 67
20 520 52
20 530 91
20 541 47
20 542 69
20 583 76
20 592 47
20 621 58
20 633 28
20 634 73
20 642 37
20 646 82
20 653 34
20 654 44
20 662 100
20 668 17
20 681 17
20 684 76
20 686 35
20 699 80
20 709 52
20 711 71
20 716 31
20 717 31
20 726 84
20 732 68
20 740 50
20 752 88
20 757 67
20 758 42
20 762 26
20 770 91
20 771 18
20 772 2
20 785 70
20 787 40
20 798 7
20 804 5
20 813 71
20 836 65
20 840 31
20 859 16
20 860 4
20 862 62
20 868 94
20 874 87
20 876 98
20 880 41
20 889 26
20 890 48
20 893 24
20 894 60
20 905 56
20 908 68
20 918 65
20 921 62
20 928 78
20 935 92
20 945 65
20 958 15
20 962 70
20 969 46
20 973 100
20 975 90
20 982 4
20 992 49
21 24 46
21 39 30
21 44 28
21 51 57
21 54 93
21 64 40
21 67 86
21 76 52
21 77 75
21 83 27
21 87 47
21 100 21
21 102 17
21 104 62
21 114 19
21 117 69
21 131 31
21 139 92
21 144 71
21 147 86
21 163 28
21 168 80
21 185 47
21 186 91
21 196 79
21 205 39
21 233 49
21 234 49
21 235 83
21 237 30
21 240 61
21 251 65
21 256 42
21 269 96
21 289 24
21 300 16
21 321 11
21 323 70
21 328 87
21 329 33
21 336 36
21 351 42
21 389 20
21 406 17
21 413 88
21 415 62
21 416 86
21 421 40
21 422 98
21 427 2
21 432 20
21 441 37
21 442 61
21 449 37
21 450 20
21 451 34
21 462 97
21 463 75
21 465 33
21 470 21
21 477 62
21 500 78
21 517 24
21 533 43
21 539 74
21 552 50
21 573 91
21 574 69
21 578 83
21 579 20
21 594 43
21 595 91
21 598 69
21 601 4
21 602 24
21 664 7
21 668 57
21 675 94
21 688 56
21 743 11
21 746 59
21 751 89
21 753 84
21 757 70
21 771 78
21 790 85
21 796 69
21 803 89
21 815 35
21 825 68
21 842 18
21 849 87
21 864 84
21 878 10
21 884 64
21 885 52
21 911 90
21 915 14
21 917 92
21 923 18
21 926 44
21 933 22
21 957 6
21 987 35
22 33 14
22 46 93
22 58 68
22 68 44
22 84 84
22 86 73
22 88 37
22 133 34
22 134 78
22 169 31
22 181 57
22 194 31
22 229 51
22 236 34
22 250 53
22 253 49
22 264 15
22 306 3
22 312 73
22 326 25
22 335 58
22 349 56
22 364 36
22 384 42
22 400 58
22 404 33
22 420 17
22 429 13
22 458 79
22 487 31
22 493 86
22 498 8
22 505 3
22 529 45
22 538 5
22 545 65
22 547 5
22 580 22
22 600 62
22 639 54
22 661 78
22 671 2
22 672 61
22 689 21
22 728 59
22 767 15
22 775 43
22 776 81
22 801 49
22 829 65
22 834 46
22 850 80
22 852 34
22 855 38
22 858 96
22 879 79
22 896 35
22 910 87
22 920 33
22 974 85
22 988 89
22 989 34
22 997 77
23 40 94
23 55 37
23 60 32
23 66 75
23 69 60
23 101 73
23 118 41
23 119 65
23 121 32
23 124 47
23 128 56
23 148 9
23 152 94
23 153 47
23 158 9
23 193 44
23 203 6
23 207 6
23 211 81
23 214 3
23 218 78
23 225 4
23 226 52
23 252 31
23 263 46
23 276 11
23 279 78
23 281 56
23 294 53
23 308 30
23 309 56
23 325 51
23 338 26
23 346 98
23 352 1
23 360 77
23 388 62
23 390 9
23 396 68
23 401 72
23 423 58
23 433 41
23 435 57
23 436 70
23 452 47
23 474 6
23 511 85
23 512 69
23 523 21
23 527 67
23 540 81
23 542 36
23 544 23
23 555 99
23 557 88
23 560 21
23 561 81
23 567 85
23 570 6
23 582 4
23 585 91
23 614 16
23 617 60
23 624 17
23 628 66
23 638 37
23 647 91
23 648 59
23 656 55
23 658 23
23 660 44
23 666 34
23 676 55
23 679 56
23 680 54
23 684 61
23 685 89
23 702 19
23 710 92
23 722 6
23 727 52
23 729 35
23 735 53
23 747 29
23 750 1
23 754 68
23 759 95
23 761 93
23 762 46
23 786 41
23 788 57
23 792 72
23 793 95
23 805 20
23 811 82
23 816 13
23 821 34
23 827 23
23 836 82
23 841 61
23 843 76
23 854 68
23 861 92
23 874 16
23 886 63
23 904 71
23 922 49
23 925 44
23 932 93
23 935 77
23 936 61
23 956 55
23 960 19
23 966 47
23 972 73
23 977 34
23 980 76
23 998 46
24 47 52
24 61 100
24 64 19
24 67 63
24 83 97
24 104 19
24 108 32
24 114 81
24 127 50
24 131 51
24 139 29
24 144 58
24 186 51
24 196 95
24 198 61
24 233 51
24 235 6
24 237 31
24 240 53
24 249 32
24 251 42
24 254 49
24 261 88
24 266 22
24 269 31
24 285 27
24 289 63
24 291 98
24 300 14
24 323 20
24 329 72
24 334 62
24 336 51
24 406 26
24 413 36
24 415 55
24 416 81
24 421 68
24 422 51
24 427 98
24 428 100
24 434 40
24 441 11
24 449 23
24 451 67
24 455 35
24 462 79
24 463 64
24 465 60
24 471 46
24 496 27
24 504 26
24 517 87
24 522 58
24 539 58
24 573 33
24 574 48
24 579 41
24 595 75
24 598 44
24 623 29
24 663 24
24 675 77
24 715 34
24 741 36
24 751 74
24 755 12
24 763 25
24 796 2
24 812 16
24 825 7
24 831 38
24 833 67
24 842 50
24 846 78
24 849 84
24 864 96
24 877 56
24 878 48
24 885 91
24 888 76
24 900 25
24 901 63
24 911 60
24 917 90
24 923 22
24 926 85
24 933 88
24 934 100
24 940 29
24 957 95
24 986 78
24 987 60
24 995 1
25 27 74
25 48 37
25 49 94
25 70 25
25 103 1
25 106 93
25 112 71
25 113 9
25 123 78
25 137 24
25 138 20
25 140 97
25 141 10
25 155 7
25 156 74
25 157 1
25 167 45
25 172 49
25 173 3
25 176 98
25 179 78
25 187 98
25 197 27
25 216 93
25 239 70
25 270 75
25 271 40
25 297 78
25 301 98
25 302 58
25 304 42
25 311 88
25 314 96
25 317 62
25 320 50
25 341 20
25 350 7
25 357 73
25 358 93
25 363 87
25 374 52
25 394 83
25 397 86
25 398 22
25 399 29
25 409 87
25 411 6
25 417 44
25 426 57
25 436 57
25 438 2
25 439 71
25 440 94
25 448 32
25 466 73
25 484 89
25 510 98
25 515 13
25 516 1
25 535 55
25 556 28
25 563 95
25 565 11
25 566 6
25 568 23
25 572 67
25 577 11
25 581 30
25 584 32
25 585 90
25 603 68
25 606 10
25 607 90
25 610 79
25 612 38
25 618 61
25 620 61
25 624 76
25 626 97
25 630 71
25 632 69
25 635 13
25 652 20
25 665 53
25 667 77
25 673 29
25 679 38
25 703 83
25 704 83
25 712 29
25 721 44
25 733 15
25 736 74
25 745 83
25 749 33
25 773 99
25 794 1
25 795 34
25 800 77
25 810 36
25 814 72
25 822 94
25 826 37
25 867 57
25 872 65
25 887 89
25 897 56
25 907 2
25 914 50
25 930 23
25 964 50
25 977 1
25 990 18
25 993 80
26 29 63
26 31 26
26 35 55
26 45 89
26 50 9
26 62 16
26 74 39
26 93 46
26 110 24
26 145 31
26 195 25
26 201 66
26 213 32
26 217 67
26 221 8
26 238 99
26 243 59
26 245 30
26 246 71
26 284 96
26 290 4
26 310 47
26 318 90
26 324 81
26 331 91
26 343 78
26 365 52
26 367 35
26 373 42
26 385 23
26 403 20
26 405 98
26 410 53
26 414 11
26 419 85
26 443 75
26 444 33
26 464 46
26 475 62
26 490 70
26 497 91
26 499 33
26 502 57
26 503 3
26 520 89
26 543 84
26 575 55
26 586 85
26 636 41
26 643 11
26 697 83
26 711 92
26 723 57
26 724 30
26 726 22
26 737 48
26 744 37
26 752 78
26 758 87
26 770 56
26 779 73
26 780 26
26 787 92
26 791 70
26 804 90
26 837 29
26 844 79
26 860 24
26 862 37
26 871 4
26 880 38
26 882 41
26 883 36
26 891 51
26 893 56
26 894 80
26 908 98
26 909 39
26 929 56
26 939 1
26 943 4
26 944 86
26 945 89
26 949 13
26 958 15
26 961 56
26 967 86
26 969 30
26 975 35
26 979 71
26 992 86
26 999 16
27 70 14
27 85 19
27 91 73
27 103 80
27 112 15
27 123 63
27 129 8
27 132 49
27 138 73
27 141 60
27 142 81
27 155 24
27 156 63
27 167 14
27 173 58
27 174 98
27 176 11
27 179 17
27 180 51
27 183 54
27 197 65
27 216 34
27 222 72
27 239 96
27 262 86
27 270 25
27 271 7
27 287 55
27 296 36
27 301 43
27 302 33
27 304 98
27 307 41
27 317 34
27 341 23
27 348 15
27 350 80
27 355 100
27 356 9
27 358 56
27 363 24
27 394 50
27 397 9
27 399 43
27 438 40
27 440 72
27 448 58
27 457 43
27 466 46
27 478 52
27 480 3
27 491 30
27 501 45
27 506 25
27 510 85
27 525 96
27 534 14
27 535 17
27 548 64
27 556 7
27 558 36
27 563 99
27 566 19
27 568 83
27 581 12
27 603 1
27 606 73
27 610 79
27 612 20
27 618 75
27 626 80
27 640 91
27 665 95
27 673 36
27 687 54
27 712 83
27 736 17
27 738 95
27 745 37
27 749 94
27 773 79
27 789 88
27 794 1
27 800 52
27 814 14
27 819 54
27 822 18
27 824 84
27 848 61
27 867 51
27 903 5
27 914 58
27 916 87
27 919 11
27 931 26
27 952 49
27 990 93
27 993 93
27 996 80
28 36 12
28 46 79
28 57 16
28 63 56
28 68 72
28 70 93
28 73 30
28 78 58
28 80 24
28 90 9
28 94 94
28 106 63
28 109 56
28 116 50
28 123 48
28 134 56
28 155 13
28 156 39
28 164 45
28 169 79
28 174 25
28 176 66
28 178 78
28 179 3
28 180 9
28 181 55
28 188 77
28 194 24
28 236 29
28 242 26
28 264 46
28 267 45
28 270 59
28 271 35
28 275 37
28 287 96
28 297 28
28 314 60
28 330 51
28 332 41
28 335 2
28 341 81
28 347 18
28 349 91
28 350 35
28 366 63
28 370 100
28 374 15
28 379 67
28 380 71
28 384 3
28 394 34
28 398 9
28 402 72
28 412 21
28 420 26
28 424 94
28 426 88
28 431 92
28 439 62
28 448 27
28 453 76
28 457 7
28 472 79
28 486 14
28 487 4
28 488 86
28 493 65
28 498 87
28 501 56
28 525 15
28 534 72
28 536 55
28 538 97
28 545 24
28 549 52
28 563 21
28 568 23
28 584 46
28 588 77
28 600 60
28 603 55
28 606 17
28 613 58
28 626 92
28 629 44
28 635 84
28 641 82
28 644 59
28 657 26
28 667 57
28 669 23
28 672 62
28 691 37
28 693 79
28 696 32
28 701 12
28 703 31
28 704 48
28 708 2
28 731 88
28 733 91
28 739 65
28 745 50
28 773 62
28 775 86
28 794 38
28 795 44
28 824 27
28 826 65
28 829 58
28 857 38
28 867 36
28 887 58
28 897 28
28 899 83
28 903 23
28 951 52
28 952 7
28 959 61
28 963 73
28 970 34
28 984 45
28 990 13
29 31 83
29 35 41
29 37 74
29 45 21
29 71 86
29 74 32
29 75 93
29 92 12
29 93 68
29 110 85
29 135 68
29 145 53
29 160 38
29 189 20
29 195 72
29 198 93
29 201 46
29 209 77
29 213 80
29 217 39
29 221 49
29 232 22
29 238 30
29 245 78
29 274 8
29 277 10
29 284 46
29 290 98
29 291 39
29 318 57
29 324 82
29 331 13
29 333 90
29 337 32
29 343 91
29 359 12
29 362 50
29 365 34
29 367 98
29 373 36
29 375 1
29 376 96
29 378 34
29 385 49
29 387 39
29 403 70
29 405 93
29 414 33
29 419 50
29 425 53
29 428 94
29 443 86
29 444 38
29 447 56
29 464 31
29 475 15
29 490 97
29 497 69
29 499 99
29 502 43
29 503 82
29 519 87
29 520 74
29 530 21
29 541 45
29 543 18
29 575 98
29 592 87
29 621 51
29 633 23
29 636 63
29 643 58
29 654 86
29 662 21
29 681 28
29 697 25
29 711 20
29 716 54
29 723 93
29 724 44
29 726 58
29 730 56
29 741 30
29 744 31
29 752 65
29 758 64
29 770 3
29 779 64
29 787 36
29 791 45
29 804 74
29 837 6
29 840 7
29 844 55
29 859 95
29 860 84
29 862 96
29 871 6
29 876 25
29 880 61
29 882 40
29 883 99
29 888 40
29 893 64
29 894 93
29 901 100
29 908 15
29 909 21
29 928 9
29 929 78
29 934 17
29 939 49
29 943 79
29 945 53
29 949 44
29 958 6
29 961 72
29 967 68
29 969 19
29 975 16
29 979 60
29 982 46
29 992 64
29 995 80
30 52 18
30 111 22
30 129 66
30 130 68
30 154 23
30 171 17
30 175 5
30 191 42
30 227 19
30 248 83
30 265 97
30 292 70
30 295 46
30 298 60
30 345 86
30 391 19
30 476 32
30 480 76
30 489 95
30 521 6
30 524 47
30 528 90
30 559 73
30 564 31
30 571 20
30 587 89
30 599 35
30 605 21
30 622 41
30 631 75
30 706 20
30 713 99
30 748 59
30 768 87
30 778 2
30 808 50
30 839 62
30 873 98
30 898 29
30 919 76
30 937 45
30 954 31
30 971 13
31 34 51
31 35 2
31 61 54
31 62 43
31 71 62
31 74 25
31 75 66
31 93 55
31 110 58
31 125 72
31 127 6
31 131 66
31 195 73
31 198 58
31 201 11
31 213 76
31 232 57
31 233 48
31 238 83
31 243 75
31 246 98
31 254 27
31 274 89
31 285 8
31 290 12
31 291 57
31 310 38
31 318 68
31 324 65
31 329 33
31 331 69
31 334 6
31 343 95
31 359 83
31 362 81
31 367 60
31 373 17
31 375 92
31 376 6
31 378 56
31 385 32
31 403 72
31 405 85
31 414 83
31 415 7
31 419 66
31 422 37
31 425 38
31 428 9
31 444 9
31 447 81
31 449 4
31 465 44
31 467 56
31 471 45
31 490 4
31 499 31
31 502 28
31 504 54
31 520 96
31 522 30
31 541 1
31 575 13
31 586 71
31 592 52
31 642 70
31 643 85
31 662 44
31 663 85
31 711 4
31 715 74
31 716 72
31 723 95
31 726 37
31 741 33
31 744 34
31 752 89
31 755 82
31 757 67
31 758 40
31 763 100
31 770 33
31 771 7
31 772 62
31 779 92
31 787 47
31 791 89
31 831 20
31 837 50
31 844 19
31 860 24
31 862 95
31 871 38
31 876 87
31 880 96
31 883 79
31 888 39
31 893 37
31 894 13
31 901 38
31 908 41
31 929 76
31 933 39
31 934 99
31 939 72
31 943 60
31 945 79
31 949 32
31 958 50
31 969 32
31 975 70
31 979 24
31 983 95
31 992 9
31 995 70
32 42 89
32 43 35
32 59 43
32 89 5
32 95 76
32 96 18
32 121 59
32 136 65
32 162 48
32 170 70
32 192 29
32 193 46
32 206 31
32 210 37
32 218 55
32 223 73
32 225 18
32 244 39
32 257 90
32 279 7
32 281 36
32 305 10
32 313 32
32 316 38
32 339 69
32 340 61
32 346 75
32 354 93
32 368 90
32 381 49
32 390 49
32 396 98
32 445 97
32 452 82
32 460 83
32 481 60
32 485 41
32 512 93
32 518 22
32 523 12
32 531 23
32 550 33
32 557 1
32 560 45
32 567 14
32 569 54
32 576 4
32 589 33
32 591 37
32 593 23
32 596 22
32 608 30
32 609 55
32 611 33
32 615 46
32 617 28
32 647 47
32 648 36
32 655 20
32 659 46
32 678 74
32 692 22
32 698 50
32 705 88
32 714 86
32 718 45
32 719 84
32 725 23
32 735 49
32 742 48
32 756 1
32 760 13
32 781 1
32 783 95
32 792 55
32 799 66
32 806 12
32 807 41
32 817 79
32 820 33
32 835 1
32 843 76
32 845 81
32 863 48
32 865 31
32 886 58
32 941 3
32 946 8
32 950 4
32 953 67
32 960 18
32 991 5
33 46 39
33 58 41
33 68 6
33 80 6
33 84 20
33 86 25
33 88 96
33 109 49
33 133 93
33 134 45
33 159 25
33 169 75
33 181 40
33 184 44
33 194 71
33 220 63
33 229 10
33 236 96
33 242 17
33 250 44
33 253 96
33 264 68
33 303 26
33 306 92
33 312 44
33 326 4
33 344 88
33 349 13
33 364 31
33 379 24
33 380 47
33 384 55
33 400 22
33 402 79
33 404 12
33 420 94
33 429 100
33 453 53
33 458 46
33 459 48
33 461 3
33 479 23
33 487 90
33 488 64
33 492 19
33 493 56
33 498 53
33 505 39
33 508 5
33 514 33
33 529 33
33 532 10
33 536 32
33 538 40
33 545 66
33 547 98
33 549 88
33 580 84
33 600 7
33 637 92
33 639 74
33 661 72
33 669 42
33 671 10
33 672 66
33 689 87
33 694 61
33 728 67
33 767 77
33 769 48
33 775 30
33 776 73
33 797 86
33 801 3
33 829 45
33 834 83
33 850 25
33 852 49
33 855 70
33 858 51
33 879 50
33 896 99
33 910 42
33 920 66
33 955 95
33 963 17
33 968 50
33 970 9
33 974 9
33 988 82
33 989 71
33 994 68
33 997 90
34 35 72
34 53 75
34 54 55
34 56 50
34 64 71
34 71 69
34 74 43
34 75 72
34 76 85
34 93 4
34 102 47
34 117 97
34 122 87
34 125 67
34 131 20
34 135 11
34 152 35
34 153 89
34 158 4
34 182 99
34 186 19
34 189 37
34 198 96
34 209 44
34 232 99
34 233 75
34 235 1
34 247 72
34 255 92
34 258 76
34 259 85
34 268 51
34 269 53
34 274 29
34 285 71
34 291 27
34 299 40
34 300 10
34 323 10
34 329 49
34 351 49
34 359 15
34 362 90
34 367 64
34 369 95
34 375 95
34 376 62
34 377 50
34 378 33
34 385 50
34 386 60
34 393 41
34 395 31
34 401 36
34 414 95
34 415 43
34 416 5
34 421 42
34 422 63
34 425 44
34 428 82
34 437 83
34 447 61
34 449 8
34 451 97
34 462 21
34 463 25
34 465 58
34 467 100
34 470 34
34 490 50
34 499 85
34 500 8
34 509 2
34 517 10
34 519 50
34 533 73
34 537 6
34 541 33
34 542 86
34 552 66
34 574 51
34 592 80
34 594 95
34 621 76
34 633 69
34 634 72
34 642 82
34 653 24
34 662 12
34 668 9
34 675 16
34 681 39
34 684 57
34 688 30
34 711 44
34 716 8
34 726 61
34 732 45
34 740 55
34 746 35
34 752 83
34 757 58
34 758 20
34 766 12
34 770 65
34 771 85
34 772 30
34 815 61
34 831 68
34 840 79
34 844 36
34 862 18
34 874 73
34 876 99
34 880 1
34 884 31
34 901 48
34 905 19
34 908 28
34 921 63
34 933 9
34 934 55
34 935 26
34 945 7
34 958 77
34 973 40
34 992 43
34 995 29
35 37 91
35 53 30
35 54 24
35 61 27
35 71 86
35 74 11
35 75 71
35 92 70
35 93 36
35 110 29
35 125 91
35 127 7
35 131 48
35 135 66
35 182 87
35 189 70
35 195 9
35 198 3
35 201 7
35 209 27
35 213 52
35 232 25
35 238 28
35 254 58
35 255 82
35 258 25
35 268 86
35 274 32
35 284 76
35 285 22
35 290 41
35 291 37
35 299 44
35 318 41
35 324 47
35 329 72
35 331 52
35 334 8
35 343 81
35 359 39
35 362 2
35 367 82
35 369 31
35 373 99
35 375 69
35 376 27
35 377 59
35 378 81
35 385 77
35 393 20
35 395 84
35 403 92
35 405 20
35 414 72
35 415 23
35 422 86
35 425 97
35 428 12
35 444 66
35 447 40
35 465 89
35 467 73
35 471 80
35 475 35
35 490 73
35 499 14
35 502 62
35 519 75
35 520 38
35 530 79
35 541 1
35 575 6
35 592 68
35 621 79
35 633 90
35 642 93
35 643 56
35 653 75
35 662 71
35 668 67
35 681 38
35 711 80
35 716 29
35 726 91
35 740 21
35 741 48
35 744 97
35 752 41
35 757 74
35 758 96
35 770 70
35 771 46
35 772 3
35 779 40
35 787 79
35 791 48
35 804 38
35 831 88
35 837 68
35 840 64
35 844 64
35 860 14
35 862 42
35 871 37
35 876 63
35 880 56
35 883 12
35 884 3
35 888 60
35 893 29
35 894 45
35 901 12
35 908 11
35 921 1
35 928 96
35 933 46
35 934 26
35 939 23
35 945 89
35 949 82
35 958 19
35 969 73
35 973 38
35 975 97
35 979 39
35 992 12
35 995 70
36 46 59
36 57 10
36 63 74
36 68 42
36 70 85
36 73 41
36 78 11
36 80 46
36 90 85
36 94 73
36 106 12
36 107 10
36 109 73
36 113 5
36 116 79
36 134 84
36 155 32
36 164 75
36 165 75
36 176 54
36 178 98
36 179 59
36 188 75
36 194 26
36 220 61
36 236 23
36 242 94
36 264 63
36 267 17
36 275 78
36 277 69
36 297 97
36 311 80
36 314 52
36 322 84
36 332 98
36 344 1
36 347 10
36 349 82
36 350 27
36 364 34
36 366 25
36 374 13
36 379 84
36 380 50
36 384 17
36 394 94
36 398 62
36 402 60
36 407 2
36 412 69
36 424 84
36 426 97
36 431 75
36 439 84
36 448 80
36 453 1
36 472 96
36 486 41
36 487 34
36 488 52
36 493 88
36 495 59
36 498 21
36 510 48
36 514 4
36 532 8
36 536 93
36 538 56
36 545 90
36 549 75
36 553 29
36 563 9
36 565 40
36 568 41
36 583 72
36 584 94
36 588 69
36 603 22
36 606 10
36 613 66
36 626 8
36 629 10
36 635 98
36 641 55
36 644 75
36 667 17
36 669 25
36 682 5
36 686 37
36 691 7
36 696 38
36 699 66
36 701 96
36 703 29
36 704 8
36 708 86
36 709 100
36 717 51
36 731 59
36 733 40
36 739 10
36 745 83
36 769 14
36 773 91
36 777 95
36 785 31
36 795 36
36 810 8
36 813 73
36 826 62
36 828 27
36 829 67
36 857 61
36 859 84
36 867 69
36 872 78
36 887 56
36 889 82
36 897 77
36 899 24
36 906 50
36 918 15
36 920 86
36 930 49
36 952 74
36 959 46
36 962 43
36 963 4
36 968 14
36 970 5
36 984 55
36 990 9
37 38 91
37 45 76
37 53 21
37 71 2
37 74 80
37 92 41
37 93 71
37 107 22
37 109 41
37 122 4
37 135 30
37 145 60
37 160 35
37 165 64
37 178 22
37 182 3
37 188 54
37 189 26
37 209 89
37 217 6
37 221 99
37 255 60
37 259 90
37 268 86
37 274 55
37 277 43
37 284 25
37 299 72
37 311 25
37 319 63
37 322 11
37 324 85
37 332 30
37 333 36
37 337 65
37 342 43
37 344 18
37 359 67
37 365 91
37 366 7
37 367 64
37 369 5
37 375 94
37 376 60
37 377 95
37 387 77
37 392 27
37 393 34
37 403 6
37 407 89
37 414 69
37 443 77
37 444 94
37 447 84
37 464 58
37 472 36
37 473 41
37 475 5
37 486 11
37 495 47
37 509 60
37 514 95
37 519 80
37 520 96
37 530 81
37 532 98
37 541 58
37 543 79
37 553 37
37 583 85
37 592 13
37 621 94
37 629 62
37 633 10
37 644 21
37 646 6
37 654 98
37 662 86
37 681 32
37 682 87
37 686 76
37 696 29
37 699 59
37 709 4
37 716 6
37 717 81
37 724 19
37 730 71
37 732 2
37 740 79
37 752 88
37 758 32
37 762 87
37 770 85
37 777 61
37 785 3
37 787 61
37 798 65
37 804 4
37 813 18
37 828 92
37 836 55
37 838 62
37 840 47
37 859 66
37 860 26
37 862 26
37 868 57
37 872 99
37 876 60
37 880 34
37 889 14
37 890 41
37 893 1
37 894 21
37 906 97
37 907 28
37 918 82
37 921 100
37 928 35
37 958 47
37 959 83
37 962 90
37 969 20
37 975 12
37 982 23
37 984 52
37 992 88
38 49 44
38 53 59
38 71 46
38 92 53
38 107 93
38 109 61
38 113 54
38 122 62
38 135 88
38 145 53
38 160 26
38 165 19
38 178 61
38 188 71
38 189 55
38 209 78
38 217 48
38 221 35
38 255 60
38 259 93
38 268 27
38 274 95
38 277 34
38 299 38
38 311 95
38 319 90
38 322 56
38 324 69
38 332 12
38 333 77
38 337 7
38 342 22
38 344 64
38 359 78
38 365 88
38 366 58
38 367 41
38 369 21
38 376 70
38 387 97
38 392 38
38 393 86
38 407 73
38 426 27
38 431 98
38 447 26
38 464 77
38 472 51
38 473 71
38 475 81
38 486 91
38 495 22
38 509 84
38 514 40
38 519 57
38 530 70
38 532 70
38 541 99
38 553 3
38 583 30
38 584 46
38 592 60
38 613 19
38 621 40
38 629 98
38 630 37
38 633 12
38 635 99
38 644 92
38 646 36
38 654 28
38 662 50
38 681 91
38 682 29
38 684 8
38 686 25
38 696 31
38 699 92
38 709 79
38 716 77
38 717 23
38 727 47
38 730 10
38 732 3
38 740 60
38 752 64
38 762 19
38 777 56
38 785 1
38 787 71
38 795 2
38 798 66
38 804 78
38 810 37
38 813 47
38 828 20
38 836 35
38 838 35
38 840 77
38 859 98
38 862 86
38 868 77
38 872 85
38 874 19
38 876 18
38 887 25
38 889 45
38 890 11
38 893 37
38 897 74
38 906 54
38 907 17
38 918 4
38 921 44
38 928 88
38 930 55
38 958 98
38 959 99
38 962 5
38 969 34
38 975 60
38 982 52
38 984 3
38 992 15
39 44 33
39 51 40
39 56 39
39 64 76
39 65 16
39 76 76
39 77 55
39 87 99
39 100 24
39 104 78
39 117 31
39 119 23
39 126 3
39 144 98
39 147 23
39 163 56
39 168 60
39 185 16
39 186 82
39 200 23
39 205 80
39 212 76
39 231 33
39 234 46
39 235 8
39 240 22
39 241 100
39 251 98
39 256 42
39 273 67
39 286 94
39 300 37
39 321 77
39 327 29
39 328 54
39 336 59
39 371 48
39 372 88
39 389 17
39 418 49
39 423 56
39 430 77
39 432 15
39 442 49
39 446 5
39 450 70
39 462 84
39 468 23
39 469 3
39 470 39
39 477 66
39 482 75
39 494 83
39 500 93
39 507 48
39 517 62
39 533 7
39 537 85
39 539 65
39 552 70
39 554 24
39 574 44
39 578 11
39 590 80
39 594 80
39 598 43
39 601 81
39 602 93
39 616 65
39 619 10
39 649 71
39 664 43
39 688 4
39 707 95
39 720 65
39 743 89
39 753 98
39 765 17
39 766 62
39 782 74
39 790 16
39 803 50
39 815 28
39 821 53
39 825 71
39 832 85
39 842 94
39 856 41
39 866 71
39 875 30
39 885 44
39 892 83
39 904 31
39 911 56
39 912 47
39 915 8
39 917 66
39 927 76
39 978 39
39 998 16
40 48 29
40 49 6
40 55 58
40 66 90
40 69 70
40 98 61
40 101 87
40 113 84
40 118 71
40 124 2
40 137 77
40 140 17
40 148 57
40 157 98
40 161 27
40 172 100
40 187 34
40 190 74
40 197 40
40 199 22
40 203 80
40 207 57
40 211 21
40 226 84
40 252 91
40 263 76
40 276 38
40 279 85
40 294 43
40 301 32
40 302 70
40 308 71
40 309 58
40 315 61
40 317 8
40 320 36
40 325 47
40 338 44
40 353 60
40 357 57
40 382 56
40 388 12
40 392 57
40 399 46
40 409 24
40 411 23
40 417 70
40 433 75
40 435 54
40 436 4
40 456 70
40 474 26
40 484 49
40 511 32
40 515 78
40 516 48
40 535 38
40 540 45
40 546 56
40 555 72
40 566 97
40 567 63
40 572 1
40 577 6
40 582 85
40 585 19
40 604 54
40 607 65
40 614 24
40 618 38
40 620 44
40 624 69
40 628 75
40 630 67
40 632 3
40 638 20
40 647 76
40 648 50
40 651 64
40 652 92
40 656 47
40 658 20
40 660 9
40 666 27
40 673 33
40 676 91
40 679 31
40 685 85
40 700 86
40 702 11
40 710 38
40 721 22
40 722 35
40 727 93
40 735 43
40 736 88
40 750 53
40 754 38
40 759 1
40 761 82
40 762 49
40 784 74
40 786 30
40 788 45
40 793 41
40 805 98
40 811 39
40 816 40
40 827 32
40 830 44
40 841 46
40 854 35
40 869 13
40 881 86
40 895 79
40 922 52
40 925 7
40 932 33
40 936 19
40 964 51
40 972 83
40 977 17
40 980 25
40 985 48
41 55 93
41 72 100
41 81 18
41 95 24
41 97 87
41 98 58
41 99 49
41 105 12
41 118 47
41 120 48
41 149 2
41 151 83
41 161 58
41 166 27
41 177 21
41 190 28
41 199 19
41 204 3
41 207 4
41 208 44
41 215 64
41 219 11
41 224 54
41 228 60
41 260 69
41 263 94
41 272 10
41 279 59
41 288 17
41 298 3
41 308 1
41 315 60
41 353 91
41 382 40
41 383 75
41 409 61
41 435 59
41 454 96
41 456 92
41 484 53
41 513 86
41 515 41
41 524 57
41 531 45
41 546 80
41 567 41
41 597 44
41 604 49
41 607 99
41 627 41
41 628 74
41 647 27
41 648 3
41 651 57
41 658 60
41 670 3
41 683 69
41 695 22
41 700 15
41 721 37
41 754 79
41 781 21
41 784 99
41 809 98
41 818 51
41 830 93
41 847 72
41 851 60
41 853 29
41 854 41
41 869 29
41 881 41
41 895 93
41 902 61
41 924 87
41 965 27
41 976 35
41 981 32
41 985 75
42 43 34
42 65 97
42 79 62
42 89 84
42 96 45
42 115 97
42 119 86
42 126 72
42 136 90
42 143 87
42 162 97
42 192 19
42 193 89
42 206 77
42 210 66
42 212 57
42 214 83
42 218 43
42 225 5
42 231 70
42 241 63
42 257 75
42 273 68
42 281 75
42 286 2
42 305 39
42 313 32
42 316 89
42 327 89
42 339 94
42 340 99
42 352 18
42 361 5
42 368 81
42 371 25
42 381 40
42 396 50
42 408 34
42 418 72
42 430 89
42 446 36
42 460 39
42 468 98
42 469 81
42 481 54
42 482 87
42 485 71
42 494 48
42 507 30
42 518 64
42 523 47
42 551 100
42 554 26
42 557 80
42 562 78
42 569 13
42 576 79
42 590 98
42 591 69
42 593 85
42 596 72
42 608 9
42 609 91
42 616 98
42 617 97
42 619 61
42 645 66
42 659 25
42 674 76
42 677 11
42 678 77
42 692 12
42 707 61
42 714 95
42 718 8
42 720 66
42 725 65
42 734 26
42 742 16
42 747 72
42 756 50
42 760 32
42 765 97
42 782 45
42 783 50
42 799 46
42 802 36
42 806 87
42 807 14
42 817 99
42 820 80
42 823 61
42 832 13
42 843 63
42 845 94
42 856 97
42 865 7
42 870 74
42 875 84
42 892 31
42 912 50
42 927 72
42 941 5
42 946 99
42 947 72
42 948 70
42 950 25
42 953 83
42 960 5
42 978 8
42 991 36
43 59 91
43 82 13
43 89 1
43 96 49
43 121 39
43 136 41
43 146 40
43 162 67
43 192 26
43 193 82
43 202 4
43 206 47
43 223 64
43 230 99
43 244 91
43 257 21
43 280 56
43 305 82
43 313 24
43 316 92
43 339 60
43 340 97
43 354 14
43 368 59
43 381 33
43 396 16
43 445 92
43 460 35
43 481 79
43 485 70
43 512 59
43 518 91
43 523 88
43 526 24
43 550 14
43 551 71
43 557 10
43 569 1
43 576 56
43 591 2
43 593 90
43 596 14
43 608 73
43 609 31
43 611 42
43 615 61
43 617 86
43 645 46
43 655 46
43 659 96
43 674 38
43 677 70
43 678 90
43 692 42
43 698 44
43 705 21
43 714 3
43 718 59
43 719 12
43 742 54
43 756 21
43 760 28
43 783 49
43 802 83
43 806 10
43 807 98
43 817 84
43 820 44
43 835 72
43 845 68
43 863 78
43 865 99
43 870 32
43 941 38
43 946 33
43 948 73
43 950 97
43 953 91
43 960 11
43 991 72
44 51 88
44 54 48
44 56 83
44 64 66
44 65 2
44 76 59
44 77 14
44 87 30
44 100 81
44 102 2
44 104 62
44 117 33
44 119 91
44 126 90
44 147 73
44 152 85
44 153 54
44 163 94
44 168 35
44 185 11
44 186 13
44 200 53
44 205 13
44 210 53
44 212 71
44 214 17
44 231 87
44 234 85
44 235 46
44 240 97
44 241 49
44 251 19
44 256 73
44 273 6
44 286 77
44 300 39
44 321 51
44 323 70
44 327 55
44 328 55
44 351 50
44 352 83
44 371 74
44 372 47
44 386 34
44 389 18
44 418 17
44 423 1
44 430 47
44 432 39
44 437 52
44 442 19
44 446 2
44 450 82
44 451 95
44 462 75
44 468 1
44 470 30
44 477 15
44 482 41
44 494 94
44 500 26
44 507 75
44 517 21
44 527 47
44 533 60
44 537 62
44 539 32
44 552 14
44 554 74
44 574 51
44 578 2
44 590 25
44 594 28
44 598 94
44 601 8
44 602 33
44 616 63
44 619 64
44 649 55
44 664 64
44 688 71
44 707 32
44 725 46
44 743 42
44 746 20
44 747 61
44 753 57
44 765 91
44 766 69
44 790 32
44 799 79
44 803 86
44 815 20
44 821 81
44 832 15
44 842 71
44 856 85
44 861 63
44 866 100
44 875 78
44 884 11
44 885 87
44 892 74
44 904 36
44 912 77
44 915 47
44 927 81
44 956 32
44 966 58
44 978 11
44 998 17
45 50 95
45 58 98
45 80 7
45 84 43
45 86 100
45 92 65
45 109 67
45 145 88
45 150 36
45 159 80
45 160 50
45 184 1
45 195 51
45 201 75
45 217 68
45 220 54
45 221 22
45 242 75
45 245 3
45 253 51
45 277 48
45 278 83
45 283 9
45 284 16
45 303 18
45 322 30
45 324 31
45 332 13
45 333 34
45 337 74
45 344 95
45 364 99
45 365 65
45 380 90
45 387 89
45 402 20
45 403 12
45 405 42
45 410 29
45 443 56
45 444 38
45 459 63
45 461 43
45 464 80
45 472 13
45 473 83
45 475 4
45 479 17
45 492 56
45 497 54
45 503 20
45 508 32
45 514 51
45 520 15
45 530 99
45 532 53
45 536 66
45 543 69
45 636 74
45 637 86
45 644 40
45 650 53
45 654 12
45 682 37
45 694 7
45 697 74
45 709 21
45 717 69
45 724 18
45 728 90
45 730 71
45 737 25
45 752 63
45 758 67
45 769 21
45 774 82
45 777 64
45 780 95
45 785 7
45 787 6
45 791 17
45 797 69
45 804 66
45 838 35
45 855 29
45 859 55
45 860 39
45 882 54
45 883 9
45 891 48
45 893 58
45 894 70
45 896 53
45 906 64
45 909 33
45 920 60
45 928 22
45 939 58
45 942 11
45 944 20
45 949 59
45 955 93
45 959 15
45 961 10
45 962 18
45 967 23
45 968 30
45 969 92
45 975 29
45 988 59
45 994 38
45 997 68
45 999 97
46 57 61
46 63 4
46 68 99
46 73 6
46 78 43
46 80 28
46 84 42
46 86 59
46 88 61
46 90 17
46 94 78
46 106 94
46 109 73
46 116 99
46 133 7
46 134 68
46 159 82
46 164 45
46 169 86
46 178 42
46 181 42
46 188 75
46 194 23
46 220 40
46 229 44
46 236 14
46 242 24
46 250 20
46 264 83
46 267 50
46 275 68
46 297 97
46 306 52
46 312 6
46 322 43
46 330 70
46 332 37
46 335 50
46 344 36
46 347 74
46 349 29
46 350 7
46 364 47
46 366 98
46 370 37
46 374 49
46 379 84
46 380 68
46 384 32
46 400 51
46 402 98
46 404 76
46 412 67
46 420 7
46 424 91
46 431 56
46 439 22
46 453 60
46 472 57
46 487 47
46 488 9
46 493 82
46 498 3
46 514 33
46 532 93
46 536 85
46 538 52
46 545 47
46 547 57
46 549 100
46 584 34
46 588 19
46 600 63
46 613 31
46 629 48
46 639 89
46 641 38
46 644 12
46 661 51
46 667 75
46 669 78
46 672 64
46 682 55
46 691 60
46 693 40
46 696 87
46 701 31
46 708 45
46 731 81
46 739 24
46 745 35
46 767 15
46 769 75
46 775 5
46 776 93
46 777 49
46 795 41
46 801 82
46 828 21
46 829 51
46 834 78
46 850 88
46 852 49
46 855 85
46 857 27
46 858 18
46 867 41
46 879 18
46 896 22
46 899 40
46 906 78
46 920 45
46 955 30
46 959 93
46 963 67
46 968 67
46 970 69
46 984 87
46 988 81
46 989 61
46 997 46
47 61 94
47 67 54
47 83 58
47 108 90
47 114 12
47 127 99
47 139 94
47 196 79
47 198 36
47 233 39
47 237 51
47 238 61
47 249 3
47 254 63
47 261 27
47 266 42
47 269 65
47 285 57
47 289 98
47 291 37
47 293 15
47 334 69
47 406 70
47 413 99
47 416 62
47 421 73
47 422 57
47 427 82
47 428 12
47 434 100
47 441 75
47 449 67
47 455 92
47 463 18
47 465 58
47 471 18
47 483 61
47 490 79
47 496 45
47 504 97
47 522 55
47 573 34
47 579 64
47 595 49
47 623 19
47 625 13
47 663 64
47 675 92
47 715 54
47 741 23
47 751 59
47 755 91
47 763 17
47 764 100
47 796 29
47 812 87
47 831 88
47 833 70
47 837 1
47 846 16
47 849 72
47 864 71
47 877 57
47 878 27
47 888 39
47 900 41
47 901 36
47 923 43
47 926 19
47 934 9
47 940 61
47 957 69
47 979 67
47 983 29
47 986 9
47 987 91
47 995 92
48 49 60
48 66 71
48 98 80
48 99 71
48 113 66
48 118 67
48 124 34
48 137 82
48 138 86
48 140 91
48 148 23
48 157 98
48 167 18
48 172 70
48 173 16
48 176 19
48 179 90
48 187 99
48 197 70
48 199 93
48 203 55
48 211 22
48 216 16
48 219 93
48 224 94
48 239 56
48 260 100
48 294 33
48 301 74
48 302 98
48 304 96
48 308 31
48 309 92
48 315 24
48 317 53
48 320 23
48 325 75
48 353 23
48 357 94
48 382 41
48 397 76
48 399 23
48 409 26
48 411 60
48 417 84
48 433 35
48 435 77
48 436 9
48 438 54
48 454 46
48 456 61
48 484 68
48 510 26
48 511 77
48 513 82
48 515 33
48 516 31
48 535 58
48 540 19
48 546 86
48 556 25
48 565 61
48 566 1
48 572 61
48 577 95
48 581 37
48 582 95
48 585 14
48 604 12
48 607 18
48 612 93
48 618 80
48 620 38
48 624 39
48 628 74
48 630 9
48 632 77
48 640 86
48 651 100
48 652 14
48 658 59
48 673 32
48 676 71
48 679 2
48 683 99
48 704 54
48 712 5
48 721 53
48 736 54
48 749 53
48 784 79
48 800 48
48 805 74
48 814 80
48 819 85
48 822 5
48 854 65
48 869 95
48 881 95
48 895 42
48 925 50
48 930 1
48 931 34
48 936 27
48 964 30
48 977 46
48 980 39
48 985 5
48 993 81
49 66 69
49 70 36
49 106 78
49 107 67
49 113 75
49 118 16
49 124 67
49 137 8
49 140 84
49 148 18
49 155 51
49 157 64
49 165 49
49 172 54
49 176 58
49 178 24
49 179 100
49 187 70
49 188 38
49 197 37
49 252 10
49 294 38
49 302 57
49 309 30
49 311 10
49 314 99
49 317 50
49 319 65
49 320 88
49 342 11
49 350 1
49 357 94
49 366 39
49 388 14
49 392 24
49 394 8
49 398 87
49 399 94
49 407 41
49 411 71
49 417 94
49 426 18
49 436 30
49 474 63
49 486 31
49 495 31
49 509 66
49 510 90
49 516 57
49 535 49
49 553 59
49 555 26
49 565 8
49 566 44
49 572 87
49 577 6
49 582 66
49 583 93
49 584 1
49 585 59
49 606 86
49 607 44
49 620 20
49 624 94
49 630 33
49 632 16
49 635 38
49 638 74
49 646 39
49 652 82
49 673 11
49 676 23
49 679 32
49 699 38
49 703 91
49 704 72
49 710 87
49 721 100
49 727 52
49 732 36
49 733 2
49 736 2
49 761 80
49 762 71
49 773 19
49 795 36
49 798 79
49 805 51
49 810 19
49 811 9
49 813 85
49 822 21
49 826 47
49 828 24
49 836 26
49 868 12
49 872 61
49 887 72
49 889 10
49 890 49
49 897 69
49 907 82
49 918 45
49 925 43
49 930 24
49 936 4
49 964 53
49 972 76
49 977 97
49 980 42
49 993 57
50 58 78
50 145 14
50 150 30
50 159 88
50 184 65
50 195 38
50 201 76
50 217 89
50 221 46
50 245 91
50 253 7
50 278 71
50 283 13
50 284 58
50 303 83
50 324 48
50 365 82
50 387 86
50 403 4
50 405 12
50 410 74
50 443 48
50 459 42
50 461 33
50 464 18
50 473 76
50 479 38
50 492 53
50 497 40
50 503 5
50 508 57
50 514 9
50 520 88
50 543 7
50 636 85
50 637 49
50 650 51
50 694 45
50 697 89
50 724 21
50 728 22
50 730 54
50 737 96
50 774 52
50 780 46
50 791 11
50 797 74
50 838 11
50 855 39
50 882 92
50 883 29
50 891 33
50 894 86
50 909 94
50 942 20
50 944 26
50 949 84
50 955 75
50 961 91
50 967 81
50 988 79
50 994 24
50 997 42
50 999 28
51 54 26
51 56 44
51 64 22
51 65 17
51 76 17
51 77 69
51 87 4
51 100 71
51 102 1
51 104 24
51 117 47
51 119 81
51 126 52
51 144 95
51 147 13
51 153 53
51 163 49
51 168 94
51 185 59
51 186 3
51 200 22
51 205 3
51 210 28
51 212 26
51 231 34
51 234 95
51 235 86
51 240 25
51 241 23
51 251 62
51 256 89
51 273 75
51 286 34
51 300 16
51 321 89
51 323 64
51 327 70
51 328 35
51 336 68
51 351 97
51 371 77
51 372 53
51 386 78
51 389 81
51 416 44
51 418 9
51 423 100
51 430 44
51 432 97
51 442 10
51 446 10
51 450 58
51 451 23
51 462 20
51 468 29
51 470 20
51 477 23
51 482 82
51 494 98
51 500 5
51 507 49
51 517 30
51 533 25
51 537 92
51 539 81
51 552 6
51 554 84
51 574 88
51 578 98
51 590 62
51 594 11
51 598 59
51 601 68
51 602 47
51 616 28
51 619 31
51 649 42
51 664 82
51 688 27
51 707 6
51 720 94
51 743 39
51 746 54
51 747 98
51 753 25
51 765 55
51 766 81
51 782 27
51 790 92
51 803 41
51 815 3
51 821 67
51 832 59
51 842 12
51 856 14
51 861 39
51 866 1
51 875 50
51 884 41
51 885 16
51 892 31
51 904 57
51 911 9
51 912 48
51 915 50
51 917 3
51 927 40
51 978 55
51 998 97
52 111 63
52 129 95
52 130 54
52 132 19
52 154 90
52 171 71
52 175 33
52 191 38
52 208 85
52 224 63
52 227 19
52 248 77
52 265 29
52 282 47
52 292 85
52 295 16
52 298 69
52 307 94
52 345 55
52 348 30
52 391 5
52 476 79
52 480 92
52 489 34
52 521 59
52 524 27
52 528 23
52 548 96
52 559 16
52 564 79
52 571 6
52 587 35
52 597 79
52 599 36
52 605 75
52 622 74
52 631 41
52 690 28
52 695 91
52 706 14
52 713 55
52 748 38
52 768 80
52 778 3
52 808 60
52 818 38
52 819 54
52 839 59
52 873 4
52 898 61
52 913 24
52 919 49
52 937 98
52 938 82
52 954 82
52 971 70
53 54 88
53 71 60
53 74 56
53 75 73
53 92 94
53 101 8
53 102 33
53 107 56
53 122 93
53 125 84
53 135 35
53 152 59
53 153 68
53 158 81
53 160 66
53 165 64
53 182 73
53 189 100
53 209 50
53 232 14
53 247 61
53 255 40
53 258 14
53 259 51
53 268 72
53 274 27
53 299 31
53 319 77
53 333 9
53 342 44
53 351 9
53 359 73
53 362 49
53 367 14
53 369 60
53 375 31
53 376 57
53 377 54
53 386 43
53 392 96
53 393 95
53 395 73
53 401 56
53 407 33
53 414 53
53 437 27
53 447 100
53 467 47
53 474 80
53 475 93
53 495 98
53 499 20
53 509 60
53 519 80
53 530 7
53 541 55
53 542 17
53 555 81
53 570 37
53 583 19
53 592 43
53 621 71
53 633 12
53 634 73
53 642 54
53 646 68
53 653 70
53 654 49
53 662 57
53 668 60
53 681 29
53 684 73
53 686 80
53 699 91
53 710 47
53 716 98
53 727 82
53 729 4
53 732 39
53 740 93
53 746 45
53 752 39
53 757 27
53 758 68
53 762 60
53 770 59
53 771 87
53 772 53
53 785 38
53 787 50
53 798 55
53 804 83
53 811 31
53 813 3
53 836 74
53 840 92
53 859 47
53 862 31
53 868 6
53 874 57
53 876 30
53 880 97
53 884 99
53 889 63
53 890 79
53 905 34
53 907 50
53 918 35
53 921 37
53 928 86
53 935 88
53 956 3
53 958 87
53 966 71
53 973 16
53 975 6
53 982 1
53 992 45
54 56 4
54 64 43
54 71 89
54 74 21
54 75 83
54 76 61
54 77 6
54 102 78
54 104 18
54 117 13
54 122 9
54 125 81
54 131 45
54 144 71
54 152 53
54 153 31
54 158 36
54 168 100
54 182 34
54 186 44
54 196 33
54 198 16
54 200 37
54 232 92
54 235 63
54 240 20
54 247 52
54 251 5
54 255 80
54 258 21
54 259 70
54 268 31
54 269 67
54 274 91
54 291 35
54 300 92
54 323 9
54 329 12
54 351 58
54 359 8
54 362 9
54 367 47
54 369 83
54 375 84
54 377 73
54 378 22
54 386 5
54 389 35
54 393 11
54 395 50
54 401 26
54 414 5
54 415 60
54 416 39
54 421 42
54 422 78
54 425 7
54 432 93
54 437 1
54 451 76
54 462 11
54 463 64
54 465 28
54 467 92
54 470 11
54 477 6
54 500 19
54 517 47
54 519 3
54 533 85
54 537 8
54 539 56
54 541 97
54 542 92
54 552 51
54 570 78
54 574 92
54 592 69
54 594 40
54 621 82
54 634 24
54 642 79
54 649 84
54 653 40
54 664 40
54 668 19
54 675 46
54 684 34
54 688 16
54 711 81
54 716 55
54 732 48
54 740 59
54 746 61
54 753 63
54 757 74
54 766 51
54 771 42
54 772 8
54 803 86
54 815 93
54 821 36
54 842 66
54 861 78
54 862 23
54 866 12
54 874 8
54 876 73
54 880 36
54 884 21
54 885 10
54 901 2
54 904 86
54 905 25
54 915 48
54 933 31
54 934 93
54 935 88
54 956 51
54 966 35
54 973 43
54 995 28
54 998 65
55 59 99
55 66 40
55 72 71
55 81 12
55 95 18
55 97 82
55 98 2
55 99 77
55 105 61
55 118 47
55 120 9
55 121 76
55 124 49
55 148 35
55 149 66
55 151 62
55 161 54
55 166 82
55 170 79
55 177 91
55 190 28
55 199 85
55 203 84
55 204 26
55 207 30
55 211 26
55 215 28
55 223 55
55 225 24
55 228 9
55 244 35
55 263 6
55 272 25
55 276 2
55 279 40
55 288 58
55 308 76
55 315 99
55 325 49
55 346 49
55 353 95
55 354 48
55 382 46
55 383 1
55 390 77
55 433 41
55 435 19
55 452 46
55 456 73
55 484 11
55 511 27
55 512 19
55 513 42
55 531 31
55 540 90
55 546 92
55 550 15
55 557 22
55 560 49
55 567 30
55 582 91
55 589 32
55 604 5
55 607 40
55 614 11
55 617 81
55 628 26
55 647 52
55 648 45
55 651 35
55 656 59
55 658 41
55 666 26
55 670 47
55 679 45
55 683 72
55 685 21
55 698 79
55 700 70
55 722 17
55 735 23
55 750 40
55 754 62
55 759 64
55 781 92
55 784 52
55 786 95
55 788 24
55 792 36
55 793 39
55 805 6
55 809 18
55 816 15
55 827 52
55 830 30
55 835 59
55 841 13
55 847 84
55 851 6
55 854 3
55 863 50
55 869 62
55 881 86
55 886 84
55 895 9
55 902 30
55 922 68
55 924 5
55 932 56
55 960 96
55 965 19
55 976 73
55 980 67
55 981 66
55 985 72
56 60 83
56 64 76
56 65 67
56 69 9
56 76 18
56 77 70
56 87 99
56 100 19
56 101 22
56 102 74
56 104 1
56 117 31
56 119 86
56 122 56
56 125 73
56 126 33
56 128 65
56 131 24
56 152 17
56 153 74
56 158 42
56 168 87
56 182 52
56 186 60
56 200 41
56 214 85
56 226 92
56 231 20
56 234 33
56 235 92
56 240 95
56 241 53
56 247 31
56 255 32
56 256 49
56 258 51
56 268 42
56 273 58
56 300 85
56 323 61
56 327 21
56 329 60
56 351 97
56 352 83
56 360 8
56 371 9
56 377 74
56 386 98
56 389 4
56 393 21
56 395 88
56 401 40
56 423 88
56 432 19
56 437 72
56 442 18
56 451 35
56 462 57
56 467 76
56 470 6
56 477 40
56 482 78
56 500 38
56 507 96
56 517 39
56 527 34
56 533 74
56 537 95
56 539 47
56 541 18
56 542 63
56 544 14
56 552 92
56 561 60
56 570 70
56 574 83
56 594 59
56 601 63
56 602 41
56 616 47
56 634 28
56 642 20
56 649 40
56 653 49
56 660 97
56 664 16
56 668 2
56 680 46
56 684 93
56 688 68
56 702 1
56 707 84
56 729 11
56 743 24
56 746 12
56 747 53
56 753 16
56 757 23
56 766 46
56 771 86
56 772 16
56 790 14
56 803 9
56 811 15
56 815 5
56 821 61
56 861 14
56 866 95
56 874 40
56 875 95
56 884 55
56 885 10
56 904 71
56 905 3
56 912 61
56 915 88
56 927 23
56 935 87
56 956 37
56 966 92
56 973 5
56 978 70
56 998 10
57 63 89
57 68 59
57 73 60
57 78 63
57 80 56
57 88 49
57 90 35
57 94 93
57 106 61
57 116 48
57 133 49
57 134 77
57 164 15
57 169 41
57 174 47
57 180 75
57 181 99
57 194 31
57 236 92
57 242 1
57 264 36
57 267 34
57 270 21
57 275 58
57 287 70
57 297 100
57 312 66
57 330 40
57 335 10
57 341 67
57 347 51
57 349 4
57 350 30
57 370 41
57 374 46
57 379 97
57 380 64
57 384 22
57 400 34
57 412 55
57 420 84
57 424 51
57 431 13
57 439 96
57 448 89
57 453 16
57 457 32
57 487 33
57 488 38
57 493 19
57 498 34
57 501 40
57 525 90
57 534 39
57 538 53
57 545 14
57 549 26
57 563 48
57 568 9
57 588 51
57 600 31
57 603 57
57 606 69
57 613 17
57 626 100
57 641 49
57 657 37
57 667 76
57 669 78
57 672 92
57 691 27
57 693 14
57 701 2
57 708 94
57 731 7
57 733 94
57 739 76
57 745 11
57 775 2
57 824 13
57 829 92
57 850 25
57 857 70
57 858 77
57 867 34
57 879 63
57 899 9
57 903 64
57 951 16
57 952 17
57 963 87
57 970 9
57 990 97
58 80 80
58 84 78
58 86 45
58 133 60
58 150 90
58 159 54
58 181 97
58 184 13
58 194 27
58 220 65
58 229 81
58 236 75
58 242 42
58 245 32
58 250 42
58 253 38
58 278 76
58 283 28
58 303 88
58 306 98
58 312 3
58 326 43
58 349 22
58 364 71
58 380 96
58 402 20
58 404 29
58 410 16
58 429 59
58 458 44
58 459 90
58 461 88
58 473 64
58 479 87
58 487 38
58 492 83
58 505 73
58 508 28
58 514 50
58 529 66
58 532 17
58 536 16
58 538 100
58 545 29
58 547 99
58 549 89
58 580 68
58 637 63
58 639 22
58 650 55
58 661 91
58 671 76
58 689 69
58 694 75
58 697 80
58 728 7
58 737 84
58 767 89
58 769 30
58 774 78
58 776 98
58 780 73
58 797 80
58 801 50
58 834 64
58 838 28
58 852 20
58 855 17
58 858 2
58 896 49
58 910 45
58 920 57
58 942 75
58 944 6
58 955 94
58 963 43
58 967 61
58 968 8
58 974 2
58 988 60
58 989 25
58 994 21
58 997 40
58 999 88
59 89 16
59 95 94
59 120 28
59 121 71
59 136 64
59 149 40
59 151 65
59 162 54
59 170 71
59 192 67
59 193 63
59 204 15
59 206 68
59 207 77
59 218 92
59 223 91
59 225 43
59 244 41
59 272 83
59 276 55
59 279 97
59 281 78
59 288 15
59 313 12
59 316 46
59 346 67
59 354 99
59 390 52
59 396 47
59 445 36
59 452 59
59 460 23
59 485 90
59 512 63
59 518 19
59 523 69
59 531 61
59 550 52
59 557 1
59 560 4
59 567 70
59 589 100
59 591 46
59 593 84
59 596 31
59 609 7
59 611 87
59 615 73
59 617 52
59 647 52
59 648 17
59 656 97
59 659 14
59 678 3
59 692 23
59 698 62
59 700 28
59 705 76
59 714 21
59 718 94
59 719 41
59 735 16
59 742 60
59 756 86
59 781 7
59 783 14
59 792 55
59 806 23
59 817 77
59 820 39
59 835 95
59 841 92
59 845 72
59 863 22
59 865 89
59 886 97
59 941 40
59 946 28
59 950 25
59 953 90
59 960 82
59 976 7
60 69 65
60 101 39
60 117 9
60 119 37
60 122 51
60 128 7
60 148 81
60 152 43
60 153 19
60 158 25
60 182 48
60 200 37
60 203 13
60 211 31
60 214 52
60 218 61
60 226 28
60 247 9
60 252 2
60 255 70
60 259 83
60 268 97
60 281 58
60 294 52
60 309 74
60 325 71
60 338 7
60 352 77
60 360 16
60 369 95
60 377 46
60 386 55
60 388 2
60 392 95
60 395 85
60 401 90
60 423 8
60 433 96
60 436 26
60 437 5
60 474 78
60 511 11
60 527 77
60 533 91
60 537 76
60 540 20
60 542 19
60 544 81
60 555 75
60 560 76
60 561 28
60 570 99
60 624 25
60 634 73
60 638 98
60 649 76
60 653 8
60 660 72
60 664 11
60 666 14
60 676 87
60 680 40
60 684 84
60 685 85
60 688 9
60 702 12
60 710 92
60 722 12
60 727 67
60 729 29
60 732 72
60 740 55
60 747 68
60 750 20
60 759 77
60 761 98
60 762 25
60 766 98
60 786 87
60 788 75
60 793 19
60 811 58
60 816 69
60 821 66
60 827 61
60 836 71
60 843 49
60 861 63
60 866 35
60 874 26
60 890 51
60 904 11
60 905 89
60 912 28
60 922 33
60 925 22
60 932 10
60 935 23
60 936 96
60 956 17
60 966 27
60 972 50
60 973 56
60 977 50
60 980 88
60 998 89
61 62 85
61 67 18
61 74 98
61 75 56
61 108 46
61 110 16
61 114 66
61 127 94
61 131 33
61 139 80
61 196 36
61 198 4
61 232 51
61 233 55
61 238 84
61 243 63
61 246 98
61 249 25
61 254 68
61 261 54
61 266 46
61 269 40
61 285 89
61 289 87
61 291 94
61 293 72
61 310 89
61 318 1
61 323 16
61 329 81
61 334 17
61 362 51
61 378 76
61 406 94
61 413 89
61 414 48
61 415 77
61 416 93
61 421 78
61 422 65
61 425 99
61 427 5
61 428 42
61 434 70
61 441 12
61 449 96
61 455 16
61 463 81
61 465 49
61 471 89
61 483 18
61 490 11
61 496 49
61 499 97
61 502 10
61 504 32
61 522 58
61 573 34
61 575 47
61 579 31
61 586 98
61 623 50
61 663 94
61 675 17
61 711 36
61 715 96
61 726 78
61 741 61
61 744 69
61 751 72
61 755 53
61 757 72
61 763 9
61 764 38
61 771 36
61 779 44
61 796 50
61 812 89
61 831 15
61 833 59
61 837 1
61 844 33
61 846 4
61 849 73
61 864 19
61 871 45
61 877 18
61 888 56
61 900 66
61 901 36
61 908 35
61 923 77
61 926 66
61 933 74
61 934 75
61 940 38
61 943 73
61 945 41
61 957 73
61 979 51
61 983 60
61 986 16
61 987 4
61 995 34
62 108 93
62 110 73
62 127 79
62 201 11
62 213 15
62 238 79
62 243 47
62 246 92
62 254 17
62 290 56
62 310 43
62 318 86
62 331 71
62 334 62
62 343 15
62 373 5
62 385 66
62 405 77
62 419 91
62 428 39
62 444 52
62 455 19
62 471 21
62 490 82
62 502 86
62 504 83
62 522 58
62 575 10
62 586 12
62 623 77
62 643 44
62 715 24
62 723 56
62 726 7
62 741 87
62 744 92
62 755 90
62 763 24
62 779 40
62 791 39
62 837 75
62 844 13
62 860 13
62 871 88
62 882 38
62 888 44
62 908 13
62 929 92
62 934 94
62 939 95
62 943 52
62 945 14
62 979 61
62 983 32
63 68 62
63 73 82
63 78 39
63 88 100
63 90 12
63 94 49
63 116 30
63 134 14
63 164 86
63 169 65
63 174 53
63 180 70
63 181 36
63 194 39
63 236 12
63 264 87
63 267 88
63 270 53
63 275 36
63 287 20
63 297 86
63 330 45
63 335 15
63 341 70
63 347 89
63 349 50
63 350 59
63 370 97
63 374 34
63 379 54
63 384 21
63 400 86
63 412 25
63 420 4
63 424 76
63 431 56
63 439 28
63 448 70
63 453 73
63 457 32
63 487 17
63 488 20
63 493 61
63 498 36
63 501 47
63 525 88
63 534 44
63 538 58
63 545 58
63 549 92
63 563 1
63 568 70
63 588 27
63 600 56
63 603 26
63 626 25
63 641 6
63 657 99
63 667 5
63 669 35
63 672 84
63 691 32
63 693 83
63 701 30
63 708 11
63 731 28
63 739 27
63 745 51
63 775 68
63 824 22
63 829 18
63 850 25
63 857 23
63 867 9
63 879 73
63 899 94
63 903 27
63 951 20
63 952 43
63 963 43
63 970 45
63 990 74
63 996 23
64 67 65
64 75 57
64 76 20
64 77 90
64 83 56
64 87 31
64 100 2
64 102 83
64 104 79
64 114 44
64 117 30
64 125 24
64 131 59
64 139 11
64 144 51
64 147 17
64 163 16
64 168 64
64 185 19
64 186 88
64 196 58
64 198 16
64 205 44
64 232 87
64 233 46
64 234 62
64 235 70
64 237 60
64 240 97
64 251 49
64 256 75
64 258 94
64 269 94
64 285 93
64 289 92
64 291 5
64 300 13
64 321 86
64 323 9
64 328 66
64 329 81
64 336 18
64 351 4
64 378 18
64 386 40
64 389 73
64 406 67
64 413 21
64 415 36
64 416 36
64 421 2
64 422 21
64 427 92
64 432 96
64 437 84
64 441 34
64 442 27
64 449 35
64 450 38
64 451 91
64 462 25
64 463 84
64 465 26
64 467 60
64 470 73
64 477 35
64 500 75
64 517 92
64 533 59
64 539 58
64 552 86
64 573 57
64 574 87
64 578 1
64 579 87
64 594 17
64 595 17
64 598 63
64 601 12
64 602 94
64 642 49
64 664 90
64 668 31
64 675 91
64 688 85
64 743 25
64 746 2
64 751 91
64 753 25
64 757 1
64 766 3
64 771 27
64 772 74
64 790 64
64 796 48
64 803 46
64 815 71
64 825 61
64 831 79
64 842 46
64 849 64
64 864 9
64 866 29
64 878 92
64 884 95
64 885 86
64 901 56
64 911 21
64 915 7
64 917 53
64 923 100
64 926 16
64 933 15
64 957 27
64 973 87
64 987 28
64 995 92
65 76 23
65 77 40
65 87 59
65 100 93
65 117 28
65 119 58
65 126 35
65 147 73
65 153 74
65 163 60
65 168 87
65 185 90
65 192 72
65 200 93
65 205 78
65 210 40
65 212 74
65 214 59
65 231 36
65 234 88
65 240 49
65 241 24
65 256 16
65 257 76
65 273 56
65 286 94
65 300 34
65 321 35
65 327 24
65 352 22
65 361 74
65 371 41
65 372 66
65 381 29
65 386 96
65 389 21
65 408 88
65 418 24
65 423 40
65 430 58
65 432 3
65 442 82
65 446 14
65 450 64
65 468 88
65 469 16
65 477 50
65 482 19
65 494 43
65 500 65
65 507 73
65 533 64
65 537 48
65 539 51
65 551 20
65 552 92
65 554 35
65 562 78
65 569 21
65 590 9
65 601 89
65 602 6
65 616 24
65 619 16
65 649 37
65 659 32
65 664 7
65 688 84
65 692 2
65 707 31
65 720 63
65 725 58
65 734 6
65 743 31
65 747 46
65 753 50
65 765 66
65 766 9
65 782 35
65 790 12
65 799 20
65 803 52
65 807 34
65 815 77
65 821 85
65 832 28
65 843 99
65 856 4
65 861 23
65 866 64
65 875 57
65 885 33
65 892 19
65 904 60
65 912 15
65 915 99
65 927 56
65 978 80
65 998 15
66 69 51
66 97 67
66 98 33
66 118 4
66 124 89
66 137 15
66 140 15
66 148 43
66 157 29
66 161 29
66 166 3
66 172 89
66 187 77
66 190 72
66 197 52
66 199 16
66 203 82
66 207 88
66 211 91
66 219 23
66 226 35
66 252 15
66 263 17
66 276 22
66 279 39
66 294 2
66 301 40
66 302 43
66 308 62
66 309 35
66 315 65
66 317 62
66 320 14
66 325 86
66 338 38
66 346 64
66 353 32
66 357 52
66 382 93
66 388 71
66 399 35
66 409 63
66 411 79
66 417 67
66 433 79
66 435 6
66 436 67
66 452 100
66 456 43
66 474 57
66 484 58
66 511 36
66 515 9
66 516 27
66 535 28
66 540 34
66 546 7
66 555 39
66 560 79
66 567 33
66 572 5
66 577 69
66 582 37
66 585 70
66 604 86
66 607 67
66 614 39
66 620 29
66 624 4
66 628 52
66 632 27
66 638 100
66 647 55
66 648 3
66 651 72
66 652 15
66 656 19
66 658 45
66 660 71
66 666 20
66 673 16
66 676 63
66 679 9
66 685 77
66 700 94
66 702 68
66 710 40
66 721 26
66 722 62
66 727 98
66 735 57
66 750 18
66 754 23
66 759 6
66 761 3
66 781 41
66 784 69
66 786 27
66 788 50
66 793 57
66 805 52
66 816 57
66 827 23
66 830 14
66 841 87
66 854 66
66 869 15
66 881 48
66 895 2
66 922 32
66 925 76
66 932 7
66 936 95
66 964 82
66 972 94
66 977 45
66 980 73
66 985 87
67 83 74
67 108 94
67 114 88
67 127 31
67 139 60
67 144 80
67 196 62
67 198 8
67 233 35
67 235 14
67 237 34
67 249 65
67 251 17
67 254 60
67 261 29
67 266 67
67 269 79
67 285 89
67 289 24
67 291 19
67 293 4
67 323 40
67 334 67
67 406 89
67 413 90
67 416 82
67 421 75
67 422 21
67 427 13
67 428 68
67 434 52
67 441 67
67 449 2
67 455 71
67 463 16
67 465 50
67 471 97
67 483 42
67 490 73
67 496 10
67 504 29
67 522 80
67 573 67
67 579 100
67 595 45
67 623 28
67 663 72
67 675 80
67 715 28
67 741 5
67 751 24
67 755 95
67 763 75
67 764 83
67 796 88
67 812 45
67 825 37
67 831 49
67 833 53
67 837 8
67 842 87
67 846 93
67 849 89
67 864 88
67 877 35
67 878 32
67 888 61
67 900 64
67 901 3
67 917 62
67 923 72
67 926 7
67 933 67
67 934 59
67 940 3
67 957 72
67 983 80
67 986 71
67 987 27
67 995 7
68 73 43
68 78 97
68 80 100
68 84 6
68 86 96
68 88 38
68 90 68
68 94 81
68 116 56
68 133 94
68 134 18
68 169 44
68 181 88
68 194 68
68 236 71
68 242 60
68 250 77
68 264 45
68 267 15
68 275 42
68 297 100
68 306 8
68 312 32
68 330 8
68 335 95
68 347 56
68 349 54
68 364 72
68 370 22
68 374 17
68 379 72
68 380 88
68 384 32
68 400 34
68 402 76
68 404 95
68 412 14
68 420 96
68 424 97
68 439 9
68 453 84
68 472 23
68 487 36
68 488 77
68 493 88
68 498 71
68 529 36
68 536 43
68 538 51
68 545 85
68 547 3
68 549 5
68 588 27
68 600 27
68 613 70
68 639 53
68 641 55
68 661 58
68 667 73
68 669 9
68 672 48
68 689 57
68 691 15
68 693 50
68 696 6
68 701 73
68 708 87
68 731 58
68 739 99
68 767 34
68 769 11
68 775 13
68 776 89
68 801 69
68 829 29
68 834 76
68 850 10
68 852 25
68 855 16
68 857 51
68 858 83
68 879 10
68 896 53
68 899 78
68 920 67
68 951 94
68 963 46
68 970 55
68 974 12
68 989 28
69 101 16
69 119 19
69 121 17
69 124 98
69 128 59
69 148 89
69 152 17
69 153 43
69 158 11
69 193 24
69 200 76
69 203 7
69 210 89
69 211 13
69 214 53
69 218 8
69 225 1
69 226 43
69 252 90
69 263 31
69 276 77
69 281 71
69 294 50
69 308 43
69 309 4
69 325 56
69 327 41
69 338 78
69 346 13
69 352 32
69 360 26
69 371 100
69 386 14
69 388 81
69 390 39
69 396 68
69 401 99
69 423 89
69 433 66
69 435 33
69 452 18
69 474 87
69 511 15
69 523 91
69 527 3
69 537 5
69 540 70
69 542 30
69 544 4
69 555 45
69 557 87
69 560 77
69 561 100
69 570 78
69 582 64
69 614 26
69 617 29
69 638 74
69 647 31
69 648 42
69 649 89
69 656 53
69 660 90
69 664 15
69 666 48
69 676 87
69 680 60
69 684 59
69 685 5
69 688 25
69 702 80
69 710 88
69 722 72
69 729 65
69 735 76
69 747 84
69 750 46
69 759 46
69 761 84
69 762 8
69 766 98
69 786 58
69 788 68
69 792 92
69 793 54
69 799 42
69 805 18
69 811 1
69 816 70
69 820 60
69 821 26
69 827 30
69 836 61
69 841 87
69 843 88
69 861 11
69 866 54
69 874 86
69 890 45
69 904 39
69 905 48
69 912 13
69 922 10
69 925 45
69 927 83
69 932 88
69 935 26
69 936 20
69 956 26
69 960 22
69 966 48
69 972 86
69 980 5
69 998 27
70 73 3
70 78 87
70 90 26
70 94 44
70 103 5
70 106 13
70 112 27
70 113 11
70 116 56
70 123 7
70 140 83
70 141 72
70 142 42
70 155 32
70 156 32
70 164 48
70 167 90
70 172 4
70 174 73
70 176 90
70 178 38
70 179 67
70 180 11
70 188 55
70 197 80
70 216 53
70 262 25
70 267 27
70 270 27
70 271 2
70 275 35
70 287 40
70 296 30
70 297 74
70 302 57
70 311 48
70 314 12
70 317 59
70 320 80
70 330 80
70 341 53
70 347 72
70 350 19
70 357 85
70 358 52
70 363 33
70 366 4
70 374 34
70 394 76
70 398 13
70 399 50
70 411 56
70 412 27
70 417 3
70 426 12
70 431 74
70 438 6
70 439 28
70 440 43
70 448 89
70 457 41
70 466 56
70 486 6
70 491 48
70 495 67
70 501 56
70 510 37
70 516 77
70 525 75
70 534 78
70 535 72
70 563 65
70 565 88
70 566 34
70 568 62
70 577 27
70 581 30
70 584 23
70 588 69
70 603 73
70 606 5
70 610 12
70 612 32
70 613 10
70 618 42
70 626 89
70 629 67
70 630 99
70 632 20
70 635 80
70 641 68
70 657 15
70 665 86
70 667 14
70 691 65
70 701 52
70 703 10
70 704 18
70 708 46
70 731 91
70 733 45
70 736 42
70 739 68
70 745 31
70 749 37
70 773 48
70 794 82
70 795 92
70 800 97
70 810 5
70 822 43
70 824 80
70 826 82
70 857 44
70 867 80
70 872 64
70 887 95
70 897 11
70 899 98
70 903 31
70 914 75
70 930 35
70 951 39
70 952 29
70 964 7
70 984 63
70 990 43
70 993 66
70 996 86
71 74 54
71 75 22
71 92 39
71 93 22
71 102 59
71 122 24
71 125 76
71 131 26
71 135 73
71 152 78
71 158 97
71 160 4
71 165 17
71 182 58
71 189 39
71 198 74
71 209 100
71 232 14
71 247 65
71 255 96
71 258 3
71 259 73
71 268 71
71 274 94
71 291 22
71 299 3
71 319 98
71 324 59
71 329 16
71 333 18
71 337 37
71 342 42
71 351 81
71 359 67
71 362 44
71 367 73
71 369 39
71 373 22
71 375 34
71 376 25
71 377 12
71 378 28
71 385 6
71 393 66
71 395 48
71 401 63
71 414 96
71 415 38
71 425 86
71 437 7
71 444 30
71 447 73
71 467 19
71 470 36
71 475 79
71 499 66
71 509 79
71 519 35
71 520 64
71 530 9
71 541 33
71 542 40
71 570 20
71 583 35
71 592 7
71 621 12
71 633 1
71 634 76
71 642 15
71 646 49
71 653 18
71 654 11
71 662 41
71 668 3
71 681 90
71 684 32
71 686 86
71 711 16
71 716 2
71 726 61
71 732 45
71 740 82
71 746 38
71 752 28
71 757 64
71 758 44
71 770 85
71 771 75
71 772 67
71 785 5
71 787 66
71 798 53
71 804 12
71 813 32
71 836 82
71 840 58
71 844 47
71 859 56
71 860 84
71 862 34
71 868 95
71 874 30
71 876 83
71 880 30
71 884 50
71 890 87
71 893 93
71 901 3
71 905 89
71 908 76
71 918 16
71 921 23
71 928 39
71 933 23
71 934 40
71 935 38
71 945 29
71 958 26
71 969 60
71 973 97
71 975 82
71 982 59
71 992 98
71 995 87
72 81 95
72 95 95
72 97 69
72 98 39
72 99 79
72 105 54
72 120 40
72 121 67
72 149 92
72 151 43
72 161 51
72 166 35
72 170 97
72 177 30
72 190 3
72 199 5
72 204 71
72 207 69
72 215 96
72 223 29
72 228 56
72 244 25
72 263 10
72 272 76
72 276 83
72 279 32
72 288 55
72 315 7
72 346 100
72 353 50
72 354 71
72 383 86
72 452 31
72 512 26
72 513 50
72 531 46
72 546 33
72 550 78
72 567 59
72 589 55
72 604 21
72 627 1
72 628 16
72 647 4
72 648 93
72 651 28
72 656 69
72 658 46
72 670 15
72 683 28
72 698 7
72 700 57
72 719 41
72 754 13
72 781 19
72 784 50
72 792 5
72 809 70
72 830 41
72 835 52
72 841 93
72 847 69
72 851 45
72 853 69
72 854 1
72 863 62
72 869 73
72 881 94
72 886 89
72 895 25
72 902 8
72 924 75
72 965 20
72 976 85
72 981 17
72 985 89
73 78 94
73 90 85
73 94 64
73 106 65
73 112 72
73 116 64
73 123 67
73 134 12
73 142 90
73 155 56
73 156 95
73 164 56
73 169 87
73 174 18
73 180 80
73 194 2
73 262 38
73 264 20
73 267 92
73 270 87
73 271 14
73 275 24
73 287 71
73 296 35
73 297 36
73 314 47
73 330 80
73 335 58
73 341 54
73 347 41
73 349 31
73 350 71
73 358 69
73 370 6
73 374 28
73 379 9
73 384 59
73 394 23
73 398 94
73 412 31
73 420 65
73 424 47
73 431 60
73 439 39
73 448 3
73 453 56
73 457 4
73 488 10
73 491 94
73 493 13
73 498 98
73 501 84
73 525 60
73 534 64
73 538 51
73 563 78
73 568 85
73 588 56
73 600 76
73 603 71
73 606 34
73 626 36
73 641 42
73 657 38
73 665 30
73 667 56
73 672 86
73 691 65
73 693 28
73 701 17
73 703 49
73 708 93
73 731 99
73 733 90
73 739 48
73 745 13
73 773 34
73 794 20
73 795 6
73 824 45
73 829 57
73 857 18
73 867 42
73 879 78
73 899 92
73 903 86
73 914 62
73 951 61
73 952 14
73 990 6
73 996 1
74 75 84
74 92 53
74 93 75
74 110 63
74 125 71
74 127 66
74 131 69
74 135 40
74 182 87
74 189 41
74 195 57
74 198 16
74 201 11
74 209 68
74 213 9
74 232 43
74 238 73
74 254 11
74 255 58
74 258 42
74 268 87
74 274 83
74 284 68
74 285 64
74 290 13
74 291 90
74 299 20
74 318 62
74 324 59
74 329 89
74 331 61
74 334 52
74 343 63
74 359 18
74 362 92
74 367 73
74 369 91
74 373 9
74 375 36
74 376 36
74 377 29
74 378 13
74 385 60
74 393 62
74 395 43
74 403 54
74 405 96
74 414 1
74 415 88
74 422 97
74 425 30
74 428 56
74 444 3
74 447 3
74 465 23
74 467 75
74 471 7
74 475 8
74 490 99
74 499 79
74 502 4
74 519 65
74 520 46
74 530 75
74 541 59
74 575 14
74 592 100
74 621 65
74 633 22
74 642 76
74 643 8
74 653 1
74 662 60
74 668 65
74 681 98
74 711 2
74 716 52
74 726 5
74 740 36
74 741 36
74 744 44
74 752 81
74 757 94
74 758 16
74 770 67
74 771 79
74 772 64
74 779 11
74 787 96
74 791 52
74 804 52
74 831 70
74 837 32
74 840 12
74 844 29
74 860 86
74 862 80
74 871 60
74 876 24
74 880 7
74 883 16
74 884 22
74 888 30
74 893 43
74 894 44
74 901 80
74 908 99
74 921 66
74 928 88
74 933 54
74 934 32
74 939 78
74 945 34
74 949 83
74 958 2
74 969 60
74 973 68
74 975 12
74 979 100
74 992 35
74 995 64
75 76 87
75 93 91
75 102 41
75 114 99
75 125 71
75 127 67
75 131 35
75 139 9
75 182 65
75 186 24
75 189 18
75 196 9
75 198 11
75 232 52
75 233 62
75 235 51
75 247 88
75 254 71
75 255 36
75 258 90
75 268 47
75 269 66
75 274 98
75 285 52
75 289 73
75 291 26
75 318 57
75 323 84
75 329 15
75 334 42
75 351 56
75 359 46
75 362 63
75 367 65
75 369 13
75 373 87
75 375 2
75 376 37
75 377 46
75 378 52
75 385 24
75 393 68
75 395 33
75 406 58
75 414 82
75 415 67
75 416 53
75 421 96
75 422 100
75 425 33
75 427 64
75 428 53
75 437 61
75 441 45
75 444 8
75 447 85
75 449 20
75 451 5
75 462 89
75 463 20
75 465 43
75 467 87
75 470 9
75 471 54
75 490 56
75 499 20
75 502 59
75 517 91
75 519 50
75 541 80
75 552 42
75 574 44
75 592 96
75 594 12
75 621 70
75 634 60
75 642 31
75 653 12
75 662 62
75 663 46
75 668 22
75 675 90
75 711 69
75 715 46
75 716 22
75 726 14
75 740 79
75 741 58
75 744 8
75 746 15
75 752 34
75 757 58
75 758 33
75 770 80
75 771 92
75 772 75
75 779 70
75 815 88
75 831 12
75 837 46
75 844 43
75 849 67
75 860 90
75 862 38
75 871 78
75 876 65
75 880 41
75 884 91
75 888 91
75 901 32
75 908 57
75 933 46
75 934 77
75 945 45
75 957 41
75 958 28
75 973 75
75 979 45
75 992 60
75 995 95
76 77 20
76 87 23
76 100 3
76 102 6
76 104 37
76 117 5
76 125 16
76 131 90
76 144 39
76 147 19
76 152 32
76 153 8
76 158 3
76 168 30
76 182 8
76 185 52
76 186 9
76 196 22
76 198 72
76 200 81
76 205 58
76 232 91
76 234 61
76 235 23
76 240 97
76 241 1
76 247 38
76 251 71
76 255 75
76 256 1
76 258 65
76 269 15
76 291 84
76 300 78
76 321 79
76 323 99
76 329 85
76 351 52
76 371 56
76 377 15
76 378 42
76 386 5
76 389 61
76 393 20
76 395 90
76 401 3
76 415 18
76 416 42
76 421 70
76 422 56
76 423 89
76 432 38
76 437 85
76 441 28
76 442 5
76 451 39
76 462 46
76 463 20
76 465 5
76 467 92
76 470 25
76 477 77
76 500 35
76 517 94
76 533 38
76 537 94
76 539 34
76 541 82
76 542 32
76 552 27
76 574 30
76 594 12
76 598 8
76 601 5
76 602 18
76 634 84
76 642 91
76 649 69
76 653 29
76 664 21
76 668 18
76 675 62
76 688 20
76 743 45
76 746 63
76 751 91
76 753 37
76 757 2
76 766 40
76 771 8
76 772 68
76 790 44
76 803 52
76 815 77
76 821 24
76 825 80
76 842 46
76 861 78
76 866 17
76 876 86
76 884 56
76 885 15
76 901 60
76 904 70
76 905 11
76 912 84
76 915 68
76 926 1
76 933 63
76 956 53
76 966 78
76 973 99
76 978 7
76 998 80
77 87 38
77 100 87
77 102 86
77 104 56
77 117 6
77 119 29
77 126 20
77 131 90
77 144 59
77 147 26
77 152 1
77 153 63
77 163 1
77 168 15
77 185 36
77 186 11
77 200 54
77 205 93
77 212 13
77 231 64
77 234 58
77 235 66
77 240 32
77 241 56
77 247 44
77 251 19
77 256 62
77 258 61
77 269 31
77 273 26
77 300 10
77 321 12
77 323 74
77 327 96
77 328 69
77 329 53
77 336 81
77 351 22
77 371 38
77 386 74
77 389 68
77 395 82
77 416 64
77 421 75
77 423 27
77 430 94
77 432 3
77 437 13
77 442 47
77 446 18
77 450 36
77 451 3
77 462 67
77 463 90
77 470 27
77 477 68
77 482 79
77 500 54
77 507 42
77 517 96
77 533 31
77 537 7
77 539 20
77 552 39
77 554 92
77 574 93
77 578 69
77 594 72
77 598 65
77 601 78
77 602 7
77 616 31
77 619 1
77 634 53
77 649 26
77 653 59
77 664 85
77 668 64
77 675 91
77 688 25
77 707 65
77 743 22
77 746 92
77 747 93
77 751 73
77 753 17
77 757 94
77 766 37
77 771 53
77 772 10
77 790 4
77 803 12
77 815 92
77 821 94
77 825 68
77 842 83
77 861 77
77 866 26
77 875 79
77 884 96
77 885 33
77 904 1
77 911 91
77 912 63
77 915 73
77 917 3
77 973 47
77 978 28
77 998 50
78 90 62
78 94 96
78 106 38
78 116 32
78 123 47
78 134 46
78 142 10
78 155 56
78 156 86
78 164 63
78 169 20
78 174 23
78 180 32
78 181 13
78 188 96
78 194 87
78 236 26
78 242 15
78 264 9
78 267 58
78 270 71
78 271 46
78 275 74
78 287 14
78 297 42
78 314 15
78 330 27
78 335 41
78 341 82
78 347 79
78 349 47
78 350 76
78 366 96
78 370 62
78 374 40
78 379 95
78 384 86
78 394 14
78 398 84
78 412 88
78 420 94
78 424 4
78 431 41
78 439 99
78 448 77
78 453 14
78 457 18
78 488 87
78 491 57
78 493 72
78 498 44
78 501 81
78 525 61
78 534 20
78 538 98
78 545 87
78 549 50
78 563 27
78 568 96
78 584 88
78 588 79
78 600 43
78 603 73
78 606 29
78 613 67
78 626 98
78 641 65
78 657 35
78 667 77
78 669 18
78 672 86
78 691 17
78 693 56
78 696 22
78 701 43
78 703 24
78 708 92
78 731 73
78 733 40
78 739 39
78 745 2
78 773 27
78 775 71
78 794 12
78 795 5
78 824 1
78 829 40
78 850 68
78 857 79
78 867 52
78 879 93
78 899 76
78 903 68
78 951 100
78 952 70
78 963 99
78 970 1
78 990 48
78 996 11
79 96 75
79 115 99
79 143 97
79 146 94
79 192 66
79 206 57
79 212 99
79 231 36
79 257 55
79 273 42
79 280 98
79 286 94
79 305 16
79 339 6
79 340 70
79 361 6
79 368 23
79 372 26
79 381 86
79 408 12
79 418 56
79 430 28
79 446 76
79 468 87
79 469 81
79 481 35
79 494 30
79 507 89
79 526 97
79 551 60
79 554 10
79 562 83
79 569 58
79 576 53
79 590 98
79 608 91
79 609 10
79 616 18
79 619 88
79 645 95
79 659 39
79 674 50
79 677 91
79 678 91
79 692 54
79 707 32
79 720 68
79 725 3
79 734 50
79 742 29
79 760 1
79 765 86
79 782 77
79 802 66
79 807 50
79 823 14
79 832 32
79 856 69
79 870 100
79 875 31
79 892 83
79 947 3
79 948 16
79 950 37
79 991 77
80 84 3
80 86 36
80 90 60
80 94 30
80 106 23
80 107 9
80 109 75
80 116 54
80 133 3
80 134 34
80 159 56
80 164 38
80 169 11
80 178 79
80 181 84
80 184 9
80 188 75
80 194 92
80 217 61
80 220 97
80 221 45
80 229 9
80 236 88
80 242 84
80 245 47
80 253 62
80 264 37
80 267 28
80 275 33
80 277 76
80 283 90
80 297 22
80 306 95
80 312 49
80 322 31
80 332 6
80 333 54
80 337 17
80 344 48
80 349 1
80 364 24
80 365 46
80 366 6
80 379 72
80 380 33
80 384 25
80 387 31
80 402 45
80 404 93
80 424 17
80 426 24
80 431 73
80 439 6
80 453 88
80 459 45
80 464 9
80 472 93
80 473 62
80 479 80
80 487 20
80 488 27
80 492 8
80 493 30
80 498 98
80 505 69
80 508 41
80 514 94
80 532 75
80 536 43
80 538 100
80 545 4
80 549 62
80 553 77
80 584 58
80 588 25
80 600 11
80 613 56
80 629 96
80 637 4
80 639 83
80 644 59
80 661 97
80 667 27
80 669 73
80 682 81
80 694 62
80 696 2
80 708 65
80 709 4
80 717 11
80 728 28
80 730 66
80 731 25
80 739 85
80 767 1
80 769 57
80 774 47
80 775 46
80 776 63
80 777 98
80 780 32
80 785 31
80 795 87
80 797 12
80 801 25
80 828 48
80 829 67
80 834 66
80 838 29
80 852 16
80 855 16
80 857 22
80 858 98
80 859 68
80 889 91
80 896 86
80 899 82
80 906 23
80 920 9
80 942 67
80 955 51
80 959 71
80 962 77
80 963 77
80 968 70
80 970 15
80 974 42
80 984 60
80 988 46
80 989 92
80 997 21
81 95 63
81 97 56
81 98 25
81 99 27
81 105 2
81 120 54
81 149 71
81 151 86
81 161 91
81 166 41
81 170 3
81 177 14
81 190 51
81 199 8
81 204 95
81 207 1
81 208 69
81 215 20
81 219 87
81 224 94
81 228 61
81 260 8
81 272 67
81 288 79
81 292 69
81 298 57
81 315 80
81 353 55
81 382 21
81 383 31
81 454 69
81 456 90
81 513 8
81 524 25
81 531 14
81 546 92
81 567 61
81 597 88
81 604 17
81 627 23
81 651 20
81 658 10
81 670 4
81 683 98
81 695 78
81 700 38
81 754 18
81 781 35
81 784 56
81 809 1
81 830 34
81 847 98
81 851 41
81 853 12
81 854 53
81 869 71
81 881 83
81 895 57
81 902 81
81 924 13
81 965 30
81 976 26
81 981 70
81 985 45
82 96 1
82 115 87
82 136 87
82 146 83
82 202 44
82 206 6
82 230 30
82 280 15
82 305 94
82 313 3
82 339 10
82 340 34
82 368 30
82 445 13
82 460 27
82 481 41
82 485 38
82 526 35
82 576 16
82 591 21
82 596 5
82 608 29
82 609 21
82 611 11
82 615 25
82 645 83
82 655 12
82 674 76
82 677 2
82 678 33
82 705 22
82 718 2
82 742 92
82 756 18
82 760 55
82 802 58
82 806 1
82 845 80
82 865 51
82 870 3
82 947 15
82 948 23
82 950 10
82 953 81
82 991 80
83 100 49
83 104 48
83 114 57
83 139 36
83 144 50
83 163 69
83 185 45
83 186 70
83 196 44
83 205 90
83 233 69
83 234 2
83 235 15
83 237 55
83 240 27
83 249 57
83 251 35
83 256 32
83 269 1
83 289 95
83 300 33
83 321 5
83 323 33
83 328 62
83 336 99
83 406 19
83 413 92
83 416 7
83 421 92
83 422 30
83 427 57
83 441 2
83 442 57
83 449 3
83 450 15
83 451 58
83 463 31
83 465 59
83 539 78
83 573 49
83 578 74
83 579 70
83 595 52
83 598 30
83 601 91
83 675 75
83 751 2
83 753 7
83 796 79
83 812 100
83 825 19
83 833 83
83 842 87
83 846 88
83 849 34
83 864 29
83 878 91
83 885 30
83 911 43
83 917 38
83 923 100
83 926 37
83 957 10
83 986 74
83 987 52
84 86 54
84 88 15
84 94 29
84 109 76
84 133 57
84 134 39
84 150 41
84 159 80
84 169 85
84 181 21
84 184 83
84 194 11
84 217 15
84 220 58
84 229 44
84 236 83
84 242 86
84 245 91
84 250 13
84 253 70
84 264 69
84 277 62
84 278 15
84 283 23
84 303 100
84 306 53
84 312 16
84 322 27
84 326 97
84 332 37
84 344 98
84 349 100
84 364 86
84 365 63
84 379 49
84 380 12
84 384 80
84 387 43
84 400 72
84 402 79
84 404 20
84 410 76
84 429 97
84 453 33
84 458 44
84 459 12
84 461 27
84 464 60
84 472 7
84 473 23
84 479 14
84 487 61
84 488 58
84 492 33
84 493 11
84 498 82
84 505 21
84 508 27
84 514 36
84 529 83
84 532 95
84 536 59
84 538 72
84 545 41
84 547 43
84 549 3
84 580 1
84 588 34
84 600 92
84 613 6
84 637 60
84 639 35
84 644 7
84 650 92
84 661 24
84 669 28
84 671 100
84 682 18
84 689 40
84 694 57
84 696 45
84 697 52
84 717 90
84 724 14
84 728 16
84 730 36
84 767 86
84 769 37
84 774 19
84 775 62
84 776 53
84 777 84
84 780 33
84 797 30
84 801 52
84 829 9
84 834 71
84 838 82
84 850 27
84 852 8
84 855 67
84 858 86
84 896 2
84 906 54
84 920 64
84 942 34
84 955 73
84 959 78
84 963 39
84 967 93
84 968 53
84 970 50
84 974 72
84 984 69
84 988 31
84 989 97
84 994 57
84 997 74
84 999 64
85 91 86
85 103 72
85 112 54
85 123 57
85 129 95
85 132 45
85 138 29
85 141 28
85 142 2
85 167 10
85 173 50
85 183 11
85 191 32
85 216 9
85 222 87
85 227 89
85 239 26
85 248 99
85 262 8
85 265 26
85 270 75
85 271 14
85 295 25
85 296 41
85 304 1
85 307 41
85 341 52
85 345 29
85 348 90
85 355 60
85 356 8
85 358 46
85 363 26
85 391 55
85 397 69
85 438 47
85 440 55
85 466 85
85 476 23
85 478 26
85 480 19
85 489 14
85 491 84
85 506 50
85 521 58
85 528 91
85 548 16
85 556 44
85 558 2
85 559 75
85 581 53
85 610 49
85 612 73
85 631 59
85 640 85
85 665 23
85 687 42
85 690 35
85 712 64
85 738 16
85 748 83
85 749 9
85 778 44
85 789 12
85 794 58
85 800 13
85 808 17
85 814 96
85 819 50
85 822 3
85 839 61
85 848 39
85 913 8
85 914 51
85 916 50
85 919 25
85 931 90
85 938 63
85 954 35
85 993 66
85 996 54
86 88 16
86 109 95
86 133 71
86 150 90
86 159 53
86 181 65
86 184 96
86 194 95
86 220 84
86 229 51
86 236 89
86 242 41
86 245 6
86 250 57
86 253 62
86 264 45
86 278 78
86 283 55
86 303 6
86 306 20
86 312 14
86 322 11
86 326 57
86 332 79
86 344 44
86 349 79
86 364 51
86 365 85
86 379 51
86 380 72
86 384 33
86 400 98
86 402 79
86 404 99
86 410 99
86 429 10
86 453 18
86 458 80
86 459 7
86 461 28
86 464 95
86 472 27
86 473 34
86 479 94
86 487 30
86 488 4
86 492 74
86 493 64
86 498 75
86 505 57
86 508 40
86 514 68
86 529 100
86 532 83
86 536 16
86 538 72
86 545 97
86 547 1
86 549 40
86 580 93
86 637 72
86 639 90
86 644 43
86 650 66
86 661 23
86 669 14
86 671 76
86 682 55
86 689 33
86 694 40
86 696 97
86 697 22
86 724 77
86 728 59
86 730 39
86 737 67
86 767 72
86 769 82
86 774 91
86 775 7
86 776 51
86 777 92
86 780 9
86 797 25
86 801 67
86 829 56
86 834 18
86 838 19
86 852 82
86 855 96
86 858 70
86 896 69
86 910 68
86 920 82
86 942 28
86 944 89
86 955 81
86 963 41
86 967 22
86 968 66
86 970 40
86 974 90
86 988 37
86 989 42
86 994 15
86 997 65
86 999 3
87 100 43
87 104 82
87 117 54
87 119 100
87 126 97
87 144 42
87 147 13
87 153 16
87 163 42
87 168 98
87 185 95
87 186 93
87 200 97
87 205 88
87 210 22
87 212 33
87 231 83
87 234 66
87 235 84
87 240 70
87 241 89
87 251 33
87 256 84
87 273 45
87 286 18
87 300 45
87 321 5
87 327 50
87 328 1
87 336 71
87 371 28
87 372 69
87 386 25
87 389 3
87 418 46
87 423 85
87 430 42
87 432 43
87 442 75
87 446 9
87 450 8
87 462 45
87 468 90
87 469 53
87 470 62
87 477 88
87 482 14
87 494 1
87 500 97
87 507 78
87 517 51
87 533 84
87 537 48
87 539 87
87 552 78
87 554 17
87 574 78
87 578 56
87 590 62
87 594 72
87 598 9
87 601 87
87 602 92
87 616 76
87 619 26
87 649 92
87 664 20
87 688 66
87 707 3
87 720 43
87 725 29
87 743 25
87 747 88
87 753 49
87 765 88
87 766 21
87 782 41
87 790 18
87 803 9
87 815 72
87 821 29
87 832 71
87 842 14
87 856 86
87 866 96
87 875 43
87 885 75
87 892 96
87 904 34
87 911 32
87 912 65
87 915 47
87 917 52
87 927 37
87 978 27
87 998 7
88 133 80
88 134 96
88 169 81
88 181 95
88 194 65
88 229 52
88 236 66
88 250 84
88 264 47
88 306 84
88 312 40
88 326 64
88 335 25
88 349 23
88 364 99
88 370 55
88 379 48
88 384 58
88 400 68
88 404 36
88 420 54
88 424 70
88 453 99
88 458 45
88 487 78
88 488 78
88 493 95
88 498 95
88 505 55
88 529 91
88 538 5
88 545 10
88 547 66
88 549 57
88 588 26
88 600 70
88 639 71
88 661 89
88 671 30
88 672 23
88 689 24
88 693 84
88 767 50
88 775 34
88 776 20
88 801 4
88 829 50
88 834 87
88 850 84
88 852 78
88 857 69
88 858 59
88 879 96
88 896 45
88 910 72
88 920 2
88 963 23
88 974 41
88 989 39
89 96 18
89 119 7
89 121 47
89 136 45
89 162 18
89 192 25
89 193 35
89 206 66
89 210 86
89 214 43
89 218 7
89 223 8
89 225 53
89 231 90
89 244 6
89 257 69
89 273 77
89 281 58
89 305 22
89 313 22
89 316 47
89 327 25
89 339 98
89 340 39
89 346 12
89 352 88
89 354 9
89 361 65
89 368 65
89 381 99
89 390 98
89 396 51
89 408 50
89 418 77
89 445 94
89 452 54
89 460 63
89 468 53
89 469 92
89 481 3
89 485 91
89 494 77
89 512 77
89 518 8
89 523 80
89 550 93
89 551 8
89 557 37
89 560 25
89 562 17
89 569 27
89 576 40
89 591 70
89 593 77
89 596 48
89 608 60
89 609 35
89 611 29
89 615 27
89 616 78
89 617 23
89 645 100
89 659 88
89 678 14
89 692 23
89 698 63
89 705 19
89 707 26
89 714 47
89 718 99
89 719 92
89 725 90
89 735 64
89 742 3
89 747 1
89 756 27
89 760 94
89 765 34
89 783 89
89 788 98
89 792 54
89 793 45
89 799 88
89 806 38
89 807 69
89 817 34
89 820 60
89 843 42
89 845 78
89 863 50
89 865 46
89 870 38
89 875 37
89 886 32
89 892 48
89 927 50
89 941 17
89 946 44
89 950 11
89 953 47
89 960 81
89 991 57
90 94 3
90 106 58
90 107 46
90 109 76
90 113 97
90 116 57
90 134 86
90 155 40
90 156 86
90 164 72
90 165 8
90 176 9
90 178 85
90 179 13
90 180 94
90 188 5
90 194 12
90 220 9
90 236 87
90 242 55
90 264 53
90 267 99
90 275 27
90 287 2
90 297 68
90 311 74
90 314 2
90 322 86
90 330 57
90 332 24
90 344 24
90 347 58
90 350 94
90 366 47
90 374 71
90 379 99
90 380 99
90 384 49
90 394 22
90 398 92
90 402 18
90 407 50
90 412 9
90 424 39
90 426 37
90 431 85
90 439 76
90 448 4
90 453 77
90 457 32
90 472 24
90 486 20
90 487 78
90 488 80
90 493 76
90 495 9
90 498 91
90 510 31
90 534 78
90 536 27
90 538 7
90 545 78
90 549 80
90 553 2
90 563 39
90 565 57
90 568 46
90 584 22
90 588 2
90 603 77
90 606 32
90 613 7
90 626 97
90 629 83
90 630 1
90 635 47
90 641 28
90 644 87
90 667 68
90 669 24
90 682 66
90 691 16
90 693 58
90 696 99
90 699 58
90 701 63
90 703 59
90 704 95
90 708 55
90 731 14
90 733 82
90 739 98
90 745 5
90 773 2
90 777 81
90 795 33
90 810 33
90 813 32
90 826 61
90 828 74
90 829 42
90 857 36
90 867 24
90 872 2
90 887 17
90 889 9
90 897 87
90 899 23
90 906 27
90 920 29
90 930 84
90 952 98
90 959 28
90 962 33
90 963 100
90 970 9
90 984 60
90 990 73
91 103 24
91 112 17
91 129 89
91 132 54
91 138 62
91 141 70
91 167 14
91 173 63
91 175 66
91 183 40
91 191 5
91 216 4
91 222 17
91 227 99
91 239 55
91 248 54
91 262 91
91 265 5
91 282 3
91 295 38
91 296 6
91 304 93
91 307 48
91 345 93
91 348 82
91 355 25
91 356 52
91 358 42
91 363 98
91 391 57
91 397 88
91 438 12
91 440 98
91 466 68
91 476 5
91 478 1
91 480 99
91 489 31
91 506 83
91 521 27
91 528 86
91 548 10
91 556 98
91 558 38
91 559 58
91 571 51
91 581 6
91 587 62
91 599 16
91 605 30
91 610 19
91 612 51
91 631 88
91 640 62
91 665 13
91 687 55
91 690 83
91 712 95
91 738 26
91 748 64
91 749 10
91 778 97
91 789 35
91 800 35
91 808 72
91 814 64
91 819 6
91 839 56
91 848 50
91 873 66
91 913 11
91 916 41
91 919 26
91 931 14
91 938 72
91 954 73
91 971 5
92 93 37
92 107 12
92 109 22
92 122 5
92 135 95
92 145 85
92 160 73
92 165 81
92 178 80
92 182 25
92 189 36
92 209 33
92 217 30
92 221 94
92 245 13
92 255 26
92 259 55
92 268 41
92 274 91
92 277 3
92 283 20
92 284 73
92 299 94
92 311 53
92 319 99
92 322 78
92 324 93
92 332 24
92 333 93
92 337 11
92 342 100
92 344 49
92 359 72
92 365 53
92 366 42
92 367 48
92 369 68
92 375 86
92 376 81
92 377 22
92 385 48
92 387 36
92 393 77
92 403 92
92 407 55
92 414 13
92 443 34
92 444 12
92 447 97
92 464 14
92 472 83
92 473 12
92 475 64
92 486 66
92 495 40
92 509 78
92 514 15
92 519 37
92 520 24
92 530 29
92 532 35
92 541 35
92 543 4
92 553 32
92 583 23
92 592 27
92 621 42
92 629 24
92 633 81
92 644 29
92 646 42
92 654 81
92 662 5
92 681 55
92 682 21
92 686 18
92 699 35
92 709 81
92 716 16
92 717 14
92 724 85
92 730 30
92 732 70
92 740 9
92 752 30
92 758 23
92 770 74
92 777 85
92 785 39
92 787 24
92 798 77
92 804 17
92 813 14
92 828 51
92 836 65
92 838 22
92 840 87
92 859 22
92 860 30
92 862 28
92 868 47
92 876 96
92 880 85
92 889 64
92 890 30
92 893 54
92 894 53
92 906 89
92 908 38
92 918 66
92 921 89
92 928 29
92 949 96
92 958 89
92 959 87
92 961 70
92 962 51
92 969 42
92 975 19
92 982 75
92 984 99
92 992 89
93 110 68
93 135 16
93 145 92
93 160 1
93 189 68
93 195 16
93 198 40
93 201 7
93 209 90
93 213 58
93 217 9
93 221 84
93 232 5
93 238 18
93 274 90
93 284 10
93 285 15
93 290 90
93 291 28
93 318 61
93 324 68
93 331 77
93 333 78
93 337 3
93 343 18
93 359 100
93 362 68
93 365 56
93 367 58
93 373 92
93 375 100
93 376 38
93 378 18
93 385 70
93 387 30
93 403 69
93 405 72
93 414 72
93 419 100
93 425 82
93 428 55
93 443 20
93 444 14
93 447 23
93 464 46
93 475 36
93 490 80
93 497 76
93 499 39
93 502 31
93 503 38
93 519 100
93 520 5
93 530 12
93 541 31
93 543 63
93 575 46
93 586 87
93 592 95
93 621 55
93 633 38
93 636 99
93 642 10
93 643 30
93 654 2
93 662 97
93 681 96
93 711 19
93 716 94
93 723 2
93 724 17
93 726 29
93 741 23
93 744 48
93 752 38
93 758 7
93 770 78
93 779 59
93 787 98
93 791 62
93 804 43
93 837 51
93 840 24
93 844 36
93 860 67
93 862 58
93 871 24
93 876 8
93 880 66
93 882 14
93 883 53
93 888 64
93 893 8
93 894 55
93 901 72
93 908 51
93 909 98
93 928 42
93 929 2
93 934 30
93 939 59
93 943 19
93 945 62
93 949 64
93 958 29
93 961 12
93 969 22
93 975 86
93 979 54
93 992 71
93 995 11
94 106 16
94 107 79
94 109 4
94 116 90
94 134 64
94 155 58
94 159 9
94 164 81
94 165 59
94 178 2
94 181 38
94 188 99
94 194 89
94 220 96
94 236 67
94 242 95
94 264 70
94 267 45
94 275 85
94 277 19
94 297 3
94 311 59
94 312 24
94 314 74
94 322 33
94 330 26
94 332 95
94 344 66
94 347 27
94 349 27
94 350 79
94 364 19
94 366 24
94 370 47
94 374 24
94 379 32
94 380 90
94 384 99
94 394 50
94 398 85
94 402 11
94 412 35
94 424 69
94 426 44
94 431 8
94 439 48
94 448 76
94 453 9
94 472 78
94 486 16
94 487 7
94 488 57
94 493 56
94 495 25
94 498 88
94 514 53
94 532 64
94 534 30
94 536 26
94 538 60
94 545 36
94 549 100
94 553 5
94 563 31
94 565 15
94 568 8
94 584 92
94 588 58
94 600 53
94 603 50
94 606 80
94 613 46
94 626 50
94 629 49
94 635 72
94 641 66
94 644 71
94 667 7
94 669 91
94 682 22
94 691 15
94 693 39
94 696 66
94 699 26
94 701 8
94 703 82
94 704 88
94 708 65
94 709 78
94 717 35
94 731 55
94 733 100
94 739 66
94 745 6
94 769 72
94 773 36
94 777 77
94 785 40
94 795 51
94 813 100
94 826 6
94 828 95
94 829 84
94 857 51
94 859 82
94 867 38
94 872 4
94 887 75
94 889 41
94 896 100
94 897 32
94 899 21
94 906 45
94 920 36
94 930 63
94 952 97
94 959 65
94 962 43
94 963 25
94 968 19
94 970 48
94 984 1
94 990 27
95 97 5
95 105 9
95 120 84
95 121 66
95 149 42
95 151 1
95 161 24
95 166 53
95 170 21
95 177 71
95 190 17
95 204 66
95 207 11
95 215 30
95 223 20
95 228 65
95 244 87
95 263 76
95 272 78
95 276 46
95 279 86
95 288 28
95 316 25
95 346 71
95 354 61
95 383 53
95 390 11
95 452 13
95 512 57
95 518 21
95 531 84
95 550 75
95 557 58
95 567 9
95 589 80
95 611 84
95 617 10
95 647 97
95 648 62
95 651 38
95 656 44
95 658 93
95 670 46
95 698 73
95 700 53
95 719 10
95 735 55
95 754 63
95 756 53
95 781 27
95 792 40
95 830 45
95 835 3
95 841 28
95 847 30
95 851 72
95 854 39
95 863 44
95 886 44
95 902 12
95 924 68
95 941 85
95 960 84
95 965 60
95 976 91
96 115 50
96 136 57
96 143 98
96 146 90
96 162 30
96 202 11
96 206 100
96 230 87
96 257 68
96 280 93
96 305 63
96 313 52
96 316 80
96 339 52
96 340 88
96 361 33
96 368 56
96 381 30
96 408 36
96 445 29
96 460 51
96 481 87
96 485 64
96 518 99
96 526 35
96 551 73
96 562 90
96 569 16
96 576 29
96 591 81
96 596 85
96 608 96
96 609 88
96 611 38
96 615 79
96 645 71
96 655 93
96 659 36
96 674 1
96 677 93
96 678 26
96 692 62
96 705 87
96 714 30
96 718 75
96 734 8
96 742 69
96 756 62
96 760 97
96 802 66
96 806 51
96 823 22
96 845 35
96 865 18
96 870 69
96 941 5
96 947 50
96 948 46
96 950 23
96 953 60
96 991 65
97 98 2
97 99 32
97 105 96
97 118 55
97 120 19
97 124 40
97 149 56
97 151 78
97 161 85
97 166 75
97 170 87
97 177 54
97 190 43
97 199 79
97 203 63
97 204 9
97 207 45
97 208 46
97 211 36
97 215 24
97 219 45
97 224 84
97 228 30
97 260 41
97 263 26
97 272 2
97 276 81
97 279 50
97 288 68
97 308 36
97 315 44
97 325 86
97 353 11
97 382 55
97 383 93
97 409 29
97 433 45
97 435 50
97 452 48
97 454 47
97 456 52
97 484 55
97 513 76
97 515 18
97 531 36
97 546 35
97 567 97
97 572 89
97 589 91
97 597 46
97 604 91
97 607 22
97 614 86
97 627 21
97 628 48
97 647 57
97 648 17
97 651 23
97 656 25
97 658 78
97 670 32
97 683 1
97 700 72
97 721 63
97 754 28
97 781 55
97 784 31
97 805 29
97 809 62
97 830 68
97 841 6
97 847 49
97 851 57
97 853 88
97 854 57
97 869 5
97 881 89
97 886 46
97 895 90
97 902 68
97 924 69
97 965 55
97 976 84
97 981 73
97 985 33
98 99 11
98 105 68
98 118 36
98 120 29
98 121 32
98 124 5
98 137 65
98 148 2
98 149 84
98 151 2
98 157 84
98 161 82
98 166 34
98 177 1
98 190 45
98 197 1
98 199 46
98 203 52
98 204 29
98 207 41
98 208 29
98 211 40
98 215 76
98 219 26
98 224 40
98 228 51
98 260 100
98 263 41
98 272 67
98 276 81
98 279 9
98 288 85
98 294 13
98 308 55
98 315 93
98 325 36
98 346 48
98 353 51
98 382 48
98 383 48
98 409 2
98 433 85
98 435 80
98 436 69
98 452 28
98 454 95
98 456 66
98 484 64
98 511 67
98 513 36
98 515 32
98 516 48
98 531 1
98 540 30
98 546 62
98 550 85
98 567 81
98 572 41
98 582 69
98 585 2
98 589 24
98 604 55
98 607 12
98 614 99
98 620 30
98 627 89
98 628 66
98 647 83
98 648 87
98 651 74
98 652 15
98 656 43
98 658 36
98 666 76
98 670 53
98 673 89
98 676 42
98 679 35
98 683 84
98 698 34
98 700 69
98 721 63
98 722 8
98 735 49
98 754 5
98 759 82
98 781 26
98 784 93
98 786 21
98 788 11
98 792 49
98 805 69
98 809 41
98 816 90
98 827 55
98 830 14
98 841 43
98 847 18
98 851 37
98 853 70
98 854 80
98 869 62
98 881 13
98 886 42
98 895 34
98 902 48
98 922 78
98 924 11
98 925 94
98 965 8
98 976 14
98 980 56
98 981 98
98 985 100
99 105 40
99 118 79
99 120 42
99 138 61
99 157 11
99 161 45
99 166 34
99 173 83
99 177 11
99 190 96
99 191 47
99 199 97
99 207 65
99 208 98
99 215 92
99 219 12
99 224 2
99 227 63
99 228 62
99 260 68
99 263 45
99 265 89
99 282 50
99 292 8
99 298 68
99 301 96
99 304 25
99 308 12
99 315 88
99 348 51
99 353 24
99 382 41
99 383 65
99 397 68
99 409 48
99 454 69
99 456 10
99 484 85
99 513 73
99 515 13
99 524 8
99 546 4
99 564 3
99 572 31
99 597 97
99 599 15
99 604 7
99 607 9
99 627 87
99 628 83
99 640 18
99 651 8
99 658 62
99 670 40
99 673 17
99 683 93
99 690 47
99 695 99
99 700 68
99 721 81
99 754 68
99 784 34
99 808 33
99 809 72
99 814 36
99 818 62
99 819 71
99 830 15
99 847 58
99 851 30
99 853 79
99 854 92
99 869 51
99 881 50
99 895 45
99 902 70
99 913 73
99 924 55
99 931 84
99 938 81
99 965 73
99 971 31
99 976 85
99 981 4
99 985 13
100 102 65
100 104 17
100 117 20
100 126 70
100 144 18
100 147 35
100 163 17
100 168 76
100 185 5
100 186 54
100 200 63
100 205 17
100 212 22
100 231 48
100 234 79
100 235 43
100 237 92
100 240 5
100 241 69
100 251 18
100 256 97
100 269 21
100 273 12
100 286 12
100 300 42
100 321 3
100 323 46
100 327 66
100 328 72
100 336 2
100 371 87
100 372 66
100 389 90
100 416 62
100 430 18
100 432 78
100 442 4
100 446 100
100 450 71
100 451 72
100 462 58
100 470 89
100 477 89
100 482 47
100 500 45
100 507 43
100 517 55
100 533 72
100 539 81
100 552 6
100 554 76
100 574 76
100 578 42
100 590 70
100 594 26
100 598 42
100 601 3
100 602 45
100 616 54
100 619 32
100 649 73
100 664 82
100 675 76
100 688 100
100 743 31
100 751 14
100 753 91
100 766 51
100 790 48
100 803 73
100 815 49
100 825 62
100 842 36
100 856 68
100 866 78
100 878 72
100 885 79
100 911 93
100 912 19
100 915 34
100 917 70
100 926 24
100 978 40
101 122 61
101 124 90
101 128 57
101 140 61
101 148 37
101 152 39
101 153 73
101 158 75
101 182 1
101 187 100
101 200 59
101 203 34
101 211 1
101 214 92
101 226 82
101 247 7
101 252 50
101 255 36
101 259 62
101 268 92
101 294 71
101 309 34
101 319 38
101 325 56
101 338 96
101 342 43
101 352 59
101 360 64
101 369 26
101 377 29
101 386 6
101 388 10
101 392 17
101 393 47
101 395 89
101 401 96
101 423 100
101 433 14
101 435 65
101 436 31
101 437 74
101 474 20
101 509 16
101 511 91
101 519 99
101 527 82
101 537 40
101 540 8
101 542 9
101 544 98
101 555 36
101 560 92
101 561 66
101 570 11
101 582 15
101 624 31
101 634 29
101 638 78
101 646 6
101 653 86
101 660 32
101 666 48
101 676 84
101 680 33
101 684 91
101 685 73
101 688 50
101 702 78
101 710 53
101 722 31
101 727 33
101 729 94
101 732 30
101 740 97
101 747 14
101 750 98
101 759 86
101 761 23
101 762 11
101 766 51
101 786 89
101 788 43
101 793 85
101 805 52
101 811 62
101 816 11
101 821 97
101 827 48
101 836 64
101 861 52
101 874 41
101 890 37
101 904 97
101 905 28
101 907 78
101 921 73
101 922 31
101 925 72
101 932 36
101 935 92
101 936 62
101 956 4
101 964 42
101 966 75
101 972 84
101 973 100
101 977 74
101 980 31
101 998 89
102 104 67
102 117 19
102 122 70
102 125 81
102 131 59
102 144 81
102 152 8
102 153 53
102 158 95
102 168 18
102 182 21
102 186 6
102 198 55
102 200 3
102 232 45
102 234 56
102 235 71
102 240 24
102 247 72
102 251 48
102 255 95
102 258 22
102 268 67
102 269 14
102 274 64
102 291 2
102 300 3
102 323 67
102 329 81
102 351 43
102 359 6
102 362 10
102 369 84
102 371 27
102 375 21
102 377 63
102 378 72
102 386 48
102 389 86
102 393 12
102 395 98
102 401 19
102 415 65
102 416 78
102 421 10
102 422 9
102 423 9
102 425 55
102 432 22
102 437 27
102 442 29
102 451 63
102 462 90
102 463 82
102 465 53
102 467 60
102 470 67
102 477 96
102 500 72
102 517 75
102 519 16
102 533 14
102 537 8
102 539 68
102 541 3
102 542 84
102 552 87
102 570 88
102 574 53
102 594 30
102 598 94
102 634 48
102 642 53
102 649 31
102 653 34
102 664 7
102 668 35
102 675 86
102 684 30
102 688 85
102 711 2
102 716 1
102 740 12
102 743 33
102 746 80
102 751 13
102 753 29
102 757 99
102 766 22
102 771 97
102 772 67
102 790 71
102 803 29
102 815 89
102 821 64
102 842 89
102 861 41
102 866 80
102 874 62
102 876 86
102 880 83
102 884 26
102 885 60
102 901 38
102 904 13
102 905 16
102 912 82
102 915 12
102 933 76
102 935 1
102 956 54
102 966 39
102 973 62
102 978 42
102 995 90
102 998 19
103 112 55
103 123 5
103 129 29
103 132 61
103 138 39
103 141 96
103 142 28
103 156 5
103 167 46
103 173 1
103 174 41
103 176 46
103 180 17
103 183 26
103 216 83
103 222 12
103 239 23
103 262 54
103 270 66
103 271 65
103 287 31
103 296 74
103 304 97
103 307 17
103 341 92
103 355 46
103 356 93
103 358 23
103 363 68
103 394 48
103 438 43
103 440 83
103 448 45
103 457 5
103 466 23
103 478 88
103 480 5
103 489 72
103 491 7
103 501 26
103 506 45
103 521 82
103 525 82
103 534 10
103 548 68
103 556 30
103 558 17
103 559 78
103 563 49
103 568 66
103 581 76
103 603 92
103 610 56
103 612 36
103 618 94
103 626 29
103 640 87
103 657 19
103 665 68
103 687 32
103 712 97
103 736 95
103 738 20
103 749 61
103 789 77
103 794 41
103 800 63
103 814 47
103 822 76
103 824 39
103 848 57
103 903 49
103 914 41
103 916 6
103 919 27
103 952 58
103 990 66
103 993 4
103 996 34
104 114 2
104 117 49
104 126 65
104 131 14
104 139 35
104 144 8
104 147 49
104 163 19
104 168 31
104 185 28
104 186 74
104 196 21
104 200 64
104 205 92
104 233 53
104 234 28
104 235 46
104 237 31
104 240 89
104 251 50
104 256 41
104 258 58
104 269 97
104 289 69
104 300 18
104 321 80
104 323 84
104 328 49
104 329 83
104 336 66
104 351 99
104 371 22
104 386 75
104 389 21
104 406 1
104 413 99
104 415 41
104 416 50
104 421 70
104 422 26
104 427 28
104 432 41
104 441 71
104 442 25
104 449 22
104 450 48
104 451 8
104 462 69
104 463 74
104 465 94
104 470 83
104 477 35
104 500 27
104 517 49
104 533 92
104 539 79
104 552 75
104 574 90
104 578 40
104 579 69
104 594 15
104 595 85
104 598 72
104 601 74
104 602 15
104 664 60
104 668 79
104 675 77
104 688 96
104 743 41
104 746 8
104 751 98
104 753 97
104 757 5
104 766 21
104 771 25
104 772 33
104 790 91
104 796 45
104 803 40
104 815 52
104 825 67
104 842 53
104 864 82
104 866 12
104 878 31
104 884 25
104 885 14
104 911 5
104 915 66
104 917 41
104 923 29
104 926 42
104 933 24
104 957 61
104 978 55
104 987 2
105 120 15
105 121 97
105 149 42
105 151 34
105 161 94
105 166 91
105 170 79
105 177 57
105 190 77
105 204 29
105 207 83
105 215 82
105 223 12
105 228 86
105 244 57
105 263 22
105 272 24
105 279 84
105 288 15
105 346 28
105 353 40
105 354 23
105 383 100
105 452 60
105 512 90
105 531 69
105 546 67
105 550 11
105 567 85
105 589 77
105 627 7
105 647 37
105 648 90
105 651 21
105 658 94
105 670 91
105 683 9
105 698 93
105 700 32
105 719 18
105 754 9
105 781 12
105 809 14
105 830 80
105 835 63
105 847 85
105 851 95
105 853 44
105 854 94
105 863 56
105 881 58
105 886 23
105 902 55
105 924 7
105 965 20
105 976 20
105 981 3
106 107 70
106 109 70
106 113 98
106 116 22
106 123 31
106 134 42
106 155 56
106 156 71
106 164 73
106 165 71
106 176 2
106 178 10
106 179 85
106 180 28
106 188 66
106 194 1
106 220 36
106 236 95
106 242 28
106 267 29
106 275 92
106 287 79
106 297 49
106 311 97
106 314 51
106 320 19
106 322 60
106 330 93
106 332 32
106 344 89
106 347 10
106 350 68
106 366 52
106 374 50
106 379 43
106 380 51
106 394 14
106 398 95
106 402 71
106 407 24
106 412 2
106 417 5
106 424 30
106 426 83
106 431 88
106 439 1
106 448 24
106 453 67
106 457 96
106 472 91
106 486 75
106 488 64
106 495 91
106 498 8
106 510 19
106 534 25
106 536 48
106 538 98
106 545 33
106 549 84
106 553 25
106 563 42
106 565 76
106 566 29
106 568 20
106 583 5
106 584 17
106 588 68
106 603 24
106 606 77
106 613 14
106 626 62
106 629 31
106 630 72
106 635 99
106 641 18
106 644 83
106 667 98
106 669 3
106 682 39
106 686 42
106 691 52
106 696 39
106 699 25
106 701 94
106 703 37
106 704 35
106 708 19
106 731 23
106 733 11
106 739 12
106 745 72
106 773 79
106 777 27
106 785 24
106 795 23
106 810 94
106 813 99
106 826 14
106 828 40
106 829 69
106 857 11
106 867 91
106 872 1
106 887 42
106 889 84
106 897 18
106 899 89
106 906 80
106 918 1
106 930 94
106 952 60
106 959 65
106 962 5
106 963 34
106 970 84
106 984 4
106 990 72
107 109 32
107 113 71
107 135 30
107 145 76
107 160 68
107 164 41
107 165 68
107 178 48
107 188 15
107 189 80
107 209 46
107 217 40
107 220 91
107 221 34
107 242 98
107 259 51
107 275 20
107 277 64
107 299 50
107 311 79
107 314 36
107 319 62
107 322 86
107 324 38
107 332 56
107 333 17
107 337 40
107 342 43
107 344 49
107 365 69
107 366 77
107 376 47
107 380 5
107 387 73
107 392 28
107 398 54
107 402 92
107 407 78
107 426 11
107 431 100
107 447 18
107 464 92
107 472 87
107 473 100
107 475 79
107 486 26
107 488 83
107 495 42
107 509 2
107 514 83
107 519 90
107 530 38
107 532 31
107 536 95
107 553 41
107 565 90
107 583 90
107 584 2
107 613 77
107 621 65
107 629 41
107 630 95
107 633 93
107 635 62
107 644 87
107 646 14
107 654 75
107 662 75
107 667 20
107 669 7
107 681 5
107 682 27
107 686 65
107 696 73
107 699 3
107 703 69
107 704 7
107 708 92
107 709 46
107 717 96
107 727 41
107 730 76
107 731 93
107 732 70
107 733 25
107 773 75
107 777 17
107 785 59
107 795 39
107 798 30
107 804 42
107 810 31
107 813 58
107 826 32
107 828 21
107 838 13
107 840 80
107 859 10
107 868 61
107 872 91
107 887 41
107 889 5
107 893 51
107 897 91
107 906 21
107 907 17
107 918 26
107 921 96
107 928 64
107 930 92
107 958 11
107 959 59
107 962 18
107 968 11
107 970 10
107 975 62
107 982 60
107 984 29
108 110 99
108 114 38
108 127 73
108 139 23
108 198 99
108 233 3
108 238 3
108 243 3
108 246 65
108 249 15
108 254 68
108 261 38
108 266 83
108 285 51
108 289 50
108 291 13
108 293 34
108 310 2
108 318 43
108 334 41
108 406 75
108 413 64
108 422 20
108 427 27
108 428 5
108 434 69
108 449 92
108 455 60
108 471 12
108 483 24
108 490 23
108 496 68
108 502 74
108 504 20
108 522 37
108 573 47
108 575 8
108 586 83
108 623 34
108 625 77
108 663 10
108 715 97
108 741 34
108 744 77
108 755 58
108 763 43
108 764 30
108 779 13
108 796 85
108 812 41
108 831 7
108 833 6
108 837 45
108 844 46
108 846 95
108 849 27
108 864 74
108 871 59
108 877 2
108 888 20
108 900 54
108 901 3
108 923 93
108 934 16
108 940 15
108 943 28
108 957 68
108 979 53
108 983 52
108 986 57
108 995 77
109 116 53
109 145 50
109 159 40
109 160 90
109 164 39
109 165 26
109 178 82
109 181 23
109 184 51
109 188 91
109 194 88
109 217 5
109 220 67
109 221 1
109 236 83
109 242 2
109 245 43
109 253 95
109 264 46
109 267 14
109 275 75
109 277 14
109 283 46
109 297 36
109 306 27
109 312 99
109 322 43
109 332 65
109 333 11
109 337 35
109 344 3
109 349 12
109 364 34
109 365 35
109 366 65
109 379 67
109 380 78
109 384 80
109 387 2
109 402 4
109 404 10
109 424 36
109 426 30
109 431 54
109 439 33
109 453 85
109 459 4
109 464 16
109 472 39
109 473 29
109 475 87
109 479 38
109 486 24
109 487 41
109 488 92
109 492 62
109 495 31
109 498 5
109 508 51
109 514 34
109 530 71
109 532 94
109 536 87
109 538 37
109 543 86
109 545 31
109 549 72
109 553 2
109 584 97
109 588 10
109 613 52
109 629 6
109 637 55
109 644 63
109 654 61
109 667 37
109 669 34
109 682 28
109 686 35
109 694 36
109 696 29
109 697 37
109 699 68
109 708 49
109 709 84
109 717 88
109 724 62
109 730 75
109 731 60
109 733 98
109 739 84
109 769 4
109 774 60
109 777 43
109 780 58
109 785 85
109 795 52
109 797 18
109 798 61
109 804 52
109 813 93
109 828 32
109 829 51
109 838 89
109 855 19
109 859 21
109 887 50
109 889 16
109 896 80
109 899 84
109 906 33
109 918 9
109 920 90
109 928 8
109 942 70
109 955 52
109 959 17
109 961 34
109 962 85
109 963 43
109 967 91
109 968 85
109 970 45
109 984 32
109 988 30
109 989 57
109 997 98
109 999 63
110 127 94
110 195 54
110 198 40
110 201 53
110 213 75
110 238 22
110 243 83
110 246 99
110 254 69
110 284 40
110 285 7
110 290 49
110 310 23
110 318 63
110 331 72
110 334 14
110 343 88
110 362 55
110 367 32
110 373 8
110 378 52
110 385 14
110 403 46
110 405 64
110 414 89
110 419 72
110 425 90
110 428 62
110 444 24
110 471 61
110 490 68
110 499 69
110 502 56
110 503 22
110 504 39
110 520 16
110 575 58
110 586 70
110 643 82
110 711 55
110 715 46
110 723 50
110 726 97
110 741 51
110 744 58
110 752 76
110 755 95
110 758 26
110 763 37
110 770 61
110 779 10
110 787 85
110 791 54
110 837 91
110 844 97
110 860 68
110 871 97
110 880 30
110 882 73
110 883 39
110 888 74
110 894 94
110 908 49
110 929 68
110 934 88
110 939 5
110 943 78
110 945 32
110 949 68
110 969 12
110 979 25
110 983 29
110 995 38
111 129 52
111 130 7
111 132 67
111 154 53
111 171 47
111 175 14
111 191 88
111 208 76
111 224 67
111 227 35
111 248 34
111 265 59
111 282 79
111 292 88
111 295 11
111 298 99
111 345 100
111 348 8
111 391 44
111 476 10
111 480 90
111 489 48
111 521 6
111 524 78
111 528 41
111 548 92
111 559 42
111 564 57
111 571 37
111 587 91
111 597 22
111 599 28
111 605 74
111 622 99
111 631 41
111 690 16
111 695 87
111 706 89
111 713 23
111 748 82
111 768 13
111 778 13
111 808 20
111 818 47
111 819 53
111 839 94
111 873 87
111 898 88
111 913 70
111 919 90
111 937 60
111 938 17
111 954 7
111 971 55
112 123 50
112 138 67
112 141 98
112 142 15
112 155 82
112 156 93
112 167 95
112 174 100
112 176 48
112 179 94
112 180 85
112 183 51
112 216 47
112 222 32
112 239 53
112 262 46
112 267 72
112 270 14
112 271 64
112 287 92
112 296 73
112 297 79
112 301 34
112 304 37
112 314 5
112 317 45
112 330 43
112 341 63
112 347 26
112 350 72
112 355 65
112 356 97
112 358 6
112 363 17
112 374 95
112 394 96
112 398 24
112 399 10
112 412 51
112 438 86
112 439 86
112 440 92
112 448 96
112 457 1
112 466 77
112 478 95
112 491 47
112 501 97
112 506 21
112 510 27
112 525 8
112 534 60
112 535 64
112 556 94
112 558 7
112 563 61
112 566 58
112 568 17
112 581 31
112 603 55
112 606 17
112 610 85
112 612 100
112 618 78
112 626 5
112 635 71
112 641 16
112 657 15
112 665 57
112 687 69
112 691 38
112 701 41
112 703 67
112 704 58
112 712 35
112 733 17
112 736 52
112 738 4
112 745 21
112 749 97
112 773 48
112 789 93
112 794 87
112 800 15
112 814 70
112 822 45
112 824 28
112 826 54
112 848 16
112 867 82
112 899 64
112 903 1
112 914 13
112 916 8
112 951 22
112 952 81
112 990 63
112 993 2
112 996 33
113 137 98
113 140 58
113 148 84
113 155 16
113 164 78
113 165 88
113 172 25
113 176 27
113 178 94
113 179 93
113 187 33
113 188 51
113 197 39
113 259 83
113 275 17
113 294 34
113 302 89
113 309 82
113 311 28
113 314 66
113 317 5
113 319 84
113 320 76
113 342 36
113 350 55
113 357 59
113 366 14
113 388 32
113 392 37
113 394 51
113 398 18
113 399 69
113 407 71
113 411 73
113 417 64
113 426 9
113 431 13
113 436 91
113 474 81
113 486 23
113 495 12
113 509 50
113 510 2
113 516 78
113 535 21
113 553 1
113 555 79
113 565 61
113 566 92
113 577 83
113 582 88
113 583 75
113 584 37
113 585 51
113 606 91
113 620 46
113 624 31
113 629 27
113 630 17
113 632 69
113 635 83
113 646 32
113 652 51
113 676 45
113 679 71
113 686 61
113 699 87
113 703 78
113 704 14
113 708 60
113 710 7
113 727 66
113 732 28
113 733 13
113 761 89
113 762 23
113 773 9
113 795 95
113 798 18
113 810 34
113 811 30
113 813 9
113 826 79
113 828 88
113 836 43
113 867 83
113 868 80
113 872 30
113 887 92
113 889 56
113 890 70
113 897 34
113 907 79
113 918 42
113 921 9
113 925 20
113 930 82
113 936 26
113 959 87
113 962 58
113 964 88
113 972 95
113 977 41
113 982 54
113 993 70
114 127 11
114 131 35
114 139 60
114 144 63
114 186 4
114 196 56
114 198 65
114 232 69
114 233 50
114 235 3
114 237 55
114 240 28
114 249 24
114 251 58
114 254 36
114 261 72
114 266 42
114 269 3
114 285 8
114 289 45
114 291 73
114 300 73
114 323 99
114 329 43
114 334 5
114 336 54
114 378 60
114 406 48
114 413 98
114 415 72
114 416 21
114 421 27
114 422 83
114 425 4
114 427 60
114 428 67
114 434 29
114 441 75
114 449 17
114 451 92
114 455 81
114 462 15
114 463 27
114 465 76
114 471 94
114 490 15
114 496 85
114 504 4
114 517 50
114 522 67
114 539 26
114 573 14
114 574 35
114 579 100
114 594 88
114 595 14
114 598 97
114 623 92
114 663 30
114 675 68
114 715 29
114 741 8
114 751 40
114 753 10
114 755 44
114 757 52
114 763 85
114 771 82
114 796 97
114 812 53
114 825 89
114 831 87
114 833 53
114 837 21
114 842 54
114 846 18
114 849 23
114 864 17
114 877 36
114 878 28
114 885 69
114 888 5
114 900 52
114 901 15
114 911 87
114 917 34
114 923 21
114 926 93
114 933 57
114 934 96
114 940 34
114 957 98
114 986 57
114 987 53
114 995 100
115 136 53
115 143 42
115 146 41
115 192 99
115 202 15
115 206 3
115 212 74
115 230 38
115 231 13
115 257 98
115 273 55
115 280 86
115 286 65
115 305 55
115 339 65
115 340 26
115 361 32
115 368 74
115 372 17
115 381 24
115 408 2
115 418 35
115 430 77
115 446 75
115 460 4
115 468 49
115 469 31
115 481 83
115 494 25
115 526 54
115 551 37
115 554 61
115 562 26
115 569 55
115 576 20
115 590 5
115 608 80
115 609 69
115 616 74
115 619 9
115 645 45
115 659 41
115 674 30
115 677 76
115 678 23
115 692 47
115 707 87
115 718 10
115 720 99
115 725 28
115 734 97
115 742 96
115 760 32
115 765 58
115 782 42
115 799 16
115 802 88
115 807 78
115 823 7
115 832 2
115 845 99
115 856 87
115 870 71
115 875 24
115 892 22
115 947 69
115 948 36
115 950 94
115 991 88
116 123 25
116 134 86
116 155 51
116 156 43
116 164 96
116 169 18
116 174 94
116 176 99
116 178 98
116 180 56
116 181 47
116 188 38
116 194 74
116 220 89
116 236 21
116 242 55
116 264 14
116 267 32
116 270 31
116 275 8
116 287 73
116 297 8
116 314 34
116 330 64
116 332 46
116 335 28
116 341 14
116 347 15
116 349 24
116 350 50
116 366 3
116 370 33
116 374 18
116 379 81
116 380 67
116 384 70
116 394 56
116 398 80
116 402 90
116 412 30
116 420 4
116 424 75
116 426 53
116 431 92
116 439 53
116 448 36
116 453 22
116 457 95
116 472 62
116 486 38
116 487 55
116 488 81
116 493 44
116 498 20
116 501 94
116 525 58
116 534 1
116 536 41
116 538 60
116 545 98
116 549 24
116 563 20
116 568 88
116 584 25
116 588 24
116 600 16
116 603 55
116 606 77
116 613 42
116 626 71
116 629 71
116 635 4
116 641 41
116 644 99
116 657 76
116 667 79
116 669 45
116 672 76
116 691 31
116 693 53
116 696 92
116 701 39
116 703 6
116 704 93
116 708 9
116 731 73
116 733 77
116 739 64
116 745 92
116 773 87
116 775 65
116 795 42
116 824 16
116 826 77
116 828 43
116 829 53
116 857 22
116 867 55
116 887 77
116 897 100
116 899 31
116 903 50
116 920 89
116 951 56
116 952 89
116 959 7
116 963 18
116 970 83
116 984 34
116 990 89
117 119 86
117 125 24
117 126 66
117 131 1
117 144 15
117 147 78
117 152 3
117 153 29
117 158 87
117 163 81
117 168 49
117 182 87
117 185 19
117 186 76
117 200 34
117 205 41
117 214 75
117 231 16
117 234 1
117 235 95
117 240 83
117 241 94
117 247 80
117 251 90
117 255 43
117 256 78
117 258 52
117 269 67
117 273 54
117 300 57
117 321 6
117 323 12
117 327 35
117 329 21
117 351 4
117 371 43
117 377 34
117 386 83
117 389 93
117 393 65
117 395 75
117 401 43
117 415 74
117 416 19
117 421 11
117 423 74
117 432 37
117 437 8
117 442 97
117 451 100
117 462 1
117 463 91
117 465 97
117 467 35
117 470 61
117 477 31
117 482 79
117 500 86
117 507 66
117 517 84
117 527 20
117 533 52
117 537 72
117 539 40
117 542 5
117 544 26
117 552 75
117 561 51
117 574 17
117 594 45
117 598 51
117 601 67
117 602 7
117 616 40
117 619 82
117 634 59
117 642 7
117 649 56
117 653 41
117 664 64
117 668 5
117 675 17
117 688 91
117 707 44
117 729 17
117 743 37
117 746 50
117 747 14
117 753 46
117 757 94
117 766 1
117 771 57
117 772 16
117 790 99
117 803 69
117 815 30
117 821 44
117 842 27
117 861 61
117 866 51
117 884 30
117 885 47
117 904 41
117 905 51
117 912 56
117 915 25
117 933 40
117 935 24
117 956 54
117 966 12
117 973 10
117 978 12
117 998 80
118 124 78
118 137 76
118 140 46
118 148 85
118 157 72
118 161 76
118 166 70
118 172 7
118 187 36
118 190 60
118 197 15
118 199 78
118 203 57
118 207 52
118 211 85
118 219 89
118 252 67
118 260 79
118 263 32
118 276 75
118 279 25
118 294 78
118 301 15
118 302 1
118 308 21
118 309 67
118 315 44
118 317 31
118 320 40
118 325 30
118 353 84
118 357 63
118 382 88
118 388 67
118 397 76
118 399 11
118 409 60
118 411 85
118 417 30
118 433 60
118 435 34
118 436 54
118 454 21
118 456 52
118 474 21
118 484 28
118 511 83
118 513 39
118 515 38
118 516 50
118 535 51
118 540 43
118 546 9
118 566 66
118 567 59
118 572 18
118 577 46
118 581 14
118 582 16
118 585 99
118 604 17
118 607 68
118 614 50
118 618 83
118 620 32
118 624 26
118 628 13
118 632 72
118 638 10
118 647 19
118 648 37
118 651 85
118 652 94
118 656 10
118 658 57
118 666 55
118 673 43
118 676 72
118 679 53
118 683 19
118 700 29
118 710 95
118 721 78
118 722 62
118 735 99
118 736 68
118 750 7
118 754 61
118 759 72
118 761 7
118 784 85
118 786 11
118 800 60
118 805 22
118 809 73
118 814 85
118 816 6
118 827 70
118 830 22
118 841 7
118 854 43
118 869 32
118 881 68
118 895 34
118 922 39
118 925 35
118 931 90
118 936 91
118 964 72
118 965 3
118 972 43
118 977 34
118 980 61
118 981 50
118 985 100
119 126 73
119 128 56
119 152 45
119 153 35
119 162 68
119 168 24
119 192 18
119 193 52
119 200 73
119 210 100
119 212 22
119 214 70
119 218 61
119 225 24
119 226 21
119 231 94
119 241 52
119 257 33
119 273 48
119 281 49
119 327 58
119 338 53
119 352 37
119 360 44
119 368 39
119 371 71
119 381 56
119 386 75
119 389 85
119 390 3
119 396 24
119 408 35
119 418 7
119 423 14
119 430 30
119 432 32
119 468 12
119 477 96
119 482 28
119 494 33
119 507 59
119 523 81
119 527 42
119 533 24
119 537 15
119 544 21
119 551 1
119 552 62
119 554 85
119 557 88
119 560 32
119 561 29
119 569 33
119 593 74
119 602 86
119 616 98
119 617 9
119 619 21
119 649 89
119 659 60
119 660 4
119 664 51
119 680 86
119 685 80
119 688 35
119 692 88
119 702 3
119 707 5
119 725 31
119 729 65
119 747 84
119 750 29
119 765 99
119 766 72
119 782 35
119 788 56
119 790 16
119 793 17
119 799 7
119 803 30
119 807 1
119 815 95
119 817 15
119 820 5
119 821 70
119 827 42
119 843 1
119 856 83
119 861 88
119 866 59
119 875 57
119 892 43
119 904 40
119 912 7
119 915 50
119 927 31
119 932 13
119 946 70
119 956 39
119 960 83
119 966 2
119 978 34
119 998 27
120 121 88
120 149 74
120 151 54
120 161 55
120 166 43
120 170 57
120 177 65
120 190 78
120 199 38
120 204 46
120 207 56
120 211 5
120 215 91
120 223 67
120 225 43
120 228 40
120 244 45
120 263 31
120 272 72
120 276 97
120 279 98
120 288 26
120 308 23
120 315 11
120 346 17
120 353 11
120 354 63
120 382 51
120 383 60
120 390 28
120 435 77
120 452 19
120 512 76
120 531 84
120 546 70
120 550 43
120 557 35
120 567 78
120 589 40
120 604 46
120 614 73
120 617 91
120 627 90
120 628 2
120 647 99
120 648 76
120 651 7
120 656 75
120 658 95
120 670 35
120 683 6
120 698 46
120 700 7
120 719 63
120 735 77
120 754 87
120 759 26
120 781 58
120 786 45
120 788 16
120 792 89
120 809 41
120 816 42
120 830 42
120 835 96
120 841 60
120 847 20
120 851 36
120 854 75
120 863 4
120 869 96
120 881 100
120 886 38
120 895 19
120 902 63
120 922 64
120 924 75
120 960 73
120 965 87
120 976 69
120 981 99
120 985 4
121 136 30
121 149 72
121 151 24
121 161 50
121 162 7
121 166 97
121 170 21
121 190 71
121 192 99
121 193 79
121 203 85
121 204 54
121 207 26
121 211 59
121 214 43
121 218 100
121 223 89
121 225 65
121 226 71
121 228 77
121 244 30
121 263 31
121 272 50
121 276 61
121 279 85
121 281 86
121 288 7
121 308 53
121 313 74
121 316 21
121 325 97
121 338 28
121 346 88
121 352 7
121 354 20
121 390 73
121 396 47
121 433 95
121 435 25
121 452 52
121 511 43
121 512 93
121 518 65
121 523 67
121 531 8
121 540 55
121 550 83
121 557 16
121 560 8
121 567 5
121 589 7
121 593 99
121 596 13
121 611 29
121 614 10
121 617 16
121 628 26
121 647 72
121 648 57
121 651 17
121 656 85
121 658 17
121 659 79
121 660 22
121 666 98
121 678 26
121 680 56
121 685 43
121 692 54
121 698 2
121 700 62
121 714 94
121 719 42
121 735 5
121 750 65
121 754 17
121 756 30
121 759 7
121 781 47
121 783 33
121 786 99
121 788 85
121 792 77
121 793 64
121 799 61
121 816 69
121 817 4
121 820 18
121 827 18
121 830 8
121 835 54
121 841 59
121 843 41
121 845 76
121 851 73
121 854 16
121 863 32
121 865 67
121 886 28
121 922 80
121 932 57
121 941 15
121 946 28
121 953 1
121 960 11
121 976 19
122 125 80
122 128 15
122 135 19
122 152 96
122 153 10
122 158 92
122 165 53
122 182 95
122 189 43
122 209 23
122 247 29
122 252 49
122 255 94
122 258 71
122 259 15
122 268 93
122 274 48
122 299 36
122 309 92
122 319 7
122 342 64
122 351 21
122 359 72
122 369 70
122 375 90
122 376 7
122 377 63
122 386 40
122 388 89
122 392 100
122 393 52
122 395 8
122 401 6
122 407 17
122 437 11
122 447 98
122 467 25
122 470 56
122 474 3
122 509 74
122 519 66
122 527 38
122 530 86
122 537 66
122 541 33
122 542 53
122 544 80
122 555 99
122 561 61
122 570 100
122 583 21
122 592 42
122 621 54
122 624 26
122 633 22
122 634 42
122 638 92
122 642 35
122 646 37
122 653 53
122 654 88
122 660 70
122 662 12
122 668 71
122 681 32
122 684 42
122 686 18
122 699 31
122 702 35
122 710 14
122 716 10
122 727 45
122 729 23
122 732 69
122 740 11
122 746 76
122 761 93
122 762 88
122 771 59
122 772 26
122 798 89
122 811 15
122 813 10
122 821 6
122 836 24
122 840 39
122 861 13
122 862 39
122 868 31
122 874 92
122 876 69
122 880 85
122 884 97
122 890 70
122 905 5
122 907 74
122 918 78
122 921 32
122 935 11
122 936 100
122 956 30
122 958 58
122 966 50
122 972 82
122 973 27
122 977 49
122 982 65
122 998 45
123 141 77
123 142 85
123 155 50
123 156 3
123 167 62
123 174 44
123 176 92
123 179 43
123 180 97
123 183 53
123 216 58
123 222 76
123 262 13
123 267 10
123 270 53
123 271 24
123 287 90
123 296 20
123 297 20
123 301 11
123 314 96
123 317 77
123 330 45
123 341 46
123 347 58
123 350 73
123 355 84
123 356 37
123 358 48
123 363 91
123 374 35
123 394 94
123 398 88
123 399 14
123 412 38
123 438 88
123 439 99
123 440 90
123 448 35
123 457 8
123 466 66
123 478 59
123 491 43
123 501 25
123 510 60
123 525 80
123 534 42
123 535 32
123 556 41
123 563 47
123 565 42
123 566 10
123 568 8
123 581 82
123 584 40
123 603 22
123 606 12
123 610 59
123 612 4
123 618 66
123 626 46
123 635 93
123 641 26
123 657 82
123 665 63
123 667 76
123 687 20
123 691 19
123 701 63
123 703 41
123 704 18
123 712 96
123 733 79
123 736 66
123 738 6
123 739 63
123 745 62
123 749 47
123 773 48
123 789 32
123 794 36
123 795 46
123 800 96
123 814 73
123 822 34
123 824 73
123 826 76
123 848 47
123 867 96
123 899 12
123 903 5
123 914 8
123 916 61
123 951 24
123 952 80
123 990 6
123 993 78
123 996 35
124 128 81
124 137 7
124 140 57
124 148 89
124 157 13
124 161 14
124 166 79
124 172 64
124 187 13
124 190 4
124 197 81
124 199 74
124 203 51
124 207 26
124 211 64
124 226 29
124 252 89
124 263 87
124 276 84
124 279 81
124 294 92
124 302 53
124 308 38
124 309 83
124 315 73
124 320 25
124 325 17
124 338 68
124 346 13
124 353 68
124 357 29
124 382 58
124 388 76
124 399 21
124 409 42
124 411 10
124 433 83
124 435 25
124 436 10
124 452 94
124 456 17
124 474 31
124 484 20
124 511 81
124 515 12
124 516 15
124 535 70
124 540 73
124 546 63
124 555 98
124 560 15
124 567 69
124 572 62
124 577 31
124 582 23
124 585 29
124 604 86
124 607 91
124 614 66
124 620 50
124 624 38
124 628 51
124 632 12
124 638 47
124 647 78
124 648 94
124 651 38
124 652 72
124 656 37
124 658 53
124 660 57
124 666 69
124 673 67
124 676 18
124 679 58
124 680 7
124 685 72
124 700 29
124 702 32
124 710 63
124 721 69
124 722 8
124 727 56
124 735 95
124 750 10
124 754 85
124 759 70
124 761 7
124 762 68
124 781 53
124 784 89
124 786 50
124 788 28
124 792 18
124 793 63
124 805 24
124 816 45
124 827 20
124 830 64
124 841 71
124 854 36
124 869 77
124 881 75
124 886 29
124 895 20
124 922 30
124 925 6
124 932 28
124 936 87
124 964 60
124 972 16
124 977 87
124 980 98
124 985 13
125 131 76
125 135 30
125 152 3
125 153 16
125 158 97
125 182 20
125 186 16
125 189 70
125 198 61
125 209 20
125 232 67
125 235 88
125 247 24
125 255 55
125 258 53
125 259 1
125 268 13
125 269 30
125 274 41
125 285 61
125 291 52
125 299 19
125 300 38
125 323 26
125 329 42
125 351 68
125 359 74
125 362 24
125 367 58
125 369 63
125 375 66
125 376 27
125 377 69
125 378 96
125 386 12
125 393 40
125 395 11
125 401 53
125 414 100
125 415 44
125 416 78
125 421 49
125 422 92
125 425 83
125 437 89
125 447 93
125 451 26
125 462 87
125 463 79
125 465 22
125 467 60
125 470 26
125 490 37
125 499 51
125 500 89
125 509 81
125 517 98
125 519 33
125 533 16
125 537 30
125 541 54
125 542 5
125 552 98
125 570 56
125 574 46
125 592 99
125 594 91
125 621 75
125 633 11
125 634 84
125 642 37
125 653 56
125 662 27
125 668 76
125 675 52
125 681 8
125 684 36
125 688 22
125 711 95
125 716 34
125 732 32
125 740 48
125 746 72
125 757 31
125 766 81
125 770 81
125 771 77
125 772 77
125 803 55
125 815 6
125 831 18
125 840 98
125 862 16
125 874 8
125 876 11
125 880 66
125 884 100
125 890 1
125 901 12
125 905 61
125 908 18
125 921 24
125 933 8
125 934 58
125 935 72
125 945 62
125 958 98
125 973 13
125 992 26
125 995 6
126 143 20
126 147 30
126 163 34
126 168 9
126 185 32
126 192 99
126 200 97
126 205 18
126 210 97
126 212 35
126 231 25
126 234 18
126 240 55
126 241 4
126 256 26
126 257 29
126 273 32
126 286 24
126 300 23
126 321 4
126 327 75
126 328 56
126 336 25
126 361 67
126 371 24
126 372 3
126 389 51
126 408 54
126 418 48
126 423 17
126 430 73
126 432 8
126 442 49
126 446 99
126 450 76
126 468 35
126 469 100
126 477 46
126 482 93
126 494 30
126 500 75
126 507 25
126 533 42
126 537 47
126 539 65
126 551 10
126 554 95
126 562 100
126 569 86
126 578 84
126 590 67
126 598 84
126 601 100
126 602 77
126 616 45
126 619 75
126 649 63
126 664 21
126 688 21
126 707 77
126 720 16
126 725 16
126 734 72
126 743 60
126 753 56
126 765 95
126 766 12
126 782 4
126 790 76
126 799 32
126 803 20
126 807 30
126 815 64
126 823 20
126 832 74
126 856 93
126 866 22
126 875 12
126 885 36
126 892 37
126 904 28
126 912 29
126 915 47
126 927 29
126 978 17
127 139 21
127 196 12
127 198 53
127 213 39
127 232 97
127 233 4
127 238 39
127 243 19
127 246 93
127 249 10
127 254 1
127 261 41
127 285 57
127 289 36
127 290 55
127 291 65
127 293 78
127 310 82
127 318 63
127 331 60
127 334 71
127 343 81
127 362 79
127 373 8
127 378 14
127 385 54
127 406 85
127 414 18
127 415 57
127 419 78
127 421 63
127 422 72
127 425 18
127 427 26
127 428 40
127 434 71
127 441 37
127 449 10
127 455 22
127 463 50
127 465 24
127 471 100
127 483 66
127 490 63
127 496 100
127 499 92
127 502 60
127 504 75
127 522 55
127 573 15
127 575 19
127 586 66
127 623 66
127 643 30
127 663 13
127 711 93
127 715 12
127 723 45
127 726 99
127 741 65
127 744 38
127 755 85
127 763 72
127 764 11
127 770 4
127 779 51
127 812 49
127 831 67
127 837 74
127 844 71
127 849 60
127 864 89
127 871 39
127 877 43
127 888 96
127 900 23
127 901 44
127 908 100
127 923 88
127 933 26
127 934 80
127 940 74
127 943 70
127 945 96
127 957 20
127 979 93
127 983 14
127 986 47
127 995 46
128 148 20
128 152 81
128 153 3
128 158 50
128 193 18
128 200 100
128 203 67
128 210 89
128 211 26
128 214 61
128 218 63
128 225 64
128 226 11
128 247 50
128 252 98
128 276 6
128 281 18
128 294 7
128 309 37
128 325 15
128 327 73
128 338 100
128 352 55
128 360 28
128 371 73
128 386 53
128 388 65
128 390 88
128 401 91
128 423 92
128 433 97
128 435 53
128 437 18
128 474 20
128 511 46
128 523 38
128 527 39
128 533 66
128 537 95
128 540 73
128 542 50
128 544 18
128 555 55
128 557 69
128 560 84
128 561 58
128 570 95
128 614 84
128 617 6
128 634 99
128 638 60
128 649 24
128 656 11
128 660 75
128 664 89
128 666 36
128 676 36
128 680 76
128 684 8
128 685 18
128 688 35
128 702 83
128 710 2
128 722 9
128 729 92
128 735 83
128 747 92
128 750 19
128 759 66
128 761 19
128 762 72
128 766 77
128 786 60
128 788 82
128 793 19
128 799 98
128 811 44
128 816 11
128 821 34
128 827 82
128 836 37
128 841 36
128 843 90
128 861 40
128 866 87
128 874 50
128 890 79
128 904 59
128 905 4
128 912 38
128 922 64
128 925 83
128 927 32
128 932 92
128 935 39
128 936 80
128 956 27
128 960 33
128 966 81
128 972 93
128 978 70
128 980 24
128 998 76
129 130 23
129 132 26
129 138 5
129 141 65
129 154 72
129 171 67
129 173 96
129 175 32
129 183 48
129 191 33
129 216 21
129 219 11
129 222 72
129 224 83
129 227 84
129 239 88
129 248 3
129 260 20
129 265 7
129 282 25
129 292 6
129 295 19
129 298 47
129 301 69
129 304 51
129 307 87
129 345 67
129 348 5
129 355 9
129 356 37
129 391 100
129 397 64
129 438 42
129 440 84
129 454 2
129 466 98
129 476 87
129 478 77
129 480 95
129 489 91
129 506 21
129 521 28
129 524 41
129 528 14
129 548 30
129 556 74
129 558 48
129 559 92
129 564 49
129 571 4
129 581 94
129 587 52
129 599 33
129 605 12
129 610 31
129 618 81
129 622 23
129 631 95
129 640 21
129 687 67
129 690 39
129 695 80
129 706 61
129 712 81
129 713 59
129 738 19
129 748 6
129 749 81
129 768 80
129 778 9
129 789 93
129 800 82
129 808 9
129 814 41
129 818 55
129 819 45
129 839 33
129 848 82
129 873 43
129 898 88
129 913 6
129 916 50
129 919 93
129 931 76
129 937 19
129 938 74
129 954 15
129 971 100
130 132 90
130 154 6
130 171 74
130 173 86
130 175 40
130 191 34
130 208 13
130 219 24
130 224 14
130 227 59
130 248 30
130 260 55
130 265 24
130 282 73
130 292 22
130 295 45
130 298 16
130 304 17
130 307 76
130 345 64
130 348 16
130 391 97
130 454 89
130 476 26
130 489 60
130 513 89
130 521 14
130 524 37
130 528 44
130 548 43
130 559 39
130 564 9
130 571 26
130 587 98
130 597 55
130 599 73
130 605 18
130 622 99
130 631 15
130 640 59
130 690 32
130 695 97
130 706 12
130 713 36
130 748 20
130 768 54
130 778 39
130 808 32
130 818 93
130 819 28
130 839 84
130 853 55
130 873 5
130 898 27
130 913 17
130 919 55
130 931 57
130 937 71
130 938 13
130 954 50
130 971 41
131 139 13
131 144 30
131 158 2
131 182 70
131 186 36
131 196 88
131 198 56
131 232 33
131 233 67
131 235 77
131 240 16
131 247 83
131 251 98
131 254 98
131 255 43
131 258 65
131 268 53
131 269 73
131 274 70
131 285 47
131 289 22
131 291 16
131 300 71
131 318 37
131 323 67
131 329 66
131 334 65
131 351 54
131 359 65
131 362 48
131 367 87
131 369 15
131 375 72
131 377 49
131 378 44
131 386 29
131 393 75
131 395 33
131 406 67
131 414 41
131 415 63
131 416 39
131 421 49
131 422 83
131 425 6
131 427 8
131 428 15
131 437 18
131 441 16
131 447 98
131 449 40
131 451 69
131 462 2
131 463 40
131 465 50
131 467 83
131 470 42
131 471 59
131 477 50
131 490 84
131 499 24
131 500 1
131 517 22
131 519 41
131 533 39
131 539 38
131 541 69
131 552 18
131 574 62
131 592 61
131 594 62
131 621 35
131 634 84
131 642 74
131 653 16
131 668 51
131 675 82
131 688 84
131 711 82
131 715 7
131 716 77
131 741 92
131 746 8
131 751 37
131 753 60
131 757 95
131 770 87
131 771 95
131 772 45
131 803 1
131 815 28
131 825 70
131 831 57
131 837 78
131 842 59
131 844 9
131 849 60
131 862 50
131 864 14
131 876 42
131 880 51
131 884 71
131 885 40
131 888 1
131 901 32
131 908 77
131 915 35
131 926 93
131 933 50
131 934 25
131 945 41
131 957 40
131 973 71
131 987 91
131 995 47
132 138 43
132 141 43
132 154 44
132 157 43
132 167 85
132 171 43
132 173 1
132 175 91
132 183 90
132 191 6
132 197 12
132 208 36
132 216 91
132 219 11
132 222 14
132 224 37
132 227 95
132 239 44
132 248 58
132 260 14
132 265 45
132 282 5
132 292 77
132 295 65
132 298 59
132 301 25
132 304 91
132 307 8
132 345 8
132 348 85
132 355 33
132 356 3
132 363 51
132 391 63
132 397 48
132 399 4
132 409 23
132 438 59
132 440 25
132 454 58
132 466 39
132 476 18
132 478 41
132 480 46
132 489 70
132 506 47
132 513 34
132 515 9
132 521 17
132 524 64
132 528 43
132 535 16
132 548 63
132 556 53
132 558 65
132 559 80
132 564 53
132 571 29
132 581 49
132 587 6
132 599 13
132 605 68
132 610 93
132 612 50
132 618 53
132 631 63
132 640 93
132 673 14
132 687 64
132 690 64
132 695 37
132 712 55
132 713 53
132 736 87
132 738 76
132 748 32
132 749 67
132 768 25
132 778 24
132 784 17
132 789 23
132 800 47
132 808 15
132 814 30
132 818 2
132 819 7
132 822 37
132 839 32
132 848 79
132 873 39
132 898 80
132 913 69
132 916 100
132 919 81
132 931 8
132 937 30
132 938 44
132 954 18
132 971 57
132 993 98
133 134 55
133 159 8
133 169 71
133 181 54
133 194 72
133 229 22
133 236 71
133 242 34
133 250 8
133 253 100
133 264 44
133 306 88
133 312 99
133 326 64
133 335 56
133 349 90
133 364 18
133 370 90
133 379 44
133 380 37
133 384 8
133 400 90
133 402 89
133 404 97
133 420 86
133 424 59
133 429 2
133 453 46
133 458 28
133 487 83
133 488 83
133 493 71
133 498 20
133 505 83
133 529 3
133 536 79
133 538 19
133 545 7
133 547 89
133 549 70
133 580 84
133 588 11
133 600 59
133 639 75
133 661 13
133 671 2
133 672 88
133 689 47
133 693 100
133 728 70
133 767 53
133 769 22
133 775 50
133 776 94
133 801 34
133 829 66
133 834 55
133 850 13
133 852 4
133 855 78
133 857 86
133 858 62
133 879 4
133 896 43
133 910 62
133 920 19
133 963 85
133 970 60
133 974 81
133 988 67
133 989 93
133 997 77
134 164 9
134 169 93
134 180 20
134 181 82
134 194 92
134 236 31
134 242 56
134 264 49
134 267 17
134 275 62
134 287 75
134 297 53
134 306 92
134 312 27
134 330 62
134 335 9
134 347 40
134 349 23
134 364 47
134 370 9
134 374 56
134 379 33
134 380 27
134 384 60
134 400 80
134 402 27
134 404 72
134 412 6
134 420 56
134 424 53
134 431 92
134 439 3
134 453 89
134 457 95
134 487 18
134 488 91
134 493 21
134 498 24
134 534 96
134 536 1
134 538 71
134 545 94
134 547 8
134 549 82
134 588 68
134 600 97
134 613 36
134 639 7
134 641 77
134 657 35
134 661 18
134 667 36
134 669 70
134 672 50
134 691 62
134 693 58
134 696 82
134 701 14
134 708 40
134 731 2
134 739 24
134 745 26
134 775 93
134 801 99
134 829 4
134 834 60
134 850 67
134 852 76
134 857 46
134 858 51
134 867 8
134 879 3
134 899 14
134 920 97
134 951 30
134 952 44
134 963 57
134 970 23
134 989 89
135 145 6
135 158 34
135 160 68
135 165 67
135 182 36
135 189 90
135 209 22
135 217 73
135 221 24
135 247 21
135 255 92
135 259 22
135 268 23
135 274 53
135 277 40
135 299 83
135 311 64
135 319 52
135 322 92
135 324 47
135 333 63
135 337 2
135 342 97
135 359 30
135 362 77
135 367 86
135 369 22
135 375 37
135 376 23
135 377 64
135 385 5
135 387 71
135 392 28
135 393 68
135 395 27
135 401 2
135 403 39
135 407 73
135 414 19
135 444 63
135 447 41
135 464 78
135 467 36
135 475 16
135 486 93
135 495 61
135 499 41
135 509 93
135 519 77
135 520 51
135 530 71
135 541 88
135 542 58
135 543 10
135 553 20
135 583 30
135 592 81
135 621 60
135 633 36
135 634 97
135 642 39
135 646 85
135 653 52
135 654 71
135 662 73
135 681 40
135 684 40
135 686 17
135 699 96
135 709 87
135 716 17
135 717 70
135 730 18
135 732 19
135 740 98
135 752 16
135 758 69
135 762 14
135 770 19
135 777 19
135 785 81
135 787 67
135 798 51
135 804 56
135 813 95
135 828 47
135 836 93
135 840 57
135 859 31
135 860 96
135 862 38
135 868 53
135 874 15
135 876 89
135 880 77
135 889 90
135 890 92
135 893 14
135 894 59
135 905 58
135 906 75
135 907 89
135 908 83
135 918 41
135 921 53
135 928 32
135 945 13
135 958 43
135 959 68
135 962 6
135 969 58
135 973 76
135 975 65
135 982 30
135 992 90
136 162 78
136 192 94
136 193 3
136 206 61
136 210 93
136 218 64
136 223 32
136 225 81
136 244 39
136 257 72
136 281 94
136 305 41
136 313 79
136 316 50
136 339 35
136 340 70
136 346 73
136 352 60
136 354 25
136 361 95
136 368 46
136 381 38
136 390 89
136 396 37
136 408 97
136 418 41
136 445 8
136 452 26
136 460 45
136 468 82
136 481 26
136 485 75
136 494 47
136 512 90
136 518 26
136 523 43
136 550 25
136 551 72
136 557 80
136 560 5
136 562 63
136 569 28
136 576 20
136 591 93
136 593 39
136 596 28
136 608 30
136 609 31
136 611 88
136 615 6
136 617 26
136 645 83
136 655 29
136 659 82
136 674 83
136 677 45
136 678 8
136 692 61
136 698 40
136 705 38
136 707 51
136 714 99
136 718 9
136 719 14
136 725 24
136 742 58
136 756 38
136 760 1
136 765 65
136 783 68
136 792 70
136 799 60
136 802 18
136 806 93
136 807 36
136 817 4
136 820 70
136 843 22
136 845 50
136 863 40
136 865 29
136 870 7
136 875 26
136 886 83
136 892 52
136 927 67
136 941 98
136 946 81
136 947 61
136 950 75
136 953 48
136 960 35
136 991 85
137 138 56
137 140 49
137 148 42
137 157 84
137 172 64
137 176 68
137 179 91
137 187 97
137 197 2
137 199 79
137 203 85
137 211 70
137 219 96
137 294 17
137 301 54
137 302 37
137 308 46
137 309 81
137 311 82
137 315 61
137 317 38
137 320 14
137 325 75
137 353 88
137 357 33
137 382 47
137 388 6
137 392 54
137 397 91
137 399 1
137 409 10
137 411 83
137 417 58
137 433 46
137 435 96
137 436 28
137 438 3
137 456 51
137 474 54
137 484 3
137 510 68
137 511 1
137 515 9
137 516 89
137 535 10
137 540 14
137 556 68
137 565 43
137 566 15
137 572 97
137 577 35
137 581 61
137 582 96
137 585 67
137 604 2
137 607 77
137 618 68
137 620 12
137 624 67
137 628 25
137 630 47
137 632 55
137 638 27
137 651 36
137 652 76
137 666 87
137 673 8
137 676 60
137 679 23
137 704 88
137 710 8
137 712 31
137 721 97
137 722 35
137 727 35
137 736 2
137 759 86
137 761 33
137 762 81
137 800 52
137 805 54
137 810 70
137 814 68
137 822 53
137 826 7
137 854 55
137 869 54
137 872 84
137 887 66
137 895 59
137 897 62
137 907 33
137 922 2
137 925 78
137 930 38
137 936 79
137 964 72
137 972 25
137 977 47
137 980 15
137 985 25
137 993 16
138 141 74
138 157 1
138 167 66
138 173 1
138 183 16
138 191 95
138 197 63
138 199 28
138 208 85
138 216 21
138 219 20
138 222 7
138 224 36
138 227 33
138 239 77
138 260 31
138 265 79
138 282 71
138 292 100
138 295 45
138 298 84
138 301 73
138 302 31
138 304 37
138 307 80
138 315 86
138 317 89
138 345 95
138 348 3
138 353 100
138 356 89
138 363 44
138 382 30
138 391 59
138 397 6
138 399 92
138 409 19
138 438 2
138 440 17
138 454 1
138 456 77
138 466 4
138 476 15
138 478 96
138 480 63
138 484 88
138 489 4
138 506 82
138 513 61
138 515 44
138 516 42
138 521 38
138 528 56
138 535 95
138 546 37
138 548 68
138 556 13
138 558 36
138 559 96
138 564 88
138 571 97
138 572 11
138 581 81
138 587 31
138 599 3
138 604 40
138 605 97
138 607 35
138 610 84
138 612 48
138 618 6
138 631 91
138 640 84
138 652 49
138 665 71
138 673 24
138 683 35
138 687 51
138 690 25
138 712 22
138 721 27
138 736 88
138 738 17
138 748 95
138 749 50
138 778 16
138 784 57
138 789 41
138 800 58
138 808 80
138 814 15
138 818 55
138 819 85
138 822 39
138 839 10
138 848 65
138 853 80
138 869 47
138 895 11
138 913 3
138 914 36
138 916 62
138 919 83
138 931 12
138 937 98
138 938 3
138 954 53
138 971 88
138 993 11
139 144 20
139 186 4
139 196 14
139 198 22
139 232 52
139 233 61
139 235 6
139 237 34
139 249 90
139 251 82
139 254 41
139 261 74
139 266 14
139 269 62
139 285 62
139 289 81
139 291 26
139 323 36
139 329 90
139 334 50
139 378 2
139 406 46
139 413 97
139 415 90
139 416 91
139 421 53
139 422 28
139 425 5
139 427 47
139 428 56
139 434 21
139 441 8
139 449 87
139 451 30
139 455 28
139 462 74
139 463 7
139 465 79
139 471 51
139 490 34
139 496 36
139 504 83
139 517 88
139 522 78
139 573 5
139 574 68
139 579 45
139 594 48
139 595 64
139 598 9
139 623 50
139 663 57
139 675 81
139 711 66
139 715 92
139 741 24
139 751 87
139 755 57
139 757 92
139 763 51
139 764 18
139 771 71
139 796 7
139 812 1
139 825 69
139 831 72
139 833 33
139 837 56
139 842 22
139 846 19
139 849 4
139 864 99
139 877 3
139 878 50
139 885 99
139 888 67
139 900 89
139 901 21
139 917 51
139 923 73
139 926 39
139 933 28
139 934 74
139 940 21
139 957 86
139 979 4
139 983 5
139 986 43
139 987 99
139 995 23
140 148 64
140 155 31
140 157 58
140 172 99
140 176 83
140 179 46
140 187 97
140 197 32
140 203 3
140 211 57
140 252 98
140 294 90
140 301 65
140 302 57
140 308 61
140 309 92
140 311 7
140 314 80
140 317 40
140 319 88
140 320 44
140 325 53
140 357 19
140 388 29
140 392 87
140 394 97
140 398 86
140 399 58
140 407 15
140 411 16
140 417 34
140 426 39
140 433 2
140 435 20
140 436 6
140 474 81
140 484 17
140 486 95
140 495 92
140 510 67
140 511 20
140 515 15
140 516 50
140 535 87
140 540 3
140 555 7
140 565 17
140 566 3
140 572 38
140 577 35
140 582 35
140 583 84
140 584 54
140 585 22
140 606 29
140 607 32
140 618 30
140 620 98
140 624 18
140 630 41
140 632 55
140 635 81
140 638 38
140 646 61
140 652 63
140 666 60
140 673 42
140 676 72
140 679 91
140 699 19
140 703 22
140 704 5
140 710 14
140 721 35
140 722 74
140 727 63
140 733 2
140 736 89
140 761 55
140 762 22
140 773 96
140 795 38
140 805 19
140 810 35
140 811 61
140 813 41
140 822 36
140 826 90
140 836 1
140 872 64
140 887 40
140 890 48
140 897 50
140 907 92
140 925 27
140 930 49
140 936 79
140 964 90
140 972 89
140 977 37
140 980 47
140 993 18
141 142 67
141 156 62
141 167 49
141 173 98
141 174 47
141 176 30
141 180 3
141 183 60
141 216 20
141 222 98
141 239 99
141 262 43
141 270 88
141 271 20
141 287 31
141 296 17
141 301 45
141 304 94
141 307 74
141 341 53
141 348 51
141 355 71
141 356 26
141 358 29
141 363 43
141 394 17
141 397 13
141 438 18
141 440 58
141 448 5
141 457 95
141 466 26
141 478 41
141 480 80
141 489 37
141 491 91
141 501 57
141 506 71
141 521 96
141 525 50
141 534 63
141 548 19
141 556 16
141 558 44
141 559 84
141 563 28
141 568 89
141 581 96
141 603 38
141 610 52
141 612 7
141 618 61
141 626 40
141 631 71
141 640 87
141 665 19
141 687 89
141 712 4
141 736 81
141 738 31
141 749 16
141 789 9
141 794 28
141 800 59
141 814 22
141 819 60
141 822 90
141 824 92
141 848 70
141 903 61
141 914 51
141 916 70
141 919 30
141 952 27
141 990 37
141 993 82
141 996 6
142 156 4
142 167 18
142 174 3
142 176 12
142 180 74
142 216 63
142 222 72
142 262 87
142 270 20
142 271 19
142 287 64
142 296 21
142 330 55
142 341 82
142 347 28
142 355 27
142 356 70
142 358 71
142 363 80
142 374 53
142 394 29
142 412 56
142 440 76
142 448 90
142 457 87
142 466 62
142 478 56
142 491 48
142 501 72
142 525 95
142 534 93
142 558 2
142 563 5
142 568 16
142 603 20
142 606 10
142 610 72
142 612 3
142 626 4
142 641 99
142 657 48
142 665 7
142 687 33
142 691 10
142 701 45
142 738 33
142 745 80
142 749 69
142 789 48
142 794 18
142 822 48
142 824 32
142 848 44
142 867 40
142 903 30
142 914 13
142 916 87
142 951 53
142 952 12
142 990 76
142 993 54
142 996 53
143 146 23
143 192 29
143 206 8
143 210 39
143 212 4
143 231 14
143 257 75
143 273 56
143 280 90
143 286 53
143 305 89
143 327 40
143 339 83
143 340 24
143 361 2
143 368 14
143 372 87
143 381 15
143 408 60
143 418 34
143 430 31
143 446 36
143 468 2
143 469 52
143 481 60
143 482 24
143 494 60
143 507 43
143 551 59
143 554 1
143 562 95
143 569 35
143 576 2
143 590 11
143 608 65
143 609 85
143 616 73
143 619 94
143 645 78
143 659 42
143 674 70
143 677 44
143 678 30
143 692 30
143 707 93
143 720 87
143 725 37
143 734 10
143 742 71
143 760 23
143 765 14
143 782 67
143 799 98
143 802 86
143 807 25
143 823 87
143 832 28
143 856 79
143 870 76
143 875 43
143 892 13
143 947 10
143 948 9
143 950 80
143 991 57
144 147 53
144 163 6
144 185 21
144 186 78
144 196 82
144 205 76
144 233 18
144 234 73
144 235 40
144 237 39
144 240 23
144 251 2
144 256 2
144 269 51
144 289 87
144 291 18
144 300 72
144 321 65
144 323 46
144 328 45
144 329 13
144 336 61
144 351 95
144 389 75
144 406 38
144 413 28
144 415 68
144 416 45
144 421 58
144 422 65
144 427 96
144 432 98
144 441 74
144 442 92
144 449 74
144 450 1
144 451 59
144 462 5
144 463 41
144 465 78
144 470 5
144 477 17
144 500 37
144 517 92
144 533 50
144 539 46
144 552 63
144 573 65
144 574 24
144 578 50
144 579 26
144 594 19
144 595 87
144 598 41
144 601 21
144 668 38
144 675 43
144 743 22
144 746 10
144 751 76
144 753 15
144 757 51
144 771 66
144 796 97
144 803 73
144 812 48
144 815 85
144 825 97
144 831 37
144 842 96
144 846 3
144 849 74
144 864 69
144 878 69
144 884 97
144 885 74
144 911 41
144 915 86
144 917 70
144 923 26
144 926 4
144 933 47
144 957 14
144 987 26
145 150 49
145 159 91
145 160 93
145 184 84
145 195 42
145 201 26
145 217 2
145 220 51
145 221 13
145 245 67
145 277 99
145 278 18
145 283 6
145 284 94
145 303 43
145 322 64
145 324 29
145 331 16
145 333 20
145 337 25
145 344 43
145 365 38
145 367 57
145 373 63
145 376 75
145 385 65
145 387 38
145 402 51
145 403 53
145 405 33
145 410 64
145 443 4
145 444 88
145 447 49
145 459 16
145 461 42
145 464 15
145 473 50
145 475 20
145 479 84
145 492 53
145 497 10
145 503 59
145 508 88
145 514 99
145 520 92
145 530 23
145 532 82
145 536 22
145 543 20
145 592 4
145 636 99
145 637 38
145 644 9
145 650 56
145 654 55
145 662 94
145 682 69
145 686 52
145 694 37
145 697 65
145 709 41
145 717 56
145 724 86
145 730 52
145 737 55
145 752 47
145 758 7
145 769 15
145 770 100
145 774 79
145 777 79
145 780 21
145 785 51
145 787 10
145 791 52
145 797 12
145 804 74
145 838 64
145 840 42
145 855 34
145 859 58
145 860 76
145 882 4
145 883 74
145 891 92
145 893 79
145 894 43
145 906 3
145 909 29
145 918 76
145 928 67
145 939 66
145 942 50
145 944 92
145 949 57
145 955 96
145 958 47
145 959 35
145 961 93
145 962 83
145 967 10
145 968 55
145 969 32
145 975 58
145 982 43
145 992 24
145 994 98
145 999 81
146 202 50
146 206 22
146 230 23
146 280 89
146 305 86
146 339 10
146 340 73
146 368 11
146 445 16
146 460 54
146 481 88
146 485 28
146 526 87
146 576 18
146 591 99
146 596 46
146 608 9
146 609 79
146 611 23
146 615 20
146 645 10
146 655 82
146 674 15
146 677 86
146 678 17
146 705 1
146 718 13
146 742 66
146 760 32
146 802 86
146 806 25
146 845 24
146 865 9
146 870 92
146 947 100
146 948 20
146 950 61
146 991 10
147 163 67
147 168 29
147 185 62
147 186 13
147 200 56
147 205 43
147 212 60
147 231 99
147 234 21
147 235 56
147 240 44
147 241 5
147 251 1
147 256 99
147 273 22
147 286 53
147 300 63
147 321 21
147 327 96
147 328 30
147 336 33
147 371 43
147 372 29
147 389 96
147 430 48
147 432 25
147 442 47
147 446 20
147 450 4
147 477 54
147 482 96
147 494 36
147 500 7
147 507 11
147 533 79
147 539 24
147 552 54
147 554 3
147 578 83
147 590 32
147 598 25
147 601 3
147 602 58
147 616 49
147 619 13
147 649 11
147 664 42
147 688 91
147 707 41
147 720 38
147 743 97
147 753 61
147 766 67
147 782 14
147 790 43
147 803 55
147 815 63
147 825 78
147 832 99
147 842 5
147 856 8
147 866 88
147 875 17
147 885 37
147 892 5
147 911 94
147 912 40
147 915 88
147 917 48
147 978 6
148 157 7
148 161 46
148 172 49
148 187 80
148 197 89
148 199 70
148 203 67
148 207 88
148 211 76
148 226 50
148 252 98
148 263 5
148 276 9
148 279 50
148 294 21
148 302 36
148 308 81
148 309 89
148 315 3
148 320 50
148 325 43
148 338 79
148 353 68
148 357 11
148 360 61
148 382 67
148 388 64
148 392 38
148 399 81
148 411 74
148 417 61
148 433 76
148 435 78
148 436 50
148 456 18
148 474 60
148 484 73
148 511 12
148 515 50
148 516 20
148 527 100
148 540 11
148 544 87
148 555 46
148 560 6
148 561 57
148 570 94
148 572 25
148 577 70
148 582 98
148 585 4
148 607 79
148 614 87
148 620 33
148 624 86
148 628 32
148 630 99
148 632 82
148 638 1
148 647 99
148 648 27
148 651 24
148 652 38
148 656 58
148 658 67
148 660 11
148 666 97
148 673 95
148 676 24
148 679 80
148 680 39
148 685 85
148 702 100
148 710 33
148 721 99
148 722 86
148 727 87
148 729 53
148 735 62
148 750 67
148 754 13
148 759 75
148 761 98
148 762 28
148 786 14
148 788 37
148 793 21
148 805 29
148 811 21
148 816 44
148 827 71
148 836 42
148 841 51
148 854 36
148 869 72
148 890 67
148 895 9
148 907 29
148 922 36
148 925 28
148 932 75
148 935 5
148 936 44
148 964 28
148 966 62
148 972 76
148 977 88
148 980 72
148 985 14
149 151 44
149 161 61
149 166 52
149 170 45
149 177 2
149 190 91
149 199 74
149 204 51
149 207 2
149 211 83
149 215 75
149 223 92
149 225 38
149 228 1
149 244 52
149 263 50
149 272 33
149 276 60
149 279 30
149 288 97
149 308 7
149 346 74
149 353 91
149 354 25
149 383 7
149 390 1
149 452 90
149 512 71
149 518 48
149 531 31
149 546 21
149 550 31
149 557 87
149 567 23
149 589 38
149 614 46
149 617 25
149 627 82
149 628 78
149 647 50
149 648 72
149 651 39
149 656 80
149 658 71
149 670 44
149 698 86
149 700 9
149 719 22
149 735 68
149 754 99
149 759 25
149 781 37
149 786 44
149 788 39
149 792 22
149 809 25
149 816 47
149 830 74
149 835 71
149 841 95
149 847 44
149 851 82
149 854 57
149 863 8
149 881 69
149 886 8
149 902 2
149 924 26
149 960 39
149 965 48
149 976 9
149 981 17
149 985 97
150 159 64
150 184 54
150 195 41
150 201 75
150 217 36
150 221 88
150 229 33
150 245 8
150 253 32
150 278 49
150 283 30
150 284 38
150 303 77
150 364 5
150 365 81
150 387 75
150 410 97
150 443 42
150 458 2
150 459 40
150 461 85
150 464 37
150 473 69
150 479 81
150 492 31
150 497 82
150 503 55
150 505 49
150 508 11
150 514 19
150 532 5
150 543 42
150 580 48
150 636 66
150 637 56
150 650 100
150 694 41
150 697 7
150 724 22
150 728 55
150 730 98
150 737 64
150 769 80
150 774 26
150 780 91
150 797 41
150 838 26
150 855 97
150 882 93
150 883 70
150 891 100
150 894 79
150 896 75
150 909 30
150 942 71
150 944 36
150 949 6
150 955 25
150 961 44
150 967 66
150 968 63
150 988 19
150 989 6
150 994 37
150 997 53
150 999 43
151 161 73
151 166 74
151 170 29
151 177 63
151 190 21
151 199 70
151 204 73
151 207 59
151 211 33
151 215 83
151 223 52
151 225 70
151 228 29
151 244 88
151 263 23
151 272 42
151 276 49
151 279 2
151 288 27
151 308 23
151 315 18
151 346 32
151 353 90
151 354 52
151 383 39
151 390 96
151 435 32
151 452 91
151 512 70
151 518 29
151 531 64
151 546 91
151 550 71
151 557 42
151 560 58
151 567 47
151 589 6
151 614 96
151 617 93
151 627 63
151 628 50
151 647 71
151 648 25
151 651 41
151 656 34
151 658 83
151 670 31
151 698 33
151 700 80
151 719 27
151 735 48
151 754 5
151 759 55
151 781 69
151 786 25
151 788 92
151 792 71
151 809 67
151 816 20
151 830 85
151 835 82
151 841 65
151 847 93
151 851 75
151 854 23
151 863 19
151 881 56
151 886 99
151 895 42
151 902 70
151 922 33
151 924 28
151 960 73
151 965 21
151 976 9
151 981 29
151 985 90
152 153 63
152 158 23
152 168 96
152 182 99
152 200 67
152 214 4
152 226 70
152 247 61
152 252 39
152 255 32
152 258 88
152 259 85
152 268 84
152 338 43
152 351 9
152 352 16
152 360 45
152 369 63
152 371 28
152 377 28
152 386 34
152 388 95
152 389 26
152 393 60
152 395 64
152 401 11
152 423 83
152 432 99
152 437 1
152 462 36
152 467 76
152 470 31
152 474 85
152 500 48
152 509 91
152 517 35
152 519 67
152 527 91
152 533 21
152 537 53
152 541 26
152 542 62
152 544 18
152 552 66
152 555 83
152 561 69
152 570 95
152 574 49
152 594 32
152 621 25
152 634 19
152 638 34
152 642 38
152 649 40
152 653 59
152 660 22
152 664 69
152 668 71
152 680 95
152 684 94
152 685 87
152 688 94
152 702 62
152 710 26
152 716 7
152 722 2
152 729 2
152 732 42
152 740 11
152 746 42
152 747 89
152 750 66
152 761 31
152 762 17
152 766 35
152 772 79
152 793 69
152 803 98
152 811 52
152 815 64
152 821 35
152 836 48
152 861 96
152 866 52
152 874 73
152 876 100
152 884 57
152 890 35
152 904 61
152 905 35
152 912 72
152 921 41
152 932 1
152 935 30
152 936 95
152 956 85
152 966 70
152 972 94
152 973 27
152 978 99
152 998 86
153 158 10
153 168 37
153 182 19
153 200 89
153 214 21
153 226 85
153 241 79
153 247 70
153 252 31
153 255 91
153 258 39
153 259 64
153 268 83
153 300 70
153 327 90
153 329 38
153 338 56
153 351 81
153 352 57
153 360 22
153 369 7
153 371 75
153 377 91
153 386 96
153 388 16
153 389 23
153 393 52
153 395 39
153 401 84
153 423 68
153 432 72
153 437 74
153 451 61
153 462 29
153 467 10
153 470 17
153 477 91
153 482 35
153 500 97
153 517 21
153 527 2
153 533 59
153 537 96
153 539 10
153 541 60
153 542 92
153 544 11
153 552 77
153 555 95
153 561 42
153 570 99
153 574 82
153 594 1
153 602 57
153 634 26
153 642 79
153 649 6
153 653 80
153 660 30
153 664 4
153 668 1
153 680 83
153 684 66
153 685 70
153 688 67
153 702 70
153 729 9
153 732 7
153 740 5
153 746 75
153 747 86
153 750 13
153 753 28
153 757 87
153 761 69
153 766 35
153 771 44
153 772 33
153 790 83
153 793 42
153 803 19
153 811 22
153 815 12
153 821 46
153 836 88
153 843 96
153 861 55
153 866 57
153 874 89
153 876 36
153 884 96
153 890 38
153 904 12
153 905 80
153 912 29
153 915 23
153 927 15
153 932 46
153 935 92
153 956 87
153 966 62
153 973 40
153 978 81
153 998 80
154 171 91
154 173 50
154 175 22
154 191 84
154 208 72
154 224 15
154 227 44
154 248 45
154 260 10
154 265 87
154 282 7
154 292 25
154 295 68
154 298 31
154 304 24
154 307 41
154 345 78
154 348 77
154 391 13
154 454 28
154 476 88
154 489 91
154 513 68
154 521 77
154 524 19
154 528 52
154 548 58
154 559 40
154 564 58
154 571 95
154 587 15
154 597 31
154 599 77
154 605 95
154 622 9
154 631 9
154 640 87
154 690 32
154 695 35
154 706 72
154 713 56
154 748 47
154 768 8
154 778 29
154 808 83
154 818 43
154 819 45
154 839 71
154 853 57
154 873 12
154 898 45
154 913 63
154 919 65
154 931 77
154 937 71
154 938 14
154 954 81
154 971 34
155 156 61
155 164 95
155 167 29
155 172 73
155 174 6
155 176 95
155 178 98
155 179 4
155 180 1
155 187 100
155 188 6
155 197 64
155 216 77
155 267 74
155 270 20
155 271 69
155 275 2
155 287 30
155 297 52
155 302 33
155 311 1
155 314 68
155 317 36
155 320 8
155 330 88
155 341 48
155 347 65
155 350 97
155 357 94
155 358 96
155 363 74
155 366 84
155 374 34
155 394 91
155 398 75
155 399 98
155 407 60
155 411 44
155 412 75
155 417 69
155 426 100
155 431 26
155 439 41
155 448 15
155 457 70
155 486 49
155 495 56
155 501 100
155 510 37
155 516 38
155 525 46
155 534 41
155 535 68
155 553 57
155 563 43
155 565 91
155 566 45
155 568 16
155 577 74
155 584 21
155 588 59
155 603 4
155 606 35
155 612 2
155 613 100
155 626 12
155 629 40
155 630 23
155 632 43
155 635 75
155 665 96
155 667 80
155 691 79
155 696 66
155 699 100
155 701 50
155 703 9
155 704 36
155 708 83
155 731 5
155 733 31
155 736 82
155 739 92
155 745 59
155 773 11
155 794 77
155 795 48
155 810 75
155 822 87
155 824 45
155 826 35
155 828 85
155 857 88
155 867 18
155 872 43
155 887 70
155 889 29
155 897 22
155 899 88
155 907 9
155 914 56
155 930 87
155 952 28
155 959 84
155 964 97
155 984 6
155 990 13
155 993 9
156 164 71
156 167 53
156 172 74
156 174 71
156 176 93
156 179 23
156 180 10
156 197 17
156 216 14
156 239 43
156 262 45
156 267 23
156 270 31
156 271 38
156 275 8
156 287 9
156 296 29
156 297 10
156 301 30
156 302 51
156 314 20
156 317 53
156 330 14
156 341 6
156 347 52
156 350 32
156 355 62
156 356 76
156 358 36
156 363 65
156 374 10
156 394 3
156 398 68
156 399 59
156 412 57
156 417 58
156 426 20
156 438 98
156 439 92
156 440 27
156 448 57
156 457 98
156 466 29
156 478 8
156 491 45
156 501 2
156 510 27
156 516 100
156 525 17
156 534 2
156 535 57
156 556 80
156 563 55
156 565 2
156 566 42
156 568 62
156 577 99
156 581 8
156 584 66
156 603 94
156 606 41
156 610 87
156 612 48
156 618 46
156 626 97
156 630 4
156 632 31
156 635 42
156 641 44
156 657 78
156 665 14
156 667 30
156 673 22
156 687 12
156 691 25
156 701 72
156 703 73
156 704 34
156 708 84
156 712 94
156 733 18
156 736 32
156 738 93
156 745 5
156 749 43
156 773 55
156 789 35
156 794 16
156 795 67
156 800 11
156 814 88
156 822 62
156 824 87
156 826 72
156 848 93
156 867 54
156 872 24
156 887 42
156 897 2
156 899 45
156 903 80
156 914 35
156 916 39
156 930 36
156 951 96
156 952 30
156 990 45
156 993 38
156 996 91
157 167 91
157 172 84
157 173 88
157 176 81
157 179 3
157 187 41
157 197 23
157 199 7
157 203 80
157 211 60
157 216 5
157 219 100
157 224 55
157 239 66
157 260 56
157 294 26
157 301 74
157 302 86
157 304 76
157 308 78
157 309 89
157 315 8
157 317 54
157 320 22
157 325 17
157 348 35
157 353 9
157 357 18
157 363 70
157 382 44
157 397 20
157 399 15
157 409 17
157 411 79
157 417 54
157 433 69
157 435 84
157 436 53
157 438 92
157 454 6
157 456 32
157 484 4
157 510 81
157 511 74
157 513 34
157 515 32
157 516 87
157 535 64
157 546 56
157 548 7
157 556 76
157 565 75
157 566 16
157 572 50
157 577 5
157 581 17
157 582 66
157 585 8
157 604 1
157 607 27
157 612 90
157 618 37
157 620 84
157 624 29
157 628 2
157 630 6
157 632 35
157 640 36
157 651 13
157 652 47
157 658 63
157 673 2
157 676 98
157 679 35
157 683 18
157 712 73
157 721 6
157 736 63
157 749 20
157 784 63
157 800 20
157 805 56
157 814 45
157 819 8
157 822 41
157 854 29
157 869 9
157 881 55
157 895 26
157 925 79
157 931 80
157 938 76
157 964 24
157 977 9
157 985 29
157 993 3
158 182 63
158 189 82
158 200 49
158 209 94
158 214 3
158 226 64
158 247 3
158 252 35
158 255 76
158 258 74
158 259 39
158 268 59
158 274 1
158 299 36
158 319 48
158 329 53
158 338 11
158 342 42
158 351 44
158 359 15
158 360 51
158 369 81
158 375 89
158 377 15
158 386 18
158 388 47
158 389 12
158 392 68
158 393 11
158 395 78
158 401 7
158 423 41
158 437 69
158 462 60
158 467 88
158 470 93
158 474 85
158 500 78
158 509 46
158 517 21
158 519 19
158 527 60
158 533 61
158 537 93
158 541 98
158 542 94
158 544 40
158 552 90
158 555 100
158 561 55
158 570 91
158 574 58
158 594 49
158 621 67
158 633 63
158 634 77
158 638 48
158 642 92
158 649 63
158 653 72
158 660 20
158 664 11
158 668 60
158 680 7
158 681 56
158 684 98
158 685 59
158 688 86
158 702 10
158 710 60
158 716 4
158 727 49
158 729 85
158 732 67
158 740 48
158 746 40
158 747 78
158 757 23
158 761 36
158 762 81
158 766 72
158 771 65
158 772 19
158 803 90
158 811 15
158 815 76
158 821 56
158 836 30
158 861 58
158 866 21
158 868 46
158 874 74
158 876 25
158 884 21
158 890 34
158 904 79
158 905 37
158 921 86
158 935 51
158 936 13
158 956 1
158 966 7
158 972 82
158 973 6
158 998 83
159 181 11
159 184 23
159 194 66
159 217 94
159 220 50
159 221 52
159 229 45
159 236 1
159 242 77
159 245 33
159 250 92
159 253 67
159 264 84
159 277 59
159 278 76
159 283 37
159 303 91
159 306 47
159 312 83
159 322 13
159 332 25
159 337 76
159 344 30
159 349 42
159 364 15
159 365 38
159 379 50
159 380 58
159 384 52
159 387 98
159 402 3
159 404 69
159 410 15
159 443 43
159 453 62
159 458 24
159 459 48
159 461 10
159 464 26
159 472 50
159 473 56
159 479 77
159 487 57
159 488 35
159 492 64
159 497 85
159 498 59
159 505 85
159 508 21
159 514 68
159 532 83
159 536 63
159 538 21
159 543 9
159 545 42
159 549 85
159 580 97
159 613 6
159 629 97
159 636 36
159 637 24
159 639 65
159 644 79
159 650 5
159 661 18
159 669 12
159 682 3
159 689 1
159 694 33
159 696 88
159 697 32
159 709 35
159 717 92
159 724 10
159 728 68
159 730 8
159 737 60
159 767 54
159 769 98
159 774 27
159 776 53
159 777 21
159 780 8
159 785 52
159 797 35
159 801 62
159 829 6
159 834 27
159 838 40
159 852 84
159 855 22
159 858 61
159 859 5
159 891 18
159 896 47
159 906 70
159 920 51
159 942 63
159 944 8
159 955 67
159 959 45
159 961 57
159 962 40
159 963 93
159 967 21
159 968 6
159 970 20
159 974 4
159 984 95
159 988 19
159 989 88
159 994 26
159 997 1
159 999 50
160 165 33
160 178 56
160 184 21
160 188 37
160 189 16
160 209 61
160 217 32
160 220 77
160 221 95
160 245 93
160 259 19
160 274 93
160 277 90
160 283 27
160 284 46
160 299 93
160 311 27
160 319 24
160 322 21
160 324 41
160 332 45
160 333 77
160 337 16
160 342 34
160 344 55
160 359 10
160 365 79
160 366 60
160 367 4
160 369 60
160 376 100
160 380 30
160 387 22
160 402 12
160 403 28
160 407 48
160 443 5
160 444 55
160 447 86
160 464 90
160 472 50
160 473 62
160 475 17
160 486 87
160 492 80
160 495 29
160 497 61
160 509 55
160 514 7
160 519 36
160 520 69
160 530 98
160 532 52
160 536 50
160 543 12
160 553 93
160 583 40
160 592 90
160 613 90
160 621 73
160 629 43
160 633 52
160 636 17
160 637 11
160 644 77
160 646 5
160 654 89
160 662 11
160 681 48
160 682 18
160 686 96
160 696 91
160 697 65
160 699 40
160 709 26
160 716 55
160 717 28
160 724 47
160 730 79
160 732 33
160 740 89
160 752 52
160 758 97
160 770 24
160 777 1
160 780 11
160 785 60
160 787 63
160 797 6
160 798 32
160 804 90
160 813 13
160 828 78
160 838 61
160 840 8
160 859 67
160 860 57
160 862 87
160 868 100
160 876 43
160 883 34
160 889 34
160 893 83
160 894 1
160 906 94
160 918 78
160 921 5
160 928 50
160 949 89
160 958 97
160 959 5
160 961 26
160 962 81
160 967 45
160 968 4
160 969 36
160 975 11
160 982 41
160 984 65
160 992 51
161 166 71
161 170 93
161 177 64
161 190 4
161 199 5
161 203 72
161 204 72
161 207 38
161 211 76
161 215 88
161 223 45
161 225 24
161 228 81
161 244 73
161 263 98
161 272 19
161 276 92
161 279 99
161 288 20
161 308 49
161 315 7
161 325 55
161 346 61
161 353 19
161 354 81
161 382 39
161 383 97
161 390 2
161 433 98
161 435 7
161 452 25
161 456 61
161 484 93
161 511 16
161 512 21
161 513 2
161 515 85
161 531 45
161 540 20
161 546 45
161 550 25
161 557 20
161 560 15
161 567 25
161 572 33
161 582 9
161 585 5
161 589 43
161 604 96
161 607 77
161 614 41
161 617 16
161 620 41
161 627 50
161 628 1
161 647 95
161 648 92
161 651 46
161 656 100
161 658 90
161 666 70
161 670 82
161 679 53
161 683 57
161 698 82
161 700 58
161 721 13
161 722 11
161 735 65
161 750 67
161 754 28
161 759 85
161 781 95
161 784 89
161 786 59
161 788 73
161 792 9
161 805 97
161 809 5
161 816 48
161 827 62
161 830 13
161 835 88
161 841 25
161 847 46
161 851 46
161 853 58
161 854 94
161 869 93
161 881 96
161 886 79
161 895 59
161 902 93
161 922 19
161 924 67
161 925 69
161 932 87
161 960 51
161 965 90
161 976 30
161 980 59
161 981 9
161 985 93
162 192 78
162 193 61
162 206 3
162 210 10
162 218 63
162 223 97
162 225 22
162 244 45
162 257 53
162 276 90
162 279 59
162 281 94
162 305 72
162 313 98
162 316 39
162 339 27
162 340 42
162 346 89
162 352 56
162 354 18
162 361 46
162 368 12
162 381 73
162 390 63
162 396 89
162 408 85
162 418 41
162 445 70
162 452 25
162 460 60
162 468 52
162 481 58
162 485 17
162 494 75
162 512 41
162 518 75
162 523 80
162 531 4
162 550 40
162 551 17
162 557 93
162 560 77
162 569 31
162 576 22
162 589 97
162 591 41
162 593 78
162 596 24
162 608 68
162 609 96
162 611 57
162 615 71
162 617 77
162 645 67
162 648 57
162 655 53
162 659 58
162 678 84
162 692 73
162 698 43
162 705 57
162 707 20
162 714 49
162 718 14
162 719 74
162 725 69
162 735 56
162 742 96
162 756 78
162 760 57
162 765 79
162 783 99
162 788 72
162 792 68
162 793 65
162 799 36
162 806 21
162 807 65
162 817 21
162 820 12
162 835 20
162 843 44
162 845 56
162 863 42
162 865 8
162 870 84
162 875 56
162 886 38
162 892 29
162 927 85
162 941 62
162 946 54
162 950 76
162 953 49
162 960 89
162 991 5
163 168 78
163 185 64
163 186 63
163 205 96
163 212 17
163 234 77
163 235 76
163 237 30
163 240 5
163 251 96
163 256 11
163 286 16
163 300 22
163 321 25
163 323 20
163 328 17
163 336 15
163 372 21
163 389 63
163 416 66
163 430 61
163 432 63
163 442 88
163 446 7
163 450 2
163 477 31
163 500 10
163 539 21
163 554 77
163 574 27
163 578 76
163 590 84
163 595 46
163 598 67
163 601 42
163 602 40
163 619 13
163 675 98
163 743 87
163 751 60
163 753 30
163 790 28
163 803 56
163 815 98
163 825 10
163 842 85
163 878 37
163 885 6
163 911 35
163 915 17
163 917 7
163 926 74
164 165 24
164 176 20
164 178 25
164 179 70
164 180 17
164 188 92
164 194 25
164 220 13
164 236 75
164 242 54
164 264 89
164 267 43
164 275 21
164 287 56
164 297 73
164 311 61
164 314 91
164 322 75
164 330 35
164 332 58
164 344 75
164 347 81
164 350 24
164 366 88
164 374 52
164 379 37
164 380 76
164 384 13
164 394 20
164 398 94
164 402 38
164 407 39
164 412 40
164 417 43
164 424 10
164 426 72
164 431 29
164 439 43
164 448 90
164 453 46
164 457 62
164 472 32
164 486 9
164 487 20
164 488 81
164 495 13
164 498 17
164 510 15
164 534 73
164 536 51
164 538 74
164 545 9
164 549 26
164 553 97
164 563 71
164 565 33
164 566 13
164 568 19
164 583 15
164 584 98
164 588 42
164 603 72
164 606 94
164 613 39
164 626 53
164 629 68
164 630 61
164 635 65
164 641 55
164 644 11
164 667 70
164 669 44
164 682 89
164 686 9
164 691 51
164 696 51
164 699 39
164 701 11
164 703 5
164 704 15
164 708 78
164 731 69
164 733 75
164 739 66
164 745 67
164 773 25
164 777 55
164 785 42
164 795 53
164 810 81
164 813 3
164 826 57
164 828 59
164 829 20
164 857 67
164 867 12
164 872 12
164 887 77
164 889 39
164 897 67
164 899 55
164 906 19
164 918 64
164 930 8
164 952 2
164 959 87
164 962 91
164 963 97
164 970 56
164 984 25
164 990 44
165 178 69
165 188 37
165 189 47
165 209 5
165 217 45
165 220 85
165 221 8
165 259 10
165 268 14
165 275 100
165 277 93
165 299 57
165 311 96
165 319 73
165 320 70
165 322 69
165 324 16
165 332 27
165 333 23
165 337 43
165 342 45
165 344 43
165 359 34
165 365 85
165 366 41
165 369 77
165 376 64
165 387 68
165 392 21
165 407 18
165 417 15
165 426 11
165 431 79
165 447 20
165 464 65
165 472 89
165 473 2
165 474 57
165 475 45
165 486 28
165 495 89
165 509 9
165 514 64
165 519 51
165 530 46
165 532 68
165 553 61
165 565 22
165 583 59
165 584 81
165 592 5
165 613 71
165 621 6
165 629 47
165 630 15
165 633 29
165 635 28
165 644 27
165 646 10
165 654 50
165 662 8
165 669 28
165 681 24
165 682 54
165 684 95
165 686 60
165 696 27
165 699 30
165 704 93
165 708 1
165 709 19
165 716 58
165 717 18
165 727 88
165 730 86
165 732 26
165 740 35
165 762 96
165 777 75
165 785 64
165 787 37
165 795 43
165 798 73
165 804 50
165 810 3
165 813 70
165 826 8
165 828 94
165 836 19
165 838 10
165 840 18
165 859 77
165 868 14
165 872 68
165 887 83
165 889 41
165 890 100
165 893 35
165 897 6
165 906 19
165 907 49
165 918 34
165 921 82
165 928 80
165 930 41
165 958 7
165 959 80
165 962 33
165 975 46
165 977 34
165 982 92
165 984 67
165 992 39
166 170 14
166 177 30
166 190 16
166 199 10
166 203 91
166 204 67
166 207 65
166 211 7
166 215 5
166 223 13
166 228 46
166 244 18
166 263 55
166 272 12
166 276 25
166 279 9
166 288 6
166 308 60
166 315 26
166 325 99
166 346 55
166 353 73
166 354 59
166 382 54
166 383 56
166 390 5
166 433 10
166 435 5
166 452 4
166 456 14
166 484 53
166 512 46
166 513 92
166 531 31
166 546 68
166 550 70
166 567 32
166 589 48
166 604 84
166 614 8
166 627 10
166 628 95
166 647 64
166 648 91
166 651 92
166 656 70
166 658 49
166 670 41
166 683 60
166 698 99
166 700 20
166 735 21
166 754 12
166 759 49
166 781 1
166 784 5
166 786 88
166 792 20
166 809 76
166 816 78
166 830 67
166 835 74
166 841 32
166 847 70
166 851 91
166 853 9
166 854 65
166 863 41
166 869 45
166 881 53
166 886 76
166 895 58
166 902 15
166 922 83
166 924 49
166 965 17
166 976 87
166 981 95
166 985 2
167 172 73
167 173 5
167 174 26
167 176 26
167 179 41
167 180 68
167 183 39
167 197 28
167 216 9
167 222 78
167 239 91
167 262 22
167 270 8
167 271 67
167 287 5
167 296 89
167 301 79
167 302 44
167 304 77
167 307 27
167 314 30
167 317 71
167 341 16
167 348 87
167 350 81
167 355 74
167 356 55
167 358 47
167 363 29
167 394 53
167 397 83
167 398 66
167 399 14
167 438 6
167 440 80
167 448 95
167 457 26
167 466 11
167 478 7
167 491 14
167 501 14
167 506 54
167 510 66
167 516 91
167 525 41
167 534 94
167 535 77
167 548 9
167 556 31
167 558 62
167 563 8
167 565 22
167 566 10
167 568 23
167 577 89
167 581 50
167 603 80
167 606 28
167 610 49
167 612 8
167 618 61
167 626 18
167 632 93
167 640 49
167 665 50
167 673 99
167 687 48
167 703 71
167 704 33
167 712 14
167 733 24
167 736 67
167 738 10
167 745 2
167 749 6
167 773 73
167 789 37
167 794 43
167 800 16
167 814 22
167 819 66
167 822 10
167 824 54
167 826 12
167 848 39
167 867 58
167 903 10
167 914 36
167 916 81
167 919 52
167 931 97
167 952 36
167 990 25
167 993 35
167 996 72
168 185 88
168 186 49
168 200 72
168 205 31
168 210 88
168 212 72
168 214 85
168 231 13
168 234 4
168 235 23
168 240 99
168 241 68
168 251 87
168 256 76
168 273 20
168 286 66
168 300 94
168 321 85
168 323 32
168 327 55
168 328 52
168 351 20
168 352 6
168 371 30
168 372 13
168 386 58
168 389 54
168 418 34
168 423 77
168 430 90
168 432 21
168 437 32
168 442 78
168 446 34
168 450 29
168 451 40
168 462 76
168 468 50
168 470 78
168 477 83
168 482 83
168 494 12
168 500 8
168 507 70
168 517 16
168 527 2
168 533 18
168 537 75
168 539 93
168 544 31
168 552 100
168 554 72
168 574 66
168 578 11
168 590 6
168 594 14
168 598 83
168 601 10
168 602 46
168 616 70
168 619 5
168 649 16
168 664 46
168 668 78
168 688 79
168 707 1
168 725 5
168 743 13
168 746 51
168 747 37
168 753 56
168 765 66
168 766 56
168 790 91
168 799 32
168 803 12
168 815 52
168 821 41
168 832 36
168 842 28
168 843 41
168 856 96
168 861 49
168 866 50
168 875 78
168 884 88
168 885 57
168 892 85
168 904 26
168 912 6
168 915 94
168 927 48
168 956 35
168 966 9
168 978 54
168 998 76
169 181 42
169 194 71
169 236 13
169 242 54
169 250 62
169 264 95
169 306 57
169 312 82
169 330 58
169 335 40
169 347 3
169 349 99
169 364 16
169 370 49
169 379 69
169 384 66
169 400 46
169 404 64
169 412 100
169 420 11
169 424 47
169 453 43
169 487 48
169 488 43
169 493 3
169 498 65
169 529 22
169 538 91
169 545 80
169 547 80
169 549 24
169 588 57
169 600 43
169 639 81
169 641 63
169 657 67
169 661 63
169 669 7
169 671 12
169 672 73
169 689 100
169 691 20
169 693 65
169 701 90
169 731 56
169 739 72
169 767 77
169 775 63
169 801 52
169 829 16
169 834 89
169 850 91
169 852 3
169 857 75
169 858 72
169 879 56
169 899 84
169 920 89
169 951 29
169 963 68
169 970 41
169 989 15
170 177 61
170 190 100
170 204 82
170 207 70
170 215 86
170 223 60
170 228 85
170 244 43
170 263 64
170 272 97
170 276 82
170 279 96
170 288 6
170 313 6
170 316 82
170 346 32
170 354 42
170 390 59
170 452 21
170 512 88
170 518 6
170 531 51
170 550 12
170 557 58
170 567 71
170 589 86
170 593 86
170 596 31
170 611 54
170 615 57
170 617 40
170 647 50
170 648 84
170 656 28
170 658 34
170 670 75
170 698 40
170 700 28
170 719 87
170 735 44
170 754 90
170 756 41
170 781 64
170 783 75
170 792 89
170 830 41
170 835 5
170 847 38
170 851 1
170 854 25
170 863 38
170 886 74
170 902 39
170 924 55
170 941 12
170 953 5
170 960 36
170 965 84
170 976 70
171 173 23
171 175 88
171 191 28
171 208 64
171 224 53
171 227 26
171 248 31
171 260 74
171 265 89
171 282 38
171 292 13
171 295 57
171 298 59
171 304 55
171 307 77
171 345 26
171 348 76
171 391 30
171 454 24
171 476 12
171 480 46
171 489 9
171 521 41
171 524 22
171 528 37
171 548 19
171 559 6
171 564 17
171 571 76
171 587 67
171 597 89
171 599 20
171 605 92
171 622 41
171 631 21
171 640 35
171 690 69
171 695 38
171 706 52
171 713 100
171 748 51
171 768 24
171 778 15
171 808 25
171 818 30
171 819 62
171 839 71
171 853 95
171 873 78
171 898 8
171 913 85
171 919 64
171 931 79
171 937 92
171 938 22
171 954 65
171 971 6
172 176 29
172 179 33
172 187 73
172 197 64
172 216 9
172 294 92
172 301 46
172 302 19
172 309 22
172 311 45
172 314 97
172 317 25
172 319 75
172 320 83
172 350 80
172 357 51
172 363 81
172 388 56
172 392 11
172 394 42
172 398 95
172 399 33
172 407 21
172 409 45
172 411 51
172 417 97
172 426 62
172 433 18
172 436 72
172 438 98
172 474 40
172 484 44
172 486 62
172 495 27
172 510 38
172 515 34
172 516 17
172 535 29
172 556 18
172 565 88
172 566 44
172 572 4
172 577 33
172 581 61
172 582 63
172 583 50
172 584 38
172 585 20
172 606 89
172 607 81
172 612 70
172 618 64
172 620 77
172 624 52
172 630 29
172 632 5
172 635 94
172 646 31
172 652 26
172 673 45
172 676 90
172 679 1
172 703 77
172 704 41
172 710 23
172 721 67
172 727 76
172 733 38
172 736 31
172 762 80
172 773 99
172 794 64
172 795 55
172 800 65
172 805 34
172 810 16
172 814 59
172 822 39
172 826 93
172 867 84
172 872 26
172 887 3
172 897 50
172 907 72
172 914 84
172 925 69
172 930 51
172 936 52
172 964 37
172 972 54
172 977 20
172 980 92
172 993 21
173 183 39
173 191 78
173 197 19
173 199 93
173 208 11
173 216 17
173 219 81
173 222 12
173 224 93
173 227 19
173 239 54
173 260 96
173 265 22
173 282 57
173 292 84
173 295 90
173 298 52
173 301 95
173 302 56
173 304 4
173 307 37
173 345 57
173 348 41
173 353 56
173 356 94
173 363 27
173 391 30
173 397 50
173 399 87
173 409 29
173 438 26
173 454 84
173 456 99
173 466 45
173 476 30
173 478 14
173 480 66
173 484 77
173 489 9
173 506 78
173 513 34
173 515 15
173 516 82
173 521 22
173 524 95
173 528 73
173 535 68
173 546 34
173 548 69
173 556 79
173 558 49
173 559 98
173 564 62
173 571 9
173 572 16
173 581 9
173 587 80
173 599 29
173 604 59
173 605 100
173 610 22
173 612 29
173 618 42
173 631 59
173 640 63
173 673 64
173 683 28
173 687 58
173 690 87
173 695 27
173 712 46
173 713 81
173 721 30
173 736 97
173 738 36
173 748 91
173 749 100
173 768 5
173 778 70
173 784 85
173 789 85
173 800 90
173 808 44
173 814 42
173 818 62
173 819 42
173 822 65
173 839 60
173 848 86
173 853 8
173 869 15
173 895 88
173 913 22
173 916 92
173 919 3
173 931 27
173 937 57
173 938 34
173 954 84
173 971 73
173 993 52
174 176 30
174 179 6
174 180 4
174 216 46
174 262 48
174 267 10
174 270 84
174 271 43
174 287 33
174 296 65
174 297 10
174 314 65
174 330 17
174 341 37
174 347 44
174 350 96
174 355 93
174 358 83
174 363 89
174 370 95
174 374 5
174 394 62
174 398 77
174 412 65
174 424 63
174 439 5
174 440 39
174 448 59
174 457 85
174 466 66
174 491 78
174 501 80
174 525 75
174 534 48
174 563 17
174 568 61
174 588 93
174 603 30
174 606 14
174 610 80
174 612 83
174 626 22
174 641 76
174 657 42
174 665 11
174 667 38
174 687 100
174 691 32
174 693 15
174 701 63
174 703 89
174 733 77
174 739 36
174 745 73
174 773 46
174 794 76
174 822 53
174 824 4
174 857 84
174 867 89
174 899 25
174 903 34
174 914 53
174 951 81
174 952 2
174 990 22
174 993 93
174 996 7
175 191 26
175 224 78
175 227 46
175 248 9
175 265 87
175 282 86
175 292 74
175 295 18
175 298 1
175 307 40
175 345 86
175 348 64
175 391 55
175 476 93
175 480 41
175 489 8
175 506 57
175 521 39
175 524 62
175 528 80
175 548 34
175 559 67
175 564 85
175 571 89
175 587 46
175 599 41
175 605 59
175 622 67
175 631 50
175 690 24
175 695 19
175 706 63
175 713 97
175 748 6
175 768 19
175 778 48
175 808 51
175 818 77
175 819 22
175 839 71
175 873 30
175 898 93
175 913 97
175 919 92
175 937 23
175 938 95
175 954 17
175 971 10
176 178 95
176 179 40
176 180 3
176 187 96
176 188 24
176 197 21
176 216 81
176 262 68
176 267 56
176 270 92
176 271 51
176 275 26
176 287 71
176 296 64
176 297 63
176 301 50
176 302 36
176 311 62
176 314 29
176 317 78
176 320 80
176 341 18
176 347 37
176 350 76
176 357 74
176 358 50
176 363 66
176 374 78
176 394 53
176 398 12
176 399 27
176 411 95
176 417 21
176 426 87
176 431 18
176 438 26
176 439 46
176 440 5
176 448 22
176 457 90
176 466 11
176 486 35
176 491 90
176 501 38
176 510 66
176 516 86
176 525 75
176 534 31
176 535 7
176 556 55
176 563 37
176 565 18
176 566 63
176 568 95
176 577 49
176 581 10
176 584 94
176 603 33
176 606 76
176 610 54
176 612 94
176 618 15
176 626 66
176 630 16
176 632 24
176 635 82
176 652 21
176 665 36
176 667 70
176 673 73
176 687 14
176 691 25
176 701 4
176 703 38
176 704 21
176 708 78
176 712 45
176 731 72
176 733 38
176 736 46
176 745 38
176 749 16
176 773 80
176 794 8
176 795 93
176 800 18
176 810 53
176 814 39
176 822 62
176 824 95
176 826 32
176 867 47
176 872 27
176 887 45
176 897 3
176 899 17
176 903 94
176 914 44
176 930 59
176 952 20
176 964 62
176 990 77
176 993 20
176 996 26
177 190 76
177 199 94
177 204 54
177 207 7
177 215 32
177 228 51
177 244 76
177 263 7
177 272 41
177 279 93
177 288 70
177 315 37
177 353 91
177 354 10
177 383 90
177 452 57
177 513 49
177 531 9
177 546 47
177 550 56
177 567 27
177 589 98
177 597 21
177 604 56
177 627 36
177 628 68
177 647 81
177 648 7
177 651 74
177 658 63
177 670 12
177 683 36
177 698 95
177 700 3
177 754 38
177 781 87
177 784 29
177 809 93
177 830 80
177 835 84
177 847 15
177 851 10
177 853 90
177 854 73
177 869 73
177 881 52
177 886 100
177 895 82
177 902 26
177 924 46
177 965 72
177 976 7
177 981 7
177 985 66
178 179 42
178 188 94
178 220 60
178 236 76
178 242 62
178 267 13
178 275 19
178 277 11
178 297 48
178 311 93
178 314 22
178 319 60
178 320 75
178 322 66
178 332 70
178 333 41
178 337 92
178 342 71
178 344 12
178 347 84
178 350 66
178 366 87
178 374 60
178 379 67
178 380 26
178 392 81
178 394 87
178 398 86
178 402 93
178 407 97
178 417 62
178 424 62
178 426 47
178 431 76
178 439 36
178 448 86
178 453 82
178 472 18
178 486 75
178 488 39
178 495 4
178 510 96
178 514 76
178 532 95
178 536 56
178 549 39
178 553 93
178 563 51
178 565 34
178 566 14
178 583 24
178 584 25
178 588 43
178 603 52
178 606 53
178 613 5
178 629 63
178 630 91
178 635 65
178 644 43
178 646 46
178 654 8
178 667 9
178 669 13
178 682 75
178 686 53
178 696 95
178 699 79
178 703 58
178 704 47
178 708 88
178 709 48
178 717 72
178 731 59
178 733 86
178 739 99
178 745 10
178 773 97
178 777 47
178 785 95
178 795 5
178 798 62
178 810 61
178 813 77
178 826 1
178 828 49
178 859 44
178 867 14
178 868 71
178 872 26
178 887 95
178 889 62
178 897 91
178 899 42
178 906 54
178 907 20
178 918 15
178 928 24
178 930 36
178 959 98
178 962 4
178 963 12
178 964 94
178 968 90
178 970 82
178 982 83
178 984 36
178 990 45
179 187 67
179 188 73
179 197 82
179 216 91
179 267 47
179 270 77
179 271 1
179 275 89
179 297 28
179 301 69
179 302 84
179 311 53
179 314 96
179 317 10
179 320 60
179 341 48
179 350 18
179 357 3
179 358 78
179 363 33
179 366 50
179 374 24
179 392 3
179 394 82
179 398 11
179 399 68
179 407 31
179 411 89
179 417 25
179 426 22
179 431 23
179 436 67
179 438 23
179 439 65
179 448 11
179 486 49
179 495 29
179 510 27
179 516 30
179 535 66
179 563 46
179 565 59
179 566 95
179 568 90
179 572 19
179 577 37
179 581 31
179 584 18
179 585 22
179 603 67
179 606 19
179 612 4
179 618 29
179 620 67
179 624 49
179 626 29
179 630 95
179 632 69
179 635 14
179 652 91
179 665 40
179 667 63
179 673 18
179 699 37
179 703 37
179 704 88
179 708 86
179 727 1
179 731 48
179 733 10
179 736 87
179 745 63
179 749 68
179 773 99
179 794 85
179 795 22
179 800 35
179 810 99
179 814 57
179 822 84
179 826 77
179 867 84
179 872 78
179 887 24
179 897 5
179 899 34
179 907 75
179 914 26
179 930 7
179 952 25
179 964 4
179 977 39
179 990 30
179 993 9
180 262 86
180 267 78
180 270 61
180 271 25
180 287 94
180 296 63
180 297 26
180 314 66
180 330 96
180 335 99
180 341 16
180 347 68
180 350 17
180 358 84
180 363 61
180 370 30
180 374 7
180 394 49
180 398 53
180 412 73
180 424 98
180 439 11
180 440 94
180 448 77
180 457 44
180 466 28
180 491 25
180 501 40
180 525 43
180 534 5
180 563 21
180 568 71
180 588 29
180 603 2
180 606 35
180 612 60
180 626 31
180 641 25
180 657 58
180 665 97
180 667 21
180 672 58
180 687 54
180 691 76
180 693 29
180 701 54
180 703 6
180 708 39
180 731 27
180 733 77
180 739 55
180 745 48
180 773 98
180 794 100
180 824 17
180 857 33
180 867 82
180 899 52
180 903 19
180 914 15
180 951 34
180 952 72
180 990 83
180 996 74
181 194 78
181 220 82
181 229 30
181 236 49
181 242 1
181 250 36
181 253 27
181 264 74
181 306 39
181 312 66
181 326 11
181 332 6
181 335 94
181 349 43
181 364 23
181 370 53
181 379 22
181 380 51
181 384 20
181 400 76
181 402 83
181 404 9
181 420 13
181 424 54
181 429 15
181 453 2
181 458 18
181 459 87
181 472 24
181 487 4
181 488 8
181 493 11
181 498 97
181 505 39
181 508 78
181 529 20
181 536 89
181 538 99
181 545 26
181 547 19
181 549 91
181 588 14
181 600 22
181 639 29
181 661 90
181 669 68
181 671 68
181 672 7
181 689 38
181 693 4
181 696 10
181 728 33
181 731 19
181 739 30
181 767 8
181 769 39
181 775 86
181 776 14
181 801 90
181 829 68
181 834 57
181 850 4
181 852 46
181 855 73
181 857 86
181 858 21
181 879 39
181 896 75
181 910 59
181 920 56
181 955 97
181 963 55
181 968 86
181 970 74
181 974 90
181 988 11
181 989 35
181 997 85
182 189 18
182 198 63
182 209 96
182 232 62
182 247 36
182 255 14
182 258 25
182 259 80
182 268 78
182 274 9
182 299 42
182 319 28
182 323 29
182 329 48
182 342 88
182 351 3
182 359 56
182 362 78
182 367 88
182 369 17
182 375 19
182 376 76
182 377 29
182 378 65
182 386 59
182 393 11
182 395 14
182 401 89
182 414 56
182 415 89
182 425 96
182 437 87
182 447 46
182 451 57
182 462 99
182 465 93
182 467 2
182 470 19
182 499 72
182 509 7
182 517 34
182 519 75
182 527 8
182 533 51
182 537 95
182 541 9
182 542 97
182 552 20
182 555 24
182 561 69
182 570 88
182 574 73
182 592 72
182 594 18
182 621 95
182 633 12
182 634 20
182 642 38
182 653 72
182 654 35
182 662 68
182 668 14
182 681 1
182 684 27
182 688 27
182 711 82
182 716 66
182 729 43
182 732 2
182 740 79
182 746 15
182 757 83
182 762 39
182 766 7
182 770 45
182 771 48
182 772 19
182 798 68
182 811 10
182 815 10
182 821 74
182 836 69
182 840 41
182 861 41
182 862 49
182 868 59
182 874 98
182 876 82
182 880 24
182 884 19
182 890 43
182 901 39
182 904 62
182 905 100
182 921 96
182 933 89
182 935 2
182 956 40
182 958 56
182 966 50
182 973 63
182 982 17
182 992 46
182 998 48
183 191 13
183 216 80
183 222 35
183 224 33
183 227 26
183 239 26
183 248 38
183 262 5
183 265 52
183 271 53
183 282 29
183 295 74
183 296 8
183 301 93
183 304 49
183 307 97
183 345 59
183 348 53
183 355 68
183 356 26
183 358 16
183 363 57
183 391 59
183 397 100
183 438 78
183 440 2
183 454 56
183 466 87
183 476 37
183 478 73
183 480 78
183 489 93
183 506 7
183 521 8
183 528 98
183 548 63
183 556 46
183 558 98
183 559 69
183 571 28
183 581 87
183 587 19
183 599 90
183 605 64
183 610 69
183 612 9
183 618 12
183 631 82
183 640 69
183 665 90
183 687 70
183 690 21
183 712 52
183 736 71
183 738 52
183 748 90
183 749 30
183 778 11
183 789 91
183 794 28
183 800 9
183 808 9
183 814 48
183 818 49
183 819 68
183 822 96
183 839 93
183 848 55
183 913 46
183 914 7
183 916 61
183 919 63
183 931 12
183 938 59
183 954 58
183 971 54
183 993 2
184 195 100
184 201 96
184 217 1
184 220 59
184 221 28
184 229 33
184 242 53
184 245 69
184 253 63
184 277 9
184 278 34
184 283 5
184 284 16
184 303 96
184 312 9
184 322 82
184 324 54
184 332 48
184 333 88
184 337 36
184 344 3
184 364 97
184 365 28
184 380 10
184 387 4
184 402 9
184 403 28
184 410 91
184 443 17
184 459 84
184 461 28
184 464 50
184 472 12
184 473 45
184 475 98
184 479 26
184 487 15
184 492 81
184 497 37
184 503 75
184 505 3
184 508 2
184 514 86
184 520 23
184 532 66
184 536 12
184 543 39
184 545 4
184 636 33
184 637 45
184 644 92
184 650 64
184 682 33
184 694 28
184 697 9
184 709 45
184 717 95
184 724 1
184 728 72
184 730 93
184 737 95
184 769 60
184 774 3
184 777 17
184 780 90
184 785 87
184 797 4
184 804 8
184 838 9
184 855 30
184 859 59
184 883 40
184 891 89
184 893 82
184 894 69
184 896 3
184 906 6
184 909 83
184 920 68
184 928 73
184 942 20
184 944 98
184 949 89
184 955 51
184 961 95
184 963 42
184 967 19
184 968 7
184 969 49
184 975 64
184 988 42
184 989 5
184 994 5
184 997 23
184 999 63
185 186 89
185 205 36
185 212 76
185 234 44
185 235 60
185 237 66
185 240 64
185 251 58
185 256 13
185 286 20
185 300 76
185 321 51
185 323 29
185 328 39
185 336 32
185 372 64
185 389 2
185 416 19
185 430 31
185 432 6
185 442 38
185 446 31
185 450 12
185 451 91
185 477 67
185 500 46
185 517 48
185 539 73
185 554 37
185 574 79
185 578 16
185 590 46
185 594 33
185 595 28
185 598 36
185 601 70
185 602 56
185 619 32
185 675 37
185 743 37
185 751 25
185 753 66
185 790 50
185 803 87
185 815 53
185 825 21
185 842 43
185 878 79
185 885 62
185 911 29
185 915 46
185 917 40
185 926 84
185 978 67
186 196 26
186 198 41
186 200 67
186 205 51
186 232 16
186 233 41
186 234 76
186 235 32
186 237 57
186 240 67
186 251 84
186 256 11
186 258 79
186 269 72
186 289 4
186 291 96
186 300 10
186 321 70
186 323 67
186 328 22
186 329 39
186 336 100
186 351 78
186 371 68
186 386 90
186 389 81
186 406 9
186 413 2
186 415 56
186 416 4
186 421 74
186 422 99
186 427 74
186 432 97
186 437 41
186 441 6
186 442 3
186 449 69
186 450 12
186 451 28
186 462 50
186 463 82
186 465 55
186 467 5
186 470 97
186 477 45
186 500 20
186 517 33
186 533 3
186 537 72
186 539 7
186 552 79
186 574 59
186 578 27
186 579 64
186 594 54
186 595 54
186 598 96
186 601 54
186 602 23
186 642 93
186 653 76
186 664 27
186 668 74
186 675 27
186 688 25
186 743 58
186 746 56
186 751 89
186 753 38
186 757 19
186 766 38
186 771 84
186 772 93
186 790 11
186 796 94
186 803 50
186 815 86
186 825 15
186 842 82
186 864 10
186 866 98
186 878 60
186 884 55
186 885 43
186 901 58
186 911 19
186 915 46
186 917 36
186 923 26
186 926 54
186 933 90
186 957 67
186 973 10
186 978 28
186 987 59
186 995 57
187 197 100
187 203 16
187 211 82
187 252 13
187 294 94
187 301 98
187 302 45
187 308 87
187 309 67
187 311 30
187 317 22
187 319 21
187 320 14
187 325 26
187 357 59
187 382 100
187 388 17
187 392 18
187 398 95
187 399 23
187 407 93
187 411 51
187 417 62
187 426 33
187 433 4
187 435 91
187 436 49
187 474 76
187 484 50
187 486 22
187 495 74
187 510 17
187 511 13
187 515 59
187 516 46
187 535 63
187 540 70
187 555 6
187 565 93
187 566 43
187 572 54
187 577 34
187 582 10
187 583 62
187 585 36
187 607 91
187 618 99
187 620 34
187 624 79
187 630 68
187 632 18
187 635 88
187 638 91
187 646 1
187 652 35
187 666 17
187 673 82
187 676 63
187 679 37
187 699 90
187 704 67
187 710 26
187 721 63
187 722 46
187 727 1
187 736 1
187 761 35
187 762 6
187 773 15
187 805 88
187 810 89
187 811 95
187 822 31
187 826 81
187 836 31
187 872 4
187 887 42
187 890 57
187 897 47
187 907 63
187 922 41
187 925 73
187 930 35
187 936 96
187 964 74
187 972 88
187 977 55
187 980 28
187 985 60
187 993 18
188 194 18
188 220 88
188 236 33
188 242 9
188 267 50
188 275 29
188 277 50
188 297 57
188 311 21
188 314 48
188 319 57
188 322 64
188 332 48
188 333 13
188 337 23
188 344 51
188 347 62
188 350 89
188 366 20
188 374 83
188 379 41
188 380 10
188 394 49
188 398 26
188 402 67
188 407 35
188 417 8
188 424 28
188 426 87
188 431 21
188 439 100
188 448 36
188 453 14
188 472 56
188 486 1
188 487 24
188 488 37
188 495 75
188 498 74
188 510 94
188 514 15
188 532 70
188 536 4
188 538 67
188 545 32
188 549 66
188 553 35
188 563 73
188 565 11
188 583 8
188 584 14
188 588 14
188 603 71
188 606 10
188 613 70
188 629 38
188 630 96
188 635 97
188 644 83
188 646 84
188 654 64
188 667 4
188 669 1
188 682 25
188 686 99
188 696 8
188 699 27
188 703 72
188 704 100
188 708 11
188 709 54
188 717 77
188 731 9
188 733 17
188 739 24
188 745 59
188 769 5
188 773 45
188 777 93
188 785 36
188 795 60
188 798 50
188 810 7
188 813 27
188 826 11
188 828 30
188 829 1
188 857 12
188 859 44
188 867 78
188 872 16
188 887 79
188 889 79
188 897 78
188 899 86
188 906 76
188 907 3
188 918 6
188 920 95
188 930 69
188 959 100
188 962 23
188 963 97
188 968 58
188 970 10
188 982 96
188 984 46
188 990 27
189 209 92
189 221 21
189 247 32
189 255 3
189 258 44
189 259 52
189 268 27
189 274 47
189 277 15
189 299 23
189 311 83
189 319 48
189 324 55
189 333 55
189 337 63
189 342 41
189 359 87
189 362 35
189 367 48
189 369 61
189 375 80
189 376 10
189 377 29
189 385 97
189 387 42
189 392 99
189 393 96
189 395 36
189 401 2
189 407 57
189 414 94
189 437 75
189 444 63
189 447 21
189 467 60
189 475 18
189 495 76
189 499 40
189 509 25
189 519 52
189 530 66
189 541 51
189 542 42
189 553 84
189 555 78
189 570 61
189 583 21
189 592 67
189 621 32
189 633 96
189 634 45
189 642 60
189 646 10
189 653 63
189 654 93
189 662 92
189 681 1
189 684 63
189 686 96
189 699 58
189 709 67
189 716 63
189 717 89
189 727 55
189 732 16
189 740 81
189 752 65
189 758 17
189 762 62
189 770 44
189 772 47
189 785 66
189 787 67
189 798 24
189 804 27
189 811 29
189 813 91
189 828 85
189 836 85
189 840 38
189 859 47
189 860 84
189 862 43
189 868 90
189 874 86
189 876 15
189 880 71
189 889 98
189 890 55
189 893 17
189 905 95
189 906 83
189 907 45
189 908 48
189 918 8
189 921 38
189 928 92
189 935 53
189 945 94
189 958 29
189 962 57
189 969 22
189 973 72
189 975 80
189 982 56
189 992 88
190 199 84
190 203 25
190 204 4
190 207 32
190 208 92
190 211 27
190 215 77
190 219 98
190 223 3
190 228 26
190 244 35
190 260 8
190 263 56
190 272 56
190 276 14
190 279 25
190 288 69
190 308 63
190 315 45
190 325 81
190 346 89
190 353 5
190 354 69
190 382 16
190 383 44
190 409 30
190 433 77
190 435 68
190 452 49
190 454 46
190 456 19
190 484 60
190 511 11
190 512 52
190 513 52
190 515 46
190 531 88
190 540 2
190 546 7
190 550 95
190 567 43
190 572 32
190 582 83
190 589 48
190 604 96
190 607 3
190 614 87
190 627 91
190 628 88
190 647 48
190 648 53
190 651 55
190 656 26
190 658 47
190 666 59
190 670 49
190 679 63
190 683 93
190 698 49
190 700 70
190 721 46
190 735 92
190 754 52
190 759 3
190 781 93
190 784 87
190 786 100
190 792 29
190 805 86
190 809 22
190 816 1
190 830 61
190 841 20
190 847 28
190 851 79
190 853 10
190 854 95
190 869 85
190 881 58
190 886 62
190 895 8
190 902 29
190 922 94
190 924 56
190 965 36
190 976 84
190 981 35
190 985 83
191 208 37
191 219 51
191 222 64
191 224 81
191 227 72
191 239 16
191 248 85
191 260 69
191 265 96
191 282 29
191 292 5
191 295 93
191 298 95
191 301 35
191 304 38
191 307 77
191 345 69
191 348 84
191 356 67
191 391 77
191 397 33
191 409 36
191 438 87
191 454 12
191 476 68
191 478 30
191 480 51
191 489 62
191 506 83
191 513 47
191 521 58
191 524 75
191 528 89
191 548 27
191 556 18
191 558 57
191 559 91
191 564 15
191 571 25
191 581 39
191 587 63
191 597 57
191 599 75
191 605 80
191 610 83
191 618 77
191 622 4
191 631 88
191 640 95
191 690 59
191 695 57
191 706 39
191 712 87
191 713 51
191 738 59
191 748 82
191 749 65
191 768 61
191 778 61
191 784 10
191 789 97
191 800 73
191 808 69
191 814 29
191 818 11
191 819 67
191 839 97
191 848 79
191 853 71
191 873 90
191 898 18
191 913 35
191 916 33
191 919 89
191 931 3
191 937 11
191 938 94
191 954 42
191 971 36
192 193 21
192 206 21
192 210 15
192 212 11
192 214 94
192 218 81
192 225 58
192 231 82
192 241 15
192 257 14
192 273 14
192 281 54
192 305 20
192 313 91
192 316 4
192 327 62
192 340 80
192 352 47
192 361 30
192 368 66
192 371 89
192 381 23
192 390 18
192 396 54
192 408 50
192 418 4
192 423 2
192 460 36
192 468 30
192 469 83
192 481 20
192 482 72
192 494 33
192 507 100
192 518 65
192 523 34
192 551 97
192 554 86
192 557 6
192 560 97
192 562 26
192 569 77
192 593 86
192 596 98
192 608 18
192 609 83
192 616 37
192 617 51
192 619 14
192 645 40
192 649 5
192 659 72
192 678 4
192 680 22
192 692 86
192 707 3
192 714 74
192 725 96
192 734 11
192 742 78
192 747 95
192 756 91
192 760 92
192 765 30
192 782 93
192 783 99
192 793 9
192 799 43
192 806 78
192 807 69
192 817 70
192 820 56
192 823 27
192 832 87
192 843 39
192 845 77
192 856 77
192 865 96
192 870 87
192 875 98
192 892 34
192 912 22
192 927 42
192 941 73
192 946 32
192 947 45
192 950 20
192 953 15
192 960 75
192 978 76
192 991 76
193 206 87
193 210 48
193 214 4
193 218 70
193 223 65
193 225 25
193 226 84
193 231 27
193 244 98
193 257 76
193 273 62
193 276 95
193 279 76
193 281 81
193 305 60
193 313 34
193 316 72
193 327 23
193 338 37
193 340 12
193 346 1
193 352 80
193 354 97
193 360 57
193 368 17
193 381 46
193 390 58
193 396 41
193 408 84
193 418 94
193 423 27
193 452 59
193 460 79
193 468 79
193 482 68
193 494 13
193 507 20
193 512 39
193 518 90
193 523 53
193 550 93
193 551 3
193 557 2
193 560 40
193 569 15
193 589 49
193 593 28
193 596 46
193 609 57
193 611 27
193 616 13
193 617 90
193 647 5
193 648 2
193 656 40
193 659 12
193 660 23
193 678 31
193 680 57
193 685 73
193 692 83
193 698 74
193 707 54
193 714 30
193 725 86
193 735 88
193 742 18
193 747 56
193 750 55
193 756 30
193 760 76
193 765 70
193 781 83
193 783 70
193 786 19
193 788 47
193 792 43
193 793 68
193 799 19
193 806 95
193 807 77
193 816 85
193 817 41
193 820 54
193 827 42
193 841 30
193 843 46
193 845 43
193 863 62
193 865 2
193 875 92
193 886 57
193 892 71
193 927 88
193 932 67
193 941 8
193 946 56
193 950 64
193 953 9
193 960 72
193 991 36
194 220 6
194 229 49
194 236 5
194 242 41
194 250 77
194 253 35
194 264 49
194 267 78
194 275 80
194 297 78
194 306 9
194 312 19
194 322 50
194 332 56
194 335 96
194 344 69
194 347 23
194 349 37
194 364 64
194 366 3
194 370 72
194 374 20
194 379 35
194 380 77
194 384 89
194 400 80
194 402 46
194 404 38
194 412 79
194 420 44
194 424 79
194 431 78
194 439 12
194 453 64
194 458 94
194 472 49
194 487 96
194 488 75
194 493 25
194 498 71
194 505 94
194 508 34
194 514 3
194 529 86
194 532 20
194 536 15
194 538 32
194 545 37
194 547 48
194 549 38
194 588 74
194 600 43
194 613 26
194 629 51
194 639 56
194 641 47
194 644 2
194 661 3
194 667 33
194 669 98
194 672 59
194 682 60
194 689 45
194 691 78
194 693 52
194 696 89
194 708 79
194 728 20
194 731 29
194 739 2
194 767 90
194 769 19
194 775 41
194 776 21
194 801 70
194 829 32
194 834 27
194 850 37
194 852 40
194 855 27
194 857 36
194 858 53
194 879 59
194 896 87
194 899 37
194 920 55
194 955 60
194 959 26
194 963 43
194 968 91
194 970 64
194 974 57
194 984 65
194 988 57
194 989 75
194 997 66
195 201 70
195 213 2
195 217 16
195 221 4
195 245 80
195 277 55
195 278 33
195 283 57
195 284 17
195 290 6
195 324 16
195 331 50
195 333 85
195 337 43
195 343 84
195 365 50
195 367 32
195 373 12
195 385 67
195 387 87
195 403 37
195 405 83
195 410 27
195 414 100
195 419 95
195 443 5
195 444 84
195 447 86
195 461 96
195 464 78
195 473 45
195 475 32
195 479 45
195 492 4
195 497 79
195 499 92
195 502 62
195 503 54
195 520 65
195 530 15
195 543 38
195 636 53
195 637 62
195 643 93
195 650 33
195 694 71
195 697 93
195 709 26
195 717 89
195 723 83
195 724 80
195 726 23
195 730 54
195 737 75
195 744 89
195 752 95
195 758 86
195 770 15
195 774 96
195 779 27
195 780 94
195 787 90
195 791 14
195 797 42
195 804 46
195 838 59
195 844 69
195 860 81
195 862 73
195 882 20
195 883 98
195 891 22
195 893 91
195 894 70
195 908 17
195 909 59
195 928 11
195 929 66
195 939 24
195 942 27
195 944 85
195 945 2
195 949 65
195 958 28
195 961 2
195 967 4
195 969 97
195 975 96
195 992 61
195 999 56
196 198 57
196 232 4
196 233 16
196 234 39
196 235 84
196 237 89
196 240 96
196 249 26
196 251 50
196 254 77
196 261 79
196 269 24
196 285 18
196 289 5
196 291 76
196 300 33
196 321 96
196 323 71
196 329 13
196 334 66
196 336 60
196 378 56
196 406 19
196 413 82
196 415 75
196 416 9
196 421 58
196 422 91
196 425 45
196 427 30
196 428 51
196 434 74
196 441 30
196 449 50
196 451 93
196 462 40
196 463 47
196 465 80
196 471 52
196 490 27
196 500 34
196 504 86
196 517 30
196 522 78
196 539 64
196 573 21
196 574 63
196 578 68
196 579 73
196 594 12
196 595 10
196 598 19
196 663 39
196 668 41
196 675 89
196 715 76
196 741 95
196 751 93
196 753 10
196 755 43
196 757 36
196 763 63
196 771 40
196 772 44
196 796 64
196 812 96
196 825 39
196 831 15
196 833 32
196 842 68
196 846 3
196 849 97
196 864 86
196 878 51
196 884 40
196 885 40
196 888 58
196 901 8
196 911 37
196 917 30
196 923 94
196 926 58
196 933 21
196 934 64
196 940 83
196 957 54
196 986 90
196 987 49
196 995 79
197 199 30
197 216 35
197 219 64
197 224 78
197 239 48
197 260 22
197 294 50
197 301 56
197 302 70
197 304 5
197 308 52
197 309 91
197 315 80
197 317 82
197 320 89
197 348 3
197 353 37
197 357 87
197 363 32
197 382 68
197 394 68
197 397 89
197 399 48
197 409 29
197 411 2
197 417 23
197 433 64
197 435 64
197 436 3
197 438 77
197 454 87
197 456 38
197 484 67
197 510 97
197 511 59
197 515 56
197 516 76
197 535 82
197 546 98
197 548 19
197 556 69
197 565 4
197 566 74
197 572 33
197 577 29
197 581 65
197 582 28
197 585 76
197 604 98
197 607 51
197 610 88
197 612 88
197 618 10
197 620 97
197 624 13
197 630 35
197 632 72
197 640 64
197 652 18
197 673 25
197 676 36
197 679 31
197 704 65
197 712 32
197 721 2
197 736 37
197 749 89
197 784 22
197 794 15
197 800 43
197 805 78
197 810 31
197 814 72
197 819 33
197 822 94
197 826 9
197 869 60
197 895 92
197 914 57
197 925 60
197 930 5
197 931 28
197 964 88
197 977 84
197 985 54
197 993 87
198 213 26
198 232 59
198 233 25
198 235 98
198 238 32
198 254 90
198 255 17
198 258 15
198 269 45
198 274 25
198 285 87
198 289 87
198 291 83
198 318 89
198 323 55
198 329 27
198 334 21
198 351 2
198 359 30
198 362 55
198 367 96
198 373 97
198 375 77
198 377 46
198 378 85
198 385 12
198 393 80
198 395 8
198 406 90
198 414 23
198 415 90
198 416 58
198 421 79
198 422 6
198 425 80
198 427 21
198 428 29
198 441 79
198 444 14
198 447 43
198 449 77
198 451 75
198 462 56
198 463 72
198 465 68
198 467 76
198 470 77
198 471 11
198 490 93
198 499 100
198 502 47
198 504 90
198 517 9
198 522 95
198 541 34
198 573 20
198 574 34
198 586 29
198 592 7
198 594 34
198 642 56
198 643 61
198 653 18
198 662 73
198 663 59
198 668 96
198 675 45
198 711 67
198 715 16
198 716 44
198 726 82
198 741 40
198 744 44
198 746 90
198 751 33
198 752 17
198 755 12
198 757 91
198 758 61
198 763 52
198 770 93
198 771 72
198 772 58
198 779 45
198 812 35
198 831 89
198 837 21
198 844 76
198 849 11
198 860 57
198 862 5
198 864 84
198 871 33
198 876 76
198 880 59
198 884 88
198 888 68
198 901 83
198 908 71
198 926 69
198 933 32
198 934 11
198 945 53
198 957 44
198 958 81
198 973 5
198 979 63
198 992 52
198 995 3
199 203 5
199 207 77
199 208 62
199 211 23
199 215 88
199 219 18
199 224 50
199 228 35
199 260 16
199 263 21
199 272 100
199 276 61
199 279 2
199 282 94
199 301 100
199 302 78
199 308 33
199 315 61
199 325 18
199 353 62
199 382 33
199 383 81
199 397 45
199 399 15
199 409 69
199 433 52
199 435 40
199 454 92
199 456 38
199 484 59
199 511 50
199 513 82
199 515 96
199 516 44
199 535 74
199 546 91
199 567 95
199 572 21
199 582 73
199 585 9
199 597 82
199 604 51
199 607 13
199 614 55
199 618 96
199 620 100
199 627 9
199 628 92
199 640 83
199 647 47
199 648 46
199 651 99
199 652 43
199 656 92
199 658 11
199 670 91
199 673 30
199 679 38
199 683 3
199 700 7
199 721 33
199 736 45
199 754 42
199 759 84
199 781 74
199 784 86
199 805 12
199 809 91
199 814 6
199 818 63
199 819 64
199 830 74
199 841 98
199 847 36
199 851 8
199 853 58
199 854 54
199 869 19
199 881 8
199 895 5
199 902 69
199 922 89
199 924 33
199 925 89
199 931 15
199 938 85
199 965 100
199 976 77
199 981 76
199 985 24
200 210 99
200 214 24
200 226 63
200 231 40
200 234 61
200 240 95
200 241 80
200 247 34
200 256 25
200 258 24
200 273 76
200 300 38
200 327 67
200 338 7
200 351 9
200 352 3
200 360 17
200 371 58
200 386 35
200 389 75
200 395 45
200 401 4
200 418 33
200 423 51
200 430 88
200 432 48
200 437 28
200 442 4
200 451 14
200 462 29
200 470 76
200 477 16
200 482 32
200 494 96
200 500 75
200 507 12
200 517 49
200 527 14
200 533 79
200 537 76
200 539 96
200 542 15
200 544 85
200 552 53
200 554 60
200 561 17
200 570 17
200 574 99
200 594 98
200 601 82
200 602 84
200 616 15
200 619 75
200 634 60
200 649 54
200 653 26
200 660 85
200 664 10
200 668 6
200 680 28
200 688 25
200 702 7
200 707 28
200 725 54
200 729 74
200 743 65
200 746 6
200 747 7
200 753 28
200 766 19
200 790 5
200 793 83
200 799 81
200 803 73
200 815 11
200 821 93
200 843 50
200 861 14
200 866 89
200 875 28
200 884 89
200 885 33
200 904 79
200 905 23
200 912 53
200 915 9
200 927 81
200 935 23
200 956 25
200 966 54
200 973 74
200 978 60
200 998 95
201 213 10
201 217 72
201 221 29
201 238 96
201 245 74
201 278 72
201 283 89
201 284 79
201 290 50
201 318 55
201 324 95
201 331 78
201 343 78
201 365 85
201 373 44
201 385 12
201 403 97
201 405 65
201 410 84
201 419 23
201 443 84
201 444 70
201 464 90
201 473 100
201 475 33
201 492 1
201 497 57
201 499 90
201 502 39
201 503 37
201 520 49
201 543 60
201 575 12
201 586 29
201 636 87
201 643 41
201 697 50
201 723 39
201 724 42
201 726 80
201 737 94
201 744 16
201 752 3
201 758 88
201 770 94
201 774 63
201 779 23
201 780 50
201 787 53
201 791 33
201 804 83
201 838 77
201 844 44
201 860 40
201 871 95
201 882 28
201 883 29
201 891 2
201 893 66
201 894 57
201 908 42
201 909 89
201 929 32
201 939 51
201 942 25
201 943 49
201 944 7
201 945 38
201 949 28
201 961 11
201 967 82
201 969 79
201 975 17
201 992 4
201 999 19
202 206 94
202 230 69
202 280 72
202 305 30
202 339 93
202 340 3
202 445 58
202 460 16
202 481 46
202 485 70
202 526 62
202 576 45
202 591 46
202 608 27
202 609 73
202 615 30
202 645 59
202 655 58
202 674 76
202 677 34
202 705 22
202 718 4
202 742 68
202 760 54
202 802 20
202 806 18
202 870 22
202 947 36
202 948 89
202 950 33
203 207 34
203 211 83
203 218 97
203 225 97
203 226 76
203 252 66
203 263 14
203 276 22
203 279 27
203 281 16
203 294 99
203 302 30
203 308 100
203 309 16
203 315 14
203 325 54
203 338 25
203 346 79
203 353 83
203 357 56
203 360 49
203 382 70
203 388 62
203 390 11
203 411 60
203 433 51
203 435 18
203 436 27
203 452 5
203 456 41
203 474 47
203 484 53
203 511 59
203 512 100
203 515 40
203 516 7
203 527 75
203 540 92
203 544 67
203 546 44
203 555 92
203 560 37
203 561 50
203 567 64
203 572 39
203 577 2
203 582 12
203 585 76
203 604 68
203 607 9
203 614 92
203 620 42
203 624 15
203 628 94
203 638 67
203 647 97
203 648 19
203 651 91
203 652 77
203 656 49
203 658 13
203 660 45
203 666 56
203 676 11
203 679 7
203 680 39
203 685 44
203 700 22
203 702 65
203 710 73
203 721 90
203 722 95
203 727 88
203 729 33
203 735 34
203 750 3
203 754 9
203 759 68
203 761 27
203 781 86
203 786 33
203 788 95
203 792 40
203 793 22
203 805 41
203 811 19
203 816 77
203 827 27
203 830 69
203 841 69
203 854 68
203 869 90
203 881 21
203 886 94
203 895 7
203 922 69
203 925 5
203 932 1
203 936 64
203 960 58
203 964 36
203 972 41
203 977 2
203 980 81
203 985 99
204 207 31
204 215 23
204 223 9
204 228 98
204 244 99
204 263 92
204 272 70
204 276 16
204 279 96
204 288 26
204 346 55
204 353 89
204 354 99
204 383 28
204 452 4
204 512 26
204 531 38
204 546 75
204 550 74
204 567 16
204 589 79
204 627 32
204 628 17
204 647 45
204 648 53
204 651 79
204 656 41
204 658 91
204 670 47
204 698 67
204 700 45
204 719 72
204 754 49
204 781 6
204 792 12
204 809 18
204 830 81
204 835 82
204 847 41
204 851 79
204 854 77
204 863 16
204 881 58
204 886 84
204 902 41
204 924 24
204 965 43
204 976 6
204 981 45
205 212 78
205 234 56
205 235 74
205 237 55
205 240 95
205 241 86
205 251 8
205 256 57
205 273 34
205 286 38
205 300 1
205 321 31
205 328 63
205 336 35
205 371 7
205 372 86
205 389 98
205 416 94
205 430 1
205 432 38
205 442 31
205 446 5
205 450 67
205 477 30
205 482 92
205 500 1
205 507 60
205 533 23
205 539 45
205 552 3
205 554 44
205 578 67
205 590 71
205 598 5
205 601 72
205 602 42
205 616 26
205 619 52
205 664 22
205 720 85
205 743 56
205 751 46
205 753 57
205 790 99
205 803 55
205 815 24
205 825 22
205 832 51
205 842 55
205 856 84
205 866 42
205 878 9
205 885 91
205 911 13
205 912 29
205 915 62
205 917 85
205 978 18
206 210 8
206 218 14
206 230 66
206 231 64
206 257 15
206 273 91
206 280 19
206 281 13
206 305 56
206 313 58
206 316 96
206 339 69
206 340 43
206 361 18
206 368 53
206 381 15
206 396 72
206 408 5
206 418 58
206 445 18
206 460 23
206 468 95
206 469 93
206 481 66
206 485 36
206 494 94
206 518 81
206 523 21
206 526 75
206 551 67
206 557 83
206 562 43
206 569 41
206 576 1
206 591 74
206 593 28
206 596 19
206 608 27
206 609 34
206 611 48
206 615 93
206 616 32
206 617 19
206 645 45
206 655 12
206 659 1
206 674 37
206 677 55
206 678 34
206 692 29
206 705 43
206 707 71
206 714 62
206 718 4
206 725 95
206 734 4
206 742 54
206 756 48
206 760 60
206 765 62
206 782 43
206 783 65
206 799 7
206 802 94
206 806 35
206 807 65
206 817 31
206 820 39
206 823 47
206 832 19
206 843 91
206 845 7
206 856 27
206 865 99
206 870 68
206 875 45
206 892 37
206 927 53
206 941 79
206 946 11
206 947 96
206 948 2
206 950 30
206 953 21
206 991 47
207 211 31
207 215 53
207 218 44
207 223 15
207 225 94
207 228 46
207 244 73
207 263 74
207 272 67
207 276 49
207 279 93
207 281 33
207 288 48
207 308 11
207 315 66
207 325 49
207 338 46
207 346 76
207 353 18
207 354 56
207 382 44
207 383 3
207 390 96
207 396 40
207 433 10
207 435 79
207 452 26
207 456 34
207 484 15
207 511 22
207 512 47
207 531 75
207 540 46
207 546 94
207 550 38
207 557 97
207 560 74
207 567 11
207 582 71
207 589 6
207 604 2
207 607 47
207 614 88
207 617 26
207 628 38
207 647 55
207 648 59
207 651 93
207 656 100
207 658 34
207 666 77
207 670 7
207 679 8
207 683 88
207 685 83
207 698 56
207 700 55
207 722 39
207 735 98
207 750 16
207 754 88
207 759 88
207 781 77
207 784 3
207 786 77
207 788 52
207 792 39
207 793 27
207 805 38
207 809 3
207 816 95
207 827 28
207 830 55
207 835 47
207 841 70
207 847 63
207 851 22
207 854 56
207 863 86
207 869 35
207 881 64
207 886 15
207 895 35
207 902 76
207 922 84
207 924 52
207 932 36
207 960 96
207 965 94
207 976 98
207 980 48
207 981 8
207 985 34
208 215 45
208 219 74
208 224 11
208 227 9
208 228 94
208 239 6
208 260 45
208 265 27
208 282 14
208 292 41
208 295 93
208 298 73
208 301 12
208 304 83
208 315 36
208 345 51
208 348 9
208 353 74
208 382 20
208 383 63
208 391 90
208 397 56
208 409 94
208 454 80
208 456 36
208 476 61
208 484 55
208 489 68
208 513 31
208 515 60
208 524 84
208 528 61
208 546 79
208 548 16
208 556 89
208 564 29
208 571 69
208 587 73
208 597 52
208 599 74
208 604 32
208 605 35
208 627 70
208 631 3
208 640 25
208 683 80
208 690 80
208 695 98
208 712 80
208 713 3
208 768 35
208 778 96
208 784 30
208 808 54
208 809 58
208 814 49
208 818 59
208 819 10
208 830 28
208 847 16
208 851 28
208 853 24
208 869 83
208 881 29
208 895 86
208 902 52
208 913 52
208 924 91
208 931 57
208 937 96
208 938 93
208 954 86
208 965 28
208 971 51
208 981 29
208 985 46
209 217 42
209 221 15
209 247 49
209 255 31
209 258 15
209 259 29
209 268 98
209 274 89
209 277 83
209 299 46
209 311 87
209 319 82
209 324 61
209 333 21
209 337 37
209 342 18
209 359 73
209 367 76
209 369 41
209 375 28
209 376 22
209 377 31
209 387 35
209 392 84
209 393 51
209 395 3
209 401 70
209 407 39
209 414 91
209 437 71
209 447 20
209 467 84
209 475 66
209 486 18
209 495 76
209 499 95
209 509 54
209 519 34
209 530 38
209 541 53
209 542 39
209 553 27
209 555 97
209 570 21
209 583 44
209 592 16
209 621 12
209 633 3
209 634 76
209 642 94
209 646 72
209 653 24
209 654 61
209 662 45
209 681 76
209 684 21
209 686 34
209 699 100
209 709 81
209 716 3
209 717 53
209 727 86
209 730 1
209 732 91
209 740 21
209 752 17
209 758 64
209 762 75
209 770 25
209 777 15
209 785 17
209 787 14
209 798 86
209 804 87
209 811 100
209 813 84
209 828 30
209 836 5
209 840 91
209 859 7
209 860 60
209 862 88
209 868 26
209 874 53
209 876 15
209 880 19
209 889 8
209 890 39
209 893 45
209 905 99
209 906 90
209 907 30
209 918 64
209 921 44
209 928 78
209 935 42
209 958 48
209 959 34
209 962 11
209 969 18
209 973 37
209 975 20
209 982 40
209 992 45
210 212 53
210 214 72
210 218 37
210 225 10
210 226 10
210 231 25
210 241 56
210 257 95
210 273 34
210 281 57
210 286 28
210 313 14
210 327 42
210 338 50
210 340 18
210 352 15
210 360 51
210 361 14
210 368 58
210 371 61
210 381 50
210 389 24
210 390 96
210 396 43
210 408 81
210 418 6
210 423 21
210 430 7
210 468 17
210 469 54
210 481 8
210 482 59
210 494 34
210 507 20
210 523 25
210 527 12
210 537 33
210 544 32
210 551 64
210 554 94
210 557 15
210 560 86
210 562 66
210 569 56
210 593 7
210 602 89
210 609 100
210 616 69
210 617 62
210 619 61
210 649 94
210 659 8
210 664 4
210 678 100
210 680 73
210 685 33
210 692 79
210 707 51
210 714 43
210 725 31
210 734 24
210 742 83
210 747 56
210 750 25
210 760 44
210 765 43
210 766 3
210 782 35
210 783 7
210 788 1
210 790 34
210 793 19
210 799 16
210 807 75
210 817 90
210 820 52
210 821 56
210 832 37
210 843 73
210 845 79
210 856 6
210 861 35
210 866 47
210 870 38
210 875 39
210 892 55
210 904 51
210 912 40
210 927 52
210 932 68
210 941 97
210 946 40
210 953 75
210 960 90
210 978 94
210 991 46
210 998 8
211 218 84
211 225 43
211 226 7
211 252 36
211 263 82
211 272 99
211 276 63
211 279 41
211 281 93
211 294 53
211 308 99
211 309 69
211 315 81
211 325 69
211 338 68
211 346 93
211 353 12
211 357 82
211 360 80
211 382 16
211 388 84
211 390 85
211 411 18
211 433 56
211 435 62
211 436 98
211 452 54
211 456 85
211 474 54
211 484 71
211 511 20
211 512 54
211 515 97
211 516 48
211 531 99
211 540 29
211 546 27
211 550 20
211 557 70
211 560 81
211 561 49
211 567 66
211 572 1
211 582 43
211 585 51
211 604 26
211 607 60
211 614 11
211 617 74
211 620 84
211 624 39
211 628 27
211 638 48
211 647 68
211 648 48
211 651 8
211 652 18
211 656 99
211 658 7
211 660 21
211 666 32
211 676 94
211 679 41
211 680 40
211 685 65
211 698 20
211 700 70
211 702 78
211 710 70
211 721 13
211 722 78
211 735 58
211 750 40
211 754 78
211 759 22
211 761 96
211 781 71
211 786 53
211 788 41
211 792 8
211 793 35
211 805 14
211 816 91
211 827 84
211 830 35
211 841 82
211 851 85
211 854 84
211 869 72
211 881 15
211 886 45
211 895 71
211 922 5
211 925 3
211 932 28
211 936 34
211 960 91
211 972 90
211 977 84
211 980 65
211 985 86
212 231 6
212 234 95
212 241 79
212 256 37
212 257 67
212 273 23
212 286 44
212 321 56
212 327 68
212 328 91
212 361 71
212 368 11
212 371 27
212 372 53
212 381 43
212 389 59
212 408 6
212 418 66
212 430 87
212 432 20
212 442 57
212 446 14
212 450 88
212 468 83
212 469 71
212 477 10
212 482 25
212 494 15
212 507 29
212 551 4
212 554 65
212 562 97
212 569 79
212 578 71
212 590 35
212 601 19
212 602 33
212 616 27
212 619 73
212 649 5
212 664 2
212 707 61
212 720 33
212 725 34
212 734 97
212 743 65
212 765 70
212 782 86
212 790 2
212 799 11
212 803 39
212 807 3
212 823 1
212 832 14
212 856 47
212 866 92
212 870 54
212 875 48
212 892 38
212 912 50
212 915 80
212 927 86
212 947 87
212 978 68
212 991 44
213 238 57
213 243 23
213 246 43
213 254 81
213 284 25
213 285 90
213 290 98
213 310 58
213 318 14
213 324 97
213 331 14
213 334 14
213 343 52
213 362 77
213 367 68
213 373 78
213 378 57
213 385 44
213 403 6
213 405 30
213 414 78
213 419 74
213 425 44
213 428 28
213 443 35
213 444 5
213 471 52
213 490 24
213 497 18
213 499 69
213 502 50
213 503 98
213 504 58
213 520 81
213 575 33
213 586 6
213 643 20
213 711 20
213 723 36
213 726 25
213 741 95
213 744 70
213 752 71
213 755 43
213 758 66
213 770 94
213 779 52
213 787 79
213 791 8
213 837 79
213 844 58
213 860 13
213 862 60
213 871 8
213 880 25
213 882 9
213 883 25
213 888 51
213 893 53
213 894 41
213 901 12
213 908 9
213 909 11
213 929 96
213 934 2
213 939 21
213 943 31
213 945 64
213 949 23
213 969 28
213 979 100
213 983 35
213 992 39
213 995 37
214 218 92
214 225 30
214 226 50
214 231 84
214 241 70
214 252 59
214 273 50
214 276 5
214 281 64
214 325 37
214 327 21
214 338 81
214 346 25
214 352 66
214 360 19
214 371 31
214 386 27
214 388 76
214 389 72
214 390 14
214 396 43
214 401 78
214 418 41
214 423 3
214 482 67
214 507 91
214 523 99
214 527 2
214 533 33
214 537 17
214 540 16
214 542 98
214 544 13
214 555 92
214 557 20
214 560 12
214 561 13
214 570 70
214 593 9
214 614 88
214 616 11
214 617 84
214 638 34
214 649 78
214 656 15
214 659 66
214 660 33
214 664 4
214 666 2
214 680 28
214 685 39
214 688 29
214 692 18
214 702 88
214 707 69
214 722 53
214 725 99
214 729 95
214 735 71
214 747 28
214 750 26
214 759 40
214 761 27
214 765 19
214 766 62
214 783 50
214 786 70
214 788 83
214 792 19
214 793 90
214 799 100
214 803 8
214 807 46
214 811 9
214 816 36
214 817 62
214 820 27
214 821 100
214 827 90
214 841 24
214 843 30
214 861 33
214 866 75
214 875 66
214 904 36
214 912 86
214 922 58
214 927 27
214 932 64
214 935 90
214 936 92
214 946 5
214 956 6
214 960 60
214 966 50
214 978 56
214 980 40
214 998 98
215 219 66
215 224 99
215 228 45
215 260 61
215 263 55
215 272 24
215 279 17
215 288 50
215 315 34
215 353 51
215 382 32
215 383 87
215 454 94
215 456 48
215 484 48
215 513 23
215 531 61
215 546 18
215 567 60
215 589 47
215 597 41
215 604 86
215 627 77
215 628 19
215 647 67
215 648 58
215 651 43
215 658 19
215 670 93
215 683 16
215 700 68
215 754 52
215 781 22
215 784 14
215 809 29
215 830 91
215 847 18
215 851 12
215 853 30
215 854 16
215 869 56
215 881 83
215 886 53
215 895 8
215 902 15
215 924 76
215 965 63
215 976 70
215 981 86
215 985 46
216 222 28
216 239 81
216 262 68
216 270 48
216 271 6
216 287 18
216 296 42
216 301 50
216 302 92
216 304 55
216 307 65
216 317 23
216 341 41
216 348 39
216 355 18
216 356 70
216 358 92
216 363 99
216 394 89
216 397 51
216 398 24
216 399 35
216 409 72
216 438 26
216 440 99
216 448 37
216 466 1
216 478 36
216 480 93
216 489 68
216 491 31
216 501 80
216 506 15
216 510 69
216 515 1
216 516 11
216 521 18
216 525 88
216 534 19
216 535 28
216 548 79
216 556 30
216 558 17
216 563 37
216 566 31
216 568 48
216 577 23
216 581 24
216 603 27
216 606 100
216 610 54
216 612 1
216 618 91
216 626 6
216 631 70
216 632 61
216 640 48
216 665 47
216 673 80
216 687 5
216 712 56
216 736 23
216 738 57
216 745 42
216 749 73
216 773 13
216 789 74
216 794 11
216 800 85
216 814 12
216 819 70
216 822 94
216 824 56
216 848 35
216 867 23
216 903 87
216 914 51
216 916 74
216 919 93
216 931 97
216 952 14
216 990 91
216 993 99
216 996 23
217 220 92
217 221 48
217 242 83
217 245 1
217 253 44
217 277 92
217 278 37
217 283 79
217 284 58
217 303 47
217 322 75
217 324 14
217 332 48
217 333 81
217 337 99
217 344 5
217 364 47
217 365 37
217 373 30
217 376 15
217 380 6
217 387 9
217 402 10
217 403 67
217 405 82
217 410 47
217 443 73
217 444 60
217 447 70
217 459 14
217 461 94
217 464 77
217 472 39
217 473 4
217 475 10
217 479 44
217 492 40
217 497 57
217 503 97
217 508 84
217 514 55
217 520 59
217 530 21
217 532 32
217 536 62
217 543 29
217 553 31
217 629 71
217 636 17
217 637 13
217 644 7
217 650 63
217 654 87
217 662 76
217 681 88
217 682 29
217 686 69
217 694 92
217 696 76
217 697 61
217 709 9
217 717 33
217 724 7
217 730 16
217 737 24
217 752 87
217 758 14
217 769 85
217 774 28
217 777 60
217 780 72
217 785 63
217 787 15
217 797 59
217 798 36
217 804 46
217 813 66
217 828 30
217 838 12
217 840 90
217 855 11
217 859 69
217 860 88
217 883 88
217 889 100
217 891 58
217 893 71
217 894 24
217 896 27
217 906 72
217 909 91
217 918 22
217 928 55
217 942 11
217 944 44
217 949 89
217 955 22
217 958 13
217 959 40
217 961 65
217 962 79
217 967 1
217 968 50
217 969 7
217 975 4
217 982 18
217 984 88
217 988 78
217 992 5
217 994 13
217 997 7
217 999 70
218 223 60
218 225 92
218 226 34
218 231 15
218 244 50
218 252 61
218 257 17
218 263 65
218 276 86
218 279 38
218 281 72
218 313 24
218 316 77
218 325 81
218 327 19
218 338 15
218 346 65
218 352 63
218 354 40
218 360 8
218 368 38
218 381 5
218 390 70
218 396 41
218 418 19
218 423 95
218 452 93
218 511 47
218 512 89
218 518 29
218 523 12
218 527 91
218 540 60
218 544 32
218 550 52
218 557 85
218 560 33
218 561 81
218 567 9
218 593 59
218 614 72
218 616 64
218 617 97
218 638 64
218 647 72
218 648 55
218 649 76
218 656 2
218 659 51
218 660 4
218 666 22
218 678 9
218 680 11
218 685 47
218 692 79
218 698 14
218 702 69
218 707 61
218 714 65
218 722 37
218 725 24
218 729 52
218 735 87
218 747 85
218 750 30
218 759 51
218 765 42
218 781 49
218 783 9
218 786 53
218 788 74
218 792 10
218 793 10
218 799 69
218 807 39
218 816 45
218 817 75
218 820 75
218 821 84
218 827 29
218 841 37
218 843 11
218 845 85
218 861 8
218 875 9
218 886 89
218 904 41
218 912 28
218 922 29
218 927 70
218 932 43
218 941 61
218 946 77
218 953 1
218 956 37
218 960 65
218 966 23
218 980 64
218 998 88
219 224 32
219 227 25
219 239 36
219 260 27
219 265 69
219 282 33
219 292 19
219 295 53
219 298 25
219 301 40
219 302 39
219 304 94
219 315 26
219 348 77
219 353 37
219 382 32
219 383 86
219 397 5
219 399 53
219 409 34
219 438 48
219 454 30
219 456 63
219 484 63
219 489 4
219 513 53
219 515 72
219 516 7
219 521 6
219 524 97
219 535 45
219 546 18
219 548 6
219 556 43
219 564 4
219 572 95
219 581 71
219 585 66
219 587 58
219 597 23
219 599 29
219 604 34
219 607 9
219 618 62
219 620 91
219 627 16
219 631 76
219 640 60
219 651 30
219 652 43
219 658 32
219 673 33
219 679 78
219 683 100
219 690 48
219 695 21
219 712 32
219 721 51
219 736 47
219 749 73
219 778 90
219 784 4
219 800 71
219 805 48
219 808 32
219 809 47
219 814 4
219 818 86
219 819 14
219 822 60
219 830 26
219 847 44
219 851 19
219 853 50
219 854 49
219 869 62
219 881 85
219 895 90
219 902 65
219 913 56
219 924 12
219 931 74
219 937 83
219 938 6
219 965 89
219 971 94
219 981 31
219 985 19
220 221 38
220 229 66
220 236 25
220 242 75
220 245 74
220 253 84
220 264 62
220 275 42
220 277 5
220 278 74
220 283 38
220 306 18
220 312 12
220 322 26
220 332 43
220 333 27
220 337 39
220 344 36
220 349 73
220 364 36
220 365 36
220 366 64
220 379 82
220 380 82
220 384 92
220 387 93
220 402 15
220 404 2
220 424 52
220 426 20
220 431 57
220 453 69
220 459 57
220 461 60
220 464 9
220 472 80
220 473 17
220 475 74
220 479 24
220 486 45
220 487 74
220 488 42
220 492 80
220 493 82
220 495 18
220 498 100
220 505 9
220 508 44
220 514 12
220 532 61
220 536 23
220 538 27
220 543 13
220 545 53
220 549 22
220 553 9
220 588 63
220 613 82
220 629 67
220 636 92
220 637 71
220 639 17
220 644 84
220 661 71
220 667 76
220 669 23
220 682 45
220 686 30
220 694 18
220 696 99
220 697 59
220 699 64
220 708 68
220 709 96
220 717 11
220 724 91
220 728 62
220 730 37
220 731 87
220 739 34
220 767 54
220 769 76
220 774 77
220 777 33
220 780 37
220 785 22
220 797 94
220 804 26
220 813 39
220 828 52
220 829 33
220 834 26
220 838 47
220 855 33
220 859 81
220 889 21
220 896 7
220 906 68
220 918 43
220 920 50
220 928 31
220 942 2
220 955 54
220 959 13
220 961 37
220 962 37
220 963 34
220 967 5
220 968 65
220 970 50
220 984 51
220 988 11
220 989 31
220 997 43
220 999 55
221 245 37
221 277 12
221 278 38
221 283 18
221 284 7
221 322 12
221 324 3
221 332 30
221 333 13
221 337 25
221 344 11
221 365 99
221 367 1
221 373 62
221 376 7
221 380 76
221 385 20
221 387 85
221 402 9
221 403 75
221 405 73
221 410 83
221 443 86
221 444 92
221 447 85
221 459 95
221 461 81
221 464 81
221 472 1
221 473 73
221 475 42
221 479 63
221 492 88
221 497 16
221 503 27
221 508 68
221 514 16
221 520 3
221 530 17
221 532 71
221 536 97
221 543 43
221 553 58
221 592 55
221 629 62
221 636 46
221 637 68
221 644 59
221 650 38
221 654 42
221 662 56
221 681 79
221 682 44
221 686 79
221 694 85
221 696 43
221 697 6
221 709 5
221 717 86
221 724 24
221 730 60
221 737 33
221 752 20
221 758 43
221 769 98
221 770 24
221 774 46
221 777 74
221 780 30
221 785 88
221 787 11
221 791 77
221 797 40
221 798 58
221 804 93
221 813 15
221 828 25
221 838 47
221 840 90
221 855 69
221 859 6
221 860 24
221 862 1
221 868 21
221 882 69
221 883 89
221 889 80
221 891 72
221 893 59
221 894 59
221 906 94
221 909 98
221 918 23
221 928 94
221 939 12
221 942 69
221 944 22
221 949 4
221 955 77
221 958 64
221 959 2
221 961 45
221 962 42
221 967 39
221 968 7
221 969 29
221 975 79
221 982 18
221 992 69
221 994 35
221 999 27
222 227 58
222 239 97
222 248 47
222 262 48
222 265 90
222 271 96
222 295 8
222 296 27
222 304 58
222 307 9
222 345 77
222 348 9
222 355 92
222 356 15
222 358 39
222 363 61
222 391 50
222 397 53
222 438 75
222 440 98
222 466 81
222 476 12
222 478 20
222 480 80
222 489 2
222 491 97
222 506 51
222 521 85
222 528 91
222 548 98
222 556 29
222 558 64
222 559 4
222 581 59
222 605 93
222 610 52
222 612 35
222 631 24
222 640 96
222 665 70
222 687 72
222 690 95
222 712 40
222 738 15
222 748 68
222 749 54
222 778 78
222 789 87
222 794 41
222 800 8
222 808 60
222 814 87
222 819 65
222 822 7
222 839 47
222 848 74
222 913 53
222 914 35
222 916 91
222 919 73
222 931 57
222 938 46
222 954 44
222 993 74
222 996 1
223 225 96
223 228 70
223 244 73
223 263 3
223 272 73
223 276 72
223 279 2
223 281 95
223 288 80
223 313 59
223 316 26
223 346 85
223 354 91
223 390 66
223 396 93
223 452 68
223 460 83
223 485 19
223 512 99
223 518 20
223 523 43
223 531 22
223 550 28
223 557 42
223 560 82
223 567 97
223 589 1
223 593 12
223 596 15
223 609 81
223 611 47
223 614 67
223 615 54
223 617 54
223 628 28
223 647 11
223 648 70
223 656 82
223 658 35
223 659 51
223 670 52
223 678 56
223 692 96
223 698 56
223 700 81
223 714 57
223 719 42
223 735 1
223 750 91
223 754 23
223 756 44
223 759 5
223 781 22
223 783 20
223 786 12
223 788 78
223 792 18
223 793 66
223 806 59
223 816 45
223 817 8
223 820 13
223 827 63
223 830 84
223 835 36
223 841 50
223 843 22
223 845 1
223 851 16
223 854 83
223 863 38
223 865 67
223 886 88
223 922 29
223 932 40
223 941 56
223 946 23
223 953 54
223 960 6
223 976 59
224 227 12
224 239 88
224 260 83
224 265 42
224 282 81
224 292 70
224 295 72
224 298 81
224 301 51
224 304 47
224 307 23
224 315 81
224 345 26
224 348 83
224 353 46
224 382 100
224 383 83
224 391 74
224 397 8
224 399 44
224 409 48
224 438 48
224 454 45
224 456 33
224 476 9
224 484 59
224 489 27
224 513 66
224 515 32
224 516 29
224 521 66
224 524 43
224 528 91
224 535 25
224 546 78
224 548 28
224 556 97
224 559 100
224 564 12
224 571 91
224 572 87
224 581 21
224 587 42
224 597 14
224 599 19
224 604 46
224 605 100
224 607 37
224 618 29
224 627 41
224 631 50
224 640 89
224 673 37
224 683 53
224 690 98
224 695 73
224 712 41
224 713 64
224 721 58
224 736 95
224 738 90
224 748 5
224 749 2
224 768 54
224 778 72
224 784 70
224 800 38
224 808 77
224 809 66
224 814 57
224 818 38
224 819 99
224 839 37
224 847 2
224 853 2
224 869 62
224 881 51
224 895 45
224 913 23
224 916 23
224 919 57
224 924 35
224 931 13
224 937 81
224 938 63
224 954 78
224 965 53
224 971 82
224 981 73
224 985 56
225 226 44
225 244 50
225 252 20
225 263 77
225 272 50
225 276 32
225 279 10
225 281 100
225 308 14
225 313 46
225 316 27
225 325 55
225 338 99
225 346 51
225 352 59
225 354 59
225 360 25
225 390 83
225 396 74
225 423 91
225 433 96
225 435 24
225 452 6
225 511 77
225 512 3
225 518 87
225 523 46
225 527 20
225 531 39
225 540 86
225 544 13
225 550 20
225 557 70
225 560 52
225 561 51
225 567 26
225 589 36
225 593 55
225 614 78
225 617 6
225 628 8
225 638 7
225 647 1
225 648 25
225 656 20
225 658 68
225 659 91
225 660 32
225 666 78
225 678 12
225 680 70
225 685 34
225 692 31
225 698 58
225 700 92
225 702 79
225 714 34
225 722 63
225 725 38
225 735 31
225 747 93
225 750 21
225 754 50
225 756 52
225 759 50
225 781 51
225 783 15
225 786 94
225 788 67
225 792 94
225 793 56
225 799 49
225 807 68
225 816 61
225 817 59
225 820 40
225 827 46
225 841 87
225 843 32
225 845 67
225 854 60
225 863 3
225 886 66
225 922 92
225 927 99
225 932 78
225 941 41
225 946 82
225 953 36
225 960 76
225 980 15
226 252 42
226 263 18
226 276 35
226 281 58
226 294 4
226 308 85
226 309 1
226 325 25
226 338 100
226 346 48
226 352 81
226 360 68
226 386 44
226 388 63
226 390 86
226 396 80
226 401 88
226 423 37
226 433 89
226 435 59
226 452 99
226 474 33
226 511 75
226 523 12
226 527 73
226 537 29
226 540 25
226 542 45
226 544 13
226 555 16
226 557 94
226 560 82
226 561 94
226 570 41
226 582 58
226 614 79
226 617 68
226 638 72
226 647 51
226 648 71
226 649 5
226 656 48
226 660 86
226 666 89
226 676 37
226 680 34
226 684 54
226 685 90
226 688 20
226 702 93
226 710 62
226 722 61
226 729 5
226 735 71
226 747 59
226 750 78
226 759 29
226 761 16
226 762 86
226 766 47
226 786 2
226 788 68
226 792 45
226 793 71
226 799 63
226 805 8
226 811 94
226 816 8
226 817 21
226 820 28
226 821 49
226 827 88
226 836 41
226 841 28
226 843 25
226 861 53
226 866 81
226 874 24
226 886 32
226 904 28
226 905 57
226 912 38
226 922 65
226 925 35
226 927 16
226 932 42
226 935 6
226 936 93
226 946 86
226 956 10
226 960 55
226 966 24
226 972 16
226 980 30
226 998 47
227 239 19
227 248 53
227 260 90
227 265 63
227 282 79
227 292 47
227 295 87
227 298 5
227 301 8
227 304 93
227 307 6
227 345 37
227 348 40
227 356 15
227 391 20
227 397 3
227 409 73
227 438 31
227 454 4
227 476 53
227 478 91
227 480 31
227 489 66
227 506 86
227 513 47
227 521 75
227 524 33
227 528 9
227 548 21
227 556 66
227 558 46
227 559 67
227 564 26
227 571 62
227 581 49
227 587 41
227 597 98
227 599 38
227 605 63
227 618 23
227 622 75
227 631 70
227 640 83
227 683 83
227 690 26
227 695 46
227 706 43
227 712 3
227 713 26
227 738 83
227 748 36
227 749 35
227 768 47
227 778 15
227 784 90
227 789 94
227 800 98
227 808 23
227 814 53
227 818 71
227 819 68
227 839 10
227 848 77
227 853 86
227 873 87
227 898 52
227 913 59
227 916 6
227 919 3
227 931 3
227 937 87
227 938 47
227 954 48
227 971 2
228 244 52
228 263 80
228 272 58
228 276 2
228 279 30
228 288 13
228 315 21
228 346 54
228 353 27
228 354 26
228 382 35
228 383 100
228 452 13
228 456 29
228 512 57
228 513 82
228 531 74
228 546 54
228 550 95
228 567 37
228 589 88
228 597 57
228 604 74
228 614 86
228 627 68
228 628 78
228 647 35
228 648 43
228 651 18
228 656 43
228 658 74
228 670 45
228 683 74
228 698 48
228 700 77
228 754 75
228 781 83
228 784 84
228 792 85
228 809 71
228 830 13
228 835 69
228 841 17
228 847 74
228 851 75
228 853 66
228 854 83
228 869 78
228 881 50
228 886 54
228 895 98
228 902 61
228 924 28
228 965 93
228 976 55
228 981 17
228 985 40
229 236 37
229 242 77
229 250 75
229 253 36
229 264 82
229 278 87
229 283 46
229 303 15
229 306 1
229 312 14
229 326 3
229 349 41
229 364 57
229 380 19
229 384 33
229 400 16
229 402 65
229 404 90
229 410 1
229 429 71
229 453 37
229 458 1
229 459 99
229 461 70
229 479 64
229 487 94
229 492 25
229 498 83
229 505 35
229 508 81
229 514 12
229 529 59
229 532 28
229 536 74
229 538 30
229 545 39
229 547 39
229 549 23
229 580 31
229 637 40
229 639 69
229 650 100
229 661 45
229 671 1
229 689 45
229 694 79
229 728 63
229 737 93
229 767 1
229 769 10
229 774 24
229 775 55
229 776 16
229 780 60
229 797 79
229 801 28
229 829 49
229 834 29
229 852 12
229 855 15
229 858 38
229 896 66
229 910 65
229 920 20
229 942 21
229 955 50
229 963 12
229 968 12
229 974 82
229 988 3
229 989 25
229 994 86
229 997 24
229 999 22
230 280 64
230 305 32
230 313 64
230 339 60
230 340 8
230 368 52
230 445 54
230 460 2
230 481 60
230 485 5
230 526 38
230 576 66
230 591 97
230 596 14
230 608 41
230 609 51
230 611 48
230 615 97
230 645 98
230 655 82
230 674 20
230 677 71
230 678 51
230 705 100
230 718 5
230 742 8
230 756 98
230 760 58
230 802 98
230 806 8
230 845 39
230 865 8
230 870 60
230 947 19
230 948 98
230 950 14
230 953 83
230 991 11
231 241 37
231 256 86
231 257 38
231 273 40
231 281 17
231 286 32
231 327 82
231 340 83
231 352 60
231 361 19
231 368 78
231 371 77
231 372 76
231 381 11
231 389 76
231 408 34
231 418 40
231 423 64
231 430 71
231 432 54
231 442 50
231 446 3
231 468 83
231 469 23
231 477 66
231 482 28
231 494 59
231 507 27
231 523 87
231 533 33
231 537 16
231 551 21
231 554 44
231 562 56
231 569 76
231 590 72
231 601 3
231 602 8
231 616 7
231 619 3
231 649 44
231 659 63
231 664 91
231 678 28
231 688 66
231 692 82
231 707 16
231 720 60
231 725 19
231 734 91
231 742 78
231 743 91
231 747 23
231 765 23
231 766 42
231 782 84
231 790 41
231 799 70
231 803 85
231 807 79
231 820 46
231 821 30
231 823 92
231 832 96
231 843 26
231 856 70
231 861 71
231 866 89
231 870 60
231 875 20
231 892 43
231 904 17
231 912 17
231 915 69
231 927 30
231 946 24
231 947 58
231 978 92
231 991 5
231 998 51
232 233 49
232 235 47
232 247 21
232 251 54
232 254 45
232 255 80
232 258 56
232 268 56
232 269 13
232 274 100
232 285 88
232 289 7
232 291 24
232 318 36
232 323 70
232 329 41
232 334 36
232 351 49
232 359 10
232 362 87
232 367 29
232 369 39
232 375 64
232 376 27
232 377 48
232 378 89
232 385 93
232 386 39
232 393 42
232 395 54
232 406 96
232 414 35
232 415 48
232 416 72
232 421 86
232 422 36
232 425 80
232 427 68
232 428 68
232 437 69
232 441 26
232 447 90
232 449 4
232 451 33
232 462 56
232 463 21
232 465 82
232 467 15
232 470 15
232 471 79
232 490 29
232 499 11
232 500 40
232 517 31
232 519 2
232 541 63
232 552 10
232 574 90
232 592 83
232 594 72
232 621 56
232 634 33
232 642 36
232 653 37
232 662 72
232 663 28
232 668 62
232 675 57
232 711 25
232 715 94
232 716 16
232 726 11
232 740 65
232 741 95
232 744 73
232 746 2
232 752 99
232 757 64
232 758 49
232 770 39
232 771 89
232 772 42
232 779 85
232 815 19
232 831 71
232 837 98
232 842 56
232 844 8
232 849 8
232 860 47
232 862 77
232 871 5
232 876 81
232 880 90
232 884 56
232 888 55
232 901 45
232 908 21
232 926 51
232 933 13
232 934 14
232 945 48
232 957 54
232 958 33
232 973 66
232 992 6
232 995 21
233 235 94
233 237 45
233 249 77
233 251 4
233 254 17
233 261 23
233 269 7
233 285 42
233 289 79
233 291 10
233 300 59
233 318 3
233 323 25
233 329 2
233 334 6
233 362 11
233 378 40
233 406 48
233 413 46
233 415 14
233 416 43
233 421 51
233 422 71
233 425 45
233 427 69
233 428 70
233 434 49
233 441 75
233 449 64
233 451 50
233 455 82
233 462 13
233 463 25
233 465 90
233 467 31
233 471 85
233 490 31
233 496 90
233 504 93
233 517 88
233 522 95
233 539 74
233 573 10
233 574 91
233 579 42
233 594 17
233 595 75
233 598 70
233 623 26
233 663 18
233 668 37
233 675 78
233 711 62
233 715 77
233 741 37
233 751 16
233 755 55
233 757 53
233 763 61
233 771 43
233 772 47
233 796 96
233 812 66
233 825 76
233 831 80
233 833 71
233 837 17
233 842 1
233 846 39
233 849 89
233 864 62
233 871 66
233 877 67
233 878 28
233 884 69
233 885 39
233 888 73
233 901 62
233 917 49
233 923 41
233 926 42
233 933 11
233 934 81
233 940 71
233 957 59
233 979 21
233 983 75
233 986 92
233 987 76
233 995 63
234 235 4
234 237 47
234 240 73
234 241 4
234 251 35
234 256 23
234 269 52
234 286 8
234 300 19
234 321 44
234 323 73
234 328 15
234 336 13
234 371 11
234 372 16
234 389 29
234 416 60
234 421 67
234 430 77
234 432 10
234 441 98
234 442 100
234 446 88
234 450 50
234 451 97
234 462 12
234 463 68
234 470 59
234 477 82
234 482 69
234 500 80
234 507 44
234 517 7
234 533 53
234 539 98
234 552 83
234 554 9
234 574 61
234 578 38
234 590 69
234 594 41
234 595 38
234 598 91
234 601 45
234 602 39
234 619 36
234 649 30
234 664 94
234 675 4
234 688 24
234 743 17
234 751 21
234 753 94
234 766 98
234 790 94
234 803 81
234 815 56
234 825 77
234 842 32
234 866 60
234 878 43
234 885 20
234 911 45
234 912 95
234 915 35
234 917 66
234 926 42
234 978 96
234 987 24
235 237 99
235 240 96
235 251 86
235 256 73
235 258 75
235 269 75
235 285 45
235 289 74
235 291 59
235 300 38
235 321 60
235 323 87
235 328 99
235 329 14
235 336 55
235 351 65
235 378 34
235 386 83
235 389 57
235 406 61
235 413 72
235 415 5
235 416 78
235 421 100
235 422 16
235 427 86
235 432 94
235 437 11
235 441 66
235 442 24
235 449 96
235 450 64
235 451 55
235 462 87
235 463 62
235 465 1
235 467 87
235 470 69
235 477 43
235 500 7
235 517 25
235 533 58
235 539 36
235 552 86
235 573 32
235 574 24
235 578 7
235 579 53
235 594 64
235 595 34
235 598 90
235 601 90
235 602 94
235 642 52
235 653 30
235 664 73
235 668 12
235 675 56
235 688 24
235 743 46
235 746 23
235 751 72
235 753 18
235 757 23
235 766 3
235 771 45
235 772 3
235 790 46
235 796 11
235 803 75
235 815 58
235 825 10
235 831 2
235 842 94
235 849 30
235 864 14
235 866 35
235 878 23
235 884 33
235 885 63
235 901 68
235 911 54
235 915 67
235 917 92
235 923 12
235 926 21
235 933 24
235 957 18
235 973 94
235 987 30
235 995 37
236 242 71
236 250 50
236 253 91
236 264 15
236 267 11
236 275 27
236 277 43
236 283 43
236 297 70
236 306 27
236 312 57
236 322 10
236 332 52
236 335 25
236 344 72
236 347 36
236 349 71
236 364 21
236 366 57
236 370 90
236 374 79
236 379 45
236 380 51
236 384 95
236 400 69
236 402 10
236 404 99
236 420 82
236 424 38
236 431 45
236 439 43
236 453 3
236 459 92
236 472 45
236 473 89
236 479 84
236 487 46
236 488 19
236 493 98
236 498 34
236 505 27
236 508 1
236 514 38
236 532 6
236 536 67
236 538 31
236 545 8
236 547 65
236 549 43
236 553 81
236 584 7
236 588 48
236 600 55
236 613 47
236 629 9
236 637 67
236 639 59
236 644 35
236 661 51
236 667 13
236 669 38
236 672 53
236 682 37
236 693 91
236 696 76
236 708 26
236 709 17
236 717 7
236 728 33
236 730 20
236 731 28
236 739 14
236 767 95
236 769 83
236 775 16
236 776 15
236 777 12
236 795 63
236 797 45
236 801 51
236 828 8
236 829 86
236 834 3
236 838 41
236 850 10
236 852 93
236 855 60
236 857 55
236 858 71
236 879 97
236 896 59
236 899 60
236 906 45
236 920 53
236 955 35
236 959 99
236 962 49
236 963 20
236 968 70
236 970 18
236 974 26
236 984 58
236 988 84
236 989 86
236 997 59
237 240 76
237 249 25
237 251 75
237 256 45
237 269 30
237 289 11
237 300 65
237 321 76
237 323 14
237 328 46
237 336 99
237 406 68
237 413 19
237 416 7
237 421 99
237 427 85
237 441 7
237 449 85
237 451 23
237 463 11
237 465 43
237 539 91
237 573 74
237 578 45
237 579 47
237 595 5
237 598 54
237 601 39
237 663 4
237 675 17
237 751 31
237 753 64
237 796 61
237 812 20
237 825 21
237 833 41
237 842 37
237 846 94
237 849 88
237 864 48
237 878 74
237 885 51
237 911 41
237 917 4
237 923 98
237 926 81
237 957 84
237 986 7
237 987 38
238 243 71
238 246 100
238 254 39
238 285 74
238 290 3
238 291 48
238 310 2
238 318 45
238 331 100
238 334 63
238 343 1
238 362 10
238 373 15
238 378 3
238 385 61
238 405 85
238 414 54
238 419 68
238 425 58
238 428 54
238 434 10
238 444 29
238 455 39
238 471 27
238 490 57
238 496 33
238 499 58
238 502 75
238 504 2
238 522 51
238 575 56
238 586 80
238 623 61
238 643 63
238 663 74
238 711 57
238 715 21
238 723 35
238 726 88
238 741 55
238 744 59
238 755 11
238 758 68
238 763 63
238 770 26
238 779 83
238 791 17
238 831 26
238 837 23
238 844 15
238 849 32
238 860 2
238 871 44
238 877 39
238 888 67
238 901 82
238 908 92
238 929 80
238 934 72
238 939 36
238 940 70
238 943 39
238 945 74
238 979 4
238 983 79
238 995 15
239 248 47
239 260 17
239 262 12
239 265 95
239 271 41
239 282 49
239 295 85
239 296 53
239 301 94
239 302 94
239 304 4
239 307 8
239 345 75
239 348 13
239 355 10
239 356 8
239 358 71
239 363 75
239 391 8
239 397 86
239 399 3
239 409 96
239 438 67
239 440 14
239 454 41
239 466 36
239 476 42
239 478 63
239 480 83
239 489 41
239 506 76
239 515 58
239 516 40
239 521 59
239 528 8
239 535 50
239 548 9
239 556 15
239 558 100
239 559 48
239 571 38
239 581 36
239 587 30
239 599 89
239 605 28
239 610 54
239 612 32
239 618 88
239 631 38
239 640 99
239 665 4
239 673 59
239 687 17
239 690 87
239 712 36
239 713 58
239 736 30
239 738 78
239 748 27
239 749 20
239 778 56
239 789 22
239 794 13
239 800 8
239 808 67
239 814 34
239 818 66
239 819 14
239 822 54
239 839 8
239 848 80
239 913 2
239 914 85
239 916 20
239 919 92
239 931 11
239 938 12
239 954 93
239 971 55
239 993 58
240 241 92
240 251 47
240 256 83
240 269 81
240 300 77
240 321 31
240 323 43
240 328 18
240 329 58
240 336 57
240 351 10
240 371 52
240 389 11
240 416 2
240 421 41
240 430 31
240 432 81
240 441 56
240 442 49
240 450 20
240 451 55
240 462 13
240 463 6
240 465 71
240 470 6
240 477 51
240 482 56
240 500 92
240 517 82
240 533 98
240 539 19
240 552 40
240 554 34
240 574 37
240 578 17
240 594 91
240 595 54
240 598 74
240 601 94
240 602 16
240 619 20
240 649 2
240 664 22
240 668 39
240 675 74
240 688 49
240 743 25
240 746 33
240 751 70
240 753 26
240 766 48
240 790 67
240 796 58
240 803 64
240 815 88
240 825 89
240 842 63
240 864 61
240 866 27
240 878 67
240 884 89
240 885 40
240 911 65
240 912 88
240 915 45
240 917 30
240 926 49
240 978 54
240 987 24
241 256 41
241 257 79
241 273 5
241 286 60
241 300 46
241 327 99
241 352 68
241 361 43
241 368 31
241 371 91
241 372 42
241 381 66
241 386 4
241 389 75
241 408 11
241 418 72
241 423 22
241 430 57
241 432 70
241 442 76
241 446 64
241 450 24
241 468 100
241 469 1
241 477 68
241 482 33
241 494 1
241 500 32
241 507 95
241 527 62
241 533 38
241 537 64
241 539 92
241 551 36
241 552 20
241 554 93
241 562 76
241 569 69
241 590 82
241 601 39
241 602 13
241 616 71
241 619 73
241 649 47
241 659 23
241 664 18
241 688 10
241 692 32
241 707 55
241 720 72
241 725 60
241 734 67
241 743 57
241 747 40
241 753 33
241 765 29
241 766 85
241 782 98
241 790 64
241 799 69
241 803 45
241 807 71
241 815 16
241 821 50
241 832 51
241 843 84
241 856 88
241 861 49
241 866 97
241 875 35
241 885 42
241 892 44
241 904 21
241 912 49
241 915 21
241 927 37
241 978 32
241 998 77
242 253 33
242 264 28
242 267 82
242 275 93
242 277 100
242 283 4
242 297 20
242 306 44
242 312 77
242 322 24
242 332 32
242 333 27
242 337 6
242 344 97
242 349 30
242 364 90
242 365 35
242 366 52
242 374 17
242 379 45
242 380 19
242 384 24
242 387 36
242 402 42
242 404 64
242 424 17
242 426 5
242 431 56
242 439 72
242 453 20
242 459 70
242 464 43
242 472 21
242 473 65
242 479 55
242 486 47
242 487 99
242 488 39
242 492 23
242 493 49
242 498 97
242 505 71
242 508 8
242 514 63
242 532 12
242 536 4
242 538 24
242 545 52
242 549 93
242 553 62
242 584 41
242 588 5
242 600 36
242 613 42
242 629 5
242 637 38
242 639 11
242 644 97
242 661 2
242 667 88
242 669 6
242 682 14
242 694 11
242 696 85
242 708 52
242 709 5
242 717 47
242 728 66
242 730 69
242 731 59
242 739 24
242 767 83
242 769 94
242 775 87
242 776 68
242 777 8
242 785 27
242 795 46
242 797 60
242 828 59
242 829 90
242 834 53
242 838 47
242 852 26
242 855 49
242 857 75
242 858 5
242 859 97
242 889 78
242 896 29
242 899 76
242 906 23
242 920 99
242 942 96
242 955 4
242 959 16
242 962 9
242 963 17
242 968 55
242 970 74
242 984 94
242 988 15
242 989 15
242 997 96
243 246 75
243 254 12
243 285 40
243 290 13
243 310 94
243 318 44
243 331 33
243 334 94
243 343 48
243 373 84
243 385 20
243 405 67
243 419 41
243 428 79
243 434 40
243 455 69
243 471 89
243 490 5
243 496 49
243 502 1
243 504 31
243 522 7
243 575 95
243 586 97
243 623 34
243 643 40
243 663 25
243 715 74
243 723 5
243 726 11
243 741 24
243 744 96
243 755 64
243 763 36
243 779 71
243 791 91
243 837 37
243 844 26
243 871 31
243 877 22
243 888 19
243 929 90
243 934 31
243 939 70
243 940 72
243 943 38
243 979 68
243 983 39
244 263 57
244 272 17
244 276 96
244 279 76
244 281 71
244 288 9
244 313 86
244 316 92
244 346 73
244 354 24
244 390 99
244 396 51
244 452 51
244 512 37
244 518 39
244 523 56
244 531 95
244 550 49
244 557 2
244 560 34
244 567 92
244 589 52
244 593 82
244 596 72
244 611 16
244 614 99
244 615 38
244 617 85
244 628 55
244 647 43
244 648 56
244 651 50
244 656 31
244 658 92
244 670 42
244 678 28
244 698 76
244 700 69
244 714 13
244 719 57
244 735 25
244 754 73
244 756 31
244 759 88
244 781 94
244 783 18
244 786 71
244 788 88
244 792 91
244 816 47
244 817 80
244 820 16
244 827 30
244 830 81
244 835 71
244 841 27
244 845 79
244 851 5
244 854 29
244 863 62
244 865 14
244 886 84
244 902 33
244 922 85
244 941 28
244 946 96
244 953 25
244 960 23
244 976 93
245 253 1
245 277 73
245 278 26
245 283 58
245 284 12
245 303 52
245 322 64
245 324 14
245 333 12
245 337 31
245 344 37
245 364 17
245 365 32
245 380 51
245 387 52
245 402 23
245 403 43
245 405 19
245 410 85
245 443 19
245 444 46
245 459 87
245 461 72
245 464 46
245 473 48
245 475 82
245 479 74
245 492 41
245 497 52
245 503 81
245 508 88
245 514 47
245 520 11
245 530 68
245 532 94
245 536 48
245 543 81
245 636 68
245 637 97
245 644 88
245 650 100
245 682 23
245 694 96
245 697 15
245 709 83
245 717 59
245 724 52
245 728 24
245 730 56
245 737 6
245 752 55
245 758 74
245 769 97
245 774 60
245 777 72
245 780 17
245 785 51
245 787 56
245 791 74
245 797 82
245 804 31
245 838 80
245 855 20
245 859 70
245 860 33
245 882 51
245 883 73
245 891 69
245 893 22
245 894 96
245 896 78
245 906 23
245 909 47
245 928 28
245 939 19
245 942 98
245 944 93
245 949 85
245 955 62
245 961 89
245 962 38
245 967 51
245 968 23
245 969 35
245 975 97
245 988 69
245 994 100
245 997 25
245 999 71
246 254 6
246 285 93
246 290 52
246 310 66
246 318 6
246 331 38
246 334 98
246 343 4
246 373 29
246 385 68
246 405 47
246 419 18
246 428 10
246 434 53
246 455 94
246 471 24
246 483 93
246 490 25
246 496 74
246 502 14
246 504 59
246 522 99
246 575 7
246 586 68
246 623 57
246 643 71
246 663 61
246 715 20
246 723 67
246 726 24
246 741 68
246 744 56
246 755 87
246 763 40
246 779 64
246 791 2
246 831 45
246 837 58
246 844 26
246 871 75
246 877 3
246 888 39
246 929 84
246 934 15
246 939 81
246 940 13
246 943 24
246 979 57
246 983 55
247 255 13
247 258 34
247 259 23
247 268 10
247 274 19
247 299 78
247 319 57
247 323 98
247 329 53
247 342 75
247 351 47
247 359 33
247 362 46
247 367 41
247 369 89
247 375 26
247 376 70
247 377 37
247 378 100
247 386 43
247 389 88
247 393 39
247 395 34
247 401 5
247 414 81
247 415 19
247 423 100
247 437 94
247 447 86
247 451 40
247 462 42
247 467 23
247 470 63
247 500 87
247 509 49
247 517 99
247 519 88
247 527 72
247 533 35
247 537 90
247 541 7
247 542 71
247 544 37
247 552 83
247 555 36
247 561 17
247 570 54
247 574 19
247 592 67
247 594 79
247 621 78
247 633 70
247 634 3
247 642 43
247 649 83
247 653 17
247 662 24
247 664 35
247 668 77
247 681 94
247 684 45
247 688 60
247 702 97
247 716 96
247 729 57
247 732 46
247 740 49
247 746 30
247 757 94
247 762 45
247 766 72
247 771 58
247 772 3
247 803 93
247 811 12
247 815 23
247 821 3
247 836 26
247 840 15
247 861 96
247 862 68
247 866 44
247 868 90
247 874 100
247 876 57
247 880 54
247 884 34
247 890 24
247 904 6
247 905 4
247 921 57
247 933 23
247 935 33
247 956 41
247 958 11
247 966 55
247 973 87
247 998 18
248 265 7
248 282 58
248 292 48
248 295 90
248 298 98
248 307 15
248 345 36
248 348 27
248 391 97
248 476 38
248 478 41
248 480 24
248 489 79
248 506 66
248 521 22
248 524 88
248 528 80
248 548 70
248 558 61
248 559 60
248 564 57
248 571 35
248 587 35
248 599 55
248 605 30
248 622 18
248 631 94
248 690 81
248 706 86
248 713 29
248 738 51
248 748 95
248 768 61
248 778 11
248 808 7
248 818 28
248 819 95
248 839 81
248 873 5
248 898 8
248 913 57
248 916 57
248 919 14
248 937 15
248 938 66
248 954 78
248 971 40
249 254 49
249 261 14
249 266 90
249 285 62
249 289 30
249 293 33
249 334 27
249 406 64
249 413 44
249 421 54
249 427 51
249 428 8
249 434 37
249 441 99
249 449 82
249 455 16
249 471 100
249 483 87
249 496 64
249 504 45
249 522 91
249 573 100
249 579 95
249 595 61
249 623 13
249 625 20
249 663 79
249 675 98
249 715 48
249 741 28
249 751 1
249 755 69
249 763 10
249 764 54
249 796 56
249 812 43
249 831 89
249 833 61
249 846 83
249 849 25
249 864 88
249 877 79
249 878 22
249 888 15
249 900 33
249 923 17
249 926 64
249 940 55
249 957 46
249 983 68
249 986 67
249 987 48
250 253 12
250 264 30
250 306 70
250 312 4
250 326 32
250 349 30
250 364 59
250 384 17
250 400 93
250 404 66
250 420 62
250 429 59
250 458 35
250 459 84
250 487 76
250 493 100
250 498 19
250 505 26
250 508 47
250 529 10
250 538 38
250 545 70
250 547 26
250 549 90
250 580 77
250 600 87
250 639 51
250 661 15
250 671 37
250 672 19
250 689 81
250 728 7
250 767 2
250 769 34
250 775 95
250 776 19
250 801 6
250 829 88
250 834 83
250 850 20
250 852 21
250 855 49
250 858 6
250 879 19
250 896 72
250 910 75
250 920 89
250 955 94
250 963 54
250 974 67
250 988 10
250 989 76
250 997 31
251 256 62
251 258 46
251 269 50
251 289 38
251 291 98
251 300 51
251 321 65
251 323 85
251 328 71
251 329 21
251 336 39
251 351 44
251 389 16
251 406 41
251 413 98
251 415 33
251 416 35
251 421 67
251 422 16
251 427 38
251 432 70
251 441 2
251 442 29
251 449 4
251 450 41
251 451 60
251 462 6
251 463 81
251 465 40
251 470 87
251 477 4
251 500 63
251 517 38
251 533 25
251 539 66
251 552 56
251 573 60
251 574 4
251 578 61
251 579 18
251 594 51
251 595 23
251 598 35
251 601 5
251 602 3
251 668 57
251 675 67
251 688 17
251 743 73
251 746 80
251 751 7
251 753 5
251 757 26
251 771 69
251 772 98
251 790 83
251 796 2
251 803 66
251 812 13
251 815 59
251 825 49
251 831 39
251 842 93
251 846 99
251 849 76
251 864 94
251 878 86
251 884 95
251 885 55
251 901 64
251 911 55
251 915 50
251 917 97
251 923 46
251 926 77
251 933 37
251 957 53
251 987 54
252 259 65
252 263 99
252 268 60
252 276 95
252 281 5
252 294 47
252 308 43
252 309 18
252 319 82
252 320 65
252 325 71
252 338 38
252 352 44
252 357 71
252 360 8
252 388 52
252 392 62
252 401 4
252 411 92
252 423 78
252 433 5
252 435 35
252 436 53
252 474 11
252 511 33
252 527 15
252 537 69
252 540 8
252 542 37
252 544 38
252 555 60
252 560 47
252 561 39
252 570 92
252 582 90
252 585 44
252 607 53
252 614 31
252 620 6
252 624 25
252 628 65
252 638 20
252 652 15
252 656 93
252 660 28
252 666 59
252 676 96
252 679 18
252 680 39
252 684 89
252 685 72
252 702 62
252 710 41
252 722 50
252 727 21
252 729 27
252 732 42
252 735 81
252 740 7
252 747 90
252 750 14
252 759 5
252 761 10
252 762 98
252 786 56
252 788 23
252 793 70
252 805 20
252 811 30
252 816 64
252 821 46
252 827 45
252 836 39
252 841 80
252 861 90
252 874 59
252 890 16
252 904 40
252 905 74
252 907 40
252 922 50
252 925 17
252 932 82
252 935 78
252 936 48
252 956 17
252 964 92
252 966 51
252 972 71
252 977 27
252 980 38
252 998 25
253 278 1
253 283 79
253 303 54
253 306 40
253 312 99
253 322 89
253 326 85
253 344 21
253 364 13
253 365 52
253 380 81
253 387 35
253 402 23
253 404 66
253 410 96
253 429 100
253 453 54
253 458 92
253 459 52
253 461 77
253 464 35
253 473 66
253 479 89
253 487 37
253 492 89
253 505 85
253 508 39
253 514 65
253 529 45
253 532 18
253 536 55
253 538 51
253 545 47
253 547 89
253 549 54
253 580 81
253 636 97
253 637 83
253 639 74
253 650 55
253 661 77
253 682 32
253 689 88
253 694 18
253 697 55
253 724 3
253 728 6
253 730 49
253 737 90
253 767 59
253 769 36
253 774 44
253 776 2
253 777 44
253 780 67
253 797 43
253 801 67
253 834 99
253 838 20
253 852 69
253 855 48
253 858 73
253 891 37
253 896 41
253 909 52
253 920 50
253 942 64
253 944 21
253 955 43
253 961 87
253 963 66
253 967 8
253 968 10
253 970 68
253 974 84
253 988 91
253 989 85
253 994 28
253 997 39
253 999 11
254 261 14
254 269 86
254 285 83
254 289 43
254 291 14
254 310 31
254 318 32
254 323 5
254 329 31
254 334 35
254 362 18
254 378 10
254 385 41
254 406 46
254 413 93
254 414 22
254 415 68
254 416 73
254 421 18
254 422 55
254 425 50
254 427 49
254 428 45
254 434 85
254 441 77
254 449 49
254 451 96
254 455 21
254 463 78
254 465 92
254 471 11
254 490 53
254 496 83
254 499 52
254 502 16
254 504 30
254 522 17
254 573 75
254 575 73
254 579 5
254 586 63
254 623 23
254 663 39
254 675 76
254 711 24
254 715 49
254 726 78
254 741 26
254 744 32
254 751 1
254 755 91
254 757 42
254 763 9
254 764 94
254 770 72
254 771 56
254 779 87
254 796 59
254 812 97
254 831 17
254 833 31
254 837 85
254 844 67
254 846 5
254 849 83
254 864 65
254 871 64
254 877 82
254 880 57
254 888 73
254 900 27
254 901 86
254 908 43
254 923 19
254 926 65
254 933 94
254 934 84
254 940 51
254 943 73
254 945 72
254 957 48
254 979 23
254 983 43
254 986 21
254 987 91
254 995 61
255 258 7
255 259 78
255 268 55
255 274 14
255 299 67
255 319 54
255 329 32
255 342 26
255 351 91
255 359 84
255 362 69
255 367 91
255 369 99
255 375 2
255 376 32
255 377 37
255 378 8
255 386 99
255 393 90
255 395 15
255 401 7
255 414 53
255 415 87
255 425 87
255 437 70
255 447 73
255 451 92
255 462 13
255 467 87
255 470 56
255 499 66
255 509 60
255 517 5
255 519 11
255 530 47
255 537 43
255 541 9
255 542 71
255 552 49
255 555 42
255 561 24
255 570 97
255 574 53
255 583 67
255 592 52
255 594 90
255 621 23
255 633 77
255 634 54
255 642 36
255 646 52
255 653 69
255 654 48
255 662 95
255 668 5
255 681 18
255 684 75
255 686 99
255 711 78
255 716 97
255 729 39
255 732 88
255 740 6
255 746 31
255 752 82
255 757 48
255 758 70
255 762 59
255 770 5
255 771 5
255 772 21
255 798 87
255 811 54
255 815 57
255 836 9
255 840 92
255 861 49
255 862 24
255 868 54
255 874 21
255 876 86
255 880 8
255 884 63
255 890 53
255 901 62
255 905 24
255 908 13
255 921 38
255 933 22
255 935 7
255 945 44
255 956 32
255 958 1
255 966 69
255 973 100
255 975 69
255 982 27
255 992 41
256 269 80
256 273 66
256 286 19
256 300 8
256 321 65
256 323 80
256 327 53
256 328 28
256 336 11
256 371 45
256 372 40
256 389 68
256 416 49
256 430 53
256 432 14
256 442 4
256 446 17
256 450 40
256 451 77
256 462 28
256 470 88
256 477 51
256 482 47
256 500 60
256 507 62
256 517 33
256 533 89
256 539 98
256 552 90
256 554 89
256 574 70
256 578 57
256 590 79
256 594 25
256 598 12
256 601 33
256 602 74
256 616 85
256 619 4
256 649 5
256 664 55
256 675 50
256 688 2
256 720 27
256 743 73
256 751 82
256 753 47
256 766 71
256 790 85
256 803 90
256 815 79
256 825 88
256 832 98
256 842 6
256 856 84
256 866 30
256 878 48
256 885 16
256 911 79
256 912 33
256 915 33
256 917 60
256 978 77
257 273 98
257 281 43
257 286 67
257 305 27
257 313 95
257 327 56
257 339 9
257 340 13
257 352 70
257 361 12
257 368 41
257 371 78
257 372 45
257 381 61
257 396 67
257 408 46
257 418 3
257 430 92
257 446 93
257 460 78
257 468 4
257 469 95
257 481 5
257 482 11
257 494 82
257 507 2
257 523 43
257 551 19
257 554 10
257 562 59
257 569 62
257 576 39
257 590 82
257 593 23
257 608 27
257 609 30
257 616 4
257 619 64
257 645 23
257 659 21
257 674 22
257 677 100
257 678 37
257 692 41
257 707 12
257 714 70
257 718 97
257 720 46
257 725 92
257 734 71
257 742 58
257 747 97
257 760 22
257 765 40
257 782 31
257 783 88
257 799 57
257 802 87
257 806 51
257 807 47
257 817 58
257 820 83
257 823 98
257 832 33
257 843 24
257 845 94
257 856 71
257 870 64
257 875 36
257 892 94
257 912 10
257 927 16
257 941 31
257 946 87
257 947 46
257 948 71
257 950 12
257 953 23
257 978 78
257 991 90
258 259 78
258 268 2
258 269 59
258 274 63
258 291 36
258 299 74
258 300 78
258 323 37
258 329 52
258 351 53
258 359 66
258 362 41
258 367 6
258 369 78
258 375 89
258 376 67
258 377 98
258 378 35
258 386 33
258 389 82
258 393 19
258 395 71
258 401 98
258 414 74
258 415 73
258 416 14
258 421 30
258 422 6
258 425 94
258 432 10
258 437 10
258 447 44
258 451 51
258 462 33
258 463 29
258 465 87
258 467 15
258 470 91
258 477 25
258 499 80
258 500 7
258 509 7
258 517 48
258 519 65
258 533 7
258 537 24
258 539 57
258 541 50
258 542 6
258 552 81
258 570 11
258 574 99
258 592 2
258 594 63
258 621 100
258 633 32
258 634 78
258 642 34
258 653 7
258 662 92
258 664 30
258 668 100
258 675 92
258 681 24
258 684 2
258 688 43
258 711 71
258 716 36
258 732 58
258 740 33
258 746 15
258 753 43
258 757 28
258 766 58
258 770 68
258 771 52
258 772 71
258 803 53
258 815 73
258 821 46
258 861 6
258 862 5
258 866 46
258 874 54
258 876 52
258 880 19
258 884 86
258 885 72
258 890 78
258 901 7
258 904 65
258 905 27
258 915 85
258 921 65
258 933 52
258 934 10
258 935 81
258 945 53
258 956 86
258 958 98
258 966 52
258 973 42
258 992 13
258 995 25
258 998 76
259 268 13
259 274 70
259 299 56
259 311 68
259 319 47
259 333 79
259 342 36
259 351 43
259 359 95
259 367 9
259 369 94
259 375 4
259 376 66
259 377 98
259 386 61
259 388 3
259 392 82
259 393 70
259 395 57
259 401 22
259 407 80
259 437 81
259 447 25
259 467 14
259 474 70
259 495 63
259 509 43
259 519 69
259 530 50
259 541 33
259 542 32
259 553 21
259 555 73
259 561 21
259 570 69
259 583 27
259 592 56
259 621 63
259 624 69
259 633 30
259 634 93
259 642 76
259 646 6
259 653 74
259 654 49
259 662 12
259 668 90
259 681 95
259 684 3
259 686 35
259 699 43
259 702 29
259 710 6
259 716 88
259 727 81
259 729 13
259 732 7
259 740 39
259 746 56
259 761 2
259 762 83
259 772 47
259 785 27
259 798 87
259 804 62
259 810 98
259 811 79
259 813 71
259 836 72
259 840 29
259 862 57
259 868 8
259 874 10
259 876 99
259 880 31
259 889 37
259 890 49
259 905 95
259 907 72
259 918 53
259 921 67
259 928 35
259 935 29
259 936 3
259 956 81
259 958 80
259 962 84
259 966 98
259 972 86
259 973 32
259 975 100
259 977 7
259 982 86
259 992 29
260 265 38
260 282 30
260 292 1
260 295 48
260 298 35
260 301 1
260 302 88
260 304 22
260 315 49
260 345 53
260 348 58
260 353 8
260 382 30
260 383 18
260 391 73
260 397 16
260 399 71
260 409 76
260 438 85
260 454 63
260 456 42
260 484 60
260 489 41
260 513 30
260 515 91
260 516 16
260 521 9
260 524 28
260 528 10
260 535 97
260 546 36
260 548 65
260 556 46
260 564 93
260 571 17
260 572 64
260 581 13
260 587 59
260 597 4
260 599 37
260 604 82
260 607 53
260 618 51
260 620 70
260 627 24
260 631 64
260 640 59
260 651 16
260 673 17
260 683 63
260 690 66
260 695 35
260 712 94
260 713 100
260 721 96
260 736 93
260 738 13
260 749 32
260 768 20
260 778 8
260 784 23
260 800 26
260 808 43
260 809 24
260 814 87
260 818 58
260 819 25
260 830 83
260 847 60
260 851 70
260 853 89
260 854 69
260 869 5
260 881 49
260 895 13
260 902 34
260 913 32
260 919 27
260 924 34
260 931 69
260 937 32
260 938 60
260 954 71
260 965 70
260 971 96
260 981 24
260 985 83
261 266 55
261 285 53
261 289 14
261 293 8
261 334 31
261 406 76
261 413 41
261 427 53
261 428 34
261 434 14
261 441 27
261 449 40
261 455 7
261 471 81
261 483 87
261 496 90
261 504 96
261 522 50
261 573 12
261 579 1
261 595 54
261 623 1
261 625 1
261 663 7
261 715 59
261 741 64
261 755 19
261 763 69
261 764 6
261 796 5
261 812 51
261 831 81
261 833 90
261 837 100
261 846 14
261 849 15
261 864 32
261 877 28
261 888 38
261 900 82
261 923 5
261 926 23
261 940 76
261 957 87
261 979 55
261 983 11
261 986 47
261 987 22
262 270 36
262 271 60
262 287 1
262 296 57
262 307 91
262 330 8
262 341 45
262 355 61
262 356 20
262 358 27
262 363 92
262 394 69
262 412 100
262 438 42
262 440 78
262 448 97
262 457 92
262 466 92
262 478 69
262 480 52
262 491 91
262 501 60
262 506 28
262 525 35
262 534 86
262 558 35
262 563 19
262 568 18
262 603 100
262 610 3
262 612 40
262 626 99
262 641 86
262 657 2
262 665 98
262 687 12
262 691 47
262 701 99
262 738 74
262 745 84
262 749 58
262 789 38
262 794 69
262 822 55
262 824 61
262 848 98
262 903 7
262 914 36
262 916 53
262 951 6
262 952 23
262 990 12
262 993 78
262 996 86
263 272 69
263 276 31
263 279 24
263 281 58
263 288 68
263 294 16
263 308 51
263 309 93
263 315 36
263 325 78
263 338 57
263 346 40
263 353 4
263 354 63
263 382 94
263 383 12
263 388 65
263 390 99
263 433 7
263 435 55
263 436 96
263 452 10
263 456 91
263 484 28
263 511 24
263 512 20
263 515 31
263 531 37
263 540 8
263 546 40
263 550 58
263 557 59
263 560 95
263 567 14
263 572 30
263 582 38
263 585 64
263 589 41
263 604 54
263 607 60
263 614 15
263 617 70
263 620 21
263 628 11
263 638 74
263 647 43
263 648 23
263 651 75
263 652 38
263 656 16
263 658 52
263 660 86
263 666 58
263 670 16
263 676 7
263 679 28
263 683 75
263 685 81
263 698 97
263 700 32
263 721 36
263 722 16
263 735 94
263 750 90
263 754 6
263 759 24
263 781 78
263 784 88
263 786 17
263 788 66
263 792 84
263 793 39
263 805 69
263 809 26
263 816 2
263 827 45
263 830 65
263 841 35
263 847 48
263 851 23
263 854 50
263 869 93
263 881 5
263 886 72
263 895 30
263 902 98
263 922 53
263 924 59
263 925 75
263 932 6
263 936 90
263 960 14
263 965 70
263 976 50
263 980 73
263 981 48
263 985 90
264 267 7
264 275 29
264 297 77
264 306 67
264 312 64
264 330 46
264 332 19
264 335 39
264 347 42
264 349 33
264 364 94
264 370 64
264 374 11
264 379 93
264 380 11
264 384 85
264 400 25
264 402 29
264 404 11
264 412 82
264 420 85
264 424 94
264 431 45
264 439 82
264 453 17
264 472 81
264 487 54
264 488 25
264 493 82
264 498 76
264 505 92
264 529 90
264 536 47
264 538 27
264 545 73
264 547 52
264 549 19
264 588 89
264 600 62
264 613 31
264 639 15
264 641 66
264 644 75
264 661 57
264 667 91
264 669 69
264 671 64
264 672 64
264 689 13
264 691 4
264 693 2
264 696 1
264 701 33
264 708 75
264 731 4
264 739 26
264 767 44
264 769 24
264 775 59
264 776 66
264 801 20
264 829 24
264 834 2
264 850 96
264 852 2
264 855 58
264 857 91
264 858 85
264 879 6
264 896 39
264 899 31
264 920 23
264 963 38
264 970 65
264 974 83
264 984 65
264 989 59
264 997 89
265 282 26
265 292 41
265 295 45
265 298 34
265 301 100
265 304 100
265 307 24
265 345 69
265 348 51
265 356 17
265 391 48
265 397 68
265 409 87
265 438 72
265 454 33
265 476 47
265 478 30
265 480 31
265 489 31
265 506 15
265 513 79
265 521 74
265 524 69
265 528 60
265 548 60
265 556 83
265 558 78
265 559 41
265 564 5
265 571 28
265 581 29
265 587 8
265 597 77
265 599 4
265 604 63
265 605 37
265 618 25
265 622 53
265 631 84
265 640 66
265 683 12
265 690 69
265 695 68
265 706 25
265 712 15
265 713 50
265 738 38
265 748 7
265 749 81
265 768 73
265 778 69
265 784 100
265 789 48
265 800 21
265 808 79
265 814 65
265 818 49
265 819 60
265 839 67
265 848 50
265 853 98
265 873 5
265 898 60
265 913 7
265 916 39
265 919 26
265 931 13
265 937 17
265 938 66
265 954 45
265 971 4
266 289 73
266 293 75
266 334 38
266 406 14
266 413 65
266 427 63
266 434 19
266 455 36
266 483 98
266 496 51
266 504 8
266 522 14
266 573 92
266 579 83
266 623 85
266 625 45
266 663 1
266 715 48
266 755 45
266 763 44
266 764 27
266 796 1
266 812 74
266 833 97
266 846 80
266 849 19
266 864 64
266 877 28
266 900 31
266 923 87
266 940 63
266 957 61
266 983 78
266 986 96
266 987 82
267 270 89
267 271 95
267 275 41
267 287 82
267 297 9
267 314 69
267 330 75
267 332 98
267 335 26
267 341 72
267 347 19
267 350 48
267 358 8
267 363 78
267 366 57
267 370 66
267 374 81
267 379 57
267 380 35
267 384 5
267 394 48
267 398 30
267 402 54
267 412 48
267 424 100
267 426 9
267 431 78
267 439 16
267 448 100
267 453 46
267 457 63
267 472 20
267 486 98
267 488 55
267 493 21
267 495 70
267 498 97
267 501 86
267 510 43
267 525 68
267 534 73
267 538 72
267 545 47
267 549 26
267 553 2
267 563 3
267 565 50
267 568 12
267 584 80
267 588 63
267 600 55
267 603 20
267 606 24
267 613 91
267 626 38
267 629 57
267 635 55
267 641 87
267 644 64
267 657 33
267 667 55
267 669 66
267 691 41
267 693 19
267 696 82
267 701 6
267 703 48
267 704 11
267 708 71
267 731 9
267 733 49
267 739 100
267 745 53
267 773 20
267 794 59
267 795 47
267 824 72
267 826 45
267 828 75
267 829 17
267 857 50
267 867 60
267 872 37
267 887 40
267 897 70
267 899 60
267 903 24
267 914 87
267 930 13
267 951 87
267 952 87
267 959 30
267 963 35
267 970 26
267 984 83
267 990 53
268 274 95
268 299 5
268 319 51
268 329 25
268 342 40
268 351 100
268 359 96
268 362 35
268 367 83
268 369 29
268 375 70
268 376 90
268 377 70
268 386 63
268 392 65
268 393 68
268 395 41
268 401 10
268 407 72
268 414 86
268 415 95
268 437 41
268 447 46
268 467 92
268 470 20
268 474 32
268 509 13
268 519 84
268 527 44
268 530 37
268 537 79
268 541 3
268 542 98
268 552 44
268 555 64
268 561 63
268 570 96
268 583 18
268 592 12
268 621 82
268 633 44
268 634 31
268 642 48
268 646 8
268 653 30
268 654 5
268 662 68
268 668 31
268 681 4
268 684 4
268 686 33
268 702 7
268 710 4
268 716 92
268 727 69
268 729 7
268 732 54
268 740 10
268 746 99
268 757 87
268 761 98
268 762 90
268 771 55
268 772 74
268 798 3
268 811 51
268 813 58
268 836 56
268 840 86
268 861 82
268 862 53
268 868 78
268 874 43
268 876 23
268 880 37
268 884 96
268 890 99
268 905 16
268 907 96
268 918 94
268 921 58
268 935 80
268 956 64
268 958 78
268 966 61
268 973 28
268 975 60
268 982 10
268 992 34
269 285 3
269 289 50
269 291 94
269 300 76
269 321 42
269 323 89
269 329 48
269 334 35
269 336 48
269 351 83
269 362 27
269 378 90
269 389 50
269 395 66
269 406 80
269 413 76
269 415 13
269 416 79
269 421 18
269 422 62
269 425 28
269 427 95
269 428 55
269 432 33
269 437 3
269 441 98
269 442 27
269 449 34
269 451 14
269 462 77
269 463 97
269 465 63
269 467 58
269 470 57
269 471 97
269 477 72
269 490 9
269 500 36
269 517 99
269 522 67
269 533 37
269 539 69
269 552 49
269 573 12
269 574 22
269 579 61
269 594 14
269 595 33
269 598 71
269 642 58
269 653 72
269 663 24
269 668 85
269 675 26
269 711 13
269 715 28
269 741 48
269 743 89
269 746 5
269 751 34
269 753 79
269 757 94
269 771 3
269 772 11
269 796 96
269 803 58
269 812 47
269 815 80
269 825 53
269 831 10
269 842 98
269 849 99
269 864 58
269 878 3
269 884 85
269 885 79
269 888 56
269 901 3
269 911 85
269 915 17
269 917 4
269 923 74
269 926 69
269 933 76
269 934 73
269 957 96
269 973 2
269 987 59
269 995 22
270 271 19
270 287 97
270 296 68
270 297 10
270 314 70
270 330 85
270 341 97
270 347 26
270 350 14
270 355 75
270 356 99
270 358 75
270 363 78
270 374 93
270 394 90
270 398 1
270 412 44
270 439 81
270 440 84
270 448 31
270 457 87
270 466 86
270 478 31
270 491 29
270 501 25
270 525 45
270 534 5
270 563 39
270 568 51
270 603 34
270 606 86
270 610 93
270 612 77
270 626 19
270 641 35
270 657 29
270 665 21
270 667 48
270 687 99
270 691 88
270 693 8
270 701 60
270 703 43
270 733 96
270 739 41
270 745 28
270 749 74
270 773 82
270 789 71
270 794 56
270 822 90
270 824 95
270 848 70
270 857 96
270 867 79
270 899 70
270 903 34
270 914 1
270 916 74
270 951 22
270 952 29
270 990 35
270 993 75
270 996 46
271 287 72
271 296 61
271 297 82
271 301 81
271 302 81
271 314 47
271 317 80
271 330 87
271 341 11
271 347 6
271 350 69
271 355 10
271 356 75
271 358 19
271 363 87
271 374 68
271 394 17
271 398 9
271 399 52
271 412 74
271 438 83
271 439 86
271 440 33
271 448 72
271 457 32
271 466 42
271 478 50
271 491 27
271 501 40
271 506 28
271 510 38
271 525 66
271 534 29
271 535 89
271 556 41
271 563 89
271 565 94
271 566 77
271 568 89
271 581 55
271 584 11
271 603 41
271 606 76
271 610 100
271 612 3
271 618 16
271 626 46
271 635 82
271 641 58
271 657 8
271 665 89
271 667 30
271 687 40
271 691 81
271 701 38
271 703 40
271 704 58
271 712 72
271 733 24
271 736 27
271 738 35
271 745 12
271 749 2
271 773 91
271 789 92
271 794 22
271 795 65
271 800 95
271 814 85
271 822 62
271 824 94
271 826 39
271 848 87
271 867 16
271 899 11
271 903 40
271 914 36
271 916 23
271 951 64
271 952 7
271 990 28
271 993 21
271 996 74
272 276 41
272 279 31
272 288 39
272 308 88
272 315 25
272 346 54
272 353 11
272 354 10
272 383 23
272 390 78
272 435 54
272 452 67
272 512 60
272 518 72
272 531 59
272 546 71
272 550 67
272 557 89
272 560 71
272 567 58
272 589 94
272 614 12
272 617 31
272 628 59
272 647 100
272 648 20
272 651 38
272 656 61
272 658 18
272 670 83
272 698 8
272 700 48
272 719 47
272 735 74
272 754 63
272 759 28
272 781 52
272 786 33
272 788 56
272 792 29
272 809 62
272 816 69
272 830 42
272 835 83
272 841 30
272 847 10
272 851 29
272 854 56
272 863 76
272 881 94
272 886 5
272 895 21
272 902 43
272 922 67
272 924 3
272 960 77
272 965 19
272 976 34
272 981 50
272 985 83
273 286 28
273 327 100
273 340 62
273 352 32
273 361 28
273 368 51
273 371 24
273 372 78
273 381 74
273 389 12
273 408 30
273 418 55
273 423 82
273 430 57
273 432 89
273 442 4
273 446 38
273 450 12
273 468 78
273 469 89
273 477 18
273 482 91
273 494 48
273 507 38
273 523 56
273 533 69
273 537 71
273 551 39
273 554 25
273 562 25
273 569 13
273 590 43
273 601 33
273 602 70
273 616 16
273 619 79
273 649 55
273 659 36
273 664 20
273 688 80
273 692 26
273 707 67
273 720 98
273 725 2
273 734 2
273 742 30
273 743 82
273 747 59
273 765 54
273 766 23
273 782 34
273 790 100
273 799 29
273 803 82
273 807 14
273 820 3
273 821 77
273 823 44
273 832 26
273 843 11
273 856 26
273 866 15
273 870 28
273 875 50
273 892 86
273 904 26
273 912 38
273 915 47
273 927 75
273 947 58
273 978 60
273 991 28
273 998 98
274 291 75
274 299 30
274 318 42
274 324 53
274 329 26
274 333 81
274 342 60
274 351 59
274 359 29
274 362 39
274 367 95
274 369 54
274 373 59
274 375 7
274 376 82
274 377 9
274 378 12
274 385 19
274 393 31
274 395 60
274 401 91
274 403 52
274 414 24
274 415 39
274 422 9
274 425 98
274 437 27
274 444 83
274 447 51
274 465 20
274 467 23
274 470 98
274 475 28
274 490 47
274 499 76
274 509 39
274 519 92
274 520 83
274 530 65
274 541 5
274 542 72
274 592 92
274 621 63
274 633 89
274 634 100
274 642 77
274 653 56
274 654 75
274 662 9
274 668 22
274 681 85
274 684 46
274 686 89
274 711 75
274 716 98
274 726 78
274 732 10
274 740 48
274 746 80
274 752 84
274 757 40
274 758 4
274 770 47
274 771 62
274 772 67
274 779 39
274 787 92
274 798 100
274 804 56
274 840 55
274 844 79
274 860 98
274 862 11
274 868 64
274 874 26
274 876 93
274 880 57
274 884 14
274 890 54
274 893 100
274 894 97
274 901 100
274 905 68
274 908 77
274 918 2
274 921 14
274 928 20
274 933 24
274 934 63
274 945 26
274 958 88
274 969 66
274 973 33
274 975 77
274 982 12
274 992 52
274 995 16
275 287 21
275 297 14
275 311 43
275 314 41
275 322 71
275 330 11
275 332 37
275 344 71
275 347 77
275 350 26
275 366 78
275 374 88
275 379 19
275 380 92
275 384 5
275 394 9
275 398 42
275 402 86
275 407 64
275 412 57
275 424 12
275 426 57
275 431 42
275 439 79
275 448 89
275 453 50
275 457 66
275 472 37
275 486 22
275 487 11
275 488 79
275 493 32
275 495 87
275 498 77
275 510 79
275 514 87
275 532 32
275 534 72
275 536 88
275 538 79
275 545 89
275 549 85
275 553 86
275 563 63
275 565 99
275 568 9
275 584 10
275 588 80
275 603 99
275 606 95
275 613 17
275 626 65
275 629 51
275 630 13
275 635 19
275 641 91
275 644 25
275 667 65
275 669 76
275 682 17
275 686 15
275 691 5
275 696 93
275 699 84
275 701 100
275 703 76
275 704 23
275 708 28
275 709 100
275 731 34
275 733 10
275 739 93
275 745 82
275 769 18
275 773 26
275 777 92
275 785 5
275 795 46
275 810 3
275 813 71
275 826 94
275 828 19
275 829 2
275 857 21
275 867 5
275 872 96
275 887 17
275 889 18
275 897 87
275 899 48
275 906 82
275 918 31
275 920 60
275 930 36
275 952 16
275 959 36
275 962 11
275 963 94
275 968 60
275 970 28
275 984 46
275 990 28
276 279 29
276 281 12
276 288 21
276 308 97
276 309 67
276 315 35
276 325 97
276 338 51
276 346 78
276 352 49
276 353 85
276 354 11
276 360 6
276 382 60
276 388 2
276 390 6
276 396 78
276 433 6
276 435 96
276 452 66
276 511 23
276 512 44
276 523 96
276 531 65
276 540 71
276 550 36
276 557 73
276 560 15
276 567 40
276 582 70
276 589 58
276 593 38
276 607 26
276 614 81
276 617 17
276 628 80
276 638 70
276 647 93
276 648 78
276 651 3
276 656 33
276 658 42
276 660 87
276 666 73
276 670 55
276 676 87
276 679 57
276 680 12
276 685 64
276 698 30
276 700 17
276 702 92
276 722 77
276 735 84
276 750 87
276 754 25
276 759 16
276 761 72
276 781 99
276 783 5
276 786 91
276 788 85
276 792 38
276 793 91
276 805 38
276 816 1
276 817 14
276 820 57
276 827 88
276 830 44
276 841 55
276 843 51
276 851 66
276 854 22
276 863 86
276 881 90
276 886 73
276 895 75
276 902 36
276 922 96
276 925 24
276 932 66
276 936 22
276 941 22
276 946 81
276 960 34
276 976 13
276 980 33
276 985 83
277 278 51
277 283 32
277 284 18
277 299 99
277 322 98
277 324 58
277 332 83
277 333 20
277 337 63
277 342 60
277 344 73
277 364 47
277 365 18
277 366 19
277 376 93
277 380 85
277 387 38
277 402 89
277 403 97
277 410 52
277 431 21
277 443 68
277 447 78
277 459 67
277 461 8
277 464 20
277 472 48
277 473 74
277 475 82
277 479 57
277 486 32
277 492 86
277 495 12
277 497 95
277 514 98
277 520 100
277 530 14
277 532 70
277 536 6
277 543 76
277 549 75
277 553 80
277 583 95
277 613 17
277 621 86
277 629 86
277 633 75
277 636 86
277 637 87
277 644 56
277 654 20
277 662 2
277 669 2
277 681 83
277 682 36
277 686 4
277 694 2
277 696 31
277 697 10
277 699 71
277 709 21
277 717 35
277 724 10
277 730 42
277 737 10
277 752 61
277 758 29
277 769 79
277 774 23
277 777 14
277 780 9
277 785 28
277 787 76
277 797 41
277 798 74
277 804 25
277 813 80
277 828 14
277 838 3
277 840 25
277 855 2
277 859 50
277 868 16
277 883 39
277 889 7
277 891 21
277 893 73
277 894 92
277 896 8
277 906 45
277 909 34
277 918 72
277 920 63
277 921 30
277 928 81
277 942 13
277 944 11
277 949 87
277 955 57
277 958 62
277 959 76
277 961 8
277 962 81
277 963 85
277 967 12
277 968 23
277 969 48
277 970 13
277 975 96
277 982 11
277 984 99
277 992 34
277 999 24
278 283 7
278 284 53
278 303 44
278 322 59
278 324 26
278 337 54
278 344 47
278 364 36
278 365 11
278 387 72
278 403 77
278 405 35
278 410 69
278 443 51
278 459 47
278 461 69
278 464 14
278 473 90
278 479 3
278 492 70
278 497 65
278 503 75
278 505 71
278 508 57
278 514 17
278 520 73
278 532 26
278 536 98
278 543 70
278 580 33
278 636 53
278 637 37
278 650 90
278 682 54
278 694 37
278 697 4
278 709 48
278 717 54
278 724 34
278 728 93
278 730 90
278 737 19
278 769 11
278 774 12
278 777 33
278 780 20
278 797 87
278 838 26
278 855 26
278 882 35
278 883 40
278 891 56
278 893 3
278 894 88
278 896 70
278 909 36
278 942 47
278 944 56
278 949 57
278 955 78
278 961 31
278 967 82
278 968 56
278 988 41
278 994 48
278 997 95
278 999 94
279 281 17
279 288 86
279 308 39
279 315 87
279 316 67
279 325 61
279 338 25
279 346 22
279 353 98
279 354 32
279 382 19
279 390 22
279 396 44
279 433 35
279 435 58
279 452 84
279 511 86
279 512 45
279 518 6
279 523 48
279 531 61
279 540 97
279 550 24
279 557 34
279 560 64
279 567 98
279 589 34
279 593 9
279 614 72
279 617 50
279 628 81
279 647 61
279 648 33
279 651 87
279 656 69
279 658 37
279 666 92
279 670 78
279 685 4
279 698 56
279 700 69
279 719 41
279 722 92
279 735 39
279 750 95
279 754 85
279 759 25
279 781 1
279 783 48
279 786 91
279 788 31
279 792 42
279 793 87
279 805 65
279 809 80
279 816 84
279 817 42
279 820 65
279 827 78
279 830 48
279 835 88
279 841 43
279 847 21
279 851 81
279 854 46
279 863 1
279 881 66
279 886 46
279 895 26
279 902 47
279 922 32
279 924 72
279 932 25
279 941 64
279 946 79
279 960 71
279 965 38
279 976 98
279 980 23
279 985 94
280 305 29
280 339 8
280 340 31
280 368 43
280 445 52
280 460 34
280 481 88
280 485 29
280 526 22
280 551 40
280 576 47
280 591 79
280 596 64
280 608 72
280 609 92
280 615 9
280 645 6
280 655 73
280 674 76
280 677 97
280 678 40
280 705 27
280 718 21
280 742 65
280 760 99
280 802 100
280 806 52
280 823 25
280 865 56
280 870 39
280 947 35
280 948 74
280 950 55
280 991 34
281 313 72
281 316 43
281 325 98
281 327 51
281 338 9
281 346 88
281 352 2
281 354 37
281 360 36
281 368 37
281 381 84
281 390 82
281 396 46
281 418 92
281 423 87
281 452 100
281 511 100
281 512 84
281 518 73
281 523 72
281 527 54
281 531 77
281 540 82
281 544 31
281 550 17
281 557 82
281 560 23
281 561 85
281 567 4
281 589 90
281 593 57
281 614 51
281 616 52
281 617 91
281 638 69
281 647 67
281 648 99
281 649 57
281 656 11
281 659 58
281 660 66
281 666 76
281 678 50
281 680 89
281 685 34
281 692 89
281 698 24
281 702 22
281 707 38
281 714 21
281 722 46
281 725 27
281 729 55
281 735 23
281 747 47
281 750 23
281 754 14
281 759 15
281 765 45
281 781 49
281 783 47
281 786 51
281 788 81
281 792 78
281 793 44
281 799 20
281 807 79
281 816 63
281 817 45
281 820 39
281 821 100
281 827 56
281 841 72
281 843 31
281 845 68
281 861 13
281 863 28
281 875 38
281 886 48
281 922 60
281 927 83
281 932 62
281 941 27
281 946 6
281 953 22
281 956 40
281 960 16
281 966 100
281 980 92
281 998 16
282 292 7
282 295 53
282 298 65
282 301 100
282 304 96
282 307 35
282 345 97
282 348 25
282 353 27
282 356 19
282 391 18
282 397 10
282 409 38
282 438 89
282 454 81
282 456 100
282 476 89
282 480 80
282 484 84
282 489 34
282 506 4
282 513 31
282 515 71
282 521 25
282 524 71
282 528 37
282 546 19
282 548 16
282 556 55
282 559 1
282 564 62
282 571 47
282 581 15
282 587 21
282 597 67
282 599 61
282 604 78
282 605 57
282 618 15
282 622 42
282 627 79
282 631 83
282 640 89
282 683 35
282 690 5
282 695 53
282 712 97
282 713 28
282 736 42
282 738 32
282 748 20
282 749 93
282 768 13
282 778 3
282 784 20
282 789 68
282 800 14
282 808 56
282 809 99
282 814 33
282 818 34
282 819 30
282 839 47
282 848 100
282 853 53
282 869 59
282 873 64
282 881 100
282 895 72
282 898 64
282 913 70
282 916 55
282 919 50
282 931 7
282 937 32
282 938 77
282 954 56
282 971 90
282 981 88
283 284 38
283 303 50
283 322 69
283 324 74
283 332 39
283 333 90
283 337 18
283 344 27
283 364 81
283 365 100
283 380 3
283 387 8
283 402 73
283 403 67
283 410 54
283 443 12
283 459 56
283 461 15
283 464 87
283 472 57
283 473 89
283 475 3
283 479 74
283 487 72
283 492 5
283 497 32
283 503 85
283 505 23
283 508 20
283 514 100
283 520 68
283 530 66
283 532 62
283 536 60
283 543 51
283 545 29
283 636 71
283 637 26
283 644 74
283 650 9
283 669 1
283 682 2
283 694 30
283 696 13
283 697 100
283 709 26
283 717 88
283 724 9
283 728 2
283 730 82
283 737 67
283 769 69
283 774 34
283 777 54
283 780 93
283 785 15
283 787 9
283 797 95
283 804 88
283 838 79
283 855 30
283 859 27
283 883 86
283 891 62
283 893 17
283 894 48
283 896 76
283 906 48
283 909 12
283 920 72
283 928 77
283 942 30
283 944 62
283 949 36
283 955 46
283 959 100
283 961 11
283 962 60
283 963 32
283 967 66
283 968 73
283 969 12
283 970 23
283 975 12
283 988 98
283 989 23
283 994 56
283 997 31
283 999 93
284 303 80
284 322 43
284 324 16
284 331 42
284 333 93
284 337 16
284 343 49
284 344 100
284 365 34
284 367 87
284 373 50
284 376 70
284 385 64
284 387 29
284 403 65
284 405 80
284 410 4
284 419 43
284 443 76
284 444 29
284 447 14
284 459 99
284 461 10
284 464 40
284 473 22
284 475 90
284 479 49
284 492 53
284 497 15
284 499 64
284 503 15
284 514 63
284 520 65
284 530 41
284 532 11
284 543 25
284 592 68
284 636 21
284 637 40
284 643 31
284 650 37
284 654 12
284 662 54
284 682 66
284 694 24
284 697 48
284 709 29
284 717 91
284 723 76
284 724 24
284 726 7
284 730 14
284 737 20
284 752 100
284 758 68
284 770 21
284 774 58
284 777 72
284 779 51
284 780 35
284 785 24
284 787 63
284 791 74
284 797 81
284 804 45
284 838 97
284 840 71
284 859 33
284 860 93
284 862 56
284 882 3
284 883 94
284 891 49
284 893 100
284 894 30
284 906 25
284 908 4
284 909 75
284 928 51
284 929 37
284 939 89
284 942 15
284 944 71
284 945 76
284 949 23
284 955 98
284 958 74
284 961 43
284 967 89
284 968 77
284 969 17
284 975 95
284 992 47
284 994 24
284 999 94
285 289 26
285 291 55
285 310 56
285 318 36
285 323 63
285 329 93
285 334 93
285 362 7
285 367 36
285 373 58
285 375 72
285 378 60
285 385 25
285 406 29
285 413 3
285 414 67
285 415 8
285 416 61
285 421 66
285 422 60
285 425 17
285 427 58
285 428 10
285 434 46
285 441 9
285 449 75
285 451 8
285 455 30
285 462 61
285 463 82
285 465 99
285 467 13
285 471 35
285 490 49
285 496 38
285 499 94
285 502 36
285 504 95
285 522 28
285 573 46
285 575 80
285 586 70
285 623 21
285 642 77
285 643 92
285 663 16
285 668 99
285 675 68
285 711 48
285 715 94
285 726 71
285 741 83
285 744 65
285 751 98
285 755 45
285 757 35
285 763 46
285 770 59
285 771 6
285 772 69
285 779 34
285 796 26
285 812 92
285 831 77
285 837 47
285 844 33
285 849 5
285 862 84
285 864 37
285 871 98
285 877 44
285 880 12
285 884 87
285 888 75
285 901 67
285 908 79
285 923 14
285 926 78
285 933 73
285 934 57
285 940 79
285 943 28
285 945 77
285 957 1
285 979 13
285 983 65
285 986 42
285 987 66
285 995 31
286 327 96
286 328 47
286 361 25
286 368 74
286 371 61
286 372 3
286 381 19
286 389 65
286 408 4
286 418 73
286 430 36
286 432 72
286 442 96
286 446 83
286 450 70
286 468 92
286 469 73
286 477 63
286 482 16
286 494 69
286 507 94
286 551 50
286 554 93
286 562 89
286 569 87
286 578 53
286 590 72
286 601 13
286 602 13
286 616 30
286 619 81
286 707 92
286 720 20
286 725 100
286 734 88
286 743 7
286 765 50
286 782 40
286 790 14
286 807 1
286 823 15
286 832 15
286 856 79
286 866 28
286 870 73
286 875 56
286 892 86
286 912 8
286 927 32
286 947 39
286 978 50
286 991 67
287 296 84
287 297 97
287 314 57
287 330 14
287 335 96
287 341 55
287 347 97
287 350 3
287 358 46
287 363 90
287 370 60
287 374 69
287 394 37
287 398 56
287 412 29
287 424 47
287 439 19
287 440 65
287 448 94
287 457 64
287 466 65
287 491 23
287 501 43
287 525 16
287 534 96
287 563 80
287 568 34
287 588 30
287 603 64
287 606 43
287 612 43
287 626 24
287 641 37
287 657 83
287 665 71
287 667 66
287 687 57
287 691 53
287 693 75
287 701 84
287 703 90
287 708 32
287 731 34
287 733 100
287 739 37
287 745 49
287 773 10
287 794 89
287 824 56
287 857 3
287 867 38
287 899 95
287 903 82
287 914 66
287 951 54
287 952 1
287 990 54
287 996 71
288 346 90
288 353 22
288 354 50
288 383 38
288 452 71
288 512 84
288 531 42
288 546 55
288 550 83
288 567 28
288 589 9
288 627 50
288 628 61
288 647 48
288 648 57
288 651 96
288 656 25
288 658 81
288 670 85
288 698 52
288 700 90
288 719 10
288 754 20
288 781 71
288 792 65
288 809 89
288 830 55
288 835 35
288 841 99
288 847 37
288 851 78
288 854 41
288 863 59
288 881 82
288 886 82
288 902 99
288 924 95
288 965 73
288 976 43
288 981 83
289 291 2
289 293 82
289 323 5
289 329 92
289 334 10
289 378 85
289 406 35
289 413 54
289 415 29
289 416 5
289 421 55
289 422 7
289 425 90
289 427 89
289 428 91
289 434 88
289 441 94
289 449 82
289 451 52
289 455 39
289 463 18
289 465 81
289 471 37
289 490 83
289 496 75
289 504 36
289 522 68
289 573 5
289 579 58
289 595 55
289 598 41
289 623 68
289 663 48
289 675 77
289 715 97
289 741 33
289 751 36
289 755 58
289 757 5
289 763 78
289 764 42
289 771 60
289 796 81
289 812 2
289 825 87
289 831 84
289 833 90
289 837 19
289 842 23
289 846 14
289 849 89
289 864 88
289 877 36
289 878 78
289 888 47
289 900 84
289 901 34
289 917 91
289 923 78
289 926 99
289 933 98
289 934 86
289 940 44
289 957 75
289 979 65
289 983 78
289 986 16
289 987 96
289 995 11
290 310 34
290 318 28
290 331 91
290 334 90
290 343 68
290 373 31
290 385 74
290 403 80
290 405 99
290 419 88
290 428 74
290 444 29
290 490 9
290 499 97
290 502 24
290 503 15
290 504 26
290 520 90
290 575 70
290 586 33
290 643 13
290 723 51
290 726 68
290 741 18
290 744 59
290 752 63
290 758 57
290 770 87
290 779 16
290 787 55
290 791 69
290 837 76
290 844 45
290 860 52
290 871 12
290 882 22
290 883 67
290 888 89
290 894 44
290 908 87
290 929 24
290 934 83
290 939 74
290 943 52
290 945 75
290 949 38
290 969 100
290 979 91
290 983 32
291 318 73
291 323 79
291 329 56
291 334 78
291 351 14
291 359 56
291 362 95
291 367 8
291 373 34
291 375 34
291 377 44
291 378 16
291 385 63
291 393 85
291 395 52
291 406 64
291 413 12
291 414 74
291 415 36
291 416 48
291 421 1
291 422 84
291 425 85
291 427 65
291 428 91
291 434 34
291 441 30
291 449 17
291 451 99
291 455 58
291 462 98
291 463 52
291 465 27
291 467 70
291 470 81
291 471 88
291 490 92
291 499 85
291 502 80
291 504 7
291 517 9
291 522 66
291 541 94
291 573 84
291 574 90
291 592 49
291 594 7
291 642 31
291 653 30
291 663 16
291 668 96
291 675 56
291 711 31
291 715 73
291 716 15
291 726 54
291 741 21
291 744 74
291 746 64
291 751 15
291 755 72
291 757 48
291 758 62
291 763 55
291 770 12
291 771 73
291 772 81
291 779 13
291 796 43
291 812 61
291 831 70
291 837 89
291 842 73
291 844 99
291 849 44
291 860 47
291 862 78
291 864 84
291 871 11
291 876 22
291 880 81
291 884 38
291 888 93
291 901 83
291 908 97
291 923 31
291 926 41
291 933 30
291 934 23
291 940 34
291 945 86
291 957 78
291 973 33
291 979 32
291 983 43
291 987 85
291 995 49
292 295 12
292 298 21
292 304 95
292 345 71
292 348 98
292 383 24
292 391 77
292 397 60
292 454 21
292 476 78
292 489 35
292 513 17
292 521 97
292 524 68
292 528 92
292 546 72
292 548 82
292 559 66
292 564 40
292 571 89
292 587 15
292 597 95
292 599 33
292 604 43
292 605 40
292 622 94
292 627 12
292 631 82
292 640 37
292 683 11
292 690 18
292 695 100
292 706 36
292 713 33
292 748 16
292 768 32
292 778 63
292 784 31
292 808 50
292 809 24
292 818 56
292 819 65
292 839 68
292 853 97
292 873 75
292 898 86
292 913 41
292 919 59
292 931 59
292 937 49
292 938 89
292 954 53
292 971 97
292 981 7
293 334 4
293 434 56
293 455 20
293 471 62
293 483 56
293 496 6
293 504 29
293 522 89
293 573 22
293 623 64
293 625 49
293 663 47
293 715 23
293 755 81
293 763 88
293 764 59
293 812 48
293 833 31
293 846 55
293 849 34
293 877 8
293 900 44
293 923 39
293 940 80
293 957 7
293 983 63
293 986 22
294 302 82
294 308 17
294 309 40
294 311 98
294 315 53
294 317 25
294 319 91
294 320 40
294 325 96
294 338 8
294 357 65
294 360 80
294 382 67
294 388 3
294 392 17
294 399 8
294 407 11
294 411 7
294 417 82
294 433 92
294 435 6
294 436 7
294 456 37
294 474 1
294 484 94
294 510 54
294 511 27
294 515 11
294 516 42
294 527 12
294 535 78
294 540 33
294 544 82
294 555 3
294 561 67
294 565 56
294 566 44
294 570 31
294 572 99
294 577 70
294 582 68
294 585 10
294 607 62
294 614 97
294 620 41
294 624 14
294 628 85
294 630 72
294 632 52
294 638 63
294 646 24
294 651 27
294 652 50
294 656 87
294 658 46
294 660 87
294 666 87
294 673 39
294 676 68
294 679 11
294 680 57
294 684 61
294 685 9
294 702 9
294 710 63
294 721 75
294 722 29
294 727 13
294 729 87
294 750 75
294 754 56
294 759 31
294 761 59
294 762 58
294 786 100
294 788 88
294 793 14
294 805 9
294 810 70
294 811 85
294 816 91
294 827 33
294 836 89
294 841 64
294 854 32
294 869 75
294 872 84
294 874 89
294 890 15
294 907 92
294 922 29
294 925 98
294 930 90
294 932 4
294 935 67
294 936 35
294 964 55
294 972 6
294 977 43
294 980 39
294 985 44
295 298 7
295 304 31
295 307 11
295 345 82
295 348 3
295 356 66
295 391 28
295 397 14
295 438 10
295 454 18
295 476 6
295 478 85
295 480 55
295 489 63
295 506 62
295 521 29
295 524 63
295 528 67
295 548 43
295 556 42
295 558 82
295 559 7
295 564 22
295 571 47
295 581 78
295 587 85
295 599 2
295 605 97
295 610 73
295 622 19
295 631 90
295 640 55
295 690 87
295 695 96
295 706 99
295 712 68
295 713 89
295 738 23
295 748 78
295 749 30
295 768 93
295 778 88
295 789 15
295 808 72
295 814 41
295 818 39
295 819 18
295 839 12
295 848 49
295 873 82
295 898 51
295 913 62
295 916 46
295 919 30
295 931 85
295 937 7
295 938 48
295 954 67
295 971 61
296 307 79
296 330 11
296 341 26
296 347 41
296 355 66
296 356 81
296 358 99
296 363 100
296 394 23
296 412 40
296 438 69
296 440 55
296 448 6
296 457 92
296 466 10
296 478 48
296 491 44
296 501 65
296 506 55
296 525 86
296 534 67
296 558 47
296 563 26
296 568 47
296 603 3
296 606 87
296 610 57
296 612 41
296 626 61
296 641 87
296 657 73
296 665 76
296 687 70
296 691 75
296 701 58
296 738 76
296 745 82
296 749 27
296 789 23
296 794 61
296 822 68
296 824 77
296 848 1
296 867 10
296 903 78
296 914 68
296 916 92
296 951 83
296 952 98
296 990 20
296 993 19
296 996 29
297 311 80
297 314 23
297 330 17
297 332 73
297 341 88
297 347 98
297 350 28
297 358 24
297 363 68
297 366 23
297 370 37
297 374 82
297 379 25
297 380 6
297 384 56
297 394 25
297 398 74
297 402 100
297 412 16
297 424 79
297 426 5
297 431 82
297 439 42
297 448 60
297 453 81
297 457 35
297 472 51
297 486 80
297 488 45
297 493 8
297 495 7
297 498 95
297 501 57
297 510 66
297 525 41
297 534 8
297 536 74
297 538 35
297 545 8
297 549 62
297 553 19
297 563 35
297 565 12
297 566 35
297 568 69
297 584 1
297 588 68
297 600 38
297 603 86
297 606 73
297 613 42
297 626 61
297 629 87
297 635 80
297 641 98
297 644 16
297 657 53
297 667 69
297 669 87
297 691 3
297 693 57
297 696 83
297 699 95
297 701 68
297 703 69
297 704 32
297 708 17
297 731 1
297 733 66
297 739 99
297 745 25
297 773 32
297 794 60
297 795 41
297 810 11
297 824 22
297 826 23
297 828 25
297 829 21
297 857 5
297 867 40
297 872 15
297 887 22
297 889 5
297 897 55
297 899 8
297 903 1
297 914 20
297 930 36
297 951 98
297 952 9
297 959 13
297 963 23
297 970 83
297 984 89
297 990 84
298 304 32
298 345 13
298 348 63
298 383 29
298 391 65
298 397 41
298 454 13
298 476 10
298 489 94
298 513 4
298 521 7
298 524 48
298 528 5
298 546 31
298 548 98
298 559 31
298 564 47
298 571 6
298 587 78
298 597 28
298 599 26
298 604 63
298 605 31
298 622 97
298 627 44
298 631 86
298 640 23
298 683 37
298 690 2
298 695 69
298 706 25
298 713 6
298 748 45
298 768 15
298 778 29
298 784 74
298 808 52
298 809 99
298 818 96
298 819 4
298 839 77
298 853 65
298 873 100
298 898 65
298 913 57
298 931 55
298 937 4
298 938 85
298 954 55
298 971 48
298 981 55
299 311 72
299 319 45
299 324 26
299 333 57
299 337 54
299 342 63
299 359 86
299 367 76
299 369 26
299 375 42
299 376 56
299 377 45
299 392 73
299 393 94
299 395 62
299 401 67
299 407 8
299 414 24
299 437 97
299 447 11
299 467 57
299 474 24
299 475 60
299 486 4
299 495 6
299 509 96
299 519 68
299 530 45
299 541 95
299 542 45
299 553 86
299 555 67
299 570 38
299 583 20
299 592 43
299 621 72
299 633 4
299 634 93
299 642 95
299 646 30
299 653 54
299 654 21
299 662 49
299 681 10
299 684 37
299 686 14
299 699 25
299 709 76
299 710 1
299 716 11
299 717 88
299 727 68
299 732 61
299 740 1
299 752 17
299 758 79
299 762 72
299 770 96
299 772 96
299 785 98
299 787 49
299 798 61
299 804 23
299 811 45
299 813 85
299 828 66
299 836 49
299 840 19
299 859 46
299 862 20
299 868 48
299 872 98
299 874 62
299 876 4
299 880 15
299 889 31
299 890 32
299 893 89
299 905 8
299 906 80
299 907 11
299 918 50
299 921 51
299 928 89
299 935 13
299 958 22
299 962 54
299 969 8
299 973 100
299 975 90
299 982 45
299 992 97
300 321 35
300 323 25
300 328 93
300 329 20
300 336 95
300 351 54
300 371 81
300 386 38
300 389 98
300 415 33
300 416 35
300 421 22
300 422 46
300 430 14
300 432 3
300 437 64
300 441 64
300 442 56
300 449 89
300 450 18
300 451 68
300 462 36
300 463 59
300 465 71
300 467 35
300 470 93
300 477 3
300 482 79
300 500 6
300 517 35
300 533 35
300 537 33
300 539 84
300 552 26
300 574 53
300 578 87
300 594 86
300 598 89
300 601 25
300 602 66
300 619 91
300 649 11
300 664 27
300 668 42
300 675 41
300 688 41
300 743 3
300 746 21
300 751 75
300 753 92
300 757 75
300 766 62
300 771 59
300 772 4
300 790 94
300 796 99
300 803 43
300 815 65
300 821 85
300 825 53
300 842 5
300 864 57
300 866 57
300 878 63
300 884 84
300 885 68
300 904 7
300 911 36
300 912 22
300 915 86
300 917 82
300 926 19
300 933 71
300 973 17
300 978 28
300 987 13
300 998 9
301 302 63
301 304 64
301 315 30
301 317 26
301 348 20
301 353 89
301 356 1
301 357 73
301 358 92
301 363 86
301 382 41
301 394 27
301 397 32
301 399 23
301 409 3
301 411 51
301 417 63
301 438 100
301 454 38
301 456 10
301 466 21
301 478 9
301 484 85
301 489 6
301 506 54
301 510 9
301 513 9
301 515 15
301 516 54
301 535 48
301 546 92
301 548 13
301 556 18
301 566 86
301 572 51
301 577 73
301 581 7
301 582 44
301 585 86
301 604 44
301 607 91
301 610 87
301 612 38
301 618 35
301 620 29
301 631 57
301 632 83
301 640 5
301 652 1
301 665 90
301 673 8
301 679 54
301 683 5
301 690 59
301 712 17
301 721 58
301 736 81
301 738 19
301 749 83
301 784 84
301 789 53
301 794 10
301 800 6
301 805 51
301 808 63
301 814 93
301 818 50
301 819 73
301 822 11
301 848 36
301 869 19
301 895 20
301 913 49
301 914 82
301 916 96
301 919 58
301 931 19
301 938 18
301 985 61
301 993 5
302 304 73
302 308 29
302 309 64
302 315 37
302 317 37
302 320 68
302 353 74
302 357 66
302 363 76
302 382 34
302 392 7
302 394 66
302 397 74
302 398 44
302 399 78
302 409 47
302 411 13
302 417 100
302 433 79
302 435 44
302 436 30
302 438 51
302 454 73
302 456 89
302 474 18
302 484 89
302 510 21
302 511 84
302 515 25
302 516 19
302 535 94
302 556 55
302 565 56
302 566 99
302 572 40
302 577 45
302 581 1
302 582 13
302 585 15
302 606 81
302 607 15
302 612 95
302 618 64
302 620 64
302 624 34
302 630 54
302 632 56
302 635 66
302 640 68
302 652 83
302 673 71
302 676 86
302 679 78
302 704 31
302 710 44
302 712 77
302 721 29
302 727 94
302 736 27
302 749 17
302 773 75
302 794 73
302 800 99
302 805 73
302 810 72
302 814 1
302 822 72
302 826 73
302 869 90
302 872 48
302 887 55
302 895 87
302 897 98
302 907 36
302 914 30
302 925 55
302 930 84
302 931 84
302 964 8
302 972 84
302 977 95
302 980 42
302 985 59
302 993 8
303 306 92
303 364 29
303 365 37
303 410 84
303 429 33
303 443 96
303 458 32
303 459 40
303 461 34
303 464 10
303 473 86
303 479 96
303 492 88
303 497 23
303 503 81
303 505 29
303 508 20
303 514 16
303 532 26
303 543 91
303 580 24
303 636 33
303 637 78
303 639 98
303 650 62
303 694 19
303 697 45
303 724 32
303 728 10
303 730 38
303 737 98
303 767 36
303 769 98
303 774 10
303 776 31
303 780 96
303 797 82
303 838 85
303 855 34
303 891 24
303 896 89
303 909 18
303 942 35
303 944 99
303 955 22
303 961 1
303 967 15
303 968 55
303 974 27
303 988 44
303 989 53
303 994 86
303 997 84
303 999 17
304 307 51
304 345 27
304 348 12
304 356 92
304 358 32
304 363 3
304 391 24
304 397 41
304 399 28
304 409 25
304 438 32
304 440 37
304 454 75
304 456 42
304 466 55
304 476 90
304 478 49
304 480 13
304 484 71
304 489 27
304 506 57
304 513 26
304 515 31
304 516 52
304 521 5
304 528 30
304 535 55
304 548 73
304 556 79
304 558 81
304 559 74
304 564 2
304 571 81
304 572 35
304 581 74
304 587 98
304 599 23
304 604 17
304 605 6
304 610 27
304 612 63
304 618 27
304 631 14
304 640 55
304 665 53
304 673 47
304 683 10
304 687 82
304 690 36
304 712 68
304 713 26
304 721 38
304 736 26
304 738 31
304 748 36
304 749 52
304 768 91
304 778 28
304 784 16
304 789 33
304 800 61
304 808 37
304 814 32
304 818 80
304 819 33
304 822 25
304 839 70
304 848 48
304 869 10
304 913 69
304 914 12
304 916 38
304 919 84
304 931 5
304 937 54
304 938 67
304 954 35
304 971 69
304 993 32
305 313 97
305 316 4
305 339 8
305 340 36
305 361 22
305 368 86
305 381 29
305 396 86
305 408 30
305 418 62
305 445 50
305 460 86
305 468 79
305 469 96
305 481 79
305 485 20
305 494 10
305 518 75
305 523 12
305 526 90
305 551 14
305 562 25
305 569 36
305 576 30
305 591 88
305 593 5
305 596 88
305 608 14
305 609 30
305 611 38
305 615 97
305 645 41
305 655 70
305 659 13
305 674 64
305 677 2
305 678 48
305 692 74
305 705 49
305 714 98
305 718 53
305 725 80
305 734 17
305 742 6
305 756 25
305 760 13
305 765 72
305 782 32
305 783 80
305 799 39
305 802 42
305 806 45
305 807 40
305 817 45
305 820 92
305 823 13
305 845 2
305 865 10
305 870 29
305 892 17
305 941 34
305 946 77
305 947 95
305 948 51
305 950 25
305 953 36
305 991 20
306 312 6
306 326 24
306 349 62
306 364 93
306 379 22
306 380 67
306 384 80
306 400 89
306 402 49
306 404 38
306 420 71
306 429 55
306 453 26
306 458 64
306 459 69
306 461 62
306 479 73
306 487 25
306 488 56
306 492 52
306 493 25
306 498 29
306 505 52
306 508 49
306 514 5
306 529 6
306 532 59
306 536 71
306 538 62
306 545 13
306 547 4
306 549 63
306 580 16
306 600 98
306 637 1
306 639 63
306 661 90
306 669 17
306 671 2
306 689 15
306 694 26
306 728 38
306 767 15
306 769 68
306 775 21
306 776 59
306 797 46
306 801 44
306 829 62
306 834 39
306 850 39
306 852 63
306 855 54
306 858 19
306 879 19
306 896 91
306 910 79
306 920 43
306 955 21
306 963 72
306 968 17
306 970 3
306 974 77
306 988 87
306 989 86
306 994 89
306 997 65
307 345 18
307 348 60
307 355 69
307 356 19
307 358 38
307 363 75
307 391 94
307 397 49
307 438 72
307 440 50
307 466 93
307 476 94
307 478 55
307 480 7
307 489 73
307 506 57
307 521 73
307 528 97
307 548 21
307 556 65
307 558 30
307 559 32
307 571 99
307 581 46
307 587 47
307 599 31
307 605 31
307 610 66
307 612 30
307 622 48
307 631 59
307 640 94
307 665 60
307 687 83
307 690 77
307 712 73
307 713 64
307 738 65
307 748 47
307 749 11
307 768 69
307 778 46
307 789 46
307 800 30
307 808 93
307 814 98
307 818 74
307 819 20
307 839 15
307 848 16
307 873 84
307 898 23
307 913 93
307 916 98
307 919 90
307 931 31
307 937 8
307 938 32
307 954 19
307 971 78
308 309 30
308 315 95
308 325 2
308 338 44
308 346 73
308 353 68
308 357 53
308 382 37
308 388 96
308 390 50
308 409 10
308 411 87
308 433 66
308 435 90
308 436 32
308 452 78
308 456 59
308 474 48
308 484 63
308 511 71
308 512 88
308 515 3
308 516 41
308 531 73
308 540 95
308 546 21
308 550 66
308 560 3
308 567 25
308 572 62
308 577 1
308 582 99
308 585 67
308 604 99
308 607 78
308 614 99
308 620 45
308 624 15
308 628 11
308 638 20
308 647 64
308 648 4
308 651 53
308 652 4
308 656 78
308 658 47
308 660 63
308 666 78
308 673 89
308 676 91
308 679 84
308 683 72
308 685 42
308 698 75
308 700 93
308 702 5
308 710 9
308 721 64
308 722 50
308 735 2
308 750 65
308 754 49
308 759 15
308 761 92
308 781 49
308 784 1
308 786 31
308 788 45
308 792 77
308 793 42
308 805 68
308 809 29
308 816 57
308 827 48
308 830 89
308 841 28
308 847 44
308 851 99
308 854 31
308 869 55
308 881 82
308 886 31
308 895 16
308 902 90
308 922 34
308 925 4
308 932 63
308 936 1
308 960 17
308 965 79
308 972 30
308 976 3
308 977 2
308 980 89
308 985 70
309 315 88
309 317 31
309 319 5
309 320 52
309 325 71
309 338 25
309 357 3
309 360 42
309 382 38
309 388 78
309 392 55
309 401 87
309 407 97
309 411 58
309 417 1
309 433 63
309 435 35
309 436 68
309 474 73
309 484 38
309 511 86
309 515 46
309 516 57
309 527 27
309 540 86
309 542 81
309 544 24
309 555 94
309 561 96
309 565 25
309 566 94
309 570 17
309 572 49
309 577 38
309 582 15
309 585 54
309 607 76
309 614 67
309 620 78
309 624 32
309 628 81
309 630 65
309 632 23
309 638 19
309 646 88
309 652 91
309 656 5
309 658 30
309 660 67
309 666 95
309 676 55
309 679 92
309 680 5
309 684 49
309 685 79
309 702 62
309 710 6
309 721 61
309 722 22
309 727 35
309 729 7
309 732 99
309 735 23
309 750 67
309 754 26
309 759 74
309 761 53
309 762 32
309 786 17
309 788 64
309 793 27
309 805 33
309 810 16
309 811 100
309 816 74
309 827 61
309 836 84
309 841 53
309 854 19
309 872 36
309 874 30
309 890 87
309 905 44
309 907 37
309 922 54
309 925 66
309 930 71
309 932 20
309 935 93
309 936 45
309 956 13
309 964 12
309 966 13
309 972 31
309 977 55
309 980 22
309 985 27
310 318 97
310 331 68
310 334 24
310 343 44
310 419 11
310 428 18
310 434 79
310 455 46
310 471 35
310 483 90
310 490 67
310 496 92
310 502 60
310 504 36
310 522 53
310 575 99
310 586 31
310 623 4
310 643 27
310 663 99
310 715 60
310 723 54
310 726 39
310 741 18
310 744 47
310 755 84
310 763 17
310 779 50
310 791 84
310 837 10
310 844 71
310 871 52
310 877 64
310 888 52
310 929 17
310 934 2
310 939 78
310 940 90
310 943 26
310 979 43
310 983 22
311 314 83
311 317 26
311 319 89
311 320 93
311 332 42
311 333 59
311 342 65
311 350 27
311 357 8
311 366 23
311 392 78
311 394 69
311 398 26
311 407 15
311 411 79
311 417 59
311 426 82
311 431 58
311 436 16
311 472 7
311 474 6
311 486 81
311 495 94
311 509 62
311 510 42
311 553 65
311 555 12
311 565 93
311 566 42
311 577 27
311 583 100
311 584 54
311 606 98
311 613 96
311 624 77
311 629 13
311 630 80
311 632 80
311 633 77
311 635 16
311 644 81
311 646 78
311 654 32
311 667 35
311 681 63
311 686 40
311 696 9
311 699 28
311 703 41
311 704 87
311 708 4
311 710 25
311 727 77
311 731 65
311 732 43
311 733 79
311 762 68
311 773 80
311 785 55
311 795 47
311 798 40
311 810 86
311 813 17
311 826 91
311 828 17
311 836 74
311 840 61
311 859 5
311 867 54
311 868 89
311 872 28
311 887 23
311 889 82
311 890 25
311 897 93
311 906 93
311 907 91
311 918 99
311 921 80
311 930 34
311 959 26
311 962 39
311 964 66
311 972 84
311 977 77
311 982 77
311 984 19
312 322 90
312 326 37
312 332 73
312 335 19
312 344 50
312 349 85
312 364 65
312 379 98
312 380 92
312 384 61
312 400 32
312 402 14
312 404 32
312 420 73
312 424 8
312 429 88
312 453 23
312 458 33
312 459 12
312 461 4
312 472 93
312 479 23
312 487 95
312 488 50
312 492 1
312 493 5
312 498 40
312 505 53
312 508 87
312 514 98
312 529 7
312 532 60
312 536 59
312 538 2
312 545 41
312 547 50
312 549 54
312 580 95
312 588 51
312 600 58
312 613 43
312 637 27
312 639 75
312 644 49
312 661 79
312 669 48
312 671 94
312 672 89
312 682 91
312 689 24
312 694 94
312 696 34
312 728 80
312 731 77
312 739 41
312 767 36
312 769 47
312 775 21
312 776 19
312 797 35
312 801 15
312 829 82
312 834 34
312 850 57
312 852 96
312 855 73
312 857 25
312 858 68
312 879 6
312 896 4
312 910 1
312 920 28
312 955 16
312 963 33
312 968 50
312 970 46
312 974 32
312 984 65
312 988 74
312 989 28
312 997 26
313 316 73
313 339 56
313 340 19
313 346 98
313 354 59
313 368 52
313 381 29
313 390 34
313 396 94
313 408 45
313 418 37
313 445 34
313 452 11
313 460 89
313 481 46
313 485 1
313 512 61
313 518 90
313 523 35
313 531 14
313 550 7
313 551 22
313 557 43
313 560 1
313 569 86
313 576 96
313 589 40
313 591 71
313 593 20
313 596 82
313 608 64
313 609 35
313 611 64
313 615 63
313 617 79
313 645 51
313 655 47
313 659 25
313 674 18
313 678 36
313 692 43
313 698 4
313 705 46
313 714 76
313 718 27
313 719 66
313 725 37
313 742 98
313 756 38
313 760 44
313 765 79
313 783 56
313 792 23
313 799 12
313 802 16
313 806 38
313 807 38
313 817 50
313 820 22
313 835 8
313 843 34
313 845 96
313 863 37
313 865 25
313 870 23
313 886 9
313 941 33
313 946 74
313 950 87
313 953 61
313 960 7
313 991 44
314 317 64
314 320 35
314 330 84
314 332 36
314 341 69
314 347 94
314 350 94
314 358 47
314 363 96
314 366 5
314 374 95
314 394 6
314 398 53
314 407 100
314 411 89
314 412 71
314 417 84
314 424 73
314 426 2
314 431 26
314 439 30
314 448 51
314 457 87
314 472 41
314 486 53
314 488 82
314 495 21
314 501 9
314 510 59
314 534 38
314 553 36
314 563 19
314 565 84
314 566 6
314 568 78
314 577 28
314 583 19
314 584 81
314 588 74
314 603 86
314 606 93
314 612 23
314 613 96
314 626 70
314 629 95
314 630 88
314 632 10
314 635 59
314 641 100
314 644 30
314 667 28
314 669 61
314 691 12
314 696 43
314 699 41
314 701 25
314 703 92
314 704 94
314 708 47
314 731 20
314 733 83
314 739 100
314 745 8
314 773 72
314 794 40
314 795 23
314 810 84
314 813 70
314 822 95
314 824 79
314 826 91
314 828 47
314 857 25
314 867 28
314 872 35
314 887 76
314 889 14
314 897 30
314 899 29
314 907 88
314 914 24
314 930 47
314 952 30
314 959 63
314 962 72
314 964 88
314 970 40
314 984 94
314 990 85
314 993 14
315 325 53
315 353 17
315 357 54
315 382 73
315 383 64
315 397 40
315 399 72
315 409 22
315 411 14
315 433 33
315 435 53
315 436 25
315 454 48
315 456 78
315 484 90
315 511 86
315 513 89
315 515 72
315 516 5
315 535 10
315 540 5
315 546 11
315 567 1
315 572 89
315 577 26
315 582 59
315 585 95
315 604 48
315 607 2
315 614 80
315 618 47
315 620 37
315 627 41
315 628 12
315 640 43
315 647 47
315 648 69
315 651 66
315 652 59
315 656 15
315 658 67
315 666 13
315 670 92
315 673 89
315 676 70
315 679 95
315 683 60
315 700 99
315 721 12
315 722 73
315 735 41
315 736 68
315 754 58
315 759 51
315 781 57
315 784 56
315 786 14
315 800 4
315 805 19
315 809 28
315 814 5
315 816 30
315 830 52
315 841 62
315 847 51
315 851 32
315 853 64
315 854 39
315 869 60
315 881 33
315 895 31
315 902 46
315 922 17
315 924 70
315 925 20
315 931 20
315 965 7
315 976 64
315 980 92
315 981 50
315 985 20
316 339 70
316 340 53
316 346 77
316 354 84
316 368 67
316 381 73
316 390 17
316 396 85
316 445 13
316 452 16
316 460 94
316 481 53
316 485 56
316 512 12
316 518 19
316 523 52
316 531 97
316 550 48
316 557 44
316 576 88
316 589 99
316 591 49
316 593 37
316 596 64
316 608 38
316 609 64
316 611 97
316 615 5
316 617 22
316 655 82
316 659 69
316 678 91
316 692 7
316 698 69
316 705 7
316 714 69
316 718 90
316 719 51
316 742 84
316 756 77
316 760 67
316 781 68
316 783 39
316 792 30
316 799 82
316 806 48
316 807 41
316 817 17
316 820 23
316 835 79
316 845 86
316 863 37
316 865 71
316 886 100
316 941 98
316 946 24
316 950 36
316 953 5
316 960 48
316 991 36
317 320 70
317 350 70
317 357 14
317 358 31
317 363 43
317 392 64
317 394 30
317 397 9
317 398 40
317 399 100
317 409 13
317 411 10
317 417 18
317 426 7
317 436 37
317 438 25
317 448 66
317 474 61
317 484 62
317 486 9
317 510 90
317 515 27
317 516 57
317 535 6
317 556 20
317 563 88
317 565 18
317 566 85
317 568 37
317 572 91
317 577 92
317 581 49
317 582 51
317 584 15
317 585 7
317 603 32
317 606 12
317 607 24
317 610 91
317 612 44
317 618 60
317 620 35
317 624 85
317 626 38
317 630 49
317 632 80
317 635 21
317 652 31
317 673 49
317 676 43
317 679 97
317 703 63
317 704 19
317 710 90
317 712 4
317 721 8
317 727 41
317 733 78
317 736 26
317 749 90
317 773 92
317 794 80
317 795 88
317 800 7
317 805 14
317 810 61
317 814 82
317 822 36
317 826 55
317 867 65
317 872 90
317 887 20
317 897 36
317 907 37
317 914 88
317 925 68
317 930 79
317 964 84
317 977 48
317 990 24
317 993 72
318 331 78
318 334 55
318 343 24
318 362 80
318 367 85
318 373 67
318 375 52
318 378 39
318 385 50
318 403 100
318 405 54
318 406 97
318 414 65
318 415 34
318 419 40
318 422 75
318 425 24
318 428 84
318 434 52
318 444 69
318 449 93
318 455 59
318 465 80
318 471 79
318 490 86
318 499 78
318 502 16
318 504 88
318 520 31
318 522 48
318 575 42
318 586 19
318 592 84
318 623 29
318 643 55
318 663 73
318 711 36
318 715 16
318 723 98
318 726 22
318 741 14
318 744 62
318 752 42
318 755 75
318 757 66
318 758 85
318 763 23
318 770 44
318 771 46
318 779 10
318 787 83
318 791 74
318 831 21
318 837 13
318 844 64
318 849 34
318 860 81
318 862 82
318 871 100
318 880 89
318 888 48
318 901 20
318 908 71
318 929 60
318 933 98
318 934 79
318 939 90
318 940 23
318 943 55
318 945 69
318 957 75
318 969 65
318 979 35
318 983 91
318 992 95
318 995 58
319 320 77
319 333 53
319 337 99
319 342 14
319 359 13
319 366 33
319 369 99
319 376 3
319 377 88
319 388 72
319 392 30
319 393 86
319 401 60
319 407 80
319 411 49
319 417 85
319 426 74
319 436 63
319 447 48
319 474 89
319 475 79
319 486 67
319 495 6
319 509 58
319 519 49
319 530 75
319 541 10
319 542 55
319 553 70
319 555 79
319 565 62
319 570 27
319 583 47
319 584 67
319 592 8
319 621 36
319 624 57
319 629 87
319 630 32
319 632 29
319 633 73
319 635 100
319 646 21
319 654 24
319 662 77
319 681 59
319 684 13
319 686 52
319 699 9
319 704 13
319 709 97
319 710 78
319 716 99
319 727 77
319 732 94
319 740 11
319 761 53
319 762 68
319 785 6
319 795 45
319 798 9
319 804 80
319 810 29
319 811 59
319 813 81
319 826 90
319 828 50
319 836 42
319 840 80
319 859 27
319 868 94
319 872 53
319 874 57
319 876 71
319 887 77
319 889 96
319 890 31
319 897 50
319 905 83
319 906 100
319 907 74
319 918 35
319 921 56
319 928 96
319 930 76
319 935 56
319 936 84
319 958 19
319 959 53
319 962 92
319 964 18
319 972 62
319 975 68
319 977 60
319 982 94
320 357 14
320 388 51
320 392 70
320 394 94
320 398 46
320 399 51
320 407 22
320 411 19
320 417 8
320 426 11
320 433 20
320 436 75
320 474 66
320 486 98
320 495 44
320 510 94
320 511 34
320 515 54
320 516 96
320 535 70
320 553 1
320 555 10
320 565 98
320 566 84
320 572 86
320 577 59
320 582 6
320 583 73
320 584 29
320 585 15
320 606 93
320 607 75
320 618 40
320 620 63
320 624 63
320 630 74
320 632 50
320 635 45
320 638 90
320 646 74
320 652 97
320 673 8
320 676 56
320 679 73
320 699 2
320 703 11
320 704 48
320 710 78
320 721 91
320 722 42
320 727 85
320 733 61
320 736 73
320 761 58
320 762 1
320 773 9
320 795 86
320 805 1
320 810 69
320 811 49
320 813 73
320 822 89
320 826 79
320 836 35
320 872 27
320 887 54
320 889 83
320 890 10
320 897 74
320 907 23
320 925 49
320 930 66
320 936 73
320 964 15
320 972 73
320 977 15
320 980 84
320 993 4
321 323 22
321 328 48
321 336 80
321 372 27
321 389 33
321 416 40
321 421 84
321 430 47
321 432 7
321 441 34
321 442 44
321 446 11
321 450 50
321 451 100
321 462 28
321 463 94
321 477 25
321 500 99
321 517 87
321 533 76
321 539 6
321 552 99
321 554 49
321 574 1
321 578 45
321 594 83
321 595 27
321 598 11
321 601 26
321 602 51
321 619 68
321 664 15
321 675 70
321 743 61
321 751 41
321 753 100
321 790 86
321 796 9
321 803 86
321 815 51
321 825 26
321 842 28
321 864 53
321 878 70
321 885 95
321 911 47
321 915 13
321 917 7
321 926 96
321 978 54
321 987 8
322 324 27
322 332 97
322 333 22
322 337 59
322 344 50
322 364 15
322 365 12
322 366 80
322 379 44
322 380 26
322 387 33
322 402 39
322 410 69
322 426 96
322 431 18
322 443 91
322 453 99
322 459 28
322 461 67
322 464 89
322 472 41
322 473 86
322 475 98
322 479 72
322 486 59
322 487 45
322 488 96
322 492 95
322 495 14
322 497 46
322 508 6
322 514 90
322 530 31
322 532 60
322 536 85
322 538 33
322 543 22
322 545 22
322 549 52
322 553 7
322 583 89
322 613 35
322 629 44
322 636 31
322 637 51
322 644 17
322 654 74
322 669 94
322 682 38
322 686 26
322 694 81
322 696 4
322 697 97
322 699 1
322 708 80
322 709 90
322 717 77
322 724 27
322 730 41
322 731 5
322 769 100
322 774 81
322 777 38
322 780 8
322 785 29
322 787 41
322 797 76
322 798 69
322 804 23
322 813 25
322 828 34
322 838 76
322 840 35
322 855 66
322 859 56
322 868 61
322 889 30
322 893 71
322 894 75
322 896 71
322 906 95
322 918 4
322 920 6
322 928 86
322 942 81
322 944 82
322 949 50
322 955 10
322 959 52
322 961 37
322 962 51
322 963 29
322 967 31
322 968 37
322 969 71
322 970 23
322 975 17
322 982 10
322 984 88
322 988 96
322 997 22
322 999 47
323 329 6
323 336 43
323 351 63
323 362 97
323 375 10
323 377 45
323 378 71
323 386 40
323 389 18
323 393 39
323 395 98
323 406 78
323 413 64
323 415 26
323 416 7
323 421 52
323 422 70
323 425 100
323 427 40
323 432 91
323 437 85
323 441 32
323 442 10
323 449 76
323 451 41
323 462 72
323 463 84
323 465 13
323 467 62
323 470 28
323 477 78
323 500 43
323 517 94
323 533 33
323 539 85
323 541 95
323 552 87
323 573 11
323 574 18
323 594 70
323 595 78
323 598 39
323 601 93
323 634 83
323 642 97
323 653 31
323 664 83
323 668 6
323 675 35
323 688 24
323 711 15
323 743 30
323 746 7
323 751 12
323 753 92
323 757 12
323 766 32
323 771 64
323 772 69
323 796 21
323 803 24
323 812 62
323 815 18
323 825 68
323 831 40
323 842 100
323 849 50
323 864 74
323 878 87
323 884 8
323 885 66
323 901 73
323 911 99
323 915 16
323 917 31
323 923 15
323 926 34
323 933 99
323 934 66
323 957 90
323 973 14
323 987 60
323 995 10
324 331 82
324 333 61
324 337 57
324 342 4
324 343 54
324 344 24
324 359 60
324 365 93
324 367 45
324 373 93
324 375 12
324 376 16
324 385 55
324 387 11
324 403 45
324 405 60
324 410 84
324 414 84
324 443 67
324 444 98
324 447 36
324 464 80
324 473 55
324 475 17
324 479 49
324 492 84
324 497 40
324 499 31
324 503 58
324 514 67
324 520 49
324 530 32
324 532 26
324 543 29
324 592 96
324 621 15
324 633 45
324 636 73
324 637 65
324 643 69
324 654 61
324 662 15
324 681 82
324 682 28
324 686 1
324 694 22
324 697 66
324 709 79
324 716 22
324 717 65
324 724 65
324 726 64
324 730 72
324 737 29
324 752 12
324 758 79
324 770 22
324 774 54
324 777 100
324 779 57
324 780 51
324 785 77
324 787 3
324 791 52
324 797 47
324 798 11
324 804 43
324 838 83
324 840 1
324 844 54
324 859 68
324 860 36
324 862 8
324 868 51
324 880 48
324 882 75
324 883 83
324 891 53
324 893 31
324 894 81
324 906 56
324 908 55
324 909 58
324 918 3
324 921 88
324 928 16
324 939 32
324 942 11
324 944 18
324 945 48
324 949 32
324 958 38
324 961 38
324 962 29
324 967 78
324 968 77
324 969 97
324 975 84
324 982 95
324 992 5
324 999 71
325 338 99
325 346 58
325 353 79
325 357 51
325 360 1
325 382 68
325 388 97
325 390 25
325 411 9
325 433 74
325 435 73
325 436 100
325 452 58
325 456 30
325 474 47
325 484 78
325 511 60
325 512 17
325 515 6
325 516 75
325 527 31
325 531 96
325 540 93
325 544 87
325 546 2
325 555 74
325 557 72
325 560 8
325 561 47
325 567 67
325 572 7
325 582 28
325 585 55
325 607 55
325 614 95
325 617 56
325 620 9
325 624 91
325 628 61
325 638 100
325 647 100
325 648 5
325 651 61
325 652 11
325 656 61
325 658 19
325 660 16
325 666 70
325 676 43
325 679 17
325 680 50
325 685 68
325 698 36
325 700 26
325 702 14
325 710 14
325 721 17
325 722 65
325 727 85
325 729 25
325 735 33
325 750 6
325 754 76
325 759 6
325 761 72
325 781 17
325 786 100
325 788 61
325 792 23
325 793 86
325 805 11
325 811 42
325 816 95
325 827 58
325 830 7
325 841 80
325 854 60
325 869 86
325 881 15
325 886 71
325 895 12
325 922 50
325 925 58
325 932 32
325 936 29
325 960 31
325 964 17
325 972 94
325 977 39
325 980 2
325 985 95
326 349 53
326 364 11
326 400 10
326 404 50
326 429 43
326 458 4
326 459 47
326 487 2
326 505 93
326 508 37
326 529 24
326 547 14
326 580 37
326 639 95
326 661 32
326 671 24
326 689 28
326 728 20
326 767 100
326 775 98
326 776 17
326 801 59
326 834 89
326 850 87
326 852 40
326 855 30
326 858 52
326 896 85
326 910 59
326 920 97
326 974 6
326 988 88
326 989 31
326 997 2
327 352 67
327 360 86
327 361 71
327 368 69
327 371 14
327 372 91
327 381 53
327 386 14
327 389 30
327 396 95
327 408 84
327 418 54
327 423 27
327 430 97
327 432 24
327 442 95
327 446 57
327 468 44
327 469 68
327 477 93
327 482 71
327 494 3
327 500 86
327 507 72
327 523 97
327 527 16
327 533 92
327 537 12
327 544 17
327 551 13
327 554 97
327 562 72
327 569 23
327 590 35
327 601 71
327 602 95
327 616 44
327 619 22
327 649 10
327 659 10
327 664 83
327 680 70
327 688 68
327 692 66
327 707 58
327 720 81
327 725 34
327 734 12
327 742 76
327 743 77
327 747 14
327 765 12
327 766 84
327 782 99
327 790 84
327 799 59
327 803 90
327 807 6
327 815 79
327 820 69
327 821 37
327 832 2
327 843 70
327 856 18
327 861 41
327 866 11
327 875 41
327 892 45
327 904 46
327 912 66
327 915 85
327 927 85
327 946 60
327 978 77
327 991 51
327 998 84
328 336 17
328 372 38
328 389 23
328 416 97
328 430 29
328 432 68
328 442 10
328 446 24
328 450 30
328 477 70
328 500 95
328 539 58
328 554 1
328 578 87
328 590 40
328 595 37
328 598 82
328 601 72
328 602 65
328 619 32
328 675 93
328 743 96
328 751 74
328 753 4
328 790 97
328 803 35
328 825 16
328 842 54
328 878 94
328 885 66
328 911 51
328 915 28
328 917 5
328 926 19
328 987 36
329 351 31
329 359 84
329 362 5
329 367 13
329 369 79
329 375 93
329 377 97
329 378 65
329 386 6
329 389 93
329 393 76
329 395 24
329 406 60
329 414 96
329 415 47
329 416 42
329 421 79
329 422 54
329 425 95
329 427 51
329 428 48
329 432 68
329 437 54
329 441 78
329 449 9
329 451 66
329 462 66
329 463 88
329 465 76
329 467 50
329 470 28
329 471 50
329 477 4
329 490 12
329 499 29
329 500 5
329 517 71
329 519 3
329 533 52
329 537 56
329 539 92
329 541 44
329 552 91
329 574 28
329 592 12
329 594 50
329 598 29
329 621 18
329 634 64
329 642 1
329 653 67
329 668 9
329 675 54
329 688 36
329 711 25
329 716 5
329 740 81
329 741 19
329 746 47
329 751 99
329 753 16
329 757 38
329 766 93
329 770 34
329 771 89
329 772 16
329 803 86
329 815 58
329 825 95
329 831 80
329 842 95
329 849 53
329 862 7
329 864 100
329 876 56
329 880 27
329 884 67
329 885 11
329 888 61
329 901 97
329 908 23
329 915 96
329 926 50
329 933 87
329 934 46
329 945 44
329 957 94
329 973 73
329 995 89
330 335 88
330 341 99
330 347 85
330 350 96
330 358 18
330 363 76
330 370 14
330 374 7
330 394 64
330 412 72
330 420 61
330 424 63
330 439 82
330 448 66
330 457 30
330 491 5
330 493 53
330 498 78
330 501 22
330 525 42
330 534 94
330 563 85
330 568 15
330 588 39
330 600 2
330 603 68
330 606 59
330 626 27
330 641 55
330 657 25
330 665 74
330 667 69
330 672 42
330 691 43
330 693 65
330 701 58
330 703 67
330 708 98
330 731 38
330 733 37
330 739 100
330 745 25
330 794 19
330 824 18
330 829 75
330 857 57
330 867 79
330 899 14
330 903 12
330 914 28
330 951 70
330 952 71
330 990 92
330 996 91
331 343 85
331 362 9
331 367 82
331 373 97
331 378 76
331 385 33
331 403 6
331 405 99
331 414 16
331 419 20
331 425 20
331 428 55
331 443 35
331 444 6
331 447 20
331 490 24
331 497 58
331 499 39
331 502 87
331 503 77
331 520 92
331 543 26
331 575 39
331 586 19
331 592 27
331 636 91
331 643 26
331 711 98
331 723 66
331 726 13
331 741 27
331 744 83
331 752 60
331 758 7
331 770 8
331 779 53
331 787 92
331 791 82
331 837 59
331 844 28
331 860 70
331 862 49
331 871 4
331 880 73
331 882 2
331 883 3
331 888 94
331 891 74
331 893 39
331 894 72
331 908 38
331 909 78
331 929 87
331 934 17
331 939 57
331 943 73
331 945 17
331 949 94
331 958 78
331 961 84
331 969 53
331 979 34
331 992 35
332 333 72
332 337 54
332 344 82
332 350 58
332 364 27
332 365 46
332 366 32
332 374 67
332 379 91
332 380 76
332 384 24
332 387 31
332 398 52
332 402 2
332 407 21
332 424 73
332 426 11
332 431 23
332 439 62
332 453 51
332 464 76
332 472 37
332 473 27
332 475 48
332 479 67
332 486 26
332 487 16
332 488 52
332 495 69
332 498 65
332 514 13
332 532 93
332 536 67
332 538 48
332 545 15
332 549 76
332 553 98
332 583 53
332 584 93
332 588 31
332 606 19
332 613 63
332 629 11
332 635 73
332 637 95
332 644 73
332 654 92
332 667 91
332 669 23
332 682 51
332 686 98
332 696 98
332 699 89
332 703 63
332 708 67
332 709 92
332 717 16
332 730 45
332 731 35
332 733 84
332 739 58
332 769 35
332 773 21
332 777 37
332 785 3
332 795 67
332 797 48
332 798 47
332 813 49
332 826 27
332 828 50
332 829 41
332 838 49
332 855 70
332 857 64
332 859 7
332 867 75
332 872 50
332 887 39
332 889 67
332 896 77
332 897 13
332 899 20
332 906 9
332 918 11
332 920 62
332 928 5
332 955 44
332 959 18
332 962 33
332 963 40
332 968 69
332 970 73
332 982 74
332 984 93
333 337 75
333 342 11
333 344 34
333 359 7
333 365 61
333 366 41
333 367 45
333 376 97
333 380 93
333 387 58
333 402 10
333 403 77
333 407 33
333 443 85
333 444 81
333 447 57
333 464 41
333 472 51
333 473 11
333 475 5
333 479 47
333 486 13
333 492 100
333 495 66
333 497 67
333 509 92
333 514 12
333 519 28
333 520 90
333 530 98
333 532 99
333 536 50
333 543 55
333 553 98
333 583 95
333 592 93
333 613 3
333 621 86
333 629 51
333 633 18
333 636 45
333 637 29
333 644 33
333 646 71
333 654 47
333 662 66
333 669 55
333 681 18
333 682 41
333 686 62
333 694 79
333 696 67
333 697 92
333 699 28
333 709 20
333 716 14
333 717 26
333 724 55
333 730 49
333 740 63
333 752 90
333 758 20
333 769 95
333 774 83
333 777 9
333 780 31
333 785 33
333 787 46
333 797 9
333 798 80
333 804 93
333 813 63
333 828 61
333 838 55
333 840 95
333 859 58
333 860 13
333 862 4
333 868 20
333 883 15
333 889 63
333 893 18
333 894 58
333 906 2
333 918 15
333 921 37
333 928 26
333 942 7
333 949 41
333 958 54
333 959 84
333 961 76
333 962 1
333 967 94
333 968 47
333 969 93
333 975 13
333 982 99
333 984 100
333 992 54
333 999 61
334 362 6
334 378 73
334 406 5
334 413 56
334 414 22
334 415 92
334 421 69
334 422 85
334 425 26
334 427 10
334 428 17
334 434 73
334 441 35
334 449 17
334 455 33
334 463 6
334 465 52
334 471 15
334 483 31
334 490 53
334 496 67
334 499 5
334 502 79
334 504 41
334 522 88
334 573 21
334 575 22
334 586 89
334 623 69
334 643 90
334 663 88
334 675 82
334 711 25
334 715 37
334 726 66
334 741 80
334 744 82
334 755 76
334 763 7
334 764 1
334 779 100
334 796 67
334 812 32
334 831 79
334 833 6
334 837 52
334 844 85
334 846 98
334 849 83
334 864 79
334 871 99
334 877 17
334 888 95
334 900 11
334 901 54
334 908 100
334 923 98
334 926 21
334 933 13
334 934 29
334 940 24
334 943 88
334 945 86
334 957 49
334 979 19
334 983 36
334 986 10
334 987 100
334 995 93
335 347 97
335 349 100
335 370 1
335 374 52
335 379 14
335 384 83
335 400 3
335 404 6
335 412 18
335 420 4
335 424 78
335 439 17
335 453 67
335 457 13
335 487 4
335 488 7
335 493 91
335 498 20
335 534 62
335 538 23
335 545 88
335 547 87
335 549 30
335 588 64
335 600 57
335 641 96
335 657 31
335 661 40
335 672 42
335 691 32
335 693 91
335 701 12
335 731 60
335 739 25
335 745 68
335 775 39
335 801 22
335 829 3
335 834 17
335 850 64
335 852 72
335 857 6
335 858 50
335 879 20
335 899 21
335 951 39
335 952 38
335 963 59
336 389 3
336 413 8
336 416 96
336 421 23
336 432 52
336 441 30
336 442 10
336 450 25
336 451 54
336 463 21
336 477 35
336 500 56
336 517 40
336 539 39
336 574 22
336 578 83
336 579 60
336 594 71
336 595 2
336 598 93
336 601 21
336 602 51
336 675 34
336 743 99
336 751 44
336 753 68
336 790 33
336 796 13
336 803 63
336 825 85
336 842 85
336 864 84
336 878 42
336 885 60
336 911 85
336 915 26
336 917 38
336 926 100
336 987 82
337 342 10
337 344 11
337 365 47
337 366 63
337 367 31
337 376 15
337 380 49
337 387 90
337 402 51
337 403 19
337 407 80
337 410 98
337 443 100
337 444 18
337 447 97
337 464 39
337 472 60
337 473 31
337 475 4
337 479 50
337 486 52
337 492 49
337 495 6
337 497 65
337 509 87
337 514 70
337 520 95
337 530 39
337 532 100
337 536 9
337 543 29
337 553 46
337 583 47
337 592 46
337 613 7
337 621 86
337 629 6
337 633 42
337 636 38
337 637 69
337 644 79
337 646 100
337 654 6
337 662 39
337 669 64
337 681 29
337 682 81
337 686 8
337 694 67
337 696 61
337 697 19
337 699 89
337 709 83
337 717 2
337 724 44
337 730 87
337 752 76
337 758 89
337 769 51
337 774 70
337 777 56
337 780 86
337 785 5
337 787 75
337 797 78
337 798 94
337 804 54
337 813 25
337 828 40
337 838 1
337 840 33
337 855 49
337 859 1
337 860 70
337 862 76
337 868 74
337 883 38
337 889 50
337 893 49
337 894 65
337 906 40
337 909 67
337 918 46
337 921 37
337 928 84
337 942 7
337 944 1
337 949 16
337 955 20
337 958 21
337 959 25
337 961 11
337 962 1
337 967 29
337 968 78
337 969 99
337 970 23
337 975 67
337 982 66
337 984 97
337 992 75
337 999 85
338 346 6
338 352 73
338 360 40
338 388 12
338 390 74
338 396 26
338 401 35
338 423 41
338 433 52
338 435 54
338 436 75
338 452 45
338 474 5
338 511 77
338 512 48
338 523 24
338 527 31
338 537 13
338 540 91
338 542 56
338 544 72
338 555 59
338 557 26
338 560 14
338 561 56
338 567 21
338 570 42
338 582 47
338 593 60
338 614 34
338 617 19
338 628 29
338 638 87
338 647 56
338 648 99
338 649 29
338 656 17
338 660 37
338 666 47
338 676 88
338 680 62
338 684 69
338 685 73
338 702 32
338 710 6
338 722 76
338 729 53
338 735 61
338 747 95
338 750 99
338 754 77
338 759 99
338 761 62
338 781 83
338 786 25
338 788 65
338 792 85
338 793 36
338 799 79
338 805 46
338 811 46
338 816 19
338 817 50
338 820 67
338 821 37
338 827 49
338 841 37
338 843 39
338 861 26
338 886 12
338 904 3
338 922 16
338 925 47
338 927 95
338 932 90
338 935 29
338 936 46
338 946 98
338 956 78
338 960 93
338 966 63
338 972 30
338 980 92
338 998 17
339 340 67
339 361 32
339 368 85
339 381 24
339 408 79
339 445 26
339 460 32
339 481 85
339 485 66
339 518 86
339 526 84
339 551 35
339 562 6
339 569 30
339 576 76
339 591 78
339 596 87
339 608 25
339 609 72
339 611 45
339 615 19
339 645 69
339 655 88
339 659 23
339 674 41
339 677 4
339 678 74
339 692 84
339 705 100
339 714 57
339 718 60
339 742 26
339 756 82
339 760 15
339 783 99
339 802 56
339 806 4
339 823 20
339 845 62
339 865 68
339 870 6
339 941 62
339 947 71
339 948 43
339 950 2
339 953 25
339 991 82
340 361 91
340 368 71
340 381 85
340 396 90
340 408 86
340 418 96
340 445 31
340 460 74
340 468 30
340 469 75
340 481 4
340 485 32
340 494 18
340 518 11
340 523 4
340 526 49
340 551 93
340 562 6
340 569 90
340 576 3
340 591 66
340 593 69
340 596 44
340 608 50
340 609 40
340 615 51
340 645 33
340 655 42
340 659 62
340 674 48
340 677 39
340 678 22
340 692 10
340 705 39
340 707 56
340 714 56
340 718 70
340 720 98
340 725 13
340 734 40
340 742 23
340 756 93
340 760 28
340 765 35
340 782 52
340 783 89
340 799 65
340 802 64
340 806 31
340 807 72
340 817 70
340 820 99
340 823 76
340 832 61
340 845 61
340 856 46
340 865 95
340 870 4
340 875 7
340 892 92
340 941 76
340 946 100
340 947 20
340 948 35
340 950 70
340 953 41
340 991 79
341 347 41
341 350 3
341 355 33
341 356 73
341 358 91
341 363 86
341 374 24
341 394 35
341 398 4
341 412 31
341 438 58
341 439 4
341 440 79
341 448 50
341 457 89
341 466 40
341 478 38
341 491 6
341 501 32
341 525 98
341 534 17
341 563 32
341 568 88
341 603 52
341 606 33
341 610 65
341 612 47
341 626 43
341 641 82
341 657 59
341 665 94
341 667 31
341 687 61
341 691 28
341 693 73
341 701 29
341 703 21
341 733 55
341 739 12
341 745 11
341 749 64
341 773 46
341 789 15
341 794 4
341 822 86
341 824 9
341 848 70
341 857 1
341 867 8
341 899 47
341 903 68
341 914 50
341 916 37
341 951 8
341 952 43
341 990 89
341 993 81
341 996 5
342 359 27
342 367 40
342 369 44
342 375 44
342 376 97
342 377 1
342 392 82
342 393 62
342 395 36
342 401 83
342 407 26
342 437 3
342 447 4
342 474 9
342 475 66
342 486 26
342 495 8
342 509 65
342 519 95
342 530 77
342 541 20
342 542 91
342 553 64
342 555 99
342 570 34
342 583 84
342 592 59
342 621 88
342 629 87
342 630 48
342 633 71
342 634 10
342 642 68
342 646 97
342 653 96
342 654 56
342 662 20
342 681 48
342 684 29
342 686 84
342 699 30
342 709 9
342 710 42
342 716 54
342 717 100
342 727 100
342 732 87
342 740 56
342 752 9
342 762 58
342 785 90
342 787 5
342 798 84
342 804 1
342 810 83
342 811 18
342 813 3
342 828 80
342 836 36
342 840 39
342 859 10
342 862 73
342 868 24
342 872 38
342 874 70
342 876 72
342 880 27
342 887 42
342 889 44
342 890 78
342 893 28
342 897 45
342 905 15
342 906 20
342 907 74
342 918 85
342 921 50
342 928 10
342 935 47
342 958 73
342 959 71
342 962 26
342 973 32
342 975 30
342 977 17
342 982 77
342 992 19
343 362 37
343 367 91
343 373 33
343 385 97
343 403 41
343 405 29
343 414 1
343 419 65
343 425 36
343 428 20
343 443 99
343 444 34
343 490 28
343 497 11
343 499 99
343 502 46
343 503 60
343 520 72
343 543 82
343 575 12
343 586 42
343 643 92
343 711 19
343 723 94
343 726 84
343 741 42
343 744 16
343 752 10
343 758 17
343 770 45
343 779 78
343 787 20
343 791 49
343 837 20
343 844 58
343 860 81
343 871 89
343 880 97
343 882 32
343 883 40
343 888 92
343 893 3
343 894 29
343 908 72
343 909 35
343 929 19
343 934 95
343 939 91
343 943 76
343 945 43
343 949 8
343 969 24
343 979 79
343 992 48
344 364 37
344 365 80
344 366 2
344 379 40
344 380 3
344 387 77
344 402 52
344 410 72
344 426 97
344 431 89
344 443 99
344 453 55
344 459 45
344 461 84
344 464 21
344 472 98
344 473 90
344 475 36
344 479 7
344 486 51
344 487 7
344 488 40
344 492 63
344 495 96
344 498 30
344 508 52
344 514 75
344 530 91
344 532 57
344 536 97
344 538 2
344 543 4
344 545 77
344 549 43
344 553 91
344 584 21
344 613 97
344 629 23
344 636 38
344 637 78
344 644 10
344 654 48
344 667 76
344 669 66
344 682 90
344 686 26
344 694 95
344 696 54
344 697 54
344 699 35
344 708 28
344 709 30
344 717 23
344 724 73
344 730 95
344 731 1
344 769 56
344 774 35
344 777 27
344 780 71
344 785 49
344 795 68
344 797 73
344 798 82
344 804 100
344 813 56
344 828 32
344 829 76
344 838 55
344 855 46
344 859 7
344 889 17
344 893 43
344 896 62
344 906 41
344 918 42
344 920 77
344 928 100
344 942 89
344 944 51
344 955 28
344 959 70
344 961 86
344 962 38
344 963 12
344 967 27
344 968 25
344 970 11
344 975 27
344 982 51
344 984 88
344 988 99
344 989 51
344 997 15
344 999 43
345 348 64
345 356 99
345 391 44
345 397 84
345 438 33
345 454 79
345 476 68
345 478 42
345 480 83
345 489 74
345 506 38
345 521 64
345 524 59
345 528 67
345 548 73
345 556 20
345 558 19
345 559 31
345 564 11
345 571 57
345 587 78
345 599 81
345 605 59
345 622 62
345 631 98
345 640 93
345 690 23
345 695 36
345 706 63
345 712 20
345 713 84
345 738 33
345 748 92
345 749 40
345 768 70
345 778 31
345 789 59
345 808 1
345 818 41
345 819 19
345 839 45
345 848 25
345 873 27
345 898 5
345 913 9
345 916 88
345 919 22
345 931 60
345 937 90
345 938 100
345 954 88
345 971 17
346 352 75
346 354 46
346 360 100
346 390 57
346 396 20
346 433 96
346 435 83
346 452 10
346 511 18
346 512 82
346 518 13
346 523 75
346 531 98
346 540 3
346 550 96
346 557 100
346 560 53
346 567 53
346 589 88
346 593 53
346 614 95
346 617 94
346 628 15
346 647 49
346 648 14
346 651 2
346 656 88
346 658 48
346 660 23
346 666 89
346 670 30
346 680 36
346 685 22
346 698 39
346 700 67
346 714 70
346 719 54
346 722 53
346 735 68
346 750 25
346 754 46
346 756 75
346 759 83
346 781 74
346 783 28
346 786 9
346 788 29
346 792 36
346 793 5
346 816 42
346 817 38
346 820 22
346 827 6
346 830 53
346 835 8
346 841 52
346 843 55
346 845 45
346 851 42
346 854 45
346 863 1
346 886 77
346 922 85
346 932 64
346 941 37
346 946 44
346 953 73
346 960 49
346 976 89
346 980 99
347 349 10
347 350 13
347 358 12
347 363 16
347 366 91
347 370 74
347 374 2
347 379 67
347 384 57
347 394 48
347 398 83
347 412 42
347 420 64
347 424 69
347 426 1
347 431 55
347 439 96
347 448 12
347 453 18
347 457 71
347 488 38
347 491 9
347 493 66
347 498 80
347 501 42
347 525 85
347 534 96
347 538 25
347 549 77
347 563 34
347 568 61
347 584 39
347 588 44
347 600 16
347 603 15
347 606 25
347 613 45
347 626 86
347 635 100
347 641 4
347 657 74
347 667 42
347 669 50
347 672 38
347 691 18
347 693 44
347 696 79
347 701 1
347 703 56
347 708 72
347 731 26
347 733 4
347 739 53
347 745 19
347 773 87
347 794 76
347 795 40
347 824 66
347 826 25
347 829 18
347 857 32
347 867 91
347 899 91
347 903 2
347 914 75
347 951 17
347 952 90
347 963 40
347 970 42
347 984 71
347 990 85
347 996 1
348 356 58
348 391 50
348 397 69
348 399 78
348 409 23
348 438 96
348 454 73
348 466 26
348 476 20
348 478 24
348 480 23
348 484 30
348 489 75
348 506 21
348 513 47
348 515 79
348 521 6
348 524 72
348 528 50
348 535 18
348 548 60
348 556 65
348 558 71
348 559 15
348 564 66
348 571 43
348 581 36
348 587 35
348 597 40
348 599 52
348 604 70
348 605 23
348 610 43
348 618 58
348 622 39
348 631 11
348 640 72
348 673 88
348 683 40
348 687 95
348 690 30
348 695 63
348 712 20
348 713 31
348 736 15
348 738 63
348 748 69
348 749 57
348 768 42
348 778 51
348 784 91
348 789 32
348 800 24
348 808 85
348 814 43
348 818 9
348 819 84
348 822 51
348 839 89
348 848 97
348 853 87
348 873 63
348 898 7
348 913 67
348 916 25
348 919 62
348 931 69
348 937 14
348 938 25
348 954 7
348 971 24
348 993 60
349 364 50
349 370 88
349 379 58
349 380 1
349 384 11
349 400 13
349 402 97
349 404 90
349 412 47
349 420 47
349 424 85
349 453 68
349 458 96
349 472 48
349 487 59
349 488 86
349 493 8
349 498 17
349 505 18
349 529 36
349 536 35
349 538 90
349 545 85
349 547 52
349 549 83
349 588 67
349 600 94
349 613 65
349 639 98
349 641 3
349 661 89
349 669 39
349 671 98
349 672 66
349 689 69
349 691 35
349 693 14
349 696 18
349 731 1
349 739 68
349 767 69
349 769 35
349 775 85
349 776 9
349 801 7
349 829 100
349 834 22
349 850 72
349 852 84
349 855 68
349 857 74
349 858 65
349 879 71
349 896 79
349 899 22
349 920 72
349 963 53
349 970 99
349 974 24
349 988 75
349 989 14
349 997 45
350 358 86
350 363 11
350 366 88
350 374 57
350 379 7
350 394 87
350 398 17
350 412 1
350 417 4
350 424 94
350 426 68
350 431 9
350 439 75
350 448 87
350 453 71
350 457 37
350 472 45
350 486 61
350 488 95
350 495 50
350 501 19
350 510 4
350 525 90
350 534 96
350 549 92
350 553 74
350 563 31
350 565 10
350 566 24
350 568 6
350 584 67
350 588 10
350 603 22
350 606 22
350 612 26
350 613 71
350 626 85
350 629 10
350 630 91
350 635 92
350 641 36
350 644 3
350 657 75
350 665 87
350 667 1
350 669 7
350 691 12
350 693 52
350 696 41
350 699 67
350 701 53
350 703 95
350 704 21
350 708 57
350 731 78
350 733 42
350 739 64
350 745 7
350 773 54
350 794 47
350 795 20
350 810 78
350 822 17
350 824 80
350 826 7
350 828 79
350 857 95
350 867 50
350 872 28
350 887 84
350 889 11
350 897 40
350 899 24
350 903 28
350 914 88
350 930 46
350 951 57
350 952 53
350 959 89
350 970 71
350 984 72
350 990 19
350 993 30
351 359 89
351 362 66
351 369 61
351 371 19
351 375 99
351 377 32
351 378 16
351 386 87
351 389 9
351 393 34
351 395 83
351 401 21
351 414 64
351 415 51
351 416 96
351 421 10
351 422 16
351 425 51
351 432 22
351 437 8
351 451 67
351 462 43
351 463 41
351 465 98
351 467 95
351 470 40
351 477 75
351 500 27
351 517 7
351 519 39
351 533 83
351 537 80
351 539 6
351 541 98
351 542 21
351 552 48
351 570 10
351 574 95
351 592 26
351 594 97
351 621 76
351 634 31
351 642 18
351 649 91
351 653 91
351 664 40
351 668 6
351 675 65
351 684 50
351 688 23
351 711 46
351 716 78
351 732 42
351 740 71
351 746 43
351 753 30
351 757 47
351 766 68
351 771 18
351 772 30
351 803 89
351 815 44
351 821 90
351 842 52
351 861 18
351 862 35
351 866 33
351 874 10
351 876 74
351 880 61
351 884 80
351 885 15
351 901 23
351 904 48
351 905 37
351 915 85
351 933 100
351 935 34
351 956 93
351 966 52
351 973 88
351 978 85
351 995 72
351 998 38
352 360 38
352 368 25
352 371 78
352 381 95
352 386 46
352 389 56
352 390 56
352 396 11
352 408 100
352 418 41
352 423 21
352 468 92
352 482 60
352 494 66
352 507 53
352 523 76
352 527 19
352 533 81
352 537 24
352 540 17
352 544 23
352 557 90
352 560 87
352 561 2
352 569 43
352 593 2
352 616 56
352 617 88
352 638 60
352 649 87
352 659 5
352 660 97
352 664 36
352 666 12
352 678 73
352 680 46
352 685 78
352 688 89
352 692 49
352 702 42
352 707 42
352 714 6
352 722 81
352 725 78
352 729 17
352 735 50
352 747 27
352 750 54
352 759 4
352 761 41
352 765 67
352 766 92
352 783 73
352 786 88
352 788 68
352 790 90
352 792 61
352 793 86
352 799 41
352 807 24
352 816 56
352 817 4
352 820 49
352 821 89
352 827 14
352 841 73
352 843 23
352 861 73
352 866 61
352 875 2
352 892 76
352 904 89
352 912 97
352 922 80
352 927 59
352 932 44
352 941 46
352 946 100
352 956 56
352 960 81
352 966 95
352 978 93
352 998 3
353 357 54
353 382 16
353 383 24
353 397 78
353 399 7
353 409 89
353 433 65
353 435 20
353 454 13
353 456 93
353 484 87
353 511 21
353 513 23
353 515 45
353 516 57
353 535 35
353 546 96
353 567 3
353 572 62
353 582 37
353 585 21
353 597 20
353 604 42
353 607 27
353 614 31
353 618 18
353 620 62
353 627 21
353 628 6
353 640 63
353 647 72
353 648 73
353 651 33
353 652 43
353 656 5
353 658 49
353 670 18
353 673 22
353 676 92
353 679 84
353 683 83
353 700 22
353 721 8
353 754 80
353 759 7
353 781 52
353 784 26
353 805 33
353 809 92
353 814 93
353 816 31
353 818 75
353 819 32
353 830 46
353 841 59
353 847 86
353 851 14
353 853 55
353 854 4
353 869 25
353 881 30
353 895 5
353 902 11
353 922 93
353 924 37
353 925 77
353 931 1
353 965 73
353 976 96
353 981 69
353 985 93
354 390 55
354 396 52
354 452 82
354 485 14
354 512 4
354 518 57
354 523 30
354 531 28
354 550 76
354 557 60
354 560 39
354 567 60
354 589 14
354 593 74
354 596 17
354 611 52
354 614 16
354 615 66
354 617 79
354 628 62
354 647 93
354 648 59
354 651 52
354 656 98
354 658 47
354 670 65
354 678 13
354 698 22
354 700 30
354 714 35
354 719 99
354 735 59
354 754 32
354 756 54
354 759 79
354 781 53
354 783 9
354 786 37
354 788 65
354 792 60
354 806 86
354 816 40
354 817 40
354 820 29
354 827 45
354 830 48
354 835 68
354 841 28
354 845 42
354 851 79
354 854 4
354 863 50
354 865 69
354 886 32
354 922 71
354 941 7
354 946 92
354 953 44
354 960 88
354 976 40
355 356 40
355 358 50
355 363 10
355 438 89
355 440 93
355 466 59
355 478 95
355 480 98
355 489 76
355 491 87
355 501 49
355 506 37
355 521 58
355 525 80
355 548 99
355 558 60
355 559 77
355 568 70
355 610 54
355 612 13
355 626 48
355 665 3
355 687 91
355 738 74
355 749 42
355 789 37
355 794 15
355 824 27
355 848 8
355 903 65
355 914 91
355 916 27
355 919 96
355 996 74
356 358 91
356 363 82
356 391 36
356 397 32
356 438 32
356 440 90
356 466 68
356 476 84
356 478 65
356 480 49
356 489 5
356 491 53
356 506 49
356 521 16
356 525 51
356 528 27
356 548 29
356 556 8
356 558 77
356 559 81
356 581 4
356 610 46
356 612 20
356 618 72
356 631 38
356 640 8
356 665 44
356 687 18
356 690 25
356 712 88
356 736 89
356 738 35
356 748 53
356 749 88
356 778 53
356 789 33
356 794 71
356 800 85
356 808 7
356 814 4
356 819 96
356 822 67
356 839 48
356 848 85
356 913 40
356 914 57
356 916 7
356 919 76
356 931 23
356 938 7
356 954 89
356 993 7
356 996 47
357 382 66
357 388 65
357 392 77
357 394 60
357 397 60
357 398 78
357 399 93
357 409 41
357 411 27
357 417 33
357 433 95
357 435 34
357 436 73
357 438 36
357 456 97
357 474 98
357 484 77
357 510 44
357 511 40
357 515 47
357 516 42
357 535 1
357 540 97
357 556 22
357 565 27
357 566 85
357 572 3
357 577 80
357 581 39
357 582 21
357 585 88
357 607 56
357 618 28
357 620 55
357 624 23
357 630 98
357 632 20
357 635 30
357 638 51
357 652 51
357 666 66
357 673 68
357 676 35
357 679 79
357 704 5
357 710 51
357 712 55
357 721 10
357 722 26
357 727 84
357 736 20
357 761 60
357 762 5
357 773 32
357 800 44
357 805 74
357 810 18
357 814 51
357 822 5
357 826 74
357 869 44
357 872 92
357 887 78
357 895 71
357 897 7
357 907 44
357 925 79
357 930 44
357 936 9
357 964 65
357 972 33
357 977 73
357 980 55
357 985 77
357 993 68
358 363 66
358 374 15
358 394 82
358 398 29
358 399 47
358 412 14
358 438 28
358 439 85
358 440 69
358 448 68
358 457 16
358 466 85
358 478 56
358 491 17
358 501 57
358 506 80
358 510 10
358 525 86
358 534 67
358 535 75
358 556 79
358 558 28
358 563 17
358 566 55
358 568 34
358 581 62
358 603 84
358 606 85
358 610 83
358 612 23
358 618 53
358 626 92
358 641 54
358 657 14
358 665 31
358 687 85
358 691 96
358 701 47
358 703 12
358 712 3
358 733 99
358 736 28
358 738 94
358 745 20
358 749 60
358 773 78
358 789 96
358 794 11
358 800 83
358 814 46
358 822 47
358 824 87
358 826 97
358 848 38
358 867 58
358 903 1
358 914 87
358 916 30
358 951 29
358 952 81
358 990 100
358 993 57
358 996 46
359 362 11
359 367 65
359 369 6
359 373 26
359 375 36
359 376 40
359 377 28
359 378 52
359 385 55
359 393 82
359 395 70
359 401 32
359 403 55
359 414 96
359 415 40
359 425 47
359 437 82
359 444 52
359 447 49
359 467 84
359 470 65
359 475 16
359 490 83
359 499 83
359 509 23
359 519 38
359 520 43
359 530 4
359 541 5
359 542 48
359 583 51
359 592 88
359 621 5
359 633 56
359 634 17
359 642 58
359 646 71
359 653 53
359 654 16
359 662 1
359 668 20
359 681 35
359 684 57
359 686 11
359 711 7
359 716 20
359 726 61
359 732 40
359 740 75
359 746 28
359 752 47
359 757 10
359 758 46
359 770 42
359 771 93
359 772 26
359 785 16
359 787 79
359 798 83
359 804 41
359 836 40
359 840 24
359 844 44
359 859 72
359 860 22
359 862 37
359 868 28
359 874 94
359 876 2
359 880 33
359 884 97
359 890 61
359 893 16
359 894 4
359 901 42
359 905 62
359 908 37
359 918 39
359 921 33
359 928 84
359 933 1
359 934 74
359 945 47
359 958 22
359 969 60
359 973 82
359 975 46
359 982 34
359 992 58
359 995 84
360 371 61
360 386 53
360 388 74
360 390 3
360 396 76
360 401 31
360 423 54
360 433 31
360 435 79
360 437 22
360 474 74
360 511 73
360 523 85
360 527 51
360 533 100
360 537 96
360 540 51
360 542 81
360 544 71
360 555 57
360 557 26
360 560 93
360 561 1
360 570 59
360 614 80
360 617 49
360 634 93
360 638 64
360 649 34
360 656 1
360 660 28
360 664 88
360 666 94
360 676 56
360 680 65
360 684 18
360 685 40
360 688 97
360 702 93
360 710 52
360 722 100
360 725 15
360 729 63
360 735 6
360 747 47
360 750 32
360 759 33
360 761 94
360 766 83
360 786 3
360 788 27
360 792 100
360 793 34
360 799 41
360 811 100
360 816 67
360 821 28
360 827 34
360 836 55
360 841 22
360 843 37
360 861 61
360 866 9
360 874 98
360 890 22
360 904 77
360 905 92
360 912 66
360 922 46
360 925 87
360 927 39
360 932 56
360 935 19
360 936 27
360 956 26
360 960 14
360 966 76
360 972 36
360 978 7
360 980 43
360 998 34
361 368 90
361 372 96
361 381 55
361 408 23
361 418 95
361 430 49
361 446 26
361 460 29
361 468 20
361 469 48
361 481 4
361 482 64
361 494 83
361 507 13
361 551 67
361 554 64
361 562 93
361 569 41
361 576 24
361 590 44
361 608 66
361 609 96
361 616 70
361 619 39
361 645 12
361 659 68
361 674 78
361 677 16
361 678 32
361 692 42
361 707 44
361 714 2
361 720 36
361 725 25
361 734 98
361 742 61
361 760 87
361 765 43
361 782 89
361 799 34
361 802 51
361 807 24
361 820 6
361 823 52
361 832 70
361 845 71
361 856 23
361 870 43
361 875 95
361 892 48
361 927 41
361 947 83
361 948 39
361 950 37
361 991 51
362 367 65
362 369 57
362 373 74
362 375 64
362 376 51
362 377 90
362 378 16
362 385 28
362 393 37
362 395 96
362 403 31
362 406 56
362 414 85
362 415 78
362 421 9
362 422 86
362 425 72
362 428 97
362 437 26
362 444 90
362 447 23
362 449 68
362 451 1
362 462 21
362 463 89
362 465 30
362 467 50
362 470 29
362 471 96
362 490 12
362 499 12
362 502 70
362 504 40
362 517 36
362 519 80
362 520 98
362 530 26
362 541 46
362 574 59
362 592 59
362 594 36
362 621 40
362 634 59
362 642 47
362 643 52
362 653 16
362 662 52
362 668 38
362 675 47
362 681 31
362 711 100
362 715 67
362 716 54
362 726 75
362 740 55
362 741 8
362 744 89
362 746 43
362 752 62
362 757 43
362 758 80
362 770 56
362 771 6
362 772 44
362 779 76
362 787 30
362 831 77
362 837 47
362 840 21
362 844 70
362 860 83
362 862 41
362 871 54
362 876 30
362 880 34
362 884 90
362 888 66
362 901 99
362 908 98
362 933 60
362 934 95
362 939 55
362 945 16
362 957 99
362 958 10
362 969 72
362 973 29
362 975 19
362 979 84
362 992 21
362 995 25
363 374 12
363 394 9
363 397 42
363 398 94
363 399 28
363 438 3
363 439 86
363 440 39
363 448 73
363 457 32
363 466 22
363 478 92
363 491 13
363 501 33
363 506 20
363 510 16
363 516 5
363 525 88
363 534 29
363 535 33
363 548 99
363 556 23
363 558 58
363 563 6
363 565 46
363 566 31
363 568 93
363 581 94
363 603 65
363 606 14
363 610 42
363 612 2
363 618 9
363 626 78
363 632 6
363 635 46
363 640 75
363 657 80
363 665 45
363 673 74
363 687 59
363 701 51
363 703 59
363 704 44
363 712 66
363 733 18
363 736 51
363 738 100
363 745 87
363 749 4
363 773 59
363 789 98
363 794 88
363 800 50
363 814 54
363 822 71
363 824 76
363 826 68
363 848 73
363 867 28
363 903 75
363 914 65
363 916 91
363 952 13
363 990 84
363 993 50
363 996 42
364 365 10
364 379 69
364 380 66
364 384 5
364 387 15
364 400 97
364 402 37
364 404 26
364 410 23
364 424 13
364 429 17
364 453 41
364 458 2
364 459 95
364 461 9
364 464 76
364 472 80
364 473 35
364 479 64
364 487 90
364 488 74
364 492 96
364 493 56
364 498 82
364 505 56
364 508 64
364 514 88
364 529 6
364 532 61
364 536 81
364 538 20
364 545 63
364 547 42
364 549 26
364 580 34
364 588 64
364 600 61
364 613 69
364 629 64
364 637 55
364 639 16
364 644 54
364 650 3
364 661 57
364 669 62
364 682 61
364 689 38
364 694 44
364 696 35
364 697 83
364 709 51
364 717 81
364 724 24
364 728 68
364 730 40
364 731 98
364 767 57
364 769 37
364 774 16
364 775 100
364 776 6
364 777 36
364 780 51
364 797 44
364 801 24
364 829 47
364 834 100
364 838 54
364 850 73
364 852 86
364 855 22
364 858 5
364 896 32
364 906 14
364 920 79
364 942 10
364 955 91
364 959 55
364 963 3
364 967 46
364 968 28
364 970 37
364 974 54
364 984 33
364 988 29
364 989 26
364 994 5
364 997 13
364 999 20
365 373 75
365 376 99
365 380 100
365 387 38
365 402 93
365 403 80
365 405 98
365 410 52
365 443 67
365 444 71
365 447 50
365 459 80
365 461 65
365 464 87
365 472 73
365 473 39
365 475 73
365 479 80
365 492 98
365 497 80
365 503 5
365 508 40
365 514 6
365 520 6
365 530 3
365 532 25
365 536 99
365 543 95
365 636 13
365 637 34
365 644 48
365 650 40
365 654 34
365 662 9
365 682 95
365 686 88
365 694 61
365 696 43
365 697 72
365 709 59
365 717 38
365 724 33
365 730 30
365 737 82
365 752 62
365 758 67
365 769 51
365 774 84
365 777 34
365 780 13
365 785 24
365 787 97
365 791 33
365 797 88
365 804 71
365 828 62
365 838 16
365 840 71
365 855 23
365 859 96
365 860 8
365 882 2
365 883 32
365 891 88
365 893 6
365 894 31
365 896 10
365 906 75
365 909 73
365 918 61
365 928 82
365 939 60
365 942 68
365 944 38
365 949 61
365 955 81
365 958 51
365 959 78
365 961 81
365 962 5
365 967 90
365 968 9
365 969 34
365 975 60
365 982 82
365 988 19
365 992 49
365 994 100
365 997 68
365 999 3
366 374 29
366 379 91
366 380 77
366 387 3
366 394 30
366 398 52
366 402 23
366 407 2
366 417 69
366 424 4
366 426 93
366 431 51
366 439 47
366 448 79
366 453 75
366 472 89
366 486 20
366 487 97
366 488 81
366 495 9
366 498 15
366 510 74
366 514 29
366 532 21
366 536 85
366 538 34
366 545 66
366 549 59
366 553 82
366 563 19
366 565 49
366 583 10
366 584 8
366 588 26
366 603 88
366 606 1
366 613 4
366 629 97
366 630 85
366 635 60
366 644 22
366 646 49
366 654 35
366 667 7
366 669 37
366 682 9
366 686 5
366 696 3
366 699 95
366 703 44
366 704 17
366 708 16
366 709 100
366 717 43
366 730 1
366 731 56
366 733 86
366 739 3
366 745 2
366 769 10
366 773 58
366 777 14
366 785 98
366 795 3
366 798 73
366 810 5
366 813 29
366 826 81
366 828 10
366 829 99
366 857 26
366 859 71
366 867 88
366 868 57
366 872 86
366 887 96
366 889 98
366 897 34
366 899 9
366 906 70
366 907 73
366 918 93
366 920 39
366 928 18
366 930 94
366 959 72
366 962 20
366 963 10
366 968 100
366 970 27
366 982 43
366 984 19
366 990 60
367 369 70
367 373 71
367 375 14
367 376 71
367 377 3
367 378 54
367 385 38
367 393 100
367 395 74
367 403 63
367 414 3
367 415 27
367 422 67
367 425 3
367 428 14
367 443 41
367 444 63
367 447 24
367 465 12
367 467 64
367 475 73
367 490 18
367 499 54
367 502 26
367 509 23
367 519 84
367 520 7
367 530 77
367 541 92
367 543 26
367 592 93
367 621 90
367 633 60
367 634 67
367 642 60
367 643 55
367 653 94
367 654 96
367 662 67
367 668 24
367 681 75
367 711 90
367 716 68
367 726 9
367 740 11
367 741 28
367 744 3
367 752 86
367 757 99
367 758 4
367 770 6
367 771 18
367 772 53
367 779 14
367 787 32
367 791 54
367 798 38
367 804 42
367 831 91
367 837 59
367 840 97
367 844 49
367 860 89
367 862 11
367 868 25
367 871 29
367 876 94
367 880 45
367 883 31
367 884 50
367 888 86
367 893 73
367 894 76
367 901 65
367 908 71
367 921 3
367 928 68
367 933 67
367 934 58
367 939 42
367 945 80
367 949 76
367 958 91
367 969 23
367 973 18
367 975 63
367 982 66
367 992 92
367 995 24
368 381 48
368 396 53
368 408 27
368 418 23
368 445 69
368 446 85
368 460 79
368 468 24
368 469 74
368 481 19
368 482 81
368 485 18
368 494 84
368 507 3
368 518 17
368 523 77
368 551 4
368 554 96
368 557 35
368 562 87
368 569 24
368 576 95
368 591 79
368 593 89
368 596 39
368 608 42
368 609 87
368 615 78
368 616 81
368 619 67
368 645 33
368 655 58
368 659 60
368 674 34
368 677 92
368 678 99
368 692 70
368 705 44
368 707 36
368 714 100
368 718 60
368 720 40
368 725 77
368 734 24
368 742 86
368 756 58
368 760 34
368 765 66
368 782 84
368 783 29
368 799 9
368 802 64
368 806 100
368 807 39
368 817 13
368 820 22
368 823 55
368 832 65
368 843 7
368 845 88
368 856 98
368 865 100
368 870 54
368 875 54
368 892 14
368 927 52
368 941 61
368 946 53
368 947 49
368 948 64
368 950 96
368 953 48
368 991 81
369 375 59
369 376 62
369 377 97
369 386 9
369 392 38
369 393 85
369 395 86
369 401 42
369 407 7
369 414 94
369 415 24
369 437 96
369 447 58
369 467 45
369 470 40
369 474 20
369 509 47
369 519 41
369 530 70
369 541 96
369 542 33
369 555 60
369 561 16
369 570 37
369 583 92
369 592 89
369 621 20
369 633 3
369 634 52
369 642 14
369 646 5
369 653 98
369 654 25
369 662 57
369 668 45
369 681 61
369 684 84
369 686 92
369 699 48
369 702 68
369 710 20
369 716 87
369 727 68
369 729 96
369 732 28
369 740 59
369 746 97
369 757 95
369 761 28
369 762 61
369 771 58
369 772 15
369 798 40
369 804 51
369 811 23
369 813 84
369 836 49
369 840 96
369 861 3
369 862 6
369 868 12
369 874 22
369 876 37
369 880 7
369 884 95
369 890 31
369 905 31
369 907 68
369 918 3
369 921 93
369 935 15
369 956 93
369 958 86
369 966 81
369 973 43
369 975 28
369 982 7
369 992 51
370 374 13
370 379 42
370 384 7
370 400 5
370 412 1
370 420 89
370 424 9
370 439 50
370 448 11
370 453 85
370 457 13
370 487 41
370 488 79
370 493 79
370 498 47
370 501 72
370 525 86
370 534 70
370 538 99
370 545 30
370 549 19
370 588 37
370 600 81
370 641 60
370 657 41
370 667 84
370 672 100
370 691 1
370 693 49
370 701 27
370 731 53
370 739 35
370 745 27
370 775 92
370 824 22
370 829 68
370 850 5
370 857 3
370 858 59
370 867 17
370 879 14
370 899 78
370 903 45
370 951 80
370 952 40
370 963 64
370 990 60
371 372 32
371 386 45
371 389 12
371 408 91
371 418 2
371 423 80
371 430 13
371 432 83
371 442 63
371 446 85
371 450 4
371 462 83
371 468 47
371 469 47
371 470 78
371 477 6
371 482 97
371 494 67
371 500 64
371 507 41
371 517 17
371 527 78
371 533 62
371 537 34
371 539 76
371 544 62
371 552 91
371 554 43
371 574 52
371 590 45
371 594 53
371 601 73
371 602 70
371 616 8
371 619 33
371 649 39
371 659 14
371 664 97
371 680 52
371 688 81
371 707 35
371 725 84
371 743 62
371 746 72
371 747 34
371 753 37
371 765 17
371 766 55
371 782 53
371 790 32
371 799 2
371 803 67
371 807 14
371 815 84
371 821 12
371 832 10
371 843 82
371 856 43
371 861 27
371 866 25
371 875 34
371 885 8
371 892 75
371 904 26
371 912 68
371 915 85
371 927 38
371 956 37
371 966 80
371 978 58
371 998 62
372 408 7
372 418 13
372 430 63
372 432 55
372 442 57
372 446 91
372 450 78
372 468 74
372 469 42
372 477 11
372 482 44
372 494 16
372 507 72
372 551 81
372 554 31
372 562 13
372 569 19
372 578 46
372 590 44
372 601 39
372 602 1
372 616 35
372 619 82
372 707 51
372 720 89
372 734 98
372 743 66
372 765 40
372 782 30
372 790 17
372 823 97
372 832 40
372 856 88
372 870 71
372 875 28
372 892 6
372 912 83
372 947 24
372 978 53
373 375 99
373 376 29
373 378 52
373 385 6
373 403 34
373 405 88
373 414 49
373 419 37
373 425 80
373 428 95
373 443 44
373 444 61
373 447 92
373 464 42
373 475 54
373 490 57
373 497 19
373 499 79
373 502 20
373 503 45
373 520 92
373 530 2
373 543 31
373 575 76
373 586 27
373 592 69
373 636 69
373 643 18
373 662 29
373 711 77
373 716 22
373 723 15
373 724 4
373 726 90
373 741 72
373 744 2
373 752 97
373 758 31
373 770 92
373 779 44
373 787 32
373 791 43
373 804 60
373 837 7
373 844 86
373 860 97
373 862 36
373 871 2
373 880 89
373 882 34
373 883 15
373 888 93
373 891 31
373 893 26
373 894 87
373 901 70
373 908 15
373 909 89
373 928 62
373 929 57
373 934 94
373 939 96
373 943 20
373 945 41
373 949 2
373 958 22
373 961 43
373 969 47
373 975 23
373 979 51
373 992 73
373 995 41
374 379 73
374 380 68
374 384 6
374 394 76
374 398 99
374 412 83
374 424 70
374 426 51
374 431 15
374 439 93
374 448 70
374 453 5
374 457 92
374 472 45
374 486 37
374 488 47
374 491 4
374 493 20
374 498 48
374 501 41
374 510 32
374 525 16
374 534 51
374 538 55
374 549 57
374 563 40
374 565 24
374 568 43
374 584 61
374 588 72
374 600 10
374 603 64
374 606 58
374 612 56
374 613 18
374 626 79
374 629 44
374 635 96
374 641 90
374 644 22
374 657 41
374 665 42
374 667 42
374 669 10
374 691 16
374 693 55
374 696 12
374 701 53
374 703 24
374 704 49
374 708 55
374 731 100
374 733 88
374 739 73
374 745 84
374 773 73
374 794 52
374 795 27
374 824 26
374 826 13
374 828 51
374 829 54
374 857 97
374 867 63
374 872 79
374 887 96
374 897 85
374 899 54
374 903 90
374 914 72
374 930 34
374 951 94
374 952 65
374 959 93
374 963 84
374 970 99
374 984 73
374 990 96
374 996 53
375 376 51
375 377 100
375 378 66
375 385 20
375 393 61
375 395 5
375 401 47
375 403 21
375 414 71
375 415 21
375 422 25
375 425 8
375 428 80
375 437 57
375 444 61
375 447 84
375 451 97
375 462 69
375 463 45
375 465 10
375 467 90
375 470 76
375 475 25
375 490 80
375 499 79
375 509 74
375 517 74
375 519 61
375 520 98
375 530 68
375 541 42
375 574 75
375 592 80
375 594 97
375 621 63
375 633 84
375 634 71
375 642 45
375 643 4
375 653 13
375 654 82
375 662 71
375 668 75
375 681 2
375 711 19
375 716 7
375 726 63
375 732 19
375 740 59
375 741 91
375 744 45
375 746 98
375 752 31
375 757 11
375 758 86
375 770 17
375 771 26
375 772 46
375 779 100
375 787 2
375 798 82
375 804 30
375 831 27
375 840 68
375 844 88
375 860 18
375 862 40
375 868 98
375 871 50
375 874 48
375 876 8
375 880 9
375 884 78
375 888 55
375 893 66
375 901 55
375 905 33
375 908 80
375 921 57
375 928 38
375 933 43
375 934 13
375 945 54
375 958 22
375 969 98
375 973 27
375 975 77
375 982 59
375 992 27
375 995 60
376 377 58
376 378 73
376 385 81
376 387 37
376 393 48
376 395 33
376 401 12
376 403 70
376 407 78
376 414 28
376 425 97
376 443 22
376 444 97
376 447 93
376 464 38
376 467 21
376 475 99
376 495 40
376 499 84
376 509 14
376 519 66
376 520 19
376 530 8
376 541 39
376 543 16
376 553 81
376 583 75
376 592 27
376 621 43
376 633 31
376 634 27
376 642 26
376 646 57
376 653 69
376 654 17
376 662 31
376 681 43
376 684 7
376 686 76
376 699 21
376 709 69
376 711 44
376 716 77
376 717 38
376 726 42
376 730 92
376 732 70
376 740 77
376 752 6
376 758 54
376 770 46
376 772 2
376 777 67
376 785 25
376 787 96
376 798 90
376 804 35
376 813 22
376 828 1
376 836 77
376 840 66
376 859 1
376 860 56
376 862 76
376 868 83
376 874 69
376 876 98
376 880 5
376 889 83
376 890 8
376 893 95
376 894 21
376 905 10
376 906 65
376 908 91
376 918 36
376 921 10
376 928 8
376 945 54
376 949 40
376 958 4
376 962 11
376 969 65
376 973 99
376 975 84
376 982 62
376 992 77
377 378 71
377 386 5
377 393 43
377 395 99
377 401 88
377 414 56
377 415 22
377 422 63
377 425 54
377 437 66
377 447 86
377 451 53
377 462 62
377 465 35
377 467 91
377 470 13
377 499 88
377 509 21
377 517 79
377 519 45
377 530 49
377 533 91
377 537 5
377 541 54
377 542 85
377 552 37
377 555 4
377 561 45
377 570 85
377 574 7
377 592 39
377 594 24
377 621 21
377 633 19
377 634 72
377 642 76
377 653 48
377 654 100
377 662 43
377 668 70
377 681 2
377 684 34
377 688 78
377 711 22
377 716 27
377 729 1
377 732 93
377 740 99
377 746 59
377 757 69
377 762 87
377 766 98
377 770 53
377 771 32
377 772 5
377 798 39
377 811 5
377 815 21
377 836 51
377 840 9
377 861 88
377 862 44
377 868 50
377 874 56
377 876 38
377 880 85
377 884 84
377 890 94
377 901 28
377 905 77
377 908 90
377 921 75
377 933 84
377 935 21
377 945 43
377 956 82
377 958 44
377 966 56
377 973 11
377 982 26
377 992 43
377 995 83
377 998 89
378 385 79
378 393 21
378 395 38
378 406 79
378 414 41
378 415 57
378 416 68
378 421 89
378 422 81
378 425 8
378 427 74
378 428 52
378 441 43
378 444 80
378 447 61
378 449 40
378 451 13
378 462 9
378 463 29
378 465 46
378 467 75
378 470 50
378 471 78
378 490 2
378 499 94
378 502 13
378 504 91
378 517 39
378 519 85
378 522 22
378 541 43
378 574 17
378 592 72
378 594 47
378 621 100
378 642 56
378 643 10
378 653 64
378 662 20
378 663 100
378 668 10
378 675 24
378 711 97
378 715 75
378 716 25
378 726 23
378 741 85
378 744 58
378 746 62
378 752 88
378 755 55
378 757 4
378 758 46
378 763 15
378 770 18
378 771 1
378 772 58
378 779 55
378 787 90
378 831 66
378 837 27
378 844 92
378 849 96
378 860 7
378 862 84
378 871 39
378 876 78
378 880 86
378 884 31
378 888 7
378 901 21
378 908 7
378 933 87
378 934 45
378 945 32
378 957 13
378 958 96
378 969 51
378 973 72
378 979 62
378 992 3
378 995 61
379 380 100
379 384 85
379 400 25
379 402 61
379 404 73
379 412 92
379 420 25
379 424 35
379 426 56
379 431 56
379 439 16
379 453 66
379 472 7
379 487 25
379 488 9
379 493 9
379 498 80
379 514 6
379 532 22
379 536 79
379 538 45
379 545 4
379 547 35
379 549 50
379 584 48
379 588 36
379 600 20
379 613 48
379 629 64
379 639 52
379 641 69
379 644 42
379 661 15
379 667 67
379 669 66
379 672 10
379 682 81
379 691 9
379 693 82
379 696 65
379 701 18
379 703 17
379 708 84
379 731 39
379 733 39
379 739 30
379 745 31
379 767 94
379 769 82
379 775 46
379 777 91
379 795 3
379 797 98
379 801 25
379 828 70
379 829 17
379 834 67
379 850 29
379 852 91
379 855 48
379 857 43
379 858 35
379 867 71
379 879 16
379 896 37
379 899 31
379 906 74
379 920 97
379 955 93
379 959 88
379 962 89
379 963 84
379 968 32
379 970 6
379 984 97
379 988 33
379 989 62
379 997 93
380 384 56
380 387 78
380 402 61
380 404 8
380 424 4
380 426 91
380 431 23
380 439 91
380 453 50
380 459 49
380 464 75
380 472 73
380 473 80
380 479 90
380 486 81
380 487 49
380 488 66
380 492 41
380 493 73
380 495 33
380 498 62
380 505 67
380 508 91
380 514 15
380 532 27
380 536 73
380 538 96
380 545 64
380 549 40
380 553 24
380 584 96
380 588 8
380 600 31
380 613 86
380 629 56
380 637 75
380 639 8
380 644 57
380 661 100
380 667 75
380 669 47
380 682 18
380 694 58
380 696 68
380 708 36
380 709 35
380 717 88
380 724 93
380 728 49
380 730 22
380 731 19
380 739 44
380 767 34
380 769 84
380 774 89
380 775 90
380 777 62
380 780 73
380 785 42
380 795 79
380 797 9
380 828 66
380 829 13
380 834 5
380 838 88
380 855 20
380 857 85
380 858 70
380 859 97
380 889 86
380 896 72
380 899 81
380 906 16
380 920 68
380 928 76
380 942 81
380 955 23
380 959 81
380 962 6
380 963 19
380 968 70
380 970 24
380 984 13
380 988 14
380 989 49
380 997 57
381 396 70
381 408 83
381 418 73
381 430 12
381 445 42
381 446 99
381 460 90
381 468 96
381 469 13
381 481 4
381 482 55
381 485 34
381 494 73
381 507 88
381 518 4
381 523 31
381 551 42
381 554 82
381 557 80
381 562 48
381 569 93
381 576 81
381 591 31
381 593 29
381 596 72
381 608 83
381 609 31
381 615 62
381 616 74
381 617 7
381 619 53
381 645 20
381 659 61
381 674 24
381 677 47
381 678 6
381 692 100
381 705 66
381 707 65
381 714 3
381 718 17
381 720 91
381 725 31
381 734 80
381 742 32
381 756 66
381 760 39
381 765 6
381 782 77
381 783 36
381 799 29
381 802 67
381 806 63
381 807 5
381 817 80
381 820 56
381 823 16
381 832 60
381 843 66
381 845 2
381 856 31
381 865 3
381 870 53
381 875 100
381 892 2
381 927 18
381 941 90
381 946 41
381 947 34
381 948 72
381 950 78
381 953 60
381 960 65
381 991 71
382 383 46
382 397 25
382 399 55
382 409 23
382 411 14
382 433 88
382 435 87
382 436 1
382 454 59
382 456 22
382 484 70
382 511 37
382 513 87
382 515 67
382 516 9
382 535 81
382 540 33
382 546 80
382 567 34
382 572 63
382 577 11
382 582 70
382 585 76
382 604 32
382 607 19
382 614 32
382 618 13
382 620 14
382 624 75
382 628 38
382 632 71
382 638 61
382 647 37
382 648 67
382 651 42
382 652 15
382 656 42
382 658 82
382 666 68
382 670 93
382 673 26
382 676 71
382 679 73
382 683 38
382 700 81
382 721 19
382 722 41
382 735 88
382 736 72
382 754 32
382 759 22
382 781 36
382 784 19
382 786 4
382 800 13
382 805 25
382 809 30
382 814 81
382 816 90
382 827 96
382 830 59
382 841 98
382 847 82
382 851 21
382 853 57
382 854 60
382 869 33
382 881 31
382 895 95
382 902 39
382 922 57
382 924 64
382 925 91
382 931 96
382 965 75
382 980 99
382 981 15
382 985 71
383 454 6
383 456 13
383 484 50
383 513 21
383 524 47
383 546 68
383 564 4
383 567 47
383 597 12
383 604 71
383 627 53
383 628 13
383 651 72
383 658 20
383 670 32
383 683 88
383 695 44
383 700 59
383 754 90
383 784 41
383 809 41
383 818 31
383 830 88
383 847 89
383 851 35
383 853 48
383 854 60
383 869 28
383 881 59
383 895 84
383 902 88
383 924 70
383 965 87
383 976 9
383 981 83
383 985 43
384 400 37
384 402 72
384 404 91
384 412 88
384 420 8
384 424 76
384 431 99
384 439 42
384 453 91
384 472 86
384 487 33
384 488 13
384 493 52
384 498 90
384 505 100
384 529 94
384 536 1
384 538 66
384 545 15
384 547 13
384 549 88
384 588 83
384 600 2
384 613 52
384 639 13
384 641 64
384 644 29
384 661 74
384 667 5
384 669 14
384 671 47
384 672 76
384 689 76
384 691 6
384 693 55
384 696 19
384 701 32
384 708 37
384 731 57
384 739 70
384 767 14
384 769 54
384 775 73
384 776 81
384 801 66
384 829 43
384 834 26
384 850 40
384 852 52
384 855 29
384 857 6
384 858 7
384 879 80
384 896 54
384 899 72
384 920 37
384 963 2
384 968 45
384 970 22
384 974 96
384 984 20
384 988 97
384 989 61
384 997 9
385 403 5
385 405 70
385 414 7
385 415 24
385 419 91
385 425 11
385 428 19
385 443 74
385 444 32
385 447 40
385 467 100
385 471 28
385 475 80
385 490 95
385 497 36
385 499 34
385 502 94
385 503 1
385 519 77
385 520 47
385 530 59
385 541 84
385 543 46
385 575 59
385 586 67
385 592 79
385 621 4
385 642 70
385 643 68
385 662 37
385 711 8
385 716 41
385 723 54
385 726 67
385 741 56
385 744 44
385 752 44
385 758 55
385 770 95
385 771 21
385 779 21
385 787 6
385 791 38
385 804 56
385 831 20
385 837 3
385 840 89
385 844 99
385 860 79
385 862 28
385 871 98
385 876 52
385 880 80
385 882 34
385 883 11
385 888 28
385 893 34
385 894 30
385 901 12
385 908 6
385 928 27
385 929 64
385 934 87
385 939 84
385 943 24
385 945 59
385 949 33
385 958 92
385 969 77
385 975 35
385 979 3
385 992 7
385 995 18
386 389 63
386 393 53
386 395 13
386 401 98
386 415 61
386 423 5
386 432 47
386 437 26
386 451 78
386 462 70
386 467 20
386 470 91
386 477 38
386 482 45
386 500 70
386 517 67
386 519 88
386 527 53
386 533 61
386 537 92
386 539 36
386 541 36
386 542 66
386 544 41
386 552 19
386 555 97
386 561 93
386 570 5
386 574 45
386 594 71
386 602 5
386 634 92
386 642 78
386 649 21
386 653 36
386 660 38
386 664 86
386 668 87
386 680 65
386 684 100
386 688 33
386 702 2
386 729 82
386 732 60
386 740 2
386 743 10
386 746 82
386 747 42
386 753 44
386 757 35
386 766 31
386 771 75
386 772 95
386 790 21
386 803 45
386 811 17
386 815 32
386 821 87
386 836 86
386 861 98
386 866 29
386 874 64
386 876 99
386 884 18
386 885 1
386 890 56
386 904 75
386 905 17
386 912 33
386 915 51
386 933 22
386 935 100
386 956 25
386 966 14
386 973 37
386 978 28
386 998 49
387 402 59
387 403 95
387 410 37
387 443 71
387 444 52
387 447 52
387 459 3
387 461 43
387 464 20
387 472 22
387 473 66
387 475 28
387 479 32
387 492 42
387 497 45
387 503 91
387 508 16
387 514 69
387 520 13
387 530 76
387 532 52
387 536 20
387 543 1
387 553 17
387 613 94
387 629 63
387 636 28
387 637 64
387 644 53
387 650 93
387 654 100
387 662 90
387 669 26
387 681 54
387 682 8
387 686 32
387 694 5
387 696 50
387 697 48
387 699 76
387 709 37
387 717 78
387 724 70
387 730 66
387 737 3
387 752 61
387 758 17
387 769 37
387 774 67
387 777 93
387 780 66
387 785 3
387 787 56
387 797 94
387 798 47
387 804 8
387 813 85
387 828 89
387 838 98
387 840 66
387 855 30
387 859 69
387 860 11
387 868 28
387 883 91
387 889 32
387 891 72
387 893 70
387 894 4
387 896 34
387 906 59
387 909 88
387 918 93
387 920 36
387 928 71
387 942 51
387 944 76
387 949 22
387 955 32
387 958 24
387 959 13
387 961 25
387 962 81
387 967 53
387 968 95
387 969 97
387 970 48
387 975 81
387 982 1
387 984 98
387 988 15
387 992 42
387 994 98
387 997 59
387 999 34
388 392 9
388 401 79
388 411 30
388 417 41
388 433 37
388 435 77
388 436 91
388 474 67
388 511 18
388 527 100
388 540 85
388 542 60
388 544 11
388 555 58
388 560 68
388 561 89
388 570 33
388 577 41
388 582 60
388 585 85
388 607 45
388 614 26
388 620 21
388 624 32
388 628 59
388 630 6
388 632 28
388 638 61
388 646 85
388 652 58
388 656 96
388 660 19
388 666 75
388 676 100
388 679 43
388 680 15
388 684 24
388 685 23
388 702 18
388 710 5
388 721 23
388 722 50
388 727 37
388 729 57
388 732 75
388 735 71
388 750 9
388 759 91
388 761 5
388 762 96
388 786 99
388 788 10
388 793 90
388 805 31
388 811 73
388 816 80
388 827 56
388 836 81
388 841 31
388 861 42
388 874 70
388 890 67
388 905 95
388 907 6
388 922 70
388 925 4
388 932 16
388 935 10
388 936 10
388 956 61
388 964 42
388 966 40
388 972 92
388 977 25
388 980 63
389 395 23
389 416 82
389 418 19
389 423 74
389 430 69
389 432 97
389 437 22
389 442 26
389 446 58
389 450 57
389 451 33
389 462 53
389 470 1
389 477 60
389 482 68
389 494 5
389 500 71
389 507 53
389 517 22
389 527 45
389 533 58
389 537 61
389 539 86
389 544 51
389 552 50
389 554 96
389 574 63
389 578 50
389 594 42
389 598 21
389 601 74
389 602 62
389 616 38
389 619 2
389 634 78
389 649 28
389 653 45
389 664 8
389 668 37
389 688 49
389 707 4
389 743 83
389 746 27
389 747 67
389 753 87
389 766 22
389 790 3
389 803 51
389 815 72
389 821 55
389 842 2
389 856 7
389 861 65
389 866 68
389 875 39
389 884 17
389 885 77
389 904 51
389 912 90
389 915 17
389 927 44
389 956 23
389 966 37
389 973 60
389 978 64
389 998 89
390 396 86
390 433 61
390 435 28
390 452 17
390 511 56
390 512 31
390 518 11
390 523 24
390 531 14
390 540 76
390 544 54
390 550 60
390 557 54
390 560 52
390 567 60
390 589 91
390 593 75
390 614 72
390 617 1
390 628 20
390 638 36
390 647 71
390 648 49
390 651 25
390 656 44
390 658 56
390 659 10
390 660 72
390 666 97
390 678 51
390 680 85
390 685 96
390 692 97
390 698 51
390 700 8
390 714 32
390 719 51
390 722 57
390 725 46
390 735 11
390 747 95
390 750 15
390 754 54
390 756 3
390 759 30
390 781 87
390 783 41
390 786 97
390 788 40
390 792 29
390 793 51
390 799 61
390 807 10
390 816 61
390 817 80
390 820 80
390 827 1
390 835 38
390 841 37
390 843 61
390 845 98
390 854 91
390 863 36
390 886 34
390 922 34
390 927 85
390 932 38
390 941 86
390 946 22
390 953 60
390 960 83
390 976 22
390 980 65
391 397 73
391 438 68
391 454 85
391 476 9
391 478 60
391 480 31
391 489 98
391 506 77
391 521 88
391 524 77
391 528 48
391 548 79
391 556 57
391 558 94
391 559 72
391 564 89
391 571 22
391 587 66
391 599 26
391 605 80
391 622 83
391 631 51
391 640 72
391 690 62
391 695 17
391 706 44
391 712 77
391 713 17
391 738 18
391 748 10
391 749 87
391 768 96
391 778 84
391 789 20
391 808 28
391 818 29
391 819 13
391 839 50
391 848 17
391 873 5
391 898 3
391 913 11
391 916 71
391 919 76
391 931 15
391 937 37
391 938 54
391 954 74
391 971 82
392 398 86
392 401 59
392 407 96
392 411 31
392 417 57
392 426 67
392 436 92
392 474 82
392 486 18
392 495 87
392 509 93
392 510 24
392 519 30
392 540 65
392 542 62
392 553 72
392 555 99
392 561 36
392 565 67
392 566 82
392 570 78
392 577 31
392 582 64
392 583 57
392 584 58
392 585 69
392 620 32
392 621 77
392 624 91
392 630 19
392 632 69
392 633 72
392 635 55
392 638 19
392 646 81
392 652 88
392 654 63
392 676 41
392 679 69
392 681 81
392 684 17
392 686 55
392 699 90
392 702 6
392 704 92
392 710 66
392 722 100
392 727 58
392 729 60
392 732 94
392 740 49
392 761 71
392 762 33
392 773 2
392 795 64
392 798 82
392 805 83
392 810 3
392 811 42
392 813 31
392 826 69
392 828 82
392 836 30
392 840 28
392 868 37
392 872 30
392 874 36
392 887 9
392 889 76
392 890 45
392 897 76
392 905 44
392 907 38
392 918 17
392 921 84
392 925 49
392 930 99
392 935 48
392 936 75
392 962 23
392 964 19
392 972 24
392 977 1
392 980 91
392 982 84
393 395 87
393 401 77
393 414 22
393 415 54
393 422 42
393 425 90
393 437 26
393 447 22
393 451 52
393 462 10
393 465 28
393 467 41
393 470 31
393 499 13
393 509 38
393 517 22
393 519 10
393 530 74
393 533 21
393 537 41
393 541 28
393 542 20
393 552 42
393 555 24
393 570 78
393 574 4
393 592 8
393 594 46
393 621 21
393 633 36
393 634 24
393 642 29
393 653 21
393 654 45
393 662 80
393 668 78
393 681 10
393 684 26
393 688 73
393 711 43
393 716 85
393 729 20
393 732 90
393 740 7
393 746 15
393 752 98
393 757 65
393 758 87
393 770 47
393 771 39
393 772 78
393 798 70
393 811 41
393 815 6
393 836 83
393 840 59
393 862 8
393 868 22
393 874 50
393 876 35
393 880 45
393 884 71
393 890 65
393 901 45
393 905 79
393 908 98
393 921 14
393 933 52
393 934 88
393 935 10
393 945 81
393 956 28
393 958 32
393 966 99
393 973 10
393 975 45
393 982 99
393 992 53
393 995 67
394 398 62
394 399 42
394 411 64
394 412 9
394 417 93
394 426 78
394 431 41
394 438 3
394 439 47
394 440 96
394 448 11
394 457 18
394 466 78
394 486 86
394 491 9
394 501 10
394 510 17
394 516 60
394 525 78
394 534 90
394 535 38
394 563 22
394 565 53
394 566 22
394 568 50
394 577 80
394 581 95
394 584 52
394 603 6
394 606 41
394 610 10
394 612 100
394 613 39
394 618 27
394 626 81
394 630 38
394 632 60
394 635 5
394 641 86
394 657 68
394 665 40
394 667 21
394 673 37
394 687 46
394 691 10
394 701 3
394 703 96
394 704 92
394 708 100
394 731 67
394 733 74
394 736 84
394 739 18
394 745 39
394 749 90
394 773 61
394 794 17
394 795 46
394 800 81
394 810 62
394 822 35
394 824 74
394 826 45
394 867 89
394 872 36
394 887 71
394 897 26
394 899 89
394 903 27
394 914 53
394 930 97
394 951 84
394 952 27
394 964 46
394 990 15
394 993 88
394 996 92
395 401 70
395 414 24
395 415 42
395 422 73
395 425 23
395 437 24
395 447 56
395 451 85
395 462 85
395 465 21
395 467 4
395 470 8
395 499 9
395 500 48
395 509 20
395 517 52
395 519 66
395 527 24
395 533 90
395 537 4
395 541 90
395 542 73
395 544 79
395 552 20
395 555 57
395 561 94
395 570 92
395 574 91
395 592 86
395 594 55
395 621 77
395 633 5
395 634 50
395 642 37
395 653 14
395 662 89
395 664 93
395 668 86
395 681 95
395 684 93
395 688 25
395 702 6
395 711 96
395 716 48
395 729 19
395 732 19
395 740 88
395 746 52
395 757 98
395 766 31
395 771 70
395 772 11
395 803 17
395 811 55
395 815 27
395 821 17
395 836 3
395 840 79
395 861 17
395 862 59
395 866 72
395 868 90
395 874 41
395 876 41
395 880 51
395 884 40
395 890 86
395 901 88
395 904 28
395 905 64
395 921 2
395 933 75
395 935 48
395 956 28
395 958 41
395 966 30
395 973 47
395 992 42
395 995 6
395 998 84
396 408 81
396 418 72
396 452 70
396 460 81
396 485 51
396 512 17
396 518 27
396 523 97
396 531 58
396 550 66
396 551 83
396 557 41
396 560 22
396 567 38
396 569 99
396 589 41
396 591 85
396 593 48
396 596 6
396 609 91
396 611 79
396 614 30
396 615 34
396 617 78
396 647 46
396 648 35
396 656 66
396 659 34
396 678 37
396 680 84
396 685 44
396 692 60
396 698 43
396 707 34
396 714 46
396 719 100
396 725 55
396 735 2
396 742 15
396 747 93
396 750 32
396 756 64
396 759 30
396 760 100
396 765 23
396 781 32
396 783 72
396 786 93
396 788 23
396 792 10
396 793 64
396 799 81
396 806 16
396 807 40
396 816 8
396 817 63
396 820 32
396 827 37
396 835 72
396 841 50
396 843 97
396 845 44
396 863 5
396 865 82
396 875 39
396 886 83
396 927 68
396 932 91
396 941 18
396 946 14
396 950 45
396 953 85
396 960 82
396 991 74
397 399 69
397 409 80
397 438 35
397 454 54
397 456 56
397 466 36
397 476 47
397 478 31
397 480 51
397 484 11
397 489 18
397 506 69
397 513 62
397 515 3
397 516 31
397 521 64
397 528 81
397 535 31
397 546 67
397 548 27
397 556 21
397 558 78
397 559 72
397 564 66
397 571 16
397 572 63
397 581 69
397 587 69
397 599 61
397 604 95
397 607 40
397 610 92
397 612 45
397 618 48
397 620 50
397 631 73
397 640 8
397 652 85
397 673 99
397 679 88
397 683 21
397 690 39
397 712 57
397 721 78
397 736 55
397 738 89
397 749 68
397 778 60
397 784 12
397 789 14
397 800 1
397 808 55
397 814 44
397 818 47
397 819 82
397 822 24
397 848 51
397 853 33
397 869 46
397 881 98
397 895 91
397 913 77
397 916 65
397 919 17
397 931 14
397 938 29
397 954 68
397 971 77
397 985 10
397 993 90
398 399 79
398 407 34
398 411 38
398 412 89
398 417 90
398 424 81
398 426 98
398 431 14
398 439 99
398 448 69
398 457 47
398 472 25
398 486 89
398 488 27
398 495 73
398 501 10
398 510 100
398 534 97
398 553 91
398 563 98
398 565 1
398 566 99
398 568 94
398 577 54
398 583 98
398 584 64
398 588 61
398 603 67
398 606 54
398 612 59
398 613 55
398 626 4
398 629 1
398 630 3
398 632 77
398 635 59
398 644 76
398 646 86
398 667 52
398 669 56
398 691 83
398 696 42
398 699 61
398 701 16
398 703 34
398 704 23
398 708 76
398 731 76
398 733 38
398 739 76
398 745 99
398 773 89
398 794 50
398 795 38
398 810 30
398 813 84
398 822 38
398 824 2
398 826 41
398 828 89
398 857 78
398 867 6
398 872 22
398 887 89
398 889 48
398 897 4
398 899 97
398 907 45
398 914 45
398 930 93
398 952 38
398 959 47
398 962 13
398 964 29
398 984 22
398 990 54
398 993 80
399 409 86
399 411 54
399 417 14
399 436 86
399 438 69
399 454 78
399 456 82
399 466 63
399 484 60
399 510 51
399 515 83
399 516 62
399 535 9
399 548 1
399 556 28
399 565 65
399 566 66
399 572 59
399 577 11
399 581 96
399 582 15
399 585 99
399 604 52
399 606 60
399 607 6
399 610 38
399 612 31
399 618 85
399 620 71
399 624 31
399 630 40
399 632 57
399 640 53
399 652 1
399 673 99
399 676 94
399 679 57
399 704 27
399 712 33
399 721 48
399 736 68
399 738 2
399 749 22
399 773 95
399 784 91
399 794 7
399 800 5
399 805 8
399 810 96
399 814 99
399 819 91
399 822 70
399 826 44
399 869 16
399 895 74
399 914 43
399 916 81
399 925 6
399 930 73
399 931 46
399 964 93
399 977 18
399 985 99
399 993 43
400 404 6
400 420 60
400 424 34
400 453 42
400 458 61
400 487 13
400 488 5
400 493 100
400 498 99
400 529 11
400 538 30
400 545 18
400 547 99
400 549 41
400 588 25
400 600 88
400 639 86
400 661 61
400 671 77
400 672 27
400 689 99
400 693 90
400 767 38
400 775 30
400 776 46
400 801 8
400 829 90
400 834 28
400 850 78
400 852 15
400 857 35
400 858 86
400 879 32
400 896 72
400 910 100
400 920 32
400 963 46
400 974 50
400 989 90
401 407 16
401 423 44
401 437 82
401 467 24
401 470 65
401 474 98
401 509 28
401 519 35
401 527 82
401 533 83
401 537 44
401 541 89
401 542 25
401 544 56
401 552 27
401 555 49
401 561 89
401 570 50
401 583 20
401 621 25
401 624 95
401 633 48
401 634 40
401 638 36
401 642 67
401 646 87
401 653 8
401 660 7
401 668 29
401 680 71
401 681 66
401 684 66
401 685 39
401 688 58
401 702 47
401 710 39
401 716 99
401 722 18
401 727 38
401 729 45
401 732 35
401 740 3
401 746 21
401 747 94
401 761 34
401 762 30
401 766 28
401 772 76
401 798 20
401 811 41
401 815 95
401 821 25
401 836 92
401 840 85
401 861 25
401 868 92
401 874 2
401 876 61
401 884 91
401 890 69
401 904 32
401 905 29
401 907 91
401 921 75
401 935 69
401 936 56
401 956 5
401 966 37
401 972 34
401 973 61
401 977 63
401 982 61
401 998 71
402 404 72
402 424 90
402 426 62
402 431 26
402 439 71
402 453 29
402 459 30
402 461 93
402 464 29
402 472 96
402 473 14
402 479 32
402 486 10
402 487 36
402 488 12
402 492 57
402 493 88
402 498 56
402 505 89
402 508 44
402 514 49
402 532 89
402 536 96
402 538 25
402 545 30
402 549 82
402 553 72
402 584 86
402 588 23
402 600 73
402 613 89
402 629 53
402 637 90
402 639 80
402 644 5
402 661 61
402 667 47
402 669 9
402 682 21
402 694 20
402 696 86
402 697 57
402 708 40
402 709 84
402 717 12
402 724 13
402 728 30
402 730 75
402 731 10
402 739 29
402 767 23
402 769 60
402 774 25
402 776 24
402 777 61
402 780 76
402 785 85
402 795 77
402 797 33
402 828 27
402 829 34
402 834 13
402 838 78
402 855 51
402 857 50
402 859 82
402 889 6
402 896 2
402 899 43
402 906 38
402 920 3
402 928 37
402 942 62
402 955 60
402 959 5
402 962 25
402 963 71
402 968 17
402 970 82
402 984 73
402 988 32
402 989 67
402 997 91
402 999 53
403 405 45
403 410 4
403 414 71
403 419 28
403 443 22
403 444 65
403 447 88
403 464 31
403 473 21
403 475 72
403 492 12
403 497 12
403 499 44
403 502 85
403 503 85
403 520 82
403 530 98
403 543 58
403 592 21
403 636 58
403 637 60
403 643 24
403 654 49
403 662 22
403 697 91
403 709 55
403 711 39
403 717 85
403 723 94
403 724 88
403 726 57
403 730 11
403 737 24
403 744 50
403 752 63
403 758 26
403 770 82
403 774 38
403 779 75
403 780 60
403 785 29
403 787 48
403 791 35
403 804 80
403 838 83
403 840 31
403 844 58
403 859 11
403 860 52
403 862 73
403 871 20
403 880 59
403 882 87
403 883 29
403 891 80
403 893 86
403 894 21
403 908 68
403 909 46
403 928 86
403 929 20
403 939 35
403 942 37
403 944 18
403 945 7
403 949 22
403 958 31
403 961 1
403 967 7
403 969 75
403 975 92
403 992 54
403 999 91
404 420 70
404 424 39
404 429 41
404 453 98
404 458 33
404 459 73
404 461 30
404 479 27
404 487 64
404 488 66
404 493 26
404 498 10
404 505 13
404 508 64
404 514 17
404 529 7
404 532 62
404 536 63
404 538 73
404 545 53
404 547 80
404 549 24
404 580 71
404 588 33
404 600 34
404 637 78
404 639 69
404 661 24
404 669 94
404 671 60
404 672 3
404 689 88
404 694 84
404 728 95
404 767 93
404 769 85
404 775 22
404 776 16
404 797 57
404 801 71
404 829 51
404 834 1
404 850 37
404 852 74
404 855 99
404 858 2
404 879 3
404 896 94
404 910 61
404 920 51
404 955 25
404 963 46
404 968 98
404 970 71
404 974 30
404 988 93
404 989 44
404 997 70
405 410 51
405 419 2
405 443 40
405 444 86
405 464 57
405 475 59
405 497 8
405 499 79
405 502 16
405 503 60
405 520 3
405 543 2
405 575 46
405 586 89
405 636 28
405 643 36
405 697 89
405 723 53
405 724 18
405 726 90
405 737 80
405 744 79
405 752 37
405 758 29
405 770 67
405 774 54
405 779 13
405 780 8
405 787 91
405 791 57
405 804 47
405 844 6
405 860 51
405 871 37
405 882 7
405 883 56
405 891 88
405 893 99
405 894 65
405 908 89
405 909 78
405 929 7
405 939 95
405 943 48
405 944 95
405 945 97
405 949 73
405 961 15
405 967 24
405 969 95
405 975 29
405 992 12
405 999 66
406 413 18
406 415 57
406 416 55
406 421 22
406 422 47
406 425 26
406 427 12
406 428 83
406 434 26
406 441 81
406 449 30
406 451 21
406 455 14
406 462 18
406 463 75
406 465 45
406 471 5
406 490 17
406 496 37
406 504 12
406 522 38
406 573 67
406 574 68
406 579 52
406 595 2
406 623 68
406 663 42
406 675 23
406 711 27
406 715 99
406 741 7
406 744 90
406 751 4
406 755 82
406 757 47
406 763 62
406 764 59
406 771 18
406 796 21
406 812 40
406 825 97
406 831 42
406 833 95
406 837 23
406 842 26
406 846 34
406 849 48
406 864 44
406 871 94
406 877 24
406 878 21
406 888 99
406 900 91
406 901 54
406 923 83
406 926 83
406 933 39
406 934 13
406 940 54
406 957 59
406 979 61
406 983 2
406 986 14
406 987 61
406 995 12
407 411 66
407 417 14
407 426 69
407 431 74
407 436 8
407 474 54
407 486 40
407 495 70
407 509 91
407 510 28
407 519 96
407 530 46
407 553 52
407 555 77
407 565 83
407 566 30
407 570 47
407 577 45
407 583 87
407 584 76
407 613 56
407 621 76
407 624 46
407 629 60
407 630 74
407 632 97
407 633 11
407 635 64
407 644 15
407 646 18
407 654 20
407 681 33
407 684 90
407 686 59
407 696 55
407 699 21
407 703 12
407 704 31
407 708 19
407 709 60
407 710 56
407 727 70
407 732 34
407 733 50
407 740 98
407 762 84
407 773 97
407 785 58
407 795 100
407 798 12
407 810 69
407 811 99
407 813 37
407 826 18
407 828 44
407 836 37
407 840 63
407 859 49
407 868 21
407 872 17
407 874 75
407 887 36
407 889 12
407 890 89
407 897 45
407 905 10
407 906 50
407 907 2
407 918 83
407 921 74
407 928 75
407 930 38
407 959 58
407 962 70
407 964 10
407 972 8
407 977 95
407 982 47
407 984 1
408 418 31
408 430 44
408 446 5
408 460 85
408 468 31
408 469 72
408 481 70
408 482 18
408 494 54
408 507 89
408 523 20
408 551 65
408 554 67
408 562 51
408 569 47
408 576 71
408 590 89
408 593 100
408 602 19
408 608 63
408 609 68
408 616 85
408 619 70
408 645 35
408 659 19
408 674 42
408 677 96
408 678 18
408 692 9
408 707 83
408 714 58
408 720 86
408 725 89
408 734 42
408 742 11
408 760 25
408 765 97
408 782 30
408 783 48
408 790 70
408 799 66
408 802 50
408 807 3
408 817 61
408 820 82
408 823 53
408 832 17
408 843 25
408 845 53
408 856 57
408 870 36
408 875 11
408 892 60
408 912 54
408 927 37
408 946 63
408 947 2
408 948 89
408 950 78
408 953 16
408 978 27
408 991 8
409 411 61
409 433 47
409 435 71
409 436 77
409 438 46
409 454 94
409 456 46
409 484 29
409 513 29
409 515 49
409 516 40
409 535 18
409 546 18
409 548 9
409 556 70
409 566 70
409 572 10
409 577 63
409 581 61
409 582 39
409 585 20
409 604 49
409 607 80
409 618 93
409 620 98
409 628 51
409 631 85
409 632 97
409 640 48
409 651 78
409 652 36
409 658 1
409 673 23
409 679 57
409 683 63
409 690 50
409 712 48
409 721 28
409 736 37
409 749 20
409 784 97
409 800 69
409 805 57
409 808 19
409 809 4
409 814 60
409 818 79
409 819 17
409 822 95
409 830 77
409 853 90
409 854 45
409 869 35
409 881 5
409 895 89
409 913 82
409 925 56
409 931 91
409 938 32
409 965 92
409 981 48
409 985 16
409 993 45
410 443 26
410 459 58
410 461 10
410 464 34
410 473 11
410 475 10
410 479 46
410 492 62
410 497 46
410 503 18
410 505 90
410 508 58
410 514 90
410 520 67
410 532 61
410 543 76
410 636 92
410 637 88
410 650 59
410 682 36
410 694 66
410 697 54
410 709 10
410 717 4
410 724 81
410 728 6
410 730 85
410 737 61
410 769 59
410 774 57
410 777 32
410 780 75
410 791 87
410 797 84
410 838 48
410 855 90
410 882 63
410 883 32
410 891 67
410 893 73
410 894 78
410 896 12
410 909 80
410 942 43
410 944 49
410 949 31
410 955 43
410 961 19
410 967 8
410 968 28
410 988 37
410 994 56
410 997 65
410 999 28
411 417 67
411 426 79
411 433 7
411 435 29
411 436 74
411 456 15
411 474 55
411 484 55
411 510 1
411 511 50
411 515 55
411 516 49
411 535 1
411 540 79
411 555 54
411 565 76
411 566 92
411 572 38
411 577 12
411 581 48
411 582 5
411 583 92
411 585 22
411 606 25
411 607 84
411 618 94
411 620 79
411 624 66
411 630 92
411 632 66
411 635 52
411 638 39
411 646 13
411 652 69
411 666 22
411 673 17
411 676 37
411 679 16
411 703 25
411 704 3
411 710 5
411 721 33
411 722 28
411 727 97
411 736 30
411 761 36
411 762 21
411 773 48
411 800 5
411 805 44
411 810 95
411 814 78
411 822 18
411 826 11
411 836 39
411 869 82
411 872 7
411 887 76
411 897 16
411 907 61
411 925 46
411 930 45
411 936 36
411 964 23
411 972 19
411 977 42
411 980 11
411 985 84
411 993 48
412 420 10
412 424 58
412 431 64
412 439 87
412 448 44
412 457 86
412 488 92
412 491 42
412 493 10
412 498 25
412 501 1
412 525 91
412 534 5
412 538 90
412 563 61
412 568 90
412 588 40
412 600 21
412 603 50
412 606 33
412 626 9
412 641 49
412 657 94
412 665 90
412 667 36
412 672 87
412 691 51
412 693 10
412 701 97
412 703 54
412 708 12
412 731 23
412 733 9
412 739 73
412 745 46
412 794 55
412 824 61
412 829 86
412 857 86
412 867 75
412 879 3
412 899 92
412 903 31
412 914 100
412 951 93
412 952 58
412 990 7
412 996 8
413 416 6
413 421 31
413 422 23
413 427 65
413 434 51
413 441 83
413 449 28
413 455 50
413 463 82
413 465 77
413 471 17
413 496 75
413 504 1
413 522 41
413 573 3
413 579 100
413 595 34
413 598 21
413 623 16
413 663 40
413 675 35
413 715 52
413 751 47
413 755 71
413 763 92
413 764 85
413 796 62
413 812 6
413 825 84
413 831 72
413 833 67
413 842 19
413 846 51
413 849 16
413 864 29
413 877 99
413 878 69
413 900 99
413 911 49
413 917 18
413 923 6
413 926 56
413 940 35
413 957 22
413 986 4
413 987 80
414 415 40
414 422 75
414 425 46
414 428 24
414 444 92
414 447 19
414 465 94
414 467 5
414 471 23
414 475 100
414 490 63
414 499 85
414 502 21
414 519 59
414 520 48
414 530 16
414 541 76
414 592 27
414 621 2
414 633 19
414 642 70
414 643 73
414 653 14
414 654 6
414 662 78
414 668 96
414 681 21
414 711 40
414 716 31
414 726 48
414 740 45
414 741 47
414 744 49
414 752 78
414 757 47
414 758 34
414 770 40
414 771 15
414 772 41
414 779 90
414 787 57
414 791 74
414 804 78
414 831 65
414 837 3
414 840 81
414 844 96
414 860 24
414 862 92
414 871 42
414 876 93
414 880 64
414 883 45
414 884 66
414 888 81
414 893 50
414 894 5
414 901 28
414 908 3
414 921 64
414 928 72
414 933 4
414 934 85
414 939 60
414 945 85
414 949 52
414 958 26
414 969 82
414 973 90
414 975 13
414 979 59
414 982 48
414 992 31
414 995 51
415 416 22
415 421 13
415 422 36
415 425 92
415 427 85
415 428 36
415 437 44
415 441 57
415 447 87
415 449 98
415 451 54
415 462 86
415 463 9
415 465 37
415 467 95
415 470 75
415 471 73
415 490 8
415 499 85
415 500 27
415 517 88
415 519 34
415 522 50
415 539 25
415 541 87
415 552 3
415 574 33
415 592 100
415 594 50
415 621 74
415 634 56
415 642 39
415 653 55
415 662 12
415 663 82
415 668 50
415 675 41
415 711 98
415 715 81
415 716 82
415 726 10
415 741 9
415 744 47
415 746 10
415 751 63
415 753 18
415 757 4
415 770 5
415 771 37
415 772 42
415 779 16
415 796 77
415 815 26
415 831 58
415 837 56
415 842 17
415 844 33
415 849 47
415 862 21
415 864 87
415 871 38
415 876 98
415 880 94
415 884 84
415 885 77
415 888 55
415 901 33
415 908 78
415 926 22
415 933 18
415 934 25
415 945 91
415 957 94
415 958 100
415 973 94
415 987 51
415 992 96
415 995 97
416 421 78
416 422 28
416 427 86
416 432 85
416 441 92
416 442 70
416 449 62
416 451 78
416 462 43
416 463 35
416 465 66
416 467 68
416 470 50
416 477 95
416 500 16
416 517 69
416 533 30
416 539 43
416 552 71
416 573 92
416 574 48
416 578 96
416 579 36
416 594 73
416 595 51
416 598 40
416 601 87
416 642 54
416 663 7
416 668 88
416 675 85
416 743 34
416 746 55
416 751 88
416 753 90
416 757 18
416 771 12
416 772 55
416 796 30
416 803 99
416 812 6
416 815 67
416 825 4
416 831 87
416 842 7
416 846 60
416 849 73
416 864 44
416 878 86
416 884 93
416 885 3
416 901 46
416 911 69
416 915 74
416 917 54
416 923 80
416 926 59
416 933 69
416 957 61
416 987 55
416 995 23
417 426 35
417 436 16
417 474 4
417 486 20
417 495 33
417 510 51
417 515 59
417 516 25
417 535 69
417 553 97
417 555 25
417 565 32
417 566 15
417 572 32
417 577 94
417 582 7
417 583 80
417 584 56
417 585 10
417 606 48
417 607 94
417 618 33
417 620 84
417 624 93
417 630 83
417 632 7
417 635 25
417 646 79
417 652 67
417 673 27
417 676 100
417 679 34
417 699 47
417 703 98
417 704 97
417 710 58
417 721 47
417 727 63
417 733 22
417 736 64
417 762 25
417 773 41
417 795 16
417 800 71
417 805 1
417 810 77
417 813 26
417 822 82
417 826 62
417 836 13
417 867 100
417 872 74
417 887 5
417 889 62
417 890 71
417 897 65
417 907 20
417 925 78
417 930 32
417 936 47
417 964 51
417 972 71
417 977 20
417 993 66
418 423 87
418 430 2
418 446 96
418 468 52
418 469 98
418 481 98
418 482 59
418 494 69
418 507 99
418 523 18
418 551 30
418 554 15
418 562 21
418 569 60
418 590 22
418 593 82
418 602 72
418 609 80
418 616 33
418 619 81
418 645 46
418 649 97
418 659 37
418 664 28
418 677 63
418 678 69
418 692 96
418 707 40
418 714 32
418 720 5
418 725 98
418 734 6
418 742 73
418 747 64
418 760 81
418 765 13
418 782 30
418 783 66
418 790 82
418 799 92
418 807 62
418 817 87
418 820 48
418 821 15
418 823 38
418 832 2
418 843 22
418 845 9
418 856 62
418 866 16
418 870 40
418 875 29
418 892 2
418 904 15
418 912 8
418 927 14
418 941 89
418 946 85
418 947 6
418 953 67
418 978 70
418 991 52
419 428 5
419 443 87
419 444 25
419 490 15
419 497 4
419 499 81
419 502 81
419 503 16
419 520 6
419 575 5
419 586 34
419 643 48
419 723 2
419 726 79
419 741 74
419 744 22
419 752 68
419 758 5
419 770 73
419 779 55
419 787 60
419 791 84
419 837 61
419 844 43
419 860 84
419 871 37
419 882 40
419 883 21
419 888 90
419 894 21
419 908 54
419 909 80
419 929 99
419 939 42
419 943 29
419 945 85
419 949 5
419 969 99
419 979 38
420 424 13
420 453 60
420 487 7
420 488 7
420 493 53
420 498 99
420 529 66
420 538 5
420 545 20
420 547 42
420 549 91
420 588 67
420 600 85
420 639 100
420 641 52
420 657 34
420 661 83
420 671 62
420 672 69
420 689 33
420 691 27
420 693 95
420 701 47
420 739 42
420 767 35
420 775 19
420 801 22
420 829 58
420 834 15
420 850 52
420 852 22
420 857 76
420 858 27
420 879 46
420 899 47
420 920 15
420 951 86
420 963 97
420 989 1
421 422 100
421 425 89
421 427 27
421 428 88
421 434 42
421 441 70
421 449 90
421 451 74
421 462 67
421 463 40
421 465 69
421 467 89
421 470 85
421 471 73
421 477 22
421 490 58
421 500 19
421 504 22
421 517 15
421 522 87
421 539 38
421 552 1
421 573 52
421 574 83
421 579 78
421 594 81
421 595 13
421 598 68
421 642 4
421 663 65
421 668 70
421 675 78
421 711 38
421 715 13
421 741 47
421 746 73
421 751 5
421 753 13
421 755 54
421 757 59
421 763 9
421 771 16
421 772 1
421 796 63
421 812 51
421 815 13
421 825 54
421 831 59
421 842 51
421 846 42
421 849 52
421 864 76
421 878 33
421 884 85
421 885 9
421 888 45
421 901 68
421 911 41
421 915 45
421 917 87
421 923 69
421 926 95
421 933 48
421 934 76
421 940 6
421 957 45
421 986 35
421 987 26
421 995 66
422 425 2
422 427 86
422 428 52
422 434 85
422 441 23
422 449 71
422 451 84
422 462 54
422 463 23
422 465 93
422 467 48
422 470 73
422 471 59
422 490 11
422 499 79
422 500 90
422 504 48
422 517 63
422 522 69
422 539 38
422 541 54
422 552 71
422 573 18
422 574 100
422 594 77
422 595 18
422 642 99
422 653 13
422 663 39
422 668 83
422 675 92
422 711 16
422 715 69
422 726 4
422 741 52
422 744 41
422 746 51
422 751 65
422 753 53
422 755 24
422 757 4
422 763 28
422 770 92
422 771 62
422 772 58
422 779 25
422 796 32
422 812 16
422 815 48
422 825 67
422 831 19
422 837 17
422 842 37
422 844 94
422 849 18
422 862 49
422 864 81
422 871 53
422 876 72
422 878 18
422 880 55
422 884 82
422 885 5
422 888 98
422 901 28
422 908 44
422 923 31
422 926 88
422 933 11
422 934 7
422 940 70
422 945 4
422 957 11
422 973 90
422 979 51
422 986 62
422 987 88
422 995 64
423 432 47
423 437 10
423 468 32
423 470 98
423 477 27
423 482 17
423 494 58
423 500 44
423 507 38
423 523 66
423 527 20
423 533 19
423 537 95
423 542 3
423 544 88
423 552 21
423 554 5
423 560 51
423 561 53
423 570 37
423 602 38
423 616 32
423 619 91
423 634 64
423 649 20
423 659 20
423 660 99
423 664 61
423 680 98
423 685 53
423 688 55
423 702 12
423 707 60
423 725 44
423 729 99
423 743 75
423 746 13
423 747 71
423 750 87
423 765 54
423 766 98
423 788 96
423 790 21
423 793 77
423 799 76
423 803 87
423 807 46
423 811 59
423 815 39
423 821 94
423 827 73
423 843 84
423 861 54
423 866 99
423 875 100
423 904 88
423 905 28
423 912 39
423 915 41
423 927 34
423 932 72
423 935 16
423 956 55
423 966 31
423 978 1
423 998 61
424 431 43
424 439 55
424 448 25
424 453 38
424 457 2
424 472 54
424 487 32
424 488 32
424 493 70
424 498 50
424 501 19
424 534 31
424 536 98
424 538 69
424 545 7
424 549 93
424 563 90
424 568 27
424 584 77
424 588 12
424 600 42
424 603 45
424 606 83
424 613 84
424 626 4
424 629 86
424 641 14
424 644 42
424 657 68
424 667 63
424 669 15
424 672 68
424 691 9
424 693 63
424 696 39
424 701 73
424 703 34
424 708 79
424 731 25
424 733 95
424 739 28
424 745 74
424 775 34
424 795 100
424 824 23
424 829 35
424 834 26
424 850 47
424 857 88
424 858 52
424 867 13
424 879 7
424 899 47
424 903 78
424 920 44
424 951 61
424 952 77
424 963 87
424 970 86
424 984 54
424 990 79
425 427 22
425 428 47
425 441 53
425 444 82
425 447 32
425 449 2
425 451 32
425 462 61
425 463 34
425 465 63
425 467 10
425 470 55
425 471 85
425 490 41
425 499 93
425 502 44
425 504 77
425 517 89
425 519 61
425 522 38
425 541 40
425 574 34
425 575 58
425 586 78
425 592 22
425 594 84
425 621 98
425 642 45
425 643 55
425 653 94
425 662 28
425 663 68
425 668 58
425 675 63
425 711 75
425 715 61
425 716 33
425 726 85
425 741 1
425 744 51
425 746 11
425 752 97
425 755 74
425 757 41
425 758 51
425 763 29
425 770 44
425 771 9
425 772 11
425 779 7
425 787 58
425 831 60
425 837 64
425 844 3
425 849 6
425 860 79
425 862 90
425 871 55
425 876 19
425 880 29
425 884 59
425 888 18
425 901 21
425 908 27
425 933 94
425 934 64
425 939 26
425 945 97
425 957 88
425 958 94
425 969 36
425 973 62
425 979 67
425 992 50
425 995 99
426 431 94
426 439 16
426 448 15
426 453 95
426 472 96
426 486 51
426 488 59
426 495 78
426 510 46
426 549 73
426 553 78
426 563 74
426 565 61
426 566 85
426 568 82
426 577 76
426 583 98
426 584 11
426 588 50
426 603 34
426 606 2
426 613 47
426 626 60
426 629 92
426 630 6
426 632 79
426 635 53
426 644 15
426 646 66
426 667 94
426 669 76
426 682 31
426 686 69
426 696 33
426 699 6
426 703 31
426 704 29
426 708 68
426 727 29
426 731 54
426 733 28
426 739 50
426 745 8
426 773 65
426 777 22
426 785 5
426 795 30
426 798 100
426 810 47
426 813 94
426 826 67
426 828 73
426 859 69
426 867 12
426 868 80
426 872 15
426 887 47
426 889 29
426 897 7
426 899 8
426 906 70
426 907 53
426 918 23
426 930 64
426 959 82
426 962 18
426 963 85
426 964 4
426 970 35
426 977 30
426 982 66
426 984 71
426 990 40
427 428 9
427 434 20
427 441 88
427 449 97
427 451 57
427 455 11
427 463 75
427 465 33
427 471 45
427 490 47
427 496 5
427 504 100
427 522 58
427 573 73
427 579 45
427 595 55
427 598 91
427 623 5
427 663 6
427 675 28
427 715 44
427 741 68
427 751 12
427 755 37
427 757 3
427 763 53
427 764 7
427 771 14
427 796 75
427 812 67
427 825 2
427 831 39
427 833 68
427 837 99
427 842 62
427 846 73
427 849 44
427 864 56
427 877 48
427 878 83
427 888 59
427 900 72
427 901 35
427 917 49
427 923 17
427 926 52
427 933 9
427 934 46
427 940 68
427 957 80
427 983 46
427 986 77
427 987 5
427 995 56
428 434 95
428 441 94
428 444 79
428 449 1
428 455 50
428 463 36
428 465 57
428 467 24
428 471 67
428 490 5
428 496 27
428 499 57
428 502 79
428 504 59
428 522 4
428 573 93
428 575 63
428 586 48
428 623 9
428 643 52
428 663 11
428 675 41
428 711 25
428 715 31
428 723 69
428 726 87
428 741 55
428 744 24
428 755 13
428 757 61
428 758 18
428 763 43
428 770 13
428 771 1
428 779 41
428 812 34
428 831 22
428 837 41
428 844 48
428 849 76
428 860 84
428 862 2
428 864 80
428 871 49
428 877 89
428 880 83
428 888 76
428 901 74
428 908 12
428 923 46
428 933 79
428 934 96
428 939 91
428 940 6
428 943 27
428 945 50
428 957 74
428 979 53
428 983 31
428 995 55
429 458 52
429 459 31
429 461 62
429 505 31
429 508 45
429 529 64
429 547 19
429 580 46
429 639 39
429 661 94
429 671 43
429 689 69
429 728 63
429 767 46
429 776 13
429 801 1
429 834 73
429 852 7
429 855 72
429 858 39
429 896 35
429 910 87
429 955 37
429 974 95
429 988 79
429 989 90
429 994 32
429 997 22
430 432 52
430 442 18
430 446 27
430 450 67
430 468 76
430 469 12
430 477 29
430 482 43
430 494 28
430 500 90
430 507 60
430 533 76
430 539 23
430 551 37
430 554 66
430 562 73
430 569 78
430 578 80
430 590 24
430 601 39
430 602 5
430 616 96
430 619 45
430 649 5
430 664 54
430 707 11
430 720 1
430 725 76
430 734 28
430 743 5
430 753 90
430 765 51
430 766 14
430 782 51
430 790 74
430 799 23
430 803 25
430 807 89
430 823 44
430 832 53
430 856 20
430 866 55
430 870 75
430 875 92
430 885 17
430 892 58
430 912 51
430 915 45
430 927 53
430 978 22
431 439 31
431 448 25
431 453 28
431 472 27
431 486 24
431 487 34
431 488 44
431 495 86
431 498 90
431 510 16
431 514 6
431 532 11
431 536 29
431 538 41
431 545 15
431 549 100
431 553 15
431 563 7
431 565 88
431 568 55
431 583 52
431 584 12
431 588 87
431 603 57
431 606 69
431 613 2
431 626 82
431 629 7
431 630 91
431 635 77
431 644 42
431 667 72
431 669 76
431 682 8
431 686 63
431 691 93
431 696 9
431 699 37
431 701 30
431 703 57
431 704 6
431 708 35
431 709 73
431 717 39
431 731 78
431 733 68
431 739 20
431 745 85
431 769 83
431 773 7
431 777 76
431 785 25
431 795 16
431 810 12
431 813 82
431 826 17
431 828 82
431 829 87
431 857 32
431 859 56
431 867 95
431 872 85
431 887 83
431 889 18
431 897 50
431 899 23
431 906 6
431 918 21
431 920 10
431 930 66
431 959 95
431 962 52
431 963 33
431 968 39
431 970 59
431 984 34
431 990 38
432 437 51
432 442 27
432 446 24
432 450 59
432 451 2
432 462 78
432 463 65
432 470 80
432 477 35
432 482 74
432 500 8
432 507 9
432 517 81
432 533 3
432 537 56
432 539 20
432 552 67
432 554 17
432 574 53
432 578 10
432 594 10
432 598 54
432 601 26
432 602 44
432 616 20
432 619 57
432 634 15
432 649 38
432 664 61
432 668 29
432 675 54
432 688 81
432 707 16
432 743 48
432 746 98
432 747 18
432 751 8
432 753 82
432 766 83
432 790 35
432 803 91
432 815 62
432 821 45
432 825 39
432 842 17
432 861 65
432 866 79
432 875 43
432 884 49
432 885 69
432 904 34
432 911 1
432 912 38
432 915 8
432 917 3
432 927 16
432 973 63
432 978 71
432 998 64
433 435 61
433 436 72
433 452 36
433 456 31
433 474 75
433 484 5
433 511 56
433 515 73
433 516 28
433 540 51
433 544 36
433 546 1
433 555 64
433 560 59
433 561 85
433 567 96
433 572 82
433 577 73
433 582 41
433 585 88
433 604 61
433 607 40
433 614 52
433 620 29
433 624 22
433 628 34
433 632 18
433 638 63
433 647 24
433 648 20
433 651 12
433 652 43
433 656 65
433 658 84
433 660 23
433 666 51
433 673 47
433 676 7
433 679 40
433 680 74
433 685 71
433 700 98
433 702 91
433 710 31
433 721 59
433 722 5
433 727 45
433 729 16
433 735 29
433 750 41
433 754 23
433 759 24
433 761 3
433 762 78
433 781 66
433 786 96
433 788 75
433 792 94
433 793 98
433 805 15
433 811 76
433 816 100
433 827 75
433 830 95
433 841 84
433 854 2
433 869 17
433 881 78
433 886 38
433 895 76
433 922 22
433 925 60
433 932 97
433 936 74
433 964 72
433 972 77
433 977 19
433 980 2
433 985 13
434 441 79
434 449 33
434 455 58
434 463 66
434 465 52
434 471 48
434 483 19
434 490 60
434 496 43
434 504 56
434 522 19
434 573 45
434 579 29
434 586 67
434 595 17
434 623 5
434 625 33
434 663 47
434 675 17
434 715 26
434 741 24
434 744 91
434 755 93
434 763 40
434 764 28
434 796 26
434 812 11
434 831 25
434 833 3
434 837 55
434 846 71
434 849 33
434 864 1
434 871 51
434 877 22
434 888 8
434 900 61
434 901 22
434 923 40
434 926 44
434 934 41
434 940 12
434 957 49
434 979 62
434 983 16
434 986 52
434 987 98
434 995 34
435 436 86
435 452 36
435 456 58
435 474 45
435 484 41
435 511 1
435 512 5
435 515 10
435 516 46
435 531 67
435 540 45
435 546 26
435 560 25
435 567 12
435 572 86
435 577 57
435 582 70
435 585 92
435 604 83
435 607 73
435 614 38
435 620 87
435 624 5
435 628 24
435 638 94
435 647 30
435 648 81
435 651 26
435 652 75
435 656 21
435 658 37
435 660 63
435 666 44
435 673 3
435 676 95
435 679 18
435 680 44
435 685 86
435 698 75
435 700 84
435 702 15
435 710 21
435 721 24
435 722 56
435 735 84
435 750 60
435 754 40
435 759 87
435 761 27
435 781 85
435 784 69
435 786 79
435 788 29
435 792 67
435 793 60
435 805 93
435 816 60
435 827 28
435 830 69
435 841 12
435 851 97
435 854 99
435 869 96
435 881 10
435 886 35
435 895 59
435 922 10
435 925 30
435 932 56
435 936 79
435 960 31
435 964 42
435 972 29
435 977 59
435 980 6
435 985 26
436 456 18
436 474 22
436 484 79
436 510 75
436 511 33
436 515 51
436 516 100
436 535 93
436 540 96
436 555 41
436 561 21
436 565 60
436 566 6
436 570 48
436 572 55
436 577 5
436 582 66
436 585 7
436 607 27
436 614 27
436 620 94
436 624 93
436 628 18
436 630 27
436 632 42
436 638 55
436 646 1
436 651 37
436 652 81
436 656 6
436 658 11
436 660 77
436 666 60
436 673 81
436 676 66
436 679 10
436 685 56
436 702 13
436 704 60
436 710 68
436 721 11
436 722 14
436 727 54
436 729 61
436 736 22
436 750 32
436 754 99
436 759 79
436 761 7
436 762 63
436 786 8
436 805 32
436 810 17
436 811 38
436 816 68
436 827 94
436 836 28
436 841 18
436 854 93
436 869 22
436 872 17
436 890 10
436 895 41
436 907 78
436 922 49
436 925 27
436 930 99
436 932 39
436 936 75
436 964 78
436 972 10
436 977 66
436 980 23
436 985 47
437 451 92
437 462 96
437 465 72
437 467 60
437 470 75
437 477 31
437 500 14
437 509 81
437 517 10
437 519 69
437 527 50
437 533 11
437 537 31
437 539 33
437 541 87
437 542 36
437 544 93
437 552 14
437 555 93
437 561 77
437 570 20
437 574 27
437 592 6
437 594 12
437 621 87
437 633 97
437 634 61
437 642 63
437 649 74
437 653 98
437 664 79
437 668 76
437 681 80
437 684 8
437 688 35
437 702 87
437 716 89
437 729 65
437 732 36
437 740 71
437 746 17
437 753 71
437 757 72
437 766 66
437 771 59
437 772 99
437 803 81
437 811 12
437 815 86
437 821 29
437 836 77
437 861 48
437 862 88
437 866 9
437 874 39
437 876 50
437 880 93
437 884 22
437 890 83
437 904 68
437 905 30
437 912 92
437 915 60
437 921 2
437 933 63
437 935 15
437 956 35
437 966 95
437 973 47
437 998 51
438 440 79
438 454 85
438 466 27
438 478 37
438 480 89
438 484 78
438 489 5
438 506 21
438 510 89
438 515 78
438 516 4
438 521 71
438 535 46
438 548 76
438 556 84
438 558 40
438 559 18
438 566 99
438 572 81
438 577 12
438 581 10
438 610 41
438 612 31
438 618 11
438 631 61
438 640 16
438 652 69
438 665 2
438 673 78
438 687 43
438 690 6
438 712 32
438 721 27
438 736 8
438 738 61
438 749 37
438 778 77
438 789 99
438 794 1
438 800 30
438 808 27
438 814 75
438 818 86
438 819 40
438 822 17
438 848 40
438 913 85
438 914 93
438 916 92
438 919 47
438 931 8
438 938 40
438 993 73
439 448 24
439 453 36
439 457 42
439 472 26
439 486 46
439 488 69
439 493 32
439 495 1
439 498 14
439 501 86
439 510 71
439 525 5
439 534 74
439 538 58
439 545 52
439 549 76
439 553 18
439 563 17
439 565 54
439 568 74
439 584 43
439 588 80
439 600 11
439 603 32
439 606 52
439 612 45
439 613 99
439 626 17
439 629 86
439 635 86
439 641 8
439 644 46
439 657 87
439 667 62
439 669 83
439 691 19
439 693 19
439 696 85
439 701 100
439 703 63
439 704 3
439 708 35
439 731 34
439 733 93
439 739 5
439 745 38
439 773 22
439 794 88
439 795 40
439 824 24
439 826 84
439 828 52
439 829 36
439 857 84
439 867 47
439 872 52
439 887 55
439 897 77
439 899 17
439 903 44
439 914 90
439 930 75
439 951 9
439 952 68
439 959 69
439 963 12
439 970 5
439 984 3
439 990 26
440 448 93
440 457 45
440 466 1
440 478 27
440 480 38
440 491 87
440 501 39
440 506 55
440 525 1
440 534 84
440 548 91
440 556 64
440 558 30
440 563 39
440 568 50
440 581 82
440 603 75
440 610 73
440 612 43
440 626 59
440 657 18
440 665 74
440 687 86
440 712 100
440 736 40
440 738 46
440 749 52
440 789 15
440 794 46
440 800 11
440 814 61
440 822 35
440 824 77
440 848 12
440 903 61
440 914 22
440 916 13
440 919 2
440 952 100
440 990 17
440 993 69
440 996 7
441 449 78
441 451 1
441 462 14
441 463 47
441 465 80
441 471 13
441 490 67
441 500 90
441 504 25
441 517 34
441 522 43
441 539 70
441 573 96
441 574 50
441 578 35
441 579 33
441 594 35
441 595 40
441 598 30
441 663 31
441 668 88
441 675 9
441 715 13
441 741 50
441 751 20
441 753 63
441 755 68
441 757 95
441 763 82
441 771 15
441 796 10
441 812 5
441 825 14
441 831 8
441 833 60
441 842 47
441 846 8
441 849 28
441 864 6
441 878 22
441 884 4
441 885 74
441 888 7
441 901 38
441 911 95
441 917 45
441 923 68
441 926 9
441 933 71
441 934 18
441 940 79
441 957 33
441 986 54
441 987 78
441 995 13
442 446 18
442 450 20
442 451 35
442 462 97
442 470 42
442 477 11
442 482 7
442 500 67
442 507 66
442 517 42
442 533 61
442 537 29
442 539 7
442 552 75
442 554 77
442 574 53
442 578 31
442 590 12
442 594 5
442 598 62
442 601 99
442 602 97
442 616 17
442 619 71
442 649 41
442 664 97
442 675 8
442 688 36
442 707 59
442 743 84
442 751 51
442 753 58
442 766 73
442 790 28
442 803 89
442 815 40
442 825 91
442 832 20
442 842 15
442 856 95
442 866 39
442 878 84
442 885 100
442 904 89
442 911 47
442 912 86
442 915 63
442 917 59
442 978 75
443 444 25
443 447 67
443 459 84
443 461 38
443 464 1
443 473 37
443 475 31
443 479 79
443 492 38
443 497 36
443 503 34
443 514 87
443 520 10
443 530 46
443 532 1
443 543 35
443 592 95
443 636 62
443 637 90
443 643 40
443 650 79
443 654 75
443 662 54
443 682 38
443 694 35
443 697 41
443 709 50
443 717 17
443 724 20
443 726 24
443 730 12
443 737 98
443 752 94
443 758 17
443 770 92
443 774 45
443 777 67
443 780 49
443 785 90
443 787 69
443 791 87
443 797 31
443 804 94
443 838 45
443 840 93
443 859 68
443 860 83
443 862 51
443 882 29
443 883 94
443 891 41
443 893 83
443 894 68
443 906 90
443 908 17
443 909 13
443 928 14
443 929 48
443 939 73
443 942 64
443 944 40
443 949 15
443 955 71
443 958 77
443 961 37
443 967 75
443 968 42
443 969 58
443 975 56
443 992 57
443 994 33
443 999 97
444 447 7
444 464 44
444 475 30
444 490 69
444 497 74
444 499 26
444 502 99
444 503 56
444 520 8
444 530 94
444 543 52
444 575 22
444 586 64
444 592 45
444 621 48
444 636 21
444 643 67
444 662 30
444 697 4
444 711 83
444 716 24
444 723 80
444 724 29
444 726 11
444 730 80
444 741 89
444 744 53
444 752 22
444 758 14
444 770 26
444 779 94
444 787 84
444 791 36
444 804 93
444 837 38
444 840 8
444 844 42
444 860 78
444 862 64
444 871 2
444 876 51
444 880 33
444 882 77
444 883 65
444 888 89
444 891 20
444 893 48
444 894 48
444 901 14
444 908 89
444 909 44
444 928 67
444 929 21
444 934 87
444 939 84
444 943 95
444 944 33
444 945 62
444 949 71
444 958 66
444 961 42
444 967 73
444 969 23
444 975 43
444 979 6
444 992 34
444 995 18
445 460 48
445 481 88
445 485 23
445 518 71
445 526 27
445 576 8
445 591 91
445 593 35
445 596 31
445 608 25
445 609 90
445 611 30
445 615 9
445 645 18
445 655 5
445 674 1
445 677 35
445 678 58
445 692 77
445 705 70
445 714 9
445 718 25
445 719 26
445 742 53
445 756 59
445 760 95
445 783 50
445 802 62
445 806 15
445 845 11
445 863 61
445 865 31
445 870 7
445 941 46
445 948 69
445 950 61
445 953 6
445 991 70
446 450 91
446 468 56
446 469 58
446 477 18
446 482 28
446 494 14
446 507 65
446 551 98
446 554 28
446 562 72
446 569 18
446 578 69
446 590 25
446 601 9
446 602 43
446 616 57
446 619 89
446 649 86
446 707 58
446 720 88
446 725 26
446 734 76
446 743 4
446 765 47
446 782 95
446 790 1
446 823 38
446 832 53
446 856 85
446 866 26
446 870 46
446 875 94
446 892 46
446 912 91
446 915 41
446 927 22
446 947 66
446 978 51
446 991 24
447 464 50
447 467 18
447 475 67
447 499 38
447 509 85
447 519 78
447 520 72
447 530 40
447 541 37
447 543 91
447 583 37
447 592 42
447 621 48
447 633 64
447 634 71
447 642 42
447 643 45
447 646 39
447 653 97
447 654 81
447 662 54
447 668 41
447 681 43
447 686 62
447 709 77
447 711 52
447 716 99
447 717 90
447 726 19
447 730 79
447 732 27
447 740 81
447 752 76
447 757 83
447 758 72
447 770 4
447 771 57
447 772 35
447 779 73
447 785 6
447 787 91
447 798 81
447 804 11
447 813 21
447 840 84
447 844 24
447 859 54
447 860 96
447 862 73
447 868 25
447 876 85
447 880 30
447 883 82
447 893 89
447 894 35
447 905 27
447 908 20
447 918 4
447 921 87
447 928 77
447 934 92
447 939 86
447 945 13
447 949 9
447 958 41
447 962 16
447 969 30
447 973 70
447 975 67
447 982 11
447 992 84
448 457 76
448 466 97
448 486 33
448 491 36
448 501 9
448 510 23
448 525 7
448 534 100
448 563 80
448 565 92
448 566 99
448 568 72
448 584 29
448 588 63
448 603 5
448 606 48
448 610 24
448 612 75
448 613 53
448 626 20
448 635 90
448 641 93
448 657 44
448 665 100
448 667 19
448 691 9
448 693 58
448 701 11
448 703 80
448 704 2
448 708 46
448 731 35
448 733 79
448 739 39
448 745 5
448 773 54
448 794 90
448 795 13
448 822 67
448 824 38
448 826 1
448 857 66
448 867 92
448 872 98
448 887 83
448 897 53
448 899 33
448 903 70
448 914 82
448 930 63
448 951 20
448 952 32
448 990 26
448 993 74
448 996 52
449 451 39
449 455 100
449 462 54
449 463 93
449 465 6
449 467 44
449 471 21
449 490 70
449 496 34
449 504 86
449 517 8
449 522 1
449 539 92
449 573 68
449 574 52
449 579 46
449 594 22
449 595 21
449 598 73
449 623 14
449 663 31
449 668 57
449 675 60
449 711 90
449 715 23
449 741 67
449 751 18
449 755 37
449 757 7
449 763 27
449 771 69
449 772 80
449 796 47
449 812 33
449 825 59
449 831 99
449 833 17
449 837 2
449 842 18
449 846 68
449 849 14
449 864 5
449 871 17
449 877 55
449 878 49
449 884 31
449 885 17
449 888 1
449 901 87
449 923 85
449 926 53
449 933 25
449 934 1
449 940 86
449 957 71
449 979 85
449 983 64
449 986 74
449 987 4
449 995 86
450 477 57
450 482 16
450 500 34
450 507 27
450 539 100
450 554 24
450 578 96
450 590 61
450 598 53
450 601 67
450 602 50
450 619 22
450 720 55
450 743 16
450 753 69
450 790 43
450 803 12
450 825 13
450 832 51
450 842 47
450 856 58
450 878 27
450 885 20
450 911 99
450 915 83
450 917 56
450 978 47
451 462 7
451 463 45
451 465 100
451 467 94
451 470 90
451 477 68
451 500 14
451 517 14
451 533 96
451 537 36
451 539 10
451 541 61
451 552 88
451 574 9
451 594 90
451 598 59
451 601 4
451 634 17
451 642 46
451 653 23
451 664 74
451 668 65
451 675 10
451 688 16
451 711 9
451 743 72
451 746 63
451 751 89
451 753 32
451 757 93
451 766 95
451 771 56
451 772 3
451 796 37
451 803 24
451 815 40
451 825 61
451 831 3
451 842 36
451 849 53
451 864 65
451 866 17
451 876 75
451 878 4
451 884 89
451 885 34
451 901 65
451 911 5
451 915 31
451 917 49
451 926 100
451 933 9
451 934 20
451 957 97
451 973 36
451 987 45
451 995 61
452 511 4
452 512 74
452 518 96
452 523 64
452 531 5
452 540 89
452 550 74
452 557 54
452 560 78
452 567 8
452 589 17
452 593 59
452 614 22
452 617 12
452 628 12
452 647 40
452 648 47
452 651 18
452 656 10
452 658 40
452 660 82
452 666 1
452 670 8
452 685 30
452 698 39
452 700 2
452 714 46
452 719 52
452 722 22
452 735 69
452 750 54
452 754 4
452 756 37
452 759 38
452 781 87
452 783 20
452 786 5
452 788 58
452 792 84
452 793 88
452 816 51
452 817 29
452 820 77
452 827 23
452 830 23
452 835 51
452 841 28
452 843 23
452 847 65
452 851 37
452 854 33
452 863 89
452 886 76
452 902 57
452 922 69
452 932 59
452 941 84
452 946 36
452 953 60
452 960 83
452 976 19
452 980 9
453 472 97
453 479 44
453 487 74
453 488 42
453 493 83
453 498 94
453 508 79
453 514 34
453 532 65
453 536 57
453 538 13
453 545 58
453 547 70
453 549 70
453 553 45
453 584 26
453 588 63
453 600 70
453 613 12
453 629 4
453 639 17
453 641 47
453 644 58
453 661 35
453 667 98
453 669 56
453 672 90
453 682 40
453 691 69
453 693 95
453 696 62
453 703 86
453 708 54
453 709 50
453 717 95
453 731 1
453 733 31
453 739 26
453 745 43
453 767 22
453 769 10
453 775 9
453 776 25
453 777 96
453 795 41
453 797 39
453 801 68
453 828 65
453 829 63
453 834 42
453 850 90
453 852 26
453 855 49
453 857 76
453 858 74
453 867 28
453 879 15
453 896 14
453 899 32
453 906 3
453 920 48
453 955 12
453 959 15
453 962 7
453 963 21
453 968 51
453 970 67
453 984 32
453 988 93
453 989 62
453 997 73
454 456 31
454 476 29
454 484 54
454 489 42
454 513 8
454 515 89
454 516 84
454 521 98
454 524 30
454 528 28
454 535 68
454 546 3
454 548 64
454 556 28
454 564 13
454 571 49
454 572 40
454 581 85
454 587 1
454 597 65
454 599 92
454 604 80
454 605 11
454 607 96
454 618 66
454 620 44
454 627 43
454 631 61
454 640 49
454 651 77
454 673 72
454 683 57
454 690 74
454 695 99
454 712 53
454 713 40
454 721 98
454 736 42
454 738 74
454 749 59
454 768 13
454 778 78
454 784 22
454 800 42
454 808 58
454 809 57
454 814 19
454 818 73
454 819 74
454 847 24
454 853 10
454 869 59
454 881 80
454 895 56
454 913 78
454 916 53
454 919 48
454 924 6
454 931 66
454 937 20
454 938 38
454 954 30
454 965 42
454 971 21
454 981 25
454 985 65
455 471 76
455 483 78
455 490 7
455 496 47
455 502 42
455 504 16
455 522 81
455 573 57
455 575 70
455 586 31
455 623 3
455 625 77
455 663 4
455 715 48
455 741 65
455 744 18
455 755 49
455 763 72
455 764 43
455 779 68
455 812 46
455 831 72
455 833 69
455 837 55
455 846 89
455 849 23
455 864 21
455 871 56
455 877 49
455 888 73
455 900 99
455 901 22
455 923 39
455 934 31
455 940 71
455 943 72
455 957 28
455 979 52
455 983 62
455 986 33
455 995 19
456 484 38
456 511 89
456 513 23
456 515 3
456 516 4
456 535 72
456 540 98
456 546 77
456 556 81
456 567 20
456 572 30
456 577 68
456 581 6
456 582 68
456 585 13
456 604 23
456 607 94
456 614 39
456 618 29
456 620 22
456 627 70
456 628 67
456 640 87
456 647 78
456 651 77
456 652 25
456 656 22
456 658 76
456 673 91
456 676 39
456 679 98
456 683 80
456 700 56
456 712 21
456 721 51
456 736 65
456 754 77
456 759 1
456 784 4
456 800 84
456 805 30
456 809 42
456 814 3
456 816 5
456 818 75
456 819 11
456 830 29
456 841 60
456 847 63
456 851 8
456 853 82
456 854 69
456 869 48
456 881 56
456 895 23
456 902 43
456 922 54
456 924 37
456 925 97
456 931 99
456 938 24
456 965 6
456 980 53
456 981 22
456 985 60
457 466 61
457 491 53
457 501 81
457 525 25
457 534 25
457 563 66
457 568 41
457 588 66
457 603 78
457 606 93
457 612 86
457 626 1
457 641 13
457 657 35
457 665 100
457 667 89
457 672 8
457 687 15
457 691 62
457 693 59
457 701 99
457 703 26
457 708 3
457 731 67
457 733 25
457 739 27
457 745 8
457 773 6
457 794 99
457 795 77
457 824 81
457 857 63
457 867 86
457 899 48
457 903 40
457 914 81
457 951 94
457 952 75
457 990 13
457 996 78
458 459 22
458 461 61
458 479 70
458 487 96
458 505 50
458 508 70
458 529 66
458 545 91
458 547 40
458 580 44
458 639 92
458 650 76
458 661 93
458 671 57
458 689 26
458 694 57
458 728 64
458 767 18
458 769 52
458 775 4
458 776 91
458 797 54
458 801 91
458 834 51
458 852 100
458 855 65
458 858 21
458 896 61
458 910 92
458 920 9
458 955 84
458 974 72
458 988 81
458 989 40
458 994 86
458 997 74
459 461 34
459 464 45
459 473 36
459 479 85
459 487 32
459 492 12
459 497 82
459 505 95
459 508 53
459 514 97
459 532 50
459 536 89
459 543 27
459 545 47
459 549 20
459 580 49
459 636 40
459 637 49
459 639 89
459 650 22
459 661 81
459 682 42
459 689 29
459 694 59
459 697 81
459 717 77
459 724 38
459 728 15
459 730 1
459 737 15
459 767 56
459 769 67
459 774 75
459 776 5
459 777 30
459 780 95
459 797 95
459 801 88
459 834 11
459 838 4
459 855 31
459 891 90
459 896 86
459 909 11
459 920 46
459 942 3
459 944 55
459 955 67
459 961 24
459 963 55
459 967 56
459 968 97
459 974 65
459 988 67
459 989 76
459 994 45
459 997 29
459 999 83
460 481 22
460 485 55
460 518 87
460 523 93
460 526 85
460 551 86
460 557 80
460 562 72
460 569 65
460 576 50
460 591 48
460 593 87
460 596 56
460 608 36
460 609 69
460 611 16
460 615 75
460 617 84
460 645 63
460 655 35
460 659 29
460 674 40
460 677 19
460 678 1
460 692 61
460 705 78
460 714 24
460 718 97
460 719 48
460 725 34
460 742 53
460 756 39
460 760 47
460 765 82
460 783 83
460 799 40
460 802 67
460 806 92
460 807 80
460 817 70
460 820 54
460 845 79
460 863 11
460 865 38
460 870 18
460 941 18
460 946 52
460 947 42
460 948 1
460 950 68
460 953 98
460 991 18
461 464 95
461 473 94
461 479 33
461 492 33
461 497 78
461 503 7
461 505 27
461 508 46
461 514 90
461 532 58
461 536 41
461 543 37
461 580 80
461 636 56
461 637 51
461 639 17
461 650 18
461 661 55
461 682 63
461 694 8
461 697 75
461 717 1
461 724 59
461 728 77
461 730 40
461 737 49
461 767 46
461 769 25
461 774 78
461 776 15
461 777 51
461 780 82
461 797 21
461 838 84
461 855 25
461 883 66
461 891 4
461 896 85
461 909 19
461 920 53
461 942 34
461 944 67
461 949 61
461 955 85
461 961 93
461 967 19
461 968 88
461 974 27
461 988 10
461 989 16
461 994 88
461 997 84
461 999 59
462 463 70
462 465 59
462 467 40
462 470 89
462 477 3
462 500 12
462 517 27
462 533 46
462 537 28
462 539 5
462 541 33
462 552 54
462 574 35
462 594 73
462 598 27
462 601 47
462 602 36
462 634 22
462 642 87
462 649 27
462 653 20
462 664 91
462 668 41
462 675 95
462 688 25
462 711 74
462 743 27
462 746 63
462 751 15
462 753 18
462 757 73
462 766 99
462 771 55
462 772 85
462 790 95
462 803 11
462 815 1
462 821 26
462 825 20
462 831 44
462 842 29
462 864 95
462 866 45
462 876 78
462 878 41
462 884 96
462 885 62
462 901 49
462 904 18
462 915 65
462 917 72
462 926 81
462 933 44
462 934 24
462 957 78
462 973 86
462 978 35
462 987 32
462 995 67
462 998 59
463 465 49
463 467 33
463 470 77
463 471 63
463 477 52
463 490 20
463 500 17
463 504 28
463 517 8
463 522 60
463 539 7
463 552 77
463 573 53
463 574 70
463 579 88
463 594 37
463 595 35
463 598 14
463 642 30
463 663 89
463 668 11
463 675 78
463 711 25
463 715 57
463 741 53
463 746 3
463 751 66
463 753 85
463 755 78
463 757 75
463 763 98
463 771 81
463 772 16
463 796 81
463 812 89
463 815 36
463 825 65
463 831 14
463 837 35
463 842 41
463 846 46
463 849 49
463 864 41
463 878 13
463 884 61
463 885 3
463 888 56
463 901 85
463 911 36
463 915 89
463 917 27
463 923 92
463 926 55
463 933 84
463 934 75
463 957 55
463 973 63
463 986 11
463 987 20
463 995 62
464 472 65
464 473 100
464 475 34
464 479 88
464 492 9
464 497 71
464 503 3
464 508 82
464 514 71
464 520 3
464 530 66
464 532 23
464 536 76
464 543 23
464 636 85
464 637 44
464 644 98
464 650 37
464 654 65
464 662 30
464 682 73
464 686 15
464 694 34
464 696 13
464 697 89
464 709 97
464 717 10
464 724 46
464 730 5
464 737 42
464 752 21
464 758 66
464 769 41
464 774 65
464 777 95
464 780 56
464 785 4
464 787 13
464 797 25
464 804 62
464 828 16
464 838 6
464 840 28
464 855 41
464 859 93
464 860 52
464 882 48
464 883 90
464 891 55
464 893 94
464 894 21
464 896 39
464 906 3
464 909 13
464 918 39
464 928 7
464 939 35
464 942 22
464 944 55
464 949 52
464 955 66
464 958 62
464 959 56
464 961 73
464 962 70
464 967 16
464 968 67
464 969 23
464 975 70
464 982 49
464 988 74
464 992 42
464 994 36
464 997 53
464 999 97
465 467 36
465 470 86
465 471 16
465 490 24
465 499 47
465 500 48
465 504 81
465 517 13
465 522 77
465 539 75
465 541 88
465 552 41
465 573 80
465 574 94
465 594 21
465 595 55
465 598 29
465 642 94
465 653 15
465 663 89
465 668 49
465 675 95
465 711 84
465 715 6
465 741 54
465 744 27
465 746 84
465 751 64
465 753 72
465 755 99
465 757 64
465 763 75
465 770 53
465 771 41
465 772 96
465 796 51
465 812 31
465 815 30
465 825 73
465 831 21
465 837 32
465 842 83
465 844 66
465 849 71
465 862 4
465 864 64
465 871 92
465 876 67
465 878 44
465 880 15
465 884 67
465 885 37
465 888 8
465 901 37
465 908 38
465 915 59
465 923 17
465 926 39
465 933 32
465 934 47
465 945 98
465 957 79
465 973 81
465 987 49
465 995 57
466 478 96
466 480 43
466 489 49
466 491 63
466 501 17
466 506 22
466 521 1
466 525 36
466 534 23
466 535 7
466 548 13
466 556 82
466 558 77
466 559 18
466 563 65
466 568 18
466 581 29
466 603 49
466 610 37
466 612 72
466 618 84
466 626 43
466 631 88
466 640 8
466 665 15
466 687 17
466 712 1
466 736 79
466 738 20
466 749 28
466 789 81
466 794 32
466 800 81
466 814 3
466 819 73
466 822 9
466 824 46
466 848 91
466 903 4
466 914 72
466 916 42
466 919 56
466 952 92
466 990 57
466 993 84
466 996 7
467 470 81
467 490 63
467 499 17
467 500 11
467 509 13
467 517 78
467 519 51
467 533 78
467 537 46
467 539 25
467 541 41
467 542 37
467 552 54
467 574 97
467 592 40
467 594 29
467 621 81
467 633 32
467 634 12
467 642 17
467 653 91
467 662 50
467 668 16
467 675 21
467 681 92
467 684 73
467 688 86
467 711 99
467 716 36
467 732 4
467 740 59
467 746 99
467 753 89
467 757 86
467 766 19
467 770 79
467 771 99
467 772 13
467 803 5
467 815 60
467 831 41
467 862 70
467 874 28
467 876 37
467 880 97
467 884 98
467 901 24
467 905 23
467 908 21
467 915 37
467 921 41
467 933 23
467 934 37
467 935 52
467 945 88
467 958 75
467 973 1
467 992 38
467 995 32
468 469 44
468 481 100
468 482 90
468 494 93
468 507 52
468 523 79
468 551 56
468 554 84
468 562 4
468 569 29
468 590 74
468 602 7
468 608 79
468 609 36
468 616 76
468 619 10
468 645 23
468 649 28
468 659 30
468 677 79
468 678 8
468 692 16
468 707 14
468 714 93
468 720 21
468 725 15
468 734 68
468 742 59
468 747 36
468 760 75
468 765 90
468 782 26
468 790 74
468 799 9
468 807 28
468 820 43
468 823 4
468 832 22
468 843 98
468 845 78
468 856 16
468 866 29
468 870 68
468 875 64
468 892 91
468 912 61
468 927 48
468 946 35
468 947 86
468 978 30
468 991 85
469 481 75
469 482 53
469 494 88
469 507 39
469 551 65
469 554 60
469 562 72
469 569 2
469 590 31
469 602 72
469 608 29
469 609 57
469 616 94
469 619 100
469 645 77
469 659 92
469 674 10
469 677 50
469 678 83
469 692 100
469 707 25
469 720 8
469 725 60
469 734 28
469 742 3
469 760 28
469 765 11
469 782 91
469 790 12
469 799 75
469 802 35
469 807 84
469 823 73
469 832 19
469 856 58
469 870 66
469 875 19
469 892 18
469 927 58
469 947 89
469 948 86
469 978 67
469 991 55
470 477 92
470 500 32
470 517 63
470 519 83
470 527 24
470 533 7
470 537 42
470 539 36
470 541 43
470 542 58
470 552 36
470 570 93
470 574 41
470 594 35
470 598 84
470 602 50
470 634 21
470 642 31
470 649 21
470 653 26
470 664 20
470 668 68
470 675 12
470 684 3
470 688 38
470 716 100
470 740 73
470 743 58
470 746 71
470 751 91
470 753 84
470 757 53
470 766 76
470 771 80
470 772 67
470 790 33
470 803 80
470 815 6
470 821 27
470 842 11
470 861 59
470 866 4
470 874 4
470 876 77
470 884 61
470 885 47
470 901 60
470 904 85
470 905 66
470 912 18
470 915 1
470 933 14
470 935 81
470 956 80
470 966 15
470 973 24
470 978 40
470 995 38
470 998 8
471 483 42
471 490 38
471 496 71
471 499 45
471 502 31
471 504 89
471 522 30
471 573 98
471 575 50
471 586 13
471 623 54
471 643 99
471 663 28
471 675 87
471 711 79
471 715 49
471 726 7
471 741 82
471 744 49
471 755 31
471 757 100
471 763 49
471 764 54
471 770 35
471 771 59
471 779 20
471 796 69
471 812 69
471 831 62
471 833 25
471 837 50
471 844 42
471 846 45
471 849 99
471 864 18
471 871 59
471 877 21
471 888 89
471 900 4
471 901 27
471 908 6
471 923 1
471 926 60
471 933 31
471 934 21
471 940 98
471 943 43
471 945 46
471 957 66
471 979 93
471 983 100
471 986 43
471 987 8
471 995 67
472 473 8
472 475 51
472 479 45
472 486 1
472 487 67
472 488 27
472 492 73
472 493 26
472 495 46
472 498 78
472 514 19
472 532 100
472 536 49
472 538 56
472 545 28
472 549 77
472 553 76
472 583 70
472 584 49
472 588 84
472 613 50
472 629 20
472 635 60
472 637 82
472 644 33
472 654 59
472 667 40
472 669 73
472 682 55
472 686 77
472 696 44
472 699 24
472 703 93
472 708 84
472 709 68
472 717 40
472 724 83
472 730 13
472 731 92
472 733 48
472 739 51
472 769 94
472 773 13
472 777 20
472 785 37
472 795 50
472 797 21
472 798 83
472 813 44
472 828 33
472 829 11
472 838 79
472 855 31
472 857 17
472 859 59
472 872 64
472 887 36
472 889 72
472 896 45
472 897 88
472 899 56
472 906 92
472 918 94
472 920 65
472 928 68
472 955 95
472 959 50
472 962 61
472 963 77
472 968 64
472 970 61
472 984 56
472 988 92
472 989 10
472 997 61
473 475 32
473 479 65
473 492 52
473 497 43
473 503 10
473 508 61
473 514 41
473 520 97
473 530 1
473 532 72
473 536 90
473 543 5
473 545 79
473 553 33
473 629 16
473 636 95
473 637 17
473 644 54
473 650 62
473 654 53
473 669 52
473 682 84
473 686 8
473 694 94
473 696 32
473 697 41
473 709 50
473 717 67
473 724 99
473 728 63
473 730 53
473 737 7
473 752 42
473 758 89
473 769 18
473 774 79
473 777 89
473 780 5
473 785 36
473 787 96
473 797 47
473 804 8
473 828 14
473 838 68
473 840 8
473 855 82
473 859 24
473 883 69
473 891 58
473 893 14
473 894 70
473 896 82
473 906 46
473 909 26
473 918 72
473 920 39
473 928 17
473 942 93
473 944 60
473 949 56
473 955 40
473 959 21
473 961 37
473 962 46
473 963 92
473 967 53
473 968 91
473 969 1
473 970 56
473 975 43
473 982 42
473 984 36
473 988 73
473 992 69
473 994 74
473 997 27
473 999 60
474 486 62
474 495 27
474 509 99
474 510 67
474 511 19
474 516 33
474 527 64
474 540 42
474 542 25
474 544 75
474 555 30
474 561 64
474 565 99
474 566 2
474 570 49
474 577 8
474 582 34
474 583 54
474 585 79
474 607 45
474 620 74
474 624 19
474 630 33
474 632 99
474 633 19
474 638 22
474 646 51
474 652 93
474 660 33
474 666 93
474 676 32
474 679 81
474 684 60
474 685 9
474 699 8
474 702 26
474 704 82
474 710 41
474 722 34
474 727 67
474 729 55
474 732 5
474 740 10
474 750 73
474 759 98
474 761 84
474 762 53
474 798 29
474 805 37
474 810 88
474 811 100
474 813 82
474 816 84
474 827 83
474 836 30
474 868 24
474 872 96
474 874 40
474 887 17
474 890 93
474 897 48
474 905 52
474 907 31
474 921 99
474 922 6
474 925 19
474 930 53
474 935 40
474 936 85
474 956 69
474 964 22
474 966 32
474 972 47
474 977 68
474 980 66
475 479 29
475 492 32
475 495 93
475 497 86
475 499 94
475 503 42
475 509 33
475 514 55
475 519 36
475 520 4
475 530 48
475 532 40
475 536 30
475 543 91
475 553 52
475 583 70
475 592 14
475 621 40
475 629 11
475 633 18
475 636 42
475 637 40
475 644 89
475 654 22
475 662 14
475 681 74
475 682 46
475 686 47
475 694 39
475 697 52
475 699 32
475 709 37
475 716 82
475 717 98
475 724 42
475 726 27
475 730 80
475 752 80
475 758 89
475 770 87
475 774 58
475 777 82
475 780 95
475 785 86
475 787 39
475 797 89
475 798 93
475 804 73
475 813 33
475 828 60
475 838 4
475 840 7
475 859 9
475 860 99
475 862 84
475 868 15
475 876 93
475 880 51
475 883 78
475 889 55
475 891 23
475 893 59
475 894 34
475 906 86
475 908 17
475 909 96
475 918 3
475 921 39
475 928 92
475 939 63
475 942 76
475 944 69
475 945 25
475 949 20
475 958 28
475 959 56
475 961 32
475 962 66
475 967 92
475 968 51
475 969 98
475 975 21
475 982 55
475 992 56
475 999 62
476 478 20
476 480 71
476 489 20
476 506 6
476 521 56
476 524 69
476 528 59
476 548 2
476 556 63
476 558 91
476 559 10
476 564 37
476 571 26
476 587 21
476 599 33
476 605 65
476 622 47
476 631 26
476 640 61
476 690 67
476 695 66
476 706 26
476 712 29
476 713 13
476 738 36
476 748 72
476 749 100
476 768 92
476 778 86
476 789 77
476 808 42
476 818 68
476 819 5
476 839 64
476 848 89
476 873 56
476 898 93
476 913 90
476 916 34
476 919 35
476 931 88
476 937 63
476 938 42
476 954 76
476 971 48
477 482 81
477 500 51
477 507 63
477 517 83
477 533 29
477 537 4
477 539 99
477 552 3
477 554 43
477 574 71
477 578 29
477 594 90
477 598 67
477 601 80
477 602 6
477 616 23
477 619 19
477 649 64
477 664 49
477 668 49
477 675 50
477 688 87
477 707 7
477 743 1
477 746 29
477 751 15
477 753 93
477 757 80
477 766 46
477 771 63
477 772 38
477 790 95
477 803 59
477 815 19
477 821 26
477 825 23
477 842 24
477 861 18
477 866 8
477 875 33
477 884 99
477 885 95
477 904 86
477 911 75
477 912 80
477 915 33
477 917 21
477 973 41
477 978 4
477 998 72
478 480 85
478 489 74
478 491 34
478 506 52
478 521 65
478 528 28
478 548 77
478 556 93
478 558 38
478 559 67
478 581 35
478 610 5
478 612 21
478 618 17
478 631 79
478 640 92
478 665 93
478 687 57
478 690 27
478 712 36
478 736 38
478 738 49
478 748 66
478 749 27
478 778 33
478 789 24
478 794 95
478 800 32
478 808 36
478 814 18
478 819 33
478 822 85
478 839 72
478 848 25
478 913 79
478 914 51
478 916 39
478 919 68
478 931 86
478 938 33
478 954 30
478 993 80
478 996 16
479 487 57
479 492 21
479 497 83
479 505 62
479 508 30
479 514 43
479 532 20
479 536 11
479 543 45
479 545 11
479 549 57
479 580 75
479 636 79
479 637 60
479 639 2
479 644 46
479 650 27
479 661 15
479 669 42
479 682 62
479 694 40
479 696 56
479 697 72
479 709 4
479 717 40
479 724 32
479 728 68
479 730 21
479 737 76
479 767 2
479 769 62
479 774 86
479 776 23
479 777 45
479 780 96
479 785 35
479 797 86
479 834 66
479 838 20
479 855 59
479 859 77
479 883 32
479 891 22
479 893 72
479 894 70
479 896 4
479 906 99
479 909 63
479 920 48
479 928 31
479 942 59
479 944 89
479 949 59
479 955 85
479 959 61
479 961 3
479 963 12
479 967 29
479 968 76
479 970 82
479 974 28
479 988 9
479 989 75
479 994 47
479 997 41
479 999 16
480 489 69
480 506 45
480 521 12
480 528 33
480 548 47
480 556 24
480 558 25
480 559 24
480 571 87
480 587 10
480 599 9
480 605 52
480 610 89
480 622 6
480 631 32
480 640 63
480 665 64
480 687 68
480 690 53
480 706 85
480 712 65
480 713 9
480 738 83
480 748 3
480 749 79
480 768 52
480 778 10
480 789 14
480 808 6
480 819 79
480 839 54
480 848 53
480 873 20
480 898 14
480 913 8
480 916 9
480 919 19
480 931 94
480 938 40
480 954 95
480 971 95
481 485 84
481 494 39
481 526 73
481 551 4
481 562 93
481 569 70
481 576 26
481 591 54
481 596 44
481 608 35
481 609 95
481 615 49
481 645 2
481 655 98
481 659 25
481 674 20
481 677 18
481 678 76
481 692 26
481 705 8
481 714 64
481 718 49
481 720 66
481 725 7
481 734 47
481 742 15
481 760 21
481 765 31
481 782 33
481 783 39
481 799 94
481 802 16
481 806 66
481 807 6
481 820 20
481 823 31
481 832 55
481 845 62
481 856 36
481 865 33
481 870 100
481 875 1
481 892 57
481 941 37
481 946 80
481 947 90
481 948 58
481 950 58
481 953 22
481 991 10
482 494 30
482 500 40
482 507 51
482 533 60
482 537 19
482 539 28
482 551 53
482 552 33
482 554 32
482 562 88
482 569 1
482 590 76
482 601 20
482 602 32
482 616 62
482 619 69
482 649 47
482 659 89
482 664 41
482 688 70
482 692 12
482 707 18
482 720 95
482 725 67
482 734 41
482 743 96
482 747 17
482 753 13
482 765 76
482 766 49
482 782 2
482 790 25
482 799 29
482 803 66
482 807 44
482 815 22
482 821 72
482 832 29
482 843 57
482 856 66
482 861 68
482 866 96
482 875 99
482 885 6
482 892 49
482 904 4
482 912 56
482 915 52
482 927 87
482 978 64
482 991 72
482 998 89
483 496 48
483 504 63
483 522 100
483 573 45
483 623 24
483 625 77
483 663 96
483 715 37
483 755 62
483 763 36
483 764 62
483 812 38
483 833 46
483 846 74
483 849 20
483 877 41
483 900 68
483 940 70
483 983 69
483 986 35
484 511 63
484 513 36
484 515 1
484 516 34
484 535 83
484 540 6
484 546 21
484 556 9
484 566 11
484 572 94
484 577 17
484 581 83
484 582 42
484 585 35
484 604 60
484 607 35
484 614 64
484 618 44
484 620 32
484 624 69
484 628 31
484 632 65
484 640 81
484 651 29
484 652 56
484 656 12
484 658 21
484 673 77
484 676 68
484 679 36
484 683 71
484 700 42
484 712 80
484 721 100
484 736 12
484 754 83
484 759 63
484 784 5
484 800 44
484 805 23
484 809 19
484 814 92
484 818 9
484 819 43
484 822 62
484 830 77
484 847 15
484 851 18
484 853 51
484 854 96
484 869 54
484 881 81
484 895 23
484 902 43
484 922 99
484 924 36
484 925 65
484 931 44
484 938 77
484 964 36
484 965 53
484 980 45
484 981 100
484 985 25
484 993 97
485 518 33
485 523 64
485 526 50
485 576 12
485 591 3
485 593 79
485 596 80
485 608 31
485 609 44
485 611 79
485 615 80
485 645 59
485 655 76
485 659 17
485 674 58
485 677 84
485 678 99
485 692 94
485 705 88
485 714 64
485 718 55
485 719 53
485 742 24
485 756 61
485 760 95
485 783 19
485 802 63
485 806 92
485 817 4
485 820 26
485 835 34
485 845 37
485 863 3
485 865 52
485 941 59
485 946 6
485 948 52
485 950 22
485 953 19
485 991 26
486 488 64
486 495 28
486 509 18
486 510 35
486 536 78
486 553 31
486 563 57
486 565 42
486 566 65
486 577 65
486 583 40
486 584 65
486 606 29
486 613 69
486 629 51
486 630 8
486 632 15
486 633 59
486 635 17
486 644 83
486 646 3
486 654 43
486 667 93
486 669 50
486 681 81
486 682 70
486 686 65
486 696 85
486 699 30
486 703 91
486 704 91
486 708 78
486 709 16
486 717 83
486 727 100
486 731 55
486 733 62
486 745 28
486 762 81
486 773 42
486 777 55
486 785 58
486 795 57
486 798 15
486 810 50
486 813 67
486 826 91
486 828 85
486 840 59
486 859 88
486 867 26
486 868 54
486 872 58
486 887 31
486 889 97
486 897 10
486 899 39
486 906 83
486 907 54
486 918 8
486 921 79
486 928 74
486 930 90
486 959 78
486 962 15
486 964 46
486 970 51
486 977 83
486 982 35
486 984 99
487 488 97
487 493 32
487 498 37
487 505 12
487 508 2
487 514 53
487 529 14
487 532 8
487 536 22
487 538 16
487 545 27
487 547 91
487 549 11
487 588 51
487 600 49
487 613 87
487 629 27
487 637 81
487 639 41
487 644 40
487 661 28
487 669 13
487 671 89
487 672 77
487 682 62
487 689 13
487 694 21
487 696 45
487 708 56
487 728 87
487 731 71
487 739 85
487 767 41
487 769 85
487 775 38
487 776 18
487 777 47
487 797 64
487 801 85
487 829 39
487 834 64
487 850 15
487 852 58
487 855 87
487 857 36
487 858 96
487 879 98
487 896 87
487 899 24
487 920 59
487 955 8
487 959 54
487 963 11
487 968 91
487 970 36
487 974 93
487 984 40
487 988 54
487 989 61
487 997 17
488 493 68
488 498 43
488 514 96
488 532 11
488 536 13
488 538 71
488 545 75
488 549 77
488 553 59
488 584 98
488 588 88
488 600 55
488 606 83
488 613 18
488 629 48
488 635 30
488 639 67
488 641 15
488 644 93
488 661 54
488 667 8
488 669 14
488 672 62
488 682 81
488 691 7
488 693 4
488 696 4
488 701 67
488 703 74
488 708 5
488 731 26
488 733 71
488 739 89
488 745 79
488 767 15
488 769 91
488 775 66
488 777 87
488 795 88
488 797 66
488 828 96
488 829 9
488 834 68
488 850 31
488 852 84
488 855 61
488 857 43
488 858 26
488 867 39
488 879 90
488 896 51
488 899 99
488 906 94
488 920 73
488 955 60
488 959 8
488 962 86
488 963 74
488 968 21
488 970 99
488 984 13
488 989 80
488 997 45
489 506 32
489 521 94
489 524 32
489 528 47
489 548 45
489 556 77
489 558 6
489 559 94
489 564 8
489 571 30
489 581 74
489 587 13
489 599 91
489 605 80
489 610 68
489 622 82
489 631 27
489 640 25
489 687 23
489 690 23
489 695 23
489 706 97
489 712 70
489 713 24
489 738 75
489 748 52
489 749 55
489 768 87
489 778 16
489 789 35
489 800 77
489 808 95
489 814 98
489 818 53
489 819 4
489 839 33
489 848 54
489 873 90
489 898 12
489 913 22
489 916 57
489 919 7
489 931 42
489 937 9
489 938 81
489 954 61
489 971 99
490 499 46
490 502 43
490 504 51
490 522 67
490 573 29
490 575 35
490 586 50
490 592 66
490 623 66
490 642 55
490 643 17
490 663 14
490 675 71
490 711 19
490 715 55
490 723 47
490 726 66
490 741 84
490 744 36
490 752 59
490 755 14
490 757 71
490 758 58
490 763 89
490 770 48
490 771 1
490 772 79
490 779 45
490 791 98
490 812 37
490 831 95
490 837 79
490 844 40
490 849 86
490 860 1
490 862 41
490 871 67
490 880 26
490 888 27
490 901 76
490 908 58
490 933 97
490 934 78
490 939 78
490 940 70
490 943 65
490 945 36
490 957 85
490 979 19
490 983 23
490 992 13
490 995 60
491 501 64
491 525 43
491 534 94
491 558 48
491 563 23
491 568 38
491 603 75
491 610 67
491 612 8
491 626 34
491 641 97
491 657 1
491 665 80
491 687 73
491 691 69
491 701 31
491 745 93
491 749 28
491 789 17
491 794 79
491 824 7
491 848 43
491 867 35
491 903 15
491 914 74
491 916 20
491 951 2
491 952 89
491 990 45
491 996 60
492 497 57
492 503 96
492 505 86
492 508 16
492 514 16
492 520 20
492 532 97
492 536 48
492 543 94
492 545 14
492 580 40
492 636 45
492 637 60
492 644 33
492 650 57
492 682 51
492 694 42
492 697 31
492 709 1
492 717 99
492 724 20
492 728 89
492 730 13
492 737 85
492 767 85
492 769 94
492 774 27
492 777 2
492 780 27
492 785 72
492 797 16
492 804 85
492 838 75
492 855 84
492 859 91
492 883 63
492 891 70
492 893 58
492 894 12
492 896 15
492 906 94
492 909 55
492 920 21
492 928 29
492 942 42
492 944 78
492 949 3
492 955 35
492 961 96
492 967 80
492 968 18
492 988 60
492 989 16
492 994 78
492 997 96
492 999 96
493 498 82
493 529 10
493 536 68
493 538 21
493 545 94
493 547 42
493 549 32
493 588 5
493 600 2
493 613 53
493 639 25
493 641 51
493 661 91
493 667 19
493 669 83
493 672 37
493 689 18
493 691 37
493 693 68
493 696 7
493 701 8
493 708 97
493 731 37
493 739 7
493 767 21
493 769 71
493 775 59
493 776 5
493 801 39
493 829 94
493 834 16
493 850 89
493 852 3
493 855 64
493 857 13
493 858 33
493 879 61
493 896 17
493 899 62
493 920 86
493 951 4
493 963 8
493 970 53
493 974 88
493 989 58
494 507 1
494 523 6
494 551 57
494 554 93
494 562 64
494 569 11
494 590 55
494 602 69
494 616 1
494 619 60
494 649 24
494 659 71
494 664 64
494 677 52
494 678 22
494 692 57
494 707 17
494 720 48
494 725 68
494 734 25
494 742 93
494 743 80
494 747 82
494 760 36
494 765 4
494 782 68
494 790 29
494 799 4
494 807 11
494 820 35
494 823 94
494 832 88
494 843 82
494 856 6
494 866 12
494 870 87
494 875 53
494 892 58
494 912 64
494 927 91
494 946 43
494 947 17
494 978 32
494 991 21
495 509 11
495 510 69
495 530 12
495 553 68
495 565 39
495 566 29
495 577 15
495 583 10
495 584 50
495 606 19
495 613 66
495 624 1
495 629 30
495 630 87
495 632 100
495 633 33
495 635 16
495 644 82
495 646 13
495 654 6
495 667 28
495 669 95
495 681 80
495 682 4
495 686 100
495 696 20
495 699 73
495 703 98
495 704 30
495 708 53
495 709 51
495 710 71
495 717 21
495 727 73
495 731 58
495 732 63
495 733 23
495 762 61
495 773 87
495 777 46
495 785 38
495 795 67
495 798 91
495 810 17
495 813 60
495 826 78
495 828 86
495 836 13
495 840 19
495 859 36
495 867 24
495 868 34
495 872 27
495 887 72
495 889 94
495 890 16
495 897 49
495 906 73
495 907 60
495 918 4
495 921 47
495 928 25
495 930 62
495 959 49
495 962 18
495 964 16
495 970 9
495 977 63
495 982 97
495 984 9
496 504 8
496 522 19
496 573 91
496 575 37
496 586 24
496 623 11
496 625 98
496 663 46
496 715 63
496 741 75
496 755 90
496 763 2
496 764 73
496 812 68
496 831 37
496 833 9
496 837 26
496 846 45
496 849 40
496 864 26
496 877 17
496 888 79
496 900 42
496 923 30
496 940 54
496 957 49
496 979 41
496 983 58
496 986 39
497 503 62
497 508 59
497 514 23
497 520 62
497 530 79
497 532 23
497 543 44
497 636 87
497 637 25
497 643 36
497 650 1
497 682 52
497 694 50
497 697 75
497 709 2
497 717 4
497 723 96
497 724 18
497 726 22
497 730 8
497 737 31
497 752 63
497 758 17
497 774 46
497 777 79
497 780 37
497 787 19
497 791 72
497 797 48
497 804 93
497 838 88
497 859 29
497 860 30
497 882 12
497 883 50
497 891 48
497 893 11
497 894 75
497 909 18
497 928 99
497 929 96
497 939 59
497 942 81
497 944 19
497 949 40
497 955 10
497 961 24
497 967 25
497 968 62
497 969 25
497 975 81
497 992 33
497 994 3
497 999 91
498 529 17
498 536 31
498 538 62
498 545 55
498 547 33
498 549 55
498 588 80
498 600 92
498 613 8
498 639 90
498 641 11
498 644 74
498 661 47
498 667 45
498 669 93
498 672 46
498 689 48
498 691 82
498 693 52
498 696 63
498 701 89
498 708 69
498 731 61
498 739 61
498 745 22
498 767 91
498 769 46
498 775 58
498 776 7
498 801 15
498 829 87
498 834 10
498 850 62
498 852 90
498 855 83
498 857 62
498 858 75
498 879 8
498 896 64
498 899 63
498 920 53
498 951 68
498 963 87
498 968 20
498 970 79
498 974 85
498 984 35
498 989 5
498 997 97
499 502 26
499 519 29
499 520 79
499 530 84
499 541 7
499 575 90
499 586 39
499 592 20
499 621 26
499 642 67
499 643 20
499 662 69
499 668 28
499 681 81
499 711 57
499 715 9
499 716 47
499 723 8
499 726 65
499 741 63
499 744 54
499 752 51
499 757 87
499 758 10
499 770 2
499 771 58
499 772 94
499 779 47
499 787 99
499 791 19
499 804 57
499 831 80
499 837 38
499 840 19
499 844 37
499 860 31
499 862 22
499 871 20
499 876 10
499 880 80
499 883 86
499 888 81
499 893 87
499 894 22
499 901 11
499 908 84
499 933 21
499 934 45
499 939 86
499 943 31
499 945 86
499 949 22
499 958 52
499 969 42
499 973 61
499 975 5
499 979 4
499 992 65
499 995 62
500 507 93
500 517 4
500 533 85
500 537 51
500 539 13
500 552 64
500 574 63
500 578 26
500 594 91
500 598 95
500 601 82
500 602 98
500 619 23
500 634 28
500 642 82
500 649 24
500 653 75
500 664 90
500 668 100
500 675 99
500 688 76
500 743 32
500 746 7
500 751 25
500 753 51
500 757 5
500 766 86
500 771 84
500 772 34
500 790 30
500 803 43
500 815 27
500 821 47
500 825 67
500 842 83
500 861 76
500 866 28
500 878 55
500 884 28
500 885 3
500 904 12
500 911 84
500 912 69
500 915 60
500 917 8
500 926 58
500 933 62
500 973 25
500 978 3
500 998 98
501 525 65
501 534 4
501 563 44
501 568 57
501 588 53
501 603 31
501 606 23
501 610 2
501 612 19
501 626 3
501 641 40
501 657 61
501 665 22
501 667 74
501 687 57
501 691 85
501 693 26
501 701 58
501 703 98
501 733 90
501 739 19
501 745 12
501 773 72
501 794 18
501 824 2
501 857 19
501 867 49
501 899 52
501 903 92
501 914 13
501 951 10
501 952 62
501 990 43
501 993 6
501 996 62
502 504 100
502 520 57
502 522 98
502 575 98
502 586 14
502 623 50
502 643 25
502 663 40
502 711 68
502 715 89
502 723 95
502 726 95
502 741 28
502 744 88
502 752 67
502 755 89
502 758 99
502 763 77
502 770 37
502 779 59
502 787 14
502 791 27
502 831 65
502 837 50
502 844 12
502 860 15
502 862 98
502 871 30
502 880 7
502 882 58
502 883 56
502 888 37
502 894 96
502 901 94
502 908 22
502 929 54
502 934 95
502 939 17
502 943 68
502 945 69
502 969 1
502 979 77
502 983 16
502 995 41
503 520 29
503 543 90
503 636 28
503 637 84
503 643 24
503 650 59
503 694 2
503 697 77
503 723 46
503 724 2
503 726 45
503 730 63
503 737 56
503 752 97
503 758 69
503 774 60
503 779 83
503 780 65
503 787 78
503 791 13
503 797 64
503 804 1
503 838 51
503 860 32
503 882 19
503 883 54
503 891 1
503 893 31
503 894 79
503 909 13
503 929 83
503 939 62
503 942 24
503 944 72
503 949 83
503 961 4
503 967 51
503 969 31
503 994 56
503 999 63
504 522 34
504 573 92
504 575 92
504 586 54
504 623 61
504 663 75
504 711 24
504 715 28
504 726 58
504 741 34
504 744 45
504 755 5
504 763 12
504 764 75
504 779 72
504 796 54
504 812 68
504 831 50
504 833 77
504 837 84
504 844 67
504 846 70
504 849 74
504 864 90
504 871 34
504 877 98
504 888 76
504 900 56
504 901 37
504 923 1
504 934 79
504 940 86
504 943 20
504 945 6
504 957 40
504 979 2
504 983 79
504 986 81
504 987 71
504 995 33
505 508 40
505 514 75
505 529 23
505 532 63
505 536 47
505 538 12
505 545 60
505 547 31
505 549 42
505 580 72
505 637 39
505 639 86
505 650 75
505 661 43
505 671 31
505 689 2
505 694 39
505 728 28
505 737 31
505 767 23
505 769 76
505 774 100
505 776 18
505 780 46
505 797 62
505 801 57
505 834 78
505 852 20
505 855 81
505 858 26
505 896 48
505 910 85
505 920 31
505 942 5
505 955 64
505 963 100
505 968 17
505 974 32
505 988 96
505 989 88
505 994 55
505 997 1
505 999 47
506 521 81
506 528 54
506 548 85
506 556 23
506 558 39
506 559 75
506 571 72
506 581 22
506 587 50
506 599 84
506 605 6
506 610 34
506 612 77
506 618 29
506 631 96
506 640 82
506 665 9
506 687 14
506 690 85
506 712 56
506 738 48
506 748 65
506 749 15
506 778 44
506 789 6
506 800 54
506 808 44
506 814 29
506 819 6
506 822 12
506 839 9
506 848 17
506 913 92
506 914 52
506 916 67
506 919 93
506 931 93
506 938 21
506 954 29
506 971 25
507 523 62
507 533 36
507 537 64
507 551 54
507 554 88
507 562 28
507 569 84
507 590 20
507 601 37
507 602 61
507 616 7
507 619 43
507 649 82
507 659 2
507 664 27
507 688 23
507 692 43
507 707 29
507 720 89
507 725 78
507 734 57
507 743 81
507 747 94
507 753 63
507 765 80
507 766 53
507 782 12
507 790 39
507 799 78
507 803 54
507 807 2
507 815 5
507 821 67
507 823 75
507 832 64
507 843 15
507 856 46
507 861 70
507 866 26
507 870 98
507 875 23
507 892 52
507 904 88
507 912 93
507 915 60
507 927 43
507 978 62
507 991 64
507 998 11
508 514 42
508 529 62
508 532 13
508 536 97
508 543 92
508 545 24
508 549 30
508 580 40
508 636 26
508 637 81
508 639 95
508 650 82
508 661 31
508 682 36
508 689 85
508 694 35
508 697 88
508 717 11
508 724 100
508 728 37
508 730 81
508 737 78
508 767 32
508 769 24
508 774 48
508 776 23
508 777 85
508 780 99
508 797 34
508 801 25
508 834 81
508 838 47
508 852 30
508 855 5
508 891 65
508 896 45
508 909 9
508 920 94
508 942 69
508 944 2
508 955 36
508 961 81
508 963 25
508 967 7
508 968 2
508 970 70
508 974 45
508 988 90
508 989 55
508 994 17
508 997 86
508 999 88
509 519 38
509 530 43
509 541 66
509 542 82
509 553 2
509 555 74
509 570 89
509 583 17
509 592 47
509 621 19
509 624 83
509 630 82
509 633 21
509 634 47
509 642 62
509 646 84
509 653 26
509 654 2
509 662 53
509 681 35
509 684 56
509 686 18
509 699 58
509 710 64
509 716 79
509 727 33
509 729 65
509 732 13
509 740 81
509 761 55
509 762 27
509 785 92
509 798 71
509 804 5
509 810 57
509 811 42
509 813 39
509 828 56
509 836 87
509 840 89
509 859 52
509 862 90
509 868 59
509 872 30
509 874 3
509 876 91
509 880 57
509 889 69
509 890 44
509 905 6
509 907 81
509 918 43
509 921 69
509 928 39
509 935 90
509 958 87
509 962 56
509 972 31
509 973 23
509 975 65
509 977 78
509 982 15
509 992 98
510 515 28
510 516 64
510 535 55
510 553 66
510 563 79
510 565 77
510 566 96
510 568 77
510 572 25
510 577 7
510 581 86
510 583 7
510 584 64
510 585 51
510 603 11
510 606 76
510 612 95
510 618 2
510 620 64
510 624 99
510 626 73
510 630 76
510 632 92
510 635 14
510 646 24
510 652 91
510 667 2
510 673 7
510 679 34
510 699 71
510 703 69
510 704 29
510 708 87
510 721 62
510 727 57
510 733 12
510 736 22
510 745 36
510 773 1
510 794 84
510 795 82
510 800 25
510 810 54
510 814 74
510 822 42
510 826 76
510 867 52
510 872 22
510 887 37
510 889 80
510 897 94
510 899 78
510 907 78
510 914 11
510 930 23
510 964 20
510 977 71
510 990 7
510 993 39
511 515 17
511 516 39
511 527 19
511 540 46
511 544 15
511 555 38
511 560 58
511 561 8
511 567 97
511 570 28
511 572 79
511 577 28
511 582 92
511 585 64
511 607 47
511 614 81
511 620 62
511 624 60
511 628 72
511 632 56
511 638 57
511 647 26
511 648 13
511 651 56
511 652 76
511 656 4
511 658 6
511 660 74
511 666 82
511 676 29
511 679 61
511 680 53
511 685 68
511 700 36
511 702 5
511 710 63
511 721 77
511 722 4
511 727 79
511 729 73
511 735 22
511 750 66
511 754 58
511 759 85
511 761 18
511 762 73
511 781 3
511 786 49
511 788 16
511 792 46
511 793 12
511 805 36
511 811 68
511 816 83
511 827 2
511 830 67
511 841 87
511 854 77
511 869 35
511 881 96
511 886 83
511 895 17
511 922 97
511 925 90
511 932 97
511 936 37
511 960 84
511 964 77
511 972 65
511 977 17
511 980 95
511 985 63
512 518 88
512 523 29
512 531 84
512 550 75
512 557 24
512 560 74
512 567 26
512 589 58
512 593 49
512 596 86
512 611 93
512 614 67
512 615 86
512 617 14
512 628 29
512 647 15
512 648 42
512 651 32
512 656 75
512 658 17
512 659 52
512 666 73
512 670 79
512 678 32
512 685 90
512 692 98
512 698 25
512 700 22
512 714 29
512 719 41
512 735 79
512 750 19
512 754 6
512 756 14
512 759 95
512 781 39
512 783 17
512 786 15
512 788 99
512 792 23
512 793 23
512 816 53
512 817 65
512 820 66
512 827 14
512 830 12
512 835 95
512 841 5
512 843 86
512 845 17
512 851 28
512 854 57
512 863 58
512 865 36
512 886 44
512 922 34
512 932 72
512 941 76
512 946 73
512 953 85
512 960 57
512 976 33
513 515 3
513 524 47
513 546 77
513 548 91
513 556 22
513 564 30
513 572 96
513 587 9
513 597 65
513 599 59
513 604 71
513 607 51
513 618 36
513 627 38
513 628 49
513 631 17
513 640 99
513 651 95
513 658 48
513 670 69
513 673 17
513 683 99
513 690 39
513 695 28
513 700 15
513 712 68
513 721 42
513 754 5
513 784 51
513 808 3
513 809 29
513 814 68
513 818 96
513 819 4
513 830 10
513 847 71
513 851 14
513 853 12
513 854 43
513 869 45
513 881 33
513 895 98
513 902 41
513 913 47
513 924 77
513 931 57
513 937 88
513 938 93
513 965 18
513 971 48
513 981 38
513 985 9
514 530 27
514 532 41
514 536 75
514 538 4
514 543 20
514 545 56
514 549 16
514 553 85
514 613 13
514 629 20
514 636 84
514 637 4
514 639 87
514 644 15
514 650 99
514 654 78
514 661 43
514 669 7
514 682 51
514 686 36
514 694 47
514 696 16
514 697 86
514 709 47
514 717 53
514 724 91
514 728 38
514 730 86
514 731 68
514 737 70
514 769 100
514 774 90
514 777 26
514 780 80
514 785 94
514 797 43
514 804 39
514 813 28
514 828 50
514 838 5
514 855 4
514 859 6
514 889 48
514 891 70
514 893 40
514 894 20
514 896 96
514 906 5
514 909 34
514 918 48
514 920 71
514 928 85
514 942 4
514 944 72
514 949 7
514 955 5
514 959 1
514 961 28
514 962 69
514 963 61
514 967 30
514 968 12
514 970 5
514 975 41
514 984 78
514 988 32
514 989 21
514 994 56
514 997 32
514 999 29
515 516 22
515 535 89
515 540 4
515 546 59
515 548 44
515 556 49
515 566 17
515 572 30
515 577 35
515 581 82
515 582 62
515 585 74
515 604 15
515 607 86
515 618 80
515 620 100
515 624 99
515 628 81
515 632 47
515 640 86
515 651 91
515 652 43
515 658 81
515 673 100
515 676 44
515 679 35
515 683 67
515 712 74
515 721 81
515 736 56
515 749 40
515 754 24
515 784 47
515 800 37
515 805 82
515 809 77
515 814 30
515 818 61
515 819 81
515 822 47
515 830 17
515 853 16
515 854 28
515 869 95
515 881 25
515 895 89
515 925 4
515 931 62
515 938 8
515 964 19
515 980 8
515 981 23
515 985 15
515 993 17
516 535 41
516 546 67
516 556 42
516 565 18
516 566 47
516 572 36
516 577 3
516 581 84
516 582 33
516 585 3
516 604 22
516 607 8
516 612 54
516 618 65
516 620 57
516 624 35
516 630 89
516 632 45
516 640 37
516 651 10
516 652 61
516 673 36
516 676 68
516 679 79
516 704 94
516 710 39
516 712 15
516 721 56
516 727 32
516 736 8
516 749 28
516 773 46
516 784 3
516 800 74
516 805 14
516 810 45
516 814 5
516 819 2
516 822 83
516 826 37
516 869 98
516 872 17
516 895 16
516 914 17
516 925 92
516 930 24
516 931 79
516 964 42
516 972 52
516 977 2
516 980 54
516 985 70
516 993 66
517 533 6
517 537 40
517 539 29
517 541 23
517 552 97
517 574 71
517 594 73
517 598 4
517 601 83
517 602 22
517 634 78
517 642 18
517 649 57
517 653 62
517 664 68
517 668 52
517 675 94
517 688 84
517 743 21
517 746 32
517 751 66
517 753 81
517 757 64
517 766 38
517 771 81
517 772 86
517 790 40
517 803 78
517 815 58
517 821 87
517 825 43
517 831 72
517 842 96
517 864 21
517 866 6
517 876 73
517 878 87
517 884 89
517 885 66
517 901 14
517 904 56
517 912 85
517 915 66
517 917 29
517 926 41
517 933 23
517 973 51
517 978 62
517 987 1
517 995 97
517 998 32
518 523 32
518 531 50
518 550 74
518 557 21
518 560 84
518 576 65
518 589 4
518 591 78
518 593 33
518 596 59
518 609 76
518 611 14
518 615 1
518 617 64
518 647 91
518 648 43
518 655 72
518 659 62
518 678 59
518 692 91
518 698 48
518 705 99
518 714 59
518 718 36
518 719 98
518 742 30
518 756 53
518 760 41
518 781 77
518 783 69
518 792 88
518 799 93
518 806 43
518 807 85
518 817 8
518 820 75
518 835 14
518 845 83
518 863 28
518 865 22
518 886 59
518 941 57
518 946 23
518 950 14
518 953 77
518 960 95
518 991 82
519 530 7
519 541 17
519 542 36
519 555 70
519 570 46
519 583 32
519 592 55
519 621 8
519 633 2
519 634 20
519 642 77
519 646 60
519 653 34
519 654 55
519 662 27
519 668 91
519 681 24
519 684 65
519 686 18
519 699 100
519 711 94
519 716 82
519 732 52
519 740 29
519 746 81
519 752 61
519 757 29
519 758 63
519 762 83
519 770 26
519 771 69
519 772 79
519 785 70
519 787 25
519 798 40
519 804 84
519 811 23
519 813 26
519 836 84
519 840 4
519 859 6
519 860 8
519 862 72
519 868 67
519 874 7
519 876 60
519 880 13
519 884 22
519 889 65
519 890 95
519 893 77
519 905 37
519 908 96
519 918 58
519 921 95
519 928 88
519 935 45
519 945 35
519 958 55
519 969 11
519 973 32
519 975 39
519 982 41
519 992 75
520 530 13
520 543 83
520 592 82
520 636 99
520 637 51
520 643 80
520 654 9
520 662 78
520 694 12
520 697 1
520 709 21
520 711 46
520 716 17
520 717 82
520 723 2
520 724 91
520 726 59
520 730 63
520 737 17
520 744 75
520 752 49
520 758 29
520 770 2
520 774 98
520 779 16
520 780 31
520 785 39
520 787 78
520 791 20
520 804 88
520 838 37
520 840 23
520 844 65
520 859 88
520 860 10
520 862 1
520 871 61
520 880 91
520 882 52
520 883 41
520 891 26
520 893 63
520 894 14
520 908 93
520 909 61
520 928 59
520 929 19
520 939 23
520 942 54
520 944 99
520 945 87
520 949 11
520 958 10
520 961 71
520 967 48
520 969 78
520 975 79
520 992 67
520 999 35
521 524 17
521 528 16
521 548 94
521 556 46
521 558 93
521 559 24
521 564 8
521 571 86
521 581 51
521 587 54
521 599 24
521 605 65
521 610 15
521 622 52
521 631 89
521 640 49
521 687 79
521 690 21
521 695 31
521 706 42
521 712 92
521 713 5
521 738 33
521 748 100
521 749 80
521 768 10
521 778 91
521 789 100
521 800 63
521 808 5
521 814 29
521 818 75
521 819 21
521 839 60
521 848 54
521 873 34
521 898 85
521 913 38
521 916 18
521 919 38
521 931 42
521 937 97
521 938 85
521 954 32
521 971 67
522 573 25
522 575 38
522 579 57
522 586 75
522 623 35
522 625 34
522 663 3
522 675 55
522 711 5
522 715 52
522 741 18
522 744 62
522 755 95
522 763 94
522 764 58
522 779 60
522 796 98
522 812 90
522 831 95
522 833 92
522 837 59
522 844 21
522 846 76
522 849 86
522 864 56
522 871 90
522 877 43
522 888 88
522 900 42
522 901 3
522 923 36
522 926 28
522 933 97
522 934 23
522 940 29
522 943 94
522 957 26
522 979 28
522 983 95
522 986 16
522 987 92
522 995 98
523 550 88
523 551 35
523 557 27
523 560 8
523 569 12
523 589 16
523 593 82
523 596 71
523 609 1
523 611 14
523 615 99
523 616 28
523 617 33
523 647 3
523 648 12
523 656 63
523 659 77
523 678 91
523 680 42
523 685 32
523 692 67
523 698 16
523 707 63
523 714 61
523 719 14
523 725 93
523 735 55
523 742 40
523 747 49
523 750 49
523 756 36
523 760 100
523 765 78
523 781 48
523 783 12
523 786 54
523 788 94
523 792 64
523 793 59
523 799 96
523 806 96
523 807 99
523 816 77
523 817 13
523 820 69
523 827 28
523 841 37
523 843 40
523 845 35
523 863 65
523 865 36
523 875 52
523 886 17
523 892 3
523 927 19
523 932 29
523 941 81
523 946 64
523 950 55
523 953 30
523 960 93
523 991 34
524 528 83
524 546 35
524 548 52
524 564 85
524 571 52
524 587 15
524 597 26
524 599 62
524 604 8
524 605 87
524 622 39
524 627 99
524 631 57
524 640 64
524 683 64
524 690 99
524 695 42
524 706 55
524 713 84
524 748 43
524 768 11
524 778 66
524 784 79
524 808 69
524 809 69
524 818 64
524 819 19
524 839 69
524 853 92
524 873 69
524 898 36
524 913 24
524 931 10
524 937 65
524 938 17
524 954 11
524 971 84
524 981 84
525 534 30
525 563 13
525 568 18
525 603 25
525 606 42
525 610 18
525 612 59
525 626 41
525 641 42
525 657 71
525 665 46
525 667 28
525 687 37
525 691 76
525 693 47
525 701 66
525 739 78
525 745 98
525 789 40
525 794 1
525 824 48
525 848 85
525 857 23
525 867 4
525 899 26
525 903 59
525 914 89
525 951 53
525 952 23
525 990 11
525 993 16
525 996 7
526 576 43
526 591 63
526 608 64
526 609 40
526 645 20
526 655 50
526 674 43
526 677 53
526 705 28
526 718 31
526 742 32
526 760 20
526 802 6
526 806 32
526 870 94
526 947 77
526 948 33
526 950 51
526 991 9
527 533 66
527 537 72
527 540 3
527 542 70
527 544 28
527 552 81
527 555 53
527 560 93
527 561 61
527 570 76
527 634 63
527 638 20
527 649 58
527 653 16
527 660 25
527 664 78
527 666 14
527 676 37
527 680 28
527 684 97
527 685 9
527 688 67
527 702 54
527 710 6
527 722 24
527 729 29
527 732 73
527 735 19
527 746 11
527 747 63
527 750 49
527 759 83
527 761 58
527 762 42
527 766 78
527 786 49
527 788 62
527 793 54
527 803 50
527 811 81
527 815 54
527 816 81
527 821 17
527 827 45
527 836 15
527 843 12
527 861 32
527 866 55
527 874 67
527 890 75
527 904 70
527 905 74
527 912 67
527 922 33
527 927 95
527 932 48
527 935 49
527 936 83
527 956 90
527 966 86
527 972 58
527 973 37
527 978 2
527 980 62
527 998 90
528 548 9
528 556 91
528 558 81
528 559 36
528 564 76
528 571 57
528 587 20
528 599 78
528 605 54
528 622 4
528 631 60
528 640 83
528 690 3
528 695 70
528 706 75
528 712 6
528 713 50
528 738 87
528 748 31
528 749 30
528 768 10
528 778 48
528 789 62
528 808 10
528 818 8
528 819 31
528 839 49
528 848 15
528 873 68
528 898 78
528 913 21
528 916 43
528 919 81
528 931 86
528 937 91
528 938 86
528 954 81
528 971 18
529 538 66
529 545 27
529 547 26
529 580 65
529 600 6
529 639 53
529 661 69
529 671 35
529 689 99
529 728 49
529 767 60
529 775 81
529 776 96
529 801 8
529 829 17
529 834 8
529 850 83
529 852 49
529 855 86
529 858 51
529 879 70
529 896 1
529 910 59
529 920 7
529 974 12
529 988 23
529 989 16
529 997 37
530 532 23
530 541 81
530 543 47
530 553 69
530 583 85
530 592 50
530 621 86
530 633 97
530 636 51
530 644 22
530 646 16
530 654 87
530 662 4
530 681 83
530 682 80
530 686 75
530 697 53
530 699 90
530 709 73
530 716 92
530 717 12
530 724 68
530 726 69
530 730 48
530 732 31
530 740 68
530 752 63
530 758 86
530 770 36
530 777 36
530 785 95
530 787 7
530 798 47
530 804 4
530 813 53
530 828 39
530 838 18
530 840 19
530 859 29
530 860 68
530 862 30
530 868 50
530 876 52
530 880 77
530 883 99
530 889 70
530 893 40
530 894 15
530 906 62
530 908 25
530 918 87
530 921 12
530 928 10
530 939 12
530 945 32
530 949 2
530 958 70
530 959 54
530 961 23
530 962 55
530 967 86
530 969 43
530 975 76
530 982 58
530 992 24
531 550 33
531 557 94
531 560 6
531 567 58
531 589 10
531 593 55
531 614 72
531 617 38
531 628 96
531 647 68
531 648 38
531 651 79
531 656 9
531 658 90
531 670 99
531 698 19
531 700 23
531 719 19
531 735 89
531 754 72
531 756 14
531 759 5
531 781 80
531 783 1
531 786 89
531 788 30
531 792 4
531 809 43
531 816 63
531 817 82
531 827 31
531 830 69
531 835 65
531 841 84
531 847 65
531 851 36
531 854 79
531 863 87
531 881 86
531 886 68
531 902 84
531 922 37
531 924 51
531 941 58
531 946 72
531 953 35
531 960 86
531 965 54
531 976 59
531 981 41
532 536 20
532 538 9
532 543 93
532 545 28
532 549 90
532 553 59
532 613 85
532 629 76
532 636 75
532 637 65
532 639 33
532 644 29
532 650 48
532 654 25
532 661 13
532 669 69
532 682 18
532 686 41
532 694 13
532 696 40
532 697 98
532 709 21
532 717 14
532 724 15
532 728 23
532 730 83
532 731 85
532 737 90
532 767 1
532 769 41
532 774 67
532 777 76
532 780 73
532 785 73
532 797 20
532 804 49
532 828 38
532 838 74
532 855 88
532 859 49
532 889 66
532 891 3
532 893 87
532 894 42
532 896 24
532 906 88
532 909 6
532 918 64
532 920 26
532 928 90
532 942 96
532 944 34
532 949 20
532 955 11
532 959 75
532 961 61
532 962 60
532 963 67
532 967 31
532 968 30
532 970 27
532 975 16
532 984 70
532 988 86
532 989 41
532 994 85
532 997 63
532 999 5
533 537 6
533 539 66
533 542 85
533 544 36
533 552 91
533 554 36
533 561 1
533 574 80
533 594 54
533 598 6
533 601 35
533 602 15
533 616 64
533 619 80
533 634 13
533 642 35
533 649 94
533 653 61
533 664 66
533 668 85
533 680 64
533 688 49
533 707 26
533 729 24
533 743 30
533 746 87
533 747 92
533 753 35
533 757 22
533 766 41
533 771 57
533 772 3
533 790 20
533 803 95
533 815 99
533 821 37
533 842 47
533 861 10
533 866 56
533 875 51
533 884 28
533 885 97
533 904 17
533 905 89
533 912 42
533 915 39
533 927 3
533 935 26
533 956 97
533 966 48
533 973 77
533 978 58
533 998 33
534 563 58
534 568 45
534 588 50
534 603 87
534 606 70
534 612 37
534 626 43
534 641 35
534 657 14
534 665 20
534 667 5
534 672 65
534 687 2
534 691 22
534 693 21
534 701 72
534 703 55
534 708 78
534 731 41
534 733 59
534 739 16
534 745 81
534 773 88
534 794 29
534 795 45
534 824 32
534 857 77
534 867 28
534 899 16
534 903 88
534 914 62
534 951 48
534 952 64
534 990 37
534 996 37
535 546 2
535 548 38
535 556 45
535 565 56
535 566 37
535 572 43
535 577 95
535 581 80
535 582 26
535 585 60
535 604 38
535 607 58
535 610 99
535 612 39
535 618 92
535 620 82
535 624 13
535 630 52
535 632 42
535 640 96
535 652 57
535 673 82
535 676 11
535 679 12
535 704 39
535 712 76
535 721 100
535 736 25
535 738 3
535 749 75
535 773 21
535 784 62
535 789 8
535 794 67
535 800 88
535 805 19
535 814 94
535 819 21
535 822 13
535 826 82
535 869 3
535 895 83
535 914 71
535 916 68
535 925 51
535 930 38
535 931 27
535 938 100
535 964 9
535 977 50
535 985 28
535 993 95
536 538 69
536 545 7
536 549 4
536 553 94
536 588 2
536 613 64
536 629 64
536 636 25
536 637 68
536 639 64
536 644 59
536 661 9
536 667 58
536 669 79
536 682 33
536 694 43
536 696 80
536 697 51
536 708 74
536 709 83
536 717 84
536 724 40
536 728 53
536 730 77
536 731 87
536 739 16
536 767 27
536 769 44
536 774 48
536 776 49
536 777 36
536 780 36
536 785 46
536 797 81
536 828 9
536 829 69
536 834 77
536 838 12
536 855 7
536 859 16
536 889 53
536 896 60
536 899 91
536 906 17
536 920 69
536 928 50
536 942 19
536 955 37
536 959 59
536 961 55
536 962 80
536 963 64
536 967 43
536 968 91
536 970 10
536 984 43
536 988 7
536 989 32
536 997 78
536 999 64
537 539 9
537 542 10
537 544 42
537 552 94
537 555 30
537 561 65
537 570 17
537 574 30
537 594 54
537 602 74
537 616 10
537 634 97
537 642 21
537 649 44
537 653 14
537 660 47
537 664 43
537 668 89
537 680 71
537 684 56
537 685 29
537 688 99
537 702 29
537 707 18
537 729 33
537 743 56
537 746 84
537 747 53
537 753 57
537 766 50
537 772 67
537 790 8
537 793 46
537 803 11
537 811 99
537 815 86
537 821 46
537 843 10
537 861 48
537 866 35
537 874 64
537 875 55
537 884 66
537 885 12
537 904 22
537 905 38
537 912 80
537 915 5
537 927 28
537 935 58
537 956 85
537 966 82
537 973 2
537 978 6
537 998 19
538 545 46
538 547 60
538 549 41
538 588 38
538 600 44
538 613 5
538 629 23
538 639 25
538 641 31
538 644 45
538 661 89
538 667 61
538 669 60
538 672 17
538 682 97
538 689 52
538 691 67
538 693 90
538 696 61
538 701 11
538 708 65
538 728 31
538 731 69
538 739 49
538 767 64
538 769 33
538 775 68
538 776 88
538 801 74
538 829 90
538 834 86
538 850 72
538 852 25
538 855 60
538 857 84
538 858 90
538 879 80
538 896 79
538 899 47
538 920 61
538 955 42
538 959 73
538 963 62
538 968 84
538 970 48
538 974 2
538 984 78
538 988 79
538 989 68
538 997 34
539 552 7
539 574 55
539 578 86
539 594 85
539 598 31
539 601 7
539 602 77
539 619 33
539 649 95
539 664 16
539 668 48
539 675 67
539 688 78
539 743 93
539 746 55
539 751 8
539 753 49
539 757 77
539 766 12
539 771 48
539 772 85
539 790 52
539 796 82
539 803 49
539 815 12
539 825 53
539 842 63
539 864 77
539 866 75
539 878 23
539 884 60
539 885 95
539 904 61
539 911 99
539 912 37
539 915 10
539 917 11
539 926 90
539 933 69
539 973 95
539 978 29
539 987 55
540 544 72
540 555 37
540 560 9
540 561 77
540 567 90
540 570 11
540 572 17
540 577 28
540 582 18
540 585 19
540 607 63
540 614 37
540 620 65
540 624 61
540 628 18
540 638 46
540 647 48
540 648 95
540 651 86
540 652 66
540 656 69
540 658 15
540 660 23
540 666 55
540 676 94
540 679 64
540 680 70
540 685 49
540 702 6
540 710 82
540 721 89
540 722 26
540 727 50
540 729 100
540 735 2
540 750 45
540 754 7
540 759 26
540 761 58
540 762 82
540 781 17
540 786 53
540 788 58
540 792 46
540 793 41
540 805 65
540 811 15
540 816 79
540 827 39
540 836 33
540 841 31
540 854 39
540 861 27
540 869 14
540 886 57
540 895 5
540 922 67
540 925 83
540 932 27
540 935 58
540 936 45
540 956 19
540 960 83
540 964 76
540 966 38
540 972 35
540 977 28
540 980 1
540 985 44
541 542 40
541 552 92
541 555 97
541 570 62
541 574 91
541 592 67
541 594 23
541 621 57
541 633 31
541 634 60
541 642 49
541 646 30
541 653 12
541 654 93
541 662 42
541 668 44
541 681 95
541 684 17
541 711 92
541 716 82
541 732 24
541 740 97
541 746 22
541 752 11
541 757 18
541 758 13
541 770 25
541 771 93
541 772 63
541 787 19
541 798 63
541 804 11
541 811 77
541 815 69
541 836 16
541 840 43
541 860 43
541 862 95
541 868 64
541 874 52
541 876 35
541 880 28
541 884 21
541 890 9
541 901 83
541 905 81
541 908 92
541 921 65
541 933 72
541 934 46
541 935 16
541 945 72
541 956 77
541 958 96
541 966 26
541 973 36
541 975 6
541 982 70
541 992 6
541 995 76
542 544 26
542 552 30
542 555 35
542 561 63
542 570 27
542 594 51
542 621 42
542 624 1
542 633 49
542 634 61
542 638 84
542 642 25
542 646 14
542 649 81
542 653 74
542 660 7
542 664 29
542 668 70
542 680 21
542 681 77
542 684 67
542 685 70
542 688 99
542 702 38
542 710 57
542 716 20
542 722 81
542 727 64
542 729 38
542 732 47
542 740 16
542 746 19
542 747 92
542 761 59
542 762 91
542 766 17
542 772 61
542 811 33
542 815 55
542 821 62
542 836 51
542 861 80
542 866 89
542 868 27
542 874 46
542 876 48
542 884 52
542 890 28
542 904 90
542 905 21
542 907 15
542 921 43
542 935 95
542 936 48
542 956 70
542 966 81
542 972 29
542 973 74
542 977 44
542 998 84
543 592 11
543 636 45
543 637 6
543 643 7
543 650 83
543 654 10
543 662 66
543 682 89
543 686 46
543 694 53
543 697 6
543 709 55
543 717 89
543 724 7
543 726 90
543 730 55
543 737 74
543 752 39
543 758 46
543 769 20
543 770 59
543 774 70
543 777 32
543 780 67
543 785 61
543 787 54
543 791 16
543 797 4
543 804 71
543 838 57
543 840 47
543 859 44
543 860 60
543 862 39
543 882 17
543 883 69
543 891 61
543 893 5
543 894 65
543 906 30
543 909 20
543 928 70
543 939 14
543 942 44
543 944 16
543 949 37
543 955 95
543 958 40
543 961 69
543 962 17
543 967 8
543 968 49
543 969 68
543 975 42
543 992 7
543 994 41
543 999 76
544 555 12
544 560 3
544 561 91
544 570 82
544 614 89
544 634 61
544 638 88
544 649 44
544 653 39
544 660 29
544 664 46
544 666 90
544 676 49
544 680 86
544 684 83
544 685 91
544 688 36
544 702 11
544 710 64
544 722 53
544 729 39
544 732 27
544 735 49
544 747 39
544 750 41
544 759 39
544 761 50
544 762 85
544 766 82
544 786 93
544 788 10
544 793 27
544 799 28
544 811 56
544 816 15
544 821 15
544 827 65
544 836 50
544 841 17
544 843 90
544 861 55
544 866 1
544 874 46
544 890 8
544 904 20
544 905 76
544 912 68
544 922 67
544 925 12
544 927 76
544 932 28
544 935 97
544 936 50
544 956 1
544 966 83
544 972 24
544 978 65
544 980 41
544 998 20
545 547 21
545 549 77
545 588 7
545 600 38
545 613 8
545 629 83
545 637 78
545 639 47
545 644 66
545 661 26
545 667 34
545 669 40
545 672 12
545 682 55
545 689 44
545 694 87
545 696 51
545 708 25
545 717 16
545 728 66
545 731 82
545 739 100
545 767 100
545 769 92
545 775 56
545 776 76
545 777 90
545 797 12
545 801 35
545 828 95
545 829 41
545 834 30
545 838 6
545 850 55
545 852 99
545 855 34
545 857 87
545 858 29
545 879 74
545 896 49
545 899 39
545 906 24
545 920 18
545 955 43
545 959 70
545 963 29
545 968 56
545 970 92
545 974 60
545 984 99
545 988 62
545 989 93
545 997 84
546 564 39
546 567 59
546 572 53
546 582 100
546 585 87
546 597 53
546 604 58
546 607 84
546 614 87
546 618 74
546 620 89
546 627 49
546 628 49
546 640 76
546 647 95
546 651 59
546 652 14
546 656 5
546 658 47
546 670 9
546 673 68
546 679 64
546 683 37
546 690 67
546 695 33
546 700 100
546 721 58
546 754 95
546 781 82
546 784 52
546 805 89
546 809 21
546 814 8
546 818 96
546 819 76
546 830 65
546 847 40
546 851 41
546 853 4
546 854 60
546 869 88
546 881 25
546 895 55
546 902 92
546 924 16
546 931 97
546 938 61
546 965 51
546 976 27
546 981 11
546 985 40
547 549 43
547 580 15
547 600 71
547 639 84
547 661 75
547 671 59
547 672 78
547 689 5
547 728 72
547 767 20
547 769 36
547 775 4
547 776 36
547 801 15
547 829 89
547 834 85
547 850 38
547 852 56
547 855 76
547 858 97
547 879 36
547 896 100
547 910 57
547 920 15
547 963 36
547 974 51
547 988 84
547 989 64
547 997 3
548 556 14
548 558 2
548 559 85
548 564 52
548 571 27
548 581 94
548 587 99
548 599 20
548 605 18
548 610 12
548 612 97
548 618 87
548 631 83
548 640 26
548 665 26
548 673 30
548 687 98
548 690 32
548 695 17
548 712 24
548 713 81
548 736 29
548 738 75
548 748 44
548 749 69
548 768 65
548 778 1
548 784 68
548 789 26
548 800 52
548 808 44
548 814 8
548 818 86
548 819 42
548 822 14
548 839 84
548 848 28
548 898 47
548 913 48
548 916 38
548 919 30
548 931 99
548 937 25
548 938 87
548 954 23
548 971 88
548 993 3
549 553 47
549 584 42
549 588 1
549 600 39
549 613 37
549 629 64
549 639 74
549 644 71
549 661 94
549 667 40
549 669 31
549 672 86
549 682 28
549 693 60
549 696 45
549 708 4
549 709 27
549 717 44
549 728 61
549 731 18
549 739 59
549 745 11
549 767 21
549 769 57
549 775 6
549 776 16
549 777 60
549 795 57
549 797 6
549 801 82
549 828 31
549 829 73
549 834 100
549 838 97
549 850 74
549 852 94
549 855 85
549 857 10
549 858 63
549 879 21
549 896 91
549 899 36
549 906 99
549 920 5
549 955 24
549 959 65
549 962 41
549 963 75
549 968 37
549 970 4
549 974 76
549 984 15
549 988 51
549 989 13
549 997 72
550 557 74
550 560 76
550 567 54
550 589 31
550 593 89
550 596 69
550 611 66
550 614 24
550 615 25
550 617 88
550 628 97
550 647 69
550 648 29
550 651 87
550 656 8
550 658 17
550 666 73
550 670 59
550 678 45
550 698 79
550 700 46
550 714 74
550 719 79
550 735 88
550 750 24
550 754 88
550 756 59
550 759 11
550 781 42
550 783 47
550 786 45
550 788 34
550 792 84
550 793 23
550 816 75
550 817 88
550 820 82
550 827 32
550 830 25
550 835 42
550 841 46
550 843 89
550 845 78
550 851 41
550 854 75
550 863 93
550 865 96
550 886 51
550 902 80
550 922 64
550 932 28
550 941 30
550 946 93
550 953 43
550 960 27
550 976 56
551 554 20
551 562 39
551 569 86
551 576 13
551 590 41
551 591 59
551 593 27
551 608 85
551 609 5
551 616 7
551 619 22
551 645 24
551 659 29
551 674 40
551 677 12
551 678 88
551 692 29
551 707 22
551 714 93
551 718 43
551 720 41
551 725 8
551 734 39
551 742 51
551 760 43
551 765 61
551 782 82
551 783 95
551 799 4
551 802 59
551 806 6
551 807 73
551 817 67
551 820 48
551 823 94
551 832 43
551 843 8
551 845 30
551 856 71
551 870 7
551 875 94
551 892 8
551 927 38
551 941 11
551 946 20
551 947 77
551 948 24
551 950 86
551 953 60
551 991 45
552 574 91
552 594 62
552 598 40
552 601 62
552 602 10
552 634 21
552 642 77
552 649 65
552 653 73
552 664 59
552 668 52
552 675 75
552 688 9
552 743 31
552 746 59
552 747 17
552 751 75
552 753 100
552 757 24
552 766 21
552 771 79
552 772 21
552 790 66
552 803 45
552 815 76
552 821 91
552 825 14
552 842 74
552 861 95
552 866 47
552 876 24
552 884 63
552 885 4
552 904 49
552 905 50
552 912 47
552 915 70
552 933 16
552 935 21
552 956 90
552 966 64
552 973 5
552 978 9
552 998 29
553 565 36
553 583 52
553 584 67
553 606 4
553 613 74
553 629 73
553 630 77
553 633 86
553 635 22
553 644 27
553 646 68
553 654 3
553 667 38
553 669 53
553 681 46
553 682 36
553 686 29
553 696 59
553 699 50
553 703 25
553 704 34
553 708 98
553 709 72
553 717 1
553 727 53
553 730 83
553 731 81
553 733 43
553 773 58
553 777 4
553 785 50
553 795 93
553 798 67
553 804 61
553 810 34
553 813 13
553 826 94
553 828 32
553 838 53
553 840 59
553 859 17
553 868 85
553 872 62
553 887 38
553 889 57
553 897 29
553 899 71
553 906 55
553 907 59
553 918 59
553 921 86
553 928 46
553 930 17
553 959 83
553 962 96
553 963 100
553 968 82
553 970 40
553 975 1
553 982 91
553 984 50
554 562 93
554 569 28
554 578 44
554 590 6
554 601 14
554 602 32
554 616 19
554 619 36
554 649 92
554 659 58
554 664 76
554 692 20
554 707 23
554 720 88
554 725 46
554 734 46
554 743 28
554 753 98
554 765 86
554 766 68
554 782 52
554 790 25
554 799 81
554 803 44
554 807 81
554 823 94
554 832 7
554 856 73
554 866 95
554 870 79
554 875 12
554 892 49
554 912 52
554 915 1
554 927 25
554 947 94
554 978 92
554 991 81
555 561 68
555 570 7
555 582 48
555 583 70
555 585 47
555 624 52
555 630 46
555 633 88
555 634 6
555 638 84
555 646 57
555 653 23
555 660 31
555 666 26
555 676 89
555 679 86
555 680 94
555 681 28
555 684 61
555 685 21
555 702 30
555 710 30
555 722 42
555 727 77
555 729 37
555 732 49
555 740 86
555 750 73
555 759 27
555 761 4
555 762 37
555 793 89
555 798 49
555 805 50
555 810 62
555 811 52
555 816 67
555 821 7
555 827 62
555 836 15
555 861 6
555 868 65
555 874 23
555 890 84
555 905 33
555 907 90
555 921 39
555 922 57
555 925 12
555 932 8
555 935 5
555 936 9
555 956 24
555 964 57
555 966 83
555 972 84
555 977 62
555 980 13
555 998 3
556 558 45
556 559 20
556 566 40
556 572 93
556 577 46
556 581 30
556 599 79
556 604 64
556 607 77
556 610 71
556 612 97
556 618 88
556 620 66
556 631 91
556 640 16
556 652 83
556 665 14
556 673 66
556 687 32
556 690 50
556 712 48
556 721 53
556 736 34
556 738 53
556 749 87
556 778 69
556 784 33
556 789 72
556 794 10
556 800 95
556 808 64
556 814 51
556 818 5
556 819 47
556 822 72
556 848 1
556 869 20
556 895 80
556 913 100
556 914 52
556 916 14
556 919 56
556 931 54
556 938 66
556 971 27
556 993 100
557 560 17
557 567 44
557 589 95
557 593 84
557 596 57
557 609 8
557 611 51
557 614 79
557 615 12
557 617 3
557 628 18
557 647 86
557 648 100
557 656 29
557 659 77
557 660 38
557 666 85
557 678 14
557 680 34
557 685 10
557 692 46
557 698 79
557 700 16
557 714 72
557 719 37
557 725 6
557 735 52
557 742 22
557 747 3
557 750 4
557 754 40
557 756 71
557 759 33
557 781 59
557 783 12
557 786 62
557 788 79
557 792 62
557 793 40
557 799 20
557 806 47
557 807 47
557 816 65
557 817 84
557 820 2
557 827 15
557 835 36
557 841 66
557 843 12
557 845 22
557 863 69
557 865 86
557 886 2
557 922 20
557 927 88
557 932 7
557 941 18
557 946 10
557 953 64
557 960 73
558 559 18
558 571 10
558 581 63
558 605 2
558 610 19
558 612 69
558 631 92
558 640 53
558 665 58
558 687 70
558 690 46
558 712 98
558 738 16
558 748 6
558 749 41
558 778 9
558 789 58
558 800 92
558 808 46
558 814 85
558 819 12
558 839 83
558 848 69
558 913 46
558 914 65
558 916 33
558 919 21
558 931 5
558 938 79
558 954 88
558 996 22
559 564 61
559 571 91
559 581 40
559 587 23
559 599 20
559 605 87
559 610 1
559 622 83
559 631 3
559 640 28
559 687 32
559 690 68
559 706 6
559 712 46
559 713 94
559 738 34
559 748 31
559 749 10
559 768 56
559 778 4
559 789 30
559 808 67
559 814 95
559 818 83
559 819 94
559 839 50
559 848 14
559 873 80
559 898 8
559 913 88
559 916 42
559 919 34
559 931 15
559 937 53
559 938 6
559 954 50
559 971 70
560 561 19
560 567 58
560 589 5
560 593 87
560 614 78
560 617 84
560 628 35
560 638 55
560 647 84
560 648 28
560 656 82
560 658 68
560 659 47
560 660 31
560 666 82
560 680 67
560 685 8
560 692 78
560 698 41
560 700 52
560 702 75
560 714 80
560 722 36
560 725 18
560 729 95
560 735 7
560 747 52
560 750 68
560 754 73
560 759 82
560 761 54
560 781 40
560 783 40
560 786 100
560 788 2
560 792 87
560 793 49
560 799 35
560 807 82
560 816 56
560 817 37
560 820 59
560 821 63
560 827 17
560 841 7
560 843 74
560 854 72
560 861 71
560 886 62
560 922 59
560 927 68
560 932 65
560 936 3
560 941 65
560 946 21
560 953 55
560 956 71
560 960 91
560 966 84
560 980 2
561 570 39
561 624 72
561 634 16
561 638 36
561 649 33
561 653 63
561 660 51
561 664 22
561 666 36
561 676 88
561 680 95
561 684 11
561 685 18
561 688 35
561 702 71
561 710 8
561 722 28
561 727 2
561 729 47
561 732 47
561 735 82
561 740 25
561 747 14
561 750 27
561 759 71
561 761 28
561 762 88
561 766 100
561 786 78
561 788 44
561 793 49
561 811 29
561 816 37
561 821 11
561 827 15
561 836 73
561 843 92
561 861 26
561 866 29
561 874 94
561 890 94
561 904 2
561 905 92
561 912 12
561 922 58
561 925 28
561 927 87
561 932 25
561 935 67
561 936 5
561 956 36
561 966 41
561 972 64
561 973 73
561 977 2
561 980 75
561 998 44
562 569 19
562 590 5
562 608 93
562 609 54
562 616 84
562 619 100
562 645 10
562 659 15
562 674 29
562 677 7
562 678 5
562 692 90
562 707 79
562 720 1
562 725 38
562 734 22
562 742 11
562 760 79
562 765 65
562 782 93
562 799 45
562 802 89
562 807 62
562 820 53
562 823 10
562 832 11
562 845 98
562 856 53
562 870 11
562 875 23
562 892 16
562 927 92
562 947 69
562 948 8
562 950 3
562 991 74
563 565 19
563 566 84
563 568 51
563 584 38
563 588 79
563 603 14
563 606 15
563 610 78
563 612 92
563 613 90
563 626 51
563 635 53
563 641 13
563 657 95
563 665 26
563 667 28
563 687 99
563 691 61
563 693 54
563 701 73
563 703 23
563 704 19
563 708 9
563 731 34
563 733 26
563 739 13
563 745 36
563 773 15
563 794 68
563 795 12
563 822 81
563 824 59
563 826 40
563 857 43
563 867 73
563 872 61
563 887 11
563 897 88
563 899 20
563 903 31
563 914 52
563 930 23
563 951 6
563 952 45
563 990 99
563 993 50
563 996 30
564 571 27
564 587 5
564 597 9
564 599 33
564 604 88
564 605 52
564 622 83
564 627 15
564 631 6
564 640 28
564 683 45
564 690 4
564 695 21
564 706 97
564 713 88
564 748 43
564 768 76
564 778 33
564 784 42
564 808 82
564 809 10
564 818 53
564 819 81
564 839 52
564 853 26
564 873 52
564 898 75
564 913 65
564 919 65
564 931 31
564 937 29
564 938 78
564 954 79
564 971 73
564 981 56
565 566 94
565 568 91
565 572 72
565 577 61
565 583 38
565 584 15
565 585 42
565 603 36
565 606 44
565 612 38
565 613 91
565 618 95
565 620 77
565 624 30
565 626 46
565 629 29
565 630 16
565 632 30
565 635 7
565 646 92
565 652 58
565 667 47
565 673 51
565 679 75
565 699 88
565 703 78
565 704 58
565 708 28
565 710 25
565 727 61
565 731 40
565 733 65
565 736 15
565 745 31
565 762 18
565 773 47
565 794 52
565 795 75
565 800 19
565 810 75
565 813 61
565 822 62
565 826 97
565 828 85
565 867 89
565 872 3
565 887 74
565 889 24
565 897 87
565 899 43
565 907 90
565 914 75
565 930 73
565 964 16
565 977 38
565 984 41
565 990 36
565 993 45
566 568 96
566 572 1
566 577 73
566 581 27
566 582 66
566 584 13
566 585 71
566 603 14
566 606 79
566 607 1
566 612 55
566 618 14
566 620 84
566 624 42
566 626 20
566 630 7
566 632 4
566 635 21
566 652 32
566 667 76
566 673 51
566 676 28
566 679 74
566 703 56
566 704 16
566 710 48
566 712 27
566 721 89
566 727 42
566 733 88
566 736 71
566 745 55
566 749 73
566 762 100
566 773 14
566 794 85
566 795 44
566 800 50
566 805 83
566 810 52
566 814 8
566 822 80
566 826 100
566 867 20
566 872 7
566 887 68
566 897 86
566 907 2
566 914 4
566 925 74
566 930 79
566 964 12
566 977 70
566 990 39
566 993 90
567 582 90
567 589 55
567 593 62
567 604 58
567 614 7
567 617 55
567 628 99
567 647 2
567 648 87
567 651 22
567 656 96
567 658 9
567 666 64
567 670 13
567 685 52
567 698 43
567 700 85
567 719 31
567 722 48
567 735 61
567 750 21
567 754 51
567 759 76
567 781 19
567 783 49
567 786 12
567 788 81
567 792 25
567 793 83
567 805 54
567 809 59
567 816 6
567 817 21
567 827 29
567 830 54
567 835 78
567 841 95
567 847 93
567 851 8
567 854 2
567 863 49
567 869 30
567 881 5
567 886 67
567 895 91
567 902 32
567 922 72
567 924 26
567 932 99
567 941 8
567 960 40
567 965 26
567 976 81
567 980 75
567 981 93
567 985 92
568 584 93
568 588 78
568 603 98
568 606 42
568 610 92
568 612 58
568 626 8
568 635 60
568 641 10
568 657 30
568 665 45
568 667 42
568 687 26
568 691 74
568 693 36
568 701 87
568 703 18
568 704 66
568 708 42
568 731 11
568 733 12
568 739 100
568 745 63
568 749 93
568 773 4
568 794 19
568 795 80
568 822 99
568 824 79
568 826 45
568 857 30
568 867 97
568 897 50
568 899 11
568 903 9
568 914 10
568 951 33
568 952 56
568 990 42
568 993 45
568 996 43
569 576 29
569 590 46
569 591 27
569 593 37
569 608 86
569 609 42
569 616 49
569 619 12
569 645 21
569 659 6
569 674 23
569 677 13
569 678 36
569 692 5
569 707 74
569 714 54
569 718 47
569 720 62
569 725 48
569 734 62
569 742 22
569 760 82
569 765 39
569 782 90
569 783 88
569 799 6
569 802 1
569 806 78
569 807 37
569 817 36
569 820 72
569 823 57
569 832 18
569 843 80
569 845 62
569 856 34
569 870 19
569 875 51
569 892 5
569 927 36
569 941 86
569 946 37
569 947 37
569 948 46
569 950 98
569 953 58
569 991 62
570 583 80
570 621 47
570 624 15
570 633 52
570 634 69
570 638 90
570 646 88
570 653 18
570 660 29
570 666 97
570 676 12
570 680 91
570 681 56
570 684 6
570 685 75
570 688 84
570 702 73
570 710 66
570 722 20
570 727 10
570 729 99
570 732 92
570 740 84
570 746 51
570 747 68
570 750 39
570 761 59
570 762 38
570 766 99
570 793 73
570 811 95
570 821 50
570 827 34
570 836 68
570 861 58
570 868 1
570 874 28
570 876 49
570 890 54
570 904 44
570 905 18
570 907 43
570 921 91
570 925 73
570 932 82
570 935 34
570 936 48
570 956 93
570 966 100
570 972 62
570 973 28
570 977 61
570 980 54
570 998 79
571 587 32
571 597 20
571 599 9
571 605 98
571 622 83
571 631 79
571 640 82
571 690 39
571 695 69
571 706 60
571 713 40
571 738 75
571 748 50
571 768 57
571 778 20
571 808 33
571 818 94
571 819 90
571 839 13
571 873 87
571 898 75
571 913 72
571 916 79
571 919 38
571 931 72
571 937 40
571 938 96
571 954 50
571 971 97
572 577 17
572 581 44
572 582 43
572 585 100
572 604 21
572 607 31
572 614 79
572 618 91
572 620 96
572 624 65
572 628 10
572 630 39
572 632 68
572 640 76
572 651 10
572 652 88
572 658 39
572 666 36
572 673 64
572 676 48
572 679 46
572 683 62
572 712 26
572 721 13
572 722 62
572 736 50
572 754 43
572 759 95
572 784 90
572 800 21
572 805 83
572 809 48
572 814 64
572 819 54
572 822 72
572 830 99
572 854 85
572 869 52
572 881 2
572 895 95
572 922 69
572 925 95
572 931 13
572 936 64
572 964 1
572 972 51
572 977 85
572 980 93
572 985 10
572 993 9
573 579 11
573 595 2
573 623 52
573 625 56
573 663 19
573 675 82
573 715 73
573 741 91
573 751 12
573 755 29
573 763 40
573 764 52
573 796 92
573 812 69
573 825 83
573 831 52
573 833 55
573 837 28
573 842 39
573 846 45
573 849 29
573 864 54
573 877 25
573 878 37
573 888 35
573 900 23
573 901 56
573 923 40
573 926 63
573 933 3
573 934 15
573 940 9
573 957 65
573 983 9
573 986 34
573 987 31
573 995 36
574 594 51
574 598 39
574 601 56
574 602 76
574 634 71
574 642 12
574 649 56
574 653 85
574 664 68
574 668 49
574 675 82
574 688 48
574 743 76
574 746 42
574 751 56
574 753 33
574 757 11
574 766 14
574 771 37
574 772 80
574 790 45
574 796 25
574 803 6
574 815 71
574 821 67
574 825 100
574 831 21
574 842 10
574 864 14
574 866 66
574 876 71
574 878 23
574 884 89
574 885 7
574 901 43
574 904 74
574 912 18
574 915 71
574 917 2
574 926 29
574 933 59
574 973 17
574 978 21
574 987 49
574 995 83
574 998 36
575 586 96
575 623 67
575 643 4
575 663 24
575 711 81
575 715 100
575 723 56
575 726 9
575 741 67
575 744 69
575 755 63
575 763 11
575 770 1
575 779 64
575 791 62
575 831 73
575 837 81
575 844 84
575 860 72
575 871 49
575 882 79
575 888 46
575 908 12
575 929 7
575 934 74
575 939 83
575 940 77
575 943 16
575 945 4
575 979 10
575 983 80
575 995 63
576 591 56
576 596 63
576 608 86
576 609 96
576 611 70
576 615 16
576 645 41
576 655 35
576 659 68
576 674 54
576 677 3
576 678 78
576 692 91
576 705 34
576 714 34
576 718 91
576 742 27
576 756 93
576 760 20
576 783 3
576 802 58
576 806 67
576 823 30
576 845 49
576 865 62
576 870 95
576 941 78
576 947 58
576 948 96
576 950 79
576 953 8
576 991 39
577 581 75
577 582 12
577 584 5
577 585 95
577 606 69
577 607 60
577 612 69
577 618 50
577 620 11
577 624 87
577 630 19
577 632 58
577 635 30
577 638 27
577 646 21
577 652 54
577 673 27
577 676 37
577 679 62
577 703 46
577 704 43
577 710 65
577 721 84
577 722 87
577 727 56
577 733 75
577 736 94
577 761 35
577 762 53
577 773 97
577 795 20
577 800 24
577 805 88
577 810 50
577 814 3
577 822 37
577 826 79
577 872 38
577 887 41
577 897 87
577 907 30
577 925 15
577 930 48
577 936 59
577 964 7
577 972 76
577 977 40
577 980 96
577 985 31
577 993 85
578 590 93
578 595 73
578 598 10
578 601 69
578 602 43
578 619 27
578 675 41
578 743 87
578 751 49
578 753 74
578 790 53
578 803 38
578 825 45
578 842 45
578 878 18
578 885 41
578 911 85
578 915 64
578 917 21
578 926 99
578 987 22
579 595 33
579 598 17
579 663 13
579 675 42
579 715 30
579 751 60
579 764 25
579 796 76
579 812 44
579 825 35
579 831 60
579 833 67
579 842 17
579 846 42
579 849 28
579 864 17
579 877 13
579 878 17
579 900 30
579 911 75
579 917 66
579 923 48
579 926 95
579 940 2
579 957 62
579 986 33
579 987 59
580 637 54
580 639 22
580 650 85
580 661 11
580 671 51
580 689 51
580 694 99
580 728 50
580 767 59
580 769 5
580 776 49
580 801 7
580 834 16
580 852 47
580 855 99
580 858 71
580 896 62
580 910 23
580 920 1
580 955 59
580 974 8
580 988 7
580 989 56
580 994 20
580 997 84
581 585 4
581 607 69
581 610 15
581 612 82
581 618 86
581 620 67
581 631 98
581 632 12
581 640 4
581 652 26
581 665 29
581 673 13
581 679 30
581 687 23
581 690 51
581 712 52
581 721 88
581 736 86
581 738 78
581 749 37
581 784 80
581 789 19
581 794 34
581 800 97
581 808 68
581 814 42
581 818 2
581 819 78
581 822 11
581 848 66
581 869 56
581 913 58
581 914 57
581 916 10
581 919 13
581 931 83
581 938 2
581 993 29
582 585 60
582 604 60
582 607 4
582 614 99
582 618 13
582 620 41
582 624 26
582 628 98
582 630 57
582 632 68
582 638 43
582 647 77
582 648 89
582 651 22
582 652 32
582 656 59
582 658 4
582 660 96
582 666 31
582 673 19
582 676 18
582 679 30
582 685 90
582 702 91
582 710 73
582 721 15
582 722 25
582 727 4
582 735 50
582 736 79
582 750 100
582 754 28
582 759 52
582 761 69
582 762 29
582 784 40
582 786 66
582 788 78
582 793 61
582 805 82
582 811 95
582 816 54
582 827 33
582 830 13
582 841 55
582 854 4
582 869 8
582 881 25
582 895 56
582 907 14
582 922 86
582 925 35
582 932 70
582 936 59
582 964 18
582 972 90
582 977 73
582 980 8
582 985 55
583 584 56
583 613 71
583 621 30
583 624 20
583 629 47
583 630 67
583 632 48
583 633 80
583 635 99
583 644 44
583 646 35
583 654 58
583 662 17
583 681 96
583 684 64
583 686 44
583 696 87
583 699 85
583 703 53
583 704 2
583 709 71
583 710 89
583 716 85
583 717 74
583 727 54
583 732 4
583 733 70
583 740 56
583 762 63
583 773 4
583 777 34
583 785 29
583 795 14
583 798 18
583 804 35
583 810 97
583 811 16
583 813 6
583 826 70
583 828 38
583 836 87
583 840 24
583 859 96
583 868 5
583 872 31
583 874 85
583 887 16
583 889 37
583 890 99
583 897 70
583 905 61
583 906 89
583 907 18
583 918 5
583 921 87
583 928 35
583 930 76
583 935 86
583 958 43
583 959 98
583 962 40
583 964 70
583 972 13
583 975 17
583 977 60
583 982 17
583 984 26
584 588 63
584 603 92
584 606 75
584 613 9
584 626 64
584 629 76
584 630 24
584 632 15
584 635 49
584 644 27
584 646 34
584 667 53
584 669 1
584 686 2
584 696 34
584 699 7
584 703 24
584 704 83
584 708 2
584 731 46
584 733 73
584 739 90
584 745 19
584 773 70
584 785 94
584 794 33
584 795 27
584 810 36
584 813 72
584 826 2
584 828 16
584 857 35
584 867 53
584 872 67
584 887 90
584 889 35
584 897 47
584 899 71
584 906 71
584 907 96
584 914 34
584 918 86
584 930 73
584 952 58
584 959 7
584 962 3
584 963 76
584 964 19
584 970 79
584 984 58
584 990 57
585 604 54
585 607 17
585 614 65
585 618 7
585 620 19
585 624 86
585 628 87
585 630 61
585 632 91
585 638 92
585 651 47
585 652 100
585 656 82
585 658 47
585 666 40
585 673 96
585 676 10
585 679 84
585 710 47
585 721 28
585 722 79
585 727 32
585 736 16
585 750 27
585 754 50
585 759 11
585 761 97
585 762 13
585 784 84
585 786 91
585 800 22
585 805 22
585 810 92
585 814 68
585 816 62
585 822 32
585 827 42
585 841 32
585 854 26
585 869 48
585 881 52
585 895 9
585 907 59
585 922 80
585 925 66
585 930 13
585 936 18
585 964 92
585 972 1
585 977 72
585 980 2
585 985 62
585 993 100
586 623 22
586 643 6
586 663 74
586 711 90
586 715 42
586 723 91
586 726 6
586 741 42
586 744 84
586 755 43
586 763 88
586 770 35
586 779 47
586 791 92
586 831 50
586 837 69
586 844 68
586 860 16
586 871 11
586 877 40
586 888 21
586 908 76
586 929 86
586 934 34
586 939 43
586 940 3
586 943 9
586 945 13
586 979 40
586 983 43
586 995 82
587 597 5
587 599 55
587 605 30
587 622 34
587 631 78
587 640 2
587 690 18
587 695 36
587 706 28
587 713 82
587 738 7
587 748 6
587 768 68
587 778 100
587 808 35
587 818 78
587 819 36
587 839 25
587 853 51
587 873 59
587 898 10
587 913 76
587 919 67
587 931 62
587 937 16
587 938 23
587 954 41
587 971 100
588 600 7
588 603 67
588 606 94
588 613 50
588 626 62
588 629 57
588 635 90
588 641 75
588 644 24
588 657 62
588 667 30
588 669 62
588 672 87
588 691 16
588 693 23
588 696 100
588 701 69
588 703 51
588 708 43
588 731 1
588 733 8
588 739 62
588 745 24
588 769 100
588 773 68
588 775 45
588 795 60
588 824 53
588 829 30
588 834 95
588 850 57
588 857 67
588 858 39
588 867 78
588 879 15
588 899 63
588 903 93
588 920 67
588 951 29
588 952 95
588 959 46
588 963 66
588 970 55
588 984 72
588 990 8
589 593 80
589 596 67
589 611 7
589 614 32
589 615 64
589 617 66
589 628 54
589 647 6
589 648 98
589 651 44
589 656 25
589 658 8
589 670 88
589 698 62
589 700 53
589 714 93
589 719 17
589 735 70
589 754 18
589 756 51
589 781 52
589 783 78
589 786 77
589 788 18
589 792 99
589 817 99
589 820 19
589 830 35
589 835 35
589 841 85
589 847 50
589 851 86
589 854 15
589 863 74
589 865 93
589 886 81
589 902 93
589 924 58
589 941 68
589 946 16
589 953 68
589 960 73
589 965 14
589 976 47
590 601 56
590 602 40
590 616 48
590 619 65
590 707 25
590 720 38
590 725 73
590 734 37
590 743 31
590 765 79
590 782 39
590 790 5
590 823 32
590 832 72
590 856 20
590 870 20
590 875 3
590 892 16
590 912 76
590 947 27
590 978 100
590 991 89
591 593 8
591 596 42
591 608 2
591 609 18
591 611 55
591 615 71
591 645 8
591 655 26
591 659 86
591 674 62
591 677 23
591 678 34
591 692 55
591 705 71
591 714 19
591 718 12
591 719 45
591 742 10
591 756 4
591 760 14
591 783 5
591 802 28
591 806 33
591 817 96
591 820 93
591 845 72
591 863 9
591 865 65
591 870 55
591 941 35
591 946 27
591 947 58
591 948 100
591 950 75
591 953 31
591 991 71
592 621 22
592 633 63
592 634 56
592 642 14
592 643 65
592 653 64
592 654 69
592 662 80
592 668 61
592 681 85
592 686 5
592 711 94
592 716 87
592 726 28
592 732 100
592 740 81
592 752 38
592 757 49
592 758 98
592 770 11
592 771 79
592 772 82
592 779 64
592 785 91
592 787 76
592 798 28
592 804 89
592 840 53
592 844 1
592 859 73
592 860 72
592 862 82
592 868 71
592 871 3
592 876 95
592 880 56
592 884 94
592 893 12
592 894 30
592 901 49
592 905 74
592 908 11
592 918 50
592 921 55
592 928 25
592 933 91
592 934 52
592 939 71
592 945 19
592 949 19
592 958 81
592 969 23
592 973 94
592 975 73
592 982 57
592 992 6
592 995 94
593 596 18
593 609 68
593 611 14
593 615 96
593 617 85
593 647 56
593 648 92
593 656 41
593 659 17
593 678 61
593 685 84
593 692 8
593 698 9
593 707 72
593 714 55
593 718 42
593 719 7
593 725 64
593 735 92
593 742 46
593 747 14
593 750 24
593 756 41
593 760 25
593 765 45
593 781 64
593 783 34
593 786 69
593 788 3
593 792 73
593 793 69
593 799 46
593 806 15
593 807 36
593 817 44
593 820 18
593 827 62
593 835 36
593 841 14
593 843 98
593 845 44
593 863 52
593 865 2
593 875 9
593 886 58
593 927 84
593 932 65
593 941 77
593 946 64
593 950 68
593 953 41
593 960 100
593 991 82
594 598 44
594 601 66
594 602 20
594 634 94
594 642 71
594 649 1
594 653 60
594 664 53
594 668 47
594 675 80
594 688 80
594 743 51
594 746 27
594 751 100
594 753 53
594 757 43
594 766 99
594 771 65
594 772 39
594 790 85
594 803 44
594 815 48
594 821 94
594 825 43
594 842 57
594 861 79
594 864 83
594 866 37
594 876 63
594 878 58
594 884 54
594 885 29
594 901 9
594 904 43
594 912 87
594 915 88
594 917 44
594 926 46
594 933 85
594 973 16
594 978 48
594 995 92
594 998 88
595 598 9
595 663 58
595 675 18
595 751 48
595 796 25
595 812 65
595 825 58
595 833 11
595 842 83
595 846 28
595 849 79
595 864 97
595 878 29
595 885 94
595 911 49
595 917 13
595 923 74
595 926 90
595 940 30
595 957 49
595 986 43
595 987 49
596 608 92
596 609 100
596 611 85
596 615 73
596 617 39
596 645 46
596 655 58
596 659 9
596 674 30
596 678 74
596 692 18
596 698 28
596 705 31
596 714 43
596 718 97
596 719 6
596 742 55
596 756 54
596 760 9
596 783 50
596 802 59
596 806 15
596 807 20
596 817 2
596 820 27
596 835 58
596 845 25
596 863 70
596 865 4
596 941 27
596 946 23
596 948 18
596 950 33
596 953 60
596 960 38
596 991 12
597 599 3
597 604 47
597 605 29
597 627 88
597 670 41
597 683 30
597 690 30
597 695 89
597 713 80
597 768 27
597 778 74
597 784 53
597 808 67
597 809 98
597 818 41
597 819 5
597 847 97
597 851 30
597 853 2
597 881 66
597 895 90
597 902 80
597 913 67
597 924 89
597 931 1
597 937 56
597 938 17
597 954 50
597 965 33
597 971 35
597 981 4
598 601 47
598 602 81
598 664 50
598 675 52
598 743 50
598 751 45
598 753 71
598 790 14
598 796 23
598 803 92
598 815 32
598 825 79
598 842 86
598 864 79
598 878 18
598 884 13
598 885 24
598 911 59
598 915 23
598 917 64
598 923 9
598 926 75
598 987 62
599 605 65
599 622 27
599 631 23
599 640 96
599 683 81
599 690 2
599 695 66
599 706 45
599 712 86
599 713 31
599 738 33
599 748 39
599 768 83
599 778 59
599 784 82
599 808 9
599 814 13
599 818 93
599 819 22
599 839 100
599 853 94
599 873 53
599 898 63
599 913 82
599 916 91
599 919 35
599 931 94
599 937 73
599 938 69
599 954 54
599 971 99
600 639 12
600 641 79
600 657 50
600 661 32
600 667 97
600 669 65
600 672 100
600 689 88
600 691 61
600 693 94
600 701 73
600 731 43
600 739 90
600 767 75
600 775 3
600 776 36
600 801 95
600 829 34
600 834 3
600 850 89
600 852 100
600 857 4
600 858 42
600 879 42
600 896 40
600 899 84
600 920 38
600 951 12
600 963 59
600 970 54
600 989 48
601 602 87
601 616 78
601 619 58
601 649 71
601 664 32
601 675 6
601 688 83
601 720 73
601 743 49
601 751 8
601 753 73
601 766 19
601 790 100
601 803 11
601 815 54
601 825 28
601 832 7
601 842 50
601 856 38
601 866 53
601 878 90
601 885 75
601 911 91
601 912 42
601 915 88
601 917 11
601 978 96
602 616 54
602 619 53
602 649 66
602 664 80
602 688 42
602 707 74
602 720 9
602 725 62
602 743 42
602 747 97
602 753 69
602 765 40
602 766 97
602 782 70
602 790 43
602 799 88
602 803 44
602 815 23
602 821 73
602 832 55
602 842 77
602 856 8
602 861 71
602 866 24
602 875 7
602 885 45
602 892 37
602 904 64
602 912 41
602 915 58
602 927 27
602 978 83
602 998 38
603 606 61
603 610 9
603 612 73
603 613 14
603 626 15
603 635 52
603 641 84
603 657 83
603 665 47
603 667 70
603 687 40
603 691 67
603 693 65
603 701 56
603 703 42
603 704 87
603 708 67
603 731 77
603 733 61
603 739 85
603 745 49
603 773 76
603 794 15
603 795 12
603 822 46
603 824 53
603 826 4
603 857 15
603 867 70
603 872 65
603 887 30
603 897 46
603 899 60
603 903 22
603 914 35
603 930 24
603 951 33
603 952 47
603 990 22
603 993 26
603 996 83
604 607 58
604 618 31
604 620 62
604 627 84
604 628 20
604 640 2
604 651 17
604 652 32
604 658 12
604 670 40
604 673 33
604 679 56
604 683 65
604 690 76
604 695 93
604 700 87
604 712 42
604 721 64
604 736 85
604 754 11
604 784 53
604 805 80
604 808 80
604 809 72
604 814 74
604 818 19
604 819 78
604 830 24
604 847 61
604 851 73
604 853 46
604 854 54
604 869 24
604 881 67
604 895 77
604 902 2
604 913 79
604 924 7
604 931 10
604 938 6
604 965 87
604 976 78
604 981 62
604 985 67
605 622 95
605 631 78
605 640 42
605 690 44
605 695 57
605 706 80
605 713 95
605 738 72
605 748 77
605 768 77
605 778 45
605 808 38
605 818 38
605 819 80
605 839 82
605 873 28
605 898 35
605 913 63
605 916 22
605 919 44
605 931 35
605 937 86
605 938 45
605 954 23
605 971 93
606 612 2
606 613 11
606 626 20
606 629 83
606 630 98
606 632 82
606 635 24
606 641 36
606 657 81
606 665 20
606 667 79
606 669 79
606 691 25
606 696 37
606 699 50
606 701 57
606 703 32
606 704 15
606 708 18
606 731 72
606 733 68
606 739 17
606 745 87
606 773 65
606 794 12
606 795 62
606 810 28
606 822 29
606 824 27
606 826 31
606 828 65
606 857 14
606 867 76
606 872 56
606 887 57
606 889 84
606 897 46
606 899 95
606 903 81
606 914 2
606 930 34
606 951 25
606 952 47
606 959 56
606 964 15
606 984 13
606 990 62
606 993 6
607 614 60
607 618 35
607 620 27
607 624 81
607 628 62
607 630 73
607 632 98
607 638 83
607 651 57
607 652 81
607 656 83
607 658 41
607 666 16
607 673 79
607 676 87
607 679 15
607 683 85
607 710 65
607 712 34
607 721 38
607 722 5
607 736 46
607 754 74
607 759 58
607 761 38
607 784 68
607 786 76
607 800 38
607 805 49
607 809 72
607 814 19
607 816 84
607 822 51
607 827 30
607 830 2
607 841 36
607 854 79
607 869 18
607 881 47
607 895 11
607 922 68
607 925 38
607 931 54
607 936 73
607 964 47
607 972 74
607 977 26
607 980 39
607 985 57
608 609 32
608 611 63
608 615 49
608 645 64
608 655 6
608 659 27
608 674 95
608 677 37
608 678 100
608 692 26
608 705 43
608 714 23
608 718 32
608 734 18
608 742 88
608 756 46
608 760 19
608 765 33
608 782 66
608 802 46
608 806 76
608 807 4
608 823 37
608 845 73
608 865 80
608 870 38
608 892 82
608 947 35
608 948 28
608 950 89
608 953 94
608 991 81
609 611 77
609 615 57
609 617 74
609 645 14
609 655 17
609 659 4
609 674 69
609 677 45
609 678 97
609 692 16
609 705 78
609 714 96
609 718 67
609 719 58
609 725 13
609 742 18
609 756 97
609 760 42
609 765 81
609 783 91
609 799 51
609 802 14
609 806 88
609 807 76
609 817 21
609 820 14
609 823 83
609 845 48
609 863 57
609 865 17
609 870 30
609 892 40
609 941 87
609 946 69
609 947 63
609 948 4
609 950 27
609 953 4
609 960 86
609 991 100
610 612 49
610 618 48
610 626 95
610 631 80
610 640 17
610 665 95
610 673 21
610 687 37
610 690 84
610 712 65
610 736 61
610 738 62
610 749 7
610 789 68
610 794 8
610 800 24
610 808 99
610 814 99
610 819 59
610 822 6
610 824 86
610 848 92
610 903 77
610 913 31
610 914 70
610 916 35
610 919 74
610 931 31
610 938 72
610 990 24
610 993 49
610 996 73
611 615 35
611 617 82
611 645 34
611 655 54
611 678 87
611 692 37
611 698 78
611 705 15
611 714 5
611 718 58
611 719 92
611 742 20
611 756 70
611 760 14
611 783 29
611 802 70
611 806 63
611 817 41
611 820 72
611 835 72
611 845 82
611 863 14
611 865 22
611 941 56
611 946 11
611 950 76
611 953 14
612 618 13
612 626 100
612 632 48
612 635 55
612 640 1
612 665 57
612 673 3
612 687 73
612 703 58
612 704 14
612 712 18
612 733 1
612 736 62
612 738 3
612 745 78
612 749 5
612 773 97
612 789 42
612 794 58
612 800 70
612 814 70
612 822 100
612 824 52
612 826 59
612 848 59
612 867 28
612 903 75
612 914 9
612 916 8
612 931 89
612 952 34
612 990 79
612 993 25
612 996 9
613 629 15
613 635 100
613 644 88
613 667 88
613 669 47
613 682 36
613 686 53
613 696 21
613 699 46
613 703 50
613 704 34
613 708 5
613 709 30
613 717 54
613 730 18
613 731 33
613 733 8
613 739 20
613 745 95
613 769 10
613 773 77
613 777 97
613 785 49
613 795 28
613 810 47
613 813 10
613 826 24
613 828 6
613 829 20
613 855 22
613 857 26
613 859 10
613 867 49
613 872 88
613 887 71
613 889 20
613 896 12
613 897 83
613 899 11
613 906 50
613 918 19
613 920 86
613 930 51
613 959 15
613 962 94
613 963 16
613 968 78
613 970 62
613 984 12
613 990 7
614 617 29
614 620 82
614 628 77
614 638 35
614 647 11
614 648 16
614 651 19
614 652 10
614 656 36
614 658 54
614 660 78
614 666 58
614 676 93
614 679 72
614 680 90
614 685 35
614 698 85
614 700 81
614 702 28
614 721 2
614 722 95
614 735 67
614 750 82
614 754 80
614 759 65
614 761 79
614 781 42
614 786 4
614 788 31
614 792 98
614 793 29
614 805 11
614 816 22
614 827 4
614 830 5
614 841 70
614 843 50
614 851 41
614 854 15
614 869 41
614 881 44
614 886 65
614 895 15
614 922 78
614 925 48
614 932 24
614 936 21
614 960 58
614 972 48
614 976 4
614 980 65
614 985 44
615 617 7
615 645 95
615 655 34
615 659 52
615 674 48
615 678 74
615 692 23
615 698 34
615 705 6
615 714 5
615 718 7
615 719 13
615 742 25
615 756 44
615 760 65
615 783 90
615 802 39
615 806 34
615 817 44
615 820 93
615 835 11
615 845 18
615 863 84
615 865 63
615 941 53
615 946 36
615 950 53
615 953 6
616 619 3
616 649 25
616 659 3
616 664 65
616 688 46
616 692 5
616 707 89
616 720 63
616 725 25
616 734 40
616 742 41
616 743 57
616 747 7
616 765 19
616 766 58
616 782 58
616 790 99
616 799 63
616 803 3
616 807 2
616 820 51
616 821 91
616 823 68
616 832 31
616 843 63
616 856 40
616 861 61
616 866 41
616 870 38
616 875 8
616 892 70
616 904 54
616 912 42
616 915 35
616 927 95
616 946 35
616 978 6
616 991 28
616 998 17
617 628 85
617 647 25
617 648 54
617 656 93
617 659 10
617 660 91
617 666 88
617 678 75
617 680 52
617 685 100
617 692 67
617 698 5
617 700 93
617 714 27
617 719 98
617 725 54
617 735 2
617 742 75
617 747 49
617 750 3
617 754 5
617 756 11
617 759 91
617 781 75
617 783 32
617 786 73
617 788 15
617 792 50
617 793 50
617 799 65
617 806 100
617 807 19
617 816 58
617 817 33
617 820 79
617 827 100
617 835 6
617 841 23
617 843 100
617 845 98
617 863 36
617 865 84
617 886 12
617 922 25
617 927 18
617 932 98
617 941 59
617 946 87
617 953 71
617 960 46
617 976 51
618 620 94
618 631 48
618 632 80
618 640 91
618 652 35
618 665 3
618 673 94
618 679 58
618 687 90
618 690 93
618 712 21
618 721 42
618 736 63
618 738 11
618 749 8
618 784 65
618 789 83
618 794 72
618 800 97
618 805 10
618 808 24
618 814 42
618 818 95
618 819 89
618 822 12
618 848 47
618 869 55
618 895 90
618 913 86
618 914 87
618 916 34
618 919 84
618 931 65
618 938 35
618 964 40
618 985 59
618 993 1
619 649 51
619 659 38
619 664 62
619 688 42
619 707 65
619 720 45
619 725 79
619 734 36
619 743 51
619 747 63
619 753 10
619 765 15
619 766 80
619 782 42
619 790 17
619 799 80
619 803 20
619 807 60
619 823 69
619 832 32
619 856 2
619 866 82
619 870 50
619 875 83
619 885 8
619 892 34
619 904 50
619 912 39
619 915 25
619 927 76
619 947 3
619 978 94
619 991 68
620 624 89
620 628 33
620 630 61
620 632 67
620 638 55
620 651 74
620 652 78
620 656 97
620 658 76
620 666 21
620 673 43
620 676 77
620 679 65
620 710 36
620 712 44
620 721 20
620 722 73
620 727 8
620 736 8
620 754 3
620 759 97
620 761 56
620 762 53
620 784 42
620 800 96
620 805 52
620 810 9
620 814 17
620 816 97
620 822 87
620 841 8
620 854 62
620 869 90
620 881 48
620 895 52
620 907 43
620 922 88
620 925 14
620 930 37
620 936 7
620 964 90
620 972 51
620 977 29
620 980 76
620 985 85
620 993 91
621 633 44
621 634 38
621 642 50
621 646 62
621 653 17
621 654 71
621 662 10
621 668 76
621 681 3
621 684 100
621 686 85
621 699 9
621 709 70
621 711 45
621 716 44
621 732 84
621 740 10
621 746 64
621 752 58
621 757 34
621 758 39
621 762 83
621 770 92
621 771 34
621 772 73
621 785 45
621 787 70
621 798 83
621 804 4
621 811 96
621 813 67
621 836 44
621 840 9
621 859 86
621 860 40
621 862 8
621 868 84
621 874 97
621 876 36
621 880 48
621 884 38
621 889 29
621 890 99
621 893 38
621 905 72
621 908 8
621 918 90
621 921 84
621 928 1
621 935 25
621 945 14
621 958 14
621 962 31
621 969 12
621 973 6
621 975 88
621 982 78
621 992 92
622 631 41
622 690 77
622 695 58
622 706 28
622 713 62
622 748 62
622 768 12
622 778 34
622 808 15
622 818 71
622 839 79
622 873 3
622 898 90
622 913 78
622 919 34
622 937 77
622 938 21
622 954 3
622 971 47
623 625 58
623 663 44
623 715 11
623 741 35
623 744 50
623 755 74
623 763 39
623 764 94
623 812 50
623 831 78
623 833 94
623 837 90
623 846 81
623 849 45
623 864 41
623 871 56
623 877 93
623 888 49
623 900 90
623 923 12
623 934 36
623 940 19
623 943 60
623 957 52
623 979 19
623 983 90
623 986 6
623 995 69
624 630 63
624 632 75
624 638 71
624 646 2
624 652 56
624 660 21
624 666 13
624 673 89
624 676 87
624 679 33
624 684 34
624 685 92
624 702 69
624 704 1
624 710 90
624 721 14
624 722 50
624 727 79
624 729 25
624 732 20
624 750 96
624 759 53
624 761 5
624 762 84
624 805 57
624 810 70
624 811 52
624 816 88
624 826 14
624 827 22
624 836 95
624 872 86
624 874 2
624 887 83
624 890 36
624 897 24
624 905 23
624 907 57
624 922 21
624 925 13
624 930 81
624 935 74
624 936 86
624 964 4
624 972 11
624 977 95
624 980 50
625 663 78
625 755 51
625 763 58
625 764 84
625 812 74
625 833 33
625 846 6
625 877 34
625 900 20
625 940 65
625 983 7
625 986 75
626 635 99
626 641 71
626 657 88
626 665 57
626 667 42
626 687 44
626 691 64
626 693 1
626 701 74
626 703 59
626 704 2
626 708 20
626 731 14
626 733 49
626 739 40
626 745 95
626 749 100
626 773 19
626 794 66
626 795 68
626 822 17
626 824 91
626 826 7
626 857 65
626 867 50
626 897 57
626 899 15
626 903 54
626 914 23
626 951 65
626 952 45
626 990 47
626 993 99
626 996 33
627 651 24
627 670 65
627 683 97
627 695 6
627 700 36
627 784 90
627 809 65
627 818 93
627 830 23
627 847 5
627 851 2
627 853 84
627 869 24
627 881 62
627 895 14
627 902 92
627 924 31
627 965 43
627 976 28
627 981 39
627 985 54
628 638 69
628 647 71
628 648 19
628 651 78
628 652 73
628 656 73
628 658 53
628 660 10
628 666 64
628 670 66
628 676 58
628 679 18
628 683 84
628 685 36
628 698 8
628 700 71
628 721 58
628 722 90
628 735 30
628 750 54
628 754 79
628 759 64
628 781 57
628 784 68
628 786 79
628 788 52
628 792 82
628 793 81
628 805 26
628 809 72
628 816 28
628 827 63
628 830 7
628 841 72
628 847 66
628 851 30
628 854 90
628 869 36
628 881 32
628 886 29
628 895 10
628 902 73
628 922 8
628 924 95
628 925 23
628 932 15
628 936 43
628 960 37
628 965 13
628 972 63
628 976 23
628 980 64
628 981 9
628 985 63
629 630 52
629 635 82
629 644 71
629 646 8
629 654 19
629 667 52
629 669 80
629 682 85
629 686 57
629 696 60
629 699 24
629 703 12
629 704 96
629 708 96
629 709 94
629 717 99
629 730 97
629 731 90
629 733 93
629 739 54
629 745 79
629 769 87
629 773 92
629 777 79
629 785 43
629 795 33
629 798 38
629 810 61
629 813 46
629 826 6
629 828 1
629 829 95
629 838 42
629 857 55
629 859 71
629 867 94
629 868 54
629 872 16
629 887 90
629 889 77
629 897 67
629 899 65
629 906 29
629 907 41
629 918 83
629 920 30
629 928 82
629 930 47
629 959 14
629 962 19
629 963 54
629 968 7
629 970 60
629 982 90
629 984 13
630 632 15
630 635 32
630 646 16
630 652 16
630 673 1
630 676 7
630 679 87
630 686 16
630 699 62
630 703 41
630 704 15
630 708 71
630 710 3
630 721 28
630 727 38
630 732 57
630 733 13
630 736 92
630 761 23
630 762 36
630 773 3
630 795 84
630 798 3
630 805 7
630 810 75
630 811 54
630 813 24
630 822 30
630 826 2
630 828 18
630 836 85
630 867 20
630 868 93
630 872 21
630 887 7
630 889 11
630 890 15
630 897 97
630 907 63
630 918 98
630 925 34
630 930 9
630 936 90
630 964 27
630 972 7
630 977 81
630 993 34
631 640 27
631 687 33
631 690 13
631 695 12
631 706 31
631 712 8
631 713 9
631 736 2
631 738 63
631 748 49
631 749 57
631 768 31
631 778 22
631 789 65
631 800 100
631 808 41
631 814 80
631 818 2
631 819 73
631 839 77
631 848 84
631 873 87
631 898 77
631 913 35
631 916 73
631 919 39
631 931 29
631 937 78
631 938 53
631 954 59
631 971 29
632 635 58
632 638 74
632 646 82
632 652 26
632 673 85
632 676 40
632 679 75
632 703 88
632 704 83
632 710 90
632 721 45
632 727 78
632 733 91
632 736 20
632 762 7
632 773 49
632 794 84
632 795 88
632 800 37
632 805 53
632 810 3
632 814 23
632 822 31
632 826 15
632 872 74
632 887 45
632 897 77
632 907 82
632 914 96
632 925 21
632 930 56
632 936 11
632 964 22
632 972 1
632 977 51
632 980 88
632 993 91
633 634 53
633 642 60
633 646 94
633 653 33
633 654 12
633 662 86
633 681 79
633 684 24
633 686 77
633 699 66
633 709 11
633 710 10
633 716 74
633 717 17
633 727 34
633 732 24
633 740 51
633 752 23
633 758 59
633 762 37
633 770 94
633 772 83
633 785 59
633 787 100
633 798 68
633 804 93
633 811 15
633 813 51
633 828 9
633 836 3
633 840 86
633 859 93
633 862 72
633 868 87
633 874 44
633 876 13
633 880 96
633 889 63
633 890 35
633 893 27
633 905 72
633 906 10
633 907 53
633 918 90
633 921 37
633 928 14
633 935 17
633 958 94
633 962 11
633 969 39
633 973 87
633 975 60
633 982 87
633 992 38
634 642 22
634 649 92
634 653 66
634 662 54
634 664 69
634 668 56
634 681 33
634 684 84
634 688 98
634 702 67
634 716 54
634 729 77
634 732 67
634 740 22
634 746 45
634 757 11
634 762 52
634 766 60
634 771 10
634 772 53
634 803 68
634 811 97
634 815 37
634 821 2
634 836 83
634 861 27
634 862 67
634 866 43
634 868 54
634 874 91
634 876 84
634 880 44
634 884 94
634 890 67
634 904 45
634 905 15
634 915 28
634 921 99
634 933 60
634 935 15
634 956 55
634 958 71
634 966 18
634 973 42
634 998 87
635 644 91
635 646 100
635 667 75
635 669 6
635 686 84
635 696 9
635 699 8
635 703 56
635 704 23
635 708 55
635 727 6
635 731 18
635 733 65
635 739 60
635 745 20
635 773 71
635 794 39
635 795 48
635 810 78
635 813 64
635 822 23
635 826 28
635 828 51
635 867 38
635 872 23
635 887 44
635 889 69
635 897 25
635 899 74
635 907 94
635 914 73
635 918 91
635 930 67
635 959 8
635 962 99
635 964 17
635 970 94
635 977 79
635 984 13
635 990 5
635 993 99
636 637 1
636 650 94
636 682 40
636 694 6
636 697 20
636 709 79
636 717 11
636 724 72
636 730 30
636 737 67
636 752 43
636 758 50
636 769 38
636 774 97
636 777 45
636 780 36
636 785 5
636 787 87
636 791 30
636 797 87
636 804 38
636 838 10
636 855 4
636 859 41
636 860 45
636 882 36
636 883 100
636 891 45
636 893 69
636 894 58
636 906 8
636 909 87
636 928 41
636 939 1
636 942 56
636 944 5
636 949 60
636 955 34
636 961 90
636 967 23
636 968 57
636 969 75
636 975 100
636 988 90
636 994 14
636 997 36
636 999 88
637 639 57
637 644 60
637 650 7
637 682 1
637 694 21
637 697 90
637 709 41
637 717 90
637 724 72
637 728 57
637 730 24
637 737 20
637 767 77
637 769 12
637 774 57
637 777 26
637 780 35
637 785 81
637 797 6
637 804 48
637 838 98
637 855 6
637 859 27
637 883 37
637 891 56
637 893 81
637 894 26
637 896 71
637 906 33
637 909 66
637 920 6
637 928 77
637 942 8
637 944 33
637 949 12
637 955 97
637 961 87
637 963 54
637 967 57
637 968 72
637 970 74
637 988 64
637 989 95
637 994 88
637 997 96
637 999 70
638 647 35
638 648 21
638 652 71
638 656 63
638 658 92
638 660 36
638 666 15
638 676 38
638 679 11
638 680 39
638 684 15
638 685 94
638 702 3
638 710 79
638 721 5
638 722 45
638 727 19
638 729 58
638 732 83
638 735 74
638 747 63
638 750 75
638 754 97
638 759 10
638 761 87
638 762 77
638 786 66
638 788 18
638 793 78
638 805 27
638 811 75
638 816 67
638 827 17
638 836 99
638 841 90
638 854 94
638 861 57
638 874 82
638 890 39
638 905 16
638 907 2
638 922 22
638 925 17
638 932 74
638 935 90
638 936 29
638 956 98
638 964 84
638 966 70
638 972 72
638 977 69
638 980 79
639 661 16
639 669 95
639 671 2
639 689 1
639 694 23
639 728 79
639 767 34
639 769 9
639 775 98
639 776 73
639 797 86
639 801 81
639 829 46
639 834 51
639 850 5
639 852 38
639 855 84
639 858 15
639 879 57
639 896 94
639 910 36
639 920 30
639 955 80
639 963 33
639 968 44
639 970 27
639 974 51
639 988 93
639 989 48
639 994 65
639 997 87
640 673 84
640 683 61
640 687 67
640 690 32
640 695 20
640 712 14
640 713 100
640 721 13
640 736 65
640 738 32
640 748 65
640 749 58
640 768 55
640 778 38
640 784 14
640 789 84
640 800 4
640 808 67
640 814 35
640 818 72
640 819 24
640 822 63
640 839 28
640 848 98
640 853 98
640 869 20
640 895 52
640 913 25
640 916 6
640 919 37
640 931 44
640 937 23
640 938 30
640 954 64
640 971 40
640 993 49
641 657 51
641 667 80
641 672 5
641 691 84
641 693 29
641 701 93
641 708 69
641 731 12
641 733 18
641 739 76
641 745 93
641 775 88
641 794 19
641 824 73
641 829 73
641 857 8
641 867 35
641 879 82
641 899 41
641 903 83
641 951 46
641 952 68
641 990 45
641 996 10
642 653 18
642 662 24
642 668 48
642 675 54
642 681 97
642 684 27
642 688 67
642 711 8
642 716 86
642 726 16
642 732 82
642 740 96
642 746 96
642 752 54
642 757 10
642 758 82
642 766 94
642 770 84
642 771 39
642 772 19
642 815 56
642 831 90
642 840 67
642 844 58
642 862 12
642 874 6
642 876 26
642 880 14
642 884 18
642 901 64
642 905 35
642 908 100
642 921 88
642 933 24
642 934 53
642 935 86
642 945 72
642 958 81
642 973 47
642 992 35
642 995 81
643 711 55
643 723 18
643 726 77
643 741 54
643 744 94
643 752 15
643 758 73
643 770 37
643 779 90
643 787 51
643 791 96
643 837 82
643 844 58
643 860 53
643 862 57
643 871 82
643 880 44
643 882 96
643 883 31
643 888 62
643 893 13
643 894 17
643 908 7
643 909 56
643 929 75
643 934 12
643 939 51
643 943 22
643 945 57
643 949 11
643 958 40
643 969 97
643 979 95
643 992 4
643 995 51
644 654 79
644 667 39
644 669 92
644 682 71
644 686 87
644 696 88
644 699 68
644 703 67
644 708 99
644 709 81
644 717 9
644 724 75
644 730 58
644 731 46
644 733 62
644 739 51
644 769 59
644 773 97
644 777 52
644 785 76
644 795 85
644 797 17
644 798 9
644 804 87
644 813 94
644 826 97
644 828 30
644 829 43
644 838 82
644 855 86
644 857 40
644 859 87
644 872 67
644 887 95
644 889 18
644 896 6
644 897 99
644 899 47
644 906 41
644 918 81
644 920 84
644 928 78
644 955 96
644 959 71
644 962 85
644 963 82
644 968 99
644 970 93
644 982 8
644 984 63
645 655 93
645 659 11
645 674 31
645 677 55
645 678 65
645 692 4
645 705 12
645 714 76
645 718 92
645 734 18
645 742 17
645 760 74
645 765 96
645 782 97
645 802 40
645 806 15
645 807 31
645 823 68
645 845 5
645 865 31
645 870 92
645 892 63
645 947 66
645 948 47
645 950 22
645 953 77
645 991 96
646 654 4
646 662 40
646 681 96
646 684 74
646 686 32
646 699 76
646 704 55
646 709 1
646 710 17
646 716 63
646 727 99
646 732 91
646 740 7
646 761 3
646 762 88
646 785 3
646 795 47
646 798 71
646 810 58
646 811 88
646 813 97
646 826 5
646 828 100
646 836 4
646 840 19
646 859 38
646 868 91
646 872 60
646 874 3
646 887 69
646 889 36
646 890 23
646 897 67
646 905 28
646 906 87
646 907 39
646 918 52
646 921 62
646 928 37
646 930 23
646 935 81
646 936 14
646 958 9
646 959 53
646 962 22
646 964 60
646 972 60
646 975 3
646 977 38
646 982 57
646 984 44
647 648 52
647 651 67
647 656 72
647 658 7
647 660 75
647 666 99
647 670 1
647 685 82
647 698 23
647 700 24
647 719 12
647 722 42
647 735 59
647 750 33
647 754 73
647 759 25
647 781 55
647 783 51
647 786 17
647 788 89
647 792 84
647 793 80
647 805 29
647 809 94
647 816 84
647 817 16
647 820 86
647 827 60
647 830 19
647 835 52
647 841 43
647 847 14
647 851 86
647 854 55
647 863 52
647 869 5
647 881 36
647 886 33
647 895 27
647 902 53
647 922 71
647 924 24
647 932 2
647 941 77
647 946 43
647 960 48
647 965 56
647 976 16
647 980 16
647 985 35
648 651 44
648 656 24
648 658 16
648 660 14
648 666 14
648 670 33
648 680 33
648 685 11
648 698 15
648 700 3
648 719 28
648 722 31
648 735 30
648 750 22
648 754 95
648 759 20
648 781 23
648 783 80
648 786 98
648 788 83
648 792 82
648 793 89
648 805 98
648 816 97
648 817 56
648 820 88
648 827 77
648 830 100
648 835 4
648 841 15
648 843 7
648 847 90
648 851 10
648 854 84
648 863 10
648 881 13
648 886 63
648 895 30
648 902 96
648 922 32
648 924 95
648 925 81
648 932 53
648 941 82
648 946 10
648 960 79
648 965 84
648 976 43
648 980 52
648 985 79
649 660 92
649 664 57
649 680 1
649 688 30
649 702 75
649 707 69
649 725 38
649 729 7
649 743 45
649 746 34
649 747 94
649 753 75
649 765 51
649 766 11
649 790 24
649 793 68
649 799 44
649 803 100
649 807 75
649 815 22
649 821 94
649 843 33
649 856 35
649 861 27
649 866 56
649 875 18
649 885 6
649 892 99
649 904 56
649 912 31
649 915 25
649 927 32
649 935 8
649 956 16
649 966 80
649 978 14
649 998 9
650 694 74
650 697 20
650 724 31
650 728 23
650 730 98
650 737 85
650 767 13
650 769 40
650 774 50
650 780 52
650 797 70
650 838 70
650 855 15
650 882 9
650 883 73
650 891 64
650 894 15
650 896 78
650 909 28
650 942 8
650 944 98
650 949 87
650 955 60
650 961 67
650 967 15
650 968 70
650 988 20
650 989 7
650 994 18
650 997 7
650 999 33
651 652 16
651 656 47
651 658 13
651 666 86
651 670 33
651 676 75
651 679 97
651 683 85
651 698 95
651 700 99
651 721 55
651 722 30
651 735 16
651 750 69
651 754 89
651 759 9
651 781 32
651 784 59
651 786 37
651 788 64
651 792 83
651 805 84
651 809 68
651 816 66
651 827 30
651 830 60
651 841 74
651 847 70
651 851 13
651 853 4
651 854 68
651 869 72
651 881 94
651 886 74
651 895 76
651 902 44
651 922 23
651 924 98
651 925 68
651 932 80
651 965 4
651 976 24
651 980 70
651 981 76
651 985 86
652 658 25
652 666 32
652 673 88
652 676 39
652 679 17
652 704 38
652 710 10
652 712 20
652 721 30
652 722 91
652 727 2
652 736 97
652 754 37
652 759 68
652 761 50
652 762 98
652 784 30
652 800 82
652 805 16
652 810 45
652 814 47
652 816 9
652 822 93
652 826 18
652 854 42
652 869 32
652 872 38
652 895 23
652 907 93
652 922 21
652 925 31
652 930 46
652 936 4
652 964 17
652 972 16
652 977 100
652 980 42
652 985 89
652 993 74
653 662 70
653 664 23
653 668 55
653 681 61
653 684 65
653 688 90
653 702 81
653 711 66
653 716 17
653 729 100
653 732 92
653 740 41
653 746 59
653 757 83
653 766 76
653 771 19
653 772 73
653 803 18
653 811 50
653 815 30
653 821 100
653 836 92
653 840 70
653 861 87
653 862 56
653 866 10
653 868 100
653 874 88
653 876 75
653 880 7
653 884 34
653 890 39
653 901 82
653 904 24
653 905 6
653 915 84
653 921 38
653 933 43
653 935 9
653 956 43
653 958 58
653 966 49
653 973 37
653 992 15
653 998 22
654 662 81
654 681 99
654 682 100
654 686 49
654 696 4
654 699 30
654 709 95
654 716 38
654 717 52
654 724 33
654 730 46
654 732 73
654 740 83
654 752 68
654 758 58
654 762 11
654 770 57
654 777 25
654 785 83
654 787 77
654 798 66
654 804 64
654 810 44
654 813 68
654 828 5
654 836 7
654 838 52
654 840 88
654 859 62
654 860 7
654 862 32
654 868 39
654 872 15
654 876 86
654 880 1
654 887 32
654 889 55
654 890 43
654 893 91
654 894 22
654 906 34
654 907 40
654 918 59
654 921 52
654 928 74
654 958 29
654 959 59
654 962 4
654 969 35
654 975 91
654 982 87
654 984 95
654 992 18
655 674 68
655 677 23
655 678 28
655 705 92
655 714 30
655 718 82
655 742 16
655 756 9
655 760 78
655 802 22
655 806 86
655 845 2
655 865 14
655 941 39
655 948 27
655 950 17
655 953 1
655 991 74
656 658 26
656 660 32
656 666 74
656 670 56
656 676 13
656 679 50
656 680 99
656 685 74
656 698 71
656 700 7
656 702 14
656 721 12
656 722 71
656 735 59
656 750 66
656 754 96
656 759 46
656 761 7
656 781 27
656 786 30
656 788 65
656 792 70
656 793 72
656 805 59
656 816 36
656 817 45
656 827 55
656 830 9
656 841 62
656 843 83
656 851 36
656 854 99
656 869 41
656 881 90
656 886 33
656 895 7
656 902 31
656 922 18
656 925 15
656 932 89
656 936 75
656 946 43
656 960 12
656 965 58
656 972 91
656 976 77
656 980 1
656 985 94
657 665 38
657 667 16
657 672 57
657 691 98
657 693 34
657 701 52
657 739 62
657 745 58
657 794 96
657 824 73
657 857 63
657 867 67
657 899 87
657 903 96
657 914 31
657 951 17
657 952 64
657 990 75
657 996 30
658 666 85
658 670 24
658 676 88
658 679 34
658 683 49
658 685 11
658 698 11
658 700 80
658 721 19
658 722 80
658 735 9
658 750 23
658 754 53
658 759 45
658 781 27
658 784 10
658 786 95
658 788 21
658 792 59
658 793 72
658 805 56
658 809 4
658 816 27
658 827 22
658 830 53
658 841 19
658 847 1
658 851 35
658 853 39
658 854 18
658 869 99
658 881 80
658 886 17
658 895 25
658 902 63
658 922 66
658 924 100
658 925 37
658 932 51
658 960 46
658 965 10
658 976 54
658 980 67
658 981 53
658 985 48
659 674 63
659 677 56
659 678 41
659 692 41
659 707 47
659 714 40
659 718 27
659 725 61
659 734 76
659 742 17
659 747 36
659 756 32
659 760 93
659 765 55
659 782 54
659 783 86
659 793 49
659 799 42
659 802 46
659 806 15
659 807 21
659 817 23
659 820 10
659 823 54
659 832 86
659 843 26
659 845 55
659 856 57
659 865 6
659 870 70
659 875 54
659 892 62
659 912 92
659 927 83
659 941 83
659 946 31
659 947 17
659 950 85
659 953 52
659 960 29
659 991 89
660 666 35
660 676 81
660 680 19
660 684 89
660 685 86
660 702 25
660 710 14
660 722 46
660 727 7
660 729 95
660 735 71
660 747 17
660 750 10
660 754 9
660 759 7
660 761 53
660 762 64
660 766 36
660 786 56
660 788 5
660 792 27
660 793 9
660 805 55
660 811 78
660 816 84
660 821 34
660 827 86
660 836 99
660 841 97
660 843 38
660 861 22
660 874 76
660 890 82
660 904 73
660 905 67
660 922 35
660 925 58
660 927 72
660 932 38
660 935 69
660 936 60
660 956 16
660 960 7
660 966 20
660 972 90
660 977 94
660 980 25
660 998 97
661 669 92
661 671 2
661 672 35
661 689 87
661 728 24
661 767 20
661 769 32
661 775 83
661 776 67
661 797 39
661 801 74
661 829 29
661 834 80
661 850 66
661 852 58
661 855 1
661 858 71
661 879 72
661 896 68
661 910 91
661 920 9
661 955 50
661 963 84
661 968 82
661 970 73
661 974 86
661 988 71
661 989 83
661 997 20
662 668 35
662 681 64
662 686 90
662 699 77
662 709 74
662 711 68
662 716 17
662 717 31
662 726 66
662 730 27
662 732 66
662 740 98
662 752 21
662 757 58
662 758 53
662 770 37
662 771 86
662 772 92
662 779 67
662 785 40
662 787 31
662 798 57
662 804 90
662 813 38
662 840 63
662 844 72
662 859 52
662 860 77
662 862 41
662 868 86
662 874 75
662 876 93
662 880 87
662 883 79
662 889 32
662 890 29
662 893 92
662 894 88
662 905 47
662 906 60
662 908 31
662 918 47
662 921 97
662 928 74
662 934 63
662 939 20
662 945 27
662 949 100
662 958 98
662 962 75
662 969 30
662 973 13
662 975 54
662 982 39
662 992 42
663 675 25
663 711 90
663 715 96
663 741 8
663 744 78
663 751 70
663 755 90
663 763 56
663 764 27
663 796 45
663 812 13
663 831 54
663 833 62
663 837 62
663 844 40
663 846 55
663 849 57
663 864 13
663 871 67
663 877 36
663 878 48
663 888 79
663 900 28
663 901 56
663 923 6
663 926 75
663 933 81
663 934 41
663 940 73
663 943 50
663 957 34
663 979 14
663 983 60
663 986 97
663 987 12
663 995 3
664 668 82
664 680 34
664 688 47
664 707 66
664 725 4
664 729 77
664 743 17
664 746 42
664 747 97
664 753 48
664 766 48
664 790 51
664 799 89
664 803 30
664 815 99
664 821 36
664 843 35
664 856 13
664 861 59
664 866 68
664 875 26
664 884 70
664 885 10
664 904 33
664 912 76
664 915 20
664 927 30
664 935 92
664 956 62
664 966 91
664 973 1
664 978 13
664 998 39
665 687 96
665 691 94
665 701 6
665 712 32
665 736 53
665 738 26
665 745 81
665 749 58
665 789 69
665 794 71
665 800 30
665 814 8
665 822 82
665 824 52
665 848 92
665 867 3
665 903 56
665 914 89
665 916 99
665 919 96
665 951 53
665 952 42
665 990 70
665 993 80
665 996 79
666 676 40
666 679 18
666 680 98
666 685 64
666 698 19
666 700 93
666 702 91
666 710 12
666 721 81
666 722 33
666 727 15
666 729 23
666 735 5
666 747 84
666 750 89
666 754 3
666 759 28
666 761 44
666 762 72
666 781 7
666 786 36
666 788 73
666 792 6
666 793 39
666 805 10
666 811 3
666 816 30
666 827 30
666 841 87
666 843 16
666 854 50
666 861 45
666 886 5
666 922 20
666 925 64
666 932 7
666 935 65
666 936 93
666 956 73
666 960 93
666 966 72
666 972 2
666 977 14
666 980 38
666 985 93
667 669 3
667 691 2
667 693 22
667 696 33
667 699 90
667 701 72
667 703 25
667 704 66
667 708 65
667 731 27
667 733 87
667 739 44
667 745 79
667 773 96
667 794 41
667 795 16
667 810 98
667 824 4
667 826 44
667 828 71
667 829 31
667 857 78
667 867 14
667 872 63
667 887 88
667 889 44
667 897 13
667 899 89
667 903 69
667 914 95
667 930 62
667 951 93
667 952 71
667 959 45
667 962 78
667 963 3
667 970 14
667 984 29
667 990 40
668 675 54
668 684 95
668 688 16
668 711 74
668 716 29
668 732 31
668 740 91
668 746 42
668 753 46
668 757 17
668 766 40
668 771 34
668 772 22
668 803 73
668 815 30
668 821 30
668 831 72
668 842 51
668 861 32
668 862 34
668 866 99
668 874 93
668 876 24
668 880 44
668 884 89
668 885 59
668 901 94
668 904 57
668 905 22
668 915 63
668 933 35
668 934 13
668 935 9
668 945 92
668 956 85
668 966 3
668 973 61
668 995 71
668 998 38
669 682 87
669 696 5
669 699 9
669 703 26
669 708 6
669 709 74
669 717 55
669 730 45
669 731 83
669 733 21
669 739 63
669 745 71
669 769 50
669 773 16
669 775 28
669 777 68
669 785 58
669 795 56
669 797 45
669 813 15
669 828 3
669 829 3
669 834 5
669 838 98
669 855 19
669 857 2
669 859 13
669 867 9
669 887 4
669 889 6
669 896 46
669 897 95
669 899 100
669 906 96
669 918 98
669 920 93
669 955 75
669 959 18
669 962 15
669 963 78
669 968 60
669 970 37
669 984 52
669 988 42
669 989 49
669 997 27
670 683 42
670 698 15
670 700 96
670 754 9
670 781 80
670 784 61
670 809 77
670 830 69
670 835 68
670 847 34
670 851 68
670 853 6
670 854 68
670 869 23
670 881 66
670 886 83
670 895 91
670 902 75
670 924 22
670 965 52
670 976 46
670 981 12
670 985 48
671 689 81
671 728 60
671 767 9
671 775 95
671 776 85
671 801 53
671 834 54
671 850 53
671 852 43
671 858 5
671 879 38
671 910 77
671 974 41
671 989 62
671 997 98
672 691 79
672 693 26
672 701 38
672 739 95
672 775 17
672 801 66
672 829 64
672 834 94
672 850 90
672 852 27
672 857 11
672 858 57
672 879 4
672 899 46
672 951 24
672 963 33
673 676 90
673 679 95
673 683 12
673 704 5
673 712 25
673 721 66
673 736 47
673 738 6
673 749 61
673 784 54
673 794 28
673 800 38
673 805 43
673 814 39
673 819 58
673 822 33
673 869 84
673 881 23
673 895 11
673 914 20
673 916 8
673 925 94
673 930 56
673 931 44
673 938 66
673 964 34
673 985 9
673 993 65
674 677 86
674 678 68
674 692 79
674 705 97
674 714 42
674 718 25
674 734 73
674 742 41
674 760 30
674 765 42
674 782 21
674 802 94
674 806 76
674 823 95
674 845 65
674 865 5
674 870 34
674 947 42
674 948 23
674 950 99
674 953 49
674 991 47
675 711 30
675 715 27
675 741 18
675 743 55
675 746 77
675 751 6
675 753 51
675 757 45
675 763 82
675 771 61
675 772 70
675 796 60
675 803 100
675 812 60
675 815 1
675 825 48
675 831 63
675 842 85
675 846 42
675 849 47
675 864 69
675 878 100
675 884 78
675 885 27
675 888 39
675 901 69
675 911 51
675 915 39
675 917 50
675 923 19
675 926 71
675 933 4
675 934 27
675 957 22
675 986 93
675 987 68
675 995 93
676 679 86
676 680 37
676 684 77
676 685 67
676 702 95
676 710 36
676 721 88
676 722 28
676 727 61
676 729 18
676 735 55
676 750 69
676 754 37
676 759 19
676 761 28
676 762 93
676 786 89
676 788 97
676 793 19
676 805 69
676 810 53
676 811 4
676 816 30
676 827 27
676 836 4
676 841 50
676 854 9
676 869 19
676 890 67
676 895 34
676 907 56
676 922 53
676 925 30
676 932 79
676 935 39
676 936 18
676 964 21
676 972 5
676 977 19
676 980 88
676 985 100
677 678 18
677 692 47
677 705 47
677 718 40
677 720 52
677 734 94
677 742 39
677 760 60
677 765 44
677 782 92
677 802 74
677 806 73
677 807 69
677 823 51
677 832 9
677 845 23
677 856 58
677 870 2
677 892 66
677 947 45
677 948 73
677 950 51
677 991 45
678 692 41
678 698 25
678 705 71
678 707 49
678 714 84
678 718 58
678 719 96
678 725 86
678 734 44
678 742 8
678 756 98
678 760 71
678 765 15
678 782 26
678 783 97
678 792 23
678 799 82
678 802 85
678 806 29
678 807 22
678 817 3
678 820 39
678 823 15
678 843 10
678 845 14
678 863 75
678 865 19
678 870 63
678 875 77
678 892 42
678 927 87
678 941 88
678 946 29
678 947 66
678 948 8
678 950 6
678 953 56
678 960 21
678 991 32
679 710 69
679 721 96
679 722 23
679 727 21
679 736 67
679 750 26
679 754 27
679 759 60
679 761 90
679 762 33
679 784 70
679 786 36
679 800 48
679 805 88
679 814 95
679 816 7
679 827 17
679 841 78
679 854 55
679 869 28
679 881 91
679 895 65
679 907 42
679 922 23
679 925 54
679 936 33
679 964 3
679 972 12
679 977 27
679 980 2
679 985 85
680 684 74
680 685 35
680 688 9
680 702 19
680 707 64
680 710 86
680 722 67
680 725 25
680 729 20
680 735 23
680 747 17
680 750 63
680 759 80
680 761 35
680 766 44
680 786 93
680 788 87
680 792 67
680 793 3
680 799 73
680 811 91
680 816 74
680 817 23
680 820 71
680 821 86
680 827 17
680 841 85
680 843 45
680 861 40
680 866 9
680 874 11
680 875 58
680 904 24
680 905 26
680 912 81
680 922 19
680 925 97
680 927 7
680 932 17
680 935 20
680 936 66
680 946 19
680 956 1
680 960 72
680 966 36
680 972 69
680 978 97
680 980 39
680 998 45
681 684 71
681 686 78
681 699 76
681 709 83
681 716 88
681 717 10
681 727 38
681 730 72
681 732 70
681 740 4
681 752 96
681 758 37
681 762 97
681 770 33
681 772 53
681 777 16
681 785 45
681 787 79
681 798 72
681 804 95
681 811 54
681 813 37
681 828 52
681 836 42
681 840 42
681 859 2
681 860 38
681 862 22
681 868 92
681 874 53
681 876 75
681 880 37
681 889 45
681 890 98
681 893 95
681 905 33
681 906 82
681 907 42
681 908 73
681 918 79
681 921 59
681 928 21
681 935 23
681 958 8
681 962 11
681 969 70
681 973 58
681 975 62
681 982 24
681 992 47
682 686 44
682 694 92
682 696 48
682 697 37
682 699 47
682 708 78
682 709 14
682 717 95
682 724 12
682 730 58
682 731 42
682 769 53
682 774 19
682 777 79
682 780 64
682 785 33
682 797 97
682 798 4
682 804 23
682 813 86
682 828 24
682 838 79
682 840 68
682 855 35
682 859 29
682 868 78
682 889 72
682 893 26
682 894 8
682 896 72
682 906 42
682 918 3
682 920 61
682 928 45
682 942 78
682 944 86
682 949 28
682 955 52
682 959 61
682 961 95
682 962 88
682 963 39
682 967 99
682 968 46
682 970 28
682 975 3
682 982 27
682 984 93
682 988 35
682 989 70
682 997 90
682 999 32
683 690 62
683 695 79
683 700 22
683 721 78
683 754 50
683 784 67
683 808 89
683 809 43
683 814 59
683 818 65
683 819 52
683 830 92
683 847 25
683 851 52
683 853 41
683 854 46
683 869 45
683 881 14
683 895 34
683 902 4
683 913 54
683 924 1
683 931 88
683 938 69
683 965 88
683 971 44
683 976 88
683 981 2
683 985 88
684 685 31
684 702 91
684 710 66
684 716 4
684 722 70
684 727 12
684 729 5
684 732 68
684 740 45
684 746 73
684 761 63
684 762 35
684 766 66
684 772 21
684 798 18
684 811 41
684 821 52
684 836 35
684 840 12
684 861 72
684 868 33
684 874 67
684 876 78
684 890 13
684 904 15
684 905 34
684 907 6
684 921 52
684 935 31
684 936 41
684 956 47
684 966 69
684 972 86
684 973 59
684 977 87
684 980 50
684 982 33
684 998 50
685 702 76
685 710 32
685 722 44
685 729 85
685 735 38
685 747 65
685 750 87
685 754 98
685 759 93
685 761 97
685 781 1
685 786 5
685 788 17
685 792 97
685 793 79
685 799 4
685 805 10
685 811 7
685 816 70
685 817 40
685 820 20
685 821 14
685 827 65
685 841 21
685 843 39
685 854 24
685 861 61
685 874 25
685 886 14
685 904 26
685 922 58
685 925 70
685 927 87
685 932 25
685 935 48
685 936 19
685 946 37
685 956 22
685 960 66
685 966 27
685 972 9
685 980 3
685 998 94
686 696 48
686 699 36
686 709 63
686 716 39
686 717 6
686 727 84
686 730 13
686 732 99
686 740 45
686 752 72
686 762 61
686 777 33
686 785 46
686 787 58
686 795 82
686 798 30
686 804 97
686 810 72
686 813 79
686 828 11
686 836 49
686 838 60
686 840 79
686 859 86
686 862 89
686 868 26
686 872 59
686 876 14
686 887 45
686 889 98
686 890 3
686 893 39
686 897 38
686 906 16
686 907 11
686 918 84
686 921 52
686 928 23
686 930 96
686 958 89
686 959 15
686 962 68
686 968 13
686 969 23
686 975 47
686 982 88
686 984 24
686 992 47
687 712 57
687 736 53
687 738 12
687 749 96
687 789 50
687 794 16
687 800 76
687 814 50
687 822 96
687 824 38
687 848 82
687 903 18
687 914 60
687 916 24
687 919 97
687 952 69
687 990 37
687 993 28
687 996 35
688 702 12
688 707 29
688 729 5
688 743 16
688 746 98
688 747 77
688 753 75
688 757 100
688 766 25
688 771 74
688 772 14
688 790 64
688 803 87
688 815 56
688 821 9
688 861 30
688 866 9
688 874 32
688 875 36
688 884 66
688 885 29
688 904 40
688 905 57
688 912 14
688 915 21
688 927 56
688 935 11
688 956 3
688 966 78
688 973 69
688 978 70
688 998 16
689 728 57
689 767 4
689 769 26
689 775 73
689 776 11
689 801 36
689 829 57
689 834 79
689 850 59
689 852 47
689 855 77
689 858 4
689 879 74
689 896 36
689 910 44
689 920 26
689 955 88
689 974 84
689 988 65
689 989 31
689 997 21
690 695 71
690 712 90
690 713 23
690 736 57
690 738 70
690 748 88
690 749 86
690 768 50
690 778 17
690 784 29
690 789 58
690 800 40
690 808 42
690 814 72
690 818 22
690 819 11
690 839 19
690 848 5
690 853 77
690 873 2
690 898 96
690 913 58
690 916 47
690 919 10
690 931 83
690 937 61
690 938 78
690 954 15
690 971 10
691 693 48
691 701 28
691 703 77
691 708 98
691 731 19
691 733 5
691 739 90
691 745 75
691 773 13
691 794 41
691 795 14
691 824 81
691 829 32
691 857 51
691 867 28
691 899 69
691 903 82
691 914 97
691 951 62
691 952 81
691 990 24
691 996 12
692 705 96
692 707 91
692 714 69
692 718 28
692 725 20
692 734 90
692 742 72
692 747 64
692 756 69
692 760 66
692 765 54
692 782 94
692 783 86
692 799 17
692 802 55
692 806 26
692 807 47
692 817 24
692 820 20
692 823 37
692 832 16
692 843 99
692 845 25
692 856 45
692 865 73
692 870 9
692 875 17
692 892 73
692 927 81
692 941 56
692 946 75
692 947 31
692 950 27
692 953 75
692 960 91
692 991 75
693 701 96
693 708 95
693 731 8
693 739 87
693 745 8
693 775 62
693 824 87
693 829 40
693 850 42
693 857 60
693 867 81
693 879 65
693 899 66
693 903 69
693 951 70
693 952 50
693 963 61
693 990 14
694 697 63
694 709 44
694 717 93
694 724 82
694 728 96
694 730 20
694 737 69
694 767 25
694 769 55
694 774 84
694 776 11
694 777 21
694 780 99
694 797 29
694 804 23
694 838 90
694 855 9
694 859 40
694 883 69
694 891 80
694 893 8
694 894 12
694 896 99
694 906 25
694 909 93
694 920 23
694 928 82
694 942 45
694 944 59
694 949 70
694 955 15
694 961 17
694 967 74
694 968 7
694 988 93
694 989 11
694 994 32
694 997 30
694 999 60
695 713 3
695 748 24
695 768 96
695 778 3
695 784 19
695 808 44
695 809 77
695 818 25
695 819 98
695 839 70
695 853 52
695 873 77
695 898 6
695 913 47
695 924 100
695 931 46
695 937 42
695 938 46
695 954 91
695 965 57
695 971 77
695 981 86
696 699 52
696 703 22
696 704 57
696 708 38
696 709 18
696 717 82
696 730 87
696 731 58
696 733 36
696 739 15
696 745 94
696 769 15
696 773 9
696 777 45
696 785 10
696 795 62
696 797 11
696 813 79
696 826 70
696 828 26
696 829 96
696 838 51
696 855 13
696 857 72
696 859 44
696 867 49
696 872 51
696 887 57
696 889 49
696 896 98
696 897 67
696 899 69
696 906 27
696 918 50
696 920 78
696 928 69
696 955 98
696 959 6
696 962 82
696 963 49
696 968 65
696 970 92
696 984 25
697 709 81
697 717 54
697 724 55
697 728 24
697 730 82
697 737 22
697 752 33
697 769 56
697 774 18
697 777 71
697 780 58
697 785 76
697 787 79
697 791 58
697 797 39
697 804 36
697 838 9
697 855 45
697 859 77
697 882 79
697 883 85
697 891 30
697 893 93
697 894 74
697 896 72
697 906 22
697 909 31
697 928 99
697 939 54
697 942 25
697 944 89
697 949 19
697 955 34
697 961 91
697 967 80
697 968 47
697 969 28
697 975 14
697 988 67
697 994 8
697 997 33
697 999 58
698 700 49
698 714 28
698 719 47
698 735 39
698 750 5
698 754 56
698 756 55
698 759 79
698 781 53
698 783 80
698 786 36
698 788 70
698 792 2
698 793 40
698 816 45
698 817 5
698 820 30
698 827 27
698 830 24
698 835 32
698 841 67
698 843 93
698 845 32
698 851 81
698 854 100
698 863 40
698 865 41
698 886 5
698 902 45
698 922 87
698 932 8
698 941 45
698 946 53
698 953 6
698 960 4
698 976 84
699 703 25
699 704 35
699 708 83
699 709 97
699 710 53
699 717 31
699 727 24
699 730 43
699 731 4
699 732 12
699 733 40
699 740 97
699 762 27
699 773 89
699 777 97
699 785 49
699 795 6
699 798 93
699 804 18
699 810 18
699 813 92
699 826 18
699 828 74
699 836 19
699 840 41
699 859 18
699 868 94
699 872 53
699 887 45
699 889 70
699 890 33
699 897 11
699 906 90
699 907 27
699 918 94
699 921 90
699 928 98
699 930 87
699 959 100
699 962 91
699 964 34
699 970 63
699 975 65
699 977 87
699 982 42
699 984 93
700 719 64
700 735 71
700 754 70
700 759 79
700 781 34
700 784 91
700 786 39
700 788 24
700 792 87
700 805 71
700 809 7
700 816 19
700 827 84
700 830 81
700 835 49
700 841 55
700 847 55
700 851 31
700 853 53
700 854 15
700 863 77
700 869 80
700 881 28
700 886 11
700 895 31
700 902 72
700 922 8
700 924 4
700 960 36
700 965 26
700 976 26
700 981 37
700 985 16
701 703 56
701 708 9
701 731 83
701 733 36
701 739 1
701 745 44
701 773 28
701 794 93
701 795 65
701 824 83
701 829 34
701 857 1
701 867 29
701 899 73
701 903 12
701 914 1
701 951 72
701 952 32
701 990 83
701 996 85
702 710 62
702 722 12
702 727 6
702 729 68
702 732 89
702 735 66
702 740 85
702 747 74
702 750 49
702 759 54
702 761 80
702 762 38
702 766 53
702 786 34
702 788 89
702 793 88
702 805 61
702 811 10
702 816 69
702 821 92
702 827 81
702 836 95
702 841 69
702 843 64
702 861 87
702 874 57
702 890 5
702 904 96
702 905 95
702 922 53
702 925 35
702 932 34
702 935 77
702 936 98
702 956 90
702 966 94
702 972 100
702 977 62
702 980 17
702 998 30
703 704 31
703 708 18
703 731 98
703 733 29
703 739 85
703 745 17
703 773 40
703 794 24
703 795 26
703 810 100
703 813 69
703 822 15
703 824 7
703 826 75
703 828 2
703 857 63
703 867 94
703 872 58
703 887 10
703 889 1
703 897 52
703 899 13
703 907 84
703 914 60
703 930 57
703 952 20
703 959 98
703 962 30
703 964 94
703 970 26
703 984 96
703 990 12
703 993 8
704 708 41
704 710 94
704 727 27
704 731 56
704 733 47
704 736 24
704 745 87
704 762 13
704 773 88
704 794 59
704 795 91
704 810 73
704 813 29
704 822 6
704 826 50
704 828 15
704 867 36
704 872 24
704 887 83
704 889 79
704 897 53
704 899 61
704 907 51
704 914 82
704 930 61
704 959 73
704 962 10
704 964 19
704 977 74
704 984 44
704 990 34
704 993 31
705 714 33
705 718 90
705 719 58
705 742 83
705 756 17
705 760 6
705 783 17
705 802 11
705 806 68
705 845 61
705 865 21
705 870 22
705 941 41
705 947 74
705 948 36
705 950 64
705 953 96
705 991 73
706 713 43
706 748 19
706 768 57
706 778 59
706 808 78
706 839 90
706 873 66
706 898 21
706 919 42
706 937 96
706 954 64
706 971 23
707 720 37
707 725 89
707 734 83
707 742 54
707 743 28
707 747 91
707 760 14
707 765 63
707 766 94
707 782 21
707 790 88
707 799 13
707 803 5
707 807 64
707 817 9
707 820 59
707 821 12
707 823 51
707 832 36
707 843 88
707 856 1
707 861 100
707 866 40
707 870 48
707 875 12
707 892 72
707 904 60
707 912 31
707 915 88
707 927 9
707 946 50
707 947 9
707 978 8
707 991 86
707 998 64
708 731 9
708 733 29
708 739 11
708 745 88
708 773 73
708 777 63
708 795 57
708 810 20
708 813 43
708 826 98
708 828 59
708 829 91
708 857 52
708 867 17
708 872 21
708 887 58
708 889 5
708 897 79
708 899 84
708 906 2
708 920 61
708 930 56
708 952 13
708 959 13
708 962 68
708 963 89
708 970 77
708 984 65
708 990 27
709 717 87
709 724 64
709 730 93
709 752 33
709 758 1
709 769 35
709 774 23
709 777 75
709 780 22
709 785 80
709 787 71
709 797 89
709 798 19
709 804 2
709 813 89
709 828 18
709 838 63
709 840 93
709 855 28
709 859 2
709 868 72
709 883 36
709 889 15
709 893 26
709 894 81
709 896 36
709 906 94
709 918 58
709 920 22
709 921 34
709 928 63
709 942 86
709 944 26
709 949 97
709 955 88
709 958 62
709 959 42
709 961 50
709 962 60
709 963 58
709 967 43
709 968 48
709 969 89
709 970 78
709 975 11
709 982 42
709 984 20
709 992 76
709 999 48
710 722 13
710 727 61
710 729 20
710 732 46
710 740 96
710 750 13
710 759 55
710 761 71
710 762 39
710 798 72
710 805 60
710 810 87
710 811 91
710 813 62
710 816 23
710 827 97
710 836 82
710 868 73
710 872 60
710 874 47
710 887 11
710 890 40
710 897 81
710 905 19
710 907 96
710 921 88
710 922 56
710 925 26
710 930 54
710 932 25
710 935 77
710 936 61
710 956 27
710 964 27
710 966 7
710 972 36
710 977 68
710 980 50
711 715 48
711 716 32
711 726 91
711 741 21
711 744 3
711 746 59
711 752 93
711 755 26
711 757 99
711 758 11
711 763 75
711 770 76
711 771 93
711 772 82
711 779 87
711 787 87
711 831 27
711 837 100
711 844 47
711 849 95
711 860 6
711 862 78
711 871 68
711 876 60
711 880 25
711 884 4
711 888 93
711 901 37
711 908 70
711 933 86
711 934 54
711 939 6
711 943 19
711 945 74
711 957 87
711 958 40
711 969 45
711 973 86
711 979 47
711 992 51
711 995 16
712 721 18
712 736 50
712 738 86
712 749 6
712 778 69
712 784 8
712 789 37
712 794 81
712 800 22
712 808 32
712 814 54
712 818 70
712 819 68
712 822 78
712 848 47
712 869 84
712 895 71
712 913 27
712 914 50
712 916 57
712 919 79
712 931 17
712 938 23
712 954 62
712 971 92
712 993 38
713 748 87
713 768 88
713 778 24
713 808 13
713 818 22
713 819 56
713 839 40
713 873 41
713 898 69
713 913 12
713 919 99
713 931 84
713 937 97
713 938 15
713 954 67
713 971 74
714 718 42
714 719 73
714 725 11
714 735 6
714 742 43
714 756 28
714 760 98
714 765 94
714 783 97
714 792 37
714 799 55
714 802 78
714 806 60
714 807 5
714 817 89
714 820 61
714 835 29
714 843 77
714 845 18
714 863 98
714 865 53
714 870 88
714 875 100
714 886 90
714 927 8
714 941 4
714 946 58
714 950 70
714 953 26
714 960 66
714 991 28
715 726 24
715 741 74
715 744 12
715 751 13
715 755 91
715 763 20
715 764 95
715 779 90
715 796 64
715 812 14
715 831 59
715 833 72
715 837 1
715 844 10
715 846 58
715 849 43
715 864 90
715 871 41
715 877 94
715 888 40
715 900 64
715 901 27
715 908 24
715 923 15
715 926 80
715 933 23
715 934 16
715 940 77
715 943 93
715 945 39
715 957 49
715 979 84
715 983 2
715 986 35
715 987 31
715 995 45
716 726 91
716 732 78
716 740 72
716 746 95
716 752 63
716 757 82
716 758 30
716 770 50
716 771 18
716 772 22
716 785 48
716 787 28
716 798 45
716 804 94
716 836 80
716 840 100
716 844 24
716 859 34
716 860 75
716 862 50
716 868 99
716 874 86
716 876 43
716 880 82
716 884 29
716 890 80
716 893 28
716 901 11
716 905 14
716 908 96
716 918 37
716 921 45
716 928 11
716 933 31
716 934 79
716 935 9
716 945 99
716 958 20
716 969 95
716 973 62
716 975 99
716 982 16
716 992 77
716 995 82
717 724 49
717 730 15
717 737 9
717 752 28
717 758 10
717 769 86
717 774 1
717 777 91
717 780 14
717 785 89
717 787 46
717 797 6
717 798 59
717 804 79
717 813 67
717 828 23
717 838 46
717 840 54
717 855 68
717 859 82
717 868 28
717 883 54
717 889 40
717 891 68
717 893 90
717 894 64
717 896 90
717 906 74
717 909 51
717 918 63
717 920 52
717 928 92
717 942 21
717 944 50
717 949 46
717 955 49
717 958 71
717 959 26
717 961 56
717 962 54
717 963 42
717 967 100
717 968 54
717 969 74
717 970 17
717 975 37
717 982 28
717 984 30
717 988 29
717 992 13
717 997 48
717 999 60
718 719 56
718 742 14
718 756 12
718 760 89
718 783 4
718 802 43
718 806 11
718 820 100
718 845 90
718 865 2
718 870 68
718 941 49
718 946 84
718 947 53
718 948 88
718 950 17
718 953 98
718 991 50
719 756 88
719 781 45
719 783 53
719 792 17
719 806 61
719 817 40
719 820 99
719 835 47
719 845 88
719 863 48
719 865 60
719 886 43
719 941 47
719 946 90
719 953 73
719 960 56
719 976 15
720 725 90
720 734 41
720 743 23
720 765 64
720 782 75
720 790 72
720 807 2
720 823 38
720 832 27
720 856 10
720 870 81
720 875 58
720 892 15
720 947 21
720 978 36
720 991 71
721 722 72
721 736 28
721 754 69
721 759 13
721 784 5
721 800 88
721 805 24
721 809 12
721 814 61
721 816 14
721 819 96
721 822 43
721 830 33
721 854 86
721 869 65
721 881 82
721 895 49
721 922 46
721 925 76
721 931 57
721 936 67
721 964 11
721 972 43
721 977 11
721 980 91
721 985 64
721 993 86
722 727 25
722 729 17
722 735 36
722 747 6
722 750 17
722 754 33
722 759 90
722 761 89
722 762 45
722 786 67
722 788 77
722 792 100
722 793 38
722 805 24
722 811 43
722 816 97
722 827 87
722 836 82
722 841 10
722 854 29
722 861 11
722 874 9
722 886 55
722 890 11
722 922 49
722 925 53
722 932 24
722 935 78
722 936 48
722 956 80
722 960 28
722 964 18
722 966 39
722 972 2
722 977 48
722 980 82
722 985 22
723 726 17
723 741 61
723 744 18
723 758 71
723 770 71
723 779 61
723 791 36
723 837 97
723 844 20
723 860 11
723 871 30
723 882 72
723 883 95
723 888 57
723 894 85
723 908 34
723 909 59
723 929 74
723 939 90
723 943 40
723 945 16
723 949 82
723 969 52
723 979 64
724 730 35
724 737 89
724 752 16
724 758 23
724 769 83
724 774 14
724 777 51
724 780 36
724 785 63
724 787 25
724 791 54
724 797 58
724 804 79
724 838 15
724 840 99
724 855 81
724 859 61
724 860 50
724 882 2
724 883 43
724 891 59
724 893 38
724 894 89
724 896 17
724 906 34
724 909 63
724 928 48
724 939 22
724 942 87
724 944 77
724 949 6
724 955 32
724 958 32
724 961 96
724 962 97
724 967 69
724 968 53
724 969 34
724 975 12
724 988 59
724 992 14
724 994 47
724 997 28
724 999 89
725 734 47
725 742 33
725 747 10
725 760 72
725 765 76
725 782 76
725 783 9
725 790 43
725 793 11
725 799 26
725 807 17
725 817 29
725 820 16
725 821 66
725 823 97
725 832 56
725 843 48
725 845 46
725 856 9
725 866 75
725 870 52
725 875 64
725 892 36
725 904 39
725 912 64
725 927 27
725 941 47
725 946 5
725 947 90
725 953 97
725 960 39
725 978 71
725 991 89
725 998 86
726 741 24
726 744 70
726 752 70
726 758 29
726 770 67
726 779 3
726 787 80
726 791 90
726 804 49
726 831 94
726 837 35
726 844 21
726 860 76
726 862 86
726 871 49
726 876 57
726 880 12
726 882 43
726 883 2
726 888 66
726 893 16
726 894 48
726 901 38
726 908 42
726 929 35
726 933 74
726 934 64
726 939 55
726 943 100
726 945 98
726 949 44
726 958 70
726 969 45
726 975 55
726 979 61
726 992 13
726 995 1
727 729 97
727 732 16
727 740 28
727 761 61
727 762 71
727 798 40
727 805 65
727 810 43
727 811 23
727 813 97
727 826 7
727 836 4
727 868 21
727 872 55
727 874 73
727 887 17
727 889 76
727 890 82
727 897 34
727 905 39
727 907 31
727 918 5
727 921 60
727 925 98
727 930 46
727 935 90
727 936 37
727 964 18
727 966 1
727 972 100
727 977 46
727 980 3
727 982 57
728 737 2
728 767 73
728 769 56
728 774 80
728 776 77
728 780 36
728 797 23
728 801 64
728 834 7
728 838 31
728 852 11
728 855 33
728 858 57
728 896 46
728 910 5
728 920 67
728 942 20
728 944 89
728 955 19
728 963 37
728 967 87
728 968 43
728 974 70
728 988 78
728 989 43
728 994 68
728 997 5
728 999 51
729 732 36
729 740 29
729 746 92
729 747 49
729 750 84
729 759 7
729 761 11
729 762 27
729 766 64
729 786 75
729 788 30
729 793 78
729 811 3
729 816 74
729 821 58
729 827 53
729 836 85
729 843 11
729 861 34
729 866 69
729 874 24
729 890 92
729 904 24
729 905 1
729 912 29
729 922 52
729 925 92
729 932 41
729 935 66
729 936 54
729 956 24
729 966 4
729 972 94
729 973 41
729 977 65
729 980 4
729 998 38
730 737 93
730 752 84
730 758 86
730 769 8
730 774 45
730 777 46
730 780 41
730 785 41
730 787 75
730 797 89
730 798 14
730 804 71
730 813 16
730 828 47
730 838 67
730 840 33
730 855 48
730 859 79
730 860 49
730 868 65
730 883 99
730 889 93
730 891 22
730 893 42
730 894 4
730 896 6
730 906 51
730 909 97
730 918 55
730 920 64
730 928 25
730 942 38
730 944 2
730 949 29
730 955 39
730 958 18
730 959 70
730 961 22
730 962 79
730 963 45
730 967 50
730 968 53
730 969 43
730 970 67
730 975 91
730 982 74
730 984 52
730 988 8
730 992 78
730 994 5
730 997 79
730 999 11
731 733 83
731 739 6
731 745 100
731 769 89
731 773 57
731 777 11
731 795 96
731 813 71
731 826 92
731 828 75
731 829 85
731 857 22
731 867 81
731 872 3
731 887 41
731 889 11
731 897 60
731 899 84
731 906 12
731 920 15
731 930 4
731 951 52
731 952 11
731 959 92
731 962 11
731 963 14
731 968 85
731 970 28
731 984 7
731 990 79
732 740 42
732 746 14
732 761 42
732 762 8
732 772 95
732 798 71
732 810 2
732 811 67
732 813 75
732 836 18
732 840 18
732 861 23
732 862 33
732 868 66
732 872 11
732 874 96
732 876 97
732 889 86
732 890 35
732 905 27
732 907 66
732 918 47
732 921 29
732 935 79
732 936 55
732 956 26
732 958 2
732 966 3
732 972 22
732 973 3
732 977 95
732 982 27
732 992 94
733 739 78
733 745 99
733 773 85
733 794 58
733 795 29
733 810 26
733 813 39
733 822 38
733 824 29
733 826 55
733 828 64
733 857 61
733 867 33
733 872 56
733 887 90
733 889 68
733 897 87
733 899 69
733 907 96
733 914 51
733 930 35
733 952 76
733 959 2
733 962 53
733 964 69
733 970 31
733 984 94
733 990 38
733 993 13
734 742 26
734 760 71
734 765 4
734 782 15
734 799 28
734 802 68
734 807 1
734 823 69
734 832 57
734 856 28
734 870 16
734 875 37
734 892 91
734 927 94
734 947 92
734 948 89
734 991 1
735 747 44
735 750 100
735 754 1
735 759 39
735 761 98
735 781 13
735 783 73
735 786 87
735 788 91
735 792 14
735 793 57
735 805 38
735 816 60
735 817 85
735 820 6
735 827 43
735 830 57
735 841 60
735 843 49
735 854 14
735 863 27
735 886 44
735 922 94
735 925 63
735 932 65
735 936 85
735 941 49
735 946 81
735 960 4
735 976 67
735 980 44
735 985 27
736 738 71
736 749 59
736 773 41
736 784 70
736 789 49
736 794 9
736 800 77
736 805 46
736 814 10
736 819 34
736 822 35
736 826 82
736 848 35
736 869 13
736 895 31
736 913 74
736 914 84
736 916 99
736 930 74
736 931 35
736 938 68
736 964 23
736 985 44
736 993 18
737 769 65
737 774 37
737 780 57
737 791 31
737 797 57
737 838 32
737 855 15
737 882 28
737 883 38
737 891 63
737 893 47
737 894 54
737 896 31
737 909 34
737 942 53
737 944 97
737 949 95
737 955 64
737 961 86
737 967 17
737 968 33
737 988 69
737 994 68
737 997 8
737 999 97
738 748 9
738 749 47
738 778 85
738 789 72
738 794 14
738 800 50
738 808 25
738 814 14
738 818 60
738 819 1
738 822 76
738 839 4
738 848 86
738 913 35
738 914 25
738 916 7
738 919 89
738 931 95
738 938 70
738 954 21
738 971 64
738 993 24
739 745 11
739 773 24
739 775 99
739 795 69
739 824 22
739 826 73
739 828 6
739 829 89
739 850 17
739 857 100
739 867 42
739 879 21
739 899 35
739 903 52
739 920 55
739 951 65
739 952 91
739 959 28
739 963 50
739 970 55
739 984 99
739 990 3
740 746 22
740 757 20
740 761 54
740 762 70
740 771 9
740 772 5
740 798 45
740 804 27
740 811 5
740 813 55
740 836 30
740 840 29
740 861 76
740 862 27
740 868 80
740 874 8
740 876 62
740 880 1
740 884 81
740 889 16
740 890 64
740 905 85
740 907 32
740 918 8
740 921 74
740 935 55
740 956 45
740 958 93
740 966 82
740 972 24
740 973 3
740 975 31
740 977 40
740 982 46
740 992 52
741 744 91
741 755 20
741 757 96
741 763 13
741 770 92
741 771 26
741 779 12
741 812 73
741 831 40
741 837 57
741 844 1
741 849 34
741 860 14
741 864 80
741 871 22
741 877 42
741 880 18
741 888 56
741 901 72
741 908 100
741 923 25
741 933 42
741 934 28
741 939 25
741 940 94
741 943 42
741 945 44
741 957 22
741 979 78
741 983 67
741 986 18
741 995 75
742 756 52
742 760 27
742 765 12
742 782 12
742 783 55
742 799 60
742 802 71
742 806 89
742 807 17
742 817 97
742 820 86
742 823 78
742 832 22
742 843 67
742 845 98
742 856 9
742 865 91
742 870 5
742 875 64
742 892 99
742 927 49
742 941 24
742 946 26
742 947 56
742 948 35
742 950 5
742 953 74
742 991 6
743 746 63
743 751 72
743 753 40
743 766 19
743 790 7
743 803 98
743 815 12
743 825 83
743 832 80
743 842 96
743 856 40
743 866 78
743 875 63
743 878 21
743 885 9
743 904 20
743 911 62
743 912 62
743 915 60
743 917 91
743 978 67
744 752 9
744 755 51
744 758 83
744 763 75
744 770 33
744 779 69
744 787 20
744 791 22
744 831 50
744 837 18
744 844 50
744 849 4
744 860 6
744 862 68
744 871 94
744 880 27
744 882 80
744 888 7
744 901 41
744 908 7
744 929 61
744 933 40
744 934 64
744 939 17
744 940 91
744 943 47
744 945 82
744 969 43
744 979 72
744 983 23
744 992 4
744 995 44
745 773 10
745 794 26
745 795 79
745 824 66
745 826 11
745 829 86
745 857 85
745 867 88
745 872 1
745 887 72
745 897 50
745 899 85
745 903 68
745 914 51
745 930 54
745 951 18
745 952 29
745 970 43
745 984 86
745 990 93
745 993 80
745 996 39
746 753 62
746 757 83
746 766 31
746 771 13
746 772 87
746 803 78
746 815 57
746 821 68
746 842 39
746 861 60
746 866 1
746 874 61
746 876 35
746 880 10
746 884 22
746 885 13
746 901 20
746 904 95
746 905 5
746 912 64
746 915 61
746 933 87
746 935 58
746 956 82
746 966 72
746 973 6
746 978 53
746 995 63
746 998 47
747 750 28
747 761 51
747 765 47
747 766 70
747 786 44
747 788 1
747 790 89
747 793 18
747 799 80
747 803 55
747 807 45
747 811 32
747 815 75
747 816 31
747 817 30
747 820 10
747 821 96
747 827 39
747 843 71
747 861 74
747 866 89
747 875 9
747 904 41
747 912 24
747 927 56
747 932 13
747 935 73
747 946 54
747 956 45
747 960 24
747 966 19
747 978 86
747 998 10
748 768 77
748 778 14
748 789 47
748 808 43
748 818 11
748 819 93
748 839 93
748 848 4
748 873 62
748 898 19
748 913 59
748 916 35
748 919 33
748 931 39
748 937 32
748 938 91
748 954 62
748 971 24
749 778 37
749 789 78
749 794 23
749 800 57
749 808 65
749 814 66
749 818 32
749 819 36
749 822 5
749 848 75
749 913 86
749 914 31
749 916 61
749 919 84
749 931 31
749 938 82
749 993 44
749 996 30
750 754 31
750 759 90
750 761 62
750 781 97
750 786 99
750 788 9
750 792 19
750 793 76
750 805 90
750 811 54
750 816 60
750 817 25
750 820 30
750 821 92
750 827 90
750 841 84
750 843 99
750 854 32
750 861 40
750 886 17
750 922 15
750 925 77
750 927 77
750 932 5
750 935 54
750 936 67
750 946 90
750 956 81
750 960 4
750 966 6
750 972 3
750 980 17
750 998 63
751 753 32
751 757 47
751 771 93
751 796 7
751 812 7
751 815 56
751 825 16
751 831 35
751 833 20
751 842 61
751 846 22
751 849 48
751 864 62
751 878 5
751 884 86
751 885 26
751 901 24
751 911 2
751 915 92
751 917 20
751 923 7
751 926 50
751 933 76
751 957 59
751 986 19
751 987 18
751 995 2
752 758 31
752 770 92
752 779 58
752 785 9
752 787 48
752 791 86
752 798 65
752 804 33
752 838 41
752 840 92
752 844 65
752 859 85
752 860 35
752 862 82
752 868 86
752 871 13
752 876 77
752 880 31
752 882 44
752 883 71
752 893 65
752 894 2
752 908 60
752 909 72
752 918 42
752 921 93
752 928 5
752 934 48
752 939 84
752 945 25
752 949 51
752 958 52
752 961 98
752 967 96
752 969 92
752 975 66
752 982 90
752 992 30
753 757 88
753 766 20
753 771 92
753 772 54
753 790 20
753 803 69
753 815 22
753 821 56
753 825 12
753 842 31
753 864 4
753 866 15
753 878 42
753 884 40
753 885 57
753 904 32
753 911 86
753 912 8
753 915 88
753 917 8
753 926 2
753 933 42
753 973 20
753 978 46
753 987 81
753 998 59
754 759 20
754 781 96
754 784 79
754 786 29
754 788 96
754 792 79
754 793 32
754 805 71
754 809 28
754 816 95
754 827 73
754 830 50
754 841 60
754 847 16
754 851 75
754 854 15
754 869 80
754 881 92
754 886 11
754 895 22
754 902 12
754 922 33
754 924 45
754 925 79
754 932 14
754 936 19
754 960 86
754 965 92
754 976 50
754 980 13
754 981 7
754 985 8
755 763 91
755 764 16
755 779 16
755 796 19
755 812 12
755 831 66
755 833 70
755 837 87
755 844 17
755 846 44
755 849 26
755 864 81
755 871 11
755 877 41
755 888 28
755 900 52
755 901 19
755 923 6
755 934 6
755 940 79
755 943 2
755 957 28
755 979 51
755 983 89
755 986 11
755 987 74
755 995 95
756 760 100
756 783 30
756 792 19
756 802 71
756 806 59
756 807 95
756 817 7
756 820 8
756 835 73
756 845 56
756 863 90
756 865 52
756 886 96
756 941 74
756 946 69
756 950 37
756 953 67
756 960 19
757 766 92
757 770 54
757 771 88
757 772 48
757 803 58
757 815 99
757 831 65
757 842 10
757 844 58
757 849 40
757 862 16
757 876 53
757 880 13
757 884 2
757 885 34
757 888 50
757 901 7
757 905 49
757 908 81
757 915 24
757 926 37
757 933 6
757 934 75
757 945 48
757 957 52
757 958 10
757 973 42
757 992 54
757 995 9
758 770 33
758 779 85
758 785 15
758 787 15
758 791 1
758 804 46
758 837 8
758 838 52
758 840 8
758 844 97
758 859 65
758 860 4
758 862 92
758 871 78
758 876 32
758 880 10
758 882 54
758 883 91
758 888 88
758 893 21
758 894 37
758 901 40
758 908 65
758 909 7
758 921 34
758 928 49
758 929 37
758 934 47
758 939 28
758 945 42
758 949 59
758 958 93
758 961 62
758 967 78
758 969 94
758 975 84
758 982 1
758 992 77
758 995 36
759 761 75
759 781 67
759 786 1
759 788 78
759 792 99
759 793 76
759 805 97
759 811 49
759 816 54
759 827 40
759 830 42
759 841 67
759 843 19
759 854 81
759 869 75
759 881 63
759 886 39
759 895 58
759 922 55
759 925 54
759 932 4
759 936 44
759 960 99
759 972 17
759 980 63
759 985 33
760 765 22
760 782 80
760 783 5
760 799 39
760 802 5
760 806 85
760 807 51
760 817 57
760 820 36
760 823 86
760 832 17
760 845 32
760 856 3
760 865 92
760 870 97
760 875 94
760 892 32
760 941 39
760 946 39
760 947 64
760 948 66
760 950 4
760 953 83
760 991 43
761 762 26
761 786 94
761 788 89
761 793 42
761 805 88
761 811 42
761 816 86
761 821 68
761 827 28
761 836 67
761 841 49
761 861 25
761 874 42
761 890 8
761 905 67
761 907 16
761 922 35
761 925 71
761 932 9
761 935 92
761 936 15
761 956 10
761 964 53
761 966 59
761 972 53
761 977 34
761 980 25
761 998 64
762 798 64
762 805 34
762 810 52
762 811 66
762 813 87
762 836 9
762 868 20
762 872 19
762 874 54
762 887 98
762 889 8
762 890 50
762 897 88
762 905 30
762 907 18
762 918 6
762 921 20
762 925 60
762 930 2
762 935 45
762 936 47
762 956 29
762 964 66
762 966 97
762 972 88
762 977 24
762 980 19
762 982 9
763 764 35
763 779 19
763 796 23
763 812 95
763 831 60
763 833 88
763 837 41
763 844 67
763 846 82
763 849 34
763 864 83
763 871 75
763 877 83
763 888 88
763 900 57
763 901 51
763 923 16
763 926 63
763 933 34
763 934 11
763 940 32
763 943 55
763 957 52
763 979 31
763 983 73
763 986 72
763 987 30
763 995 79
764 812 65
764 833 12
764 846 84
764 849 89
764 877 37
764 900 36
764 923 8
764 940 28
764 957 50
764 983 4
764 986 85
765 782 76
765 783 26
765 790 63
765 799 98
765 807 3
765 817 83
765 820 23
765 823 68
765 832 59
765 843 14
765 845 1
765 856 29
765 866 84
765 870 37
765 875 55
765 892 98
765 912 33
765 927 46
765 941 93
765 946 14
765 947 71
765 950 85
765 953 92
765 978 29
765 991 17
766 771 27
766 772 36
766 790 49
766 803 54
766 815 46
766 821 6
766 843 89
766 861 3
766 866 7
766 874 3
766 875 44
766 884 30
766 885 30
766 904 58
766 905 85
766 912 92
766 915 26
766 927 30
766 935 48
766 956 97
766 966 6
766 973 11
766 978 9
766 998 56
767 769 92
767 775 15
767 776 6
767 797 18
767 801 9
767 829 92
767 834 28
767 850 24
767 852 81
767 855 13
767 858 12
767 879 72
767 896 20
767 910 5
767 920 7
767 955 5
767 963 50
767 968 16
767 970 60
767 974 87
767 988 77
767 989 85
767 994 46
767 997 76
768 778 69
768 808 33
768 818 42
768 819 46
768 839 11
768 853 6
768 873 29
768 898 9
768 913 40
768 919 28
768 931 70
768 937 86
768 938 56
768 954 20
768 971 69
769 774 80
769 776 66
769 777 83
769 780 13
769 785 4
769 797 28
769 801 95
769 828 33
769 829 67
769 834 99
769 838 87
769 852 44
769 855 9
769 858 18
769 859 52
769 896 83
769 906 87
769 920 3
769 942 4
769 944 100
769 955 95
769 959 55
769 961 37
769 962 61
769 963 54
769 967 36
769 968 41
769 970 33
769 974 35
769 984 39
769 988 3
769 989 38
769 994 85
769 997 38
769 999 91
770 771 59
770 772 87
770 779 47
770 787 69
770 791 56
770 804 30
770 831 10
770 837 55
770 840 23
770 844 14
770 860 89
770 862 32
770 871 75
770 876 26
770 880 56
770 883 28
770 888 31
770 893 52
770 894 65
770 901 40
770 908 55
770 928 88
770 933 24
770 934 80
770 939 17
770 943 55
770 945 38
770 949 34
770 958 32
770 969 33
770 975 100
770 979 23
770 992 4
770 995 98
771 772 15
771 803 57
771 815 14
771 831 73
771 842 75
771 844 85
771 862 97
771 876 53
771 880 30
771 884 43
771 885 9
771 888 7
771 901 14
771 905 81
771 908 9
771 915 18
771 926 26
771 933 49
771 934 78
771 945 33
771 957 23
771 958 16
771 973 79
771 992 50
771 995 42
772 803 77
772 815 69
772 831 90
772 842 47
772 862 82
772 874 42
772 876 71
772 880 88
772 884 24
772 885 73
772 901 86
772 905 94
772 908 56
772 915 4
772 921 28
772 933 4
772 934 7
772 935 84
772 945 56
772 958 85
772 973 47
772 992 44
772 995 37
773 794 72
773 795 13
773 810 73
773 813 96
773 822 56
773 824 35
773 826 27
773 828 74
773 857 10
773 867 57
773 872 80
773 887 95
773 889 60
773 897 25
773 899 10
773 907 23
773 914 9
773 930 68
773 952 83
773 959 31
773 964 59
773 984 94
773 990 6
773 993 7
774 777 33
774 780 73
774 797 35
774 804 68
774 838 54
774 855 97
774 859 89
774 882 77
774 883 58
774 891 35
774 893 54
774 894 76
774 896 73
774 906 12
774 909 48
774 920 6
774 928 28
774 942 22
774 944 44
774 949 7
774 955 33
774 961 51
774 967 86
774 968 21
774 969 85
774 988 24
774 989 12
774 994 70
774 997 56
774 999 96
775 776 96
775 801 23
775 829 36
775 834 36
775 850 36
775 852 29
775 857 91
775 858 91
775 879 26
775 896 65
775 910 26
775 920 83
775 963 78
775 970 3
775 974 26
775 989 56
776 797 5
776 801 2
776 829 25
776 834 55
776 850 22
776 852 73
776 855 21
776 858 100
776 879 3
776 896 69
776 910 28
776 920 86
776 955 40
776 963 42
776 974 22
776 988 91
776 989 64
776 994 55
776 997 7
777 780 22
777 785 81
777 787 42
777 797 30
777 798 42
777 804 76
777 813 95
777 828 44
777 838 25
777 840 38
777 855 2
777 859 46
777 868 62
777 889 44
777 893 99
777 894 61
777 896 37
777 906 80
777 918 83
777 920 26
777 928 87
777 942 37
777 944 98
777 949 36
777 955 93
777 959 3
777 961 73
777 962 48
777 963 69
777 967 31
777 968 75
777 969 86
777 970 28
777 975 30
777 982 7
777 984 35
777 988 86
777 997 69
777 999 43
778 789 53
778 808 27
778 814 26
778 818 88
778 819 67
778 839 42
778 848 29
778 873 56
778 898 88
778 913 47
778 916 15
778 919 16
778 931 10
778 937 79
778 938 19
778 954 91
778 971 42
779 787 88
779 791 26
779 831 46
779 837 100
779 844 18
779 860 22
779 862 40
779 871 6
779 880 7
779 882 65
779 883 28
779 888 19
779 893 3
779 894 65
779 901 78
779 908 32
779 929 61
779 934 86
779 939 32
779 943 19
779 945 33
779 949 79
779 958 55
779 969 50
779 979 73
779 983 64
779 992 56
779 995 21
780 785 53
780 787 41
780 797 60
780 804 36
780 838 70
780 855 37
780 859 64
780 882 69
780 883 7
780 891 79
780 893 16
780 894 55
780 896 42
780 906 75
780 909 73
780 920 18
780 928 40
780 942 23
780 944 56
780 949 77
780 955 64
780 961 57
780 967 31
780 968 68
780 969 66
780 975 1
780 988 1
780 989 41
780 994 38
780 997 37
780 999 7
781 783 57
781 786 63
781 788 95
781 792 25
781 793 9
781 809 24
781 816 11
781 817 35
781 820 100
781 827 45
781 830 79
781 835 90
781 841 32
781 847 33
781 851 67
781 854 77
781 863 75
781 881 79
781 886 43
781 895 36
781 902 93
781 922 68
781 924 2
781 932 53
781 941 59
781 946 100
781 960 55
781 965 2
781 976 49
781 981 6
781 985 68
782 790 86
782 799 42
782 807 68
782 823 29
782 832 68
782 856 68
782 870 88
782 875 97
782 892 45
782 912 84
782 927 12
782 947 61
782 978 42
782 991 91
783 786 59
783 788 74
783 792 67
783 793 77
783 799 13
783 806 85
783 807 1
783 817 75
783 820 33
783 835 9
783 841 76
783 843 14
783 845 11
783 863 100
783 865 70
783 875 74
783 886 2
783 927 87
783 932 48
783 941 44
783 946 40
783 950 33
783 953 25
783 960 30
783 991 93
784 800 69
784 805 1
784 808 51
784 809 54
784 814 36
784 818 52
784 819 73
784 830 56
784 847 28
784 851 58
784 853 67
784 854 19
784 869 31
784 881 20
784 895 58
784 902 29
784 913 35
784 924 79
784 931 86
784 938 81
784 965 32
784 981 74
784 985 3
785 787 36
785 797 70
785 798 47
785 804 98
785 813 16
785 828 24
785 838 25
785 840 75
785 859 74
785 868 10
785 872 52
785 887 35
785 889 75
785 893 44
785 894 9
785 897 71
785 906 71
785 918 67
785 921 32
785 928 1
785 949 50
785 958 35
785 959 46
785 961 9
785 962 76
785 967 52
785 968 39
785 969 1
785 970 16
785 975 9
785 982 38
785 984 45
785 992 80
786 788 74
786 792 57
786 793 3
786 805 76
786 816 11
786 817 61
786 820 52
786 827 66
786 830 62
786 841 34
786 843 92
786 854 22
786 886 26
786 922 17
786 925 75
786 932 21
786 936 53
786 941 64
786 946 82
786 960 19
786 972 79
786 976 87
786 980 96
786 985 78
787 791 19
787 798 31
787 804 9
787 838 1
787 840 96
787 844 65
787 859 60
787 860 47
787 862 5
787 868 39
787 871 84
787 876 52
787 880 64
787 882 69
787 883 69
787 891 79
787 893 96
787 894 87
787 906 94
787 908 96
787 909 98
787 918 96
787 921 80
787 928 37
787 939 25
787 944 43
787 945 78
787 949 30
787 958 22
787 961 69
787 967 14
787 969 53
787 975 61
787 982 73
787 992 100
787 999 2
788 792 5
788 793 39
788 799 100
788 805 64
788 816 54
788 817 12
788 820 45
788 827 53
788 841 74
788 843 98
788 854 77
788 861 84
788 886 70
788 922 11
788 925 87
788 927 11
788 932 33
788 936 3
788 941 19
788 946 73
788 956 2
788 960 97
788 966 17
788 972 24
788 980 31
789 794 99
789 800 21
789 808 52
789 814 39
789 819 33
789 822 87
789 839 5
789 848 24
789 913 71
789 914 10
789 916 97
789 919 96
789 931 22
789 938 68
789 954 34
789 993 33
789 996 37
790 799 29
790 803 76
790 815 44
790 821 75
790 832 34
790 842 24
790 856 33
790 861 70
790 866 26
790 875 43
790 885 84
790 892 19
790 904 61
790 912 92
790 915 22
790 927 79
790 978 57
790 998 19
791 837 80
791 844 68
791 860 15
791 871 63
791 882 67
791 883 22
791 891 11
791 893 69
791 894 94
791 908 59
791 909 66
791 929 6
791 939 81
791 943 47
791 944 95
791 945 45
791 949 73
791 961 90
791 967 68
791 969 73
791 979 39
791 992 62
791 999 95
792 793 70
792 799 54
792 816 89
792 817 4
792 820 22
792 827 94
792 830 17
792 835 59
792 841 59
792 843 68
792 845 87
792 851 39
792 854 19
792 863 95
792 886 41
792 922 2
792 932 1
792 941 12
792 946 45
792 953 22
792 960 66
792 976 93
792 980 83
793 799 45
793 805 87
793 807 85
793 811 65
793 816 71
793 817 12
793 820 36
793 821 18
793 827 53
793 841 100
793 843 31
793 861 1
793 886 5
793 904 36
793 922 43
793 925 66
793 927 85
793 932 42
793 935 79
793 936 61
793 941 97
793 946 13
793 956 30
793 960 40
793 966 100
793 972 55
793 980 51
793 998 51
794 795 19
794 800 13
794 814 29
794 822 5
794 824 54
794 826 47
794 848 58
794 867 72
794 899 73
794 903 25
794 914 65
794 916 5
794 930 13
794 951 85
794 952 8
794 990 76
794 993 53
794 996 13
795 810 46
795 813 18
795 826 29
795 828 41
795 857 32
795 867 60
795 872 52
795 887 35
795 889 47
795 897 89
795 899 22
795 906 34
795 907 21
795 914 3
795 918 77
795 930 20
795 952 50
795 959 52
795 962 52
795 963 24
795 964 27
795 970 65
795 984 27
795 990 91
796 812 89
796 825 75
796 831 58
796 833 54
796 842 71
796 846 97
796 849 89
796 864 4
796 877 76
796 878 96
796 885 52
796 900 35
796 901 55
796 911 3
796 917 22
796 923 77
796 926 57
796 933 2
796 940 59
796 957 26
796 986 39
796 987 84
796 995 73
797 804 68
797 838 80
797 855 62
797 859 27
797 883 89
797 891 48
797 893 22
797 894 73
797 896 85
797 906 64
797 909 79
797 920 18
797 928 84
797 942 4
797 944 1
797 949 22
797 955 71
797 959 45
797 961 73
797 962 13
797 963 5
797 967 48
797 968 10
797 970 25
797 984 1
797 988 57
797 989 55
797 994 74
797 997 71
797 999 74
798 804 41
798 810 81
798 811 68
798 813 14
798 828 83
798 836 2
798 840 44
798 859 38
798 862 5
798 868 50
798 872 76
798 874 64
798 876 21
798 887 53
798 889 29
798 890 16
798 893 46
798 897 17
798 905 51
798 906 53
798 907 73
798 918 48
798 921 37
798 928 66
798 930 77
798 958 88
798 959 75
798 962 99
798 969 92
798 975 72
798 977 86
798 982 62
798 984 8
798 992 74
799 807 19
799 817 8
799 820 70
799 821 9
799 823 98
799 832 56
799 843 66
799 845 33
799 856 69
799 861 62
799 866 7
799 870 84
799 875 54
799 892 69
799 904 51
799 912 22
799 927 73
799 932 70
799 941 66
799 946 8
799 947 100
799 953 67
799 960 42
799 978 3
799 991 64
799 998 46
800 808 35
800 814 53
800 818 80
800 819 87
800 822 27
800 848 45
800 869 6
800 895 97
800 913 49
800 914 25
800 916 57
800 919 45
800 931 5
800 938 70
800 993 65
801 829 95
801 834 49
801 850 13
801 852 22
801 855 68
801 858 13
801 879 40
801 896 44
801 910 96
801 920 12
801 955 41
801 963 3
801 974 52
801 988 23
801 989 68
801 997 52
802 806 56
802 823 42
802 845 88
802 865 77
802 870 16
802 947 75
802 948 28
802 950 36
802 953 48
802 991 76
803 815 97
803 821 57
803 825 4
803 842 1
803 861 74
803 866 29
803 875 77
803 884 86
803 885 28
803 904 41
803 912 69
803 915 77
803 927 88
803 956 4
803 966 79
803 973 100
803 978 98
803 998 25
804 813 61
804 828 19
804 838 56
804 840 55
804 859 63
804 860 48
804 862 9
804 868 82
804 876 30
804 880 45
804 883 80
804 889 67
804 893 97
804 894 59
804 906 17
804 908 30
804 909 41
804 918 97
804 921 26
804 928 99
804 939 47
804 942 11
804 944 81
804 945 14
804 949 100
804 958 87
804 959 84
804 961 36
804 962 74
804 967 97
804 968 21
804 969 84
804 975 36
804 982 15
804 992 77
804 999 11
805 816 28
805 827 97
805 830 86
805 841 26
805 854 12
805 869 79
805 881 75
805 895 52
805 922 30
805 925 84
805 932 44
805 936 86
805 964 49
805 972 80
805 977 23
805 980 38
805 985 1
806 807 40
806 817 86
806 820 91
806 835 31
806 845 22
806 863 98
806 865 62
806 870 61
806 941 63
806 946 75
806 948 53
806 950 91
806 953 13
806 991 45
807 817 34
807 820 41
807 823 56
807 832 21
807 843 58
807 845 5
807 856 29
807 865 10
807 870 92
807 875 55
807 892 97
807 912 82
807 927 15
807 941 1
807 946 46
807 947 46
807 950 61
807 953 62
807 960 80
807 978 50
807 991 40
808 814 65
808 818 74
808 819 62
808 839 70
808 848 62
808 853 8
808 873 96
808 898 30
808 913 60
808 916 98
808 919 4
808 931 87
808 937 59
808 938 14
808 954 37
808 971 77
809 818 24
809 830 23
809 847 29
809 851 68
809 853 82
809 854 41
809 869 18
809 881 18
809 895 76
809 902 45
809 924 42
809 931 62
809 965 34
809 976 71
809 981 88
809 985 71
810 813 68
810 826 43
810 828 62
810 836 9
810 867 45
810 868 23
810 872 98
810 887 56
810 889 91
810 890 36
810 897 20
810 907 93
810 918 74
810 921 18
810 925 84
810 930 90
810 936 36
810 959 81
810 962 67
810 964 80
810 972 14
810 977 74
810 982 90
810 984 14
811 816 34
811 821 67
811 827 78
811 836 76
811 861 26
811 868 21
811 874 82
811 890 83
811 904 62
811 905 53
811 907 40
811 921 44
811 922 96
811 925 8
811 932 9
811 935 72
811 936 36
811 956 24
811 964 53
811 966 99
811 972 10
811 973 20
811 977 12
811 980 68
811 998 85
812 825 78
812 831 74
812 833 37
812 837 60
812 842 27
812 846 11
812 849 49
812 864 41
812 877 70
812 878 83
812 888 63
812 900 56
812 901 28
812 923 70
812 926 75
812 933 7
812 934 53
812 940 78
812 957 56
812 979 90
812 983 51
812 986 62
812 987 10
812 995 28
813 826 86
813 828 26
813 836 65
813 840 59
813 859 26
813 868 53
813 872 12
813 887 93
813 889 89
813 890 60
813 897 77
813 906 92
813 907 7
813 918 78
813 921 53
813 928 6
813 930 47
813 958 14
813 959 77
813 962 46
813 964 56
813 975 28
813 977 80
813 982 47
813 984 99
814 818 80
814 819 84
814 822 1
814 848 3
814 869 28
814 895 27
814 913 24
814 914 82
814 916 80
814 919 50
814 931 42
814 938 13
814 985 57
814 993 13
815 821 59
815 825 13
815 842 83
815 861 86
815 866 7
815 884 36
815 885 13
815 904 18
815 905 29
815 912 47
815 915 57
815 933 16
815 956 19
815 966 38
815 973 25
815 978 26
815 998 55
816 817 88
816 827 91
816 830 97
816 841 22
816 843 77
816 854 86
816 869 58
816 886 22
816 895 51
816 922 50
816 925 44
816 932 6
816 936 4
816 956 91
816 960 52
816 966 31
816 972 70
816 980 84
816 985 53
817 820 11
817 827 52
817 835 55
817 841 60
817 843 97
817 845 7
817 863 19
817 865 29
817 875 78
817 886 69
817 927 75
817 932 20
817 941 94
817 946 72
817 950 12
817 953 100
817 960 78
817 991 39
818 819 94
818 839 44
818 853 30
818 869 74
818 873 19
818 881 3
818 895 32
818 898 88
818 913 5
818 916 47
818 919 49
818 931 18
818 937 98
818 938 60
818 954 50
818 971 60
818 981 95
819 822 32
819 839 8
819 848 36
819 853 82
819 869 30
819 895 77
819 913 88
819 916 55
819 919 95
819 931 79
819 937 50
819 938 78
819 954 6
819 971 32
819 993 79
820 827 77
820 841 5
820 843 92
820 845 24
820 863 92
820 865 76
820 875 22
820 886 47
820 892 75
820 927 61
820 932 70
820 941 3
820 946 79
820 950 9
820 953 100
820 960 10
820 991 91
821 843 90
821 861 19
821 866 43
821 874 17
821 875 78
821 884 95
821 904 56
821 905 69
821 912 56
821 915 55
821 927 23
821 932 9
821 935 13
821 956 3
821 966 14
821 973 19
821 978 29
821 998 95
822 826 42
822 848 14
822 867 66
822 914 9
822 916 69
822 930 65
822 931 100
822 964 4
822 990 13
822 993 26
823 832 76
823 856 50
823 870 36
823 875 98
823 892 30
823 947 20
823 948 87
823 950 70
823 991 61
824 857 2
824 867 30
824 899 58
824 903 23
824 914 10
824 951 25
824 952 71
824 990 14
824 993 40
824 996 83
825 842 95
825 846 27
825 849 72
825 864 88
825 878 11
825 885 11
825 911 11
825 915 84
825 917 84
825 923 4
825 926 93
825 933 59
825 957 96
825 986 12
825 987 15
826 828 76
826 867 18
826 872 22
826 887 41
826 889 89
826 897 20
826 899 6
826 907 69
826 914 39
826 930 83
826 959 62
826 962 63
826 964 62
826 977 7
826 984 6
826 990 89
826 993 36
827 841 76
827 843 90
827 854 80
827 861 36
827 886 7
827 922 89
827 925 20
827 932 55
827 935 50
827 936 13
827 946 44
827 956 62
827 960 55
827 966 61
827 972 19
827 980 68
827 985 89
828 838 97
828 840 93
828 859 94
828 868 28
828 872 79
828 887 51
828 889 55
828 897 97
828 899 86
828 906 82
828 907 58
828 918 24
828 921 53
828 928 6
828 930 6
828 959 93
828 962 47
828 963 95
828 968 67
828 970 23
828 975 62
828 982 22
828 984 69
829 834 25
829 850 56
829 852 36
829 855 28
829 857 26
829 858 52
829 879 84
829 896 18
829 899 36
829 920 76
829 951 50
829 963 64
829 968 57
829 970 98
829 974 76
829 984 35
829 989 34
829 997 18
830 841 99
830 847 29
830 851 62
830 853 67
830 854 54
830 869 1
830 881 94
830 886 29
830 895 20
830 902 44
830 922 52
830 924 22
830 965 97
830 976 51
830 981 18
830 985 74
831 837 79
831 842 46
831 844 37
831 846 77
831 849 58
831 864 87
831 871 88
831 877 97
831 880 80
831 884 78
831 888 91
831 901 25
831 908 17
831 923 43
831 926 81
831 933 71
831 934 57
831 940 55
831 943 45
831 945 22
831 957 42
831 979 76
831 983 39
831 986 38
831 987 76
831 995 65
832 856 6
832 870 10
832 875 54
832 892 57
832 912 51
832 927 84
832 947 75
832 978 80
832 991 11
833 846 35
833 849 55
833 864 8
833 877 39
833 878 9
833 900 54
833 923 22
833 926 18
833 940 40
833 957 10
833 983 2
833 986 38
833 987 76
834 850 42
834 852 68
834 855 76
834 857 86
834 858 21
834 879 10
834 896 26
834 910 95
834 920 93
834 955 53
834 963 30
834 968 22
834 970 31
834 974 45
834 988 12
834 989 93
834 997 26
835 845 37
835 851 25
835 863 83
835 865 52
835 886 20
835 941 51
835 953 64
835 960 8
835 976 48
836 840 97
836 861 67
836 868 68
836 872 2
836 874 82
836 876 65
836 889 43
836 890 39
836 905 100
836 907 94
836 918 2
836 921 66
836 925 24
836 930 75
836 935 69
836 936 69
836 956 38
836 964 74
836 966 11
836 972 16
836 973 52
836 977 91
836 980 27
836 982 91
837 844 42
837 849 68
837 860 55
837 871 38
837 877 76
837 880 52
837 888 100
837 901 59
837 908 80
837 929 91
837 933 13
837 934 6
837 939 36
837 940 22
837 943 98
837 945 16
837 957 35
837 979 53
837 983 66
837 995 83
838 840 2
838 855 82
838 859 99
838 883 44
838 889 70
838 891 43
838 893 17
838 894 45
838 896 75
838 906 2
838 909 77
838 918 72
838 920 63
838 928 81
838 942 50
838 944 87
838 949 29
838 955 5
838 959 99
838 961 31
838 962 88
838 963 8
838 967 93
838 968 8
838 969 88
838 970 37
838 975 38
838 982 27
838 984 3
838 988 89
838 992 53
838 994 62
838 997 82
838 999 79
839 848 61
839 873 89
839 898 80
839 913 18
839 916 65
839 919 68
839 931 29
839 937 95
839 938 65
839 954 5
839 971 25
840 859 16
840 860 48
840 862 83
840 868 44
840 874 73
840 876 86
840 880 39
840 889 45
840 890 89
840 893 97
840 894 84
840 905 14
840 906 13
840 907 91
840 908 36
840 918 48
840 921 27
840 928 39
840 945 92
840 958 89
840 959 20
840 962 25
840 969 52
840 973 58
840 975 64
840 982 61
840 992 11
841 843 54
841 851 27
841 854 49
841 869 52
841 881 23
841 886 9
841 895 18
841 922 64
841 925 14
841 932 2
841 936 68
841 946 46
841 960 4
841 972 20
841 976 97
841 980 23
841 985 67
842 846 75
842 849 71
842 864 14
842 878 64
842 884 92
842 885 45
842 901 46
842 911 5
842 915 24
842 917 40
842 923 44
842 926 89
842 933 18
842 957 96
842 987 93
843 845 99
843 861 87
843 866 83
843 875 17
843 886 34
843 892 11
843 904 38
843 912 43
843 922 88
843 927 35
843 932 79
843 941 53
843 946 96
843 953 29
843 956 44
843 960 89
843 966 84
843 978 22
843 998 27
844 860 60
844 862 85
844 871 89
844 876 24
844 880 100
844 882 99
844 883 47
844 888 27
844 893 37
844 894 60
844 901 41
844 908 71
844 929 39
844 933 73
844 934 2
844 939 71
844 943 84
844 945 16
844 949 27
844 958 4
844 969 1
844 979 4
844 983 73
844 992 71
844 995 3
845 863 8
845 865 36
845 870 84
845 886 6
845 927 66
845 941 74
845 946 62
845 947 15
845 948 40
845 950 17
845 953 4
845 960 71
845 991 73
846 849 10
846 864 6
846 877 76
846 878 69
846 900 100
846 917 69
846 923 74
846 926 41
846 940 51
846 957 23
846 986 30
846 987 38
847 851 54
847 853 58
847 854 73
847 869 66
847 881 7
847 886 36
847 895 29
847 902 76
847 924 75
847 965 91
847 976 70
847 981 3
847 985 93
848 913 19
848 914 99
848 916 34
848 919 72
848 931 1
848 938 27
848 954 85
848 993 93
848 996 64
849 864 7
849 871 56
849 877 11
849 878 92
849 888 21
849 900 7
849 901 73
849 923 62
849 926 14
849 933 74
849 934 55
849 940 33
849 957 19
849 979 40
849 983 95
849 986 73
849 987 15
849 995 94
850 852 98
850 857 82
850 858 5
850 879 74
850 910 26
850 920 93
850 963 57
850 974 34
850 989 72
851 853 87
851 854 45
851 869 21
851 881 46
851 886 29
851 895 51
851 902 82
851 924 54
851 965 66
851 976 54
851 981 69
851 985 13
852 855 76
852 858 4
852 879 65
852 896 76
852 910 60
852 920 23
852 963 45
852 974 41
852 988 56
852 989 12
852 997 9
853 854 5
853 869 57
853 881 97
853 895 54
853 902 29
853 913 80
853 924 76
853 931 10
853 937 37
853 938 16
853 965 90
853 971 3
853 981 28
853 985 84
854 869 70
854 881 11
854 886 19
854 895 28
854 902 55
854 922 85
854 924 35
854 925 77
854 932 68
854 960 6
854 965 28
854 976 91
854 980 93
854 981 49
854 985 56
855 858 35
855 896 19
855 906 25
855 920 97
855 942 50
855 944 90
855 955 78
855 959 43
855 961 11
855 963 43
855 967 95
855 968 29
855 970 31
855 974 96
855 984 27
855 988 58
855 989 28
855 994 58
855 997 45
855 999 54
856 866 44
856 870 47
856 875 97
856 892 43
856 912 53
856 927 33
856 947 17
856 978 9
856 991 6
857 867 11
857 879 94
857 899 61
857 903 21
857 920 8
857 951 20
857 952 44
857 963 63
857 970 11
857 984 66
857 990 41
858 879 13
858 896 78
858 910 43
858 920 93
858 963 84
858 970 25
858 974 24
858 988 29
858 989 88
858 997 45
859 862 89
859 868 27
859 883 21
859 889 72
859 893 91
859 894 39
859 906 65
859 918 93
859 921 46
859 928 92
859 942 79
859 949 69
859 955 82
859 958 55
859 959 76
859 961 55
859 962 80
859 967 2
859 968 98
859 969 68
859 970 90
859 975 79
859 982 60
859 984 45
859 992 71
859 999 85
860 862 86
860 871 89
860 876 98
860 880 22
860 882 85
860 883 56
860 888 79
860 893 46
860 894 28
860 901 62
860 908 22
860 909 25
860 928 40
860 929 30
860 934 80
860 939 69
860 943 74
860 945 40
860 949 56
860 958 56
860 961 51
860 967 93
860 969 19
860 975 62
860 979 82
860 992 82
860 995 80
861 866 39
861 874 5
861 875 28
861 884 9
861 890 90
861 904 37
861 905 100
861 912 21
861 915 1
861 927 34
861 932 59
861 935 7
861 936 100
861 956 72
861 966 35
861 972 20
861 973 80
861 978 13
861 998 65
862 868 56
862 871 29
862 876 58
862 880 44
862 883 28
862 884 63
862 888 58
862 893 18
862 894 3
862 901 47
862 908 50
862 918 2
862 921 26
862 928 89
862 933 77
862 934 3
862 939 79
862 945 2
862 949 16
862 958 47
862 969 55
862 973 93
862 975 29
862 982 6
862 992 67
862 995 67
863 865 91
863 886 30
863 941 86
863 946 21
863 950 65
863 953 31
863 960 4
863 976 9
864 877 45
864 878 60
864 885 58
864 888 32
864 900 61
864 901 21
864 911 45
864 917 61
864 923 29
864 926 63
864 933 7
864 940 33
864 957 52
864 986 1
864 987 61
864 995 27
865 941 21
865 946 4
865 948 89
865 950 66
865 953 39
865 960 31
865 991 46
866 875 88
866 884 30
866 885 35
866 892 18
866 904 13
866 912 37
866 915 64
866 927 29
866 956 93
866 966 16
866 973 94
866 978 68
866 998 14
867 872 81
867 887 24
867 897 4
867 899 85
867 903 17
867 914 13
867 930 55
867 951 8
867 952 41
867 959 28
867 970 70
867 984 52
867 990 50
867 993 24
867 996 6
868 872 8
868 874 35
868 876 98
868 880 38
868 887 74
868 889 76
868 890 60
868 893 24
868 897 23
868 905 16
868 906 10
868 907 25
868 918 67
868 921 27
868 928 95
868 930 77
868 935 97
868 958 69
868 959 81
868 962 67
868 975 19
868 977 36
868 982 55
868 992 29
869 881 1
869 895 22
869 902 60
869 922 74
869 924 73
869 925 93
869 931 1
869 938 3
869 965 49
869 980 96
869 981 87
869 985 37
870 875 33
870 892 23
870 947 80
870 948 69
870 950 62
870 953 69
870 991 36
871 880 74
871 888 69
871 901 10
871 908 6
871 929 97
871 933 48
871 934 56
871 939 62
871 940 76
871 943 47
871 945 8
871 957 39
871 969 56
871 979 39
871 983 29
871 992 52
871 995 13
872 887 16
872 889 66
872 890 25
872 897 66
872 906 45
872 907 56
872 918 28
872 921 25
872 930 63
872 959 38
872 962 99
872 964 59
872 972 97
872 977 86
872 982 45
872 984 41
873 898 99
873 913 78
873 919 46
873 937 6
873 938 31
873 954 80
873 971 76
874 876 100
874 884 60
874 890 61
874 904 21
874 905 48
874 907 31
874 921 69
874 935 100
874 936 79
874 956 65
874 966 30
874 972 86
874 973 89
874 977 23
874 982 100
874 998 45
875 892 63
875 904 81
875 912 41
875 927 48
875 946 94
875 947 40
875 978 8
875 991 3
875 998 89
876 880 98
876 884 38
876 890 13
876 901 9
876 905 31
876 908 27
876 918 3
876 921 34
876 928 69
876 933 32
876 934 36
876 935 53
876 945 17
876 958 80
876 969 17
876 973 49
876 975 7
876 982 100
876 992 62
876 995 22
877 888 80
877 900 58
877 923 32
877 940 95
877 957 81
877 979 81
877 983 50
877 986 45
877 987 56
878 885 33
878 911 90
878 917 53
878 923 88
878 926 41
878 957 96
878 986 51
878 987 50
879 920 17
879 963 63
879 974 37
879 989 90
880 884 79
880 888 81
880 893 91
880 894 23
880 901 89
880 908 18
880 921 96
880 928 8
880 933 89
880 934 59
880 939 35
880 945 74
880 958 68
880 969 5
880 973 39
880 975 42
880 982 90
880 992 57
880 995 90
881 895 82
881 902 3
881 924 71
881 931 75
881 965 34
881 976 4
881 981 89
881 985 53
882 883 87
882 891 63
882 893 95
882 894 43
882 909 25
882 929 91
882 939 29
882 942 86
882 943 54
882 944 61
882 949 54
882 961 36
882 967 26
882 969 31
882 999 20
883 891 30
883 893 40
883 894 73
883 908 96
883 909 79
883 928 71
883 929 8
883 939 12
883 942 31
883 944 77
883 945 4
883 949 27
883 958 35
883 961 65
883 967 68
883 969 93
883 975 11
883 992 53
883 994 80
883 999 55
884 885 90
884 901 59
884 904 42
884 905 34
884 915 21
884 926 69
884 933 83
884 934 41
884 973 6
884 995 4
884 998 48
885 904 33
885 911 96
885 912 40
885 915 96
885 917 59
885 926 18
885 933 65
885 978 23
885 987 95
886 902 26
886 922 66
886 932 53
886 941 26
886 946 75
886 953 1
886 960 84
886 976 81
886 980 81
887 889 54
887 897 51
887 899 12
887 906 48
887 907 62
887 918 5
887 930 74
887 959 39
887 962 55
887 964 17
887 977 40
887 982 96
887 984 99
887 990 92
887 993 91
888 901 75
888 908 51
888 923 52
888 933 88
888 934 90
888 939 77
888 940 44
888 943 91
888 945 78
888 957 42
888 979 73
888 983 97
888 986 46
888 995 45
889 890 95
889 897 31
889 906 26
889 907 24
889 918 78
889 921 47
889 928 23
889 930 76
889 959 57
889 962 74
889 964 41
889 968 98
889 970 91
889 975 37
889 977 21
889 982 18
889 984 99
890 905 84
890 907 73
890 918 32
890 921 58
890 925 71
890 935 94
890 936 54
890 956 2
890 964 24
890 966 55
890 972 14
890 973 9
890 977 34
890 980 52
890 982 21
891 893 28
891 894 63
891 909 89
891 929 45
891 939 98
891 942 33
891 944 55
891 949 3
891 955 92
891 961 58
891 967 57
891 968 95
891 969 59
891 988 46
891 994 15
891 997 84
891 999 33
892 912 12
892 927 83
892 947 40
892 978 21
892 991 77
893 894 79
893 906 6
893 908 97
893 909 5
893 918 27
893 921 75
893 928 37
893 939 35
893 942 53
893 944 54
893 945 96
893 949 93
893 958 3
893 961 29
893 962 5
893 967 6
893 968 2
893 969 98
893 975 48
893 982 26
893 992 63
893 999 34
894 906 47
894 908 14
894 909 62
894 928 54
894 929 28
894 939 98
894 942 51
894 944 6
894 945 79
894 949 32
894 958 7
894 961 60
894 967 14
894 969 22
894 975 4
894 982 12
894 992 31
894 999 64
895 902 30
895 922 75
895 924 84
895 925 35
895 931 4
895 938 56
895 965 96
895 976 40
895 980 26
895 981 82
895 985 45
896 906 82
896 920 99
896 942 14
896 955 87
896 959 60
896 963 63
896 967 95
896 968 61
896 970 17
896 974 63
896 984 32
896 988 57
896 989 95
896 994 3
896 997 28
896 999 90
897 899 14
897 906 18
897 907 84
897 918 3
897 930 78
897 959 55
897 962 66
897 964 29
897 977 5
897 982 22
897 984 2
897 990 81
897 993 33
898 913 46
898 919 59
898 937 90
898 938 99
898 954 94
898 971 28
899 903 84
899 914 56
899 930 87
899 951 56
899 952 1
899 959 88
899 963 37
899 970 19
899 984 29
899 990 37
900 923 21
900 940 42
900 957 51
900 983 93
900 986 11
900 987 47
901 908 97
901 923 32
901 926 62
901 933 53
901 934 79
901 940 5
901 945 62
901 957 88
901 973 59
901 979 12
901 983 54
901 987 85
901 992 77
901 995 14
902 924 17
902 965 79
902 976 63
902 981 76
902 985 13
903 914 22
903 951 48
903 952 61
903 990 72
903 996 12
904 905 73
904 912 60
904 915 37
904 927 11
904 932 47
904 935 81
904 956 32
904 966 40
904 973 11
904 978 43
904 998 47
905 907 2
905 921 44
905 935 76
905 936 97
905 956 16
905 966 18
905 972 6
905 973 79
905 977 10
905 982 11
905 998 63
906 918 69
906 920 42
906 921 30
906 928 91
906 942 40
906 955 29
906 959 38
906 961 70
906 962 16
906 963 87
906 967 36
906 968 26
906 970 4
906 975 30
906 982 15
906 984 35
906 999 87
907 918 26
907 921 37
907 925 53
907 930 74
907 935 100
907 936 20
907 962 71
907 964 42
907 972 39
907 977 37
907 982 49
908 929 39
908 933 5
908 934 36
908 939 97
908 943 20
908 945 89
908 949 38
908 958 2
908 969 23
908 975 10
908 979 59
908 992 26
908 995 69
909 928 30
909 929 43
909 939 59
909 942 73
909 944 94
909 949 2
909 955 51
909 961 57
909 967 84
909 968 46
909 969 42
909 975 69
909 994 81
909 999 75
910 974 28
910 989 89
910 997 29
911 915 79
911 917 56
911 923 42
911 926 28
911 987 20
912 915 57
912 927 19
912 956 2
912 966 12
912 978 56
912 998 13
913 916 70
913 919 69
913 931 59
913 937 53
913 938 59
913 954 10
913 971 93
914 916 79
914 951 64
914 952 54
914 990 87
914 993 94
914 996 36
915 917 58
915 926 62
915 933 59
915 973 26
915 978 1
915 998 61
916 919 61
916 931 68
916 938 73
916 954 54
916 993 33
916 996 2
917 923 71
917 926 67
917 987 61
918 921 59
918 928 14
918 930 65
918 958 59
918 959 10
918 962 61
918 968 69
918 969 60
918 975 30
918 982 79
918 984 63
918 992 43
919 931 58
919 937 56
919 938 75
919 954 63
919 971 92
920 942 17
920 955 73
920 959 70
920 963 27
920 968 11
920 970 60
920 974 60
920 984 12
920 988 94
920 989 99
920 994 14
920 997 37
921 928 16
921 935 9
921 958 59
921 962 86
921 973 98
921 975 57
921 977 2
921 982 25
921 992 25
922 925 63
922 932 7
922 936 41
922 960 12
922 966 44
922 972 76
922 977 69
922 980 66
922 985 62
923 926 10
923 933 14
923 940 28
923 957 9
923 983 78
923 986 44
923 987 19
923 995 38
924 965 44
924 976 25
924 981 90
924 985 18
925 932 63
925 935 45
925 936 78
925 964 7
925 972 19
925 977 16
925 980 100
925 985 17
926 933 82
926 940 94
926 957 61
926 986 43
926 987 46
926 995 89
927 932 16
927 941 11
927 946 77
927 953 50
927 956 47
927 960 72
927 966 88
927 978 80
927 991 18
927 998 86
928 942 79
928 944 10
928 949 1
928 958 17
928 959 30
928 961 86
928 962 27
928 967 46
928 968 60
928 969 56
928 975 5
928 982 75
928 984 67
928 992 61
928 999 72
929 939 38
929 943 65
929 949 66
929 969 18
929 979 53
930 959 9
930 962 47
930 964 11
930 977 58
930 984 9
930 990 95
930 993 39
931 937 52
931 938 40
931 954 100
931 971 91
931 985 22
931 993 66
932 935 1
932 936 68
932 946 78
932 956 88
932 960 16
932 966 54
932 972 89
932 980 18
932 998 13
933 934 42
933 945 100
933 957 39
933 973 62
933 987 14
933 995 65
934 939 71
934 940 15
934 943 40
934 945 80
934 957 72
934 958 82
934 979 53
934 983 26
934 992 97
934 995 86
935 936 66
935 956 82
935 966 88
935 972 4
935 973 91
935 977 7
935 980 62
935 998 27
936 956 96
936 964 33
936 966 80
936 972 37
936 977 37
936 980 55
937 938 55
937 954 83
937 971 66
938 954 4
938 971 65
939 943 98
939 944 38
939 945 23
939 949 19
939 958 37
939 961 87
939 967 76
939 969 17
939 975 49
939 979 49
939 992 25
940 957 18
940 979 87
940 983 86
940 986 51
940 987 90
940 995 2
941 946 54
941 950 96
941 953 62
941 960 20
941 991 44
942 944 5
942 949 76
942 955 35
942 961 70
942 967 64
942 968 1
942 969 57
942 988 4
942 989 97
942 994 10
942 997 8
942 999 41
943 945 3
943 979 3
943 983 81
944 949 44
944 955 53
944 961 66
944 967 87
944 968 4
944 969 12
944 988 28
944 994 4
944 997 42
944 999 73
945 949 24
945 958 85
945 969 84
945 975 78
945 979 10
945 992 70
945 995 35
946 950 1
946 953 17
946 960 99
946 991 52
947 948 31
947 950 65
947 991 29
948 950 41
948 991 56
949 958 52
949 961 40
949 967 20
949 969 6
949 975 54
949 992 19
949 994 92
949 999 71
950 953 68
950 991 57
951 952 23
951 990 67
951 996 33
952 990 72
952 993 74
952 996 68
953 960 75
953 991 43
954 971 52
955 959 48
955 961 3
955 963 15
955 967 83
955 968 27
955 970 100
955 974 39
955 988 70
955 989 41
955 994 70
955 997 77
955 999 14
956 966 86
956 972 88
956 973 36
956 978 56
956 980 1
956 998 75
957 979 1
957 983 7
957 986 91
957 987 42
957 995 71
958 962 48
958 969 16
958 973 71
958 975 79
958 982 95
958 992 19
959 962 67
959 963 23
959 968 27
959 970 25
959 975 62
959 982 56
959 984 98
960 976 89
961 967 91
961 968 20
961 969 45
961 975 68
961 988 11
961 992 29
961 994 2
961 997 40
961 999 83
962 963 4
962 968 6
962 970 71
962 975 44
962 982 21
962 984 21
963 968 74
963 970 90
963 974 9
963 984 34
963 988 81
963 989 77
963 997 14
964 972 29
964 977 69
964 980 27
964 993 67
965 976 41
965 981 4
965 985 64
966 972 32
966 973 53
966 978 46
966 980 76
966 998 5
967 968 42
967 969 65
967 975 58
967 988 100
967 994 91
967 997 61
967 999 94
968 970 85
968 984 53
968 988 94
968 989 25
968 994 100
968 997 32
968 999 27
969 975 97
969 982 84
969 992 85
969 999 38
970 984 28
970 988 100
970 989 94
970 997 36
972 977 45
972 980 63
973 992 23
973 995 79
973 998 57
974 988 58
974 989 64
974 994 55
974 997 78
975 982 7
975 992 41
975 999 67
976 981 99
976 985 61
977 980 21
978 998 36
979 983 41
979 995 7
980 985 56
981 985 63
982 984 88
982 992 3
983 986 26
983 995 30
986 987 38
987 995 72
988 989 20
988 994 1
988 997 30
988 999 26
989 994 88
989 997 76
990 993 68
990 996 73
992 995 42
994 997 99
994 999 95
997 999 52
